n 100000
b 1 11515 5784
b 2 18149 9161
b 3 2666 1246
b 4 3404 1805
b 5 15407 7989
b 6 9155 4138
b 7 15725 7852
b 8 21018 11188
b 9 13873 7149
b 10 3165 1498
b 11 9996 4279
b 12 11892 6304
b 13 2805 1328
b 14 28097 14370
b 15 7965 4040
b 16 3601 1791
b 17 5853 2788
b 18 11600 5996
b 19 4368 1966
b 20 10486 5419
b 21 18828 9082
b 22 13888 6895
b 23 4624 2306
b 25 17250 8163
b 26 26033 12702
b 27 16002 8241
b 28 7193 3473
b 29 6897 3355
b 30 17113 8921
b 31 11135 5801
b 32 5908 3125
b 33 3481 1841
b 34 4016 1879
b 35 21238 10502
b 36 17334 8758
b 37 6183 3134
b 38 1719 783
b 39 9827 4658
b 40 7285 3463
b 41 9167 4462
b 42 14044 7619
b 43 4204 2009
b 44 13172 6594
b 45 4404 2268
b 46 4085 1881
b 47 8682 4223
b 48 10801 5362
b 49 13068 6845
b 50 4220 2120
b 51 3344 1628
b 52 1905 1007
b 53 10187 4486
b 54 16203 8297
b 55 4798 2356
b 56 4484 2173
b 57 2132 1091
b 58 2743 1246
b 59 3964 1821
b 60 7372 3857
b 61 1316 671
b 62 7576 4014
b 63 5545 2651
b 64 9065 4354
b 65 692 302
b 66 318 153
b 67 10537 5608
b 68 7124 3638
b 69 6491 3044
b 70 6870 3316
b 71 17163 8908
b 72 3883 1807
b 73 2887 1361
b 74 17250 8761
b 75 11486 5676
b 76 12370 6662
b 77 1172 553
b 78 2335 1231
b 79 1825 823
b 80 3085 1556
b 81 5063 2618
b 82 1494 834
b 83 2244 1014
b 84 18966 9589
b 85 12482 6248
b 86 21233 10631
b 87 9699 4907
b 88 7385 3977
b 89 1091 554
b 90 3844 1896
b 91 2747 1386
b 92 1182 609
b 93 14060 6908
b 94 2772 1330
b 95 2714 1383
b 96 8211 4030
b 97 10190 5127
b 98 4951 2300
b 99 6842 3267
b 100 5621 2779
b 101 12562 6272
b 102 2919 1476
b 103 902 449
b 104 14613 7641
b 105 10401 5457
b 106 6855 3449
b 107 4285 2113
b 108 8165 3837
b 109 3310 1606
b 110 4605 2381
b 111 3030 1487
b 112 5566 2699
b 113 3163 1716
b 114 5637 2560
b 119 7272 3630
b 120 2996 1431
b 121 5903 3132
b 123 10428 4952
b 126 4448 2231
b 128 10266 4976
b 129 4581 2216
b 131 4352 2096
b 135 9168 4843
b 136 3353 1695
b 137 2217 1066
b 138 2742 1345
b 145 3267 1512
b 155 1540 738
v 258 831 375
v 259 177 94
v 260 246 101
v 261 928 440
v 262 502 261
v 263 839 402
v 264 1296 594
v 265 723 358
v 266 219 118
v 267 589 337
v 268 778 391
v 269 167 91
v 270 1457 713
v 271 470 261
v 272 191 99
v 273 382 225
v 274 626 284
v 275 226 120
v 276 621 323
v 277 1053 544
v 278 982 527
v 279 264 131
v 281 1011 534
v 282 1589 787
v 283 895 453
v 284 358 172
v 285 417 200
v 286 1000 459
v 287 685 319
v 288 326 153
v 289 186 83
v 290 294 160
v 291 1103 556
v 292 1062 541
v 293 362 188
v 294 98 49
v 295 556 286
v 296 385 203
v 297 622 321
v 298 958 478
v 299 231 116
v 300 870 411
v 301 287 149
v 302 261 137
v 303 458 247
v 304 663 324
v 305 694 357
v 306 275 141
v 307 172 96
v 308 132 56
v 309 593 338
v 310 971 493
v 311 281 150
v 312 261 124
v 313 131 74
v 314 136 65
v 315 243 113
v 316 351 153
v 317 61 29
v 318 420 183
v 319 328 188
v 320 511 248
v 321 35 20
v 322 14 4
v 323 654 313
v 324 452 244
v 325 345 174
v 326 398 205
v 327 814 375
v 328 196 112
v 329 176 102
v 330 1152 582
v 331 676 352
v 332 799 392
v 333 62 27
v 334 129 70
v 335 102 62
v 336 163 88
v 337 260 139
v 338 94 33
v 339 117 58
v 340 1291 683
v 341 650 351
v 342 1292 664
v 343 533 256
v 344 389 174
v 345 80 40
v 346 278 143
v 347 182 84
v 348 81 37
v 349 821 391
v 350 243 153
v 351 172 76
v 352 377 184
v 353 548 258
v 354 270 149
v 355 442 253
v 356 287 143
v 357 935 476
v 358 165 83
v 359 44 22
v 360 803 349
v 361 575 254
v 362 357 189
v 363 212 115
v 364 433 220
v 365 249 141
v 366 238 108
v 367 215 123
v 368 375 209
v 369 185 91
v 370 335 175
v 375 383 183
v 376 169 91
v 377 351 161
v 379 605 325
v 382 224 113
v 384 531 281
v 385 248 136
v 387 266 142
v 391 552 256
v 392 184 72
v 393 137 63
v 394 164 82
v 401 181 105
v 411 81 41
v 515 229 122
v 516 329 173
v 517 1368 669
v 518 929 537
v 519 1540 785
v 520 1898 931
v 521 1199 594
v 522 246 141
v 523 915 509
v 524 819 446
v 525 215 118
v 526 2537 1232
v 527 775 365
v 528 343 168
v 529 528 278
v 530 1046 480
v 531 383 202
v 532 950 463
v 533 1756 968
v 534 1236 588
v 535 437 205
v 537 1552 861
v 538 2326 1242
v 539 1528 735
v 540 721 383
v 541 678 344
v 542 1514 690
v 543 1013 489
v 544 537 254
v 545 296 139
v 546 345 184
v 547 2034 1077
v 548 1671 785
v 549 542 288
v 550 156 84
v 551 905 484
v 552 646 336
v 553 808 436
v 554 1402 642
v 555 358 189
v 556 1179 624
v 557 372 179
v 558 391 213
v 559 842 414
v 560 998 510
v 561 1268 614
v 562 594 322
v 563 300 167
v 564 170 74
v 565 928 510
v 566 1716 803
v 567 444 223
v 568 421 231
v 569 220 119
v 570 231 134
v 571 417 235
v 572 737 358
v 573 100 62
v 574 687 320
v 575 510 283
v 576 844 438
v 577 66 39
v 578 29 16
v 579 1030 456
v 580 654 296
v 581 643 327
v 582 794 414
v 583 1647 797
v 584 362 180
v 585 277 156
v 586 1575 752
v 587 1021 498
v 588 1165 550
v 589 99 58
v 590 200 105
v 591 165 95
v 592 276 138
v 593 539 266
v 594 118 57
v 595 187 93
v 596 1743 875
v 597 1215 637
v 598 1860 909
v 599 862 421
v 600 632 297
v 601 74 32
v 602 323 185
v 603 245 111
v 604 95 44
v 605 1310 646
v 606 223 125
v 607 220 120
v 608 788 413
v 609 936 475
v 610 525 273
v 611 684 385
v 612 477 242
v 613 1069 541
v 614 280 131
v 615 84 46
v 616 1563 720
v 617 922 435
v 618 668 341
v 619 386 180
v 620 790 418
v 621 235 127
v 622 421 201
v 623 304 155
v 624 472 259
v 625 283 146
v 626 623 340
v 631 678 341
v 632 287 141
v 633 527 239
v 635 953 523
v 638 406 194
v 640 941 491
v 641 451 226
v 643 408 211
v 647 898 436
v 648 295 148
v 649 199 100
v 650 206 110
v 657 290 149
v 667 137 68
v 772 50 25
v 773 210 104
v 774 105 51
v 775 197 87
v 776 244 123
v 777 202 100
v 778 30 16
v 779 144 75
v 780 198 67
v 781 41 17
v 782 388 160
v 783 93 35
v 784 49 22
v 785 71 35
v 786 137 68
v 787 56 32
v 788 144 53
v 789 241 116
v 790 193 100
v 791 53 25
v 793 242 132
v 794 343 176
v 795 210 91
v 796 84 35
v 797 105 37
v 798 221 90
v 799 158 64
v 800 71 29
v 801 48 26
v 802 56 26
v 803 271 129
v 804 195 93
v 805 88 40
v 806 39 18
v 807 119 56
v 808 87 45
v 809 105 58
v 810 200 80
v 811 60 29
v 812 168 84
v 813 57 25
v 814 69 36
v 815 90 43
v 816 152 72
v 817 186 74
v 818 57 20
v 819 46 18
v 820 27 13
v 821 134 69
v 822 193 82
v 823 75 34
v 824 54 30
v 825 25 13
v 826 28 13
v 827 69 32
v 828 98 47
v 829 22 11
v 830 106 45
v 831 70 38
v 832 111 55
v 833 15 10
v 834 5 2
v 835 142 58
v 836 108 38
v 837 90 46
v 838 76 39
v 839 227 99
v 840 50 22
v 841 37 22
v 842 263 132
v 843 141 66
v 844 149 66
v 845 24 10
v 846 46 23
v 847 32 19
v 848 38 16
v 849 71 35
v 850 30 11
v 851 28 13
v 852 216 120
v 853 149 76
v 854 275 115
v 855 125 60
v 856 92 38
v 857 22 9
v 858 59 26
v 859 45 23
v 860 18 7
v 861 186 82
v 862 28 10
v 863 42 24
v 864 115 58
v 865 155 74
v 866 62 32
v 867 75 40
v 868 87 36
v 869 188 103
v 870 39 17
v 871 10 4
v 872 160 69
v 873 146 66
v 874 86 52
v 875 60 29
v 876 90 51
v 877 81 37
v 878 78 31
v 879 45 25
v 880 84 43
v 881 49 21
v 882 69 30
v 887 95 41
v 888 36 21
v 889 103 48
v 891 142 63
v 894 67 31
v 896 133 65
v 897 56 27
v 899 76 39
v 903 135 59
v 904 44 11
v 905 33 20
v 906 48 30
v 913 45 23
v 923 18 8
v 1029 282 144
v 1030 140 81
v 1031 238 131
v 1032 322 161
v 1033 193 95
v 1034 45 26
v 1035 170 98
v 1036 206 98
v 1037 36 20
v 1038 449 227
v 1039 145 72
v 1040 64 35
v 1041 112 59
v 1042 171 81
v 1043 69 36
v 1044 164 84
v 1045 350 202
v 1046 250 120
v 1047 67 36
v 1049 295 159
v 1050 440 229
v 1051 324 164
v 1052 125 64
v 1053 107 57
v 1054 284 148
v 1055 178 87
v 1056 146 87
v 1057 46 21
v 1058 54 25
v 1059 376 197
v 1060 279 148
v 1061 98 43
v 1062 33 13
v 1063 168 97
v 1064 140 77
v 1065 154 79
v 1066 225 105
v 1067 81 52
v 1068 245 121
v 1069 87 40
v 1070 60 32
v 1071 163 75
v 1072 168 85
v 1073 213 114
v 1074 57 34
v 1075 55 22
v 1076 38 21
v 1077 166 100
v 1078 239 95
v 1079 79 45
v 1080 89 49
v 1081 35 17
v 1082 39 28
v 1083 68 42
v 1084 131 63
v 1085 30 16
v 1086 125 64
v 1087 132 83
v 1088 166 98
v 1089 8 5
v 1090 8 4
v 1091 175 94
v 1092 100 50
v 1093 101 53
v 1094 134 81
v 1095 402 212
v 1096 77 42
v 1097 56 33
v 1098 284 142
v 1099 183 105
v 1100 195 105
v 1101 15 10
v 1102 36 23
v 1103 38 23
v 1104 44 21
v 1105 92 58
v 1106 23 12
v 1107 48 28
v 1108 328 175
v 1109 205 116
v 1110 302 164
v 1111 140 73
v 1112 110 52
v 1113 22 10
v 1114 59 24
v 1115 45 21
v 1116 14 9
v 1117 440 236
v 1118 48 25
v 1119 57 37
v 1120 143 82
v 1121 147 85
v 1122 103 59
v 1123 140 71
v 1124 106 56
v 1125 212 115
v 1126 48 27
v 1127 18 8
v 1128 226 112
v 1129 168 82
v 1130 98 50
v 1131 69 36
v 1132 138 86
v 1133 71 35
v 1134 67 44
v 1135 44 26
v 1136 69 32
v 1137 49 24
v 1138 106 59
v 1143 118 65
v 1144 59 36
v 1145 94 50
v 1147 153 88
v 1150 88 47
v 1152 148 92
v 1153 92 50
v 1155 89 53
v 1159 121 61
v 1160 53 26
v 1161 35 21
v 1162 48 28
v 1169 52 35
v 1179 23 13
v 1286 756 433
v 1287 1268 653
v 1288 1761 804
v 1289 1139 588
v 1290 242 132
v 1291 732 429
v 1292 805 432
v 1293 227 122
v 1294 2339 1122
v 1295 647 336
v 1296 277 145
v 1297 401 234
v 1298 874 449
v 1299 353 199
v 1300 827 430
v 1301 1496 808
v 1302 1106 592
v 1303 356 174
v 1305 1335 731
v 1306 2160 1158
v 1307 1332 650
v 1308 582 336
v 1309 530 269
v 1310 1367 677
v 1311 939 488
v 1312 524 254
v 1313 286 143
v 1314 266 145
v 1315 1697 897
v 1316 1282 674
v 1317 510 266
v 1318 125 74
v 1319 761 390
v 1320 581 296
v 1321 700 370
v 1322 1096 535
v 1323 353 183
v 1324 1037 534
v 1325 343 159
v 1326 257 147
v 1327 700 389
v 1328 797 423
v 1329 960 468
v 1330 325 158
v 1331 235 124
v 1332 150 64
v 1333 817 488
v 1334 1315 656
v 1335 334 174
v 1336 380 202
v 1337 170 87
v 1338 226 147
v 1339 301 173
v 1340 602 325
v 1341 77 44
v 1342 550 280
v 1343 430 242
v 1344 792 428
v 1345 43 31
v 1346 27 14
v 1347 768 386
v 1348 560 302
v 1349 477 252
v 1350 478 264
v 1351 1352 671
v 1352 280 151
v 1353 226 118
v 1354 1265 664
v 1355 998 480
v 1356 1009 490
v 1357 75 43
v 1358 191 84
v 1359 121 73
v 1360 216 122
v 1361 384 209
v 1362 89 47
v 1363 176 100
v 1364 1635 832
v 1365 967 504
v 1366 1813 904
v 1367 833 413
v 1368 605 282
v 1369 70 32
v 1370 279 143
v 1371 170 79
v 1372 86 45
v 1373 1058 558
v 1374 204 111
v 1375 223 132
v 1376 596 320
v 1377 737 373
v 1378 303 179
v 1379 519 283
v 1380 413 219
v 1381 1051 537
v 1382 219 118
v 1383 59 38
v 1384 1219 582
v 1385 788 393
v 1386 513 264
v 1387 327 176
v 1388 642 358
v 1389 272 137
v 1390 353 165
v 1391 218 126
v 1392 406 215
v 1393 206 95
v 1394 404 205
v 1399 561 284
v 1400 225 139
v 1401 441 202
v 1403 786 423
v 1406 334 181
v 1408 798 401
v 1409 318 167
v 1411 320 174
v 1415 715 352
v 1416 260 129
v 1417 153 88
v 1418 214 110
v 1425 243 140
v 1435 126 75
v 1543 673 316
v 1544 1039 451
v 1545 639 249
v 1546 148 71
v 1547 481 253
v 1548 566 246
v 1549 143 68
v 1550 1170 503
v 1551 434 194
v 1552 158 77
v 1553 241 112
v 1554 555 223
v 1555 205 93
v 1556 467 219
v 1557 913 426
v 1558 628 255
v 1559 219 98
v 1561 839 416
v 1562 1205 586
v 1563 761 349
v 1564 332 157
v 1565 316 154
v 1566 851 353
v 1567 531 232
v 1568 319 142
v 1569 166 80
v 1570 164 80
v 1571 982 413
v 1572 823 392
v 1573 339 158
v 1574 74 40
v 1575 417 207
v 1576 369 179
v 1577 446 193
v 1578 680 300
v 1579 222 101
v 1580 706 336
v 1581 195 92
v 1582 200 98
v 1583 523 244
v 1584 546 244
v 1585 606 230
v 1586 188 86
v 1587 126 54
v 1588 77 37
v 1589 460 235
v 1590 784 342
v 1591 214 94
v 1592 231 116
v 1593 87 43
v 1594 141 75
v 1595 174 95
v 1596 289 123
v 1597 59 29
v 1598 310 125
v 1599 274 134
v 1600 397 196
v 1601 36 22
v 1602 14 7
v 1603 568 212
v 1604 350 156
v 1605 326 157
v 1606 320 157
v 1607 652 276
v 1608 181 101
v 1609 139 59
v 1610 706 293
v 1611 583 277
v 1612 576 240
v 1613 52 29
v 1614 102 48
v 1615 76 32
v 1616 139 58
v 1617 228 91
v 1618 75 38
v 1619 120 60
v 1620 863 355
v 1621 621 286
v 1622 919 444
v 1623 423 179
v 1624 319 122
v 1625 48 18
v 1626 185 74
v 1627 113 61
v 1628 51 25
v 1629 635 312
v 1630 134 64
v 1631 127 57
v 1632 372 155
v 1633 398 162
v 1634 218 116
v 1635 431 217
v 1636 194 87
v 1637 566 259
v 1638 159 74
v 1639 37 20
v 1640 613 272
v 1641 437 170
v 1642 314 144
v 1643 174 88
v 1644 431 197
v 1645 158 75
v 1646 188 96
v 1647 137 75
v 1648 240 108
v 1649 132 42
v 1650 254 127
v 1655 323 144
v 1656 107 54
v 1657 262 124
v 1659 464 223
v 1662 192 94
v 1664 415 185
v 1665 180 73
v 1667 201 85
v 1671 391 165
v 1672 126 55
v 1673 94 32
v 1674 130 66
v 1681 147 80
v 1691 75 33
v 1800 1759 846
v 1801 1147 537
v 1802 252 148
v 1803 795 467
v 1804 938 485
v 1805 222 119
v 1806 2191 1080
v 1807 625 294
v 1808 303 155
v 1809 492 260
v 1810 973 446
v 1811 357 185
v 1812 834 392
v 1813 1475 778
v 1814 1113 558
v 1815 383 188
v 1817 1335 699
v 1818 2138 1085
v 1819 1341 639
v 1820 595 310
v 1821 558 282
v 1822 1351 679
v 1823 868 407
v 1824 448 211
v 1825 268 132
v 1826 317 164
v 1827 1578 784
v 1828 1408 695
v 1829 486 260
v 1830 142 82
v 1831 771 393
v 1832 541 269
v 1833 754 417
v 1834 1109 510
v 1835 336 175
v 1836 1033 508
v 1837 335 168
v 1838 331 160
v 1839 698 339
v 1840 829 412
v 1841 1061 476
v 1842 318 147
v 1843 263 146
v 1844 159 76
v 1845 883 503
v 1846 1364 636
v 1847 373 189
v 1848 341 160
v 1849 189 96
v 1850 213 108
v 1851 322 176
v 1852 661 303
v 1853 105 69
v 1854 583 290
v 1855 451 257
v 1856 644 314
v 1857 51 31
v 1858 34 17
v 1859 837 376
v 1860 552 253
v 1861 517 279
v 1862 524 268
v 1863 1389 666
v 1864 325 157
v 1865 216 119
v 1866 1413 690
v 1867 966 476
v 1868 954 427
v 1869 94 51
v 1870 185 88
v 1871 147 81
v 1872 268 140
v 1873 445 236
v 1874 108 57
v 1875 193 108
v 1876 1556 797
v 1877 1073 541
v 1878 1797 900
v 1879 809 420
v 1880 598 261
v 1881 79 50
v 1882 318 162
v 1883 204 89
v 1884 92 45
v 1885 1049 566
v 1886 222 119
v 1887 218 107
v 1888 632 295
v 1889 923 436
v 1890 384 214
v 1891 492 258
v 1892 467 229
v 1893 987 516
v 1894 214 106
v 1895 64 34
v 1896 1196 586
v 1897 816 403
v 1898 569 254
v 1899 338 183
v 1900 605 324
v 1901 227 121
v 1902 350 187
v 1903 226 114
v 1904 462 222
v 1905 239 99
v 1906 432 223
v 1911 590 293
v 1912 253 127
v 1913 439 188
v 1915 773 414
v 1918 348 174
v 1920 802 432
v 1921 349 175
v 1923 352 175
v 1927 745 349
v 1928 281 148
v 1929 164 71
v 1930 178 80
v 1937 245 134
v 1947 136 74
v 2057 1424 772
v 2058 378 203
v 2059 1040 631
v 2060 1361 673
v 2061 268 142
v 2062 2943 1523
v 2063 892 434
v 2064 371 195
v 2065 612 327
v 2066 1326 677
v 2067 468 257
v 2068 1128 588
v 2069 1964 1072
v 2070 1544 871
v 2071 523 293
v 2073 1877 1043
v 2074 2727 1477
v 2075 1518 741
v 2076 794 446
v 2077 711 400
v 2078 1761 892
v 2079 1173 566
v 2080 668 300
v 2081 330 173
v 2082 388 221
v 2083 2318 1267
v 2084 1798 952
v 2085 647 323
v 2086 143 77
v 2087 1056 596
v 2088 894 485
v 2089 1095 601
v 2090 1562 763
v 2091 446 241
v 2092 1607 844
v 2093 412 210
v 2094 418 215
v 2095 937 537
v 2096 1220 650
v 2097 1415 731
v 2098 394 208
v 2099 400 221
v 2100 170 76
v 2101 1099 628
v 2102 2054 1087
v 2103 513 263
v 2104 483 249
v 2105 198 101
v 2106 307 181
v 2107 415 233
v 2108 714 332
v 2109 110 57
v 2110 778 395
v 2111 581 294
v 2112 1019 564
v 2113 59 34
v 2114 25 13
v 2115 1239 609
v 2116 773 426
v 2117 757 438
v 2118 737 392
v 2119 1807 924
v 2120 446 263
v 2121 262 150
v 2122 1835 981
v 2123 1272 709
v 2124 1299 627
v 2125 109 60
v 2126 253 126
v 2127 180 101
v 2128 318 158
v 2129 504 259
v 2130 139 69
v 2131 220 127
v 2132 2142 1096
v 2133 1347 694
v 2134 2194 1128
v 2135 1130 618
v 2136 858 450
v 2137 112 54
v 2138 364 209
v 2139 241 119
v 2140 139 71
v 2141 1818 1000
v 2142 301 174
v 2143 303 167
v 2144 855 473
v 2145 1062 599
v 2146 443 276
v 2147 674 393
v 2148 504 269
v 2149 1351 712
v 2150 302 177
v 2151 102 57
v 2152 1547 754
v 2153 1186 644
v 2154 695 363
v 2155 450 247
v 2156 989 589
v 2157 357 196
v 2158 595 326
v 2159 248 133
v 2160 488 248
v 2161 270 136
v 2162 627 332
v 2167 809 437
v 2168 331 198
v 2169 563 298
v 2171 1068 599
v 2174 459 237
v 2176 1047 583
v 2177 470 242
v 2179 368 219
v 2183 918 456
v 2184 332 178
v 2185 237 140
v 2186 333 168
v 2193 360 211
v 2203 156 97
v 2314 233 120
v 2315 697 399
v 2316 803 408
v 2317 200 102
v 2318 2080 1054
v 2319 579 307
v 2320 211 104
v 2321 491 248
v 2322 852 446
v 2323 312 179
v 2324 739 350
v 2325 1399 714
v 2326 1071 557
v 2327 311 167
v 2329 1195 667
v 2330 1845 943
v 2331 1073 537
v 2332 571 298
v 2333 491 261
v 2334 1186 577
v 2335 839 426
v 2336 433 210
v 2337 260 125
v 2338 255 147
v 2339 1439 744
v 2340 1311 649
v 2341 427 212
v 2342 91 49
v 2343 720 406
v 2344 542 302
v 2345 661 343
v 2346 972 481
v 2347 280 160
v 2348 828 433
v 2349 295 145
v 2350 231 132
v 2351 620 339
v 2352 761 380
v 2353 966 478
v 2354 253 125
v 2355 238 132
v 2356 106 55
v 2357 720 424
v 2358 1138 591
v 2359 370 187
v 2360 283 145
v 2361 144 70
v 2362 215 99
v 2363 268 141
v 2364 509 250
v 2365 84 50
v 2366 604 269
v 2367 341 192
v 2368 587 319
v 2369 39 24
v 2370 7 4
v 2371 740 355
v 2372 489 271
v 2373 498 256
v 2374 401 190
v 2375 1224 602
v 2376 281 144
v 2377 182 110
v 2378 1153 609
v 2379 840 475
v 2380 965 455
v 2381 61 32
v 2382 181 90
v 2383 120 65
v 2384 182 104
v 2385 333 168
v 2386 115 44
v 2387 141 71
v 2388 1360 713
v 2389 929 456
v 2390 1522 769
v 2391 767 391
v 2392 580 286
v 2393 66 39
v 2394 235 125
v 2395 169 85
v 2396 82 45
v 2397 1068 560
v 2398 197 112
v 2399 170 90
v 2400 595 327
v 2401 692 341
v 2402 304 160
v 2403 410 212
v 2404 335 170
v 2405 933 506
v 2406 169 94
v 2407 60 25
v 2408 990 471
v 2409 720 337
v 2410 530 265
v 2411 300 165
v 2412 631 322
v 2413 219 105
v 2414 322 159
v 2415 228 119
v 2416 399 217
v 2417 193 87
v 2418 392 230
v 2423 599 316
v 2424 199 115
v 2425 420 217
v 2427 802 425
v 2430 270 142
v 2432 716 389
v 2433 280 147
v 2435 287 157
v 2439 577 270
v 2440 207 111
v 2441 147 79
v 2442 206 113
v 2449 222 122
v 2459 118 69
v 2571 206 108
v 2572 170 71
v 2573 39 18
v 2574 439 212
v 2575 130 59
v 2576 55 27
v 2577 90 40
v 2578 165 79
v 2579 62 31
v 2580 177 69
v 2581 292 139
v 2582 170 78
v 2583 78 43
v 2585 238 112
v 2586 331 143
v 2587 215 85
v 2588 89 37
v 2589 115 52
v 2590 308 133
v 2591 188 83
v 2592 78 32
v 2593 54 20
v 2594 66 35
v 2595 328 167
v 2596 240 115
v 2597 93 39
v 2598 31 15
v 2599 160 73
v 2600 90 48
v 2601 146 77
v 2602 179 82
v 2603 66 32
v 2604 189 88
v 2605 89 41
v 2606 73 41
v 2607 119 55
v 2608 195 96
v 2609 216 96
v 2610 72 40
v 2611 47 22
v 2612 30 18
v 2613 143 72
v 2614 296 154
v 2615 81 42
v 2616 77 43
v 2617 36 14
v 2618 51 22
v 2619 68 35
v 2620 111 48
v 2621 31 14
v 2622 134 52
v 2623 82 42
v 2624 142 69
v 2625 12 9
v 2626 8 5
v 2627 152 73
v 2628 71 27
v 2629 81 40
v 2630 115 52
v 2631 306 149
v 2632 69 35
v 2633 44 29
v 2634 307 145
v 2635 165 76
v 2636 183 70
v 2637 26 15
v 2638 50 30
v 2639 33 16
v 2640 56 24
v 2641 76 33
v 2642 30 13
v 2643 28 11
v 2644 287 130
v 2645 212 108
v 2646 355 173
v 2647 117 55
v 2648 75 24
v 2649 16 6
v 2650 79 43
v 2651 75 33
v 2652 20 11
v 2653 225 111
v 2654 38 14
v 2655 45 20
v 2656 142 72
v 2657 194 99
v 2658 92 48
v 2659 94 53
v 2660 110 59
v 2661 186 83
v 2662 49 23
v 2663 12 10
v 2664 185 74
v 2665 172 81
v 2666 125 64
v 2667 63 29
v 2668 110 55
v 2669 76 36
v 2670 74 36
v 2671 41 24
v 2672 114 61
v 2673 67 29
v 2674 107 53
v 2679 120 60
v 2680 46 28
v 2681 106 40
v 2683 154 78
v 2686 80 43
v 2688 161 84
v 2689 82 41
v 2691 92 53
v 2695 186 86
v 2696 70 39
v 2697 51 22
v 2698 38 16
v 2705 75 40
v 2715 32 15
v 2828 636 249
v 2829 123 62
v 2830 1420 621
v 2831 429 183
v 2832 165 58
v 2833 300 151
v 2834 533 236
v 2835 210 94
v 2836 570 236
v 2837 905 380
v 2838 680 292
v 2839 208 91
v 2841 961 434
v 2842 1285 575
v 2843 812 335
v 2844 358 160
v 2845 331 159
v 2846 848 347
v 2847 552 230
v 2848 268 105
v 2849 163 65
v 2850 259 118
v 2851 1067 439
v 2852 873 372
v 2853 284 117
v 2854 94 44
v 2855 516 240
v 2856 374 165
v 2857 437 211
v 2858 700 269
v 2859 203 93
v 2860 735 339
v 2861 226 93
v 2862 228 89
v 2863 420 195
v 2864 579 239
v 2865 720 273
v 2866 202 93
v 2867 151 59
v 2868 106 45
v 2869 510 264
v 2870 859 366
v 2871 224 88
v 2872 214 100
v 2873 116 55
v 2874 145 61
v 2875 201 97
v 2876 394 149
v 2877 53 27
v 2878 373 153
v 2879 248 99
v 2880 449 200
v 2881 26 16
v 2882 23 9
v 2883 505 190
v 2884 309 133
v 2885 295 130
v 2886 357 160
v 2887 787 301
v 2888 209 87
v 2889 151 57
v 2890 948 407
v 2891 546 224
v 2892 609 236
v 2893 62 30
v 2894 127 47
v 2895 93 38
v 2896 182 95
v 2897 250 107
v 2898 78 30
v 2899 117 58
v 2900 912 377
v 2901 609 263
v 2902 1051 452
v 2903 472 176
v 2904 341 121
v 2905 39 22
v 2906 233 100
v 2907 179 75
v 2908 50 17
v 2909 670 301
v 2910 144 76
v 2911 135 47
v 2912 361 162
v 2913 513 215
v 2914 265 126
v 2915 349 152
v 2916 278 128
v 2917 630 266
v 2918 154 59
v 2919 40 20
v 2920 684 290
v 2921 602 246
v 2922 342 155
v 2923 227 97
v 2924 415 194
v 2925 200 85
v 2926 260 95
v 2927 173 75
v 2928 267 117
v 2929 197 75
v 2930 282 144
v 2935 369 173
v 2936 145 67
v 2937 303 126
v 2939 576 242
v 2942 214 99
v 2944 494 214
v 2945 221 83
v 2947 229 96
v 2951 505 216
v 2952 181 79
v 2953 131 58
v 2954 145 64
v 2961 156 79
v 2971 77 38
v 3085 154 80
v 3086 1652 843
v 3087 435 240
v 3088 250 124
v 3089 337 177
v 3090 1248 594
v 3091 243 144
v 3092 672 362
v 3093 1140 642
v 3094 749 408
v 3095 287 142
v 3097 1013 552
v 3098 1483 750
v 3099 1045 597
v 3100 493 287
v 3101 352 171
v 3102 955 486
v 3103 652 346
v 3104 287 162
v 3105 212 114
v 3106 264 154
v 3107 1179 665
v 3108 1000 483
v 3109 331 163
v 3110 114 58
v 3111 589 339
v 3112 428 281
v 3113 562 316
v 3114 918 482
v 3115 219 116
v 3116 841 420
v 3117 254 117
v 3118 229 128
v 3119 509 302
v 3120 763 404
v 3121 809 371
v 3122 293 156
v 3123 193 107
v 3124 177 81
v 3125 608 349
v 3126 942 505
v 3127 239 119
v 3128 239 144
v 3129 138 78
v 3130 166 100
v 3131 227 141
v 3132 461 247
v 3133 79 40
v 3134 507 238
v 3135 331 184
v 3136 504 264
v 3137 40 21
v 3138 21 14
v 3139 624 354
v 3140 443 236
v 3141 400 235
v 3142 389 238
v 3143 999 503
v 3144 232 143
v 3145 171 99
v 3146 1054 570
v 3147 663 376
v 3148 707 393
v 3149 76 42
v 3150 143 70
v 3151 115 73
v 3152 191 105
v 3153 347 190
v 3154 97 44
v 3155 128 74
v 3156 1236 703
v 3157 797 435
v 3158 1253 667
v 3159 561 296
v 3160 438 211
v 3161 72 37
v 3162 256 133
v 3163 197 104
v 3164 80 42
v 3165 720 405
v 3166 238 129
v 3167 157 81
v 3168 443 225
v 3169 603 274
v 3170 260 146
v 3171 367 195
v 3172 375 207
v 3173 771 398
v 3174 206 97
v 3175 51 26
v 3176 872 438
v 3177 673 332
v 3178 442 224
v 3179 233 128
v 3180 394 210
v 3181 172 102
v 3182 268 122
v 3183 194 103
v 3184 358 215
v 3185 235 113
v 3186 336 190
v 3191 433 230
v 3192 157 80
v 3193 356 160
v 3195 644 350
v 3198 231 124
v 3200 606 347
v 3201 255 143
v 3203 267 137
v 3207 556 270
v 3208 197 108
v 3209 140 77
v 3210 164 85
v 3217 222 118
v 3227 82 36
v 3342 405 168
v 3343 93 45
v 3344 42 22
v 3345 97 41
v 3346 160 69
v 3347 61 32
v 3348 147 69
v 3349 285 134
v 3350 203 88
v 3351 58 33
v 3353 251 127
v 3354 335 163
v 3355 209 97
v 3356 100 55
v 3357 103 63
v 3358 228 97
v 3359 184 87
v 3360 80 31
v 3361 54 30
v 3362 56 28
v 3363 263 121
v 3364 229 101
v 3365 74 32
v 3366 27 14
v 3367 222 129
v 3368 103 59
v 3369 138 71
v 3370 188 81
v 3371 54 22
v 3372 177 75
v 3373 60 33
v 3374 64 27
v 3375 98 46
v 3376 159 73
v 3377 153 64
v 3378 61 20
v 3379 48 20
v 3380 23 9
v 3381 131 69
v 3382 222 100
v 3383 94 49
v 3384 57 28
v 3385 25 13
v 3386 34 17
v 3387 57 26
v 3388 76 23
v 3389 23 6
v 3390 114 52
v 3391 83 47
v 3392 125 68
v 3393 9 3
v 3394 2 1
v 3395 128 51
v 3396 93 42
v 3397 94 41
v 3398 90 40
v 3399 294 131
v 3400 45 21
v 3401 31 17
v 3402 360 181
v 3403 115 49
v 3404 176 78
v 3405 25 11
v 3406 34 15
v 3407 38 20
v 3408 44 16
v 3409 59 31
v 3410 7 5
v 3411 25 13
v 3412 245 109
v 3413 172 84
v 3414 302 130
v 3415 136 69
v 3416 81 33
v 3417 12 8
v 3418 64 30
v 3419 43 17
v 3420 13 4
v 3421 187 85
v 3422 45 26
v 3423 29 9
v 3424 131 57
v 3425 153 78
v 3426 69 26
v 3427 78 33
v 3428 87 45
v 3429 147 75
v 3430 31 15
v 3431 11 5
v 3432 170 80
v 3433 166 81
v 3434 102 46
v 3435 77 33
v 3436 99 63
v 3437 51 29
v 3438 90 44
v 3439 56 29
v 3440 75 39
v 3441 55 28
v 3442 72 40
v 3447 110 59
v 3448 50 25
v 3449 73 36
v 3451 157 81
v 3454 93 43
v 3456 170 83
v 3457 77 45
v 3459 71 37
v 3463 148 70
v 3464 47 22
v 3465 35 14
v 3466 37 16
v 3473 48 29
v 3483 23 14
v 3599 1151 583
v 3600 505 283
v 3601 851 466
v 3602 1666 810
v 3603 573 321
v 3604 1570 770
v 3605 2624 1401
v 3606 1885 936
v 3607 630 313
v 3609 2368 1305
v 3610 3866 1990
v 3611 2452 1247
v 3612 1038 564
v 3613 995 508
v 3614 2633 1251
v 3615 1760 890
v 3616 774 395
v 3617 466 214
v 3618 582 330
v 3619 2803 1545
v 3620 2541 1334
v 3621 986 519
v 3622 275 159
v 3623 1442 775
v 3624 1091 611
v 3625 1237 642
v 3626 2044 945
v 3627 626 326
v 3628 1785 979
v 3629 579 315
v 3630 550 309
v 3631 1164 625
v 3632 1480 730
v 3633 1843 894
v 3634 649 341
v 3635 495 231
v 3636 273 119
v 3637 1326 772
v 3638 2598 1277
v 3639 746 392
v 3640 575 325
v 3641 290 140
v 3642 410 249
v 3643 540 284
v 3644 992 479
v 3645 180 89
v 3646 1162 543
v 3647 840 429
v 3648 1343 709
v 3649 90 49
v 3650 48 25
v 3651 1313 661
v 3652 1063 527
v 3653 947 503
v 3654 1126 557
v 3655 2469 1228
v 3656 570 303
v 3657 396 205
v 3658 2496 1206
v 3659 1641 819
v 3660 1887 858
v 3661 173 79
v 3662 373 174
v 3663 239 120
v 3664 462 207
v 3665 760 370
v 3666 228 107
v 3667 337 203
v 3668 2767 1368
v 3669 1987 979
v 3670 3271 1724
v 3671 1417 682
v 3672 901 435
v 3673 162 89
v 3674 586 301
v 3675 428 199
v 3676 189 94
v 3677 2211 1167
v 3678 372 191
v 3679 393 206
v 3680 1188 637
v 3681 1450 709
v 3682 931 476
v 3683 1010 553
v 3684 722 370
v 3685 1862 914
v 3686 460 222
v 3687 136 75
v 3688 1887 976
v 3689 1435 709
v 3690 1025 504
v 3691 624 315
v 3692 1180 644
v 3693 497 242
v 3694 701 350
v 3695 450 228
v 3696 844 491
v 3697 454 217
v 3698 864 473
v 3703 1152 585
v 3704 396 209
v 3705 850 389
v 3707 1598 843
v 3710 646 338
v 3712 1403 739
v 3713 622 321
v 3715 664 340
v 3719 1531 679
v 3720 493 240
v 3721 333 182
v 3722 349 197
v 3729 491 265
v 3739 211 106
v 3856 162 83
v 3857 251 122
v 3858 490 268
v 3859 174 104
v 3860 389 200
v 3861 826 438
v 3862 628 327
v 3863 166 82
v 3865 696 371
v 3866 1032 546
v 3867 590 293
v 3868 311 171
v 3869 288 152
v 3870 659 321
v 3871 457 234
v 3872 269 126
v 3873 114 47
v 3874 126 72
v 3875 929 466
v 3876 715 353
v 3877 235 121
v 3878 51 23
v 3879 451 205
v 3880 298 144
v 3881 443 213
v 3882 610 276
v 3883 186 105
v 3884 540 288
v 3885 169 85
v 3886 148 77
v 3887 402 216
v 3888 388 202
v 3889 498 248
v 3890 148 75
v 3891 123 57
v 3892 80 43
v 3893 395 226
v 3894 647 337
v 3895 212 112
v 3896 198 94
v 3897 87 50
v 3898 102 48
v 3899 199 107
v 3900 295 144
v 3901 42 22
v 3902 284 145
v 3903 226 106
v 3904 344 183
v 3905 22 13
v 3906 11 6
v 3907 384 155
v 3908 292 143
v 3909 305 169
v 3910 256 137
v 3911 724 330
v 3912 168 92
v 3913 102 60
v 3914 622 319
v 3915 506 264
v 3916 537 243
v 3917 34 20
v 3918 85 38
v 3919 49 31
v 3920 96 49
v 3921 208 102
v 3922 42 16
v 3923 79 41
v 3924 803 388
v 3925 502 266
v 3926 862 463
v 3927 374 185
v 3928 347 175
v 3929 44 19
v 3930 144 71
v 3931 81 39
v 3932 34 21
v 3933 617 315
v 3934 103 57
v 3935 111 48
v 3936 355 180
v 3937 390 180
v 3938 187 95
v 3939 281 157
v 3940 182 100
v 3941 508 242
v 3942 123 60
v 3943 33 17
v 3944 615 296
v 3945 349 163
v 3946 255 138
v 3947 149 59
v 3948 375 199
v 3949 77 43
v 3950 154 79
v 3951 106 58
v 3952 198 104
v 3953 86 38
v 3954 234 122
v 3959 294 147
v 3960 113 66
v 3961 220 100
v 3963 367 210
v 3966 164 86
v 3968 366 189
v 3969 179 87
v 3971 157 87
v 3975 339 160
v 3976 112 68
v 3977 78 42
v 3978 114 53
v 3985 107 61
v 3995 43 21
v 4113 93 50
v 4114 206 92
v 4115 77 42
v 4116 202 102
v 4117 346 180
v 4118 260 113
v 4119 84 45
v 4121 338 172
v 4122 476 257
v 4123 338 162
v 4124 151 78
v 4125 118 53
v 4126 307 150
v 4127 180 80
v 4128 108 48
v 4129 52 25
v 4130 80 48
v 4131 412 216
v 4132 294 157
v 4133 101 52
v 4134 33 16
v 4135 155 77
v 4136 128 61
v 4137 214 105
v 4138 240 108
v 4139 79 42
v 4140 231 117
v 4141 75 35
v 4142 78 44
v 4143 172 90
v 4144 188 116
v 4145 219 113
v 4146 77 41
v 4147 41 19
v 4148 41 18
v 4149 178 95
v 4150 307 139
v 4151 79 44
v 4152 78 42
v 4153 36 17
v 4154 49 28
v 4155 82 34
v 4156 139 59
v 4157 28 14
v 4158 117 61
v 4159 112 49
v 4160 161 84
v 4161 14 8
v 4162 6 2
v 4163 191 89
v 4164 164 69
v 4165 120 65
v 4166 125 62
v 4167 352 190
v 4168 70 42
v 4169 55 27
v 4170 306 145
v 4171 214 109
v 4172 196 80
v 4173 19 14
v 4174 40 26
v 4175 33 14
v 4176 48 21
v 4177 109 56
v 4178 33 16
v 4179 32 23
v 4180 342 171
v 4181 230 105
v 4182 342 182
v 4183 176 92
v 4184 118 56
v 4185 21 12
v 4186 64 33
v 4187 39 18
v 4188 25 13
v 4189 242 117
v 4190 53 27
v 4191 40 16
v 4192 152 53
v 4193 191 101
v 4194 85 52
v 4195 112 59
v 4196 121 63
v 4197 251 132
v 4198 43 17
v 4199 14 8
v 4200 278 138
v 4201 181 81
v 4202 108 53
v 4203 72 38
v 4204 160 86
v 4205 53 31
v 4206 74 34
v 4207 51 29
v 4208 112 61
v 4209 51 20
v 4210 93 44
v 4215 130 68
v 4216 42 16
v 4217 100 41
v 4219 160 78
v 4222 85 39
v 4224 183 84
v 4225 98 52
v 4227 86 41
v 4231 145 63
v 4232 62 39
v 4233 47 28
v 4234 53 23
v 4241 59 28
v 4251 28 16
v 4370 340 153
v 4371 129 65
v 4372 311 136
v 4373 574 268
v 4374 448 226
v 4375 106 50
v 4377 506 266
v 4378 684 290
v 4379 356 148
v 4380 194 92
v 4381 179 89
v 4382 518 228
v 4383 330 150
v 4384 166 66
v 4385 109 47
v 4386 149 85
v 4387 758 389
v 4388 528 253
v 4389 190 86
v 4390 41 20
v 4391 303 148
v 4392 229 133
v 4393 238 122
v 4394 390 182
v 4395 114 45
v 4396 375 169
v 4397 118 53
v 4398 81 46
v 4399 249 131
v 4400 311 139
v 4401 364 173
v 4402 124 54
v 4403 123 60
v 4404 62 27
v 4405 328 189
v 4406 489 224
v 4407 146 78
v 4408 149 80
v 4409 51 16
v 4410 84 35
v 4411 118 62
v 4412 166 64
v 4413 33 16
v 4414 222 108
v 4415 158 85
v 4416 274 145
v 4417 20 13
v 4418 16 6
v 4419 287 133
v 4420 252 119
v 4421 215 118
v 4422 198 111
v 4423 483 218
v 4424 120 60
v 4425 85 48
v 4426 527 259
v 4427 260 119
v 4428 346 163
v 4429 34 19
v 4430 95 46
v 4431 73 39
v 4432 88 39
v 4433 161 73
v 4434 43 16
v 4435 64 37
v 4436 505 240
v 4437 394 183
v 4438 668 319
v 4439 240 117
v 4440 212 91
v 4441 22 10
v 4442 124 69
v 4443 96 48
v 4444 36 19
v 4445 440 199
v 4446 78 37
v 4447 93 44
v 4448 245 119
v 4449 304 150
v 4450 159 81
v 4451 182 89
v 4452 177 90
v 4453 308 156
v 4454 85 40
v 4455 28 16
v 4456 434 191
v 4457 308 116
v 4458 243 111
v 4459 116 57
v 4460 228 108
v 4461 107 53
v 4462 127 50
v 4463 86 36
v 4464 170 80
v 4465 89 39
v 4466 169 79
v 4471 207 108
v 4472 98 53
v 4473 148 68
v 4475 302 163
v 4478 137 69
v 4480 325 149
v 4481 155 78
v 4483 134 69
v 4487 262 104
v 4488 119 59
v 4489 72 38
v 4490 62 27
v 4497 93 46
v 4507 47 21
v 4627 261 141
v 4628 615 307
v 4629 1104 575
v 4630 783 422
v 4631 248 136
v 4633 1026 566
v 4634 1500 795
v 4635 851 372
v 4636 398 218
v 4637 368 173
v 4638 980 495
v 4639 629 308
v 4640 348 185
v 4641 195 102
v 4642 194 107
v 4643 1194 623
v 4644 1016 509
v 4645 362 202
v 4646 105 61
v 4647 604 313
v 4648 422 238
v 4649 523 281
v 4650 833 365
v 4651 248 126
v 4652 695 353
v 4653 284 151
v 4654 229 108
v 4655 494 251
v 4656 608 313
v 4657 740 369
v 4658 215 111
v 4659 194 112
v 4660 113 63
v 4661 628 360
v 4662 1012 494
v 4663 329 194
v 4664 260 132
v 4665 103 49
v 4666 127 76
v 4667 216 118
v 4668 470 228
v 4669 92 53
v 4670 468 216
v 4671 327 176
v 4672 507 277
v 4673 41 20
v 4674 16 11
v 4675 621 289
v 4676 410 186
v 4677 423 223
v 4678 421 223
v 4679 1042 507
v 4680 245 139
v 4681 169 95
v 4682 978 501
v 4683 641 319
v 4684 749 344
v 4685 77 41
v 4686 149 73
v 4687 103 59
v 4688 178 86
v 4689 401 182
v 4690 86 42
v 4691 128 72
v 4692 1069 540
v 4693 628 332
v 4694 1251 619
v 4695 588 320
v 4696 477 226
v 4697 60 35
v 4698 207 120
v 4699 169 89
v 4700 61 35
v 4701 825 438
v 4702 161 77
v 4703 185 88
v 4704 454 251
v 4705 548 297
v 4706 295 162
v 4707 367 203
v 4708 336 175
v 4709 768 396
v 4710 154 79
v 4711 48 17
v 4712 846 444
v 4713 567 293
v 4714 396 191
v 4715 280 157
v 4716 480 263
v 4717 191 98
v 4718 223 109
v 4719 170 97
v 4720 303 173
v 4721 161 79
v 4722 351 189
v 4727 421 214
v 4728 179 103
v 4729 354 168
v 4731 653 354
v 4734 248 129
v 4736 567 290
v 4737 251 151
v 4739 249 136
v 4743 528 267
v 4744 190 89
v 4745 133 80
v 4746 162 87
v 4753 185 111
v 4763 97 60
v 4884 218 103
v 4885 452 217
v 4886 320 136
v 4887 127 55
v 4889 361 167
v 4890 627 289
v 4891 336 147
v 4892 155 65
v 4893 143 64
v 4894 358 155
v 4895 218 96
v 4896 120 55
v 4897 78 33
v 4898 87 46
v 4899 442 168
v 4900 359 147
v 4901 123 45
v 4902 47 22
v 4903 224 112
v 4904 135 59
v 4905 181 81
v 4906 273 114
v 4907 87 46
v 4908 309 132
v 4909 90 38
v 4910 106 44
v 4911 148 66
v 4912 222 106
v 4913 292 115
v 4914 85 40
v 4915 92 34
v 4916 30 13
v 4917 229 115
v 4918 346 139
v 4919 105 48
v 4920 108 41
v 4921 47 25
v 4922 54 26
v 4923 93 30
v 4924 175 67
v 4925 21 8
v 4926 148 64
v 4927 128 57
v 4928 195 91
v 4929 18 10
v 4930 10 4
v 4931 214 73
v 4932 142 62
v 4933 166 82
v 4934 153 73
v 4935 401 176
v 4936 102 55
v 4937 74 35
v 4938 384 174
v 4939 254 119
v 4940 256 110
v 4941 27 18
v 4942 57 23
v 4943 44 21
v 4944 72 38
v 4945 131 53
v 4946 30 7
v 4947 47 29
v 4948 430 200
v 4949 222 102
v 4950 508 228
v 4951 217 85
v 4952 180 77
v 4953 26 13
v 4954 71 39
v 4955 45 22
v 4956 16 6
v 4957 325 169
v 4958 63 24
v 4959 68 31
v 4960 168 72
v 4961 271 134
v 4962 124 58
v 4963 153 68
v 4964 151 71
v 4965 256 126
v 4966 49 21
v 4967 21 15
v 4968 332 144
v 4969 239 117
v 4970 151 84
v 4971 93 48
v 4972 191 92
v 4973 68 30
v 4974 92 40
v 4975 67 31
v 4976 121 55
v 4977 58 20
v 4978 130 76
v 4983 156 64
v 4984 66 27
v 4985 133 64
v 4987 218 98
v 4990 105 51
v 4992 248 101
v 4993 114 51
v 4995 93 36
v 4999 197 71
v 5000 79 30
v 5001 37 12
v 5002 63 33
v 5009 92 48
v 5019 38 21
v 5141 1031 550
v 5142 754 368
v 5143 230 128
v 5145 877 492
v 5146 1438 795
v 5147 883 451
v 5148 361 204
v 5149 361 194
v 5150 986 461
v 5151 576 275
v 5152 324 165
v 5153 224 114
v 5154 180 108
v 5155 1199 592
v 5156 946 452
v 5157 341 163
v 5158 83 47
v 5159 558 297
v 5160 359 182
v 5161 445 237
v 5162 757 367
v 5163 239 126
v 5164 709 371
v 5165 216 115
v 5166 211 119
v 5167 497 265
v 5168 569 307
v 5169 654 322
v 5170 225 111
v 5171 174 107
v 5172 98 41
v 5173 529 324
v 5174 822 425
v 5175 245 122
v 5176 228 123
v 5177 121 62
v 5178 135 74
v 5179 201 117
v 5180 384 190
v 5181 74 38
v 5182 348 166
v 5183 320 182
v 5184 491 258
v 5185 40 20
v 5186 18 8
v 5187 566 271
v 5188 364 189
v 5189 342 208
v 5190 349 191
v 5191 922 428
v 5192 194 103
v 5193 149 84
v 5194 919 466
v 5195 632 343
v 5196 624 271
v 5197 50 28
v 5198 122 61
v 5199 105 58
v 5200 151 85
v 5201 253 116
v 5202 71 42
v 5203 118 64
v 5204 1010 523
v 5205 681 345
v 5206 1095 560
v 5207 560 297
v 5208 369 179
v 5209 60 31
v 5210 191 103
v 5211 129 74
v 5212 61 33
v 5213 706 359
v 5214 158 90
v 5215 156 73
v 5216 457 237
v 5217 566 309
v 5218 227 134
v 5219 361 209
v 5220 290 148
v 5221 660 350
v 5222 141 67
v 5223 50 25
v 5224 743 385
v 5225 543 284
v 5226 348 180
v 5227 200 107
v 5228 448 237
v 5229 173 91
v 5230 213 110
v 5231 173 98
v 5232 296 142
v 5233 181 80
v 5234 302 177
v 5239 368 184
v 5240 135 73
v 5241 275 127
v 5243 521 287
v 5246 247 130
v 5248 529 262
v 5249 259 133
v 5251 226 129
v 5255 493 245
v 5256 161 73
v 5257 134 67
v 5258 154 84
v 5265 158 91
v 5275 85 41
v 5398 1280 623
v 5399 375 168
v 5401 1771 914
v 5402 2492 1275
v 5403 1438 651
v 5404 624 317
v 5405 606 297
v 5406 1582 734
v 5407 1076 501
v 5408 585 268
v 5409 342 144
v 5410 382 185
v 5411 2231 1111
v 5412 1629 786
v 5413 564 253
v 5414 174 96
v 5415 1072 556
v 5416 761 383
v 5417 967 462
v 5418 1354 571
v 5419 381 191
v 5420 1166 523
v 5421 411 193
v 5422 350 183
v 5423 937 470
v 5424 1103 532
v 5425 1270 582
v 5426 359 173
v 5427 336 159
v 5428 194 82
v 5429 1009 548
v 5430 1476 697
v 5431 481 252
v 5432 420 216
v 5433 196 93
v 5434 283 165
v 5435 363 206
v 5436 658 312
v 5437 124 57
v 5438 713 316
v 5439 521 263
v 5440 907 477
v 5441 73 34
v 5442 27 16
v 5443 1004 448
v 5444 634 290
v 5445 647 351
v 5446 601 308
v 5447 1712 777
v 5448 381 202
v 5449 283 160
v 5450 1686 808
v 5451 1129 555
v 5452 1249 540
v 5453 117 65
v 5454 222 100
v 5455 200 100
v 5456 298 138
v 5457 457 226
v 5458 150 70
v 5459 209 105
v 5460 1842 874
v 5461 1129 565
v 5462 2166 1048
v 5463 976 474
v 5464 732 316
v 5465 94 39
v 5466 383 195
v 5467 232 111
v 5468 91 42
v 5469 1378 692
v 5470 246 119
v 5471 247 119
v 5472 898 419
v 5473 993 468
v 5474 431 204
v 5475 587 276
v 5476 544 251
v 5477 1166 559
v 5478 277 142
v 5479 83 36
v 5480 1363 643
v 5481 927 416
v 5482 662 306
v 5483 450 215
v 5484 802 414
v 5485 319 166
v 5486 392 166
v 5487 246 132
v 5488 507 258
v 5489 254 114
v 5490 529 291
v 5495 687 323
v 5496 274 132
v 5497 613 261
v 5499 1005 485
v 5502 462 234
v 5504 962 498
v 5505 427 209
v 5507 398 214
v 5511 886 399
v 5512 298 144
v 5513 207 103
v 5514 279 147
v 5521 283 161
v 5531 145 78
v 5655 317 162
v 5657 1240 652
v 5658 1816 921
v 5659 1168 554
v 5660 482 252
v 5661 480 227
v 5662 1208 594
v 5663 752 363
v 5664 442 205
v 5665 236 109
v 5666 240 119
v 5667 1666 857
v 5668 1237 614
v 5669 398 198
v 5670 138 76
v 5671 790 401
v 5672 561 308
v 5673 666 334
v 5674 932 403
v 5675 324 165
v 5676 908 459
v 5677 363 183
v 5678 316 164
v 5679 735 369
v 5680 672 363
v 5681 864 422
v 5682 297 161
v 5683 241 120
v 5684 129 69
v 5685 780 444
v 5686 1118 520
v 5687 336 182
v 5688 302 156
v 5689 151 66
v 5690 168 78
v 5691 276 153
v 5692 506 255
v 5693 85 46
v 5694 620 295
v 5695 411 217
v 5696 642 320
v 5697 61 30
v 5698 14 5
v 5699 801 351
v 5700 495 246
v 5701 455 245
v 5702 443 231
v 5703 1221 579
v 5704 273 141
v 5705 206 116
v 5706 1191 586
v 5707 893 446
v 5708 877 393
v 5709 84 41
v 5710 139 52
v 5711 112 56
v 5712 200 105
v 5713 374 171
v 5714 108 45
v 5715 155 91
v 5716 1397 658
v 5717 817 398
v 5718 1476 721
v 5719 734 348
v 5720 540 253
v 5721 82 42
v 5722 245 113
v 5723 146 71
v 5724 66 31
v 5725 1015 535
v 5726 228 107
v 5727 191 104
v 5728 563 266
v 5729 701 335
v 5730 286 153
v 5731 466 231
v 5732 360 187
v 5733 925 470
v 5734 203 103
v 5735 59 33
v 5736 1059 522
v 5737 731 355
v 5738 480 216
v 5739 277 140
v 5740 621 312
v 5741 210 107
v 5742 301 159
v 5743 197 103
v 5744 326 177
v 5745 183 71
v 5746 381 215
v 5751 516 242
v 5752 192 93
v 5753 397 194
v 5755 694 351
v 5758 280 126
v 5760 689 355
v 5761 304 144
v 5763 280 145
v 5767 567 265
v 5768 211 102
v 5769 145 77
v 5770 179 98
v 5777 218 109
v 5787 104 54
v 5913 409 197
v 5914 670 336
v 5915 378 200
v 5916 167 88
v 5917 155 78
v 5918 364 173
v 5919 246 114
v 5920 142 71
v 5921 83 37
v 5922 92 51
v 5923 507 257
v 5924 406 188
v 5925 145 79
v 5926 38 24
v 5927 209 91
v 5928 166 84
v 5929 211 109
v 5930 359 172
v 5931 92 49
v 5932 280 139
v 5933 121 56
v 5934 89 46
v 5935 205 107
v 5936 214 118
v 5937 301 152
v 5938 94 51
v 5939 86 38
v 5940 35 14
v 5941 260 157
v 5942 389 184
v 5943 109 48
v 5944 72 40
v 5945 45 20
v 5946 60 32
v 5947 104 55
v 5948 159 77
v 5949 39 22
v 5950 161 69
v 5951 135 57
v 5952 227 130
v 5953 15 9
v 5954 8 3
v 5955 215 115
v 5956 156 69
v 5957 149 80
v 5958 187 96
v 5959 400 195
v 5960 88 40
v 5961 62 29
v 5962 441 227
v 5963 271 143
v 5964 273 127
v 5965 29 14
v 5966 44 17
v 5967 43 23
v 5968 62 29
v 5969 133 64
v 5970 30 15
v 5971 53 27
v 5972 458 215
v 5973 267 149
v 5974 515 248
v 5975 261 122
v 5976 177 99
v 5977 22 15
v 5978 83 39
v 5979 64 36
v 5980 30 12
v 5981 347 159
v 5982 59 29
v 5983 61 29
v 5984 221 113
v 5985 247 130
v 5986 135 67
v 5987 183 95
v 5988 152 77
v 5989 295 157
v 5990 64 36
v 5991 14 9
v 5992 337 151
v 5993 227 102
v 5994 169 76
v 5995 92 41
v 5996 171 84
v 5997 73 43
v 5998 95 40
v 5999 56 26
v 6000 122 62
v 6001 77 36
v 6002 137 70
v 6007 176 79
v 6008 88 41
v 6009 132 61
v 6011 224 125
v 6014 108 60
v 6016 232 124
v 6017 125 69
v 6019 107 61
v 6023 209 92
v 6024 85 46
v 6025 43 26
v 6026 61 30
v 6033 74 39
v 6043 35 16
v 6426 2288 1123
v 6427 1436 679
v 6428 636 303
v 6429 581 299
v 6430 1428 626
v 6431 997 447
v 6432 498 215
v 6433 293 121
v 6434 386 204
v 6435 2125 971
v 6436 1602 788
v 6437 559 258
v 6438 157 79
v 6439 904 453
v 6440 636 308
v 6441 816 379
v 6442 1151 526
v 6443 427 221
v 6444 1191 537
v 6445 400 162
v 6446 370 184
v 6447 903 445
v 6448 914 436
v 6449 1174 511
v 6450 361 177
v 6451 277 160
v 6452 176 77
v 6453 851 460
v 6454 1355 641
v 6455 434 198
v 6456 366 171
v 6457 224 108
v 6458 259 134
v 6459 334 171
v 6460 607 272
v 6461 126 72
v 6462 652 288
v 6463 473 233
v 6464 808 417
v 6465 58 25
v 6466 30 12
v 6467 943 420
v 6468 594 271
v 6469 514 273
v 6470 575 283
v 6471 1431 639
v 6472 345 168
v 6473 251 131
v 6474 1595 743
v 6475 1004 513
v 6476 1196 547
v 6477 90 51
v 6478 185 84
v 6479 133 66
v 6480 250 124
v 6481 421 183
v 6482 123 57
v 6483 203 102
v 6484 1701 785
v 6485 1130 547
v 6486 1890 884
v 6487 812 390
v 6488 646 270
v 6489 85 41
v 6490 357 177
v 6491 240 119
v 6492 102 50
v 6493 1172 583
v 6494 205 93
v 6495 227 111
v 6496 686 338
v 6497 904 412
v 6498 417 227
v 6499 592 296
v 6500 487 224
v 6501 1157 577
v 6502 251 119
v 6503 71 35
v 6504 1273 575
v 6505 907 399
v 6506 629 298
v 6507 350 162
v 6508 671 344
v 6509 284 135
v 6510 417 196
v 6511 247 120
v 6512 462 223
v 6513 297 126
v 6514 443 238
v 6519 629 293
v 6520 260 124
v 6521 515 229
v 6523 944 460
v 6526 384 190
v 6528 883 444
v 6529 414 213
v 6531 351 169
v 6535 787 343
v 6536 280 123
v 6537 195 94
v 6538 210 107
v 6545 295 153
v 6555 139 66
v 6683 2292 1030
v 6684 927 451
v 6685 909 451
v 6686 2392 1146
v 6687 1492 698
v 6688 831 399
v 6689 475 223
v 6690 586 325
v 6691 2864 1414
v 6692 2128 1071
v 6693 849 394
v 6694 246 147
v 6695 1252 660
v 6696 968 516
v 6697 1152 579
v 6698 1876 795
v 6699 521 270
v 6700 1827 858
v 6701 585 281
v 6702 596 322
v 6703 1169 573
v 6704 1439 720
v 6705 1649 732
v 6706 588 280
v 6707 532 266
v 6708 272 127
v 6709 1388 766
v 6710 2096 994
v 6711 579 280
v 6712 546 278
v 6713 276 129
v 6714 347 181
v 6715 494 270
v 6716 991 454
v 6717 190 94
v 6718 970 486
v 6719 726 362
v 6720 1254 614
v 6721 106 62
v 6722 51 27
v 6723 1457 647
v 6724 994 461
v 6725 800 398
v 6726 923 472
v 6727 2421 1142
v 6728 523 277
v 6729 371 188
v 6730 2456 1177
v 6731 1574 770
v 6732 1559 688
v 6733 155 80
v 6734 297 121
v 6735 238 124
v 6736 418 207
v 6737 666 318
v 6738 183 82
v 6739 297 156
v 6740 2663 1268
v 6741 1729 855
v 6742 3200 1493
v 6743 1358 659
v 6744 992 480
v 6745 133 66
v 6746 508 252
v 6747 408 203
v 6748 136 56
v 6749 1754 888
v 6750 285 139
v 6751 284 130
v 6752 1021 509
v 6753 1432 709
v 6754 552 292
v 6755 874 421
v 6756 847 423
v 6757 1682 812
v 6758 382 175
v 6759 105 49
v 6760 1944 917
v 6761 1423 665
v 6762 862 429
v 6763 572 281
v 6764 1066 563
v 6765 420 207
v 6766 583 284
v 6767 412 211
v 6768 750 372
v 6769 401 171
v 6770 758 407
v 6775 985 500
v 6776 384 204
v 6777 791 347
v 6779 1444 772
v 6782 599 296
v 6784 1392 709
v 6785 653 314
v 6787 604 317
v 6791 1233 594
v 6792 469 222
v 6793 282 168
v 6794 296 155
v 6801 428 219
v 6811 210 109
v 6940 506 277
v 6941 601 322
v 6942 1526 764
v 6943 928 464
v 6944 467 242
v 6945 308 154
v 6946 324 172
v 6947 1839 963
v 6948 1416 705
v 6949 539 265
v 6950 128 73
v 6951 770 432
v 6952 617 343
v 6953 750 416
v 6954 1116 462
v 6955 358 178
v 6956 1077 537
v 6957 367 182
v 6958 345 206
v 6959 658 337
v 6960 849 421
v 6961 1018 500
v 6962 332 166
v 6963 285 149
v 6964 132 59
v 6965 866 484
v 6966 1267 625
v 6967 371 175
v 6968 333 185
v 6969 173 68
v 6970 197 110
v 6971 329 191
v 6972 545 262
v 6973 92 44
v 6974 541 257
v 6975 541 318
v 6976 804 439
v 6977 57 29
v 6978 34 12
v 6979 926 403
v 6980 621 299
v 6981 495 277
v 6982 538 300
v 6983 1380 692
v 6984 297 155
v 6985 259 150
v 6986 1470 737
v 6987 953 453
v 6988 825 423
v 6989 96 52
v 6990 168 83
v 6991 129 85
v 6992 232 113
v 6993 428 224
v 6994 117 50
v 6995 179 87
v 6996 1654 815
v 6997 1045 545
v 6998 1903 974
v 6999 809 420
v 7000 516 255
v 7001 102 55
v 7002 301 160
v 7003 188 98
v 7004 69 31
v 7005 1092 594
v 7006 222 113
v 7007 229 132
v 7008 651 360
v 7009 807 439
v 7010 382 221
v 7011 612 310
v 7012 485 268
v 7013 1064 537
v 7014 244 119
v 7015 60 31
v 7016 1147 556
v 7017 868 423
v 7018 486 251
v 7019 363 182
v 7020 587 323
v 7021 272 139
v 7022 358 179
v 7023 249 130
v 7024 441 249
v 7025 247 114
v 7026 432 229
v 7031 560 286
v 7032 240 132
v 7033 501 245
v 7035 817 454
v 7038 374 206
v 7040 840 455
v 7041 403 206
v 7043 353 176
v 7047 736 334
v 7048 251 136
v 7049 165 86
v 7050 220 102
v 7057 235 123
v 7067 130 67
v 7197 237 123
v 7198 586 278
v 7199 398 202
v 7200 280 115
v 7201 118 46
v 7202 130 77
v 7203 759 375
v 7204 614 279
v 7205 237 117
v 7206 65 35
v 7207 360 186
v 7208 231 125
v 7209 353 180
v 7210 535 224
v 7211 143 69
v 7212 496 237
v 7213 136 59
v 7214 148 72
v 7215 302 157
v 7216 344 162
v 7217 556 247
v 7218 138 58
v 7219 114 61
v 7220 73 41
v 7221 388 208
v 7222 577 286
v 7223 173 82
v 7224 165 98
v 7225 68 34
v 7226 96 53
v 7227 127 61
v 7228 270 114
v 7229 41 14
v 7230 456 214
v 7231 210 120
v 7232 341 170
v 7233 29 11
v 7234 10 6
v 7235 362 163
v 7236 290 147
v 7237 248 122
v 7238 220 117
v 7239 624 272
v 7240 132 61
v 7241 117 59
v 7242 630 314
v 7243 436 212
v 7244 445 182
v 7245 45 27
v 7246 71 31
v 7247 85 45
v 7248 119 55
v 7249 146 67
v 7250 42 18
v 7251 97 49
v 7252 704 334
v 7253 436 214
v 7254 770 385
v 7255 313 145
v 7256 297 145
v 7257 51 22
v 7258 129 68
v 7259 96 43
v 7260 57 29
v 7261 481 235
v 7262 115 59
v 7263 113 49
v 7264 281 146
v 7265 334 177
v 7266 161 95
v 7267 286 154
v 7268 184 77
v 7269 480 230
v 7270 95 50
v 7271 43 28
v 7272 552 268
v 7273 333 146
v 7274 251 119
v 7275 152 82
v 7276 306 154
v 7277 140 68
v 7278 143 67
v 7279 92 49
v 7280 175 86
v 7281 100 41
v 7282 176 84
v 7287 248 110
v 7288 98 52
v 7289 183 83
v 7291 375 180
v 7294 173 86
v 7296 354 179
v 7297 151 88
v 7299 153 86
v 7303 356 157
v 7304 103 55
v 7305 76 29
v 7306 109 55
v 7313 115 54
v 7323 60 33
v 7454 557 260
v 7455 409 173
v 7456 199 86
v 7457 128 65
v 7458 155 71
v 7459 716 324
v 7460 604 287
v 7461 216 102
v 7462 45 20
v 7463 334 163
v 7464 285 157
v 7465 300 141
v 7466 509 249
v 7467 158 82
v 7468 447 214
v 7469 162 79
v 7470 139 79
v 7471 317 168
v 7472 321 159
v 7473 467 202
v 7474 116 51
v 7475 130 65
v 7476 67 24
v 7477 342 184
v 7478 553 245
v 7479 156 81
v 7480 179 87
v 7481 86 41
v 7482 116 58
v 7483 138 73
v 7484 263 114
v 7485 43 22
v 7486 278 126
v 7487 179 92
v 7488 319 164
v 7489 29 20
v 7490 12 9
v 7491 371 168
v 7492 260 131
v 7493 236 119
v 7494 298 142
v 7495 586 285
v 7496 139 71
v 7497 104 49
v 7498 580 285
v 7499 445 244
v 7500 453 197
v 7501 46 24
v 7502 65 38
v 7503 76 44
v 7504 92 34
v 7505 194 102
v 7506 47 25
v 7507 56 29
v 7508 687 322
v 7509 415 195
v 7510 696 347
v 7511 321 139
v 7512 253 113
v 7513 30 16
v 7514 123 62
v 7515 84 42
v 7516 31 17
v 7517 592 265
v 7518 80 39
v 7519 85 35
v 7520 332 163
v 7521 375 184
v 7522 201 92
v 7523 243 117
v 7524 201 100
v 7525 439 217
v 7526 104 55
v 7527 39 8
v 7528 514 238
v 7529 330 155
v 7530 223 121
v 7531 140 71
v 7532 309 168
v 7533 103 55
v 7534 152 82
v 7535 84 43
v 7536 180 99
v 7537 87 41
v 7538 197 103
v 7543 249 116
v 7544 116 57
v 7545 197 81
v 7547 340 170
v 7550 165 87
v 7552 329 163
v 7553 162 84
v 7555 153 70
v 7559 312 150
v 7560 101 46
v 7561 86 40
v 7562 98 39
v 7569 108 58
v 7579 62 30
v 7711 1019 496
v 7712 505 248
v 7713 298 149
v 7714 337 222
v 7715 1896 991
v 7716 1490 757
v 7717 599 319
v 7718 136 85
v 7719 801 445
v 7720 669 374
v 7721 874 439
v 7722 1223 609
v 7723 393 213
v 7724 1183 581
v 7725 361 167
v 7726 385 220
v 7727 731 410
v 7728 952 471
v 7729 1112 569
v 7730 376 199
v 7731 290 161
v 7732 157 92
v 7733 883 513
v 7734 1230 641
v 7735 394 208
v 7736 410 223
v 7737 179 103
v 7738 228 133
v 7739 301 176
v 7740 626 309
v 7741 126 46
v 7742 628 293
v 7743 487 255
v 7744 864 474
v 7745 53 31
v 7746 23 11
v 7747 865 426
v 7748 674 354
v 7749 525 303
v 7750 588 316
v 7751 1520 759
v 7752 341 187
v 7753 212 116
v 7754 1582 797
v 7755 1075 559
v 7756 996 462
v 7757 96 48
v 7758 198 94
v 7759 174 95
v 7760 254 143
v 7761 474 238
v 7762 114 51
v 7763 198 109
v 7764 1719 910
v 7765 1068 561
v 7766 1977 1005
v 7767 822 424
v 7768 631 289
v 7769 80 36
v 7770 335 179
v 7771 278 152
v 7772 117 56
v 7773 1134 565
v 7774 264 135
v 7775 237 120
v 7776 650 357
v 7777 870 446
v 7778 340 198
v 7779 656 345
v 7780 499 277
v 7781 1137 572
v 7782 250 123
v 7783 88 49
v 7784 1366 689
v 7785 914 450
v 7786 580 293
v 7787 329 157
v 7788 673 382
v 7789 291 156
v 7790 407 197
v 7791 256 142
v 7792 477 261
v 7793 270 120
v 7794 452 271
v 7799 611 319
v 7800 249 121
v 7801 529 271
v 7803 928 510
v 7806 382 183
v 7808 882 459
v 7809 387 212
v 7811 400 217
v 7815 852 419
v 7816 302 157
v 7817 158 84
v 7818 238 130
v 7825 286 150
v 7835 131 72
v 7968 346 180
v 7969 191 105
v 7970 227 130
v 7971 1139 593
v 7972 935 487
v 7973 346 181
v 7974 84 47
v 7975 514 292
v 7976 392 202
v 7977 517 262
v 7978 769 367
v 7979 227 119
v 7980 747 366
v 7981 261 122
v 7982 207 112
v 7983 506 256
v 7984 601 330
v 7985 742 386
v 7986 235 122
v 7987 193 101
v 7988 116 61
v 7989 527 284
v 7990 890 474
v 7991 295 168
v 7992 248 123
v 7993 101 50
v 7994 159 89
v 7995 203 113
v 7996 431 219
v 7997 59 30
v 7998 416 193
v 7999 317 166
v 8000 521 278
v 8001 43 25
v 8002 15 11
v 8003 569 278
v 8004 415 233
v 8005 343 188
v 8006 394 199
v 8007 947 515
v 8008 198 111
v 8009 139 79
v 8010 906 450
v 8011 633 319
v 8012 698 338
v 8013 73 41
v 8014 155 72
v 8015 123 69
v 8016 151 78
v 8017 259 145
v 8018 72 34
v 8019 130 85
v 8020 1036 511
v 8021 716 363
v 8022 1251 647
v 8023 587 303
v 8024 406 209
v 8025 55 30
v 8026 204 95
v 8027 145 70
v 8028 58 27
v 8029 778 402
v 8030 150 78
v 8031 154 86
v 8032 469 252
v 8033 599 335
v 8034 233 138
v 8035 361 186
v 8036 337 192
v 8037 705 386
v 8038 154 77
v 8039 48 26
v 8040 774 378
v 8041 554 278
v 8042 369 197
v 8043 236 113
v 8044 461 250
v 8045 184 102
v 8046 286 127
v 8047 180 84
v 8048 362 194
v 8049 161 80
v 8050 311 176
v 8055 474 272
v 8056 178 85
v 8057 340 163
v 8059 618 316
v 8062 260 122
v 8064 627 339
v 8065 247 142
v 8067 262 138
v 8071 508 263
v 8072 184 101
v 8073 130 73
v 8074 124 73
v 8081 169 92
v 8091 78 44
v 8225 95 48
v 8226 119 73
v 8227 727 382
v 8228 556 286
v 8229 193 119
v 8230 38 15
v 8231 278 162
v 8232 238 131
v 8233 274 158
v 8234 465 212
v 8235 120 64
v 8236 424 221
v 8237 137 64
v 8238 105 61
v 8239 271 158
v 8240 316 152
v 8241 363 188
v 8242 131 63
v 8243 89 45
v 8244 66 27
v 8245 309 168
v 8246 439 223
v 8247 137 68
v 8248 154 86
v 8249 62 31
v 8250 75 45
v 8251 132 76
v 8252 204 104
v 8253 41 19
v 8254 252 131
v 8255 168 90
v 8256 287 159
v 8257 24 17
v 8258 11 4
v 8259 330 165
v 8260 242 111
v 8261 197 107
v 8262 189 98
v 8263 481 250
v 8264 111 60
v 8265 88 47
v 8266 528 278
v 8267 415 223
v 8268 340 167
v 8269 31 19
v 8270 72 39
v 8271 55 27
v 8272 81 36
v 8273 143 75
v 8274 37 15
v 8275 59 30
v 8276 543 292
v 8277 337 187
v 8278 550 298
v 8279 287 150
v 8280 256 132
v 8281 40 20
v 8282 111 58
v 8283 66 35
v 8284 26 12
v 8285 472 271
v 8286 83 57
v 8287 89 48
v 8288 241 122
v 8289 273 153
v 8290 126 70
v 8291 219 127
v 8292 138 71
v 8293 400 226
v 8294 70 36
v 8295 23 10
v 8296 455 237
v 8297 254 136
v 8298 177 90
v 8299 117 67
v 8300 227 127
v 8301 106 46
v 8302 134 76
v 8303 99 63
v 8304 153 75
v 8305 70 35
v 8306 161 84
v 8311 189 108
v 8312 66 41
v 8313 157 73
v 8315 286 159
v 8318 112 62
v 8320 260 144
v 8321 114 65
v 8323 126 75
v 8327 264 122
v 8328 106 57
v 8329 51 24
v 8330 87 48
v 8337 84 56
v 8347 47 33
v 8482 82 46
v 8483 370 192
v 8484 260 138
v 8485 90 41
v 8486 39 28
v 8487 121 72
v 8488 110 55
v 8489 174 83
v 8490 228 108
v 8491 60 34
v 8492 184 96
v 8493 79 45
v 8494 82 44
v 8495 147 75
v 8496 205 113
v 8497 230 123
v 8498 94 53
v 8499 49 30
v 8500 46 22
v 8501 166 88
v 8502 238 130
v 8503 89 49
v 8504 97 47
v 8505 39 26
v 8506 43 22
v 8507 60 44
v 8508 140 73
v 8509 30 15
v 8510 142 75
v 8511 99 50
v 8512 144 76
v 8513 12 5
v 8514 4 4
v 8515 174 83
v 8516 125 64
v 8517 113 68
v 8518 125 75
v 8519 297 160
v 8520 81 54
v 8521 45 23
v 8522 314 167
v 8523 256 134
v 8524 208 111
v 8525 22 12
v 8526 37 19
v 8527 24 15
v 8528 74 32
v 8529 88 55
v 8530 35 18
v 8531 38 23
v 8532 314 155
v 8533 200 104
v 8534 373 187
v 8535 161 90
v 8536 118 55
v 8537 24 12
v 8538 67 39
v 8539 66 39
v 8540 13 6
v 8541 189 112
v 8542 52 25
v 8543 45 24
v 8544 142 66
v 8545 167 100
v 8546 87 45
v 8547 111 52
v 8548 102 53
v 8549 232 127
v 8550 46 18
v 8551 21 15
v 8552 262 134
v 8553 175 91
v 8554 115 59
v 8555 83 44
v 8556 138 75
v 8557 68 44
v 8558 75 30
v 8559 63 31
v 8560 88 42
v 8561 73 39
v 8562 111 59
v 8567 129 68
v 8568 64 35
v 8569 128 67
v 8571 195 114
v 8574 81 50
v 8576 188 113
v 8577 83 39
v 8579 91 48
v 8583 211 90
v 8584 66 43
v 8585 46 30
v 8586 44 23
v 8593 79 39
v 8603 36 19
v 8739 388 180
v 8740 327 166
v 8741 96 37
v 8742 54 21
v 8743 153 77
v 8744 113 64
v 8745 174 84
v 8746 252 119
v 8747 88 42
v 8748 247 117
v 8749 83 38
v 8750 90 55
v 8751 159 84
v 8752 247 102
v 8753 262 126
v 8754 115 50
v 8755 77 44
v 8756 47 17
v 8757 196 112
v 8758 295 136
v 8759 86 39
v 8760 76 27
v 8761 53 26
v 8762 65 35
v 8763 62 31
v 8764 171 66
v 8765 35 15
v 8766 152 59
v 8767 103 51
v 8768 166 84
v 8769 22 13
v 8770 8 2
v 8771 239 99
v 8772 132 66
v 8773 123 57
v 8774 146 73
v 8775 327 159
v 8776 57 37
v 8777 48 18
v 8778 451 207
v 8779 188 88
v 8780 242 109
v 8781 31 15
v 8782 57 27
v 8783 39 19
v 8784 70 39
v 8785 102 41
v 8786 52 30
v 8787 55 26
v 8788 345 161
v 8789 254 111
v 8790 449 232
v 8791 153 72
v 8792 133 63
v 8793 28 13
v 8794 89 41
v 8795 83 37
v 8796 34 16
v 8797 253 110
v 8798 50 28
v 8799 65 34
v 8800 136 64
v 8801 221 92
v 8802 113 64
v 8803 144 84
v 8804 142 60
v 8805 215 98
v 8806 55 23
v 8807 21 12
v 8808 290 138
v 8809 269 132
v 8810 138 73
v 8811 79 37
v 8812 135 67
v 8813 82 46
v 8814 91 44
v 8815 72 36
v 8816 119 67
v 8817 97 42
v 8818 103 45
v 8823 124 59
v 8824 73 30
v 8825 129 70
v 8827 220 110
v 8830 89 40
v 8832 223 107
v 8833 88 43
v 8835 122 50
v 8839 206 85
v 8840 77 36
v 8841 53 30
v 8842 56 25
v 8849 72 36
v 8859 27 19
v 8996 1870 947
v 8997 724 376
v 8998 193 106
v 8999 1136 600
v 9000 889 463
v 9001 1031 513
v 9002 1542 702
v 9003 482 255
v 9004 1817 886
v 9005 477 227
v 9006 425 226
v 9007 1036 534
v 9008 1087 568
v 9009 1316 605
v 9010 418 199
v 9011 336 166
v 9012 185 88
v 9013 1173 649
v 9014 1523 722
v 9015 419 197
v 9016 520 262
v 9017 211 95
v 9018 301 143
v 9019 451 237
v 9020 712 336
v 9021 133 63
v 9022 762 338
v 9023 620 335
v 9024 1008 544
v 9025 61 33
v 9026 38 21
v 9027 1748 735
v 9028 824 421
v 9029 610 326
v 9030 751 402
v 9031 1676 765
v 9032 422 244
v 9033 360 187
v 9034 1882 935
v 9035 1353 689
v 9036 1380 654
v 9037 116 48
v 9038 190 93
v 9039 176 104
v 9040 305 148
v 9041 592 273
v 9042 158 61
v 9043 280 174
v 9044 2199 1059
v 9045 1363 705
v 9046 2292 1131
v 9047 1066 542
v 9048 684 317
v 9049 118 51
v 9050 367 186
v 9051 250 132
v 9052 103 46
v 9053 1544 757
v 9054 280 162
v 9055 309 141
v 9056 926 459
v 9057 979 491
v 9058 497 281
v 9059 850 449
v 9060 528 270
v 9061 1499 719
v 9062 331 156
v 9063 84 44
v 9064 1663 732
v 9065 1087 515
v 9066 668 332
v 9067 405 185
v 9068 876 469
v 9069 270 156
v 9070 489 242
v 9071 290 160
v 9072 521 260
v 9073 329 138
v 9074 596 329
v 9079 799 369
v 9080 267 145
v 9081 617 297
v 9083 1049 554
v 9086 514 217
v 9088 1098 561
v 9089 497 254
v 9091 385 205
v 9095 863 397
v 9096 336 163
v 9097 228 114
v 9098 300 141
v 9105 300 165
v 9115 156 83
v 9253 564 297
v 9254 131 73
v 9255 951 509
v 9256 619 322
v 9257 813 426
v 9258 1365 643
v 9259 421 221
v 9260 1153 594
v 9261 417 183
v 9262 301 160
v 9263 846 431
v 9264 962 479
v 9265 1195 614
v 9266 320 153
v 9267 308 160
v 9268 171 72
v 9269 862 478
v 9270 1345 697
v 9271 428 216
v 9272 423 218
v 9273 183 91
v 9274 252 155
v 9275 318 182
v 9276 659 316
v 9277 116 67
v 9278 706 333
v 9279 471 238
v 9280 782 388
v 9281 60 30
v 9282 37 18
v 9283 907 435
v 9284 556 270
v 9285 657 332
v 9286 523 296
v 9287 1650 853
v 9288 353 198
v 9289 252 149
v 9290 1513 745
v 9291 1040 500
v 9292 1125 526
v 9293 104 69
v 9294 182 82
v 9295 147 82
v 9296 249 122
v 9297 479 243
v 9298 128 60
v 9299 160 88
v 9300 1742 866
v 9301 1084 530
v 9302 1995 1037
v 9303 798 400
v 9304 645 294
v 9305 101 48
v 9306 311 153
v 9307 228 122
v 9308 120 64
v 9309 1269 686
v 9310 273 134
v 9311 239 120
v 9312 790 434
v 9313 884 459
v 9314 431 230
v 9315 658 380
v 9316 470 248
v 9317 956 457
v 9318 267 136
v 9319 88 47
v 9320 1301 609
v 9321 814 362
v 9322 589 304
v 9323 374 192
v 9324 763 395
v 9325 260 140
v 9326 348 188
v 9327 231 101
v 9328 521 284
v 9329 279 107
v 9330 464 253
v 9335 653 321
v 9336 255 123
v 9337 457 193
v 9339 909 479
v 9342 349 180
v 9344 865 433
v 9345 364 200
v 9347 403 215
v 9351 774 347
v 9352 300 153
v 9353 198 108
v 9354 595 267
v 9361 286 166
v 9371 121 71
v 9510 43 22
v 9511 313 151
v 9512 216 99
v 9513 284 146
v 9514 441 221
v 9515 130 74
v 9516 496 266
v 9517 118 54
v 9518 140 80
v 9519 261 139
v 9520 304 165
v 9521 412 215
v 9522 128 80
v 9523 91 44
v 9524 56 22
v 9525 303 169
v 9526 451 213
v 9527 139 78
v 9528 138 76
v 9529 64 34
v 9530 75 43
v 9531 139 69
v 9532 209 110
v 9533 46 25
v 9534 219 106
v 9535 171 79
v 9536 345 178
v 9537 27 16
v 9538 12 8
v 9539 339 164
v 9540 221 114
v 9541 165 92
v 9542 216 108
v 9543 507 249
v 9544 112 69
v 9545 84 38
v 9546 513 275
v 9547 402 209
v 9548 385 186
v 9549 35 18
v 9550 67 27
v 9551 60 35
v 9552 104 48
v 9553 144 74
v 9554 42 21
v 9555 75 42
v 9556 651 333
v 9557 407 224
v 9558 674 332
v 9559 310 149
v 9560 203 86
v 9561 42 26
v 9562 122 66
v 9563 79 43
v 9564 39 17
v 9565 408 202
v 9566 108 65
v 9567 100 42
v 9568 254 133
v 9569 296 132
v 9570 144 72
v 9571 248 129
v 9572 145 71
v 9573 366 168
v 9574 89 40
v 9575 22 11
v 9576 452 221
v 9577 353 167
v 9578 179 90
v 9579 117 66
v 9580 249 134
v 9581 83 41
v 9582 137 62
v 9583 97 60
v 9584 166 93
v 9585 95 42
v 9586 164 90
v 9591 191 97
v 9592 83 39
v 9593 187 97
v 9595 313 158
v 9598 133 73
v 9600 311 177
v 9601 155 87
v 9603 114 63
v 9607 269 134
v 9608 113 56
v 9609 55 32
v 9610 90 43
v 9617 85 51
v 9627 37 20
v 9767 74 27
v 9768 48 21
v 9769 64 26
v 9770 125 54
v 9771 36 14
v 9772 93 38
v 9773 41 17
v 9774 47 23
v 9775 70 37
v 9776 104 41
v 9777 97 41
v 9778 41 17
v 9779 34 18
v 9780 19 5
v 9781 76 38
v 9782 137 57
v 9783 41 20
v 9784 43 22
v 9785 23 11
v 9786 18 10
v 9787 30 17
v 9788 67 29
v 9789 22 10
v 9790 48 21
v 9791 55 19
v 9792 82 40
v 9793 6 3
v 9794 2 1
v 9795 85 33
v 9796 58 28
v 9797 49 21
v 9798 59 26
v 9799 146 70
v 9800 40 18
v 9801 23 10
v 9802 159 81
v 9803 98 40
v 9804 108 50
v 9805 18 6
v 9806 16 6
v 9807 22 14
v 9808 29 17
v 9809 39 23
v 9810 18 5
v 9811 22 12
v 9812 151 78
v 9813 103 52
v 9814 169 78
v 9815 82 31
v 9816 63 24
v 9817 8 3
v 9818 41 19
v 9819 30 13
v 9820 10 4
v 9821 111 53
v 9822 21 9
v 9823 31 11
v 9824 59 37
v 9825 90 40
v 9826 41 22
v 9827 50 26
v 9828 42 18
v 9829 113 53
v 9830 27 11
v 9831 9 2
v 9832 128 70
v 9833 100 48
v 9834 65 24
v 9835 34 19
v 9836 59 26
v 9837 30 13
v 9838 38 13
v 9839 34 21
v 9840 51 21
v 9841 34 15
v 9842 47 24
v 9847 48 19
v 9848 31 10
v 9849 43 21
v 9851 105 52
v 9854 43 23
v 9856 103 43
v 9857 46 14
v 9859 34 16
v 9863 87 36
v 9864 35 19
v 9865 22 7
v 9866 32 17
v 9873 39 17
v 9883 13 7
v 10024 398 208
v 10025 466 221
v 10026 723 301
v 10027 199 104
v 10028 598 275
v 10029 227 96
v 10030 188 95
v 10031 450 225
v 10032 467 220
v 10033 625 292
v 10034 193 95
v 10035 177 88
v 10036 84 39
v 10037 519 284
v 10038 801 377
v 10039 245 130
v 10040 246 125
v 10041 93 45
v 10042 143 80
v 10043 198 97
v 10044 348 143
v 10045 34 18
v 10046 399 182
v 10047 266 126
v 10048 446 213
v 10049 27 15
v 10050 13 7
v 10051 512 246
v 10052 375 163
v 10053 367 175
v 10054 322 144
v 10055 861 409
v 10056 183 88
v 10057 131 56
v 10058 837 409
v 10059 564 251
v 10060 637 250
v 10061 49 23
v 10062 104 54
v 10063 79 41
v 10064 143 66
v 10065 242 108
v 10066 67 32
v 10067 115 63
v 10068 956 442
v 10069 581 288
v 10070 1013 483
v 10071 468 203
v 10072 417 170
v 10073 49 25
v 10074 176 96
v 10075 120 61
v 10076 59 26
v 10077 773 369
v 10078 140 72
v 10079 134 66
v 10080 441 212
v 10081 518 232
v 10082 229 108
v 10083 305 154
v 10084 274 133
v 10085 617 290
v 10086 132 70
v 10087 41 19
v 10088 705 297
v 10089 481 232
v 10090 388 163
v 10091 208 103
v 10092 455 227
v 10093 146 75
v 10094 218 98
v 10095 144 74
v 10096 261 128
v 10097 127 61
v 10098 283 156
v 10103 390 180
v 10104 137 65
v 10105 247 114
v 10107 506 247
v 10110 202 92
v 10112 479 240
v 10113 214 108
v 10115 206 109
v 10119 385 184
v 10120 144 73
v 10121 118 59
v 10122 145 69
v 10129 141 69
v 10139 72 40
v 10281 347 162
v 10282 511 225
v 10283 149 67
v 10284 473 242
v 10285 184 79
v 10286 111 59
v 10287 342 172
v 10288 353 166
v 10289 495 230
v 10290 153 86
v 10291 127 65
v 10292 58 25
v 10293 381 207
v 10294 598 300
v 10295 170 77
v 10296 163 83
v 10297 70 34
v 10298 109 53
v 10299 144 77
v 10300 200 92
v 10301 38 17
v 10302 262 107
v 10303 221 106
v 10304 357 187
v 10305 24 11
v 10306 6 2
v 10307 361 165
v 10308 258 116
v 10309 213 114
v 10310 218 115
v 10311 656 320
v 10312 140 69
v 10313 120 64
v 10314 587 263
v 10315 466 232
v 10316 446 189
v 10317 39 15
v 10318 77 32
v 10319 65 33
v 10320 96 38
v 10321 178 70
v 10322 45 22
v 10323 82 44
v 10324 758 382
v 10325 478 256
v 10326 718 329
v 10327 332 162
v 10328 252 95
v 10329 44 21
v 10330 113 58
v 10331 78 40
v 10332 35 15
v 10333 541 255
v 10334 109 48
v 10335 131 67
v 10336 306 166
v 10337 338 152
v 10338 168 74
v 10339 291 144
v 10340 197 100
v 10341 491 226
v 10342 130 65
v 10343 31 13
v 10344 571 249
v 10345 363 153
v 10346 233 108
v 10347 118 55
v 10348 345 178
v 10349 98 52
v 10350 153 68
v 10351 119 58
v 10352 188 102
v 10353 93 39
v 10354 196 107
v 10359 267 116
v 10360 96 50
v 10361 214 89
v 10363 388 204
v 10366 147 58
v 10368 370 177
v 10369 160 90
v 10371 166 77
v 10375 317 145
v 10376 92 49
v 10377 73 33
v 10378 95 51
v 10385 104 49
v 10395 66 35
v 10538 720 321
v 10539 193 100
v 10540 703 342
v 10541 204 108
v 10542 173 100
v 10543 370 175
v 10544 483 239
v 10545 525 233
v 10546 155 70
v 10547 169 90
v 10548 76 35
v 10549 504 266
v 10550 820 431
v 10551 221 119
v 10552 185 100
v 10553 103 54
v 10554 144 73
v 10555 209 107
v 10556 289 139
v 10557 61 23
v 10558 351 160
v 10559 331 164
v 10560 417 209
v 10561 26 18
v 10562 8 4
v 10563 517 233
v 10564 334 154
v 10565 266 130
v 10566 328 174
v 10567 839 392
v 10568 193 94
v 10569 152 73
v 10570 713 373
v 10571 507 254
v 10572 555 246
v 10573 59 33
v 10574 117 50
v 10575 67 41
v 10576 138 53
v 10577 245 108
v 10578 63 22
v 10579 91 46
v 10580 893 407
v 10581 535 242
v 10582 925 421
v 10583 433 197
v 10584 351 136
v 10585 59 26
v 10586 116 54
v 10587 107 56
v 10588 59 28
v 10589 786 381
v 10590 134 80
v 10591 138 57
v 10592 348 167
v 10593 486 246
v 10594 212 125
v 10595 345 167
v 10596 251 138
v 10597 520 256
v 10598 124 63
v 10599 44 26
v 10600 655 297
v 10601 420 193
v 10602 321 150
v 10603 181 85
v 10604 346 182
v 10605 135 66
v 10606 171 85
v 10607 131 68
v 10608 249 113
v 10609 130 50
v 10610 250 133
v 10615 324 154
v 10616 123 57
v 10617 245 114
v 10619 472 249
v 10622 215 107
v 10624 473 244
v 10625 211 116
v 10627 177 94
v 10631 386 182
v 10632 138 67
v 10633 101 50
v 10634 129 61
v 10641 140 75
v 10651 80 41
v 10795 294 151
v 10796 943 532
v 10797 297 150
v 10798 257 155
v 10799 630 343
v 10800 776 440
v 10801 1008 520
v 10802 250 133
v 10803 225 131
v 10804 105 64
v 10805 677 412
v 10806 1147 599
v 10807 296 142
v 10808 287 168
v 10809 125 63
v 10810 192 107
v 10811 265 151
v 10812 590 328
v 10813 84 39
v 10814 513 258
v 10815 359 210
v 10816 618 330
v 10817 44 24
v 10818 17 4
v 10819 761 385
v 10820 548 304
v 10821 559 340
v 10822 435 255
v 10823 1299 709
v 10824 248 157
v 10825 188 91
v 10826 1064 534
v 10827 859 480
v 10828 838 459
v 10829 72 34
v 10830 137 57
v 10831 131 77
v 10832 184 93
v 10833 404 210
v 10834 110 56
v 10835 183 103
v 10836 1403 754
v 10837 806 407
v 10838 1471 805
v 10839 711 394
v 10840 539 284
v 10841 71 40
v 10842 226 121
v 10843 163 88
v 10844 91 44
v 10845 1031 559
v 10846 214 129
v 10847 186 91
v 10848 644 372
v 10849 692 372
v 10850 335 185
v 10851 535 273
v 10852 340 197
v 10853 995 549
v 10854 229 119
v 10855 53 29
v 10856 1206 650
v 10857 790 411
v 10858 519 274
v 10859 285 169
v 10860 630 324
v 10861 217 118
v 10862 294 136
v 10863 194 102
v 10864 357 196
v 10865 208 105
v 10866 389 235
v 10871 502 285
v 10872 205 110
v 10873 406 225
v 10875 696 399
v 10878 289 148
v 10880 711 387
v 10881 296 169
v 10883 255 150
v 10887 628 318
v 10888 220 120
v 10889 152 81
v 10890 186 122
v 10897 213 121
v 10907 86 47
v 11052 291 140
v 11053 87 37
v 11054 75 43
v 11055 229 126
v 11056 234 108
v 11057 286 128
v 11058 88 39
v 11059 66 31
v 11060 37 14
v 11061 219 108
v 11062 327 157
v 11063 104 51
v 11064 91 45
v 11065 48 20
v 11066 70 35
v 11067 91 56
v 11068 158 79
v 11069 29 14
v 11070 150 60
v 11071 128 55
v 11072 188 85
v 11073 12 7
v 11074 6 5
v 11075 220 89
v 11076 162 72
v 11077 140 77
v 11078 129 60
v 11079 382 178
v 11080 79 33
v 11081 67 32
v 11082 345 164
v 11083 236 116
v 11084 277 115
v 11085 21 11
v 11086 42 23
v 11087 23 12
v 11088 66 29
v 11089 122 47
v 11090 37 17
v 11091 48 21
v 11092 435 189
v 11093 273 116
v 11094 391 191
v 11095 224 115
v 11096 175 77
v 11097 16 5
v 11098 65 23
v 11099 51 19
v 11100 20 10
v 11101 307 141
v 11102 53 25
v 11103 59 29
v 11104 166 81
v 11105 202 96
v 11106 106 52
v 11107 138 67
v 11108 111 64
v 11109 292 166
v 11110 67 34
v 11111 7 3
v 11112 305 139
v 11113 186 84
v 11114 134 64
v 11115 95 55
v 11116 142 82
v 11117 50 21
v 11118 81 34
v 11119 56 28
v 11120 111 47
v 11121 58 22
v 11122 120 63
v 11127 143 67
v 11128 63 32
v 11129 111 54
v 11131 222 113
v 11134 80 37
v 11136 220 95
v 11137 84 42
v 11139 68 31
v 11143 185 93
v 11144 60 21
v 11145 32 13
v 11146 64 35
v 11153 68 38
v 11163 30 17
v 11309 272 142
v 11310 273 139
v 11311 613 299
v 11312 719 360
v 11313 818 387
v 11314 282 143
v 11315 213 108
v 11316 117 54
v 11317 738 439
v 11318 1165 569
v 11319 264 147
v 11320 323 167
v 11321 128 63
v 11322 173 97
v 11323 278 150
v 11324 469 229
v 11325 99 53
v 11326 466 241
v 11327 408 213
v 11328 679 349
v 11329 49 27
v 11330 26 20
v 11331 770 382
v 11332 501 255
v 11333 338 175
v 11334 475 226
v 11335 1173 572
v 11336 252 134
v 11337 196 106
v 11338 1116 557
v 11339 738 368
v 11340 710 309
v 11341 71 35
v 11342 139 61
v 11343 103 52
v 11344 201 103
v 11345 393 191
v 11346 93 40
v 11347 165 96
v 11348 1275 601
v 11349 808 408
v 11350 1373 716
v 11351 627 335
v 11352 403 178
v 11353 77 39
v 11354 274 143
v 11355 197 89
v 11356 67 36
v 11357 945 466
v 11358 186 96
v 11359 228 102
v 11360 515 237
v 11361 593 286
v 11362 311 161
v 11363 503 232
v 11364 310 156
v 11365 883 458
v 11366 193 99
v 11367 48 29
v 11368 1027 491
v 11369 645 296
v 11370 380 190
v 11371 245 114
v 11372 525 282
v 11373 209 109
v 11374 254 106
v 11375 201 107
v 11376 342 193
v 11377 216 102
v 11378 374 209
v 11383 448 214
v 11384 165 84
v 11385 392 158
v 11387 676 337
v 11390 280 116
v 11392 657 354
v 11393 302 147
v 11395 269 149
v 11399 571 274
v 11400 234 115
v 11401 136 69
v 11402 181 99
v 11409 206 106
v 11419 100 47
v 11566 92 59
v 11567 186 105
v 11568 228 105
v 11569 252 119
v 11570 96 40
v 11571 60 23
v 11572 33 18
v 11573 215 120
v 11574 341 180
v 11575 111 56
v 11576 100 56
v 11577 52 25
v 11578 53 23
v 11579 93 47
v 11580 211 88
v 11581 25 9
v 11582 153 68
v 11583 118 60
v 11584 205 108
v 11585 14 10
v 11586 8 2
v 11587 233 120
v 11588 146 73
v 11589 162 92
v 11590 139 60
v 11591 360 172
v 11592 96 48
v 11593 65 31
v 11594 386 185
v 11595 278 159
v 11596 278 124
v 11597 20 10
v 11598 47 26
v 11599 46 24
v 11600 50 28
v 11601 101 47
v 11602 30 15
v 11603 52 27
v 11604 451 218
v 11605 272 148
v 11606 480 272
v 11607 225 114
v 11608 177 87
v 11609 27 17
v 11610 81 45
v 11611 55 17
v 11612 29 13
v 11613 306 174
v 11614 67 42
v 11615 60 29
v 11616 171 82
v 11617 219 117
v 11618 116 56
v 11619 145 71
v 11620 111 64
v 11621 352 179
v 11622 72 38
v 11623 29 13
v 11624 282 148
v 11625 210 109
v 11626 149 80
v 11627 96 43
v 11628 172 88
v 11629 63 31
v 11630 104 57
v 11631 78 36
v 11632 134 73
v 11633 74 30
v 11634 129 77
v 11639 170 96
v 11640 69 35
v 11641 122 58
v 11643 224 122
v 11646 95 48
v 11648 209 109
v 11649 100 52
v 11651 100 52
v 11655 180 85
v 11656 66 35
v 11657 49 33
v 11658 133 68
v 11665 60 32
v 11675 39 19
v 11823 155 82
v 11824 269 118
v 11825 263 93
v 11826 106 48
v 11827 63 31
v 11828 56 26
v 11829 207 113
v 11830 377 165
v 11831 111 52
v 11832 107 51
v 11833 43 18
v 11834 46 27
v 11835 80 46
v 11836 161 63
v 11837 33 13
v 11838 142 67
v 11839 117 63
v 11840 180 85
v 11841 12 7
v 11842 8 4
v 11843 171 59
v 11844 151 68
v 11845 114 56
v 11846 159 75
v 11847 381 183
v 11848 66 32
v 11849 59 32
v 11850 414 198
v 11851 192 86
v 11852 215 96
v 11853 22 10
v 11854 46 16
v 11855 38 15
v 11856 65 25
v 11857 84 34
v 11858 44 15
v 11859 41 16
v 11860 368 159
v 11861 223 102
v 11862 443 217
v 11863 201 102
v 11864 138 72
v 11865 27 10
v 11866 113 53
v 11867 61 33
v 11868 29 14
v 11869 252 105
v 11870 61 29
v 11871 52 24
v 11872 162 74
v 11873 236 106
v 11874 106 52
v 11875 144 72
v 11876 132 61
v 11877 286 133
v 11878 56 26
v 11879 19 5
v 11880 354 166
v 11881 295 131
v 11882 153 65
v 11883 82 33
v 11884 126 64
v 11885 90 36
v 11886 87 27
v 11887 69 29
v 11888 119 49
v 11889 84 31
v 11890 89 49
v 11895 115 47
v 11896 69 33
v 11897 117 48
v 11899 189 94
v 11902 68 24
v 11904 246 113
v 11905 96 45
v 11907 85 34
v 11911 200 91
v 11912 72 36
v 11913 53 18
v 11914 48 32
v 11921 62 30
v 11931 31 13
v 12080 475 244
v 12081 566 276
v 12082 174 92
v 12083 134 61
v 12084 83 44
v 12085 446 225
v 12086 619 303
v 12087 187 86
v 12088 230 107
v 12089 91 46
v 12090 164 90
v 12091 235 146
v 12092 331 164
v 12093 56 23
v 12094 297 142
v 12095 289 131
v 12096 391 194
v 12097 34 22
v 12098 10 6
v 12099 440 216
v 12100 328 147
v 12101 284 144
v 12102 234 104
v 12103 767 367
v 12104 191 91
v 12105 132 61
v 12106 660 320
v 12107 525 267
v 12108 625 277
v 12109 42 22
v 12110 83 37
v 12111 57 29
v 12112 114 48
v 12113 237 100
v 12114 59 21
v 12115 91 53
v 12116 842 426
v 12117 563 274
v 12118 792 353
v 12119 386 199
v 12120 342 145
v 12121 75 39
v 12122 146 74
v 12123 100 49
v 12124 47 18
v 12125 583 304
v 12126 158 78
v 12127 142 73
v 12128 388 200
v 12129 380 192
v 12130 229 117
v 12131 454 258
v 12132 210 108
v 12133 575 283
v 12134 155 73
v 12135 43 22
v 12136 594 272
v 12137 433 194
v 12138 249 133
v 12139 184 102
v 12140 358 186
v 12141 121 62
v 12142 159 69
v 12143 121 64
v 12144 207 96
v 12145 120 46
v 12146 224 114
v 12151 319 149
v 12152 104 42
v 12153 228 101
v 12155 430 236
v 12158 176 84
v 12160 401 212
v 12161 157 83
v 12163 153 73
v 12167 357 167
v 12168 130 57
v 12169 84 46
v 12170 108 59
v 12177 118 58
v 12187 53 34
v 12337 731 335
v 12338 226 106
v 12339 182 95
v 12340 94 42
v 12341 541 295
v 12342 924 451
v 12343 306 156
v 12344 237 129
v 12345 132 57
v 12346 148 80
v 12347 184 115
v 12348 412 212
v 12349 99 47
v 12350 411 197
v 12351 309 168
v 12352 471 247
v 12353 38 17
v 12354 25 15
v 12355 535 246
v 12356 387 184
v 12357 340 192
v 12358 355 171
v 12359 935 417
v 12360 206 95
v 12361 154 77
v 12362 953 455
v 12363 615 302
v 12364 666 320
v 12365 70 40
v 12366 135 64
v 12367 99 57
v 12368 182 87
v 12369 319 154
v 12370 95 47
v 12371 123 71
v 12372 974 473
v 12373 652 358
v 12374 1071 532
v 12375 487 247
v 12376 368 171
v 12377 67 26
v 12378 219 100
v 12379 182 86
v 12380 80 36
v 12381 798 414
v 12382 136 65
v 12383 136 71
v 12384 416 184
v 12385 557 276
v 12386 261 146
v 12387 320 150
v 12388 319 154
v 12389 680 319
v 12390 159 82
v 12391 53 24
v 12392 807 351
v 12393 576 276
v 12394 428 224
v 12395 273 134
v 12396 402 210
v 12397 232 127
v 12398 243 111
v 12399 170 76
v 12400 350 185
v 12401 188 92
v 12402 295 151
v 12407 409 201
v 12408 177 92
v 12409 357 183
v 12411 618 300
v 12414 249 129
v 12416 577 302
v 12417 259 140
v 12419 285 152
v 12423 520 251
v 12424 225 117
v 12425 121 63
v 12426 157 78
v 12433 211 103
v 12443 68 28
v 12594 268 136
v 12595 224 126
v 12596 133 55
v 12597 654 386
v 12598 1099 567
v 12599 333 176
v 12600 300 161
v 12601 130 66
v 12602 168 106
v 12603 252 122
v 12604 536 254
v 12605 94 52
v 12606 518 249
v 12607 347 196
v 12608 551 299
v 12609 49 29
v 12610 25 14
v 12611 754 376
v 12612 436 234
v 12613 469 273
v 12614 447 238
v 12615 1135 544
v 12616 216 127
v 12617 182 102
v 12618 1142 583
v 12619 784 436
v 12620 905 433
v 12621 76 37
v 12622 177 79
v 12623 118 60
v 12624 194 92
v 12625 308 164
v 12626 108 51
v 12627 152 85
v 12628 1193 620
v 12629 802 393
v 12630 1344 709
v 12631 659 329
v 12632 558 288
v 12633 62 32
v 12634 247 124
v 12635 181 94
v 12636 106 50
v 12637 997 528
v 12638 196 97
v 12639 138 70
v 12640 522 276
v 12641 684 347
v 12642 357 200
v 12643 446 239
v 12644 354 179
v 12645 815 429
v 12646 184 97
v 12647 55 32
v 12648 996 523
v 12649 714 341
v 12650 459 244
v 12651 307 161
v 12652 551 306
v 12653 281 147
v 12654 311 160
v 12655 221 112
v 12656 387 216
v 12657 225 116
v 12658 343 200
v 12663 523 266
v 12664 188 112
v 12665 398 196
v 12667 732 414
v 12670 262 134
v 12672 663 353
v 12673 298 158
v 12675 322 161
v 12679 659 345
v 12680 222 115
v 12681 134 75
v 12682 167 92
v 12689 212 119
v 12699 107 52
v 12851 69 35
v 12852 39 19
v 12853 231 131
v 12854 344 183
v 12855 94 54
v 12856 82 49
v 12857 52 26
v 12858 45 26
v 12859 80 46
v 12860 183 86
v 12861 36 23
v 12862 179 92
v 12863 125 63
v 12864 168 85
v 12865 17 9
v 12866 10 6
v 12867 229 107
v 12868 164 69
v 12869 132 66
v 12870 152 70
v 12871 354 159
v 12872 77 31
v 12873 51 27
v 12874 400 189
v 12875 239 114
v 12876 230 116
v 12877 30 15
v 12878 40 19
v 12879 51 26
v 12880 63 35
v 12881 93 42
v 12882 40 18
v 12883 46 22
v 12884 385 201
v 12885 260 128
v 12886 447 222
v 12887 204 109
v 12888 123 59
v 12889 31 19
v 12890 98 48
v 12891 71 41
v 12892 18 9
v 12893 285 133
v 12894 59 33
v 12895 72 42
v 12896 128 74
v 12897 206 94
v 12898 88 46
v 12899 152 66
v 12900 124 60
v 12901 270 126
v 12902 56 22
v 12903 18 8
v 12904 269 143
v 12905 271 136
v 12906 148 72
v 12907 91 50
v 12908 135 74
v 12909 82 42
v 12910 97 57
v 12911 73 34
v 12912 139 76
v 12913 71 34
v 12914 126 62
v 12919 153 71
v 12920 65 32
v 12921 132 67
v 12923 263 147
v 12926 99 46
v 12928 201 100
v 12929 85 47
v 12931 118 68
v 12935 210 110
v 12936 65 38
v 12937 49 23
v 12938 58 30
v 12945 76 48
v 12955 38 13
v 13108 30 14
v 13109 148 74
v 13110 265 134
v 13111 67 32
v 13112 78 45
v 13113 27 16
v 13114 54 29
v 13115 67 34
v 13116 113 51
v 13117 30 12
v 13118 130 55
v 13119 108 59
v 13120 143 64
v 13121 13 8
v 13122 4 3
v 13123 152 65
v 13124 149 72
v 13125 86 50
v 13126 132 66
v 13127 281 154
v 13128 66 37
v 13129 50 31
v 13130 263 122
v 13131 168 81
v 13132 215 95
v 13133 17 9
v 13134 42 17
v 13135 33 16
v 13136 35 19
v 13137 90 43
v 13138 21 8
v 13139 41 22
v 13140 317 143
v 13141 194 90
v 13142 337 164
v 13143 176 83
v 13144 131 64
v 13145 26 10
v 13146 72 31
v 13147 49 24
v 13148 15 6
v 13149 235 132
v 13150 30 17
v 13151 39 11
v 13152 145 76
v 13153 163 83
v 13154 100 56
v 13155 121 52
v 13156 113 53
v 13157 175 91
v 13158 49 23
v 13159 20 13
v 13160 276 133
v 13161 160 67
v 13162 105 48
v 13163 78 34
v 13164 134 77
v 13165 66 33
v 13166 81 35
v 13167 47 23
v 13168 87 42
v 13169 53 26
v 13170 97 53
v 13175 122 55
v 13176 50 28
v 13177 90 43
v 13179 181 88
v 13182 76 36
v 13184 170 88
v 13185 92 45
v 13187 68 36
v 13191 159 73
v 13192 45 23
v 13193 35 15
v 13194 47 24
v 13201 51 26
v 13211 32 16
v 13365 94 53
v 13366 143 77
v 13367 60 32
v 13368 44 21
v 13369 12 6
v 13370 33 15
v 13371 35 17
v 13372 71 32
v 13373 13 6
v 13374 79 37
v 13375 35 24
v 13376 64 29
v 13377 4 2
v 13378 5 4
v 13379 79 42
v 13380 56 27
v 13381 66 36
v 13382 60 32
v 13383 154 83
v 13384 29 18
v 13385 25 13
v 13386 153 73
v 13387 99 60
v 13388 128 58
v 13389 20 12
v 13390 25 12
v 13391 14 9
v 13392 28 14
v 13393 57 31
v 13394 16 5
v 13395 15 9
v 13396 184 83
v 13397 109 47
v 13398 203 105
v 13399 98 55
v 13400 67 29
v 13401 17 9
v 13402 35 25
v 13403 17 11
v 13404 12 9
v 13405 149 78
v 13406 28 11
v 13407 23 12
v 13408 66 38
v 13409 109 60
v 13410 61 41
v 13411 66 42
v 13412 61 38
v 13413 90 51
v 13414 25 11
v 13415 9 5
v 13416 123 60
v 13417 107 54
v 13418 56 31
v 13419 41 28
v 13420 69 36
v 13421 38 17
v 13422 48 23
v 13423 26 10
v 13424 67 41
v 13425 37 17
v 13426 48 20
v 13431 75 40
v 13432 33 16
v 13433 71 34
v 13435 110 63
v 13438 44 20
v 13440 99 56
v 13441 50 31
v 13443 42 23
v 13447 90 37
v 13448 44 24
v 13449 18 8
v 13450 38 19
v 13457 35 16
v 13467 23 11
v 13622 798 349
v 13623 249 113
v 13624 213 102
v 13625 107 48
v 13626 140 81
v 13627 206 116
v 13628 335 135
v 13629 46 24
v 13630 341 140
v 13631 299 139
v 13632 445 204
v 13633 30 15
v 13634 11 6
v 13635 612 237
v 13636 348 158
v 13637 331 159
v 13638 345 149
v 13639 875 357
v 13640 201 93
v 13641 154 70
v 13642 933 421
v 13643 593 263
v 13644 592 254
v 13645 55 25
v 13646 112 48
v 13647 88 41
v 13648 170 84
v 13649 278 111
v 13650 94 33
v 13651 134 74
v 13652 1020 473
v 13653 668 294
v 13654 1111 488
v 13655 478 222
v 13656 347 131
v 13657 73 25
v 13658 198 88
v 13659 124 52
v 13660 64 21
v 13661 708 312
v 13662 139 66
v 13663 138 66
v 13664 373 174
v 13665 527 225
v 13666 307 146
v 13667 370 186
v 13668 284 129
v 13669 640 283
v 13670 138 70
v 13671 46 24
v 13672 688 266
v 13673 557 231
v 13674 363 125
v 13675 200 70
v 13676 432 208
v 13677 193 78
v 13678 253 114
v 13679 150 78
v 13680 270 127
v 13681 149 64
v 13682 310 153
v 13687 379 176
v 13688 136 59
v 13689 310 143
v 13691 510 229
v 13694 232 112
v 13696 547 238
v 13697 241 110
v 13699 221 97
v 13703 454 166
v 13704 194 85
v 13705 122 47
v 13706 137 57
v 13713 169 80
v 13723 72 28
v 13879 350 174
v 13880 362 186
v 13881 157 72
v 13882 207 127
v 13883 298 164
v 13884 596 280
v 13885 105 42
v 13886 600 284
v 13887 446 246
v 13888 734 409
v 13889 53 29
v 13890 27 12
v 13891 1015 541
v 13892 493 259
v 13893 494 235
v 13894 622 314
v 13895 1300 599
v 13896 307 168
v 13897 248 132
v 13898 1505 791
v 13899 913 479
v 13900 1030 482
v 13901 88 51
v 13902 207 102
v 13903 140 80
v 13904 266 141
v 13905 354 177
v 13906 104 40
v 13907 187 103
v 13908 1581 809
v 13909 1061 559
v 13910 1684 854
v 13911 828 412
v 13912 637 299
v 13913 78 42
v 13914 333 174
v 13915 204 94
v 13916 85 39
v 13917 1249 627
v 13918 213 106
v 13919 217 109
v 13920 827 488
v 13921 849 442
v 13922 389 213
v 13923 499 258
v 13924 442 238
v 13925 971 477
v 13926 213 93
v 13927 81 43
v 13928 1243 619
v 13929 1014 532
v 13930 571 292
v 13931 384 197
v 13932 767 433
v 13933 300 161
v 13934 419 224
v 13935 214 115
v 13936 444 224
v 13937 239 105
v 13938 474 249
v 13943 603 331
v 13944 249 130
v 13945 467 207
v 13947 861 461
v 13950 371 195
v 13952 822 443
v 13953 356 203
v 13955 313 162
v 13959 733 371
v 13960 236 118
v 13961 214 121
v 13962 212 109
v 13969 275 137
v 13979 124 62
v 14136 114 56
v 14137 50 26
v 14138 68 42
v 14139 73 43
v 14140 216 95
v 14141 37 18
v 14142 184 79
v 14143 110 52
v 14144 203 114
v 14145 14 9
v 14146 7 6
v 14147 247 118
v 14148 156 67
v 14149 189 89
v 14150 143 67
v 14151 423 203
v 14152 93 54
v 14153 63 32
v 14154 394 197
v 14155 270 139
v 14156 332 149
v 14157 39 24
v 14158 70 28
v 14159 50 32
v 14160 93 48
v 14161 103 52
v 14162 37 13
v 14163 58 26
v 14164 418 205
v 14165 274 133
v 14166 568 281
v 14167 230 115
v 14168 185 83
v 14169 18 9
v 14170 91 40
v 14171 62 32
v 14172 27 10
v 14173 310 148
v 14174 62 36
v 14175 70 33
v 14176 197 106
v 14177 273 128
v 14178 126 66
v 14179 148 74
v 14180 145 74
v 14181 279 123
v 14182 68 27
v 14183 20 12
v 14184 342 149
v 14185 263 125
v 14186 187 88
v 14187 118 55
v 14188 187 92
v 14189 81 44
v 14190 119 65
v 14191 81 35
v 14192 128 60
v 14193 93 37
v 14194 133 79
v 14199 189 91
v 14200 86 44
v 14201 137 54
v 14203 273 139
v 14206 125 72
v 14208 253 127
v 14209 106 50
v 14211 111 53
v 14215 221 110
v 14216 84 43
v 14217 48 25
v 14218 64 32
v 14225 91 42
v 14235 45 23
v 14393 48 27
v 14394 56 36
v 14395 101 48
v 14396 154 73
v 14397 35 19
v 14398 151 68
v 14399 134 73
v 14400 192 93
v 14401 15 8
v 14402 8 3
v 14403 266 100
v 14404 165 85
v 14405 144 84
v 14406 140 71
v 14407 331 156
v 14408 82 43
v 14409 75 38
v 14410 377 171
v 14411 317 146
v 14412 311 143
v 14413 28 10
v 14414 50 25
v 14415 44 30
v 14416 70 27
v 14417 105 52
v 14418 34 12
v 14419 53 30
v 14420 381 181
v 14421 311 150
v 14422 455 238
v 14423 213 101
v 14424 151 72
v 14425 27 10
v 14426 107 58
v 14427 67 36
v 14428 28 13
v 14429 321 160
v 14430 74 29
v 14431 73 32
v 14432 185 102
v 14433 207 95
v 14434 106 57
v 14435 154 83
v 14436 113 55
v 14437 293 147
v 14438 72 30
v 14439 17 9
v 14440 348 156
v 14441 247 105
v 14442 147 71
v 14443 95 51
v 14444 178 101
v 14445 71 33
v 14446 121 60
v 14447 63 30
v 14448 123 62
v 14449 67 28
v 14450 128 58
v 14455 173 87
v 14456 81 45
v 14457 139 72
v 14459 267 149
v 14462 92 42
v 14464 208 109
v 14465 66 24
v 14467 115 55
v 14471 189 99
v 14472 71 42
v 14473 45 18
v 14474 66 29
v 14481 61 29
v 14491 38 25
v 14650 31 21
v 14651 54 25
v 14652 74 40
v 14653 19 7
v 14654 78 37
v 14655 61 31
v 14656 102 58
v 14657 8 4
v 14658 2 1
v 14659 108 56
v 14660 83 48
v 14661 80 41
v 14662 69 38
v 14663 192 97
v 14664 38 22
v 14665 47 25
v 14666 193 107
v 14667 103 45
v 14668 136 65
v 14669 16 6
v 14670 34 17
v 14671 23 14
v 14672 35 15
v 14673 56 34
v 14674 16 7
v 14675 24 11
v 14676 220 122
v 14677 136 66
v 14678 222 116
v 14679 103 49
v 14680 71 28
v 14681 7 5
v 14682 31 18
v 14683 41 24
v 14684 18 6
v 14685 157 90
v 14686 34 15
v 14687 32 19
v 14688 94 42
v 14689 109 50
v 14690 51 28
v 14691 73 41
v 14692 55 27
v 14693 134 64
v 14694 38 16
v 14695 14 7
v 14696 141 77
v 14697 145 69
v 14698 67 39
v 14699 40 23
v 14700 80 47
v 14701 25 11
v 14702 56 23
v 14703 35 18
v 14704 51 29
v 14705 41 19
v 14706 43 25
v 14711 64 30
v 14712 20 10
v 14713 62 26
v 14715 110 61
v 14718 45 24
v 14720 90 59
v 14721 51 24
v 14723 58 25
v 14727 92 50
v 14728 43 25
v 14729 26 14
v 14730 53 24
v 14737 31 16
v 14747 18 8
v 14907 77 41
v 14908 88 41
v 14909 20 8
v 14910 108 49
v 14911 73 25
v 14912 120 45
v 14913 12 6
v 14914 7 3
v 14915 129 75
v 14916 113 54
v 14917 100 47
v 14918 95 45
v 14919 243 120
v 14920 47 26
v 14921 37 17
v 14922 216 96
v 14923 157 85
v 14924 167 74
v 14925 11 5
v 14926 35 10
v 14927 13 6
v 14928 36 10
v 14929 62 25
v 14930 25 8
v 14931 28 14
v 14932 267 126
v 14933 189 81
v 14934 224 121
v 14935 167 73
v 14936 94 36
v 14937 17 5
v 14938 51 19
v 14939 33 8
v 14940 19 9
v 14941 194 87
v 14942 40 22
v 14943 37 14
v 14944 127 58
v 14945 138 62
v 14946 96 45
v 14947 99 52
v 14948 72 36
v 14949 154 63
v 14950 40 19
v 14951 27 8
v 14952 196 85
v 14953 145 65
v 14954 91 39
v 14955 60 27
v 14956 117 45
v 14957 46 22
v 14958 73 37
v 14959 42 22
v 14960 84 48
v 14961 43 15
v 14962 91 49
v 14967 95 47
v 14968 34 16
v 14969 85 40
v 14971 121 56
v 14974 49 27
v 14976 154 76
v 14977 48 23
v 14979 50 24
v 14983 95 38
v 14984 62 23
v 14985 44 19
v 14986 44 21
v 14993 47 22
v 15003 16 6
v 15164 151 74
v 15165 20 7
v 15166 160 75
v 15167 111 52
v 15168 176 80
v 15169 16 8
v 15170 6 3
v 15171 183 72
v 15172 138 53
v 15173 117 62
v 15174 144 67
v 15175 363 151
v 15176 51 25
v 15177 58 30
v 15178 355 157
v 15179 231 100
v 15180 291 143
v 15181 23 9
v 15182 50 24
v 15183 27 12
v 15184 73 28
v 15185 87 39
v 15186 29 10
v 15187 60 32
v 15188 383 195
v 15189 257 127
v 15190 396 195
v 15191 179 80
v 15192 138 64
v 15193 32 20
v 15194 96 46
v 15195 49 27
v 15196 27 11
v 15197 269 127
v 15198 53 21
v 15199 66 31
v 15200 148 61
v 15201 180 77
v 15202 101 54
v 15203 127 56
v 15204 115 55
v 15205 241 129
v 15206 63 26
v 15207 23 8
v 15208 307 127
v 15209 248 98
v 15210 138 68
v 15211 80 34
v 15212 174 80
v 15213 87 39
v 15214 75 38
v 15215 58 31
v 15216 104 51
v 15217 73 29
v 15218 108 56
v 15223 132 71
v 15224 52 27
v 15225 120 53
v 15227 191 92
v 15230 94 50
v 15232 200 99
v 15233 82 36
v 15235 78 28
v 15239 161 68
v 15240 52 17
v 15241 32 21
v 15242 50 20
v 15249 74 38
v 15259 27 15
v 15421 56 24
v 15422 259 121
v 15423 194 112
v 15424 292 148
v 15425 26 13
v 15426 17 12
v 15427 406 196
v 15428 267 141
v 15429 251 154
v 15430 245 137
v 15431 535 258
v 15432 123 73
v 15433 108 57
v 15434 696 349
v 15435 469 248
v 15436 472 234
v 15437 41 20
v 15438 104 56
v 15439 86 53
v 15440 101 46
v 15441 182 91
v 15442 64 32
v 15443 58 31
v 15444 586 289
v 15445 402 207
v 15446 917 490
v 15447 379 185
v 15448 286 157
v 15449 48 19
v 15450 151 74
v 15451 104 49
v 15452 34 12
v 15453 470 251
v 15454 107 67
v 15455 99 48
v 15456 319 181
v 15457 386 186
v 15458 198 106
v 15459 214 106
v 15460 239 131
v 15461 514 280
v 15462 93 44
v 15463 36 21
v 15464 555 283
v 15465 351 182
v 15466 280 135
v 15467 159 91
v 15468 292 162
v 15469 133 70
v 15470 192 90
v 15471 144 72
v 15472 250 131
v 15473 130 54
v 15474 217 128
v 15479 269 138
v 15480 111 68
v 15481 250 135
v 15483 408 219
v 15486 169 87
v 15488 381 212
v 15489 156 84
v 15491 203 108
v 15495 405 184
v 15496 140 69
v 15497 86 42
v 15498 90 43
v 15505 142 72
v 15515 54 30
v 15678 47 24
v 15679 42 25
v 15680 52 24
v 15681 2 1
v 15682 4 2
v 15683 54 27
v 15684 37 15
v 15685 27 14
v 15686 50 27
v 15687 105 46
v 15688 12 7
v 15689 19 9
v 15690 144 79
v 15691 68 35
v 15692 70 32
v 15693 9 6
v 15694 18 11
v 15695 16 9
v 15696 22 6
v 15697 35 18
v 15698 18 8
v 15699 18 11
v 15700 116 58
v 15701 72 30
v 15702 129 76
v 15703 50 31
v 15704 37 14
v 15705 13 4
v 15706 31 22
v 15707 26 16
v 15708 10 4
v 15709 87 50
v 15710 26 14
v 15711 20 8
v 15712 51 25
v 15713 58 24
v 15714 33 22
v 15715 51 25
v 15716 34 17
v 15717 92 50
v 15718 20 14
v 15719 15 9
v 15720 90 51
v 15721 94 47
v 15722 42 29
v 15723 29 12
v 15724 34 15
v 15725 23 14
v 15726 35 15
v 15727 28 13
v 15728 40 21
v 15729 50 32
v 15730 38 22
v 15735 52 25
v 15736 15 8
v 15737 45 24
v 15739 75 41
v 15742 25 11
v 15744 73 33
v 15745 37 15
v 15747 25 15
v 15751 66 35
v 15752 33 21
v 15753 16 7
v 15754 15 7
v 15761 27 19
v 15771 12 6
v 15935 182 102
v 15936 304 167
v 15937 29 19
v 15938 20 9
v 15939 375 215
v 15940 269 144
v 15941 277 170
v 15942 202 106
v 15943 682 360
v 15944 137 78
v 15945 101 59
v 15946 644 345
v 15947 415 222
v 15948 547 266
v 15949 44 25
v 15950 94 49
v 15951 80 39
v 15952 118 76
v 15953 182 90
v 15954 57 36
v 15955 94 51
v 15956 748 377
v 15957 458 239
v 15958 791 415
v 15959 385 208
v 15960 323 156
v 15961 40 18
v 15962 141 74
v 15963 122 59
v 15964 42 22
v 15965 641 313
v 15966 107 55
v 15967 111 49
v 15968 277 157
v 15969 419 202
v 15970 189 99
v 15971 233 131
v 15972 193 95
v 15973 496 259
v 15974 125 79
v 15975 35 15
v 15976 519 241
v 15977 452 232
v 15978 279 133
v 15979 183 102
v 15980 262 146
v 15981 126 70
v 15982 192 92
v 15983 113 60
v 15984 219 121
v 15985 123 65
v 15986 220 115
v 15991 260 121
v 15992 106 66
v 15993 252 131
v 15995 422 238
v 15998 156 84
v 16000 345 185
v 16001 160 89
v 16003 155 82
v 16007 332 179
v 16008 119 58
v 16009 99 58
v 16010 103 50
v 16017 152 98
v 16027 68 31
v 16192 280 145
v 16193 22 9
v 16194 7 5
v 16195 251 113
v 16196 222 124
v 16197 146 81
v 16198 208 102
v 16199 464 228
v 16200 110 53
v 16201 85 46
v 16202 474 234
v 16203 291 131
v 16204 345 159
v 16205 30 15
v 16206 50 24
v 16207 61 40
v 16208 99 56
v 16209 149 77
v 16210 51 27
v 16211 51 23
v 16212 526 238
v 16213 376 189
v 16214 545 253
v 16215 269 118
v 16216 213 92
v 16217 43 17
v 16218 104 50
v 16219 67 30
v 16220 32 11
v 16221 356 176
v 16222 72 33
v 16223 86 29
v 16224 221 117
v 16225 259 136
v 16226 131 71
v 16227 205 108
v 16228 171 82
v 16229 330 153
v 16230 83 42
v 16231 23 11
v 16232 447 181
v 16233 283 122
v 16234 143 64
v 16235 102 44
v 16236 213 110
v 16237 92 42
v 16238 132 65
v 16239 97 53
v 16240 142 68
v 16241 82 26
v 16242 152 81
v 16247 202 98
v 16248 55 23
v 16249 167 65
v 16251 248 123
v 16254 119 58
v 16256 295 143
v 16257 151 65
v 16259 108 54
v 16263 195 96
v 16264 93 46
v 16265 58 29
v 16266 70 34
v 16273 76 44
v 16283 23 8
v 16449 31 12
v 16450 13 6
v 16451 492 225
v 16452 333 160
v 16453 238 124
v 16454 337 196
v 16455 825 385
v 16456 174 91
v 16457 139 69
v 16458 788 376
v 16459 505 266
v 16460 503 215
v 16461 38 28
v 16462 99 40
v 16463 76 41
v 16464 106 56
v 16465 228 109
v 16466 66 33
v 16467 90 49
v 16468 966 452
v 16469 663 329
v 16470 992 432
v 16471 467 232
v 16472 314 129
v 16473 42 13
v 16474 147 69
v 16475 103 53
v 16476 46 24
v 16477 647 299
v 16478 127 62
v 16479 128 52
v 16480 375 173
v 16481 453 204
v 16482 189 93
v 16483 334 166
v 16484 272 123
v 16485 583 292
v 16486 143 58
v 16487 33 18
v 16488 742 326
v 16489 458 209
v 16490 275 145
v 16491 195 89
v 16492 380 187
v 16493 138 73
v 16494 202 92
v 16495 131 66
v 16496 230 113
v 16497 149 67
v 16498 244 126
v 16503 327 147
v 16504 137 68
v 16505 288 139
v 16507 449 227
v 16510 171 82
v 16512 465 244
v 16513 218 111
v 16515 195 87
v 16519 363 179
v 16520 142 70
v 16521 83 37
v 16522 136 75
v 16529 145 75
v 16539 72 28
v 16707 24 11
v 16708 19 11
v 16709 19 8
v 16710 30 14
v 16711 59 22
v 16712 15 6
v 16713 10 3
v 16714 72 30
v 16715 44 17
v 16716 47 18
v 16717 7 2
v 16718 9 6
v 16719 8 3
v 16720 14 8
v 16721 17 5
v 16722 6 3
v 16723 11 4
v 16724 42 16
v 16725 46 21
v 16726 80 42
v 16727 31 13
v 16728 23 8
v 16729 7 4
v 16730 9 5
v 16731 11 6
v 16732 9 4
v 16733 57 26
v 16734 6 4
v 16735 10 1
v 16736 28 13
v 16737 33 14
v 16738 14 6
v 16739 19 9
v 16740 14 6
v 16741 38 15
v 16742 10 5
v 16744 60 21
v 16745 38 17
v 16746 24 7
v 16747 18 6
v 16748 21 8
v 16749 10 4
v 16750 15 3
v 16751 13 5
v 16752 26 12
v 16753 14 5
v 16754 22 10
v 16759 20 9
v 16760 19 11
v 16761 12 5
v 16763 35 15
v 16766 13 6
v 16768 38 16
v 16769 23 9
v 16771 20 6
v 16775 31 10
v 16776 14 9
v 16777 5 5
v 16778 8 3
v 16785 16 7
v 16795 6 1
v 16963 14 7
v 16964 10 3
v 16965 9 5
v 16966 8 4
v 16967 25 11
v 16968 8 4
v 16969 4 3
v 16970 23 10
v 16971 13 10
v 16972 13 6
v 16973 2 2
v 16974 4 2
v 16975 4 3
v 16976 5 3
v 16977 9 5
v 16978 2 0
v 16979 3 1
v 16980 24 15
v 16981 16 6
v 16982 40 17
v 16983 18 8
v 16984 7 2
v 16986 9 5
v 16987 9 5
v 16988 3 1
v 16989 16 5
v 16990 4 2
v 16991 2 1
v 16992 14 7
v 16993 17 9
v 16994 12 6
v 16995 8 3
v 16996 8 5
v 16997 12 6
v 16998 5 1
v 16999 1 0
v 17000 17 5
v 17001 29 7
v 17002 11 6
v 17003 7 5
v 17004 10 5
v 17005 8 3
v 17006 5 4
v 17007 5 3
v 17008 7 2
v 17009 9 6
v 17010 6 3
v 17015 4 2
v 17016 2 0
v 17017 14 9
v 17019 18 6
v 17022 6 1
v 17024 16 8
v 17025 7 7
v 17027 8 5
v 17031 14 7
v 17032 8 5
v 17033 1 1
v 17034 8 3
v 17041 8 5
v 17051 3 2
v 17220 436 243
v 17221 375 214
v 17222 333 182
v 17223 924 475
v 17224 201 103
v 17225 124 60
v 17226 791 388
v 17227 694 381
v 17228 641 318
v 17229 69 37
v 17230 98 46
v 17231 102 51
v 17232 179 88
v 17233 239 122
v 17234 61 22
v 17235 122 75
v 17236 1021 541
v 17237 558 267
v 17238 1051 602
v 17239 550 288
v 17240 378 181
v 17241 43 22
v 17242 163 80
v 17243 110 58
v 17244 54 28
v 17245 803 425
v 17246 170 92
v 17247 130 73
v 17248 462 251
v 17249 512 286
v 17250 249 136
v 17251 349 199
v 17252 236 128
v 17253 685 364
v 17254 148 83
v 17255 44 21
v 17256 754 372
v 17257 544 287
v 17258 353 186
v 17259 185 91
v 17260 435 241
v 17261 151 78
v 17262 186 96
v 17263 165 83
v 17264 343 186
v 17265 164 85
v 17266 329 201
v 17271 366 192
v 17272 143 73
v 17273 317 165
v 17275 540 290
v 17278 228 120
v 17280 520 265
v 17281 230 125
v 17283 226 132
v 17287 426 194
v 17288 151 79
v 17289 101 53
v 17290 128 81
v 17297 135 64
v 17307 77 43
v 17477 223 117
v 17478 253 138
v 17479 591 280
v 17480 141 85
v 17481 105 70
v 17482 583 278
v 17483 405 197
v 17484 428 190
v 17485 44 23
v 17486 78 31
v 17487 60 30
v 17488 111 52
v 17489 204 106
v 17490 39 17
v 17491 68 46
v 17492 740 364
v 17493 457 210
v 17494 785 427
v 17495 331 174
v 17496 277 129
v 17497 25 10
v 17498 133 73
v 17499 94 55
v 17500 29 16
v 17501 464 273
v 17502 128 62
v 17503 86 43
v 17504 300 158
v 17505 333 175
v 17506 162 94
v 17507 251 155
v 17508 199 104
v 17509 450 221
v 17510 114 64
v 17511 33 22
v 17512 531 238
v 17513 366 182
v 17514 278 148
v 17515 139 79
v 17516 313 169
v 17517 94 59
v 17518 182 97
v 17519 103 45
v 17520 214 127
v 17521 90 51
v 17522 180 98
v 17527 258 129
v 17528 95 52
v 17529 196 98
v 17531 368 207
v 17534 165 88
v 17536 347 175
v 17537 165 88
v 17539 132 81
v 17543 271 129
v 17544 107 45
v 17545 67 33
v 17546 89 47
v 17553 91 46
v 17563 39 21
v 17734 189 88
v 17735 566 259
v 17736 113 65
v 17737 93 51
v 17738 512 240
v 17739 373 163
v 17740 468 211
v 17741 45 19
v 17742 108 55
v 17743 53 26
v 17744 120 55
v 17745 161 65
v 17746 42 17
v 17747 67 36
v 17748 620 299
v 17749 442 200
v 17750 650 281
v 17751 317 146
v 17752 288 127
v 17753 27 12
v 17754 105 46
v 17755 86 44
v 17756 42 19
v 17757 469 224
v 17758 131 54
v 17759 74 37
v 17760 302 140
v 17761 310 157
v 17762 159 85
v 17763 187 86
v 17764 185 85
v 17765 381 197
v 17766 91 48
v 17767 35 18
v 17768 472 228
v 17769 308 155
v 17770 238 117
v 17771 137 74
v 17772 304 143
v 17773 101 35
v 17774 159 67
v 17775 89 41
v 17776 195 97
v 17777 90 34
v 17778 179 101
v 17783 281 144
v 17784 102 51
v 17785 186 85
v 17787 359 175
v 17790 150 68
v 17792 298 140
v 17793 133 73
v 17795 126 63
v 17799 294 134
v 17800 102 46
v 17801 82 42
v 17802 85 45
v 17809 84 41
v 17819 66 21
v 17991 638 292
v 17992 133 64
v 17993 114 59
v 17994 618 290
v 17995 396 184
v 17996 402 177
v 17997 41 20
v 17998 85 31
v 17999 66 33
v 18000 115 57
v 18001 152 56
v 18002 57 17
v 18003 89 44
v 18004 602 266
v 18005 497 243
v 18006 772 373
v 18007 292 146
v 18008 221 107
v 18009 45 23
v 18010 127 69
v 18011 89 52
v 18012 36 16
v 18013 556 277
v 18014 64 32
v 18015 103 40
v 18016 303 147
v 18017 416 202
v 18018 211 98
v 18019 256 129
v 18020 225 101
v 18021 376 186
v 18022 86 38
v 18023 45 22
v 18024 538 261
v 18025 343 161
v 18026 192 93
v 18027 158 74
v 18028 269 126
v 18029 129 62
v 18030 209 93
v 18031 121 55
v 18032 162 77
v 18033 140 66
v 18034 190 106
v 18039 195 85
v 18040 96 43
v 18041 205 95
v 18043 334 179
v 18046 178 101
v 18048 354 179
v 18049 199 106
v 18051 129 75
v 18055 314 141
v 18056 124 58
v 18057 79 37
v 18058 78 37
v 18065 119 59
v 18075 52 36
v 18248 355 221
v 18249 262 154
v 18250 1518 758
v 18251 960 501
v 18252 1112 538
v 18253 81 49
v 18254 189 87
v 18255 172 105
v 18256 274 146
v 18257 401 184
v 18258 138 65
v 18259 207 111
v 18260 1639 840
v 18261 1086 567
v 18262 1899 1012
v 18263 835 433
v 18264 684 315
v 18265 105 50
v 18266 320 162
v 18267 233 125
v 18268 97 50
v 18269 1226 656
v 18270 246 136
v 18271 282 135
v 18272 706 377
v 18273 958 520
v 18274 523 289
v 18275 572 312
v 18276 505 251
v 18277 1116 565
v 18278 252 132
v 18279 80 41
v 18280 1217 604
v 18281 934 446
v 18282 663 335
v 18283 378 214
v 18284 874 423
v 18285 252 133
v 18286 385 189
v 18287 226 112
v 18288 448 219
v 18289 263 139
v 18290 499 283
v 18295 686 346
v 18296 241 142
v 18297 486 237
v 18299 869 507
v 18302 400 203
v 18304 886 497
v 18305 452 217
v 18307 375 192
v 18311 806 397
v 18312 280 141
v 18313 197 106
v 18314 212 109
v 18321 294 163
v 18331 122 64
v 18505 70 32
v 18506 333 153
v 18507 233 117
v 18508 241 103
v 18509 24 8
v 18510 51 24
v 18511 35 19
v 18512 57 22
v 18513 110 48
v 18514 26 12
v 18515 44 22
v 18516 364 161
v 18517 281 126
v 18518 434 183
v 18519 200 101
v 18520 137 52
v 18521 25 12
v 18522 62 27
v 18523 43 17
v 18524 29 17
v 18525 302 147
v 18526 55 31
v 18527 57 24
v 18528 194 80
v 18529 199 96
v 18530 95 55
v 18531 155 71
v 18532 110 45
v 18533 234 109
v 18534 52 21
v 18535 19 7
v 18536 272 113
v 18537 150 79
v 18538 130 59
v 18539 84 52
v 18540 161 78
v 18541 47 16
v 18542 86 35
v 18543 61 26
v 18544 125 63
v 18545 41 16
v 18546 129 71
v 18551 117 50
v 18552 63 28
v 18553 97 50
v 18555 210 107
v 18558 89 48
v 18560 198 95
v 18561 81 41
v 18563 85 39
v 18567 196 91
v 18568 50 23
v 18569 35 15
v 18570 61 35
v 18577 52 28
v 18587 26 17
v 18762 257 122
v 18763 177 84
v 18764 147 73
v 18765 14 6
v 18766 22 13
v 18767 34 24
v 18768 48 18
v 18769 82 28
v 18770 29 11
v 18771 24 10
v 18772 298 150
v 18773 196 96
v 18774 311 149
v 18775 131 58
v 18776 95 45
v 18777 12 3
v 18778 55 27
v 18779 48 20
v 18780 16 5
v 18781 198 94
v 18782 39 21
v 18783 36 16
v 18784 114 46
v 18785 136 64
v 18786 98 57
v 18787 90 43
v 18788 96 50
v 18789 198 91
v 18790 43 19
v 18791 13 7
v 18792 215 97
v 18793 162 67
v 18794 92 39
v 18795 69 33
v 18796 119 67
v 18797 54 31
v 18798 62 26
v 18799 42 21
v 18800 81 34
v 18801 51 21
v 18802 80 36
v 18807 111 54
v 18808 42 24
v 18809 70 31
v 18811 123 68
v 18814 60 35
v 18816 141 61
v 18817 62 32
v 18819 60 34
v 18823 119 56
v 18824 47 22
v 18825 24 8
v 18826 36 20
v 18833 39 23
v 18843 27 11
v 19019 893 450
v 19020 1101 516
v 19021 128 69
v 19022 209 108
v 19023 131 74
v 19024 310 150
v 19025 399 182
v 19026 142 72
v 19027 195 119
v 19028 1539 782
v 19029 1050 510
v 19030 2073 1073
v 19031 815 417
v 19032 591 289
v 19033 108 49
v 19034 366 185
v 19035 293 144
v 19036 101 47
v 19037 1061 569
v 19038 184 102
v 19039 198 102
v 19040 658 340
v 19041 983 501
v 19042 374 211
v 19043 512 268
v 19044 540 262
v 19045 1022 511
v 19046 273 140
v 19047 84 38
v 19048 1247 606
v 19049 1010 471
v 19050 667 340
v 19051 406 220
v 19052 655 371
v 19053 294 154
v 19054 455 225
v 19055 261 146
v 19056 533 251
v 19057 369 169
v 19058 439 266
v 19063 597 323
v 19064 301 159
v 19065 559 284
v 19067 913 472
v 19070 477 228
v 19072 936 507
v 19073 445 236
v 19075 374 196
v 19079 871 439
v 19080 322 159
v 19081 206 98
v 19082 220 104
v 19089 328 178
v 19099 129 67
v 19276 701 313
v 19277 93 43
v 19278 145 68
v 19279 96 41
v 19280 170 83
v 19281 294 141
v 19282 79 29
v 19283 143 81
v 19284 1221 587
v 19285 711 350
v 19286 1230 608
v 19287 602 269
v 19288 453 208
v 19289 62 30
v 19290 210 101
v 19291 154 81
v 19292 70 40
v 19293 813 394
v 19294 180 94
v 19295 164 86
v 19296 502 255
v 19297 551 277
v 19298 222 140
v 19299 403 211
v 19300 270 136
v 19301 743 372
v 19302 145 70
v 19303 45 23
v 19304 888 411
v 19305 556 252
v 19306 354 177
v 19307 225 115
v 19308 472 252
v 19309 185 96
v 19310 236 128
v 19311 185 89
v 19312 314 155
v 19313 170 74
v 19314 322 196
v 19319 401 200
v 19320 151 75
v 19321 295 134
v 19323 572 279
v 19326 240 109
v 19328 560 291
v 19329 253 125
v 19331 190 100
v 19335 436 205
v 19336 188 83
v 19337 108 61
v 19338 156 76
v 19345 160 78
v 19355 69 37
v 19533 88 46
v 19534 156 84
v 19535 118 72
v 19536 196 110
v 19537 251 112
v 19538 97 50
v 19539 138 77
v 19540 1142 603
v 19541 731 391
v 19542 1224 640
v 19543 651 360
v 19544 691 290
v 19545 63 32
v 19546 238 120
v 19547 176 101
v 19548 75 39
v 19549 870 487
v 19550 175 96
v 19551 124 68
v 19552 506 279
v 19553 603 313
v 19554 287 175
v 19555 375 198
v 19556 313 181
v 19557 729 405
v 19558 169 92
v 19559 63 32
v 19560 986 540
v 19561 595 301
v 19562 442 265
v 19563 295 163
v 19564 551 343
v 19565 187 118
v 19566 278 138
v 19567 183 106
v 19568 381 210
v 19569 198 95
v 19570 334 205
v 19575 489 251
v 19576 183 99
v 19577 385 186
v 19579 677 370
v 19582 249 130
v 19584 701 395
v 19585 278 158
v 19587 246 141
v 19591 565 290
v 19592 199 94
v 19593 147 87
v 19594 169 96
v 19601 229 133
v 19611 92 45
v 19790 17 7
v 19791 14 10
v 19792 20 8
v 19793 27 18
v 19794 9 2
v 19795 12 5
v 19796 89 34
v 19797 60 29
v 19798 133 60
v 19799 52 23
v 19800 38 14
v 19801 13 2
v 19802 20 9
v 19803 27 9
v 19804 5 2
v 19805 74 36
v 19806 13 6
v 19807 20 11
v 19808 39 20
v 19809 54 24
v 19810 38 18
v 19811 39 22
v 19812 32 9
v 19813 74 37
v 19814 12 9
v 19815 6 4
v 19816 90 39
v 19817 58 27
v 19818 45 23
v 19819 30 13
v 19820 43 20
v 19821 28 12
v 19822 23 12
v 19823 19 8
v 19824 31 18
v 19825 25 12
v 19826 32 19
v 19831 44 21
v 19832 14 2
v 19833 32 14
v 19835 61 30
v 19838 26 12
v 19840 62 31
v 19841 23 11
v 19843 33 15
v 19847 67 29
v 19848 24 10
v 19849 11 4
v 19850 16 9
v 19857 26 13
v 19867 12 6
v 20047 19 11
v 20048 37 23
v 20049 34 21
v 20050 25 8
v 20051 29 15
v 20052 178 86
v 20053 136 67
v 20054 258 143
v 20055 113 55
v 20056 76 37
v 20057 7 3
v 20058 47 22
v 20059 24 12
v 20060 13 6
v 20061 146 80
v 20062 33 18
v 20063 21 12
v 20064 92 50
v 20065 114 64
v 20066 65 37
v 20067 71 33
v 20068 75 40
v 20069 138 85
v 20070 41 24
v 20071 12 8
v 20072 163 76
v 20073 133 73
v 20074 100 61
v 20075 64 39
v 20076 95 46
v 20077 41 27
v 20078 55 25
v 20079 24 11
v 20080 70 29
v 20081 49 19
v 20082 64 39
v 20087 91 43
v 20088 44 25
v 20089 80 41
v 20091 136 57
v 20094 52 27
v 20096 133 68
v 20097 58 32
v 20099 56 30
v 20103 119 62
v 20104 43 17
v 20105 27 17
v 20106 39 15
v 20113 47 25
v 20123 20 11
v 20304 34 12
v 20305 64 25
v 20306 19 3
v 20307 16 10
v 20308 149 63
v 20309 114 55
v 20310 171 84
v 20311 112 46
v 20312 67 27
v 20313 10 8
v 20314 37 15
v 20315 22 8
v 20316 8 2
v 20317 111 54
v 20318 26 12
v 20319 19 9
v 20320 81 41
v 20321 96 44
v 20322 51 18
v 20323 48 18
v 20324 45 21
v 20325 110 49
v 20326 30 9
v 20327 14 1
v 20328 142 70
v 20329 100 43
v 20330 65 25
v 20331 52 18
v 20332 80 37
v 20333 31 13
v 20334 54 26
v 20335 40 20
v 20336 59 24
v 20337 38 20
v 20338 53 25
v 20343 51 21
v 20344 32 13
v 20345 56 31
v 20347 98 51
v 20350 41 27
v 20352 88 38
v 20353 43 23
v 20355 43 16
v 20359 93 36
v 20360 31 11
v 20361 17 5
v 20362 31 15
v 20369 30 16
v 20379 21 9
v 20561 71 33
v 20562 29 13
v 20563 30 15
v 20564 258 127
v 20565 211 102
v 20566 351 180
v 20567 155 81
v 20568 109 55
v 20569 23 14
v 20570 71 36
v 20571 56 23
v 20572 17 4
v 20573 205 98
v 20574 31 17
v 20575 54 28
v 20576 118 60
v 20577 169 88
v 20578 82 46
v 20579 103 52
v 20580 110 51
v 20581 209 107
v 20582 56 30
v 20583 18 10
v 20584 214 98
v 20585 163 80
v 20586 101 60
v 20587 64 28
v 20588 122 60
v 20589 62 27
v 20590 75 44
v 20591 57 30
v 20592 86 41
v 20593 63 33
v 20594 95 45
v 20599 112 56
v 20600 57 26
v 20601 89 46
v 20603 153 73
v 20606 72 29
v 20608 170 86
v 20609 74 38
v 20611 63 33
v 20615 127 51
v 20616 71 40
v 20617 31 13
v 20618 31 13
v 20625 67 44
v 20635 32 14
v 20818 26 11
v 20819 63 39
v 20820 555 291
v 20821 324 181
v 20822 498 252
v 20823 234 130
v 20824 148 72
v 20825 40 15
v 20826 94 55
v 20827 64 36
v 20828 26 11
v 20829 322 182
v 20830 86 45
v 20831 74 34
v 20832 198 107
v 20833 204 103
v 20834 134 60
v 20835 211 103
v 20836 140 83
v 20837 378 195
v 20838 58 25
v 20839 26 12
v 20840 417 205
v 20841 252 112
v 20842 163 80
v 20843 94 44
v 20844 216 109
v 20845 75 39
v 20846 108 49
v 20847 78 47
v 20848 131 62
v 20849 68 38
v 20850 129 60
v 20855 153 79
v 20856 79 41
v 20857 135 72
v 20859 251 141
v 20862 125 64
v 20864 248 131
v 20865 102 58
v 20867 100 56
v 20871 221 114
v 20872 79 40
v 20873 56 29
v 20874 62 27
v 20881 74 43
v 20891 37 20
v 21075 16 13
v 21076 147 90
v 21077 111 65
v 21078 170 87
v 21079 55 34
v 21080 56 38
v 21081 12 5
v 21082 49 31
v 21083 28 12
v 21084 9 4
v 21085 91 47
v 21086 26 15
v 21087 23 13
v 21088 48 26
v 21089 74 37
v 21090 38 26
v 21091 41 25
v 21092 37 25
v 21093 105 55
v 21094 26 20
v 21095 12 4
v 21096 111 66
v 21097 90 44
v 21098 54 29
v 21099 26 18
v 21100 44 27
v 21101 37 16
v 21102 38 23
v 21103 23 12
v 21104 28 13
v 21105 32 24
v 21106 29 18
v 21111 48 28
v 21112 17 11
v 21113 59 28
v 21115 73 43
v 21118 33 24
v 21120 66 37
v 21121 31 14
v 21123 39 20
v 21127 64 35
v 21128 31 17
v 21129 17 11
v 21130 18 9
v 21137 31 22
v 21147 16 11
v 21332 207 72
v 21333 145 58
v 21334 235 118
v 21335 100 39
v 21336 62 29
v 21337 19 11
v 21338 54 23
v 21339 32 14
v 21340 19 13
v 21341 147 54
v 21342 27 10
v 21343 29 12
v 21344 88 42
v 21345 117 52
v 21346 98 54
v 21347 77 34
v 21348 42 20
v 21349 158 67
v 21350 27 10
v 21351 9 4
v 21352 162 72
v 21353 132 51
v 21354 65 33
v 21355 41 21
v 21356 77 39
v 21357 43 21
v 21358 40 18
v 21359 33 20
v 21360 63 29
v 21361 38 20
v 21362 52 22
v 21367 83 35
v 21368 26 11
v 21369 81 38
v 21371 130 63
v 21374 38 22
v 21376 81 42
v 21377 50 24
v 21379 51 23
v 21383 122 53
v 21384 33 13
v 21385 24 13
v 21386 30 19
v 21393 43 22
v 21403 14 8
v 21589 1251 615
v 21590 1950 959
v 21591 943 470
v 21592 721 316
v 21593 114 54
v 21594 325 168
v 21595 213 111
v 21596 104 54
v 21597 1388 666
v 21598 293 156
v 21599 231 121
v 21600 827 414
v 21601 964 475
v 21602 512 287
v 21603 748 392
v 21604 542 271
v 21605 1291 656
v 21606 305 158
v 21607 64 33
v 21608 1490 718
v 21609 936 455
v 21610 590 291
v 21611 376 180
v 21612 851 438
v 21613 302 153
v 21614 405 205
v 21615 297 146
v 21616 476 256
v 21617 289 119
v 21618 524 314
v 21623 706 343
v 21624 269 139
v 21625 518 236
v 21627 977 520
v 21630 357 182
v 21632 918 471
v 21633 427 240
v 21635 370 200
v 21639 782 378
v 21640 305 150
v 21641 187 94
v 21642 261 137
v 21649 275 153
v 21659 129 65
v 21846 1299 641
v 21847 571 307
v 21848 426 192
v 21849 59 28
v 21850 203 90
v 21851 180 89
v 21852 78 45
v 21853 918 454
v 21854 208 103
v 21855 173 85
v 21856 518 288
v 21857 595 278
v 21858 399 199
v 21859 446 246
v 21860 343 175
v 21861 779 382
v 21862 188 97
v 21863 67 26
v 21864 896 427
v 21865 629 312
v 21866 396 185
v 21867 251 121
v 21868 570 310
v 21869 194 97
v 21870 288 131
v 21871 183 89
v 21872 380 196
v 21873 191 91
v 21874 344 196
v 21879 420 217
v 21880 172 91
v 21881 335 167
v 21883 653 343
v 21886 244 124
v 21888 997 527
v 21889 233 129
v 21891 242 132
v 21895 574 267
v 21896 229 120
v 21897 124 58
v 21898 192 89
v 21905 190 95
v 21915 97 53
v 22103 1095 545
v 22104 811 367
v 22105 97 47
v 22106 422 222
v 22107 279 121
v 22108 131 57
v 22109 1530 752
v 22110 250 137
v 22111 265 139
v 22112 847 448
v 22113 1122 578
v 22114 461 263
v 22115 671 364
v 22116 688 345
v 22117 1368 665
v 22118 291 145
v 22119 88 47
v 22120 1635 759
v 22121 1133 548
v 22122 834 429
v 22123 541 271
v 22124 783 487
v 22125 363 198
v 22126 540 258
v 22127 309 130
v 22128 617 309
v 22129 325 139
v 22130 642 339
v 22135 822 397
v 22136 348 191
v 22137 660 306
v 22139 1128 597
v 22142 514 250
v 22144 1209 612
v 22145 502 258
v 22147 481 249
v 22151 1046 488
v 22152 350 178
v 22153 256 146
v 22154 270 148
v 22161 341 178
v 22171 166 84
v 22360 371 189
v 22361 34 17
v 22362 191 106
v 22363 117 55
v 22364 57 33
v 22365 618 369
v 22366 127 67
v 22367 119 57
v 22368 415 214
v 22369 504 280
v 22370 223 130
v 22371 299 154
v 22372 251 117
v 22373 617 314
v 22374 138 76
v 22375 37 17
v 22376 707 341
v 22377 484 244
v 22378 320 155
v 22379 199 111
v 22380 432 221
v 22381 144 73
v 22382 219 102
v 22383 148 81
v 22384 264 129
v 22385 140 56
v 22386 271 153
v 22391 354 173
v 22392 160 87
v 22393 289 143
v 22395 501 260
v 22398 213 107
v 22400 488 260
v 22401 262 136
v 22403 214 112
v 22407 440 226
v 22408 143 80
v 22409 93 53
v 22410 116 57
v 22417 175 96
v 22427 89 48
v 22617 36 16
v 22618 169 84
v 22619 88 43
v 22620 37 13
v 22621 571 308
v 22622 101 65
v 22623 97 49
v 22624 340 182
v 22625 390 204
v 22626 192 114
v 22627 216 127
v 22628 212 113
v 22629 556 287
v 22630 94 47
v 22631 22 11
v 22632 533 280
v 22633 406 222
v 22634 253 124
v 22635 169 103
v 22636 323 177
v 22637 117 49
v 22638 165 83
v 22639 105 57
v 22640 187 100
v 22641 99 54
v 22642 218 138
v 22647 282 151
v 22648 131 71
v 22649 195 78
v 22651 348 212
v 22654 190 111
v 22656 417 228
v 22657 167 93
v 22659 172 92
v 22663 308 162
v 22664 103 58
v 22665 77 41
v 22666 94 56
v 22673 119 69
v 22683 45 27
v 22874 24 14
v 22875 13 7
v 22876 7 2
v 22877 65 38
v 22878 18 7
v 22879 13 6
v 22880 44 24
v 22881 45 21
v 22882 29 14
v 22883 40 22
v 22884 26 10
v 22885 62 30
v 22886 22 9
v 22887 9 4
v 22888 85 38
v 22889 73 31
v 22890 23 10
v 22891 13 7
v 22892 28 11
v 22893 25 14
v 22894 27 16
v 22895 11 3
v 22896 28 16
v 22897 25 14
v 22898 28 12
v 22903 47 23
v 22904 17 5
v 22905 34 16
v 22907 65 32
v 22910 20 7
v 22912 53 23
v 22913 24 15
v 22915 25 16
v 22919 37 17
v 22920 19 6
v 22921 13 7
v 22922 15 6
v 22929 20 10
v 22939 9 6
v 23131 78 38
v 23132 31 20
v 23133 249 122
v 23134 54 27
v 23135 56 22
v 23136 154 67
v 23137 205 93
v 23138 84 41
v 23139 131 69
v 23140 122 67
v 23141 251 124
v 23142 52 23
v 23143 15 6
v 23144 286 134
v 23145 247 129
v 23146 134 70
v 23147 85 37
v 23148 116 68
v 23149 67 31
v 23150 91 40
v 23151 75 28
v 23152 131 67
v 23153 86 45
v 23154 103 59
v 23159 132 63
v 23160 65 34
v 23161 129 68
v 23163 210 100
v 23166 78 36
v 23168 205 100
v 23169 81 33
v 23171 96 51
v 23175 184 97
v 23176 81 43
v 23177 47 24
v 23178 41 25
v 23185 78 42
v 23195 30 14
v 23388 20 12
v 23389 157 84
v 23390 41 23
v 23391 33 11
v 23392 87 40
v 23393 137 60
v 23394 82 50
v 23395 83 48
v 23396 85 41
v 23397 167 92
v 23398 35 20
v 23399 16 13
v 23400 210 89
v 23401 195 94
v 23402 108 50
v 23403 61 34
v 23404 94 49
v 23405 68 35
v 23406 69 34
v 23407 51 31
v 23408 110 58
v 23409 72 37
v 23410 78 43
v 23415 88 45
v 23416 38 18
v 23417 87 33
v 23419 181 88
v 23422 62 36
v 23424 150 82
v 23425 56 24
v 23427 74 39
v 23431 151 65
v 23432 65 35
v 23433 35 16
v 23434 37 18
v 23441 59 29
v 23451 14 5
v 23645 72 38
v 23646 21 11
v 23647 15 10
v 23648 30 13
v 23649 77 35
v 23650 26 18
v 23651 50 23
v 23652 35 18
v 23653 73 40
v 23654 15 9
v 23655 6 5
v 23656 102 59
v 23657 83 39
v 23658 37 17
v 23659 26 14
v 23660 48 25
v 23661 18 8
v 23662 24 18
v 23663 19 11
v 23664 32 15
v 23665 20 11
v 23666 31 16
v 23671 49 21
v 23672 17 3
v 23673 45 22
v 23675 68 32
v 23678 27 13
v 23680 64 30
v 23681 24 12
v 23683 33 23
v 23687 62 29
v 23688 24 4
v 23689 16 6
v 23690 17 8
v 23697 23 11
v 23707 14 6
v 23902 179 82
v 23903 167 78
v 23904 666 318
v 23905 685 337
v 23906 373 201
v 23907 616 344
v 23908 407 203
v 23909 832 409
v 23910 241 122
v 23911 57 27
v 23912 1031 493
v 23913 592 243
v 23914 585 325
v 23915 290 148
v 23916 594 315
v 23917 180 96
v 23918 322 169
v 23919 199 101
v 23920 396 201
v 23921 183 87
v 23922 434 239
v 23927 492 241
v 23928 238 127
v 23929 354 136
v 23931 694 367
v 23934 312 136
v 23936 714 339
v 23937 331 166
v 23939 286 152
v 23943 566 246
v 23944 191 90
v 23945 146 74
v 23946 182 78
v 23953 220 122
v 23963 107 54
v 24159 40 23
v 24160 113 41
v 24161 144 63
v 24162 55 31
v 24163 82 42
v 24164 63 38
v 24165 176 92
v 24166 52 31
v 24167 9 5
v 24168 216 107
v 24169 139 66
v 24170 72 33
v 24171 56 30
v 24172 136 60
v 24173 47 23
v 24174 54 28
v 24175 32 18
v 24176 64 32
v 24177 34 16
v 24178 61 30
v 24183 101 48
v 24184 31 19
v 24185 75 30
v 24187 126 62
v 24190 48 27
v 24192 135 61
v 24193 56 32
v 24195 43 17
v 24199 122 59
v 24200 45 21
v 24201 22 9
v 24202 36 20
v 24209 40 18
v 24219 20 10
v 24416 83 44
v 24417 127 55
v 24418 64 31
v 24419 120 72
v 24420 65 28
v 24421 175 106
v 24422 57 28
v 24423 14 7
v 24424 255 121
v 24425 115 39
v 24426 84 48
v 24427 49 25
v 24428 99 51
v 24429 43 22
v 24430 73 39
v 24431 45 22
v 24432 73 36
v 24433 45 23
v 24434 90 54
v 24439 99 50
v 24440 27 17
v 24441 80 30
v 24443 104 60
v 24446 51 30
v 24448 142 78
v 24449 40 20
v 24451 59 27
v 24455 113 57
v 24456 68 33
v 24457 19 14
v 24458 49 26
v 24465 39 17
v 24475 24 13
v 24673 399 202
v 24674 237 119
v 24675 281 145
v 24676 231 132
v 24677 534 272
v 24678 129 56
v 24679 43 11
v 24680 668 309
v 24681 407 208
v 24682 303 142
v 24683 177 93
v 24684 420 231
v 24685 147 74
v 24686 192 83
v 24687 138 70
v 24688 192 100
v 24689 107 46
v 24690 238 123
v 24695 288 128
v 24696 111 60
v 24697 221 100
v 24699 405 226
v 24702 189 93
v 24704 416 225
v 24705 199 92
v 24707 176 83
v 24711 353 157
v 24712 121 66
v 24713 88 42
v 24714 87 52
v 24721 130 63
v 24731 50 34
v 24930 295 172
v 24931 281 148
v 24932 343 162
v 24933 593 317
v 24934 145 70
v 24935 50 27
v 24936 808 392
v 24937 545 260
v 24938 388 199
v 24939 253 135
v 24940 432 218
v 24941 164 88
v 24942 234 120
v 24943 167 93
v 24944 314 167
v 24945 160 80
v 24946 288 155
v 24951 343 179
v 24952 170 86
v 24953 346 158
v 24955 554 286
v 24958 237 98
v 24960 581 313
v 24961 249 122
v 24963 267 134
v 24967 604 276
v 24968 166 94
v 24969 113 55
v 24970 136 71
v 24977 172 95
v 24987 85 46
v 25187 183 100
v 25188 184 93
v 25189 258 105
v 25190 81 36
v 25191 37 11
v 25192 353 174
v 25193 255 120
v 25194 166 84
v 25195 129 71
v 25196 188 94
v 25197 82 47
v 25198 112 57
v 25199 79 42
v 25200 146 64
v 25201 77 35
v 25202 160 84
v 25207 134 64
v 25208 74 37
v 25209 135 58
v 25211 272 148
v 25214 121 58
v 25216 284 133
v 25217 123 67
v 25219 99 51
v 25223 231 107
v 25224 97 42
v 25225 62 26
v 25226 64 33
v 25233 92 45
v 25243 55 25
v 25444 172 84
v 25445 445 235
v 25446 114 52
v 25447 28 15
v 25448 589 260
v 25449 423 197
v 25450 163 81
v 25451 125 65
v 25452 281 141
v 25453 105 55
v 25454 144 60
v 25455 73 37
v 25456 175 76
v 25457 103 49
v 25458 204 109
v 25463 224 108
v 25464 79 42
v 25465 198 83
v 25467 305 133
v 25470 132 60
v 25472 304 167
v 25473 156 77
v 25475 160 82
v 25479 259 108
v 25480 103 48
v 25481 73 37
v 25482 81 53
v 25489 98 51
v 25499 47 24
v 25701 350 186
v 25702 61 28
v 25703 27 12
v 25704 381 196
v 25705 267 121
v 25706 213 102
v 25707 128 62
v 25708 235 123
v 25709 118 60
v 25710 142 63
v 25711 100 53
v 25712 170 78
v 25713 90 40
v 25714 181 97
v 25719 199 105
v 25720 113 64
v 25721 173 76
v 25723 304 152
v 25726 152 88
v 25728 353 191
v 25729 182 90
v 25731 147 67
v 25735 281 129
v 25736 112 58
v 25737 53 28
v 25738 77 39
v 25745 97 49
v 25755 44 24
v 25958 204 108
v 25959 54 25
v 25960 902 468
v 25961 661 302
v 25962 390 207
v 25963 249 119
v 25964 506 270
v 25965 165 92
v 25966 256 124
v 25967 188 93
v 25968 338 176
v 25969 200 93
v 25970 344 197
v 25975 446 229
v 25976 177 81
v 25977 337 168
v 25979 650 346
v 25982 287 139
v 25984 654 318
v 25985 267 135
v 25987 258 139
v 25991 559 293
v 25992 198 92
v 25993 135 76
v 25994 156 69
v 26001 215 122
v 26011 93 51
v 26215 9 3
v 26216 224 104
v 26217 157 83
v 26218 73 43
v 26219 54 36
v 26220 114 58
v 26221 57 30
v 26222 55 25
v 26223 37 13
v 26224 81 48
v 26225 47 28
v 26226 85 43
v 26231 109 54
v 26232 32 14
v 26233 73 34
v 26235 135 62
v 26238 56 31
v 26240 145 80
v 26241 47 27
v 26243 50 31
v 26247 138 67
v 26248 67 30
v 26249 37 18
v 26250 50 27
v 26257 50 32
v 26267 25 12
v 26472 58 25
v 26473 49 23
v 26474 19 7
v 26475 14 5
v 26476 38 21
v 26477 18 8
v 26478 22 12
v 26479 14 9
v 26480 34 19
v 26481 11 4
v 26482 28 16
v 26487 31 16
v 26488 17 8
v 26489 27 9
v 26491 48 26
v 26494 16 11
v 26496 48 27
v 26497 14 5
v 26499 21 10
v 26503 49 26
v 26504 22 12
v 26505 13 8
v 26506 14 7
v 26513 23 11
v 26523 11 7
v 26729 731 357
v 26730 437 247
v 26731 291 146
v 26732 629 349
v 26733 224 131
v 26734 353 176
v 26735 181 84
v 26736 351 184
v 26737 240 127
v 26738 467 254
v 26743 526 287
v 26744 211 121
v 26745 417 208
v 26747 715 395
v 26750 300 150
v 26752 736 378
v 26753 383 196
v 26755 271 147
v 26759 724 343
v 26760 244 129
v 26761 164 92
v 26762 176 105
v 26769 243 136
v 26779 95 52
v 26986 359 188
v 26987 255 127
v 26988 359 200
v 26989 207 114
v 26990 270 137
v 26991 192 101
v 26992 337 184
v 26993 204 104
v 26994 255 167
v 26999 374 210
v 27000 176 98
v 27001 316 165
v 27003 623 333
v 27006 241 120
v 27008 495 261
v 27009 236 120
v 27011 250 133
v 27015 504 246
v 27016 197 113
v 27017 131 71
v 27018 121 68
v 27025 169 101
v 27035 77 36
v 27243 172 94
v 27244 282 150
v 27245 118 59
v 27246 152 71
v 27247 98 43
v 27248 238 131
v 27249 93 48
v 27250 211 124
v 27255 273 147
v 27256 124 75
v 27257 206 92
v 27259 405 231
v 27262 170 102
v 27264 345 160
v 27265 149 79
v 27267 159 68
v 27271 327 164
v 27272 114 58
v 27273 98 62
v 27274 90 53
v 27281 102 51
v 27291 51 29
v 27500 172 94
v 27501 80 32
v 27502 95 44
v 27503 65 36
v 27504 119 51
v 27505 65 34
v 27506 134 67
v 27511 158 82
v 27512 97 51
v 27513 136 64
v 27515 249 135
v 27518 103 53
v 27520 234 114
v 27521 104 56
v 27523 116 65
v 27527 209 93
v 27528 82 39
v 27529 44 27
v 27530 63 33
v 27537 72 32
v 27547 44 22
v 27757 106 57
v 27758 163 73
v 27759 142 68
v 27760 237 112
v 27761 82 36
v 27762 240 109
v 27767 279 136
v 27768 144 68
v 27769 227 104
v 27771 409 204
v 27774 184 81
v 27776 394 171
v 27777 171 94
v 27779 159 76
v 27783 369 164
v 27784 106 53
v 27785 83 46
v 27786 113 62
v 27793 114 64
v 27803 63 37
v 28014 75 26
v 28015 57 22
v 28016 71 30
v 28017 81 32
v 28018 91 55
v 28023 121 61
v 28024 50 31
v 28025 103 59
v 28027 200 93
v 28030 80 42
v 28032 164 86
v 28033 74 36
v 28035 74 35
v 28039 193 87
v 28040 76 37
v 28041 35 20
v 28042 39 20
v 28049 69 39
v 28059 37 20
v 28271 65 34
v 28272 134 76
v 28273 90 43
v 28274 118 64
v 28279 158 82
v 28280 86 44
v 28281 150 80
v 28283 265 145
v 28286 92 43
v 28288 392 191
v 28289 101 44
v 28291 114 63
v 28295 245 134
v 28296 92 49
v 28297 49 32
v 28298 51 22
v 28305 88 50
v 28315 38 23
v 28528 104 50
v 28529 56 27
v 28530 87 49
v 28535 103 58
v 28536 51 27
v 28537 104 47
v 28539 189 103
v 28542 78 36
v 28544 146 76
v 28545 75 36
v 28547 64 31
v 28551 151 79
v 28552 58 19
v 28553 27 12
v 28554 33 20
v 28561 56 32
v 28571 27 17
v 28785 118 55
v 28786 128 65
v 28791 206 98
v 28792 82 43
v 28793 157 76
v 28795 318 157
v 28798 105 53
v 28800 295 140
v 28801 107 59
v 28803 143 74
v 28807 281 140
v 28808 106 56
v 28809 78 40
v 28810 100 45
v 28817 101 53
v 28827 52 24
v 29042 70 37
v 29047 108 58
v 29048 44 27
v 29049 137 72
v 29051 217 126
v 29054 70 32
v 29056 154 90
v 29057 65 44
v 29059 78 53
v 29063 156 78
v 29064 72 33
v 29065 47 22
v 29066 39 24
v 29073 71 32
v 29083 25 13
v 29303 213 93
v 29304 102 56
v 29305 183 87
v 29307 256 123
v 29310 134 70
v 29312 300 144
v 29313 138 61
v 29315 133 56
v 29319 255 111
v 29320 106 53
v 29321 68 29
v 29322 88 40
v 29329 83 35
v 29339 45 19
v 30584 134 63
v 30585 209 91
v 30587 392 203
v 30590 171 76
v 30592 383 177
v 30593 195 103
v 30595 179 94
v 30599 337 152
v 30600 116 53
v 30601 72 36
v 30602 101 44
v 30609 123 57
v 30619 67 35
v 30841 90 44
v 30843 167 74
v 30846 81 25
v 30848 184 84
v 30849 76 40
v 30851 85 47
v 30855 142 69
v 30856 54 27
v 30857 40 14
v 30858 41 16
v 30865 64 42
v 30875 25 11
v 31099 369 212
v 31102 138 75
v 31104 333 174
v 31105 145 82
v 31107 158 85
v 31111 348 168
v 31112 120 65
v 31113 76 45
v 31114 79 40
v 31121 125 69
v 31131 38 20
v 31614 283 136
v 31616 539 276
v 31617 242 120
v 31619 245 126
v 31623 504 222
v 31624 186 80
v 31625 126 61
v 31626 127 52
v 31633 192 112
v 31643 70 32
v 32384 240 128
v 32385 131 72
v 32387 103 47
v 32391 211 94
v 32392 79 40
v 32393 48 28
v 32394 53 27
v 32401 88 42
v 32411 33 18
v 32897 258 135
v 32899 249 117
v 32903 530 245
v 32904 190 78
v 32905 123 60
v 32906 134 73
v 32913 170 77
v 32923 92 50
v 33155 119 58
v 33159 240 112
v 33160 78 32
v 33161 48 28
v 33162 51 23
v 33169 76 40
v 33179 41 20
v 33671 224 95
v 33672 78 31
v 33673 54 32
v 33674 58 34
v 33681 65 44
v 33691 36 18
v 34696 178 96
v 34697 133 77
v 34698 94 39
v 34705 171 88
v 34715 84 50
v 34953 48 23
v 34954 45 25
v 34961 63 35
v 34971 28 14
v 35210 30 9
v 35217 37 25
v 35227 24 12
v 35473 32 24
v 35483 18 9
v 37275 18 6
s 258 996 518
s 259 166 79
s 260 72 29
s 261 826 459
s 262 122 49
s 263 834 405
s 264 138 75
s 265 773 395
s 266 31 11
s 267 430 192
s 268 79 38
s 269 144 63
s 270 1623 832
s 271 359 174
s 272 208 95
s 273 333 146
s 274 112 46
s 275 171 73
s 276 467 236
s 277 881 424
s 278 774 388
s 279 220 110
s 281 967 444
s 282 1480 729
s 283 940 473
s 284 358 180
s 285 376 179
s 286 1024 517
s 287 626 336
s 288 216 119
s 289 215 115
s 290 235 116
s 291 1019 520
s 292 887 444
s 293 354 179
s 294 90 38
s 295 541 255
s 296 397 191
s 297 65 32
s 298 592 341
s 299 202 98
s 300 123 53
s 301 263 141
s 302 80 38
s 303 424 216
s 304 111 48
s 305 684 358
s 306 250 137
s 307 201 101
s 308 98 42
s 309 458 189
s 310 142 71
s 311 272 143
s 312 162 73
s 313 126 64
s 314 166 75
s 315 239 105
s 316 418 202
s 317 97 50
s 318 463 256
s 319 203 100
s 320 500 254
s 321 40 22
s 322 19 9
s 323 85 47
s 324 355 205
s 325 342 165
s 326 94 38
s 327 963 508
s 328 156 83
s 329 116 54
s 330 953 502
s 331 634 287
s 332 617 335
s 333 67 38
s 334 117 74
s 335 98 39
s 336 71 44
s 337 260 123
s 338 80 40
s 339 143 52
s 340 1034 539
s 341 739 380
s 342 1184 597
s 343 512 256
s 344 454 258
s 345 22 9
s 346 232 124
s 347 162 90
s 348 77 45
s 349 224 117
s 350 53 24
s 351 50 21
s 352 437 189
s 353 576 299
s 354 216 97
s 355 401 197
s 356 291 140
s 357 624 328
s 358 164 84
s 359 51 24
s 360 881 445
s 361 677 372
s 362 307 158
s 363 216 92
s 364 422 208
s 365 21 9
s 366 281 145
s 367 183 84
s 368 363 187
s 369 194 113
s 370 121 54
s 375 413 217
s 376 144 71
s 377 345 167
s 379 584 278
s 382 233 107
s 384 573 271
s 385 234 119
s 387 267 138
s 391 491 289
s 392 197 102
s 393 138 59
s 394 54 21
s 401 103 53
s 411 82 35
s 515 218 106
s 516 235 133
s 517 1415 726
s 518 836 373
s 519 895 409
s 520 1929 1037
s 521 1225 673
s 522 286 143
s 523 929 407
s 524 1172 650
s 525 231 104
s 526 1901 954
s 527 364 193
s 528 148 69
s 529 498 241
s 530 943 489
s 531 262 125
s 532 872 456
s 533 1511 715
s 534 1315 672
s 535 186 84
s 537 1497 716
s 538 2408 1149
s 539 1389 728
s 540 102 48
s 541 79 38
s 542 1643 897
s 543 995 503
s 544 497 265
s 545 209 109
s 546 349 168
s 547 1921 985
s 548 1076 548
s 549 554 296
s 550 51 25
s 551 852 403
s 552 699 336
s 553 779 380
s 554 461 238
s 555 272 127
s 556 1170 615
s 557 388 193
s 558 356 165
s 559 594 313
s 560 964 469
s 561 494 268
s 562 408 226
s 563 227 118
s 564 148 84
s 565 839 371
s 566 1328 674
s 567 127 62
s 568 414 216
s 569 135 75
s 570 200 88
s 571 240 119
s 572 74 38
s 573 86 47
s 574 586 321
s 575 442 216
s 576 822 380
s 577 43 16
s 578 29 14
s 579 919 488
s 580 675 356
s 581 81 31
s 582 557 277
s 583 1192 611
s 584 345 148
s 585 192 99
s 586 1532 767
s 587 1084 540
s 588 1033 560
s 589 23 14
s 590 37 16
s 591 174 71
s 592 261 130
s 593 137 66
s 594 124 74
s 595 161 73
s 596 1488 780
s 597 766 407
s 598 1842 930
s 599 905 450
s 600 597 329
s 601 103 43
s 602 312 177
s 603 215 112
s 604 58 32
s 605 1197 619
s 606 278 135
s 607 259 140
s 608 87 40
s 609 491 227
s 610 72 32
s 611 88 36
s 612 423 207
s 613 1212 625
s 614 183 87
s 615 38 18
s 616 248 112
s 617 890 476
s 618 593 310
s 619 299 140
s 620 142 67
s 621 320 170
s 622 347 190
s 623 260 138
s 624 481 237
s 625 235 126
s 626 432 188
s 631 597 294
s 632 173 85
s 633 520 288
s 635 962 444
s 638 354 177
s 640 855 418
s 641 58 26
s 643 375 187
s 647 124 71
s 648 246 120
s 649 40 22
s 650 248 140
s 657 275 118
s 667 67 29
s 772 34 20
s 773 90 46
s 774 110 48
s 775 190 89
s 776 233 126
s 777 133 72
s 778 35 17
s 779 156 59
s 780 191 101
s 781 45 19
s 782 261 124
s 783 74 32
s 784 45 20
s 785 69 27
s 786 165 74
s 787 65 31
s 788 100 46
s 789 185 80
s 790 122 48
s 791 64 36
s 793 200 91
s 794 189 93
s 795 87 39
s 796 84 40
s 797 100 50
s 798 100 48
s 799 75 39
s 800 55 24
s 801 44 27
s 802 62 28
s 803 229 106
s 804 189 79
s 805 45 26
s 806 15 6
s 807 108 40
s 808 56 29
s 809 99 44
s 810 177 93
s 811 46 23
s 812 171 80
s 813 34 19
s 814 48 20
s 815 96 39
s 816 172 98
s 817 155 74
s 818 30 13
s 819 27 12
s 820 19 9
s 821 118 52
s 822 222 101
s 823 73 28
s 824 46 22
s 825 21 9
s 826 14 9
s 827 40 17
s 828 114 63
s 829 36 18
s 830 70 39
s 831 53 23
s 832 59 29
s 833 5 1
s 834 3 0
s 835 134 66
s 836 39 20
s 837 71 28
s 838 89 36
s 839 142 67
s 840 27 16
s 841 25 8
s 842 238 115
s 843 91 46
s 844 152 75
s 845 15 5
s 846 33 17
s 847 10 3
s 848 50 26
s 849 57 28
s 850 29 16
s 851 22 13
s 852 157 70
s 853 125 55
s 854 213 95
s 855 54 25
s 856 64 36
s 857 19 9
s 858 46 15
s 859 32 17
s 860 16 8
s 861 164 64
s 862 48 21
s 863 31 13
s 864 103 45
s 865 113 54
s 866 63 27
s 867 85 40
s 868 52 30
s 869 108 55
s 870 28 11
s 871 6 3
s 872 195 92
s 873 83 43
s 874 81 32
s 875 43 21
s 876 89 36
s 877 59 23
s 878 64 30
s 879 23 8
s 880 50 25
s 881 45 20
s 882 48 18
s 887 55 19
s 888 39 15
s 889 61 29
s 891 84 38
s 894 59 29
s 896 114 59
s 897 61 26
s 899 28 9
s 903 133 63
s 904 33 16
s 905 27 13
s 906 29 10
s 913 60 26
s 923 13 6
s 1029 273 148
s 1030 101 41
s 1031 214 100
s 1032 168 106
s 1033 195 117
s 1034 14 7
s 1035 120 47
s 1036 85 50
s 1037 31 19
s 1038 443 228
s 1039 102 47
s 1040 57 30
s 1041 80 39
s 1042 75 47
s 1043 63 34
s 1044 174 92
s 1045 269 143
s 1046 223 126
s 1047 61 38
s 1049 229 111
s 1050 408 214
s 1051 301 174
s 1052 108 49
s 1053 109 64
s 1054 301 163
s 1055 194 112
s 1056 74 40
s 1057 44 28
s 1058 66 22
s 1059 337 178
s 1060 227 120
s 1061 97 54
s 1062 33 16
s 1063 108 58
s 1064 147 73
s 1065 73 39
s 1066 204 123
s 1067 54 34
s 1068 108 49
s 1069 75 43
s 1070 42 22
s 1071 128 67
s 1072 94 45
s 1073 155 104
s 1074 67 30
s 1075 53 29
s 1076 30 20
s 1077 139 61
s 1078 117 74
s 1079 70 31
s 1080 48 25
s 1081 34 22
s 1082 48 22
s 1083 67 26
s 1084 82 45
s 1085 19 9
s 1086 112 58
s 1087 75 40
s 1088 158 71
s 1089 13 8
s 1090 9 4
s 1091 91 50
s 1092 116 73
s 1093 75 30
s 1094 46 18
s 1095 290 146
s 1096 46 20
s 1097 37 19
s 1098 249 134
s 1099 180 107
s 1100 147 95
s 1101 18 5
s 1102 28 16
s 1103 20 8
s 1104 23 13
s 1105 82 44
s 1106 10 6
s 1107 39 17
s 1108 330 182
s 1109 198 109
s 1110 330 187
s 1111 143 72
s 1112 94 48
s 1113 10 4
s 1114 59 30
s 1115 33 16
s 1116 22 11
s 1117 111 59
s 1118 30 18
s 1119 33 21
s 1120 129 66
s 1121 140 70
s 1122 81 39
s 1123 138 65
s 1124 83 37
s 1125 221 113
s 1126 40 19
s 1127 23 13
s 1128 228 123
s 1129 168 84
s 1130 72 33
s 1131 47 26
s 1132 109 53
s 1133 26 14
s 1134 56 32
s 1135 57 30
s 1136 78 43
s 1137 50 26
s 1138 58 32
s 1143 101 55
s 1144 46 18
s 1145 100 58
s 1147 145 69
s 1150 52 33
s 1152 140 77
s 1153 73 40
s 1155 52 27
s 1159 102 65
s 1160 50 25
s 1161 26 14
s 1162 26 12
s 1169 35 17
s 1179 28 16
s 1286 708 340
s 1287 971 498
s 1288 1855 1046
s 1289 738 401
s 1290 224 105
s 1291 711 318
s 1292 850 458
s 1293 194 83
s 1294 1694 917
s 1295 615 318
s 1296 235 124
s 1297 424 204
s 1298 888 504
s 1299 299 137
s 1300 555 306
s 1301 1132 546
s 1302 789 414
s 1303 370 195
s 1305 1201 621
s 1306 1030 491
s 1307 541 285
s 1308 615 305
s 1309 528 265
s 1310 586 313
s 1311 302 176
s 1312 428 230
s 1313 187 102
s 1314 268 142
s 1315 1499 793
s 1316 1273 630
s 1317 225 106
s 1318 130 62
s 1319 729 367
s 1320 300 148
s 1321 721 358
s 1322 1069 592
s 1323 324 161
s 1324 1036 530
s 1325 228 131
s 1326 301 144
s 1327 642 335
s 1328 718 361
s 1329 1014 534
s 1330 129 67
s 1331 170 94
s 1332 133 70
s 1333 659 294
s 1334 1199 625
s 1335 356 189
s 1336 339 176
s 1337 124 65
s 1338 118 65
s 1339 281 139
s 1340 565 314
s 1341 99 48
s 1342 406 214
s 1343 363 178
s 1344 330 167
s 1345 48 24
s 1346 12 6
s 1347 820 471
s 1348 266 144
s 1349 509 252
s 1350 558 284
s 1351 985 543
s 1352 212 103
s 1353 195 100
s 1354 1057 545
s 1355 594 307
s 1356 941 521
s 1357 98 44
s 1358 191 109
s 1359 71 36
s 1360 243 113
s 1361 421 238
s 1362 98 52
s 1363 99 39
s 1364 996 505
s 1365 741 376
s 1366 983 513
s 1367 326 157
s 1368 426 235
s 1369 79 36
s 1370 199 99
s 1371 110 50
s 1372 62 25
s 1373 1111 575
s 1374 201 104
s 1375 206 116
s 1376 648 340
s 1377 717 363
s 1378 368 187
s 1379 584 276
s 1380 268 136
s 1381 552 284
s 1382 177 87
s 1383 42 22
s 1384 1105 607
s 1385 414 222
s 1386 521 254
s 1387 259 145
s 1388 633 311
s 1389 220 109
s 1390 255 136
s 1391 87 40
s 1392 171 81
s 1393 208 115
s 1394 456 227
s 1399 303 152
s 1400 230 103
s 1401 218 127
s 1403 435 218
s 1406 335 188
s 1408 529 255
s 1409 317 154
s 1411 164 89
s 1415 661 385
s 1416 203 109
s 1417 147 71
s 1418 195 107
s 1425 237 114
s 1435 89 40
s 1543 793 365
s 1544 158 74
s 1545 547 261
s 1546 26 9
s 1547 268 101
s 1548 83 40
s 1549 107 48
s 1550 1445 722
s 1551 306 142
s 1552 156 72
s 1553 221 95
s 1554 111 49
s 1555 155 60
s 1556 400 193
s 1557 610 261
s 1558 579 239
s 1559 220 106
s 1561 668 294
s 1562 1074 451
s 1563 719 326
s 1564 337 156
s 1565 358 158
s 1566 777 368
s 1567 452 217
s 1568 208 103
s 1569 137 67
s 1570 147 62
s 1571 689 303
s 1572 707 346
s 1573 290 128
s 1574 72 34
s 1575 390 161
s 1576 360 154
s 1577 103 38
s 1578 539 288
s 1579 182 74
s 1580 128 52
s 1581 202 93
s 1582 72 29
s 1583 380 144
s 1584 89 39
s 1585 590 281
s 1586 186 74
s 1587 173 82
s 1588 67 27
s 1589 314 111
s 1590 146 73
s 1591 184 76
s 1592 99 42
s 1593 100 54
s 1594 130 48
s 1595 158 56
s 1596 331 153
s 1597 54 28
s 1598 345 178
s 1599 157 82
s 1600 441 181
s 1601 27 12
s 1602 16 9
s 1603 79 46
s 1604 309 134
s 1605 281 117
s 1606 75 38
s 1607 876 419
s 1608 101 35
s 1609 118 49
s 1610 688 324
s 1611 497 221
s 1612 499 245
s 1613 52 25
s 1614 106 57
s 1615 76 31
s 1616 54 24
s 1617 223 103
s 1618 60 27
s 1619 136 59
s 1620 975 462
s 1621 681 316
s 1622 838 345
s 1623 400 186
s 1624 323 160
s 1625 17 11
s 1626 164 66
s 1627 109 52
s 1628 42 21
s 1629 224 98
s 1630 40 22
s 1631 49 17
s 1632 418 165
s 1633 430 202
s 1634 203 85
s 1635 354 150
s 1636 266 128
s 1637 497 232
s 1638 148 81
s 1639 52 19
s 1640 625 301
s 1641 423 204
s 1642 276 131
s 1643 190 82
s 1644 389 149
s 1645 21 12
s 1646 176 84
s 1647 106 44
s 1648 252 106
s 1649 112 56
s 1650 136 61
s 1655 288 119
s 1656 123 55
s 1657 199 98
s 1659 446 189
s 1662 214 92
s 1664 389 160
s 1665 186 78
s 1667 153 69
s 1671 386 176
s 1672 153 66
s 1673 75 33
s 1674 39 15
s 1681 86 37
s 1691 57 23
s 1800 1596 855
s 1801 889 474
s 1802 264 134
s 1803 742 330
s 1804 1183 607
s 1805 195 91
s 1806 1611 836
s 1807 607 340
s 1808 204 115
s 1809 382 191
s 1810 816 394
s 1811 250 121
s 1812 728 366
s 1813 1270 609
s 1814 894 461
s 1815 250 123
s 1817 1117 517
s 1818 1597 733
s 1819 960 522
s 1820 379 193
s 1821 318 148
s 1822 1071 542
s 1823 675 345
s 1824 409 234
s 1825 220 105
s 1826 250 112
s 1827 1508 721
s 1828 1147 593
s 1829 358 183
s 1830 89 32
s 1831 654 293
s 1832 446 196
s 1833 641 305
s 1834 841 439
s 1835 291 130
s 1836 1017 546
s 1837 289 152
s 1838 279 141
s 1839 572 274
s 1840 863 454
s 1841 753 417
s 1842 281 147
s 1843 187 106
s 1844 107 53
s 1845 728 311
s 1846 1156 578
s 1847 306 135
s 1848 304 161
s 1849 112 62
s 1850 204 102
s 1851 249 121
s 1852 392 225
s 1853 126 61
s 1854 447 251
s 1855 388 201
s 1856 573 258
s 1857 40 20
s 1858 18 11
s 1859 782 407
s 1860 451 223
s 1861 356 167
s 1862 499 245
s 1863 813 422
s 1864 254 110
s 1865 191 86
s 1866 1101 530
s 1867 733 361
s 1868 756 404
s 1869 76 37
s 1870 122 58
s 1871 114 61
s 1872 196 95
s 1873 311 160
s 1874 101 57
s 1875 126 53
s 1876 1082 597
s 1877 714 347
s 1878 1340 665
s 1879 644 331
s 1880 386 213
s 1881 93 52
s 1882 239 118
s 1883 178 81
s 1884 60 28
s 1885 1031 535
s 1886 204 103
s 1887 179 93
s 1888 409 207
s 1889 643 307
s 1890 274 132
s 1891 378 180
s 1892 323 163
s 1893 768 400
s 1894 175 96
s 1895 51 24
s 1896 753 401
s 1897 679 347
s 1898 406 192
s 1899 246 119
s 1900 431 210
s 1901 246 114
s 1902 271 152
s 1903 206 106
s 1904 379 187
s 1905 180 104
s 1906 394 177
s 1911 414 212
s 1912 173 74
s 1913 324 166
s 1915 645 306
s 1918 285 145
s 1920 667 286
s 1921 273 124
s 1923 269 139
s 1927 491 256
s 1928 216 112
s 1929 114 42
s 1930 221 111
s 1937 248 101
s 1947 76 34
s 2057 1500 824
s 2058 36 15
s 2059 569 282
s 2060 71 39
s 2061 288 147
s 2062 2842 1538
s 2063 800 463
s 2064 381 219
s 2065 608 322
s 2066 156 77
s 2067 307 165
s 2068 863 476
s 2069 1668 841
s 2070 1442 766
s 2071 467 262
s 2073 1769 892
s 2074 2765 1471
s 2075 1740 940
s 2076 666 367
s 2077 743 387
s 2078 1765 939
s 2079 1244 709
s 2080 429 243
s 2081 329 165
s 2082 355 167
s 2083 1924 972
s 2084 1731 928
s 2085 586 314
s 2086 173 84
s 2087 1136 572
s 2088 786 391
s 2089 78 30
s 2090 1181 677
s 2091 477 228
s 2092 163 74
s 2093 456 251
s 2094 145 65
s 2095 882 448
s 2096 151 74
s 2097 1238 658
s 2098 360 179
s 2099 332 171
s 2100 173 97
s 2101 706 327
s 2102 168 73
s 2103 498 247
s 2104 255 142
s 2105 178 88
s 2106 272 143
s 2107 423 209
s 2108 741 419
s 2109 84 50
s 2110 752 405
s 2111 347 163
s 2112 958 512
s 2113 60 21
s 2114 24 11
s 2115 110 63
s 2116 747 414
s 2117 690 354
s 2118 145 70
s 2119 1773 952
s 2120 291 161
s 2121 246 125
s 2122 1617 868
s 2123 1219 636
s 2124 1332 767
s 2125 107 52
s 2126 204 108
s 2127 186 88
s 2128 92 38
s 2129 420 227
s 2130 112 69
s 2131 209 100
s 2132 2075 1117
s 2133 1239 660
s 2134 2235 1202
s 2135 1026 573
s 2136 855 495
s 2137 28 16
s 2138 362 199
s 2139 193 87
s 2140 88 43
s 2141 396 192
s 2142 79 39
s 2143 56 29
s 2144 930 486
s 2145 1070 598
s 2146 509 243
s 2147 687 352
s 2148 551 301
s 2149 1365 746
s 2150 263 134
s 2151 101 56
s 2152 1446 815
s 2153 992 582
s 2154 649 357
s 2155 423 211
s 2156 905 455
s 2157 31 15
s 2158 433 245
s 2159 290 130
s 2160 570 282
s 2161 270 148
s 2162 275 126
s 2167 782 418
s 2168 280 149
s 2169 684 394
s 2171 1052 559
s 2174 397 218
s 2176 1026 508
s 2177 441 247
s 2179 405 202
s 2183 833 462
s 2184 326 179
s 2185 225 121
s 2186 108 57
s 2193 150 78
s 2203 153 76
s 2314 185 79
s 2315 581 263
s 2316 764 435
s 2317 212 99
s 2318 1392 734
s 2319 547 296
s 2320 218 105
s 2321 449 216
s 2322 875 459
s 2323 288 136
s 2324 592 320
s 2325 1014 514
s 2326 651 325
s 2327 312 158
s 2329 1001 502
s 2330 1122 581
s 2331 690 361
s 2332 474 219
s 2333 462 224
s 2334 715 385
s 2335 496 274
s 2336 340 178
s 2337 174 95
s 2338 219 103
s 2339 1223 628
s 2340 1182 578
s 2341 261 129
s 2342 100 45
s 2343 637 333
s 2344 286 130
s 2345 680 350
s 2346 1014 576
s 2347 255 120
s 2348 801 395
s 2349 172 83
s 2350 206 93
s 2351 533 272
s 2352 656 333
s 2353 1035 560
s 2354 147 62
s 2355 154 87
s 2356 108 48
s 2357 569 252
s 2358 1258 655
s 2359 319 156
s 2360 298 144
s 2361 88 44
s 2362 105 46
s 2363 231 103
s 2364 513 275
s 2365 59 32
s 2366 281 146
s 2367 247 118
s 2368 369 169
s 2369 26 18
s 2370 11 3
s 2371 790 445
s 2372 272 145
s 2373 513 258
s 2374 400 198
s 2375 691 354
s 2376 191 92
s 2377 147 69
s 2378 895 465
s 2379 476 247
s 2380 929 518
s 2381 72 36
s 2382 170 96
s 2383 86 39
s 2384 207 106
s 2385 324 175
s 2386 87 44
s 2387 95 37
s 2388 970 531
s 2389 628 312
s 2390 938 474
s 2391 408 216
s 2392 376 202
s 2393 73 37
s 2394 193 100
s 2395 97 44
s 2396 62 31
s 2397 992 486
s 2398 175 98
s 2399 166 85
s 2400 572 285
s 2401 588 294
s 2402 305 131
s 2403 411 203
s 2404 223 110
s 2405 512 275
s 2406 159 79
s 2407 60 28
s 2408 956 541
s 2409 350 201
s 2410 504 260
s 2411 219 103
s 2412 597 285
s 2413 217 100
s 2414 193 104
s 2415 133 70
s 2416 233 110
s 2417 176 104
s 2418 368 170
s 2423 315 173
s 2424 197 96
s 2425 221 124
s 2427 427 210
s 2430 282 154
s 2432 459 229
s 2433 281 141
s 2435 167 91
s 2439 597 335
s 2440 166 94
s 2441 141 63
s 2442 152 79
s 2449 205 110
s 2459 86 43
s 2571 109 39
s 2572 21 6
s 2573 48 20
s 2574 400 192
s 2575 100 42
s 2576 45 20
s 2577 90 42
s 2578 32 15
s 2579 47 22
s 2580 120 56
s 2581 204 85
s 2582 203 105
s 2583 56 27
s 2585 264 113
s 2586 390 173
s 2587 221 106
s 2588 88 41
s 2589 108 43
s 2590 257 116
s 2591 197 96
s 2592 64 37
s 2593 55 30
s 2594 73 33
s 2595 235 113
s 2596 271 128
s 2597 97 52
s 2598 33 14
s 2599 127 50
s 2600 106 44
s 2601 20 6
s 2602 181 99
s 2603 43 17
s 2604 37 14
s 2605 79 42
s 2606 15 7
s 2607 111 59
s 2608 32 20
s 2609 202 92
s 2610 73 38
s 2611 45 26
s 2612 23 13
s 2613 117 51
s 2614 40 17
s 2615 90 41
s 2616 48 20
s 2617 43 21
s 2618 44 23
s 2619 60 22
s 2620 118 63
s 2621 30 15
s 2622 136 69
s 2623 45 20
s 2624 130 62
s 2625 14 4
s 2626 8 3
s 2627 16 12
s 2628 111 58
s 2629 117 54
s 2630 27 11
s 2631 261 119
s 2632 45 17
s 2633 35 16
s 2634 256 125
s 2635 145 70
s 2636 165 94
s 2637 21 8
s 2638 43 18
s 2639 44 19
s 2640 16 7
s 2641 62 29
s 2642 36 16
s 2643 43 16
s 2644 241 103
s 2645 209 101
s 2646 330 170
s 2647 153 85
s 2648 130 73
s 2649 4 0
s 2650 74 30
s 2651 53 34
s 2652 26 13
s 2653 65 26
s 2654 9 4
s 2655 14 7
s 2656 140 73
s 2657 162 71
s 2658 82 36
s 2659 87 34
s 2660 95 46
s 2661 200 76
s 2662 40 16
s 2663 13 9
s 2664 200 103
s 2665 190 99
s 2666 111 52
s 2667 71 38
s 2668 118 53
s 2669 8 4
s 2670 73 39
s 2671 58 28
s 2672 89 44
s 2673 69 35
s 2674 30 13
s 2679 91 41
s 2680 60 24
s 2681 90 52
s 2683 185 94
s 2686 75 34
s 2688 161 71
s 2689 73 29
s 2691 72 41
s 2695 149 77
s 2696 66 32
s 2697 33 14
s 2698 9 4
s 2705 34 20
s 2715 29 11
s 2828 382 180
s 2829 84 47
s 2830 1362 598
s 2831 244 87
s 2832 149 57
s 2833 137 64
s 2834 364 167
s 2835 174 66
s 2836 432 213
s 2837 686 284
s 2838 552 220
s 2839 188 81
s 2841 473 186
s 2842 1264 538
s 2843 837 389
s 2844 342 157
s 2845 340 149
s 2846 797 374
s 2847 492 221
s 2848 197 90
s 2849 175 76
s 2850 117 39
s 2851 635 270
s 2852 628 284
s 2853 297 130
s 2854 83 28
s 2855 262 100
s 2856 299 118
s 2857 279 119
s 2858 583 274
s 2859 123 46
s 2860 420 184
s 2861 177 64
s 2862 114 41
s 2863 275 102
s 2864 340 141
s 2865 519 214
s 2866 216 96
s 2867 153 71
s 2868 58 24
s 2869 351 120
s 2870 484 220
s 2871 230 89
s 2872 136 50
s 2873 106 47
s 2874 109 40
s 2875 137 52
s 2876 358 163
s 2877 58 31
s 2878 345 153
s 2879 195 75
s 2880 406 164
s 2881 33 15
s 2882 16 5
s 2883 298 133
s 2884 323 137
s 2885 277 104
s 2886 190 82
s 2887 862 400
s 2888 169 66
s 2889 104 36
s 2890 603 246
s 2891 484 208
s 2892 283 129
s 2893 45 20
s 2894 108 45
s 2895 76 34
s 2896 97 44
s 2897 229 98
s 2898 56 32
s 2899 125 51
s 2900 907 390
s 2901 619 258
s 2902 1016 421
s 2903 430 178
s 2904 302 130
s 2905 41 18
s 2906 152 66
s 2907 126 55
s 2908 59 24
s 2909 403 159
s 2910 72 22
s 2911 89 44
s 2912 369 140
s 2913 559 243
s 2914 229 79
s 2915 330 139
s 2916 313 142
s 2917 545 260
s 2918 137 59
s 2919 46 16
s 2920 710 347
s 2921 523 199
s 2922 173 78
s 2923 193 74
s 2924 349 148
s 2925 115 53
s 2926 205 83
s 2927 144 60
s 2928 259 98
s 2929 58 25
s 2930 203 85
s 2935 318 128
s 2936 98 36
s 2937 266 115
s 2939 523 207
s 2942 129 57
s 2944 451 177
s 2945 233 97
s 2947 214 94
s 2951 436 193
s 2952 135 53
s 2953 113 58
s 2954 64 13
s 2961 93 43
s 2971 78 36
s 3085 170 81
s 3086 1573 851
s 3087 358 194
s 3088 205 98
s 3089 327 161
s 3090 92 39
s 3091 170 89
s 3092 412 220
s 3093 974 508
s 3094 778 406
s 3095 238 120
s 3097 1011 514
s 3098 1520 796
s 3099 895 486
s 3100 390 203
s 3101 353 180
s 3102 1103 619
s 3103 693 379
s 3104 199 116
s 3105 206 125
s 3106 292 148
s 3107 1024 558
s 3108 896 465
s 3109 384 191
s 3110 101 49
s 3111 535 265
s 3112 428 234
s 3113 48 29
s 3114 542 290
s 3115 234 121
s 3116 104 48
s 3117 280 152
s 3118 96 45
s 3119 490 244
s 3120 74 33
s 3121 690 399
s 3122 313 170
s 3123 183 95
s 3124 101 52
s 3125 440 201
s 3126 115 50
s 3127 306 155
s 3128 132 66
s 3129 117 61
s 3130 148 87
s 3131 221 107
s 3132 435 240
s 3133 93 50
s 3134 496 280
s 3135 197 106
s 3136 544 291
s 3137 33 19
s 3138 17 9
s 3139 47 25
s 3140 405 227
s 3141 336 176
s 3142 49 28
s 3143 919 492
s 3144 189 100
s 3145 123 66
s 3146 1082 588
s 3147 625 314
s 3148 727 409
s 3149 66 34
s 3150 133 85
s 3151 97 50
s 3152 69 37
s 3153 186 105
s 3154 82 43
s 3155 130 58
s 3156 970 489
s 3157 719 379
s 3158 1218 659
s 3159 566 290
s 3160 418 235
s 3161 18 8
s 3162 336 186
s 3163 137 70
s 3164 72 43
s 3165 202 100
s 3166 38 15
s 3167 48 22
s 3168 423 222
s 3169 560 297
s 3170 291 137
s 3171 394 199
s 3172 275 151
s 3173 689 387
s 3174 143 70
s 3175 47 29
s 3176 829 451
s 3177 682 404
s 3178 379 191
s 3179 277 142
s 3180 483 247
s 3181 14 8
s 3182 280 151
s 3183 171 88
s 3184 384 208
s 3185 209 115
s 3186 151 81
s 3191 408 226
s 3192 162 81
s 3193 391 225
s 3195 673 352
s 3198 233 125
s 3200 602 309
s 3201 269 132
s 3203 296 164
s 3207 585 303
s 3208 214 91
s 3209 142 68
s 3210 60 36
s 3217 104 44
s 3227 84 50
s 3342 340 173
s 3343 73 35
s 3344 45 17
s 3345 3 1
s 3346 159 80
s 3347 60 33
s 3348 130 64
s 3349 206 84
s 3350 125 64
s 3351 41 25
s 3353 56 22
s 3354 298 138
s 3355 226 119
s 3356 91 45
s 3357 93 45
s 3358 239 120
s 3359 158 75
s 3360 52 24
s 3361 44 22
s 3362 10 3
s 3363 110 46
s 3364 131 60
s 3365 76 31
s 3366 14 5
s 3367 29 11
s 3368 93 48
s 3369 115 55
s 3370 162 77
s 3371 32 18
s 3372 172 78
s 3373 47 25
s 3374 39 16
s 3375 62 33
s 3376 145 72
s 3377 125 60
s 3378 52 27
s 3379 39 17
s 3380 7 5
s 3381 123 50
s 3382 241 124
s 3383 63 31
s 3384 40 20
s 3385 35 19
s 3386 46 18
s 3387 23 5
s 3388 125 60
s 3389 10 4
s 3390 116 54
s 3391 60 25
s 3392 114 44
s 3393 6 2
s 3394 6 4
s 3395 138 72
s 3396 73 33
s 3397 100 43
s 3398 87 30
s 3399 211 105
s 3400 51 26
s 3401 29 9
s 3402 80 36
s 3403 131 59
s 3404 11 8
s 3405 25 13
s 3406 34 13
s 3407 22 12
s 3408 41 20
s 3409 65 25
s 3410 4 3
s 3411 34 11
s 3412 200 93
s 3413 188 87
s 3414 274 132
s 3415 123 54
s 3416 88 44
s 3417 14 7
s 3418 19 11
s 3419 50 23
s 3420 12 7
s 3421 163 71
s 3422 23 10
s 3423 35 14
s 3424 106 64
s 3425 103 52
s 3426 59 28
s 3427 94 47
s 3428 83 42
s 3429 130 70
s 3430 32 16
s 3431 11 4
s 3432 165 95
s 3433 140 72
s 3434 11 3
s 3435 35 16
s 3436 105 52
s 3437 47 19
s 3438 64 30
s 3439 46 22
s 3440 81 29
s 3441 9 6
s 3442 58 24
s 3447 115 62
s 3448 20 10
s 3449 85 46
s 3451 146 64
s 3454 11 6
s 3456 112 52
s 3457 64 26
s 3459 63 29
s 3463 116 52
s 3464 25 8
s 3465 24 8
s 3466 33 17
s 3473 29 8
s 3483 17 8
s 3599 1023 534
s 3600 396 219
s 3601 730 339
s 3602 1458 766
s 3603 459 189
s 3604 1270 662
s 3605 2246 1127
s 3606 1521 756
s 3607 518 261
s 3609 2155 1054
s 3610 2868 1416
s 3611 1608 829
s 3612 800 399
s 3613 764 394
s 3614 1710 934
s 3615 1153 631
s 3616 765 417
s 3617 371 194
s 3618 521 254
s 3619 2729 1413
s 3620 2240 1175
s 3621 662 353
s 3622 192 84
s 3623 1201 588
s 3624 735 380
s 3625 1253 606
s 3626 1621 855
s 3627 522 242
s 3628 1843 960
s 3629 470 267
s 3630 579 270
s 3631 1070 517
s 3632 1513 765
s 3633 1487 794
s 3634 444 233
s 3635 283 126
s 3636 235 126
s 3637 1189 570
s 3638 2116 1088
s 3639 595 305
s 3640 661 318
s 3641 216 125
s 3642 281 134
s 3643 471 209
s 3644 853 435
s 3645 155 71
s 3646 697 359
s 3647 670 314
s 3648 969 510
s 3649 71 38
s 3650 37 16
s 3651 1450 779
s 3652 790 414
s 3653 744 340
s 3654 815 423
s 3655 1548 787
s 3656 411 200
s 3657 322 170
s 3658 2046 1080
s 3659 1302 686
s 3660 1533 842
s 3661 128 53
s 3662 262 143
s 3663 178 84
s 3664 411 192
s 3665 600 305
s 3666 193 100
s 3667 201 89
s 3668 1830 957
s 3669 1164 604
s 3670 2317 1213
s 3671 1001 510
s 3672 795 414
s 3673 142 76
s 3674 446 231
s 3675 291 148
s 3676 155 76
s 3677 1873 915
s 3678 407 206
s 3679 355 188
s 3680 895 479
s 3681 1018 496
s 3682 516 257
s 3683 753 362
s 3684 510 235
s 3685 1389 725
s 3686 313 182
s 3687 83 41
s 3688 1619 856
s 3689 1048 579
s 3690 834 421
s 3691 449 223
s 3692 847 426
s 3693 465 196
s 3694 524 274
s 3695 395 205
s 3696 582 304
s 3697 401 223
s 3698 737 358
s 3703 757 382
s 3704 349 163
s 3705 630 349
s 3707 1040 523
s 3710 532 262
s 3712 1125 573
s 3713 481 235
s 3715 453 223
s 3719 996 539
s 3720 400 207
s 3721 250 123
s 3722 400 229
s 3729 447 209
s 3739 157 76
s 3856 100 52
s 3857 188 100
s 3858 389 195
s 3859 141 60
s 3860 350 181
s 3861 586 294
s 3862 494 261
s 3863 126 74
s 3865 517 243
s 3866 975 487
s 3867 661 351
s 3868 172 85
s 3869 153 70
s 3870 617 306
s 3871 405 207
s 3872 216 104
s 3873 83 40
s 3874 81 31
s 3875 676 333
s 3876 479 241
s 3877 235 120
s 3878 34 20
s 3879 347 165
s 3880 335 154
s 3881 334 174
s 3882 374 201
s 3883 122 66
s 3884 418 214
s 3885 144 78
s 3886 110 52
s 3887 260 130
s 3888 302 150
s 3889 320 169
s 3890 141 82
s 3891 128 50
s 3892 55 23
s 3893 324 155
s 3894 575 284
s 3895 100 48
s 3896 136 62
s 3897 70 34
s 3898 98 47
s 3899 124 62
s 3900 119 59
s 3901 34 18
s 3902 278 155
s 3903 184 84
s 3904 320 144
s 3905 20 12
s 3906 9 1
s 3907 356 198
s 3908 268 134
s 3909 144 66
s 3910 194 92
s 3911 681 367
s 3912 124 63
s 3913 85 43
s 3914 465 229
s 3915 448 220
s 3916 368 204
s 3917 26 12
s 3918 46 23
s 3919 50 26
s 3920 94 46
s 3921 149 75
s 3922 36 14
s 3923 93 39
s 3924 786 430
s 3925 373 195
s 3926 668 341
s 3927 367 188
s 3928 292 167
s 3929 24 16
s 3930 101 52
s 3931 88 45
s 3932 25 11
s 3933 497 244
s 3934 100 46
s 3935 91 54
s 3936 193 107
s 3937 289 149
s 3938 110 59
s 3939 172 74
s 3940 197 103
s 3941 480 242
s 3942 91 39
s 3943 33 14
s 3944 279 144
s 3945 339 168
s 3946 243 128
s 3947 149 74
s 3948 204 101
s 3949 86 42
s 3950 138 64
s 3951 110 52
s 3952 192 95
s 3953 90 52
s 3954 193 101
s 3959 304 147
s 3960 71 33
s 3961 229 122
s 3963 374 174
s 3966 139 70
s 3968 326 159
s 3969 80 35
s 3971 150 74
s 3975 165 97
s 3976 111 58
s 3977 39 21
s 3978 93 46
s 3985 69 33
s 3995 52 18
s 4113 101 48
s 4114 190 93
s 4115 57 26
s 4116 173 87
s 4117 334 161
s 4118 220 106
s 4119 63 29
s 4121 236 98
s 4122 451 226
s 4123 250 130
s 4124 59 30
s 4125 54 19
s 4126 276 133
s 4127 157 77
s 4128 82 40
s 4129 38 20
s 4130 52 24
s 4131 340 161
s 4132 188 77
s 4133 114 62
s 4134 14 6
s 4135 132 60
s 4136 138 57
s 4137 161 77
s 4138 170 101
s 4139 52 29
s 4140 261 141
s 4141 68 43
s 4142 82 33
s 4143 112 57
s 4144 195 99
s 4145 132 64
s 4146 67 32
s 4147 52 19
s 4148 23 11
s 4149 176 82
s 4150 251 141
s 4151 41 17
s 4152 72 33
s 4153 19 9
s 4154 37 14
s 4155 59 30
s 4156 48 25
s 4157 14 11
s 4158 103 47
s 4159 101 44
s 4160 133 57
s 4161 10 4
s 4162 6 5
s 4163 182 93
s 4164 112 55
s 4165 48 20
s 4166 127 65
s 4167 234 133
s 4168 71 27
s 4169 50 27
s 4170 279 148
s 4171 176 93
s 4172 151 81
s 4173 13 8
s 4174 16 9
s 4175 36 15
s 4176 49 29
s 4177 73 42
s 4178 26 14
s 4179 32 16
s 4180 275 128
s 4181 169 79
s 4182 335 170
s 4183 173 78
s 4184 94 45
s 4185 24 15
s 4186 53 26
s 4187 34 18
s 4188 7 3
s 4189 227 114
s 4190 46 24
s 4191 43 25
s 4192 64 30
s 4193 121 69
s 4194 64 34
s 4195 56 27
s 4196 92 51
s 4197 194 101
s 4198 34 20
s 4199 11 5
s 4200 148 64
s 4201 167 89
s 4202 87 39
s 4203 58 22
s 4204 69 33
s 4205 49 22
s 4206 68 39
s 4207 53 27
s 4208 86 39
s 4209 37 17
s 4210 90 37
s 4215 118 55
s 4216 27 14
s 4217 71 39
s 4219 158 93
s 4222 62 38
s 4224 149 77
s 4225 36 17
s 4227 76 32
s 4231 65 37
s 4232 39 23
s 4233 16 6
s 4234 48 25
s 4241 53 21
s 4251 27 15
s 4370 339 166
s 4371 107 41
s 4372 266 130
s 4373 437 207
s 4374 244 109
s 4375 82 39
s 4377 115 53
s 4378 680 307
s 4379 476 229
s 4380 188 84
s 4381 190 88
s 4382 443 218
s 4383 318 156
s 4384 98 56
s 4385 86 47
s 4386 15 5
s 4387 254 128
s 4388 268 144
s 4389 150 74
s 4390 36 11
s 4391 75 29
s 4392 184 92
s 4393 212 104
s 4394 419 209
s 4395 60 24
s 4396 360 158
s 4397 94 47
s 4398 89 46
s 4399 126 59
s 4400 294 133
s 4401 285 151
s 4402 103 57
s 4403 82 45
s 4404 14 7
s 4405 235 90
s 4406 485 219
s 4407 134 67
s 4408 72 35
s 4409 56 31
s 4410 90 36
s 4411 55 27
s 4412 223 109
s 4413 13 3
s 4414 220 110
s 4415 108 53
s 4416 222 99
s 4417 19 8
s 4418 10 5
s 4419 287 145
s 4420 162 78
s 4421 223 100
s 4422 195 94
s 4423 468 238
s 4424 94 35
s 4425 68 27
s 4426 183 100
s 4427 308 135
s 4428 27 11
s 4429 35 20
s 4430 55 26
s 4431 44 21
s 4432 85 43
s 4433 133 65
s 4434 13 10
s 4435 52 23
s 4436 473 222
s 4437 333 156
s 4438 497 252
s 4439 300 139
s 4440 174 82
s 4441 29 16
s 4442 72 35
s 4443 56 23
s 4444 17 7
s 4445 359 158
s 4446 66 30
s 4447 57 26
s 4448 219 89
s 4449 241 101
s 4450 140 63
s 4451 192 89
s 4452 140 69
s 4453 359 179
s 4454 79 41
s 4455 35 21
s 4456 393 196
s 4457 278 141
s 4458 26 12
s 4459 94 45
s 4460 236 108
s 4461 104 43
s 4462 103 50
s 4463 73 32
s 4464 151 73
s 4465 12 5
s 4466 129 59
s 4471 228 120
s 4472 39 18
s 4473 164 73
s 4475 327 152
s 4478 20 10
s 4480 217 106
s 4481 130 56
s 4483 126 54
s 4487 249 128
s 4488 52 30
s 4489 50 13
s 4490 66 36
s 4497 71 28
s 4507 33 14
s 4627 175 81
s 4628 526 268
s 4629 1002 483
s 4630 796 390
s 4631 215 102
s 4633 960 467
s 4634 1487 743
s 4635 856 437
s 4636 398 182
s 4637 401 202
s 4638 978 533
s 4639 652 340
s 4640 260 148
s 4641 215 106
s 4642 203 96
s 4643 1121 543
s 4644 891 459
s 4645 343 177
s 4646 84 40
s 4647 565 291
s 4648 417 210
s 4649 86 41
s 4650 560 317
s 4651 245 116
s 4652 135 66
s 4653 232 120
s 4654 87 40
s 4655 440 220
s 4656 129 59
s 4657 659 374
s 4658 223 111
s 4659 167 81
s 4660 115 69
s 4661 447 201
s 4662 113 54
s 4663 324 179
s 4664 130 54
s 4665 118 68
s 4666 177 83
s 4667 199 107
s 4668 418 240
s 4669 67 32
s 4670 453 260
s 4671 188 90
s 4672 507 263
s 4673 29 14
s 4674 12 5
s 4675 88 50
s 4676 407 227
s 4677 367 186
s 4678 72 34
s 4679 943 510
s 4680 209 104
s 4681 83 38
s 4682 1005 544
s 4683 685 365
s 4684 776 450
s 4685 73 36
s 4686 128 67
s 4687 98 46
s 4688 70 35
s 4689 171 88
s 4690 66 34
s 4691 106 53
s 4692 1075 569
s 4693 673 355
s 4694 1243 643
s 4695 625 308
s 4696 433 261
s 4697 17 6
s 4698 229 115
s 4699 126 72
s 4700 70 38
s 4701 265 141
s 4702 53 30
s 4703 53 27
s 4704 414 226
s 4705 670 361
s 4706 276 139
s 4707 340 174
s 4708 255 119
s 4709 727 383
s 4710 140 73
s 4711 46 27
s 4712 706 384
s 4713 565 301
s 4714 404 210
s 4715 268 154
s 4716 463 213
s 4717 21 11
s 4718 285 158
s 4719 183 96
s 4720 301 152
s 4721 160 88
s 4722 140 61
s 4727 430 235
s 4728 175 96
s 4729 343 187
s 4731 595 292
s 4734 265 147
s 4736 579 266
s 4737 214 122
s 4739 248 118
s 4743 481 258
s 4744 166 97
s 4745 128 60
s 4746 58 31
s 4753 80 37
s 4763 96 54
s 4884 168 82
s 4885 355 144
s 4886 261 106
s 4887 74 37
s 4889 360 156
s 4890 507 215
s 4891 322 162
s 4892 112 51
s 4893 94 37
s 4894 334 151
s 4895 188 85
s 4896 96 49
s 4897 65 37
s 4898 74 34
s 4899 419 179
s 4900 332 171
s 4901 118 59
s 4902 36 12
s 4903 168 71
s 4904 137 58
s 4905 137 58
s 4906 181 92
s 4907 64 32
s 4908 214 98
s 4909 79 37
s 4910 80 32
s 4911 153 77
s 4912 184 83
s 4913 188 91
s 4914 88 41
s 4915 62 23
s 4916 32 15
s 4917 187 67
s 4918 246 122
s 4919 76 29
s 4920 81 31
s 4921 35 18
s 4922 55 20
s 4923 80 28
s 4924 111 52
s 4925 26 9
s 4926 150 66
s 4927 103 41
s 4928 177 71
s 4929 17 6
s 4930 5 2
s 4931 147 78
s 4932 126 57
s 4933 106 49
s 4934 114 53
s 4935 302 140
s 4936 67 21
s 4937 47 22
s 4938 320 145
s 4939 233 101
s 4940 258 132
s 4941 37 18
s 4942 40 18
s 4943 42 12
s 4944 34 15
s 4945 86 44
s 4946 23 11
s 4947 39 16
s 4948 334 156
s 4949 214 91
s 4950 404 194
s 4951 164 76
s 4952 135 60
s 4953 20 7
s 4954 72 36
s 4955 46 23
s 4956 15 6
s 4957 228 93
s 4958 46 17
s 4959 35 12
s 4960 128 63
s 4961 203 95
s 4962 115 52
s 4963 82 41
s 4964 107 47
s 4965 247 110
s 4966 54 25
s 4967 18 10
s 4968 230 95
s 4969 198 85
s 4970 122 49
s 4971 66 23
s 4972 107 52
s 4973 47 17
s 4974 75 31
s 4975 62 25
s 4976 107 47
s 4977 50 30
s 4978 107 37
s 4983 133 59
s 4984 59 25
s 4985 130 66
s 4987 178 68
s 4990 95 49
s 4992 220 109
s 4993 104 47
s 4995 84 32
s 4999 143 68
s 5000 49 23
s 5001 25 9
s 5002 44 19
s 5009 42 13
s 5019 26 14
s 5141 761 376
s 5142 592 300
s 5143 216 117
s 5145 762 353
s 5146 949 471
s 5147 531 292
s 5148 356 194
s 5149 347 197
s 5150 650 344
s 5151 403 217
s 5152 266 152
s 5153 115 66
s 5154 195 90
s 5155 1006 552
s 5156 795 415
s 5157 242 133
s 5158 73 40
s 5159 410 214
s 5160 252 126
s 5161 365 162
s 5162 688 398
s 5163 179 83
s 5164 543 276
s 5165 175 95
s 5166 196 92
s 5167 419 196
s 5168 446 227
s 5169 615 333
s 5170 161 85
s 5171 146 68
s 5172 84 39
s 5173 407 195
s 5174 710 383
s 5175 241 115
s 5176 197 102
s 5177 90 40
s 5178 100 53
s 5179 172 79
s 5180 347 190
s 5181 68 41
s 5182 310 162
s 5183 237 114
s 5184 366 210
s 5185 25 7
s 5186 7 4
s 5187 422 224
s 5188 259 134
s 5189 312 152
s 5190 279 133
s 5191 669 348
s 5192 158 82
s 5193 140 75
s 5194 724 395
s 5195 446 217
s 5196 615 332
s 5197 58 27
s 5198 104 61
s 5199 74 37
s 5200 116 56
s 5201 266 148
s 5202 64 41
s 5203 103 41
s 5204 807 437
s 5205 556 299
s 5206 879 446
s 5207 334 159
s 5208 300 175
s 5209 45 26
s 5210 165 89
s 5211 89 41
s 5212 43 23
s 5213 607 309
s 5214 124 64
s 5215 140 69
s 5216 387 195
s 5217 454 222
s 5218 216 110
s 5219 332 169
s 5220 258 131
s 5221 509 272
s 5222 132 72
s 5223 40 24
s 5224 665 372
s 5225 421 232
s 5226 316 154
s 5227 191 91
s 5228 379 184
s 5229 103 50
s 5230 193 104
s 5231 102 52
s 5232 176 86
s 5233 143 84
s 5234 245 111
s 5239 251 125
s 5240 125 62
s 5241 195 99
s 5243 395 193
s 5246 205 107
s 5248 414 209
s 5249 211 94
s 5251 166 80
s 5255 432 234
s 5256 142 62
s 5257 99 40
s 5258 123 74
s 5265 146 63
s 5275 67 27
s 5398 1003 501
s 5399 387 190
s 5401 1197 554
s 5402 1920 870
s 5403 1208 587
s 5404 627 283
s 5405 600 278
s 5406 1321 680
s 5407 821 400
s 5408 463 220
s 5409 284 137
s 5410 270 114
s 5411 1362 620
s 5412 1331 643
s 5413 480 244
s 5414 135 65
s 5415 681 311
s 5416 509 240
s 5417 704 338
s 5418 1271 686
s 5419 303 145
s 5420 994 474
s 5421 313 174
s 5422 284 124
s 5423 632 286
s 5424 801 392
s 5425 1086 548
s 5426 256 142
s 5427 272 148
s 5428 126 69
s 5429 741 314
s 5430 1429 701
s 5431 342 191
s 5432 297 142
s 5433 172 98
s 5434 187 93
s 5435 293 123
s 5436 654 323
s 5437 84 44
s 5438 545 284
s 5439 409 186
s 5440 653 291
s 5441 40 18
s 5442 38 18
s 5443 853 436
s 5444 527 259
s 5445 562 241
s 5446 537 249
s 5447 1349 685
s 5448 275 116
s 5449 208 95
s 5450 1126 542
s 5451 855 412
s 5452 886 454
s 5453 99 53
s 5454 202 97
s 5455 122 51
s 5456 237 126
s 5457 421 230
s 5458 109 50
s 5459 182 76
s 5460 1608 801
s 5461 1062 523
s 5462 1466 703
s 5463 740 380
s 5464 598 309
s 5465 76 42
s 5466 275 149
s 5467 205 101
s 5468 89 37
s 5469 1136 558
s 5470 193 86
s 5471 224 114
s 5472 748 359
s 5473 785 357
s 5474 420 200
s 5475 569 253
s 5476 488 228
s 5477 916 419
s 5478 252 140
s 5479 71 33
s 5480 1248 614
s 5481 725 386
s 5482 572 269
s 5483 346 163
s 5484 664 298
s 5485 257 108
s 5486 344 169
s 5487 256 119
s 5488 431 200
s 5489 221 106
s 5490 451 192
s 5495 547 267
s 5496 240 103
s 5497 425 211
s 5499 747 316
s 5502 340 155
s 5504 718 327
s 5505 369 166
s 5507 346 158
s 5511 782 401
s 5512 232 118
s 5513 191 89
s 5514 203 93
s 5521 222 110
s 5531 108 51
s 5655 272 133
s 5657 750 332
s 5658 1361 663
s 5659 832 444
s 5660 489 238
s 5661 426 220
s 5662 872 409
s 5663 532 291
s 5664 395 208
s 5665 163 87
s 5666 171 75
s 5667 1080 560
s 5668 909 465
s 5669 299 155
s 5670 102 53
s 5671 437 222
s 5672 359 152
s 5673 710 343
s 5674 1065 553
s 5675 198 77
s 5676 961 484
s 5677 211 118
s 5678 249 118
s 5679 493 221
s 5680 641 304
s 5681 875 445
s 5682 207 99
s 5683 179 90
s 5684 91 43
s 5685 595 268
s 5686 1105 572
s 5687 287 147
s 5688 264 125
s 5689 92 46
s 5690 130 66
s 5691 183 82
s 5692 502 250
s 5693 58 29
s 5694 338 176
s 5695 341 174
s 5696 505 248
s 5697 40 18
s 5698 14 9
s 5699 841 445
s 5700 374 207
s 5701 465 211
s 5702 438 221
s 5703 944 475
s 5704 222 102
s 5705 166 80
s 5706 778 384
s 5707 530 258
s 5708 504 279
s 5709 62 26
s 5710 157 92
s 5711 71 23
s 5712 168 72
s 5713 355 183
s 5714 69 35
s 5715 128 54
s 5716 1068 517
s 5717 694 336
s 5718 963 480
s 5719 462 226
s 5720 405 218
s 5721 61 29
s 5722 170 80
s 5723 115 55
s 5724 58 28
s 5725 952 468
s 5726 189 98
s 5727 195 97
s 5728 607 277
s 5729 566 268
s 5730 324 154
s 5731 494 239
s 5732 281 148
s 5733 567 293
s 5734 181 85
s 5735 48 26
s 5736 1052 570
s 5737 476 257
s 5738 341 163
s 5739 227 112
s 5740 522 232
s 5741 186 99
s 5742 214 110
s 5743 150 78
s 5744 252 131
s 5745 113 62
s 5746 343 155
s 5751 353 148
s 5752 153 77
s 5753 266 141
s 5755 465 218
s 5758 168 97
s 5760 509 259
s 5761 290 129
s 5763 186 87
s 5767 567 280
s 5768 147 78
s 5769 129 69
s 5770 146 64
s 5777 172 82
s 5787 92 38
s 5913 295 121
s 5914 554 273
s 5915 393 214
s 5916 78 39
s 5917 66 28
s 5918 390 196
s 5919 233 123
s 5920 121 61
s 5921 73 38
s 5922 61 23
s 5923 387 185
s 5924 259 148
s 5925 128 73
s 5926 19 8
s 5927 148 60
s 5928 141 70
s 5929 214 105
s 5930 167 88
s 5931 77 38
s 5932 321 163
s 5933 79 44
s 5934 89 39
s 5935 132 63
s 5936 274 134
s 5937 143 75
s 5938 81 33
s 5939 77 40
s 5940 43 22
s 5941 207 84
s 5942 342 171
s 5943 49 22
s 5944 100 51
s 5945 36 22
s 5946 48 28
s 5947 63 29
s 5948 70 42
s 5949 18 10
s 5950 152 72
s 5951 131 62
s 5952 217 113
s 5953 15 4
s 5954 12 7
s 5955 227 125
s 5956 164 79
s 5957 86 43
s 5958 140 68
s 5959 354 172
s 5960 96 43
s 5961 58 25
s 5962 302 147
s 5963 243 100
s 5964 206 106
s 5965 9 3
s 5966 27 9
s 5967 39 15
s 5968 60 36
s 5969 64 33
s 5970 23 15
s 5971 29 11
s 5972 378 194
s 5973 206 110
s 5974 485 239
s 5975 212 102
s 5976 150 83
s 5977 33 16
s 5978 60 31
s 5979 53 33
s 5980 18 7
s 5981 340 171
s 5982 56 28
s 5983 52 21
s 5984 85 35
s 5985 138 62
s 5986 66 32
s 5987 70 32
s 5988 108 51
s 5989 250 132
s 5990 48 30
s 5991 15 9
s 5992 166 81
s 5993 204 109
s 5994 101 54
s 5995 65 35
s 5996 91 42
s 5997 77 41
s 5998 80 34
s 5999 53 33
s 6000 124 57
s 6001 57 32
s 6002 102 41
s 6007 152 78
s 6008 41 19
s 6009 137 78
s 6011 213 97
s 6014 67 35
s 6016 203 107
s 6017 53 26
s 6019 95 43
s 6023 99 55
s 6024 49 26
s 6025 23 7
s 6026 54 21
s 6033 80 45
s 6043 31 12
s 6426 1918 871
s 6427 1218 595
s 6428 615 275
s 6429 603 275
s 6430 1420 743
s 6431 896 425
s 6432 339 168
s 6433 274 147
s 6434 101 42
s 6435 884 404
s 6436 896 439
s 6437 473 222
s 6438 140 59
s 6439 304 126
s 6440 565 254
s 6441 703 332
s 6442 1166 652
s 6443 191 79
s 6444 1116 537
s 6445 305 142
s 6446 278 133
s 6447 445 199
s 6448 869 411
s 6449 842 410
s 6450 328 156
s 6451 270 125
s 6452 87 41
s 6453 639 247
s 6454 1429 691
s 6455 372 197
s 6456 268 133
s 6457 176 89
s 6458 180 78
s 6459 196 74
s 6460 601 319
s 6461 49 18
s 6462 584 312
s 6463 346 151
s 6464 733 325
s 6465 41 16
s 6466 28 11
s 6467 878 434
s 6468 510 244
s 6469 517 235
s 6470 524 245
s 6471 1396 695
s 6472 276 106
s 6473 187 81
s 6474 694 312
s 6475 820 373
s 6476 262 119
s 6477 79 37
s 6478 198 105
s 6479 147 59
s 6480 215 105
s 6481 425 201
s 6482 68 39
s 6483 184 85
s 6484 1494 726
s 6485 1031 490
s 6486 1470 678
s 6487 793 388
s 6488 512 263
s 6489 98 39
s 6490 163 67
s 6491 219 103
s 6492 67 40
s 6493 1032 481
s 6494 198 107
s 6495 229 105
s 6496 695 301
s 6497 684 314
s 6498 371 162
s 6499 545 244
s 6500 450 218
s 6501 841 384
s 6502 241 122
s 6503 60 25
s 6504 1147 590
s 6505 760 347
s 6506 165 79
s 6507 231 110
s 6508 730 328
s 6509 271 131
s 6510 311 145
s 6511 218 89
s 6512 479 227
s 6513 78 36
s 6514 365 163
s 6519 537 247
s 6520 118 62
s 6521 458 238
s 6523 788 357
s 6526 111 60
s 6528 649 295
s 6529 394 171
s 6531 366 150
s 6535 723 343
s 6536 193 92
s 6537 163 69
s 6538 187 89
s 6545 175 78
s 6555 122 47
s 6683 1129 551
s 6684 948 448
s 6685 849 404
s 6686 1183 610
s 6687 733 365
s 6688 688 344
s 6689 363 196
s 6690 421 190
s 6691 2417 1224
s 6692 2101 1057
s 6693 450 229
s 6694 211 101
s 6695 1153 526
s 6696 594 278
s 6697 1246 595
s 6698 1767 929
s 6699 473 237
s 6700 1710 879
s 6701 371 192
s 6702 566 264
s 6703 1013 483
s 6704 1432 676
s 6705 1552 790
s 6706 338 154
s 6707 286 138
s 6708 191 109
s 6709 1065 467
s 6710 2116 1042
s 6711 520 254
s 6712 495 252
s 6713 231 116
s 6714 212 83
s 6715 465 215
s 6716 938 466
s 6717 145 64
s 6718 637 321
s 6719 659 317
s 6720 683 333
s 6721 71 23
s 6722 22 8
s 6723 1357 698
s 6724 580 281
s 6725 811 391
s 6726 957 446
s 6727 1648 812
s 6728 422 181
s 6729 369 161
s 6730 1917 974
s 6731 914 446
s 6732 1362 743
s 6733 136 77
s 6734 282 143
s 6735 133 52
s 6736 376 198
s 6737 636 313
s 6738 175 101
s 6739 206 93
s 6740 1691 824
s 6741 1277 682
s 6742 1822 863
s 6743 698 345
s 6744 675 368
s 6745 125 67
s 6746 372 178
s 6747 207 101
s 6748 125 67
s 6749 1870 886
s 6750 351 160
s 6751 367 175
s 6752 1020 480
s 6753 1149 573
s 6754 697 309
s 6755 925 432
s 6756 549 235
s 6757 1109 557
s 6758 272 138
s 6759 87 42
s 6760 1984 952
s 6761 852 457
s 6762 756 378
s 6763 449 207
s 6764 985 486
s 6765 411 195
s 6766 447 238
s 6767 226 98
s 6768 406 203
s 6769 354 180
s 6770 724 337
s 6775 506 249
s 6776 332 149
s 6777 502 273
s 6779 728 328
s 6782 530 260
s 6784 993 469
s 6785 613 290
s 6787 307 139
s 6791 1208 625
s 6792 342 164
s 6793 280 136
s 6794 316 144
s 6801 400 166
s 6811 153 64
s 6940 628 282
s 6941 489 265
s 6942 638 348
s 6943 390 214
s 6944 414 225
s 6945 210 122
s 6946 298 126
s 6947 1576 821
s 6948 1327 690
s 6949 223 128
s 6950 143 65
s 6951 665 316
s 6952 350 187
s 6953 720 368
s 6954 1107 631
s 6955 321 160
s 6956 1124 565
s 6957 243 138
s 6958 335 153
s 6959 623 300
s 6960 793 406
s 6961 933 489
s 6962 157 86
s 6963 178 83
s 6964 138 70
s 6965 708 342
s 6966 1253 674
s 6967 307 152
s 6968 352 181
s 6969 129 64
s 6970 108 55
s 6971 287 135
s 6972 533 278
s 6973 95 46
s 6974 363 192
s 6975 453 221
s 6976 395 207
s 6977 40 17
s 6978 5 4
s 6979 772 433
s 6980 322 178
s 6981 432 203
s 6982 766 386
s 6983 962 516
s 6984 265 132
s 6985 208 111
s 6986 1223 648
s 6987 547 265
s 6988 904 505
s 6989 98 46
s 6990 185 97
s 6991 74 44
s 6992 251 129
s 6993 426 230
s 6994 121 63
s 6995 91 40
s 6996 1033 516
s 6997 739 376
s 6998 1102 569
s 6999 353 164
s 7000 381 202
s 7001 85 49
s 7002 223 110
s 7003 115 52
s 7004 66 37
s 7005 1160 601
s 7006 201 101
s 7007 224 123
s 7008 659 338
s 7009 687 375
s 7010 431 222
s 7011 642 317
s 7012 302 151
s 7013 697 347
s 7014 168 85
s 7015 52 29
s 7016 1180 613
s 7017 515 298
s 7018 503 267
s 7019 252 125
s 7020 634 300
s 7021 255 130
s 7022 279 145
s 7023 110 67
s 7024 215 118
s 7025 244 125
s 7026 482 252
s 7031 270 145
s 7032 240 121
s 7033 220 118
s 7035 417 199
s 7038 343 192
s 7040 610 301
s 7041 404 192
s 7043 172 86
s 7047 721 383
s 7048 222 114
s 7049 135 60
s 7050 202 97
s 7057 252 112
s 7067 83 39
s 7197 41 17
s 7198 594 305
s 7199 411 230
s 7200 185 103
s 7201 83 35
s 7202 118 54
s 7203 766 389
s 7204 397 192
s 7205 216 113
s 7206 22 6
s 7207 344 163
s 7208 263 134
s 7209 310 147
s 7210 199 103
s 7211 127 53
s 7212 500 259
s 7213 159 65
s 7214 159 77
s 7215 217 111
s 7216 390 185
s 7217 207 104
s 7218 185 105
s 7219 94 44
s 7220 59 31
s 7221 353 144
s 7222 551 262
s 7223 47 24
s 7224 150 57
s 7225 54 27
s 7226 87 42
s 7227 110 44
s 7228 49 24
s 7229 30 20
s 7230 212 106
s 7231 176 82
s 7232 320 154
s 7233 10 2
s 7234 8 2
s 7235 337 150
s 7236 269 126
s 7237 53 18
s 7238 201 101
s 7239 457 258
s 7240 150 61
s 7241 77 40
s 7242 555 264
s 7243 404 197
s 7244 371 180
s 7245 8 5
s 7246 20 8
s 7247 54 26
s 7248 91 41
s 7249 74 38
s 7250 34 19
s 7251 71 33
s 7252 576 272
s 7253 307 151
s 7254 733 344
s 7255 354 166
s 7256 218 116
s 7257 25 10
s 7258 119 54
s 7259 102 44
s 7260 25 16
s 7261 442 202
s 7262 91 34
s 7263 95 51
s 7264 45 20
s 7265 213 105
s 7266 43 19
s 7267 56 24
s 7268 179 87
s 7269 428 198
s 7270 67 32
s 7271 27 12
s 7272 125 65
s 7273 384 193
s 7274 180 89
s 7275 110 42
s 7276 69 25
s 7277 110 51
s 7278 124 64
s 7279 94 40
s 7280 197 90
s 7281 90 49
s 7282 183 81
s 7287 278 146
s 7288 82 37
s 7289 198 103
s 7291 367 169
s 7294 109 45
s 7296 344 172
s 7297 38 20
s 7299 148 60
s 7303 83 48
s 7304 106 51
s 7305 19 8
s 7306 90 34
s 7313 121 61
s 7323 45 19
s 7454 587 316
s 7455 398 188
s 7456 191 96
s 7457 67 33
s 7458 106 47
s 7459 759 387
s 7460 390 190
s 7461 207 101
s 7462 32 12
s 7463 342 155
s 7464 276 124
s 7465 316 149
s 7466 203 109
s 7467 107 49
s 7468 458 239
s 7469 135 64
s 7470 129 57
s 7471 195 86
s 7472 334 165
s 7473 181 89
s 7474 133 60
s 7475 111 47
s 7476 66 30
s 7477 295 124
s 7478 492 253
s 7479 38 15
s 7480 161 80
s 7481 34 17
s 7482 96 38
s 7483 92 35
s 7484 31 21
s 7485 40 20
s 7486 223 115
s 7487 205 101
s 7488 320 147
s 7489 17 4
s 7490 4 2
s 7491 332 164
s 7492 288 147
s 7493 52 18
s 7494 214 105
s 7495 445 229
s 7496 132 60
s 7497 83 29
s 7498 634 328
s 7499 391 197
s 7500 466 252
s 7501 16 5
s 7502 10 4
s 7503 55 23
s 7504 84 39
s 7505 60 20
s 7506 36 16
s 7507 82 26
s 7508 561 278
s 7509 306 156
s 7510 688 351
s 7511 354 164
s 7512 213 113
s 7513 36 16
s 7514 115 48
s 7515 78 34
s 7516 30 13
s 7517 428 195
s 7518 84 33
s 7519 84 39
s 7520 45 25
s 7521 147 69
s 7522 52 20
s 7523 40 17
s 7524 147 73
s 7525 411 189
s 7526 74 30
s 7527 31 13
s 7528 114 54
s 7529 341 181
s 7530 224 105
s 7531 113 53
s 7532 52 18
s 7533 124 64
s 7534 115 58
s 7535 90 49
s 7536 181 82
s 7537 92 45
s 7538 172 91
s 7543 229 104
s 7544 61 29
s 7545 189 99
s 7547 343 169
s 7550 134 69
s 7552 331 159
s 7553 28 14
s 7555 153 65
s 7559 51 26
s 7560 84 33
s 7561 17 9
s 7562 102 49
s 7569 95 49
s 7579 34 19
s 7711 410 201
s 7712 509 291
s 7713 249 134
s 7714 314 152
s 7715 1699 883
s 7716 1395 729
s 7717 263 133
s 7718 138 64
s 7719 753 375
s 7720 378 187
s 7721 769 404
s 7722 1247 716
s 7723 320 157
s 7724 1266 651
s 7725 245 123
s 7726 320 153
s 7727 741 391
s 7728 845 455
s 7729 1085 582
s 7730 181 80
s 7731 198 96
s 7732 130 75
s 7733 707 308
s 7734 1393 751
s 7735 337 168
s 7736 361 170
s 7737 156 86
s 7738 142 59
s 7739 296 133
s 7740 622 324
s 7741 114 66
s 7742 401 217
s 7743 444 218
s 7744 376 170
s 7745 52 31
s 7746 12 7
s 7747 938 508
s 7748 335 179
s 7749 524 261
s 7750 610 296
s 7751 1029 571
s 7752 209 103
s 7753 201 98
s 7754 1274 684
s 7755 603 313
s 7756 1010 575
s 7757 92 40
s 7758 214 120
s 7759 60 29
s 7760 237 125
s 7761 454 270
s 7762 129 81
s 7763 99 47
s 7764 1126 600
s 7765 749 391
s 7766 1108 579
s 7767 371 190
s 7768 424 242
s 7769 92 51
s 7770 258 129
s 7771 141 72
s 7772 89 48
s 7773 1104 553
s 7774 250 141
s 7775 229 123
s 7776 734 382
s 7777 820 412
s 7778 436 210
s 7779 626 302
s 7780 311 166
s 7781 670 364
s 7782 185 98
s 7783 43 19
s 7784 1255 698
s 7785 539 288
s 7786 534 269
s 7787 282 155
s 7788 637 323
s 7789 269 154
s 7790 312 173
s 7791 105 54
s 7792 215 93
s 7793 281 160
s 7794 438 199
s 7799 328 164
s 7800 226 108
s 7801 238 127
s 7803 496 248
s 7806 345 173
s 7808 579 302
s 7809 367 198
s 7811 185 103
s 7815 792 451
s 7816 216 124
s 7817 190 107
s 7818 227 119
s 7825 266 118
s 7835 87 37
s 7968 298 156
s 7969 148 73
s 7970 217 95
s 7971 1021 511
s 7972 963 522
s 7973 144 73
s 7974 94 50
s 7975 507 253
s 7976 222 99
s 7977 583 291
s 7978 815 468
s 7979 240 123
s 7980 685 382
s 7981 135 77
s 7982 200 102
s 7983 410 209
s 7984 597 299
s 7985 731 378
s 7986 113 63
s 7987 135 52
s 7988 89 56
s 7989 432 199
s 7990 901 466
s 7991 263 138
s 7992 234 121
s 7993 88 39
s 7994 95 46
s 7995 187 92
s 7996 457 248
s 7997 64 30
s 7998 276 153
s 7999 261 143
s 8000 244 121
s 8001 26 14
s 8002 5 3
s 8003 587 319
s 8004 182 99
s 8005 383 201
s 8006 403 208
s 8007 740 410
s 8008 158 67
s 8009 121 60
s 8010 839 449
s 8011 359 188
s 8012 756 422
s 8013 61 30
s 8014 125 69
s 8015 40 20
s 8016 158 95
s 8017 297 163
s 8018 61 35
s 8019 71 36
s 8020 649 346
s 8021 508 251
s 8022 783 435
s 8023 223 121
s 8024 331 182
s 8025 58 34
s 8026 158 83
s 8027 73 35
s 8028 49 27
s 8029 774 431
s 8030 144 75
s 8031 139 72
s 8032 466 243
s 8033 509 264
s 8034 252 120
s 8035 357 174
s 8036 191 96
s 8037 433 206
s 8038 104 55
s 8039 37 18
s 8040 779 437
s 8041 294 136
s 8042 374 186
s 8043 194 106
s 8044 437 218
s 8045 182 88
s 8046 194 113
s 8047 71 41
s 8048 131 68
s 8049 181 108
s 8050 310 145
s 8055 211 114
s 8056 174 91
s 8057 359 208
s 8059 337 142
s 8062 256 114
s 8064 385 202
s 8065 244 119
s 8067 107 50
s 8071 539 289
s 8072 168 91
s 8073 109 60
s 8074 125 61
s 8081 156 65
s 8091 65 36
s 8225 66 38
s 8226 78 40
s 8227 479 234
s 8228 433 235
s 8229 176 93
s 8230 32 13
s 8231 197 96
s 8232 224 121
s 8233 161 83
s 8234 375 209
s 8235 99 54
s 8236 263 142
s 8237 124 71
s 8238 67 36
s 8239 253 142
s 8240 162 85
s 8241 318 186
s 8242 103 52
s 8243 89 43
s 8244 31 19
s 8245 252 101
s 8246 332 196
s 8247 103 56
s 8248 83 32
s 8249 56 29
s 8250 84 40
s 8251 96 50
s 8252 164 91
s 8253 29 16
s 8254 154 89
s 8255 108 55
s 8256 232 115
s 8257 16 6
s 8258 9 7
s 8259 216 122
s 8260 200 110
s 8261 165 83
s 8262 112 54
s 8263 459 255
s 8264 108 58
s 8265 74 37
s 8266 302 157
s 8267 329 175
s 8268 218 123
s 8269 39 19
s 8270 79 46
s 8271 48 23
s 8272 61 31
s 8273 152 86
s 8274 43 22
s 8275 49 26
s 8276 537 291
s 8277 373 202
s 8278 511 285
s 8279 261 134
s 8280 149 79
s 8281 23 11
s 8282 80 38
s 8283 62 27
s 8284 22 14
s 8285 244 110
s 8286 69 30
s 8287 59 32
s 8288 225 132
s 8289 223 112
s 8290 121 52
s 8291 184 97
s 8292 103 56
s 8293 349 167
s 8294 79 38
s 8295 18 9
s 8296 343 189
s 8297 268 141
s 8298 103 57
s 8299 78 37
s 8300 227 121
s 8301 50 24
s 8302 98 49
s 8303 89 46
s 8304 141 71
s 8305 63 32
s 8306 114 58
s 8311 219 123
s 8312 63 37
s 8313 160 90
s 8315 255 132
s 8318 85 42
s 8320 254 132
s 8321 83 40
s 8323 108 59
s 8327 212 126
s 8328 69 31
s 8329 51 23
s 8330 52 32
s 8337 54 24
s 8347 45 25
s 8482 72 31
s 8483 312 166
s 8484 247 133
s 8485 65 33
s 8486 25 11
s 8487 142 75
s 8488 90 39
s 8489 128 64
s 8490 172 99
s 8491 63 30
s 8492 218 119
s 8493 55 28
s 8494 81 40
s 8495 106 52
s 8496 201 110
s 8497 171 93
s 8498 55 30
s 8499 51 24
s 8500 32 19
s 8501 152 80
s 8502 285 158
s 8503 44 11
s 8504 72 28
s 8505 31 18
s 8506 42 22
s 8507 56 27
s 8508 54 31
s 8509 26 19
s 8510 122 60
s 8511 95 44
s 8512 117 56
s 8513 13 4
s 8514 4 3
s 8515 155 82
s 8516 84 44
s 8517 45 19
s 8518 106 61
s 8519 188 110
s 8520 69 36
s 8521 42 28
s 8522 294 161
s 8523 147 71
s 8524 210 133
s 8525 13 6
s 8526 23 11
s 8527 27 20
s 8528 44 23
s 8529 61 32
s 8530 35 20
s 8531 29 16
s 8532 239 136
s 8533 155 85
s 8534 310 161
s 8535 119 69
s 8536 93 59
s 8537 24 14
s 8538 56 33
s 8539 40 26
s 8540 17 8
s 8541 244 115
s 8542 42 28
s 8543 43 18
s 8544 92 36
s 8545 150 71
s 8546 44 15
s 8547 66 32
s 8548 68 35
s 8549 148 73
s 8550 40 20
s 8551 15 6
s 8552 154 73
s 8553 152 86
s 8554 124 66
s 8555 70 46
s 8556 66 34
s 8557 68 37
s 8558 69 47
s 8559 51 27
s 8560 86 39
s 8561 58 36
s 8562 94 44
s 8567 86 52
s 8568 37 21
s 8569 90 59
s 8571 122 66
s 8574 76 40
s 8576 147 80
s 8577 37 23
s 8579 66 41
s 8583 88 51
s 8584 59 31
s 8585 23 13
s 8586 45 24
s 8593 66 32
s 8603 22 10
s 8739 168 63
s 8740 174 72
s 8741 84 34
s 8742 31 16
s 8743 50 28
s 8744 111 46
s 8745 139 65
s 8746 253 126
s 8747 29 15
s 8748 221 97
s 8749 60 28
s 8750 83 35
s 8751 94 48
s 8752 254 122
s 8753 189 98
s 8754 91 45
s 8755 71 33
s 8756 11 3
s 8757 158 59
s 8758 343 183
s 8759 110 47
s 8760 64 27
s 8761 52 29
s 8762 33 16
s 8763 47 19
s 8764 167 78
s 8765 19 9
s 8766 165 84
s 8767 80 31
s 8768 144 59
s 8769 5 4
s 8770 6 5
s 8771 208 111
s 8772 116 57
s 8773 114 50
s 8774 123 49
s 8775 360 176
s 8776 72 30
s 8777 50 22
s 8778 133 59
s 8779 184 88
s 8780 38 20
s 8781 23 10
s 8782 49 23
s 8783 37 22
s 8784 52 23
s 8785 83 42
s 8786 12 7
s 8787 35 13
s 8788 293 131
s 8789 225 101
s 8790 332 157
s 8791 167 71
s 8792 97 52
s 8793 24 13
s 8794 59 26
s 8795 65 36
s 8796 24 12
s 8797 211 106
s 8798 54 26
s 8799 41 19
s 8800 140 73
s 8801 158 85
s 8802 91 34
s 8803 112 48
s 8804 122 65
s 8805 205 98
s 8806 59 27
s 8807 22 11
s 8808 297 156
s 8809 262 147
s 8810 14 6
s 8811 72 37
s 8812 135 55
s 8813 95 40
s 8814 73 39
s 8815 55 29
s 8816 119 65
s 8817 14 7
s 8818 110 46
s 8823 139 73
s 8824 28 11
s 8825 138 68
s 8827 223 93
s 8830 17 9
s 8832 177 84
s 8833 96 40
s 8835 94 42
s 8839 184 89
s 8840 46 18
s 8841 48 26
s 8842 42 18
s 8849 48 20
s 8859 31 15
s 8996 1405 695
s 8997 633 291
s 8998 157 65
s 8999 525 218
s 9000 700 327
s 9001 987 477
s 9002 1511 832
s 9003 300 133
s 9004 1228 601
s 9005 386 188
s 9006 268 105
s 9007 628 288
s 9008 846 415
s 9009 1116 571
s 9010 397 200
s 9011 343 172
s 9012 106 57
s 9013 824 359
s 9014 1506 781
s 9015 412 184
s 9016 308 149
s 9017 211 115
s 9018 234 92
s 9019 312 148
s 9020 720 380
s 9021 69 37
s 9022 706 376
s 9023 474 225
s 9024 948 401
s 9025 41 16
s 9026 16 8
s 9027 932 482
s 9028 684 343
s 9029 619 270
s 9030 637 309
s 9031 1745 909
s 9032 320 150
s 9033 267 107
s 9034 938 465
s 9035 1061 518
s 9036 474 236
s 9037 102 45
s 9038 209 117
s 9039 160 80
s 9040 235 110
s 9041 587 307
s 9042 81 45
s 9043 215 91
s 9044 2002 1043
s 9045 1207 598
s 9046 1670 830
s 9047 960 479
s 9048 609 328
s 9049 99 54
s 9050 234 100
s 9051 201 99
s 9052 76 38
s 9053 1221 612
s 9054 214 92
s 9055 268 147
s 9056 946 450
s 9057 887 433
s 9058 451 213
s 9059 826 408
s 9060 490 251
s 9061 1140 568
s 9062 319 161
s 9063 80 37
s 9064 1493 763
s 9065 934 469
s 9066 287 140
s 9067 312 141
s 9068 879 373
s 9069 286 130
s 9070 367 180
s 9071 245 134
s 9072 447 215
s 9073 138 80
s 9074 466 192
s 9079 639 308
s 9080 166 93
s 9081 529 257
s 9083 916 426
s 9086 196 106
s 9088 778 368
s 9089 453 212
s 9091 356 184
s 9095 786 408
s 9096 225 112
s 9097 185 76
s 9098 201 102
s 9105 236 92
s 9115 141 67
s 9253 513 255
s 9254 69 31
s 9255 530 260
s 9256 577 273
s 9257 762 382
s 9258 870 467
s 9259 210 103
s 9260 1060 535
s 9261 317 155
s 9262 278 121
s 9263 511 245
s 9264 815 383
s 9265 759 399
s 9266 348 181
s 9267 275 149
s 9268 103 55
s 9269 743 330
s 9270 1217 577
s 9271 260 117
s 9272 296 136
s 9273 147 81
s 9274 198 94
s 9275 249 109
s 9276 378 205
s 9277 51 28
s 9278 695 374
s 9279 388 201
s 9280 735 368
s 9281 38 15
s 9282 27 14
s 9283 783 420
s 9284 620 335
s 9285 346 155
s 9286 532 266
s 9287 1456 774
s 9288 324 165
s 9289 205 91
s 9290 919 457
s 9291 934 465
s 9292 541 303
s 9293 56 22
s 9294 102 51
s 9295 131 58
s 9296 215 112
s 9297 287 154
s 9298 84 47
s 9299 181 87
s 9300 1554 796
s 9301 970 465
s 9302 1598 819
s 9303 830 439
s 9304 566 324
s 9305 72 38
s 9306 222 108
s 9307 186 97
s 9308 70 34
s 9309 1090 566
s 9310 191 86
s 9311 203 115
s 9312 448 225
s 9313 609 319
s 9314 263 130
s 9315 377 189
s 9316 451 228
s 9317 935 455
s 9318 226 109
s 9319 64 34
s 9320 837 460
s 9321 793 433
s 9322 333 178
s 9323 319 159
s 9324 502 229
s 9325 230 115
s 9326 292 138
s 9327 262 132
s 9328 406 181
s 9329 147 85
s 9330 411 184
s 9335 548 283
s 9336 144 72
s 9337 488 256
s 9339 872 419
s 9342 241 118
s 9344 724 344
s 9345 249 118
s 9347 363 171
s 9351 475 249
s 9352 247 120
s 9353 127 61
s 9354 183 101
s 9361 217 101
s 9371 101 49
s 9510 45 18
s 9511 260 127
s 9512 134 68
s 9513 304 157
s 9514 445 237
s 9515 121 61
s 9516 447 218
s 9517 99 54
s 9518 107 54
s 9519 267 133
s 9520 360 173
s 9521 422 241
s 9522 57 28
s 9523 64 28
s 9524 48 20
s 9525 254 115
s 9526 500 266
s 9527 145 68
s 9528 141 72
s 9529 40 22
s 9530 48 21
s 9531 97 42
s 9532 220 138
s 9533 41 19
s 9534 130 68
s 9535 136 69
s 9536 150 75
s 9537 22 9
s 9538 2 0
s 9539 381 216
s 9540 115 57
s 9541 178 84
s 9542 201 98
s 9543 350 192
s 9544 85 35
s 9545 80 40
s 9546 458 251
s 9547 223 117
s 9548 381 210
s 9549 36 19
s 9550 67 33
s 9551 24 7
s 9552 89 43
s 9553 185 98
s 9554 44 24
s 9555 31 20
s 9556 433 226
s 9557 282 137
s 9558 422 208
s 9559 118 55
s 9560 168 81
s 9561 35 21
s 9562 75 43
s 9563 51 29
s 9564 39 25
s 9565 403 211
s 9566 93 43
s 9567 81 39
s 9568 231 116
s 9569 271 145
s 9570 131 61
s 9571 265 119
s 9572 104 51
s 9573 227 112
s 9574 48 21
s 9575 25 14
s 9576 425 221
s 9577 189 91
s 9578 205 105
s 9579 102 49
s 9580 234 108
s 9581 98 54
s 9582 107 52
s 9583 41 22
s 9584 77 40
s 9585 95 57
s 9586 171 70
s 9591 123 54
s 9592 81 45
s 9593 83 41
s 9595 173 78
s 9598 130 65
s 9600 214 99
s 9601 123 53
s 9603 58 32
s 9607 275 146
s 9608 76 44
s 9609 71 36
s 9610 83 42
s 9617 88 39
s 9627 32 17
s 9767 66 34
s 9768 50 24
s 9769 56 22
s 9770 46 23
s 9771 18 11
s 9772 105 49
s 9773 40 23
s 9774 40 15
s 9775 41 17
s 9776 100 41
s 9777 75 33
s 9778 42 20
s 9779 33 11
s 9780 18 10
s 9781 85 39
s 9782 135 64
s 9783 17 4
s 9784 26 13
s 9785 18 11
s 9786 26 8
s 9787 22 13
s 9788 15 10
s 9789 17 10
s 9790 54 33
s 9791 36 17
s 9792 66 38
s 9793 9 4
s 9794 5 1
s 9795 80 37
s 9796 48 27
s 9797 17 8
s 9798 72 32
s 9799 109 53
s 9800 29 13
s 9801 19 10
s 9802 145 69
s 9803 76 28
s 9804 84 42
s 9805 8 5
s 9806 5 1
s 9807 20 10
s 9808 15 5
s 9809 22 9
s 9810 5 0
s 9811 15 5
s 9812 112 58
s 9813 86 31
s 9814 190 87
s 9815 72 32
s 9816 43 25
s 9817 18 6
s 9818 40 14
s 9819 30 15
s 9820 15 7
s 9821 89 46
s 9822 19 9
s 9823 21 8
s 9824 23 11
s 9825 46 20
s 9826 14 9
s 9827 21 10
s 9828 43 23
s 9829 91 35
s 9830 22 12
s 9831 13 7
s 9832 50 17
s 9833 93 42
s 9834 50 24
s 9835 38 22
s 9836 19 14
s 9837 36 16
s 9838 34 17
s 9839 23 8
s 9840 36 16
s 9841 34 15
s 9842 43 18
s 9847 65 29
s 9848 14 4
s 9849 39 11
s 9851 107 42
s 9854 34 16
s 9856 85 32
s 9857 10 4
s 9859 45 18
s 9863 26 11
s 9864 39 17
s 9865 7 4
s 9866 28 10
s 9873 21 11
s 9883 14 9
s 10024 320 152
s 10025 477 214
s 10026 690 331
s 10027 110 58
s 10028 572 278
s 10029 157 83
s 10030 129 50
s 10031 224 108
s 10032 459 220
s 10033 482 244
s 10034 157 64
s 10035 162 76
s 10036 37 18
s 10037 376 155
s 10038 828 402
s 10039 199 90
s 10040 159 68
s 10041 100 50
s 10042 94 34
s 10043 88 39
s 10044 337 182
s 10045 26 13
s 10046 332 178
s 10047 246 115
s 10048 399 193
s 10049 26 11
s 10050 11 3
s 10051 545 271
s 10052 334 163
s 10053 328 141
s 10054 311 164
s 10055 759 369
s 10056 168 82
s 10057 101 44
s 10058 366 174
s 10059 457 217
s 10060 151 79
s 10061 52 22
s 10062 104 50
s 10063 61 30
s 10064 122 57
s 10065 227 119
s 10066 33 17
s 10067 104 45
s 10068 865 412
s 10069 565 266
s 10070 854 410
s 10071 441 186
s 10072 267 141
s 10073 40 17
s 10074 88 32
s 10075 75 38
s 10076 24 12
s 10077 657 318
s 10078 120 54
s 10079 127 59
s 10080 396 178
s 10081 395 196
s 10082 200 93
s 10083 318 136
s 10084 255 122
s 10085 513 239
s 10086 107 43
s 10087 38 22
s 10088 662 335
s 10089 402 205
s 10090 87 36
s 10091 130 63
s 10092 424 184
s 10093 153 73
s 10094 167 82
s 10095 114 58
s 10096 235 104
s 10097 35 15
s 10098 208 97
s 10103 348 154
s 10104 72 26
s 10105 218 101
s 10107 476 208
s 10110 74 35
s 10112 369 160
s 10113 199 100
s 10115 157 63
s 10119 423 195
s 10120 92 45
s 10121 87 40
s 10122 104 46
s 10129 111 51
s 10139 86 38
s 10281 347 161
s 10282 502 266
s 10283 147 75
s 10284 543 264
s 10285 108 52
s 10286 121 51
s 10287 455 205
s 10288 313 152
s 10289 441 230
s 10290 78 39
s 10291 85 45
s 10292 52 24
s 10293 289 113
s 10294 593 283
s 10295 137 56
s 10296 179 83
s 10297 41 15
s 10298 83 45
s 10299 162 64
s 10300 234 111
s 10301 32 20
s 10302 136 67
s 10303 160 72
s 10304 215 94
s 10305 22 11
s 10306 6 2
s 10307 403 208
s 10308 159 81
s 10309 199 84
s 10310 246 111
s 10311 393 196
s 10312 114 47
s 10313 84 42
s 10314 504 247
s 10315 242 108
s 10316 444 230
s 10317 50 17
s 10318 58 27
s 10319 35 18
s 10320 101 47
s 10321 195 100
s 10322 54 25
s 10323 42 18
s 10324 564 270
s 10325 327 172
s 10326 459 206
s 10327 176 92
s 10328 180 84
s 10329 40 23
s 10330 88 41
s 10331 55 23
s 10332 22 14
s 10333 531 242
s 10334 96 41
s 10335 108 50
s 10336 287 143
s 10337 293 133
s 10338 175 80
s 10339 239 105
s 10340 128 59
s 10341 271 115
s 10342 86 39
s 10343 23 12
s 10344 478 249
s 10345 207 106
s 10346 210 93
s 10347 112 43
s 10348 309 135
s 10349 83 36
s 10350 103 52
s 10351 45 16
s 10352 90 37
s 10353 89 50
s 10354 205 89
s 10359 144 72
s 10360 96 43
s 10361 101 51
s 10363 203 98
s 10366 157 76
s 10368 219 102
s 10369 125 55
s 10371 76 30
s 10375 261 139
s 10376 89 39
s 10377 85 36
s 10378 86 31
s 10385 115 64
s 10395 36 16
s 10538 457 243
s 10539 218 96
s 10540 91 35
s 10541 197 98
s 10542 77 44
s 10543 416 215
s 10544 82 38
s 10545 497 261
s 10546 192 90
s 10547 131 61
s 10548 82 37
s 10549 360 156
s 10550 105 61
s 10551 193 85
s 10552 113 49
s 10553 83 42
s 10554 101 49
s 10555 176 76
s 10556 282 145
s 10557 34 20
s 10558 302 158
s 10559 177 86
s 10560 458 200
s 10561 26 11
s 10562 13 5
s 10563 53 28
s 10564 406 198
s 10565 256 110
s 10566 70 33
s 10567 755 387
s 10568 131 58
s 10569 74 34
s 10570 1155 586
s 10571 546 273
s 10572 524 272
s 10573 40 22
s 10574 80 42
s 10575 78 26
s 10576 57 23
s 10577 167 87
s 10578 36 21
s 10579 112 59
s 10580 876 419
s 10581 523 262
s 10582 963 507
s 10583 452 217
s 10584 291 140
s 10585 14 4
s 10586 154 67
s 10587 90 43
s 10588 54 22
s 10589 157 74
s 10590 38 16
s 10591 32 18
s 10592 377 181
s 10593 377 176
s 10594 211 98
s 10595 295 135
s 10596 216 104
s 10597 679 329
s 10598 114 49
s 10599 35 17
s 10600 558 274
s 10601 434 215
s 10602 222 107
s 10603 160 78
s 10604 348 162
s 10605 19 4
s 10606 235 134
s 10607 117 55
s 10608 207 100
s 10609 106 60
s 10610 112 46
s 10615 305 141
s 10616 113 47
s 10617 247 117
s 10619 427 210
s 10622 154 81
s 10624 556 283
s 10625 207 92
s 10627 160 72
s 10631 385 197
s 10632 104 47
s 10633 84 41
s 10634 56 24
s 10641 54 31
s 10651 62 28
s 10795 240 115
s 10796 677 371
s 10797 310 155
s 10798 222 104
s 10799 484 278
s 10800 550 296
s 10801 508 288
s 10802 277 139
s 10803 186 93
s 10804 106 63
s 10805 614 302
s 10806 684 357
s 10807 142 76
s 10808 290 166
s 10809 100 51
s 10810 180 87
s 10811 215 116
s 10812 183 106
s 10813 58 35
s 10814 495 295
s 10815 328 182
s 10816 649 366
s 10817 42 19
s 10818 17 10
s 10819 521 295
s 10820 513 292
s 10821 170 82
s 10822 317 171
s 10823 1018 566
s 10824 239 120
s 10825 128 63
s 10826 1120 613
s 10827 892 477
s 10828 895 520
s 10829 34 22
s 10830 63 38
s 10831 110 57
s 10832 168 92
s 10833 154 80
s 10834 75 46
s 10835 117 56
s 10836 1170 629
s 10837 776 434
s 10838 1486 772
s 10839 705 404
s 10840 520 319
s 10841 50 26
s 10842 242 111
s 10843 150 86
s 10844 61 37
s 10845 805 431
s 10846 173 93
s 10847 121 61
s 10848 213 118
s 10849 427 222
s 10850 137 78
s 10851 192 108
s 10852 315 162
s 10853 879 483
s 10854 151 83
s 10855 53 28
s 10856 385 221
s 10857 687 381
s 10858 442 235
s 10859 236 123
s 10860 262 142
s 10861 146 64
s 10862 286 155
s 10863 198 107
s 10864 385 188
s 10865 199 123
s 10866 296 152
s 10871 519 300
s 10872 158 81
s 10873 366 213
s 10875 791 416
s 10878 256 132
s 10880 640 332
s 10881 129 70
s 10883 274 147
s 10887 265 144
s 10888 189 101
s 10889 64 41
s 10890 155 86
s 10897 155 80
s 10907 89 49
s 11052 251 128
s 11053 82 37
s 11054 75 33
s 11055 117 57
s 11056 169 75
s 11057 174 82
s 11058 60 24
s 11059 69 28
s 11060 23 8
s 11061 154 71
s 11062 307 155
s 11063 70 37
s 11064 82 37
s 11065 39 19
s 11066 45 14
s 11067 52 19
s 11068 84 43
s 11069 14 6
s 11070 138 78
s 11071 102 55
s 11072 174 70
s 11073 11 5
s 11074 4 1
s 11075 225 121
s 11076 125 61
s 11077 107 48
s 11078 143 65
s 11079 358 188
s 11080 56 29
s 11081 55 22
s 11082 197 86
s 11083 204 99
s 11084 94 46
s 11085 12 8
s 11086 47 29
s 11087 37 20
s 11088 66 30
s 11089 90 49
s 11090 19 9
s 11091 42 22
s 11092 376 191
s 11093 218 96
s 11094 364 181
s 11095 200 103
s 11096 131 68
s 11097 21 9
s 11098 72 26
s 11099 41 16
s 11100 14 7
s 11101 306 140
s 11102 60 25
s 11103 49 20
s 11104 133 66
s 11105 172 89
s 11106 67 36
s 11107 107 40
s 11108 121 58
s 11109 215 97
s 11110 57 21
s 11111 15 4
s 11112 224 125
s 11113 177 88
s 11114 51 32
s 11115 70 31
s 11116 139 66
s 11117 51 28
s 11118 67 26
s 11119 52 26
s 11120 95 46
s 11121 29 14
s 11122 108 47
s 11127 134 62
s 11128 48 23
s 11129 109 54
s 11131 163 76
s 11134 55 27
s 11136 169 80
s 11137 64 29
s 11139 81 36
s 11143 114 57
s 11144 48 17
s 11145 33 16
s 11146 54 27
s 11153 53 25
s 11163 25 13
s 11309 303 161
s 11310 105 42
s 11311 570 287
s 11312 160 72
s 11313 690 351
s 11314 318 174
s 11315 205 95
s 11316 96 48
s 11317 502 226
s 11318 155 65
s 11319 257 115
s 11320 129 64
s 11321 159 74
s 11322 154 66
s 11323 256 128
s 11324 426 219
s 11325 86 48
s 11326 441 235
s 11327 234 120
s 11328 639 299
s 11329 41 19
s 11330 26 12
s 11331 108 51
s 11332 477 239
s 11333 377 171
s 11334 119 45
s 11335 1089 589
s 11336 196 94
s 11337 156 69
s 11338 1078 532
s 11339 765 395
s 11340 673 361
s 11341 74 36
s 11342 149 76
s 11343 121 60
s 11344 85 37
s 11345 323 157
s 11346 69 33
s 11347 145 65
s 11348 1232 618
s 11349 811 422
s 11350 1306 659
s 11351 616 311
s 11352 445 244
s 11353 15 7
s 11354 224 105
s 11355 140 66
s 11356 62 32
s 11357 276 126
s 11358 67 25
s 11359 45 22
s 11360 495 245
s 11361 684 339
s 11362 305 124
s 11363 516 225
s 11364 354 177
s 11365 870 466
s 11366 183 96
s 11367 43 20
s 11368 918 488
s 11369 682 361
s 11370 365 177
s 11371 221 113
s 11372 492 230
s 11373 39 15
s 11374 259 133
s 11375 187 98
s 11376 334 157
s 11377 209 108
s 11378 172 78
s 11383 459 246
s 11384 170 79
s 11385 343 189
s 11387 631 308
s 11390 268 140
s 11392 623 311
s 11393 259 125
s 11395 263 126
s 11399 569 278
s 11400 172 85
s 11401 126 59
s 11402 66 39
s 11409 99 35
s 11419 82 38
s 11566 87 45
s 11567 170 80
s 11568 219 116
s 11569 290 152
s 11570 47 19
s 11571 54 30
s 11572 43 23
s 11573 171 83
s 11574 324 168
s 11575 91 49
s 11576 86 46
s 11577 32 18
s 11578 94 22
s 11579 69 32
s 11580 134 65
s 11581 24 16
s 11582 90 45
s 11583 109 57
s 11584 134 72
s 11585 8 2
s 11586 3 2
s 11587 233 139
s 11588 94 50
s 11589 121 57
s 11590 173 67
s 11591 280 155
s 11592 61 38
s 11593 50 22
s 11594 287 173
s 11595 136 64
s 11596 268 123
s 11597 20 12
s 11598 37 18
s 11599 77 15
s 11600 60 25
s 11601 118 59
s 11602 32 17
s 11603 29 12
s 11604 304 153
s 11605 219 109
s 11606 287 160
s 11607 120 74
s 11608 111 69
s 11609 24 12
s 11610 73 45
s 11611 38 26
s 11612 10 5
s 11613 309 147
s 11614 52 27
s 11615 61 31
s 11616 197 101
s 11617 186 100
s 11618 112 52
s 11619 155 84
s 11620 71 37
s 11621 163 72
s 11622 49 24
s 11623 11 6
s 11624 292 161
s 11625 149 81
s 11626 110 67
s 11627 75 42
s 11628 180 84
s 11629 57 29
s 11630 63 38
s 11631 33 11
s 11632 71 34
s 11633 50 24
s 11634 103 50
s 11639 105 51
s 11640 63 31
s 11641 70 35
s 11643 128 69
s 11646 71 38
s 11648 149 67
s 11649 96 52
s 11651 36 17
s 11655 158 82
s 11656 46 27
s 11657 44 28
s 11658 80 40
s 11665 64 31
s 11675 30 15
s 11823 114 46
s 11824 82 31
s 11825 228 118
s 11826 114 64
s 11827 77 35
s 11828 34 18
s 11829 136 61
s 11830 115 61
s 11831 101 53
s 11832 41 16
s 11833 59 25
s 11834 41 22
s 11835 78 31
s 11836 151 76
s 11837 29 12
s 11838 149 78
s 11839 76 29
s 11840 176 75
s 11841 14 9
s 11842 8 4
s 11843 62 23
s 11844 116 51
s 11845 112 49
s 11846 58 28
s 11847 333 140
s 11848 59 25
s 11849 40 15
s 11850 324 147
s 11851 199 82
s 11852 175 96
s 11853 27 10
s 11854 52 24
s 11855 35 19
s 11856 38 13
s 11857 92 45
s 11858 22 8
s 11859 55 26
s 11860 347 169
s 11861 243 117
s 11862 405 171
s 11863 171 91
s 11864 110 51
s 11865 11 5
s 11866 81 33
s 11867 58 28
s 11868 31 21
s 11869 116 55
s 11870 16 7
s 11871 33 18
s 11872 158 83
s 11873 193 104
s 11874 104 44
s 11875 140 55
s 11876 132 62
s 11877 236 106
s 11878 61 24
s 11879 22 7
s 11880 291 133
s 11881 221 116
s 11882 112 46
s 11883 84 38
s 11884 129 60
s 11885 18 6
s 11886 79 45
s 11887 55 19
s 11888 138 61
s 11889 69 31
s 11890 39 17
s 11895 134 62
s 11896 60 23
s 11897 131 52
s 11899 229 97
s 11902 88 46
s 11904 189 86
s 11905 98 41
s 11907 113 49
s 11911 198 103
s 11912 67 25
s 11913 42 15
s 11914 28 14
s 11921 35 20
s 11931 38 17
s 12080 420 210
s 12081 365 183
s 12082 147 79
s 12083 126 66
s 12084 48 19
s 12085 367 152
s 12086 645 318
s 12087 127 51
s 12088 147 66
s 12089 80 41
s 12090 107 45
s 12091 107 56
s 12092 205 89
s 12093 26 13
s 12094 260 124
s 12095 197 83
s 12096 370 172
s 12097 23 12
s 12098 12 5
s 12099 449 245
s 12100 272 124
s 12101 216 91
s 12102 255 135
s 12103 661 347
s 12104 129 65
s 12105 98 42
s 12106 416 198
s 12107 443 213
s 12108 277 148
s 12109 35 19
s 12110 50 19
s 12111 79 38
s 12112 117 58
s 12113 172 82
s 12114 38 21
s 12115 107 42
s 12116 860 417
s 12117 519 242
s 12118 738 380
s 12119 373 165
s 12120 278 152
s 12121 50 24
s 12122 118 57
s 12123 79 47
s 12124 42 21
s 12125 508 235
s 12126 107 46
s 12127 120 60
s 12128 294 137
s 12129 295 149
s 12130 138 59
s 12131 240 117
s 12132 197 92
s 12133 430 211
s 12134 98 53
s 12135 33 17
s 12136 497 253
s 12137 373 202
s 12138 155 82
s 12139 132 54
s 12140 289 141
s 12141 114 51
s 12142 107 57
s 12143 103 44
s 12144 189 89
s 12145 67 33
s 12146 175 79
s 12151 261 124
s 12152 80 31
s 12153 214 118
s 12155 387 177
s 12158 92 46
s 12160 310 147
s 12161 121 63
s 12163 164 73
s 12167 257 138
s 12168 108 50
s 12169 47 19
s 12170 111 43
s 12177 92 52
s 12187 53 22
s 12337 673 358
s 12338 200 97
s 12339 193 107
s 12340 80 37
s 12341 380 161
s 12342 137 67
s 12343 273 130
s 12344 115 55
s 12345 108 58
s 12346 142 59
s 12347 229 112
s 12348 421 216
s 12349 73 33
s 12350 450 225
s 12351 170 80
s 12352 425 189
s 12353 36 15
s 12354 12 6
s 12355 80 40
s 12356 390 189
s 12357 339 171
s 12358 101 59
s 12359 936 489
s 12360 134 58
s 12361 115 60
s 12362 936 472
s 12363 523 238
s 12364 653 370
s 12365 68 34
s 12366 139 86
s 12367 98 49
s 12368 67 37
s 12369 191 99
s 12370 83 51
s 12371 143 65
s 12372 1029 514
s 12373 665 325
s 12374 1167 572
s 12375 517 241
s 12376 367 187
s 12377 15 8
s 12378 197 101
s 12379 169 85
s 12380 79 46
s 12381 242 113
s 12382 35 15
s 12383 52 28
s 12384 405 209
s 12385 560 268
s 12386 268 102
s 12387 305 160
s 12388 334 165
s 12389 642 328
s 12390 167 93
s 12391 52 30
s 12392 743 397
s 12393 605 313
s 12394 378 185
s 12395 235 134
s 12396 428 188
s 12397 25 12
s 12398 261 142
s 12399 165 81
s 12400 307 156
s 12401 198 108
s 12402 156 80
s 12407 363 171
s 12408 165 84
s 12409 302 159
s 12411 557 272
s 12414 225 120
s 12416 575 273
s 12417 246 116
s 12419 240 109
s 12423 496 251
s 12424 173 103
s 12425 134 70
s 12426 40 13
s 12433 95 49
s 12443 72 31
s 12594 323 183
s 12595 189 93
s 12596 80 44
s 12597 605 283
s 12598 975 534
s 12599 180 84
s 12600 280 134
s 12601 126 64
s 12602 163 72
s 12603 174 88
s 12604 190 110
s 12605 71 40
s 12606 537 310
s 12607 302 159
s 12608 565 300
s 12609 34 16
s 12610 16 11
s 12611 624 383
s 12612 455 244
s 12613 226 101
s 12614 371 184
s 12615 942 512
s 12616 225 106
s 12617 149 68
s 12618 893 491
s 12619 734 392
s 12620 586 331
s 12621 33 15
s 12622 84 59
s 12623 137 59
s 12624 164 94
s 12625 135 72
s 12626 67 39
s 12627 126 77
s 12628 1020 530
s 12629 673 370
s 12630 1318 643
s 12631 643 336
s 12632 414 218
s 12633 66 42
s 12634 219 116
s 12635 173 100
s 12636 53 24
s 12637 808 402
s 12638 164 85
s 12639 169 92
s 12640 213 119
s 12641 424 239
s 12642 147 72
s 12643 179 82
s 12644 339 171
s 12645 781 401
s 12646 167 94
s 12647 50 30
s 12648 363 176
s 12649 673 376
s 12650 303 171
s 12651 245 136
s 12652 218 108
s 12653 188 89
s 12654 273 161
s 12655 209 98
s 12656 372 182
s 12657 156 82
s 12658 288 136
s 12663 486 257
s 12664 133 57
s 12665 410 232
s 12667 687 325
s 12670 212 99
s 12672 544 286
s 12673 114 67
s 12675 292 136
s 12679 313 174
s 12680 167 90
s 12681 61 28
s 12682 140 79
s 12689 183 78
s 12699 88 46
s 12851 45 23
s 12852 30 15
s 12853 208 85
s 12854 352 189
s 12855 88 42
s 12856 77 31
s 12857 26 8
s 12858 30 14
s 12859 106 45
s 12860 143 71
s 12861 42 23
s 12862 108 55
s 12863 100 44
s 12864 88 48
s 12865 13 4
s 12866 4 2
s 12867 222 108
s 12868 54 25
s 12869 116 49
s 12870 146 74
s 12871 244 121
s 12872 62 26
s 12873 49 22
s 12874 351 190
s 12875 138 64
s 12876 241 116
s 12877 25 10
s 12878 47 26
s 12879 16 9
s 12880 66 34
s 12881 107 45
s 12882 39 20
s 12883 29 16
s 12884 237 112
s 12885 163 84
s 12886 270 137
s 12887 77 40
s 12888 118 69
s 12889 21 13
s 12890 75 42
s 12891 48 23
s 12892 26 14
s 12893 253 127
s 12894 53 26
s 12895 57 23
s 12896 169 90
s 12897 188 98
s 12898 114 60
s 12899 133 64
s 12900 75 37
s 12901 133 75
s 12902 33 14
s 12903 24 13
s 12904 306 170
s 12905 148 81
s 12906 141 83
s 12907 77 34
s 12908 135 54
s 12909 85 50
s 12910 69 35
s 12911 26 13
s 12912 46 22
s 12913 92 55
s 12914 105 41
s 12919 77 36
s 12920 80 37
s 12921 72 44
s 12923 146 67
s 12926 96 45
s 12928 145 78
s 12929 86 44
s 12931 49 28
s 12935 220 106
s 12936 69 33
s 12937 53 23
s 12938 51 28
s 12945 79 33
s 12955 24 12
s 13108 39 24
s 13109 133 59
s 13110 268 135
s 13111 85 41
s 13112 77 36
s 13113 27 10
s 13114 25 13
s 13115 57 29
s 13116 105 57
s 13117 14 8
s 13118 60 30
s 13119 80 35
s 13120 112 50
s 13121 5 2
s 13122 3 2
s 13123 173 94
s 13124 94 48
s 13125 91 46
s 13126 102 49
s 13127 152 81
s 13128 47 18
s 13129 40 17
s 13130 225 114
s 13131 124 60
s 13132 205 113
s 13133 12 4
s 13134 37 15
s 13135 22 11
s 13136 34 19
s 13137 62 36
s 13138 15 4
s 13139 19 6
s 13140 233 114
s 13141 127 69
s 13142 248 124
s 13143 106 59
s 13144 66 37
s 13145 12 6
s 13146 62 32
s 13147 27 17
s 13148 14 9
s 13149 198 86
s 13150 41 15
s 13151 39 22
s 13152 108 53
s 13153 130 68
s 13154 76 30
s 13155 77 39
s 13156 48 21
s 13157 179 68
s 13158 27 15
s 13159 14 6
s 13160 201 107
s 13161 114 56
s 13162 115 51
s 13163 50 23
s 13164 125 49
s 13165 47 22
s 13166 54 31
s 13167 34 13
s 13168 58 24
s 13169 47 20
s 13170 91 38
s 13175 83 33
s 13176 50 25
s 13177 44 22
s 13179 108 40
s 13182 86 36
s 13184 131 56
s 13185 76 32
s 13187 55 28
s 13191 111 55
s 13192 50 22
s 13193 28 17
s 13194 59 27
s 13201 57 21
s 13211 14 12
s 13365 69 24
s 13366 142 74
s 13367 52 30
s 13368 30 16
s 13369 17 10
s 13370 24 16
s 13371 24 10
s 13372 59 26
s 13373 8 6
s 13374 71 36
s 13375 37 20
s 13376 72 30
s 13377 4 2
s 13378 3 2
s 13379 83 57
s 13380 52 28
s 13381 52 23
s 13382 63 34
s 13383 130 74
s 13384 32 18
s 13385 20 11
s 13386 91 47
s 13387 89 49
s 13388 38 21
s 13389 13 9
s 13390 16 11
s 13391 17 9
s 13392 28 17
s 13393 51 27
s 13394 4 4
s 13395 18 4
s 13396 153 81
s 13397 120 64
s 13398 169 88
s 13399 90 49
s 13400 51 32
s 13401 11 6
s 13402 32 16
s 13403 171 103
s 13404 7 5
s 13405 125 65
s 13406 12 5
s 13407 18 8
s 13408 75 33
s 13409 79 50
s 13410 32 20
s 13411 54 30
s 13412 40 22
s 13413 80 37
s 13414 36 14
s 13415 5 5
s 13416 132 79
s 13417 94 59
s 13418 21 12
s 13419 22 14
s 13420 65 29
s 13421 31 20
s 13422 38 20
s 13423 24 14
s 13424 50 27
s 13425 12 8
s 13426 37 14
s 13431 54 29
s 13432 23 12
s 13433 48 34
s 13435 87 47
s 13438 17 10
s 13440 77 41
s 13441 53 26
s 13443 41 22
s 13447 79 48
s 13448 24 10
s 13449 21 7
s 13450 23 12
s 13457 20 10
s 13467 9 5
s 13622 606 263
s 13623 218 93
s 13624 146 59
s 13625 89 37
s 13626 121 48
s 13627 191 85
s 13628 320 134
s 13629 50 29
s 13630 331 167
s 13631 248 95
s 13632 374 163
s 13633 30 13
s 13634 16 7
s 13635 416 203
s 13636 293 121
s 13637 294 132
s 13638 252 108
s 13639 880 412
s 13640 151 74
s 13641 129 54
s 13642 645 286
s 13643 478 202
s 13644 460 218
s 13645 55 31
s 13646 111 56
s 13647 72 21
s 13648 120 50
s 13649 228 97
s 13650 52 21
s 13651 106 37
s 13652 833 373
s 13653 506 225
s 13654 848 382
s 13655 393 171
s 13656 307 159
s 13657 49 28
s 13658 155 68
s 13659 90 29
s 13660 54 28
s 13661 521 227
s 13662 105 48
s 13663 86 38
s 13664 426 166
s 13665 440 165
s 13666 259 96
s 13667 345 148
s 13668 247 126
s 13669 513 216
s 13670 117 59
s 13671 47 18
s 13672 672 335
s 13673 394 174
s 13674 283 125
s 13675 158 83
s 13676 412 191
s 13677 117 49
s 13678 173 86
s 13679 134 50
s 13680 200 81
s 13681 110 56
s 13682 238 98
s 13687 331 151
s 13688 133 57
s 13689 223 102
s 13691 367 163
s 13694 171 68
s 13696 405 165
s 13697 218 83
s 13699 173 65
s 13703 394 181
s 13704 129 60
s 13705 102 53
s 13706 92 41
s 13713 117 47
s 13723 79 33
s 13879 394 201
s 13880 193 94
s 13881 156 73
s 13882 219 99
s 13883 287 113
s 13884 560 301
s 13885 65 35
s 13886 608 320
s 13887 264 135
s 13888 732 381
s 13889 58 28
s 13890 24 15
s 13891 104 55
s 13892 576 318
s 13893 564 277
s 13894 92 52
s 13895 1436 751
s 13896 247 119
s 13897 149 72
s 13898 1319 692
s 13899 982 505
s 13900 1058 578
s 13901 81 47
s 13902 168 87
s 13903 138 62
s 13904 85 41
s 13905 255 138
s 13906 97 52
s 13907 165 82
s 13908 1367 711
s 13909 908 469
s 13910 1735 915
s 13911 825 418
s 13912 627 344
s 13913 30 15
s 13914 265 143
s 13915 215 102
s 13916 93 57
s 13917 377 194
s 13918 64 28
s 13919 46 19
s 13920 616 325
s 13921 788 426
s 13922 376 194
s 13923 422 214
s 13924 418 194
s 13925 1048 499
s 13926 209 110
s 13927 52 26
s 13928 1073 606
s 13929 787 420
s 13930 591 296
s 13931 335 174
s 13932 626 294
s 13933 42 20
s 13934 350 188
s 13935 258 120
s 13936 481 243
s 13937 245 135
s 13938 191 84
s 13943 625 311
s 13944 264 143
s 13945 502 287
s 13947 856 451
s 13950 330 163
s 13952 796 425
s 13953 350 174
s 13955 389 179
s 13959 749 409
s 13960 238 128
s 13961 185 79
s 13962 84 41
s 13969 116 66
s 13979 115 60
s 14136 102 51
s 14137 23 11
s 14138 56 22
s 14139 70 32
s 14140 34 19
s 14141 26 12
s 14142 349 203
s 14143 101 43
s 14144 192 99
s 14145 10 4
s 14146 8 5
s 14147 229 119
s 14148 136 77
s 14149 39 18
s 14150 115 67
s 14151 508 287
s 14152 87 38
s 14153 55 26
s 14154 392 199
s 14155 243 114
s 14156 286 153
s 14157 2 0
s 14158 18 8
s 14159 39 16
s 14160 67 29
s 14161 54 25
s 14162 33 18
s 14163 36 12
s 14164 301 153
s 14165 194 84
s 14166 442 232
s 14167 234 108
s 14168 181 102
s 14169 28 13
s 14170 91 39
s 14171 57 24
s 14172 11 4
s 14173 302 141
s 14174 60 27
s 14175 62 29
s 14176 32 10
s 14177 120 76
s 14178 33 15
s 14179 44 23
s 14180 157 87
s 14181 237 116
s 14182 49 18
s 14183 18 10
s 14184 77 42
s 14185 218 96
s 14186 185 90
s 14187 111 59
s 14188 38 20
s 14189 77 35
s 14190 101 52
s 14191 65 33
s 14192 138 62
s 14193 85 51
s 14194 139 59
s 14199 146 66
s 14200 60 31
s 14201 130 66
s 14203 221 108
s 14206 110 52
s 14208 214 101
s 14209 22 10
s 14211 107 54
s 14215 50 25
s 14216 70 31
s 14217 33 16
s 14218 55 29
s 14225 80 37
s 14235 32 10
s 14393 58 23
s 14394 58 28
s 14395 74 39
s 14396 157 91
s 14397 25 11
s 14398 132 53
s 14399 98 39
s 14400 175 83
s 14401 17 8
s 14402 5 3
s 14403 135 74
s 14404 151 64
s 14405 128 59
s 14406 72 30
s 14407 369 185
s 14408 59 28
s 14409 46 20
s 14410 262 117
s 14411 210 108
s 14412 186 109
s 14413 22 6
s 14414 46 18
s 14415 37 17
s 14416 23 12
s 14417 113 57
s 14418 9 4
s 14419 62 31
s 14420 430 228
s 14421 315 177
s 14422 408 201
s 14423 193 93
s 14424 117 51
s 14425 21 10
s 14426 80 41
s 14427 46 18
s 14428 28 12
s 14429 176 77
s 14430 39 19
s 14431 33 17
s 14432 184 92
s 14433 152 66
s 14434 72 38
s 14435 174 80
s 14436 115 51
s 14437 267 130
s 14438 63 27
s 14439 18 10
s 14440 328 169
s 14441 222 106
s 14442 100 43
s 14443 74 33
s 14444 189 78
s 14445 29 17
s 14446 102 46
s 14447 49 34
s 14448 120 57
s 14449 35 16
s 14450 79 36
s 14455 164 91
s 14456 56 30
s 14457 105 48
s 14459 236 96
s 14462 53 25
s 14464 162 78
s 14465 95 49
s 14467 90 45
s 14471 192 107
s 14472 64 33
s 14473 41 16
s 14474 42 19
s 14481 42 23
s 14491 19 10
s 14650 17 4
s 14651 32 13
s 14652 49 23
s 14653 23 8
s 14654 60 33
s 14655 61 34
s 14656 72 34
s 14657 7 4
s 14658 5 1
s 14659 101 65
s 14660 61 37
s 14661 40 20
s 14662 64 36
s 14663 117 54
s 14664 42 18
s 14665 20 11
s 14666 154 78
s 14667 75 28
s 14668 106 66
s 14669 9 3
s 14670 15 9
s 14671 13 3
s 14672 28 15
s 14673 35 14
s 14674 18 13
s 14675 21 8
s 14676 128 67
s 14677 81 42
s 14678 180 92
s 14679 91 47
s 14680 58 32
s 14681 11 2
s 14682 35 19
s 14683 35 24
s 14684 11 6
s 14685 123 61
s 14686 31 12
s 14687 36 16
s 14688 48 22
s 14689 86 44
s 14690 48 24
s 14691 46 24
s 14692 52 25
s 14693 107 47
s 14694 16 14
s 14695 16 10
s 14696 104 62
s 14697 86 44
s 14698 69 41
s 14699 40 22
s 14700 55 29
s 14701 38 20
s 14702 45 23
s 14703 20 10
s 14704 42 22
s 14705 31 18
s 14706 40 18
s 14711 64 31
s 14712 18 10
s 14713 48 21
s 14715 88 41
s 14718 39 17
s 14720 95 49
s 14721 34 18
s 14723 35 16
s 14727 52 30
s 14728 29 11
s 14729 20 16
s 14730 38 17
s 14737 33 18
s 14747 12 4
s 14907 50 22
s 14908 101 52
s 14909 19 8
s 14910 70 32
s 14911 64 29
s 14912 73 33
s 14913 9 4
s 14914 1 0
s 14915 159 69
s 14916 65 30
s 14917 69 26
s 14918 128 33
s 14919 191 89
s 14920 32 13
s 14921 39 18
s 14922 174 78
s 14923 88 36
s 14924 204 83
s 14925 10 6
s 14926 29 15
s 14927 68 9
s 14928 31 15
s 14929 70 34
s 14930 19 9
s 14931 19 7
s 14932 207 102
s 14933 126 61
s 14934 188 92
s 14935 70 36
s 14936 87 38
s 14937 14 5
s 14938 33 15
s 14939 27 12
s 14940 13 6
s 14941 192 92
s 14942 41 21
s 14943 47 24
s 14944 108 49
s 14945 110 62
s 14946 70 28
s 14947 84 36
s 14948 37 12
s 14949 110 47
s 14950 28 16
s 14951 11 4
s 14952 176 87
s 14953 76 33
s 14954 78 40
s 14955 44 17
s 14956 95 43
s 14957 42 17
s 14958 25 13
s 14959 17 10
s 14960 51 27
s 14961 41 16
s 14962 65 23
s 14967 66 37
s 14968 32 13
s 14969 39 20
s 14971 94 48
s 14974 46 25
s 14976 92 44
s 14977 39 17
s 14979 33 15
s 14983 100 49
s 14984 45 25
s 14985 31 13
s 14986 46 22
s 14993 54 25
s 15003 14 4
s 15164 92 44
s 15165 16 9
s 15166 165 82
s 15167 96 42
s 15168 170 76
s 15169 17 8
s 15170 3 2
s 15171 166 84
s 15172 130 62
s 15173 84 29
s 15174 109 47
s 15175 298 143
s 15176 64 29
s 15177 58 26
s 15178 193 94
s 15179 189 88
s 15180 97 38
s 15181 21 15
s 15182 32 17
s 15183 33 11
s 15184 53 32
s 15185 69 43
s 15186 22 14
s 15187 42 21
s 15188 338 158
s 15189 203 92
s 15190 339 155
s 15191 163 75
s 15192 121 55
s 15193 14 4
s 15194 57 22
s 15195 53 30
s 15196 19 8
s 15197 232 103
s 15198 44 16
s 15199 48 21
s 15200 116 50
s 15201 126 51
s 15202 59 22
s 15203 93 46
s 15204 97 43
s 15205 226 96
s 15206 62 31
s 15207 10 2
s 15208 186 80
s 15209 189 97
s 15210 47 18
s 15211 59 22
s 15212 118 57
s 15213 74 38
s 15214 67 39
s 15215 74 32
s 15216 116 51
s 15217 30 14
s 15218 102 33
s 15223 120 61
s 15224 31 11
s 15225 100 49
s 15227 184 86
s 15230 43 21
s 15232 145 63
s 15233 64 36
s 15235 73 34
s 15239 118 62
s 15240 39 25
s 15241 32 11
s 15242 52 32
s 15249 51 22
s 15259 26 12
s 15421 39 23
s 15422 275 149
s 15423 169 76
s 15424 328 171
s 15425 21 8
s 15426 14 4
s 15427 359 202
s 15428 217 106
s 15429 40 25
s 15430 240 102
s 15431 559 319
s 15432 130 68
s 15433 90 49
s 15434 611 333
s 15435 402 226
s 15436 459 249
s 15437 10 6
s 15438 13 6
s 15439 70 40
s 15440 129 70
s 15441 67 40
s 15442 54 31
s 15443 79 40
s 15444 549 298
s 15445 318 149
s 15446 800 412
s 15447 377 194
s 15448 242 143
s 15449 31 16
s 15450 134 72
s 15451 113 61
s 15452 29 13
s 15453 494 269
s 15454 88 46
s 15455 70 43
s 15456 22 14
s 15457 234 129
s 15458 37 20
s 15459 36 20
s 15460 193 104
s 15461 439 223
s 15462 69 25
s 15463 24 16
s 15464 96 52
s 15465 384 201
s 15466 240 110
s 15467 129 65
s 15468 56 25
s 15469 133 76
s 15470 102 48
s 15471 99 51
s 15472 237 134
s 15473 135 80
s 15474 186 79
s 15479 297 156
s 15480 82 52
s 15481 240 123
s 15483 440 218
s 15486 152 88
s 15488 387 196
s 15489 28 11
s 15491 162 85
s 15495 41 19
s 15496 95 47
s 15497 24 14
s 15498 109 49
s 15505 107 46
s 15515 26 15
s 15678 43 22
s 15679 40 15
s 15680 50 29
s 15681 8 5
s 15683 67 36
s 15684 39 16
s 15685 30 9
s 15686 36 19
s 15687 112 67
s 15688 25 14
s 15689 14 5
s 15690 56 22
s 15691 65 32
s 15692 17 12
s 15693 17 9
s 15694 16 10
s 15695 11 5
s 15696 15 4
s 15697 36 17
s 15698 2 2
s 15699 15 6
s 15700 82 37
s 15701 57 31
s 15702 94 47
s 15703 51 22
s 15704 33 17
s 15705 13 6
s 15706 27 15
s 15707 25 13
s 15708 6 4
s 15709 74 32
s 15710 9 3
s 15711 9 3
s 15712 31 13
s 15713 44 26
s 15714 33 17
s 15715 37 19
s 15716 44 24
s 15717 76 44
s 15718 12 6
s 15719 4 3
s 15720 77 39
s 15721 94 57
s 15722 7 2
s 15723 15 9
s 15724 27 10
s 15725 30 17
s 15726 25 15
s 15727 29 11
s 15728 49 17
s 15729 10 6
s 15730 25 12
s 15735 40 18
s 15736 14 5
s 15737 39 22
s 15739 79 43
s 15742 14 4
s 15744 50 27
s 15745 15 7
s 15747 35 15
s 15751 55 27
s 15752 23 11
s 15753 17 13
s 15754 17 6
s 15761 15 7
s 15771 11 5
s 15935 137 54
s 15936 188 98
s 15937 21 12
s 15938 7 3
s 15939 392 223
s 15940 162 102
s 15941 258 133
s 15942 240 125
s 15943 327 174
s 15944 111 52
s 15945 76 33
s 15946 508 277
s 15947 272 156
s 15948 525 292
s 15949 48 27
s 15950 105 59
s 15951 58 27
s 15952 138 85
s 15953 153 76
s 15954 52 30
s 15955 47 20
s 15956 412 198
s 15957 299 143
s 15958 499 284
s 15959 254 154
s 15960 144 78
s 15961 36 16
s 15962 134 73
s 15963 74 37
s 15964 42 20
s 15965 465 240
s 15966 98 47
s 15967 112 63
s 15968 277 150
s 15969 277 161
s 15970 178 88
s 15971 208 93
s 15972 102 52
s 15973 287 158
s 15974 67 34
s 15975 30 16
s 15976 496 255
s 15977 232 127
s 15978 246 147
s 15979 135 64
s 15980 263 129
s 15981 134 62
s 15982 120 67
s 15983 86 46
s 15984 156 77
s 15985 121 72
s 15986 188 95
s 15991 162 88
s 15992 127 60
s 15993 145 103
s 15995 210 95
s 15998 180 84
s 16000 240 115
s 16001 176 97
s 16003 107 55
s 16007 364 204
s 16008 114 64
s 16009 94 58
s 16010 105 51
s 16017 112 62
s 16027 46 26
s 16192 212 102
s 16193 22 10
s 16194 13 9
s 16195 166 79
s 16196 185 91
s 16197 159 64
s 16198 119 65
s 16199 432 202
s 16200 71 37
s 16201 88 38
s 16202 381 188
s 16203 269 119
s 16204 251 117
s 16205 22 6
s 16206 53 24
s 16207 42 16
s 16208 58 30
s 16209 117 61
s 16210 40 22
s 16211 70 28
s 16212 531 236
s 16213 321 156
s 16214 472 231
s 16215 208 100
s 16216 166 83
s 16217 30 19
s 16218 83 37
s 16219 57 24
s 16220 23 7
s 16221 267 143
s 16222 51 22
s 16223 49 22
s 16224 222 97
s 16225 213 109
s 16226 121 61
s 16227 185 90
s 16228 136 58
s 16229 312 150
s 16230 72 28
s 16231 23 11
s 16232 370 196
s 16233 227 117
s 16234 150 74
s 16235 81 38
s 16236 224 102
s 16237 52 25
s 16238 113 54
s 16239 62 30
s 16240 130 73
s 16241 68 32
s 16242 96 36
s 16247 163 74
s 16248 76 30
s 16249 115 60
s 16251 178 78
s 16254 100 49
s 16256 218 109
s 16257 123 54
s 16259 87 48
s 16263 248 117
s 16264 86 41
s 16265 53 25
s 16266 41 15
s 16273 64 30
s 16283 42 22
s 16449 20 8
s 16450 10 5
s 16451 494 235
s 16452 186 79
s 16453 261 113
s 16454 294 134
s 16455 522 272
s 16456 129 61
s 16457 126 64
s 16458 592 293
s 16459 380 170
s 16460 493 237
s 16461 39 15
s 16462 85 39
s 16463 51 22
s 16464 150 75
s 16465 225 124
s 16466 54 22
s 16467 71 33
s 16468 612 314
s 16469 437 201
s 16470 596 278
s 16471 237 103
s 16472 238 122
s 16473 47 29
s 16474 104 62
s 16475 73 36
s 16476 44 25
s 16477 627 286
s 16478 113 56
s 16479 133 69
s 16480 375 177
s 16481 427 209
s 16482 189 80
s 16483 348 159
s 16484 175 85
s 16485 353 168
s 16486 96 44
s 16487 33 17
s 16488 633 330
s 16489 282 146
s 16490 276 138
s 16491 145 78
s 16492 366 170
s 16493 146 66
s 16494 148 70
s 16495 60 30
s 16496 109 47
s 16497 95 58
s 16498 222 98
s 16503 150 75
s 16504 147 57
s 16505 110 52
s 16507 288 130
s 16510 173 77
s 16512 312 141
s 16513 209 89
s 16515 89 31
s 16519 372 198
s 16520 117 60
s 16521 90 39
s 16522 117 51
s 16529 141 58
s 16539 46 22
s 16706 2 0
s 16707 39 15
s 16708 18 5
s 16709 12 5
s 16710 34 15
s 16711 46 21
s 16712 8 1
s 16713 7 2
s 16714 45 20
s 16715 29 15
s 16716 22 11
s 16717 2 1
s 16718 10 6
s 16719 4 2
s 16720 11 3
s 16721 14 5
s 16722 4 3
s 16723 12 2
s 16724 53 24
s 16725 36 13
s 16726 59 25
s 16727 17 6
s 16728 13 4
s 16729 4 0
s 16730 9 4
s 16731 7 3
s 16732 1 0
s 16733 37 16
s 16734 6 1
s 16735 11 4
s 16736 20 9
s 16737 33 15
s 16738 20 8
s 16739 13 3
s 16740 17 5
s 16741 34 13
s 16742 9 6
s 16743 7 3
s 16744 44 21
s 16745 39 15
s 16746 21 9
s 16747 15 6
s 16748 14 7
s 16749 11 6
s 16750 15 5
s 16751 12 6
s 16752 15 8
s 16753 9 2
s 16754 10 4
s 16759 23 10
s 16760 8 4
s 16761 24 12
s 16763 25 8
s 16766 13 6
s 16768 31 12
s 16769 9 3
s 16771 9 4
s 16775 32 18
s 16776 13 8
s 16777 6 2
s 16778 10 4
s 16785 10 5
s 16795 5 3
s 16963 14 7
s 16964 6 2
s 16965 8 5
s 16966 16 8
s 16967 18 6
s 16968 5 0
s 16969 3 2
s 16970 21 8
s 16971 12 5
s 16972 15 6
s 16973 3 0
s 16974 2 0
s 16975 2 1
s 16976 2 1
s 16977 6 2
s 16978 2 1
s 16979 1 0
s 16980 18 7
s 16981 15 9
s 16982 17 5
s 16983 4 2
s 16984 11 9
s 16985 2 1
s 16986 6 0
s 16987 2 1
s 16988 4 2
s 16989 23 9
s 16990 4 2
s 16991 6 2
s 16992 6 3
s 16993 16 5
s 16994 5 1
s 16995 7 2
s 16996 9 5
s 16997 12 5
s 16998 4 0
s 16999 1 0
s 17000 35 21
s 17001 16 10
s 17002 10 3
s 17003 11 6
s 17004 8 5
s 17005 13 8
s 17006 5 1
s 17007 4 3
s 17008 6 4
s 17009 5 5
s 17010 6 3
s 17015 6 4
s 17016 2 2
s 17017 7 6
s 17019 7 2
s 17022 9 3
s 17024 16 10
s 17025 11 4
s 17027 4 3
s 17031 19 10
s 17032 7 4
s 17033 3 2
s 17034 5 5
s 17041 9 7
s 17051 3 1
s 17220 419 227
s 17221 313 147
s 17222 62 34
s 17223 878 481
s 17224 152 84
s 17225 111 52
s 17226 828 456
s 17227 613 332
s 17228 653 369
s 17229 47 20
s 17230 130 67
s 17231 86 49
s 17232 50 27
s 17233 212 124
s 17234 66 43
s 17235 100 54
s 17236 986 552
s 17237 641 315
s 17238 1136 578
s 17239 472 255
s 17240 404 221
s 17241 13 7
s 17242 180 83
s 17243 105 50
s 17244 56 32
s 17245 196 107
s 17246 41 19
s 17247 35 16
s 17248 447 220
s 17249 444 227
s 17250 202 97
s 17251 340 181
s 17252 259 140
s 17253 683 370
s 17254 141 81
s 17255 38 15
s 17256 732 429
s 17257 544 311
s 17258 341 208
s 17259 211 111
s 17260 453 228
s 17261 14 8
s 17262 218 124
s 17263 169 95
s 17264 289 152
s 17265 162 92
s 17266 139 67
s 17271 396 205
s 17272 159 63
s 17273 306 167
s 17275 595 289
s 17278 239 136
s 17280 512 274
s 17281 213 109
s 17283 213 92
s 17287 538 312
s 17288 131 82
s 17289 103 54
s 17290 45 23
s 17297 77 35
s 17307 70 31
s 17477 207 87
s 17478 234 110
s 17479 483 262
s 17480 92 39
s 17481 97 41
s 17482 500 259
s 17483 242 117
s 17484 385 224
s 17485 26 14
s 17486 69 45
s 17487 34 17
s 17488 96 46
s 17489 189 112
s 17490 45 31
s 17491 45 20
s 17492 506 258
s 17493 297 156
s 17494 447 220
s 17495 157 83
s 17496 181 99
s 17497 43 20
s 17498 79 45
s 17499 42 25
s 17500 35 19
s 17501 498 250
s 17502 112 47
s 17503 87 53
s 17504 349 189
s 17505 299 153
s 17506 152 66
s 17507 253 121
s 17508 145 64
s 17509 256 132
s 17510 67 34
s 17511 15 7
s 17512 527 266
s 17513 210 118
s 17514 226 127
s 17515 123 66
s 17516 314 136
s 17517 100 49
s 17518 122 61
s 17519 57 23
s 17520 80 44
s 17521 91 50
s 17522 193 78
s 17527 163 74
s 17528 106 42
s 17529 88 47
s 17531 192 93
s 17534 135 73
s 17536 261 128
s 17537 158 76
s 17539 72 35
s 17543 279 152
s 17544 86 44
s 17545 63 33
s 17546 92 45
s 17553 92 40
s 17563 33 17
s 17734 192 98
s 17735 450 224
s 17736 139 66
s 17737 76 32
s 17738 483 239
s 17739 385 173
s 17740 471 222
s 17741 9 5
s 17742 18 8
s 17743 62 29
s 17744 80 37
s 17745 47 24
s 17746 29 19
s 17747 70 25
s 17748 459 211
s 17749 275 135
s 17750 704 357
s 17751 320 147
s 17752 247 126
s 17753 24 13
s 17754 124 60
s 17755 69 35
s 17756 21 11
s 17757 507 225
s 17758 88 51
s 17759 73 37
s 17760 44 22
s 17761 158 71
s 17762 38 20
s 17763 30 9
s 17764 152 66
s 17765 360 161
s 17766 78 39
s 17767 14 7
s 17768 64 30
s 17769 289 141
s 17770 231 114
s 17771 132 62
s 17772 55 25
s 17773 87 32
s 17774 114 52
s 17775 100 46
s 17776 176 83
s 17777 73 49
s 17778 161 63
s 17783 273 126
s 17784 76 24
s 17785 294 151
s 17787 370 186
s 17790 115 64
s 17792 269 120
s 17793 24 10
s 17795 139 71
s 17799 48 27
s 17800 70 31
s 17801 27 15
s 17802 85 45
s 17809 91 39
s 17819 28 11
s 17991 546 285
s 17992 93 42
s 17993 87 36
s 17994 640 332
s 17995 360 183
s 17996 420 186
s 17997 36 14
s 17998 72 30
s 17999 107 37
s 18000 46 31
s 18001 122 51
s 18002 46 26
s 18003 61 27
s 18004 638 318
s 18005 395 174
s 18006 719 339
s 18007 331 161
s 18008 229 132
s 18009 15 8
s 18010 110 47
s 18011 93 44
s 18012 36 19
s 18013 159 72
s 18014 34 17
s 18015 31 16
s 18016 267 123
s 18017 325 134
s 18018 187 83
s 18019 240 110
s 18020 173 71
s 18021 436 221
s 18022 84 47
s 18023 23 9
s 18024 466 217
s 18025 390 195
s 18026 188 83
s 18027 132 65
s 18028 244 115
s 18029 20 12
s 18030 156 71
s 18031 123 63
s 18032 179 77
s 18033 95 53
s 18034 84 36
s 18039 239 116
s 18040 87 46
s 18041 194 104
s 18043 311 144
s 18046 157 70
s 18048 383 180
s 18049 171 86
s 18051 140 54
s 18055 308 160
s 18056 115 64
s 18057 56 29
s 18058 34 13
s 18065 45 18
s 18075 43 23
s 18248 218 111
s 18249 209 113
s 18250 1238 681
s 18251 737 394
s 18252 975 531
s 18253 94 46
s 18254 146 86
s 18255 106 53
s 18256 267 145
s 18257 347 163
s 18258 127 75
s 18259 112 48
s 18260 1129 582
s 18261 697 363
s 18262 1213 610
s 18263 621 345
s 18264 382 224
s 18265 90 51
s 18266 275 124
s 18267 187 95
s 18268 93 47
s 18269 1191 572
s 18270 255 120
s 18271 223 114
s 18272 635 321
s 18273 604 322
s 18274 354 185
s 18275 467 236
s 18276 267 132
s 18277 719 365
s 18278 189 99
s 18279 37 17
s 18280 1050 533
s 18281 568 310
s 18282 513 263
s 18283 276 135
s 18284 570 263
s 18285 282 142
s 18286 285 150
s 18287 182 104
s 18288 346 173
s 18289 243 139
s 18290 442 229
s 18295 416 217
s 18296 232 115
s 18297 317 165
s 18299 527 245
s 18302 341 177
s 18304 631 330
s 18305 315 173
s 18307 261 122
s 18311 703 404
s 18312 211 116
s 18313 165 81
s 18314 219 121
s 18321 231 113
s 18331 86 41
s 18505 50 22
s 18506 301 130
s 18507 142 55
s 18508 201 104
s 18509 18 6
s 18510 32 16
s 18511 26 9
s 18512 39 19
s 18513 78 31
s 18514 21 11
s 18515 26 13
s 18516 319 140
s 18517 185 88
s 18518 324 154
s 18519 158 72
s 18520 108 54
s 18521 13 5
s 18522 79 40
s 18523 60 26
s 18524 17 7
s 18525 213 89
s 18526 41 19
s 18527 43 27
s 18528 145 65
s 18529 170 80
s 18530 92 45
s 18531 129 58
s 18532 100 44
s 18533 179 68
s 18534 43 17
s 18535 16 7
s 18536 273 143
s 18537 113 57
s 18538 144 75
s 18539 76 36
s 18540 161 69
s 18541 38 18
s 18542 72 36
s 18543 47 26
s 18544 78 24
s 18545 45 21
s 18546 105 45
s 18551 102 45
s 18552 48 23
s 18553 75 33
s 18555 120 67
s 18558 76 37
s 18560 171 72
s 18561 114 48
s 18563 54 24
s 18567 140 73
s 18568 50 35
s 18569 38 13
s 18570 39 19
s 18577 31 14
s 18587 23 9
s 18762 194 94
s 18763 136 59
s 18764 126 67
s 18765 14 5
s 18766 17 9
s 18767 22 8
s 18768 34 18
s 18769 72 34
s 18770 15 10
s 18771 20 8
s 18772 254 113
s 18773 144 67
s 18774 251 108
s 18775 132 60
s 18776 93 48
s 18777 17 8
s 18778 53 31
s 18779 30 18
s 18780 12 5
s 18781 214 101
s 18782 38 19
s 18783 40 15
s 18784 92 41
s 18785 109 52
s 18786 60 29
s 18787 86 37
s 18788 58 27
s 18789 159 84
s 18790 36 20
s 18791 9 3
s 18792 161 78
s 18793 124 58
s 18794 62 34
s 18795 58 38
s 18796 90 41
s 18797 26 11
s 18798 56 30
s 18799 33 11
s 18800 63 29
s 18801 37 18
s 18802 55 24
s 18807 72 29
s 18808 25 10
s 18809 78 35
s 18811 100 49
s 18814 39 14
s 18816 103 41
s 18817 44 23
s 18819 52 23
s 18823 103 62
s 18824 52 29
s 18825 19 10
s 18826 40 21
s 18833 47 19
s 18843 15 9
s 19019 760 394
s 19020 313 161
s 19021 91 43
s 19022 212 113
s 19023 133 66
s 19024 272 128
s 19025 407 223
s 19026 72 43
s 19027 167 79
s 19028 1255 642
s 19029 911 461
s 19030 1562 799
s 19031 699 371
s 19032 461 264
s 19033 97 39
s 19034 202 92
s 19035 230 110
s 19036 96 45
s 19037 1038 494
s 19038 202 98
s 19039 198 107
s 19040 623 312
s 19041 875 437
s 19042 375 173
s 19043 487 242
s 19044 461 230
s 19045 727 340
s 19046 251 133
s 19047 67 32
s 19048 1455 775
s 19049 786 419
s 19050 227 113
s 19051 242 124
s 19052 594 279
s 19053 306 168
s 19054 307 161
s 19055 234 131
s 19056 439 206
s 19057 129 60
s 19058 399 177
s 19063 486 239
s 19064 140 65
s 19065 441 234
s 19067 793 405
s 19070 183 89
s 19072 713 345
s 19073 445 208
s 19075 349 161
s 19079 777 394
s 19080 204 107
s 19081 192 92
s 19082 201 93
s 19089 213 94
s 19099 117 51
s 19276 632 342
s 19277 56 25
s 19278 137 70
s 19279 60 22
s 19280 174 81
s 19281 285 144
s 19282 60 36
s 19283 83 47
s 19284 871 439
s 19285 470 216
s 19286 766 378
s 19287 306 167
s 19288 301 163
s 19289 61 29
s 19290 158 75
s 19291 77 32
s 19292 57 31
s 19293 822 406
s 19294 149 59
s 19295 145 72
s 19296 478 219
s 19297 464 255
s 19298 246 99
s 19299 368 175
s 19300 202 108
s 19301 463 218
s 19302 133 68
s 19303 30 14
s 19304 804 431
s 19305 350 176
s 19306 338 165
s 19307 178 84
s 19308 509 219
s 19309 174 81
s 19310 155 78
s 19311 99 42
s 19312 171 85
s 19313 136 75
s 19314 316 143
s 19319 258 109
s 19320 154 79
s 19321 187 91
s 19323 327 160
s 19326 204 98
s 19328 370 174
s 19329 227 109
s 19331 137 61
s 19335 483 253
s 19336 133 78
s 19337 109 54
s 19338 179 81
s 19345 154 79
s 19355 66 36
s 19533 62 23
s 19534 138 74
s 19535 148 45
s 19536 165 86
s 19537 254 140
s 19538 24 17
s 19539 144 66
s 19540 1052 595
s 19541 810 452
s 19542 1121 575
s 19543 567 320
s 19544 447 267
s 19545 50 32
s 19546 113 58
s 19547 128 74
s 19548 43 21
s 19549 716 383
s 19550 131 62
s 19551 133 68
s 19552 491 280
s 19553 498 270
s 19554 274 134
s 19555 358 195
s 19556 267 148
s 19557 593 301
s 19558 177 102
s 19559 54 35
s 19560 684 363
s 19561 556 327
s 19562 39 21
s 19563 170 95
s 19564 558 301
s 19565 201 114
s 19566 240 125
s 19567 183 100
s 19568 327 170
s 19569 31 11
s 19570 273 119
s 19575 496 255
s 19576 58 23
s 19577 352 196
s 19579 675 341
s 19582 41 25
s 19584 471 264
s 19585 233 131
s 19587 248 132
s 19591 545 323
s 19592 114 55
s 19593 104 51
s 19594 142 73
s 19601 117 52
s 19611 92 43
s 19790 5 2
s 19791 8 3
s 19792 19 10
s 19793 8 5
s 19794 5 4
s 19795 9 5
s 19796 80 39
s 19797 50 21
s 19798 122 60
s 19799 62 33
s 19800 37 18
s 19801 11 5
s 19802 25 10
s 19803 22 8
s 19804 8 4
s 19805 64 20
s 19806 17 6
s 19807 15 3
s 19808 6 3
s 19809 43 23
s 19810 11 3
s 19811 7 3
s 19812 25 14
s 19813 69 31
s 19814 11 4
s 19815 7 4
s 19816 20 6
s 19817 71 35
s 19818 36 16
s 19819 21 7
s 19820 6 1
s 19821 23 4
s 19822 26 14
s 19823 17 10
s 19824 38 11
s 19825 12 7
s 19826 23 8
s 19831 39 18
s 19832 9 5
s 19833 37 20
s 19835 69 32
s 19838 26 12
s 19840 64 37
s 19841 6 3
s 19843 35 16
s 19847 13 8
s 19848 19 10
s 19849 9 8
s 19850 18 5
s 19857 17 9
s 19867 7 3
s 20047 28 14
s 20048 43 23
s 20049 21 6
s 20050 18 13
s 20051 26 17
s 20052 154 70
s 20053 88 47
s 20054 237 111
s 20055 124 71
s 20056 87 45
s 20057 12 7
s 20058 47 22
s 20059 43 24
s 20060 12 8
s 20061 154 73
s 20062 22 9
s 20063 33 12
s 20064 14 6
s 20065 58 30
s 20066 8 2
s 20067 13 5
s 20068 64 31
s 20069 136 86
s 20070 20 15
s 20071 6 3
s 20072 36 22
s 20073 124 71
s 20074 78 52
s 20075 48 22
s 20076 18 7
s 20077 38 23
s 20078 63 43
s 20079 31 11
s 20080 73 43
s 20081 39 27
s 20082 59 25
s 20087 87 43
s 20088 35 17
s 20089 75 41
s 20091 117 70
s 20094 56 28
s 20096 113 50
s 20097 9 4
s 20099 65 29
s 20103 16 8
s 20104 31 16
s 20105 12 7
s 20106 29 16
s 20113 39 14
s 20123 8 6
s 20304 20 12
s 20305 43 18
s 20306 22 14
s 20307 17 6
s 20308 109 41
s 20309 81 28
s 20310 113 46
s 20311 43 13
s 20312 53 32
s 20313 4 2
s 20314 20 13
s 20315 14 5
s 20316 11 6
s 20317 124 50
s 20318 25 9
s 20319 24 15
s 20320 78 41
s 20321 76 39
s 20322 50 21
s 20323 47 24
s 20324 31 17
s 20325 59 25
s 20326 23 9
s 20327 6 5
s 20328 108 52
s 20329 73 41
s 20330 64 30
s 20331 34 25
s 20332 73 37
s 20333 32 14
s 20334 34 20
s 20335 13 7
s 20336 26 7
s 20337 23 11
s 20338 40 17
s 20343 25 14
s 20344 20 10
s 20345 32 16
s 20347 55 30
s 20350 30 12
s 20352 70 31
s 20353 47 22
s 20355 21 12
s 20359 65 32
s 20360 20 9
s 20361 23 9
s 20362 22 11
s 20369 22 7
s 20379 16 7
s 20561 58 28
s 20562 18 14
s 20563 33 17
s 20564 269 135
s 20565 198 97
s 20566 328 177
s 20567 142 80
s 20568 104 41
s 20569 12 5
s 20570 62 26
s 20571 58 33
s 20572 13 3
s 20573 90 47
s 20574 14 4
s 20575 18 9
s 20576 123 62
s 20577 142 73
s 20578 68 35
s 20579 60 32
s 20580 123 68
s 20581 170 82
s 20582 41 22
s 20583 16 8
s 20584 209 106
s 20585 167 99
s 20586 82 49
s 20587 43 20
s 20588 101 47
s 20589 24 11
s 20590 66 33
s 20591 33 13
s 20592 104 50
s 20593 31 19
s 20594 63 26
s 20599 116 58
s 20600 39 15
s 20601 84 45
s 20603 150 74
s 20606 57 37
s 20608 150 81
s 20609 58 31
s 20611 69 35
s 20615 130 70
s 20616 49 21
s 20617 39 22
s 20618 21 9
s 20625 26 13
s 20635 14 8
s 20818 25 14
s 20819 75 24
s 20820 445 232
s 20821 222 111
s 20822 508 268
s 20823 247 132
s 20824 179 105
s 20825 33 19
s 20826 95 52
s 20827 70 35
s 20828 22 12
s 20829 273 148
s 20830 56 23
s 20831 75 39
s 20832 41 21
s 20833 150 81
s 20834 62 26
s 20835 66 29
s 20836 100 53
s 20837 305 160
s 20838 51 28
s 20839 17 5
s 20840 142 70
s 20841 267 145
s 20842 124 65
s 20843 85 47
s 20844 83 45
s 20845 56 30
s 20846 87 53
s 20847 70 37
s 20848 139 72
s 20849 79 44
s 20850 119 61
s 20855 178 90
s 20856 46 30
s 20857 149 77
s 20859 242 113
s 20862 85 40
s 20864 229 106
s 20865 36 24
s 20867 98 49
s 20871 68 44
s 20872 66 32
s 20873 18 9
s 20874 56 27
s 20881 75 37
s 20891 25 18
s 21075 22 14
s 21076 118 65
s 21077 70 42
s 21078 138 84
s 21079 63 39
s 21080 32 21
s 21081 11 6
s 21082 23 12
s 21083 27 16
s 21084 15 7
s 21085 69 35
s 21086 23 14
s 21087 14 10
s 21088 44 27
s 21089 74 41
s 21090 41 24
s 21091 47 22
s 21092 39 22
s 21093 81 51
s 21094 26 13
s 21095 8 5
s 21096 103 52
s 21097 77 51
s 21098 17 5
s 21099 22 15
s 21100 46 27
s 21101 25 16
s 21102 26 16
s 21103 25 14
s 21104 43 21
s 21105 13 7
s 21106 35 22
s 21111 53 35
s 21112 14 5
s 21113 52 31
s 21115 96 50
s 21118 16 5
s 21120 55 30
s 21121 22 15
s 21123 29 16
s 21127 77 38
s 21128 15 10
s 21129 19 11
s 21130 13 8
s 21137 19 10
s 21147 13 7
s 21332 133 72
s 21333 79 38
s 21334 152 62
s 21335 66 35
s 21336 54 19
s 21337 20 10
s 21338 42 19
s 21339 21 7
s 21340 11 7
s 21341 133 68
s 21342 31 16
s 21343 26 11
s 21344 90 34
s 21345 101 44
s 21346 54 25
s 21347 72 25
s 21348 52 31
s 21349 77 30
s 21350 23 11
s 21351 9 5
s 21352 138 69
s 21353 73 35
s 21354 68 27
s 21355 45 17
s 21356 61 32
s 21357 39 17
s 21358 45 22
s 21359 21 7
s 21360 35 19
s 21361 30 18
s 21362 63 23
s 21367 55 21
s 21368 25 10
s 21369 36 15
s 21371 65 34
s 21374 41 18
s 21376 64 32
s 21377 42 20
s 21379 28 14
s 21383 92 52
s 21384 38 15
s 21385 19 9
s 21386 32 13
s 21393 37 20
s 21403 8 3
s 21589 845 424
s 21590 1439 723
s 21591 609 316
s 21592 452 222
s 21593 74 32
s 21594 287 143
s 21595 150 76
s 21596 80 34
s 21597 1329 666
s 21598 287 154
s 21599 261 142
s 21600 641 328
s 21601 663 344
s 21602 365 169
s 21603 586 278
s 21604 325 159
s 21605 876 442
s 21606 220 109
s 21607 55 35
s 21608 1145 565
s 21609 638 334
s 21610 557 277
s 21611 273 135
s 21612 640 312
s 21613 267 132
s 21614 327 159
s 21615 167 75
s 21616 337 167
s 21617 228 122
s 21618 490 227
s 21623 451 223
s 21624 222 107
s 21625 368 217
s 21627 625 293
s 21630 342 174
s 21632 690 332
s 21633 327 176
s 21635 220 116
s 21639 716 367
s 21640 218 115
s 21641 159 76
s 21642 294 147
s 21649 271 122
s 21659 85 39
s 21846 1018 516
s 21847 414 217
s 21848 321 168
s 21849 75 33
s 21850 215 110
s 21851 112 55
s 21852 51 29
s 21853 803 379
s 21854 173 76
s 21855 150 93
s 21856 344 165
s 21857 474 238
s 21858 197 93
s 21859 268 130
s 21860 237 119
s 21861 550 270
s 21862 112 54
s 21863 39 22
s 21864 691 372
s 21865 441 220
s 21866 447 218
s 21867 210 108
s 21868 371 180
s 21869 192 107
s 21870 221 102
s 21871 117 60
s 21872 248 115
s 21873 199 123
s 21874 318 161
s 21879 347 179
s 21880 163 78
s 21881 258 141
s 21883 443 213
s 21886 261 136
s 21888 498 217
s 21889 199 94
s 21891 176 79
s 21895 427 222
s 21896 158 74
s 21897 98 52
s 21898 181 81
s 21905 192 85
s 21915 71 38
s 22103 663 334
s 22104 523 260
s 22105 96 56
s 22106 278 133
s 22107 233 125
s 22108 112 60
s 22109 1434 694
s 22110 248 123
s 22111 262 130
s 22112 880 451
s 22113 1063 565
s 22114 526 252
s 22115 664 328
s 22116 458 229
s 22117 825 420
s 22118 208 106
s 22119 55 17
s 22120 1503 759
s 22121 705 365
s 22122 650 324
s 22123 391 206
s 22124 964 458
s 22125 369 177
s 22126 371 187
s 22127 213 92
s 22128 426 195
s 22129 289 165
s 22130 532 242
s 22135 474 240
s 22136 319 166
s 22137 411 216
s 22139 653 315
s 22142 443 221
s 22144 833 401
s 22145 511 233
s 22147 301 148
s 22151 999 539
s 22152 295 150
s 22153 232 109
s 22154 274 131
s 22161 369 170
s 22171 131 69
s 22360 277 137
s 22361 43 18
s 22362 141 76
s 22363 59 39
s 22364 61 22
s 22365 726 382
s 22366 137 60
s 22367 120 60
s 22368 408 213
s 22369 433 225
s 22370 249 118
s 22371 284 145
s 22372 186 99
s 22373 337 176
s 22374 97 53
s 22375 15 9
s 22376 675 361
s 22377 271 145
s 22378 368 192
s 22379 169 83
s 22380 408 177
s 22381 157 72
s 22382 157 82
s 22383 58 30
s 22384 100 44
s 22385 150 81
s 22386 281 139
s 22391 209 103
s 22392 142 79
s 22393 110 58
s 22395 304 141
s 22398 237 115
s 22400 372 197
s 22401 204 104
s 22403 104 49
s 22407 475 286
s 22408 121 59
s 22409 105 46
s 22410 118 54
s 22417 139 69
s 22427 48 26
s 22617 29 19
s 22618 96 45
s 22619 74 39
s 22620 43 28
s 22621 505 266
s 22622 110 60
s 22623 68 37
s 22624 276 142
s 22625 276 162
s 22626 161 74
s 22627 206 101
s 22628 126 69
s 22629 330 186
s 22630 77 40
s 22631 21 11
s 22632 495 268
s 22633 241 127
s 22634 188 111
s 22635 115 69
s 22636 286 156
s 22637 95 47
s 22638 113 61
s 22639 91 48
s 22640 145 68
s 22641 80 53
s 22642 186 95
s 22647 183 97
s 22648 87 52
s 22649 154 81
s 22651 293 147
s 22654 107 54
s 22656 265 146
s 22657 144 76
s 22659 122 56
s 22663 329 187
s 22664 89 44
s 22665 65 34
s 22666 104 53
s 22673 99 58
s 22683 32 21
s 22874 30 20
s 22875 11 7
s 22876 10 3
s 22877 26 10
s 22878 14 6
s 22879 8 4
s 22880 31 14
s 22881 45 21
s 22882 24 12
s 22883 30 19
s 22884 24 10
s 22885 52 20
s 22886 17 8
s 22887 9 6
s 22888 77 49
s 22889 67 36
s 22890 27 12
s 22891 14 11
s 22892 26 15
s 22893 4 2
s 22894 32 14
s 22895 18 7
s 22896 23 12
s 22897 19 9
s 22898 18 8
s 22903 36 17
s 22904 10 3
s 22905 29 16
s 22907 60 25
s 22910 22 13
s 22912 44 23
s 22913 12 6
s 22915 34 14
s 22919 38 22
s 22920 15 9
s 22921 15 11
s 22922 7 4
s 22929 14 4
s 22939 3 2
s 23131 45 21
s 23132 20 6
s 23133 230 112
s 23134 84 39
s 23135 50 27
s 23136 137 64
s 23137 142 76
s 23138 89 43
s 23139 167 83
s 23140 76 35
s 23141 158 78
s 23142 50 25
s 23143 18 11
s 23144 254 137
s 23145 195 114
s 23146 71 31
s 23147 58 30
s 23148 130 56
s 23149 88 45
s 23150 58 39
s 23151 44 17
s 23152 88 42
s 23153 36 22
s 23154 81 31
s 23159 91 43
s 23160 31 13
s 23161 82 41
s 23163 159 60
s 23166 60 26
s 23168 127 46
s 23169 82 43
s 23171 90 40
s 23175 176 98
s 23176 54 27
s 23177 41 25
s 23178 51 28
s 23185 55 29
s 23195 32 15
s 23388 23 17
s 23389 175 100
s 23390 38 15
s 23391 40 24
s 23392 89 36
s 23393 118 63
s 23394 52 24
s 23395 112 52
s 23396 64 30
s 23397 118 57
s 23398 33 18
s 23399 12 6
s 23400 202 105
s 23401 130 73
s 23402 97 48
s 23403 51 26
s 23404 70 31
s 23405 43 22
s 23406 50 25
s 23407 21 6
s 23408 55 26
s 23409 63 31
s 23410 59 27
s 23415 64 38
s 23416 36 18
s 23417 64 35
s 23419 127 75
s 23422 50 26
s 23424 104 55
s 23425 74 33
s 23427 31 16
s 23431 119 52
s 23432 118 76
s 23433 47 25
s 23434 35 20
s 23441 50 23
s 23451 38 16
s 23645 76 34
s 23646 14 6
s 23647 9 4
s 23648 28 15
s 23649 47 27
s 23650 34 20
s 23651 33 22
s 23652 35 20
s 23653 46 25
s 23654 14 11
s 23655 4 4
s 23656 51 25
s 23657 59 33
s 23658 31 16
s 23659 30 21
s 23660 31 16
s 23661 26 12
s 23662 27 15
s 23663 13 7
s 23664 32 21
s 23665 24 13
s 23666 21 9
s 23671 32 14
s 23672 10 5
s 23673 28 14
s 23675 45 20
s 23678 15 8
s 23680 39 17
s 23681 21 8
s 23683 26 14
s 23687 41 20
s 23688 23 16
s 23689 10 6
s 23690 17 7
s 23697 24 9
s 23707 10 5
s 23902 89 53
s 23903 66 37
s 23904 553 278
s 23905 629 332
s 23906 308 159
s 23907 446 221
s 23908 380 178
s 23909 866 430
s 23910 164 87
s 23911 61 31
s 23912 964 487
s 23913 657 340
s 23914 399 208
s 23915 288 124
s 23916 573 264
s 23917 58 28
s 23918 297 149
s 23919 204 104
s 23920 332 162
s 23921 156 80
s 23922 208 93
s 23927 507 240
s 23928 171 75
s 23929 395 210
s 23931 676 303
s 23934 262 123
s 23936 703 361
s 23937 275 135
s 23939 283 142
s 23943 563 274
s 23944 214 96
s 23945 133 54
s 23946 100 47
s 23953 116 64
s 23963 99 42
s 24159 11 5
s 24160 120 63
s 24161 119 64
s 24162 57 23
s 24163 74 35
s 24164 67 25
s 24165 164 78
s 24166 49 20
s 24167 16 8
s 24168 174 81
s 24169 125 60
s 24170 68 30
s 24171 59 32
s 24172 111 59
s 24173 9 4
s 24174 50 26
s 24175 40 26
s 24176 84 41
s 24177 34 18
s 24178 47 19
s 24183 101 46
s 24184 36 19
s 24185 66 32
s 24187 124 60
s 24190 42 20
s 24192 114 44
s 24193 54 22
s 24195 59 32
s 24199 105 52
s 24200 38 17
s 24201 30 13
s 24202 24 10
s 24209 17 11
s 24219 9 4
s 24416 94 47
s 24417 128 78
s 24418 59 26
s 24419 94 45
s 24420 75 42
s 24421 177 91
s 24422 40 11
s 24423 15 8
s 24424 159 89
s 24425 120 61
s 24426 76 37
s 24427 55 33
s 24428 107 52
s 24429 16 7
s 24430 56 29
s 24431 40 20
s 24432 62 35
s 24433 24 10
s 24434 35 13
s 24439 82 45
s 24440 27 9
s 24441 72 32
s 24443 125 55
s 24446 67 35
s 24448 119 60
s 24449 65 31
s 24451 64 28
s 24455 100 53
s 24456 33 21
s 24457 25 10
s 24458 20 11
s 24465 24 9
s 24475 21 9
s 24673 197 100
s 24674 46 21
s 24675 31 14
s 24676 188 94
s 24677 511 232
s 24678 69 40
s 24679 35 15
s 24680 89 37
s 24681 351 182
s 24682 261 120
s 24683 126 65
s 24684 60 33
s 24685 105 49
s 24686 146 61
s 24687 138 60
s 24688 212 87
s 24689 92 43
s 24690 190 71
s 24695 300 145
s 24696 70 34
s 24697 223 123
s 24699 386 172
s 24702 155 83
s 24704 391 194
s 24705 28 10
s 24707 153 75
s 24711 50 28
s 24712 131 60
s 24713 18 10
s 24714 113 56
s 24721 99 43
s 24731 29 14
s 24930 153 81
s 24931 154 68
s 24932 234 115
s 24933 485 241
s 24934 103 50
s 24935 33 13
s 24936 354 181
s 24937 688 358
s 24938 304 158
s 24939 182 89
s 24940 218 117
s 24941 174 89
s 24942 216 106
s 24943 134 84
s 24944 245 121
s 24945 159 80
s 24946 267 121
s 24951 349 174
s 24952 132 67
s 24953 241 119
s 24955 470 217
s 24958 183 95
s 24960 487 200
s 24961 144 62
s 24963 233 124
s 24967 294 154
s 24968 141 77
s 24969 57 30
s 24970 106 50
s 24977 172 80
s 24987 65 31
s 25187 35 18
s 25188 131 65
s 25189 276 130
s 25190 40 22
s 25191 29 15
s 25192 104 43
s 25193 242 119
s 25194 167 79
s 25195 88 38
s 25196 34 20
s 25197 83 36
s 25198 93 34
s 25199 69 34
s 25200 150 71
s 25201 82 29
s 25202 140 57
s 25207 187 82
s 25208 56 29
s 25209 149 76
s 25211 251 87
s 25214 100 47
s 25216 242 109
s 25217 34 17
s 25219 120 51
s 25223 70 40
s 25224 68 26
s 25225 16 9
s 25226 70 33
s 25233 68 22
s 25243 34 11
s 25444 144 58
s 25445 442 217
s 25446 89 44
s 25447 18 9
s 25448 117 60
s 25449 349 177
s 25450 199 86
s 25451 88 38
s 25452 49 20
s 25453 106 40
s 25454 117 56
s 25455 110 49
s 25456 159 88
s 25457 96 54
s 25458 160 64
s 25463 206 102
s 25464 65 19
s 25465 164 85
s 25467 331 157
s 25470 145 77
s 25472 296 134
s 25473 24 10
s 25475 145 63
s 25479 48 22
s 25480 98 48
s 25481 14 5
s 25482 93 44
s 25489 91 39
s 25499 26 12
s 25701 217 113
s 25702 45 17
s 25703 12 7
s 25704 348 182
s 25705 187 104
s 25706 183 95
s 25707 110 46
s 25708 163 77
s 25709 88 38
s 25710 106 60
s 25711 66 34
s 25712 99 51
s 25713 87 46
s 25714 151 81
s 25719 143 78
s 25720 81 50
s 25721 125 67
s 25723 200 96
s 25726 122 51
s 25728 259 123
s 25729 143 62
s 25731 77 33
s 25735 242 119
s 25736 74 37
s 25737 66 31
s 25738 79 37
s 25745 98 45
s 25755 29 13
s 25958 139 75
s 25959 44 22
s 25960 1343 700
s 25961 379 192
s 25962 375 199
s 25963 181 82
s 25964 463 196
s 25965 198 95
s 25966 204 111
s 25967 125 62
s 25968 209 105
s 25969 140 65
s 25970 330 141
s 25975 271 148
s 25976 155 76
s 25977 243 123
s 25979 427 208
s 25982 239 108
s 25984 406 194
s 25985 266 138
s 25987 142 66
s 25991 505 280
s 25992 162 79
s 25993 133 77
s 25994 161 89
s 26001 197 95
s 26011 72 32
s 26215 7 2
s 26216 160 93
s 26217 112 66
s 26218 87 39
s 26219 47 22
s 26220 67 28
s 26221 58 26
s 26222 44 20
s 26223 22 9
s 26224 53 22
s 26225 47 32
s 26226 71 32
s 26231 76 33
s 26232 29 12
s 26233 65 34
s 26235 134 71
s 26238 57 28
s 26240 116 57
s 26241 44 18
s 26243 52 32
s 26247 87 50
s 26248 43 24
s 26249 19 8
s 26250 36 15
s 26257 45 19
s 26267 12 6
s 26472 46 23
s 26473 34 19
s 26474 43 26
s 26475 22 12
s 26476 32 17
s 26477 14 4
s 26478 15 8
s 26479 9 4
s 26480 20 10
s 26481 15 3
s 26482 23 12
s 26487 23 14
s 26488 7 3
s 26489 14 6
s 26491 33 11
s 26494 14 7
s 26496 41 18
s 26497 16 9
s 26499 19 8
s 26503 23 18
s 26504 10 2
s 26505 4 1
s 26506 11 4
s 26513 13 4
s 26523 10 7
s 26729 756 414
s 26730 410 216
s 26731 244 138
s 26732 117 53
s 26733 236 126
s 26734 268 147
s 26735 202 103
s 26736 401 207
s 26737 241 138
s 26738 341 162
s 26743 471 235
s 26744 118 60
s 26745 413 249
s 26747 725 368
s 26750 257 128
s 26752 719 393
s 26753 83 44
s 26755 300 157
s 26759 123 65
s 26760 190 96
s 26761 34 14
s 26762 167 93
s 26769 208 111
s 26779 58 28
s 26986 325 161
s 26987 181 90
s 26988 319 159
s 26989 206 103
s 26990 156 95
s 26991 98 52
s 26992 169 74
s 26993 203 116
s 26994 264 116
s 26999 205 107
s 27000 155 71
s 27001 176 95
s 27003 341 176
s 27006 198 107
s 27008 365 171
s 27009 242 142
s 27011 149 72
s 27015 446 237
s 27016 171 84
s 27017 145 64
s 27018 110 61
s 27025 178 82
s 27035 53 21
s 27243 102 53
s 27244 248 109
s 27245 119 61
s 27246 148 69
s 27247 116 56
s 27248 207 113
s 27249 12 7
s 27250 147 71
s 27255 279 131
s 27256 39 14
s 27257 212 120
s 27259 359 178
s 27262 37 12
s 27264 262 132
s 27265 145 63
s 27267 154 84
s 27271 348 199
s 27272 69 33
s 27273 74 37
s 27274 86 44
s 27281 102 39
s 27291 48 29
s 27500 135 54
s 27501 81 35
s 27502 84 37
s 27503 56 26
s 27504 118 61
s 27505 43 22
s 27506 103 47
s 27511 115 55
s 27512 44 22
s 27513 103 56
s 27515 190 82
s 27518 65 32
s 27520 186 84
s 27521 78 37
s 27523 71 31
s 27527 196 96
s 27528 50 26
s 27529 42 18
s 27530 55 27
s 27537 60 25
s 27547 31 17
s 27757 121 54
s 27758 162 75
s 27759 118 54
s 27760 197 92
s 27761 92 47
s 27762 216 86
s 27767 321 154
s 27768 68 26
s 27769 198 102
s 27771 403 169
s 27774 162 67
s 27776 357 159
s 27777 31 15
s 27779 182 101
s 27783 67 31
s 27784 111 58
s 27785 23 12
s 27786 111 47
s 27793 125 57
s 27803 43 24
s 28014 82 34
s 28015 65 34
s 28016 103 41
s 28017 72 40
s 28018 50 24
s 28023 121 77
s 28024 65 36
s 28025 121 60
s 28027 190 77
s 28030 81 34
s 28032 166 80
s 28033 98 47
s 28035 81 39
s 28039 151 92
s 28040 67 34
s 28041 39 19
s 28042 14 5
s 28049 26 13
s 28059 31 14
s 28271 65 35
s 28272 116 53
s 28273 75 39
s 28274 109 50
s 28279 117 60
s 28280 65 36
s 28281 80 46
s 28283 182 93
s 28286 100 52
s 28288 187 92
s 28289 111 64
s 28291 93 49
s 28295 178 92
s 28296 71 44
s 28297 44 26
s 28298 46 22
s 28305 79 33
s 28315 34 18
s 28528 41 23
s 28529 57 32
s 28530 85 36
s 28535 40 19
s 28536 56 22
s 28537 42 17
s 28539 87 42
s 28542 55 25
s 28544 113 58
s 28545 74 30
s 28547 36 22
s 28551 158 77
s 28552 49 23
s 28553 32 15
s 28554 37 17
s 28561 71 32
s 28571 19 8
s 28785 94 53
s 28786 158 64
s 28791 129 69
s 28792 88 43
s 28793 85 48
s 28795 198 84
s 28798 110 55
s 28800 202 105
s 28801 114 49
s 28803 65 37
s 28807 264 137
s 28808 84 48
s 28809 68 26
s 28810 56 28
s 28817 117 53
s 28827 40 25
s 29042 63 37
s 29047 105 54
s 29048 21 8
s 29049 122 65
s 29051 186 93
s 29054 12 8
s 29056 129 68
s 29057 62 36
s 29059 90 51
s 29063 162 94
s 29064 43 17
s 29065 42 21
s 29066 27 9
s 29073 37 19
s 29083 27 11
s 29303 204 102
s 29304 72 33
s 29305 165 71
s 29307 281 111
s 29310 81 32
s 29312 263 115
s 29313 124 57
s 29315 120 56
s 29319 245 118
s 29320 65 28
s 29321 54 26
s 29322 39 20
s 29329 47 23
s 29339 43 19
s 30584 114 58
s 30585 101 58
s 30587 186 94
s 30590 169 90
s 30592 254 125
s 30593 207 95
s 30595 80 35
s 30599 341 187
s 30600 105 56
s 30601 95 40
s 30602 86 42
s 30609 126 61
s 30619 51 27
s 30841 88 40
s 30843 177 83
s 30846 36 17
s 30848 140 76
s 30849 40 24
s 30851 67 29
s 30855 110 55
s 30856 34 13
s 30857 20 9
s 30858 40 22
s 30865 33 14
s 30875 21 6
s 31099 174 76
s 31102 126 75
s 31104 207 116
s 31105 118 68
s 31107 63 24
s 31111 267 142
s 31112 91 50
s 31113 99 53
s 31114 64 29
s 31121 106 55
s 31131 46 25
s 31614 235 119
s 31616 372 171
s 31617 211 88
s 31619 148 68
s 31623 514 238
s 31624 141 68
s 31625 126 52
s 31626 137 55
s 31633 176 84
s 31643 67 32
s 32384 171 84
s 32385 119 59
s 32387 115 56
s 32391 219 116
s 32392 57 23
s 32393 52 24
s 32394 50 28
s 32401 43 24
s 32411 35 18
s 32897 297 150
s 32899 170 78
s 32903 462 214
s 32904 140 64
s 32905 101 53
s 32906 105 46
s 32913 181 70
s 32923 73 37
s 33155 101 50
s 33159 53 30
s 33160 60 24
s 33161 9 5
s 33162 73 40
s 33169 73 30
s 33179 34 14
s 33671 210 112
s 33672 68 29
s 33673 50 24
s 33674 50 24
s 33681 81 45
s 33691 26 14
s 34696 112 66
s 34697 31 14
s 34698 123 53
s 34705 162 84
s 34715 57 36
s 34953 43 25
s 34954 31 13
s 34961 50 24
s 34971 27 10
s 35210 30 17
s 35217 39 17
s 35227 14 6
s 35473 28 10
s 35483 20 11
s 37275 35 19
