n 50000
b 1 5267 2649
b 2 8505 4225
b 3 1680 839
b 4 1019 548
b 5 6599 3324
b 6 3141 1413
b 7 8139 4066
b 8 9376 5017
b 9 7401 3763
b 10 2039 1000
b 11 4837 1943
b 12 6105 3221
b 13 1874 889
b 14 13391 6725
b 15 3249 1653
b 16 1523 760
b 17 3093 1498
b 18 6268 3244
b 19 2623 1224
b 20 4686 2405
b 21 9723 4737
b 22 6021 2975
b 23 2411 1202
b 25 8254 3881
b 26 12623 6083
b 27 6592 3387
b 28 3097 1470
b 29 3135 1531
b 30 7181 3643
b 31 6125 3167
b 32 2125 1112
b 33 2193 1203
b 34 2478 1162
b 35 6915 3296
b 36 7936 3973
b 37 2394 1169
b 38 1000 473
b 39 4600 2181
b 40 2494 1149
b 41 3670 1810
b 42 5339 2804
b 43 1857 926
b 44 4241 2149
b 45 2033 1016
b 46 2243 1017
b 47 2994 1466
b 48 6543 3311
b 49 7510 3929
b 50 2295 1186
b 51 1876 901
b 52 1208 646
b 53 4718 2107
b 54 8647 4426
b 55 3360 1717
b 56 1849 884
b 57 1102 594
b 58 1282 612
b 59 1742 797
b 60 4813 2571
b 61 599 312
b 62 4514 2487
b 63 2098 1015
b 64 3513 1662
b 65 445 200
b 66 214 108
b 67 4466 2339
b 68 2969 1547
b 69 3793 1824
b 70 3765 1851
b 71 8512 4410
b 72 1969 977
b 73 1161 532
b 74 10754 5523
b 75 4477 2160
b 76 6914 3788
b 77 691 349
b 78 1780 922
b 79 1065 518
b 80 1730 856
b 81 1522 785
b 82 684 384
b 83 974 451
b 84 6638 3213
b 85 5818 2846
b 86 13506 6788
b 87 5613 2880
b 88 4199 2281
b 89 446 225
b 90 2114 1089
b 91 2015 1001
b 92 769 407
b 93 7067 3494
b 94 1092 531
b 95 953 478
b 96 3614 1730
b 97 6811 3517
b 98 2949 1362
b 99 1731 794
b 100 4152 2099
b 101 5309 2610
b 102 1311 689
b 103 556 292
b 104 6397 3307
b 105 5688 2854
b 106 4746 2428
b 107 3227 1604
b 108 3503 1640
b 109 2288 1104
b 110 3252 1675
b 111 2109 1101
b 112 3816 1945
b 113 1883 1015
b 114 2934 1315
b 119 4303 2162
b 120 2383 1100
b 121 4018 2163
b 123 6072 2865
b 126 3110 1591
b 128 6829 3390
b 129 3141 1543
b 131 3356 1663
b 135 6266 3303
b 136 2001 1008
b 137 1415 663
b 138 1311 611
b 145 2119 1000
b 155 1127 555
v 258 308 129
v 259 94 46
v 260 62 17
v 261 379 194
v 262 155 90
v 263 369 186
v 264 503 233
v 265 350 166
v 266 139 77
v 267 247 149
v 268 364 191
v 269 105 61
v 270 581 289
v 271 180 105
v 272 63 29
v 273 169 103
v 274 318 136
v 275 136 72
v 276 253 131
v 277 448 255
v 278 433 236
v 279 125 55
v 281 432 224
v 282 681 338
v 283 350 166
v 284 147 70
v 285 170 90
v 286 380 188
v 287 381 195
v 288 101 45
v 289 100 44
v 290 186 102
v 291 304 157
v 292 445 244
v 293 116 65
v 294 51 23
v 295 236 125
v 296 109 58
v 297 217 121
v 298 345 183
v 299 90 51
v 300 291 135
v 301 137 70
v 302 130 64
v 303 122 61
v 304 363 162
v 305 390 201
v 306 154 69
v 307 97 60
v 308 79 27
v 309 249 139
v 310 457 219
v 311 180 95
v 312 109 54
v 313 62 30
v 314 56 23
v 315 117 52
v 316 196 81
v 317 32 16
v 318 234 96
v 319 114 70
v 320 159 80
v 321 15 11
v 322 10 4
v 323 259 120
v 324 173 81
v 325 193 105
v 326 192 93
v 327 318 155
v 328 89 51
v 329 56 35
v 330 693 326
v 331 264 138
v 332 402 198
v 333 24 10
v 334 88 59
v 335 55 34
v 336 79 42
v 337 74 37
v 338 39 8
v 339 54 29
v 340 422 231
v 341 272 153
v 342 807 395
v 343 268 116
v 344 186 77
v 345 25 14
v 346 149 75
v 347 135 59
v 348 42 16
v 349 410 211
v 350 87 55
v 351 65 28
v 352 178 83
v 353 335 144
v 354 160 92
v 355 117 70
v 356 200 88
v 357 427 224
v 358 61 28
v 359 25 9
v 360 333 149
v 361 304 141
v 362 217 108
v 363 163 82
v 364 171 91
v 365 160 85
v 366 138 53
v 367 143 73
v 368 251 147
v 369 91 45
v 370 155 78
v 375 204 105
v 376 140 80
v 377 221 96
v 379 291 166
v 382 163 86
v 384 317 163
v 385 147 85
v 387 183 93
v 391 327 158
v 392 79 32
v 393 94 49
v 394 71 36
v 401 114 66
v 411 60 31
v 515 141 70
v 516 85 41
v 517 554 273
v 518 298 163
v 519 757 364
v 520 791 402
v 521 598 304
v 522 128 79
v 523 421 256
v 524 428 221
v 525 124 62
v 526 1069 491
v 527 335 147
v 528 138 70
v 529 256 139
v 530 504 225
v 531 218 105
v 532 405 201
v 533 842 456
v 534 519 235
v 535 215 108
v 537 663 361
v 538 1053 557
v 539 596 276
v 540 291 152
v 541 307 139
v 542 570 262
v 543 527 260
v 544 195 95
v 545 177 81
v 546 203 108
v 547 593 330
v 548 767 342
v 549 208 112
v 550 75 38
v 551 454 231
v 552 172 90
v 553 285 139
v 554 505 239
v 555 171 83
v 556 335 181
v 557 155 77
v 558 200 110
v 559 282 127
v 560 512 262
v 561 687 343
v 562 360 187
v 563 155 92
v 564 93 40
v 565 394 217
v 566 831 381
v 567 301 138
v 568 154 89
v 569 112 53
v 570 116 63
v 571 138 81
v 572 437 200
v 573 44 25
v 574 378 173
v 575 184 95
v 576 324 174
v 577 35 17
v 578 20 10
v 579 435 187
v 580 243 107
v 581 361 182
v 582 450 213
v 583 758 356
v 584 155 66
v 585 105 63
v 586 937 435
v 587 351 170
v 588 638 273
v 589 51 30
v 590 141 72
v 591 95 47
v 592 143 71
v 593 148 63
v 594 62 29
v 595 68 34
v 596 562 289
v 597 523 271
v 598 1152 574
v 599 448 222
v 600 359 164
v 601 24 10
v 602 176 89
v 603 180 89
v 604 65 35
v 605 638 322
v 606 100 52
v 607 64 35
v 608 345 187
v 609 598 297
v 610 286 151
v 611 150 72
v 612 344 168
v 613 382 192
v 614 120 55
v 615 49 24
v 616 604 304
v 617 475 241
v 618 400 196
v 619 268 131
v 620 339 171
v 621 157 87
v 622 265 127
v 623 211 108
v 624 302 147
v 625 148 70
v 626 299 149
v 631 402 199
v 632 205 123
v 633 360 160
v 635 514 282
v 638 270 137
v 640 585 278
v 641 295 155
v 643 270 124
v 647 575 265
v 648 171 88
v 649 126 62
v 650 90 50
v 657 179 94
v 667 116 60
v 772 18 7
v 773 111 57
v 774 50 22
v 775 128 59
v 776 120 64
v 777 124 61
v 778 24 16
v 779 74 49
v 780 139 54
v 781 33 11
v 782 243 123
v 783 43 23
v 784 26 17
v 785 41 18
v 786 98 48
v 787 49 30
v 788 81 28
v 789 150 87
v 790 104 54
v 791 35 18
v 793 154 82
v 794 218 117
v 795 96 50
v 796 47 25
v 797 57 28
v 798 112 50
v 799 103 51
v 800 43 20
v 801 39 19
v 802 40 19
v 803 110 58
v 804 125 61
v 805 43 23
v 806 29 13
v 807 71 37
v 808 43 22
v 809 53 34
v 810 99 45
v 811 30 15
v 812 55 29
v 813 34 19
v 814 40 21
v 815 51 23
v 816 112 60
v 817 152 60
v 818 39 17
v 819 26 9
v 820 24 19
v 821 69 38
v 822 98 52
v 823 66 27
v 824 26 19
v 825 20 9
v 826 23 13
v 827 41 22
v 828 65 29
v 829 13 3
v 830 82 35
v 831 26 13
v 832 48 23
v 833 7 3
v 834 5 2
v 835 94 38
v 836 40 12
v 837 61 34
v 838 56 34
v 839 150 69
v 840 29 16
v 841 11 6
v 842 187 93
v 843 93 39
v 844 123 57
v 845 26 14
v 846 41 23
v 847 25 17
v 848 42 21
v 849 25 13
v 850 10 1
v 851 10 5
v 852 98 64
v 853 89 51
v 854 228 105
v 855 74 37
v 856 74 34
v 857 8 4
v 858 35 18
v 859 45 19
v 860 14 7
v 861 145 66
v 862 17 8
v 863 11 6
v 864 69 33
v 865 115 55
v 866 42 26
v 867 29 17
v 868 81 36
v 869 94 59
v 870 24 8
v 871 11 5
v 872 82 33
v 873 98 47
v 874 77 43
v 875 57 32
v 876 54 39
v 877 55 28
v 878 62 30
v 879 43 21
v 880 88 46
v 881 31 14
v 882 34 17
v 887 65 33
v 888 34 21
v 889 92 42
v 891 103 50
v 894 51 23
v 896 123 64
v 897 48 28
v 899 72 40
v 903 118 56
v 904 33 8
v 905 20 13
v 906 27 18
v 913 30 14
v 923 17 6
v 1029 67 32
v 1030 46 32
v 1031 70 35
v 1032 87 44
v 1033 84 43
v 1034 22 15
v 1035 44 25
v 1036 62 35
v 1037 14 8
v 1038 138 75
v 1039 33 19
v 1040 14 8
v 1041 39 20
v 1042 53 21
v 1043 17 7
v 1044 45 27
v 1045 122 67
v 1046 60 32
v 1047 21 13
v 1049 84 48
v 1050 128 75
v 1051 78 47
v 1052 27 19
v 1053 29 13
v 1054 73 37
v 1055 59 29
v 1056 35 18
v 1057 11 5
v 1058 23 11
v 1059 80 44
v 1060 62 30
v 1061 21 7
v 1062 8 4
v 1063 45 26
v 1064 23 17
v 1065 23 16
v 1066 60 28
v 1067 14 10
v 1068 50 22
v 1069 21 8
v 1070 28 12
v 1071 20 10
v 1072 48 20
v 1073 68 34
v 1074 21 13
v 1075 12 6
v 1076 7 2
v 1077 51 29
v 1078 60 20
v 1079 40 23
v 1080 20 10
v 1081 6 2
v 1082 9 7
v 1083 19 13
v 1084 64 36
v 1085 4 2
v 1086 51 19
v 1087 31 17
v 1088 35 20
v 1089 6 2
v 1090 1 1
v 1091 36 22
v 1092 21 14
v 1093 33 15
v 1094 37 24
v 1095 120 60
v 1096 19 12
v 1097 12 4
v 1098 109 50
v 1099 37 21
v 1100 62 30
v 1101 9 7
v 1102 17 9
v 1103 9 4
v 1104 11 5
v 1105 9 7
v 1106 4 3
v 1107 11 7
v 1108 76 37
v 1109 49 32
v 1110 146 81
v 1111 60 35
v 1112 41 22
v 1113 5 3
v 1114 25 12
v 1115 18 9
v 1116 2 2
v 1117 188 96
v 1118 17 9
v 1119 9 5
v 1120 33 21
v 1121 68 41
v 1122 39 30
v 1123 13 8
v 1124 49 25
v 1125 54 28
v 1126 17 10
v 1127 4 0
v 1128 62 28
v 1129 52 27
v 1130 41 24
v 1131 36 20
v 1132 37 23
v 1133 19 9
v 1134 33 20
v 1135 16 8
v 1136 27 14
v 1137 17 8
v 1138 37 21
v 1143 41 21
v 1144 47 25
v 1145 30 10
v 1147 55 38
v 1150 33 15
v 1152 69 34
v 1153 40 21
v 1155 32 18
v 1159 55 30
v 1160 21 13
v 1161 16 11
v 1162 14 7
v 1169 26 20
v 1179 12 5
v 1286 207 119
v 1287 562 286
v 1288 701 298
v 1289 521 261
v 1290 145 69
v 1291 300 177
v 1292 350 194
v 1293 125 67
v 1294 905 438
v 1295 214 103
v 1296 91 49
v 1297 179 111
v 1298 407 198
v 1299 170 87
v 1300 300 150
v 1301 638 339
v 1302 422 226
v 1303 141 68
v 1305 532 284
v 1306 936 489
v 1307 469 218
v 1308 204 114
v 1309 201 101
v 1310 508 254
v 1311 435 224
v 1312 167 81
v 1313 167 74
v 1314 158 69
v 1315 476 243
v 1316 516 266
v 1317 157 71
v 1318 62 27
v 1319 318 166
v 1320 173 94
v 1321 251 133
v 1322 372 176
v 1323 138 74
v 1324 307 153
v 1325 125 53
v 1326 109 63
v 1327 174 84
v 1328 376 165
v 1329 436 206
v 1330 141 71
v 1331 117 62
v 1332 68 26
v 1333 352 185
v 1334 637 304
v 1335 194 87
v 1336 131 71
v 1337 78 38
v 1338 87 57
v 1339 132 76
v 1340 358 190
v 1341 29 15
v 1342 263 120
v 1343 133 71
v 1344 250 129
v 1345 32 22
v 1346 14 3
v 1347 282 146
v 1348 189 108
v 1349 250 128
v 1350 206 111
v 1351 573 295
v 1352 114 59
v 1353 81 42
v 1354 657 325
v 1355 334 156
v 1356 510 230
v 1357 40 21
v 1358 110 53
v 1359 62 38
v 1360 107 67
v 1361 96 50
v 1362 36 20
v 1363 63 27
v 1364 462 238
v 1365 401 205
v 1366 1006 488
v 1367 410 202
v 1368 281 125
v 1369 33 21
v 1370 129 58
v 1371 96 53
v 1372 51 26
v 1373 460 227
v 1374 53 31
v 1375 65 38
v 1376 232 122
v 1377 424 204
v 1378 134 75
v 1379 114 58
v 1380 278 138
v 1381 379 197
v 1382 88 45
v 1383 38 18
v 1384 510 237
v 1385 369 183
v 1386 303 159
v 1387 234 117
v 1388 230 140
v 1389 166 81
v 1390 212 87
v 1391 136 68
v 1392 247 116
v 1393 111 48
v 1394 183 90
v 1399 300 158
v 1400 173 108
v 1401 256 119
v 1403 401 222
v 1406 194 88
v 1408 461 242
v 1409 188 90
v 1411 211 114
v 1415 476 228
v 1416 129 63
v 1417 85 47
v 1418 96 53
v 1425 123 70
v 1435 85 43
v 1543 273 125
v 1544 312 137
v 1545 219 82
v 1546 76 42
v 1547 168 99
v 1548 172 72
v 1549 63 31
v 1550 381 179
v 1551 137 60
v 1552 47 20
v 1553 96 44
v 1554 202 92
v 1555 85 35
v 1556 137 55
v 1557 357 146
v 1558 203 99
v 1559 78 34
v 1561 273 147
v 1562 396 206
v 1563 222 104
v 1564 97 46
v 1565 113 54
v 1566 215 89
v 1567 209 83
v 1568 72 35
v 1569 71 33
v 1570 66 29
v 1571 217 94
v 1572 267 123
v 1573 82 43
v 1574 38 17
v 1575 129 65
v 1576 82 40
v 1577 107 50
v 1578 147 55
v 1579 67 22
v 1580 135 64
v 1581 54 29
v 1582 74 35
v 1583 144 71
v 1584 244 113
v 1585 231 79
v 1586 76 27
v 1587 55 24
v 1588 26 11
v 1589 126 60
v 1590 276 123
v 1591 110 48
v 1592 57 28
v 1593 32 12
v 1594 46 23
v 1595 47 30
v 1596 124 46
v 1597 27 12
v 1598 122 45
v 1599 67 32
v 1600 99 53
v 1601 20 12
v 1602 7 3
v 1603 161 63
v 1604 100 48
v 1605 134 61
v 1606 105 51
v 1607 230 111
v 1608 54 23
v 1609 38 20
v 1610 308 115
v 1611 157 67
v 1612 236 94
v 1613 19 10
v 1614 49 21
v 1615 29 13
v 1616 60 20
v 1617 43 19
v 1618 17 8
v 1619 39 18
v 1620 207 83
v 1621 184 81
v 1622 429 201
v 1623 157 73
v 1624 115 54
v 1625 10 4
v 1626 73 31
v 1627 55 31
v 1628 21 10
v 1629 229 107
v 1630 34 18
v 1631 28 19
v 1632 117 47
v 1633 182 74
v 1634 103 52
v 1635 65 25
v 1636 124 57
v 1637 155 74
v 1638 54 21
v 1639 12 10
v 1640 165 83
v 1641 147 71
v 1642 164 73
v 1643 85 38
v 1644 149 71
v 1645 100 46
v 1646 97 40
v 1647 80 40
v 1648 110 48
v 1649 60 22
v 1650 90 55
v 1655 157 52
v 1656 71 37
v 1657 129 57
v 1659 199 99
v 1662 111 51
v 1664 193 79
v 1665 84 35
v 1667 106 38
v 1671 216 94
v 1672 39 16
v 1673 36 17
v 1674 39 19
v 1681 65 35
v 1691 49 18
v 1800 786 350
v 1801 578 266
v 1802 167 90
v 1803 398 242
v 1804 523 281
v 1805 136 83
v 1806 1052 532
v 1807 259 121
v 1808 119 60
v 1809 277 132
v 1810 541 261
v 1811 240 125
v 1812 406 182
v 1813 789 404
v 1814 468 235
v 1815 215 100
v 1817 686 349
v 1818 1110 563
v 1819 588 282
v 1820 238 130
v 1821 287 158
v 1822 574 291
v 1823 492 232
v 1824 164 77
v 1825 167 86
v 1826 213 118
v 1827 530 281
v 1828 665 315
v 1829 168 95
v 1830 70 36
v 1831 426 211
v 1832 187 92
v 1833 305 174
v 1834 434 193
v 1835 151 79
v 1836 343 164
v 1837 161 80
v 1838 197 91
v 1839 212 113
v 1840 520 252
v 1841 643 298
v 1842 200 99
v 1843 151 82
v 1844 102 41
v 1845 419 222
v 1846 738 365
v 1847 270 135
v 1848 130 59
v 1849 109 51
v 1850 94 50
v 1851 152 82
v 1852 446 196
v 1853 62 38
v 1854 358 148
v 1855 183 95
v 1856 273 142
v 1857 43 28
v 1858 21 10
v 1859 366 171
v 1860 260 129
v 1861 299 162
v 1862 297 154
v 1863 725 354
v 1864 156 82
v 1865 102 65
v 1866 932 450
v 1867 397 214
v 1868 513 224
v 1869 57 33
v 1870 143 69
v 1871 94 53
v 1872 172 89
v 1873 115 56
v 1874 56 31
v 1875 81 38
v 1876 546 289
v 1877 489 257
v 1878 1177 584
v 1879 484 239
v 1880 357 173
v 1881 32 13
v 1882 179 98
v 1883 138 72
v 1884 53 29
v 1885 512 281
v 1886 80 39
v 1887 58 24
v 1888 313 150
v 1889 602 300
v 1890 267 142
v 1891 135 78
v 1892 313 156
v 1893 452 235
v 1894 102 44
v 1895 39 17
v 1896 551 255
v 1897 498 255
v 1898 391 174
v 1899 255 125
v 1900 277 152
v 1901 162 89
v 1902 231 120
v 1903 168 73
v 1904 298 151
v 1905 153 57
v 1906 258 132
v 1911 344 175
v 1912 187 99
v 1913 339 161
v 1915 514 267
v 1918 257 119
v 1920 572 285
v 1921 255 126
v 1923 280 154
v 1927 527 253
v 1928 201 109
v 1929 113 51
v 1930 89 44
v 1937 181 87
v 1947 106 52
v 2057 685 376
v 2058 225 126
v 2059 466 294
v 2060 604 316
v 2061 188 86
v 2062 1173 617
v 2063 364 195
v 2064 134 74
v 2065 308 165
v 2066 646 319
v 2067 236 133
v 2068 423 221
v 2069 877 472
v 2070 606 343
v 2071 245 138
v 2073 766 437
v 2074 1228 669
v 2075 567 286
v 2076 288 168
v 2077 268 148
v 2078 652 352
v 2079 578 273
v 2080 193 93
v 2081 191 96
v 2082 224 124
v 2083 695 392
v 2084 768 402
v 2085 240 104
v 2086 80 47
v 2087 440 263
v 2088 293 162
v 2089 414 220
v 2090 527 266
v 2091 160 82
v 2092 447 233
v 2093 150 80
v 2094 229 136
v 2095 294 171
v 2096 661 345
v 2097 696 369
v 2098 182 94
v 2099 194 101
v 2100 99 45
v 2101 471 265
v 2102 1039 558
v 2103 328 163
v 2104 170 87
v 2105 90 41
v 2106 145 78
v 2107 154 92
v 2108 429 186
v 2109 39 18
v 2110 411 187
v 2111 166 88
v 2112 377 212
v 2113 35 20
v 2114 23 10
v 2115 438 211
v 2116 283 145
v 2117 367 210
v 2118 376 191
v 2119 747 368
v 2120 185 102
v 2121 100 62
v 2122 1047 570
v 2123 438 241
v 2124 631 281
v 2125 67 38
v 2126 171 84
v 2127 91 52
v 2128 170 85
v 2129 144 73
v 2130 56 19
v 2131 83 49
v 2132 693 374
v 2133 584 327
v 2134 1257 636
v 2135 600 316
v 2136 474 228
v 2137 38 20
v 2138 188 101
v 2139 175 96
v 2140 78 41
v 2141 829 470
v 2142 90 50
v 2143 93 49
v 2144 349 202
v 2145 633 350
v 2146 226 142
v 2147 134 78
v 2148 332 190
v 2149 518 286
v 2150 115 65
v 2151 46 22
v 2152 604 293
v 2153 648 361
v 2154 426 218
v 2155 292 155
v 2156 367 229
v 2157 193 121
v 2158 445 229
v 2159 162 85
v 2160 253 134
v 2161 149 84
v 2162 272 150
v 2167 418 238
v 2168 222 134
v 2169 346 190
v 2171 550 317
v 2174 297 141
v 2176 656 368
v 2177 316 165
v 2179 228 136
v 2183 591 285
v 2184 169 92
v 2185 143 87
v 2186 113 60
v 2193 194 110
v 2203 99 69
v 2314 151 82
v 2315 335 201
v 2316 468 222
v 2317 153 85
v 2318 1089 552
v 2319 263 139
v 2320 101 44
v 2321 280 139
v 2322 501 253
v 2323 173 92
v 2324 353 172
v 2325 774 373
v 2326 479 247
v 2327 153 78
v 2329 580 331
v 2330 934 493
v 2331 466 240
v 2332 263 140
v 2333 254 130
v 2334 509 247
v 2335 500 247
v 2336 144 62
v 2337 165 69
v 2338 164 87
v 2339 475 269
v 2340 598 289
v 2341 189 90
v 2342 69 36
v 2343 356 198
v 2344 214 117
v 2345 254 124
v 2346 421 207
v 2347 146 82
v 2348 303 142
v 2349 161 84
v 2350 138 83
v 2351 255 123
v 2352 518 263
v 2353 568 286
v 2354 167 88
v 2355 137 70
v 2356 80 36
v 2357 344 189
v 2358 621 312
v 2359 293 145
v 2360 132 68
v 2361 67 27
v 2362 114 62
v 2363 122 57
v 2364 379 176
v 2365 40 21
v 2366 386 166
v 2367 144 78
v 2368 242 137
v 2369 26 13
v 2370 13 6
v 2371 311 136
v 2372 225 115
v 2373 301 154
v 2374 241 119
v 2375 697 323
v 2376 150 73
v 2377 67 46
v 2378 777 394
v 2379 332 189
v 2380 621 274
v 2381 36 15
v 2382 128 74
v 2383 72 35
v 2384 114 67
v 2385 112 63
v 2386 51 20
v 2387 66 35
v 2388 521 274
v 2389 457 244
v 2390 998 511
v 2391 494 246
v 2392 341 155
v 2393 34 15
v 2394 147 66
v 2395 130 62
v 2396 56 26
v 2397 579 295
v 2398 79 53
v 2399 62 36
v 2400 293 167
v 2401 502 251
v 2402 182 98
v 2403 105 61
v 2404 258 126
v 2405 412 218
v 2406 84 46
v 2407 33 14
v 2408 450 220
v 2409 449 217
v 2410 388 180
v 2411 256 138
v 2412 286 151
v 2413 180 85
v 2414 235 110
v 2415 165 83
v 2416 288 148
v 2417 148 70
v 2418 215 130
v 2423 350 182
v 2424 156 87
v 2425 311 149
v 2427 497 267
v 2430 198 97
v 2432 502 258
v 2433 199 109
v 2435 255 129
v 2439 423 203
v 2440 129 74
v 2441 116 71
v 2442 106 55
v 2449 164 88
v 2459 88 49
v 2571 114 64
v 2572 112 50
v 2573 31 18
v 2574 286 136
v 2575 90 45
v 2576 37 21
v 2577 65 30
v 2578 117 58
v 2579 55 24
v 2580 97 45
v 2581 207 97
v 2582 101 51
v 2583 51 19
v 2585 145 69
v 2586 158 70
v 2587 117 42
v 2588 49 28
v 2589 61 29
v 2590 157 80
v 2591 141 64
v 2592 36 15
v 2593 40 10
v 2594 40 23
v 2595 139 80
v 2596 148 67
v 2597 70 41
v 2598 22 14
v 2599 90 47
v 2600 52 27
v 2601 74 40
v 2602 80 43
v 2603 34 18
v 2604 88 40
v 2605 50 26
v 2606 50 31
v 2607 71 37
v 2608 147 75
v 2609 153 66
v 2610 58 30
v 2611 29 13
v 2612 20 9
v 2613 88 40
v 2614 194 106
v 2615 64 32
v 2616 37 26
v 2617 20 6
v 2618 33 17
v 2619 44 23
v 2620 82 35
v 2621 14 6
v 2622 94 37
v 2623 48 23
v 2624 77 39
v 2625 11 8
v 2626 6 5
v 2627 95 48
v 2628 29 13
v 2629 62 32
v 2630 73 31
v 2631 224 111
v 2632 51 23
v 2633 25 14
v 2634 211 109
v 2635 87 44
v 2636 148 61
v 2637 8 4
v 2638 42 26
v 2639 26 12
v 2640 33 17
v 2641 27 15
v 2642 17 10
v 2643 23 13
v 2644 124 62
v 2645 116 69
v 2646 297 143
v 2647 87 34
v 2648 55 24
v 2649 4 1
v 2650 52 25
v 2651 72 39
v 2652 20 10
v 2653 146 68
v 2654 23 12
v 2655 17 9
v 2656 80 39
v 2657 162 83
v 2658 66 31
v 2659 32 21
v 2660 97 51
v 2661 85 47
v 2662 26 12
v 2663 9 6
v 2664 114 49
v 2665 105 48
v 2666 94 44
v 2667 58 28
v 2668 72 38
v 2669 49 26
v 2670 71 44
v 2671 46 18
v 2672 98 50
v 2673 45 18
v 2674 75 41
v 2679 96 50
v 2680 43 30
v 2681 79 33
v 2683 107 49
v 2686 73 42
v 2688 151 80
v 2689 64 31
v 2691 73 48
v 2695 154 77
v 2696 53 30
v 2697 39 20
v 2698 27 16
v 2705 55 28
v 2715 32 17
v 2828 257 82
v 2829 76 39
v 2830 614 244
v 2831 139 56
v 2832 75 28
v 2833 143 73
v 2834 270 106
v 2835 120 61
v 2836 239 89
v 2837 437 164
v 2838 291 118
v 2839 101 39
v 2841 486 214
v 2842 621 263
v 2843 328 124
v 2844 155 67
v 2845 160 76
v 2846 341 152
v 2847 280 108
v 2848 101 34
v 2849 100 51
v 2850 130 57
v 2851 367 152
v 2852 427 179
v 2853 108 49
v 2854 40 16
v 2855 206 94
v 2856 123 59
v 2857 162 65
v 2858 244 88
v 2859 101 40
v 2860 220 99
v 2861 104 38
v 2862 126 54
v 2863 133 52
v 2864 327 147
v 2865 382 134
v 2866 104 42
v 2867 65 26
v 2868 67 28
v 2869 225 103
v 2870 479 181
v 2871 167 66
v 2872 91 40
v 2873 44 17
v 2874 68 30
v 2875 94 52
v 2876 241 92
v 2877 28 9
v 2878 226 83
v 2879 99 44
v 2880 181 68
v 2881 19 8
v 2882 15 6
v 2883 222 85
v 2884 131 42
v 2885 167 69
v 2886 177 70
v 2887 368 126
v 2888 96 37
v 2889 57 25
v 2890 579 212
v 2891 209 87
v 2892 338 125
v 2893 18 3
v 2894 85 28
v 2895 45 15
v 2896 90 41
v 2897 65 26
v 2898 30 13
v 2899 52 26
v 2900 314 114
v 2901 297 126
v 2902 646 244
v 2903 274 106
v 2904 192 56
v 2905 26 8
v 2906 118 50
v 2907 113 45
v 2908 34 13
v 2909 336 128
v 2910 54 26
v 2911 43 15
v 2912 176 74
v 2913 306 119
v 2914 138 66
v 2915 111 45
v 2916 197 80
v 2917 274 109
v 2918 64 23
v 2919 35 17
v 2920 268 109
v 2921 277 117
v 2922 230 97
v 2923 165 64
v 2924 178 80
v 2925 134 56
v 2926 161 67
v 2927 119 50
v 2928 201 70
v 2929 95 30
v 2930 149 71
v 2935 229 97
v 2936 119 60
v 2937 237 95
v 2939 306 126
v 2942 159 66
v 2944 319 126
v 2945 155 53
v 2947 155 67
v 2951 349 138
v 2952 101 43
v 2953 80 26
v 2954 61 31
v 2961 96 45
v 2971 51 20
v 3085 118 58
v 3086 789 424
v 3087 163 97
v 3088 117 54
v 3089 155 80
v 3090 752 331
v 3091 155 96
v 3092 299 154
v 3093 607 341
v 3094 347 202
v 3095 154 81
v 3097 488 258
v 3098 737 383
v 3099 468 260
v 3100 209 125
v 3101 174 85
v 3102 425 223
v 3103 378 206
v 3104 96 47
v 3105 132 60
v 3106 159 86
v 3107 372 210
v 3108 494 246
v 3109 126 60
v 3110 74 36
v 3111 264 149
v 3112 158 103
v 3113 206 110
v 3114 350 194
v 3115 107 62
v 3116 261 117
v 3117 130 60
v 3118 111 68
v 3119 197 121
v 3120 495 271
v 3121 514 229
v 3122 150 84
v 3123 121 67
v 3124 145 63
v 3125 277 164
v 3126 552 288
v 3127 175 87
v 3128 95 62
v 3129 86 50
v 3130 70 41
v 3131 98 62
v 3132 299 150
v 3133 35 19
v 3134 286 141
v 3135 134 79
v 3136 210 119
v 3137 21 15
v 3138 18 11
v 3139 262 157
v 3140 190 107
v 3141 250 141
v 3142 220 137
v 3143 510 258
v 3144 107 61
v 3145 69 42
v 3146 679 356
v 3147 287 159
v 3148 378 202
v 3149 63 29
v 3150 102 51
v 3151 75 44
v 3152 109 62
v 3153 87 46
v 3154 42 12
v 3155 72 40
v 3156 452 263
v 3157 356 186
v 3158 821 435
v 3159 337 168
v 3160 279 122
v 3161 34 19
v 3162 148 79
v 3163 137 66
v 3164 49 30
v 3165 388 213
v 3166 129 77
v 3167 52 29
v 3168 206 113
v 3169 397 177
v 3170 176 102
v 3171 96 59
v 3172 263 133
v 3173 311 155
v 3174 95 44
v 3175 33 12
v 3176 360 182
v 3177 361 194
v 3178 313 154
v 3179 191 101
v 3180 180 99
v 3181 117 78
v 3182 199 97
v 3183 132 68
v 3184 238 130
v 3185 140 69
v 3186 166 98
v 3191 248 137
v 3192 137 82
v 3193 247 115
v 3195 369 200
v 3198 148 83
v 3200 421 225
v 3201 199 114
v 3203 216 104
v 3207 361 163
v 3208 119 72
v 3209 98 58
v 3210 82 50
v 3217 126 67
v 3227 64 29
v 3342 233 104
v 3343 65 32
v 3344 26 12
v 3345 86 43
v 3346 118 50
v 3347 56 24
v 3348 99 42
v 3349 181 81
v 3350 118 53
v 3351 34 19
v 3353 163 86
v 3354 183 87
v 3355 105 46
v 3356 49 24
v 3357 59 31
v 3358 124 54
v 3359 115 56
v 3360 37 15
v 3361 47 21
v 3362 43 23
v 3363 113 51
v 3364 121 57
v 3365 37 17
v 3366 23 12
v 3367 134 67
v 3368 59 37
v 3369 81 40
v 3370 91 35
v 3371 36 15
v 3372 81 40
v 3373 35 21
v 3374 48 30
v 3375 45 24
v 3376 113 46
v 3377 114 45
v 3378 49 17
v 3379 47 24
v 3380 23 11
v 3381 77 45
v 3382 149 61
v 3383 88 43
v 3384 36 15
v 3385 18 10
v 3386 24 11
v 3387 26 15
v 3388 62 23
v 3389 11 6
v 3390 94 45
v 3391 43 25
v 3392 64 35
v 3393 9 6
v 3394 3 2
v 3395 77 31
v 3396 66 30
v 3397 68 31
v 3398 73 27
v 3399 207 91
v 3400 31 12
v 3401 19 11
v 3402 296 150
v 3403 63 26
v 3404 133 64
v 3405 15 6
v 3406 44 21
v 3407 34 14
v 3408 24 8
v 3409 28 11
v 3410 8 2
v 3411 15 9
v 3412 112 53
v 3413 101 49
v 3414 253 112
v 3415 91 46
v 3416 48 22
v 3417 10 8
v 3418 44 17
v 3419 33 13
v 3420 17 7
v 3421 137 72
v 3422 27 13
v 3423 12 2
v 3424 80 44
v 3425 133 62
v 3426 51 23
v 3427 30 17
v 3428 82 37
v 3429 88 44
v 3430 26 16
v 3431 13 7
v 3432 97 42
v 3433 106 53
v 3434 76 37
v 3435 63 28
v 3436 62 36
v 3437 36 18
v 3438 74 34
v 3439 54 28
v 3440 73 34
v 3441 37 21
v 3442 47 27
v 3447 80 40
v 3448 44 26
v 3449 77 38
v 3451 127 65
v 3454 82 39
v 3456 158 82
v 3457 61 28
v 3459 69 31
v 3463 139 64
v 3464 42 18
v 3465 29 12
v 3466 25 11
v 3473 43 25
v 3483 19 9
v 3599 449 220
v 3600 192 99
v 3601 440 225
v 3602 862 426
v 3603 319 170
v 3604 671 308
v 3605 1278 659
v 3606 782 382
v 3607 309 145
v 3609 1080 552
v 3610 1764 925
v 3611 945 484
v 3612 451 235
v 3613 402 206
v 3614 986 477
v 3615 959 482
v 3616 268 136
v 3617 292 122
v 3618 346 200
v 3619 799 428
v 3620 1083 583
v 3621 351 186
v 3622 156 75
v 3623 662 343
v 3624 340 184
v 3625 457 227
v 3626 767 373
v 3627 259 124
v 3628 536 274
v 3629 256 146
v 3630 285 162
v 3631 405 223
v 3632 831 405
v 3633 1075 508
v 3634 368 179
v 3635 258 132
v 3636 182 79
v 3637 590 335
v 3638 1365 646
v 3639 525 261
v 3640 221 123
v 3641 144 65
v 3642 183 100
v 3643 234 115
v 3644 592 253
v 3645 80 37
v 3646 676 301
v 3647 287 152
v 3648 486 265
v 3649 56 31
v 3650 32 18
v 3651 510 261
v 3652 415 192
v 3653 541 283
v 3654 589 299
v 3655 1172 577
v 3656 273 134
v 3657 142 74
v 3658 1474 706
v 3659 579 304
v 3660 993 461
v 3661 103 47
v 3662 246 113
v 3663 145 80
v 3664 267 128
v 3665 210 97
v 3666 104 48
v 3667 130 82
v 3668 878 453
v 3669 939 465
v 3670 1974 993
v 3671 808 362
v 3672 488 224
v 3673 64 31
v 3674 288 142
v 3675 316 158
v 3676 127 54
v 3677 1034 517
v 3678 140 77
v 3679 145 69
v 3680 519 279
v 3681 915 436
v 3682 593 321
v 3683 241 120
v 3684 536 254
v 3685 746 370
v 3686 168 87
v 3687 92 38
v 3688 709 383
v 3689 738 384
v 3690 667 319
v 3691 463 236
v 3692 449 248
v 3693 310 154
v 3694 472 238
v 3695 292 138
v 3696 575 299
v 3697 249 126
v 3698 460 254
v 3703 705 348
v 3704 325 164
v 3705 601 263
v 3707 869 448
v 3710 428 214
v 3712 866 460
v 3713 385 190
v 3715 487 241
v 3719 965 445
v 3720 313 150
v 3721 219 124
v 3722 156 93
v 3729 307 161
v 3739 152 74
v 3856 45 22
v 3857 113 56
v 3858 203 117
v 3859 98 52
v 3860 159 79
v 3861 358 178
v 3862 219 111
v 3863 80 43
v 3865 276 151
v 3866 414 207
v 3867 228 116
v 3868 104 61
v 3869 107 56
v 3870 243 118
v 3871 193 107
v 3872 95 44
v 3873 59 21
v 3874 59 32
v 3875 237 132
v 3876 263 138
v 3877 63 27
v 3878 33 15
v 3879 187 88
v 3880 80 36
v 3881 153 68
v 3882 190 94
v 3883 65 30
v 3884 126 75
v 3885 58 36
v 3886 52 28
v 3887 101 56
v 3888 200 96
v 3889 224 108
v 3890 56 23
v 3891 62 27
v 3892 36 19
v 3893 157 88
v 3894 298 157
v 3895 108 53
v 3896 65 28
v 3897 38 22
v 3898 48 23
v 3899 64 34
v 3900 154 83
v 3901 12 8
v 3902 124 55
v 3903 76 45
v 3904 108 56
v 3905 12 6
v 3906 9 6
v 3907 139 58
v 3908 112 62
v 3909 154 83
v 3910 103 58
v 3911 277 124
v 3912 74 38
v 3913 37 24
v 3914 317 170
v 3915 197 102
v 3916 242 111
v 3917 16 10
v 3918 50 24
v 3919 24 8
v 3920 47 25
v 3921 53 22
v 3922 13 5
v 3923 35 21
v 3924 230 106
v 3925 190 108
v 3926 436 243
v 3927 170 86
v 3928 142 74
v 3929 13 7
v 3930 67 24
v 3931 43 21
v 3932 18 14
v 3933 250 138
v 3934 27 16
v 3935 28 16
v 3936 115 61
v 3937 226 105
v 3938 76 38
v 3939 49 30
v 3940 115 59
v 3941 181 98
v 3942 44 22
v 3943 17 8
v 3944 220 110
v 3945 158 75
v 3946 163 87
v 3947 90 41
v 3948 128 66
v 3949 51 27
v 3950 87 42
v 3951 64 34
v 3952 122 53
v 3953 50 19
v 3954 100 52
v 3959 137 71
v 3960 67 37
v 3961 116 59
v 3963 189 105
v 3966 94 47
v 3968 204 108
v 3969 106 46
v 3971 106 59
v 3975 192 92
v 3976 53 27
v 3977 46 27
v 3978 45 22
v 3985 58 28
v 3995 26 9
v 4113 43 20
v 4114 95 46
v 4115 34 13
v 4116 77 40
v 4117 151 80
v 4118 93 43
v 4119 44 24
v 4121 131 63
v 4122 194 113
v 4123 129 64
v 4124 63 33
v 4125 48 23
v 4126 93 42
v 4127 90 44
v 4128 36 16
v 4129 30 14
v 4130 34 22
v 4131 110 50
v 4132 115 58
v 4133 37 17
v 4134 14 7
v 4135 56 36
v 4136 41 19
v 4137 84 39
v 4138 75 32
v 4139 32 16
v 4140 63 28
v 4141 21 10
v 4142 40 22
v 4143 47 22
v 4144 98 53
v 4145 97 47
v 4146 28 13
v 4147 25 13
v 4148 32 18
v 4149 80 50
v 4150 151 76
v 4151 53 25
v 4152 18 10
v 4153 11 4
v 4154 18 8
v 4155 17 6
v 4156 94 43
v 4157 10 6
v 4158 46 22
v 4159 35 16
v 4160 57 29
v 4161 6 5
v 4162 2 1
v 4163 66 39
v 4164 48 20
v 4165 50 29
v 4166 64 24
v 4167 126 74
v 4168 28 15
v 4169 16 9
v 4170 185 78
v 4171 59 32
v 4172 84 33
v 4173 7 6
v 4174 35 22
v 4175 19 11
v 4176 27 10
v 4177 28 14
v 4178 10 3
v 4179 13 9
v 4180 111 58
v 4181 99 49
v 4182 227 121
v 4183 99 47
v 4184 65 28
v 4185 2 0
v 4186 25 10
v 4187 29 16
v 4188 9 7
v 4189 107 53
v 4190 15 11
v 4191 13 5
v 4192 51 21
v 4193 114 52
v 4194 45 24
v 4195 21 12
v 4196 75 39
v 4197 85 42
v 4198 22 10
v 4199 9 6
v 4200 106 54
v 4201 90 41
v 4202 81 34
v 4203 40 22
v 4204 60 35
v 4205 29 18
v 4206 37 13
v 4207 30 15
v 4208 62 36
v 4209 29 14
v 4210 35 18
v 4215 70 35
v 4216 27 13
v 4217 52 19
v 4219 88 48
v 4222 50 20
v 4224 106 51
v 4225 52 31
v 4227 62 28
v 4231 85 39
v 4232 33 24
v 4233 21 12
v 4234 17 5
v 4241 29 11
v 4251 13 6
v 4370 203 93
v 4371 76 35
v 4372 158 73
v 4373 327 145
v 4374 225 130
v 4375 67 36
v 4377 228 123
v 4378 317 140
v 4379 165 75
v 4380 88 43
v 4381 69 33
v 4382 253 115
v 4383 190 97
v 4384 60 19
v 4385 75 31
v 4386 100 50
v 4387 293 146
v 4388 261 123
v 4389 74 43
v 4390 22 8
v 4391 146 74
v 4392 101 52
v 4393 112 60
v 4394 180 89
v 4395 49 16
v 4396 115 47
v 4397 46 21
v 4398 57 31
v 4399 92 50
v 4400 212 106
v 4401 229 109
v 4402 61 27
v 4403 73 38
v 4404 38 19
v 4405 188 124
v 4406 263 126
v 4407 122 65
v 4408 65 36
v 4409 46 17
v 4410 38 18
v 4411 48 27
v 4412 115 49
v 4413 14 9
v 4414 130 66
v 4415 69 32
v 4416 133 76
v 4417 11 8
v 4418 10 3
v 4419 125 61
v 4420 113 62
v 4421 120 63
v 4422 117 60
v 4423 250 102
v 4424 66 29
v 4425 43 25
v 4426 371 183
v 4427 96 45
v 4428 201 91
v 4429 29 11
v 4430 69 32
v 4431 41 21
v 4432 45 19
v 4433 52 23
v 4434 17 7
v 4435 24 16
v 4436 186 96
v 4437 182 77
v 4438 437 215
v 4439 149 73
v 4440 102 39
v 4441 7 5
v 4442 75 41
v 4443 67 34
v 4444 20 9
v 4445 224 96
v 4446 25 15
v 4447 31 12
v 4448 111 53
v 4449 190 94
v 4450 98 49
v 4451 59 32
v 4452 152 82
v 4453 135 68
v 4454 47 20
v 4455 12 6
v 4456 211 96
v 4457 188 78
v 4458 167 81
v 4459 103 56
v 4460 97 54
v 4461 72 35
v 4462 98 37
v 4463 67 29
v 4464 123 58
v 4465 61 25
v 4466 80 46
v 4471 123 64
v 4472 74 39
v 4473 99 45
v 4475 179 93
v 4478 89 39
v 4480 205 92
v 4481 99 59
v 4483 103 47
v 4487 189 76
v 4488 68 41
v 4489 39 19
v 4490 27 12
v 4497 68 36
v 4507 44 22
v 4627 184 98
v 4628 312 162
v 4629 597 334
v 4630 355 182
v 4631 141 72
v 4633 506 260
v 4634 768 411
v 4635 375 165
v 4636 203 112
v 4637 172 88
v 4638 445 223
v 4639 395 187
v 4640 130 74
v 4641 123 68
v 4642 142 85
v 4643 424 217
v 4644 511 238
v 4645 169 104
v 4646 74 49
v 4647 316 178
v 4648 137 79
v 4649 228 116
v 4650 366 190
v 4651 120 62
v 4652 227 109
v 4653 138 76
v 4654 133 63
v 4655 177 85
v 4656 427 205
v 4657 475 228
v 4658 148 74
v 4659 101 56
v 4660 52 25
v 4661 284 168
v 4662 534 248
v 4663 265 141
v 4664 120 64
v 4665 56 26
v 4666 71 46
v 4667 108 59
v 4668 341 167
v 4669 38 21
v 4670 300 138
v 4671 141 72
v 4672 203 105
v 4673 29 14
v 4674 15 10
v 4675 267 124
v 4676 180 78
v 4677 256 131
v 4678 244 129
v 4679 576 291
v 4680 111 58
v 4681 70 40
v 4682 649 321
v 4683 261 131
v 4684 456 209
v 4685 60 34
v 4686 134 66
v 4687 61 26
v 4688 108 55
v 4689 131 72
v 4690 55 34
v 4691 49 25
v 4692 376 197
v 4693 309 174
v 4694 822 404
v 4695 378 205
v 4696 295 131
v 4697 35 18
v 4698 133 73
v 4699 135 69
v 4700 46 23
v 4701 413 208
v 4702 65 33
v 4703 91 52
v 4704 218 122
v 4705 409 199
v 4706 210 109
v 4707 94 49
v 4708 285 140
v 4709 375 196
v 4710 77 36
v 4711 38 13
v 4712 400 214
v 4713 361 194
v 4714 292 141
v 4715 208 129
v 4716 195 104
v 4717 150 75
v 4718 161 83
v 4719 117 59
v 4720 217 109
v 4721 97 49
v 4722 179 101
v 4727 271 141
v 4728 158 97
v 4729 281 133
v 4731 407 246
v 4734 188 106
v 4736 400 211
v 4737 185 95
v 4739 209 109
v 4743 393 192
v 4744 124 66
v 4745 113 64
v 4746 84 50
v 4753 133 72
v 4763 79 41
v 4884 106 53
v 4885 255 135
v 4886 157 68
v 4887 83 36
v 4889 203 100
v 4890 352 169
v 4891 165 70
v 4892 80 34
v 4893 83 35
v 4894 191 86
v 4895 150 82
v 4896 63 24
v 4897 77 30
v 4898 73 43
v 4899 190 88
v 4900 197 86
v 4901 47 18
v 4902 27 11
v 4903 111 57
v 4904 60 27
v 4905 104 47
v 4906 114 47
v 4907 37 22
v 4908 112 52
v 4909 47 19
v 4910 76 31
v 4911 60 27
v 4912 159 68
v 4913 179 77
v 4914 55 27
v 4915 63 22
v 4916 19 9
v 4917 122 56
v 4918 234 100
v 4919 85 46
v 4920 59 24
v 4921 30 12
v 4922 32 12
v 4923 44 16
v 4924 127 59
v 4925 13 6
v 4926 97 46
v 4927 56 28
v 4928 89 42
v 4929 13 5
v 4930 8 4
v 4931 111 49
v 4932 69 30
v 4933 115 55
v 4934 106 47
v 4935 254 122
v 4936 53 25
v 4937 35 20
v 4938 291 136
v 4939 123 63
v 4940 175 78
v 4941 17 8
v 4942 55 23
v 4943 28 14
v 4944 50 25
v 4945 39 21
v 4946 20 7
v 4947 20 11
v 4948 173 81
v 4949 130 60
v 4950 374 170
v 4951 174 75
v 4952 132 59
v 4953 12 6
v 4954 52 22
v 4955 53 20
v 4956 16 8
v 4957 178 103
v 4958 24 13
v 4959 22 9
v 4960 99 47
v 4961 187 78
v 4962 92 52
v 4963 49 20
v 4964 142 66
v 4965 150 76
v 4966 25 14
v 4967 17 10
v 4968 201 87
v 4969 134 71
v 4970 122 63
v 4971 84 42
v 4972 98 48
v 4973 60 28
v 4974 66 31
v 4975 55 20
v 4976 93 45
v 4977 41 12
v 4978 84 40
v 4983 94 41
v 4984 61 32
v 4985 119 57
v 4987 172 83
v 4990 95 46
v 4992 201 81
v 4993 83 44
v 4995 102 47
v 4999 161 64
v 5000 48 19
v 5001 31 14
v 5002 34 18
v 5009 64 34
v 5019 25 12
v 5141 478 246
v 5142 279 138
v 5143 131 81
v 5145 391 215
v 5146 630 347
v 5147 349 183
v 5148 126 70
v 5149 163 80
v 5150 358 175
v 5151 287 133
v 5152 104 46
v 5153 109 48
v 5154 101 56
v 5155 324 170
v 5156 362 178
v 5157 103 53
v 5158 50 31
v 5159 255 136
v 5160 111 58
v 5161 191 100
v 5162 251 122
v 5163 99 51
v 5164 216 106
v 5165 83 46
v 5166 121 69
v 5167 132 63
v 5168 321 163
v 5169 309 150
v 5170 105 54
v 5171 86 55
v 5172 55 29
v 5173 218 119
v 5174 404 211
v 5175 140 73
v 5176 88 45
v 5177 53 24
v 5178 55 27
v 5179 77 47
v 5180 211 100
v 5181 25 12
v 5182 190 80
v 5183 99 46
v 5184 159 86
v 5185 23 14
v 5186 9 5
v 5187 212 108
v 5188 158 91
v 5189 178 96
v 5190 198 109
v 5191 416 197
v 5192 89 50
v 5193 62 34
v 5194 524 246
v 5195 217 131
v 5196 310 135
v 5197 26 10
v 5198 80 38
v 5199 58 29
v 5200 77 43
v 5201 64 25
v 5202 36 19
v 5203 54 27
v 5204 326 168
v 5205 292 147
v 5206 630 310
v 5207 286 143
v 5208 205 91
v 5209 21 14
v 5210 105 51
v 5211 85 45
v 5212 36 21
v 5213 326 164
v 5214 59 30
v 5215 56 31
v 5216 183 101
v 5217 327 164
v 5218 117 71
v 5219 93 51
v 5220 181 92
v 5221 251 140
v 5222 49 24
v 5223 32 13
v 5224 296 171
v 5225 265 134
v 5226 212 112
v 5227 132 76
v 5228 165 95
v 5229 106 53
v 5230 137 67
v 5231 105 50
v 5232 157 71
v 5233 89 33
v 5234 137 83
v 5239 181 80
v 5240 114 58
v 5241 167 78
v 5243 257 143
v 5246 164 79
v 5248 301 148
v 5249 158 71
v 5251 152 86
v 5255 315 150
v 5256 88 38
v 5257 67 38
v 5258 49 24
v 5265 92 54
v 5275 54 25
v 5398 582 300
v 5399 191 94
v 5401 895 465
v 5402 1291 650
v 5403 598 264
v 5404 272 146
v 5405 304 147
v 5406 700 314
v 5407 577 282
v 5408 204 88
v 5409 209 101
v 5410 227 108
v 5411 746 384
v 5412 831 418
v 5413 220 115
v 5414 99 44
v 5415 509 248
v 5416 261 128
v 5417 387 184
v 5418 543 246
v 5419 173 90
v 5420 424 201
v 5421 181 91
v 5422 195 102
v 5423 355 181
v 5424 722 352
v 5425 765 348
v 5426 191 92
v 5427 207 105
v 5428 108 47
v 5429 500 267
v 5430 832 399
v 5431 360 187
v 5432 186 110
v 5433 98 45
v 5434 144 68
v 5435 169 97
v 5436 415 203
v 5437 69 27
v 5438 452 201
v 5439 199 98
v 5440 353 193
v 5441 50 22
v 5442 20 9
v 5443 468 225
v 5444 294 136
v 5445 416 224
v 5446 310 156
v 5447 889 426
v 5448 196 102
v 5449 125 78
v 5450 1078 512
v 5451 469 243
v 5452 678 280
v 5453 67 35
v 5454 173 78
v 5455 125 57
v 5456 169 78
v 5457 154 80
v 5458 60 25
v 5459 78 38
v 5460 625 323
v 5461 588 299
v 5462 1454 729
v 5463 570 279
v 5464 422 178
v 5465 30 11
v 5466 222 101
v 5467 166 85
v 5468 71 26
v 5469 698 350
v 5470 93 46
v 5471 97 50
v 5472 427 199
v 5473 680 323
v 5474 271 134
v 5475 144 80
v 5476 409 181
v 5477 522 242
v 5478 118 67
v 5479 55 26
v 5480 628 289
v 5481 529 260
v 5482 496 216
v 5483 347 151
v 5484 384 192
v 5485 214 118
v 5486 277 116
v 5487 179 86
v 5488 381 185
v 5489 172 88
v 5490 292 158
v 5495 429 205
v 5496 219 101
v 5497 392 169
v 5499 612 306
v 5502 322 154
v 5504 645 331
v 5505 315 157
v 5507 315 161
v 5511 612 286
v 5512 170 81
v 5513 138 67
v 5514 142 75
v 5521 203 103
v 5531 104 53
v 5655 140 72
v 5657 504 281
v 5658 787 390
v 5659 450 210
v 5660 183 90
v 5661 185 86
v 5662 453 239
v 5663 358 166
v 5664 137 69
v 5665 138 65
v 5666 144 65
v 5667 475 269
v 5668 471 226
v 5669 155 80
v 5670 66 34
v 5671 301 141
v 5672 165 99
v 5673 244 124
v 5674 302 141
v 5675 103 52
v 5676 253 132
v 5677 140 67
v 5678 152 88
v 5679 230 117
v 5680 340 170
v 5681 437 199
v 5682 116 62
v 5683 118 56
v 5684 67 30
v 5685 289 161
v 5686 530 253
v 5687 199 100
v 5688 100 60
v 5689 55 15
v 5690 74 32
v 5691 97 57
v 5692 295 145
v 5693 34 12
v 5694 306 125
v 5695 133 68
v 5696 222 112
v 5697 27 15
v 5698 9 3
v 5699 303 143
v 5700 167 87
v 5701 230 119
v 5702 201 102
v 5703 550 259
v 5704 135 65
v 5705 69 45
v 5706 662 308
v 5707 320 164
v 5708 426 194
v 5709 43 20
v 5710 85 33
v 5711 70 30
v 5712 104 58
v 5713 103 46
v 5714 55 21
v 5715 84 43
v 5716 381 196
v 5717 312 156
v 5718 844 413
v 5719 355 160
v 5720 244 114
v 5721 22 14
v 5722 120 57
v 5723 83 48
v 5724 44 24
v 5725 396 220
v 5726 73 30
v 5727 65 33
v 5728 234 125
v 5729 425 201
v 5730 166 83
v 5731 105 45
v 5732 247 128
v 5733 330 176
v 5734 64 30
v 5735 31 12
v 5736 395 182
v 5737 316 174
v 5738 283 124
v 5739 189 97
v 5740 239 124
v 5741 127 66
v 5742 195 93
v 5743 120 64
v 5744 212 110
v 5745 104 46
v 5746 159 89
v 5751 262 128
v 5752 137 77
v 5753 251 113
v 5755 348 186
v 5758 197 100
v 5760 412 204
v 5761 179 75
v 5763 201 105
v 5767 371 177
v 5768 126 55
v 5769 65 34
v 5770 66 32
v 5777 111 54
v 5787 65 28
v 5913 217 111
v 5914 332 172
v 5915 191 103
v 5916 67 31
v 5917 71 37
v 5918 133 68
v 5919 151 67
v 5920 53 24
v 5921 56 25
v 5922 63 37
v 5923 167 89
v 5924 178 90
v 5925 54 30
v 5926 22 15
v 5927 113 45
v 5928 65 34
v 5929 99 47
v 5930 109 55
v 5931 49 22
v 5932 104 54
v 5933 57 26
v 5934 47 18
v 5935 66 37
v 5936 130 66
v 5937 170 77
v 5938 55 28
v 5939 46 26
v 5940 21 11
v 5941 118 70
v 5942 236 100
v 5943 83 41
v 5944 31 15
v 5945 15 8
v 5946 24 10
v 5947 48 23
v 5948 120 64
v 5949 20 12
v 5950 101 40
v 5951 66 28
v 5952 87 44
v 5953 15 11
v 5954 5 2
v 5955 94 48
v 5956 73 24
v 5957 99 48
v 5958 91 49
v 5959 220 105
v 5960 58 29
v 5961 26 11
v 5962 287 146
v 5963 123 75
v 5964 139 62
v 5965 20 9
v 5966 41 19
v 5967 23 10
v 5968 37 22
v 5969 35 20
v 5970 15 7
v 5971 22 12
v 5972 171 100
v 5973 124 59
v 5974 347 174
v 5975 170 77
v 5976 101 51
v 5977 9 4
v 5978 47 22
v 5979 50 24
v 5980 12 2
v 5981 178 86
v 5982 22 13
v 5983 22 13
v 5984 97 53
v 5985 162 79
v 5986 82 43
v 5987 39 21
v 5988 99 44
v 5989 134 75
v 5990 33 20
v 5991 11 5
v 5992 159 69
v 5993 125 62
v 5994 115 67
v 5995 78 38
v 5996 88 40
v 5997 55 30
v 5998 80 39
v 5999 52 21
v 6000 82 34
v 6001 47 24
v 6002 69 33
v 6007 103 45
v 6008 63 33
v 6009 95 40
v 6011 142 81
v 6014 87 48
v 6016 151 77
v 6017 94 49
v 6019 83 39
v 6023 161 78
v 6024 61 33
v 6025 29 13
v 6026 29 19
v 6033 56 25
v 6043 29 18
v 6426 1068 516
v 6427 537 242
v 6428 246 114
v 6429 264 128
v 6430 579 260
v 6431 577 257
v 6432 168 84
v 6433 174 68
v 6434 205 104
v 6435 702 326
v 6436 718 365
v 6437 194 93
v 6438 90 42
v 6439 407 201
v 6440 183 98
v 6441 322 141
v 6442 421 194
v 6443 180 82
v 6444 373 159
v 6445 182 81
v 6446 200 100
v 6447 289 149
v 6448 550 253
v 6449 693 315
v 6450 199 83
v 6451 161 77
v 6452 102 47
v 6453 354 190
v 6454 664 312
v 6455 278 122
v 6456 136 63
v 6457 114 58
v 6458 120 61
v 6459 139 66
v 6460 393 159
v 6461 51 23
v 6462 377 159
v 6463 174 88
v 6464 293 136
v 6465 44 21
v 6466 12 4
v 6467 394 171
v 6468 233 111
v 6469 306 152
v 6470 299 138
v 6471 656 309
v 6472 176 81
v 6473 117 61
v 6474 998 447
v 6475 364 182
v 6476 648 283
v 6477 44 26
v 6478 129 61
v 6479 82 44
v 6480 144 75
v 6481 121 50
v 6482 36 17
v 6483 102 44
v 6484 553 270
v 6485 524 256
v 6486 1144 548
v 6487 449 208
v 6488 340 141
v 6489 24 11
v 6490 195 83
v 6491 159 78
v 6492 66 32
v 6493 547 265
v 6494 85 36
v 6495 75 38
v 6496 293 154
v 6497 594 253
v 6498 258 142
v 6499 156 76
v 6500 355 159
v 6501 470 237
v 6502 124 56
v 6503 55 20
v 6504 498 217
v 6505 461 189
v 6506 406 192
v 6507 284 148
v 6508 248 125
v 6509 190 98
v 6510 296 145
v 6511 162 70
v 6512 332 162
v 6513 179 78
v 6514 246 125
v 6519 346 174
v 6520 183 94
v 6521 335 144
v 6523 500 236
v 6526 241 120
v 6528 573 272
v 6529 256 135
v 6531 260 118
v 6535 476 210
v 6536 168 77
v 6537 120 61
v 6538 104 61
v 6545 173 73
v 6555 102 53
v 6683 923 436
v 6684 393 197
v 6685 381 174
v 6686 999 490
v 6687 798 360
v 6688 305 148
v 6689 289 135
v 6690 341 186
v 6691 909 458
v 6692 908 445
v 6693 315 167
v 6694 116 72
v 6695 570 295
v 6696 325 176
v 6697 439 209
v 6698 696 309
v 6699 237 123
v 6700 574 252
v 6701 285 138
v 6702 321 177
v 6703 349 155
v 6704 834 383
v 6705 940 424
v 6706 287 128
v 6707 282 143
v 6708 167 79
v 6709 626 325
v 6710 1111 500
v 6711 384 181
v 6712 213 98
v 6713 141 64
v 6714 173 83
v 6715 203 106
v 6716 600 274
v 6717 86 43
v 6718 535 251
v 6719 252 132
v 6720 483 252
v 6721 56 28
v 6722 33 22
v 6723 616 278
v 6724 409 170
v 6725 457 223
v 6726 476 244
v 6727 1148 539
v 6728 250 119
v 6729 143 61
v 6730 1533 715
v 6731 592 278
v 6732 817 352
v 6733 75 33
v 6734 229 98
v 6735 144 65
v 6736 223 111
v 6737 193 86
v 6738 90 37
v 6739 136 66
v 6740 931 461
v 6741 745 378
v 6742 1893 851
v 6743 740 352
v 6744 559 265
v 6745 44 19
v 6746 268 126
v 6747 265 129
v 6748 95 49
v 6749 850 443
v 6750 111 51
v 6751 100 50
v 6752 451 215
v 6753 969 447
v 6754 299 152
v 6755 227 107
v 6756 589 295
v 6757 689 347
v 6758 173 74
v 6759 68 36
v 6760 841 397
v 6761 762 378
v 6762 557 255
v 6763 414 192
v 6764 455 248
v 6765 282 145
v 6766 427 212
v 6767 289 126
v 6768 480 219
v 6769 232 96
v 6770 372 201
v 6775 559 272
v 6776 305 160
v 6777 518 219
v 6779 761 392
v 6782 422 204
v 6784 923 460
v 6785 444 205
v 6787 470 229
v 6791 814 381
v 6792 274 142
v 6793 185 116
v 6794 123 62
v 6801 272 137
v 6811 158 77
v 6940 184 99
v 6941 229 123
v 6942 539 278
v 6943 396 205
v 6944 120 56
v 6945 131 64
v 6946 151 92
v 6947 509 270
v 6948 604 292
v 6949 167 83
v 6950 72 36
v 6951 298 164
v 6952 183 109
v 6953 253 125
v 6954 358 176
v 6955 128 51
v 6956 275 136
v 6957 131 59
v 6958 159 102
v 6959 199 102
v 6960 415 208
v 6961 460 222
v 6962 126 62
v 6963 127 78
v 6964 64 29
v 6965 331 186
v 6966 558 279
v 6967 211 105
v 6968 102 53
v 6969 65 28
v 6970 77 43
v 6971 113 64
v 6972 275 122
v 6973 30 16
v 6974 276 124
v 6975 158 83
v 6976 272 144
v 6977 29 12
v 6978 17 6
v 6979 327 132
v 6980 235 118
v 6981 232 131
v 6982 250 133
v 6983 579 281
v 6984 149 78
v 6985 91 46
v 6986 754 391
v 6987 305 148
v 6988 400 206
v 6989 38 19
v 6990 98 48
v 6991 57 34
v 6992 102 47
v 6993 130 66
v 6994 49 22
v 6995 59 34
v 6996 471 235
v 6997 351 185
v 6998 1007 498
v 6999 379 196
v 7000 284 140
v 7001 24 10
v 7002 127 65
v 7003 96 47
v 7004 47 17
v 7005 489 275
v 7006 76 38
v 7007 48 29
v 7008 216 110
v 7009 442 241
v 7010 182 114
v 7011 137 87
v 7012 304 156
v 7013 348 176
v 7014 97 49
v 7015 24 12
v 7016 410 204
v 7017 370 192
v 7018 293 143
v 7019 227 102
v 7020 215 122
v 7021 150 65
v 7022 195 100
v 7023 131 63
v 7024 220 118
v 7025 115 49
v 7026 184 104
v 7031 281 130
v 7032 142 87
v 7033 256 127
v 7035 384 214
v 7038 218 106
v 7040 490 260
v 7041 259 131
v 7043 231 127
v 7047 436 187
v 7048 128 68
v 7049 90 50
v 7050 77 44
v 7057 101 56
v 7067 56 34
v 7197 94 47
v 7198 211 98
v 7199 191 89
v 7200 87 29
v 7201 56 20
v 7202 82 42
v 7203 174 75
v 7204 265 120
v 7205 74 38
v 7206 24 14
v 7207 135 68
v 7208 75 38
v 7209 117 57
v 7210 164 91
v 7211 51 19
v 7212 142 63
v 7213 52 25
v 7214 60 34
v 7215 95 55
v 7216 196 83
v 7217 258 106
v 7218 63 28
v 7219 54 33
v 7220 35 16
v 7221 150 72
v 7222 274 134
v 7223 110 46
v 7224 58 31
v 7225 31 14
v 7226 34 12
v 7227 49 26
v 7228 175 73
v 7229 15 9
v 7230 239 99
v 7231 80 43
v 7232 118 55
v 7233 10 5
v 7234 6 2
v 7235 151 76
v 7236 103 49
v 7237 134 70
v 7238 103 51
v 7239 240 109
v 7240 64 27
v 7241 38 16
v 7242 357 166
v 7243 147 72
v 7244 187 81
v 7245 9 4
v 7246 39 15
v 7247 40 17
v 7248 59 31
v 7249 40 17
v 7250 19 9
v 7251 36 18
v 7252 197 90
v 7253 169 81
v 7254 451 249
v 7255 163 77
v 7256 154 75
v 7257 21 12
v 7258 68 35
v 7259 54 21
v 7260 25 11
v 7261 207 103
v 7262 31 18
v 7263 40 19
v 7264 119 55
v 7265 182 92
v 7266 101 56
v 7267 41 23
v 7268 131 55
v 7269 182 81
v 7270 38 18
v 7271 22 14
v 7272 228 98
v 7273 174 84
v 7274 173 85
v 7275 87 40
v 7276 134 61
v 7277 76 31
v 7278 87 44
v 7279 59 30
v 7280 86 44
v 7281 57 20
v 7282 79 40
v 7287 109 53
v 7288 72 36
v 7289 119 48
v 7291 194 87
v 7294 101 53
v 7296 210 107
v 7297 94 55
v 7299 101 45
v 7303 200 88
v 7304 68 38
v 7305 46 21
v 7306 44 21
v 7313 63 28
v 7323 34 20
v 7454 208 114
v 7455 203 88
v 7456 67 31
v 7457 71 32
v 7458 74 32
v 7459 215 96
v 7460 256 127
v 7461 76 38
v 7462 26 10
v 7463 129 65
v 7464 103 70
v 7465 109 57
v 7466 162 80
v 7467 76 34
v 7468 146 65
v 7469 59 32
v 7470 77 48
v 7471 104 49
v 7472 181 88
v 7473 240 117
v 7474 53 22
v 7475 52 22
v 7476 47 19
v 7477 125 63
v 7478 273 115
v 7479 100 45
v 7480 58 31
v 7481 39 19
v 7482 38 24
v 7483 61 30
v 7484 170 80
v 7485 21 12
v 7486 139 48
v 7487 69 29
v 7488 132 72
v 7489 12 11
v 7490 6 4
v 7491 142 66
v 7492 91 40
v 7493 104 50
v 7494 137 62
v 7495 287 140
v 7496 70 35
v 7497 28 17
v 7498 328 156
v 7499 169 90
v 7500 228 97
v 7501 26 12
v 7502 52 29
v 7503 29 14
v 7504 53 22
v 7505 56 29
v 7506 19 13
v 7507 38 23
v 7508 242 123
v 7509 167 80
v 7510 399 184
v 7511 167 67
v 7512 126 55
v 7513 14 7
v 7514 48 22
v 7515 58 28
v 7516 19 7
v 7517 286 130
v 7518 29 18
v 7519 26 12
v 7520 105 48
v 7521 245 121
v 7522 105 45
v 7523 54 25
v 7524 147 73
v 7525 194 105
v 7526 41 21
v 7527 19 8
v 7528 234 103
v 7529 158 74
v 7530 154 81
v 7531 96 42
v 7532 112 59
v 7533 65 33
v 7534 83 36
v 7535 57 21
v 7536 109 46
v 7537 64 31
v 7538 82 47
v 7543 123 55
v 7544 73 42
v 7545 119 52
v 7547 172 96
v 7550 106 63
v 7552 197 90
v 7553 97 48
v 7555 104 59
v 7559 203 101
v 7560 58 30
v 7561 44 22
v 7562 37 17
v 7569 67 36
v 7579 24 11
v 7711 473 235
v 7712 155 65
v 7713 168 73
v 7714 204 123
v 7715 544 296
v 7716 601 307
v 7717 207 110
v 7718 65 40
v 7719 299 149
v 7720 200 107
v 7721 296 136
v 7722 413 191
v 7723 160 77
v 7724 308 141
v 7725 139 73
v 7726 175 83
v 7727 204 97
v 7728 449 234
v 7729 520 260
v 7730 155 76
v 7731 151 85
v 7732 59 25
v 7733 324 186
v 7734 615 320
v 7735 224 102
v 7736 156 88
v 7737 91 47
v 7738 87 47
v 7739 110 64
v 7740 361 186
v 7741 43 23
v 7742 311 143
v 7743 159 73
v 7744 296 148
v 7745 33 17
v 7746 10 6
v 7747 294 150
v 7748 236 102
v 7749 239 118
v 7750 280 140
v 7751 644 320
v 7752 141 68
v 7753 77 38
v 7754 821 392
v 7755 341 161
v 7756 484 207
v 7757 57 29
v 7758 146 70
v 7759 79 39
v 7760 111 59
v 7761 104 54
v 7762 43 21
v 7763 72 44
v 7764 528 286
v 7765 440 236
v 7766 1076 549
v 7767 399 218
v 7768 288 141
v 7769 30 10
v 7770 163 88
v 7771 157 84
v 7772 51 25
v 7773 495 239
v 7774 113 56
v 7775 71 36
v 7776 234 125
v 7777 509 254
v 7778 191 108
v 7779 132 76
v 7780 295 153
v 7781 383 193
v 7782 107 53
v 7783 48 22
v 7784 491 253
v 7785 380 189
v 7786 313 162
v 7787 230 108
v 7788 243 136
v 7789 158 84
v 7790 259 118
v 7791 136 70
v 7792 229 124
v 7793 129 66
v 7794 199 120
v 7799 320 153
v 7800 172 86
v 7801 291 140
v 7803 450 238
v 7806 236 109
v 7808 491 238
v 7809 232 132
v 7811 244 113
v 7815 477 230
v 7816 139 75
v 7817 99 57
v 7818 89 44
v 7825 157 82
v 7835 66 36
v 7968 160 81
v 7969 135 63
v 7970 162 104
v 7971 427 229
v 7972 468 244
v 7973 142 78
v 7974 43 24
v 7975 263 145
v 7976 136 78
v 7977 233 120
v 7978 319 155
v 7979 105 63
v 7980 269 133
v 7981 126 55
v 7982 134 77
v 7983 186 110
v 7984 375 218
v 7985 461 253
v 7986 146 70
v 7987 126 63
v 7988 79 48
v 7989 261 135
v 7990 545 283
v 7991 199 100
v 7992 128 70
v 7993 69 31
v 7994 81 39
v 7995 96 58
v 7996 313 144
v 7997 38 22
v 7998 286 135
v 7999 130 67
v 8000 222 123
v 8001 24 10
v 8002 13 7
v 8003 269 134
v 8004 188 99
v 8005 215 126
v 8006 203 105
v 8007 495 266
v 8008 119 69
v 8009 60 38
v 8010 644 313
v 8011 283 144
v 8012 428 196
v 8013 55 31
v 8014 124 58
v 8015 82 42
v 8016 117 65
v 8017 80 49
v 8018 32 19
v 8019 50 29
v 8020 394 196
v 8021 380 199
v 8022 914 476
v 8023 363 197
v 8024 248 130
v 8025 24 12
v 8026 116 55
v 8027 117 58
v 8028 41 17
v 8029 410 195
v 8030 72 35
v 8031 51 27
v 8032 233 123
v 8033 423 210
v 8034 148 78
v 8035 95 52
v 8036 270 162
v 8037 298 153
v 8038 91 42
v 8039 37 21
v 8040 379 197
v 8041 362 187
v 8042 277 136
v 8043 195 98
v 8044 211 113
v 8045 122 62
v 8046 225 97
v 8047 143 66
v 8048 266 119
v 8049 118 60
v 8050 164 81
v 8055 289 147
v 8056 159 82
v 8057 277 121
v 8059 381 190
v 8062 168 86
v 8064 423 223
v 8065 176 98
v 8067 214 110
v 8071 352 178
v 8072 105 48
v 8073 92 49
v 8074 83 45
v 8081 119 59
v 8091 70 50
v 8225 34 18
v 8226 60 36
v 8227 148 78
v 8228 183 88
v 8229 44 27
v 8230 10 6
v 8231 103 54
v 8232 64 40
v 8233 86 47
v 8234 109 47
v 8235 53 26
v 8236 94 51
v 8237 66 31
v 8238 39 18
v 8239 58 30
v 8240 150 71
v 8241 153 75
v 8242 50 24
v 8243 40 22
v 8244 25 13
v 8245 111 54
v 8246 177 96
v 8247 73 32
v 8248 41 24
v 8249 18 6
v 8250 20 14
v 8251 41 26
v 8252 90 40
v 8253 12 6
v 8254 77 34
v 8255 43 21
v 8256 75 42
v 8257 5 3
v 8258 1 0
v 8259 118 63
v 8260 75 34
v 8261 82 39
v 8262 69 37
v 8263 159 79
v 8264 42 22
v 8265 25 10
v 8266 251 131
v 8267 116 65
v 8268 141 67
v 8269 8 3
v 8270 43 28
v 8271 27 10
v 8272 32 13
v 8273 27 13
v 8274 16 6
v 8275 18 11
v 8276 125 66
v 8277 126 67
v 8278 283 144
v 8279 128 66
v 8280 111 57
v 8281 12 3
v 8282 53 26
v 8283 37 18
v 8284 18 6
v 8285 176 100
v 8286 29 17
v 8287 17 8
v 8288 86 45
v 8289 131 65
v 8290 64 35
v 8291 53 34
v 8292 81 47
v 8293 137 81
v 8294 17 8
v 8295 15 5
v 8296 155 84
v 8297 101 57
v 8298 99 40
v 8299 55 32
v 8300 63 32
v 8301 54 28
v 8302 61 29
v 8303 64 35
v 8304 64 28
v 8305 33 14
v 8306 61 37
v 8311 69 38
v 8312 33 21
v 8313 83 42
v 8315 121 61
v 8318 53 32
v 8320 115 59
v 8321 69 38
v 8323 75 45
v 8327 135 65
v 8328 50 28
v 8329 32 15
v 8330 19 8
v 8337 43 25
v 8347 21 13
v 8482 56 36
v 8483 153 86
v 8484 148 83
v 8485 33 21
v 8486 28 19
v 8487 69 40
v 8488 59 36
v 8489 87 45
v 8490 115 55
v 8491 39 22
v 8492 80 42
v 8493 52 40
v 8494 63 41
v 8495 51 25
v 8496 166 98
v 8497 182 98
v 8498 67 41
v 8499 34 20
v 8500 25 16
v 8501 89 49
v 8502 148 100
v 8503 73 38
v 8504 66 31
v 8505 22 15
v 8506 26 16
v 8507 32 21
v 8508 106 51
v 8509 9 3
v 8510 111 50
v 8511 47 21
v 8512 61 38
v 8513 15 4
v 8514 6 4
v 8515 103 46
v 8516 70 35
v 8517 81 47
v 8518 80 43
v 8519 172 100
v 8520 73 37
v 8521 19 10
v 8522 238 127
v 8523 134 80
v 8524 151 76
v 8525 10 3
v 8526 39 19
v 8527 14 9
v 8528 52 28
v 8529 26 15
v 8530 19 9
v 8531 19 10
v 8532 125 69
v 8533 129 67
v 8534 244 128
v 8535 114 66
v 8536 82 45
v 8537 12 8
v 8538 54 25
v 8539 52 33
v 8540 14 4
v 8541 133 76
v 8542 28 16
v 8543 23 15
v 8544 76 43
v 8545 160 90
v 8546 76 41
v 8547 27 13
v 8548 92 54
v 8549 128 70
v 8550 26 8
v 8551 16 9
v 8552 140 80
v 8553 139 75
v 8554 99 54
v 8555 81 47
v 8556 84 43
v 8557 51 27
v 8558 76 38
v 8559 53 30
v 8560 74 41
v 8561 51 27
v 8562 77 44
v 8567 93 61
v 8568 63 29
v 8569 113 59
v 8571 155 85
v 8574 64 39
v 8576 153 89
v 8577 71 35
v 8579 83 41
v 8583 185 91
v 8584 50 27
v 8585 31 19
v 8586 26 16
v 8593 57 33
v 8603 34 20
v 8739 158 83
v 8740 206 95
v 8741 48 25
v 8742 27 13
v 8743 99 46
v 8744 60 36
v 8745 89 37
v 8746 114 63
v 8747 47 22
v 8748 103 50
v 8749 54 31
v 8750 54 28
v 8751 69 40
v 8752 175 68
v 8753 215 99
v 8754 68 25
v 8755 39 22
v 8756 30 10
v 8757 104 62
v 8758 204 99
v 8759 73 37
v 8760 40 18
v 8761 33 19
v 8762 33 18
v 8763 31 13
v 8764 114 48
v 8765 12 5
v 8766 111 41
v 8767 61 27
v 8768 85 44
v 8769 11 5
v 8770 4 1
v 8771 164 80
v 8772 66 27
v 8773 96 44
v 8774 101 43
v 8775 193 96
v 8776 31 17
v 8777 28 10
v 8778 300 142
v 8779 97 50
v 8780 169 80
v 8781 13 7
v 8782 39 20
v 8783 30 16
v 8784 45 22
v 8785 38 18
v 8786 20 7
v 8787 29 17
v 8788 170 68
v 8789 144 63
v 8790 376 191
v 8791 106 43
v 8792 92 41
v 8793 12 3
v 8794 57 30
v 8795 65 32
v 8796 29 12
v 8797 156 70
v 8798 24 14
v 8799 23 16
v 8800 84 42
v 8801 146 56
v 8802 76 39
v 8803 49 34
v 8804 115 49
v 8805 112 54
v 8806 31 12
v 8807 18 6
v 8808 171 71
v 8809 156 80
v 8810 118 58
v 8811 72 31
v 8812 81 40
v 8813 56 31
v 8814 72 34
v 8815 51 24
v 8816 101 55
v 8817 46 21
v 8818 61 31
v 8823 96 40
v 8824 50 20
v 8825 112 61
v 8827 147 64
v 8830 82 31
v 8832 179 89
v 8833 76 35
v 8835 113 56
v 8839 164 77
v 8840 52 28
v 8841 38 17
v 8842 28 10
v 8849 53 27
v 8859 27 14
v 8996 556 288
v 8997 181 98
v 8998 65 33
v 8999 306 148
v 9000 196 104
v 9001 265 123
v 9002 357 158
v 9003 141 64
v 9004 349 160
v 9005 143 63
v 9006 133 66
v 9007 278 148
v 9008 441 218
v 9009 484 216
v 9010 141 60
v 9011 111 51
v 9012 87 36
v 9013 344 188
v 9014 548 258
v 9015 198 76
v 9016 122 64
v 9017 67 31
v 9018 86 35
v 9019 122 67
v 9020 309 134
v 9021 28 8
v 9022 303 136
v 9023 133 64
v 9024 255 129
v 9025 27 12
v 9026 14 5
v 9027 486 191
v 9028 218 109
v 9029 268 133
v 9030 285 143
v 9031 457 204
v 9032 153 78
v 9033 81 40
v 9034 748 347
v 9035 364 194
v 9036 578 252
v 9037 35 19
v 9038 105 48
v 9039 62 38
v 9040 115 61
v 9041 119 47
v 9042 50 15
v 9043 69 35
v 9044 513 258
v 9045 420 206
v 9046 1025 490
v 9047 422 214
v 9048 263 107
v 9049 32 15
v 9050 131 62
v 9051 111 60
v 9052 48 24
v 9053 483 236
v 9054 70 35
v 9055 66 30
v 9056 275 138
v 9057 477 208
v 9058 191 102
v 9059 123 59
v 9060 234 109
v 9061 401 186
v 9062 84 37
v 9063 42 22
v 9064 446 196
v 9065 394 178
v 9066 291 136
v 9067 204 93
v 9068 264 150
v 9069 133 68
v 9070 254 123
v 9071 144 81
v 9072 227 106
v 9073 130 51
v 9074 193 108
v 9079 296 121
v 9080 151 80
v 9081 284 131
v 9083 401 193
v 9086 229 93
v 9088 514 233
v 9089 237 118
v 9091 230 116
v 9095 438 197
v 9096 142 62
v 9097 93 49
v 9098 92 47
v 9105 149 82
v 9115 70 31
v 9253 201 96
v 9254 80 43
v 9255 409 214
v 9256 202 111
v 9257 267 150
v 9258 481 248
v 9259 173 90
v 9260 325 149
v 9261 179 81
v 9262 160 91
v 9263 255 111
v 9264 520 248
v 9265 630 320
v 9266 137 62
v 9267 153 87
v 9268 110 42
v 9269 418 242
v 9270 644 331
v 9271 261 130
v 9272 163 70
v 9273 86 37
v 9274 117 68
v 9275 120 77
v 9276 411 197
v 9277 51 29
v 9278 395 166
v 9279 156 74
v 9280 262 138
v 9281 42 20
v 9282 22 13
v 9283 370 164
v 9284 168 77
v 9285 326 154
v 9286 255 143
v 9287 747 367
v 9288 176 97
v 9289 100 51
v 9290 837 434
v 9291 358 186
v 9292 543 253
v 9293 66 41
v 9294 136 58
v 9295 70 37
v 9296 123 66
v 9297 105 52
v 9298 53 22
v 9299 68 37
v 9300 577 318
v 9301 458 227
v 9302 1106 549
v 9303 431 212
v 9304 334 144
v 9305 41 18
v 9306 180 72
v 9307 158 80
v 9308 62 26
v 9309 582 294
v 9310 100 45
v 9311 75 35
v 9312 344 182
v 9313 554 272
v 9314 225 120
v 9315 151 75
v 9316 331 177
v 9317 351 163
v 9318 103 55
v 9319 56 26
v 9320 497 232
v 9321 400 176
v 9322 403 208
v 9323 254 124
v 9324 271 141
v 9325 158 88
v 9326 235 131
v 9327 122 49
v 9328 340 181
v 9329 125 40
v 9330 227 119
v 9335 363 183
v 9336 195 103
v 9337 255 101
v 9339 509 265
v 9342 224 111
v 9344 538 263
v 9345 238 133
v 9347 256 136
v 9351 535 235
v 9352 173 81
v 9353 105 58
v 9354 281 133
v 9361 146 87
v 9371 92 48
v 9510 22 10
v 9511 117 63
v 9512 48 22
v 9513 90 51
v 9514 116 59
v 9515 45 29
v 9516 130 61
v 9517 45 18
v 9518 54 31
v 9519 68 37
v 9520 148 72
v 9521 159 68
v 9522 54 33
v 9523 41 19
v 9524 29 11
v 9525 109 61
v 9526 199 98
v 9527 75 38
v 9528 41 18
v 9529 28 12
v 9530 32 18
v 9531 45 26
v 9532 116 61
v 9533 17 8
v 9534 81 36
v 9535 57 30
v 9536 84 45
v 9537 13 10
v 9538 5 4
v 9539 115 56
v 9540 79 32
v 9541 76 40
v 9542 109 57
v 9543 192 84
v 9544 55 27
v 9545 30 17
v 9546 253 133
v 9547 111 62
v 9548 169 82
v 9549 14 9
v 9550 48 24
v 9551 25 12
v 9552 54 25
v 9553 19 8
v 9554 24 7
v 9555 39 18
v 9556 185 99
v 9557 151 80
v 9558 332 165
v 9559 144 66
v 9560 106 52
v 9561 8 4
v 9562 60 23
v 9563 44 19
v 9564 24 9
v 9565 162 84
v 9566 24 11
v 9567 23 13
v 9568 89 53
v 9569 151 72
v 9570 74 48
v 9571 51 33
v 9572 96 47
v 9573 125 53
v 9574 36 15
v 9575 12 5
v 9576 173 70
v 9577 138 59
v 9578 102 46
v 9579 75 42
v 9580 86 40
v 9581 51 23
v 9582 79 38
v 9583 50 22
v 9584 99 47
v 9585 53 24
v 9586 70 35
v 9591 105 50
v 9592 57 26
v 9593 89 42
v 9595 137 61
v 9598 83 35
v 9600 158 66
v 9601 75 37
v 9603 66 39
v 9607 140 68
v 9608 53 23
v 9609 33 16
v 9610 37 16
v 9617 37 18
v 9627 27 13
v 9767 50 22
v 9768 22 10
v 9769 30 12
v 9770 40 19
v 9771 13 3
v 9772 33 19
v 9773 19 11
v 9774 24 9
v 9775 23 15
v 9776 74 32
v 9777 73 30
v 9778 30 15
v 9779 27 17
v 9780 10 2
v 9781 50 24
v 9782 89 39
v 9783 26 10
v 9784 25 13
v 9785 11 4
v 9786 11 5
v 9787 20 10
v 9788 48 23
v 9789 9 3
v 9790 43 19
v 9791 22 7
v 9792 35 20
v 9793 5 3
v 9794 2 0
v 9795 34 21
v 9796 29 12
v 9797 32 13
v 9798 25 12
v 9799 86 45
v 9800 26 13
v 9801 10 2
v 9802 115 56
v 9803 48 27
v 9804 73 38
v 9805 10 4
v 9806 15 5
v 9807 14 8
v 9808 19 11
v 9809 13 9
v 9810 6 3
v 9811 9 5
v 9812 52 22
v 9813 61 33
v 9814 148 62
v 9815 57 22
v 9816 47 17
v 9817 3 1
v 9818 19 8
v 9819 34 15
v 9820 12 5
v 9821 65 32
v 9822 6 5
v 9823 10 6
v 9824 32 17
v 9825 70 37
v 9826 25 10
v 9827 22 8
v 9828 38 15
v 9829 64 32
v 9830 12 4
v 9831 6 4
v 9832 74 35
v 9833 63 32
v 9834 48 25
v 9835 30 19
v 9836 33 12
v 9837 33 12
v 9838 41 17
v 9839 21 13
v 9840 34 17
v 9841 23 9
v 9842 30 16
v 9847 37 15
v 9848 31 11
v 9849 45 24
v 9851 61 30
v 9854 24 14
v 9856 75 31
v 9857 35 17
v 9859 28 13
v 9863 65 27
v 9864 21 14
v 9865 16 5
v 9866 17 9
v 9873 20 7
v 9883 12 4
v 10024 121 68
v 10025 178 91
v 10026 259 125
v 10027 87 42
v 10028 195 87
v 10029 110 47
v 10030 83 38
v 10031 152 75
v 10032 259 121
v 10033 316 147
v 10034 93 42
v 10035 106 48
v 10036 56 25
v 10037 237 118
v 10038 410 198
v 10039 150 80
v 10040 96 45
v 10041 49 19
v 10042 68 41
v 10043 75 35
v 10044 187 73
v 10045 12 6
v 10046 219 87
v 10047 91 48
v 10048 159 83
v 10049 18 12
v 10050 9 3
v 10051 200 104
v 10052 142 52
v 10053 171 82
v 10054 168 72
v 10055 405 181
v 10056 84 34
v 10057 49 27
v 10058 496 240
v 10059 192 84
v 10060 324 117
v 10061 36 13
v 10062 70 30
v 10063 55 28
v 10064 69 35
v 10065 95 44
v 10066 24 10
v 10067 46 27
v 10068 328 165
v 10069 263 132
v 10070 587 269
v 10071 232 100
v 10072 216 91
v 10073 23 12
v 10074 86 43
v 10075 80 42
v 10076 35 16
v 10077 376 186
v 10078 55 21
v 10079 46 21
v 10080 183 94
v 10081 316 132
v 10082 128 70
v 10083 73 38
v 10084 189 100
v 10085 232 106
v 10086 59 31
v 10087 22 9
v 10088 302 128
v 10089 254 117
v 10090 267 117
v 10091 128 61
v 10092 181 85
v 10093 95 46
v 10094 149 66
v 10095 86 42
v 10096 168 77
v 10097 91 40
v 10098 155 95
v 10103 223 108
v 10104 106 53
v 10105 157 71
v 10107 284 138
v 10110 124 54
v 10112 284 135
v 10113 143 61
v 10115 139 70
v 10119 279 127
v 10120 68 36
v 10121 70 31
v 10122 75 27
v 10129 94 53
v 10139 49 25
v 10281 85 37
v 10282 171 77
v 10283 46 24
v 10284 92 50
v 10285 69 29
v 10286 41 23
v 10287 63 31
v 10288 132 49
v 10289 182 94
v 10290 51 21
v 10291 47 24
v 10292 30 10
v 10293 125 61
v 10294 252 125
v 10295 76 35
v 10296 51 29
v 10297 19 7
v 10298 29 18
v 10299 36 19
v 10300 90 44
v 10301 12 3
v 10302 105 43
v 10303 64 29
v 10304 95 50
v 10305 16 10
v 10306 4 3
v 10307 89 41
v 10308 82 38
v 10309 97 51
v 10310 74 40
v 10311 230 103
v 10312 32 7
v 10313 25 16
v 10314 278 122
v 10315 107 50
v 10316 167 64
v 10317 24 5
v 10318 47 24
v 10319 28 17
v 10320 33 22
v 10321 42 14
v 10322 14 6
v 10323 22 10
v 10324 190 91
v 10325 153 85
v 10326 321 142
v 10327 127 55
v 10328 85 33
v 10329 10 4
v 10330 51 30
v 10331 42 23
v 10332 18 8
v 10333 209 105
v 10334 20 12
v 10335 28 18
v 10336 90 44
v 10337 164 71
v 10338 65 27
v 10339 37 25
v 10340 100 50
v 10341 170 73
v 10342 49 21
v 10343 9 4
v 10344 209 89
v 10345 126 56
v 10346 111 49
v 10347 73 30
v 10348 100 45
v 10349 42 15
v 10350 80 35
v 10351 57 31
v 10352 93 36
v 10353 41 15
v 10354 72 37
v 10359 103 43
v 10360 47 23
v 10361 99 40
v 10363 151 77
v 10366 69 28
v 10368 157 77
v 10369 69 40
v 10371 86 39
v 10375 162 67
v 10376 40 17
v 10377 34 14
v 10378 31 12
v 10385 48 26
v 10395 32 19
v 10538 256 118
v 10539 52 27
v 10540 181 80
v 10541 74 35
v 10542 74 46
v 10543 99 49
v 10544 231 112
v 10545 262 122
v 10546 62 30
v 10547 74 37
v 10548 38 20
v 10549 189 107
v 10550 364 194
v 10551 131 61
v 10552 54 32
v 10553 43 23
v 10554 35 14
v 10555 72 39
v 10556 160 64
v 10557 22 7
v 10558 165 70
v 10559 103 54
v 10560 128 67
v 10561 14 8
v 10562 2 1
v 10563 179 92
v 10564 101 44
v 10565 115 55
v 10566 151 74
v 10567 357 167
v 10568 85 39
v 10569 41 22
v 10570 366 196
v 10571 145 71
v 10572 271 114
v 10573 22 14
v 10574 50 16
v 10575 33 24
v 10576 68 30
v 10577 55 35
v 10578 18 9
v 10579 25 17
v 10580 257 120
v 10581 203 94
v 10582 459 221
v 10583 184 82
v 10584 158 67
v 10585 23 8
v 10586 50 21
v 10587 67 28
v 10588 36 16
v 10589 308 148
v 10590 32 13
v 10591 31 14
v 10592 120 55
v 10593 277 142
v 10594 94 48
v 10595 67 33
v 10596 162 82
v 10597 176 92
v 10598 43 22
v 10599 17 10
v 10600 227 110
v 10601 208 94
v 10602 168 84
v 10603 120 52
v 10604 141 78
v 10605 79 37
v 10606 91 47
v 10607 66 32
v 10608 119 59
v 10609 68 31
v 10610 93 54
v 10615 163 73
v 10616 83 42
v 10617 147 62
v 10619 244 130
v 10622 132 64
v 10624 281 153
v 10625 123 66
v 10627 117 64
v 10631 218 92
v 10632 67 31
v 10633 51 24
v 10634 45 22
v 10641 75 45
v 10651 56 31
v 10795 104 46
v 10796 209 113
v 10797 120 56
v 10798 117 72
v 10799 156 86
v 10800 358 208
v 10801 412 208
v 10802 113 61
v 10803 97 55
v 10804 56 34
v 10805 231 136
v 10806 472 243
v 10807 149 53
v 10808 102 58
v 10809 49 21
v 10810 65 34
v 10811 90 52
v 10812 295 153
v 10813 30 16
v 10814 231 100
v 10815 114 64
v 10816 159 74
v 10817 16 7
v 10818 6 1
v 10819 232 114
v 10820 197 110
v 10821 279 165
v 10822 187 114
v 10823 513 275
v 10824 110 61
v 10825 75 30
v 10826 499 230
v 10827 273 160
v 10828 336 175
v 10829 37 19
v 10830 90 45
v 10831 56 36
v 10832 74 36
v 10833 96 48
v 10834 40 21
v 10835 50 24
v 10836 365 202
v 10837 262 127
v 10838 724 376
v 10839 321 171
v 10840 216 115
v 10841 27 14
v 10842 78 43
v 10843 77 36
v 10844 50 24
v 10845 400 208
v 10846 65 36
v 10847 48 25
v 10848 229 143
v 10849 375 196
v 10850 163 95
v 10851 77 36
v 10852 186 98
v 10853 342 186
v 10854 91 39
v 10855 26 13
v 10856 450 247
v 10857 313 177
v 10858 262 133
v 10859 160 86
v 10860 216 94
v 10861 118 60
v 10862 138 71
v 10863 108 59
v 10864 190 100
v 10865 93 46
v 10866 144 80
v 10871 213 115
v 10872 128 68
v 10873 225 120
v 10875 289 163
v 10878 150 79
v 10880 355 189
v 10881 156 89
v 10883 164 91
v 10887 306 144
v 10888 97 51
v 10889 75 37
v 10890 55 30
v 10897 106 56
v 10907 44 21
v 11052 78 42
v 11053 44 18
v 11054 39 23
v 11055 68 39
v 11056 121 57
v 11057 144 69
v 11058 41 17
v 11059 41 18
v 11060 23 9
v 11061 101 54
v 11062 158 83
v 11063 54 22
v 11064 29 16
v 11065 21 12
v 11066 38 23
v 11067 34 25
v 11068 97 44
v 11069 4 1
v 11070 75 27
v 11071 40 17
v 11072 62 29
v 11073 5 2
v 11074 4 2
v 11075 93 43
v 11076 56 21
v 11077 69 42
v 11078 69 32
v 11079 155 77
v 11080 53 24
v 11081 24 10
v 11082 173 83
v 11083 75 38
v 11084 135 57
v 11085 16 7
v 11086 34 17
v 11087 17 8
v 11088 42 23
v 11089 26 16
v 11090 7 4
v 11091 15 8
v 11092 122 65
v 11093 104 58
v 11094 239 114
v 11095 108 56
v 11096 95 46
v 11097 8 3
v 11098 40 15
v 11099 31 13
v 11100 12 5
v 11101 134 67
v 11102 22 8
v 11103 16 11
v 11104 70 37
v 11105 113 48
v 11106 54 27
v 11107 34 18
v 11108 73 39
v 11109 113 66
v 11110 23 15
v 11111 7 3
v 11112 112 52
v 11113 92 53
v 11114 92 42
v 11115 59 34
v 11116 52 35
v 11117 34 13
v 11118 47 21
v 11119 31 16
v 11120 71 31
v 11121 38 13
v 11122 59 38
v 11127 71 29
v 11128 44 22
v 11129 62 26
v 11131 114 54
v 11134 54 27
v 11136 127 58
v 11137 53 21
v 11139 50 33
v 11143 116 62
v 11144 25 10
v 11145 24 8
v 11146 28 17
v 11153 44 27
v 11163 20 9
v 11309 61 29
v 11310 94 53
v 11311 122 60
v 11312 257 134
v 11313 308 162
v 11314 92 39
v 11315 89 45
v 11316 61 27
v 11317 234 130
v 11318 428 194
v 11319 97 52
v 11320 75 45
v 11321 37 17
v 11322 43 27
v 11323 76 43
v 11324 222 116
v 11325 25 17
v 11326 166 80
v 11327 93 48
v 11328 156 76
v 11329 18 10
v 11330 13 6
v 11331 227 111
v 11332 169 87
v 11333 127 60
v 11334 186 94
v 11335 377 170
v 11336 90 46
v 11337 55 29
v 11338 506 244
v 11339 169 88
v 11340 266 116
v 11341 30 15
v 11342 87 40
v 11343 34 18
v 11344 75 38
v 11345 61 28
v 11346 17 10
v 11347 32 18
v 11348 269 125
v 11349 246 133
v 11350 602 309
v 11351 242 123
v 11352 156 70
v 11353 19 11
v 11354 91 44
v 11355 91 37
v 11356 33 20
v 11357 315 164
v 11358 29 13
v 11359 51 17
v 11360 136 71
v 11361 283 123
v 11362 113 69
v 11363 72 34
v 11364 154 72
v 11365 234 120
v 11366 65 34
v 11367 25 13
v 11368 314 151
v 11369 193 91
v 11370 198 96
v 11371 109 52
v 11372 152 84
v 11373 97 48
v 11374 106 50
v 11375 93 42
v 11376 154 85
v 11377 86 42
v 11378 119 67
v 11383 147 75
v 11384 92 45
v 11385 188 83
v 11387 251 126
v 11390 136 51
v 11392 327 164
v 11393 156 77
v 11395 143 81
v 11399 265 133
v 11400 92 50
v 11401 60 35
v 11402 46 27
v 11409 84 41
v 11419 48 27
v 11566 43 28
v 11567 66 32
v 11568 134 65
v 11569 136 63
v 11570 56 26
v 11571 42 14
v 11572 24 12
v 11573 98 43
v 11574 160 77
v 11575 73 40
v 11576 36 22
v 11577 29 14
v 11578 24 13
v 11579 34 11
v 11580 131 58
v 11581 6 2
v 11582 89 36
v 11583 35 13
v 11584 71 36
v 11585 7 4
v 11586 2 0
v 11587 95 47
v 11588 64 36
v 11589 72 35
v 11590 57 22
v 11591 156 64
v 11592 38 18
v 11593 24 8
v 11594 219 95
v 11595 95 51
v 11596 131 65
v 11597 10 4
v 11598 30 13
v 11599 20 9
v 11600 35 17
v 11601 16 6
v 11602 14 5
v 11603 16 9
v 11604 136 65
v 11605 130 70
v 11606 311 169
v 11607 121 54
v 11608 107 46
v 11609 8 3
v 11610 40 21
v 11611 43 16
v 11612 19 6
v 11613 136 73
v 11614 22 12
v 11615 17 9
v 11616 70 37
v 11617 124 66
v 11618 55 31
v 11619 36 20
v 11620 81 42
v 11621 135 60
v 11622 19 8
v 11623 17 9
v 11624 104 47
v 11625 128 70
v 11626 103 49
v 11627 51 24
v 11628 75 47
v 11629 39 17
v 11630 58 30
v 11631 48 21
v 11632 88 43
v 11633 51 23
v 11634 67 39
v 11639 85 51
v 11640 40 24
v 11641 91 42
v 11643 131 69
v 11646 68 34
v 11648 120 65
v 11649 73 36
v 11651 67 34
v 11655 112 54
v 11656 33 18
v 11657 28 19
v 11658 71 46
v 11665 39 17
v 11675 26 12
v 11823 75 36
v 11824 172 78
v 11825 177 60
v 11826 58 25
v 11827 46 20
v 11828 28 14
v 11829 98 57
v 11830 203 96
v 11831 67 31
v 11832 29 19
v 11833 22 13
v 11834 21 10
v 11835 34 19
v 11836 106 51
v 11837 14 6
v 11838 74 32
v 11839 52 27
v 11840 80 38
v 11841 14 7
v 11842 4 3
v 11843 94 26
v 11844 76 31
v 11845 55 23
v 11846 75 35
v 11847 204 92
v 11848 32 12
v 11849 23 11
v 11850 281 130
v 11851 89 43
v 11852 140 65
v 11853 12 8
v 11854 36 15
v 11855 20 10
v 11856 41 21
v 11857 33 12
v 11858 18 6
v 11859 27 18
v 11860 133 57
v 11861 125 59
v 11862 345 155
v 11863 124 57
v 11864 91 44
v 11865 4 1
v 11866 57 32
v 11867 49 24
v 11868 15 7
v 11869 143 57
v 11870 21 9
v 11871 25 11
v 11872 87 38
v 11873 164 78
v 11874 65 27
v 11875 41 23
v 11876 100 52
v 11877 136 65
v 11878 33 15
v 11879 14 7
v 11880 154 67
v 11881 189 86
v 11882 113 48
v 11883 73 32
v 11884 64 34
v 11885 80 28
v 11886 53 15
v 11887 53 18
v 11888 72 27
v 11889 44 11
v 11890 51 28
v 11895 79 36
v 11896 49 31
v 11897 97 47
v 11899 138 69
v 11902 72 27
v 11904 174 80
v 11905 80 43
v 11907 69 30
v 11911 156 62
v 11912 49 17
v 11913 29 6
v 11914 26 13
v 11921 43 19
v 11931 24 11
v 12080 181 88
v 12081 229 113
v 12082 55 33
v 12083 59 29
v 12084 49 30
v 12085 149 71
v 12086 236 124
v 12087 100 38
v 12088 52 23
v 12089 31 12
v 12090 50 27
v 12091 100 71
v 12092 163 77
v 12093 8 2
v 12094 121 57
v 12095 65 29
v 12096 99 52
v 12097 8 6
v 12098 5 3
v 12099 149 63
v 12100 84 39
v 12101 122 56
v 12102 104 61
v 12103 278 131
v 12104 66 39
v 12105 31 17
v 12106 306 140
v 12107 140 70
v 12108 241 124
v 12109 15 8
v 12110 47 21
v 12111 38 16
v 12112 48 24
v 12113 45 18
v 12114 22 7
v 12115 24 15
v 12116 193 98
v 12117 189 91
v 12118 389 176
v 12119 166 84
v 12120 149 65
v 12121 17 8
v 12122 57 30
v 12123 56 28
v 12124 22 2
v 12125 181 90
v 12126 47 23
v 12127 40 19
v 12128 108 59
v 12129 176 86
v 12130 105 57
v 12131 62 29
v 12132 117 52
v 12133 170 90
v 12134 45 20
v 12135 13 7
v 12136 181 74
v 12137 169 82
v 12138 110 64
v 12139 105 51
v 12140 119 64
v 12141 52 19
v 12142 86 31
v 12143 52 25
v 12144 113 46
v 12145 56 25
v 12146 80 40
v 12151 118 52
v 12152 61 25
v 12153 114 50
v 12155 175 98
v 12158 86 38
v 12160 202 110
v 12161 84 48
v 12163 87 41
v 12167 190 94
v 12168 50 23
v 12169 41 26
v 12170 43 31
v 12177 56 28
v 12187 24 12
v 12337 492 238
v 12338 130 63
v 12339 126 73
v 12340 70 36
v 12341 324 178
v 12342 603 298
v 12343 235 127
v 12344 128 68
v 12345 74 30
v 12346 84 36
v 12347 106 64
v 12348 350 177
v 12349 59 30
v 12350 298 135
v 12351 154 86
v 12352 256 136
v 12353 30 18
v 12354 20 8
v 12355 304 136
v 12356 181 80
v 12357 224 122
v 12358 254 124
v 12359 594 287
v 12360 127 59
v 12361 74 42
v 12362 720 324
v 12363 275 153
v 12364 474 228
v 12365 50 27
v 12366 135 67
v 12367 74 43
v 12368 126 68
v 12369 125 54
v 12370 49 27
v 12371 68 35
v 12372 422 215
v 12373 360 200
v 12374 865 434
v 12375 347 175
v 12376 242 107
v 12377 32 19
v 12378 134 58
v 12379 149 83
v 12380 60 30
v 12381 475 241
v 12382 77 33
v 12383 54 33
v 12384 215 106
v 12385 461 239
v 12386 194 114
v 12387 88 43
v 12388 276 139
v 12389 333 154
v 12390 79 43
v 12391 28 10
v 12392 404 191
v 12393 391 205
v 12394 343 168
v 12395 237 119
v 12396 224 123
v 12397 203 107
v 12398 198 101
v 12399 148 67
v 12400 349 168
v 12401 125 61
v 12402 192 104
v 12407 305 154
v 12408 142 80
v 12409 261 134
v 12411 424 207
v 12414 192 101
v 12416 431 220
v 12417 197 102
v 12419 273 141
v 12423 392 205
v 12424 163 83
v 12425 103 44
v 12426 108 60
v 12433 164 80
v 12443 67 33
v 12594 181 94
v 12595 155 79
v 12596 101 40
v 12597 341 197
v 12598 659 340
v 12599 283 135
v 12600 133 75
v 12601 66 33
v 12602 84 46
v 12603 134 64
v 12604 414 205
v 12605 64 35
v 12606 300 136
v 12607 135 74
v 12608 269 140
v 12609 43 24
v 12610 19 7
v 12611 372 184
v 12612 211 112
v 12613 312 179
v 12614 295 159
v 12615 669 330
v 12616 124 69
v 12617 75 39
v 12618 826 422
v 12619 374 191
v 12620 606 279
v 12621 62 24
v 12622 140 61
v 12623 70 37
v 12624 120 58
v 12625 104 68
v 12626 63 33
v 12627 86 44
v 12628 460 253
v 12629 433 217
v 12630 955 495
v 12631 432 229
v 12632 358 174
v 12633 29 18
v 12634 187 95
v 12635 162 82
v 12636 66 27
v 12637 584 298
v 12638 83 44
v 12639 57 28
v 12640 233 122
v 12641 521 260
v 12642 234 135
v 12643 130 89
v 12644 297 161
v 12645 357 208
v 12646 74 39
v 12647 34 19
v 12648 503 282
v 12649 475 240
v 12650 385 188
v 12651 255 134
v 12652 244 125
v 12653 221 119
v 12654 259 133
v 12655 180 89
v 12656 348 185
v 12657 164 88
v 12658 186 119
v 12663 353 182
v 12664 176 104
v 12665 334 157
v 12667 458 250
v 12670 206 104
v 12672 471 240
v 12673 257 136
v 12675 265 128
v 12679 531 263
v 12680 129 71
v 12681 128 76
v 12682 92 58
v 12689 155 92
v 12699 79 36
v 12851 45 28
v 12852 28 12
v 12853 85 43
v 12854 195 100
v 12855 88 46
v 12856 33 22
v 12857 30 12
v 12858 29 18
v 12859 35 22
v 12860 135 61
v 12861 21 11
v 12862 101 54
v 12863 51 25
v 12864 67 36
v 12865 8 4
v 12866 6 2
v 12867 117 51
v 12868 59 29
v 12869 92 47
v 12870 88 46
v 12871 191 92
v 12872 40 21
v 12873 23 16
v 12874 247 131
v 12875 106 51
v 12876 167 79
v 12877 21 8
v 12878 45 23
v 12879 24 11
v 12880 44 22
v 12881 38 17
v 12882 11 6
v 12883 19 13
v 12884 137 76
v 12885 126 65
v 12886 320 164
v 12887 145 76
v 12888 81 42
v 12889 13 7
v 12890 51 23
v 12891 66 33
v 12892 17 7
v 12893 163 87
v 12894 23 13
v 12895 18 9
v 12896 61 37
v 12897 162 78
v 12898 51 22
v 12899 41 23
v 12900 87 47
v 12901 135 66
v 12902 30 12
v 12903 16 10
v 12904 113 57
v 12905 144 83
v 12906 123 68
v 12907 72 36
v 12908 59 33
v 12909 58 29
v 12910 60 32
v 12911 61 31
v 12912 110 58
v 12913 44 22
v 12914 58 32
v 12919 103 46
v 12920 46 28
v 12921 101 56
v 12923 163 87
v 12926 70 35
v 12928 161 76
v 12929 63 34
v 12931 96 49
v 12935 139 85
v 12936 43 28
v 12937 35 16
v 12938 33 17
v 12945 66 30
v 12955 30 11
v 13108 20 7
v 13109 81 41
v 13110 171 80
v 13111 52 23
v 13112 35 23
v 13113 21 10
v 13114 28 14
v 13115 36 15
v 13116 94 45
v 13117 11 4
v 13118 83 27
v 13119 30 15
v 13120 46 24
v 13121 9 5
v 13122 1 0
v 13123 72 28
v 13124 56 26
v 13125 65 27
v 13126 75 41
v 13127 162 86
v 13128 36 17
v 13129 29 18
v 13130 195 85
v 13131 67 29
v 13132 124 55
v 13133 6 4
v 13134 37 16
v 13135 17 11
v 13136 25 14
v 13137 24 11
v 13138 10 4
v 13139 14 6
v 13140 145 78
v 13141 98 47
v 13142 266 128
v 13143 94 43
v 13144 80 36
v 13145 19 8
v 13146 40 17
v 13147 37 18
v 13148 14 7
v 13149 129 72
v 13150 9 6
v 13151 14 4
v 13152 65 37
v 13153 110 62
v 13154 64 34
v 13155 43 17
v 13156 98 47
v 13157 97 33
v 13158 21 10
v 13159 11 4
v 13160 122 57
v 13161 106 58
v 13162 81 31
v 13163 64 28
v 13164 72 36
v 13165 54 28
v 13166 63 29
v 13167 37 17
v 13168 63 28
v 13169 34 15
v 13170 51 30
v 13175 68 33
v 13176 42 22
v 13177 66 34
v 13179 107 61
v 13182 54 25
v 13184 124 65
v 13185 63 31
v 13187 70 31
v 13191 133 61
v 13192 36 11
v 13193 18 9
v 13194 23 12
v 13201 48 24
v 13211 25 15
v 13365 50 30
v 13366 115 59
v 13367 40 28
v 13368 19 12
v 13369 9 1
v 13370 16 6
v 13371 22 14
v 13372 66 26
v 13373 13 6
v 13374 65 28
v 13375 25 13
v 13376 45 23
v 13377 6 4
v 13378 3 2
v 13379 41 20
v 13380 41 22
v 13381 46 23
v 13382 43 22
v 13383 90 50
v 13384 13 6
v 13385 15 8
v 13386 134 74
v 13387 42 24
v 13388 89 41
v 13389 8 7
v 13390 21 11
v 13391 9 7
v 13392 23 14
v 13393 19 12
v 13394 7 3
v 13395 12 9
v 13396 76 44
v 13397 73 32
v 13398 152 75
v 13399 59 28
v 13400 46 27
v 13401 6 4
v 13402 22 14
v 13403 19 12
v 13404 4 2
v 13405 106 58
v 13406 11 7
v 13407 10 5
v 13408 42 22
v 13409 88 43
v 13410 36 20
v 13411 19 12
v 13412 54 30
v 13413 56 31
v 13414 12 5
v 13415 1 0
v 13416 62 27
v 13417 68 39
v 13418 61 33
v 13419 55 31
v 13420 45 23
v 13421 26 13
v 13422 37 22
v 13423 37 13
v 13424 63 36
v 13425 26 17
v 13426 25 16
v 13431 64 41
v 13432 31 15
v 13433 54 25
v 13435 78 46
v 13438 35 16
v 13440 86 41
v 13441 38 27
v 13443 41 20
v 13447 65 24
v 13448 25 11
v 13449 13 6
v 13450 31 15
v 13457 23 10
v 13467 16 4
v 13622 359 160
v 13623 162 72
v 13624 68 29
v 13625 59 27
v 13626 53 27
v 13627 89 50
v 13628 205 77
v 13629 29 7
v 13630 206 79
v 13631 94 42
v 13632 156 69
v 13633 24 12
v 13634 7 2
v 13635 268 101
v 13636 158 61
v 13637 192 97
v 13638 182 84
v 13639 371 144
v 13640 95 42
v 13641 56 24
v 13642 552 264
v 13643 231 99
v 13644 307 123
v 13645 28 11
v 13646 80 37
v 13647 46 21
v 13648 86 46
v 13649 79 36
v 13650 40 17
v 13651 36 16
v 13652 351 166
v 13653 293 125
v 13654 666 284
v 13655 273 126
v 13656 202 74
v 13657 21 10
v 13658 96 50
v 13659 75 38
v 13660 36 9
v 13661 340 150
v 13662 46 16
v 13663 44 21
v 13664 162 84
v 13665 335 137
v 13666 130 50
v 13667 74 36
v 13668 183 81
v 13669 262 128
v 13670 57 21
v 13671 22 9
v 13672 276 119
v 13673 264 107
v 13674 241 95
v 13675 144 51
v 13676 179 91
v 13677 121 48
v 13678 156 80
v 13679 87 40
v 13680 154 67
v 13681 67 34
v 13682 158 77
v 13687 229 105
v 13688 107 51
v 13689 187 83
v 13691 287 127
v 13694 171 73
v 13696 367 168
v 13697 158 68
v 13699 158 75
v 13703 288 111
v 13704 99 49
v 13705 64 31
v 13706 58 24
v 13713 109 57
v 13723 48 23
v 13879 263 124
v 13880 193 109
v 13881 92 40
v 13882 101 61
v 13883 146 74
v 13884 398 183
v 13885 48 22
v 13886 370 170
v 13887 165 89
v 13888 341 201
v 13889 37 19
v 13890 15 9
v 13891 430 245
v 13892 215 95
v 13893 297 139
v 13894 354 162
v 13895 654 298
v 13896 152 80
v 13897 107 60
v 13898 980 512
v 13899 371 208
v 13900 581 270
v 13901 56 28
v 13902 163 84
v 13903 87 49
v 13904 147 70
v 13905 139 68
v 13906 58 26
v 13907 105 52
v 13908 599 316
v 13909 508 254
v 13910 1100 585
v 13911 511 245
v 13912 374 170
v 13913 42 23
v 13914 178 83
v 13915 161 75
v 13916 51 24
v 13917 672 349
v 13918 107 42
v 13919 87 41
v 13920 400 234
v 13921 570 298
v 13922 261 127
v 13923 141 72
v 13924 333 164
v 13925 435 225
v 13926 127 48
v 13927 65 34
v 13928 565 290
v 13929 622 333
v 13930 393 184
v 13931 308 162
v 13932 346 193
v 13933 212 108
v 13934 318 165
v 13935 136 71
v 13936 286 138
v 13937 155 77
v 13938 269 154
v 13943 381 211
v 13944 204 109
v 13945 305 129
v 13947 519 288
v 13950 265 134
v 13952 574 301
v 13953 278 153
v 13955 268 137
v 13959 541 277
v 13960 164 86
v 13961 134 83
v 13962 125 67
v 13969 187 95
v 13979 81 38
v 14136 74 42
v 14137 35 17
v 14138 45 28
v 14139 52 32
v 14140 182 86
v 14141 18 7
v 14142 147 59
v 14143 68 36
v 14144 122 62
v 14145 18 8
v 14146 10 7
v 14147 128 64
v 14148 108 53
v 14149 161 79
v 14150 113 64
v 14151 294 147
v 14152 58 31
v 14153 32 21
v 14154 334 168
v 14155 147 88
v 14156 253 118
v 14157 30 20
v 14158 74 31
v 14159 28 18
v 14160 71 33
v 14161 45 25
v 14162 22 9
v 14163 34 17
v 14164 197 108
v 14165 175 88
v 14166 501 274
v 14167 161 81
v 14168 125 59
v 14169 13 8
v 14170 79 33
v 14171 69 34
v 14172 27 12
v 14173 229 105
v 14174 30 18
v 14175 39 19
v 14176 118 59
v 14177 228 109
v 14178 98 48
v 14179 55 26
v 14180 137 66
v 14181 174 78
v 14182 42 13
v 14183 19 12
v 14184 217 106
v 14185 191 89
v 14186 155 72
v 14187 125 62
v 14188 137 61
v 14189 66 37
v 14190 104 53
v 14191 63 25
v 14192 138 77
v 14193 78 39
v 14194 110 68
v 14199 168 85
v 14200 100 55
v 14201 134 56
v 14203 232 122
v 14206 104 56
v 14208 213 117
v 14209 97 45
v 14211 117 58
v 14215 220 113
v 14216 70 36
v 14217 43 23
v 14218 47 32
v 14225 86 46
v 14235 45 21
v 14393 16 5
v 14394 26 11
v 14395 27 11
v 14396 96 51
v 14397 10 4
v 14398 59 24
v 14399 36 16
v 14400 55 31
v 14401 8 5
v 14402 3 1
v 14403 102 44
v 14404 57 26
v 14405 72 40
v 14406 62 24
v 14407 136 69
v 14408 39 15
v 14409 27 18
v 14410 215 105
v 14411 96 43
v 14412 150 75
v 14413 15 1
v 14414 30 16
v 14415 15 11
v 14416 18 7
v 14417 31 9
v 14418 13 4
v 14419 15 9
v 14420 123 57
v 14421 128 68
v 14422 262 140
v 14423 107 46
v 14424 66 37
v 14425 10 2
v 14426 33 13
v 14427 31 17
v 14428 14 5
v 14429 138 74
v 14430 13 6
v 14431 19 11
v 14432 47 27
v 14433 111 52
v 14434 62 33
v 14435 31 18
v 14436 67 34
v 14437 126 65
v 14438 26 11
v 14439 12 7
v 14440 127 59
v 14441 114 58
v 14442 104 47
v 14443 62 30
v 14444 59 26
v 14445 45 18
v 14446 59 28
v 14447 40 18
v 14448 74 32
v 14449 33 13
v 14450 64 32
v 14455 84 33
v 14456 53 32
v 14457 78 37
v 14459 114 61
v 14462 61 23
v 14464 132 71
v 14465 55 20
v 14467 74 38
v 14471 115 55
v 14472 45 22
v 14473 28 13
v 14474 20 13
v 14481 37 16
v 14491 16 14
v 14650 15 8
v 14651 26 14
v 14652 50 31
v 14653 5 3
v 14654 56 31
v 14655 24 12
v 14656 38 22
v 14657 7 3
v 14658 1 1
v 14659 50 23
v 14660 36 20
v 14661 48 28
v 14662 28 17
v 14663 89 44
v 14664 25 17
v 14665 17 7
v 14666 128 75
v 14667 47 16
v 14668 77 37
v 14669 7 4
v 14670 24 15
v 14671 13 6
v 14672 17 12
v 14673 10 7
v 14674 4 1
v 14675 8 5
v 14676 78 47
v 14677 58 35
v 14678 145 78
v 14679 75 38
v 14680 34 17
v 14681 7 6
v 14682 22 10
v 14683 34 19
v 14684 9 4
v 14685 81 40
v 14686 16 7
v 14687 14 7
v 14688 38 17
v 14689 82 45
v 14690 32 21
v 14691 29 15
v 14692 46 24
v 14693 72 38
v 14694 13 5
v 14695 6 4
v 14696 70 37
v 14697 70 43
v 14698 45 25
v 14699 32 15
v 14700 38 23
v 14701 24 12
v 14702 48 25
v 14703 28 12
v 14704 47 27
v 14705 23 11
v 14706 37 21
v 14711 41 21
v 14712 18 11
v 14713 47 20
v 14715 65 32
v 14718 37 19
v 14720 65 42
v 14721 32 14
v 14723 38 13
v 14727 51 27
v 14728 26 15
v 14729 17 10
v 14730 25 13
v 14737 19 12
v 14747 19 9
v 14907 16 9
v 14908 42 21
v 14909 6 4
v 14910 69 36
v 14911 25 9
v 14912 33 18
v 14913 2 1
v 14914 2 0
v 14915 47 32
v 14916 35 22
v 14917 67 33
v 14918 62 26
v 14919 109 50
v 14920 26 11
v 14921 18 13
v 14922 149 77
v 14923 51 30
v 14924 90 36
v 14925 6 3
v 14926 24 9
v 14927 7 3
v 14928 19 5
v 14929 16 9
v 14930 7 1
v 14931 11 6
v 14932 87 42
v 14933 81 36
v 14934 164 85
v 14935 103 39
v 14936 58 24
v 14937 7 1
v 14938 29 10
v 14939 24 7
v 14940 16 5
v 14941 90 43
v 14942 18 10
v 14943 12 2
v 14944 39 15
v 14945 95 47
v 14946 45 24
v 14947 23 11
v 14948 42 20
v 14949 68 31
v 14950 11 7
v 14951 7 3
v 14952 73 32
v 14953 75 34
v 14954 53 26
v 14955 39 20
v 14956 34 16
v 14957 31 16
v 14958 54 28
v 14959 22 14
v 14960 58 32
v 14961 24 8
v 14962 30 15
v 14967 66 35
v 14968 29 14
v 14969 55 27
v 14971 64 33
v 14974 33 19
v 14976 99 50
v 14977 28 14
v 14979 32 17
v 14983 69 32
v 14984 28 11
v 14985 23 9
v 14986 21 10
v 14993 39 22
v 15003 12 3
v 15164 87 41
v 15165 9 3
v 15166 89 38
v 15167 31 16
v 15168 68 28
v 15169 7 3
v 15170 3 2
v 15171 70 38
v 15172 42 15
v 15173 57 30
v 15174 52 20
v 15175 147 59
v 15176 31 18
v 15177 23 13
v 15178 193 89
v 15179 80 41
v 15180 132 59
v 15181 16 6
v 15182 40 15
v 15183 13 5
v 15184 34 19
v 15185 18 5
v 15186 11 6
v 15187 20 10
v 15188 117 58
v 15189 97 48
v 15190 258 124
v 15191 98 49
v 15192 81 35
v 15193 14 7
v 15194 40 19
v 15195 38 15
v 15196 10 3
v 15197 110 46
v 15198 19 7
v 15199 21 11
v 15200 63 30
v 15201 114 49
v 15202 45 20
v 15203 23 14
v 15204 79 30
v 15205 109 59
v 15206 27 13
v 15207 13 4
v 15208 125 52
v 15209 94 38
v 15210 88 43
v 15211 55 26
v 15212 68 33
v 15213 47 23
v 15214 49 22
v 15215 38 17
v 15216 68 30
v 15217 35 13
v 15218 54 34
v 15223 63 38
v 15224 36 23
v 15225 79 36
v 15227 103 48
v 15230 69 29
v 15232 115 48
v 15233 61 27
v 15235 57 23
v 15239 115 58
v 15240 25 13
v 15241 24 18
v 15242 23 11
v 15249 41 18
v 15259 17 7
v 15421 39 18
v 15422 182 82
v 15423 102 67
v 15424 152 81
v 15425 25 11
v 15426 11 7
v 15427 213 100
v 15428 158 85
v 15429 202 118
v 15430 166 89
v 15431 323 154
v 15432 65 45
v 15433 56 30
v 15434 514 268
v 15435 234 127
v 15436 345 167
v 15437 30 13
v 15438 106 56
v 15439 68 37
v 15440 69 34
v 15441 73 34
v 15442 35 21
v 15443 31 16
v 15444 263 131
v 15445 249 128
v 15446 717 387
v 15447 287 144
v 15448 228 122
v 15449 37 16
v 15450 118 67
v 15451 96 49
v 15452 47 25
v 15453 318 181
v 15454 48 27
v 15455 78 36
v 15456 166 97
v 15457 329 166
v 15458 146 77
v 15459 84 51
v 15460 194 111
v 15461 300 168
v 15462 71 32
v 15463 30 19
v 15464 345 179
v 15465 255 136
v 15466 207 109
v 15467 152 86
v 15468 164 102
v 15469 126 65
v 15470 167 83
v 15471 159 87
v 15472 207 105
v 15473 95 48
v 15474 156 91
v 15479 191 103
v 15480 98 63
v 15481 210 115
v 15483 287 166
v 15486 131 72
v 15488 340 196
v 15489 126 71
v 15491 214 108
v 15495 346 166
v 15496 86 45
v 15497 68 32
v 15498 63 36
v 15505 112 51
v 15515 58 31
v 15678 34 15
v 15679 16 7
v 15680 18 10
v 15681 1 1
v 15682 2 0
v 15683 19 10
v 15684 11 7
v 15685 17 6
v 15686 20 14
v 15687 42 26
v 15688 5 2
v 15689 6 6
v 15690 66 34
v 15691 17 9
v 15692 48 22
v 15693 5 0
v 15694 13 8
v 15695 6 4
v 15696 9 2
v 15697 11 8
v 15698 11 5
v 15699 7 3
v 15700 25 16
v 15701 33 16
v 15702 83 48
v 15703 34 23
v 15704 25 10
v 15705 2 2
v 15706 16 10
v 15707 13 8
v 15708 9 5
v 15709 41 18
v 15710 5 4
v 15711 10 6
v 15712 31 20
v 15713 42 17
v 15714 14 8
v 15715 20 7
v 15716 30 14
v 15717 30 14
v 15718 4 3
v 15719 2 0
v 15720 35 17
v 15721 37 18
v 15722 25 18
v 15723 19 8
v 15724 27 11
v 15725 15 9
v 15726 23 11
v 15727 20 10
v 15728 26 11
v 15729 27 15
v 15730 18 10
v 15735 24 17
v 15736 16 9
v 15737 25 14
v 15739 41 18
v 15742 19 12
v 15744 39 12
v 15745 13 7
v 15747 31 18
v 15751 32 18
v 15752 17 10
v 15753 3 2
v 15754 7 5
v 15761 15 11
v 15771 8 5
v 15935 79 50
v 15936 148 93
v 15937 28 19
v 15938 10 6
v 15939 178 92
v 15940 122 66
v 15941 181 119
v 15942 129 59
v 15943 403 213
v 15944 87 53
v 15945 44 18
v 15946 476 261
v 15947 187 100
v 15948 343 166
v 15949 26 18
v 15950 91 46
v 15951 55 29
v 15952 75 46
v 15953 74 30
v 15954 38 22
v 15955 48 27
v 15956 306 161
v 15957 282 150
v 15958 611 345
v 15959 268 144
v 15960 205 92
v 15961 29 17
v 15962 102 53
v 15963 99 49
v 15964 37 18
v 15965 415 205
v 15966 55 28
v 15967 53 24
v 15968 144 88
v 15969 305 157
v 15970 121 66
v 15971 61 37
v 15972 189 93
v 15973 262 130
v 15974 77 40
v 15975 22 10
v 15976 306 147
v 15977 302 178
v 15978 234 122
v 15979 148 87
v 15980 146 84
v 15981 129 72
v 15982 176 89
v 15983 105 56
v 15984 189 100
v 15985 94 54
v 15986 138 78
v 15991 189 100
v 15992 95 55
v 15993 189 93
v 15995 271 164
v 15998 128 62
v 16000 289 162
v 16001 122 73
v 16003 160 91
v 16007 310 161
v 16008 94 45
v 16009 59 38
v 16010 57 33
v 16017 106 73
v 16027 74 39
v 16192 76 39
v 16193 6 2
v 16194 6 1
v 16195 97 45
v 16196 91 45
v 16197 69 42
v 16198 81 42
v 16199 155 76
v 16200 44 18
v 16201 21 12
v 16202 235 111
v 16203 99 44
v 16204 131 58
v 16205 15 6
v 16206 35 15
v 16207 27 16
v 16208 45 24
v 16209 33 16
v 16210 19 13
v 16211 17 9
v 16212 121 54
v 16213 136 67
v 16214 272 130
v 16215 124 55
v 16216 84 38
v 16217 12 6
v 16218 47 18
v 16219 35 20
v 16220 19 9
v 16221 142 72
v 16222 20 12
v 16223 17 5
v 16224 73 44
v 16225 151 73
v 16226 48 25
v 16227 28 11
v 16228 107 56
v 16229 117 62
v 16230 27 11
v 16231 11 4
v 16232 145 67
v 16233 117 49
v 16234 91 37
v 16235 52 28
v 16236 72 42
v 16237 53 22
v 16238 76 34
v 16239 49 23
v 16240 85 45
v 16241 47 17
v 16242 59 33
v 16247 90 42
v 16248 46 20
v 16249 102 41
v 16251 108 54
v 16254 68 36
v 16256 153 81
v 16257 65 30
v 16259 74 29
v 16263 121 57
v 16264 44 24
v 16265 23 10
v 16266 26 16
v 16273 47 19
v 16283 18 7
v 16449 19 10
v 16450 6 4
v 16451 148 67
v 16452 104 43
v 16453 120 65
v 16454 135 80
v 16455 324 159
v 16456 72 41
v 16457 50 22
v 16458 370 161
v 16459 157 89
v 16460 232 91
v 16461 19 9
v 16462 47 19
v 16463 35 20
v 16464 50 23
v 16465 59 24
v 16466 19 6
v 16467 29 14
v 16468 242 123
v 16469 247 121
v 16470 481 216
v 16471 212 107
v 16472 135 53
v 16473 14 5
v 16474 56 28
v 16475 73 29
v 16476 24 14
v 16477 263 109
v 16478 38 17
v 16479 31 15
v 16480 141 67
v 16481 251 118
v 16482 75 29
v 16483 65 31
v 16484 150 57
v 16485 205 95
v 16486 49 15
v 16487 18 7
v 16488 238 107
v 16489 189 80
v 16490 160 67
v 16491 97 46
v 16492 135 63
v 16493 72 38
v 16494 97 54
v 16495 62 28
v 16496 130 67
v 16497 65 32
v 16498 112 62
v 16503 144 70
v 16504 83 42
v 16505 141 63
v 16507 206 102
v 16510 88 49
v 16512 242 111
v 16513 123 62
v 16515 137 61
v 16519 197 108
v 16520 78 41
v 16521 46 18
v 16522 51 26
v 16529 61 30
v 16539 38 15
v 16706 1 0
v 16707 21 9
v 16708 12 6
v 16709 17 6
v 16710 23 15
v 16711 35 12
v 16712 9 3
v 16713 3 3
v 16714 49 16
v 16715 16 5
v 16716 31 13
v 16717 3 2
v 16718 10 5
v 16719 3 2
v 16720 7 6
v 16721 4 1
v 16722 5 2
v 16723 5 2
v 16724 23 10
v 16725 32 12
v 16726 61 34
v 16727 18 9
v 16728 20 7
v 16729 1 1
v 16730 6 0
v 16731 15 9
v 16732 4 2
v 16733 43 22
v 16735 3 1
v 16736 15 8
v 16737 33 16
v 16738 9 4
v 16739 6 3
v 16740 17 11
v 16741 19 11
v 16742 11 4
v 16744 30 12
v 16745 19 12
v 16746 20 6
v 16747 21 8
v 16748 16 7
v 16749 8 4
v 16750 13 4
v 16751 9 3
v 16752 21 6
v 16753 11 2
v 16754 12 5
v 16759 17 6
v 16760 16 8
v 16761 14 7
v 16763 17 9
v 16766 13 10
v 16768 40 16
v 16769 17 7
v 16771 17 7
v 16775 31 10
v 16776 11 4
v 16777 1 0
v 16778 4 1
v 16785 9 3
v 16795 7 2
v 16963 6 3
v 16964 3 2
v 16965 9 5
v 16966 6 5
v 16967 24 14
v 16968 4 2
v 16969 4 3
v 16970 30 14
v 16971 8 6
v 16972 12 7
v 16973 1 1
v 16974 3 1
v 16975 4 4
v 16976 3 2
v 16977 2 0
v 16978 2 1
v 16979 1 1
v 16980 7 4
v 16981 15 9
v 16982 26 11
v 16983 18 7
v 16984 9 4
v 16986 3 1
v 16987 6 3
v 16988 2 0
v 16989 12 6
v 16990 2 1
v 16991 1 1
v 16992 9 8
v 16993 9 5
v 16994 6 3
v 16995 3 2
v 16996 11 4
v 16997 15 8
v 16998 3 1
v 16999 2 0
v 17000 16 2
v 17001 12 4
v 17002 10 5
v 17003 6 1
v 17004 5 4
v 17005 6 2
v 17006 6 4
v 17007 5 2
v 17008 13 3
v 17009 4 2
v 17010 4 1
v 17015 5 1
v 17016 5 2
v 17017 12 10
v 17019 17 9
v 17022 10 2
v 17024 11 6
v 17025 7 5
v 17027 5 1
v 17031 13 5
v 17032 4 3
v 17033 2 2
v 17034 3 2
v 17041 5 3
v 17051 2 2
v 17220 181 103
v 17221 180 92
v 17222 183 106
v 17223 415 204
v 17224 85 41
v 17225 40 23
v 17226 403 197
v 17227 248 130
v 17228 290 146
v 17229 31 14
v 17230 72 32
v 17231 52 19
v 17232 80 43
v 17233 64 41
v 17234 32 12
v 17235 47 28
v 17236 293 160
v 17237 185 94
v 17238 588 322
v 17239 272 139
v 17240 148 68
v 17241 9 2
v 17242 89 44
v 17243 67 31
v 17244 21 10
v 17245 332 172
v 17246 60 33
v 17247 44 22
v 17248 172 85
v 17249 302 171
v 17250 100 53
v 17251 83 54
v 17252 157 76
v 17253 249 126
v 17254 43 17
v 17255 22 13
v 17256 299 136
v 17257 251 128
v 17258 214 105
v 17259 129 68
v 17260 130 69
v 17261 94 52
v 17262 124 69
v 17263 93 48
v 17264 209 114
v 17265 92 44
v 17266 147 86
v 17271 177 95
v 17272 98 45
v 17273 184 89
v 17275 285 146
v 17278 123 58
v 17280 265 137
v 17281 136 81
v 17283 142 70
v 17287 254 122
v 17288 63 30
v 17289 57 26
v 17290 55 35
v 17297 66 31
v 17307 47 23
v 17477 104 53
v 17478 133 69
v 17479 274 120
v 17480 48 28
v 17481 34 16
v 17482 296 153
v 17483 131 64
v 17484 232 97
v 17485 20 12
v 17486 58 27
v 17487 17 9
v 17488 52 30
v 17489 43 22
v 17490 17 11
v 17491 18 14
v 17492 207 113
v 17493 167 80
v 17494 381 198
v 17495 179 87
v 17496 135 65
v 17497 10 2
v 17498 66 30
v 17499 76 46
v 17500 20 10
v 17501 135 76
v 17502 52 30
v 17503 21 10
v 17504 92 48
v 17505 196 101
v 17506 77 50
v 17507 51 34
v 17508 127 64
v 17509 162 93
v 17510 40 22
v 17511 12 6
v 17512 212 109
v 17513 185 95
v 17514 157 81
v 17515 83 47
v 17516 111 62
v 17517 70 39
v 17518 98 55
v 17519 77 41
v 17520 114 62
v 17521 49 29
v 17522 67 34
v 17527 123 62
v 17528 73 36
v 17529 114 57
v 17531 178 105
v 17534 91 47
v 17536 179 91
v 17537 104 53
v 17539 88 55
v 17543 152 69
v 17544 65 32
v 17545 41 26
v 17546 36 20
v 17553 45 22
v 17563 19 9
v 17734 128 69
v 17735 323 152
v 17736 71 34
v 17737 46 28
v 17738 379 170
v 17739 200 101
v 17740 295 130
v 17741 34 17
v 17742 92 42
v 17743 26 10
v 17744 73 32
v 17745 78 35
v 17746 23 13
v 17747 37 21
v 17748 245 123
v 17749 233 100
v 17750 460 211
v 17751 201 98
v 17752 186 77
v 17753 14 6
v 17754 78 34
v 17755 95 42
v 17756 27 12
v 17757 264 129
v 17758 69 30
v 17759 38 16
v 17760 173 83
v 17761 245 117
v 17762 113 68
v 17763 60 34
v 17764 153 65
v 17765 179 97
v 17766 58 31
v 17767 22 13
v 17768 241 118
v 17769 202 112
v 17770 193 85
v 17771 121 66
v 17772 146 77
v 17773 91 35
v 17774 125 53
v 17775 63 26
v 17776 164 77
v 17777 57 20
v 17778 108 66
v 17783 190 91
v 17784 100 55
v 17785 141 67
v 17787 245 124
v 17790 113 56
v 17792 206 108
v 17793 100 55
v 17795 111 53
v 17799 231 110
v 17800 75 35
v 17801 65 29
v 17802 49 30
v 17809 70 36
v 17819 48 18
v 17991 327 153
v 17992 98 53
v 17993 46 25
v 17994 429 227
v 17995 167 76
v 17996 262 111
v 17997 20 7
v 17998 55 19
v 17999 38 18
v 18000 71 31
v 18001 51 14
v 18002 31 15
v 18003 46 30
v 18004 243 126
v 18005 248 119
v 18006 508 256
v 18007 194 96
v 18008 165 75
v 18009 22 9
v 18010 58 32
v 18011 77 39
v 18012 26 13
v 18013 290 146
v 18014 21 10
v 18015 53 25
v 18016 145 78
v 18017 326 150
v 18018 127 61
v 18019 74 38
v 18020 177 100
v 18021 158 74
v 18022 49 22
v 18023 24 11
v 18024 261 118
v 18025 205 105
v 18026 170 87
v 18027 128 59
v 18028 125 68
v 18029 88 45
v 18030 188 85
v 18031 89 43
v 18032 114 57
v 18033 84 39
v 18034 119 65
v 18039 115 51
v 18040 75 32
v 18041 155 73
v 18043 216 126
v 18046 139 76
v 18048 271 128
v 18049 138 72
v 18051 118 65
v 18055 236 98
v 18056 80 41
v 18057 47 27
v 18058 37 14
v 18065 82 38
v 18075 38 23
v 18248 179 98
v 18249 99 57
v 18250 928 442
v 18251 383 212
v 18252 607 298
v 18253 46 23
v 18254 140 71
v 18255 110 71
v 18256 145 73
v 18257 139 67
v 18258 67 26
v 18259 87 49
v 18260 527 272
v 18261 501 257
v 18262 1197 638
v 18263 465 240
v 18264 382 177
v 18265 34 13
v 18266 177 88
v 18267 161 93
v 18268 58 30
v 18269 621 318
v 18270 106 60
v 18271 109 55
v 18272 295 153
v 18273 637 332
v 18274 314 184
v 18275 151 81
v 18276 362 177
v 18277 474 254
v 18278 107 51
v 18279 39 19
v 18280 522 262
v 18281 488 235
v 18282 483 233
v 18283 272 144
v 18284 412 207
v 18285 154 89
v 18286 270 128
v 18287 166 66
v 18288 328 151
v 18289 145 66
v 18290 290 174
v 18295 418 204
v 18296 175 106
v 18297 350 166
v 18299 520 307
v 18302 285 147
v 18304 567 305
v 18305 308 157
v 18307 307 152
v 18311 550 279
v 18312 160 77
v 18313 121 64
v 18314 102 58
v 18321 185 104
v 18331 97 44
v 18505 21 7
v 18506 195 83
v 18507 91 42
v 18508 135 54
v 18509 23 8
v 18510 35 14
v 18511 18 12
v 18512 42 16
v 18513 29 13
v 18514 7 4
v 18515 17 9
v 18516 138 64
v 18517 144 79
v 18518 280 138
v 18519 121 58
v 18520 75 34
v 18521 6 4
v 18522 26 14
v 18523 36 21
v 18524 19 14
v 18525 149 90
v 18526 19 10
v 18527 19 7
v 18528 87 33
v 18529 136 71
v 18530 56 40
v 18531 45 23
v 18532 96 50
v 18533 92 51
v 18534 21 7
v 18535 8 2
v 18536 124 49
v 18537 88 51
v 18538 106 55
v 18539 74 41
v 18540 73 40
v 18541 51 27
v 18542 62 25
v 18543 40 20
v 18544 72 39
v 18545 28 14
v 18546 59 38
v 18551 75 29
v 18552 39 14
v 18553 68 35
v 18555 125 75
v 18558 44 23
v 18560 148 79
v 18561 71 37
v 18563 66 31
v 18567 124 60
v 18568 38 18
v 18569 21 11
v 18570 33 18
v 18577 40 18
v 18587 23 13
v 18762 129 58
v 18763 43 20
v 18764 60 20
v 18765 7 2
v 18766 14 9
v 18767 14 5
v 18768 22 10
v 18769 23 6
v 18770 6 2
v 18771 10 3
v 18772 84 39
v 18773 72 38
v 18774 180 78
v 18775 56 24
v 18776 38 19
v 18777 3 1
v 18778 26 11
v 18779 21 10
v 18780 8 1
v 18781 73 29
v 18782 18 11
v 18783 10 2
v 18784 38 19
v 18785 77 27
v 18786 41 18
v 18787 17 11
v 18788 61 28
v 18789 71 32
v 18790 20 11
v 18791 3 2
v 18792 100 53
v 18793 54 18
v 18794 50 24
v 18795 36 15
v 18796 41 23
v 18797 29 16
v 18798 34 13
v 18799 19 11
v 18800 41 17
v 18801 23 10
v 18802 40 21
v 18807 51 25
v 18808 30 18
v 18809 44 18
v 18811 68 38
v 18814 34 17
v 18816 82 39
v 18817 41 18
v 18819 41 21
v 18823 76 37
v 18824 29 12
v 18825 12 6
v 18826 14 10
v 18833 21 9
v 18843 23 9
v 19019 438 220
v 19020 787 379
v 19021 88 41
v 19022 189 102
v 19023 108 54
v 19024 198 107
v 19025 145 78
v 19026 86 37
v 19027 111 61
v 19028 723 387
v 19029 628 336
v 19030 1573 818
v 19031 623 315
v 19032 428 211
v 19033 60 31
v 19034 226 112
v 19035 244 121
v 19036 102 42
v 19037 686 372
v 19038 92 50
v 19039 99 51
v 19040 363 198
v 19041 796 401
v 19042 275 144
v 19043 162 89
v 19044 444 210
v 19045 536 278
v 19046 127 56
v 19047 59 21
v 19048 699 348
v 19049 704 347
v 19050 527 270
v 19051 377 200
v 19052 365 201
v 19053 235 124
v 19054 365 185
v 19055 209 109
v 19056 422 196
v 19057 227 116
v 19058 287 166
v 19063 421 225
v 19064 301 154
v 19065 464 218
v 19067 601 329
v 19070 400 176
v 19072 750 391
v 19073 387 207
v 19075 366 180
v 19079 685 319
v 19080 230 120
v 19081 151 70
v 19082 129 70
v 19089 240 122
v 19099 109 69
v 19276 353 153
v 19277 55 25
v 19278 91 41
v 19279 43 20
v 19280 78 38
v 19281 80 34
v 19282 29 16
v 19283 37 21
v 19284 316 145
v 19285 251 126
v 19286 661 327
v 19287 283 130
v 19288 217 93
v 19289 22 12
v 19290 96 43
v 19291 63 29
v 19292 31 16
v 19293 298 150
v 19294 57 28
v 19295 47 20
v 19296 174 76
v 19297 282 138
v 19298 107 57
v 19299 85 48
v 19300 144 69
v 19301 265 127
v 19302 59 22
v 19303 19 9
v 19304 339 159
v 19305 225 106
v 19306 189 92
v 19307 139 65
v 19308 144 77
v 19309 113 55
v 19310 114 55
v 19311 99 35
v 19312 141 68
v 19313 89 36
v 19314 132 73
v 19319 189 81
v 19320 91 47
v 19321 154 75
v 19323 259 128
v 19326 148 65
v 19328 293 144
v 19329 146 67
v 19331 102 45
v 19335 227 121
v 19336 80 31
v 19337 43 22
v 19338 61 29
v 19345 75 35
v 19355 37 16
v 19533 44 24
v 19534 126 69
v 19535 89 49
v 19536 119 64
v 19537 93 44
v 19538 45 26
v 19539 67 40
v 19540 439 257
v 19541 361 203
v 19542 786 417
v 19543 411 213
v 19544 405 172
v 19545 31 13
v 19546 142 83
v 19547 149 84
v 19548 55 22
v 19549 495 268
v 19550 68 35
v 19551 65 36
v 19552 247 138
v 19553 437 235
v 19554 195 118
v 19555 120 76
v 19556 259 136
v 19557 377 210
v 19558 83 50
v 19559 40 20
v 19560 526 286
v 19561 400 215
v 19562 343 199
v 19563 227 129
v 19564 243 149
v 19565 145 91
v 19566 201 103
v 19567 165 89
v 19568 292 154
v 19569 135 60
v 19570 197 131
v 19575 310 157
v 19576 164 90
v 19577 260 126
v 19579 436 246
v 19582 198 112
v 19584 504 291
v 19585 182 103
v 19587 179 109
v 19591 417 232
v 19592 151 73
v 19593 102 59
v 19594 89 51
v 19601 190 106
v 19611 89 46
v 19790 12 7
v 19791 9 6
v 19792 11 6
v 19793 11 7
v 19794 6 1
v 19795 7 3
v 19796 37 14
v 19797 34 21
v 19798 103 52
v 19799 44 22
v 19800 28 10
v 19801 14 3
v 19802 10 5
v 19803 13 6
v 19804 5 2
v 19805 42 24
v 19806 4 0
v 19807 8 4
v 19808 23 13
v 19809 48 25
v 19810 24 9
v 19811 8 6
v 19812 30 10
v 19813 50 30
v 19814 6 5
v 19815 3 1
v 19816 45 25
v 19817 43 22
v 19818 36 23
v 19819 24 13
v 19820 21 11
v 19821 24 13
v 19822 20 11
v 19823 18 11
v 19824 18 12
v 19825 16 7
v 19826 19 13
v 19831 29 14
v 19832 13 4
v 19833 35 15
v 19835 43 21
v 19838 23 9
v 19840 39 19
v 19841 23 10
v 19843 29 17
v 19847 46 16
v 19848 10 2
v 19849 9 2
v 19850 10 6
v 19857 14 10
v 19867 3 0
v 20047 13 6
v 20048 38 23
v 20049 16 12
v 20050 18 5
v 20051 17 3
v 20052 89 52
v 20053 94 45
v 20054 224 121
v 20055 97 57
v 20056 70 32
v 20057 9 3
v 20058 41 20
v 20059 32 18
v 20060 12 3
v 20061 130 69
v 20062 17 8
v 20063 13 7
v 20064 68 36
v 20065 120 62
v 20066 66 39
v 20067 28 14
v 20068 82 44
v 20069 86 46
v 20070 25 16
v 20071 11 6
v 20072 118 52
v 20073 116 69
v 20074 95 56
v 20075 62 30
v 20076 61 34
v 20077 40 27
v 20078 53 21
v 20079 32 15
v 20080 67 27
v 20081 37 15
v 20082 45 28
v 20087 83 32
v 20088 56 28
v 20089 73 37
v 20091 110 48
v 20094 61 25
v 20096 122 63
v 20097 55 26
v 20099 64 30
v 20103 101 53
v 20104 38 15
v 20105 36 24
v 20106 29 14
v 20113 43 25
v 20123 23 13
v 20304 27 11
v 20305 21 10
v 20306 6 1
v 20307 11 7
v 20308 63 29
v 20309 63 28
v 20310 139 72
v 20311 82 41
v 20312 48 22
v 20313 5 4
v 20314 11 6
v 20315 22 9
v 20316 8 3
v 20317 89 51
v 20318 6 5
v 20319 5 3
v 20320 45 22
v 20321 78 39
v 20322 23 12
v 20323 17 7
v 20324 43 17
v 20325 63 31
v 20326 16 9
v 20327 4 2
v 20328 62 37
v 20329 61 30
v 20330 51 24
v 20331 32 16
v 20332 42 21
v 20333 27 14
v 20334 31 20
v 20335 22 9
v 20336 47 28
v 20337 26 15
v 20338 28 15
v 20343 28 12
v 20344 26 10
v 20345 48 25
v 20347 68 41
v 20350 35 19
v 20352 72 39
v 20353 24 14
v 20355 42 21
v 20359 70 25
v 20360 21 7
v 20361 15 7
v 20362 14 7
v 20369 24 15
v 20379 14 6
v 20561 32 19
v 20562 12 9
v 20563 13 4
v 20564 107 59
v 20565 99 49
v 20566 249 125
v 20567 114 60
v 20568 63 31
v 20569 13 9
v 20570 30 11
v 20571 38 20
v 20572 15 6
v 20573 122 59
v 20574 10 5
v 20575 12 5
v 20576 48 22
v 20577 122 59
v 20578 57 25
v 20579 28 16
v 20580 71 30
v 20581 85 46
v 20582 25 10
v 20583 15 5
v 20584 109 52
v 20585 99 52
v 20586 74 44
v 20587 60 29
v 20588 62 34
v 20589 47 19
v 20590 62 39
v 20591 32 15
v 20592 69 33
v 20593 38 17
v 20594 61 28
v 20599 72 44
v 20600 48 23
v 20601 58 29
v 20603 83 43
v 20606 61 26
v 20608 117 61
v 20609 49 22
v 20611 55 28
v 20615 94 39
v 20616 36 21
v 20617 21 11
v 20618 22 7
v 20625 51 31
v 20635 27 15
v 20818 6 1
v 20819 8 4
v 20820 119 64
v 20821 98 52
v 20822 199 112
v 20823 97 56
v 20824 70 31
v 20825 8 3
v 20826 24 17
v 20827 23 10
v 20828 10 5
v 20829 99 53
v 20830 20 13
v 20831 16 9
v 20832 49 29
v 20833 94 44
v 20834 56 30
v 20835 27 13
v 20836 60 29
v 20837 93 52
v 20838 12 6
v 20839 8 4
v 20840 116 53
v 20841 74 33
v 20842 82 35
v 20843 58 23
v 20844 52 29
v 20845 32 17
v 20846 58 23
v 20847 38 20
v 20848 47 20
v 20849 26 10
v 20850 50 28
v 20855 60 30
v 20856 44 26
v 20857 47 20
v 20859 70 42
v 20862 47 26
v 20864 95 52
v 20865 53 24
v 20867 49 27
v 20871 88 48
v 20872 27 16
v 20873 28 16
v 20874 11 6
v 20881 31 15
v 20891 20 7
v 21075 3 2
v 21076 53 36
v 21077 41 27
v 21078 113 53
v 21079 34 21
v 21080 36 27
v 21081 6 3
v 21082 18 9
v 21083 21 16
v 21084 5 4
v 21085 37 23
v 21086 9 6
v 21087 5 3
v 21088 22 12
v 21089 48 25
v 21090 12 8
v 21091 11 7
v 21092 24 14
v 21093 36 17
v 21094 12 10
v 21095 3 1
v 21096 45 31
v 21097 44 22
v 21098 32 17
v 21099 22 15
v 21100 21 14
v 21101 21 9
v 21102 18 8
v 21103 22 13
v 21104 11 5
v 21105 15 10
v 21106 18 13
v 21111 30 17
v 21112 13 9
v 21113 38 19
v 21115 43 27
v 21118 22 12
v 21120 44 22
v 21121 19 7
v 21123 23 10
v 21127 30 17
v 21128 10 6
v 21129 7 5
v 21130 12 10
v 21137 25 17
v 21147 8 6
v 21332 63 27
v 21333 46 20
v 21334 146 73
v 21335 43 20
v 21336 33 17
v 21337 4 2
v 21338 23 7
v 21339 29 13
v 21340 10 8
v 21341 70 30
v 21342 10 6
v 21343 17 4
v 21344 36 19
v 21345 79 36
v 21346 64 35
v 21347 21 12
v 21348 31 13
v 21349 61 31
v 21350 6 1
v 21351 9 3
v 21352 61 27
v 21353 59 27
v 21354 43 16
v 21355 22 11
v 21356 18 5
v 21357 24 15
v 21358 30 19
v 21359 17 8
v 21360 40 13
v 21361 14 10
v 21362 25 12
v 21367 42 14
v 21368 17 10
v 21369 49 22
v 21371 58 28
v 21374 26 12
v 21376 54 30
v 21377 35 16
v 21379 45 19
v 21383 64 24
v 21384 22 8
v 21385 16 11
v 21386 12 7
v 21393 17 4
v 21403 10 5
v 21589 417 201
v 21590 917 412
v 21591 380 175
v 21592 294 127
v 21593 27 11
v 21594 121 64
v 21595 118 69
v 21596 36 18
v 21597 523 235
v 21598 66 29
v 21599 60 32
v 21600 254 135
v 21601 459 206
v 21602 234 127
v 21603 143 75
v 21604 292 133
v 21605 380 201
v 21606 83 42
v 21607 30 12
v 21608 521 245
v 21609 352 168
v 21610 304 138
v 21611 205 99
v 21612 208 101
v 21613 142 67
v 21614 214 94
v 21615 133 61
v 21616 220 101
v 21617 126 51
v 21618 179 96
v 21623 289 142
v 21624 146 89
v 21625 272 99
v 21627 440 237
v 21630 180 89
v 21632 451 218
v 21633 204 99
v 21635 223 103
v 21639 419 205
v 21640 115 53
v 21641 104 51
v 21642 74 43
v 21649 134 70
v 21659 74 39
v 21846 784 352
v 21847 315 157
v 21848 227 101
v 21849 24 11
v 21850 108 48
v 21851 116 64
v 21852 40 19
v 21853 431 206
v 21854 98 41
v 21855 53 32
v 21856 212 105
v 21857 363 160
v 21858 253 128
v 21859 95 56
v 21860 253 126
v 21861 306 155
v 21862 81 41
v 21863 38 14
v 21864 337 168
v 21865 313 157
v 21866 248 119
v 21867 180 96
v 21868 192 94
v 21869 132 67
v 21870 210 102
v 21871 119 54
v 21872 232 126
v 21873 109 49
v 21874 176 92
v 21879 223 117
v 21880 121 61
v 21881 238 111
v 21883 378 201
v 21886 156 66
v 21888 649 315
v 21889 146 75
v 21891 170 90
v 21895 365 160
v 21896 135 59
v 21897 75 32
v 21898 91 39
v 21905 106 47
v 21915 63 33
v 22103 782 397
v 22104 525 242
v 22105 47 26
v 22106 321 156
v 22107 289 142
v 22108 98 45
v 22109 963 483
v 22110 139 66
v 22111 129 67
v 22112 471 264
v 22113 883 441
v 22114 368 201
v 22115 270 148
v 22116 564 290
v 22117 748 370
v 22118 185 83
v 22119 78 45
v 22120 966 438
v 22121 814 410
v 22122 681 361
v 22123 450 228
v 22124 390 243
v 22125 326 179
v 22126 493 230
v 22127 270 117
v 22128 517 266
v 22129 236 102
v 22130 394 217
v 22135 607 280
v 22136 328 178
v 22137 542 241
v 22139 844 439
v 22142 454 222
v 22144 1010 504
v 22145 441 213
v 22147 463 225
v 22151 826 395
v 22152 275 134
v 22153 201 113
v 22154 158 83
v 22161 297 154
v 22171 157 80
v 22360 231 106
v 22361 27 15
v 22362 114 61
v 22363 116 60
v 22364 43 26
v 22365 301 174
v 22366 57 29
v 22367 48 25
v 22368 212 110
v 22369 356 187
v 22370 140 82
v 22371 94 51
v 22372 246 126
v 22373 298 169
v 22374 73 37
v 22375 37 15
v 22376 381 194
v 22377 367 200
v 22378 270 141
v 22379 186 105
v 22380 199 92
v 22381 103 46
v 22382 168 92
v 22383 111 58
v 22384 205 89
v 22385 99 47
v 22386 160 92
v 22391 242 129
v 22392 142 74
v 22393 190 91
v 22395 359 196
v 22398 184 92
v 22400 373 189
v 22401 200 103
v 22403 181 84
v 22407 334 175
v 22408 108 59
v 22409 55 31
v 22410 63 36
v 22417 129 81
v 22427 74 45
v 22617 25 10
v 22618 87 38
v 22619 76 40
v 22620 24 9
v 22621 326 189
v 22622 39 20
v 22623 47 24
v 22624 168 93
v 22625 287 142
v 22626 118 70
v 22627 64 39
v 22628 177 82
v 22629 255 137
v 22630 55 28
v 22631 25 13
v 22632 267 141
v 22633 261 161
v 22634 194 102
v 22635 132 80
v 22636 146 69
v 22637 75 42
v 22638 137 68
v 22639 91 50
v 22640 150 84
v 22641 63 23
v 22642 137 93
v 22647 201 109
v 22648 123 74
v 22649 162 62
v 22651 254 153
v 22654 151 76
v 22656 288 157
v 22657 128 68
v 22659 151 82
v 22663 239 124
v 22664 69 46
v 22665 57 35
v 22666 57 36
v 22673 84 50
v 22683 43 21
v 22874 12 7
v 22875 4 0
v 22876 2 1
v 22877 26 17
v 22878 3 0
v 22880 9 3
v 22881 39 13
v 22882 13 6
v 22883 4 3
v 22884 14 6
v 22885 23 10
v 22886 6 5
v 22887 1 0
v 22888 22 9
v 22889 28 11
v 22890 18 10
v 22891 15 6
v 22892 15 6
v 22893 15 10
v 22894 16 11
v 22895 9 1
v 22896 22 11
v 22897 17 10
v 22898 23 12
v 22903 21 11
v 22904 12 5
v 22905 27 12
v 22907 23 13
v 22910 10 4
v 22912 30 10
v 22913 12 6
v 22915 21 11
v 22919 25 8
v 22920 9 4
v 22921 1 0
v 22922 5 3
v 22929 7 2
v 22939 5 2
v 23131 54 26
v 23132 22 14
v 23133 120 54
v 23134 27 15
v 23135 14 6
v 23136 73 44
v 23137 142 70
v 23138 52 29
v 23139 26 12
v 23140 89 39
v 23141 95 48
v 23142 23 10
v 23143 14 7
v 23144 140 64
v 23145 143 72
v 23146 117 51
v 23147 76 35
v 23148 52 32
v 23149 53 31
v 23150 79 39
v 23151 46 20
v 23152 108 50
v 23153 43 17
v 23154 47 30
v 23159 95 52
v 23160 56 38
v 23161 103 64
v 23163 144 83
v 23166 61 41
v 23168 144 70
v 23169 52 24
v 23171 87 40
v 23175 141 70
v 23176 41 23
v 23177 28 16
v 23178 19 10
v 23185 65 38
v 23195 30 15
v 23388 11 6
v 23389 122 65
v 23390 33 21
v 23391 15 3
v 23392 53 24
v 23393 137 51
v 23394 79 41
v 23395 36 23
v 23396 100 48
v 23397 105 47
v 23398 28 14
v 23399 15 8
v 23400 117 62
v 23401 140 71
v 23402 121 67
v 23403 74 38
v 23404 69 30
v 23405 70 31
v 23406 59 33
v 23407 47 24
v 23408 90 49
v 23409 42 23
v 23410 68 33
v 23415 89 46
v 23416 43 19
v 23417 82 36
v 23419 154 78
v 23422 61 31
v 23424 139 71
v 23425 46 22
v 23427 77 46
v 23431 140 57
v 23432 48 23
v 23433 30 14
v 23434 31 13
v 23441 52 24
v 23451 13 5
v 23645 59 32
v 23646 10 4
v 23647 5 3
v 23648 20 8
v 23649 52 24
v 23650 20 13
v 23651 17 5
v 23652 31 13
v 23653 39 25
v 23654 13 4
v 23655 3 2
v 23656 50 27
v 23657 47 20
v 23658 34 15
v 23659 23 15
v 23660 27 15
v 23661 21 14
v 23662 22 14
v 23663 20 13
v 23664 32 19
v 23665 15 9
v 23666 19 13
v 23671 42 20
v 23672 20 8
v 23673 42 23
v 23675 48 24
v 23678 23 12
v 23680 53 25
v 23681 16 9
v 23683 33 22
v 23687 52 19
v 23688 15 2
v 23689 12 4
v 23690 16 10
v 23697 17 13
v 23707 11 6
v 23902 77 38
v 23903 61 34
v 23904 277 139
v 23905 475 239
v 23906 201 109
v 23907 174 111
v 23908 294 149
v 23909 313 162
v 23910 123 64
v 23911 45 26
v 23912 445 221
v 23913 313 141
v 23914 427 228
v 23915 229 113
v 23916 255 132
v 23917 155 85
v 23918 217 117
v 23919 160 74
v 23920 315 146
v 23921 131 64
v 23922 217 125
v 23927 307 162
v 23928 171 93
v 23929 259 104
v 23931 411 207
v 23934 229 105
v 23936 450 221
v 23937 206 94
v 23939 240 129
v 23943 411 199
v 23944 132 54
v 23945 89 46
v 23946 108 52
v 23953 144 77
v 23963 76 33
v 24159 8 2
v 24160 28 12
v 24161 75 26
v 24162 27 15
v 24163 13 4
v 24164 46 26
v 24165 69 35
v 24166 16 9
v 24167 5 3
v 24168 95 51
v 24169 70 33
v 24170 44 19
v 24171 31 18
v 24172 29 10
v 24173 25 10
v 24174 30 15
v 24175 21 11
v 24176 37 15
v 24177 23 11
v 24178 33 15
v 24183 55 27
v 24184 14 7
v 24185 31 9
v 24187 64 33
v 24190 34 16
v 24192 71 34
v 24193 23 11
v 24195 33 19
v 24199 69 28
v 24200 21 9
v 24201 15 9
v 24202 18 11
v 24209 24 13
v 24219 12 8
v 24416 29 18
v 24417 65 33
v 24418 32 13
v 24419 19 13
v 24420 36 12
v 24421 50 30
v 24422 18 11
v 24423 2 0
v 24424 71 39
v 24425 30 9
v 24426 40 25
v 24427 32 15
v 24428 32 15
v 24429 14 8
v 24430 37 24
v 24431 20 10
v 24432 26 12
v 24433 19 9
v 24434 41 20
v 24439 40 25
v 24440 23 10
v 24441 43 17
v 24443 41 23
v 24446 27 14
v 24448 67 33
v 24449 29 15
v 24451 41 19
v 24455 54 21
v 24456 28 12
v 24457 10 8
v 24458 12 7
v 24465 22 9
v 24475 13 9
v 24673 230 104
v 24674 119 56
v 24675 72 37
v 24676 145 78
v 24677 186 95
v 24678 50 20
v 24679 23 7
v 24680 262 111
v 24681 206 100
v 24682 178 80
v 24683 131 63
v 24684 129 78
v 24685 91 41
v 24686 122 61
v 24687 73 35
v 24688 119 50
v 24689 50 30
v 24690 104 58
v 24695 133 59
v 24696 76 38
v 24697 137 55
v 24699 219 114
v 24702 107 49
v 24704 244 122
v 24705 109 48
v 24707 103 50
v 24711 219 104
v 24712 51 23
v 24713 45 25
v 24714 34 20
v 24721 68 29
v 24731 35 22
v 24930 221 130
v 24931 111 59
v 24932 312 148
v 24933 344 187
v 24934 85 43
v 24935 45 26
v 24936 492 241
v 24937 390 198
v 24938 311 149
v 24939 240 139
v 24940 253 143
v 24941 167 91
v 24942 212 102
v 24943 156 82
v 24944 263 134
v 24945 143 77
v 24946 190 88
v 24951 291 149
v 24952 182 102
v 24953 309 151
v 24955 424 250
v 24958 212 92
v 24960 493 262
v 24961 236 116
v 24963 248 131
v 24967 488 230
v 24968 122 65
v 24969 81 42
v 24970 83 51
v 24977 149 88
v 24987 82 47
v 25187 68 43
v 25188 131 65
v 25189 131 56
v 25190 62 22
v 25191 17 7
v 25192 177 82
v 25193 130 56
v 25194 143 59
v 25195 125 63
v 25196 99 52
v 25197 63 38
v 25198 100 44
v 25199 58 29
v 25200 127 56
v 25201 60 27
v 25202 93 39
v 25207 99 42
v 25208 83 37
v 25209 90 43
v 25211 171 95
v 25214 108 46
v 25216 224 92
v 25217 98 56
v 25219 110 51
v 25223 198 86
v 25224 59 23
v 25225 34 17
v 25226 35 16
v 25233 69 35
v 25243 51 27
v 25444 64 24
v 25445 88 39
v 25446 23 9
v 25447 9 2
v 25448 128 51
v 25449 118 59
v 25450 64 27
v 25451 62 31
v 25452 72 40
v 25453 39 16
v 25454 50 22
v 25455 38 19
v 25456 44 15
v 25457 28 13
v 25458 59 24
v 25463 65 31
v 25464 36 22
v 25465 73 24
v 25467 85 40
v 25470 42 23
v 25472 113 61
v 25473 61 25
v 25475 49 27
v 25479 107 39
v 25480 42 20
v 25481 23 13
v 25482 23 15
v 25489 34 18
v 25499 16 8
v 25701 217 118
v 25702 43 23
v 25703 27 13
v 25704 202 108
v 25705 211 107
v 25706 224 113
v 25707 143 63
v 25708 168 76
v 25709 122 69
v 25710 141 61
v 25711 104 58
v 25712 170 86
v 25713 70 35
v 25714 143 73
v 25719 166 79
v 25720 125 67
v 25721 185 74
v 25723 243 121
v 25726 157 83
v 25728 352 179
v 25729 160 77
v 25731 153 78
v 25735 270 136
v 25736 93 44
v 25737 50 28
v 25738 67 34
v 25745 92 50
v 25755 51 25
v 25958 78 41
v 25959 27 14
v 25960 341 174
v 25961 284 131
v 25962 233 121
v 25963 163 88
v 25964 184 98
v 25965 89 40
v 25966 163 90
v 25967 125 58
v 25968 177 78
v 25969 107 52
v 25970 152 86
v 25975 232 116
v 25976 148 70
v 25977 183 105
v 25979 330 162
v 25982 154 74
v 25984 351 163
v 25985 142 77
v 25987 164 83
v 25991 325 155
v 25992 109 50
v 25993 82 43
v 25994 61 30
v 26001 117 69
v 26011 38 19
v 26215 5 0
v 26216 77 42
v 26217 103 58
v 26218 60 37
v 26219 40 25
v 26220 46 23
v 26221 29 15
v 26222 36 20
v 26223 22 6
v 26224 60 35
v 26225 24 13
v 26226 41 21
v 26231 49 23
v 26232 28 12
v 26233 55 17
v 26235 70 40
v 26238 39 22
v 26240 76 40
v 26241 30 17
v 26243 44 24
v 26247 79 44
v 26248 20 12
v 26249 16 8
v 26250 17 8
v 26257 27 21
v 26267 17 6
v 26472 30 17
v 26473 29 15
v 26474 18 6
v 26475 14 7
v 26476 24 12
v 26477 15 11
v 26478 22 9
v 26479 16 9
v 26480 29 15
v 26481 5 1
v 26482 19 10
v 26487 24 14
v 26488 13 7
v 26489 22 8
v 26491 38 17
v 26494 17 6
v 26496 26 19
v 26497 10 3
v 26499 18 8
v 26503 30 14
v 26504 14 8
v 26505 7 4
v 26506 8 5
v 26513 10 5
v 26523 7 6
v 26729 285 124
v 26730 238 125
v 26731 193 87
v 26732 238 132
v 26733 112 72
v 26734 238 122
v 26735 101 42
v 26736 160 73
v 26737 112 56
v 26738 219 114
v 26743 274 143
v 26744 159 96
v 26745 251 130
v 26747 371 209
v 26750 187 97
v 26752 457 233
v 26753 228 127
v 26755 161 84
v 26759 432 199
v 26760 128 64
v 26761 91 53
v 26762 85 55
v 26769 130 67
v 26779 48 25
v 26986 271 129
v 26987 192 95
v 26988 184 98
v 26989 128 64
v 26990 195 93
v 26991 138 65
v 26992 268 130
v 26993 108 48
v 26994 120 78
v 26999 252 127
v 27000 149 72
v 27001 244 122
v 27003 390 211
v 27006 174 89
v 27008 388 194
v 27009 179 82
v 27011 198 108
v 27015 375 158
v 27016 129 74
v 27017 105 59
v 27018 72 44
v 27025 122 75
v 27035 59 31
v 27243 172 91
v 27244 174 92
v 27245 120 66
v 27246 142 62
v 27247 77 28
v 27248 201 108
v 27249 84 37
v 27250 159 84
v 27255 206 112
v 27256 115 77
v 27257 176 80
v 27259 325 174
v 27262 166 95
v 27264 299 160
v 27265 144 72
v 27267 153 69
v 27271 276 133
v 27272 88 43
v 27273 86 56
v 27274 57 31
v 27281 82 35
v 27291 51 24
v 27500 115 64
v 27501 76 37
v 27502 82 39
v 27503 68 35
v 27504 132 56
v 27505 57 31
v 27506 106 50
v 27511 124 62
v 27512 98 60
v 27513 120 63
v 27515 209 115
v 27518 109 50
v 27520 214 109
v 27521 102 50
v 27523 108 59
v 27527 190 85
v 27528 65 31
v 27529 44 25
v 27530 47 29
v 27537 69 30
v 27547 44 20
v 27757 74 37
v 27758 93 47
v 27759 81 35
v 27760 126 52
v 27761 54 20
v 27762 99 52
v 27767 170 85
v 27768 95 50
v 27769 126 58
v 27771 221 111
v 27774 119 53
v 27776 237 102
v 27777 107 54
v 27779 99 45
v 27783 222 99
v 27784 70 39
v 27785 44 26
v 27786 38 19
v 27793 59 32
v 27803 39 20
v 28014 64 26
v 28015 55 20
v 28016 68 30
v 28017 45 18
v 28018 75 42
v 28023 96 44
v 28024 54 28
v 28025 99 47
v 28027 168 69
v 28030 68 31
v 28032 159 79
v 28033 71 36
v 28035 86 32
v 28039 156 77
v 28040 72 39
v 28041 21 9
v 28042 31 18
v 28049 48 22
v 28059 29 13
v 28271 59 27
v 28272 151 80
v 28273 66 30
v 28274 81 48
v 28279 148 82
v 28280 80 38
v 28281 121 70
v 28283 210 112
v 28286 93 42
v 28288 353 181
v 28289 107 51
v 28291 121 60
v 28295 198 99
v 28296 89 44
v 28297 48 29
v 28298 41 19
v 28305 74 46
v 28315 31 19
v 28528 99 47
v 28529 49 23
v 28530 68 40
v 28535 76 41
v 28536 54 34
v 28537 85 37
v 28539 149 83
v 28542 72 39
v 28544 126 65
v 28545 70 37
v 28547 66 34
v 28551 130 68
v 28552 38 16
v 28553 29 16
v 28554 20 11
v 28561 54 29
v 28571 23 16
v 28785 88 39
v 28786 91 54
v 28791 175 88
v 28792 77 44
v 28793 163 78
v 28795 244 134
v 28798 102 53
v 28800 267 128
v 28801 101 57
v 28803 147 75
v 28807 247 113
v 28808 76 42
v 28809 78 40
v 28810 73 47
v 28817 94 54
v 28827 57 26
v 29042 55 28
v 29047 84 34
v 29048 47 26
v 29049 89 40
v 29051 134 82
v 29054 50 29
v 29056 121 60
v 29057 47 31
v 29059 72 45
v 29063 122 65
v 29064 47 26
v 29065 37 17
v 29066 24 17
v 29073 51 27
v 29083 23 11
v 29303 134 56
v 29304 98 52
v 29305 113 43
v 29307 146 62
v 29310 96 53
v 29312 222 107
v 29313 91 42
v 29315 109 50
v 29319 181 77
v 29320 66 27
v 29321 34 18
v 29322 37 13
v 29329 57 29
v 29339 33 12
v 30584 123 62
v 30585 165 69
v 30587 302 155
v 30590 149 78
v 30592 300 136
v 30593 130 65
v 30595 136 68
v 30599 261 124
v 30600 77 37
v 30601 50 28
v 30602 59 24
v 30609 103 62
v 30619 56 30
v 30841 74 31
v 30843 144 62
v 30846 87 25
v 30848 168 72
v 30849 83 37
v 30851 91 48
v 30855 150 79
v 30856 62 31
v 30857 27 11
v 30858 37 22
v 30865 56 36
v 30875 32 15
v 31099 280 157
v 31102 122 69
v 31104 291 148
v 31105 103 58
v 31107 170 92
v 31111 286 136
v 31112 87 42
v 31113 56 34
v 31114 52 28
v 31121 95 47
v 31131 28 19
v 31614 208 103
v 31616 401 208
v 31617 193 96
v 31619 217 107
v 31623 397 176
v 31624 138 62
v 31625 81 42
v 31626 63 27
v 31633 135 64
v 31643 79 35
v 32384 202 100
v 32385 123 70
v 32387 111 56
v 32391 179 92
v 32392 63 36
v 32393 32 18
v 32394 36 18
v 32401 63 34
v 32411 37 17
v 32897 237 127
v 32899 213 101
v 32903 464 227
v 32904 152 69
v 32905 108 53
v 32906 86 51
v 32913 147 69
v 32923 85 47
v 33155 108 51
v 33159 232 110
v 33160 60 28
v 33161 35 20
v 33162 36 17
v 33169 59 33
v 33179 36 17
v 33671 204 100
v 33672 74 34
v 33673 52 25
v 33674 47 32
v 33681 67 42
v 33691 40 18
v 34696 121 70
v 34697 95 45
v 34698 55 24
v 34705 164 91
v 34715 69 33
v 34953 22 12
v 34954 24 11
v 34961 38 19
v 34971 19 11
v 35210 16 3
v 35217 26 11
v 35227 20 10
v 35473 28 19
v 35483 13 5
v 37275 16 6
s 258 466 248
s 259 98 44
s 260 24 8
s 261 327 162
s 262 18 9
s 263 396 201
s 264 32 14
s 265 355 180
s 266 13 8
s 267 153 62
s 268 27 15
s 269 93 48
s 270 701 339
s 271 124 64
s 272 95 47
s 273 171 85
s 274 37 12
s 275 85 38
s 276 185 89
s 277 397 192
s 278 293 151
s 279 114 59
s 281 455 204
s 282 675 319
s 283 334 165
s 284 127 67
s 285 169 83
s 286 364 172
s 287 325 166
s 288 77 39
s 289 122 59
s 290 115 50
s 291 315 145
s 292 350 165
s 293 144 74
s 294 51 21
s 295 239 104
s 296 126 57
s 297 23 10
s 298 189 98
s 299 87 46
s 300 32 15
s 301 128 70
s 302 17 7
s 303 137 70
s 304 31 15
s 305 354 182
s 306 106 64
s 307 84 36
s 308 47 20
s 309 160 65
s 310 40 15
s 311 163 94
s 312 36 16
s 313 70 39
s 314 83 44
s 315 93 41
s 316 282 143
s 317 19 9
s 318 271 160
s 319 68 34
s 320 166 87
s 321 24 15
s 322 11 4
s 323 22 11
s 324 142 71
s 325 195 86
s 326 38 19
s 327 463 241
s 328 68 39
s 329 25 14
s 330 516 272
s 331 219 100
s 332 347 186
s 333 42 20
s 334 85 52
s 335 64 28
s 336 20 11
s 337 47 23
s 338 33 21
s 339 49 17
s 340 342 164
s 341 331 166
s 342 670 364
s 343 283 125
s 344 217 127
s 345 7 1
s 346 128 65
s 347 81 34
s 348 43 25
s 349 89 39
s 350 16 8
s 351 5 3
s 352 152 73
s 353 357 190
s 354 121 46
s 355 85 46
s 356 167 81
s 357 247 143
s 358 75 43
s 359 28 12
s 360 344 172
s 361 338 163
s 362 215 118
s 363 153 80
s 364 176 94
s 365 10 4
s 366 197 107
s 367 108 55
s 368 256 145
s 369 115 69
s 370 62 27
s 375 221 123
s 376 116 48
s 377 239 140
s 379 321 167
s 382 153 78
s 384 349 167
s 385 151 71
s 387 197 101
s 391 299 175
s 392 116 70
s 393 77 34
s 394 16 8
s 401 48 26
s 411 59 24
s 515 144 68
s 516 79 49
s 517 546 266
s 518 271 124
s 519 441 198
s 520 805 435
s 521 621 325
s 522 181 90
s 523 419 166
s 524 574 322
s 525 149 62
s 526 843 402
s 527 127 69
s 528 41 13
s 529 236 121
s 530 519 267
s 531 156 72
s 532 355 177
s 533 730 330
s 534 530 260
s 535 85 42
s 537 685 315
s 538 1101 503
s 539 548 270
s 540 42 23
s 541 21 12
s 542 701 359
s 543 513 271
s 544 157 83
s 545 63 30
s 546 205 112
s 547 594 303
s 548 420 200
s 549 195 94
s 550 14 7
s 551 383 186
s 552 235 103
s 553 290 138
s 554 198 93
s 555 103 49
s 556 377 197
s 557 158 78
s 558 179 83
s 559 187 100
s 560 557 266
s 561 252 114
s 562 210 107
s 563 137 68
s 564 84 47
s 565 389 177
s 566 691 342
s 567 39 21
s 568 167 85
s 569 70 38
s 570 88 42
s 571 106 51
s 572 39 19
s 573 28 16
s 574 299 178
s 575 135 62
s 576 306 147
s 577 26 9
s 578 12 6
s 579 361 188
s 580 259 142
s 581 48 20
s 582 263 119
s 583 554 306
s 584 161 76
s 585 75 39
s 586 939 455
s 587 429 211
s 588 586 318
s 589 12 8
s 590 20 12
s 591 87 40
s 592 164 78
s 593 55 31
s 594 65 40
s 595 76 36
s 596 525 269
s 597 327 165
s 598 1072 535
s 599 498 258
s 600 293 152
s 601 41 13
s 602 162 86
s 603 143 68
s 604 37 23
s 605 558 275
s 606 90 40
s 607 103 53
s 608 25 10
s 609 309 151
s 610 47 23
s 611 27 11
s 612 303 154
s 613 504 243
s 614 88 44
s 615 20 10
s 616 81 38
s 617 438 238
s 618 385 215
s 619 217 106
s 620 33 16
s 621 201 103
s 622 211 110
s 623 167 93
s 624 335 170
s 625 150 72
s 626 206 93
s 631 346 174
s 632 116 51
s 633 339 170
s 635 507 243
s 638 224 106
s 640 545 264
s 641 37 16
s 643 274 141
s 647 79 39
s 648 127 64
s 649 37 19
s 650 112 53
s 657 165 77
s 667 40 17
s 772 12 11
s 773 45 25
s 774 39 20
s 775 129 71
s 776 156 86
s 777 111 57
s 778 43 21
s 779 85 34
s 780 117 65
s 781 37 17
s 782 152 68
s 783 50 26
s 784 25 12
s 785 44 20
s 786 121 56
s 787 41 24
s 788 54 32
s 789 125 57
s 790 56 29
s 791 38 24
s 793 130 72
s 794 105 44
s 795 36 12
s 796 42 23
s 797 51 28
s 798 55 22
s 799 41 19
s 800 31 14
s 801 34 18
s 802 48 24
s 803 91 40
s 804 103 43
s 805 15 12
s 806 11 7
s 807 64 25
s 808 27 16
s 809 37 23
s 810 84 37
s 811 31 12
s 812 66 32
s 813 19 12
s 814 25 8
s 815 32 15
s 816 123 72
s 817 132 67
s 818 22 14
s 819 15 6
s 820 18 9
s 821 68 39
s 822 164 89
s 823 53 27
s 824 25 9
s 825 13 7
s 826 14 8
s 827 25 13
s 828 92 47
s 829 16 5
s 830 52 30
s 831 31 18
s 832 32 16
s 833 8 4
s 834 1 1
s 835 67 30
s 836 26 9
s 837 46 19
s 838 60 25
s 839 103 51
s 840 16 10
s 841 19 7
s 842 174 96
s 843 32 17
s 844 107 65
s 845 14 7
s 846 28 16
s 847 2 1
s 848 34 16
s 849 19 11
s 850 17 11
s 851 12 6
s 852 76 28
s 853 52 31
s 854 169 85
s 855 47 25
s 856 45 22
s 857 9 3
s 858 25 8
s 859 26 10
s 860 13 8
s 861 103 50
s 862 24 9
s 863 16 10
s 864 51 21
s 865 101 50
s 866 49 25
s 867 33 16
s 868 38 20
s 869 56 26
s 870 10 2
s 871 4 2
s 872 114 56
s 873 57 29
s 874 77 30
s 875 42 20
s 876 61 26
s 877 40 17
s 878 57 35
s 879 14 5
s 880 35 17
s 881 39 20
s 882 30 14
s 887 47 25
s 888 45 25
s 889 50 22
s 891 60 37
s 894 43 27
s 896 80 45
s 897 38 18
s 899 21 8
s 903 107 53
s 904 32 14
s 905 19 14
s 906 20 6
s 913 45 26
s 923 20 13
s 1029 74 38
s 1030 8 4
s 1031 75 39
s 1032 44 27
s 1033 69 32
s 1034 3 0
s 1035 30 11
s 1036 22 11
s 1037 15 8
s 1038 137 63
s 1039 23 14
s 1040 11 9
s 1041 28 16
s 1042 19 11
s 1043 17 12
s 1044 45 28
s 1045 93 54
s 1046 71 39
s 1047 15 7
s 1049 57 30
s 1050 140 72
s 1051 77 38
s 1052 29 12
s 1053 31 17
s 1054 76 37
s 1055 62 36
s 1056 16 10
s 1057 22 12
s 1058 25 10
s 1059 64 31
s 1060 65 29
s 1061 23 15
s 1062 10 4
s 1063 31 15
s 1064 26 13
s 1065 19 10
s 1066 43 24
s 1067 16 10
s 1068 19 13
s 1069 32 22
s 1070 11 6
s 1071 21 10
s 1072 29 12
s 1073 66 42
s 1074 17 10
s 1075 20 10
s 1076 13 6
s 1077 31 17
s 1078 26 16
s 1079 30 18
s 1080 9 6
s 1081 9 7
s 1082 17 8
s 1083 12 5
s 1084 34 23
s 1085 3 1
s 1086 39 24
s 1087 17 12
s 1088 38 18
s 1089 1 1
s 1090 4 3
s 1091 12 5
s 1092 32 20
s 1093 32 8
s 1094 11 6
s 1095 84 46
s 1096 17 8
s 1097 6 4
s 1098 93 60
s 1099 47 23
s 1100 59 39
s 1101 7 5
s 1102 17 11
s 1103 3 3
s 1104 7 4
s 1105 13 4
s 1106 4 2
s 1107 4 1
s 1108 64 34
s 1109 43 21
s 1110 130 80
s 1111 48 23
s 1112 37 25
s 1113 1 0
s 1114 18 3
s 1115 14 5
s 1116 8 5
s 1117 27 14
s 1118 5 2
s 1119 3 3
s 1120 36 17
s 1121 60 31
s 1122 30 17
s 1123 14 3
s 1124 39 17
s 1125 58 23
s 1126 8 6
s 1127 9 4
s 1128 62 35
s 1129 57 31
s 1130 33 15
s 1131 29 18
s 1132 26 13
s 1133 12 5
s 1134 28 19
s 1135 26 16
s 1136 31 22
s 1137 21 12
s 1138 18 8
s 1143 39 21
s 1144 18 9
s 1145 38 24
s 1147 54 31
s 1150 17 6
s 1152 54 29
s 1153 28 15
s 1155 27 13
s 1159 64 31
s 1160 16 11
s 1161 11 9
s 1162 2 1
s 1169 8 2
s 1179 13 8
s 1286 202 86
s 1287 465 233
s 1288 740 408
s 1289 335 184
s 1290 118 53
s 1291 298 125
s 1292 370 189
s 1293 111 55
s 1294 700 357
s 1295 225 120
s 1296 103 50
s 1297 202 100
s 1298 407 233
s 1299 152 70
s 1300 193 97
s 1301 548 265
s 1302 313 147
s 1303 148 82
s 1305 473 231
s 1306 391 197
s 1307 158 88
s 1308 215 100
s 1309 227 112
s 1310 173 81
s 1311 123 65
s 1312 130 64
s 1313 123 71
s 1314 166 78
s 1315 411 200
s 1316 513 244
s 1317 72 31
s 1318 71 37
s 1319 274 152
s 1320 88 39
s 1321 230 117
s 1322 346 180
s 1323 133 75
s 1324 286 142
s 1325 83 51
s 1326 158 69
s 1327 197 102
s 1328 399 210
s 1329 466 238
s 1330 49 21
s 1331 76 32
s 1332 76 40
s 1333 267 131
s 1334 530 264
s 1335 211 115
s 1336 125 57
s 1337 58 33
s 1338 51 24
s 1339 107 54
s 1340 324 177
s 1341 43 21
s 1342 234 121
s 1343 91 39
s 1344 91 47
s 1345 23 13
s 1346 5 1
s 1347 281 151
s 1348 88 45
s 1349 268 137
s 1350 255 121
s 1351 418 226
s 1352 105 51
s 1353 73 36
s 1354 577 292
s 1355 178 84
s 1356 480 263
s 1357 55 27
s 1358 132 74
s 1359 28 16
s 1360 115 55
s 1361 107 63
s 1362 52 29
s 1363 31 17
s 1364 295 134
s 1365 295 133
s 1366 567 267
s 1367 122 64
s 1368 201 127
s 1369 29 14
s 1370 98 42
s 1371 73 38
s 1372 34 16
s 1373 519 266
s 1374 65 37
s 1375 66 31
s 1376 268 129
s 1377 451 246
s 1378 195 95
s 1379 127 59
s 1380 164 71
s 1381 228 124
s 1382 65 32
s 1383 21 12
s 1384 399 211
s 1385 202 99
s 1386 297 148
s 1387 170 84
s 1388 239 116
s 1389 128 56
s 1390 152 78
s 1391 49 25
s 1392 85 43
s 1393 100 51
s 1394 236 107
s 1399 144 71
s 1400 157 63
s 1401 116 68
s 1403 235 94
s 1406 227 114
s 1408 319 157
s 1409 197 94
s 1411 93 52
s 1415 394 220
s 1416 92 50
s 1417 96 39
s 1418 80 41
s 1425 123 58
s 1435 51 24
s 1543 287 131
s 1544 13 2
s 1545 219 95
s 1546 3 0
s 1547 86 29
s 1548 11 6
s 1549 60 24
s 1550 472 213
s 1551 74 27
s 1552 48 20
s 1553 101 40
s 1554 12 4
s 1555 59 29
s 1556 119 56
s 1557 218 104
s 1558 152 64
s 1559 65 32
s 1561 220 95
s 1562 331 144
s 1563 198 98
s 1564 88 38
s 1565 112 41
s 1566 218 100
s 1567 155 76
s 1568 66 32
s 1569 49 23
s 1570 73 27
s 1571 148 65
s 1572 201 90
s 1573 67 30
s 1574 33 14
s 1575 139 59
s 1576 92 44
s 1577 17 6
s 1578 130 73
s 1579 59 26
s 1580 7 0
s 1581 57 21
s 1582 10 5
s 1583 84 34
s 1584 4 2
s 1585 207 90
s 1586 78 31
s 1587 79 37
s 1588 33 17
s 1589 75 21
s 1590 11 6
s 1591 112 52
s 1592 15 5
s 1593 38 17
s 1594 36 12
s 1595 39 13
s 1596 156 86
s 1597 19 7
s 1598 136 73
s 1599 38 17
s 1600 102 48
s 1601 15 8
s 1602 8 4
s 1603 8 4
s 1604 97 46
s 1605 113 43
s 1606 17 7
s 1607 323 160
s 1608 41 21
s 1609 35 15
s 1610 316 156
s 1611 119 63
s 1612 194 93
s 1613 16 6
s 1614 61 29
s 1615 28 11
s 1616 13 6
s 1617 40 21
s 1618 19 11
s 1619 44 20
s 1620 254 120
s 1621 242 113
s 1622 418 179
s 1623 156 70
s 1624 132 59
s 1625 3 2
s 1626 62 26
s 1627 55 26
s 1628 18 10
s 1629 70 32
s 1630 4 2
s 1631 5 2
s 1632 156 53
s 1633 223 110
s 1634 91 44
s 1635 60 30
s 1636 169 84
s 1637 156 64
s 1638 45 24
s 1639 22 12
s 1640 201 96
s 1641 177 82
s 1642 139 67
s 1643 121 56
s 1644 137 55
s 1645 2 1
s 1646 91 42
s 1647 67 32
s 1648 109 54
s 1649 54 25
s 1650 43 16
s 1655 115 40
s 1656 76 33
s 1657 84 38
s 1659 168 64
s 1662 106 43
s 1664 194 76
s 1665 94 41
s 1667 100 48
s 1671 185 82
s 1672 79 32
s 1673 37 21
s 1674 8 1
s 1681 32 17
s 1691 28 10
s 1800 736 376
s 1801 445 246
s 1802 174 79
s 1803 382 174
s 1804 595 312
s 1805 124 66
s 1806 782 391
s 1807 250 136
s 1808 80 40
s 1809 195 97
s 1810 464 216
s 1811 161 83
s 1812 353 188
s 1813 718 329
s 1814 423 227
s 1815 144 72
s 1817 517 237
s 1818 827 375
s 1819 437 236
s 1820 155 81
s 1821 154 74
s 1822 496 260
s 1823 376 194
s 1824 151 78
s 1825 156 81
s 1826 153 73
s 1827 469 207
s 1828 534 283
s 1829 156 80
s 1830 46 23
s 1831 290 123
s 1832 177 77
s 1833 268 138
s 1834 356 189
s 1835 148 72
s 1836 335 180
s 1837 152 73
s 1838 161 81
s 1839 215 102
s 1840 566 294
s 1841 411 214
s 1842 172 98
s 1843 104 54
s 1844 72 35
s 1845 356 151
s 1846 652 324
s 1847 209 108
s 1848 138 76
s 1849 53 23
s 1850 105 50
s 1851 124 66
s 1852 273 158
s 1853 46 20
s 1854 239 140
s 1855 152 75
s 1856 236 119
s 1857 33 17
s 1858 11 8
s 1859 348 173
s 1860 201 97
s 1861 209 100
s 1862 296 155
s 1863 439 223
s 1864 134 76
s 1865 68 32
s 1866 671 322
s 1867 307 145
s 1868 413 239
s 1869 47 22
s 1870 99 50
s 1871 79 37
s 1872 120 60
s 1873 96 47
s 1874 47 27
s 1875 61 27
s 1876 402 208
s 1877 368 175
s 1878 863 425
s 1879 439 222
s 1880 200 110
s 1881 34 19
s 1882 116 64
s 1883 138 68
s 1884 48 21
s 1885 525 255
s 1886 96 51
s 1887 66 35
s 1888 188 88
s 1889 407 209
s 1890 169 73
s 1891 105 55
s 1892 250 122
s 1893 340 175
s 1894 86 50
s 1895 32 15
s 1896 348 186
s 1897 394 174
s 1898 286 138
s 1899 169 88
s 1900 190 89
s 1901 185 91
s 1902 210 111
s 1903 148 83
s 1904 271 136
s 1905 126 76
s 1906 195 79
s 1911 245 117
s 1912 141 59
s 1913 260 150
s 1915 393 185
s 1918 202 106
s 1920 482 220
s 1921 210 103
s 1923 233 123
s 1927 314 182
s 1928 133 66
s 1929 90 36
s 1930 107 50
s 1937 161 68
s 1947 56 24
s 2057 745 430
s 2058 10 3
s 2059 236 115
s 2060 18 9
s 2061 177 92
s 2062 1228 680
s 2063 282 159
s 2064 147 87
s 2065 294 157
s 2066 31 12
s 2067 153 86
s 2068 315 179
s 2069 740 388
s 2070 547 290
s 2071 225 125
s 2073 778 394
s 2074 1204 667
s 2075 678 387
s 2076 275 149
s 2077 306 166
s 2078 701 362
s 2079 616 367
s 2080 142 79
s 2081 193 97
s 2082 208 109
s 2083 543 264
s 2084 662 364
s 2085 195 95
s 2086 82 47
s 2087 523 276
s 2088 250 118
s 2089 19 7
s 2090 386 208
s 2091 182 97
s 2092 26 13
s 2093 204 111
s 2094 37 15
s 2095 295 156
s 2096 29 17
s 2097 640 336
s 2098 187 102
s 2099 153 83
s 2100 90 51
s 2101 251 110
s 2102 20 8
s 2103 295 156
s 2104 71 34
s 2105 94 54
s 2106 108 58
s 2107 158 75
s 2108 432 248
s 2109 39 19
s 2110 373 206
s 2111 115 59
s 2112 347 172
s 2113 35 12
s 2114 18 10
s 2115 17 10
s 2116 264 138
s 2117 361 193
s 2118 51 20
s 2119 810 428
s 2120 120 65
s 2121 85 42
s 2122 902 473
s 2123 450 212
s 2124 667 406
s 2125 49 26
s 2126 157 90
s 2127 97 52
s 2128 35 13
s 2129 104 52
s 2130 41 23
s 2131 75 43
s 2132 624 327
s 2133 503 274
s 2134 1286 684
s 2135 516 303
s 2136 437 260
s 2137 8 3
s 2138 163 95
s 2139 113 52
s 2140 54 27
s 2141 154 82
s 2142 10 3
s 2143 12 6
s 2144 331 169
s 2145 626 364
s 2146 269 149
s 2147 151 69
s 2148 359 198
s 2149 546 279
s 2150 83 38
s 2151 48 28
s 2152 629 330
s 2153 470 265
s 2154 409 236
s 2155 267 136
s 2156 341 170
s 2157 8 3
s 2158 246 138
s 2159 182 83
s 2160 359 189
s 2161 142 77
s 2162 107 45
s 2167 409 220
s 2168 234 112
s 2169 420 229
s 2171 549 283
s 2174 266 150
s 2176 649 338
s 2177 277 158
s 2179 272 149
s 2183 527 278
s 2184 163 79
s 2185 145 76
s 2186 39 19
s 2193 92 48
s 2203 90 43
s 2314 151 72
s 2315 312 149
s 2316 446 252
s 2317 142 64
s 2318 708 351
s 2319 235 120
s 2320 125 62
s 2321 260 126
s 2322 541 278
s 2323 197 103
s 2324 254 139
s 2325 563 282
s 2326 267 138
s 2327 172 84
s 2329 543 253
s 2330 593 280
s 2331 308 157
s 2332 219 93
s 2333 233 114
s 2334 331 189
s 2335 271 148
s 2336 153 78
s 2337 124 72
s 2338 152 71
s 2339 443 213
s 2340 550 257
s 2341 100 41
s 2342 66 33
s 2343 319 165
s 2344 85 36
s 2345 251 127
s 2346 420 224
s 2347 129 61
s 2348 270 127
s 2349 99 50
s 2350 131 59
s 2351 216 105
s 2352 445 239
s 2353 623 335
s 2354 103 45
s 2355 89 48
s 2356 68 31
s 2357 276 115
s 2358 690 338
s 2359 237 118
s 2360 149 69
s 2361 53 31
s 2362 41 23
s 2363 110 49
s 2364 343 179
s 2365 36 22
s 2366 182 95
s 2367 90 43
s 2368 165 77
s 2369 23 12
s 2370 6 1
s 2371 372 202
s 2372 126 70
s 2373 317 174
s 2374 242 119
s 2375 354 176
s 2376 88 43
s 2377 61 21
s 2378 583 304
s 2379 206 96
s 2380 606 331
s 2381 64 34
s 2382 137 68
s 2383 60 30
s 2384 110 50
s 2385 132 83
s 2386 45 26
s 2387 43 17
s 2388 340 174
s 2389 299 146
s 2390 589 295
s 2391 242 127
s 2392 207 109
s 2393 28 16
s 2394 133 70
s 2395 88 41
s 2396 42 20
s 2397 502 249
s 2398 68 35
s 2399 68 39
s 2400 280 138
s 2401 409 219
s 2402 208 85
s 2403 119 59
s 2404 166 83
s 2405 210 118
s 2406 62 34
s 2407 38 16
s 2408 458 251
s 2409 214 113
s 2410 368 184
s 2411 175 84
s 2412 265 140
s 2413 164 77
s 2414 155 83
s 2415 87 39
s 2416 172 82
s 2417 125 77
s 2418 200 92
s 2423 189 105
s 2424 161 71
s 2425 159 82
s 2427 269 119
s 2430 219 121
s 2432 318 163
s 2433 203 96
s 2435 134 75
s 2439 440 239
s 2440 103 59
s 2441 95 44
s 2442 73 36
s 2449 141 78
s 2459 65 33
s 2571 63 24
s 2572 5 2
s 2573 38 16
s 2574 279 142
s 2575 46 25
s 2576 20 10
s 2577 59 31
s 2578 10 7
s 2579 31 13
s 2580 63 34
s 2581 154 77
s 2582 116 53
s 2583 33 15
s 2585 154 71
s 2586 252 111
s 2587 108 57
s 2588 49 26
s 2589 67 27
s 2590 120 55
s 2591 133 65
s 2592 35 20
s 2593 50 27
s 2594 60 25
s 2595 106 47
s 2596 131 61
s 2597 47 25
s 2598 26 14
s 2599 87 34
s 2600 53 20
s 2601 6 2
s 2602 77 42
s 2603 28 15
s 2604 5 2
s 2605 49 26
s 2606 7 3
s 2607 50 26
s 2608 10 6
s 2609 171 89
s 2610 55 27
s 2611 34 22
s 2612 19 13
s 2613 61 27
s 2614 14 7
s 2615 78 39
s 2616 17 8
s 2617 22 13
s 2618 21 10
s 2619 35 16
s 2620 91 51
s 2621 17 8
s 2622 103 52
s 2623 31 15
s 2624 64 30
s 2625 9 5
s 2626 9 5
s 2627 3 1
s 2628 70 42
s 2629 76 36
s 2630 7 4
s 2631 173 90
s 2632 25 14
s 2633 19 7
s 2634 204 98
s 2635 84 41
s 2636 139 74
s 2637 15 7
s 2638 33 15
s 2639 25 8
s 2640 11 9
s 2641 29 14
s 2642 15 8
s 2643 23 9
s 2644 134 65
s 2645 102 53
s 2646 251 116
s 2647 113 62
s 2648 81 47
s 2649 2 0
s 2650 49 26
s 2651 39 24
s 2652 18 10
s 2653 36 15
s 2654 2 0
s 2655 1 1
s 2656 85 46
s 2657 135 64
s 2658 60 22
s 2659 30 16
s 2660 80 49
s 2661 124 46
s 2662 28 14
s 2663 10 7
s 2664 107 49
s 2665 132 73
s 2666 109 53
s 2667 62 36
s 2668 65 24
s 2669 2 2
s 2670 73 33
s 2671 47 26
s 2672 79 42
s 2673 44 23
s 2674 25 10
s 2679 82 39
s 2680 50 25
s 2681 91 53
s 2683 103 47
s 2686 68 36
s 2688 122 56
s 2689 63 28
s 2691 66 36
s 2695 148 72
s 2696 45 21
s 2697 24 10
s 2698 5 2
s 2705 17 11
s 2715 22 14
s 2828 164 67
s 2829 49 19
s 2830 669 254
s 2831 102 36
s 2832 62 13
s 2833 78 33
s 2834 161 77
s 2835 101 43
s 2836 212 97
s 2837 354 141
s 2838 242 79
s 2839 102 39
s 2841 246 80
s 2842 570 234
s 2843 340 149
s 2844 180 75
s 2845 151 62
s 2846 337 132
s 2847 268 119
s 2848 71 27
s 2849 101 47
s 2850 60 26
s 2851 217 86
s 2852 259 115
s 2853 116 43
s 2854 48 19
s 2855 122 44
s 2856 94 30
s 2857 103 35
s 2858 189 86
s 2859 50 20
s 2860 102 43
s 2861 74 28
s 2862 67 24
s 2863 100 33
s 2864 170 66
s 2865 294 121
s 2866 118 54
s 2867 93 29
s 2868 28 12
s 2869 140 48
s 2870 233 94
s 2871 157 62
s 2872 45 16
s 2873 57 24
s 2874 50 17
s 2875 58 22
s 2876 219 95
s 2877 24 12
s 2878 181 87
s 2879 90 31
s 2880 167 57
s 2881 21 11
s 2882 6 2
s 2883 113 51
s 2884 131 50
s 2885 149 61
s 2886 81 30
s 2887 392 168
s 2888 74 33
s 2889 41 14
s 2890 361 151
s 2891 182 75
s 2892 167 79
s 2893 27 16
s 2894 83 34
s 2895 44 16
s 2896 41 19
s 2897 55 27
s 2898 17 10
s 2899 62 15
s 2900 337 130
s 2901 285 111
s 2902 641 238
s 2903 235 87
s 2904 156 57
s 2905 12 5
s 2906 79 30
s 2907 79 35
s 2908 34 13
s 2909 197 81
s 2910 28 6
s 2911 22 6
s 2912 168 64
s 2913 350 151
s 2914 131 42
s 2915 94 28
s 2916 246 102
s 2917 224 96
s 2918 62 27
s 2919 21 7
s 2920 318 131
s 2921 304 117
s 2922 120 52
s 2923 138 50
s 2924 135 49
s 2925 74 33
s 2926 126 46
s 2927 91 33
s 2928 148 62
s 2929 33 12
s 2930 100 34
s 2935 182 72
s 2936 80 32
s 2937 155 66
s 2939 289 118
s 2942 91 34
s 2944 302 124
s 2945 147 57
s 2947 143 51
s 2951 310 126
s 2952 67 28
s 2953 67 26
s 2954 21 7
s 2961 59 26
s 2971 51 17
s 3085 118 66
s 3086 793 399
s 3087 148 93
s 3088 84 35
s 3089 184 100
s 3090 16 6
s 3091 83 33
s 3092 179 94
s 3093 486 248
s 3094 362 173
s 3095 137 64
s 3097 498 256
s 3098 686 331
s 3099 375 203
s 3100 162 84
s 3101 180 89
s 3102 443 245
s 3103 371 196
s 3104 65 35
s 3105 145 75
s 3106 156 80
s 3107 310 173
s 3108 399 209
s 3109 160 77
s 3110 66 32
s 3111 263 129
s 3112 168 96
s 3113 9 6
s 3114 181 105
s 3115 122 59
s 3116 14 5
s 3117 120 65
s 3118 29 16
s 3119 174 86
s 3120 11 5
s 3121 472 265
s 3122 185 102
s 3123 95 46
s 3124 55 37
s 3125 151 74
s 3126 16 6
s 3127 222 123
s 3128 34 20
s 3129 53 26
s 3130 76 45
s 3131 114 55
s 3132 316 175
s 3133 29 18
s 3134 323 191
s 3135 90 50
s 3136 206 107
s 3137 31 17
s 3138 10 6
s 3139 11 6
s 3140 176 103
s 3141 173 92
s 3142 18 12
s 3143 487 267
s 3144 102 60
s 3145 45 20
s 3146 664 364
s 3147 256 127
s 3148 396 213
s 3149 33 14
s 3150 118 72
s 3151 70 37
s 3152 27 10
s 3153 54 27
s 3154 39 19
s 3155 45 24
s 3156 355 172
s 3157 363 195
s 3158 818 442
s 3159 373 201
s 3160 251 136
s 3161 2 1
s 3162 164 90
s 3163 89 46
s 3164 42 23
s 3165 76 43
s 3166 8 3
s 3167 8 6
s 3168 203 103
s 3169 368 201
s 3170 174 74
s 3171 113 55
s 3172 220 122
s 3173 330 174
s 3174 65 37
s 3175 33 24
s 3176 391 209
s 3177 385 208
s 3178 293 142
s 3179 227 120
s 3180 208 105
s 3181 4 3
s 3182 203 102
s 3183 116 55
s 3184 283 158
s 3185 120 65
s 3186 67 28
s 3191 251 134
s 3192 144 65
s 3193 291 169
s 3195 399 195
s 3198 173 94
s 3200 425 236
s 3201 188 94
s 3203 220 114
s 3207 406 224
s 3208 106 51
s 3209 88 43
s 3210 25 14
s 3217 45 21
s 3227 69 39
s 3342 241 114
s 3343 41 15
s 3344 16 6
s 3345 1 1
s 3346 106 58
s 3347 50 25
s 3348 76 39
s 3349 159 61
s 3350 78 39
s 3351 25 12
s 3353 35 12
s 3354 187 80
s 3355 133 68
s 3356 60 30
s 3357 70 36
s 3358 144 80
s 3359 93 46
s 3360 19 10
s 3361 25 11
s 3362 5 2
s 3363 41 20
s 3364 77 29
s 3365 43 20
s 3366 16 9
s 3367 21 13
s 3368 47 21
s 3369 63 35
s 3370 94 48
s 3371 12 8
s 3372 84 33
s 3373 32 16
s 3374 31 6
s 3375 35 20
s 3376 125 59
s 3377 90 43
s 3378 36 15
s 3379 38 18
s 3380 5 4
s 3381 70 29
s 3382 167 77
s 3383 66 38
s 3384 25 12
s 3385 21 13
s 3386 26 11
s 3387 15 4
s 3388 90 43
s 3389 7 4
s 3390 92 49
s 3391 41 17
s 3392 62 23
s 3393 4 0
s 3394 4 4
s 3395 80 37
s 3396 51 27
s 3397 65 26
s 3398 59 27
s 3399 140 68
s 3400 33 17
s 3401 17 8
s 3402 63 30
s 3403 69 23
s 3404 3 2
s 3405 18 7
s 3406 30 12
s 3407 17 9
s 3408 37 11
s 3409 29 12
s 3410 3 3
s 3411 22 10
s 3412 101 55
s 3413 109 45
s 3414 202 91
s 3415 105 49
s 3416 67 33
s 3417 10 4
s 3418 5 5
s 3419 36 16
s 3420 12 6
s 3421 98 49
s 3422 14 8
s 3423 12 4
s 3424 70 37
s 3425 112 50
s 3426 37 18
s 3427 25 13
s 3428 72 39
s 3429 85 41
s 3430 19 10
s 3431 12 5
s 3432 109 58
s 3433 80 39
s 3434 8 2
s 3435 35 14
s 3436 65 31
s 3437 40 21
s 3438 37 19
s 3439 41 23
s 3440 77 34
s 3441 5 3
s 3442 40 13
s 3447 90 50
s 3448 17 9
s 3449 71 32
s 3451 122 59
s 3454 11 7
s 3456 108 56
s 3457 65 29
s 3459 63 31
s 3463 100 45
s 3464 16 6
s 3465 26 10
s 3466 21 11
s 3473 38 17
s 3483 15 7
s 3599 418 220
s 3600 154 79
s 3601 373 177
s 3602 737 393
s 3603 289 123
s 3604 588 287
s 3605 1141 579
s 3606 614 303
s 3607 264 133
s 3609 1056 529
s 3610 1327 662
s 3611 582 297
s 3612 322 142
s 3613 326 159
s 3614 745 372
s 3615 603 320
s 3616 234 134
s 3617 254 150
s 3618 295 122
s 3619 879 439
s 3620 1060 558
s 3621 239 120
s 3622 90 40
s 3623 561 277
s 3624 249 126
s 3625 454 223
s 3626 579 286
s 3627 222 102
s 3628 557 294
s 3629 199 111
s 3630 297 139
s 3631 398 202
s 3632 873 459
s 3633 790 413
s 3634 235 120
s 3635 133 60
s 3636 155 79
s 3637 549 274
s 3638 1057 517
s 3639 399 217
s 3640 312 159
s 3641 130 77
s 3642 143 68
s 3643 205 89
s 3644 536 293
s 3645 77 34
s 3646 362 205
s 3647 233 123
s 3648 359 181
s 3649 45 20
s 3650 25 14
s 3651 614 305
s 3652 307 165
s 3653 432 190
s 3654 408 211
s 3655 657 325
s 3656 198 100
s 3657 134 60
s 3658 1161 612
s 3659 511 247
s 3660 793 442
s 3661 79 30
s 3662 204 102
s 3663 122 58
s 3664 207 108
s 3665 159 80
s 3666 84 50
s 3667 83 35
s 3668 576 286
s 3669 502 229
s 3670 1391 707
s 3671 528 253
s 3672 409 223
s 3673 57 28
s 3674 243 142
s 3675 206 104
s 3676 93 42
s 3677 887 431
s 3678 181 92
s 3679 95 53
s 3680 386 209
s 3681 653 327
s 3682 289 145
s 3683 172 86
s 3684 312 150
s 3685 566 282
s 3686 153 84
s 3687 48 21
s 3688 648 305
s 3689 545 284
s 3690 528 252
s 3691 309 146
s 3692 371 188
s 3693 323 148
s 3694 362 182
s 3695 257 140
s 3696 356 183
s 3697 243 134
s 3698 350 158
s 3703 426 215
s 3704 259 122
s 3705 429 231
s 3707 578 280
s 3710 337 164
s 3712 746 382
s 3713 337 151
s 3715 312 170
s 3719 618 333
s 3720 226 124
s 3721 138 60
s 3722 174 89
s 3729 263 119
s 3739 100 53
s 3856 37 21
s 3857 87 48
s 3858 177 84
s 3859 74 30
s 3860 118 66
s 3861 243 133
s 3862 182 95
s 3863 63 36
s 3865 210 104
s 3866 377 179
s 3867 202 107
s 3868 60 36
s 3869 36 12
s 3870 190 87
s 3871 160 71
s 3872 71 39
s 3873 29 12
s 3874 49 19
s 3875 174 82
s 3876 182 88
s 3877 65 36
s 3878 17 10
s 3879 155 71
s 3880 94 38
s 3881 127 65
s 3882 114 63
s 3883 45 24
s 3884 104 57
s 3885 57 25
s 3886 44 17
s 3887 79 36
s 3888 145 70
s 3889 142 74
s 3890 62 44
s 3891 69 29
s 3892 32 12
s 3893 143 69
s 3894 248 127
s 3895 50 29
s 3896 49 24
s 3897 26 14
s 3898 29 14
s 3899 41 17
s 3900 60 33
s 3901 10 7
s 3902 170 89
s 3903 59 25
s 3904 104 48
s 3905 10 5
s 3906 7 3
s 3907 101 64
s 3908 80 40
s 3909 58 26
s 3910 95 46
s 3911 295 143
s 3912 66 36
s 3913 37 17
s 3914 280 143
s 3915 122 56
s 3916 180 90
s 3917 7 2
s 3918 34 17
s 3919 29 18
s 3920 35 16
s 3921 38 20
s 3922 14 8
s 3923 33 13
s 3924 216 103
s 3925 153 84
s 3926 393 196
s 3927 191 108
s 3928 161 88
s 3929 7 5
s 3930 59 28
s 3931 50 25
s 3932 15 9
s 3933 214 102
s 3934 28 13
s 3935 24 12
s 3936 51 29
s 3937 153 86
s 3938 45 28
s 3939 19 6
s 3940 121 57
s 3941 169 80
s 3942 39 24
s 3943 15 5
s 3944 80 41
s 3945 131 67
s 3946 156 76
s 3947 94 55
s 3948 62 32
s 3949 52 24
s 3950 80 45
s 3951 61 38
s 3952 103 56
s 3953 43 26
s 3954 103 47
s 3959 141 71
s 3960 52 29
s 3961 121 74
s 3963 171 78
s 3966 85 44
s 3968 166 85
s 3969 49 24
s 3971 92 54
s 3975 101 64
s 3976 53 26
s 3977 34 10
s 3978 32 13
s 3985 48 25
s 3995 36 17
s 4113 36 20
s 4114 81 37
s 4115 31 13
s 4116 62 37
s 4117 142 68
s 4118 84 45
s 4119 17 10
s 4121 87 35
s 4122 206 110
s 4123 107 56
s 4124 15 11
s 4125 15 6
s 4126 122 56
s 4127 97 50
s 4128 20 8
s 4129 16 6
s 4130 23 11
s 4131 91 45
s 4132 80 40
s 4133 36 19
s 4134 2 1
s 4135 52 27
s 4136 35 11
s 4137 68 26
s 4138 64 34
s 4139 13 7
s 4140 73 41
s 4141 25 15
s 4142 28 16
s 4143 18 9
s 4144 110 58
s 4145 57 25
s 4146 28 14
s 4147 17 8
s 4148 9 4
s 4149 66 28
s 4150 128 71
s 4151 13 7
s 4152 38 18
s 4153 9 1
s 4154 15 7
s 4155 26 11
s 4156 20 9
s 4157 7 4
s 4158 56 29
s 4159 37 22
s 4160 53 27
s 4161 7 4
s 4162 5 5
s 4163 59 34
s 4164 53 22
s 4165 22 12
s 4166 45 22
s 4167 100 59
s 4168 27 13
s 4169 12 5
s 4170 138 68
s 4171 63 33
s 4172 68 39
s 4173 6 3
s 4174 5 0
s 4175 16 7
s 4176 18 9
s 4177 15 10
s 4178 4 1
s 4179 23 10
s 4180 91 41
s 4181 73 33
s 4182 182 92
s 4183 99 49
s 4184 56 31
s 4185 6 2
s 4186 29 16
s 4187 29 13
s 4188 5 2
s 4189 98 52
s 4190 9 6
s 4191 9 5
s 4192 22 13
s 4193 65 35
s 4194 16 7
s 4195 7 3
s 4196 61 32
s 4197 74 35
s 4198 17 9
s 4199 6 2
s 4200 37 21
s 4201 89 43
s 4202 46 18
s 4203 34 17
s 4204 26 13
s 4205 35 14
s 4206 31 13
s 4207 28 18
s 4208 50 25
s 4209 20 14
s 4210 43 19
s 4215 55 30
s 4216 20 7
s 4217 46 23
s 4219 85 44
s 4222 29 22
s 4224 92 46
s 4225 14 6
s 4227 47 20
s 4231 35 19
s 4232 25 15
s 4233 10 4
s 4234 28 14
s 4241 27 14
s 4251 17 10
s 4370 203 93
s 4371 57 20
s 4372 115 56
s 4373 241 119
s 4374 111 53
s 4375 48 28
s 4377 58 27
s 4378 366 180
s 4379 216 107
s 4380 81 31
s 4381 89 49
s 4382 181 89
s 4383 177 91
s 4384 39 22
s 4385 41 24
s 4386 6 1
s 4387 64 33
s 4388 157 80
s 4389 70 34
s 4390 24 8
s 4391 40 16
s 4392 69 37
s 4393 86 46
s 4394 162 79
s 4395 32 15
s 4396 128 63
s 4397 59 27
s 4398 57 24
s 4399 45 21
s 4400 180 94
s 4401 155 75
s 4402 57 33
s 4403 60 32
s 4404 9 7
s 4405 136 56
s 4406 279 134
s 4407 98 49
s 4408 32 18
s 4409 28 13
s 4410 47 23
s 4411 21 8
s 4412 173 95
s 4413 5 4
s 4414 153 77
s 4415 54 21
s 4416 81 40
s 4417 9 3
s 4418 6 1
s 4419 123 56
s 4420 94 47
s 4421 143 66
s 4422 113 54
s 4423 240 119
s 4424 54 19
s 4425 32 10
s 4426 110 60
s 4427 144 54
s 4428 15 8
s 4429 22 13
s 4430 47 21
s 4431 34 16
s 4432 53 28
s 4433 43 20
s 4434 6 4
s 4435 27 10
s 4436 196 80
s 4437 175 90
s 4438 324 158
s 4439 190 90
s 4440 93 52
s 4441 14 8
s 4442 34 16
s 4443 44 25
s 4444 12 5
s 4445 194 82
s 4446 31 12
s 4447 13 6
s 4448 106 45
s 4449 146 73
s 4450 82 33
s 4451 53 27
s 4452 109 58
s 4453 165 87
s 4454 46 21
s 4455 17 8
s 4456 176 82
s 4457 127 62
s 4458 14 8
s 4459 68 37
s 4460 99 53
s 4461 78 34
s 4462 72 29
s 4463 56 29
s 4464 103 49
s 4465 9 3
s 4466 80 37
s 4471 151 85
s 4472 27 13
s 4473 116 56
s 4475 220 99
s 4478 13 2
s 4480 135 58
s 4481 85 42
s 4483 109 47
s 4487 170 82
s 4488 36 21
s 4489 31 12
s 4490 30 13
s 4497 43 15
s 4507 26 15
s 4627 98 50
s 4628 213 102
s 4629 506 238
s 4630 392 187
s 4631 123 51
s 4633 483 248
s 4634 773 399
s 4635 392 186
s 4636 211 106
s 4637 201 97
s 4638 455 234
s 4639 360 189
s 4640 104 46
s 4641 139 66
s 4642 128 62
s 4643 337 148
s 4644 421 212
s 4645 143 74
s 4646 69 37
s 4647 279 138
s 4648 158 74
s 4649 15 5
s 4650 193 97
s 4651 122 60
s 4652 16 8
s 4653 113 51
s 4654 26 11
s 4655 194 102
s 4656 32 13
s 4657 387 212
s 4658 118 52
s 4659 104 49
s 4660 66 41
s 4661 195 82
s 4662 19 8
s 4663 235 132
s 4664 31 10
s 4665 84 47
s 4666 82 36
s 4667 117 61
s 4668 323 200
s 4669 45 24
s 4670 306 178
s 4671 76 39
s 4672 210 114
s 4673 26 14
s 4674 13 7
s 4675 11 6
s 4676 177 94
s 4677 247 122
s 4678 29 11
s 4679 528 279
s 4680 95 48
s 4681 33 11
s 4682 663 355
s 4683 283 146
s 4684 449 257
s 4685 54 32
s 4686 121 69
s 4687 65 33
s 4688 21 11
s 4689 55 35
s 4690 33 19
s 4691 48 21
s 4692 398 212
s 4693 322 169
s 4694 867 462
s 4695 379 202
s 4696 280 160
s 4697 3 1
s 4698 153 71
s 4699 106 53
s 4700 60 36
s 4701 119 68
s 4702 7 5
s 4703 14 8
s 4704 210 111
s 4705 468 250
s 4706 172 80
s 4707 104 55
s 4708 215 108
s 4709 328 174
s 4710 82 46
s 4711 28 11
s 4712 358 207
s 4713 342 195
s 4714 319 176
s 4715 198 108
s 4716 210 94
s 4717 4 3
s 4718 234 138
s 4719 145 82
s 4720 220 115
s 4721 130 76
s 4722 84 41
s 4727 283 170
s 4728 160 85
s 4729 262 161
s 4731 357 164
s 4734 210 114
s 4736 402 188
s 4737 180 92
s 4739 218 112
s 4743 378 199
s 4744 122 63
s 4745 99 49
s 4746 26 7
s 4753 49 24
s 4763 80 41
s 4884 97 38
s 4885 210 91
s 4886 133 71
s 4887 44 19
s 4889 210 89
s 4890 292 125
s 4891 171 89
s 4892 64 26
s 4893 42 20
s 4894 166 74
s 4895 149 67
s 4896 33 18
s 4897 45 33
s 4898 55 28
s 4899 159 65
s 4900 189 100
s 4901 66 33
s 4902 27 12
s 4903 103 47
s 4904 50 26
s 4905 50 21
s 4906 96 49
s 4907 39 25
s 4908 73 29
s 4909 48 25
s 4910 33 12
s 4911 69 37
s 4912 130 62
s 4913 137 71
s 4914 55 32
s 4915 36 12
s 4916 21 9
s 4917 105 41
s 4918 137 66
s 4919 82 46
s 4920 40 16
s 4921 27 16
s 4922 30 14
s 4923 51 26
s 4924 97 44
s 4925 12 5
s 4926 100 44
s 4927 49 21
s 4928 92 43
s 4929 13 6
s 4930 7 3
s 4931 59 35
s 4932 70 36
s 4933 73 40
s 4934 75 36
s 4935 175 95
s 4936 36 11
s 4937 21 9
s 4938 241 116
s 4939 94 38
s 4940 131 73
s 4941 33 18
s 4942 39 17
s 4943 21 8
s 4944 19 8
s 4945 35 15
s 4946 7 6
s 4947 16 4
s 4948 136 59
s 4949 132 57
s 4950 290 136
s 4951 127 59
s 4952 77 36
s 4953 14 7
s 4954 51 23
s 4955 39 20
s 4956 14 7
s 4957 140 59
s 4958 12 6
s 4959 14 6
s 4960 86 41
s 4961 175 75
s 4962 76 37
s 4963 28 16
s 4964 91 43
s 4965 113 46
s 4966 27 17
s 4967 10 5
s 4968 124 47
s 4969 134 62
s 4970 81 28
s 4971 56 23
s 4972 57 31
s 4973 24 10
s 4974 83 42
s 4975 59 23
s 4976 88 35
s 4977 49 25
s 4978 59 18
s 4983 98 43
s 4984 71 29
s 4985 110 60
s 4987 109 43
s 4990 90 47
s 4992 178 86
s 4993 90 34
s 4995 86 39
s 4999 136 74
s 5000 36 13
s 5001 25 11
s 5002 24 10
s 5009 30 14
s 5019 29 16
s 5141 353 167
s 5142 228 117
s 5143 111 65
s 5145 335 150
s 5146 457 226
s 5147 218 126
s 5148 133 70
s 5149 145 76
s 5150 249 130
s 5151 219 125
s 5152 79 42
s 5153 75 41
s 5154 112 49
s 5155 318 168
s 5156 337 171
s 5157 83 45
s 5158 41 20
s 5159 187 96
s 5160 77 42
s 5161 144 73
s 5162 222 120
s 5163 79 38
s 5164 136 76
s 5165 80 45
s 5166 95 44
s 5167 106 47
s 5168 234 129
s 5169 308 172
s 5170 82 43
s 5171 69 34
s 5172 51 28
s 5173 157 73
s 5174 313 171
s 5175 142 75
s 5176 66 33
s 5177 40 20
s 5178 43 20
s 5179 69 27
s 5180 198 114
s 5181 29 18
s 5182 152 85
s 5183 87 45
s 5184 132 68
s 5185 16 3
s 5186 6 2
s 5187 150 81
s 5188 95 53
s 5189 155 82
s 5190 140 67
s 5191 286 158
s 5192 77 39
s 5193 54 30
s 5194 449 237
s 5195 176 99
s 5196 306 171
s 5197 21 13
s 5198 78 38
s 5199 33 19
s 5200 57 32
s 5201 69 44
s 5202 28 13
s 5203 37 12
s 5204 276 138
s 5205 233 103
s 5206 508 269
s 5207 185 94
s 5208 166 86
s 5209 13 5
s 5210 83 45
s 5211 61 28
s 5212 25 14
s 5213 263 133
s 5214 35 13
s 5215 37 16
s 5216 147 75
s 5217 288 148
s 5218 105 51
s 5219 76 35
s 5220 173 84
s 5221 187 102
s 5222 54 28
s 5223 12 9
s 5224 233 119
s 5225 211 108
s 5226 200 100
s 5227 123 70
s 5228 157 73
s 5229 62 26
s 5230 119 47
s 5231 64 32
s 5232 109 60
s 5233 79 43
s 5234 116 57
s 5239 137 65
s 5240 102 48
s 5241 117 62
s 5243 190 83
s 5246 125 64
s 5248 254 125
s 5249 143 56
s 5251 107 54
s 5255 230 138
s 5256 86 46
s 5257 57 25
s 5258 56 33
s 5265 81 44
s 5275 39 14
s 5398 465 230
s 5399 217 100
s 5401 593 276
s 5402 952 438
s 5403 494 248
s 5404 287 137
s 5405 276 133
s 5406 533 255
s 5407 479 243
s 5408 173 94
s 5409 162 88
s 5410 194 91
s 5411 474 198
s 5412 658 314
s 5413 198 93
s 5414 81 40
s 5415 317 146
s 5416 187 84
s 5417 268 125
s 5418 490 271
s 5419 155 81
s 5420 332 149
s 5421 150 84
s 5422 153 64
s 5423 248 112
s 5424 467 230
s 5425 619 324
s 5426 177 93
s 5427 153 84
s 5428 93 48
s 5429 350 159
s 5430 740 367
s 5431 252 139
s 5432 128 62
s 5433 91 49
s 5434 94 48
s 5435 139 57
s 5436 407 194
s 5437 40 26
s 5438 334 189
s 5439 152 73
s 5440 247 115
s 5441 25 10
s 5442 22 12
s 5443 379 209
s 5444 240 122
s 5445 359 160
s 5446 324 154
s 5447 702 350
s 5448 161 73
s 5449 94 48
s 5450 767 378
s 5451 357 175
s 5452 543 285
s 5453 59 32
s 5454 154 65
s 5455 85 36
s 5456 146 72
s 5457 112 60
s 5458 48 18
s 5459 84 38
s 5460 605 271
s 5461 545 262
s 5462 973 488
s 5463 466 236
s 5464 332 169
s 5465 39 21
s 5466 167 92
s 5467 160 85
s 5468 68 31
s 5469 561 275
s 5470 74 36
s 5471 64 28
s 5472 316 150
s 5473 568 285
s 5474 253 114
s 5475 155 71
s 5476 358 170
s 5477 388 175
s 5478 119 72
s 5479 45 23
s 5480 540 277
s 5481 413 194
s 5482 411 200
s 5483 246 118
s 5484 288 131
s 5485 169 79
s 5486 263 134
s 5487 172 90
s 5488 290 141
s 5489 140 69
s 5490 236 103
s 5495 340 173
s 5496 193 86
s 5497 284 140
s 5499 447 204
s 5502 252 120
s 5504 498 240
s 5505 258 126
s 5507 237 120
s 5511 547 288
s 5512 150 67
s 5513 119 61
s 5514 104 48
s 5521 145 70
s 5531 93 44
s 5655 125 68
s 5657 317 149
s 5658 594 278
s 5659 320 171
s 5660 179 94
s 5661 179 81
s 5662 320 141
s 5663 245 119
s 5664 108 61
s 5665 90 52
s 5666 115 57
s 5667 307 162
s 5668 409 191
s 5669 98 54
s 5670 47 28
s 5671 194 90
s 5672 117 50
s 5673 260 119
s 5674 344 173
s 5675 92 42
s 5676 239 113
s 5677 90 41
s 5678 124 61
s 5679 146 67
s 5680 381 179
s 5681 417 213
s 5682 96 50
s 5683 74 38
s 5684 45 12
s 5685 239 102
s 5686 495 267
s 5687 162 81
s 5688 116 64
s 5689 38 18
s 5690 60 32
s 5691 64 23
s 5692 265 143
s 5693 21 12
s 5694 177 91
s 5695 111 60
s 5696 180 87
s 5697 14 4
s 5698 8 5
s 5699 339 182
s 5700 127 63
s 5701 234 123
s 5702 231 120
s 5703 379 188
s 5704 83 33
s 5705 71 33
s 5706 458 239
s 5707 162 76
s 5708 263 152
s 5709 24 9
s 5710 116 57
s 5711 37 17
s 5712 96 45
s 5713 99 48
s 5714 22 15
s 5715 46 20
s 5716 308 149
s 5717 276 119
s 5718 535 263
s 5719 248 132
s 5720 182 95
s 5721 26 14
s 5722 78 36
s 5723 63 32
s 5724 34 17
s 5725 404 206
s 5726 70 33
s 5727 71 28
s 5728 229 100
s 5729 337 170
s 5730 178 73
s 5731 105 49
s 5732 183 106
s 5733 211 116
s 5734 81 43
s 5735 29 16
s 5736 417 223
s 5737 212 108
s 5738 198 98
s 5739 143 72
s 5740 211 94
s 5741 127 63
s 5742 118 63
s 5743 95 61
s 5744 141 79
s 5745 49 23
s 5746 160 62
s 5751 172 82
s 5752 103 44
s 5753 141 76
s 5755 232 103
s 5758 122 71
s 5760 298 148
s 5761 172 87
s 5763 137 62
s 5767 360 165
s 5768 77 44
s 5769 70 31
s 5770 54 21
s 5777 109 52
s 5787 50 18
s 5913 142 61
s 5914 306 145
s 5915 160 80
s 5916 41 23
s 5917 30 15
s 5918 189 90
s 5919 153 85
s 5920 33 20
s 5921 44 22
s 5922 36 12
s 5923 147 69
s 5924 129 76
s 5925 61 35
s 5926 10 0
s 5927 71 29
s 5928 52 25
s 5929 85 48
s 5930 79 45
s 5931 22 13
s 5932 109 59
s 5933 42 26
s 5934 58 29
s 5935 38 18
s 5936 175 88
s 5937 104 50
s 5938 42 21
s 5939 46 25
s 5940 25 15
s 5941 104 47
s 5942 203 104
s 5943 30 16
s 5944 31 17
s 5945 17 11
s 5946 15 7
s 5947 30 18
s 5948 40 14
s 5949 10 6
s 5950 96 51
s 5951 62 30
s 5952 88 39
s 5953 12 4
s 5954 7 5
s 5955 98 43
s 5956 74 33
s 5957 39 18
s 5958 81 42
s 5959 148 78
s 5960 57 33
s 5961 25 9
s 5962 197 95
s 5963 94 43
s 5964 99 48
s 5965 4 1
s 5966 21 6
s 5967 24 10
s 5968 32 13
s 5969 20 10
s 5970 11 6
s 5971 15 4
s 5972 160 67
s 5973 109 60
s 5974 309 153
s 5975 127 61
s 5976 92 51
s 5977 13 7
s 5978 43 21
s 5979 31 22
s 5980 14 8
s 5981 150 75
s 5982 21 12
s 5983 25 12
s 5984 34 4
s 5985 125 53
s 5986 30 13
s 5987 19 9
s 5988 93 44
s 5989 105 50
s 5990 37 18
s 5991 11 6
s 5992 75 36
s 5993 140 72
s 5994 90 47
s 5995 47 30
s 5996 43 25
s 5997 61 34
s 5998 48 22
s 5999 51 35
s 6000 74 36
s 6001 23 15
s 6002 53 20
s 6007 81 47
s 6008 37 18
s 6009 89 47
s 6011 127 56
s 6014 46 25
s 6016 147 79
s 6017 44 20
s 6019 81 40
s 6023 62 34
s 6024 32 17
s 6025 9 1
s 6026 33 14
s 6033 60 31
s 6043 15 9
s 6426 907 410
s 6427 511 250
s 6428 220 99
s 6429 223 98
s 6430 556 291
s 6431 478 238
s 6432 100 52
s 6433 178 91
s 6434 62 24
s 6435 257 112
s 6436 424 218
s 6437 183 76
s 6438 78 34
s 6439 117 46
s 6440 208 91
s 6441 264 127
s 6442 435 211
s 6443 69 33
s 6444 347 176
s 6445 140 54
s 6446 164 83
s 6447 140 61
s 6448 560 252
s 6449 432 221
s 6450 198 87
s 6451 141 60
s 6452 50 25
s 6453 276 111
s 6454 723 353
s 6455 262 125
s 6456 112 40
s 6457 66 38
s 6458 84 39
s 6459 74 23
s 6460 384 202
s 6461 31 12
s 6462 339 184
s 6463 133 57
s 6464 280 124
s 6465 20 6
s 6466 15 5
s 6467 341 178
s 6468 226 105
s 6469 289 127
s 6470 297 142
s 6471 654 313
s 6472 118 45
s 6473 69 24
s 6474 404 199
s 6475 315 132
s 6476 116 57
s 6477 41 15
s 6478 133 73
s 6479 85 39
s 6480 119 52
s 6481 109 54
s 6482 21 11
s 6483 76 35
s 6484 502 232
s 6485 447 208
s 6486 935 414
s 6487 434 225
s 6488 283 149
s 6489 35 14
s 6490 77 35
s 6491 153 75
s 6492 37 22
s 6493 481 222
s 6494 91 47
s 6495 68 31
s 6496 279 125
s 6497 413 189
s 6498 220 97
s 6499 148 58
s 6500 319 162
s 6501 332 152
s 6502 105 55
s 6503 43 16
s 6504 509 250
s 6505 372 166
s 6506 78 36
s 6507 184 88
s 6508 308 141
s 6509 202 94
s 6510 176 91
s 6511 160 73
s 6512 302 139
s 6513 44 24
s 6514 200 85
s 6519 313 129
s 6520 88 36
s 6521 317 162
s 6523 440 202
s 6526 71 41
s 6528 407 189
s 6529 231 99
s 6531 251 102
s 6535 520 255
s 6536 114 59
s 6537 89 37
s 6538 89 39
s 6545 117 50
s 6555 96 51
s 6683 397 175
s 6684 410 191
s 6685 401 178
s 6686 458 223
s 6687 363 160
s 6688 243 123
s 6689 219 105
s 6690 246 112
s 6691 801 375
s 6692 954 461
s 6693 180 89
s 6694 122 50
s 6695 511 246
s 6696 190 93
s 6697 495 225
s 6698 711 356
s 6699 236 107
s 6700 552 281
s 6701 182 80
s 6702 285 124
s 6703 331 153
s 6704 817 378
s 6705 838 420
s 6706 155 66
s 6707 173 78
s 6708 122 68
s 6709 489 218
s 6710 1079 530
s 6711 360 168
s 6712 206 100
s 6713 132 67
s 6714 108 49
s 6715 202 89
s 6716 579 288
s 6717 60 29
s 6718 362 191
s 6719 267 133
s 6720 258 139
s 6721 34 13
s 6722 16 9
s 6723 542 280
s 6724 224 117
s 6725 467 211
s 6726 531 245
s 6727 765 373
s 6728 201 103
s 6729 161 71
s 6730 1117 568
s 6731 382 183
s 6732 783 412
s 6733 73 41
s 6734 211 108
s 6735 89 43
s 6736 202 93
s 6737 173 80
s 6738 78 41
s 6739 87 38
s 6740 573 263
s 6741 532 255
s 6742 1225 612
s 6743 353 170
s 6744 372 187
s 6745 52 25
s 6746 199 92
s 6747 143 68
s 6748 89 45
s 6749 922 451
s 6750 133 64
s 6751 130 69
s 6752 455 214
s 6753 733 382
s 6754 447 194
s 6755 215 91
s 6756 384 179
s 6757 491 248
s 6758 104 55
s 6759 51 29
s 6760 809 388
s 6761 445 219
s 6762 502 248
s 6763 310 147
s 6764 427 209
s 6765 284 133
s 6766 330 168
s 6767 153 74
s 6768 253 130
s 6769 221 107
s 6770 358 154
s 6775 274 122
s 6776 261 119
s 6777 317 184
s 6779 377 178
s 6782 349 160
s 6784 656 314
s 6785 423 199
s 6787 222 118
s 6791 761 416
s 6792 207 94
s 6793 174 74
s 6794 172 69
s 6801 253 114
s 6811 102 45
s 6940 226 102
s 6941 203 121
s 6942 209 116
s 6943 165 91
s 6944 141 67
s 6945 129 77
s 6946 152 71
s 6947 452 230
s 6948 481 252
s 6949 74 44
s 6950 64 27
s 6951 272 140
s 6952 106 57
s 6953 251 142
s 6954 342 188
s 6955 146 68
s 6956 276 133
s 6957 93 46
s 6958 185 81
s 6959 172 85
s 6960 360 190
s 6961 409 228
s 6962 56 35
s 6963 81 32
s 6964 66 40
s 6965 281 132
s 6966 575 313
s 6967 194 105
s 6968 89 47
s 6969 51 24
s 6970 47 25
s 6971 111 48
s 6972 306 167
s 6973 31 17
s 6974 186 108
s 6975 111 58
s 6976 104 48
s 6977 25 15
s 6978 2 0
s 6979 264 147
s 6980 111 72
s 6981 246 125
s 6982 353 178
s 6983 380 198
s 6984 111 56
s 6985 63 27
s 6986 661 356
s 6987 177 82
s 6988 426 237
s 6989 43 19
s 6990 111 61
s 6991 29 19
s 6992 103 54
s 6993 95 44
s 6994 44 28
s 6995 30 18
s 6996 298 118
s 6997 275 133
s 6998 593 296
s 6999 167 83
s 7000 183 94
s 7001 20 10
s 7002 103 58
s 7003 64 26
s 7004 39 26
s 7005 501 239
s 7006 57 26
s 7007 74 37
s 7008 239 122
s 7009 412 232
s 7010 214 114
s 7011 154 80
s 7012 180 86
s 7013 244 119
s 7014 59 28
s 7015 30 20
s 7016 424 219
s 7017 209 117
s 7018 284 151
s 7019 161 80
s 7020 251 116
s 7021 139 69
s 7022 188 93
s 7023 59 30
s 7024 92 47
s 7025 83 41
s 7026 218 111
s 7031 141 69
s 7032 155 79
s 7033 119 63
s 7035 201 91
s 7038 219 130
s 7040 367 184
s 7041 235 110
s 7043 95 47
s 7047 387 217
s 7048 94 51
s 7049 82 42
s 7050 78 39
s 7057 158 71
s 7067 52 23
s 7197 13 6
s 7198 207 96
s 7199 189 100
s 7200 65 30
s 7201 26 13
s 7202 62 30
s 7203 233 103
s 7204 121 48
s 7205 76 32
s 7206 8 4
s 7207 143 59
s 7208 73 33
s 7209 91 36
s 7210 72 35
s 7211 35 14
s 7212 160 81
s 7213 68 30
s 7214 69 26
s 7215 52 30
s 7216 195 92
s 7217 100 55
s 7218 84 48
s 7219 58 23
s 7220 38 22
s 7221 156 68
s 7222 271 124
s 7223 20 7
s 7224 66 28
s 7225 29 12
s 7226 28 10
s 7227 55 26
s 7228 25 15
s 7229 10 6
s 7230 109 61
s 7231 54 25
s 7232 95 40
s 7233 7 3
s 7234 7 2
s 7235 122 53
s 7236 93 44
s 7237 31 11
s 7238 97 47
s 7239 201 114
s 7240 63 23
s 7241 26 12
s 7242 302 153
s 7243 127 52
s 7244 167 82
s 7245 6 3
s 7246 10 5
s 7247 30 16
s 7248 42 22
s 7249 20 12
s 7250 21 13
s 7251 33 20
s 7252 158 64
s 7253 116 56
s 7254 404 189
s 7255 180 88
s 7256 118 64
s 7257 9 7
s 7258 52 21
s 7259 72 35
s 7260 10 6
s 7261 193 98
s 7262 22 9
s 7263 34 16
s 7264 15 6
s 7265 115 60
s 7266 24 8
s 7267 14 4
s 7268 116 55
s 7269 175 78
s 7270 34 16
s 7271 7 3
s 7272 36 18
s 7273 170 82
s 7274 129 65
s 7275 77 24
s 7276 17 7
s 7277 68 32
s 7278 89 40
s 7279 61 29
s 7280 117 55
s 7281 55 24
s 7282 80 37
s 7287 135 73
s 7288 56 22
s 7289 134 73
s 7291 186 82
s 7294 56 22
s 7296 205 100
s 7297 25 13
s 7299 102 45
s 7303 47 28
s 7304 72 33
s 7305 12 3
s 7306 46 17
s 7313 64 33
s 7323 28 16
s 7454 223 108
s 7455 206 95
s 7456 64 33
s 7457 29 13
s 7458 55 25
s 7459 239 123
s 7460 151 64
s 7461 81 37
s 7462 10 4
s 7463 138 63
s 7464 76 36
s 7465 125 58
s 7466 76 42
s 7467 41 18
s 7468 116 67
s 7469 63 32
s 7470 55 27
s 7471 56 27
s 7472 213 105
s 7473 102 45
s 7474 63 29
s 7475 66 28
s 7476 39 22
s 7477 148 67
s 7478 253 128
s 7479 7 4
s 7480 63 30
s 7481 14 8
s 7482 36 13
s 7483 37 15
s 7484 11 9
s 7485 12 7
s 7486 136 74
s 7487 69 37
s 7488 119 61
s 7489 6 3
s 7490 3 0
s 7491 124 56
s 7492 96 46
s 7493 13 7
s 7494 98 51
s 7495 223 114
s 7496 54 32
s 7497 21 8
s 7498 410 217
s 7499 149 75
s 7500 220 118
s 7501 5 2
s 7502 5 2
s 7503 24 13
s 7504 35 14
s 7505 18 7
s 7506 22 10
s 7507 28 12
s 7508 182 79
s 7509 119 50
s 7510 423 220
s 7511 202 101
s 7512 119 64
s 7513 9 5
s 7514 73 38
s 7515 55 25
s 7516 17 7
s 7517 212 104
s 7518 31 11
s 7519 26 8
s 7520 5 2
s 7521 83 38
s 7522 20 12
s 7523 5 2
s 7524 107 54
s 7525 169 77
s 7526 31 18
s 7527 14 11
s 7528 20 12
s 7529 167 81
s 7530 135 67
s 7531 73 34
s 7532 6 4
s 7533 93 48
s 7534 88 39
s 7535 50 28
s 7536 109 57
s 7537 45 28
s 7538 92 40
s 7543 130 64
s 7544 41 17
s 7545 103 60
s 7547 190 75
s 7550 96 55
s 7552 194 89
s 7553 9 4
s 7555 91 37
s 7559 33 20
s 7560 48 19
s 7561 9 3
s 7562 46 22
s 7569 48 26
s 7579 25 16
s 7711 165 79
s 7712 151 87
s 7713 153 80
s 7714 157 80
s 7715 492 247
s 7716 567 288
s 7717 70 34
s 7718 60 30
s 7719 340 167
s 7720 115 57
s 7721 255 144
s 7722 376 202
s 7723 132 81
s 7724 341 178
s 7725 101 47
s 7726 134 64
s 7727 211 101
s 7728 440 229
s 7729 516 266
s 7730 64 28
s 7731 77 42
s 7732 67 32
s 7733 309 138
s 7734 618 330
s 7735 220 108
s 7736 123 55
s 7737 64 38
s 7738 53 20
s 7739 117 46
s 7740 318 186
s 7741 34 16
s 7742 232 128
s 7743 145 68
s 7744 113 49
s 7745 25 17
s 7746 8 6
s 7747 372 188
s 7748 115 50
s 7749 251 116
s 7750 262 122
s 7751 455 244
s 7752 91 41
s 7753 62 25
s 7754 661 362
s 7755 167 81
s 7756 450 238
s 7757 51 22
s 7758 141 78
s 7759 38 19
s 7760 119 55
s 7761 113 65
s 7762 40 23
s 7763 31 15
s 7764 291 147
s 7765 272 139
s 7766 661 345
s 7767 154 73
s 7768 229 127
s 7769 38 23
s 7770 132 65
s 7771 93 44
s 7772 56 32
s 7773 488 257
s 7774 81 43
s 7775 78 39
s 7776 300 167
s 7777 478 250
s 7778 234 116
s 7779 122 55
s 7780 176 89
s 7781 241 122
s 7782 60 33
s 7783 29 14
s 7784 474 250
s 7785 249 112
s 7786 295 154
s 7787 182 85
s 7788 238 112
s 7789 158 84
s 7790 177 94
s 7791 56 23
s 7792 115 51
s 7793 116 59
s 7794 214 90
s 7799 157 84
s 7800 169 74
s 7801 132 61
s 7803 238 123
s 7806 202 117
s 7808 337 168
s 7809 223 122
s 7811 118 70
s 7815 447 246
s 7816 102 52
s 7817 83 45
s 7818 88 50
s 7825 132 70
s 7835 65 28
s 7968 122 68
s 7969 97 53
s 7970 149 69
s 7971 402 189
s 7972 494 254
s 7973 53 20
s 7974 61 33
s 7975 277 142
s 7976 91 36
s 7977 244 120
s 7978 344 192
s 7979 121 59
s 7980 266 152
s 7981 73 37
s 7982 113 43
s 7983 168 90
s 7984 381 193
s 7985 461 233
s 7986 47 27
s 7987 76 30
s 7988 78 49
s 7989 221 102
s 7990 544 279
s 7991 190 114
s 7992 116 53
s 7993 40 19
s 7994 50 27
s 7995 98 54
s 7996 346 190
s 7997 29 16
s 7998 182 115
s 7999 123 70
s 8000 97 51
s 8001 15 11
s 8002 3 2
s 8003 265 140
s 8004 60 31
s 8005 259 138
s 8006 265 142
s 8007 400 196
s 8008 85 38
s 8009 59 31
s 8010 580 296
s 8011 166 77
s 8012 460 263
s 8013 38 23
s 8014 95 52
s 8015 32 13
s 8016 104 62
s 8017 99 60
s 8018 35 17
s 8019 33 18
s 8020 261 130
s 8021 259 134
s 8022 571 312
s 8023 123 72
s 8024 199 109
s 8025 30 16
s 8026 105 53
s 8027 70 34
s 8028 43 21
s 8029 412 221
s 8030 70 33
s 8031 67 35
s 8032 215 105
s 8033 355 185
s 8034 148 75
s 8035 122 63
s 8036 143 71
s 8037 208 99
s 8038 39 19
s 8039 28 13
s 8040 372 196
s 8041 192 94
s 8042 288 151
s 8043 144 84
s 8044 205 98
s 8045 137 63
s 8046 152 79
s 8047 43 28
s 8048 82 45
s 8049 108 61
s 8050 180 88
s 8055 143 84
s 8056 140 68
s 8057 341 203
s 8059 202 81
s 8062 179 88
s 8064 259 128
s 8065 174 85
s 8067 91 41
s 8071 420 206
s 8072 117 65
s 8073 75 37
s 8074 46 20
s 8081 129 62
s 8091 51 33
s 8225 31 20
s 8226 40 16
s 8227 111 50
s 8228 160 99
s 8229 45 27
s 8230 12 5
s 8231 69 34
s 8232 58 24
s 8233 47 21
s 8234 105 53
s 8235 37 24
s 8236 68 32
s 8237 37 22
s 8238 24 8
s 8239 54 36
s 8240 76 38
s 8241 112 59
s 8242 41 23
s 8243 29 17
s 8244 20 14
s 8245 78 30
s 8246 140 81
s 8247 50 22
s 8248 22 11
s 8249 24 10
s 8250 30 14
s 8251 30 15
s 8252 97 54
s 8253 7 4
s 8254 67 38
s 8255 25 14
s 8256 71 30
s 8257 6 2
s 8258 6 1
s 8259 60 36
s 8260 64 31
s 8261 85 44
s 8262 50 23
s 8263 179 103
s 8264 44 23
s 8265 31 18
s 8266 135 65
s 8267 91 53
s 8268 80 44
s 8269 16 10
s 8270 40 25
s 8271 15 8
s 8272 20 10
s 8273 31 16
s 8274 14 7
s 8275 11 8
s 8276 118 66
s 8277 108 50
s 8278 231 122
s 8279 119 68
s 8280 65 34
s 8281 8 3
s 8282 24 12
s 8283 21 12
s 8284 13 9
s 8285 97 50
s 8286 16 8
s 8287 9 4
s 8288 85 45
s 8289 122 61
s 8290 53 26
s 8291 27 16
s 8292 58 26
s 8293 95 52
s 8294 28 13
s 8295 7 2
s 8296 108 53
s 8297 115 64
s 8298 50 28
s 8299 55 22
s 8300 63 33
s 8301 24 15
s 8302 63 30
s 8303 53 29
s 8304 77 37
s 8305 30 15
s 8306 49 29
s 8311 84 50
s 8312 29 14
s 8313 66 40
s 8315 127 66
s 8318 45 20
s 8320 153 78
s 8321 42 21
s 8323 61 30
s 8327 95 51
s 8328 24 7
s 8329 22 13
s 8330 20 12
s 8337 27 14
s 8347 26 13
s 8482 55 29
s 8483 132 64
s 8484 133 78
s 8485 44 25
s 8486 9 4
s 8487 89 48
s 8488 31 16
s 8489 58 35
s 8490 67 34
s 8491 24 11
s 8492 96 69
s 8493 32 16
s 8494 51 27
s 8495 38 24
s 8496 143 86
s 8497 121 67
s 8498 41 27
s 8499 44 25
s 8500 20 13
s 8501 86 45
s 8502 194 103
s 8503 22 8
s 8504 39 21
s 8505 17 14
s 8506 22 18
s 8507 25 12
s 8508 36 18
s 8509 9 8
s 8510 113 60
s 8511 33 20
s 8512 62 36
s 8513 11 4
s 8514 4 3
s 8515 73 42
s 8516 50 23
s 8517 23 11
s 8518 81 50
s 8519 143 83
s 8520 37 24
s 8521 18 12
s 8522 237 136
s 8523 100 52
s 8524 152 101
s 8525 5 4
s 8526 13 8
s 8527 21 12
s 8528 40 21
s 8529 27 12
s 8530 20 10
s 8531 21 14
s 8532 119 69
s 8533 93 57
s 8534 258 120
s 8535 116 66
s 8536 87 54
s 8537 11 7
s 8538 41 26
s 8539 40 25
s 8540 12 8
s 8541 158 75
s 8542 24 15
s 8543 30 16
s 8544 35 12
s 8545 105 55
s 8546 32 14
s 8547 18 7
s 8548 75 43
s 8549 64 34
s 8550 19 11
s 8551 10 6
s 8552 50 19
s 8553 121 61
s 8554 110 63
s 8555 64 39
s 8556 19 10
s 8557 61 36
s 8558 53 39
s 8559 40 27
s 8560 90 47
s 8561 35 18
s 8562 70 33
s 8567 71 42
s 8568 40 23
s 8569 78 50
s 8571 114 65
s 8574 68 42
s 8576 109 57
s 8577 24 13
s 8579 77 45
s 8583 69 41
s 8584 31 18
s 8585 11 3
s 8586 27 13
s 8593 50 27
s 8603 17 9
s 8739 65 25
s 8740 113 57
s 8741 40 20
s 8742 25 13
s 8743 30 17
s 8744 47 19
s 8745 79 32
s 8746 115 55
s 8747 19 11
s 8748 93 42
s 8749 37 11
s 8750 61 25
s 8751 45 29
s 8752 194 85
s 8753 120 65
s 8754 56 29
s 8755 44 18
s 8756 11 3
s 8757 95 41
s 8758 218 120
s 8759 78 36
s 8760 29 12
s 8761 36 21
s 8762 28 8
s 8763 16 7
s 8764 137 60
s 8765 14 7
s 8766 115 61
s 8767 54 29
s 8768 70 27
s 8769 11 6
s 8770 11 9
s 8771 98 40
s 8772 73 34
s 8773 84 37
s 8774 87 42
s 8775 222 104
s 8776 48 25
s 8777 21 9
s 8778 84 36
s 8779 105 51
s 8780 15 6
s 8781 12 6
s 8782 36 18
s 8783 29 12
s 8784 33 16
s 8785 42 22
s 8786 5 3
s 8787 20 7
s 8788 130 55
s 8789 125 59
s 8790 268 119
s 8791 134 56
s 8792 58 34
s 8793 7 3
s 8794 28 15
s 8795 42 22
s 8796 20 5
s 8797 148 61
s 8798 27 12
s 8799 12 7
s 8800 87 41
s 8801 146 67
s 8802 71 30
s 8803 34 17
s 8804 99 47
s 8805 93 42
s 8806 31 16
s 8807 12 6
s 8808 164 94
s 8809 135 73
s 8810 7 5
s 8811 55 25
s 8812 75 27
s 8813 69 39
s 8814 71 34
s 8815 42 25
s 8816 95 47
s 8817 11 5
s 8818 70 25
s 8823 98 55
s 8824 31 17
s 8825 108 59
s 8827 152 64
s 8830 15 9
s 8832 132 63
s 8833 87 29
s 8835 75 39
s 8839 154 70
s 8840 27 9
s 8841 27 14
s 8842 32 13
s 8849 43 18
s 8859 28 13
s 8996 442 226
s 8997 129 53
s 8998 47 21
s 8999 147 52
s 9000 170 77
s 9001 274 119
s 9002 407 191
s 9003 90 48
s 9004 251 131
s 9005 109 55
s 9006 117 38
s 9007 132 63
s 9008 320 147
s 9009 352 180
s 9010 128 60
s 9011 141 55
s 9012 36 17
s 9013 234 98
s 9014 543 295
s 9015 189 86
s 9016 82 43
s 9017 74 49
s 9018 65 23
s 9019 58 25
s 9020 307 158
s 9021 17 11
s 9022 230 121
s 9023 154 65
s 9024 242 99
s 9025 17 7
s 9026 11 4
s 9027 317 165
s 9028 186 91
s 9029 217 90
s 9030 253 121
s 9031 585 297
s 9032 123 57
s 9033 73 26
s 9034 340 159
s 9035 252 118
s 9036 132 69
s 9037 39 16
s 9038 112 56
s 9039 66 32
s 9040 93 38
s 9041 106 47
s 9042 19 13
s 9043 70 30
s 9044 409 202
s 9045 385 172
s 9046 767 371
s 9047 362 186
s 9048 218 121
s 9049 26 14
s 9050 55 24
s 9051 98 52
s 9052 32 18
s 9053 426 212
s 9054 57 25
s 9055 75 36
s 9056 281 126
s 9057 407 183
s 9058 195 81
s 9059 139 67
s 9060 250 123
s 9061 280 133
s 9062 109 50
s 9063 30 12
s 9064 459 221
s 9065 320 147
s 9066 112 43
s 9067 140 64
s 9068 234 99
s 9069 124 62
s 9070 181 74
s 9071 125 72
s 9072 196 105
s 9073 43 23
s 9074 160 74
s 9079 244 131
s 9080 88 41
s 9081 240 100
s 9083 343 151
s 9086 78 37
s 9088 364 175
s 9089 241 126
s 9091 184 98
s 9095 390 186
s 9096 91 40
s 9097 84 36
s 9098 73 39
s 9105 111 49
s 9115 50 20
s 9253 185 86
s 9254 35 21
s 9255 224 110
s 9256 187 93
s 9257 278 148
s 9258 305 155
s 9259 74 36
s 9260 317 158
s 9261 130 68
s 9262 143 70
s 9263 184 90
s 9264 458 227
s 9265 393 213
s 9266 164 90
s 9267 152 81
s 9268 60 29
s 9269 303 143
s 9270 558 265
s 9271 156 85
s 9272 112 54
s 9273 65 33
s 9274 95 42
s 9275 83 38
s 9276 212 120
s 9277 24 14
s 9278 373 213
s 9279 161 81
s 9280 257 124
s 9281 22 9
s 9282 15 10
s 9283 263 127
s 9284 218 109
s 9285 179 78
s 9286 255 130
s 9287 676 330
s 9288 141 65
s 9289 76 35
s 9290 546 279
s 9291 350 155
s 9292 328 184
s 9293 32 17
s 9294 64 26
s 9295 67 30
s 9296 118 56
s 9297 89 54
s 9298 26 14
s 9299 84 40
s 9300 484 222
s 9301 416 193
s 9302 971 502
s 9303 446 241
s 9304 308 188
s 9305 35 17
s 9306 112 50
s 9307 131 57
s 9308 50 28
s 9309 507 263
s 9310 69 33
s 9311 65 35
s 9312 181 82
s 9313 341 175
s 9314 143 70
s 9315 85 44
s 9316 316 177
s 9317 387 177
s 9318 106 52
s 9319 44 25
s 9320 328 168
s 9321 384 202
s 9322 238 120
s 9323 220 111
s 9324 198 89
s 9325 126 60
s 9326 173 81
s 9327 170 92
s 9328 243 113
s 9329 98 54
s 9330 189 91
s 9335 306 165
s 9336 126 57
s 9337 290 155
s 9339 490 215
s 9342 148 74
s 9344 448 214
s 9345 152 75
s 9347 247 118
s 9351 308 163
s 9352 133 62
s 9353 77 34
s 9354 80 41
s 9361 144 72
s 9371 68 36
s 9510 26 10
s 9511 97 47
s 9512 25 10
s 9513 93 41
s 9514 137 75
s 9515 36 18
s 9516 119 54
s 9517 24 15
s 9518 43 27
s 9519 77 29
s 9520 166 73
s 9521 207 114
s 9522 16 11
s 9523 33 16
s 9524 24 8
s 9525 97 48
s 9526 191 90
s 9527 80 33
s 9528 48 26
s 9529 12 7
s 9530 27 16
s 9531 32 15
s 9532 121 64
s 9533 15 7
s 9534 71 40
s 9535 39 14
s 9536 41 20
s 9537 10 2
s 9538 1 0
s 9539 126 68
s 9540 34 12
s 9541 95 48
s 9542 91 43
s 9543 143 80
s 9544 24 12
s 9545 30 17
s 9546 250 141
s 9547 45 24
s 9548 165 84
s 9549 12 8
s 9550 41 21
s 9551 15 8
s 9552 41 19
s 9553 32 19
s 9554 13 9
s 9555 7 4
s 9556 107 50
s 9557 84 34
s 9558 204 103
s 9559 44 13
s 9560 76 35
s 9561 11 5
s 9562 34 20
s 9563 29 15
s 9564 18 9
s 9565 137 72
s 9566 27 12
s 9567 25 9
s 9568 82 36
s 9569 152 89
s 9570 64 28
s 9571 47 21
s 9572 67 29
s 9573 66 32
s 9574 14 4
s 9575 9 7
s 9576 164 75
s 9577 88 44
s 9578 115 51
s 9579 66 31
s 9580 97 50
s 9581 67 34
s 9582 64 26
s 9583 17 7
s 9584 34 12
s 9585 38 20
s 9586 67 30
s 9591 50 23
s 9592 53 22
s 9593 43 20
s 9595 79 36
s 9598 77 37
s 9600 128 57
s 9601 63 34
s 9603 26 13
s 9607 123 61
s 9608 42 20
s 9609 48 28
s 9610 33 16
s 9617 57 27
s 9627 16 9
s 9767 45 26
s 9768 22 8
s 9769 31 13
s 9770 22 10
s 9771 11 4
s 9772 29 11
s 9773 27 16
s 9774 26 10
s 9775 20 10
s 9776 58 25
s 9777 49 23
s 9778 22 6
s 9779 20 7
s 9780 21 13
s 9781 45 22
s 9782 78 35
s 9783 8 2
s 9784 10 4
s 9785 7 4
s 9786 12 5
s 9787 14 7
s 9788 8 5
s 9789 8 2
s 9790 47 28
s 9791 25 16
s 9792 30 11
s 9793 5 4
s 9794 1 1
s 9795 41 17
s 9796 27 19
s 9797 10 4
s 9798 29 13
s 9799 70 33
s 9800 15 5
s 9801 14 4
s 9802 107 52
s 9803 39 13
s 9804 54 27
s 9805 4 3
s 9806 2 2
s 9807 15 7
s 9808 14 6
s 9809 10 6
s 9810 3 1
s 9811 3 1
s 9812 59 30
s 9813 48 22
s 9814 129 64
s 9815 49 23
s 9816 33 19
s 9817 4 1
s 9818 32 13
s 9819 23 11
s 9820 8 4
s 9821 60 32
s 9822 7 2
s 9823 8 2
s 9824 8 3
s 9825 29 15
s 9826 8 4
s 9827 6 3
s 9828 45 24
s 9829 50 21
s 9830 15 9
s 9831 6 3
s 9832 16 6
s 9833 61 26
s 9834 39 17
s 9835 36 24
s 9836 10 8
s 9837 27 10
s 9838 23 9
s 9839 22 12
s 9840 30 8
s 9841 17 12
s 9842 30 16
s 9847 50 27
s 9848 19 7
s 9849 29 13
s 9851 63 29
s 9854 30 9
s 9856 57 26
s 9857 9 3
s 9859 44 22
s 9863 24 9
s 9864 19 5
s 9865 5 4
s 9866 15 6
s 9873 24 13
s 9883 11 6
s 10024 100 50
s 10025 164 77
s 10026 256 114
s 10027 42 20
s 10028 190 87
s 10029 64 32
s 10030 80 35
s 10031 75 40
s 10032 258 129
s 10033 233 109
s 10034 86 35
s 10035 85 47
s 10036 22 12
s 10037 153 69
s 10038 402 191
s 10039 145 66
s 10040 69 24
s 10041 53 29
s 10042 56 19
s 10043 31 12
s 10044 175 101
s 10045 9 4
s 10046 176 88
s 10047 97 47
s 10048 142 68
s 10049 14 4
s 10050 7 2
s 10051 195 98
s 10052 129 64
s 10053 179 79
s 10054 132 59
s 10055 370 194
s 10056 87 47
s 10057 53 23
s 10058 195 100
s 10059 190 97
s 10060 76 41
s 10061 24 11
s 10062 62 28
s 10063 38 23
s 10064 66 32
s 10065 61 31
s 10066 16 7
s 10067 44 21
s 10068 304 138
s 10069 230 118
s 10070 508 258
s 10071 241 108
s 10072 146 66
s 10073 13 5
s 10074 37 15
s 10075 63 25
s 10076 22 13
s 10077 296 143
s 10078 55 28
s 10079 41 18
s 10080 168 64
s 10081 226 110
s 10082 122 55
s 10083 80 32
s 10084 169 78
s 10085 209 89
s 10086 53 19
s 10087 26 15
s 10088 291 160
s 10089 214 103
s 10090 54 25
s 10091 82 33
s 10092 156 63
s 10093 97 39
s 10094 114 50
s 10095 79 36
s 10096 139 64
s 10097 27 13
s 10098 97 39
s 10103 170 67
s 10104 44 20
s 10105 160 82
s 10107 241 95
s 10110 52 19
s 10112 229 114
s 10113 124 68
s 10115 123 44
s 10119 272 128
s 10120 50 25
s 10121 64 28
s 10122 56 24
s 10129 87 40
s 10139 55 23
s 10281 102 48
s 10282 127 67
s 10283 44 22
s 10284 100 43
s 10285 27 11
s 10286 53 16
s 10287 129 54
s 10288 141 59
s 10289 181 90
s 10290 33 13
s 10291 35 13
s 10292 19 11
s 10293 89 39
s 10294 208 90
s 10295 65 31
s 10296 47 22
s 10297 19 7
s 10298 15 7
s 10299 42 16
s 10300 120 65
s 10301 13 8
s 10302 53 28
s 10303 31 14
s 10304 59 26
s 10305 8 4
s 10306 1 0
s 10307 113 65
s 10308 40 22
s 10309 76 28
s 10310 110 52
s 10311 135 53
s 10312 40 18
s 10313 20 9
s 10314 220 106
s 10315 64 27
s 10316 168 97
s 10317 15 7
s 10318 45 20
s 10319 18 6
s 10320 45 19
s 10321 44 21
s 10322 22 10
s 10323 14 4
s 10324 134 59
s 10325 91 46
s 10326 209 91
s 10327 75 36
s 10328 92 51
s 10329 8 6
s 10330 40 21
s 10331 23 11
s 10332 15 11
s 10333 181 74
s 10334 25 15
s 10335 19 8
s 10336 108 51
s 10337 133 61
s 10338 60 27
s 10339 34 10
s 10340 75 33
s 10341 65 28
s 10342 15 9
s 10343 16 9
s 10344 143 71
s 10345 70 28
s 10346 100 45
s 10347 74 31
s 10348 93 46
s 10349 45 21
s 10350 45 22
s 10351 27 11
s 10352 41 20
s 10353 34 17
s 10354 83 32
s 10359 47 23
s 10360 45 20
s 10361 39 23
s 10363 92 33
s 10366 74 30
s 10368 100 50
s 10369 64 22
s 10371 38 14
s 10375 125 60
s 10376 39 19
s 10377 36 10
s 10378 24 6
s 10385 52 25
s 10395 23 9
s 10538 123 66
s 10539 71 34
s 10540 17 6
s 10541 64 29
s 10542 32 15
s 10543 107 54
s 10544 22 12
s 10545 203 112
s 10546 81 36
s 10547 55 22
s 10548 29 15
s 10549 119 60
s 10550 33 17
s 10551 110 61
s 10552 27 14
s 10553 34 16
s 10554 47 20
s 10555 79 31
s 10556 148 78
s 10557 9 6
s 10558 145 81
s 10559 57 27
s 10560 150 72
s 10561 18 7
s 10562 7 3
s 10563 13 6
s 10564 139 70
s 10565 138 70
s 10566 27 11
s 10567 304 152
s 10568 39 17
s 10569 29 15
s 10570 664 344
s 10571 161 86
s 10572 233 115
s 10573 18 10
s 10574 59 21
s 10575 34 6
s 10576 13 4
s 10577 33 15
s 10578 13 7
s 10579 29 16
s 10580 242 121
s 10581 188 95
s 10582 480 241
s 10583 213 103
s 10584 139 79
s 10585 2 2
s 10586 81 48
s 10587 46 20
s 10588 20 9
s 10589 51 24
s 10590 8 7
s 10591 5 2
s 10592 144 71
s 10593 224 110
s 10594 92 48
s 10595 60 24
s 10596 134 69
s 10597 254 128
s 10598 43 20
s 10599 22 9
s 10600 216 98
s 10601 205 100
s 10602 119 59
s 10603 117 53
s 10604 124 56
s 10605 8 2
s 10606 131 75
s 10607 71 41
s 10608 113 58
s 10609 54 22
s 10610 50 25
s 10615 139 63
s 10616 69 29
s 10617 125 61
s 10619 206 101
s 10622 94 52
s 10624 289 151
s 10625 131 68
s 10627 95 43
s 10631 232 120
s 10632 57 26
s 10633 38 18
s 10634 12 6
s 10641 23 12
s 10651 38 21
s 10795 90 47
s 10796 147 85
s 10797 101 44
s 10798 72 25
s 10799 126 83
s 10800 209 106
s 10801 208 114
s 10802 122 66
s 10803 99 45
s 10804 54 28
s 10805 216 94
s 10806 260 125
s 10807 71 32
s 10808 89 43
s 10809 35 17
s 10810 73 44
s 10811 79 39
s 10812 106 58
s 10813 22 12
s 10814 227 143
s 10815 110 59
s 10816 193 104
s 10817 21 9
s 10818 12 9
s 10819 140 83
s 10820 170 98
s 10821 91 45
s 10822 134 71
s 10823 404 214
s 10824 96 51
s 10825 40 15
s 10826 547 317
s 10827 257 134
s 10828 370 209
s 10829 17 11
s 10830 35 22
s 10831 58 27
s 10832 61 33
s 10833 42 22
s 10834 21 12
s 10835 40 21
s 10836 328 169
s 10837 292 162
s 10838 710 364
s 10839 305 178
s 10840 228 134
s 10841 13 8
s 10842 88 48
s 10843 90 37
s 10844 34 24
s 10845 309 170
s 10846 46 25
s 10847 27 13
s 10848 89 46
s 10849 218 123
s 10850 68 32
s 10851 43 18
s 10852 195 101
s 10853 277 146
s 10854 48 28
s 10855 27 14
s 10856 138 70
s 10857 268 137
s 10858 263 160
s 10859 144 72
s 10860 86 45
s 10861 63 25
s 10862 175 95
s 10863 86 50
s 10864 169 82
s 10865 78 48
s 10866 119 58
s 10871 229 123
s 10872 104 50
s 10873 208 113
s 10875 336 166
s 10878 131 72
s 10880 317 177
s 10881 71 38
s 10883 165 82
s 10887 162 92
s 10888 84 35
s 10889 44 24
s 10890 54 24
s 10897 69 30
s 10907 37 22
s 11052 69 36
s 11053 31 14
s 11054 41 18
s 11055 29 16
s 11056 117 59
s 11057 81 44
s 11058 32 15
s 11059 36 15
s 11060 11 7
s 11061 61 25
s 11062 139 78
s 11063 35 21
s 11064 30 11
s 11065 12 4
s 11066 13 2
s 11067 15 7
s 11068 43 20
s 11069 4 1
s 11070 85 54
s 11071 39 22
s 11072 44 17
s 11073 5 1
s 11074 4 1
s 11075 73 35
s 11076 43 22
s 11077 56 22
s 11078 74 35
s 11079 168 86
s 11080 26 12
s 11081 22 8
s 11082 104 50
s 11083 79 44
s 11084 46 26
s 11085 6 2
s 11086 30 20
s 11087 15 5
s 11088 28 16
s 11089 27 11
s 11090 6 2
s 11091 16 8
s 11092 109 56
s 11093 100 49
s 11094 191 110
s 11095 112 60
s 11096 63 31
s 11097 7 4
s 11098 35 16
s 11099 25 12
s 11100 8 5
s 11101 149 65
s 11102 21 5
s 11103 15 8
s 11104 41 21
s 11105 98 47
s 11106 24 10
s 11107 12 3
s 11108 73 35
s 11109 74 35
s 11110 21 10
s 11111 5 3
s 11112 81 53
s 11113 83 45
s 11114 42 25
s 11115 39 16
s 11116 53 24
s 11117 36 21
s 11118 47 22
s 11119 36 17
s 11120 57 30
s 11121 10 5
s 11122 56 23
s 11127 66 29
s 11128 30 13
s 11129 60 31
s 11131 83 44
s 11134 40 23
s 11136 115 60
s 11137 46 21
s 11139 48 26
s 11143 72 33
s 11144 30 14
s 11145 11 6
s 11146 25 14
s 11153 30 10
s 11163 15 10
s 11309 97 49
s 11310 17 6
s 11311 115 65
s 11312 23 8
s 11313 296 146
s 11314 117 64
s 11315 78 38
s 11316 45 21
s 11317 126 45
s 11318 17 5
s 11319 118 57
s 11320 28 14
s 11321 52 25
s 11322 44 18
s 11323 61 34
s 11324 195 108
s 11325 19 12
s 11326 164 94
s 11327 61 27
s 11328 172 76
s 11329 16 4
s 11330 7 2
s 11331 11 4
s 11332 130 76
s 11333 145 62
s 11334 26 11
s 11335 344 177
s 11336 57 36
s 11337 37 18
s 11338 482 257
s 11339 216 111
s 11340 254 149
s 11341 26 16
s 11342 65 40
s 11343 44 23
s 11344 17 6
s 11345 37 19
s 11346 28 13
s 11347 35 20
s 11348 256 128
s 11349 246 131
s 11350 571 284
s 11351 250 129
s 11352 163 80
s 11353 5 2
s 11354 79 36
s 11355 50 25
s 11356 25 14
s 11357 75 39
s 11358 5 1
s 11359 4 2
s 11360 157 69
s 11361 345 172
s 11362 117 46
s 11363 81 36
s 11364 174 87
s 11365 232 123
s 11366 57 35
s 11367 15 8
s 11368 267 137
s 11369 261 145
s 11370 193 90
s 11371 119 62
s 11372 133 59
s 11373 7 3
s 11374 143 84
s 11375 103 62
s 11376 154 64
s 11377 65 36
s 11378 39 17
s 11383 159 84
s 11384 92 40
s 11385 176 89
s 11387 240 110
s 11390 152 85
s 11392 300 153
s 11393 133 68
s 11395 130 77
s 11399 232 116
s 11400 64 35
s 11401 52 22
s 11402 14 9
s 11409 27 14
s 11419 36 19
s 11566 45 22
s 11567 47 20
s 11568 128 64
s 11569 154 67
s 11570 18 6
s 11571 29 12
s 11572 19 11
s 11573 82 38
s 11574 174 81
s 11575 57 32
s 11576 33 18
s 11577 14 7
s 11578 16 9
s 11579 28 19
s 11580 81 46
s 11581 15 9
s 11582 47 26
s 11583 41 23
s 11584 49 22
s 11585 6 3
s 11586 3 0
s 11587 104 62
s 11588 25 16
s 11589 69 32
s 11590 58 25
s 11591 119 61
s 11592 34 20
s 11593 12 4
s 11594 174 95
s 11595 52 20
s 11596 114 70
s 11597 12 7
s 11598 34 18
s 11599 11 3
s 11600 35 14
s 11601 35 14
s 11602 14 4
s 11603 10 8
s 11604 115 54
s 11605 110 53
s 11606 165 78
s 11607 57 33
s 11608 61 37
s 11609 10 4
s 11610 38 22
s 11611 22 11
s 11612 7 3
s 11613 141 64
s 11614 19 11
s 11615 13 6
s 11616 80 42
s 11617 112 64
s 11618 59 29
s 11619 33 16
s 11620 54 30
s 11621 62 24
s 11622 22 14
s 11623 9 5
s 11624 119 70
s 11625 78 35
s 11626 71 43
s 11627 64 36
s 11628 58 20
s 11629 42 23
s 11630 51 22
s 11631 31 10
s 11632 41 16
s 11633 23 14
s 11634 53 23
s 11639 64 36
s 11640 44 21
s 11641 31 12
s 11643 73 33
s 11646 52 28
s 11648 111 52
s 11649 62 35
s 11651 28 16
s 11655 128 57
s 11656 28 16
s 11657 24 12
s 11658 43 21
s 11665 35 18
s 11675 21 6
s 11823 55 23
s 11824 35 14
s 11825 169 95
s 11826 53 27
s 11827 42 19
s 11828 23 7
s 11829 55 24
s 11830 40 20
s 11831 68 34
s 11832 5 0
s 11833 40 16
s 11834 23 7
s 11835 33 9
s 11836 103 42
s 11837 19 8
s 11838 105 52
s 11839 25 13
s 11840 61 23
s 11841 13 8
s 11842 6 4
s 11843 24 8
s 11844 58 34
s 11845 84 38
s 11846 29 16
s 11847 204 86
s 11848 33 16
s 11849 11 4
s 11850 227 113
s 11851 89 35
s 11852 114 61
s 11853 19 8
s 11854 48 24
s 11855 27 11
s 11856 11 3
s 11857 34 9
s 11858 14 7
s 11859 28 14
s 11860 170 82
s 11861 126 58
s 11862 269 121
s 11863 106 55
s 11864 75 33
s 11865 3 2
s 11866 38 20
s 11867 43 19
s 11868 20 11
s 11869 39 19
s 11870 5 2
s 11871 5 2
s 11872 79 37
s 11873 155 80
s 11874 75 36
s 11875 38 19
s 11876 118 56
s 11877 95 36
s 11878 30 7
s 11879 13 6
s 11880 139 60
s 11881 134 63
s 11882 96 44
s 11883 83 41
s 11884 53 26
s 11885 9 3
s 11886 68 37
s 11887 57 31
s 11888 102 44
s 11889 42 12
s 11890 19 9
s 11895 89 38
s 11896 46 15
s 11897 92 37
s 11899 130 55
s 11902 74 39
s 11904 152 69
s 11905 64 36
s 11907 91 49
s 11911 147 73
s 11912 63 19
s 11913 30 11
s 11914 8 2
s 11921 29 14
s 11931 38 19
s 12080 175 95
s 12081 157 82
s 12082 52 30
s 12083 57 31
s 12084 21 10
s 12085 123 46
s 12086 249 115
s 12087 54 27
s 12088 52 25
s 12089 28 17
s 12090 35 14
s 12091 30 11
s 12092 75 34
s 12093 10 6
s 12094 130 72
s 12095 44 23
s 12096 91 36
s 12097 7 1
s 12098 7 4
s 12099 138 72
s 12100 83 43
s 12101 79 40
s 12102 107 51
s 12103 238 129
s 12104 50 27
s 12105 23 10
s 12106 185 83
s 12107 106 45
s 12108 127 69
s 12109 8 7
s 12110 36 18
s 12111 30 18
s 12112 40 20
s 12113 24 9
s 12114 15 7
s 12115 37 6
s 12116 198 94
s 12117 161 77
s 12118 338 171
s 12119 148 73
s 12120 119 58
s 12121 12 4
s 12122 34 19
s 12123 40 22
s 12124 14 5
s 12125 212 97
s 12126 29 14
s 12127 24 8
s 12128 86 35
s 12129 149 91
s 12130 56 23
s 12131 31 10
s 12132 113 52
s 12133 116 53
s 12134 34 21
s 12135 10 6
s 12136 110 40
s 12137 140 71
s 12138 91 42
s 12139 77 38
s 12140 76 39
s 12141 62 28
s 12142 64 32
s 12143 52 26
s 12144 94 47
s 12145 35 15
s 12146 74 38
s 12151 105 50
s 12152 39 14
s 12153 90 49
s 12155 148 65
s 12158 52 29
s 12160 135 61
s 12161 54 27
s 12163 80 39
s 12167 114 66
s 12168 41 20
s 12169 22 12
s 12170 49 18
s 12177 52 28
s 12187 26 11
s 12337 492 281
s 12338 148 79
s 12339 123 67
s 12340 61 27
s 12341 185 83
s 12342 34 15
s 12343 206 105
s 12344 37 16
s 12345 73 49
s 12346 74 33
s 12347 114 59
s 12348 335 189
s 12349 44 25
s 12350 317 171
s 12351 82 39
s 12352 197 92
s 12353 23 10
s 12354 16 4
s 12355 16 4
s 12356 185 93
s 12357 255 149
s 12358 41 22
s 12359 562 318
s 12360 74 44
s 12361 49 19
s 12362 636 329
s 12363 244 101
s 12364 465 266
s 12365 38 18
s 12366 127 64
s 12367 87 49
s 12368 41 22
s 12369 69 27
s 12370 42 29
s 12371 73 40
s 12372 443 226
s 12373 407 202
s 12374 855 421
s 12375 326 166
s 12376 278 155
s 12377 2 1
s 12378 140 72
s 12379 145 72
s 12380 61 36
s 12381 106 46
s 12382 11 5
s 12383 7 3
s 12384 221 106
s 12385 442 220
s 12386 193 80
s 12387 101 50
s 12388 295 153
s 12389 367 193
s 12390 94 49
s 12391 54 31
s 12392 390 210
s 12393 389 202
s 12394 319 170
s 12395 208 123
s 12396 236 97
s 12397 9 6
s 12398 195 100
s 12399 142 83
s 12400 256 128
s 12401 132 70
s 12402 87 40
s 12407 274 133
s 12408 153 71
s 12409 242 138
s 12411 403 196
s 12414 216 118
s 12416 452 230
s 12417 174 78
s 12419 248 103
s 12423 431 220
s 12424 140 87
s 12425 100 42
s 12426 21 8
s 12433 57 24
s 12443 70 31
s 12594 206 111
s 12595 128 69
s 12596 72 41
s 12597 301 133
s 12598 626 329
s 12599 149 82
s 12600 145 72
s 12601 87 41
s 12602 96 47
s 12603 89 46
s 12604 189 107
s 12605 35 18
s 12606 360 220
s 12607 123 62
s 12608 247 116
s 12609 23 11
s 12610 14 9
s 12611 334 196
s 12612 254 141
s 12613 151 72
s 12614 231 115
s 12615 561 319
s 12616 125 62
s 12617 73 35
s 12618 606 332
s 12619 310 150
s 12620 330 198
s 12621 28 18
s 12622 77 48
s 12623 85 45
s 12624 109 57
s 12625 63 29
s 12626 38 23
s 12627 63 33
s 12628 387 198
s 12629 358 198
s 12630 945 472
s 12631 406 213
s 12632 286 157
s 12633 32 18
s 12634 138 74
s 12635 177 110
s 12636 43 20
s 12637 452 237
s 12638 75 38
s 12639 78 41
s 12640 114 53
s 12641 331 181
s 12642 125 63
s 12643 45 19
s 12644 263 138
s 12645 417 202
s 12646 90 55
s 12647 34 18
s 12648 210 99
s 12649 463 245
s 12650 213 118
s 12651 196 116
s 12652 108 64
s 12653 167 79
s 12654 207 117
s 12655 168 82
s 12656 306 151
s 12657 114 48
s 12658 177 96
s 12663 319 166
s 12664 121 55
s 12665 353 211
s 12667 493 232
s 12670 136 63
s 12672 404 202
s 12673 88 53
s 12675 266 137
s 12679 251 147
s 12680 108 63
s 12681 47 25
s 12682 82 43
s 12689 172 87
s 12699 67 31
s 12851 21 11
s 12852 23 12
s 12853 125 62
s 12854 192 96
s 12855 66 31
s 12856 34 16
s 12857 13 7
s 12858 15 8
s 12859 50 24
s 12860 103 49
s 12861 18 12
s 12862 60 35
s 12863 34 16
s 12864 35 18
s 12865 11 5
s 12866 1 0
s 12867 122 57
s 12868 28 13
s 12869 75 33
s 12870 89 47
s 12871 151 78
s 12872 36 20
s 12873 12 6
s 12874 235 137
s 12875 43 20
s 12876 152 79
s 12877 12 7
s 12878 47 23
s 12879 9 5
s 12880 46 25
s 12881 30 15
s 12882 23 12
s 12883 8 3
s 12884 94 46
s 12885 71 39
s 12886 202 99
s 12887 41 25
s 12888 82 49
s 12889 16 10
s 12890 50 24
s 12891 36 15
s 12892 15 6
s 12893 134 72
s 12894 23 12
s 12895 23 10
s 12896 89 51
s 12897 145 82
s 12898 70 36
s 12899 32 17
s 12900 65 41
s 12901 83 49
s 12902 14 8
s 12903 8 4
s 12904 156 76
s 12905 97 48
s 12906 101 60
s 12907 66 31
s 12908 62 25
s 12909 55 29
s 12910 58 31
s 12911 12 6
s 12912 32 21
s 12913 37 26
s 12914 64 26
s 12919 57 23
s 12920 72 31
s 12921 53 32
s 12923 100 55
s 12926 68 33
s 12928 107 61
s 12929 60 35
s 12931 33 18
s 12935 153 77
s 12936 40 22
s 12937 32 20
s 12938 18 7
s 12945 46 23
s 12955 16 11
s 13108 24 17
s 13109 81 32
s 13110 173 88
s 13111 78 39
s 13112 41 19
s 13113 15 3
s 13114 17 9
s 13115 34 21
s 13116 81 49
s 13117 10 6
s 13118 38 17
s 13119 34 16
s 13120 49 20
s 13121 7 3
s 13122 4 3
s 13123 87 44
s 13124 36 18
s 13125 56 25
s 13126 72 34
s 13127 73 40
s 13128 28 15
s 13129 11 6
s 13130 173 80
s 13131 56 27
s 13132 136 78
s 13133 9 3
s 13134 29 11
s 13135 11 2
s 13136 27 15
s 13137 26 18
s 13138 12 5
s 13139 7 0
s 13140 100 39
s 13141 74 43
s 13142 175 91
s 13143 63 30
s 13144 41 14
s 13145 6 2
s 13146 35 21
s 13147 22 12
s 13148 9 8
s 13149 128 58
s 13150 25 11
s 13151 17 8
s 13152 52 27
s 13153 95 46
s 13154 45 19
s 13155 29 18
s 13156 35 19
s 13157 85 34
s 13158 11 4
s 13159 7 2
s 13160 104 51
s 13161 52 23
s 13162 84 38
s 13163 39 21
s 13164 70 35
s 13165 40 13
s 13166 39 20
s 13167 23 12
s 13168 38 14
s 13169 40 24
s 13170 47 25
s 13175 39 13
s 13176 40 21
s 13177 22 12
s 13179 69 31
s 13182 70 32
s 13184 99 55
s 13185 49 22
s 13187 46 21
s 13191 88 43
s 13192 29 11
s 13193 19 8
s 13194 30 16
s 13201 30 8
s 13211 8 5
s 13365 37 13
s 13366 87 51
s 13367 35 16
s 13368 16 10
s 13369 15 8
s 13370 14 9
s 13371 15 6
s 13372 53 29
s 13373 5 3
s 13374 54 27
s 13375 16 7
s 13376 36 13
s 13377 2 2
s 13378 1 0
s 13379 42 30
s 13380 37 15
s 13381 37 23
s 13382 35 17
s 13383 81 45
s 13384 23 9
s 13385 10 5
s 13386 52 29
s 13387 38 22
s 13388 25 17
s 13389 6 5
s 13390 13 8
s 13391 11 6
s 13392 13 5
s 13393 24 18
s 13394 3 2
s 13395 15 7
s 13396 54 30
s 13397 68 33
s 13398 123 66
s 13399 61 36
s 13400 36 24
s 13401 8 4
s 13402 21 11
s 13403 187 107
s 13404 6 4
s 13405 83 45
s 13406 7 3
s 13407 10 5
s 13408 44 22
s 13409 71 43
s 13410 25 11
s 13411 23 14
s 13412 44 21
s 13413 44 21
s 13414 17 9
s 13415 4 1
s 13416 71 38
s 13417 74 46
s 13418 19 11
s 13419 25 12
s 13420 29 11
s 13421 26 13
s 13422 31 14
s 13423 25 16
s 13424 48 26
s 13425 10 7
s 13426 24 11
s 13431 46 27
s 13432 16 7
s 13433 42 27
s 13435 71 36
s 13438 17 9
s 13440 61 35
s 13441 44 20
s 13443 45 25
s 13447 60 41
s 13448 16 7
s 13449 18 8
s 13450 15 9
s 13457 12 6
s 13467 11 4
s 13622 238 106
s 13623 140 55
s 13624 52 19
s 13625 51 24
s 13626 49 20
s 13627 71 34
s 13628 201 96
s 13629 16 10
s 13630 195 95
s 13631 84 30
s 13632 129 53
s 13633 29 11
s 13634 16 4
s 13635 139 73
s 13636 119 56
s 13637 159 66
s 13638 116 54
s 13639 439 217
s 13640 77 41
s 13641 32 19
s 13642 376 165
s 13643 187 81
s 13644 266 138
s 13645 29 14
s 13646 79 41
s 13647 41 13
s 13648 57 25
s 13649 80 27
s 13650 25 16
s 13651 41 16
s 13652 281 117
s 13653 227 83
s 13654 586 276
s 13655 240 102
s 13656 189 92
s 13657 12 2
s 13658 93 41
s 13659 55 20
s 13660 43 23
s 13661 235 94
s 13662 31 17
s 13663 25 9
s 13664 183 78
s 13665 262 114
s 13666 128 55
s 13667 66 21
s 13668 199 103
s 13669 172 71
s 13670 39 15
s 13671 18 10
s 13672 295 156
s 13673 202 93
s 13674 188 94
s 13675 128 59
s 13676 167 72
s 13677 70 25
s 13678 113 61
s 13679 80 31
s 13680 138 61
s 13681 72 42
s 13682 100 46
s 13687 184 82
s 13688 86 31
s 13689 126 57
s 13691 215 93
s 13694 124 51
s 13696 269 109
s 13697 146 57
s 13699 127 53
s 13703 245 118
s 13704 76 35
s 13705 57 30
s 13706 29 15
s 13713 64 19
s 13723 44 15
s 13879 300 144
s 13880 59 33
s 13881 88 55
s 13882 131 61
s 13883 129 62
s 13884 389 226
s 13885 33 17
s 13886 378 214
s 13887 127 61
s 13888 306 150
s 13889 36 16
s 13890 16 11
s 13891 15 10
s 13892 273 143
s 13893 346 174
s 13894 33 21
s 13895 750 380
s 13896 139 69
s 13897 53 24
s 13898 886 467
s 13899 424 211
s 13900 627 335
s 13901 57 32
s 13902 130 68
s 13903 90 45
s 13904 24 11
s 13905 62 32
s 13906 40 18
s 13907 72 29
s 13908 527 269
s 13909 506 228
s 13910 1176 615
s 13911 521 266
s 13912 368 212
s 13913 8 2
s 13914 162 95
s 13915 147 76
s 13916 69 37
s 13917 160 78
s 13918 10 4
s 13919 6 0
s 13920 297 158
s 13921 587 304
s 13922 256 128
s 13923 136 62
s 13924 322 159
s 13925 476 242
s 13926 99 57
s 13927 41 21
s 13928 573 334
s 13929 446 217
s 13930 422 219
s 13931 275 147
s 13932 290 129
s 13933 7 4
s 13934 271 139
s 13935 173 81
s 13936 362 201
s 13937 134 81
s 13938 102 50
s 13943 388 208
s 13944 216 117
s 13945 379 219
s 13947 554 304
s 13950 225 120
s 13952 582 315
s 13953 248 119
s 13955 308 146
s 13959 531 301
s 13960 158 92
s 13961 130 55
s 13962 37 19
s 13969 73 39
s 13979 87 45
s 14136 55 26
s 14137 20 10
s 14138 36 17
s 14139 44 24
s 14140 14 7
s 14141 13 7
s 14142 342 205
s 14143 57 26
s 14144 101 50
s 14145 3 1
s 14146 8 5
s 14147 138 77
s 14148 81 50
s 14149 17 9
s 14150 108 57
s 14151 444 244
s 14152 63 27
s 14153 40 22
s 14154 314 151
s 14155 144 71
s 14156 239 135
s 14157 3 2
s 14158 12 5
s 14159 32 17
s 14160 56 24
s 14161 22 11
s 14162 17 9
s 14163 31 16
s 14164 162 71
s 14165 136 74
s 14166 356 175
s 14167 172 90
s 14168 147 78
s 14169 21 6
s 14170 55 26
s 14171 56 23
s 14172 10 6
s 14173 240 116
s 14174 34 17
s 14175 28 15
s 14176 8 4
s 14177 103 67
s 14178 20 7
s 14179 11 4
s 14180 165 93
s 14181 124 63
s 14182 34 17
s 14183 16 11
s 14184 29 18
s 14185 180 83
s 14186 182 92
s 14187 122 62
s 14188 8 3
s 14189 92 44
s 14190 89 52
s 14191 59 27
s 14192 143 69
s 14193 62 32
s 14194 95 37
s 14199 137 68
s 14200 57 33
s 14201 122 67
s 14203 191 101
s 14206 119 61
s 14208 181 93
s 14209 11 6
s 14211 92 44
s 14215 34 15
s 14216 64 28
s 14217 24 10
s 14218 30 14
s 14225 71 35
s 14235 26 8
s 14393 25 11
s 14394 19 9
s 14395 26 9
s 14396 95 40
s 14397 10 2
s 14398 66 28
s 14399 26 8
s 14400 61 31
s 14401 6 3
s 14402 6 4
s 14403 37 14
s 14404 58 27
s 14405 71 34
s 14406 23 12
s 14407 145 72
s 14408 26 15
s 14409 15 3
s 14410 152 65
s 14411 73 42
s 14412 108 67
s 14413 16 6
s 14414 29 11
s 14415 18 8
s 14416 16 6
s 14417 27 12
s 14418 8 6
s 14419 24 13
s 14420 119 62
s 14421 109 60
s 14422 237 120
s 14423 81 46
s 14424 58 28
s 14425 6 2
s 14426 43 27
s 14427 20 8
s 14428 13 4
s 14429 57 28
s 14430 9 5
s 14431 5 1
s 14432 71 35
s 14433 101 47
s 14434 39 17
s 14435 30 16
s 14436 74 31
s 14437 88 37
s 14438 26 17
s 14439 10 6
s 14440 120 66
s 14441 93 40
s 14442 66 25
s 14443 48 22
s 14444 65 30
s 14445 12 4
s 14446 61 28
s 14447 33 17
s 14448 74 30
s 14449 13 8
s 14450 31 14
s 14455 99 51
s 14456 35 17
s 14457 59 24
s 14459 133 49
s 14462 35 19
s 14464 93 41
s 14465 45 17
s 14467 61 25
s 14471 117 72
s 14472 32 15
s 14473 18 10
s 14474 10 5
s 14481 12 6
s 14491 14 6
s 14650 8 3
s 14651 13 5
s 14652 40 22
s 14653 7 3
s 14654 39 21
s 14655 22 8
s 14656 36 22
s 14657 3 3
s 14659 39 23
s 14660 23 18
s 14661 13 9
s 14662 29 17
s 14663 69 29
s 14664 17 8
s 14665 12 6
s 14666 114 57
s 14667 32 16
s 14668 72 49
s 14669 6 5
s 14670 9 5
s 14671 7 2
s 14672 19 9
s 14673 7 3
s 14674 11 10
s 14675 4 2
s 14676 40 20
s 14677 32 18
s 14678 116 71
s 14679 48 26
s 14680 37 23
s 14681 1 0
s 14682 21 11
s 14683 25 14
s 14684 7 3
s 14685 50 26
s 14686 16 6
s 14687 9 4
s 14688 22 9
s 14689 67 38
s 14690 24 13
s 14691 11 6
s 14692 22 12
s 14693 44 19
s 14694 8 5
s 14695 5 1
s 14696 46 26
s 14697 62 37
s 14698 42 24
s 14699 30 19
s 14700 12 8
s 14701 30 18
s 14702 30 15
s 14703 14 9
s 14704 29 16
s 14705 23 15
s 14706 19 8
s 14711 44 27
s 14712 15 10
s 14713 35 23
s 14715 48 23
s 14718 34 17
s 14720 72 31
s 14721 24 14
s 14723 24 12
s 14727 36 27
s 14728 23 12
s 14729 11 6
s 14730 17 6
s 14737 16 6
s 14747 10 6
s 14907 25 7
s 14908 64 30
s 14909 5 2
s 14910 45 23
s 14911 27 13
s 14912 26 8
s 14913 6 4
s 14914 1 0
s 14915 68 29
s 14916 22 13
s 14917 37 14
s 14918 49 26
s 14919 94 50
s 14920 18 11
s 14921 16 10
s 14922 115 53
s 14923 30 12
s 14924 89 51
s 14925 10 4
s 14926 13 7
s 14927 8 4
s 14928 14 7
s 14929 21 14
s 14930 10 4
s 14931 6 4
s 14932 46 20
s 14933 50 22
s 14934 113 56
s 14935 33 13
s 14936 41 24
s 14937 5 3
s 14938 21 10
s 14939 15 7
s 14940 9 3
s 14941 87 48
s 14942 18 10
s 14943 12 6
s 14944 44 18
s 14945 69 35
s 14946 33 13
s 14947 13 4
s 14948 38 15
s 14949 49 24
s 14950 14 10
s 14951 2 1
s 14952 70 37
s 14953 38 19
s 14954 59 29
s 14955 32 13
s 14956 43 25
s 14957 20 13
s 14958 24 13
s 14959 19 12
s 14960 28 13
s 14961 24 10
s 14962 34 14
s 14967 44 23
s 14968 22 11
s 14969 27 14
s 14971 63 28
s 14974 29 18
s 14976 57 27
s 14977 24 9
s 14979 28 11
s 14983 70 35
s 14984 24 15
s 14985 18 8
s 14986 19 9
s 14993 32 11
s 15003 9 3
s 15164 59 32
s 15165 9 4
s 15166 96 48
s 15167 37 14
s 15168 48 16
s 15169 14 7
s 15170 2 1
s 15171 79 36
s 15172 44 20
s 15173 39 15
s 15174 56 29
s 15175 133 60
s 15176 35 15
s 15177 15 4
s 15178 106 47
s 15179 74 37
s 15180 51 28
s 15181 14 12
s 15182 21 11
s 15183 15 6
s 15184 15 10
s 15185 23 8
s 15186 7 5
s 15187 9 4
s 15188 100 44
s 15189 80 36
s 15190 188 91
s 15191 84 33
s 15192 50 23
s 15193 5 1
s 15194 26 9
s 15195 40 23
s 15196 13 7
s 15197 107 48
s 15198 16 8
s 15199 10 3
s 15200 53 20
s 15201 78 31
s 15202 38 19
s 15203 28 14
s 15204 70 33
s 15205 77 30
s 15206 18 7
s 15207 13 6
s 15208 62 26
s 15209 76 39
s 15210 26 8
s 15211 38 15
s 15212 47 23
s 15213 48 27
s 15214 43 18
s 15215 66 31
s 15216 54 28
s 15217 16 4
s 15218 35 11
s 15223 77 41
s 15224 18 6
s 15225 58 31
s 15227 108 48
s 15230 15 7
s 15232 96 45
s 15233 38 19
s 15235 56 26
s 15239 87 44
s 15240 18 9
s 15241 15 8
s 15242 20 10
s 15249 19 4
s 15259 18 9
s 15421 26 14
s 15422 200 109
s 15423 103 46
s 15424 187 102
s 15425 12 6
s 15426 8 3
s 15427 218 116
s 15428 119 64
s 15429 22 16
s 15430 182 89
s 15431 343 208
s 15432 94 45
s 15433 58 30
s 15434 437 236
s 15435 209 119
s 15436 342 189
s 15437 8 5
s 15438 13 8
s 15439 49 27
s 15440 86 46
s 15441 32 19
s 15442 25 14
s 15443 48 26
s 15444 263 141
s 15445 194 103
s 15446 646 342
s 15447 268 137
s 15448 168 99
s 15449 22 13
s 15450 83 45
s 15451 109 55
s 15452 19 11
s 15453 305 164
s 15454 46 14
s 15455 32 17
s 15456 13 3
s 15457 161 77
s 15458 25 16
s 15459 7 3
s 15460 179 93
s 15461 257 132
s 15462 55 26
s 15463 18 15
s 15464 38 27
s 15465 294 154
s 15466 217 102
s 15467 135 77
s 15468 14 5
s 15469 93 48
s 15470 73 43
s 15471 91 45
s 15472 209 119
s 15473 102 64
s 15474 133 64
s 15479 242 130
s 15480 92 53
s 15481 200 103
s 15483 348 187
s 15486 111 62
s 15488 298 157
s 15489 25 8
s 15491 174 105
s 15495 28 15
s 15496 80 35
s 15497 19 14
s 15498 79 32
s 15505 80 31
s 15515 20 14
s 15678 28 16
s 15679 8 3
s 15680 22 9
s 15681 5 3
s 15683 21 11
s 15684 9 5
s 15685 13 4
s 15686 13 10
s 15687 52 34
s 15688 6 4
s 15689 6 5
s 15690 37 17
s 15691 26 14
s 15692 14 6
s 15693 10 3
s 15694 7 4
s 15695 11 6
s 15696 9 5
s 15697 11 5
s 15698 2 2
s 15699 7 4
s 15700 27 11
s 15701 30 17
s 15702 78 47
s 15703 26 13
s 15704 21 13
s 15705 2 0
s 15706 13 5
s 15707 15 10
s 15708 5 1
s 15709 33 16
s 15710 5 1
s 15711 2 0
s 15712 12 6
s 15713 39 22
s 15714 13 7
s 15715 8 5
s 15716 32 19
s 15717 27 15
s 15718 4 2
s 15719 3 1
s 15720 25 12
s 15721 47 25
s 15722 9 4
s 15723 16 10
s 15724 10 4
s 15725 21 13
s 15726 21 14
s 15727 16 5
s 15728 33 17
s 15729 7 4
s 15730 9 4
s 15735 19 6
s 15736 10 3
s 15737 31 13
s 15739 29 17
s 15742 11 3
s 15744 27 11
s 15745 11 7
s 15747 22 11
s 15751 36 18
s 15752 11 4
s 15753 8 5
s 15754 5 1
s 15761 12 6
s 15771 4 3
s 15935 48 24
s 15936 108 51
s 15937 13 7
s 15938 4 3
s 15939 196 116
s 15940 68 43
s 15941 161 82
s 15942 155 91
s 15943 139 78
s 15944 62 29
s 15945 28 11
s 15946 396 224
s 15947 123 75
s 15948 347 207
s 15949 28 18
s 15950 91 49
s 15951 38 19
s 15952 93 57
s 15953 51 22
s 15954 37 25
s 15955 21 11
s 15956 167 85
s 15957 180 85
s 15958 341 194
s 15959 182 108
s 15960 90 46
s 15961 14 8
s 15962 93 55
s 15963 69 30
s 15964 39 21
s 15965 300 162
s 15966 47 19
s 15967 44 21
s 15968 166 89
s 15969 196 106
s 15970 126 64
s 15971 63 24
s 15972 83 44
s 15973 130 81
s 15974 35 18
s 15975 30 17
s 15976 242 136
s 15977 123 72
s 15978 192 123
s 15979 120 62
s 15980 129 64
s 15981 98 51
s 15982 104 57
s 15983 78 46
s 15984 163 95
s 15985 111 59
s 15986 101 51
s 15991 105 55
s 15992 113 48
s 15993 123 82
s 15995 140 74
s 15998 141 70
s 16000 190 88
s 16001 141 77
s 16003 106 54
s 16007 269 159
s 16008 84 43
s 16009 62 33
s 16010 66 35
s 16017 78 40
s 16027 33 22
s 16192 58 22
s 16193 11 6
s 16194 2 2
s 16195 58 29
s 16196 45 21
s 16197 60 34
s 16198 45 25
s 16199 150 72
s 16200 31 14
s 16201 24 10
s 16202 195 93
s 16203 70 32
s 16204 123 58
s 16205 12 4
s 16206 34 9
s 16207 17 13
s 16208 26 12
s 16209 18 8
s 16210 5 2
s 16211 24 12
s 16212 107 52
s 16213 111 54
s 16214 216 102
s 16215 102 53
s 16216 69 37
s 16217 2 2
s 16218 27 16
s 16219 31 16
s 16220 12 4
s 16221 101 53
s 16222 15 8
s 16223 13 9
s 16224 71 27
s 16225 116 57
s 16226 51 25
s 16227 30 15
s 16228 92 42
s 16229 78 35
s 16230 21 11
s 16231 10 5
s 16232 120 63
s 16233 90 48
s 16234 97 52
s 16235 51 21
s 16236 65 27
s 16237 20 11
s 16238 47 25
s 16239 35 16
s 16240 66 35
s 16241 30 18
s 16242 43 16
s 16247 52 21
s 16248 50 22
s 16249 51 33
s 16251 96 45
s 16254 61 29
s 16256 115 56
s 16257 72 30
s 16259 44 25
s 16263 126 60
s 16264 47 18
s 16265 19 8
s 16266 22 8
s 16273 31 13
s 16283 24 13
s 16449 14 4
s 16450 3 1
s 16451 166 81
s 16452 54 28
s 16453 119 45
s 16454 131 67
s 16455 207 105
s 16456 52 21
s 16457 34 19
s 16458 320 157
s 16459 98 34
s 16460 230 113
s 16461 17 7
s 16462 64 28
s 16463 17 8
s 16464 71 35
s 16465 55 27
s 16466 18 8
s 16467 27 16
s 16468 153 73
s 16469 138 62
s 16470 304 139
s 16471 98 45
s 16472 112 61
s 16473 18 8
s 16474 49 29
s 16475 54 21
s 16476 20 11
s 16477 233 99
s 16478 34 19
s 16479 44 20
s 16480 125 55
s 16481 248 130
s 16482 98 46
s 16483 62 24
s 16484 109 51
s 16485 118 49
s 16486 27 14
s 16487 13 8
s 16488 236 123
s 16489 108 56
s 16490 154 77
s 16491 98 38
s 16492 129 58
s 16493 70 32
s 16494 81 35
s 16495 30 14
s 16496 51 27
s 16497 44 18
s 16498 99 46
s 16503 75 36
s 16504 86 33
s 16505 53 32
s 16507 127 58
s 16510 112 60
s 16512 172 80
s 16513 108 51
s 16515 51 22
s 16519 200 94
s 16520 58 32
s 16521 48 18
s 16522 44 13
s 16529 70 31
s 16539 20 10
s 16706 3 1
s 16707 17 9
s 16708 7 3
s 16709 12 5
s 16710 15 7
s 16711 35 19
s 16712 9 3
s 16713 3 0
s 16714 37 19
s 16715 19 8
s 16716 14 5
s 16717 1 0
s 16718 5 3
s 16719 9 3
s 16720 5 0
s 16721 6 2
s 16722 3 2
s 16723 6 3
s 16724 27 10
s 16725 21 10
s 16726 46 21
s 16727 22 8
s 16728 16 6
s 16729 1 0
s 16730 7 3
s 16731 10 3
s 16732 2 1
s 16733 31 15
s 16734 5 2
s 16735 8 3
s 16736 7 2
s 16737 31 13
s 16738 10 7
s 16739 7 3
s 16740 16 4
s 16741 21 14
s 16742 5 2
s 16743 1 0
s 16744 26 13
s 16745 26 10
s 16746 15 8
s 16747 14 7
s 16748 6 1
s 16749 15 6
s 16750 10 5
s 16751 5 3
s 16752 15 9
s 16753 5 3
s 16754 8 4
s 16759 14 7
s 16760 5 1
s 16761 23 12
s 16763 26 7
s 16766 7 2
s 16768 18 6
s 16769 7 5
s 16771 11 7
s 16775 22 10
s 16776 11 7
s 16777 1 0
s 16778 10 1
s 16785 9 4
s 16795 1 1
s 16963 5 2
s 16964 2 2
s 16965 7 4
s 16966 12 7
s 16967 12 5
s 16968 1 0
s 16969 2 0
s 16970 19 11
s 16971 1 0
s 16972 8 3
s 16973 3 0
s 16974 3 1
s 16977 2 2
s 16978 3 0
s 16979 1 0
s 16980 7 5
s 16981 10 3
s 16982 23 11
s 16983 3 1
s 16984 11 7
s 16986 2 0
s 16987 3 2
s 16988 4 2
s 16989 14 6
s 16990 2 1
s 16991 3 1
s 16992 7 1
s 16993 16 6
s 16994 5 2
s 16995 1 0
s 16996 7 5
s 16997 4 2
s 16998 2 0
s 16999 1 0
s 17000 21 15
s 17001 15 13
s 17002 15 5
s 17003 9 3
s 17004 4 3
s 17005 11 6
s 17006 3 2
s 17007 2 2
s 17008 5 2
s 17009 2 1
s 17010 2 1
s 17015 5 2
s 17016 3 1
s 17017 3 3
s 17019 10 5
s 17022 7 4
s 17024 15 6
s 17025 8 3
s 17027 1 1
s 17031 16 9
s 17032 4 1
s 17033 3 2
s 17034 5 3
s 17041 4 4
s 17051 4 3
s 17220 146 77
s 17221 160 77
s 17222 25 15
s 17223 362 200
s 17224 73 33
s 17225 25 7
s 17226 504 282
s 17227 181 96
s 17228 324 194
s 17229 36 16
s 17230 85 44
s 17231 55 33
s 17232 7 1
s 17233 52 25
s 17234 16 10
s 17235 29 10
s 17236 295 144
s 17237 244 139
s 17238 606 314
s 17239 257 136
s 17240 202 102
s 17241 6 3
s 17242 98 51
s 17243 48 21
s 17244 31 18
s 17245 74 42
s 17246 15 6
s 17247 3 3
s 17248 163 75
s 17249 259 127
s 17250 113 51
s 17251 73 41
s 17252 154 84
s 17253 248 120
s 17254 64 38
s 17255 19 9
s 17256 280 158
s 17257 217 114
s 17258 221 128
s 17259 128 73
s 17260 174 79
s 17261 3 1
s 17262 158 93
s 17263 89 56
s 17264 157 86
s 17265 79 49
s 17266 44 19
s 17271 203 104
s 17272 98 44
s 17273 185 88
s 17275 281 140
s 17278 136 86
s 17280 283 140
s 17281 143 74
s 17283 144 66
s 17287 327 187
s 17288 75 43
s 17289 47 22
s 17290 12 5
s 17297 38 21
s 17307 46 25
s 17477 112 42
s 17478 110 57
s 17479 184 103
s 17480 42 19
s 17481 36 18
s 17482 287 156
s 17483 61 25
s 17484 175 93
s 17485 11 6
s 17486 46 30
s 17487 14 9
s 17488 55 29
s 17489 50 27
s 17490 20 14
s 17491 10 8
s 17492 157 77
s 17493 112 61
s 17494 276 126
s 17495 71 39
s 17496 83 53
s 17497 21 9
s 17498 42 21
s 17499 35 19
s 17500 21 11
s 17501 211 110
s 17502 26 12
s 17503 28 14
s 17504 114 65
s 17505 182 108
s 17506 77 37
s 17507 56 32
s 17508 100 52
s 17509 94 53
s 17510 18 8
s 17511 17 13
s 17512 204 109
s 17513 113 73
s 17514 127 77
s 17515 72 43
s 17516 120 55
s 17517 42 22
s 17518 59 31
s 17519 28 14
s 17520 56 27
s 17521 53 29
s 17522 75 32
s 17527 83 41
s 17528 70 32
s 17529 46 23
s 17531 92 47
s 17534 72 35
s 17536 131 68
s 17537 87 37
s 17539 41 18
s 17543 180 101
s 17544 42 26
s 17545 42 24
s 17546 29 14
s 17553 49 27
s 17563 25 13
s 17734 133 62
s 17735 243 109
s 17736 75 42
s 17737 29 13
s 17738 368 197
s 17739 150 75
s 17740 297 163
s 17741 4 2
s 17742 6 3
s 17743 47 25
s 17744 54 20
s 17745 23 13
s 17746 17 12
s 17747 32 13
s 17748 166 75
s 17749 136 62
s 17750 526 272
s 17751 218 108
s 17752 156 74
s 17753 12 8
s 17754 83 43
s 17755 54 30
s 17756 10 6
s 17757 273 123
s 17758 42 23
s 17759 42 20
s 17760 20 8
s 17761 115 57
s 17762 25 9
s 17763 4 3
s 17764 117 56
s 17765 197 93
s 17766 39 17
s 17767 13 6
s 17768 29 15
s 17769 174 86
s 17770 177 85
s 17771 99 49
s 17772 16 7
s 17773 74 31
s 17774 101 52
s 17775 75 37
s 17776 146 74
s 17777 54 30
s 17778 121 56
s 17783 193 91
s 17784 62 18
s 17785 257 127
s 17787 262 132
s 17790 79 38
s 17792 206 98
s 17793 15 10
s 17795 128 55
s 17799 44 21
s 17800 52 28
s 17801 29 14
s 17802 43 24
s 17809 83 38
s 17819 25 9
s 17991 297 137
s 17992 46 23
s 17993 44 25
s 17994 437 224
s 17995 181 78
s 17996 236 128
s 17997 24 9
s 17998 61 25
s 17999 36 20
s 18000 17 14
s 18001 37 16
s 18002 15 8
s 18003 37 16
s 18004 248 109
s 18005 209 103
s 18006 496 238
s 18007 217 115
s 18008 137 65
s 18009 6 2
s 18010 78 37
s 18011 71 30
s 18012 31 14
s 18013 83 33
s 18014 10 3
s 18015 4 3
s 18016 130 59
s 18017 256 120
s 18018 119 56
s 18019 62 25
s 18020 142 63
s 18021 179 96
s 18022 50 22
s 18023 15 12
s 18024 224 104
s 18025 197 96
s 18026 136 60
s 18027 129 58
s 18028 138 71
s 18029 11 4
s 18030 106 54
s 18031 109 58
s 18032 140 63
s 18033 68 36
s 18034 51 26
s 18039 161 80
s 18040 75 38
s 18041 130 80
s 18043 211 102
s 18046 93 37
s 18048 285 149
s 18049 139 77
s 18051 125 64
s 18055 246 139
s 18056 73 38
s 18057 47 24
s 18058 7 2
s 18065 30 12
s 18075 30 16
s 18248 88 38
s 18249 82 43
s 18250 784 413
s 18251 316 173
s 18252 556 324
s 18253 55 34
s 18254 110 64
s 18255 60 32
s 18256 143 76
s 18257 97 50
s 18258 55 39
s 18259 53 27
s 18260 385 177
s 18261 325 173
s 18262 725 342
s 18263 390 209
s 18264 210 119
s 18265 40 21
s 18266 153 82
s 18267 164 83
s 18268 55 24
s 18269 566 273
s 18270 93 44
s 18271 67 32
s 18272 250 136
s 18273 378 216
s 18274 233 126
s 18275 118 51
s 18276 181 90
s 18277 286 144
s 18278 88 45
s 18279 26 14
s 18280 447 225
s 18281 310 174
s 18282 359 194
s 18283 204 96
s 18284 260 117
s 18285 199 94
s 18286 203 121
s 18287 137 76
s 18288 237 127
s 18289 165 94
s 18290 225 111
s 18295 213 109
s 18296 184 91
s 18297 241 127
s 18299 290 145
s 18302 224 117
s 18304 399 214
s 18305 211 119
s 18307 211 111
s 18311 479 279
s 18312 116 57
s 18313 102 44
s 18314 117 65
s 18321 155 82
s 18331 70 37
s 18505 24 9
s 18506 181 89
s 18507 53 24
s 18508 122 67
s 18509 15 6
s 18510 31 16
s 18511 17 8
s 18512 20 13
s 18513 24 9
s 18514 16 9
s 18515 17 8
s 18516 112 53
s 18517 93 44
s 18518 195 104
s 18519 82 47
s 18520 66 35
s 18521 3 1
s 18522 44 26
s 18523 60 25
s 18524 10 5
s 18525 98 49
s 18526 18 12
s 18527 21 13
s 18528 55 27
s 18529 131 62
s 18530 58 27
s 18531 41 17
s 18532 63 34
s 18533 79 35
s 18534 19 10
s 18535 8 5
s 18536 122 70
s 18537 72 32
s 18538 91 48
s 18539 53 25
s 18540 64 28
s 18541 31 18
s 18542 52 21
s 18543 29 18
s 18544 43 18
s 18545 32 16
s 18546 47 19
s 18551 59 28
s 18552 56 29
s 18553 50 23
s 18555 69 37
s 18558 53 25
s 18560 131 63
s 18561 83 46
s 18563 48 22
s 18567 92 54
s 18568 31 21
s 18569 24 8
s 18570 21 9
s 18577 27 13
s 18587 25 10
s 18762 104 41
s 18763 49 22
s 18764 47 17
s 18765 8 3
s 18766 6 3
s 18767 11 5
s 18768 13 4
s 18769 16 5
s 18770 7 5
s 18771 14 7
s 18772 71 28
s 18773 55 29
s 18774 135 61
s 18775 61 30
s 18776 45 24
s 18777 5 2
s 18778 17 11
s 18779 31 14
s 18780 7 2
s 18781 84 36
s 18782 8 5
s 18783 15 8
s 18784 26 9
s 18785 65 31
s 18786 32 11
s 18787 21 10
s 18788 51 26
s 18789 45 19
s 18790 10 5
s 18791 7 3
s 18792 60 34
s 18793 51 23
s 18794 31 18
s 18795 34 17
s 18796 30 12
s 18797 16 9
s 18798 29 18
s 18799 17 8
s 18800 41 17
s 18801 13 6
s 18802 28 11
s 18807 41 18
s 18808 24 8
s 18809 32 14
s 18811 47 23
s 18814 29 12
s 18816 71 33
s 18817 25 13
s 18819 32 13
s 18823 56 31
s 18824 24 12
s 18825 11 6
s 18826 13 7
s 18833 25 15
s 18843 12 9
s 19019 426 231
s 19020 165 86
s 19021 56 30
s 19022 179 100
s 19023 109 58
s 19024 180 88
s 19025 173 97
s 19026 31 14
s 19027 102 51
s 19028 610 306
s 19029 560 275
s 19030 1200 623
s 19031 514 275
s 19032 338 193
s 19033 57 29
s 19034 111 51
s 19035 156 76
s 19036 66 30
s 19037 643 323
s 19038 128 64
s 19039 96 62
s 19040 351 175
s 19041 677 360
s 19042 285 120
s 19043 178 83
s 19044 417 217
s 19045 403 194
s 19046 152 86
s 19047 56 26
s 19048 815 450
s 19049 572 293
s 19050 161 82
s 19051 218 110
s 19052 330 144
s 19053 241 123
s 19054 284 149
s 19055 200 112
s 19056 364 185
s 19057 77 40
s 19058 215 97
s 19063 420 208
s 19064 120 56
s 19065 364 198
s 19067 545 280
s 19070 138 57
s 19072 560 287
s 19073 357 182
s 19075 333 157
s 19079 588 310
s 19080 140 69
s 19081 128 64
s 19082 130 57
s 19089 163 73
s 19099 104 55
s 19276 267 142
s 19277 30 12
s 19278 70 39
s 19279 26 12
s 19280 85 36
s 19281 63 28
s 19282 24 17
s 19283 27 13
s 19284 225 115
s 19285 186 79
s 19286 379 195
s 19287 116 56
s 19288 129 72
s 19289 18 9
s 19290 66 43
s 19291 46 17
s 19292 29 13
s 19293 346 171
s 19294 53 27
s 19295 46 24
s 19296 142 67
s 19297 256 140
s 19298 121 44
s 19299 77 34
s 19300 111 61
s 19301 140 61
s 19302 37 17
s 19303 15 8
s 19304 283 146
s 19305 141 64
s 19306 169 79
s 19307 105 52
s 19308 179 79
s 19309 81 39
s 19310 88 49
s 19311 55 26
s 19312 90 46
s 19313 57 27
s 19314 130 54
s 19319 120 53
s 19320 111 49
s 19321 79 40
s 19323 138 61
s 19326 103 50
s 19328 210 93
s 19329 126 45
s 19331 75 32
s 19335 268 129
s 19336 59 35
s 19337 59 29
s 19338 56 23
s 19345 79 40
s 19355 36 21
s 19533 59 28
s 19534 126 68
s 19535 55 28
s 19536 109 59
s 19537 102 64
s 19538 15 10
s 19539 75 43
s 19540 404 216
s 19541 411 227
s 19542 801 418
s 19543 366 204
s 19544 280 166
s 19545 24 12
s 19546 70 34
s 19547 103 60
s 19548 30 18
s 19549 398 209
s 19550 67 36
s 19551 54 28
s 19552 235 128
s 19553 334 175
s 19554 176 92
s 19555 115 58
s 19556 217 129
s 19557 318 167
s 19558 82 50
s 19559 51 35
s 19560 342 181
s 19561 340 188
s 19562 29 15
s 19563 141 85
s 19564 265 138
s 19565 147 83
s 19566 184 96
s 19567 131 73
s 19568 281 164
s 19569 21 10
s 19570 151 72
s 19575 328 170
s 19576 43 15
s 19577 256 154
s 19579 451 228
s 19582 39 25
s 19584 336 184
s 19585 163 89
s 19587 239 130
s 19591 427 254
s 19592 74 36
s 19593 54 25
s 19594 86 37
s 19601 76 33
s 19611 87 37
s 19790 4 2
s 19791 8 5
s 19792 9 5
s 19793 5 3
s 19794 4 2
s 19795 5 4
s 19796 35 15
s 19797 33 11
s 19798 90 49
s 19799 41 21
s 19800 29 19
s 19801 2 2
s 19802 14 3
s 19803 12 4
s 19804 7 5
s 19805 48 26
s 19806 6 3
s 19807 9 5
s 19808 2 1
s 19809 25 11
s 19810 3 2
s 19811 4 0
s 19812 21 10
s 19813 35 21
s 19814 7 5
s 19815 1 1
s 19816 5 2
s 19817 33 15
s 19818 26 12
s 19819 21 9
s 19820 2 2
s 19821 15 5
s 19822 21 9
s 19823 11 8
s 19824 44 18
s 19825 14 12
s 19826 10 6
s 19831 30 13
s 19832 16 9
s 19833 26 15
s 19835 31 16
s 19838 18 8
s 19840 56 30
s 19841 5 2
s 19843 36 18
s 19847 13 4
s 19848 11 6
s 19849 4 3
s 19850 5 1
s 19857 11 6
s 19867 6 3
s 20047 21 6
s 20048 39 23
s 20049 11 2
s 20050 12 7
s 20051 18 10
s 20052 71 37
s 20053 74 39
s 20054 233 118
s 20055 123 66
s 20056 67 40
s 20057 8 3
s 20058 37 24
s 20059 34 21
s 20060 10 7
s 20061 112 53
s 20062 8 2
s 20063 13 6
s 20064 8 3
s 20065 60 31
s 20066 10 2
s 20067 6 2
s 20068 77 41
s 20069 82 45
s 20070 14 10
s 20071 5 2
s 20072 17 10
s 20073 105 60
s 20074 70 46
s 20075 61 28
s 20076 4 2
s 20077 45 22
s 20078 58 33
s 20079 32 12
s 20080 67 39
s 20081 33 20
s 20082 44 15
s 20087 69 32
s 20088 44 23
s 20089 76 41
s 20091 112 58
s 20094 61 32
s 20096 105 51
s 20097 4 3
s 20099 66 33
s 20103 12 4
s 20104 25 12
s 20105 12 6
s 20106 24 13
s 20113 38 16
s 20123 9 6
s 20304 13 5
s 20305 11 5
s 20306 12 7
s 20307 7 2
s 20308 40 12
s 20309 48 17
s 20310 92 40
s 20311 23 10
s 20312 29 19
s 20313 1 0
s 20314 16 11
s 20315 15 7
s 20316 10 3
s 20317 60 30
s 20318 12 7
s 20319 11 8
s 20320 39 20
s 20321 52 26
s 20322 31 16
s 20323 12 8
s 20324 28 14
s 20325 33 13
s 20326 7 3
s 20327 2 2
s 20328 63 31
s 20329 44 26
s 20330 49 27
s 20331 27 15
s 20332 37 19
s 20333 33 15
s 20334 32 17
s 20335 8 4
s 20336 16 7
s 20337 19 8
s 20338 24 12
s 20343 21 11
s 20344 23 10
s 20345 25 14
s 20347 38 21
s 20350 32 16
s 20352 51 23
s 20353 37 16
s 20355 19 10
s 20359 66 31
s 20360 16 10
s 20361 17 3
s 20362 11 7
s 20369 20 7
s 20379 14 5
s 20561 18 9
s 20562 8 5
s 20563 16 10
s 20564 105 53
s 20565 100 42
s 20566 222 113
s 20567 113 61
s 20568 62 30
s 20569 2 1
s 20570 35 16
s 20571 31 19
s 20572 11 5
s 20573 42 17
s 20574 7 3
s 20575 1 1
s 20576 64 30
s 20577 111 60
s 20578 58 31
s 20579 26 12
s 20580 104 58
s 20581 85 43
s 20582 16 10
s 20583 10 4
s 20584 117 61
s 20585 100 50
s 20586 63 31
s 20587 33 19
s 20588 56 25
s 20589 17 12
s 20590 59 28
s 20591 29 14
s 20592 77 37
s 20593 29 17
s 20594 30 10
s 20599 80 36
s 20600 46 20
s 20601 70 40
s 20603 94 45
s 20606 40 25
s 20608 119 70
s 20609 54 28
s 20611 66 33
s 20615 96 51
s 20616 36 14
s 20617 30 13
s 20618 11 7
s 20625 15 5
s 20635 18 7
s 20818 5 3
s 20819 21 6
s 20820 93 46
s 20821 84 51
s 20822 199 99
s 20823 78 44
s 20824 78 47
s 20825 6 5
s 20826 37 21
s 20827 36 21
s 20828 7 3
s 20829 82 38
s 20830 14 8
s 20831 18 8
s 20832 19 8
s 20833 64 39
s 20834 17 7
s 20835 8 3
s 20836 48 23
s 20837 71 40
s 20838 8 2
s 20839 7 3
s 20840 46 21
s 20841 69 38
s 20842 59 33
s 20843 38 20
s 20844 25 13
s 20845 24 12
s 20846 45 24
s 20847 34 18
s 20848 59 34
s 20849 20 10
s 20850 41 20
s 20855 61 30
s 20856 23 17
s 20857 68 34
s 20859 85 36
s 20862 32 19
s 20864 116 62
s 20865 20 14
s 20867 48 28
s 20871 48 27
s 20872 28 14
s 20873 9 4
s 20874 18 12
s 20881 22 9
s 20891 13 8
s 21075 13 6
s 21076 40 20
s 21077 37 21
s 21078 82 47
s 21079 30 13
s 21080 20 12
s 21081 2 1
s 21082 5 2
s 21083 8 3
s 21084 14 7
s 21085 35 20
s 21086 5 2
s 21087 7 5
s 21088 27 18
s 21089 42 23
s 21090 20 16
s 21091 9 4
s 21092 30 15
s 21093 33 18
s 21094 10 5
s 21095 5 4
s 21096 42 19
s 21097 50 28
s 21098 11 1
s 21099 12 7
s 21100 29 15
s 21101 14 8
s 21102 20 15
s 21103 12 5
s 21104 27 14
s 21105 7 5
s 21106 21 12
s 21111 38 26
s 21112 6 2
s 21113 30 19
s 21115 36 23
s 21118 8 2
s 21120 32 16
s 21121 15 7
s 21123 26 14
s 21127 44 26
s 21128 5 3
s 21129 3 1
s 21130 7 3
s 21137 10 5
s 21147 7 5
s 21332 35 14
s 21333 36 16
s 21334 66 26
s 21335 31 15
s 21336 35 18
s 21337 8 6
s 21338 15 9
s 21339 12 3
s 21340 5 1
s 21341 64 31
s 21342 10 5
s 21343 10 2
s 21344 29 12
s 21345 55 22
s 21346 26 9
s 21347 24 8
s 21348 28 14
s 21349 34 12
s 21350 9 3
s 21351 1 1
s 21352 45 20
s 21353 35 16
s 21354 45 24
s 21355 35 10
s 21356 30 16
s 21357 29 15
s 21358 28 14
s 21359 14 4
s 21360 13 7
s 21361 22 13
s 21362 31 12
s 21367 33 18
s 21368 20 9
s 21369 15 10
s 21371 32 13
s 21374 21 11
s 21376 37 17
s 21377 26 13
s 21379 13 8
s 21383 59 33
s 21384 15 8
s 21385 6 4
s 21386 16 7
s 21393 23 10
s 21403 11 5
s 21589 234 98
s 21590 684 332
s 21591 246 138
s 21592 198 107
s 21593 21 9
s 21594 124 61
s 21595 79 37
s 21596 34 16
s 21597 478 240
s 21598 82 43
s 21599 59 31
s 21600 198 92
s 21601 344 180
s 21602 155 72
s 21603 119 54
s 21604 184 92
s 21605 233 107
s 21606 57 35
s 21607 28 15
s 21608 379 177
s 21609 233 119
s 21610 279 143
s 21611 152 77
s 21612 187 92
s 21613 136 69
s 21614 159 76
s 21615 88 46
s 21616 146 82
s 21617 111 57
s 21618 190 75
s 21623 182 78
s 21624 144 70
s 21625 175 90
s 21627 250 108
s 21630 188 96
s 21632 347 168
s 21633 183 101
s 21635 136 68
s 21639 339 165
s 21640 86 47
s 21641 79 33
s 21642 108 51
s 21649 126 60
s 21659 38 15
s 21846 625 333
s 21847 224 114
s 21848 195 90
s 21849 22 10
s 21850 122 63
s 21851 86 39
s 21852 42 26
s 21853 386 182
s 21854 61 29
s 21855 53 29
s 21856 142 64
s 21857 306 157
s 21858 119 54
s 21859 65 22
s 21860 153 76
s 21861 217 110
s 21862 42 22
s 21863 17 8
s 21864 283 140
s 21865 207 98
s 21866 291 152
s 21867 156 78
s 21868 158 74
s 21869 133 64
s 21870 151 77
s 21871 78 39
s 21872 146 71
s 21873 102 50
s 21874 156 77
s 21879 193 90
s 21880 110 52
s 21881 133 75
s 21883 264 119
s 21886 190 104
s 21888 279 130
s 21889 129 63
s 21891 126 61
s 21895 284 140
s 21896 88 43
s 21897 53 22
s 21898 71 24
s 21905 122 49
s 21915 51 22
s 22103 488 265
s 22104 369 196
s 22105 67 36
s 22106 192 97
s 22107 192 95
s 22108 86 47
s 22109 909 455
s 22110 150 74
s 22111 136 74
s 22112 503 246
s 22113 850 452
s 22114 430 203
s 22115 221 102
s 22116 438 232
s 22117 402 196
s 22118 127 62
s 22119 61 27
s 22120 829 432
s 22121 437 198
s 22122 562 310
s 22123 355 191
s 22124 568 267
s 22125 329 154
s 22126 301 160
s 22127 172 107
s 22128 375 186
s 22129 215 112
s 22130 373 173
s 22135 343 178
s 22136 290 142
s 22137 359 192
s 22139 459 235
s 22142 374 185
s 22144 653 319
s 22145 425 201
s 22147 288 134
s 22151 852 475
s 22152 214 108
s 22153 188 90
s 22154 161 67
s 22161 273 122
s 22171 121 64
s 22360 182 91
s 22361 18 10
s 22362 95 50
s 22363 52 30
s 22364 42 22
s 22365 435 225
s 22366 57 25
s 22367 46 26
s 22368 217 102
s 22369 341 172
s 22370 162 72
s 22371 84 46
s 22372 158 97
s 22373 169 87
s 22374 41 25
s 22375 14 8
s 22376 360 194
s 22377 160 74
s 22378 272 144
s 22379 161 74
s 22380 170 76
s 22381 129 63
s 22382 128 68
s 22383 43 23
s 22384 76 41
s 22385 103 59
s 22386 164 75
s 22391 143 75
s 22392 128 61
s 22393 80 50
s 22395 194 98
s 22398 181 88
s 22400 273 138
s 22401 188 90
s 22403 86 42
s 22407 360 206
s 22408 77 37
s 22409 81 39
s 22410 72 31
s 22417 99 51
s 22427 38 18
s 22617 21 12
s 22618 65 37
s 22619 66 31
s 22620 29 17
s 22621 269 142
s 22622 43 28
s 22623 32 17
s 22624 137 75
s 22625 198 123
s 22626 96 50
s 22627 61 29
s 22628 102 59
s 22629 147 75
s 22630 40 23
s 22631 20 12
s 22632 244 125
s 22633 157 74
s 22634 152 92
s 22635 101 65
s 22636 133 76
s 22637 83 45
s 22638 104 65
s 22639 76 43
s 22640 121 71
s 22641 46 30
s 22642 126 71
s 22647 117 63
s 22648 76 43
s 22649 119 65
s 22651 178 86
s 22654 92 48
s 22656 209 112
s 22657 113 63
s 22659 94 46
s 22663 250 139
s 22664 51 29
s 22665 50 26
s 22666 57 32
s 22673 72 42
s 22683 33 20
s 22874 3 2
s 22875 1 0
s 22876 5 2
s 22877 13 7
s 22879 4 2
s 22880 9 4
s 22881 24 14
s 22882 14 8
s 22883 5 2
s 22884 12 4
s 22885 24 8
s 22886 6 2
s 22887 5 5
s 22888 21 14
s 22889 16 7
s 22890 18 8
s 22891 12 7
s 22892 11 6
s 22893 2 0
s 22894 22 10
s 22895 8 6
s 22896 14 8
s 22897 12 6
s 22898 2 1
s 22903 21 15
s 22904 7 3
s 22905 17 8
s 22907 30 16
s 22910 13 8
s 22912 32 16
s 22913 17 10
s 22915 23 13
s 22919 38 25
s 22920 9 5
s 22921 8 6
s 22922 1 1
s 22929 7 2
s 22939 1 0
s 23131 34 15
s 23132 6 3
s 23133 124 58
s 23134 29 14
s 23135 8 6
s 23136 59 30
s 23137 116 59
s 23138 64 27
s 23139 48 24
s 23140 82 42
s 23141 71 37
s 23142 18 5
s 23143 10 7
s 23144 99 59
s 23145 112 68
s 23146 42 24
s 23147 44 19
s 23148 69 30
s 23149 67 29
s 23150 52 31
s 23151 31 18
s 23152 85 51
s 23153 18 14
s 23154 39 13
s 23159 65 41
s 23160 23 13
s 23161 79 39
s 23163 111 48
s 23166 39 21
s 23168 105 48
s 23169 60 26
s 23171 68 33
s 23175 148 84
s 23176 30 20
s 23177 29 20
s 23178 28 16
s 23185 37 16
s 23195 27 12
s 23388 19 15
s 23389 155 86
s 23390 28 14
s 23391 21 13
s 23392 64 32
s 23393 122 67
s 23394 43 23
s 23395 44 17
s 23396 84 41
s 23397 65 26
s 23398 21 10
s 23399 13 5
s 23400 111 56
s 23401 114 70
s 23402 92 46
s 23403 70 36
s 23404 52 20
s 23405 38 17
s 23406 53 32
s 23407 30 11
s 23408 67 41
s 23409 29 12
s 23410 37 10
s 23415 75 42
s 23416 41 18
s 23417 58 27
s 23419 87 46
s 23422 48 26
s 23424 85 44
s 23425 58 26
s 23427 42 23
s 23431 119 55
s 23432 70 38
s 23433 32 19
s 23434 41 22
s 23441 46 20
s 23451 45 21
s 23645 49 26
s 23646 5 2
s 23647 6 5
s 23648 11 5
s 23649 43 27
s 23650 11 7
s 23651 9 5
s 23652 34 19
s 23653 25 14
s 23654 3 0
s 23655 3 2
s 23656 18 7
s 23657 44 21
s 23658 31 20
s 23659 34 20
s 23660 22 8
s 23661 19 8
s 23662 14 7
s 23663 8 6
s 23664 26 17
s 23665 16 9
s 23666 9 5
s 23671 24 12
s 23672 15 9
s 23673 25 14
s 23675 26 15
s 23678 19 9
s 23680 34 21
s 23681 12 4
s 23683 24 13
s 23687 25 15
s 23688 19 12
s 23689 6 3
s 23690 8 4
s 23697 23 12
s 23707 8 4
s 23902 30 19
s 23903 23 13
s 23904 270 137
s 23905 423 229
s 23906 222 116
s 23907 105 42
s 23908 277 145
s 23909 375 176
s 23910 61 32
s 23911 39 18
s 23912 429 212
s 23913 383 186
s 23914 289 148
s 23915 199 76
s 23916 236 116
s 23917 38 17
s 23918 201 104
s 23919 143 68
s 23920 252 132
s 23921 96 58
s 23922 111 48
s 23927 289 137
s 23928 153 55
s 23929 278 157
s 23931 425 195
s 23934 197 99
s 23936 456 241
s 23937 195 94
s 23939 214 109
s 23943 396 212
s 23944 124 54
s 23945 75 34
s 23946 38 21
s 23953 80 46
s 23963 74 29
s 24159 1 1
s 24160 40 22
s 24161 72 42
s 24162 25 11
s 24163 20 7
s 24164 40 20
s 24165 59 27
s 24166 16 9
s 24167 8 4
s 24168 62 26
s 24169 77 42
s 24170 42 25
s 24171 33 13
s 24172 44 24
s 24174 36 17
s 24175 22 12
s 24176 47 19
s 24177 16 4
s 24178 13 4
s 24183 45 20
s 24184 28 15
s 24185 33 13
s 24187 65 31
s 24190 27 14
s 24192 53 23
s 24193 36 15
s 24195 39 19
s 24199 58 31
s 24200 22 11
s 24201 17 8
s 24202 3 1
s 24209 5 2
s 24219 5 2
s 24416 25 12
s 24417 57 32
s 24418 35 10
s 24419 13 7
s 24420 41 25
s 24421 57 28
s 24422 18 5
s 24423 6 4
s 24424 55 32
s 24425 49 25
s 24426 41 22
s 24427 22 13
s 24428 23 10
s 24429 3 0
s 24430 33 18
s 24431 24 15
s 24432 26 14
s 24433 14 8
s 24434 15 7
s 24439 38 13
s 24440 23 16
s 24441 37 22
s 24443 58 27
s 24446 29 15
s 24448 62 24
s 24449 36 17
s 24451 35 16
s 24455 54 30
s 24456 17 9
s 24457 17 3
s 24458 5 3
s 24465 14 6
s 24475 13 5
s 24673 112 54
s 24674 15 6
s 24675 4 4
s 24676 133 58
s 24677 199 89
s 24678 34 19
s 24679 16 7
s 24680 26 9
s 24681 169 75
s 24682 156 79
s 24683 100 48
s 24684 14 9
s 24685 59 23
s 24686 88 42
s 24687 83 34
s 24688 103 46
s 24689 63 32
s 24690 93 37
s 24695 165 80
s 24696 48 24
s 24697 117 57
s 24699 197 90
s 24702 103 57
s 24704 234 113
s 24705 7 2
s 24707 97 44
s 24711 29 9
s 24712 75 27
s 24713 14 8
s 24714 51 30
s 24721 67 28
s 24731 18 7
s 24930 109 56
s 24931 67 26
s 24932 211 102
s 24933 294 145
s 24934 64 32
s 24935 28 16
s 24936 189 106
s 24937 568 279
s 24938 253 141
s 24939 159 91
s 24940 118 64
s 24941 142 80
s 24942 190 100
s 24943 122 74
s 24944 199 104
s 24945 122 74
s 24946 206 98
s 24951 261 144
s 24952 115 58
s 24953 220 115
s 24955 343 163
s 24958 174 90
s 24960 393 184
s 24961 117 60
s 24963 230 102
s 24967 258 137
s 24968 112 64
s 24969 39 16
s 24970 78 35
s 24977 141 72
s 24987 57 28
s 25187 10 5
s 25188 109 45
s 25189 135 63
s 25190 22 11
s 25191 11 3
s 25192 43 21
s 25193 171 76
s 25194 120 56
s 25195 75 31
s 25196 12 7
s 25197 73 36
s 25198 66 25
s 25199 48 24
s 25200 103 57
s 25201 59 29
s 25202 81 33
s 25207 133 57
s 25208 37 17
s 25209 124 67
s 25211 166 60
s 25214 83 39
s 25216 167 80
s 25217 17 7
s 25219 108 40
s 25223 42 22
s 25224 43 17
s 25225 11 8
s 25226 34 8
s 25233 60 26
s 25243 32 10
s 25444 66 32
s 25445 80 34
s 25446 16 9
s 25447 7 4
s 25448 21 10
s 25449 82 37
s 25450 71 25
s 25451 46 19
s 25452 4 1
s 25453 44 19
s 25454 33 18
s 25455 46 22
s 25456 61 31
s 25457 28 13
s 25458 46 15
s 25463 61 26
s 25464 25 12
s 25465 52 30
s 25467 102 47
s 25470 46 23
s 25472 105 48
s 25473 12 6
s 25475 59 26
s 25479 16 7
s 25480 35 15
s 25481 6 2
s 25482 32 11
s 25489 31 12
s 25499 10 7
s 25701 136 69
s 25702 34 17
s 25703 6 3
s 25704 224 110
s 25705 161 87
s 25706 182 105
s 25707 97 39
s 25708 107 51
s 25709 96 45
s 25710 117 67
s 25711 51 24
s 25712 96 49
s 25713 68 38
s 25714 100 50
s 25719 110 53
s 25720 98 51
s 25721 102 61
s 25723 178 93
s 25726 124 61
s 25728 229 118
s 25729 134 64
s 25731 86 41
s 25735 227 109
s 25736 69 32
s 25737 49 26
s 25738 50 22
s 25745 96 43
s 25755 29 16
s 25958 49 29
s 25959 19 6
s 25960 557 283
s 25961 172 81
s 25962 234 131
s 25963 109 51
s 25964 184 75
s 25965 126 60
s 25966 105 52
s 25967 75 40
s 25968 130 70
s 25969 77 31
s 25970 150 72
s 25975 138 66
s 25976 96 46
s 25977 116 58
s 25979 222 114
s 25982 137 62
s 25984 246 123
s 25985 145 74
s 25987 89 41
s 25991 274 156
s 25992 87 42
s 25993 85 42
s 25994 64 41
s 26001 99 42
s 26011 47 27
s 26215 2 1
s 26216 69 42
s 26217 54 34
s 26218 50 27
s 26219 32 18
s 26220 30 12
s 26221 31 18
s 26222 37 15
s 26223 11 6
s 26224 36 18
s 26225 26 15
s 26226 32 15
s 26231 42 21
s 26232 25 12
s 26233 25 18
s 26235 72 37
s 26238 38 13
s 26240 71 37
s 26241 29 14
s 26243 36 23
s 26247 64 37
s 26248 23 11
s 26249 16 9
s 26250 16 10
s 26257 29 15
s 26267 8 4
s 26472 38 22
s 26473 19 9
s 26474 24 14
s 26475 19 13
s 26476 14 7
s 26477 12 4
s 26478 11 9
s 26479 11 7
s 26480 15 8
s 26481 10 5
s 26482 19 10
s 26487 17 10
s 26488 10 4
s 26489 16 10
s 26491 19 7
s 26494 12 9
s 26496 26 11
s 26497 14 6
s 26499 15 5
s 26503 28 18
s 26504 9 3
s 26505 5 3
s 26506 7 4
s 26513 6 3
s 26523 7 4
s 26729 319 158
s 26730 261 142
s 26731 167 92
s 26732 29 11
s 26733 125 68
s 26734 145 86
s 26735 136 62
s 26736 230 132
s 26737 125 66
s 26738 158 69
s 26743 226 115
s 26744 74 28
s 26745 240 143
s 26747 386 198
s 26750 154 97
s 26752 429 239
s 26753 45 28
s 26755 217 124
s 26759 61 30
s 26760 90 46
s 26761 24 9
s 26762 67 41
s 26769 119 58
s 26779 43 19
s 26986 290 141
s 26987 151 76
s 26988 136 67
s 26989 157 72
s 26990 140 70
s 26991 80 47
s 26992 133 66
s 26993 132 79
s 26994 153 74
s 26999 114 49
s 27000 142 58
s 27001 147 69
s 27003 212 93
s 27006 140 80
s 27008 263 132
s 27009 182 101
s 27011 138 70
s 27015 330 169
s 27016 112 53
s 27017 94 40
s 27018 63 28
s 27025 113 48
s 27035 55 29
s 27243 100 47
s 27244 159 77
s 27245 127 65
s 27246 119 48
s 27247 94 44
s 27248 203 104
s 27249 14 5
s 27250 88 38
s 27255 237 105
s 27256 31 14
s 27257 199 118
s 27259 311 152
s 27262 34 12
s 27264 222 107
s 27265 127 59
s 27267 147 81
s 27271 288 149
s 27272 50 23
s 27273 52 25
s 27274 54 28
s 27281 88 33
s 27291 51 29
s 27500 92 33
s 27501 67 28
s 27502 78 36
s 27503 70 44
s 27504 125 64
s 27505 44 18
s 27506 83 39
s 27511 95 44
s 27512 60 28
s 27513 102 55
s 27515 156 66
s 27518 54 30
s 27520 172 83
s 27521 71 31
s 27523 91 50
s 27527 196 95
s 27528 41 20
s 27529 34 14
s 27530 43 15
s 27537 56 28
s 27547 35 19
s 27757 76 36
s 27758 94 43
s 27759 68 33
s 27760 118 57
s 27761 44 26
s 27762 97 38
s 27767 158 73
s 27768 45 16
s 27769 120 58
s 27771 211 80
s 27774 108 44
s 27776 219 97
s 27777 12 5
s 27779 135 74
s 27783 34 13
s 27784 52 31
s 27785 11 6
s 27786 50 22
s 27793 74 34
s 27803 16 12
s 28014 84 32
s 28015 43 21
s 28016 99 52
s 28017 43 21
s 28018 26 11
s 28023 96 53
s 28024 64 32
s 28025 113 48
s 28027 151 66
s 28030 68 31
s 28032 154 67
s 28033 71 35
s 28035 85 43
s 28039 140 66
s 28040 39 20
s 28041 31 12
s 28042 5 4
s 28049 18 15
s 28059 31 17
s 28271 68 38
s 28272 103 55
s 28273 53 27
s 28274 78 29
s 28279 114 60
s 28280 70 40
s 28281 86 51
s 28283 127 63
s 28286 89 47
s 28288 172 87
s 28289 95 48
s 28291 101 54
s 28295 171 93
s 28296 59 30
s 28297 30 18
s 28298 25 11
s 28305 72 34
s 28315 45 20
s 28528 27 14
s 28529 51 34
s 28530 76 34
s 28535 43 21
s 28536 43 19
s 28537 27 9
s 28539 62 35
s 28542 58 26
s 28544 111 57
s 28545 46 29
s 28547 30 18
s 28551 150 77
s 28552 43 18
s 28553 38 23
s 28554 24 11
s 28561 57 29
s 28571 16 6
s 28785 82 47
s 28786 102 37
s 28791 107 62
s 28792 98 48
s 28793 73 32
s 28795 162 71
s 28798 122 69
s 28800 184 102
s 28801 94 49
s 28803 72 34
s 28807 247 130
s 28808 91 53
s 28809 60 22
s 28810 38 14
s 28817 99 52
s 28827 44 22
s 29042 32 17
s 29047 84 52
s 29048 12 5
s 29049 93 54
s 29051 114 59
s 29054 8 4
s 29056 92 53
s 29057 71 43
s 29059 68 39
s 29063 115 60
s 29064 28 14
s 29065 20 9
s 29066 19 7
s 29073 26 15
s 29083 19 11
s 29303 107 55
s 29304 60 23
s 29305 101 47
s 29307 163 63
s 29310 72 31
s 29312 176 74
s 29313 77 35
s 29315 100 50
s 29319 177 82
s 29320 53 28
s 29321 30 13
s 29322 27 13
s 29329 26 12
s 29339 34 16
s 30584 103 46
s 30585 71 44
s 30587 133 67
s 30590 130 61
s 30592 202 107
s 30593 145 74
s 30595 68 26
s 30599 282 160
s 30600 76 41
s 30601 73 27
s 30602 56 24
s 30609 103 44
s 30619 46 27
s 30841 91 43
s 30843 171 72
s 30846 40 18
s 30848 119 64
s 30849 49 28
s 30851 94 41
s 30855 109 49
s 30856 36 18
s 30857 19 7
s 30858 29 16
s 30865 40 16
s 30875 22 8
s 31099 125 61
s 31102 108 63
s 31104 182 96
s 31105 99 57
s 31107 61 33
s 31111 249 132
s 31112 67 37
s 31113 100 57
s 31114 37 14
s 31121 98 48
s 31131 40 22
s 31614 189 99
s 31616 251 120
s 31617 159 65
s 31619 125 59
s 31623 379 172
s 31624 97 44
s 31625 95 39
s 31626 72 27
s 31633 153 69
s 31643 64 33
s 32384 174 95
s 32385 104 49
s 32387 114 59
s 32391 182 99
s 32392 45 22
s 32393 41 22
s 32394 32 16
s 32401 48 21
s 32411 33 16
s 32897 246 133
s 32899 172 74
s 32903 387 198
s 32904 106 61
s 32905 79 41
s 32906 70 32
s 32913 154 65
s 32923 58 35
s 33155 98 44
s 33159 47 27
s 33160 51 22
s 33161 15 12
s 33162 53 30
s 33169 62 31
s 33179 28 15
s 33671 203 107
s 33672 54 28
s 33673 57 26
s 33674 45 25
s 33681 78 45
s 33691 32 16
s 34696 84 47
s 34697 29 16
s 34698 67 29
s 34705 118 61
s 34715 41 17
s 34953 21 9
s 34954 16 7
s 34961 44 24
s 34971 29 14
s 35210 19 11
s 35217 18 6
s 35227 14 6
s 35473 11 2
s 35483 12 5
s 37275 26 12
