n 100000
b 1 10100 5148
b 2 15663 7743
b 3 3988 2000
b 4 1488 793
b 5 12349 6158
b 6 5066 2274
b 7 15427 7881
b 8 17546 9255
b 9 16528 8292
b 10 4810 2366
b 11 8781 3455
b 12 13447 7079
b 13 4240 2106
b 14 27745 13950
b 15 5852 2960
b 16 2666 1282
b 17 6460 3133
b 18 13409 6955
b 19 5735 2641
b 20 8128 4139
b 21 19619 9648
b 22 11197 5485
b 23 4245 2132
b 25 16028 7697
b 26 22510 10877
b 27 10312 5314
b 28 5575 2675
b 29 5847 2820
b 30 12716 6370
b 31 12541 6532
b 32 3677 1901
b 33 4995 2816
b 34 5329 2660
b 35 10057 4686
b 36 14655 7189
b 37 4125 1966
b 38 2247 1066
b 39 8767 4145
b 40 4007 1834
b 41 6376 3122
b 42 8768 4644
b 43 3824 1884
b 44 6509 3247
b 45 3833 1964
b 46 4696 2114
b 47 5266 2570
b 48 14697 7314
b 49 18014 9432
b 50 4784 2534
b 51 3918 1977
b 52 2717 1446
b 53 8711 3820
b 54 17483 8900
b 55 9101 4569
b 56 4160 2098
b 57 2396 1249
b 58 3102 1508
b 59 3800 1758
b 60 11009 5741
b 61 1380 735
b 62 11261 6228
b 63 4016 1969
b 64 5723 2689
b 65 1037 456
b 66 470 228
b 67 8142 4208
b 68 4860 2478
b 69 8787 4324
b 70 6907 3498
b 71 17112 9018
b 72 3145 1504
b 73 1918 861
b 74 21272 10968
b 75 7786 3804
b 76 15913 8595
b 77 1784 935
b 78 4398 2233
b 79 2406 1114
b 80 3755 1861
b 81 2659 1333
b 82 1476 829
b 83 1807 827
b 84 10535 5042
b 85 11762 5656
b 86 26808 13314
b 87 11625 5956
b 88 8935 4887
b 89 955 488
b 90 5317 2707
b 91 4796 2423
b 92 2118 1136
b 93 14118 7091
b 94 1804 847
b 95 1726 851
b 96 6221 3035
b 97 13095 6505
b 98 6497 2950
b 99 2599 1203
b 100 9077 4491
b 101 10098 4999
b 102 2389 1230
b 103 1095 591
b 104 11008 5681
b 105 12220 6086
b 106 11570 5874
b 107 7258 3686
b 108 6102 2741
b 109 5729 2721
b 110 7330 3832
b 111 4923 2578
b 112 10025 5165
b 113 4431 2406
b 114 5571 2548
b 119 9452 4861
b 120 5727 2725
b 121 9044 4792
b 123 13824 6499
b 126 6688 3300
b 128 13387 6547
b 129 5839 2796
b 131 7805 3951
b 135 13514 7055
b 136 4144 2068
b 137 3515 1790
b 138 2621 1238
b 145 4980 2294
b 155 2668 1355
v 258 548 240
v 259 205 96
v 260 85 34
v 261 632 323
v 262 232 124
v 263 697 340
v 264 972 467
v 265 692 341
v 266 321 194
v 267 416 263
v 268 771 408
v 269 216 114
v 270 1258 651
v 271 311 183
v 272 129 61
v 273 351 197
v 274 654 298
v 275 249 137
v 276 464 248
v 277 902 472
v 278 798 412
v 279 218 107
v 281 802 405
v 282 1067 508
v 283 499 237
v 284 243 108
v 285 327 176
v 286 682 352
v 287 770 375
v 288 172 76
v 289 188 74
v 290 371 204
v 291 469 258
v 292 762 410
v 293 241 130
v 294 122 60
v 295 423 245
v 296 193 101
v 297 382 194
v 298 562 278
v 299 205 121
v 300 411 206
v 301 281 151
v 302 240 119
v 303 209 100
v 304 810 388
v 305 906 459
v 306 294 162
v 307 193 101
v 308 138 72
v 309 431 261
v 310 908 471
v 311 453 234
v 312 186 92
v 313 120 51
v 314 116 46
v 315 223 94
v 316 423 202
v 317 75 32
v 318 478 224
v 319 184 84
v 320 275 125
v 321 51 32
v 322 25 13
v 323 396 191
v 324 292 156
v 325 442 235
v 326 335 144
v 327 567 277
v 328 159 94
v 329 103 43
v 330 1277 639
v 331 443 243
v 332 968 477
v 333 67 36
v 334 244 143
v 335 127 69
v 336 177 83
v 337 131 74
v 338 90 30
v 339 64 35
v 340 674 368
v 341 546 306
v 342 1493 773
v 343 471 216
v 344 443 177
v 345 52 26
v 346 364 191
v 347 263 133
v 348 110 49
v 349 764 397
v 350 122 81
v 351 118 55
v 352 265 133
v 353 666 315
v 354 348 194
v 355 136 82
v 356 411 201
v 357 748 403
v 358 110 58
v 359 37 14
v 360 516 253
v 361 611 322
v 362 519 277
v 363 313 151
v 364 296 173
v 365 342 174
v 366 283 114
v 367 346 177
v 368 644 364
v 369 254 122
v 370 264 124
v 375 382 188
v 376 273 148
v 377 512 257
v 379 622 334
v 382 308 155
v 384 645 336
v 385 295 157
v 387 433 216
v 391 678 339
v 392 165 67
v 393 183 99
v 394 139 77
v 401 273 156
v 411 150 78
v 515 258 133
v 516 111 58
v 517 974 468
v 518 465 255
v 519 1293 629
v 520 1397 701
v 521 1254 618
v 522 297 138
v 523 760 451
v 524 869 435
v 525 298 159
v 526 2019 967
v 527 535 254
v 528 226 103
v 529 490 264
v 530 1038 463
v 531 504 252
v 532 663 314
v 533 1559 835
v 534 861 406
v 535 365 179
v 537 1201 637
v 538 1740 901
v 539 906 420
v 540 460 221
v 541 498 260
v 542 901 430
v 543 973 482
v 544 307 160
v 545 381 168
v 546 407 207
v 547 792 426
v 548 1319 607
v 549 311 154
v 550 164 80
v 551 737 373
v 552 285 154
v 553 477 233
v 554 784 364
v 555 309 149
v 556 429 219
v 557 284 135
v 558 403 232
v 559 452 205
v 560 1042 541
v 561 1557 731
v 562 761 358
v 563 307 146
v 564 205 88
v 565 680 367
v 566 1613 772
v 567 768 380
v 568 363 180
v 569 186 91
v 570 236 119
v 571 260 154
v 572 942 442
v 573 85 40
v 574 925 406
v 575 340 163
v 576 440 233
v 577 70 40
v 578 42 23
v 579 702 317
v 580 370 161
v 581 794 390
v 582 741 348
v 583 1296 608
v 584 231 116
v 585 166 94
v 586 1650 792
v 587 601 306
v 588 1257 540
v 589 132 66
v 590 351 166
v 591 169 89
v 592 300 143
v 593 222 100
v 594 95 43
v 595 128 66
v 596 832 449
v 597 956 521
v 598 2221 1153
v 599 884 424
v 600 716 337
v 601 57 27
v 602 406 195
v 603 341 154
v 604 160 85
v 605 1103 524
v 606 128 68
v 607 86 45
v 608 519 273
v 609 1143 560
v 610 555 307
v 611 198 106
v 612 690 335
v 613 762 371
v 614 188 86
v 615 73 28
v 616 983 461
v 617 886 441
v 618 924 436
v 619 558 281
v 620 538 289
v 621 325 180
v 622 516 250
v 623 485 245
v 624 712 365
v 625 342 139
v 626 550 295
v 631 790 371
v 632 427 212
v 633 706 312
v 635 1057 572
v 638 510 268
v 640 1040 519
v 641 498 252
v 643 529 254
v 647 1168 558
v 648 351 170
v 649 300 147
v 650 182 95
v 657 394 224
v 667 195 105
v 772 23 13
v 773 235 137
v 774 96 48
v 775 339 136
v 776 281 137
v 777 307 169
v 778 70 40
v 779 170 114
v 780 360 150
v 781 94 52
v 782 561 274
v 783 93 47
v 784 58 26
v 785 124 61
v 786 212 99
v 787 113 62
v 788 177 79
v 789 373 209
v 790 236 120
v 791 73 36
v 793 345 194
v 794 422 228
v 795 204 105
v 796 96 50
v 797 154 69
v 798 257 123
v 799 248 132
v 800 71 38
v 801 92 42
v 802 111 48
v 803 204 101
v 804 261 130
v 805 83 47
v 806 54 26
v 807 153 91
v 808 72 37
v 809 95 48
v 810 203 96
v 811 75 36
v 812 108 53
v 813 83 40
v 814 86 51
v 815 99 52
v 816 313 176
v 817 354 166
v 818 98 39
v 819 89 38
v 820 63 33
v 821 177 94
v 822 246 132
v 823 214 92
v 824 83 46
v 825 56 29
v 826 51 32
v 827 86 46
v 828 220 107
v 829 39 19
v 830 215 90
v 831 65 40
v 832 90 41
v 833 13 4
v 834 13 4
v 835 211 90
v 836 86 44
v 837 170 93
v 838 163 77
v 839 352 159
v 840 56 24
v 841 35 17
v 842 399 186
v 843 198 98
v 844 352 162
v 845 52 23
v 846 109 57
v 847 69 41
v 848 74 38
v 849 52 27
v 850 29 11
v 851 30 15
v 852 161 85
v 853 233 119
v 854 570 276
v 855 237 114
v 856 182 81
v 857 25 12
v 858 116 60
v 859 92 40
v 860 47 21
v 861 362 169
v 862 34 17
v 863 25 9
v 864 122 56
v 865 266 143
v 866 107 64
v 867 43 30
v 868 190 102
v 869 198 113
v 870 71 32
v 871 29 12
v 872 189 96
v 873 256 117
v 874 210 100
v 875 158 79
v 876 115 68
v 877 165 92
v 878 138 66
v 879 100 51
v 880 219 115
v 881 95 46
v 882 90 49
v 887 192 90
v 888 113 60
v 889 202 90
v 891 281 164
v 894 131 71
v 896 275 150
v 897 98 55
v 899 198 95
v 903 307 144
v 904 81 34
v 905 60 31
v 906 64 36
v 913 87 48
v 923 50 28
v 1029 98 56
v 1030 31 25
v 1031 100 57
v 1032 127 67
v 1033 136 73
v 1034 42 22
v 1035 54 31
v 1036 107 52
v 1037 23 13
v 1038 195 103
v 1039 45 20
v 1040 22 14
v 1041 56 29
v 1042 74 39
v 1043 38 24
v 1044 63 33
v 1045 171 90
v 1046 81 38
v 1047 38 22
v 1049 119 66
v 1050 159 81
v 1051 73 37
v 1052 43 26
v 1053 21 17
v 1054 76 49
v 1055 81 44
v 1056 42 24
v 1057 21 12
v 1058 42 21
v 1059 81 43
v 1060 92 44
v 1061 25 13
v 1062 15 8
v 1063 70 47
v 1064 32 19
v 1065 31 17
v 1066 66 29
v 1067 30 15
v 1068 48 28
v 1069 29 19
v 1070 41 26
v 1071 23 16
v 1072 93 43
v 1073 136 73
v 1074 33 20
v 1075 27 15
v 1076 15 6
v 1077 66 30
v 1078 142 61
v 1079 95 56
v 1080 32 15
v 1081 16 10
v 1082 22 14
v 1083 29 17
v 1084 103 52
v 1085 5 1
v 1086 90 40
v 1087 34 14
v 1088 37 23
v 1089 11 6
v 1091 53 32
v 1092 29 17
v 1093 53 25
v 1094 45 25
v 1095 184 98
v 1096 18 11
v 1097 20 11
v 1098 141 70
v 1099 59 28
v 1100 105 53
v 1101 17 8
v 1102 29 15
v 1103 10 8
v 1104 15 10
v 1105 15 8
v 1106 12 8
v 1107 14 11
v 1108 80 47
v 1109 80 43
v 1110 205 116
v 1111 106 57
v 1112 66 30
v 1113 10 5
v 1114 41 19
v 1115 32 15
v 1116 11 8
v 1117 255 127
v 1118 19 12
v 1119 7 4
v 1120 45 27
v 1121 87 56
v 1122 63 33
v 1123 17 7
v 1124 68 34
v 1125 75 33
v 1126 17 7
v 1127 5 0
v 1128 65 27
v 1129 70 29
v 1130 75 44
v 1131 69 43
v 1132 36 12
v 1133 30 15
v 1134 54 25
v 1135 34 19
v 1136 69 37
v 1137 24 12
v 1138 41 21
v 1143 66 36
v 1144 80 44
v 1145 62 27
v 1147 89 58
v 1150 51 29
v 1152 116 66
v 1153 49 27
v 1155 50 28
v 1159 101 49
v 1160 27 15
v 1161 32 14
v 1162 17 9
v 1169 43 31
v 1179 16 11
v 1286 339 191
v 1287 1006 499
v 1288 1288 586
v 1289 1140 586
v 1290 349 173
v 1291 510 299
v 1292 713 378
v 1293 300 141
v 1294 1780 828
v 1295 419 201
v 1296 156 75
v 1297 408 228
v 1298 860 408
v 1299 321 168
v 1300 495 248
v 1301 1276 658
v 1302 750 397
v 1303 265 134
v 1305 945 479
v 1306 1525 790
v 1307 701 333
v 1308 364 202
v 1309 372 202
v 1310 837 417
v 1311 820 402
v 1312 253 129
v 1313 337 158
v 1314 301 151
v 1315 686 359
v 1316 960 509
v 1317 265 135
v 1318 106 61
v 1319 582 305
v 1320 281 141
v 1321 426 230
v 1322 524 258
v 1323 234 111
v 1324 422 195
v 1325 255 112
v 1326 210 118
v 1327 304 153
v 1328 828 414
v 1329 984 478
v 1330 264 122
v 1331 243 120
v 1332 170 79
v 1333 571 321
v 1334 1189 573
v 1335 527 266
v 1336 261 141
v 1337 146 70
v 1338 210 116
v 1339 237 118
v 1340 731 355
v 1341 65 36
v 1342 673 298
v 1343 270 134
v 1344 378 196
v 1345 55 35
v 1346 28 15
v 1347 472 248
v 1348 306 154
v 1349 512 248
v 1350 379 177
v 1351 1098 529
v 1352 205 98
v 1353 115 61
v 1354 1197 598
v 1355 544 280
v 1356 1058 500
v 1357 104 53
v 1358 255 119
v 1359 120 66
v 1360 207 110
v 1361 164 79
v 1362 80 41
v 1363 122 70
v 1364 673 338
v 1365 732 385
v 1366 1800 847
v 1367 774 380
v 1368 614 256
v 1369 54 24
v 1370 286 135
v 1371 240 129
v 1372 98 50
v 1373 921 449
v 1374 96 64
v 1375 110 61
v 1376 337 162
v 1377 738 368
v 1378 316 174
v 1379 162 85
v 1380 552 291
v 1381 650 341
v 1382 154 72
v 1383 64 31
v 1384 844 388
v 1385 745 364
v 1386 655 328
v 1387 434 219
v 1388 361 205
v 1389 287 152
v 1390 457 227
v 1391 294 145
v 1392 596 268
v 1393 256 112
v 1394 360 192
v 1399 616 296
v 1400 366 210
v 1401 521 242
v 1403 895 487
v 1406 396 197
v 1408 815 403
v 1409 345 175
v 1411 448 226
v 1415 874 405
v 1416 223 103
v 1417 176 83
v 1418 169 90
v 1425 275 129
v 1435 174 81
v 1543 416 194
v 1544 482 223
v 1545 418 163
v 1546 154 70
v 1547 246 129
v 1548 288 99
v 1549 102 45
v 1550 566 271
v 1551 200 77
v 1552 66 29
v 1553 167 72
v 1554 293 132
v 1555 150 63
v 1556 185 78
v 1557 597 253
v 1558 276 117
v 1559 87 39
v 1561 387 195
v 1562 583 281
v 1563 273 121
v 1564 151 78
v 1565 150 82
v 1566 323 152
v 1567 333 148
v 1568 109 51
v 1569 135 54
v 1570 111 54
v 1571 265 113
v 1572 428 198
v 1573 107 45
v 1574 65 28
v 1575 204 89
v 1576 104 56
v 1577 141 55
v 1578 256 93
v 1579 101 37
v 1580 205 112
v 1581 78 33
v 1582 114 63
v 1583 179 78
v 1584 391 180
v 1585 444 178
v 1586 104 36
v 1587 116 45
v 1588 72 32
v 1589 204 87
v 1590 462 211
v 1591 230 83
v 1592 111 52
v 1593 66 26
v 1594 79 33
v 1595 106 56
v 1596 227 94
v 1597 25 10
v 1598 246 87
v 1599 102 58
v 1600 168 81
v 1601 27 18
v 1602 14 6
v 1603 245 87
v 1604 152 69
v 1605 246 116
v 1606 174 82
v 1607 408 184
v 1608 79 36
v 1609 49 29
v 1610 510 220
v 1611 220 101
v 1612 427 168
v 1613 31 17
v 1614 77 36
v 1615 65 41
v 1616 95 42
v 1617 53 21
v 1618 31 17
v 1619 49 26
v 1620 242 99
v 1621 325 144
v 1622 708 320
v 1623 248 103
v 1624 204 82
v 1625 24 11
v 1626 117 61
v 1627 132 71
v 1628 51 18
v 1629 386 191
v 1630 33 19
v 1631 32 14
v 1632 178 77
v 1633 296 142
v 1634 171 92
v 1635 86 41
v 1636 198 94
v 1637 247 110
v 1638 75 34
v 1639 24 8
v 1640 264 126
v 1641 287 133
v 1642 308 125
v 1643 172 73
v 1644 174 82
v 1645 213 99
v 1646 195 85
v 1647 129 66
v 1648 241 104
v 1649 102 45
v 1650 162 89
v 1655 229 88
v 1656 144 71
v 1657 219 89
v 1659 339 171
v 1662 176 90
v 1664 312 141
v 1665 127 55
v 1667 196 92
v 1671 364 161
v 1672 95 35
v 1673 80 35
v 1674 56 26
v 1681 126 64
v 1691 80 39
v 1800 1367 653
v 1801 1279 648
v 1802 346 184
v 1803 688 435
v 1804 1078 554
v 1805 273 153
v 1806 2028 1033
v 1807 434 218
v 1808 228 122
v 1809 483 245
v 1810 1117 515
v 1811 426 228
v 1812 651 318
v 1813 1482 774
v 1814 874 424
v 1815 339 163
v 1817 1252 658
v 1818 1847 949
v 1819 907 429
v 1820 397 220
v 1821 488 263
v 1822 1030 537
v 1823 978 473
v 1824 292 148
v 1825 385 174
v 1826 408 216
v 1827 756 402
v 1828 1194 585
v 1829 322 179
v 1830 179 105
v 1831 713 379
v 1832 288 150
v 1833 486 259
v 1834 668 311
v 1835 292 152
v 1836 485 247
v 1837 295 150
v 1838 366 184
v 1839 382 195
v 1840 1211 614
v 1841 1446 678
v 1842 319 153
v 1843 293 148
v 1844 229 113
v 1845 716 405
v 1846 1419 732
v 1847 701 366
v 1848 316 147
v 1849 212 109
v 1850 246 130
v 1851 302 153
v 1852 873 391
v 1853 120 70
v 1854 870 397
v 1855 297 148
v 1856 394 199
v 1857 76 39
v 1858 37 17
v 1859 709 334
v 1860 405 205
v 1861 654 359
v 1862 565 291
v 1863 1337 652
v 1864 267 144
v 1865 145 72
v 1866 1769 884
v 1867 601 323
v 1868 1170 552
v 1869 134 69
v 1870 329 176
v 1871 184 103
v 1872 308 166
v 1873 220 107
v 1874 98 54
v 1875 140 74
v 1876 855 460
v 1877 905 489
v 1878 2168 1142
v 1879 885 441
v 1880 702 338
v 1881 49 30
v 1882 419 201
v 1883 393 203
v 1884 146 66
v 1885 950 507
v 1886 143 87
v 1887 106 57
v 1888 502 267
v 1889 1086 597
v 1890 552 294
v 1891 210 126
v 1892 755 391
v 1893 804 418
v 1894 195 102
v 1895 83 39
v 1896 927 451
v 1897 976 490
v 1898 985 463
v 1899 515 247
v 1900 456 267
v 1901 390 222
v 1902 549 280
v 1903 382 185
v 1904 731 349
v 1905 356 159
v 1906 427 236
v 1911 711 354
v 1912 462 256
v 1913 674 337
v 1915 1086 564
v 1918 525 279
v 1920 1079 556
v 1921 459 249
v 1923 625 340
v 1927 1082 525
v 1928 343 187
v 1929 268 130
v 1930 176 105
v 1937 394 216
v 1947 183 101
v 2057 1447 752
v 2058 459 242
v 2059 836 515
v 2060 1205 607
v 2061 386 198
v 2062 2223 1152
v 2063 517 257
v 2064 283 163
v 2065 598 328
v 2066 1264 657
v 2067 494 274
v 2068 724 389
v 2069 1689 899
v 2070 1014 558
v 2071 394 214
v 2073 1341 736
v 2074 2014 1091
v 2075 839 430
v 2076 516 317
v 2077 519 297
v 2078 1082 553
v 2079 1109 549
v 2080 331 159
v 2081 379 174
v 2082 420 233
v 2083 896 516
v 2084 1237 661
v 2085 360 183
v 2086 149 92
v 2087 868 491
v 2088 411 235
v 2089 691 392
v 2090 890 443
v 2091 362 183
v 2092 628 325
v 2093 280 141
v 2094 435 242
v 2095 447 269
v 2096 1328 683
v 2097 1547 796
v 2098 308 141
v 2099 387 188
v 2100 209 106
v 2101 836 474
v 2102 1849 984
v 2103 800 418
v 2104 375 185
v 2105 167 79
v 2106 346 187
v 2107 287 163
v 2108 925 448
v 2109 109 39
v 2110 1014 482
v 2111 292 141
v 2112 568 342
v 2113 82 51
v 2114 40 19
v 2115 751 381
v 2116 445 239
v 2117 708 368
v 2118 701 350
v 2119 1376 635
v 2120 280 150
v 2121 164 95
v 2122 1944 996
v 2123 733 389
v 2124 1418 674
v 2125 123 66
v 2126 400 196
v 2127 212 118
v 2128 334 177
v 2129 233 132
v 2130 124 46
v 2131 178 104
v 2132 992 531
v 2133 1005 571
v 2134 2266 1177
v 2135 1141 597
v 2136 884 461
v 2137 75 48
v 2138 482 244
v 2139 395 197
v 2140 157 81
v 2141 1530 819
v 2142 137 73
v 2143 169 87
v 2144 538 296
v 2145 1098 589
v 2146 496 281
v 2147 190 109
v 2148 676 353
v 2149 928 490
v 2150 176 86
v 2151 91 50
v 2152 953 443
v 2153 1363 726
v 2154 1042 530
v 2155 655 328
v 2156 619 387
v 2157 446 241
v 2158 971 539
v 2159 357 160
v 2160 617 282
v 2161 367 178
v 2162 566 309
v 2167 880 483
v 2168 502 286
v 2169 707 356
v 2171 1254 726
v 2174 611 302
v 2176 1187 663
v 2177 608 328
v 2179 551 301
v 2183 1198 617
v 2184 370 201
v 2185 315 176
v 2186 227 127
v 2193 460 266
v 2203 234 141
v 2314 398 202
v 2315 714 448
v 2316 1119 494
v 2317 405 195
v 2318 2574 1260
v 2319 527 285
v 2320 192 102
v 2321 633 329
v 2322 1157 574
v 2323 483 264
v 2324 677 326
v 2325 1766 896
v 2326 997 511
v 2327 300 146
v 2329 1310 702
v 2330 1880 970
v 2331 838 412
v 2332 479 246
v 2333 487 272
v 2334 1051 535
v 2335 1088 532
v 2336 298 140
v 2337 461 193
v 2338 384 199
v 2339 801 433
v 2340 1324 671
v 2341 370 210
v 2342 191 96
v 2343 742 415
v 2344 354 202
v 2345 503 259
v 2346 761 359
v 2347 323 175
v 2348 553 256
v 2349 326 161
v 2350 344 187
v 2351 461 225
v 2352 1197 608
v 2353 1483 700
v 2354 396 187
v 2355 358 177
v 2356 208 95
v 2357 699 398
v 2358 1353 660
v 2359 816 397
v 2360 330 162
v 2361 186 84
v 2362 285 152
v 2363 325 165
v 2364 891 416
v 2365 83 37
v 2366 1069 458
v 2367 324 165
v 2368 472 234
v 2369 91 53
v 2370 38 20
v 2371 638 303
v 2372 386 200
v 2373 790 394
v 2374 529 276
v 2375 1560 735
v 2376 259 148
v 2377 143 73
v 2378 1739 881
v 2379 638 343
v 2380 1467 638
v 2381 104 56
v 2382 384 195
v 2383 171 92
v 2384 308 151
v 2385 244 120
v 2386 153 62
v 2387 156 79
v 2388 823 442
v 2389 995 528
v 2390 2373 1212
v 2391 1027 489
v 2392 867 380
v 2393 71 39
v 2394 443 206
v 2395 381 189
v 2396 177 75
v 2397 1279 644
v 2398 146 76
v 2399 132 64
v 2400 507 275
v 2401 1030 524
v 2402 475 254
v 2403 187 103
v 2404 712 349
v 2405 894 473
v 2406 171 85
v 2407 81 28
v 2408 913 424
v 2409 1060 529
v 2410 1083 538
v 2411 608 305
v 2412 533 301
v 2413 498 269
v 2414 580 291
v 2415 409 199
v 2416 861 402
v 2417 364 173
v 2418 415 225
v 2423 878 428
v 2424 455 249
v 2425 764 355
v 2427 1173 635
v 2430 477 232
v 2432 1053 548
v 2433 447 230
v 2435 615 311
v 2439 1039 508
v 2440 329 178
v 2441 279 125
v 2442 203 104
v 2449 394 234
v 2459 222 113
v 2571 226 149
v 2572 272 132
v 2573 97 47
v 2574 718 359
v 2575 203 108
v 2576 71 48
v 2577 163 79
v 2578 276 135
v 2579 131 61
v 2580 192 93
v 2581 459 213
v 2582 236 129
v 2583 103 45
v 2585 334 153
v 2586 356 147
v 2587 199 86
v 2588 130 72
v 2589 149 72
v 2590 334 179
v 2591 301 142
v 2592 71 37
v 2593 106 43
v 2594 142 73
v 2595 246 154
v 2596 341 167
v 2597 133 74
v 2598 38 25
v 2599 234 114
v 2600 104 59
v 2601 138 68
v 2602 194 89
v 2603 92 46
v 2604 170 73
v 2605 99 56
v 2606 127 73
v 2607 127 74
v 2608 382 196
v 2609 429 186
v 2610 138 64
v 2611 94 39
v 2612 58 24
v 2613 229 124
v 2614 488 264
v 2615 219 110
v 2616 98 56
v 2617 73 37
v 2618 90 55
v 2619 90 48
v 2620 210 89
v 2621 35 14
v 2622 224 91
v 2623 102 44
v 2624 169 81
v 2625 21 15
v 2626 12 8
v 2627 180 78
v 2628 57 20
v 2629 206 105
v 2630 146 62
v 2631 613 296
v 2632 99 47
v 2633 48 24
v 2634 433 203
v 2635 170 83
v 2636 400 158
v 2637 43 15
v 2638 122 66
v 2639 64 38
v 2640 79 42
v 2641 56 27
v 2642 38 17
v 2643 38 20
v 2644 244 128
v 2645 273 148
v 2646 641 307
v 2647 244 123
v 2648 134 59
v 2649 15 6
v 2650 122 60
v 2651 126 58
v 2652 56 23
v 2653 367 185
v 2654 38 21
v 2655 38 21
v 2656 154 79
v 2657 319 149
v 2658 145 82
v 2659 83 48
v 2660 270 136
v 2661 174 96
v 2662 60 30
v 2663 20 12
v 2664 245 113
v 2665 253 124
v 2666 309 153
v 2667 166 76
v 2668 143 69
v 2669 171 94
v 2670 218 119
v 2671 123 53
v 2672 311 154
v 2673 129 63
v 2674 127 69
v 2679 233 105
v 2680 124 61
v 2681 229 95
v 2683 318 164
v 2686 174 80
v 2688 354 199
v 2689 124 62
v 2691 207 97
v 2695 380 180
v 2696 110 55
v 2697 90 42
v 2698 62 35
v 2705 138 62
v 2715 88 44
v 2828 540 198
v 2829 144 69
v 2830 1116 434
v 2831 276 121
v 2832 111 50
v 2833 267 100
v 2834 527 190
v 2835 251 113
v 2836 350 124
v 2837 886 349
v 2838 507 192
v 2839 168 52
v 2841 791 325
v 2842 1032 428
v 2843 460 160
v 2844 222 97
v 2845 246 110
v 2846 563 227
v 2847 531 198
v 2848 165 64
v 2849 215 74
v 2850 240 80
v 2851 487 200
v 2852 713 281
v 2853 165 76
v 2854 111 56
v 2855 366 146
v 2856 179 79
v 2857 240 101
v 2858 361 123
v 2859 188 81
v 2860 337 139
v 2861 175 67
v 2862 239 106
v 2863 226 96
v 2864 697 267
v 2865 800 287
v 2866 216 82
v 2867 154 61
v 2868 127 46
v 2869 372 179
v 2870 858 319
v 2871 395 157
v 2872 174 77
v 2873 97 47
v 2874 124 48
v 2875 169 86
v 2876 490 185
v 2877 62 22
v 2878 480 177
v 2879 180 81
v 2880 270 107
v 2881 38 19
v 2882 25 9
v 2883 351 139
v 2884 224 79
v 2885 352 145
v 2886 320 124
v 2887 671 256
v 2888 135 59
v 2889 79 36
v 2890 1062 373
v 2891 358 137
v 2892 688 251
v 2893 73 28
v 2894 165 49
v 2895 103 46
v 2896 191 87
v 2897 107 45
v 2898 51 20
v 2899 75 34
v 2900 463 181
v 2901 564 235
v 2902 1214 490
v 2903 472 194
v 2904 359 127
v 2905 39 13
v 2906 231 86
v 2907 226 89
v 2908 75 28
v 2909 596 233
v 2910 64 28
v 2911 68 29
v 2912 278 110
v 2913 542 213
v 2914 310 141
v 2915 141 65
v 2916 386 153
v 2917 473 176
v 2918 118 46
v 2919 60 11
v 2920 493 206
v 2921 537 201
v 2922 528 229
v 2923 331 129
v 2924 275 132
v 2925 297 123
v 2926 310 120
v 2927 191 74
v 2928 462 179
v 2929 208 74
v 2930 236 100
v 2935 401 163
v 2936 254 99
v 2937 437 164
v 2939 588 247
v 2942 309 114
v 2944 597 235
v 2945 249 87
v 2947 358 140
v 2951 613 220
v 2952 171 70
v 2953 165 61
v 2954 111 41
v 2961 240 121
v 2971 117 42
v 3085 284 136
v 3086 1821 946
v 3087 319 165
v 3088 234 121
v 3089 337 173
v 3090 1862 850
v 3091 420 239
v 3092 588 326
v 3093 1327 735
v 3094 679 367
v 3095 303 153
v 3097 1006 537
v 3098 1448 758
v 3099 770 411
v 3100 377 223
v 3101 418 199
v 3102 897 494
v 3103 828 435
v 3104 210 113
v 3105 356 163
v 3106 343 171
v 3107 593 345
v 3108 1102 595
v 3109 257 133
v 3110 175 90
v 3111 566 334
v 3112 281 176
v 3113 385 205
v 3114 551 291
v 3115 211 111
v 3116 489 267
v 3117 291 145
v 3118 290 184
v 3119 329 203
v 3120 1243 692
v 3121 1314 623
v 3122 361 192
v 3123 283 153
v 3124 371 163
v 3125 579 352
v 3126 1122 573
v 3127 519 267
v 3128 272 152
v 3129 195 92
v 3130 200 106
v 3131 210 125
v 3132 750 395
v 3133 83 45
v 3134 805 382
v 3135 284 162
v 3136 354 193
v 3137 67 40
v 3138 38 21
v 3139 472 266
v 3140 314 172
v 3141 575 332
v 3142 434 236
v 3143 1096 509
v 3144 212 124
v 3145 118 69
v 3146 1472 789
v 3147 508 293
v 3148 982 534
v 3149 129 56
v 3150 298 165
v 3151 181 110
v 3152 250 137
v 3153 183 100
v 3154 109 47
v 3155 133 82
v 3156 771 437
v 3157 886 500
v 3158 1751 926
v 3159 781 395
v 3160 590 267
v 3161 86 43
v 3162 354 172
v 3163 368 165
v 3164 170 97
v 3165 824 416
v 3166 289 166
v 3167 120 65
v 3168 411 201
v 3169 892 434
v 3170 370 198
v 3171 176 100
v 3172 642 350
v 3173 644 340
v 3174 168 70
v 3175 80 45
v 3176 659 337
v 3177 857 419
v 3178 801 389
v 3179 474 249
v 3180 364 190
v 3181 325 202
v 3182 453 219
v 3183 382 190
v 3184 725 376
v 3185 333 168
v 3186 343 200
v 3191 667 354
v 3192 365 207
v 3193 615 295
v 3195 954 525
v 3198 389 221
v 3200 893 455
v 3201 419 242
v 3203 539 305
v 3207 942 456
v 3208 271 161
v 3209 256 125
v 3210 149 90
v 3217 320 187
v 3227 182 88
v 3342 604 312
v 3343 133 67
v 3344 47 24
v 3345 189 89
v 3346 305 131
v 3347 123 64
v 3348 182 95
v 3349 453 237
v 3350 223 112
v 3351 64 30
v 3353 371 190
v 3354 322 162
v 3355 170 75
v 3356 122 60
v 3357 125 64
v 3358 297 151
v 3359 283 139
v 3360 68 25
v 3361 120 46
v 3362 111 63
v 3363 198 90
v 3364 297 171
v 3365 74 33
v 3366 34 15
v 3367 250 138
v 3368 97 56
v 3369 152 88
v 3370 173 78
v 3371 75 33
v 3372 137 69
v 3373 78 32
v 3374 100 51
v 3375 104 58
v 3376 304 148
v 3377 312 118
v 3378 110 46
v 3379 80 37
v 3380 65 27
v 3381 177 92
v 3382 357 176
v 3383 232 117
v 3384 80 37
v 3385 49 21
v 3386 72 35
v 3387 73 48
v 3388 154 63
v 3389 24 10
v 3390 240 107
v 3391 98 50
v 3392 128 77
v 3393 18 10
v 3394 7 4
v 3395 166 90
v 3396 114 53
v 3397 190 100
v 3398 134 54
v 3399 499 230
v 3400 66 30
v 3401 46 30
v 3402 589 295
v 3403 116 51
v 3404 359 185
v 3405 31 17
v 3406 112 57
v 3407 66 37
v 3408 86 41
v 3409 48 24
v 3410 31 13
v 3411 35 19
v 3412 220 106
v 3413 268 133
v 3414 539 255
v 3415 240 104
v 3416 115 49
v 3417 14 8
v 3418 124 56
v 3419 96 42
v 3420 50 33
v 3421 324 180
v 3422 39 18
v 3423 26 16
v 3424 143 78
v 3425 298 142
v 3426 131 69
v 3427 41 25
v 3428 190 94
v 3429 144 71
v 3430 46 20
v 3431 33 14
v 3432 193 93
v 3433 293 149
v 3434 246 117
v 3435 148 75
v 3436 111 66
v 3437 129 67
v 3438 162 83
v 3439 123 54
v 3440 214 108
v 3441 96 49
v 3442 115 64
v 3447 229 120
v 3448 123 67
v 3449 154 81
v 3451 312 188
v 3454 180 78
v 3456 309 154
v 3457 130 63
v 3459 172 84
v 3463 327 167
v 3464 96 48
v 3465 79 39
v 3466 50 17
v 3473 97 61
v 3483 60 28
v 3599 823 416
v 3600 362 195
v 3601 910 483
v 3602 1931 941
v 3603 705 387
v 3604 1079 499
v 3605 2650 1344
v 3606 1502 758
v 3607 557 268
v 3609 2193 1182
v 3610 3088 1587
v 3611 1417 727
v 3612 861 447
v 3613 774 387
v 3614 1827 928
v 3615 1980 972
v 3616 469 215
v 3617 699 296
v 3618 773 392
v 3619 1134 604
v 3620 2025 1075
v 3621 624 348
v 3622 372 181
v 3623 1242 664
v 3624 539 314
v 3625 820 412
v 3626 1259 579
v 3627 557 278
v 3628 797 436
v 3629 536 261
v 3630 593 332
v 3631 745 410
v 3632 1939 983
v 3633 2665 1314
v 3634 777 367
v 3635 577 282
v 3636 409 180
v 3637 1164 658
v 3638 2867 1393
v 3639 1380 671
v 3640 520 271
v 3641 337 153
v 3642 441 226
v 3643 510 276
v 3644 1404 669
v 3645 237 111
v 3646 1790 805
v 3647 571 278
v 3648 826 435
v 3649 156 92
v 3650 78 41
v 3651 1012 511
v 3652 734 353
v 3653 1275 663
v 3654 1154 527
v 3655 2384 1178
v 3656 422 228
v 3657 240 126
v 3658 3134 1475
v 3659 1008 520
v 3660 2346 1133
v 3661 247 124
v 3662 683 330
v 3663 347 188
v 3664 584 285
v 3665 408 222
v 3666 221 103
v 3667 240 142
v 3668 1485 767
v 3669 1954 966
v 3670 4120 2131
v 3671 1704 821
v 3672 1164 534
v 3673 125 69
v 3674 796 390
v 3675 777 377
v 3676 349 159
v 3677 2173 1096
v 3678 253 150
v 3679 216 109
v 3680 833 428
v 3681 1792 870
v 3682 1458 812
v 3683 375 185
v 3684 1221 569
v 3685 1467 726
v 3686 352 183
v 3687 182 80
v 3688 1364 716
v 3689 1772 895
v 3690 1606 821
v 3691 1035 514
v 3692 827 459
v 3693 916 471
v 3694 1092 539
v 3695 730 362
v 3696 1609 804
v 3697 600 265
v 3698 921 483
v 3703 1501 726
v 3704 823 423
v 3705 1414 638
v 3707 2085 1096
v 3710 894 448
v 3712 1775 920
v 3713 734 369
v 3715 1173 554
v 3719 2125 1010
v 3720 588 291
v 3721 526 271
v 3722 336 188
v 3729 750 396
v 3739 340 165
v 3856 70 41
v 3857 209 95
v 3858 353 180
v 3859 166 92
v 3860 238 114
v 3861 617 294
v 3862 362 188
v 3863 124 59
v 3865 491 264
v 3866 632 334
v 3867 311 153
v 3868 186 102
v 3869 184 95
v 3870 357 183
v 3871 377 183
v 3872 134 64
v 3873 124 53
v 3874 131 76
v 3875 343 176
v 3876 453 227
v 3877 130 59
v 3878 60 27
v 3879 364 200
v 3880 126 61
v 3881 260 118
v 3882 284 141
v 3883 131 70
v 3884 195 99
v 3885 111 64
v 3886 109 50
v 3887 156 71
v 3888 383 191
v 3889 509 268
v 3890 107 51
v 3891 127 57
v 3892 86 52
v 3893 247 131
v 3894 598 319
v 3895 249 127
v 3896 126 63
v 3897 79 37
v 3898 103 53
v 3899 106 60
v 3900 328 180
v 3901 25 13
v 3902 324 137
v 3903 134 73
v 3904 171 89
v 3905 25 15
v 3906 13 6
v 3907 219 109
v 3908 151 84
v 3909 308 167
v 3910 181 100
v 3911 471 220
v 3912 101 49
v 3913 39 23
v 3914 563 260
v 3915 303 182
v 3916 478 224
v 3917 46 16
v 3918 138 67
v 3919 40 17
v 3920 85 35
v 3921 92 42
v 3922 47 25
v 3923 49 26
v 3924 316 157
v 3925 345 180
v 3926 843 436
v 3927 312 146
v 3928 297 136
v 3929 23 12
v 3930 127 56
v 3931 95 51
v 3932 62 40
v 3933 425 228
v 3934 39 23
v 3935 56 30
v 3936 226 116
v 3937 382 199
v 3938 174 90
v 3939 75 38
v 3940 221 96
v 3941 332 181
v 3942 57 29
v 3943 38 17
v 3944 355 175
v 3945 294 143
v 3946 297 156
v 3947 183 98
v 3948 212 118
v 3949 119 65
v 3950 184 85
v 3951 146 93
v 3952 246 112
v 3953 86 40
v 3954 173 91
v 3959 279 136
v 3960 168 90
v 3961 243 130
v 3963 378 193
v 3966 187 89
v 3968 365 194
v 3969 166 85
v 3971 199 99
v 3975 372 179
v 3976 125 66
v 3977 93 45
v 3978 66 32
v 3985 139 79
v 3995 66 29
v 4113 84 39
v 4114 160 80
v 4115 68 36
v 4116 116 56
v 4117 255 139
v 4118 156 71
v 4119 47 27
v 4121 202 111
v 4122 332 172
v 4123 169 88
v 4124 88 36
v 4125 74 38
v 4126 171 80
v 4127 157 66
v 4128 56 26
v 4129 54 21
v 4130 72 26
v 4131 162 89
v 4132 190 98
v 4133 49 24
v 4134 21 5
v 4135 99 59
v 4136 50 24
v 4137 98 38
v 4138 97 42
v 4139 53 25
v 4140 86 37
v 4141 38 20
v 4142 63 37
v 4143 72 37
v 4144 203 108
v 4145 234 115
v 4146 67 28
v 4147 49 25
v 4148 48 21
v 4149 105 52
v 4150 227 111
v 4151 130 67
v 4152 61 29
v 4153 40 23
v 4154 39 18
v 4155 51 21
v 4156 165 78
v 4157 24 11
v 4158 103 37
v 4159 59 37
v 4160 67 24
v 4161 16 12
v 4162 7 3
v 4163 100 40
v 4164 61 20
v 4165 104 54
v 4166 91 48
v 4167 226 109
v 4168 34 18
v 4169 26 13
v 4170 312 151
v 4171 106 48
v 4172 197 83
v 4173 20 11
v 4174 56 24
v 4175 43 27
v 4176 55 30
v 4177 34 16
v 4178 18 4
v 4179 24 12
v 4180 169 89
v 4181 171 86
v 4182 401 203
v 4183 151 72
v 4184 116 53
v 4185 7 2
v 4186 68 29
v 4187 60 27
v 4188 23 13
v 4189 187 91
v 4190 17 7
v 4191 28 15
v 4192 73 36
v 4193 194 99
v 4194 76 30
v 4195 32 14
v 4196 118 58
v 4197 126 58
v 4198 37 18
v 4199 13 7
v 4200 177 81
v 4201 146 62
v 4202 131 61
v 4203 115 45
v 4204 76 37
v 4205 61 34
v 4206 81 33
v 4207 60 28
v 4208 140 62
v 4209 63 32
v 4210 68 37
v 4215 125 62
v 4216 64 28
v 4217 107 51
v 4219 183 85
v 4222 78 32
v 4224 161 68
v 4225 97 48
v 4227 115 61
v 4231 188 87
v 4232 46 30
v 4233 48 19
v 4234 37 15
v 4241 67 35
v 4251 33 14
v 4370 432 200
v 4371 177 90
v 4372 254 100
v 4373 678 303
v 4374 454 237
v 4375 135 72
v 4377 476 252
v 4378 609 302
v 4379 232 107
v 4380 160 91
v 4381 181 97
v 4382 440 195
v 4383 396 190
v 4384 105 45
v 4385 156 82
v 4386 218 108
v 4387 397 219
v 4388 478 240
v 4389 136 81
v 4390 62 18
v 4391 322 181
v 4392 183 107
v 4393 230 120
v 4394 292 126
v 4395 99 41
v 4396 186 85
v 4397 89 46
v 4398 119 72
v 4399 166 86
v 4400 480 252
v 4401 530 240
v 4402 156 75
v 4403 156 69
v 4404 95 38
v 4405 374 204
v 4406 570 276
v 4407 317 155
v 4408 141 69
v 4409 68 32
v 4410 97 47
v 4411 111 54
v 4412 262 117
v 4413 28 14
v 4414 414 182
v 4415 144 72
v 4416 220 112
v 4417 33 23
v 4418 16 5
v 4419 254 118
v 4420 206 104
v 4421 310 155
v 4422 199 104
v 4423 570 248
v 4424 115 53
v 4425 52 30
v 4426 689 311
v 4427 182 93
v 4428 524 243
v 4429 68 32
v 4430 158 72
v 4431 90 47
v 4432 109 56
v 4433 90 32
v 4434 45 12
v 4435 47 24
v 4436 332 192
v 4437 410 222
v 4438 978 462
v 4439 272 108
v 4440 194 76
v 4441 29 15
v 4442 194 101
v 4443 163 80
v 4444 65 31
v 4445 452 195
v 4446 60 33
v 4447 44 19
v 4448 231 100
v 4449 418 210
v 4450 220 120
v 4451 100 53
v 4452 341 167
v 4453 275 138
v 4454 77 44
v 4455 42 21
v 4456 331 158
v 4457 398 172
v 4458 441 215
v 4459 234 117
v 4460 177 101
v 4461 202 95
v 4462 225 96
v 4463 148 68
v 4464 326 157
v 4465 147 62
v 4466 187 106
v 4471 278 139
v 4472 199 103
v 4473 233 94
v 4475 478 229
v 4478 208 101
v 4480 437 218
v 4481 187 91
v 4483 234 111
v 4487 471 210
v 4488 150 89
v 4489 115 52
v 4490 73 34
v 4497 164 81
v 4507 109 58
v 4627 385 212
v 4628 488 221
v 4629 1321 704
v 4630 757 404
v 4631 277 146
v 4633 1062 562
v 4634 1556 857
v 4635 606 287
v 4636 375 192
v 4637 340 171
v 4638 827 409
v 4639 859 445
v 4640 236 133
v 4641 349 163
v 4642 314 166
v 4643 633 346
v 4644 940 490
v 4645 313 192
v 4646 159 87
v 4647 581 314
v 4648 230 134
v 4649 393 215
v 4650 561 267
v 4651 267 140
v 4652 371 195
v 4653 268 115
v 4654 287 151
v 4655 324 156
v 4656 968 512
v 4657 1165 561
v 4658 335 172
v 4659 245 110
v 4660 136 72
v 4661 587 355
v 4662 1275 613
v 4663 772 417
v 4664 259 127
v 4665 115 62
v 4666 201 115
v 4667 251 130
v 4668 823 423
v 4669 101 51
v 4670 805 389
v 4671 254 137
v 4672 369 197
v 4673 62 30
v 4674 38 23
v 4675 566 274
v 4676 345 166
v 4677 596 319
v 4678 485 234
v 4679 1191 588
v 4680 197 103
v 4681 106 64
v 4682 1363 671
v 4683 544 279
v 4684 1130 526
v 4685 171 102
v 4686 372 195
v 4687 134 60
v 4688 250 140
v 4689 238 140
v 4690 104 55
v 4691 98 55
v 4692 663 361
v 4693 633 354
v 4694 1765 907
v 4695 857 436
v 4696 650 297
v 4697 76 38
v 4698 357 181
v 4699 312 171
v 4700 145 68
v 4701 994 502
v 4702 117 55
v 4703 136 63
v 4704 395 197
v 4705 843 433
v 4706 440 232
v 4707 147 81
v 4708 610 318
v 4709 773 415
v 4710 156 86
v 4711 76 27
v 4712 742 382
v 4713 732 376
v 4714 812 426
v 4715 525 271
v 4716 357 206
v 4717 413 225
v 4718 359 178
v 4719 323 156
v 4720 566 281
v 4721 264 131
v 4722 364 187
v 4727 656 325
v 4728 418 217
v 4729 678 324
v 4731 1054 572
v 4734 429 243
v 4736 911 485
v 4737 336 184
v 4739 552 276
v 4743 953 510
v 4744 283 141
v 4745 250 133
v 4746 161 86
v 4753 324 173
v 4763 193 101
v 4884 206 74
v 4885 601 269
v 4886 357 157
v 4887 124 50
v 4889 439 213
v 4890 801 381
v 4891 302 121
v 4892 134 74
v 4893 157 74
v 4894 392 176
v 4895 336 164
v 4896 109 46
v 4897 167 73
v 4898 145 59
v 4899 274 137
v 4900 442 221
v 4901 97 41
v 4902 65 31
v 4903 235 105
v 4904 114 54
v 4905 165 78
v 4906 214 87
v 4907 121 60
v 4908 184 79
v 4909 88 39
v 4910 148 72
v 4911 127 49
v 4912 438 199
v 4913 477 211
v 4914 114 54
v 4915 123 51
v 4916 64 27
v 4917 280 157
v 4918 539 223
v 4919 292 158
v 4920 107 49
v 4921 61 25
v 4922 80 39
v 4923 107 60
v 4924 314 145
v 4925 28 12
v 4926 325 139
v 4927 121 52
v 4928 160 82
v 4929 30 12
v 4930 14 7
v 4931 246 103
v 4932 139 63
v 4933 274 105
v 4934 213 107
v 4935 554 267
v 4936 101 38
v 4937 54 29
v 4938 639 297
v 4939 236 106
v 4940 473 205
v 4941 42 17
v 4942 106 47
v 4943 79 35
v 4944 110 51
v 4945 94 46
v 4946 42 14
v 4947 36 16
v 4948 294 132
v 4949 280 116
v 4950 786 356
v 4951 358 148
v 4952 305 141
v 4953 28 18
v 4954 136 72
v 4955 105 46
v 4956 50 24
v 4957 415 205
v 4958 39 21
v 4959 48 29
v 4960 189 102
v 4961 383 177
v 4962 228 121
v 4963 65 27
v 4964 285 138
v 4965 304 139
v 4966 56 29
v 4967 34 18
v 4968 359 171
v 4969 303 135
v 4970 334 152
v 4971 212 108
v 4972 155 75
v 4973 175 76
v 4974 141 58
v 4975 149 56
v 4976 298 141
v 4977 127 49
v 4978 190 87
v 4983 276 117
v 4984 174 97
v 4985 274 109
v 4987 378 194
v 4990 198 86
v 4992 398 170
v 4993 183 95
v 4995 232 105
v 4999 348 148
v 5000 109 46
v 5001 94 45
v 5002 87 47
v 5009 154 68
v 5019 79 41
v 5141 877 429
v 5142 481 261
v 5143 202 101
v 5145 686 387
v 5146 1007 581
v 5147 414 219
v 5148 203 108
v 5149 247 128
v 5150 544 283
v 5151 496 234
v 5152 163 76
v 5153 220 87
v 5154 218 111
v 5155 398 213
v 5156 654 339
v 5157 170 88
v 5158 81 44
v 5159 388 210
v 5160 165 86
v 5161 273 157
v 5162 414 201
v 5163 156 77
v 5164 277 150
v 5165 153 76
v 5166 200 120
v 5167 206 100
v 5168 612 313
v 5169 645 313
v 5170 203 108
v 5171 174 94
v 5172 122 55
v 5173 352 206
v 5174 727 370
v 5175 363 176
v 5176 169 91
v 5177 94 45
v 5178 89 49
v 5179 132 87
v 5180 445 216
v 5181 62 30
v 5182 416 202
v 5183 147 81
v 5184 214 101
v 5185 44 25
v 5186 14 9
v 5187 376 167
v 5188 234 130
v 5189 413 232
v 5190 282 148
v 5191 724 347
v 5192 129 68
v 5193 75 42
v 5194 870 411
v 5195 314 173
v 5196 644 285
v 5197 59 26
v 5198 151 68
v 5199 102 60
v 5200 143 71
v 5201 118 57
v 5202 75 32
v 5203 101 53
v 5204 422 232
v 5205 495 251
v 5206 1093 550
v 5207 508 226
v 5208 386 177
v 5209 42 20
v 5210 197 105
v 5211 194 98
v 5212 93 44
v 5213 575 279
v 5214 68 32
v 5215 83 38
v 5216 237 122
v 5217 541 280
v 5218 222 124
v 5219 116 61
v 5220 352 177
v 5221 418 221
v 5222 114 57
v 5223 57 26
v 5224 432 227
v 5225 478 225
v 5226 446 233
v 5227 254 123
v 5228 279 155
v 5229 226 115
v 5230 280 121
v 5231 210 105
v 5232 394 172
v 5233 172 74
v 5234 206 98
v 5239 369 161
v 5240 218 113
v 5241 367 192
v 5243 592 309
v 5246 293 163
v 5248 505 253
v 5249 259 128
v 5251 305 160
v 5255 556 267
v 5256 151 66
v 5257 124 48
v 5258 104 53
v 5265 185 107
v 5275 103 43
v 5398 1085 537
v 5399 386 201
v 5401 1721 870
v 5402 2317 1153
v 5403 986 468
v 5404 514 271
v 5405 556 289
v 5406 1291 633
v 5407 1218 567
v 5408 331 150
v 5409 471 188
v 5410 505 256
v 5411 985 531
v 5412 1517 781
v 5413 417 229
v 5414 207 97
v 5415 992 497
v 5416 393 205
v 5417 739 360
v 5418 913 394
v 5419 387 196
v 5420 691 316
v 5421 351 155
v 5422 456 258
v 5423 585 309
v 5424 1552 754
v 5425 1790 851
v 5426 449 212
v 5427 405 190
v 5428 259 132
v 5429 884 472
v 5430 1664 809
v 5431 1013 517
v 5432 414 186
v 5433 207 99
v 5434 371 186
v 5435 363 206
v 5436 1032 464
v 5437 135 57
v 5438 1141 513
v 5439 420 216
v 5440 601 336
v 5441 107 57
v 5442 43 20
v 5443 852 389
v 5444 492 241
v 5445 928 483
v 5446 629 318
v 5447 1787 826
v 5448 304 155
v 5449 200 116
v 5450 2100 978
v 5451 773 384
v 5452 1613 706
v 5453 159 68
v 5454 461 203
v 5455 233 107
v 5456 366 193
v 5457 246 121
v 5458 141 65
v 5459 161 66
v 5460 1048 528
v 5461 1190 636
v 5462 2800 1400
v 5463 1208 591
v 5464 881 367
v 5465 79 33
v 5466 562 273
v 5467 471 236
v 5468 210 87
v 5469 1356 687
v 5470 134 73
v 5471 178 81
v 5472 746 366
v 5473 1334 653
v 5474 601 333
v 5475 246 133
v 5476 882 436
v 5477 1018 487
v 5478 210 102
v 5479 109 51
v 5480 1097 517
v 5481 1183 594
v 5482 1152 560
v 5483 738 379
v 5484 654 370
v 5485 554 307
v 5486 706 310
v 5487 421 202
v 5488 974 463
v 5489 404 181
v 5490 541 287
v 5495 911 432
v 5496 543 275
v 5497 889 405
v 5499 1409 749
v 5502 664 337
v 5504 1339 693
v 5505 612 308
v 5507 761 397
v 5511 1280 596
v 5512 389 174
v 5513 340 173
v 5514 282 150
v 5521 471 251
v 5531 270 133
v 5655 245 110
v 5657 966 486
v 5658 1352 661
v 5659 626 291
v 5660 282 147
v 5661 316 154
v 5662 729 371
v 5663 668 297
v 5664 215 105
v 5665 277 114
v 5666 314 132
v 5667 667 362
v 5668 782 377
v 5669 229 107
v 5670 127 67
v 5671 506 250
v 5672 229 113
v 5673 401 189
v 5674 522 225
v 5675 203 106
v 5676 365 203
v 5677 244 115
v 5678 294 151
v 5679 354 177
v 5680 756 364
v 5681 953 461
v 5682 275 129
v 5683 216 103
v 5684 118 59
v 5685 486 281
v 5686 965 432
v 5687 475 237
v 5688 225 110
v 5689 132 60
v 5690 159 75
v 5691 205 113
v 5692 654 296
v 5693 78 29
v 5694 757 328
v 5695 216 114
v 5696 320 168
v 5697 56 28
v 5698 22 12
v 5699 452 210
v 5700 265 132
v 5701 497 228
v 5702 386 189
v 5703 970 456
v 5704 176 90
v 5705 115 70
v 5706 1184 565
v 5707 458 234
v 5708 901 387
v 5709 123 63
v 5710 211 99
v 5711 126 73
v 5712 209 96
v 5713 138 69
v 5714 106 54
v 5715 128 61
v 5716 623 328
v 5717 639 336
v 5718 1574 813
v 5719 710 328
v 5720 536 247
v 5721 49 31
v 5722 264 141
v 5723 210 104
v 5724 106 44
v 5725 716 360
v 5726 108 49
v 5727 109 56
v 5728 357 181
v 5729 760 395
v 5730 305 150
v 5731 132 49
v 5732 513 271
v 5733 602 290
v 5734 119 54
v 5735 46 19
v 5736 650 298
v 5737 684 375
v 5738 655 295
v 5739 366 165
v 5740 350 196
v 5741 277 154
v 5742 369 184
v 5743 251 106
v 5744 515 253
v 5745 246 113
v 5746 296 163
v 5751 547 258
v 5752 303 153
v 5753 466 202
v 5755 743 411
v 5758 402 200
v 5760 758 379
v 5761 357 176
v 5763 413 187
v 5767 777 352
v 5768 214 105
v 5769 177 91
v 5770 136 64
v 5777 288 157
v 5787 155 67
v 5913 354 177
v 5914 508 264
v 5915 246 123
v 5916 120 64
v 5917 145 82
v 5918 244 132
v 5919 274 130
v 5920 88 38
v 5921 115 56
v 5922 121 65
v 5923 198 108
v 5924 324 146
v 5925 79 41
v 5926 50 21
v 5927 161 77
v 5928 68 27
v 5929 143 64
v 5930 161 73
v 5931 82 38
v 5932 137 72
v 5933 96 52
v 5934 116 63
v 5935 110 51
v 5936 293 138
v 5937 360 173
v 5938 84 42
v 5939 78 35
v 5940 49 23
v 5941 177 112
v 5942 383 160
v 5943 171 88
v 5944 81 45
v 5945 37 27
v 5946 49 26
v 5947 87 41
v 5948 263 113
v 5949 29 20
v 5950 225 98
v 5951 107 47
v 5952 133 76
v 5953 23 17
v 5954 15 11
v 5955 150 71
v 5956 96 38
v 5957 171 90
v 5958 168 87
v 5959 369 170
v 5960 81 43
v 5961 48 26
v 5962 490 236
v 5963 171 81
v 5964 336 163
v 5965 41 20
v 5966 89 38
v 5967 54 30
v 5968 78 43
v 5969 48 31
v 5970 32 16
v 5971 31 15
v 5972 221 118
v 5973 220 108
v 5974 613 326
v 5975 306 144
v 5976 213 97
v 5977 20 11
v 5978 109 57
v 5979 86 44
v 5980 45 19
v 5981 314 158
v 5982 32 20
v 5983 40 29
v 5984 118 51
v 5985 281 139
v 5986 160 95
v 5987 49 28
v 5988 195 88
v 5989 228 113
v 5990 45 28
v 5991 21 11
v 5992 236 124
v 5993 261 137
v 5994 259 133
v 5995 134 59
v 5996 125 60
v 5997 110 63
v 5998 150 79
v 5999 110 48
v 6000 195 88
v 6001 93 48
v 6002 110 59
v 6007 200 97
v 6008 124 59
v 6009 210 92
v 6011 288 151
v 6014 145 84
v 6016 293 139
v 6017 168 100
v 6019 153 82
v 6023 329 169
v 6024 89 40
v 6025 70 30
v 6026 59 44
v 6033 87 46
v 6043 60 31
v 6426 1876 958
v 6427 887 441
v 6428 436 211
v 6429 432 222
v 6430 1054 492
v 6431 1016 459
v 6432 309 150
v 6433 384 158
v 6434 426 204
v 6435 1013 505
v 6436 1295 678
v 6437 340 176
v 6438 180 94
v 6439 751 387
v 6440 312 172
v 6441 517 229
v 6442 705 314
v 6443 370 188
v 6444 564 264
v 6445 298 134
v 6446 420 214
v 6447 486 246
v 6448 1196 603
v 6449 1550 695
v 6450 410 179
v 6451 271 138
v 6452 216 102
v 6453 716 403
v 6454 1387 652
v 6455 736 346
v 6456 352 150
v 6457 198 89
v 6458 271 125
v 6459 327 180
v 6460 827 376
v 6461 90 41
v 6462 876 349
v 6463 324 156
v 6464 474 250
v 6465 89 43
v 6466 40 19
v 6467 642 295
v 6468 393 187
v 6469 655 339
v 6470 580 269
v 6471 1177 519
v 6472 242 108
v 6473 149 78
v 6474 1898 865
v 6475 579 280
v 6476 1449 632
v 6477 143 71
v 6478 319 142
v 6479 181 84
v 6480 333 161
v 6481 203 95
v 6482 112 56
v 6483 141 71
v 6484 848 425
v 6485 1002 507
v 6486 2219 1109
v 6487 941 461
v 6488 698 292
v 6489 73 30
v 6490 488 230
v 6491 377 174
v 6492 182 70
v 6493 1033 505
v 6494 157 77
v 6495 128 63
v 6496 514 239
v 6497 1112 517
v 6498 503 279
v 6499 223 115
v 6500 709 338
v 6501 837 402
v 6502 188 78
v 6503 78 42
v 6504 868 387
v 6505 1041 507
v 6506 914 461
v 6507 589 282
v 6508 482 250
v 6509 495 250
v 6510 687 338
v 6511 354 148
v 6512 835 409
v 6513 396 184
v 6514 445 236
v 6519 742 341
v 6520 471 222
v 6521 753 361
v 6523 1060 538
v 6526 550 272
v 6528 1101 525
v 6529 463 231
v 6531 609 294
v 6535 1085 501
v 6536 353 164
v 6537 274 134
v 6538 193 106
v 6545 423 222
v 6555 236 112
v 6683 1234 584
v 6684 625 326
v 6685 644 322
v 6686 1545 768
v 6687 1489 629
v 6688 474 224
v 6689 552 231
v 6690 617 301
v 6691 1224 648
v 6692 1611 819
v 6693 504 266
v 6694 259 137
v 6695 989 512
v 6696 467 238
v 6697 674 337
v 6698 1062 448
v 6699 438 220
v 6700 873 395
v 6701 447 213
v 6702 623 302
v 6703 550 263
v 6704 1685 826
v 6705 2055 925
v 6706 518 235
v 6707 442 202
v 6708 317 140
v 6709 1043 547
v 6710 1985 937
v 6711 987 496
v 6712 485 216
v 6713 276 132
v 6714 346 182
v 6715 427 234
v 6716 1328 603
v 6717 146 70
v 6718 1247 559
v 6719 448 231
v 6720 657 327
v 6721 117 61
v 6722 59 36
v 6723 1000 467
v 6724 580 294
v 6725 938 463
v 6726 733 378
v 6727 2039 971
v 6728 387 188
v 6729 229 109
v 6730 2565 1191
v 6731 961 491
v 6732 1662 722
v 6733 222 100
v 6734 480 208
v 6735 281 149
v 6736 419 195
v 6737 345 175
v 6738 169 71
v 6739 218 109
v 6740 1296 663
v 6741 1317 666
v 6742 3419 1581
v 6743 1332 616
v 6744 1061 481
v 6745 85 32
v 6746 571 291
v 6747 539 249
v 6748 236 110
v 6749 1514 747
v 6750 156 80
v 6751 173 75
v 6752 755 363
v 6753 1594 785
v 6754 561 326
v 6755 303 161
v 6756 1168 559
v 6757 1219 600
v 6758 297 121
v 6759 130 63
v 6760 1243 589
v 6761 1450 752
v 6762 1249 575
v 6763 847 407
v 6764 687 377
v 6765 605 293
v 6766 793 391
v 6767 549 228
v 6768 1088 488
v 6769 510 217
v 6770 663 323
v 6775 1118 526
v 6776 668 334
v 6777 1041 485
v 6779 1610 805
v 6782 826 409
v 6784 1624 818
v 6785 695 321
v 6787 928 447
v 6791 1541 692
v 6792 432 216
v 6793 369 189
v 6794 251 138
v 6801 561 302
v 6811 306 142
v 6940 268 135
v 6941 355 195
v 6942 704 356
v 6943 685 339
v 6944 188 94
v 6945 298 133
v 6946 248 143
v 6947 568 321
v 6948 836 435
v 6949 206 105
v 6950 133 58
v 6951 456 249
v 6952 229 128
v 6953 332 178
v 6954 486 243
v 6955 210 100
v 6956 306 153
v 6957 203 101
v 6958 218 134
v 6959 286 161
v 6960 787 399
v 6961 890 426
v 6962 217 123
v 6963 212 119
v 6964 134 55
v 6965 511 315
v 6966 882 456
v 6967 433 213
v 6968 190 103
v 6969 134 69
v 6970 157 90
v 6971 176 106
v 6972 574 269
v 6973 78 51
v 6974 532 258
v 6975 191 97
v 6976 312 182
v 6977 40 20
v 6978 24 11
v 6979 481 230
v 6980 267 135
v 6981 430 221
v 6982 373 193
v 6983 933 441
v 6984 187 84
v 6985 116 62
v 6986 1155 571
v 6987 452 222
v 6988 773 399
v 6989 97 45
v 6990 182 96
v 6991 129 75
v 6992 196 94
v 6993 122 65
v 6994 81 35
v 6995 85 53
v 6996 610 328
v 6997 617 327
v 6998 1539 760
v 6999 646 327
v 7000 455 209
v 7001 65 32
v 7002 233 117
v 7003 217 114
v 7004 99 34
v 7005 762 381
v 7006 102 55
v 7007 74 45
v 7008 279 148
v 7009 678 362
v 7010 275 152
v 7011 140 86
v 7012 498 249
v 7013 509 267
v 7014 143 64
v 7015 41 29
v 7016 545 272
v 7017 594 294
v 7018 542 273
v 7019 416 192
v 7020 327 185
v 7021 305 158
v 7022 347 173
v 7023 225 120
v 7024 475 247
v 7025 205 93
v 7026 299 169
v 7031 508 265
v 7032 298 169
v 7033 466 218
v 7035 709 384
v 7038 312 169
v 7040 745 407
v 7041 325 174
v 7043 384 186
v 7047 674 304
v 7048 233 128
v 7049 155 81
v 7050 121 65
v 7057 219 141
v 7067 132 69
v 7197 174 81
v 7198 343 158
v 7199 310 142
v 7200 145 72
v 7201 122 48
v 7202 159 78
v 7203 255 132
v 7204 431 213
v 7205 118 65
v 7206 52 29
v 7207 263 131
v 7208 99 46
v 7209 196 108
v 7210 259 122
v 7211 108 45
v 7212 156 76
v 7213 90 41
v 7214 125 70
v 7215 143 76
v 7216 415 176
v 7217 504 208
v 7218 112 47
v 7219 111 72
v 7220 73 30
v 7221 247 130
v 7222 482 273
v 7223 271 112
v 7224 108 50
v 7225 57 25
v 7226 72 30
v 7227 94 38
v 7228 330 139
v 7229 30 17
v 7230 502 213
v 7231 139 68
v 7232 171 83
v 7233 30 16
v 7234 15 7
v 7235 238 107
v 7236 134 65
v 7237 258 118
v 7238 171 84
v 7239 437 192
v 7240 79 41
v 7241 54 29
v 7242 621 308
v 7243 243 116
v 7244 446 186
v 7245 43 26
v 7246 87 43
v 7247 65 36
v 7248 107 62
v 7249 82 41
v 7250 44 16
v 7251 51 29
v 7252 285 118
v 7253 317 161
v 7254 819 430
v 7255 331 145
v 7256 319 155
v 7257 27 11
v 7258 154 85
v 7259 130 59
v 7260 50 24
v 7261 372 185
v 7262 46 21
v 7263 53 25
v 7264 180 86
v 7265 339 174
v 7266 189 101
v 7267 82 41
v 7268 208 109
v 7269 338 172
v 7270 60 24
v 7271 34 14
v 7272 327 155
v 7273 298 140
v 7274 351 164
v 7275 204 99
v 7276 188 111
v 7277 212 98
v 7278 193 82
v 7279 124 57
v 7280 215 90
v 7281 136 61
v 7282 149 80
v 7287 213 103
v 7288 177 96
v 7289 274 109
v 7291 370 168
v 7294 190 101
v 7296 364 199
v 7297 168 96
v 7299 213 105
v 7303 373 177
v 7304 117 73
v 7305 100 47
v 7306 74 39
v 7313 131 60
v 7323 58 31
v 7454 298 138
v 7455 360 159
v 7456 106 50
v 7457 136 60
v 7458 157 62
v 7459 271 132
v 7460 451 208
v 7461 132 65
v 7462 64 29
v 7463 276 133
v 7464 153 80
v 7465 152 75
v 7466 234 113
v 7467 101 52
v 7468 191 95
v 7469 94 43
v 7470 136 77
v 7471 179 79
v 7472 407 215
v 7473 515 245
v 7474 140 68
v 7475 109 53
v 7476 99 41
v 7477 229 119
v 7478 537 230
v 7479 278 125
v 7480 101 45
v 7481 60 26
v 7482 73 39
v 7483 133 59
v 7484 346 158
v 7485 35 17
v 7486 308 130
v 7487 124 53
v 7488 207 118
v 7489 30 18
v 7490 19 8
v 7491 241 110
v 7492 127 63
v 7493 250 125
v 7494 254 129
v 7495 556 263
v 7496 85 41
v 7497 54 28
v 7498 607 288
v 7499 245 125
v 7500 470 191
v 7501 55 30
v 7502 128 64
v 7503 67 31
v 7504 115 56
v 7505 84 47
v 7506 29 15
v 7507 42 29
v 7508 361 207
v 7509 325 164
v 7510 691 346
v 7511 338 158
v 7512 255 108
v 7513 23 11
v 7514 160 76
v 7515 125 54
v 7516 69 29
v 7517 516 221
v 7518 41 29
v 7519 37 22
v 7520 186 96
v 7521 439 205
v 7522 203 99
v 7523 72 36
v 7524 291 133
v 7525 379 202
v 7526 70 30
v 7527 27 7
v 7528 332 148
v 7529 364 181
v 7530 334 159
v 7531 244 123
v 7532 184 108
v 7533 154 82
v 7534 232 105
v 7535 142 73
v 7536 281 127
v 7537 127 58
v 7538 154 88
v 7543 255 121
v 7544 156 88
v 7545 274 131
v 7547 372 189
v 7550 175 82
v 7552 362 176
v 7553 169 88
v 7555 230 115
v 7559 412 196
v 7560 110 58
v 7561 103 54
v 7562 75 41
v 7569 132 78
v 7579 71 31
v 7711 907 436
v 7712 244 101
v 7713 355 155
v 7714 354 184
v 7715 664 360
v 7716 944 467
v 7717 263 134
v 7718 145 72
v 7719 514 279
v 7720 260 132
v 7721 435 209
v 7722 603 275
v 7723 271 133
v 7724 442 212
v 7725 220 99
v 7726 293 156
v 7727 325 177
v 7728 888 437
v 7729 1073 502
v 7730 309 155
v 7731 261 133
v 7732 160 73
v 7733 567 339
v 7734 1052 537
v 7735 538 271
v 7736 300 159
v 7737 166 83
v 7738 190 94
v 7739 228 124
v 7740 755 392
v 7741 88 42
v 7742 685 306
v 7743 253 114
v 7744 416 208
v 7745 50 33
v 7746 28 17
v 7747 470 255
v 7748 331 159
v 7749 544 278
v 7750 423 208
v 7751 1075 498
v 7752 198 112
v 7753 124 70
v 7754 1405 644
v 7755 560 282
v 7756 1038 466
v 7757 129 55
v 7758 299 148
v 7759 169 82
v 7760 251 128
v 7761 170 82
v 7762 74 36
v 7763 112 59
v 7764 685 370
v 7765 758 380
v 7766 1832 938
v 7767 769 404
v 7768 535 248
v 7769 56 29
v 7770 359 182
v 7771 312 155
v 7772 137 56
v 7773 822 407
v 7774 142 66
v 7775 125 62
v 7776 350 187
v 7777 870 433
v 7778 306 172
v 7779 152 85
v 7780 595 283
v 7781 678 359
v 7782 159 86
v 7783 76 35
v 7784 720 352
v 7785 745 377
v 7786 730 356
v 7787 455 229
v 7788 386 212
v 7789 348 180
v 7790 467 242
v 7791 342 172
v 7792 650 325
v 7793 265 112
v 7794 344 201
v 7799 611 300
v 7800 361 185
v 7801 593 286
v 7803 890 478
v 7806 459 223
v 7808 864 436
v 7809 380 202
v 7811 448 208
v 7815 932 471
v 7816 247 128
v 7817 243 130
v 7818 183 90
v 7825 324 178
v 7835 161 83
v 7968 241 128
v 7969 306 124
v 7970 350 195
v 7971 655 371
v 7972 815 433
v 7973 256 137
v 7974 111 63
v 7975 558 319
v 7976 294 152
v 7977 370 200
v 7978 567 275
v 7979 234 120
v 7980 401 219
v 7981 223 120
v 7982 307 187
v 7983 295 160
v 7984 889 468
v 7985 1124 583
v 7986 326 153
v 7987 246 130
v 7988 186 94
v 7989 496 271
v 7990 1088 562
v 7991 557 286
v 7992 282 140
v 7993 143 72
v 7994 182 89
v 7995 239 128
v 7996 738 355
v 7997 83 42
v 7998 713 327
v 7999 235 123
v 8000 372 205
v 8001 69 36
v 8002 35 20
v 8003 552 301
v 8004 309 154
v 8005 541 312
v 8006 421 216
v 8007 1034 540
v 8008 178 99
v 8009 124 66
v 8010 1323 658
v 8011 517 266
v 8012 1011 469
v 8013 123 54
v 8014 280 123
v 8015 167 96
v 8016 213 114
v 8017 131 77
v 8018 68 31
v 8019 107 65
v 8020 638 342
v 8021 735 383
v 8022 1853 973
v 8023 793 402
v 8024 607 299
v 8025 60 31
v 8026 327 168
v 8027 306 169
v 8028 136 60
v 8029 895 442
v 8030 120 68
v 8031 104 57
v 8032 401 211
v 8033 823 440
v 8034 349 190
v 8035 203 111
v 8036 590 327
v 8037 686 355
v 8038 143 78
v 8039 65 35
v 8040 702 368
v 8041 791 414
v 8042 745 362
v 8043 462 230
v 8044 356 197
v 8045 289 174
v 8046 476 217
v 8047 356 169
v 8048 643 318
v 8049 288 133
v 8050 346 213
v 8055 610 323
v 8056 352 183
v 8057 579 267
v 8059 852 449
v 8062 429 223
v 8064 864 458
v 8065 352 189
v 8067 527 266
v 8071 817 428
v 8072 244 130
v 8073 238 130
v 8074 147 85
v 8081 300 171
v 8091 150 86
v 8225 78 38
v 8226 92 48
v 8227 187 98
v 8228 277 134
v 8229 69 41
v 8230 30 15
v 8231 147 90
v 8232 85 44
v 8233 141 86
v 8234 182 88
v 8235 66 35
v 8236 125 60
v 8237 101 51
v 8238 78 36
v 8239 90 50
v 8240 251 117
v 8241 320 153
v 8242 103 49
v 8243 63 35
v 8244 59 34
v 8245 181 90
v 8246 323 184
v 8247 198 95
v 8248 83 51
v 8249 34 12
v 8250 57 37
v 8251 69 35
v 8252 203 101
v 8253 18 7
v 8254 160 74
v 8255 67 36
v 8256 105 50
v 8257 15 7
v 8258 8 5
v 8259 160 82
v 8260 108 57
v 8261 191 87
v 8262 115 56
v 8263 314 145
v 8264 58 22
v 8265 34 16
v 8266 447 241
v 8267 188 100
v 8268 302 131
v 8269 25 13
v 8270 82 49
v 8271 38 20
v 8272 67 33
v 8273 49 28
v 8274 26 13
v 8275 30 15
v 8276 169 93
v 8277 217 116
v 8278 523 280
v 8279 223 110
v 8280 199 80
v 8281 19 7
v 8282 89 44
v 8283 68 35
v 8284 34 13
v 8285 308 176
v 8286 24 18
v 8287 36 19
v 8288 125 67
v 8289 231 116
v 8290 113 71
v 8291 50 32
v 8292 160 90
v 8293 213 127
v 8294 34 17
v 8295 15 6
v 8296 198 113
v 8297 156 84
v 8298 230 113
v 8299 120 56
v 8300 106 59
v 8301 87 52
v 8302 134 56
v 8303 131 77
v 8304 159 69
v 8305 70 36
v 8306 110 56
v 8311 168 81
v 8312 85 46
v 8313 145 72
v 8315 242 128
v 8318 103 57
v 8320 204 117
v 8321 108 62
v 8323 144 66
v 8327 234 115
v 8328 64 37
v 8329 71 30
v 8330 47 28
v 8337 80 42
v 8347 38 21
v 8482 152 100
v 8483 256 129
v 8484 305 174
v 8485 81 50
v 8486 67 43
v 8487 213 121
v 8488 101 66
v 8489 147 74
v 8490 225 106
v 8491 108 74
v 8492 150 87
v 8493 102 63
v 8494 127 78
v 8495 106 59
v 8496 413 228
v 8497 481 270
v 8498 137 71
v 8499 106 69
v 8500 54 29
v 8501 184 99
v 8502 324 204
v 8503 262 145
v 8504 138 78
v 8505 76 46
v 8506 76 44
v 8507 101 64
v 8508 275 143
v 8509 33 22
v 8510 320 156
v 8511 105 56
v 8512 131 76
v 8513 25 16
v 8514 17 11
v 8515 205 100
v 8516 114 75
v 8517 215 129
v 8518 164 87
v 8519 436 241
v 8520 214 116
v 8521 48 31
v 8522 539 287
v 8523 236 139
v 8524 361 207
v 8525 51 31
v 8526 121 58
v 8527 56 31
v 8528 98 59
v 8529 60 39
v 8530 32 20
v 8531 42 25
v 8532 270 158
v 8533 332 187
v 8534 476 243
v 8535 292 183
v 8536 203 100
v 8537 39 23
v 8538 141 74
v 8539 154 84
v 8540 76 35
v 8541 254 157
v 8542 76 45
v 8543 38 20
v 8544 139 87
v 8545 354 186
v 8546 161 92
v 8547 53 28
v 8548 208 116
v 8549 243 142
v 8550 45 22
v 8551 29 17
v 8552 276 134
v 8553 347 188
v 8554 319 179
v 8555 189 107
v 8556 137 86
v 8557 148 90
v 8558 193 115
v 8559 145 72
v 8560 228 105
v 8561 116 60
v 8562 149 85
v 8567 253 152
v 8568 146 72
v 8569 228 123
v 8571 394 228
v 8574 154 85
v 8576 323 191
v 8577 128 75
v 8579 196 117
v 8583 445 232
v 8584 103 64
v 8585 82 47
v 8586 65 46
v 8593 124 72
v 8603 75 46
v 8739 222 126
v 8740 367 193
v 8741 104 58
v 8742 79 36
v 8743 225 107
v 8744 79 52
v 8745 183 90
v 8746 208 119
v 8747 101 49
v 8748 186 85
v 8749 99 47
v 8750 137 82
v 8751 126 75
v 8752 417 206
v 8753 535 260
v 8754 158 66
v 8755 96 51
v 8756 72 34
v 8757 192 116
v 8758 463 199
v 8759 250 125
v 8760 103 46
v 8761 69 39
v 8762 83 40
v 8763 81 41
v 8764 300 148
v 8765 39 19
v 8766 308 136
v 8767 107 55
v 8768 148 84
v 8769 26 15
v 8770 14 5
v 8771 332 176
v 8772 130 70
v 8773 209 97
v 8774 210 115
v 8775 411 195
v 8776 77 42
v 8777 47 28
v 8778 627 297
v 8779 181 89
v 8780 450 218
v 8781 41 23
v 8782 111 55
v 8783 59 27
v 8784 96 55
v 8785 64 33
v 8786 48 19
v 8787 53 27
v 8788 274 145
v 8789 333 157
v 8790 795 413
v 8791 310 155
v 8792 203 95
v 8793 29 14
v 8794 154 84
v 8795 140 68
v 8796 91 41
v 8797 327 165
v 8798 46 20
v 8799 36 25
v 8800 152 81
v 8801 333 144
v 8802 142 78
v 8803 59 33
v 8804 253 129
v 8805 218 105
v 8806 68 26
v 8807 32 16
v 8808 279 138
v 8809 380 227
v 8810 292 157
v 8811 193 100
v 8812 171 95
v 8813 141 72
v 8814 182 99
v 8815 163 81
v 8816 280 140
v 8817 120 51
v 8818 126 69
v 8823 231 102
v 8824 169 84
v 8825 258 122
v 8827 367 192
v 8830 198 100
v 8832 366 177
v 8833 165 84
v 8835 244 114
v 8839 360 156
v 8840 104 53
v 8841 100 49
v 8842 68 34
v 8849 146 80
v 8859 67 29
v 8996 767 385
v 8997 220 111
v 8998 109 61
v 8999 482 247
v 9000 228 119
v 9001 345 157
v 9002 473 188
v 9003 222 107
v 9004 396 175
v 9005 223 113
v 9006 193 101
v 9007 376 202
v 9008 705 327
v 9009 848 363
v 9010 219 90
v 9011 183 88
v 9012 115 50
v 9013 429 216
v 9014 850 422
v 9015 370 159
v 9016 209 106
v 9017 120 65
v 9018 159 69
v 9019 182 102
v 9020 523 243
v 9021 54 26
v 9022 486 208
v 9023 195 88
v 9024 312 154
v 9025 46 21
v 9026 22 11
v 9027 620 249
v 9028 241 116
v 9029 446 218
v 9030 365 161
v 9031 572 226
v 9032 158 85
v 9033 107 56
v 9034 1048 485
v 9035 517 249
v 9036 1054 469
v 9037 52 22
v 9038 200 86
v 9039 123 65
v 9040 191 97
v 9041 130 60
v 9042 61 23
v 9043 98 43
v 9044 575 282
v 9045 641 319
v 9046 1558 737
v 9047 661 310
v 9048 404 169
v 9049 55 24
v 9050 265 111
v 9051 188 102
v 9052 113 41
v 9053 673 309
v 9054 91 45
v 9055 96 47
v 9056 350 173
v 9057 609 284
v 9058 308 156
v 9059 142 76
v 9060 371 179
v 9061 602 270
v 9062 122 49
v 9063 50 20
v 9064 576 226
v 9065 582 270
v 9066 491 210
v 9067 334 122
v 9068 370 197
v 9069 244 137
v 9070 403 189
v 9071 260 123
v 9072 451 207
v 9073 209 78
v 9074 317 164
v 9079 464 217
v 9080 260 116
v 9081 490 236
v 9083 666 316
v 9086 341 134
v 9088 716 350
v 9089 304 142
v 9091 370 172
v 9095 671 298
v 9096 205 87
v 9097 148 66
v 9098 137 63
v 9105 238 122
v 9115 140 68
v 9253 326 176
v 9254 173 97
v 9255 739 394
v 9256 308 163
v 9257 453 233
v 9258 703 338
v 9259 337 162
v 9260 454 212
v 9261 308 138
v 9262 309 155
v 9263 427 206
v 9264 1054 511
v 9265 1406 679
v 9266 273 111
v 9267 315 160
v 9268 262 114
v 9269 631 347
v 9270 1290 633
v 9271 667 301
v 9272 315 151
v 9273 213 105
v 9274 242 130
v 9275 243 144
v 9276 773 363
v 9277 94 50
v 9278 909 406
v 9279 321 160
v 9280 384 204
v 9281 72 40
v 9282 33 15
v 9283 607 293
v 9284 224 111
v 9285 679 326
v 9286 429 227
v 9287 1425 712
v 9288 240 128
v 9289 178 97
v 9290 1479 701
v 9291 595 306
v 9292 1181 550
v 9293 130 74
v 9294 319 147
v 9295 147 72
v 9296 259 123
v 9297 186 98
v 9298 102 47
v 9299 133 71
v 9300 854 425
v 9301 885 454
v 9302 2023 993
v 9303 782 365
v 9304 629 265
v 9305 75 43
v 9306 368 150
v 9307 341 181
v 9308 137 57
v 9309 1086 549
v 9310 151 74
v 9311 117 56
v 9312 513 268
v 9313 1015 491
v 9314 497 277
v 9315 203 100
v 9316 724 373
v 9317 602 266
v 9318 196 112
v 9319 97 44
v 9320 828 390
v 9321 781 363
v 9322 892 453
v 9323 529 257
v 9324 446 238
v 9325 370 197
v 9326 515 245
v 9327 262 106
v 9328 792 381
v 9329 284 117
v 9330 392 200
v 9335 732 366
v 9336 392 208
v 9337 491 209
v 9339 1054 543
v 9342 467 230
v 9344 997 475
v 9345 399 207
v 9347 527 246
v 9351 992 453
v 9352 286 140
v 9353 237 121
v 9354 514 245
v 9361 325 166
v 9371 195 93
v 9510 40 17
v 9511 172 93
v 9512 80 54
v 9513 134 66
v 9514 140 73
v 9515 84 41
v 9516 172 82
v 9517 71 33
v 9518 100 57
v 9519 84 40
v 9520 285 126
v 9521 335 145
v 9522 100 51
v 9523 85 50
v 9524 67 27
v 9525 171 94
v 9526 362 165
v 9527 212 100
v 9528 103 50
v 9529 49 25
v 9530 64 26
v 9531 74 40
v 9532 204 99
v 9533 21 13
v 9534 202 88
v 9535 89 54
v 9536 116 65
v 9537 23 12
v 9538 9 2
v 9539 143 69
v 9540 101 52
v 9541 178 87
v 9542 128 55
v 9543 321 132
v 9544 62 32
v 9545 35 20
v 9546 474 233
v 9547 155 63
v 9548 288 123
v 9549 31 16
v 9550 81 34
v 9551 50 21
v 9552 91 37
v 9553 39 21
v 9554 26 11
v 9555 47 21
v 9556 202 105
v 9557 252 121
v 9558 607 290
v 9559 258 118
v 9560 206 89
v 9561 18 8
v 9562 100 44
v 9563 90 39
v 9564 40 22
v 9565 291 149
v 9566 37 19
v 9567 48 26
v 9568 131 78
v 9569 263 126
v 9570 129 62
v 9571 56 22
v 9572 185 97
v 9573 217 102
v 9574 65 39
v 9575 26 11
v 9576 273 118
v 9577 266 116
v 9578 235 112
v 9579 136 68
v 9580 120 67
v 9581 110 54
v 9582 178 79
v 9583 110 53
v 9584 211 97
v 9585 85 43
v 9586 116 61
v 9591 194 97
v 9592 118 67
v 9593 177 80
v 9595 289 149
v 9598 137 60
v 9600 260 124
v 9601 107 60
v 9603 157 77
v 9607 295 134
v 9608 87 38
v 9609 69 26
v 9610 38 21
v 9617 98 52
v 9627 64 25
v 9767 95 46
v 9768 27 18
v 9769 70 26
v 9770 81 36
v 9771 32 13
v 9772 62 32
v 9773 46 23
v 9774 46 21
v 9775 47 19
v 9776 196 94
v 9777 205 96
v 9778 67 39
v 9779 51 29
v 9780 27 8
v 9781 85 44
v 9782 166 84
v 9783 99 38
v 9784 72 30
v 9785 23 15
v 9786 33 14
v 9787 38 21
v 9788 140 62
v 9789 22 9
v 9790 150 59
v 9791 50 22
v 9792 56 26
v 9793 12 7
v 9794 4 1
v 9795 100 50
v 9796 61 30
v 9797 105 55
v 9798 76 40
v 9799 208 92
v 9800 48 22
v 9801 26 11
v 9802 239 109
v 9803 78 40
v 9804 206 96
v 9805 28 11
v 9806 54 27
v 9807 27 9
v 9808 41 18
v 9809 27 13
v 9810 20 9
v 9811 25 14
v 9812 107 49
v 9813 129 58
v 9814 305 129
v 9815 167 81
v 9816 117 52
v 9817 13 5
v 9818 55 20
v 9819 67 28
v 9820 34 14
v 9821 151 76
v 9822 13 8
v 9823 20 12
v 9824 64 35
v 9825 133 77
v 9826 66 28
v 9827 31 16
v 9828 105 47
v 9829 116 51
v 9830 22 13
v 9831 12 8
v 9832 123 56
v 9833 141 67
v 9834 114 46
v 9835 97 43
v 9836 49 21
v 9837 84 45
v 9838 80 36
v 9839 54 28
v 9840 99 40
v 9841 62 29
v 9842 45 28
v 9847 94 45
v 9848 59 29
v 9849 109 44
v 9851 163 76
v 9854 84 46
v 9856 136 67
v 9857 61 27
v 9859 81 37
v 9863 153 59
v 9864 51 30
v 9865 46 18
v 9866 18 9
v 9873 53 27
v 9883 32 14
v 10024 177 97
v 10025 268 124
v 10026 386 179
v 10027 179 98
v 10028 292 140
v 10029 164 75
v 10030 207 115
v 10031 265 114
v 10032 538 257
v 10033 730 354
v 10034 186 81
v 10035 227 102
v 10036 131 64
v 10037 433 218
v 10038 791 371
v 10039 394 206
v 10040 170 75
v 10041 96 42
v 10042 162 75
v 10043 154 83
v 10044 445 203
v 10045 43 20
v 10046 480 201
v 10047 179 90
v 10048 226 110
v 10049 41 20
v 10050 23 12
v 10051 337 161
v 10052 221 100
v 10053 397 189
v 10054 268 124
v 10055 694 311
v 10056 117 57
v 10057 69 38
v 10058 922 420
v 10059 316 145
v 10060 746 318
v 10061 66 26
v 10062 187 105
v 10063 111 53
v 10064 146 64
v 10065 158 74
v 10066 49 26
v 10067 75 39
v 10068 489 269
v 10069 484 252
v 10070 1154 557
v 10071 436 186
v 10072 397 166
v 10073 46 27
v 10074 227 121
v 10075 187 87
v 10076 83 39
v 10077 737 344
v 10078 78 37
v 10079 74 37
v 10080 292 146
v 10081 590 287
v 10082 269 144
v 10083 109 56
v 10084 410 192
v 10085 450 192
v 10086 114 52
v 10087 45 19
v 10088 450 173
v 10089 471 222
v 10090 581 245
v 10091 295 134
v 10092 290 140
v 10093 229 113
v 10094 334 156
v 10095 180 89
v 10096 437 216
v 10097 201 89
v 10098 264 156
v 10103 460 210
v 10104 271 141
v 10105 333 145
v 10107 640 319
v 10110 292 142
v 10112 603 289
v 10113 267 145
v 10115 307 144
v 10119 562 256
v 10120 185 92
v 10121 142 62
v 10122 103 46
v 10129 200 111
v 10139 123 58
v 10281 125 54
v 10282 203 88
v 10283 73 38
v 10284 135 56
v 10285 87 38
v 10286 55 34
v 10287 112 51
v 10288 223 100
v 10289 321 150
v 10290 87 33
v 10291 81 45
v 10292 51 14
v 10293 185 104
v 10294 423 194
v 10295 196 87
v 10296 73 38
v 10297 47 23
v 10298 70 35
v 10299 74 40
v 10300 171 88
v 10301 24 9
v 10302 253 103
v 10303 98 42
v 10304 124 60
v 10305 14 7
v 10306 7 4
v 10307 134 59
v 10308 100 42
v 10309 162 83
v 10310 105 59
v 10311 368 148
v 10312 60 29
v 10313 49 23
v 10314 407 160
v 10315 168 73
v 10316 328 144
v 10317 47 13
v 10318 89 42
v 10319 39 26
v 10320 62 33
v 10321 52 23
v 10322 24 11
v 10323 28 16
v 10324 212 103
v 10325 245 124
v 10326 559 260
v 10327 231 105
v 10328 171 59
v 10329 25 11
v 10330 87 44
v 10331 89 40
v 10332 40 17
v 10333 344 160
v 10334 24 13
v 10335 46 26
v 10336 130 55
v 10337 255 117
v 10338 97 45
v 10339 34 16
v 10340 158 81
v 10341 211 94
v 10342 70 26
v 10343 17 8
v 10344 331 134
v 10345 214 98
v 10346 218 113
v 10347 141 58
v 10348 118 65
v 10349 98 45
v 10350 141 47
v 10351 120 45
v 10352 170 73
v 10353 80 32
v 10354 93 45
v 10359 190 97
v 10360 126 63
v 10361 166 76
v 10363 307 155
v 10366 131 54
v 10368 260 116
v 10369 115 60
v 10371 148 66
v 10375 276 124
v 10376 75 33
v 10377 67 31
v 10378 43 20
v 10385 81 42
v 10395 70 29
v 10538 334 148
v 10539 104 59
v 10540 232 110
v 10541 129 66
v 10542 130 71
v 10543 174 94
v 10544 457 215
v 10545 518 228
v 10546 118 48
v 10547 123 68
v 10548 60 28
v 10549 309 177
v 10550 633 335
v 10551 309 160
v 10552 139 72
v 10553 92 45
v 10554 86 36
v 10555 122 51
v 10556 320 132
v 10557 37 20
v 10558 361 144
v 10559 214 121
v 10560 175 96
v 10561 49 25
v 10562 5 0
v 10563 289 146
v 10564 125 54
v 10565 268 108
v 10566 244 119
v 10567 627 301
v 10568 85 48
v 10569 67 33
v 10570 678 345
v 10571 265 132
v 10572 511 230
v 10573 61 21
v 10574 119 60
v 10575 66 35
v 10576 112 49
v 10577 72 30
v 10578 42 15
v 10579 47 28
v 10580 330 155
v 10581 322 151
v 10582 787 382
v 10583 335 159
v 10584 335 149
v 10585 17 5
v 10586 152 71
v 10587 134 66
v 10588 73 35
v 10589 557 257
v 10590 37 17
v 10591 63 34
v 10592 187 89
v 10593 416 221
v 10594 198 103
v 10595 81 48
v 10596 342 176
v 10597 265 127
v 10598 77 42
v 10599 41 23
v 10600 347 163
v 10601 391 184
v 10602 333 151
v 10603 242 118
v 10604 199 113
v 10605 180 86
v 10606 195 91
v 10607 138 56
v 10608 274 142
v 10609 129 52
v 10610 191 93
v 10615 325 150
v 10616 208 109
v 10617 257 119
v 10619 454 243
v 10622 242 119
v 10624 458 236
v 10625 196 105
v 10627 225 107
v 10631 434 199
v 10632 137 75
v 10633 115 47
v 10634 107 51
v 10641 148 77
v 10651 87 46
v 10795 169 83
v 10796 282 153
v 10797 171 83
v 10798 178 106
v 10799 230 119
v 10800 628 355
v 10801 770 373
v 10802 184 83
v 10803 162 89
v 10804 105 50
v 10805 347 204
v 10806 832 424
v 10807 356 160
v 10808 193 104
v 10809 98 49
v 10810 107 55
v 10811 143 80
v 10812 533 297
v 10813 47 23
v 10814 419 187
v 10815 181 111
v 10816 200 102
v 10817 42 27
v 10818 10 3
v 10819 372 181
v 10820 259 134
v 10821 580 323
v 10822 284 163
v 10823 832 427
v 10824 122 67
v 10825 90 54
v 10826 809 409
v 10827 409 222
v 10828 682 351
v 10829 71 40
v 10830 174 86
v 10831 102 61
v 10832 142 74
v 10833 123 65
v 10834 61 25
v 10835 75 43
v 10836 467 251
v 10837 403 200
v 10838 1226 651
v 10839 550 299
v 10840 391 192
v 10841 44 20
v 10842 174 91
v 10843 145 58
v 10844 108 47
v 10845 633 311
v 10846 75 42
v 10847 70 44
v 10848 287 167
v 10849 626 338
v 10850 272 143
v 10851 99 53
v 10852 366 200
v 10853 582 309
v 10854 112 45
v 10855 37 18
v 10856 671 358
v 10857 534 290
v 10858 538 271
v 10859 284 149
v 10860 300 146
v 10861 232 120
v 10862 263 124
v 10863 195 108
v 10864 343 189
v 10865 174 91
v 10866 237 118
v 10871 411 201
v 10872 260 140
v 10873 368 188
v 10875 597 336
v 10878 291 166
v 10880 578 309
v 10881 204 113
v 10883 300 162
v 10887 586 279
v 10888 159 86
v 10889 148 83
v 10890 103 68
v 10897 198 108
v 10907 64 32
v 11052 118 72
v 11053 73 31
v 11054 87 49
v 11055 115 53
v 11056 266 132
v 11057 352 168
v 11058 82 32
v 11059 94 41
v 11060 57 34
v 11061 171 97
v 11062 310 154
v 11063 192 89
v 11064 89 46
v 11065 56 28
v 11066 81 44
v 11067 73 39
v 11068 221 91
v 11069 30 8
v 11070 186 84
v 11071 76 37
v 11072 99 45
v 11073 14 8
v 11074 8 5
v 11075 159 67
v 11076 78 36
v 11077 175 92
v 11078 109 58
v 11079 344 152
v 11080 73 33
v 11081 41 18
v 11082 361 169
v 11083 171 78
v 11084 321 141
v 11085 37 19
v 11086 94 44
v 11087 48 27
v 11088 84 44
v 11089 48 27
v 11090 25 9
v 11091 27 18
v 11092 185 99
v 11093 217 113
v 11094 510 248
v 11095 198 104
v 11096 166 80
v 11097 15 6
v 11098 90 41
v 11099 90 44
v 11100 41 19
v 11101 293 151
v 11102 34 9
v 11103 37 22
v 11104 125 58
v 11105 208 96
v 11106 101 66
v 11107 46 28
v 11108 182 92
v 11109 203 108
v 11110 54 24
v 11111 22 12
v 11112 206 102
v 11113 206 98
v 11114 220 113
v 11115 143 69
v 11116 113 68
v 11117 109 47
v 11118 142 71
v 11119 65 38
v 11120 176 77
v 11121 89 37
v 11122 90 54
v 11127 183 71
v 11128 106 54
v 11129 169 77
v 11131 275 141
v 11134 111 63
v 11136 266 128
v 11137 96 45
v 11139 132 70
v 11143 261 137
v 11144 69 33
v 11145 73 32
v 11146 60 27
v 11153 90 50
v 11163 48 17
v 11309 107 52
v 11310 158 86
v 11311 155 79
v 11312 497 256
v 11313 573 263
v 11314 141 64
v 11315 145 75
v 11316 75 29
v 11317 327 201
v 11318 622 285
v 11319 278 144
v 11320 121 57
v 11321 65 30
v 11322 113 60
v 11323 128 70
v 11324 353 176
v 11325 52 29
v 11326 333 136
v 11327 137 75
v 11328 208 109
v 11329 41 26
v 11330 16 7
v 11331 278 137
v 11332 179 97
v 11333 239 128
v 11334 240 107
v 11335 587 269
v 11336 104 54
v 11337 53 40
v 11338 759 367
v 11339 239 125
v 11340 458 204
v 11341 56 29
v 11342 141 60
v 11343 86 44
v 11344 116 66
v 11345 99 57
v 11346 42 18
v 11347 51 29
v 11348 315 162
v 11349 349 187
v 11350 960 479
v 11351 418 195
v 11352 292 116
v 11353 37 17
v 11354 179 90
v 11355 177 84
v 11356 67 35
v 11357 443 220
v 11358 52 27
v 11359 63 25
v 11360 187 92
v 11361 434 197
v 11362 199 102
v 11363 85 37
v 11364 294 138
v 11365 332 169
v 11366 100 55
v 11367 29 12
v 11368 371 183
v 11369 316 146
v 11370 375 177
v 11371 218 113
v 11372 188 106
v 11373 164 93
v 11374 196 80
v 11375 163 77
v 11376 258 140
v 11377 164 77
v 11378 168 88
v 11383 274 129
v 11384 175 93
v 11385 332 148
v 11387 418 219
v 11390 220 103
v 11392 418 213
v 11393 246 130
v 11395 260 131
v 11399 418 204
v 11400 153 86
v 11401 109 49
v 11402 89 49
v 11409 148 81
v 11419 72 32
v 11566 68 33
v 11567 100 56
v 11568 314 159
v 11569 299 147
v 11570 86 35
v 11571 84 41
v 11572 60 23
v 11573 167 84
v 11574 296 158
v 11575 168 79
v 11576 68 31
v 11577 45 17
v 11578 66 38
v 11579 80 38
v 11580 259 116
v 11581 15 6
v 11582 201 86
v 11583 68 41
v 11584 116 73
v 11585 18 11
v 11586 11 5
v 11587 161 82
v 11588 105 54
v 11589 173 93
v 11590 112 55
v 11591 331 149
v 11592 60 34
v 11593 31 16
v 11594 437 219
v 11595 197 108
v 11596 283 145
v 11597 30 10
v 11598 89 44
v 11599 42 25
v 11600 65 30
v 11601 31 18
v 11602 32 16
v 11603 35 16
v 11604 221 117
v 11605 215 120
v 11606 521 272
v 11607 222 105
v 11608 195 91
v 11609 21 7
v 11610 111 45
v 11611 86 40
v 11612 37 16
v 11613 241 134
v 11614 27 11
v 11615 32 20
v 11616 110 53
v 11617 230 125
v 11618 109 64
v 11619 43 23
v 11620 165 74
v 11621 258 143
v 11622 40 20
v 11623 18 7
v 11624 166 74
v 11625 215 117
v 11626 240 128
v 11627 155 75
v 11628 125 70
v 11629 71 27
v 11630 133 73
v 11631 107 47
v 11632 203 103
v 11633 103 47
v 11634 114 61
v 11639 176 83
v 11640 84 43
v 11641 188 91
v 11643 274 151
v 11646 108 56
v 11648 257 140
v 11649 116 59
v 11651 147 79
v 11655 257 132
v 11656 66 31
v 11657 82 48
v 11658 155 95
v 11665 80 51
v 11675 54 26
v 11823 134 58
v 11824 384 167
v 11825 441 163
v 11826 111 42
v 11827 90 38
v 11828 47 25
v 11829 190 102
v 11830 409 184
v 11831 204 98
v 11832 86 42
v 11833 67 30
v 11834 52 29
v 11835 73 34
v 11836 271 114
v 11837 24 11
v 11838 217 90
v 11839 93 44
v 11840 131 64
v 11841 33 13
v 11842 11 4
v 11843 191 79
v 11844 155 72
v 11845 174 82
v 11846 175 83
v 11847 421 192
v 11848 66 26
v 11849 46 20
v 11850 551 256
v 11851 155 81
v 11852 384 150
v 11853 37 12
v 11854 79 36
v 11855 52 21
v 11856 93 44
v 11857 56 27
v 11858 48 16
v 11859 36 18
v 11860 225 98
v 11861 268 133
v 11862 685 300
v 11863 298 123
v 11864 231 109
v 11865 12 3
v 11866 116 58
v 11867 113 48
v 11868 61 29
v 11869 287 111
v 11870 42 17
v 11871 48 23
v 11872 162 67
v 11873 339 159
v 11874 196 100
v 11875 62 31
v 11876 236 123
v 11877 268 126
v 11878 75 34
v 11879 24 12
v 11880 257 107
v 11881 394 200
v 11882 282 119
v 11883 145 63
v 11884 127 72
v 11885 183 75
v 11886 125 44
v 11887 158 74
v 11888 217 93
v 11889 92 30
v 11890 133 68
v 11895 178 79
v 11896 129 67
v 11897 247 98
v 11899 312 134
v 11902 141 54
v 11904 351 156
v 11905 152 70
v 11907 182 84
v 11911 327 143
v 11912 100 48
v 11913 76 28
v 11914 61 32
v 11921 132 60
v 11931 69 32
v 12080 383 198
v 12081 500 258
v 12082 115 67
v 12083 103 50
v 12084 69 39
v 12085 270 143
v 12086 462 219
v 12087 219 105
v 12088 120 57
v 12089 47 24
v 12090 121 58
v 12091 197 127
v 12092 349 186
v 12093 31 13
v 12094 301 133
v 12095 107 54
v 12096 136 63
v 12097 23 14
v 12098 10 3
v 12099 251 127
v 12100 126 56
v 12101 236 109
v 12102 166 90
v 12103 466 223
v 12104 94 47
v 12105 46 21
v 12106 487 227
v 12107 205 103
v 12108 496 212
v 12109 44 17
v 12110 102 46
v 12111 64 36
v 12112 96 44
v 12113 54 22
v 12114 41 15
v 12115 53 27
v 12116 270 139
v 12117 316 154
v 12118 738 343
v 12119 302 148
v 12120 269 117
v 12121 27 13
v 12122 136 60
v 12123 121 57
v 12124 44 18
v 12125 343 160
v 12126 77 42
v 12127 61 26
v 12128 164 79
v 12129 317 151
v 12130 197 100
v 12131 94 53
v 12132 198 97
v 12133 276 138
v 12134 68 31
v 12135 23 11
v 12136 306 127
v 12137 315 148
v 12138 260 124
v 12139 190 98
v 12140 183 98
v 12141 135 57
v 12142 186 69
v 12143 116 52
v 12144 259 127
v 12145 107 48
v 12146 160 79
v 12151 240 124
v 12152 114 65
v 12153 215 93
v 12155 366 197
v 12158 158 78
v 12160 343 182
v 12161 146 78
v 12163 182 92
v 12167 300 151
v 12168 96 40
v 12169 95 49
v 12170 63 35
v 12177 118 62
v 12187 54 22
v 12337 1331 620
v 12338 382 167
v 12339 293 168
v 12340 177 90
v 12341 643 352
v 12342 1480 732
v 12343 664 315
v 12344 296 140
v 12345 176 88
v 12346 201 95
v 12347 278 158
v 12348 876 435
v 12349 155 73
v 12350 852 353
v 12351 268 151
v 12352 414 207
v 12353 72 45
v 12354 39 22
v 12355 653 301
v 12356 331 157
v 12357 598 306
v 12358 539 255
v 12359 1324 607
v 12360 254 133
v 12361 153 80
v 12362 1636 763
v 12363 551 284
v 12364 1187 553
v 12365 150 79
v 12366 393 171
v 12367 173 92
v 12368 308 148
v 12369 219 114
v 12370 118 61
v 12371 159 78
v 12372 732 381
v 12373 881 497
v 12374 1989 975
v 12375 878 419
v 12376 575 247
v 12377 91 44
v 12378 377 184
v 12379 405 209
v 12380 173 80
v 12381 1071 517
v 12382 143 66
v 12383 114 63
v 12384 404 198
v 12385 977 525
v 12386 473 301
v 12387 178 85
v 12388 703 363
v 12389 643 321
v 12390 180 86
v 12391 70 34
v 12392 725 346
v 12393 911 453
v 12394 871 422
v 12395 556 276
v 12396 376 201
v 12397 553 294
v 12398 521 234
v 12399 369 194
v 12400 862 435
v 12401 381 182
v 12402 373 200
v 12407 713 346
v 12408 398 214
v 12409 657 326
v 12411 1017 515
v 12414 489 253
v 12416 1028 518
v 12417 402 200
v 12419 671 323
v 12423 1026 489
v 12424 325 167
v 12425 281 135
v 12426 223 120
v 12433 422 230
v 12443 194 104
v 12594 431 220
v 12595 340 174
v 12596 244 110
v 12597 776 485
v 12598 1640 816
v 12599 914 458
v 12600 379 197
v 12601 215 110
v 12602 278 164
v 12603 374 171
v 12604 1114 575
v 12605 144 74
v 12606 1021 480
v 12607 337 183
v 12608 488 276
v 12609 90 53
v 12610 37 21
v 12611 753 373
v 12612 376 193
v 12613 859 480
v 12614 632 308
v 12615 1632 796
v 12616 275 142
v 12617 152 87
v 12618 2012 1058
v 12619 730 379
v 12620 1626 763
v 12621 194 101
v 12622 431 224
v 12623 205 129
v 12624 316 159
v 12625 231 142
v 12626 122 69
v 12627 178 102
v 12628 859 487
v 12629 1022 522
v 12630 2421 1269
v 12631 1084 569
v 12632 852 411
v 12633 91 47
v 12634 545 290
v 12635 440 207
v 12636 213 95
v 12637 1412 692
v 12638 136 76
v 12639 153 75
v 12640 527 286
v 12641 1138 593
v 12642 748 417
v 12643 218 129
v 12644 860 462
v 12645 859 490
v 12646 203 95
v 12647 102 50
v 12648 1009 528
v 12649 1171 608
v 12650 1145 566
v 12651 656 333
v 12652 511 305
v 12653 617 360
v 12654 672 323
v 12655 454 212
v 12656 1017 501
v 12657 447 232
v 12658 473 280
v 12663 894 434
v 12664 497 293
v 12665 928 431
v 12667 1299 723
v 12670 543 298
v 12672 1205 629
v 12673 512 290
v 12675 742 365
v 12679 1369 693
v 12680 395 216
v 12681 353 182
v 12682 247 139
v 12689 494 278
v 12699 275 145
v 12851 82 39
v 12852 63 32
v 12853 177 107
v 12854 424 239
v 12855 222 130
v 12856 93 49
v 12857 71 37
v 12858 67 38
v 12859 81 50
v 12860 309 155
v 12861 48 23
v 12862 269 134
v 12863 95 42
v 12864 108 60
v 12865 29 15
v 12866 13 4
v 12867 199 103
v 12868 146 66
v 12869 176 84
v 12870 162 91
v 12871 403 210
v 12872 70 34
v 12873 43 28
v 12874 547 285
v 12875 193 108
v 12876 400 192
v 12877 48 20
v 12878 107 56
v 12879 58 31
v 12880 83 40
v 12881 57 35
v 12882 35 19
v 12883 37 20
v 12884 244 140
v 12885 300 158
v 12886 619 341
v 12887 300 160
v 12888 199 104
v 12889 26 15
v 12890 143 61
v 12891 131 71
v 12892 37 14
v 12893 358 184
v 12894 38 20
v 12895 31 14
v 12896 98 57
v 12897 315 162
v 12898 135 71
v 12899 51 28
v 12900 202 114
v 12901 232 119
v 12902 64 32
v 12903 26 16
v 12904 165 96
v 12905 326 196
v 12906 270 137
v 12907 176 96
v 12908 113 59
v 12909 143 69
v 12910 162 79
v 12911 130 67
v 12912 303 148
v 12913 124 58
v 12914 107 65
v 12919 217 112
v 12920 126 74
v 12921 249 125
v 12923 352 188
v 12926 147 83
v 12928 294 163
v 12929 106 53
v 12931 209 112
v 12935 319 171
v 12936 98 51
v 12937 79 47
v 12938 60 26
v 12945 121 65
v 12955 79 41
v 13108 58 27
v 13109 164 85
v 13110 360 194
v 13111 172 91
v 13112 91 44
v 13113 43 27
v 13114 66 38
v 13115 74 37
v 13116 189 91
v 13117 26 10
v 13118 220 101
v 13119 74 38
v 13120 97 51
v 13121 21 8
v 13122 7 3
v 13123 121 57
v 13124 90 44
v 13125 170 84
v 13126 129 56
v 13127 364 191
v 13128 65 34
v 13129 39 21
v 13130 400 190
v 13131 136 54
v 13132 304 134
v 13133 26 13
v 13134 86 40
v 13135 46 25
v 13136 60 35
v 13137 64 30
v 13138 44 14
v 13139 28 13
v 13140 208 126
v 13141 215 123
v 13142 523 261
v 13143 239 113
v 13144 157 78
v 13145 24 12
v 13146 99 57
v 13147 79 38
v 13148 33 18
v 13149 240 132
v 13150 25 18
v 13151 31 16
v 13152 111 62
v 13153 235 128
v 13154 155 80
v 13155 55 30
v 13156 192 94
v 13157 171 85
v 13158 36 23
v 13159 24 9
v 13160 227 118
v 13161 237 118
v 13162 225 111
v 13163 157 72
v 13164 134 72
v 13165 120 69
v 13166 135 60
v 13167 92 47
v 13168 199 91
v 13169 75 30
v 13170 96 64
v 13175 172 81
v 13176 94 52
v 13177 179 92
v 13179 274 140
v 13182 156 76
v 13184 274 159
v 13185 119 58
v 13187 170 75
v 13191 259 130
v 13192 81 38
v 13193 55 31
v 13194 50 25
v 13201 103 49
v 13211 72 38
v 13365 90 53
v 13366 233 118
v 13367 125 61
v 13368 51 29
v 13369 30 15
v 13370 54 19
v 13371 53 35
v 13372 164 79
v 13373 28 13
v 13374 162 88
v 13375 40 24
v 13376 73 43
v 13377 14 9
v 13378 5 5
v 13379 95 52
v 13380 57 26
v 13381 130 69
v 13382 73 33
v 13383 227 116
v 13384 38 18
v 13385 27 21
v 13386 266 140
v 13387 88 50
v 13388 209 101
v 13389 18 9
v 13390 66 40
v 13391 38 27
v 13392 42 24
v 13393 34 17
v 13394 16 9
v 13395 21 12
v 13396 129 60
v 13397 134 65
v 13398 359 189
v 13399 136 76
v 13400 118 66
v 13401 14 8
v 13402 70 33
v 13403 64 33
v 13404 36 17
v 13405 258 144
v 13406 9 6
v 13407 24 14
v 13408 89 51
v 13409 153 71
v 13410 79 44
v 13411 31 18
v 13412 107 51
v 13413 138 87
v 13414 36 17
v 13415 11 6
v 13416 138 74
v 13417 179 96
v 13418 187 91
v 13419 105 56
v 13420 87 55
v 13421 71 46
v 13422 85 47
v 13423 62 30
v 13424 216 115
v 13425 58 35
v 13426 65 42
v 13431 145 77
v 13432 78 39
v 13433 115 56
v 13435 195 102
v 13438 85 46
v 13440 167 91
v 13441 70 45
v 13443 129 66
v 13447 181 75
v 13448 60 27
v 13449 53 26
v 13450 39 22
v 13457 57 25
v 13467 42 20
v 13622 730 313
v 13623 409 168
v 13624 154 71
v 13625 103 45
v 13626 139 50
v 13627 161 93
v 13628 428 171
v 13629 70 22
v 13630 484 176
v 13631 173 74
v 13632 212 111
v 13633 42 19
v 13634 13 4
v 13635 417 167
v 13636 237 94
v 13637 401 198
v 13638 326 130
v 13639 632 242
v 13640 134 64
v 13641 89 38
v 13642 933 412
v 13643 366 162
v 13644 682 281
v 13645 64 20
v 13646 186 89
v 13647 99 53
v 13648 161 84
v 13649 120 64
v 13650 75 29
v 13651 79 36
v 13652 466 226
v 13653 565 253
v 13654 1332 585
v 13655 542 247
v 13656 413 174
v 13657 41 16
v 13658 228 113
v 13659 144 62
v 13660 81 38
v 13661 598 266
v 13662 60 28
v 13663 89 39
v 13664 254 129
v 13665 569 257
v 13666 302 131
v 13667 91 50
v 13668 407 191
v 13669 456 212
v 13670 96 41
v 13671 36 16
v 13672 512 219
v 13673 535 219
v 13674 520 212
v 13675 316 128
v 13676 286 138
v 13677 272 137
v 13678 302 131
v 13679 182 73
v 13680 404 148
v 13681 169 64
v 13682 272 128
v 13687 436 194
v 13688 251 102
v 13689 403 173
v 13691 590 286
v 13694 330 137
v 13696 594 266
v 13697 261 110
v 13699 335 142
v 13703 620 227
v 13704 181 84
v 13705 144 72
v 13706 98 44
v 13713 221 99
v 13723 108 43
v 13879 753 333
v 13880 412 221
v 13881 197 81
v 13882 254 147
v 13883 337 169
v 13884 900 448
v 13885 111 54
v 13886 876 388
v 13887 323 169
v 13888 544 310
v 13889 85 43
v 13890 32 21
v 13891 825 446
v 13892 365 185
v 13893 704 315
v 13894 636 310
v 13895 1346 607
v 13896 245 139
v 13897 184 106
v 13898 2019 996
v 13899 638 333
v 13900 1327 625
v 13901 163 77
v 13902 395 207
v 13903 173 88
v 13904 383 179
v 13905 199 91
v 13906 123 53
v 13907 171 95
v 13908 942 483
v 13909 1088 549
v 13910 2193 1177
v 13911 1109 550
v 13912 844 392
v 13913 86 48
v 13914 456 235
v 13915 421 215
v 13916 167 76
v 13917 1304 671
v 13918 178 97
v 13919 175 88
v 13920 678 385
v 13921 1090 553
v 13922 532 293
v 13923 222 113
v 13924 725 355
v 13925 803 395
v 13926 192 90
v 13927 106 55
v 13928 990 478
v 13929 1419 790
v 13930 881 438
v 13931 711 362
v 13932 643 385
v 13933 542 268
v 13934 769 392
v 13935 372 169
v 13936 766 365
v 13937 352 173
v 13938 531 309
v 13943 825 419
v 13944 456 247
v 13945 728 341
v 13947 1131 598
v 13950 581 292
v 13952 1197 646
v 13953 531 297
v 13955 626 317
v 13959 1155 600
v 13960 357 181
v 13961 299 159
v 13962 219 121
v 13969 422 241
v 13979 224 107
v 14136 237 120
v 14137 99 48
v 14138 143 78
v 14139 176 112
v 14140 506 240
v 14141 60 36
v 14142 497 216
v 14143 189 90
v 14144 247 132
v 14145 59 35
v 14146 24 14
v 14147 303 144
v 14148 223 110
v 14149 456 217
v 14150 287 148
v 14151 714 339
v 14152 147 81
v 14153 79 52
v 14154 953 437
v 14155 310 164
v 14156 717 356
v 14157 96 57
v 14158 230 102
v 14159 101 53
v 14160 192 85
v 14161 102 53
v 14162 61 19
v 14163 85 47
v 14164 462 236
v 14165 502 267
v 14166 1240 633
v 14167 446 208
v 14168 372 166
v 14169 32 11
v 14170 238 124
v 14171 190 84
v 14172 114 58
v 14173 621 304
v 14174 46 25
v 14175 100 50
v 14176 288 131
v 14177 614 309
v 14178 299 150
v 14179 114 57
v 14180 413 204
v 14181 451 230
v 14182 110 53
v 14183 64 32
v 14184 515 239
v 14185 562 278
v 14186 613 258
v 14187 326 158
v 14188 288 149
v 14189 206 116
v 14190 313 140
v 14191 175 63
v 14192 542 284
v 14193 191 83
v 14194 252 141
v 14199 477 217
v 14200 274 150
v 14201 425 212
v 14203 686 371
v 14206 317 167
v 14208 613 316
v 14209 253 132
v 14211 379 183
v 14215 662 316
v 14216 217 122
v 14217 162 79
v 14218 109 66
v 14225 250 121
v 14235 125 55
v 14393 59 26
v 14394 61 38
v 14395 78 46
v 14396 206 100
v 14397 29 10
v 14398 149 60
v 14399 96 52
v 14400 114 58
v 14401 18 11
v 14402 7 3
v 14403 207 94
v 14404 84 42
v 14405 192 106
v 14406 136 67
v 14407 318 154
v 14408 54 29
v 14409 43 23
v 14410 498 263
v 14411 169 84
v 14412 363 169
v 14413 30 14
v 14414 89 42
v 14415 46 29
v 14416 72 37
v 14417 51 19
v 14418 31 13
v 14419 23 8
v 14420 193 104
v 14421 289 152
v 14422 604 320
v 14423 251 130
v 14424 185 102
v 14425 22 8
v 14426 98 46
v 14427 114 61
v 14428 38 20
v 14429 315 157
v 14430 26 19
v 14431 33 17
v 14432 118 58
v 14433 255 134
v 14434 138 74
v 14435 52 34
v 14436 197 100
v 14437 238 117
v 14438 59 29
v 14439 31 13
v 14440 248 116
v 14441 235 130
v 14442 236 116
v 14443 144 64
v 14444 122 67
v 14445 133 67
v 14446 163 78
v 14447 131 60
v 14448 191 93
v 14449 94 38
v 14450 127 73
v 14455 181 82
v 14456 111 70
v 14457 190 95
v 14459 299 153
v 14462 128 67
v 14464 276 149
v 14465 124 54
v 14467 140 72
v 14471 284 130
v 14472 93 39
v 14473 76 41
v 14474 47 22
v 14481 105 53
v 14491 46 22
v 14650 41 19
v 14651 53 33
v 14652 146 85
v 14653 15 6
v 14654 145 76
v 14655 57 34
v 14656 74 38
v 14657 11 4
v 14658 7 3
v 14659 102 55
v 14660 70 31
v 14661 99 53
v 14662 70 35
v 14663 207 97
v 14664 36 15
v 14665 25 12
v 14666 278 153
v 14667 86 52
v 14668 212 99
v 14669 15 8
v 14670 57 30
v 14671 35 19
v 14672 46 26
v 14673 20 13
v 14674 11 4
v 14675 16 9
v 14676 132 75
v 14677 148 84
v 14678 324 167
v 14679 144 72
v 14680 107 55
v 14681 16 9
v 14682 61 34
v 14683 67 39
v 14684 32 17
v 14685 170 91
v 14686 21 13
v 14687 19 10
v 14688 73 41
v 14689 171 94
v 14690 89 53
v 14691 45 22
v 14692 105 58
v 14693 119 61
v 14694 24 14
v 14695 16 9
v 14696 91 52
v 14697 166 89
v 14698 108 60
v 14699 83 41
v 14700 71 41
v 14701 63 28
v 14702 84 41
v 14703 63 32
v 14704 107 53
v 14705 63 29
v 14706 75 41
v 14711 113 55
v 14712 59 36
v 14713 135 64
v 14715 155 86
v 14718 82 43
v 14720 162 82
v 14721 64 31
v 14723 88 49
v 14727 137 65
v 14728 54 24
v 14729 46 25
v 14730 57 27
v 14737 44 23
v 14747 30 15
v 14907 47 20
v 14908 134 69
v 14909 15 8
v 14910 176 79
v 14911 61 35
v 14912 95 49
v 14913 20 10
v 14914 7 4
v 14915 96 44
v 14916 68 37
v 14917 169 86
v 14918 128 66
v 14919 293 131
v 14920 39 16
v 14921 27 13
v 14922 329 162
v 14923 136 75
v 14924 250 106
v 14925 13 10
v 14926 66 31
v 14927 33 18
v 14928 51 19
v 14929 37 20
v 14930 26 14
v 14931 18 11
v 14932 156 76
v 14933 178 90
v 14934 433 224
v 14935 205 97
v 14936 132 55
v 14937 15 9
v 14938 82 38
v 14939 60 27
v 14940 42 18
v 14941 231 119
v 14942 31 16
v 14943 25 13
v 14944 96 46
v 14945 189 95
v 14946 122 64
v 14947 50 24
v 14948 131 65
v 14949 159 73
v 14950 27 12
v 14951 16 6
v 14952 157 69
v 14953 167 78
v 14954 165 78
v 14955 116 41
v 14956 98 50
v 14957 84 46
v 14958 125 58
v 14959 72 43
v 14960 163 88
v 14961 61 28
v 14962 80 39
v 14967 161 73
v 14968 94 45
v 14969 130 60
v 14971 228 108
v 14974 92 43
v 14976 214 112
v 14977 77 39
v 14979 121 53
v 14983 208 91
v 14984 75 30
v 14985 69 34
v 14986 46 23
v 14993 77 52
v 15003 43 18
v 15164 242 101
v 15165 21 6
v 15166 245 97
v 15167 74 35
v 15168 109 57
v 15169 25 12
v 15170 8 3
v 15171 138 52
v 15172 67 29
v 15173 140 75
v 15174 123 50
v 15175 316 131
v 15176 60 31
v 15177 39 19
v 15178 376 179
v 15179 177 96
v 15180 362 165
v 15181 36 18
v 15182 96 41
v 15183 39 20
v 15184 71 36
v 15185 46 13
v 15186 27 12
v 15187 37 12
v 15188 205 113
v 15189 219 108
v 15190 527 242
v 15191 228 106
v 15192 171 74
v 15193 22 9
v 15194 102 50
v 15195 114 53
v 15196 38 15
v 15197 282 132
v 15198 37 21
v 15199 34 19
v 15200 112 55
v 15201 244 115
v 15202 100 43
v 15203 46 18
v 15204 173 71
v 15205 170 85
v 15206 48 23
v 15207 29 12
v 15208 234 96
v 15209 225 107
v 15210 261 130
v 15211 164 73
v 15212 123 63
v 15213 136 53
v 15214 146 57
v 15215 94 41
v 15216 202 101
v 15217 74 30
v 15218 107 58
v 15223 190 86
v 15224 101 58
v 15225 169 79
v 15227 243 121
v 15230 139 67
v 15232 251 121
v 15233 100 49
v 15235 158 71
v 15239 254 130
v 15240 67 30
v 15241 80 45
v 15242 48 22
v 15249 111 59
v 15259 60 24
v 15421 105 40
v 15422 435 204
v 15423 236 127
v 15424 274 146
v 15425 61 28
v 15426 20 8
v 15427 516 247
v 15428 309 167
v 15429 470 246
v 15430 306 175
v 15431 746 353
v 15432 147 94
v 15433 107 60
v 15434 1144 608
v 15435 534 277
v 15436 905 460
v 15437 100 37
v 15438 284 151
v 15439 129 71
v 15440 171 81
v 15441 149 77
v 15442 99 43
v 15443 80 41
v 15444 458 235
v 15445 614 313
v 15446 1667 903
v 15447 619 289
v 15448 551 265
v 15449 77 36
v 15450 312 163
v 15451 257 124
v 15452 124 63
v 15453 698 415
v 15454 117 65
v 15455 155 64
v 15456 380 198
v 15457 759 414
v 15458 308 162
v 15459 165 90
v 15460 497 265
v 15461 673 362
v 15462 125 56
v 15463 50 26
v 15464 652 340
v 15465 628 340
v 15466 623 303
v 15467 366 199
v 15468 338 199
v 15469 408 205
v 15470 405 189
v 15471 418 204
v 15472 719 365
v 15473 243 117
v 15474 345 205
v 15479 490 251
v 15480 304 174
v 15481 539 270
v 15483 718 405
v 15486 344 194
v 15488 764 412
v 15489 341 193
v 15491 537 262
v 15495 854 402
v 15496 213 90
v 15497 220 99
v 15498 143 77
v 15505 264 141
v 15515 155 82
v 15678 73 21
v 15679 28 19
v 15680 35 19
v 15681 6 3
v 15682 4 2
v 15683 53 32
v 15684 28 15
v 15685 57 31
v 15686 40 21
v 15687 86 44
v 15688 23 11
v 15689 10 6
v 15690 189 111
v 15691 44 22
v 15692 111 62
v 15693 13 5
v 15694 35 16
v 15695 23 16
v 15696 26 16
v 15697 16 11
v 15698 17 6
v 15699 14 12
v 15700 69 46
v 15701 83 49
v 15702 194 101
v 15703 82 41
v 15704 72 34
v 15705 8 8
v 15706 33 20
v 15707 52 31
v 15708 15 9
v 15709 83 44
v 15710 18 6
v 15711 12 7
v 15712 46 29
v 15713 85 46
v 15714 40 22
v 15715 13 4
v 15716 75 48
v 15717 73 42
v 15718 16 8
v 15719 4 2
v 15720 61 32
v 15721 89 43
v 15722 84 51
v 15723 40 22
v 15724 32 18
v 15725 46 20
v 15726 56 20
v 15727 45 25
v 15728 84 39
v 15729 65 32
v 15730 31 15
v 15735 61 38
v 15736 30 18
v 15737 77 50
v 15739 102 59
v 15742 34 20
v 15744 94 36
v 15745 38 19
v 15747 60 35
v 15751 104 53
v 15752 43 23
v 15753 28 18
v 15754 18 10
v 15761 34 13
v 15771 22 13
v 15935 196 117
v 15936 309 190
v 15937 76 53
v 15938 21 14
v 15939 390 207
v 15940 252 134
v 15941 510 287
v 15942 351 192
v 15943 1037 533
v 15944 214 134
v 15945 92 53
v 15946 1206 689
v 15947 398 219
v 15948 946 474
v 15949 82 46
v 15950 256 151
v 15951 119 68
v 15952 196 106
v 15953 172 97
v 15954 89 37
v 15955 119 68
v 15956 569 314
v 15957 649 362
v 15958 1558 854
v 15959 698 370
v 15960 484 246
v 15961 87 39
v 15962 287 165
v 15963 276 145
v 15964 139 69
v 15965 1121 582
v 15966 82 47
v 15967 98 53
v 15968 340 207
v 15969 702 379
v 15970 365 226
v 15971 118 78
v 15972 500 249
v 15973 574 322
v 15974 147 83
v 15975 73 38
v 15976 732 375
v 15977 706 406
v 15978 713 369
v 15979 417 239
v 15980 339 194
v 15981 367 207
v 15982 465 226
v 15983 314 162
v 15984 611 326
v 15985 252 137
v 15986 308 193
v 15991 571 291
v 15992 303 163
v 15993 511 279
v 15995 806 455
v 15998 333 193
v 16000 729 390
v 16001 280 153
v 16003 451 262
v 16007 722 391
v 16008 247 129
v 16009 220 137
v 16010 154 94
v 16017 266 152
v 16027 208 113
v 16192 120 66
v 16193 22 9
v 16194 15 5
v 16195 170 90
v 16196 134 69
v 16197 175 82
v 16198 138 76
v 16199 362 165
v 16200 75 38
v 16201 63 40
v 16202 442 203
v 16203 157 79
v 16204 299 134
v 16205 34 17
v 16206 88 39
v 16207 59 32
v 16208 69 28
v 16209 55 24
v 16210 28 13
v 16211 38 24
v 16212 223 118
v 16213 269 148
v 16214 473 236
v 16215 225 118
v 16216 157 67
v 16217 21 11
v 16218 94 44
v 16219 100 52
v 16220 37 20
v 16221 300 156
v 16222 28 16
v 16223 41 23
v 16224 115 66
v 16225 264 122
v 16226 108 50
v 16227 41 24
v 16228 202 101
v 16229 191 107
v 16230 52 20
v 16231 22 10
v 16232 223 94
v 16233 262 123
v 16234 214 97
v 16235 130 66
v 16236 122 70
v 16237 124 57
v 16238 168 80
v 16239 105 59
v 16240 180 86
v 16241 96 39
v 16242 102 59
v 16247 183 77
v 16248 110 60
v 16249 170 66
v 16251 284 135
v 16254 129 67
v 16256 278 123
v 16257 128 60
v 16259 167 81
v 16263 262 136
v 16264 92 48
v 16265 64 34
v 16266 54 28
v 16273 86 49
v 16283 48 25
v 16449 39 19
v 16450 9 6
v 16451 204 106
v 16452 133 61
v 16453 230 111
v 16454 202 89
v 16455 498 233
v 16456 82 41
v 16457 47 25
v 16458 624 285
v 16459 205 100
v 16460 430 169
v 16461 39 20
v 16462 118 58
v 16463 72 40
v 16464 103 47
v 16465 61 30
v 16466 31 13
v 16467 56 29
v 16468 319 161
v 16469 349 177
v 16470 799 368
v 16471 350 165
v 16472 246 100
v 16473 27 7
v 16474 158 77
v 16475 141 61
v 16476 61 37
v 16477 438 199
v 16478 52 26
v 16479 46 23
v 16480 182 78
v 16481 395 189
v 16482 153 77
v 16483 84 38
v 16484 288 142
v 16485 320 150
v 16486 59 24
v 16487 36 14
v 16488 406 185
v 16489 323 145
v 16490 342 137
v 16491 194 86
v 16492 219 115
v 16493 155 78
v 16494 194 97
v 16495 134 59
v 16496 297 138
v 16497 113 52
v 16498 154 79
v 16503 249 119
v 16504 150 80
v 16505 276 108
v 16507 410 196
v 16510 176 89
v 16512 400 183
v 16513 185 92
v 16515 250 109
v 16519 404 193
v 16520 104 48
v 16521 94 41
v 16522 70 34
v 16529 128 64
v 16539 89 29
v 16706 2 1
v 16707 42 17
v 16708 21 13
v 16709 52 18
v 16710 32 16
v 16711 92 35
v 16712 12 7
v 16713 8 6
v 16714 127 43
v 16715 40 15
v 16716 84 36
v 16717 9 1
v 16718 26 12
v 16719 11 5
v 16720 20 14
v 16721 12 4
v 16722 10 6
v 16723 12 6
v 16724 48 23
v 16725 57 22
v 16726 155 72
v 16727 72 28
v 16728 40 19
v 16729 4 2
v 16730 22 10
v 16731 39 17
v 16732 7 2
v 16733 100 46
v 16734 5 1
v 16735 8 4
v 16736 27 15
v 16737 65 24
v 16738 25 14
v 16739 10 5
v 16740 61 28
v 16741 38 16
v 16742 19 9
v 16743 8 7
v 16744 55 24
v 16745 69 29
v 16746 61 23
v 16747 38 14
v 16748 21 15
v 16749 31 12
v 16750 36 9
v 16751 22 11
v 16752 67 26
v 16753 27 8
v 16754 20 14
v 16759 39 16
v 16760 35 14
v 16761 44 23
v 16763 66 28
v 16766 33 20
v 16768 74 33
v 16769 32 15
v 16771 44 23
v 16775 71 30
v 16776 30 7
v 16777 20 11
v 16778 16 5
v 16785 18 9
v 16795 13 6
v 16963 10 2
v 16964 12 9
v 16965 27 17
v 16966 16 10
v 16967 32 12
v 16968 6 2
v 16969 6 5
v 16970 50 25
v 16971 12 8
v 16972 31 12
v 16973 5 0
v 16974 13 4
v 16975 6 4
v 16976 12 8
v 16977 10 7
v 16978 4 3
v 16979 4 2
v 16980 17 14
v 16981 27 14
v 16982 55 27
v 16983 39 17
v 16984 18 8
v 16985 2 0
v 16986 12 4
v 16987 14 6
v 16988 5 1
v 16989 29 10
v 16990 6 4
v 16991 2 0
v 16992 13 9
v 16993 24 10
v 16994 14 7
v 16995 6 2
v 16996 27 10
v 16997 24 12
v 16998 5 1
v 16999 4 2
v 17000 19 9
v 17001 36 14
v 17002 27 16
v 17003 16 4
v 17004 12 7
v 17005 16 7
v 17006 24 10
v 17007 12 7
v 17008 30 12
v 17009 16 11
v 17010 14 8
v 17015 15 6
v 17016 15 9
v 17017 28 14
v 17019 40 21
v 17022 18 6
v 17024 32 17
v 17025 16 10
v 17027 17 6
v 17031 33 13
v 17032 7 1
v 17033 9 5
v 17034 8 4
v 17041 8 5
v 17051 6 3
v 17220 261 155
v 17221 388 207
v 17222 305 168
v 17223 754 374
v 17224 127 76
v 17225 84 50
v 17226 740 348
v 17227 367 191
v 17228 651 316
v 17229 59 24
v 17230 161 73
v 17231 100 57
v 17232 131 61
v 17233 106 53
v 17234 58 17
v 17235 69 45
v 17236 407 224
v 17237 346 179
v 17238 1137 625
v 17239 522 257
v 17240 312 139
v 17241 22 7
v 17242 172 75
v 17243 150 71
v 17244 61 28
v 17245 638 316
v 17246 74 43
v 17247 53 29
v 17248 247 130
v 17249 561 301
v 17250 253 142
v 17251 102 55
v 17252 321 174
v 17253 443 222
v 17254 77 37
v 17255 30 11
v 17256 503 230
v 17257 449 233
v 17258 479 244
v 17259 255 129
v 17260 232 132
v 17261 208 114
v 17262 214 96
v 17263 241 121
v 17264 535 280
v 17265 184 92
v 17266 210 122
v 17271 364 181
v 17272 219 122
v 17273 414 221
v 17275 528 283
v 17278 259 144
v 17280 513 277
v 17281 250 143
v 17283 302 144
v 17287 554 249
v 17288 144 72
v 17289 155 68
v 17290 115 65
v 17297 196 98
v 17307 68 30
v 17477 225 111
v 17478 204 110
v 17479 404 189
v 17480 75 41
v 17481 42 22
v 17482 484 250
v 17483 200 92
v 17484 405 169
v 17485 51 25
v 17486 119 55
v 17487 53 31
v 17488 104 51
v 17489 63 36
v 17490 22 11
v 17491 25 15
v 17492 276 148
v 17493 313 175
v 17494 626 327
v 17495 266 142
v 17496 223 91
v 17497 23 15
v 17498 148 70
v 17499 150 84
v 17500 55 21
v 17501 225 119
v 17502 86 44
v 17503 37 24
v 17504 141 72
v 17505 343 191
v 17506 96 56
v 17507 65 43
v 17508 227 110
v 17509 231 134
v 17510 56 32
v 17511 17 10
v 17512 284 137
v 17513 308 162
v 17514 298 164
v 17515 181 91
v 17516 154 82
v 17517 158 95
v 17518 188 99
v 17519 146 71
v 17520 248 124
v 17521 112 52
v 17522 124 72
v 17527 222 107
v 17528 145 73
v 17529 236 109
v 17531 330 179
v 17534 172 85
v 17536 307 149
v 17537 155 81
v 17539 183 107
v 17543 248 127
v 17544 86 59
v 17545 80 49
v 17546 63 34
v 17553 105 57
v 17563 52 24
v 17734 261 133
v 17735 804 386
v 17736 123 58
v 17737 82 44
v 17738 922 427
v 17739 337 177
v 17740 765 346
v 17741 77 37
v 17742 242 101
v 17743 100 57
v 17744 201 91
v 17745 142 61
v 17746 59 25
v 17747 76 34
v 17748 462 248
v 17749 482 233
v 17750 1008 476
v 17751 469 229
v 17752 443 189
v 17753 41 22
v 17754 228 112
v 17755 282 135
v 17756 104 44
v 17757 619 322
v 17758 159 68
v 17759 59 32
v 17760 340 187
v 17761 540 267
v 17762 293 171
v 17763 103 63
v 17764 369 173
v 17765 418 223
v 17766 131 69
v 17767 44 29
v 17768 503 243
v 17769 495 254
v 17770 493 240
v 17771 352 183
v 17772 277 162
v 17773 258 140
v 17774 338 157
v 17775 176 81
v 17776 449 205
v 17777 197 82
v 17778 235 130
v 17783 462 234
v 17784 269 139
v 17785 373 167
v 17787 636 333
v 17790 309 152
v 17792 548 304
v 17793 238 126
v 17795 295 132
v 17799 644 312
v 17800 174 95
v 17801 165 75
v 17802 88 45
v 17809 196 105
v 17819 141 67
v 17991 627 297
v 17992 109 49
v 17993 64 39
v 17994 754 385
v 17995 234 111
v 17996 534 244
v 17997 69 33
v 17998 114 49
v 17999 78 46
v 18000 144 72
v 18001 78 31
v 18002 62 29
v 18003 77 44
v 18004 377 205
v 18005 459 230
v 18006 926 472
v 18007 364 179
v 18008 303 145
v 18009 32 13
v 18010 167 93
v 18011 153 84
v 18012 60 27
v 18013 507 264
v 18014 46 25
v 18015 80 34
v 18016 223 123
v 18017 594 301
v 18018 280 144
v 18019 93 43
v 18020 336 188
v 18021 280 145
v 18022 78 42
v 18023 34 16
v 18024 419 210
v 18025 373 201
v 18026 392 187
v 18027 249 119
v 18028 219 128
v 18029 223 108
v 18030 390 194
v 18031 151 69
v 18032 281 122
v 18033 142 64
v 18034 168 100
v 18039 270 129
v 18040 173 84
v 18041 325 156
v 18043 393 217
v 18046 278 150
v 18048 487 258
v 18049 212 112
v 18051 271 148
v 18055 468 224
v 18056 140 77
v 18057 132 69
v 18058 92 44
v 18065 170 95
v 18075 86 51
v 18248 294 157
v 18249 164 102
v 18250 1913 962
v 18251 673 381
v 18252 1498 716
v 18253 122 63
v 18254 394 218
v 18255 241 144
v 18256 312 162
v 18257 249 122
v 18258 154 62
v 18259 144 78
v 18260 910 502
v 18261 966 519
v 18262 2486 1329
v 18263 956 502
v 18264 824 392
v 18265 91 43
v 18266 415 221
v 18267 388 212
v 18268 185 92
v 18269 1207 611
v 18270 181 103
v 18271 179 92
v 18272 503 258
v 18273 1217 667
v 18274 703 390
v 18275 221 125
v 18276 762 374
v 18277 910 489
v 18278 186 106
v 18279 94 47
v 18280 855 437
v 18281 1093 541
v 18282 1185 578
v 18283 639 331
v 18284 778 412
v 18285 490 259
v 18286 639 307
v 18287 377 177
v 18288 851 425
v 18289 345 167
v 18290 505 297
v 18295 875 429
v 18296 458 274
v 18297 772 396
v 18299 1237 738
v 18302 650 360
v 18304 1101 584
v 18305 583 330
v 18307 701 357
v 18311 1218 618
v 18312 348 210
v 18313 300 157
v 18314 218 124
v 18321 425 252
v 18331 246 118
v 18505 19 9
v 18506 338 153
v 18507 121 51
v 18508 242 94
v 18509 25 12
v 18510 68 28
v 18511 29 16
v 18512 58 24
v 18513 41 18
v 18514 24 7
v 18515 21 7
v 18516 180 89
v 18517 208 103
v 18518 421 198
v 18519 179 76
v 18520 128 56
v 18521 9 9
v 18522 62 26
v 18523 84 48
v 18524 36 19
v 18525 220 111
v 18526 24 20
v 18527 27 12
v 18528 105 48
v 18529 213 111
v 18530 93 55
v 18531 49 26
v 18532 149 71
v 18533 151 78
v 18534 34 14
v 18535 15 5
v 18536 138 65
v 18537 187 87
v 18538 186 95
v 18539 108 44
v 18540 98 54
v 18541 98 43
v 18542 109 39
v 18543 85 37
v 18544 151 67
v 18545 65 30
v 18546 103 50
v 18551 143 67
v 18552 93 38
v 18553 139 67
v 18555 202 108
v 18558 110 48
v 18560 192 91
v 18561 109 59
v 18563 121 55
v 18567 228 107
v 18568 71 33
v 18569 49 22
v 18570 36 18
v 18577 75 47
v 18587 32 16
v 18762 216 101
v 18763 63 33
v 18764 130 49
v 18765 20 5
v 18766 31 15
v 18767 35 16
v 18768 26 10
v 18769 39 17
v 18770 23 11
v 18771 12 4
v 18772 89 39
v 18773 123 59
v 18774 259 116
v 18775 107 45
v 18776 87 39
v 18777 9 4
v 18778 53 23
v 18779 37 12
v 18780 19 3
v 18781 158 59
v 18782 27 12
v 18783 24 9
v 18784 53 25
v 18785 120 58
v 18786 82 44
v 18787 14 10
v 18788 88 40
v 18789 116 55
v 18790 17 9
v 18791 9 4
v 18792 117 56
v 18793 105 52
v 18794 113 57
v 18795 66 26
v 18796 62 34
v 18797 40 20
v 18798 76 38
v 18799 54 23
v 18800 92 32
v 18801 29 15
v 18802 54 26
v 18807 91 33
v 18808 57 23
v 18809 104 41
v 18811 130 55
v 18814 55 28
v 18816 148 66
v 18817 59 25
v 18819 80 35
v 18823 120 48
v 18824 42 21
v 18825 26 14
v 18826 22 11
v 18833 42 16
v 18843 29 11
v 19019 767 410
v 19020 1839 837
v 19021 194 85
v 19022 453 244
v 19023 251 124
v 19024 420 209
v 19025 250 126
v 19026 137 56
v 19027 200 112
v 19028 1153 642
v 19029 1229 632
v 19030 3038 1603
v 19031 1272 675
v 19032 910 442
v 19033 93 49
v 19034 632 307
v 19035 534 264
v 19036 227 98
v 19037 1355 717
v 19038 150 85
v 19039 177 87
v 19040 582 326
v 19041 1558 822
v 19042 632 373
v 19043 282 158
v 19044 1057 524
v 19045 940 490
v 19046 276 132
v 19047 114 45
v 19048 1174 563
v 19049 1415 749
v 19050 1270 680
v 19051 799 403
v 19052 639 353
v 19053 553 295
v 19054 771 370
v 19055 489 239
v 19056 1089 532
v 19057 515 249
v 19058 534 314
v 19063 949 493
v 19064 793 404
v 19065 1035 510
v 19067 1426 770
v 19070 978 466
v 19072 1477 819
v 19073 669 368
v 19075 818 421
v 19079 1535 758
v 19080 470 238
v 19081 357 166
v 19082 273 154
v 19089 579 310
v 19099 271 141
v 19276 605 277
v 19277 93 47
v 19278 163 77
v 19279 94 47
v 19280 138 62
v 19281 110 45
v 19282 60 28
v 19283 58 30
v 19284 443 236
v 19285 429 222
v 19286 1119 560
v 19287 500 243
v 19288 360 150
v 19289 34 17
v 19290 189 95
v 19291 140 74
v 19292 88 47
v 19293 604 292
v 19294 64 39
v 19295 68 29
v 19296 246 114
v 19297 485 250
v 19298 185 96
v 19299 110 60
v 19300 305 151
v 19301 467 225
v 19302 119 46
v 19303 34 14
v 19304 537 234
v 19305 432 208
v 19306 382 189
v 19307 270 146
v 19308 247 136
v 19309 239 122
v 19310 279 136
v 19311 195 89
v 19312 339 173
v 19313 156 73
v 19314 246 131
v 19319 334 139
v 19320 218 112
v 19321 334 154
v 19323 489 253
v 19326 265 124
v 19328 520 262
v 19329 221 116
v 19331 266 120
v 19335 402 217
v 19336 148 71
v 19337 106 47
v 19338 99 41
v 19345 152 75
v 19355 96 48
v 19533 156 69
v 19534 350 198
v 19535 205 115
v 19536 277 156
v 19537 196 98
v 19538 114 47
v 19539 136 87
v 19540 848 465
v 19541 914 509
v 19542 1701 871
v 19543 945 497
v 19544 867 367
v 19545 68 30
v 19546 407 216
v 19547 405 199
v 19548 158 75
v 19549 1106 603
v 19550 112 60
v 19551 130 71
v 19552 516 300
v 19553 937 531
v 19554 529 315
v 19555 180 97
v 19556 671 369
v 19557 888 468
v 19558 199 111
v 19559 101 51
v 19560 1049 572
v 19561 974 525
v 19562 891 508
v 19563 574 306
v 19564 475 285
v 19565 452 272
v 19566 532 277
v 19567 398 240
v 19568 882 474
v 19569 365 173
v 19570 398 238
v 19575 792 391
v 19576 459 233
v 19577 757 365
v 19579 1132 654
v 19582 475 259
v 19584 1044 575
v 19585 391 224
v 19587 587 306
v 19591 1004 526
v 19592 333 152
v 19593 300 165
v 19594 191 119
v 19601 462 272
v 19611 225 122
v 19790 39 27
v 19791 30 20
v 19792 33 19
v 19793 26 14
v 19794 12 1
v 19795 12 8
v 19796 94 53
v 19797 103 45
v 19798 264 140
v 19799 138 78
v 19800 84 48
v 19801 25 8
v 19802 39 21
v 19803 45 23
v 19804 14 5
v 19805 114 62
v 19806 12 6
v 19807 15 9
v 19808 48 26
v 19809 136 70
v 19810 69 41
v 19811 23 18
v 19812 65 26
v 19813 117 76
v 19814 21 9
v 19815 9 4
v 19816 114 63
v 19817 109 61
v 19818 99 54
v 19819 68 29
v 19820 47 27
v 19821 76 44
v 19822 54 25
v 19823 80 34
v 19824 56 29
v 19825 43 26
v 19826 48 31
v 19831 69 29
v 19832 61 23
v 19833 99 48
v 19835 104 54
v 19838 56 29
v 19840 108 60
v 19841 46 26
v 19843 72 42
v 19847 121 59
v 19848 36 16
v 19849 36 15
v 19850 20 14
v 19857 51 30
v 19867 24 13
v 20047 41 19
v 20048 72 38
v 20049 48 28
v 20050 43 17
v 20051 40 14
v 20052 200 104
v 20053 250 124
v 20054 554 297
v 20055 263 132
v 20056 198 91
v 20057 24 6
v 20058 136 72
v 20059 107 49
v 20060 44 20
v 20061 303 139
v 20062 31 18
v 20063 32 15
v 20064 121 58
v 20065 266 141
v 20066 166 84
v 20067 56 28
v 20068 173 81
v 20069 213 107
v 20070 57 31
v 20071 16 10
v 20072 256 117
v 20073 310 147
v 20074 258 128
v 20075 170 86
v 20076 146 71
v 20077 116 65
v 20078 148 68
v 20079 96 46
v 20080 244 124
v 20081 102 47
v 20082 112 60
v 20087 228 115
v 20088 136 83
v 20089 198 98
v 20091 310 151
v 20094 156 73
v 20096 269 150
v 20097 133 74
v 20099 177 95
v 20103 284 144
v 20104 85 35
v 20105 77 36
v 20106 64 32
v 20113 115 61
v 20123 73 38
v 20304 65 34
v 20305 32 15
v 20306 15 7
v 20307 12 4
v 20308 116 60
v 20309 158 76
v 20310 309 143
v 20311 177 77
v 20312 93 33
v 20313 12 7
v 20314 65 34
v 20315 54 20
v 20316 22 9
v 20317 184 91
v 20318 10 9
v 20319 23 11
v 20320 81 40
v 20321 174 73
v 20322 58 29
v 20323 20 8
v 20324 118 48
v 20325 150 72
v 20326 29 12
v 20327 9 4
v 20328 109 60
v 20329 156 71
v 20330 128 58
v 20331 87 38
v 20332 86 44
v 20333 61 26
v 20334 104 42
v 20335 60 29
v 20336 143 68
v 20337 62 28
v 20338 55 21
v 20343 96 51
v 20344 79 34
v 20345 119 51
v 20347 172 97
v 20350 108 49
v 20352 160 80
v 20353 60 35
v 20355 108 54
v 20359 191 79
v 20360 51 24
v 20361 31 11
v 20362 33 15
v 20369 64 31
v 20379 41 18
v 20561 55 26
v 20562 40 17
v 20563 29 15
v 20564 190 107
v 20565 228 117
v 20566 490 210
v 20567 228 121
v 20568 139 72
v 20569 20 12
v 20570 102 47
v 20571 91 39
v 20572 39 11
v 20573 282 135
v 20574 29 21
v 20575 26 8
v 20576 117 60
v 20577 280 134
v 20578 127 69
v 20579 46 23
v 20580 175 76
v 20581 189 90
v 20582 48 13
v 20583 26 13
v 20584 207 104
v 20585 222 109
v 20586 231 116
v 20587 137 65
v 20588 118 67
v 20589 119 58
v 20590 137 75
v 20591 87 39
v 20592 210 102
v 20593 84 37
v 20594 121 74
v 20599 167 83
v 20600 107 46
v 20601 199 91
v 20603 245 127
v 20606 107 61
v 20608 263 139
v 20609 106 50
v 20611 171 75
v 20615 222 89
v 20616 87 37
v 20617 51 20
v 20618 49 20
v 20625 108 60
v 20635 55 24
v 20818 14 4
v 20819 21 9
v 20820 155 84
v 20821 178 110
v 20822 370 194
v 20823 182 102
v 20824 137 80
v 20825 21 8
v 20826 62 33
v 20827 51 23
v 20828 26 13
v 20829 175 94
v 20830 38 23
v 20831 29 20
v 20832 86 53
v 20833 183 96
v 20834 96 55
v 20835 33 16
v 20836 122 63
v 20837 143 67
v 20838 23 13
v 20839 7 2
v 20840 169 79
v 20841 136 63
v 20842 155 84
v 20843 102 46
v 20844 79 40
v 20845 79 45
v 20846 79 37
v 20847 60 29
v 20848 105 50
v 20849 58 26
v 20850 81 42
v 20855 111 51
v 20856 85 39
v 20857 106 48
v 20859 179 94
v 20862 104 50
v 20864 180 94
v 20865 87 49
v 20867 96 49
v 20871 158 80
v 20872 42 19
v 20873 59 24
v 20874 32 17
v 20881 54 29
v 20891 38 18
v 21075 11 6
v 21076 77 47
v 21077 103 61
v 21078 221 114
v 21079 98 59
v 21080 70 45
v 21081 13 5
v 21082 45 24
v 21083 41 26
v 21084 28 16
v 21085 94 51
v 21086 14 6
v 21087 15 7
v 21088 46 24
v 21089 90 47
v 21090 40 26
v 21091 19 13
v 21092 83 35
v 21093 70 43
v 21094 19 13
v 21095 5 2
v 21096 66 37
v 21097 78 37
v 21098 87 47
v 21099 62 39
v 21100 39 21
v 21101 41 19
v 21102 74 37
v 21103 50 29
v 21104 47 28
v 21105 43 25
v 21106 39 22
v 21111 63 33
v 21112 32 21
v 21113 75 51
v 21115 98 65
v 21118 44 28
v 21120 74 39
v 21121 43 21
v 21123 58 27
v 21127 98 49
v 21128 30 19
v 21129 23 16
v 21130 14 10
v 21137 43 24
v 21147 25 17
v 21332 95 50
v 21333 100 45
v 21334 252 110
v 21335 87 39
v 21336 78 36
v 21337 10 6
v 21338 44 13
v 21339 46 23
v 21340 20 11
v 21341 132 56
v 21342 14 10
v 21343 27 11
v 21344 62 30
v 21345 131 58
v 21346 141 68
v 21347 30 8
v 21348 79 42
v 21349 84 36
v 21350 21 7
v 21351 18 6
v 21352 128 59
v 21353 113 40
v 21354 113 41
v 21355 56 22
v 21356 46 24
v 21357 73 41
v 21358 72 35
v 21359 48 22
v 21360 91 32
v 21361 39 18
v 21362 41 20
v 21367 62 25
v 21368 45 25
v 21369 99 45
v 21371 134 68
v 21374 56 29
v 21376 129 59
v 21377 60 25
v 21379 67 35
v 21383 134 52
v 21384 33 12
v 21385 19 5
v 21386 25 10
v 21393 55 21
v 21403 20 6
v 21589 641 341
v 21590 1537 780
v 21591 654 308
v 21592 478 209
v 21593 54 16
v 21594 249 108
v 21595 230 123
v 21596 98 39
v 21597 828 362
v 21598 84 44
v 21599 100 50
v 21600 326 156
v 21601 715 331
v 21602 424 227
v 21603 136 70
v 21604 486 241
v 21605 563 268
v 21606 146 60
v 21607 48 16
v 21608 702 320
v 21609 644 324
v 21610 547 257
v 21611 376 178
v 21612 327 160
v 21613 300 151
v 21614 361 164
v 21615 248 125
v 21616 503 237
v 21617 226 92
v 21618 272 143
v 21623 454 216
v 21624 257 135
v 21625 463 215
v 21627 767 399
v 21630 323 177
v 21632 722 368
v 21633 309 179
v 21635 415 203
v 21639 728 361
v 21640 245 115
v 21641 193 88
v 21642 125 62
v 21649 254 137
v 21659 123 60
v 21846 1543 727
v 21847 704 344
v 21848 501 208
v 21849 61 32
v 21850 321 153
v 21851 298 156
v 21852 107 63
v 21853 826 411
v 21854 122 55
v 21855 116 56
v 21856 313 158
v 21857 772 360
v 21858 547 286
v 21859 160 82
v 21860 533 274
v 21861 623 289
v 21862 139 77
v 21863 69 22
v 21864 609 292
v 21865 724 348
v 21866 612 285
v 21867 383 173
v 21868 356 181
v 21869 367 188
v 21870 453 203
v 21871 299 155
v 21872 604 277
v 21873 268 117
v 21874 360 188
v 21879 545 266
v 21880 315 169
v 21881 545 256
v 21883 771 383
v 21886 342 165
v 21888 1181 590
v 21889 316 160
v 21891 466 217
v 21895 850 350
v 21896 276 127
v 21897 180 74
v 21898 168 77
v 21905 309 162
v 21915 153 65
v 22103 1593 796
v 22104 1228 579
v 22105 124 60
v 22106 730 341
v 22107 630 310
v 22108 285 114
v 22109 1898 925
v 22110 257 130
v 22111 230 124
v 22112 870 437
v 22113 1669 878
v 22114 746 437
v 22115 382 206
v 22116 1244 628
v 22117 1410 688
v 22118 328 170
v 22119 141 60
v 22120 1677 798
v 22121 1767 867
v 22122 1579 769
v 22123 1013 475
v 22124 613 394
v 22125 789 383
v 22126 1031 478
v 22127 617 250
v 22128 1354 669
v 22129 600 261
v 22130 772 419
v 22135 1297 621
v 22136 777 396
v 22137 1233 600
v 22139 1967 1031
v 22142 977 500
v 22144 1823 927
v 22145 793 417
v 22147 1050 511
v 22151 1724 812
v 22152 563 281
v 22153 478 213
v 22154 322 161
v 22161 655 346
v 22171 357 189
v 22360 496 246
v 22361 55 28
v 22362 299 133
v 22363 250 130
v 22364 117 55
v 22365 638 369
v 22366 102 53
v 22367 90 47
v 22368 369 196
v 22369 735 405
v 22370 336 210
v 22371 146 82
v 22372 539 287
v 22373 614 332
v 22374 131 60
v 22375 67 33
v 22376 703 344
v 22377 753 391
v 22378 703 358
v 22379 433 217
v 22380 372 195
v 22381 289 149
v 22382 386 175
v 22383 288 127
v 22384 596 296
v 22385 239 107
v 22386 317 178
v 22391 574 290
v 22392 399 208
v 22393 499 257
v 22395 804 409
v 22398 421 215
v 22400 778 404
v 22401 370 215
v 22403 491 238
v 22407 670 326
v 22408 227 121
v 22409 178 93
v 22410 126 67
v 22417 273 155
v 22427 172 91
v 22617 50 21
v 22618 258 140
v 22619 178 99
v 22620 82 39
v 22621 642 345
v 22622 48 33
v 22623 86 49
v 22624 323 179
v 22625 578 310
v 22626 286 189
v 22627 108 66
v 22628 387 212
v 22629 502 266
v 22630 95 42
v 22631 48 20
v 22632 549 292
v 22633 559 318
v 22634 540 267
v 22635 332 183
v 22636 288 160
v 22637 230 122
v 22638 312 158
v 22639 206 120
v 22640 399 229
v 22641 189 97
v 22642 291 169
v 22647 450 236
v 22648 300 165
v 22649 375 186
v 22651 627 364
v 22654 315 172
v 22656 557 321
v 22657 239 141
v 22659 332 191
v 22663 530 296
v 22664 170 94
v 22665 153 88
v 22666 125 80
v 22673 224 133
v 22683 104 45
v 22874 19 12
v 22875 18 6
v 22876 11 5
v 22877 75 48
v 22878 12 7
v 22879 4 2
v 22880 27 11
v 22881 66 36
v 22882 22 10
v 22883 13 6
v 22884 47 18
v 22885 46 21
v 22886 5 3
v 22887 4 2
v 22888 44 16
v 22889 69 32
v 22890 64 31
v 22891 49 27
v 22892 22 14
v 22893 38 22
v 22894 25 14
v 22895 22 4
v 22896 52 29
v 22897 29 13
v 22898 31 18
v 22903 47 22
v 22904 34 16
v 22905 47 19
v 22907 57 30
v 22910 33 16
v 22912 47 24
v 22913 21 11
v 22915 34 23
v 22919 49 16
v 22920 11 4
v 22921 11 7
v 22922 16 10
v 22929 18 11
v 22939 9 4
v 23131 166 79
v 23132 55 34
v 23133 374 190
v 23134 57 27
v 23135 30 14
v 23136 164 95
v 23137 340 164
v 23138 142 73
v 23139 87 45
v 23140 246 126
v 23141 251 115
v 23142 64 26
v 23143 32 14
v 23144 306 148
v 23145 394 212
v 23146 315 163
v 23147 210 113
v 23148 140 79
v 23149 137 78
v 23150 186 95
v 23151 131 75
v 23152 343 169
v 23153 134 59
v 23154 122 63
v 23159 268 131
v 23160 147 87
v 23161 246 119
v 23163 413 223
v 23166 184 93
v 23168 343 178
v 23169 149 76
v 23171 233 117
v 23175 366 194
v 23176 125 58
v 23177 97 45
v 23178 51 33
v 23185 159 85
v 23195 68 35
v 23388 73 39
v 23389 302 160
v 23390 43 21
v 23391 45 26
v 23392 99 43
v 23393 330 155
v 23394 177 98
v 23395 62 35
v 23396 233 128
v 23397 244 126
v 23398 58 31
v 23399 27 14
v 23400 233 123
v 23401 362 183
v 23402 329 149
v 23403 165 81
v 23404 155 74
v 23405 181 90
v 23406 164 84
v 23407 138 68
v 23408 337 182
v 23409 126 65
v 23410 116 61
v 23415 234 108
v 23416 125 64
v 23417 263 124
v 23419 359 192
v 23422 152 74
v 23424 297 142
v 23425 135 61
v 23427 225 112
v 23431 362 168
v 23432 111 51
v 23433 88 45
v 23434 63 35
v 23441 121 60
v 23451 56 31
v 23645 138 65
v 23646 25 16
v 23647 18 10
v 23648 64 39
v 23649 119 55
v 23650 62 42
v 23651 33 12
v 23652 110 67
v 23653 107 58
v 23654 18 10
v 23655 13 7
v 23656 97 50
v 23657 137 69
v 23658 124 64
v 23659 73 41
v 23660 58 33
v 23661 65 33
v 23662 74 40
v 23663 56 25
v 23664 122 60
v 23665 47 24
v 23666 52 36
v 23671 98 43
v 23672 81 38
v 23673 115 67
v 23675 131 78
v 23678 57 29
v 23680 135 71
v 23681 61 33
v 23683 102 47
v 23687 166 87
v 23688 34 14
v 23689 40 22
v 23690 33 21
v 23697 48 27
v 23707 27 15
v 23902 106 57
v 23903 124 65
v 23904 505 276
v 23905 934 475
v 23906 473 254
v 23907 256 168
v 23908 574 302
v 23909 658 327
v 23910 226 113
v 23911 84 42
v 23912 733 357
v 23913 630 295
v 23914 1028 560
v 23915 533 243
v 23916 470 248
v 23917 383 211
v 23918 550 279
v 23919 369 173
v 23920 828 424
v 23921 276 125
v 23922 438 245
v 23927 656 351
v 23928 412 223
v 23929 540 223
v 23931 962 508
v 23934 510 275
v 23936 850 432
v 23937 407 202
v 23939 534 265
v 23943 853 419
v 23944 282 139
v 23945 240 112
v 23946 206 111
v 23953 350 185
v 23963 187 85
v 24159 13 7
v 24160 39 12
v 24161 113 53
v 24162 60 39
v 24163 12 5
v 24164 85 46
v 24165 112 60
v 24166 29 15
v 24167 13 4
v 24168 154 83
v 24169 141 66
v 24170 106 53
v 24171 69 40
v 24172 42 22
v 24173 55 23
v 24174 66 33
v 24175 40 18
v 24176 86 34
v 24177 47 17
v 24178 44 24
v 24183 94 44
v 24184 41 18
v 24185 78 29
v 24187 149 70
v 24190 50 20
v 24192 122 61
v 24193 39 18
v 24195 74 37
v 24199 107 49
v 24200 37 20
v 24201 36 19
v 24202 21 11
v 24209 41 26
v 24219 17 9
v 24416 45 22
v 24417 97 49
v 24418 60 34
v 24419 21 12
v 24420 80 37
v 24421 74 42
v 24422 24 11
v 24423 8 2
v 24424 114 60
v 24425 90 44
v 24426 104 60
v 24427 69 32
v 24428 51 24
v 24429 41 23
v 24430 68 33
v 24431 31 13
v 24432 48 23
v 24433 43 17
v 24434 56 27
v 24439 80 44
v 24440 52 21
v 24441 80 34
v 24443 120 65
v 24446 64 33
v 24448 116 55
v 24449 38 21
v 24451 71 31
v 24455 116 47
v 24456 56 27
v 24457 30 19
v 24458 22 5
v 24465 37 24
v 24475 23 12
v 24673 381 182
v 24674 205 118
v 24675 80 31
v 24676 316 165
v 24677 298 143
v 24678 73 33
v 24679 28 11
v 24680 377 193
v 24681 381 211
v 24682 373 180
v 24683 239 117
v 24684 227 124
v 24685 166 86
v 24686 240 111
v 24687 138 59
v 24688 277 124
v 24689 129 69
v 24690 177 85
v 24695 293 141
v 24696 175 94
v 24697 254 119
v 24699 417 214
v 24702 220 108
v 24704 443 220
v 24705 196 107
v 24707 231 109
v 24711 448 216
v 24712 118 61
v 24713 106 57
v 24714 73 43
v 24721 160 73
v 24731 67 29
v 24930 451 247
v 24931 160 85
v 24932 644 329
v 24933 630 331
v 24934 148 76
v 24935 72 33
v 24936 753 366
v 24937 863 452
v 24938 773 373
v 24939 475 254
v 24940 386 211
v 24941 372 199
v 24942 407 176
v 24943 370 186
v 24944 701 337
v 24945 312 163
v 24946 372 195
v 24951 568 271
v 24952 394 206
v 24953 640 302
v 24955 922 502
v 24958 428 198
v 24960 990 503
v 24961 464 233
v 24963 586 270
v 24967 979 452
v 24968 257 147
v 24969 215 107
v 24970 156 74
v 24977 316 166
v 24987 153 72
v 25187 103 57
v 25188 341 177
v 25189 245 98
v 25190 96 44
v 25191 42 24
v 25192 341 168
v 25193 368 187
v 25194 394 183
v 25195 285 120
v 25196 195 94
v 25197 177 91
v 25198 229 99
v 25199 152 63
v 25200 377 178
v 25201 142 49
v 25202 171 77
v 25207 270 111
v 25208 198 101
v 25209 205 98
v 25211 500 267
v 25214 249 127
v 25216 464 201
v 25217 195 95
v 25219 274 110
v 25223 432 186
v 25224 150 63
v 25225 137 59
v 25226 81 37
v 25233 161 82
v 25243 129 63
v 25444 117 54
v 25445 130 63
v 25446 49 24
v 25447 14 5
v 25448 151 66
v 25449 190 90
v 25450 147 63
v 25451 100 49
v 25452 93 41
v 25453 77 35
v 25454 98 46
v 25455 72 29
v 25456 108 47
v 25457 54 21
v 25458 66 36
v 25463 124 53
v 25464 65 34
v 25465 113 51
v 25467 120 53
v 25470 80 39
v 25472 165 85
v 25473 81 37
v 25475 122 61
v 25479 178 72
v 25480 84 43
v 25481 55 21
v 25482 39 22
v 25489 55 29
v 25499 24 10
v 25701 455 239
v 25702 83 37
v 25703 45 18
v 25704 348 182
v 25705 561 285
v 25706 559 279
v 25707 340 145
v 25708 292 136
v 25709 309 153
v 25710 349 156
v 25711 232 124
v 25712 499 233
v 25713 199 101
v 25714 267 134
v 25719 423 198
v 25720 299 149
v 25721 473 206
v 25723 650 336
v 25726 321 157
v 25728 681 333
v 25729 303 155
v 25731 372 183
v 25735 653 296
v 25736 188 88
v 25737 138 49
v 25738 134 70
v 25745 236 124
v 25755 135 58
v 25958 128 63
v 25959 54 23
v 25960 540 269
v 25961 577 281
v 25962 509 262
v 25963 360 181
v 25964 315 164
v 25965 250 136
v 25966 349 171
v 25967 258 125
v 25968 442 202
v 25969 213 102
v 25970 306 170
v 25975 471 220
v 25976 319 153
v 25977 448 234
v 25979 686 363
v 25982 333 166
v 25984 649 339
v 25985 278 135
v 25987 367 188
v 25991 660 321
v 25992 224 101
v 25993 200 101
v 25994 115 61
v 26001 226 111
v 26011 123 64
v 26215 9 3
v 26216 134 70
v 26217 152 76
v 26218 107 61
v 26219 95 53
v 26220 71 40
v 26221 64 34
v 26222 82 49
v 26223 50 23
v 26224 126 66
v 26225 54 20
v 26226 63 35
v 26231 110 56
v 26232 71 29
v 26233 125 55
v 26235 138 76
v 26238 70 37
v 26240 127 71
v 26241 56 37
v 26243 78 34
v 26247 160 73
v 26248 34 16
v 26249 43 19
v 26250 18 5
v 26257 54 33
v 26267 31 9
v 26472 60 35
v 26473 58 35
v 26474 68 33
v 26475 34 17
v 26476 30 20
v 26477 35 22
v 26478 45 21
v 26479 33 16
v 26480 73 44
v 26481 26 13
v 26482 26 15
v 26487 60 31
v 26488 28 11
v 26489 55 29
v 26491 87 44
v 26494 26 14
v 26496 66 27
v 26497 29 19
v 26499 54 34
v 26503 78 38
v 26504 29 18
v 26505 22 13
v 26506 17 8
v 26513 21 11
v 26523 21 14
v 26729 588 275
v 26730 544 301
v 26731 370 193
v 26732 386 219
v 26733 262 135
v 26734 508 268
v 26735 162 68
v 26736 303 142
v 26737 240 115
v 26738 354 200
v 26743 538 275
v 26744 308 160
v 26745 495 228
v 26747 741 421
v 26750 334 175
v 26752 743 381
v 26753 333 181
v 26755 263 130
v 26759 852 401
v 26760 212 96
v 26761 190 80
v 26762 123 68
v 26769 266 156
v 26779 131 65
v 26986 672 336
v 26987 433 207
v 26988 330 181
v 26989 375 206
v 26990 456 223
v 26991 349 152
v 26992 716 359
v 26993 309 135
v 26994 263 159
v 26999 579 289
v 27000 377 182
v 27001 629 278
v 27003 878 478
v 27006 413 232
v 27008 834 423
v 27009 364 180
v 27011 518 259
v 27015 857 422
v 27016 239 116
v 27017 259 131
v 27018 140 81
v 27025 310 171
v 27035 154 68
v 27243 503 267
v 27244 327 196
v 27245 338 178
v 27246 375 162
v 27247 208 82
v 27248 642 307
v 27249 229 109
v 27250 404 197
v 27255 561 271
v 27256 326 185
v 27257 473 207
v 27259 882 462
v 27262 445 253
v 27264 777 409
v 27265 329 168
v 27267 451 233
v 27271 760 381
v 27272 233 123
v 27273 220 110
v 27274 156 80
v 27281 257 139
v 27291 148 59
v 27500 246 139
v 27501 201 108
v 27502 280 133
v 27503 160 76
v 27504 380 178
v 27505 168 80
v 27506 197 101
v 27511 333 165
v 27512 246 145
v 27513 313 163
v 27515 531 294
v 27518 252 116
v 27520 480 215
v 27521 234 132
v 27523 287 143
v 27527 469 213
v 27528 155 75
v 27529 125 68
v 27530 81 47
v 27537 196 99
v 27547 106 55
v 27757 156 75
v 27758 225 101
v 27759 141 50
v 27760 255 107
v 27761 117 56
v 27762 178 91
v 27767 298 138
v 27768 194 99
v 27769 259 106
v 27771 430 206
v 27774 198 82
v 27776 398 174
v 27777 177 84
v 27779 207 85
v 27783 396 181
v 27784 111 54
v 27785 99 50
v 27786 86 38
v 27793 136 64
v 27803 95 33
v 28014 182 70
v 28015 164 80
v 28016 252 95
v 28017 144 59
v 28018 142 70
v 28023 294 148
v 28024 173 93
v 28025 244 118
v 28027 429 194
v 28030 191 95
v 28032 362 171
v 28033 150 84
v 28035 226 94
v 28039 425 194
v 28040 165 82
v 28041 87 36
v 28042 80 30
v 28049 165 81
v 28059 78 35
v 28271 170 76
v 28272 421 232
v 28273 179 72
v 28274 150 89
v 28279 351 175
v 28280 211 111
v 28281 323 168
v 28283 529 306
v 28286 215 111
v 28288 840 455
v 28289 165 85
v 28291 273 131
v 28295 502 241
v 28296 215 108
v 28297 135 66
v 28298 89 42
v 28305 207 120
v 28315 77 42
v 28528 263 135
v 28529 141 59
v 28530 127 71
v 28535 204 105
v 28536 175 102
v 28537 249 113
v 28539 368 202
v 28542 175 104
v 28544 282 147
v 28545 145 74
v 28547 201 107
v 28551 317 157
v 28552 126 58
v 28553 93 44
v 28554 41 25
v 28561 139 77
v 28571 64 35
v 28785 254 121
v 28786 238 132
v 28791 497 251
v 28792 216 129
v 28793 489 212
v 28795 716 399
v 28798 301 163
v 28800 653 343
v 28801 252 135
v 28803 448 245
v 28807 696 367
v 28808 223 120
v 28809 202 98
v 28810 223 127
v 28817 262 145
v 28827 166 84
v 29042 118 72
v 29047 192 114
v 29048 123 65
v 29049 234 130
v 29051 289 162
v 29054 136 72
v 29056 297 165
v 29057 118 72
v 29059 192 111
v 29063 288 147
v 29064 104 52
v 29065 88 42
v 29066 58 32
v 29073 142 77
v 29083 60 31
v 29303 252 108
v 29304 190 106
v 29305 256 114
v 29307 371 178
v 29310 190 94
v 29312 398 186
v 29313 153 65
v 29315 220 104
v 29319 363 170
v 29320 116 59
v 29321 93 44
v 29322 78 29
v 29329 144 67
v 29339 78 32
v 30584 320 174
v 30585 436 214
v 30587 754 403
v 30590 335 157
v 30592 640 331
v 30593 247 131
v 30595 390 189
v 30599 591 288
v 30600 178 103
v 30601 155 83
v 30602 125 77
v 30609 259 151
v 30619 139 81
v 30841 199 92
v 30843 380 190
v 30846 186 88
v 30848 389 188
v 30849 203 98
v 30851 225 111
v 30855 372 167
v 30856 106 43
v 30857 86 37
v 30858 70 40
v 30865 145 84
v 30875 104 58
v 31099 652 364
v 31102 284 157
v 31104 623 344
v 31105 243 139
v 31107 427 216
v 31111 644 340
v 31112 168 90
v 31113 135 78
v 31114 119 59
v 31121 251 115
v 31131 105 52
v 31614 477 220
v 31616 894 456
v 31617 422 203
v 31619 575 257
v 31623 944 425
v 31624 316 141
v 31625 277 130
v 31626 170 83
v 31633 395 192
v 31643 176 78
v 32384 431 223
v 32385 241 125
v 32387 259 127
v 32391 463 209
v 32392 122 68
v 32393 105 51
v 32394 91 48
v 32401 161 82
v 32411 88 43
v 32897 414 228
v 32899 533 273
v 32903 929 422
v 32904 291 141
v 32905 255 113
v 32906 164 86
v 32913 348 197
v 32923 161 83
v 33155 223 108
v 33159 420 202
v 33160 128 68
v 33161 87 42
v 33162 71 33
v 33169 147 82
v 33179 80 35
v 33671 554 274
v 33672 184 94
v 33673 151 68
v 33674 115 64
v 33681 219 123
v 33691 107 55
v 34696 305 171
v 34697 237 129
v 34698 130 67
v 34705 353 195
v 34715 164 83
v 34953 76 36
v 34954 51 25
v 34961 110 57
v 34971 54 30
v 35210 40 20
v 35217 108 56
v 35227 52 31
v 35473 62 37
v 35483 30 14
v 37275 58 33
s 258 822 425
s 259 250 132
s 260 25 11
s 261 558 278
s 262 15 10
s 263 690 361
s 264 57 28
s 265 786 418
s 266 20 9
s 267 242 102
s 268 37 18
s 269 190 92
s 270 1373 695
s 271 213 110
s 272 153 71
s 273 301 139
s 274 46 18
s 275 151 67
s 276 284 149
s 277 731 344
s 278 521 259
s 279 216 117
s 281 796 371
s 282 1112 529
s 283 486 237
s 284 223 109
s 285 292 135
s 286 634 334
s 287 660 373
s 288 134 61
s 289 252 131
s 290 262 129
s 291 426 180
s 292 568 279
s 293 227 114
s 294 107 46
s 295 420 209
s 296 193 92
s 297 29 11
s 298 277 150
s 299 168 80
s 300 30 16
s 301 207 101
s 302 46 22
s 303 238 106
s 304 50 24
s 305 897 516
s 306 233 144
s 307 191 94
s 308 144 74
s 309 241 106
s 310 53 24
s 311 396 207
s 312 68 40
s 313 123 69
s 314 166 84
s 315 186 85
s 316 607 317
s 317 55 29
s 318 588 340
s 319 148 74
s 320 290 140
s 321 49 26
s 322 24 9
s 323 26 15
s 324 257 122
s 325 424 218
s 326 48 21
s 327 931 497
s 328 117 59
s 329 42 19
s 330 1072 564
s 331 382 190
s 332 785 437
s 333 103 57
s 334 224 128
s 335 127 64
s 336 49 29
s 337 83 43
s 338 56 28
s 339 100 39
s 340 548 258
s 341 563 294
s 342 1284 654
s 343 593 308
s 344 418 232
s 345 10 2
s 346 283 153
s 347 195 94
s 348 104 68
s 349 156 86
s 350 13 5
s 351 9 5
s 352 289 136
s 353 624 309
s 354 271 113
s 355 129 63
s 356 416 231
s 357 466 232
s 358 155 84
s 359 61 30
s 360 549 275
s 361 696 354
s 362 560 293
s 363 332 173
s 364 278 133
s 365 23 8
s 366 370 194
s 367 265 136
s 368 577 329
s 369 218 124
s 370 111 49
s 375 488 244
s 376 279 132
s 377 510 292
s 379 713 358
s 382 320 168
s 384 644 304
s 385 271 121
s 387 409 211
s 391 716 397
s 392 199 97
s 393 195 96
s 394 40 23
s 401 99 47
s 411 148 77
s 515 328 160
s 516 102 66
s 517 979 463
s 518 403 182
s 519 818 380
s 520 1397 718
s 521 1354 683
s 522 358 166
s 523 703 276
s 524 1143 604
s 525 336 164
s 526 1574 769
s 527 208 113
s 528 80 34
s 529 491 240
s 530 980 537
s 531 319 141
s 532 551 263
s 533 1324 637
s 534 948 478
s 535 146 66
s 537 1266 611
s 538 1709 752
s 539 761 364
s 540 76 38
s 541 36 20
s 542 1072 545
s 543 967 524
s 544 272 135
s 545 102 62
s 546 420 212
s 547 821 390
s 548 720 340
s 549 297 147
s 550 33 19
s 551 690 337
s 552 331 154
s 553 474 226
s 554 284 145
s 555 197 103
s 556 544 278
s 557 286 159
s 558 360 156
s 559 289 150
s 560 1134 549
s 561 587 283
s 562 409 219
s 563 301 140
s 564 191 110
s 565 667 284
s 566 1306 669
s 567 68 32
s 568 349 188
s 569 134 73
s 570 233 108
s 571 199 92
s 572 77 33
s 573 84 48
s 574 750 403
s 575 285 126
s 576 445 203
s 577 52 19
s 578 25 12
s 579 652 322
s 580 355 174
s 581 88 39
s 582 421 209
s 583 1023 528
s 584 233 111
s 585 104 42
s 586 1770 888
s 587 638 307
s 588 1145 602
s 589 33 21
s 590 46 27
s 591 179 86
s 592 252 128
s 593 95 40
s 594 107 62
s 595 140 63
s 596 689 328
s 597 670 317
s 598 2021 990
s 599 898 450
s 600 604 329
s 601 79 31
s 602 373 197
s 603 323 158
s 604 96 52
s 605 1048 517
s 606 154 75
s 607 152 74
s 608 29 16
s 609 463 231
s 610 94 40
s 611 36 19
s 612 578 279
s 613 949 457
s 614 149 76
s 615 55 29
s 616 86 39
s 617 907 465
s 618 853 427
s 619 457 241
s 620 35 12
s 621 464 225
s 622 513 271
s 623 367 194
s 624 765 408
s 625 318 164
s 626 401 174
s 631 656 340
s 632 289 129
s 633 689 347
s 635 1104 540
s 638 464 227
s 640 1036 509
s 641 54 23
s 643 612 315
s 647 151 67
s 648 244 128
s 649 89 49
s 650 206 111
s 657 377 174
s 667 107 56
s 772 31 20
s 773 76 30
s 774 82 36
s 775 272 154
s 776 342 185
s 777 306 151
s 778 86 36
s 779 199 78
s 780 298 154
s 781 89 54
s 782 425 189
s 783 108 48
s 784 57 33
s 785 116 57
s 786 320 178
s 787 107 47
s 788 118 54
s 789 299 147
s 790 140 76
s 791 81 46
s 793 285 135
s 794 207 89
s 795 68 34
s 796 102 53
s 797 112 58
s 798 90 44
s 799 117 58
s 800 65 34
s 801 92 49
s 802 112 57
s 803 157 72
s 804 253 119
s 805 33 21
s 806 36 17
s 807 148 63
s 808 41 17
s 809 88 52
s 810 142 62
s 811 60 27
s 812 119 55
s 813 45 24
s 814 64 28
s 815 79 37
s 816 304 152
s 817 400 199
s 818 42 21
s 819 38 17
s 820 33 15
s 821 144 59
s 822 405 197
s 823 152 69
s 824 62 32
s 825 31 19
s 826 37 22
s 827 71 39
s 828 240 119
s 829 21 11
s 830 170 94
s 831 67 32
s 832 53 28
s 833 15 6
s 834 7 4
s 835 136 74
s 836 34 15
s 837 161 88
s 838 129 68
s 839 255 140
s 840 42 17
s 841 26 10
s 842 394 192
s 843 70 23
s 844 293 159
s 845 38 18
s 846 88 49
s 847 20 6
s 848 81 42
s 849 42 19
s 850 31 16
s 851 15 7
s 852 112 53
s 853 137 71
s 854 353 174
s 855 93 52
s 856 123 78
s 857 17 8
s 858 105 51
s 859 67 36
s 860 37 24
s 861 272 144
s 862 28 13
s 863 33 18
s 864 114 51
s 865 241 127
s 866 171 79
s 867 63 30
s 868 106 50
s 869 137 59
s 870 33 18
s 871 13 5
s 872 184 97
s 873 145 71
s 874 218 99
s 875 124 62
s 876 125 56
s 877 123 56
s 878 129 78
s 879 32 15
s 880 73 39
s 881 103 49
s 882 93 44
s 887 122 68
s 888 105 58
s 889 98 53
s 891 161 88
s 894 125 70
s 896 162 82
s 897 104 55
s 899 71 34
s 903 273 148
s 904 69 37
s 905 72 45
s 906 51 26
s 913 103 57
s 923 40 24
s 1029 100 50
s 1030 13 6
s 1031 98 52
s 1032 45 24
s 1033 95 48
s 1034 11 4
s 1035 41 14
s 1036 42 21
s 1037 30 15
s 1038 184 95
s 1039 34 18
s 1040 22 14
s 1041 38 17
s 1042 31 16
s 1043 23 14
s 1044 60 33
s 1045 138 75
s 1046 87 44
s 1047 27 15
s 1049 97 51
s 1050 186 90
s 1051 93 52
s 1052 21 6
s 1053 47 22
s 1054 94 52
s 1055 93 57
s 1056 13 6
s 1057 30 17
s 1058 29 16
s 1059 67 29
s 1060 108 46
s 1061 37 18
s 1062 16 6
s 1063 57 33
s 1064 23 14
s 1065 14 7
s 1066 49 25
s 1067 27 11
s 1068 15 9
s 1069 37 25
s 1070 14 8
s 1071 24 16
s 1072 36 17
s 1073 95 56
s 1074 27 15
s 1075 34 22
s 1076 12 9
s 1077 48 19
s 1078 27 16
s 1079 54 29
s 1080 21 11
s 1081 15 11
s 1082 25 11
s 1083 26 13
s 1084 74 43
s 1085 5 2
s 1086 90 46
s 1087 26 17
s 1088 37 16
s 1089 4 2
s 1090 5 4
s 1091 15 8
s 1092 38 18
s 1093 48 16
s 1094 20 14
s 1095 115 73
s 1096 19 6
s 1097 10 3
s 1098 150 90
s 1099 62 33
s 1100 118 75
s 1101 12 6
s 1102 25 15
s 1103 16 6
s 1104 11 6
s 1105 15 6
s 1106 6 5
s 1107 8 3
s 1108 72 39
s 1109 78 34
s 1110 176 99
s 1111 72 46
s 1112 46 28
s 1113 8 5
s 1114 36 17
s 1115 26 9
s 1116 14 8
s 1117 44 22
s 1118 6 2
s 1119 7 1
s 1120 34 17
s 1121 91 35
s 1122 33 20
s 1123 17 5
s 1124 68 38
s 1125 66 37
s 1126 11 7
s 1127 2 1
s 1128 88 45
s 1129 80 41
s 1130 72 38
s 1131 41 20
s 1132 40 24
s 1133 18 6
s 1134 43 28
s 1135 44 27
s 1136 58 34
s 1137 35 21
s 1138 24 11
s 1143 60 27
s 1144 28 16
s 1145 63 34
s 1147 102 59
s 1150 34 20
s 1152 99 53
s 1153 49 28
s 1155 62 36
s 1159 79 44
s 1160 27 14
s 1161 30 16
s 1162 7 2
s 1169 14 5
s 1179 31 23
s 1286 296 129
s 1287 855 445
s 1288 1411 743
s 1289 715 342
s 1290 281 134
s 1291 530 221
s 1292 811 417
s 1293 224 110
s 1294 1322 690
s 1295 412 219
s 1296 133 59
s 1297 446 219
s 1298 845 437
s 1299 324 151
s 1300 345 170
s 1301 1010 472
s 1302 500 229
s 1303 237 123
s 1305 904 437
s 1306 653 320
s 1307 233 122
s 1308 355 155
s 1309 377 172
s 1310 274 138
s 1311 226 121
s 1312 247 121
s 1313 238 141
s 1314 303 130
s 1315 589 265
s 1316 902 456
s 1317 89 56
s 1318 160 68
s 1319 535 279
s 1320 132 56
s 1321 417 208
s 1322 589 302
s 1323 247 129
s 1324 419 207
s 1325 159 83
s 1326 272 127
s 1327 316 165
s 1328 731 342
s 1329 1053 516
s 1330 87 49
s 1331 144 76
s 1332 142 80
s 1333 470 211
s 1334 1028 529
s 1335 591 310
s 1336 258 141
s 1337 96 46
s 1338 113 54
s 1339 207 103
s 1340 666 355
s 1341 71 38
s 1342 538 307
s 1343 190 96
s 1344 132 65
s 1345 52 23
s 1346 6 2
s 1347 508 253
s 1348 121 64
s 1349 585 292
s 1350 418 209
s 1351 827 429
s 1352 149 68
s 1353 110 50
s 1354 1096 552
s 1355 285 131
s 1356 1034 544
s 1357 94 45
s 1358 237 120
s 1359 62 34
s 1360 244 117
s 1361 182 95
s 1362 95 47
s 1363 40 17
s 1364 408 191
s 1365 483 229
s 1366 1082 522
s 1367 210 111
s 1368 469 266
s 1369 46 14
s 1370 223 103
s 1371 135 65
s 1372 84 47
s 1373 962 490
s 1374 111 58
s 1375 105 53
s 1376 414 188
s 1377 744 353
s 1378 397 174
s 1379 169 84
s 1380 322 165
s 1381 431 238
s 1382 92 45
s 1383 43 27
s 1384 668 355
s 1385 408 180
s 1386 734 377
s 1387 343 184
s 1388 375 179
s 1389 305 147
s 1390 316 157
s 1391 85 39
s 1392 194 103
s 1393 218 118
s 1394 417 201
s 1399 301 152
s 1400 357 159
s 1401 218 121
s 1403 477 207
s 1406 422 219
s 1408 605 308
s 1409 342 160
s 1411 185 95
s 1415 832 468
s 1416 203 103
s 1417 210 104
s 1418 136 67
s 1425 282 143
s 1435 125 64
s 1543 421 190
s 1544 13 4
s 1545 368 166
s 1546 7 1
s 1547 113 46
s 1548 10 4
s 1549 99 35
s 1550 857 390
s 1551 107 54
s 1552 77 37
s 1553 153 64
s 1554 17 8
s 1555 111 49
s 1556 198 98
s 1557 353 145
s 1558 261 116
s 1559 116 57
s 1561 363 158
s 1562 507 227
s 1563 246 114
s 1564 153 74
s 1565 167 64
s 1566 304 134
s 1567 282 130
s 1568 96 51
s 1569 100 55
s 1570 122 53
s 1571 218 80
s 1572 305 129
s 1573 96 49
s 1574 56 18
s 1575 216 90
s 1576 111 45
s 1577 16 8
s 1578 171 83
s 1579 103 45
s 1580 3 2
s 1581 85 37
s 1582 9 5
s 1583 112 52
s 1584 9 2
s 1585 418 188
s 1586 121 66
s 1587 140 64
s 1588 61 32
s 1589 122 46
s 1590 13 7
s 1591 221 102
s 1592 27 9
s 1593 64 29
s 1594 81 38
s 1595 82 39
s 1596 303 150
s 1597 21 8
s 1598 283 157
s 1599 68 30
s 1600 119 55
s 1601 25 10
s 1602 6 2
s 1603 9 5
s 1604 118 53
s 1605 225 97
s 1606 13 6
s 1607 467 223
s 1608 52 20
s 1609 39 13
s 1610 494 231
s 1611 179 76
s 1612 417 203
s 1613 34 13
s 1614 119 50
s 1615 58 25
s 1616 26 11
s 1617 53 25
s 1618 36 23
s 1619 78 30
s 1620 326 144
s 1621 432 189
s 1622 636 262
s 1623 241 112
s 1624 222 106
s 1625 3 1
s 1626 118 55
s 1627 80 41
s 1628 49 24
s 1629 93 41
s 1630 2 0
s 1631 6 3
s 1632 206 78
s 1633 316 134
s 1634 153 61
s 1635 72 32
s 1636 311 149
s 1637 220 93
s 1638 73 31
s 1639 28 15
s 1640 284 140
s 1641 274 114
s 1642 266 135
s 1643 186 83
s 1644 178 66
s 1645 2 2
s 1646 159 85
s 1647 108 52
s 1648 211 97
s 1649 103 49
s 1650 64 23
s 1655 203 88
s 1656 148 61
s 1657 164 68
s 1659 282 115
s 1662 193 79
s 1664 334 148
s 1665 156 76
s 1667 164 83
s 1671 352 163
s 1672 110 43
s 1673 94 39
s 1674 19 6
s 1681 35 16
s 1691 56 26
s 1800 1344 716
s 1801 989 498
s 1802 375 195
s 1803 616 255
s 1804 1266 692
s 1805 240 113
s 1806 1540 795
s 1807 413 221
s 1808 152 82
s 1809 369 198
s 1810 913 462
s 1811 357 156
s 1812 567 293
s 1813 1356 687
s 1814 711 374
s 1815 235 118
s 1817 879 417
s 1818 1438 695
s 1819 691 388
s 1820 285 124
s 1821 275 125
s 1822 823 429
s 1823 818 421
s 1824 222 127
s 1825 336 193
s 1826 279 142
s 1827 632 311
s 1828 1001 501
s 1829 296 144
s 1830 118 58
s 1831 502 238
s 1832 260 112
s 1833 476 243
s 1834 593 341
s 1835 292 140
s 1836 480 248
s 1837 269 132
s 1838 374 182
s 1839 346 180
s 1840 1129 565
s 1841 934 512
s 1842 361 196
s 1843 204 95
s 1844 127 68
s 1845 622 282
s 1846 1273 659
s 1847 603 314
s 1848 308 170
s 1849 147 74
s 1850 225 117
s 1851 236 115
s 1852 560 291
s 1853 101 62
s 1854 580 348
s 1855 284 151
s 1856 376 197
s 1857 71 32
s 1858 36 18
s 1859 605 318
s 1860 345 184
s 1861 483 258
s 1862 530 270
s 1863 834 468
s 1864 190 94
s 1865 122 57
s 1866 1169 591
s 1867 542 266
s 1868 839 476
s 1869 98 58
s 1870 255 126
s 1871 183 84
s 1872 245 134
s 1873 180 94
s 1874 83 49
s 1875 97 45
s 1876 606 317
s 1877 739 372
s 1878 1607 788
s 1879 854 433
s 1880 474 282
s 1881 77 45
s 1882 293 155
s 1883 276 145
s 1884 118 68
s 1885 985 504
s 1886 138 62
s 1887 122 59
s 1888 309 164
s 1889 733 372
s 1890 339 154
s 1891 152 88
s 1892 528 277
s 1893 601 323
s 1894 159 81
s 1895 68 32
s 1896 586 313
s 1897 721 338
s 1898 584 317
s 1899 363 179
s 1900 305 127
s 1901 435 216
s 1902 507 275
s 1903 357 196
s 1904 674 350
s 1905 250 138
s 1906 342 153
s 1911 569 292
s 1912 259 128
s 1913 531 280
s 1915 878 402
s 1918 361 178
s 1920 848 409
s 1921 383 178
s 1923 522 266
s 1927 689 370
s 1928 241 135
s 1929 176 87
s 1930 201 92
s 1937 345 152
s 1947 144 66
s 2057 1504 778
s 2058 20 9
s 2059 384 159
s 2060 16 9
s 2061 407 230
s 2062 2439 1327
s 2063 455 241
s 2064 237 133
s 2065 581 294
s 2066 25 12
s 2067 259 129
s 2068 527 286
s 2069 1343 685
s 2070 1052 560
s 2071 369 217
s 2073 1341 701
s 2074 2107 1097
s 2075 964 528
s 2076 474 240
s 2077 518 268
s 2078 1189 641
s 2079 1307 718
s 2080 207 111
s 2081 433 250
s 2082 421 219
s 2083 800 383
s 2084 1072 543
s 2085 314 158
s 2086 184 105
s 2087 861 458
s 2088 342 181
s 2089 37 18
s 2090 525 300
s 2091 312 162
s 2092 18 10
s 2093 372 210
s 2094 60 25
s 2095 525 272
s 2096 32 13
s 2097 1392 754
s 2098 351 186
s 2099 263 142
s 2100 203 115
s 2101 420 191
s 2102 33 13
s 2103 808 413
s 2104 104 57
s 2105 174 97
s 2106 274 136
s 2107 316 144
s 2108 887 489
s 2109 81 41
s 2110 882 512
s 2111 205 103
s 2112 547 266
s 2113 81 40
s 2114 26 11
s 2115 16 10
s 2116 398 213
s 2117 820 418
s 2118 57 27
s 2119 1462 803
s 2120 193 95
s 2121 104 47
s 2122 1643 859
s 2123 733 350
s 2124 1391 832
s 2125 138 78
s 2126 368 196
s 2127 178 90
s 2128 58 20
s 2129 153 75
s 2130 84 43
s 2131 142 71
s 2132 925 485
s 2133 904 450
s 2134 2398 1226
s 2135 1059 572
s 2136 840 491
s 2137 15 9
s 2138 388 200
s 2139 247 125
s 2140 153 91
s 2141 297 140
s 2142 11 5
s 2143 9 5
s 2144 552 285
s 2145 1331 727
s 2146 510 254
s 2147 214 107
s 2148 655 355
s 2149 942 498
s 2150 155 85
s 2151 78 48
s 2152 1007 548
s 2153 900 486
s 2154 1025 555
s 2155 596 338
s 2156 575 287
s 2157 9 4
s 2158 586 329
s 2159 380 200
s 2160 837 443
s 2161 309 164
s 2162 206 89
s 2167 807 444
s 2168 507 249
s 2169 895 476
s 2171 1199 610
s 2174 584 306
s 2176 1247 653
s 2177 461 237
s 2179 638 334
s 2183 1077 546
s 2184 322 171
s 2185 295 153
s 2186 63 29
s 2193 164 87
s 2203 185 89
s 2314 355 168
s 2315 640 245
s 2316 1057 565
s 2317 355 180
s 2318 1554 775
s 2319 453 224
s 2320 233 108
s 2321 530 252
s 2322 1237 644
s 2323 437 220
s 2324 489 253
s 2325 1193 589
s 2326 550 272
s 2327 364 191
s 2329 1182 600
s 2330 1194 577
s 2331 503 256
s 2332 459 217
s 2333 526 249
s 2334 603 326
s 2335 628 315
s 2336 279 140
s 2337 339 192
s 2338 350 197
s 2339 750 343
s 2340 1139 542
s 2341 188 95
s 2342 169 73
s 2343 715 333
s 2344 162 76
s 2345 486 253
s 2346 800 431
s 2347 292 138
s 2348 509 257
s 2349 156 83
s 2350 341 157
s 2351 387 174
s 2352 1145 578
s 2353 1684 927
s 2354 240 130
s 2355 224 114
s 2356 212 112
s 2357 638 286
s 2358 1581 778
s 2359 630 300
s 2360 327 167
s 2361 141 64
s 2362 159 71
s 2363 272 110
s 2364 953 509
s 2365 94 51
s 2366 452 224
s 2367 199 89
s 2368 280 135
s 2369 55 22
s 2370 23 8
s 2371 675 346
s 2372 216 118
s 2373 740 387
s 2374 485 258
s 2375 802 430
s 2376 160 76
s 2377 139 55
s 2378 1367 725
s 2379 354 172
s 2380 1474 777
s 2381 162 81
s 2382 368 186
s 2383 152 77
s 2384 301 174
s 2385 236 128
s 2386 109 63
s 2387 96 48
s 2388 612 290
s 2389 706 348
s 2390 1223 617
s 2391 588 307
s 2392 469 245
s 2393 73 36
s 2394 350 174
s 2395 251 124
s 2396 139 66
s 2397 1218 635
s 2398 156 76
s 2399 133 64
s 2400 581 303
s 2401 831 410
s 2402 545 241
s 2403 208 93
s 2404 449 221
s 2405 449 255
s 2406 132 69
s 2407 69 35
s 2408 853 450
s 2409 507 243
s 2410 1018 519
s 2411 451 220
s 2412 540 264
s 2413 463 206
s 2414 409 215
s 2415 212 108
s 2416 501 280
s 2417 337 178
s 2418 465 202
s 2423 444 231
s 2424 453 228
s 2425 339 171
s 2427 710 310
s 2430 533 267
s 2432 700 327
s 2433 447 217
s 2435 332 156
s 2439 1032 546
s 2440 248 143
s 2441 270 142
s 2442 190 89
s 2449 433 195
s 2459 177 82
s 2571 112 40
s 2572 14 4
s 2573 101 55
s 2574 685 342
s 2575 109 59
s 2576 75 34
s 2577 150 78
s 2578 23 9
s 2579 69 25
s 2580 141 73
s 2581 356 181
s 2582 240 100
s 2583 89 39
s 2585 366 179
s 2586 560 277
s 2587 223 94
s 2588 137 68
s 2589 133 51
s 2590 262 125
s 2591 263 138
s 2592 57 30
s 2593 129 71
s 2594 131 58
s 2595 185 79
s 2596 305 151
s 2597 101 59
s 2598 64 41
s 2599 211 95
s 2600 91 38
s 2601 8 3
s 2602 150 79
s 2603 76 44
s 2604 8 2
s 2605 84 43
s 2606 17 5
s 2607 120 65
s 2608 15 9
s 2609 413 202
s 2610 119 61
s 2611 103 50
s 2612 54 33
s 2613 101 41
s 2614 18 8
s 2615 242 121
s 2616 36 10
s 2617 62 31
s 2618 65 33
s 2619 91 40
s 2620 290 147
s 2621 40 19
s 2622 293 167
s 2623 66 31
s 2624 140 69
s 2625 31 12
s 2626 7 4
s 2627 9 4
s 2628 124 66
s 2629 183 85
s 2630 18 8
s 2631 426 220
s 2632 40 21
s 2633 28 11
s 2634 487 258
s 2635 166 88
s 2636 343 185
s 2637 43 19
s 2638 109 51
s 2639 60 24
s 2640 23 14
s 2641 39 21
s 2642 38 16
s 2643 51 23
s 2644 242 107
s 2645 312 157
s 2646 601 291
s 2647 276 147
s 2648 205 122
s 2649 4 2
s 2650 153 61
s 2651 92 50
s 2652 55 26
s 2653 82 37
s 2655 3 2
s 2656 156 75
s 2657 291 141
s 2658 171 64
s 2659 62 29
s 2660 247 133
s 2661 269 127
s 2662 61 28
s 2663 38 22
s 2664 238 108
s 2665 328 181
s 2666 298 149
s 2667 184 96
s 2668 131 60
s 2669 4 1
s 2670 159 75
s 2671 121 58
s 2672 214 124
s 2673 96 51
s 2674 67 32
s 2679 227 115
s 2680 126 56
s 2681 217 114
s 2683 343 153
s 2686 158 76
s 2688 295 141
s 2689 135 69
s 2691 206 101
s 2695 312 162
s 2696 111 49
s 2697 79 42
s 2698 16 10
s 2705 50 25
s 2715 74 37
s 2828 290 142
s 2829 106 36
s 2830 1259 493
s 2831 169 59
s 2832 103 32
s 2833 141 53
s 2834 279 113
s 2835 194 80
s 2836 326 128
s 2837 671 273
s 2838 412 160
s 2839 170 71
s 2841 410 141
s 2842 954 369
s 2843 464 206
s 2844 284 98
s 2845 257 109
s 2846 507 176
s 2847 506 221
s 2848 99 39
s 2849 218 100
s 2850 149 62
s 2851 271 104
s 2852 428 160
s 2853 169 56
s 2854 94 33
s 2855 238 90
s 2856 172 62
s 2857 145 43
s 2858 309 135
s 2859 108 43
s 2860 139 60
s 2861 156 61
s 2862 124 52
s 2863 164 62
s 2864 336 123
s 2865 644 253
s 2866 223 103
s 2867 183 59
s 2868 56 25
s 2869 258 85
s 2870 396 171
s 2871 387 149
s 2872 99 32
s 2873 122 48
s 2874 113 45
s 2875 109 39
s 2876 447 184
s 2877 41 17
s 2878 425 196
s 2879 146 57
s 2880 273 89
s 2881 36 16
s 2882 21 9
s 2883 161 60
s 2884 212 93
s 2885 339 127
s 2886 137 51
s 2887 699 293
s 2888 100 39
s 2889 65 21
s 2890 609 246
s 2891 295 111
s 2892 369 164
s 2893 65 31
s 2894 157 58
s 2895 114 39
s 2896 73 28
s 2897 96 37
s 2898 38 19
s 2899 120 42
s 2900 496 183
s 2901 548 208
s 2902 1114 434
s 2903 483 181
s 2904 325 137
s 2905 20 7
s 2906 165 62
s 2907 164 66
s 2908 77 33
s 2909 349 135
s 2910 47 22
s 2911 41 16
s 2912 312 127
s 2913 628 253
s 2914 256 101
s 2915 104 41
s 2916 547 225
s 2917 378 158
s 2918 106 43
s 2919 38 13
s 2920 476 221
s 2921 499 182
s 2922 261 108
s 2923 290 104
s 2924 207 75
s 2925 150 49
s 2926 274 103
s 2927 221 96
s 2928 412 150
s 2929 74 27
s 2930 144 48
s 2935 336 151
s 2936 186 67
s 2937 337 144
s 2939 570 205
s 2942 187 65
s 2944 529 201
s 2945 270 94
s 2947 323 124
s 2951 574 226
s 2952 158 63
s 2953 141 61
s 2954 68 17
s 2961 99 26
s 2971 111 51
s 3085 283 136
s 3086 1806 958
s 3087 253 143
s 3088 148 72
s 3089 435 215
s 3090 23 11
s 3091 192 91
s 3092 385 188
s 3093 1011 529
s 3094 763 398
s 3095 309 162
s 3097 1060 535
s 3098 1505 773
s 3099 665 349
s 3100 319 155
s 3101 406 194
s 3102 848 452
s 3103 848 453
s 3104 120 60
s 3105 360 203
s 3106 354 192
s 3107 556 287
s 3108 797 411
s 3109 294 142
s 3110 155 79
s 3111 518 282
s 3112 276 141
s 3113 14 8
s 3114 339 176
s 3115 280 144
s 3116 10 5
s 3117 250 134
s 3118 51 24
s 3119 338 184
s 3120 23 10
s 3121 1267 703
s 3122 417 238
s 3123 237 123
s 3124 135 62
s 3125 269 138
s 3126 23 11
s 3127 619 349
s 3128 69 29
s 3129 150 80
s 3130 186 91
s 3131 244 115
s 3132 746 421
s 3133 106 58
s 3134 792 459
s 3135 171 96
s 3136 405 195
s 3137 84 35
s 3138 29 17
s 3139 14 5
s 3140 299 181
s 3141 512 269
s 3142 37 17
s 3143 1087 584
s 3144 140 71
s 3145 83 41
s 3146 1472 829
s 3147 482 236
s 3148 1044 575
s 3149 113 51
s 3150 297 177
s 3151 177 99
s 3152 56 23
s 3153 89 36
s 3154 67 29
s 3155 113 53
s 3156 615 292
s 3157 772 401
s 3158 1791 950
s 3159 801 455
s 3160 583 323
s 3161 7 2
s 3162 423 241
s 3163 221 109
s 3164 133 74
s 3165 200 98
s 3166 11 5
s 3167 15 8
s 3168 365 179
s 3169 794 413
s 3170 434 213
s 3171 186 95
s 3172 552 294
s 3173 688 362
s 3174 137 75
s 3175 66 39
s 3176 712 375
s 3177 919 510
s 3178 834 406
s 3179 467 253
s 3180 395 185
s 3181 8 4
s 3182 514 286
s 3183 295 142
s 3184 756 453
s 3185 278 155
s 3186 138 61
s 3191 590 312
s 3192 374 172
s 3193 652 361
s 3195 1026 520
s 3198 403 229
s 3200 931 461
s 3201 360 179
s 3203 572 297
s 3207 931 497
s 3208 237 120
s 3209 261 129
s 3210 43 18
s 3217 105 48
s 3227 184 93
s 3342 508 260
s 3343 99 49
s 3344 39 19
s 3345 4 2
s 3346 298 167
s 3347 113 63
s 3348 151 68
s 3349 364 175
s 3350 174 92
s 3351 55 33
s 3353 56 25
s 3354 428 201
s 3355 211 99
s 3356 111 50
s 3357 122 61
s 3358 278 146
s 3359 244 138
s 3360 37 17
s 3361 113 57
s 3362 7 4
s 3363 51 21
s 3364 169 81
s 3365 89 43
s 3366 34 21
s 3367 46 19
s 3368 76 36
s 3369 118 52
s 3370 170 83
s 3371 38 18
s 3372 117 51
s 3373 66 33
s 3374 90 34
s 3375 56 32
s 3376 279 134
s 3377 231 127
s 3378 91 48
s 3379 84 35
s 3380 14 10
s 3381 157 65
s 3382 423 203
s 3383 216 113
s 3384 68 33
s 3385 44 22
s 3386 62 25
s 3387 43 16
s 3388 232 132
s 3389 16 8
s 3390 270 148
s 3391 86 43
s 3392 116 57
s 3393 11 3
s 3394 6 4
s 3395 165 86
s 3396 80 40
s 3397 187 99
s 3398 126 67
s 3399 317 170
s 3400 65 36
s 3401 26 13
s 3402 99 54
s 3403 124 50
s 3404 13 5
s 3405 31 14
s 3406 88 44
s 3407 61 26
s 3408 68 33
s 3409 61 32
s 3410 10 6
s 3411 37 16
s 3412 211 106
s 3413 270 128
s 3414 481 233
s 3415 230 110
s 3416 165 93
s 3417 17 9
s 3418 37 15
s 3419 62 29
s 3420 42 19
s 3421 246 117
s 3422 22 12
s 3423 32 13
s 3424 128 67
s 3425 221 95
s 3426 127 59
s 3427 43 17
s 3428 198 97
s 3429 183 95
s 3430 51 29
s 3431 23 13
s 3432 197 105
s 3433 256 135
s 3434 17 6
s 3435 90 42
s 3436 132 58
s 3437 115 49
s 3438 115 62
s 3439 93 43
s 3440 222 123
s 3441 9 4
s 3442 85 40
s 3447 219 112
s 3448 40 18
s 3449 164 76
s 3451 324 167
s 3454 25 19
s 3456 206 103
s 3457 124 63
s 3459 181 95
s 3463 269 119
s 3464 53 25
s 3465 54 27
s 3466 51 25
s 3473 77 36
s 3483 54 29
s 3599 774 405
s 3600 298 142
s 3601 817 412
s 3602 1706 876
s 3603 664 297
s 3604 1047 529
s 3605 2469 1288
s 3606 1152 572
s 3607 456 231
s 3609 2074 981
s 3610 2338 1104
s 3611 983 524
s 3612 598 265
s 3613 648 312
s 3614 1303 645
s 3615 1280 717
s 3616 452 241
s 3617 620 357
s 3618 696 327
s 3619 1364 668
s 3620 1941 984
s 3621 424 208
s 3622 244 104
s 3623 1100 537
s 3624 427 220
s 3625 811 389
s 3626 993 493
s 3627 495 242
s 3628 869 442
s 3629 434 235
s 3630 661 311
s 3631 737 392
s 3632 2107 1069
s 3633 2053 1068
s 3634 544 282
s 3635 317 145
s 3636 333 191
s 3637 1031 477
s 3638 2175 1091
s 3639 1138 555
s 3640 640 323
s 3641 279 152
s 3642 319 161
s 3643 472 217
s 3644 1188 592
s 3645 170 85
s 3646 871 515
s 3647 441 220
s 3648 620 305
s 3649 119 49
s 3650 61 32
s 3651 1068 539
s 3652 533 301
s 3653 1008 489
s 3654 817 395
s 3655 1300 624
s 3656 355 180
s 3657 245 120
s 3658 2542 1329
s 3659 915 468
s 3660 2067 1147
s 3661 202 94
s 3662 476 245
s 3663 276 127
s 3664 499 240
s 3665 299 135
s 3666 210 126
s 3667 149 70
s 3668 925 451
s 3669 1015 490
s 3670 2615 1290
s 3671 1256 642
s 3672 854 488
s 3673 152 84
s 3674 601 313
s 3675 568 283
s 3676 224 111
s 3677 1831 936
s 3678 291 164
s 3679 245 114
s 3680 654 345
s 3681 1298 633
s 3682 646 308
s 3683 297 135
s 3684 767 370
s 3685 1063 537
s 3686 250 130
s 3687 106 54
s 3688 1134 564
s 3689 1243 626
s 3690 1436 690
s 3691 715 363
s 3692 660 298
s 3693 767 362
s 3694 870 451
s 3695 615 325
s 3696 1079 543
s 3697 612 336
s 3698 710 316
s 3703 993 520
s 3704 674 317
s 3705 1016 563
s 3707 1319 636
s 3710 809 401
s 3712 1540 782
s 3713 567 257
s 3715 796 423
s 3719 1393 734
s 3720 496 248
s 3721 402 199
s 3722 348 161
s 3729 624 279
s 3739 264 142
s 3856 56 28
s 3857 168 83
s 3858 356 182
s 3859 167 83
s 3860 208 109
s 3861 445 218
s 3862 292 139
s 3863 83 40
s 3865 367 182
s 3866 628 337
s 3867 307 146
s 3868 81 39
s 3869 67 31
s 3870 363 177
s 3871 341 173
s 3872 112 50
s 3873 51 22
s 3874 106 56
s 3875 262 135
s 3876 318 165
s 3877 127 68
s 3878 35 17
s 3879 230 117
s 3880 132 57
s 3881 168 87
s 3882 208 114
s 3883 70 34
s 3884 141 61
s 3885 90 42
s 3886 81 30
s 3887 107 56
s 3888 294 126
s 3889 312 163
s 3890 104 61
s 3891 125 59
s 3892 53 20
s 3893 230 106
s 3894 440 243
s 3895 116 63
s 3896 101 46
s 3897 44 25
s 3898 79 41
s 3899 81 33
s 3900 134 74
s 3901 23 9
s 3902 338 184
s 3903 90 44
s 3904 159 80
s 3905 23 10
s 3906 10 5
s 3907 231 125
s 3908 129 63
s 3909 140 72
s 3910 150 80
s 3911 571 292
s 3912 77 39
s 3913 49 22
s 3914 454 243
s 3915 213 108
s 3916 435 248
s 3917 18 9
s 3918 64 32
s 3919 68 39
s 3920 75 33
s 3921 44 28
s 3922 37 18
s 3923 43 22
s 3924 325 160
s 3925 325 141
s 3926 679 327
s 3927 359 193
s 3928 283 147
s 3929 18 11
s 3930 105 60
s 3931 134 71
s 3932 26 16
s 3933 399 194
s 3934 32 17
s 3935 36 18
s 3936 76 41
s 3937 254 126
s 3938 97 47
s 3939 35 18
s 3940 292 155
s 3941 258 109
s 3942 47 23
s 3943 22 12
s 3944 139 68
s 3945 266 121
s 3946 306 154
s 3947 232 118
s 3948 89 46
s 3949 106 44
s 3950 145 76
s 3951 122 62
s 3952 227 123
s 3953 93 43
s 3954 179 83
s 3959 271 136
s 3960 129 66
s 3961 217 116
s 3963 338 162
s 3966 142 70
s 3968 294 151
s 3969 60 30
s 3971 184 100
s 3975 166 86
s 3976 106 54
s 3977 51 28
s 3978 58 26
s 3985 92 50
s 3995 66 35
s 4113 55 28
s 4114 162 79
s 4115 61 30
s 4116 92 43
s 4117 236 121
s 4118 147 72
s 4119 36 19
s 4121 155 70
s 4122 276 144
s 4123 128 62
s 4124 26 15
s 4125 28 10
s 4126 166 76
s 4127 170 78
s 4128 42 15
s 4129 25 11
s 4130 31 19
s 4131 118 41
s 4132 116 52
s 4133 64 31
s 4134 13 4
s 4135 78 35
s 4136 52 21
s 4137 102 40
s 4138 88 49
s 4139 30 17
s 4140 85 52
s 4141 52 27
s 4142 67 33
s 4143 44 18
s 4144 184 92
s 4145 124 56
s 4146 62 32
s 4147 41 18
s 4148 17 8
s 4149 117 46
s 4150 225 106
s 4151 43 20
s 4152 58 30
s 4153 15 6
s 4154 43 16
s 4155 35 16
s 4156 47 20
s 4157 9 6
s 4158 116 61
s 4159 51 27
s 4160 74 31
s 4161 6 1
s 4162 5 4
s 4163 106 61
s 4164 78 36
s 4165 45 21
s 4166 90 51
s 4167 195 104
s 4168 34 14
s 4169 22 10
s 4170 231 110
s 4171 104 51
s 4172 140 79
s 4173 11 7
s 4174 15 4
s 4175 33 16
s 4176 36 14
s 4177 20 9
s 4178 16 7
s 4179 28 13
s 4180 135 70
s 4181 132 58
s 4182 342 162
s 4183 154 74
s 4184 108 62
s 4185 9 1
s 4186 62 33
s 4187 51 24
s 4188 15 7
s 4189 167 71
s 4190 20 9
s 4191 22 10
s 4192 25 14
s 4193 113 52
s 4194 37 13
s 4195 13 4
s 4196 111 45
s 4197 126 60
s 4198 37 17
s 4199 13 5
s 4200 49 26
s 4201 135 66
s 4202 107 53
s 4203 65 30
s 4204 23 12
s 4205 69 23
s 4206 80 38
s 4207 66 36
s 4208 125 59
s 4209 40 21
s 4210 66 23
s 4215 113 60
s 4216 42 18
s 4217 114 57
s 4219 176 73
s 4222 78 46
s 4224 181 97
s 4225 26 11
s 4227 94 45
s 4231 62 37
s 4232 35 17
s 4233 24 15
s 4234 33 18
s 4241 53 25
s 4251 32 18
s 4370 407 213
s 4371 163 73
s 4372 248 116
s 4373 549 296
s 4374 251 118
s 4375 87 42
s 4377 96 48
s 4378 666 313
s 4379 348 171
s 4380 162 77
s 4381 161 84
s 4382 369 169
s 4383 409 215
s 4384 77 37
s 4385 143 80
s 4386 16 5
s 4387 111 44
s 4388 277 139
s 4389 117 56
s 4390 60 27
s 4391 60 21
s 4392 135 54
s 4393 164 78
s 4394 279 144
s 4395 68 37
s 4396 204 99
s 4397 104 40
s 4398 116 49
s 4399 80 41
s 4400 429 210
s 4401 349 179
s 4402 123 63
s 4403 151 68
s 4404 18 7
s 4405 253 121
s 4406 621 313
s 4407 267 136
s 4408 101 46
s 4409 70 38
s 4410 103 52
s 4411 49 21
s 4412 380 179
s 4413 11 5
s 4414 364 186
s 4415 118 60
s 4416 163 67
s 4417 23 12
s 4418 10 2
s 4419 244 126
s 4420 147 74
s 4421 336 163
s 4422 187 90
s 4423 507 248
s 4424 93 32
s 4425 43 18
s 4426 171 77
s 4427 294 148
s 4428 40 19
s 4429 54 32
s 4430 117 56
s 4431 78 44
s 4432 107 52
s 4433 75 41
s 4434 11 7
s 4435 53 26
s 4436 322 157
s 4437 379 169
s 4438 700 341
s 4439 419 212
s 4440 219 112
s 4441 29 13
s 4442 92 35
s 4443 127 68
s 4444 49 18
s 4445 463 215
s 4446 47 19
s 4447 43 27
s 4448 188 101
s 4449 307 124
s 4450 198 88
s 4451 87 44
s 4452 272 122
s 4453 279 142
s 4454 76 32
s 4455 35 18
s 4456 317 162
s 4457 351 172
s 4458 25 8
s 4459 130 61
s 4460 193 88
s 4461 169 78
s 4462 161 79
s 4463 137 66
s 4464 282 148
s 4465 16 11
s 4466 140 63
s 4471 324 154
s 4472 74 33
s 4473 268 142
s 4475 458 211
s 4478 42 19
s 4480 288 137
s 4481 161 79
s 4483 230 118
s 4487 405 180
s 4488 82 37
s 4489 88 41
s 4490 67 32
s 4497 128 57
s 4507 91 44
s 4627 195 94
s 4628 410 212
s 4629 1076 516
s 4630 726 363
s 4631 255 121
s 4633 1053 535
s 4634 1426 732
s 4635 651 337
s 4636 386 200
s 4637 402 188
s 4638 856 445
s 4639 838 432
s 4640 185 102
s 4641 333 206
s 4642 352 181
s 4643 559 253
s 4644 861 435
s 4645 262 123
s 4646 145 70
s 4647 602 295
s 4648 286 131
s 4649 36 16
s 4650 328 157
s 4651 276 152
s 4652 19 9
s 4653 257 142
s 4654 51 20
s 4655 355 188
s 4656 40 21
s 4657 1059 569
s 4658 299 158
s 4659 253 140
s 4660 173 99
s 4661 347 131
s 4662 24 12
s 4663 662 347
s 4664 78 40
s 4665 170 100
s 4666 223 115
s 4667 255 138
s 4668 716 412
s 4669 73 39
s 4670 780 451
s 4671 177 93
s 4672 348 158
s 4673 72 30
s 4674 29 15
s 4675 19 7
s 4676 318 177
s 4677 606 321
s 4678 39 19
s 4679 1153 634
s 4680 141 74
s 4681 52 17
s 4682 1415 734
s 4683 541 273
s 4684 1107 639
s 4685 128 72
s 4686 308 157
s 4687 159 80
s 4688 53 24
s 4689 99 61
s 4690 85 52
s 4691 87 40
s 4692 702 384
s 4693 758 378
s 4694 1848 967
s 4695 742 377
s 4696 602 341
s 4697 5 1
s 4698 398 194
s 4699 258 141
s 4700 147 77
s 4701 254 140
s 4702 7 4
s 4703 20 11
s 4704 365 187
s 4705 933 483
s 4706 425 204
s 4707 155 88
s 4708 487 253
s 4709 731 371
s 4710 140 73
s 4711 63 33
s 4712 650 343
s 4713 846 449
s 4714 807 409
s 4715 470 243
s 4716 393 183
s 4717 10 5
s 4718 531 298
s 4719 397 237
s 4720 717 377
s 4721 275 150
s 4722 156 78
s 4727 601 308
s 4728 395 202
s 4729 579 312
s 4731 965 482
s 4734 446 237
s 4736 822 392
s 4737 371 175
s 4739 554 278
s 4743 864 467
s 4744 263 142
s 4745 229 116
s 4746 48 23
s 4753 100 52
s 4763 170 89
s 4884 207 95
s 4885 467 209
s 4886 285 127
s 4887 102 44
s 4889 422 167
s 4890 596 259
s 4891 267 129
s 4892 127 49
s 4893 96 43
s 4894 349 165
s 4895 326 157
s 4896 90 42
s 4897 128 72
s 4898 121 64
s 4899 270 100
s 4900 383 189
s 4901 110 46
s 4902 45 23
s 4903 214 91
s 4904 101 40
s 4905 100 50
s 4906 155 78
s 4907 106 53
s 4908 84 36
s 4909 96 55
s 4910 78 33
s 4911 110 50
s 4912 231 109
s 4913 383 195
s 4914 132 67
s 4915 77 30
s 4916 58 33
s 4917 214 92
s 4918 259 122
s 4919 233 126
s 4920 78 32
s 4921 64 40
s 4922 92 47
s 4923 103 50
s 4924 246 108
s 4925 30 14
s 4926 290 142
s 4927 101 46
s 4928 161 64
s 4929 21 9
s 4930 13 5
s 4931 112 60
s 4932 130 58
s 4933 211 95
s 4934 135 65
s 4935 385 185
s 4936 75 34
s 4937 54 22
s 4938 502 241
s 4939 198 86
s 4940 342 171
s 4941 71 37
s 4942 134 67
s 4943 62 22
s 4944 56 24
s 4945 57 28
s 4946 30 19
s 4947 39 15
s 4948 233 92
s 4949 302 142
s 4950 639 292
s 4951 302 153
s 4952 209 105
s 4953 19 6
s 4954 144 70
s 4955 135 57
s 4956 64 31
s 4957 276 132
s 4958 26 15
s 4959 30 13
s 4960 140 59
s 4961 367 154
s 4962 186 74
s 4963 56 21
s 4964 203 99
s 4965 217 83
s 4966 63 36
s 4967 17 11
s 4968 236 100
s 4969 330 155
s 4970 256 115
s 4971 163 69
s 4972 135 60
s 4973 79 33
s 4974 217 96
s 4975 140 61
s 4976 281 122
s 4977 106 54
s 4978 108 47
s 4983 246 115
s 4984 138 64
s 4985 232 117
s 4987 317 122
s 4990 177 83
s 4992 368 167
s 4993 167 79
s 4995 192 98
s 4999 354 173
s 5000 75 33
s 5001 87 40
s 5002 50 22
s 5009 74 32
s 5019 64 26
s 5141 607 292
s 5142 378 180
s 5143 163 81
s 5145 606 298
s 5146 689 339
s 5147 295 160
s 5148 217 107
s 5149 204 99
s 5150 375 199
s 5151 361 201
s 5152 131 65
s 5153 147 76
s 5154 216 115
s 5155 398 201
s 5156 501 264
s 5157 111 53
s 5158 92 51
s 5159 330 152
s 5160 127 60
s 5161 212 118
s 5162 301 167
s 5163 155 73
s 5164 214 106
s 5165 142 77
s 5166 139 56
s 5167 200 88
s 5168 464 235
s 5169 639 347
s 5170 149 93
s 5171 121 61
s 5172 85 41
s 5173 253 120
s 5174 480 248
s 5175 247 128
s 5176 135 68
s 5177 78 46
s 5178 103 45
s 5179 130 73
s 5180 391 221
s 5181 47 31
s 5182 337 180
s 5183 145 82
s 5184 184 86
s 5185 28 14
s 5186 8 1
s 5187 240 123
s 5188 135 71
s 5189 304 162
s 5190 217 115
s 5191 537 285
s 5192 87 44
s 5193 93 37
s 5194 780 423
s 5195 218 103
s 5196 609 335
s 5197 56 35
s 5198 182 87
s 5199 61 28
s 5200 108 50
s 5201 94 49
s 5202 50 22
s 5203 58 16
s 5204 371 160
s 5205 418 213
s 5206 845 452
s 5207 312 176
s 5208 298 166
s 5209 20 8
s 5210 170 93
s 5211 153 70
s 5212 74 39
s 5213 445 247
s 5214 55 25
s 5215 60 33
s 5216 212 98
s 5217 518 266
s 5218 217 106
s 5219 87 45
s 5220 323 176
s 5221 337 172
s 5222 80 44
s 5223 28 15
s 5224 369 190
s 5225 373 177
s 5226 431 229
s 5227 271 145
s 5228 247 109
s 5229 154 70
s 5230 199 104
s 5231 138 78
s 5232 243 129
s 5233 157 89
s 5234 195 88
s 5239 274 130
s 5240 215 105
s 5241 262 143
s 5243 351 169
s 5246 239 111
s 5248 414 213
s 5249 212 102
s 5251 200 101
s 5255 453 250
s 5256 142 78
s 5257 115 53
s 5258 81 44
s 5265 146 68
s 5275 90 34
s 5398 864 423
s 5399 376 182
s 5401 1206 562
s 5402 1718 794
s 5403 785 412
s 5404 486 226
s 5405 522 262
s 5406 1081 546
s 5407 951 478
s 5408 320 171
s 5409 363 194
s 5410 407 196
s 5411 764 328
s 5412 1214 580
s 5413 318 154
s 5414 188 91
s 5415 664 334
s 5416 288 123
s 5417 501 263
s 5418 784 432
s 5419 291 143
s 5420 480 210
s 5421 264 130
s 5422 343 142
s 5423 442 228
s 5424 1017 501
s 5425 1579 854
s 5426 353 183
s 5427 343 183
s 5428 222 115
s 5429 669 283
s 5430 1419 707
s 5431 654 305
s 5432 286 132
s 5433 202 111
s 5434 227 101
s 5435 337 153
s 5436 960 477
s 5437 95 56
s 5438 871 499
s 5439 294 140
s 5440 438 195
s 5441 74 28
s 5442 37 21
s 5443 658 337
s 5444 382 186
s 5445 784 373
s 5446 556 264
s 5447 1410 731
s 5448 252 111
s 5449 167 76
s 5450 1643 817
s 5451 633 310
s 5452 1344 675
s 5453 156 80
s 5454 379 180
s 5455 184 79
s 5456 288 137
s 5457 218 109
s 5458 124 75
s 5459 168 78
s 5460 946 439
s 5461 1092 553
s 5462 2020 977
s 5463 956 460
s 5464 709 369
s 5465 69 36
s 5466 410 197
s 5467 345 175
s 5468 151 73
s 5469 1129 561
s 5470 132 61
s 5471 116 55
s 5472 571 283
s 5473 1044 477
s 5474 613 309
s 5475 220 96
s 5476 867 435
s 5477 710 340
s 5478 206 120
s 5479 93 55
s 5480 933 436
s 5481 896 423
s 5482 1025 508
s 5483 622 301
s 5484 490 213
s 5485 366 166
s 5486 577 312
s 5487 387 214
s 5488 769 383
s 5489 345 183
s 5490 458 204
s 5495 742 399
s 5496 484 225
s 5497 616 319
s 5499 995 472
s 5502 610 305
s 5504 980 484
s 5505 490 218
s 5507 590 297
s 5511 1185 613
s 5512 368 161
s 5513 288 149
s 5514 209 100
s 5521 389 172
s 5531 222 119
s 5655 228 112
s 5657 624 325
s 5658 975 455
s 5659 471 251
s 5660 322 164
s 5661 316 150
s 5662 510 241
s 5663 477 232
s 5664 171 93
s 5665 228 136
s 5666 221 107
s 5667 454 218
s 5668 701 338
s 5669 162 90
s 5670 107 54
s 5671 380 181
s 5672 147 65
s 5673 388 172
s 5674 511 264
s 5675 171 78
s 5676 365 183
s 5677 127 55
s 5678 262 107
s 5679 234 118
s 5680 768 377
s 5681 895 433
s 5682 158 76
s 5683 151 87
s 5684 112 53
s 5685 424 173
s 5686 999 490
s 5687 415 178
s 5688 249 127
s 5689 99 62
s 5690 130 65
s 5691 172 73
s 5692 605 313
s 5693 44 18
s 5694 341 175
s 5695 206 93
s 5696 247 111
s 5697 40 19
s 5698 16 12
s 5699 541 282
s 5700 197 105
s 5701 515 257
s 5702 366 193
s 5703 708 371
s 5704 130 55
s 5705 78 29
s 5706 860 430
s 5707 287 120
s 5708 660 358
s 5709 65 33
s 5710 228 110
s 5711 86 44
s 5712 193 92
s 5713 185 89
s 5714 64 37
s 5715 75 35
s 5716 460 234
s 5717 506 216
s 5718 977 477
s 5719 465 241
s 5720 357 184
s 5721 43 21
s 5722 176 80
s 5723 156 79
s 5724 91 43
s 5725 757 367
s 5726 97 47
s 5727 94 44
s 5728 317 150
s 5729 660 322
s 5730 341 139
s 5731 122 55
s 5732 346 174
s 5733 361 172
s 5734 121 63
s 5735 50 29
s 5736 715 379
s 5737 406 199
s 5738 427 207
s 5739 271 143
s 5740 352 157
s 5741 299 141
s 5742 277 132
s 5743 190 105
s 5744 363 179
s 5745 148 75
s 5746 270 113
s 5751 314 142
s 5752 246 117
s 5753 304 159
s 5755 497 221
s 5758 280 158
s 5760 493 223
s 5761 333 155
s 5763 269 136
s 5767 732 372
s 5768 159 78
s 5769 157 77
s 5770 109 49
s 5777 232 110
s 5787 133 60
s 5913 229 113
s 5914 460 223
s 5915 233 127
s 5916 51 30
s 5917 42 20
s 5918 281 141
s 5919 314 166
s 5920 68 31
s 5921 54 23
s 5922 87 43
s 5923 194 95
s 5924 220 109
s 5925 105 56
s 5926 16 6
s 5927 125 62
s 5928 68 38
s 5929 127 71
s 5930 108 60
s 5931 52 25
s 5932 151 72
s 5933 69 41
s 5934 92 41
s 5935 65 30
s 5936 295 137
s 5937 215 118
s 5938 91 52
s 5939 73 41
s 5940 42 23
s 5941 141 57
s 5942 336 183
s 5943 71 34
s 5944 64 34
s 5945 29 18
s 5946 50 22
s 5947 60 30
s 5948 67 30
s 5949 16 11
s 5950 215 107
s 5951 100 50
s 5952 119 59
s 5953 18 6
s 5954 11 6
s 5955 169 81
s 5956 88 43
s 5957 75 31
s 5958 146 85
s 5959 299 160
s 5960 77 41
s 5961 24 7
s 5962 371 184
s 5963 151 76
s 5964 207 108
s 5965 14 10
s 5966 32 16
s 5967 47 24
s 5968 66 28
s 5969 43 23
s 5970 15 10
s 5971 46 24
s 5972 191 85
s 5973 209 110
s 5974 547 267
s 5975 228 102
s 5976 153 98
s 5977 17 7
s 5978 80 47
s 5979 88 51
s 5980 31 22
s 5981 279 140
s 5982 44 20
s 5983 35 18
s 5984 58 22
s 5985 198 91
s 5986 68 31
s 5987 24 7
s 5988 163 70
s 5989 206 94
s 5990 59 37
s 5991 15 9
s 5992 107 53
s 5993 249 125
s 5994 154 78
s 5995 94 55
s 5996 56 28
s 5997 120 46
s 5998 103 50
s 5999 94 52
s 6000 186 86
s 6001 77 39
s 6002 110 50
s 6007 162 79
s 6008 67 32
s 6009 179 104
s 6011 292 123
s 6014 90 44
s 6016 251 144
s 6017 61 26
s 6019 164 80
s 6023 127 63
s 6024 58 31
s 6025 29 17
s 6026 42 21
s 6033 97 43
s 6043 24 12
s 6426 1590 747
s 6427 749 382
s 6428 415 215
s 6429 439 194
s 6430 988 511
s 6431 962 477
s 6432 182 82
s 6433 339 184
s 6434 90 40
s 6435 270 110
s 6436 734 365
s 6437 333 143
s 6438 149 71
s 6439 205 91
s 6440 325 147
s 6441 502 244
s 6442 687 325
s 6443 169 81
s 6444 509 265
s 6445 276 129
s 6446 338 166
s 6447 258 114
s 6448 1126 541
s 6449 1026 512
s 6450 384 195
s 6451 320 147
s 6452 72 38
s 6453 526 203
s 6454 1393 701
s 6455 687 323
s 6456 248 110
s 6457 164 82
s 6458 213 105
s 6459 136 62
s 6460 918 475
s 6461 63 35
s 6462 875 496
s 6463 300 127
s 6464 419 157
s 6465 44 19
s 6466 45 16
s 6467 598 287
s 6468 361 155
s 6469 656 288
s 6470 527 271
s 6471 1291 681
s 6472 202 80
s 6473 112 54
s 6474 583 282
s 6475 530 233
s 6476 229 113
s 6477 139 68
s 6478 341 173
s 6479 170 77
s 6480 240 122
s 6481 200 97
s 6482 50 25
s 6483 131 59
s 6484 797 356
s 6485 916 422
s 6486 1822 816
s 6487 848 407
s 6488 615 328
s 6489 83 44
s 6490 160 75
s 6491 290 155
s 6492 131 74
s 6493 956 458
s 6494 146 70
s 6495 125 58
s 6496 496 246
s 6497 875 430
s 6498 492 214
s 6499 210 86
s 6500 706 335
s 6501 661 317
s 6502 210 103
s 6503 89 47
s 6504 874 427
s 6505 861 418
s 6506 157 77
s 6507 359 179
s 6508 461 193
s 6509 466 193
s 6510 425 222
s 6511 378 192
s 6512 766 377
s 6513 74 35
s 6514 335 160
s 6519 691 357
s 6520 208 80
s 6521 743 378
s 6523 987 432
s 6526 151 69
s 6528 756 349
s 6529 449 198
s 6531 575 273
s 6535 1014 501
s 6536 216 89
s 6537 205 91
s 6538 193 91
s 6545 270 127
s 6555 205 105
s 6683 543 267
s 6684 647 306
s 6685 694 317
s 6686 725 354
s 6687 659 312
s 6688 396 185
s 6689 501 272
s 6690 508 248
s 6691 995 459
s 6692 1605 767
s 6693 247 120
s 6694 236 95
s 6695 931 432
s 6696 305 142
s 6697 781 356
s 6698 1028 549
s 6699 392 182
s 6700 795 365
s 6701 322 154
s 6702 510 215
s 6703 505 237
s 6704 1588 742
s 6705 1752 881
s 6706 300 149
s 6707 289 144
s 6708 262 133
s 6709 864 354
s 6710 2011 997
s 6711 899 437
s 6712 445 228
s 6713 219 108
s 6714 237 114
s 6715 373 175
s 6716 1167 574
s 6717 125 60
s 6718 833 456
s 6719 390 183
s 6720 362 177
s 6721 107 51
s 6722 24 13
s 6723 855 431
s 6724 319 167
s 6725 985 463
s 6726 844 419
s 6727 1335 645
s 6728 262 122
s 6729 231 90
s 6730 2108 1081
s 6731 567 286
s 6732 1529 808
s 6733 171 93
s 6734 487 241
s 6735 173 76
s 6736 403 217
s 6737 268 125
s 6738 117 61
s 6739 114 55
s 6740 780 352
s 6741 1012 473
s 6742 1982 968
s 6743 668 309
s 6744 700 362
s 6745 101 45
s 6746 441 221
s 6747 348 164
s 6748 184 99
s 6749 1548 751
s 6750 222 102
s 6751 174 72
s 6752 667 309
s 6753 1338 645
s 6754 779 344
s 6755 286 132
s 6756 687 330
s 6757 796 369
s 6758 189 96
s 6759 75 41
s 6760 1298 647
s 6761 811 412
s 6762 1112 541
s 6763 638 311
s 6764 707 312
s 6765 645 302
s 6766 694 369
s 6767 311 151
s 6768 585 283
s 6769 422 240
s 6770 625 310
s 6775 579 278
s 6776 580 270
s 6777 656 339
s 6779 788 343
s 6782 692 322
s 6784 1156 550
s 6785 677 294
s 6787 483 234
s 6791 1562 827
s 6792 383 193
s 6793 351 183
s 6794 269 114
s 6801 546 257
s 6811 231 109
s 6940 289 136
s 6941 298 155
s 6942 256 131
s 6943 233 131
s 6944 183 93
s 6945 224 141
s 6946 266 155
s 6947 561 302
s 6948 788 389
s 6949 107 61
s 6950 98 45
s 6951 418 204
s 6952 141 71
s 6953 338 175
s 6954 473 256
s 6955 187 92
s 6956 359 182
s 6957 144 83
s 6958 229 104
s 6959 244 118
s 6960 640 331
s 6961 750 403
s 6962 82 47
s 6963 109 53
s 6964 120 63
s 6965 421 207
s 6966 877 480
s 6967 389 216
s 6968 195 99
s 6969 105 54
s 6970 89 45
s 6971 173 82
s 6972 571 298
s 6973 51 27
s 6974 381 211
s 6975 190 102
s 6976 142 78
s 6977 42 23
s 6978 14 7
s 6979 416 222
s 6980 147 78
s 6981 475 231
s 6982 514 276
s 6983 622 312
s 6984 122 57
s 6985 85 35
s 6986 1089 565
s 6987 228 122
s 6988 761 411
s 6989 96 51
s 6990 213 120
s 6991 47 23
s 6992 178 83
s 6993 150 68
s 6994 66 40
s 6995 33 12
s 6996 294 124
s 6997 436 233
s 6998 881 431
s 6999 213 116
s 7000 311 172
s 7001 49 22
s 7002 232 124
s 7003 140 71
s 7004 89 49
s 7005 758 378
s 7006 74 39
s 7007 105 58
s 7008 315 153
s 7009 586 299
s 7010 399 189
s 7011 174 91
s 7012 271 138
s 7013 379 189
s 7014 68 37
s 7015 27 16
s 7016 617 328
s 7017 366 189
s 7018 532 278
s 7019 285 136
s 7020 351 161
s 7021 282 143
s 7022 352 201
s 7023 105 61
s 7024 169 92
s 7025 210 116
s 7026 348 166
s 7031 248 128
s 7032 316 165
s 7033 214 117
s 7035 318 140
s 7038 341 176
s 7040 545 287
s 7041 334 167
s 7043 193 114
s 7047 755 408
s 7048 126 77
s 7049 152 79
s 7050 140 68
s 7057 260 115
s 7067 101 48
s 7197 25 13
s 7198 346 185
s 7199 401 208
s 7200 107 62
s 7201 38 19
s 7202 119 53
s 7203 239 112
s 7204 239 108
s 7205 131 63
s 7206 16 9
s 7207 219 95
s 7208 139 60
s 7209 157 71
s 7210 117 59
s 7211 59 30
s 7212 261 127
s 7213 102 46
s 7214 168 66
s 7215 90 48
s 7216 363 177
s 7217 244 123
s 7218 123 65
s 7219 106 53
s 7220 63 31
s 7221 245 111
s 7222 542 264
s 7223 48 20
s 7224 122 66
s 7225 45 21
s 7226 65 25
s 7227 97 40
s 7228 53 23
s 7229 29 18
s 7230 233 111
s 7231 116 63
s 7232 149 58
s 7233 25 8
s 7234 13 8
s 7235 175 70
s 7236 129 71
s 7237 62 26
s 7238 169 80
s 7239 388 213
s 7240 78 29
s 7241 47 26
s 7242 506 269
s 7243 223 107
s 7244 380 189
s 7245 9 4
s 7246 24 11
s 7247 52 27
s 7248 95 44
s 7249 46 24
s 7250 42 24
s 7251 54 28
s 7252 259 111
s 7253 270 136
s 7254 751 352
s 7255 322 167
s 7256 190 103
s 7257 17 12
s 7258 109 55
s 7259 164 80
s 7260 23 14
s 7261 351 169
s 7262 43 17
s 7263 49 19
s 7264 22 9
s 7265 217 116
s 7266 34 15
s 7267 16 11
s 7268 257 120
s 7269 278 125
s 7270 54 29
s 7271 15 7
s 7272 49 21
s 7273 321 161
s 7274 268 123
s 7275 148 62
s 7276 26 17
s 7277 148 79
s 7278 149 79
s 7279 114 51
s 7280 258 120
s 7281 101 51
s 7282 140 59
s 7287 291 143
s 7288 103 43
s 7289 237 111
s 7291 378 170
s 7294 141 67
s 7296 317 158
s 7297 33 14
s 7299 212 112
s 7303 94 42
s 7304 102 48
s 7305 33 15
s 7306 82 37
s 7313 136 52
s 7323 39 21
s 7454 361 167
s 7455 330 150
s 7456 95 55
s 7457 31 13
s 7458 152 78
s 7459 337 169
s 7460 237 107
s 7461 122 57
s 7462 10 3
s 7463 252 116
s 7464 101 40
s 7465 177 83
s 7466 111 56
s 7467 76 31
s 7468 197 111
s 7469 117 62
s 7470 117 49
s 7471 100 48
s 7472 480 212
s 7473 225 113
s 7474 144 82
s 7475 92 35
s 7476 78 51
s 7477 243 101
s 7478 481 244
s 7479 23 12
s 7480 100 49
s 7481 30 17
s 7482 92 41
s 7483 82 29
s 7484 12 9
s 7485 37 16
s 7486 304 163
s 7487 97 47
s 7488 173 90
s 7489 13 5
s 7490 19 8
s 7491 226 119
s 7492 142 65
s 7493 25 13
s 7494 195 92
s 7495 391 215
s 7496 90 46
s 7497 51 18
s 7498 841 448
s 7499 245 125
s 7500 466 237
s 7501 11 2
s 7502 7 5
s 7503 68 37
s 7504 88 35
s 7505 24 13
s 7506 35 20
s 7507 66 31
s 7508 249 109
s 7509 222 97
s 7510 830 400
s 7511 366 180
s 7512 249 133
s 7513 23 12
s 7514 123 69
s 7515 115 49
s 7516 46 24
s 7517 400 192
s 7518 59 28
s 7519 44 24
s 7520 5 3
s 7521 137 59
s 7522 25 13
s 7523 9 3
s 7524 211 113
s 7525 291 126
s 7526 58 30
s 7527 22 11
s 7528 28 13
s 7529 357 181
s 7530 308 150
s 7531 173 79
s 7532 6 1
s 7533 176 88
s 7534 185 85
s 7535 123 54
s 7536 268 132
s 7537 115 62
s 7538 159 71
s 7543 254 123
s 7544 101 50
s 7545 204 110
s 7547 437 194
s 7550 175 83
s 7552 371 183
s 7553 16 8
s 7555 213 102
s 7559 41 25
s 7560 91 43
s 7561 26 14
s 7562 80 31
s 7569 129 58
s 7579 39 19
s 7711 270 118
s 7712 216 109
s 7713 295 173
s 7714 293 159
s 7715 600 285
s 7716 941 447
s 7717 82 42
s 7718 132 61
s 7719 542 253
s 7720 153 71
s 7721 400 189
s 7722 577 321
s 7723 233 121
s 7724 421 213
s 7725 144 72
s 7726 271 124
s 7727 346 174
s 7728 871 427
s 7729 1131 591
s 7730 93 41
s 7731 122 63
s 7732 166 77
s 7733 438 198
s 7734 1116 588
s 7735 538 273
s 7736 243 121
s 7737 109 51
s 7738 124 52
s 7739 225 108
s 7740 654 353
s 7741 104 60
s 7742 535 288
s 7743 205 100
s 7744 132 65
s 7745 51 25
s 7746 11 9
s 7747 599 310
s 7748 123 65
s 7749 524 254
s 7750 441 208
s 7751 794 423
s 7752 123 52
s 7753 87 48
s 7754 1208 593
s 7755 283 125
s 7756 981 529
s 7757 116 55
s 7758 309 168
s 7759 70 33
s 7760 237 106
s 7761 189 103
s 7762 101 61
s 7763 38 17
s 7764 399 202
s 7765 483 213
s 7766 1170 608
s 7767 258 131
s 7768 460 261
s 7769 69 38
s 7770 263 123
s 7771 201 92
s 7772 120 65
s 7773 908 443
s 7774 109 40
s 7775 122 64
s 7776 426 209
s 7777 790 378
s 7778 457 206
s 7779 170 79
s 7780 335 167
s 7781 436 202
s 7782 89 44
s 7783 38 19
s 7784 733 370
s 7785 450 224
s 7786 718 378
s 7787 369 192
s 7788 396 172
s 7789 370 178
s 7790 343 186
s 7791 111 51
s 7792 214 94
s 7793 266 136
s 7794 332 142
s 7799 329 176
s 7800 358 177
s 7801 287 153
s 7803 509 231
s 7806 436 231
s 7808 578 270
s 7809 376 186
s 7811 231 127
s 7815 833 448
s 7816 216 110
s 7817 208 110
s 7818 146 66
s 7825 314 159
s 7835 124 63
s 7968 229 131
s 7969 243 124
s 7970 289 158
s 7971 553 264
s 7972 907 447
s 7973 71 31
s 7974 132 64
s 7975 523 249
s 7976 130 60
s 7977 387 198
s 7978 593 342
s 7979 244 116
s 7980 423 232
s 7981 155 80
s 7982 258 129
s 7983 304 154
s 7984 849 429
s 7985 1160 611
s 7986 95 55
s 7987 126 57
s 7988 173 98
s 7989 396 187
s 7990 1110 588
s 7991 486 254
s 7992 253 128
s 7993 101 55
s 7994 108 60
s 7995 215 100
s 7996 773 441
s 7997 91 53
s 7998 503 290
s 7999 213 115
s 8000 130 64
s 8001 45 28
s 8002 5 4
s 8003 527 257
s 8004 119 70
s 8005 582 321
s 8006 459 249
s 8007 816 462
s 8008 143 67
s 8009 107 51
s 8010 1143 612
s 8011 265 133
s 8012 1045 597
s 8013 120 78
s 8014 277 134
s 8015 54 29
s 8016 230 122
s 8017 182 109
s 8018 87 50
s 8019 46 24
s 8020 356 169
s 8021 479 252
s 8022 1089 579
s 8023 232 126
s 8024 476 273
s 8025 63 34
s 8026 284 150
s 8027 150 69
s 8028 125 63
s 8029 956 537
s 8030 98 43
s 8031 121 57
s 8032 381 195
s 8033 744 391
s 8034 394 187
s 8035 173 72
s 8036 312 162
s 8037 396 194
s 8038 70 42
s 8039 38 19
s 8040 646 358
s 8041 425 213
s 8042 741 376
s 8043 381 201
s 8044 373 157
s 8045 342 183
s 8046 335 169
s 8047 86 44
s 8048 190 89
s 8049 271 163
s 8050 359 176
s 8055 270 140
s 8056 373 185
s 8057 873 486
s 8059 476 224
s 8062 375 169
s 8064 564 273
s 8065 357 161
s 8067 192 98
s 8071 870 455
s 8072 217 122
s 8073 221 133
s 8074 121 50
s 8081 302 151
s 8091 111 65
s 8225 59 38
s 8226 55 29
s 8227 137 65
s 8228 266 163
s 8229 69 35
s 8230 28 14
s 8231 116 60
s 8232 92 37
s 8233 72 41
s 8234 155 77
s 8235 64 34
s 8236 80 39
s 8237 73 39
s 8238 28 9
s 8239 83 47
s 8240 161 87
s 8241 230 115
s 8242 70 33
s 8243 63 31
s 8244 27 17
s 8245 134 60
s 8246 238 129
s 8247 148 85
s 8248 43 20
s 8249 41 23
s 8250 63 31
s 8251 48 22
s 8252 179 101
s 8253 8 5
s 8254 135 68
s 8255 55 29
s 8256 95 41
s 8257 8 5
s 8258 11 6
s 8259 103 55
s 8260 79 38
s 8261 174 96
s 8262 76 43
s 8263 320 186
s 8264 61 31
s 8265 28 13
s 8266 232 118
s 8267 145 69
s 8268 176 99
s 8269 31 13
s 8270 71 34
s 8271 30 16
s 8272 40 18
s 8273 50 29
s 8274 24 11
s 8275 22 13
s 8276 173 88
s 8277 196 98
s 8278 435 232
s 8279 198 115
s 8280 131 63
s 8281 8 3
s 8282 52 26
s 8283 56 33
s 8284 25 14
s 8285 184 86
s 8286 18 11
s 8287 20 10
s 8288 120 61
s 8289 204 117
s 8290 90 36
s 8291 29 15
s 8292 126 61
s 8293 194 100
s 8294 23 14
s 8295 13 6
s 8296 176 94
s 8297 181 94
s 8298 96 54
s 8299 98 44
s 8300 98 51
s 8301 59 29
s 8302 107 58
s 8303 82 47
s 8304 154 76
s 8305 39 22
s 8306 80 40
s 8311 155 76
s 8312 59 24
s 8313 178 100
s 8315 219 121
s 8318 72 26
s 8320 219 114
s 8321 76 42
s 8323 131 67
s 8327 202 105
s 8328 56 29
s 8329 51 24
s 8330 35 16
s 8337 46 20
s 8347 44 29
s 8482 142 76
s 8483 193 99
s 8484 254 148
s 8485 79 46
s 8486 24 9
s 8487 178 88
s 8488 62 39
s 8489 133 79
s 8490 123 75
s 8491 54 30
s 8492 171 113
s 8493 83 59
s 8494 123 63
s 8495 57 35
s 8496 401 230
s 8497 289 177
s 8498 132 83
s 8499 108 58
s 8500 58 38
s 8501 177 94
s 8502 389 212
s 8503 39 15
s 8504 82 53
s 8505 34 23
s 8506 67 41
s 8507 79 39
s 8508 74 33
s 8509 39 23
s 8510 305 174
s 8511 77 41
s 8512 128 71
s 8513 15 6
s 8514 11 4
s 8515 193 113
s 8516 96 51
s 8517 64 30
s 8518 179 106
s 8519 380 219
s 8520 59 34
s 8521 45 23
s 8522 513 317
s 8523 188 96
s 8524 395 254
s 8525 17 10
s 8526 24 12
s 8527 58 21
s 8528 84 44
s 8529 36 20
s 8530 45 22
s 8531 37 23
s 8532 226 131
s 8533 216 117
s 8534 704 369
s 8535 265 148
s 8536 233 154
s 8537 16 12
s 8538 121 65
s 8539 112 68
s 8540 43 27
s 8541 363 195
s 8542 47 23
s 8543 38 18
s 8544 28 14
s 8545 172 106
s 8546 42 19
s 8547 19 11
s 8548 272 152
s 8549 154 98
s 8550 41 24
s 8551 28 15
s 8552 68 32
s 8553 287 167
s 8554 285 152
s 8555 173 106
s 8556 25 14
s 8557 182 99
s 8558 116 76
s 8559 122 65
s 8560 267 151
s 8561 107 74
s 8562 149 75
s 8567 199 112
s 8568 118 61
s 8569 177 100
s 8571 291 142
s 8574 159 99
s 8576 260 146
s 8577 31 17
s 8579 203 126
s 8583 111 54
s 8584 83 44
s 8585 46 26
s 8586 63 38
s 8593 119 61
s 8603 42 30
s 8739 95 40
s 8740 209 92
s 8741 102 53
s 8742 46 20
s 8743 43 21
s 8744 101 49
s 8745 149 78
s 8746 221 112
s 8747 51 27
s 8748 165 85
s 8749 84 39
s 8750 126 58
s 8751 67 33
s 8752 389 185
s 8753 317 168
s 8754 155 83
s 8755 101 45
s 8756 29 12
s 8757 187 81
s 8758 469 257
s 8759 221 112
s 8760 98 43
s 8761 82 42
s 8762 65 34
s 8763 40 13
s 8764 335 185
s 8765 28 16
s 8766 279 150
s 8767 112 54
s 8768 143 67
s 8769 17 5
s 8770 19 11
s 8771 192 90
s 8772 122 58
s 8773 220 113
s 8774 176 97
s 8775 471 253
s 8776 92 42
s 8777 51 17
s 8778 150 62
s 8779 166 75
s 8780 31 11
s 8781 48 27
s 8782 121 61
s 8783 61 20
s 8784 98 43
s 8785 57 30
s 8786 9 6
s 8787 34 15
s 8788 275 141
s 8789 290 132
s 8790 506 233
s 8791 294 142
s 8792 176 97
s 8793 30 12
s 8794 68 26
s 8795 104 49
s 8796 44 22
s 8797 305 143
s 8798 50 24
s 8799 34 19
s 8800 149 66
s 8801 336 159
s 8802 157 68
s 8803 71 44
s 8804 230 120
s 8805 225 101
s 8806 59 29
s 8807 39 20
s 8808 282 156
s 8809 360 196
s 8810 13 7
s 8811 132 64
s 8812 140 71
s 8813 172 88
s 8814 179 99
s 8815 135 83
s 8816 287 160
s 8817 19 7
s 8818 111 44
s 8823 216 123
s 8824 57 27
s 8825 248 145
s 8827 376 161
s 8830 43 26
s 8832 293 133
s 8833 144 68
s 8835 217 121
s 8839 331 165
s 8840 62 28
s 8841 61 35
s 8842 66 34
s 8849 118 50
s 8859 62 32
s 8996 626 294
s 8997 192 77
s 8998 97 45
s 8999 177 75
s 9000 187 80
s 9001 323 129
s 9002 490 259
s 9003 125 61
s 9004 281 134
s 9005 155 73
s 9006 175 74
s 9007 146 52
s 9008 603 264
s 9009 598 296
s 9010 197 99
s 9011 186 85
s 9012 56 29
s 9013 341 129
s 9014 787 375
s 9015 359 152
s 9016 130 59
s 9017 121 66
s 9018 108 48
s 9019 78 35
s 9020 533 254
s 9021 38 21
s 9022 464 238
s 9023 198 91
s 9024 272 124
s 9025 34 15
s 9026 16 9
s 9027 372 199
s 9028 254 112
s 9029 428 201
s 9030 328 151
s 9031 843 414
s 9032 137 64
s 9033 92 35
s 9034 511 218
s 9035 343 149
s 9036 235 110
s 9037 73 32
s 9038 211 107
s 9039 117 48
s 9040 149 65
s 9041 137 69
s 9042 31 17
s 9043 94 41
s 9044 528 266
s 9045 564 229
s 9046 1074 514
s 9047 560 265
s 9048 359 190
s 9049 44 20
s 9050 124 57
s 9051 180 92
s 9052 57 25
s 9053 607 304
s 9054 76 27
s 9055 89 40
s 9056 334 163
s 9057 553 251
s 9058 290 112
s 9059 139 53
s 9060 415 193
s 9061 394 180
s 9062 139 62
s 9063 42 14
s 9064 572 283
s 9065 466 230
s 9066 166 65
s 9067 253 112
s 9068 308 129
s 9069 179 88
s 9070 291 140
s 9071 215 117
s 9072 417 197
s 9073 57 29
s 9074 219 81
s 9079 368 182
s 9080 159 63
s 9081 380 183
s 9083 569 263
s 9086 139 69
s 9088 515 231
s 9089 299 144
s 9091 330 162
s 9095 612 279
s 9096 143 68
s 9097 145 70
s 9098 116 55
s 9105 170 81
s 9115 127 60
s 9253 286 128
s 9254 95 47
s 9255 422 197
s 9256 254 114
s 9257 412 209
s 9258 454 231
s 9259 158 76
s 9260 444 220
s 9261 256 125
s 9262 294 146
s 9263 259 130
s 9264 843 379
s 9265 863 451
s 9266 340 174
s 9267 334 180
s 9268 113 52
s 9269 537 234
s 9270 1022 470
s 9271 411 203
s 9272 222 127
s 9273 147 74
s 9274 203 93
s 9275 155 77
s 9276 484 261
s 9277 57 32
s 9278 827 438
s 9279 253 122
s 9280 387 187
s 9281 60 25
s 9282 33 12
s 9283 438 216
s 9284 374 172
s 9285 439 210
s 9286 440 220
s 9287 1291 649
s 9288 203 91
s 9289 127 50
s 9290 998 500
s 9291 550 257
s 9292 716 402
s 9293 68 28
s 9294 196 79
s 9295 162 59
s 9296 204 97
s 9297 174 92
s 9298 63 34
s 9299 143 65
s 9300 703 325
s 9301 720 339
s 9302 1802 862
s 9303 817 458
s 9304 676 364
s 9305 56 31
s 9306 250 110
s 9307 285 145
s 9308 98 55
s 9309 924 458
s 9310 98 50
s 9311 102 53
s 9312 314 144
s 9313 697 339
s 9314 278 113
s 9315 114 47
s 9316 620 304
s 9317 659 319
s 9318 161 79
s 9319 73 38
s 9320 563 295
s 9321 755 380
s 9322 539 257
s 9323 465 241
s 9324 293 128
s 9325 308 139
s 9326 415 205
s 9327 370 184
s 9328 620 322
s 9329 217 114
s 9330 361 174
s 9335 607 324
s 9336 285 130
s 9337 644 339
s 9339 956 465
s 9342 309 158
s 9344 780 359
s 9345 261 117
s 9347 492 233
s 9351 620 323
s 9352 259 122
s 9353 151 76
s 9354 126 55
s 9361 295 119
s 9371 166 89
s 9510 41 21
s 9511 161 63
s 9512 25 8
s 9513 145 71
s 9514 198 105
s 9515 65 36
s 9516 153 65
s 9517 37 18
s 9518 81 35
s 9519 107 42
s 9520 315 146
s 9521 390 188
s 9522 27 14
s 9523 56 36
s 9524 48 20
s 9525 140 57
s 9526 379 183
s 9527 190 96
s 9528 94 42
s 9529 29 14
s 9530 35 15
s 9531 63 28
s 9532 256 138
s 9533 40 19
s 9534 169 87
s 9535 77 32
s 9536 49 19
s 9537 17 8
s 9538 3 1
s 9539 183 97
s 9540 48 17
s 9541 186 83
s 9542 144 73
s 9543 272 134
s 9544 51 21
s 9545 22 9
s 9546 405 205
s 9547 61 32
s 9548 323 172
s 9549 36 26
s 9550 80 43
s 9551 21 10
s 9552 64 30
s 9553 55 25
s 9554 32 20
s 9555 10 5
s 9556 125 69
s 9557 145 65
s 9558 391 195
s 9559 63 25
s 9560 133 58
s 9561 20 5
s 9562 93 50
s 9563 64 33
s 9564 29 15
s 9565 285 131
s 9566 28 9
s 9567 39 13
s 9568 130 60
s 9569 240 121
s 9570 143 51
s 9571 57 25
s 9572 121 48
s 9573 110 55
s 9574 20 8
s 9575 22 12
s 9576 224 102
s 9577 150 57
s 9578 239 111
s 9579 142 68
s 9580 122 52
s 9581 112 44
s 9582 119 61
s 9583 22 10
s 9584 62 27
s 9585 101 57
s 9586 99 38
s 9591 104 53
s 9592 120 52
s 9593 82 36
s 9595 171 80
s 9598 134 65
s 9600 222 90
s 9601 129 62
s 9603 62 33
s 9607 238 116
s 9608 72 30
s 9609 77 32
s 9610 53 24
s 9617 104 48
s 9627 48 16
s 9767 77 42
s 9768 32 12
s 9769 64 32
s 9770 23 8
s 9771 24 4
s 9772 66 28
s 9773 50 27
s 9774 51 17
s 9775 32 15
s 9776 161 64
s 9777 117 49
s 9778 47 25
s 9779 37 15
s 9780 34 13
s 9781 100 50
s 9782 183 86
s 9783 25 12
s 9784 51 29
s 9785 24 14
s 9786 35 17
s 9787 48 20
s 9788 34 14
s 9789 21 13
s 9790 111 59
s 9791 41 24
s 9792 54 28
s 9793 7 5
s 9794 6 4
s 9795 68 32
s 9796 54 34
s 9797 25 8
s 9798 81 37
s 9799 154 71
s 9800 38 13
s 9801 17 9
s 9802 223 104
s 9803 70 31
s 9804 141 79
s 9805 11 7
s 9806 14 8
s 9807 29 14
s 9808 42 22
s 9809 16 8
s 9810 13 8
s 9811 19 7
s 9812 91 40
s 9813 99 45
s 9814 322 154
s 9815 124 62
s 9816 91 42
s 9817 18 6
s 9818 74 35
s 9819 66 28
s 9820 17 9
s 9821 120 64
s 9822 12 5
s 9823 20 9
s 9824 15 9
s 9825 80 38
s 9826 18 12
s 9827 11 6
s 9828 113 53
s 9829 109 48
s 9830 24 6
s 9831 14 10
s 9832 32 15
s 9833 137 59
s 9834 86 43
s 9835 69 41
s 9836 12 5
s 9837 74 31
s 9838 60 26
s 9839 64 34
s 9840 117 53
s 9841 45 31
s 9842 58 27
s 9847 120 63
s 9848 52 25
s 9849 127 74
s 9851 161 78
s 9854 59 25
s 9856 118 48
s 9857 18 7
s 9859 107 58
s 9863 45 20
s 9864 34 14
s 9865 19 12
s 9866 27 11
s 9873 44 21
s 9883 20 9
s 10024 186 82
s 10025 320 143
s 10026 432 202
s 10027 97 54
s 10028 271 117
s 10029 130 69
s 10030 166 69
s 10031 122 54
s 10032 580 274
s 10033 500 240
s 10034 196 93
s 10035 181 108
s 10036 47 24
s 10037 300 123
s 10038 791 392
s 10039 339 150
s 10040 139 54
s 10041 79 41
s 10042 120 57
s 10043 67 22
s 10044 457 256
s 10045 18 10
s 10046 441 238
s 10047 148 61
s 10048 259 110
s 10049 29 14
s 10050 21 10
s 10051 385 186
s 10052 208 89
s 10053 354 158
s 10054 278 126
s 10055 746 383
s 10056 145 69
s 10057 75 31
s 10058 315 153
s 10059 303 145
s 10060 119 65
s 10061 64 30
s 10062 165 86
s 10063 79 40
s 10064 138 68
s 10065 93 39
s 10066 30 17
s 10067 85 35
s 10068 447 194
s 10069 464 200
s 10070 974 470
s 10071 505 256
s 10072 297 153
s 10073 39 21
s 10074 102 48
s 10075 122 53
s 10076 64 30
s 10077 588 295
s 10078 65 29
s 10079 69 27
s 10080 283 119
s 10081 467 221
s 10082 236 99
s 10083 114 55
s 10084 294 125
s 10085 369 162
s 10086 82 37
s 10087 42 24
s 10088 490 251
s 10089 435 198
s 10090 85 41
s 10091 194 101
s 10092 272 99
s 10093 224 91
s 10094 234 103
s 10095 185 91
s 10096 319 149
s 10097 45 19
s 10098 202 79
s 10103 398 184
s 10104 123 47
s 10105 336 154
s 10107 538 240
s 10110 85 32
s 10112 402 175
s 10113 239 111
s 10115 279 145
s 10119 543 253
s 10120 108 51
s 10121 130 56
s 10122 94 41
s 10129 159 72
s 10139 104 55
s 10281 130 61
s 10282 220 110
s 10283 67 29
s 10284 129 53
s 10285 47 18
s 10286 96 35
s 10287 167 60
s 10288 252 117
s 10289 316 144
s 10290 31 12
s 10291 60 21
s 10292 44 23
s 10293 136 46
s 10294 358 158
s 10295 148 77
s 10296 81 41
s 10297 35 14
s 10298 38 23
s 10299 64 27
s 10300 192 92
s 10301 23 14
s 10302 125 63
s 10303 60 25
s 10304 78 26
s 10305 15 9
s 10306 3 1
s 10307 184 89
s 10308 54 24
s 10309 175 72
s 10310 141 71
s 10311 233 107
s 10312 36 16
s 10313 42 21
s 10314 371 184
s 10315 86 39
s 10316 326 167
s 10317 35 15
s 10318 85 37
s 10319 23 6
s 10320 75 32
s 10321 55 25
s 10322 43 23
s 10323 23 7
s 10324 170 77
s 10325 149 69
s 10326 327 177
s 10327 126 61
s 10328 150 72
s 10329 20 9
s 10330 74 38
s 10331 58 23
s 10332 23 14
s 10333 276 133
s 10334 27 9
s 10335 39 23
s 10336 129 60
s 10337 218 99
s 10338 99 34
s 10339 51 18
s 10340 131 64
s 10341 115 55
s 10342 36 16
s 10343 16 9
s 10344 195 95
s 10345 110 55
s 10346 207 96
s 10347 108 49
s 10348 130 57
s 10349 93 38
s 10350 80 41
s 10351 52 24
s 10352 88 45
s 10353 63 31
s 10354 118 50
s 10359 98 38
s 10360 100 40
s 10361 80 32
s 10363 151 67
s 10366 112 44
s 10368 179 84
s 10369 101 48
s 10371 71 28
s 10375 226 103
s 10376 64 21
s 10377 87 38
s 10378 34 9
s 10385 98 47
s 10395 41 17
s 10538 175 86
s 10539 114 61
s 10540 19 9
s 10541 108 51
s 10542 36 16
s 10543 174 85
s 10544 38 13
s 10545 456 244
s 10546 121 58
s 10547 120 65
s 10548 62 27
s 10549 169 75
s 10550 38 13
s 10551 274 142
s 10552 50 22
s 10553 62 31
s 10554 106 46
s 10555 99 49
s 10556 289 146
s 10557 18 10
s 10558 332 178
s 10559 97 56
s 10560 203 91
s 10561 28 15
s 10562 13 5
s 10563 23 10
s 10564 199 105
s 10565 244 119
s 10566 38 11
s 10567 444 206
s 10568 65 30
s 10569 48 18
s 10570 1176 608
s 10571 255 125
s 10572 485 250
s 10573 42 21
s 10574 118 52
s 10575 63 22
s 10576 22 10
s 10577 57 26
s 10578 17 6
s 10579 43 13
s 10580 338 157
s 10581 380 188
s 10582 877 421
s 10583 366 172
s 10584 273 141
s 10585 3 2
s 10586 132 71
s 10587 78 34
s 10588 60 29
s 10589 86 40
s 10590 5 1
s 10591 7 5
s 10592 193 100
s 10593 367 179
s 10594 206 98
s 10595 59 28
s 10596 253 120
s 10597 406 206
s 10598 61 25
s 10599 24 10
s 10600 316 156
s 10601 369 165
s 10602 276 138
s 10603 233 112
s 10604 213 93
s 10605 12 5
s 10606 297 167
s 10607 175 88
s 10608 279 148
s 10609 117 53
s 10610 75 39
s 10615 317 162
s 10616 152 71
s 10617 230 123
s 10619 429 199
s 10622 189 91
s 10624 586 285
s 10625 197 101
s 10627 203 104
s 10631 383 199
s 10632 91 52
s 10633 82 36
s 10634 30 17
s 10641 45 17
s 10651 73 39
s 10795 155 73
s 10796 162 83
s 10797 166 86
s 10798 128 60
s 10799 182 97
s 10800 387 195
s 10801 464 267
s 10802 189 100
s 10803 135 63
s 10804 102 59
s 10805 329 154
s 10806 390 210
s 10807 171 86
s 10808 148 78
s 10809 72 43
s 10810 141 70
s 10811 134 62
s 10812 192 103
s 10813 43 21
s 10814 444 257
s 10815 177 85
s 10816 278 150
s 10817 25 12
s 10818 14 10
s 10819 204 115
s 10820 244 130
s 10821 149 76
s 10822 200 111
s 10823 667 380
s 10824 133 69
s 10825 57 26
s 10826 924 545
s 10827 362 187
s 10828 765 442
s 10829 44 30
s 10830 89 44
s 10831 89 40
s 10832 108 54
s 10833 66 42
s 10834 44 24
s 10835 64 25
s 10836 429 217
s 10837 431 227
s 10838 1168 606
s 10839 491 287
s 10840 411 247
s 10841 21 13
s 10842 194 105
s 10843 171 84
s 10844 57 31
s 10845 466 246
s 10846 48 23
s 10847 31 15
s 10848 117 66
s 10849 357 181
s 10850 129 61
s 10851 53 27
s 10852 307 170
s 10853 469 225
s 10854 85 58
s 10855 42 20
s 10856 185 99
s 10857 481 253
s 10858 452 245
s 10859 243 127
s 10860 111 50
s 10861 117 63
s 10862 328 188
s 10863 207 115
s 10864 373 194
s 10865 200 113
s 10866 181 92
s 10871 415 230
s 10872 216 98
s 10873 428 245
s 10875 585 274
s 10878 222 106
s 10880 553 316
s 10881 122 58
s 10883 306 155
s 10887 277 158
s 10888 140 66
s 10889 89 54
s 10890 75 42
s 10897 149 78
s 10907 73 41
s 11052 122 57
s 11053 68 30
s 11054 81 34
s 11055 49 25
s 11056 288 141
s 11057 183 97
s 11058 81 44
s 11059 82 43
s 11060 23 12
s 11061 136 62
s 11062 328 156
s 11063 76 38
s 11064 66 30
s 11065 34 19
s 11066 48 20
s 11067 40 13
s 11068 121 56
s 11069 17 7
s 11070 237 130
s 11071 67 30
s 11072 101 50
s 11073 13 7
s 11074 9 3
s 11075 162 82
s 11076 71 33
s 11077 110 52
s 11078 127 64
s 11079 371 206
s 11080 54 26
s 11081 20 9
s 11082 222 115
s 11083 140 71
s 11084 147 86
s 11085 18 8
s 11086 57 29
s 11087 38 18
s 11088 59 34
s 11089 37 16
s 11090 21 8
s 11091 27 12
s 11092 193 82
s 11093 195 103
s 11094 415 214
s 11095 213 118
s 11096 172 101
s 11097 12 9
s 11098 73 37
s 11099 72 33
s 11100 22 14
s 11101 262 122
s 11102 36 15
s 11103 25 12
s 11104 88 43
s 11105 175 76
s 11106 66 30
s 11107 31 16
s 11108 151 73
s 11109 163 65
s 11110 44 23
s 11111 11 6
s 11112 135 77
s 11113 183 94
s 11114 117 66
s 11115 119 50
s 11116 88 39
s 11117 114 51
s 11118 93 48
s 11119 86 48
s 11120 169 81
s 11121 39 21
s 11122 100 43
s 11127 162 78
s 11128 56 27
s 11129 147 82
s 11131 220 100
s 11134 83 42
s 11136 203 94
s 11137 57 20
s 11139 115 46
s 11143 126 61
s 11144 68 33
s 11145 34 17
s 11146 48 25
s 11153 72 27
s 11163 44 25
s 11309 121 63
s 11310 26 10
s 11311 174 96
s 11312 23 10
s 11313 519 253
s 11314 179 90
s 11315 128 71
s 11316 80 31
s 11317 168 74
s 11318 25 12
s 11319 260 136
s 11320 39 19
s 11321 89 44
s 11322 80 39
s 11323 113 51
s 11324 305 154
s 11325 34 18
s 11326 327 181
s 11327 107 51
s 11328 211 93
s 11329 41 16
s 11330 15 7
s 11331 11 7
s 11332 163 90
s 11333 248 109
s 11334 26 7
s 11335 517 263
s 11336 77 29
s 11337 38 15
s 11338 687 355
s 11339 251 127
s 11340 453 237
s 11341 53 31
s 11342 149 78
s 11343 75 36
s 11344 17 5
s 11345 60 31
s 11346 40 24
s 11347 53 22
s 11348 362 180
s 11349 373 182
s 11350 854 442
s 11351 387 192
s 11352 278 151
s 11353 10 6
s 11354 155 67
s 11355 106 46
s 11356 72 43
s 11357 101 49
s 11358 5 2
s 11359 6 0
s 11360 196 91
s 11361 506 256
s 11362 193 80
s 11363 93 36
s 11364 258 135
s 11365 329 170
s 11366 79 44
s 11367 23 9
s 11368 379 210
s 11369 409 217
s 11370 364 186
s 11371 231 121
s 11372 218 90
s 11373 13 3
s 11374 240 133
s 11375 157 86
s 11376 311 136
s 11377 146 80
s 11378 70 27
s 11383 266 137
s 11384 168 82
s 11385 357 205
s 11387 408 197
s 11390 234 130
s 11392 447 213
s 11393 179 82
s 11395 229 108
s 11399 401 207
s 11400 137 81
s 11401 103 54
s 11402 26 11
s 11409 45 19
s 11419 79 39
s 11566 82 41
s 11567 74 42
s 11568 260 147
s 11569 309 148
s 11570 53 27
s 11571 43 20
s 11572 38 23
s 11573 139 68
s 11574 315 156
s 11575 144 75
s 11576 74 44
s 11577 25 13
s 11578 34 16
s 11579 58 37
s 11580 200 115
s 11581 30 18
s 11582 109 58
s 11583 60 32
s 11584 84 34
s 11585 16 10
s 11586 6 3
s 11587 189 107
s 11588 44 27
s 11589 178 103
s 11590 105 46
s 11591 242 134
s 11592 38 19
s 11593 32 13
s 11594 331 180
s 11595 91 41
s 11596 245 127
s 11597 40 20
s 11598 81 42
s 11599 22 9
s 11600 76 37
s 11601 43 19
s 11602 33 18
s 11603 21 12
s 11604 141 73
s 11605 164 74
s 11606 349 168
s 11607 127 75
s 11608 128 78
s 11609 17 8
s 11610 58 31
s 11611 55 27
s 11612 38 22
s 11613 257 116
s 11614 49 25
s 11615 33 20
s 11616 128 69
s 11617 227 113
s 11618 97 42
s 11619 38 15
s 11620 115 56
s 11621 103 50
s 11622 24 14
s 11623 15 5
s 11624 191 102
s 11625 148 77
s 11626 149 76
s 11627 95 55
s 11628 147 62
s 11629 94 43
s 11630 104 60
s 11631 43 16
s 11632 102 51
s 11633 73 36
s 11634 82 42
s 11639 126 63
s 11640 98 55
s 11641 96 49
s 11643 153 75
s 11646 115 56
s 11648 200 95
s 11649 100 48
s 11651 83 40
s 11655 259 142
s 11656 65 34
s 11657 65 40
s 11658 56 30
s 11665 85 43
s 11675 31 12
s 11823 94 37
s 11824 61 16
s 11825 402 191
s 11826 122 60
s 11827 98 44
s 11828 45 22
s 11829 116 45
s 11830 50 13
s 11831 214 90
s 11832 36 18
s 11833 59 28
s 11834 62 23
s 11835 71 25
s 11836 263 125
s 11837 48 21
s 11838 251 113
s 11839 67 30
s 11840 122 50
s 11841 31 11
s 11842 14 8
s 11843 34 19
s 11844 108 54
s 11845 184 84
s 11846 45 20
s 11847 397 187
s 11848 61 25
s 11849 30 15
s 11850 475 230
s 11851 169 74
s 11852 278 152
s 11853 48 21
s 11854 128 64
s 11855 78 34
s 11856 20 6
s 11857 50 14
s 11858 32 21
s 11859 42 22
s 11860 275 137
s 11861 275 117
s 11862 629 289
s 11863 247 109
s 11864 180 92
s 11865 7 4
s 11866 106 57
s 11867 90 39
s 11868 30 15
s 11869 107 48
s 11870 5 3
s 11871 7 3
s 11872 152 68
s 11873 314 156
s 11874 154 60
s 11875 62 22
s 11876 248 100
s 11877 175 75
s 11878 56 27
s 11879 35 23
s 11880 242 108
s 11881 328 149
s 11882 241 118
s 11883 177 91
s 11884 129 50
s 11885 29 14
s 11886 157 68
s 11887 136 65
s 11888 240 108
s 11889 99 51
s 11890 48 14
s 11895 223 112
s 11896 132 52
s 11897 224 109
s 11899 334 134
s 11902 140 50
s 11904 285 116
s 11905 149 66
s 11907 196 102
s 11911 299 131
s 11912 110 39
s 11913 73 37
s 11914 20 6
s 11921 52 21
s 11931 66 22
s 12080 358 173
s 12081 323 167
s 12082 111 66
s 12083 107 67
s 12084 39 22
s 12085 192 78
s 12086 463 223
s 12087 128 57
s 12088 78 35
s 12089 70 40
s 12090 66 25
s 12091 73 30
s 12092 154 77
s 12093 22 9
s 12094 295 152
s 12095 95 44
s 12096 141 67
s 12097 24 11
s 12098 15 6
s 12099 218 94
s 12100 100 45
s 12101 167 78
s 12102 154 82
s 12103 428 217
s 12104 68 30
s 12105 46 18
s 12106 313 152
s 12107 175 75
s 12108 235 123
s 12109 25 15
s 12110 73 38
s 12111 46 18
s 12112 92 40
s 12113 37 15
s 12114 29 15
s 12115 53 17
s 12116 272 125
s 12117 276 137
s 12118 590 279
s 12119 276 133
s 12120 212 111
s 12121 24 13
s 12122 75 30
s 12123 87 45
s 12124 29 14
s 12125 374 187
s 12126 40 17
s 12127 35 15
s 12128 106 47
s 12129 251 145
s 12130 113 52
s 12131 47 21
s 12132 237 127
s 12133 226 107
s 12134 55 23
s 12135 25 16
s 12136 196 89
s 12137 250 113
s 12138 191 100
s 12139 159 82
s 12140 108 50
s 12141 128 55
s 12142 137 67
s 12143 115 58
s 12144 238 119
s 12145 57 30
s 12146 124 55
s 12151 204 95
s 12152 87 31
s 12153 187 98
s 12155 311 154
s 12158 103 45
s 12160 266 120
s 12161 91 44
s 12163 156 81
s 12167 227 122
s 12168 82 34
s 12169 62 29
s 12170 63 32
s 12177 99 46
s 12187 58 19
s 12337 1390 740
s 12338 334 172
s 12339 316 169
s 12340 165 83
s 12341 331 132
s 12342 38 15
s 12343 626 293
s 12344 80 42
s 12345 211 101
s 12346 221 112
s 12347 336 169
s 12348 896 480
s 12349 112 63
s 12350 872 468
s 12351 196 97
s 12352 377 184
s 12353 69 32
s 12354 41 24
s 12355 19 11
s 12356 324 168
s 12357 648 319
s 12358 53 25
s 12359 1280 699
s 12360 151 81
s 12361 87 32
s 12362 1454 740
s 12363 509 252
s 12364 1163 587
s 12365 138 79
s 12366 292 147
s 12367 228 116
s 12368 61 30
s 12369 132 62
s 12370 115 64
s 12371 166 79
s 12372 870 421
s 12373 902 449
s 12374 1973 984
s 12375 835 420
s 12376 671 368
s 12377 8 5
s 12378 421 212
s 12379 407 203
s 12380 186 97
s 12381 256 127
s 12382 8 2
s 12383 13 4
s 12384 467 240
s 12385 924 453
s 12386 464 202
s 12387 195 100
s 12388 713 348
s 12389 718 358
s 12390 206 108
s 12391 94 53
s 12392 774 404
s 12393 937 493
s 12394 848 431
s 12395 543 279
s 12396 408 169
s 12397 9 4
s 12398 531 270
s 12399 416 231
s 12400 784 392
s 12401 346 191
s 12402 182 89
s 12407 633 318
s 12408 430 199
s 12409 648 342
s 12411 981 492
s 12414 454 225
s 12416 923 455
s 12417 441 213
s 12419 617 265
s 12423 1046 572
s 12424 338 185
s 12425 247 119
s 12426 47 17
s 12433 144 64
s 12443 210 121
s 12594 467 263
s 12595 320 168
s 12596 196 105
s 12597 653 298
s 12598 1464 764
s 12599 456 248
s 12600 395 222
s 12601 185 96
s 12602 221 112
s 12603 200 75
s 12604 518 301
s 12605 82 37
s 12606 1012 607
s 12607 351 164
s 12608 467 239
s 12609 65 32
s 12610 43 22
s 12611 702 380
s 12612 505 290
s 12613 419 213
s 12614 497 256
s 12615 1324 735
s 12616 273 128
s 12617 160 80
s 12618 1326 711
s 12619 674 344
s 12620 880 476
s 12621 94 54
s 12622 232 118
s 12623 234 113
s 12624 317 159
s 12625 161 88
s 12626 92 57
s 12627 141 73
s 12628 788 406
s 12629 906 468
s 12630 2197 1122
s 12631 1046 568
s 12632 628 347
s 12633 85 43
s 12634 415 207
s 12635 497 253
s 12636 144 79
s 12637 1012 536
s 12638 170 94
s 12639 135 66
s 12640 246 112
s 12641 755 400
s 12642 323 163
s 12643 127 56
s 12644 700 363
s 12645 910 477
s 12646 193 115
s 12647 99 53
s 12648 451 238
s 12649 1211 659
s 12650 635 346
s 12651 483 266
s 12652 238 120
s 12653 528 267
s 12654 572 314
s 12655 443 247
s 12656 995 504
s 12657 261 145
s 12658 367 190
s 12663 845 446
s 12664 319 166
s 12665 933 518
s 12667 1363 694
s 12670 359 173
s 12672 1031 520
s 12673 217 127
s 12675 801 432
s 12679 662 367
s 12680 277 143
s 12681 157 87
s 12682 205 95
s 12689 427 215
s 12699 197 106
s 12851 58 25
s 12852 51 31
s 12853 204 93
s 12854 427 230
s 12855 208 100
s 12856 83 42
s 12857 36 17
s 12858 39 24
s 12859 110 49
s 12860 259 143
s 12861 37 19
s 12862 167 98
s 12863 78 38
s 12864 49 21
s 12865 23 13
s 12866 4 1
s 12867 228 119
s 12868 43 19
s 12869 170 80
s 12870 160 91
s 12871 346 193
s 12872 55 23
s 12873 29 12
s 12874 484 275
s 12875 73 31
s 12876 340 192
s 12877 39 24
s 12878 111 56
s 12879 18 6
s 12880 100 55
s 12881 49 31
s 12882 42 29
s 12883 11 5
s 12884 129 72
s 12885 140 68
s 12886 472 243
s 12887 70 43
s 12888 181 108
s 12889 32 15
s 12890 129 70
s 12891 83 39
s 12892 47 28
s 12893 327 174
s 12894 28 15
s 12895 39 22
s 12896 151 81
s 12897 286 150
s 12898 159 76
s 12899 55 26
s 12900 136 72
s 12901 135 70
s 12902 31 15
s 12903 21 14
s 12904 243 140
s 12905 210 102
s 12906 248 148
s 12907 134 66
s 12908 137 58
s 12909 147 77
s 12910 153 85
s 12911 30 12
s 12912 90 48
s 12913 112 65
s 12914 140 66
s 12919 130 76
s 12920 139 72
s 12921 115 68
s 12923 214 112
s 12926 130 57
s 12928 259 139
s 12929 117 67
s 12931 95 54
s 12935 314 155
s 12936 90 47
s 12937 92 53
s 12938 42 22
s 12945 130 69
s 12955 34 19
s 13108 53 30
s 13109 162 79
s 13110 308 171
s 13111 209 105
s 13112 102 51
s 13113 33 15
s 13114 39 20
s 13115 94 51
s 13116 168 95
s 13117 30 18
s 13118 94 52
s 13119 57 28
s 13120 63 34
s 13121 22 9
s 13122 5 3
s 13123 168 85
s 13124 65 34
s 13125 156 83
s 13126 114 62
s 13127 149 80
s 13128 53 27
s 13129 34 16
s 13130 371 186
s 13131 84 33
s 13132 329 179
s 13133 25 13
s 13134 74 35
s 13135 31 11
s 13136 74 45
s 13137 43 22
s 13138 17 8
s 13139 17 8
s 13140 124 58
s 13141 104 54
s 13142 382 192
s 13143 119 59
s 13144 100 54
s 13145 27 12
s 13146 80 41
s 13147 60 28
s 13148 48 36
s 13149 260 134
s 13150 37 19
s 13151 34 17
s 13152 101 46
s 13153 193 102
s 13154 107 48
s 13155 43 15
s 13156 64 35
s 13157 150 60
s 13158 27 9
s 13159 19 8
s 13160 201 105
s 13161 119 50
s 13162 231 115
s 13163 109 58
s 13164 133 69
s 13165 100 48
s 13166 120 63
s 13167 59 33
s 13168 111 61
s 13169 84 42
s 13170 93 50
s 13175 116 57
s 13176 103 47
s 13177 68 39
s 13179 145 74
s 13182 129 58
s 13184 191 112
s 13185 112 50
s 13187 103 56
s 13191 240 130
s 13192 61 31
s 13193 53 26
s 13194 52 28
s 13201 78 33
s 13211 44 29
s 13365 87 25
s 13366 201 105
s 13367 134 71
s 13368 45 24
s 13369 31 16
s 13370 34 18
s 13371 31 16
s 13372 148 86
s 13373 14 9
s 13374 175 98
s 13375 35 16
s 13376 77 41
s 13377 13 9
s 13378 5 2
s 13379 90 52
s 13380 62 27
s 13381 126 68
s 13382 75 41
s 13383 217 113
s 13384 25 9
s 13385 14 9
s 13386 105 53
s 13387 78 41
s 13388 62 39
s 13389 16 11
s 13390 41 21
s 13391 28 13
s 13392 38 24
s 13393 36 25
s 13394 7 3
s 13395 24 11
s 13396 107 58
s 13397 122 63
s 13398 308 162
s 13399 139 74
s 13400 86 51
s 13401 17 9
s 13402 56 31
s 13403 367 233
s 13404 24 12
s 13405 171 92
s 13406 18 11
s 13407 23 15
s 13408 83 40
s 13409 167 95
s 13410 64 26
s 13411 33 20
s 13412 127 66
s 13413 100 52
s 13414 33 17
s 13415 22 8
s 13416 125 70
s 13417 142 84
s 13418 40 26
s 13419 59 26
s 13420 85 42
s 13421 64 29
s 13422 71 37
s 13423 74 44
s 13424 125 67
s 13425 30 18
s 13426 36 18
s 13431 123 64
s 13432 26 12
s 13433 91 51
s 13435 185 87
s 13438 39 23
s 13440 124 62
s 13441 75 33
s 13443 97 54
s 13447 154 84
s 13448 39 22
s 13449 42 23
s 13450 40 22
s 13457 59 28
s 13467 41 28
s 13622 414 171
s 13623 350 132
s 13624 95 44
s 13625 96 33
s 13626 112 51
s 13627 152 64
s 13628 443 192
s 13629 35 14
s 13630 460 225
s 13631 128 52
s 13632 216 93
s 13633 38 13
s 13634 27 10
s 13635 208 92
s 13636 179 81
s 13637 369 165
s 13638 184 89
s 13639 827 393
s 13640 117 60
s 13641 62 33
s 13642 735 329
s 13643 276 113
s 13644 560 273
s 13645 82 39
s 13646 169 78
s 13647 104 35
s 13648 86 45
s 13649 124 61
s 13650 38 17
s 13651 88 27
s 13652 419 171
s 13653 474 184
s 13654 993 461
s 13655 479 224
s 13656 409 193
s 13657 23 7
s 13658 150 55
s 13659 127 50
s 13660 91 42
s 13661 441 193
s 13662 40 13
s 13663 60 25
s 13664 275 119
s 13665 461 197
s 13666 258 100
s 13667 105 32
s 13668 384 158
s 13669 324 150
s 13670 89 35
s 13671 54 30
s 13672 465 229
s 13673 368 164
s 13674 420 193
s 13675 286 129
s 13676 277 111
s 13677 114 48
s 13678 253 117
s 13679 156 68
s 13680 335 146
s 13681 143 67
s 13682 164 70
s 13687 376 182
s 13688 233 90
s 13689 274 143
s 13691 499 195
s 13694 254 118
s 13696 468 200
s 13697 252 98
s 13699 255 107
s 13703 499 225
s 13704 160 72
s 13705 133 62
s 13706 74 35
s 13713 144 62
s 13723 105 49
s 13879 813 412
s 13880 132 71
s 13881 183 98
s 13882 271 135
s 13883 306 141
s 13884 946 507
s 13885 91 50
s 13886 1035 578
s 13887 234 131
s 13888 497 224
s 13889 97 41
s 13890 42 24
s 13891 10 6
s 13892 418 221
s 13893 803 417
s 13894 60 27
s 13895 1565 831
s 13896 234 117
s 13897 108 53
s 13898 1775 957
s 13899 736 370
s 13900 1405 739
s 13901 141 82
s 13902 333 155
s 13903 200 96
s 13904 71 33
s 13905 138 65
s 13906 97 54
s 13907 134 59
s 13908 835 403
s 13909 952 447
s 13910 2397 1206
s 13911 989 503
s 13912 761 448
s 13913 10 7
s 13914 455 243
s 13915 327 171
s 13916 184 96
s 13917 272 139
s 13918 14 7
s 13919 13 2
s 13920 525 268
s 13921 1076 576
s 13922 598 257
s 13923 224 88
s 13924 662 336
s 13925 949 460
s 13926 188 90
s 13927 82 45
s 13928 957 519
s 13929 967 477
s 13930 972 497
s 13931 635 327
s 13932 562 250
s 13933 18 9
s 13934 611 308
s 13935 420 192
s 13936 948 503
s 13937 370 207
s 13938 194 104
s 13943 935 506
s 13944 493 254
s 13945 806 444
s 13947 1256 606
s 13950 573 306
s 13952 1139 588
s 13953 496 251
s 13955 749 394
s 13959 1208 650
s 13960 327 178
s 13961 317 158
s 13962 71 34
s 13969 158 81
s 13979 198 108
s 14136 184 97
s 14137 61 24
s 14138 105 47
s 14139 150 85
s 14140 49 23
s 14141 45 22
s 14142 1120 630
s 14143 145 68
s 14144 261 128
s 14145 27 17
s 14146 25 9
s 14147 362 182
s 14148 189 93
s 14149 44 14
s 14150 292 152
s 14151 1278 704
s 14152 125 50
s 14153 72 37
s 14154 839 443
s 14155 311 159
s 14156 712 383
s 14157 15 9
s 14158 29 12
s 14159 99 35
s 14160 188 85
s 14161 41 25
s 14162 52 26
s 14163 78 31
s 14164 376 175
s 14165 350 170
s 14166 951 469
s 14167 569 290
s 14168 462 257
s 14169 51 22
s 14170 207 111
s 14171 181 81
s 14172 42 19
s 14173 632 332
s 14174 72 30
s 14175 54 25
s 14176 22 10
s 14177 285 150
s 14178 55 23
s 14179 8 5
s 14180 486 248
s 14181 352 185
s 14182 88 44
s 14183 40 21
s 14184 39 19
s 14185 479 243
s 14186 616 317
s 14187 357 181
s 14188 16 9
s 14189 334 154
s 14190 232 130
s 14191 215 126
s 14192 461 227
s 14193 177 95
s 14194 235 105
s 14199 384 196
s 14200 184 97
s 14201 321 169
s 14203 541 263
s 14206 288 155
s 14208 449 192
s 14209 15 10
s 14211 321 168
s 14215 70 33
s 14216 172 92
s 14217 72 25
s 14218 97 46
s 14225 242 114
s 14235 60 31
s 14393 51 28
s 14394 58 23
s 14395 61 23
s 14396 242 106
s 14397 20 12
s 14398 197 99
s 14399 63 29
s 14400 110 56
s 14401 15 8
s 14402 10 5
s 14403 49 23
s 14404 83 46
s 14405 177 97
s 14406 41 24
s 14407 360 201
s 14408 43 22
s 14409 17 11
s 14410 357 185
s 14411 159 73
s 14412 255 142
s 14413 34 14
s 14414 87 43
s 14415 38 17
s 14416 25 9
s 14417 57 30
s 14418 19 12
s 14419 54 21
s 14420 203 111
s 14421 268 135
s 14422 473 249
s 14423 239 123
s 14424 158 89
s 14425 7 2
s 14426 101 56
s 14427 60 35
s 14428 48 21
s 14429 128 61
s 14430 11 6
s 14431 9 3
s 14432 145 61
s 14433 233 129
s 14434 118 58
s 14435 45 19
s 14436 255 124
s 14437 196 98
s 14438 51 31
s 14439 31 14
s 14440 210 105
s 14441 258 122
s 14442 169 80
s 14443 144 75
s 14444 143 63
s 14445 30 12
s 14446 139 68
s 14447 88 53
s 14448 209 103
s 14449 65 40
s 14450 62 25
s 14455 235 124
s 14456 105 55
s 14457 131 65
s 14459 293 130
s 14462 109 51
s 14464 204 101
s 14465 123 53
s 14467 166 86
s 14471 301 163
s 14472 66 28
s 14473 66 41
s 14474 20 11
s 14481 48 22
s 14491 56 27
s 14650 28 13
s 14651 40 22
s 14652 94 39
s 14653 17 10
s 14654 100 55
s 14655 44 23
s 14656 49 31
s 14657 11 5
s 14658 3 3
s 14659 88 43
s 14660 40 20
s 14661 45 23
s 14662 85 45
s 14663 132 71
s 14664 21 10
s 14665 24 13
s 14666 237 115
s 14667 62 35
s 14668 188 112
s 14669 17 5
s 14670 24 12
s 14671 20 9
s 14672 37 16
s 14673 23 14
s 14674 21 14
s 14675 12 5
s 14676 79 31
s 14677 75 39
s 14678 270 160
s 14679 98 55
s 14680 81 46
s 14681 12 7
s 14682 46 34
s 14683 65 36
s 14684 15 11
s 14685 148 79
s 14686 26 13
s 14687 18 7
s 14688 44 23
s 14689 119 61
s 14690 49 24
s 14691 20 9
s 14692 86 35
s 14693 106 53
s 14694 15 6
s 14695 9 6
s 14696 81 43
s 14697 134 78
s 14698 103 58
s 14699 77 45
s 14700 28 13
s 14701 77 29
s 14702 75 40
s 14703 40 22
s 14704 75 41
s 14705 57 29
s 14706 56 25
s 14711 80 42
s 14712 38 18
s 14713 71 41
s 14715 123 63
s 14718 63 29
s 14720 133 62
s 14721 46 23
s 14723 68 29
s 14727 98 61
s 14728 49 23
s 14729 38 22
s 14730 38 20
s 14737 50 20
s 14747 27 16
s 14907 47 20
s 14908 148 73
s 14909 23 13
s 14910 123 60
s 14911 51 29
s 14912 42 19
s 14913 20 10
s 14914 6 1
s 14915 140 75
s 14916 29 11
s 14917 112 47
s 14918 113 59
s 14919 237 107
s 14920 39 18
s 14921 38 17
s 14922 246 130
s 14923 69 29
s 14924 230 131
s 14925 23 15
s 14926 53 26
s 14927 21 11
s 14928 44 20
s 14929 33 16
s 14930 21 10
s 14931 17 10
s 14932 121 58
s 14933 122 49
s 14934 291 150
s 14935 103 47
s 14936 118 68
s 14937 19 12
s 14938 62 31
s 14939 46 22
s 14940 25 12
s 14941 229 105
s 14942 33 13
s 14943 24 15
s 14944 87 37
s 14945 161 76
s 14946 73 34
s 14947 31 16
s 14948 85 40
s 14949 120 66
s 14950 26 14
s 14951 5 4
s 14952 142 81
s 14953 102 46
s 14954 190 93
s 14955 107 48
s 14956 80 36
s 14957 73 38
s 14958 83 48
s 14959 51 28
s 14960 99 46
s 14961 60 32
s 14962 80 31
s 14967 102 61
s 14968 75 37
s 14969 71 40
s 14971 158 76
s 14974 93 46
s 14976 150 72
s 14977 65 25
s 14979 63 28
s 14983 171 85
s 14984 55 24
s 14985 52 23
s 14986 34 21
s 14993 79 31
s 15003 32 15
s 15164 167 79
s 15165 18 10
s 15166 226 123
s 15167 61 32
s 15168 89 34
s 15169 24 14
s 15170 5 3
s 15171 143 60
s 15172 96 49
s 15173 119 58
s 15174 115 53
s 15175 291 131
s 15176 72 38
s 15177 31 14
s 15178 201 93
s 15179 115 45
s 15180 90 39
s 15181 24 12
s 15182 55 26
s 15183 46 16
s 15184 60 25
s 15185 33 13
s 15186 18 12
s 15187 34 12
s 15188 170 66
s 15189 179 75
s 15190 439 207
s 15191 195 72
s 15192 145 84
s 15193 14 8
s 15194 52 26
s 15195 89 45
s 15196 38 21
s 15197 253 117
s 15198 18 8
s 15199 28 9
s 15200 89 30
s 15201 189 84
s 15202 83 34
s 15203 35 17
s 15204 175 83
s 15205 151 72
s 15206 43 19
s 15207 20 10
s 15208 166 92
s 15209 194 96
s 15210 85 35
s 15211 87 36
s 15212 80 36
s 15213 123 52
s 15214 97 49
s 15215 126 68
s 15216 186 95
s 15217 36 9
s 15218 80 31
s 15223 176 98
s 15224 46 20
s 15225 163 79
s 15227 242 103
s 15230 52 22
s 15232 219 100
s 15233 85 35
s 15235 140 71
s 15239 215 109
s 15240 51 20
s 15241 40 14
s 15242 30 16
s 15249 66 34
s 15259 43 19
s 15421 77 41
s 15422 569 320
s 15423 201 103
s 15424 282 131
s 15425 45 25
s 15426 22 8
s 15427 443 227
s 15428 254 136
s 15429 60 28
s 15430 393 190
s 15431 766 430
s 15432 164 87
s 15433 85 36
s 15434 1042 562
s 15435 422 215
s 15436 828 443
s 15437 24 15
s 15438 34 18
s 15439 116 57
s 15440 189 93
s 15441 55 25
s 15442 75 47
s 15443 107 49
s 15444 518 261
s 15445 524 261
s 15446 1378 733
s 15447 645 326
s 15448 397 234
s 15449 44 23
s 15450 313 172
s 15451 326 173
s 15452 59 37
s 15453 693 355
s 15454 97 48
s 15455 96 49
s 15456 22 9
s 15457 327 167
s 15458 61 33
s 15459 9 3
s 15460 455 222
s 15461 552 277
s 15462 112 60
s 15463 43 29
s 15464 62 36
s 15465 741 405
s 15466 629 321
s 15467 333 171
s 15468 32 16
s 15469 313 149
s 15470 183 96
s 15471 244 110
s 15472 521 303
s 15473 263 151
s 15474 272 137
s 15479 596 315
s 15480 239 126
s 15481 542 289
s 15483 857 423
s 15486 314 142
s 15488 654 343
s 15489 35 16
s 15491 425 242
s 15495 54 24
s 15496 188 92
s 15497 58 40
s 15498 141 67
s 15505 236 125
s 15515 70 44
s 15678 70 38
s 15679 26 11
s 15680 30 18
s 15681 7 3
s 15682 3 0
s 15683 42 22
s 15684 25 12
s 15685 35 14
s 15686 33 20
s 15687 119 66
s 15688 21 8
s 15689 10 5
s 15690 85 50
s 15691 43 23
s 15692 55 29
s 15693 12 7
s 15694 14 7
s 15695 11 7
s 15696 21 14
s 15697 18 8
s 15698 3 3
s 15699 21 9
s 15700 63 36
s 15701 79 40
s 15702 145 83
s 15703 78 47
s 15704 31 17
s 15705 6 1
s 15706 36 19
s 15707 43 30
s 15708 10 6
s 15709 64 29
s 15710 9 2
s 15711 3 2
s 15712 25 13
s 15713 73 42
s 15714 25 14
s 15715 15 7
s 15716 55 30
s 15717 60 25
s 15718 13 6
s 15719 8 3
s 15720 62 31
s 15721 104 59
s 15722 27 21
s 15723 32 20
s 15724 19 8
s 15725 53 31
s 15726 49 34
s 15727 32 15
s 15728 91 41
s 15729 11 7
s 15730 24 8
s 15735 70 39
s 15736 20 7
s 15737 83 49
s 15739 94 43
s 15742 22 9
s 15744 63 27
s 15745 28 18
s 15747 64 36
s 15751 79 46
s 15752 30 15
s 15753 18 8
s 15754 17 8
s 15761 28 16
s 15771 16 8
s 15935 97 48
s 15936 231 123
s 15937 50 25
s 15938 18 8
s 15939 467 268
s 15940 156 97
s 15941 433 239
s 15942 372 220
s 15943 297 166
s 15944 115 57
s 15945 63 32
s 15946 962 559
s 15947 287 146
s 15948 937 584
s 15949 104 61
s 15950 253 150
s 15951 77 37
s 15952 249 136
s 15953 116 58
s 15954 76 45
s 15955 47 25
s 15956 352 172
s 15957 447 224
s 15958 770 441
s 15959 517 291
s 15960 185 100
s 15961 36 20
s 15962 270 173
s 15963 218 112
s 15964 110 55
s 15965 711 390
s 15966 86 37
s 15967 100 54
s 15968 330 175
s 15969 520 275
s 15970 359 182
s 15971 128 57
s 15972 233 117
s 15973 270 166
s 15974 82 41
s 15975 51 28
s 15976 479 284
s 15977 355 204
s 15978 699 393
s 15979 311 169
s 15980 295 138
s 15981 319 166
s 15982 287 158
s 15983 203 117
s 15984 508 311
s 15985 240 141
s 15986 292 161
s 15991 270 156
s 15992 339 167
s 15993 329 219
s 15995 439 234
s 15998 352 188
s 16000 519 292
s 16001 304 173
s 16003 310 174
s 16007 697 417
s 16008 207 111
s 16009 188 103
s 16010 144 86
s 16017 298 141
s 16027 107 64
s 16192 87 34
s 16193 23 9
s 16194 6 4
s 16195 110 51
s 16196 65 35
s 16197 149 71
s 16198 101 49
s 16199 262 128
s 16200 47 18
s 16201 38 22
s 16202 348 180
s 16203 119 55
s 16204 284 151
s 16205 27 14
s 16206 81 37
s 16207 36 18
s 16208 66 27
s 16209 46 24
s 16210 15 9
s 16211 30 17
s 16212 194 88
s 16213 216 103
s 16214 412 202
s 16215 189 101
s 16216 144 77
s 16217 12 4
s 16218 102 58
s 16219 64 28
s 16220 39 20
s 16221 185 103
s 16222 29 16
s 16223 30 18
s 16224 105 51
s 16225 222 109
s 16226 116 56
s 16227 48 22
s 16228 176 95
s 16229 130 61
s 16230 40 23
s 16231 14 5
s 16232 200 110
s 16233 166 76
s 16234 197 93
s 16235 128 69
s 16236 122 52
s 16237 67 32
s 16238 113 61
s 16239 64 41
s 16240 150 79
s 16241 94 55
s 16242 108 42
s 16247 117 50
s 16248 113 53
s 16249 112 54
s 16251 189 83
s 16254 130 61
s 16256 208 111
s 16257 129 55
s 16259 108 60
s 16263 251 117
s 16264 62 24
s 16265 48 27
s 16266 29 12
s 16273 66 27
s 16283 53 26
s 16449 19 9
s 16450 2 0
s 16451 252 125
s 16452 80 36
s 16453 222 87
s 16454 227 116
s 16455 363 187
s 16456 54 33
s 16457 43 21
s 16458 540 264
s 16459 129 54
s 16460 376 192
s 16461 43 18
s 16462 110 51
s 16463 35 19
s 16464 100 46
s 16465 77 46
s 16466 37 19
s 16467 22 6
s 16468 187 82
s 16469 214 90
s 16470 553 264
s 16471 130 62
s 16472 179 96
s 16473 29 14
s 16474 123 58
s 16475 92 38
s 16476 49 25
s 16477 363 163
s 16478 63 30
s 16479 57 25
s 16480 193 78
s 16481 378 185
s 16482 183 84
s 16483 74 32
s 16484 189 87
s 16485 182 87
s 16486 50 15
s 16487 25 10
s 16488 331 181
s 16489 214 112
s 16490 294 140
s 16491 179 82
s 16492 158 57
s 16493 144 69
s 16494 154 70
s 16495 66 32
s 16496 101 57
s 16497 98 50
s 16498 167 61
s 16503 147 61
s 16504 157 64
s 16505 101 47
s 16507 203 81
s 16510 191 104
s 16512 281 116
s 16513 165 77
s 16515 100 43
s 16519 362 188
s 16520 86 47
s 16521 118 49
s 16522 68 37
s 16529 143 70
s 16539 55 29
s 16706 6 1
s 16707 33 19
s 16708 18 4
s 16709 33 12
s 16710 33 12
s 16711 89 43
s 16712 14 6
s 16713 10 1
s 16714 71 36
s 16715 32 12
s 16716 51 16
s 16717 7 3
s 16718 20 8
s 16719 10 3
s 16720 19 8
s 16721 13 9
s 16722 4 2
s 16723 9 4
s 16724 57 18
s 16725 52 25
s 16726 86 41
s 16727 51 18
s 16728 35 14
s 16729 1 0
s 16730 28 15
s 16731 25 8
s 16732 10 2
s 16733 64 24
s 16734 11 4
s 16735 11 3
s 16736 25 11
s 16737 49 20
s 16738 26 11
s 16739 11 4
s 16740 47 18
s 16741 40 23
s 16742 3 2
s 16743 8 4
s 16744 29 13
s 16745 59 22
s 16746 36 9
s 16747 33 16
s 16748 14 5
s 16749 32 16
s 16750 34 16
s 16751 21 10
s 16752 49 20
s 16753 17 8
s 16754 28 12
s 16759 32 13
s 16760 16 7
s 16761 44 18
s 16763 52 16
s 16766 18 8
s 16768 63 23
s 16769 13 6
s 16771 41 19
s 16775 52 29
s 16776 20 9
s 16777 18 10
s 16778 19 11
s 16785 21 10
s 16795 10 3
s 16963 13 7
s 16964 2 2
s 16965 17 11
s 16966 18 12
s 16967 32 17
s 16968 4 2
s 16969 2 0
s 16970 43 22
s 16971 3 0
s 16972 33 16
s 16973 3 2
s 16974 9 5
s 16975 2 1
s 16976 8 3
s 16977 4 3
s 16978 8 2
s 16980 7 2
s 16981 11 4
s 16982 46 28
s 16983 6 3
s 16984 17 8
s 16985 2 1
s 16986 8 2
s 16987 14 9
s 16988 4 2
s 16989 37 14
s 16990 2 1
s 16991 4 2
s 16992 19 9
s 16993 35 16
s 16994 9 6
s 16995 4 0
s 16996 11 6
s 16997 10 3
s 16998 2 1
s 16999 2 1
s 17000 24 11
s 17001 23 11
s 17002 29 12
s 17003 19 10
s 17004 14 8
s 17005 28 13
s 17006 5 3
s 17007 6 2
s 17008 10 3
s 17009 13 4
s 17010 10 4
s 17015 18 6
s 17016 12 3
s 17017 14 7
s 17019 18 8
s 17022 19 13
s 17024 28 15
s 17025 13 8
s 17027 7 3
s 17031 38 18
s 17032 10 6
s 17033 5 4
s 17034 8 3
s 17041 16 9
s 17051 8 5
s 17220 225 122
s 17221 337 187
s 17222 23 11
s 17223 722 392
s 17224 123 65
s 17225 40 23
s 17226 893 507
s 17227 339 186
s 17228 610 342
s 17229 78 39
s 17230 191 85
s 17231 97 43
s 17232 26 15
s 17233 86 46
s 17234 44 23
s 17235 69 36
s 17236 375 171
s 17237 493 240
s 17238 1124 586
s 17239 471 253
s 17240 402 219
s 17241 5 4
s 17242 197 109
s 17243 117 48
s 17244 74 41
s 17245 135 70
s 17246 7 3
s 17247 6 4
s 17248 251 112
s 17249 445 210
s 17250 253 119
s 17251 93 52
s 17252 279 132
s 17253 419 210
s 17254 96 55
s 17255 36 17
s 17256 492 281
s 17257 487 249
s 17258 453 253
s 17259 287 162
s 17260 232 108
s 17261 10 4
s 17262 309 183
s 17263 193 110
s 17264 406 219
s 17265 190 120
s 17266 85 32
s 17271 383 192
s 17272 214 117
s 17273 359 182
s 17275 587 282
s 17278 293 145
s 17280 517 244
s 17281 227 113
s 17283 332 183
s 17287 578 337
s 17288 169 92
s 17289 111 55
s 17290 24 10
s 17297 78 42
s 17307 70 39
s 17477 203 93
s 17478 171 80
s 17479 321 165
s 17480 52 23
s 17481 49 26
s 17482 534 285
s 17483 79 35
s 17484 353 181
s 17485 27 17
s 17486 96 54
s 17487 21 13
s 17488 77 37
s 17489 82 47
s 17490 37 18
s 17491 25 15
s 17492 162 77
s 17493 172 78
s 17494 432 202
s 17495 104 47
s 17496 162 94
s 17497 28 18
s 17498 81 42
s 17499 73 35
s 17500 43 24
s 17501 372 191
s 17502 42 18
s 17503 31 18
s 17504 190 90
s 17505 298 148
s 17506 150 65
s 17507 63 29
s 17508 125 57
s 17509 137 77
s 17510 42 23
s 17511 21 13
s 17512 305 161
s 17513 184 97
s 17514 238 124
s 17515 144 87
s 17516 140 69
s 17517 132 55
s 17518 124 61
s 17519 39 21
s 17520 94 55
s 17521 103 70
s 17522 124 54
s 17527 136 63
s 17528 125 64
s 17529 94 51
s 17531 191 96
s 17534 161 77
s 17536 219 112
s 17537 159 88
s 17539 62 30
s 17543 261 139
s 17544 88 51
s 17545 88 39
s 17546 49 23
s 17553 128 54
s 17563 47 28
s 17734 274 134
s 17735 593 292
s 17736 129 64
s 17737 53 20
s 17738 820 426
s 17739 306 154
s 17740 712 391
s 17741 18 11
s 17742 37 16
s 17743 100 45
s 17744 146 71
s 17745 37 18
s 17746 49 33
s 17747 63 29
s 17748 355 172
s 17749 374 179
s 17750 1231 620
s 17751 504 239
s 17752 364 193
s 17753 30 18
s 17754 228 101
s 17755 152 68
s 17756 45 23
s 17757 607 300
s 17758 79 35
s 17759 77 37
s 17760 29 16
s 17761 260 125
s 17762 51 19
s 17763 15 8
s 17764 296 134
s 17765 423 199
s 17766 85 39
s 17767 28 15
s 17768 52 22
s 17769 462 214
s 17770 507 248
s 17771 268 137
s 17772 42 16
s 17773 230 100
s 17774 251 126
s 17775 180 98
s 17776 372 204
s 17777 156 90
s 17778 222 97
s 17783 503 260
s 17784 175 68
s 17785 625 329
s 17787 682 318
s 17790 248 117
s 17792 430 202
s 17793 31 19
s 17795 357 180
s 17799 85 41
s 17800 125 61
s 17801 63 38
s 17802 100 53
s 17809 199 90
s 17819 63 33
s 17991 523 267
s 17992 81 30
s 17993 60 33
s 17994 803 406
s 17995 264 135
s 17996 487 252
s 17997 74 34
s 17998 151 86
s 17999 65 34
s 18000 42 25
s 18001 67 31
s 18002 38 21
s 18003 66 28
s 18004 367 174
s 18005 377 186
s 18006 939 485
s 18007 419 225
s 18008 295 149
s 18009 8 5
s 18010 175 87
s 18011 150 70
s 18012 74 39
s 18013 122 59
s 18014 7 5
s 18015 5 0
s 18016 197 116
s 18017 464 216
s 18018 241 124
s 18019 90 41
s 18020 326 145
s 18021 336 173
s 18022 71 42
s 18023 33 26
s 18024 373 189
s 18025 419 208
s 18026 327 175
s 18027 244 119
s 18028 206 94
s 18029 21 9
s 18030 250 124
s 18031 177 93
s 18032 326 174
s 18033 160 100
s 18034 88 46
s 18039 322 172
s 18040 194 105
s 18041 329 186
s 18043 448 202
s 18046 223 101
s 18048 513 265
s 18049 224 122
s 18051 266 130
s 18055 433 223
s 18056 127 57
s 18057 114 67
s 18058 20 5
s 18065 69 30
s 18075 75 37
s 18248 153 74
s 18249 133 76
s 18250 1614 880
s 18251 492 281
s 18252 1262 702
s 18253 127 66
s 18254 298 155
s 18255 150 74
s 18256 318 167
s 18257 180 102
s 18258 128 79
s 18259 89 45
s 18260 600 295
s 18261 659 340
s 18262 1359 707
s 18263 800 447
s 18264 370 210
s 18265 76 37
s 18266 375 197
s 18267 431 232
s 18268 174 99
s 18269 1130 575
s 18270 178 96
s 18271 117 59
s 18272 393 214
s 18273 739 384
s 18274 517 249
s 18275 181 93
s 18276 378 175
s 18277 509 278
s 18278 175 89
s 18279 70 39
s 18280 759 393
s 18281 633 342
s 18282 867 462
s 18283 415 227
s 18284 436 225
s 18285 510 270
s 18286 481 275
s 18287 372 218
s 18288 707 390
s 18289 384 220
s 18290 434 216
s 18295 465 252
s 18296 452 216
s 18297 471 246
s 18299 625 314
s 18302 505 277
s 18304 853 446
s 18305 374 206
s 18307 451 240
s 18311 1010 574
s 18312 262 146
s 18313 253 139
s 18314 204 105
s 18321 392 219
s 18331 142 75
s 18505 24 10
s 18506 321 167
s 18507 89 34
s 18508 245 130
s 18509 29 9
s 18510 58 24
s 18511 19 11
s 18512 47 25
s 18513 31 20
s 18514 27 19
s 18515 17 9
s 18516 146 64
s 18517 146 80
s 18518 310 154
s 18519 125 57
s 18520 104 55
s 18521 9 5
s 18522 77 36
s 18523 103 50
s 18524 32 16
s 18525 151 77
s 18526 25 17
s 18527 22 11
s 18528 87 40
s 18529 203 100
s 18530 102 39
s 18531 38 18
s 18532 115 54
s 18533 114 43
s 18534 28 12
s 18535 16 10
s 18536 179 91
s 18537 125 54
s 18538 183 89
s 18539 109 54
s 18540 95 34
s 18541 58 36
s 18542 84 39
s 18543 53 30
s 18544 101 56
s 18545 46 18
s 18546 81 37
s 18551 106 51
s 18552 81 40
s 18553 84 36
s 18555 156 83
s 18558 75 36
s 18560 166 78
s 18561 118 66
s 18563 89 42
s 18567 189 100
s 18568 51 31
s 18569 53 23
s 18570 25 12
s 18577 54 18
s 18587 35 17
s 18762 165 70
s 18763 62 25
s 18764 91 44
s 18765 11 3
s 18766 27 13
s 18767 19 4
s 18768 42 19
s 18769 19 12
s 18770 13 5
s 18771 17 6
s 18772 100 46
s 18773 92 39
s 18774 220 98
s 18775 86 35
s 18776 69 36
s 18777 4 2
s 18778 40 24
s 18779 48 28
s 18780 14 8
s 18781 110 47
s 18782 18 9
s 18783 14 7
s 18784 51 19
s 18785 91 32
s 18786 56 27
s 18787 21 12
s 18788 94 40
s 18789 83 41
s 18790 12 6
s 18791 9 3
s 18792 75 32
s 18793 96 41
s 18794 79 34
s 18795 64 33
s 18796 34 10
s 18797 28 13
s 18798 71 33
s 18799 36 16
s 18800 70 33
s 18801 32 20
s 18802 37 14
s 18807 67 31
s 18808 51 23
s 18809 49 23
s 18811 123 51
s 18814 54 24
s 18816 122 64
s 18817 50 24
s 18819 63 27
s 18823 110 55
s 18824 40 16
s 18825 35 10
s 18826 24 10
s 18833 48 23
s 18843 15 8
s 19019 781 398
s 19020 385 200
s 19021 171 86
s 19022 438 232
s 19023 254 129
s 19024 355 173
s 19025 259 132
s 19026 61 30
s 19027 205 92
s 19028 985 506
s 19029 1166 583
s 19030 2332 1184
s 19031 1131 599
s 19032 764 439
s 19033 101 50
s 19034 248 111
s 19035 369 199
s 19036 150 76
s 19037 1247 679
s 19038 240 118
s 19039 190 98
s 19040 653 332
s 19041 1224 627
s 19042 602 273
s 19043 251 112
s 19044 913 473
s 19045 772 384
s 19046 250 138
s 19047 111 58
s 19048 1324 688
s 19049 1130 595
s 19050 344 173
s 19051 480 252
s 19052 615 262
s 19053 592 297
s 19054 611 306
s 19055 476 280
s 19056 954 508
s 19057 136 82
s 19058 454 207
s 19063 900 469
s 19064 280 145
s 19065 833 444
s 19067 1237 634
s 19070 255 119
s 19072 1098 538
s 19073 668 317
s 19075 806 416
s 19079 1344 724
s 19080 296 149
s 19081 275 131
s 19082 274 130
s 19089 357 162
s 19099 255 139
s 19276 595 322
s 19277 53 21
s 19278 152 73
s 19279 32 16
s 19280 133 67
s 19281 89 42
s 19282 48 26
s 19283 42 15
s 19284 284 142
s 19285 291 140
s 19286 664 312
s 19287 201 104
s 19288 285 159
s 19289 32 17
s 19290 127 71
s 19291 107 56
s 19292 61 26
s 19293 552 276
s 19294 79 37
s 19295 68 34
s 19296 244 114
s 19297 473 242
s 19298 210 99
s 19299 98 45
s 19300 227 122
s 19301 232 113
s 19302 50 23
s 19303 24 14
s 19304 418 222
s 19305 264 126
s 19306 401 202
s 19307 244 119
s 19308 277 112
s 19309 208 94
s 19310 161 85
s 19311 80 44
s 19312 165 81
s 19313 154 88
s 19314 200 90
s 19319 196 90
s 19320 208 96
s 19321 180 87
s 19323 310 166
s 19326 233 114
s 19328 394 176
s 19329 201 91
s 19331 138 71
s 19335 498 259
s 19336 119 63
s 19337 142 66
s 19338 100 44
s 19345 176 93
s 19355 69 31
s 19533 117 63
s 19534 366 192
s 19535 171 81
s 19536 239 138
s 19537 231 127
s 19538 35 22
s 19539 152 81
s 19540 719 388
s 19541 969 507
s 19542 2056 1087
s 19543 966 553
s 19544 736 437
s 19545 58 36
s 19546 138 77
s 19547 278 159
s 19548 129 78
s 19549 1012 538
s 19550 114 52
s 19551 128 67
s 19552 478 251
s 19553 786 439
s 19554 462 229
s 19555 177 79
s 19556 599 323
s 19557 665 345
s 19558 163 100
s 19559 77 52
s 19560 792 437
s 19561 861 454
s 19562 64 32
s 19563 318 184
s 19564 488 255
s 19565 449 236
s 19566 510 276
s 19567 336 171
s 19568 795 452
s 19569 49 27
s 19570 310 158
s 19575 763 430
s 19576 120 54
s 19577 596 335
s 19579 1103 560
s 19582 112 64
s 19584 747 384
s 19585 379 203
s 19587 590 304
s 19591 1070 610
s 19592 172 78
s 19593 197 110
s 19594 178 87
s 19601 240 118
s 19611 197 100
s 19790 10 7
s 19791 17 10
s 19792 38 19
s 19793 10 5
s 19794 17 9
s 19795 14 10
s 19796 77 33
s 19797 71 37
s 19798 239 127
s 19799 101 51
s 19800 81 44
s 19801 8 6
s 19802 35 16
s 19803 29 15
s 19804 13 6
s 19805 105 64
s 19806 10 5
s 19807 14 8
s 19808 5 2
s 19809 58 22
s 19810 12 6
s 19811 4 2
s 19812 73 41
s 19813 91 56
s 19814 9 6
s 19815 12 8
s 19816 24 14
s 19817 102 49
s 19818 93 46
s 19819 65 35
s 19820 8 6
s 19821 49 28
s 19822 54 29
s 19823 50 33
s 19824 115 61
s 19825 35 22
s 19826 36 21
s 19831 80 44
s 19832 47 26
s 19833 82 46
s 19835 117 53
s 19838 57 28
s 19840 101 48
s 19841 9 7
s 19843 85 42
s 19847 26 14
s 19848 30 15
s 19849 12 8
s 19850 21 7
s 19857 43 22
s 19867 15 9
s 20047 65 25
s 20048 99 60
s 20049 19 4
s 20050 35 18
s 20051 41 18
s 20052 164 83
s 20053 182 98
s 20054 560 274
s 20055 249 126
s 20056 158 91
s 20057 29 16
s 20058 118 53
s 20059 87 49
s 20060 29 19
s 20061 286 156
s 20062 39 14
s 20063 38 22
s 20064 8 6
s 20065 130 66
s 20066 29 8
s 20067 8 3
s 20068 157 82
s 20069 228 118
s 20070 37 17
s 20071 17 10
s 20072 33 20
s 20073 265 130
s 20074 256 143
s 20075 134 77
s 20076 8 3
s 20077 112 58
s 20078 145 76
s 20079 95 44
s 20080 246 119
s 20081 90 54
s 20082 108 59
s 20087 226 122
s 20088 103 57
s 20089 197 111
s 20091 352 172
s 20094 125 67
s 20096 269 132
s 20097 18 11
s 20099 199 93
s 20103 43 25
s 20104 65 36
s 20105 31 15
s 20106 57 27
s 20113 90 39
s 20123 32 17
s 20304 34 14
s 20305 12 3
s 20306 20 12
s 20307 10 5
s 20308 77 33
s 20309 103 43
s 20310 207 90
s 20311 62 30
s 20312 77 45
s 20313 10 5
s 20314 59 30
s 20315 34 17
s 20316 24 15
s 20317 132 53
s 20318 19 8
s 20319 21 12
s 20320 71 34
s 20321 130 71
s 20322 83 40
s 20323 27 15
s 20324 74 29
s 20325 65 29
s 20326 13 7
s 20327 6 6
s 20328 126 60
s 20329 102 50
s 20330 123 52
s 20331 68 27
s 20332 63 31
s 20333 89 30
s 20334 75 37
s 20335 20 8
s 20336 61 31
s 20337 57 25
s 20338 67 29
s 20343 60 32
s 20344 80 45
s 20345 60 29
s 20347 75 31
s 20350 70 30
s 20352 136 60
s 20353 75 31
s 20355 37 17
s 20359 166 88
s 20360 46 16
s 20361 45 17
s 20362 26 16
s 20369 70 26
s 20379 27 11
s 20561 31 13
s 20562 24 13
s 20563 29 17
s 20564 163 73
s 20565 219 93
s 20566 449 227
s 20567 207 113
s 20568 142 68
s 20569 5 2
s 20570 124 63
s 20571 69 29
s 20572 44 26
s 20573 86 40
s 20574 9 3
s 20575 8 5
s 20576 108 44
s 20577 236 122
s 20578 137 68
s 20579 44 24
s 20580 276 144
s 20581 186 99
s 20582 32 12
s 20583 15 8
s 20584 196 90
s 20585 251 121
s 20586 185 100
s 20587 124 59
s 20588 95 47
s 20589 27 16
s 20590 140 70
s 20591 87 38
s 20592 194 85
s 20593 56 31
s 20594 53 24
s 20599 180 96
s 20600 116 57
s 20601 171 90
s 20603 289 139
s 20606 99 49
s 20608 245 131
s 20609 98 51
s 20611 155 85
s 20615 267 142
s 20616 72 28
s 20617 76 40
s 20618 34 17
s 20625 45 22
s 20635 46 20
s 20818 14 6
s 20819 26 11
s 20820 118 62
s 20821 132 62
s 20822 345 164
s 20823 150 85
s 20824 105 54
s 20825 15 11
s 20826 67 31
s 20827 72 38
s 20828 23 8
s 20829 124 50
s 20830 16 4
s 20831 16 8
s 20832 34 21
s 20833 110 48
s 20834 52 23
s 20835 18 7
s 20836 95 53
s 20837 122 55
s 20838 23 14
s 20839 14 6
s 20840 68 30
s 20841 154 78
s 20842 155 83
s 20843 63 30
s 20844 27 18
s 20845 42 21
s 20846 85 40
s 20847 78 41
s 20848 135 75
s 20849 58 30
s 20850 64 34
s 20855 136 74
s 20856 48 27
s 20857 155 79
s 20859 170 74
s 20862 60 29
s 20864 154 76
s 20865 39 23
s 20867 68 28
s 20871 97 52
s 20872 48 20
s 20873 30 10
s 20874 31 13
s 20881 60 24
s 20891 28 13
s 21075 14 8
s 21076 69 29
s 21077 76 39
s 21078 175 111
s 21079 78 44
s 21080 36 22
s 21081 7 3
s 21082 21 17
s 21083 21 6
s 21084 18 9
s 21085 69 27
s 21086 7 4
s 21087 11 9
s 21088 48 30
s 21089 78 40
s 21090 47 25
s 21091 16 11
s 21092 65 30
s 21093 73 38
s 21094 18 8
s 21095 10 7
s 21096 76 45
s 21097 95 58
s 21098 25 14
s 21099 36 15
s 21100 38 19
s 21101 36 23
s 21102 49 32
s 21103 39 25
s 21104 83 48
s 21105 5 3
s 21106 25 12
s 21111 73 45
s 21112 19 12
s 21113 66 40
s 21115 106 60
s 21118 23 12
s 21120 93 59
s 21121 38 22
s 21123 71 43
s 21127 93 49
s 21128 20 13
s 21129 16 8
s 21130 12 8
s 21137 35 18
s 21147 22 15
s 21332 56 24
s 21333 57 19
s 21334 173 87
s 21335 41 19
s 21336 63 25
s 21337 6 5
s 21338 43 22
s 21339 28 11
s 21340 23 16
s 21341 101 45
s 21342 21 9
s 21343 14 6
s 21344 56 35
s 21345 84 30
s 21346 46 18
s 21347 19 5
s 21348 43 21
s 21349 59 23
s 21350 14 6
s 21351 4 1
s 21352 82 26
s 21353 80 38
s 21354 103 55
s 21355 54 21
s 21356 65 35
s 21357 58 28
s 21358 74 42
s 21359 18 8
s 21360 35 13
s 21361 39 19
s 21362 50 24
s 21367 50 28
s 21368 48 22
s 21369 37 22
s 21371 73 31
s 21374 52 22
s 21376 102 49
s 21377 47 19
s 21379 32 16
s 21383 108 54
s 21384 26 14
s 21385 25 16
s 21386 23 12
s 21393 45 22
s 21403 25 13
s 21589 407 196
s 21590 1125 525
s 21591 352 169
s 21592 345 191
s 21593 42 17
s 21594 254 132
s 21595 179 94
s 21596 91 43
s 21597 681 309
s 21598 111 59
s 21599 95 49
s 21600 272 122
s 21601 554 266
s 21602 261 112
s 21603 128 51
s 21604 297 145
s 21605 400 192
s 21606 85 47
s 21607 34 18
s 21608 520 261
s 21609 400 199
s 21610 549 265
s 21611 287 146
s 21612 269 118
s 21613 290 129
s 21614 296 146
s 21615 164 80
s 21616 287 148
s 21617 202 98
s 21618 288 115
s 21623 301 134
s 21624 269 112
s 21625 311 153
s 21627 478 208
s 21630 335 163
s 21632 523 256
s 21633 257 122
s 21635 257 122
s 21639 599 301
s 21640 153 73
s 21641 152 65
s 21642 156 65
s 21649 241 108
s 21659 73 33
s 21846 1265 630
s 21847 423 202
s 21848 378 181
s 21849 45 29
s 21850 321 154
s 21851 230 104
s 21852 116 57
s 21853 698 336
s 21854 121 52
s 21855 105 50
s 21856 272 132
s 21857 613 303
s 21858 258 111
s 21859 103 43
s 21860 299 140
s 21861 396 185
s 21862 67 19
s 21863 33 15
s 21864 506 253
s 21865 475 226
s 21866 671 321
s 21867 357 188
s 21868 275 112
s 21869 318 166
s 21870 324 163
s 21871 157 77
s 21872 364 191
s 21873 271 140
s 21874 300 126
s 21879 371 165
s 21880 299 157
s 21881 341 157
s 21883 629 288
s 21886 369 179
s 21888 606 281
s 21889 241 109
s 21891 309 154
s 21895 598 308
s 21896 175 84
s 21897 170 84
s 21898 146 55
s 21905 305 125
s 21915 100 49
s 22103 1103 579
s 22104 706 366
s 22105 119 73
s 22106 514 262
s 22107 470 244
s 22108 212 122
s 22109 1871 929
s 22110 217 104
s 22111 239 126
s 22112 852 416
s 22113 1651 824
s 22114 943 443
s 22115 357 155
s 22116 898 458
s 22117 746 355
s 22118 256 131
s 22119 105 55
s 22120 1473 756
s 22121 891 421
s 22122 1350 693
s 22123 737 382
s 22124 979 427
s 22125 767 355
s 22126 696 330
s 22127 435 235
s 22128 992 472
s 22129 488 262
s 22130 691 306
s 22135 718 381
s 22136 679 315
s 22137 763 411
s 22139 1029 472
s 22142 809 397
s 22144 1312 629
s 22145 812 377
s 22147 648 311
s 22151 1833 990
s 22152 472 246
s 22153 436 218
s 22154 350 153
s 22161 635 262
s 22171 316 175
s 22360 435 231
s 22361 43 25
s 22362 240 127
s 22363 150 74
s 22364 117 71
s 22365 878 450
s 22366 101 44
s 22367 115 67
s 22368 372 191
s 22369 703 331
s 22370 370 176
s 22371 135 73
s 22372 326 184
s 22373 362 179
s 22374 78 47
s 22375 42 24
s 22376 589 305
s 22377 394 200
s 22378 692 361
s 22379 370 181
s 22380 329 164
s 22381 351 160
s 22382 329 183
s 22383 75 33
s 22384 202 108
s 22385 239 149
s 22386 346 170
s 22391 301 158
s 22392 332 159
s 22393 197 113
s 22395 450 204
s 22398 389 205
s 22400 549 273
s 22401 362 165
s 22403 189 93
s 22407 811 423
s 22408 179 96
s 22409 189 96
s 22410 141 65
s 22417 287 141
s 22427 114 54
s 22617 37 21
s 22618 153 86
s 22619 129 74
s 22620 70 36
s 22621 609 323
s 22622 79 44
s 22623 81 51
s 22624 237 126
s 22625 403 215
s 22626 294 147
s 22627 87 44
s 22628 211 128
s 22629 316 168
s 22630 71 43
s 22631 37 26
s 22632 408 210
s 22633 298 139
s 22634 378 196
s 22635 222 131
s 22636 254 131
s 22637 231 105
s 22638 262 135
s 22639 172 111
s 22640 358 214
s 22641 140 90
s 22642 250 128
s 22647 258 145
s 22648 205 122
s 22649 252 142
s 22651 395 198
s 22654 235 118
s 22656 459 251
s 22657 227 123
s 22659 202 107
s 22663 566 327
s 22664 131 79
s 22665 140 83
s 22666 100 54
s 22673 189 107
s 22683 93 52
s 22874 35 16
s 22875 17 6
s 22876 10 4
s 22877 18 12
s 22878 1 0
s 22879 2 1
s 22880 23 8
s 22881 53 29
s 22882 31 20
s 22883 15 5
s 22884 41 18
s 22885 47 23
s 22886 14 6
s 22887 6 4
s 22888 44 24
s 22889 59 31
s 22890 60 33
s 22891 42 24
s 22892 16 9
s 22893 4 1
s 22894 43 23
s 22895 25 19
s 22896 46 20
s 22897 21 11
s 22898 17 5
s 22903 52 31
s 22904 32 20
s 22905 39 18
s 22907 66 30
s 22910 27 18
s 22912 53 23
s 22913 32 17
s 22915 47 23
s 22919 54 28
s 22920 25 17
s 22921 20 12
s 22922 5 1
s 22929 10 1
s 22939 9 4
s 23131 117 67
s 23132 38 18
s 23133 332 170
s 23134 66 32
s 23135 32 20
s 23136 156 81
s 23137 321 166
s 23138 158 82
s 23139 95 42
s 23140 207 113
s 23141 169 88
s 23142 45 22
s 23143 23 16
s 23144 246 133
s 23145 299 164
s 23146 170 100
s 23147 122 52
s 23148 161 60
s 23149 196 98
s 23150 150 85
s 23151 125 65
s 23152 271 157
s 23153 53 31
s 23154 115 44
s 23159 210 124
s 23160 82 38
s 23161 237 116
s 23163 333 161
s 23166 74 34
s 23168 227 91
s 23169 149 76
s 23171 218 123
s 23175 358 193
s 23176 76 38
s 23177 118 67
s 23178 58 28
s 23185 116 44
s 23195 73 35
s 23388 38 21
s 23389 427 234
s 23390 41 15
s 23391 40 22
s 23392 129 73
s 23393 254 136
s 23394 140 57
s 23395 92 45
s 23396 196 97
s 23397 165 76
s 23398 46 19
s 23399 33 17
s 23400 234 125
s 23401 248 143
s 23402 218 105
s 23403 166 72
s 23404 96 49
s 23405 102 51
s 23406 113 45
s 23407 73 36
s 23408 184 107
s 23409 87 43
s 23410 102 41
s 23415 176 103
s 23416 107 53
s 23417 148 78
s 23419 228 121
s 23422 117 61
s 23424 218 114
s 23425 123 54
s 23427 108 53
s 23431 280 147
s 23432 160 86
s 23433 103 50
s 23434 113 68
s 23441 125 54
s 23451 135 72
s 23645 140 78
s 23646 15 4
s 23647 12 4
s 23648 28 9
s 23649 95 54
s 23650 45 22
s 23651 14 9
s 23652 128 75
s 23653 75 43
s 23654 25 10
s 23655 12 7
s 23656 65 46
s 23657 138 65
s 23658 80 48
s 23659 66 36
s 23660 38 14
s 23661 78 38
s 23662 55 30
s 23663 54 24
s 23664 122 73
s 23665 42 26
s 23666 35 18
s 23671 85 54
s 23672 44 32
s 23673 101 56
s 23675 136 67
s 23678 65 33
s 23680 101 56
s 23681 29 15
s 23683 68 32
s 23687 86 55
s 23688 43 24
s 23689 28 13
s 23690 22 12
s 23697 54 29
s 23707 14 7
s 23902 34 14
s 23903 31 14
s 23904 439 217
s 23905 772 374
s 23906 435 212
s 23907 156 72
s 23908 557 275
s 23909 707 361
s 23910 134 70
s 23911 73 34
s 23912 767 393
s 23913 815 375
s 23914 712 364
s 23915 418 205
s 23916 439 205
s 23917 83 40
s 23918 484 256
s 23919 314 162
s 23920 638 324
s 23921 263 145
s 23922 205 105
s 23927 687 355
s 23928 351 156
s 23929 633 344
s 23931 957 452
s 23934 398 179
s 23936 866 463
s 23937 418 199
s 23939 485 263
s 23943 901 494
s 23944 278 140
s 23945 240 132
s 23946 73 44
s 23953 151 74
s 23963 183 83
s 24160 47 20
s 24161 112 50
s 24162 42 19
s 24163 21 9
s 24164 74 35
s 24165 95 43
s 24166 21 13
s 24167 9 4
s 24168 109 41
s 24169 127 69
s 24170 95 43
s 24171 59 29
s 24172 52 22
s 24173 2 1
s 24174 65 29
s 24175 40 16
s 24176 92 43
s 24177 37 19
s 24178 16 4
s 24183 80 37
s 24184 59 24
s 24185 72 33
s 24187 117 46
s 24190 47 22
s 24192 103 41
s 24193 42 19
s 24195 79 39
s 24199 111 56
s 24200 33 19
s 24201 41 23
s 24202 5 2
s 24209 17 9
s 24219 17 7
s 24416 48 27
s 24417 144 79
s 24418 54 21
s 24419 23 9
s 24420 68 34
s 24421 101 47
s 24422 29 13
s 24423 8 4
s 24424 103 54
s 24425 97 40
s 24426 105 54
s 24427 51 27
s 24428 49 25
s 24429 2 0
s 24430 50 29
s 24431 40 21
s 24432 76 35
s 24433 33 14
s 24434 29 12
s 24439 84 41
s 24440 41 25
s 24441 75 37
s 24443 93 41
s 24446 52 22
s 24448 117 55
s 24449 61 31
s 24451 74 33
s 24455 102 53
s 24456 28 17
s 24457 27 9
s 24458 13 9
s 24465 20 10
s 24475 22 6
s 24673 162 70
s 24674 43 17
s 24675 7 2
s 24676 258 120
s 24677 332 162
s 24678 64 38
s 24679 26 20
s 24680 18 6
s 24681 344 165
s 24682 332 166
s 24683 192 94
s 24684 6 5
s 24685 168 74
s 24686 151 80
s 24687 158 90
s 24688 271 140
s 24689 132 73
s 24690 161 78
s 24695 295 138
s 24696 113 47
s 24697 266 141
s 24699 432 200
s 24702 180 88
s 24704 410 192
s 24705 14 6
s 24707 254 119
s 24711 55 21
s 24712 106 47
s 24713 38 20
s 24714 90 42
s 24721 150 63
s 24731 35 15
s 24930 213 97
s 24931 90 39
s 24932 450 219
s 24933 556 292
s 24934 114 58
s 24935 44 27
s 24936 299 168
s 24937 1137 576
s 24938 589 299
s 24939 334 165
s 24940 200 88
s 24941 338 166
s 24942 465 249
s 24943 277 154
s 24944 507 263
s 24945 239 123
s 24946 348 166
s 24951 530 275
s 24952 272 125
s 24953 479 264
s 24955 734 345
s 24958 341 167
s 24960 756 373
s 24961 166 68
s 24963 490 225
s 24967 491 248
s 24968 219 119
s 24969 101 53
s 24970 175 84
s 24977 351 155
s 24987 125 61
s 25187 12 7
s 25188 263 116
s 25189 272 122
s 25190 59 30
s 25191 36 15
s 25192 58 20
s 25193 384 167
s 25194 322 138
s 25195 197 85
s 25196 24 8
s 25197 191 83
s 25198 161 77
s 25199 178 90
s 25200 336 168
s 25201 113 55
s 25202 163 62
s 25207 340 170
s 25208 136 60
s 25209 281 145
s 25211 414 168
s 25214 180 69
s 25216 372 164
s 25217 33 18
s 25219 265 107
s 25223 85 41
s 25224 109 47
s 25225 43 25
s 25226 75 26
s 25233 145 67
s 25243 54 25
s 25444 102 52
s 25445 114 54
s 25446 27 11
s 25447 10 6
s 25448 16 8
s 25449 162 75
s 25450 138 59
s 25451 77 38
s 25452 4 1
s 25453 64 26
s 25454 65 37
s 25455 92 44
s 25456 125 61
s 25457 63 25
s 25458 66 25
s 25463 100 50
s 25464 47 21
s 25465 112 54
s 25467 182 91
s 25470 78 34
s 25472 164 84
s 25473 8 3
s 25475 101 46
s 25479 21 8
s 25480 46 19
s 25481 17 10
s 25482 35 13
s 25489 59 28
s 25499 16 11
s 25701 299 147
s 25702 62 34
s 25703 23 11
s 25704 425 192
s 25705 363 173
s 25706 488 256
s 25707 267 129
s 25708 206 100
s 25709 298 122
s 25710 240 139
s 25711 113 58
s 25712 292 142
s 25713 189 108
s 25714 245 116
s 25719 266 132
s 25720 267 120
s 25721 213 113
s 25723 412 181
s 25726 329 164
s 25728 471 224
s 25729 265 109
s 25731 225 117
s 25735 619 316
s 25736 148 68
s 25737 120 66
s 25738 115 61
s 25745 228 89
s 25755 93 51
s 25958 89 48
s 25959 31 14
s 25960 1036 539
s 25961 327 160
s 25962 537 282
s 25963 278 134
s 25964 307 118
s 25965 258 123
s 25966 227 117
s 25967 143 65
s 25968 297 157
s 25969 183 101
s 25970 252 125
s 25975 305 158
s 25976 231 108
s 25977 253 142
s 25979 452 198
s 25982 281 150
s 25984 434 212
s 25985 278 136
s 25987 205 104
s 25991 593 308
s 25992 174 93
s 25993 169 92
s 25994 110 55
s 26001 222 95
s 26011 95 49
s 26215 12 7
s 26216 113 64
s 26217 102 59
s 26218 142 63
s 26219 73 48
s 26220 43 20
s 26221 71 36
s 26222 64 33
s 26223 32 19
s 26224 57 32
s 26225 47 28
s 26226 58 24
s 26231 76 38
s 26232 52 28
s 26233 47 24
s 26235 141 71
s 26238 92 39
s 26240 127 65
s 26241 45 28
s 26243 47 20
s 26247 123 72
s 26248 43 18
s 26249 43 19
s 26250 25 12
s 26257 40 18
s 26267 25 12
s 26472 50 31
s 26473 59 27
s 26474 65 35
s 26475 38 23
s 26476 22 13
s 26477 32 16
s 26478 32 22
s 26479 12 8
s 26480 38 19
s 26481 19 10
s 26482 33 16
s 26487 34 19
s 26488 35 18
s 26489 30 22
s 26491 56 25
s 26494 32 15
s 26496 67 40
s 26497 23 10
s 26499 33 15
s 26503 49 31
s 26504 19 7
s 26505 16 10
s 26506 12 7
s 26513 23 11
s 26523 12 4
s 26729 653 314
s 26730 533 284
s 26731 305 171
s 26732 36 15
s 26733 277 135
s 26734 296 176
s 26735 248 130
s 26736 501 261
s 26737 227 136
s 26738 265 125
s 26743 487 251
s 26744 183 80
s 26745 481 263
s 26747 747 366
s 26750 288 155
s 26752 707 359
s 26753 47 31
s 26755 426 226
s 26759 118 56
s 26760 158 89
s 26761 48 24
s 26762 146 77
s 26769 236 112
s 26779 57 27
s 26986 712 354
s 26987 370 181
s 26988 301 139
s 26989 407 183
s 26990 299 149
s 26991 193 104
s 26992 436 222
s 26993 318 179
s 26994 304 152
s 26999 293 135
s 27000 335 142
s 27001 336 181
s 27003 457 211
s 27006 384 195
s 27008 554 266
s 27009 345 168
s 27011 340 168
s 27015 790 402
s 27016 209 100
s 27017 210 104
s 27018 154 73
s 27025 354 151
s 27035 139 75
s 27243 230 116
s 27244 359 169
s 27245 369 178
s 27246 308 157
s 27247 254 129
s 27248 597 321
s 27249 28 13
s 27250 206 105
s 27255 585 303
s 27256 102 47
s 27257 522 296
s 27259 839 416
s 27262 73 37
s 27264 551 269
s 27265 308 158
s 27267 470 264
s 27271 789 438
s 27272 136 58
s 27273 141 69
s 27274 131 62
s 27281 246 112
s 27291 171 89
s 27500 197 102
s 27501 226 105
s 27502 204 103
s 27503 166 93
s 27504 353 185
s 27505 111 57
s 27506 174 85
s 27511 298 162
s 27512 135 65
s 27513 261 147
s 27515 382 182
s 27518 136 67
s 27520 375 201
s 27521 184 78
s 27523 251 135
s 27527 416 215
s 27528 104 53
s 27529 97 45
s 27530 79 37
s 27537 160 65
s 27547 91 47
s 27757 155 66
s 27758 163 76
s 27759 125 55
s 27760 279 118
s 27761 107 49
s 27762 171 68
s 27767 316 151
s 27768 113 59
s 27769 235 107
s 27771 437 169
s 27774 179 72
s 27776 356 155
s 27777 15 6
s 27779 227 114
s 27783 52 18
s 27784 108 52
s 27785 33 18
s 27786 110 49
s 27793 128 52
s 27803 39 19
s 28014 225 113
s 28015 170 83
s 28016 363 179
s 28017 132 67
s 28018 66 26
s 28023 260 141
s 28024 181 94
s 28025 288 135
s 28027 396 179
s 28030 188 89
s 28032 405 187
s 28033 137 66
s 28035 252 128
s 28039 405 213
s 28040 106 60
s 28041 99 55
s 28042 14 7
s 28049 43 21
s 28059 87 35
s 28271 136 84
s 28272 258 139
s 28273 151 76
s 28274 186 80
s 28279 264 152
s 28280 177 88
s 28281 197 105
s 28283 324 158
s 28286 184 99
s 28288 350 193
s 28289 204 107
s 28291 238 126
s 28295 377 198
s 28296 121 70
s 28297 112 56
s 28298 69 42
s 28305 189 91
s 28315 86 36
s 28528 106 56
s 28529 154 78
s 28530 130 67
s 28535 144 73
s 28536 121 61
s 28537 105 54
s 28539 206 105
s 28542 138 68
s 28544 252 127
s 28545 130 71
s 28547 92 44
s 28551 355 174
s 28552 95 51
s 28553 87 53
s 28554 61 35
s 28561 156 83
s 28571 46 21
s 28785 246 138
s 28786 244 103
s 28791 323 175
s 28792 328 168
s 28793 231 123
s 28795 455 216
s 28798 338 172
s 28800 470 235
s 28801 241 128
s 28803 216 116
s 28807 679 336
s 28808 196 97
s 28809 181 97
s 28810 117 51
s 28817 306 148
s 28827 115 65
s 29042 90 42
s 29047 202 105
s 29048 38 21
s 29049 224 134
s 29051 310 145
s 29054 33 19
s 29056 229 117
s 29057 143 86
s 29059 183 98
s 29063 319 181
s 29064 66 30
s 29065 47 19
s 29066 50 19
s 29073 76 39
s 29083 52 36
s 29303 217 96
s 29304 117 46
s 29305 231 123
s 29307 344 145
s 29310 142 56
s 29312 325 147
s 29313 159 68
s 29315 192 83
s 29319 319 157
s 29320 85 33
s 29321 72 40
s 29322 50 25
s 29329 62 27
s 29339 61 28
s 30584 286 142
s 30585 179 88
s 30587 320 170
s 30590 317 159
s 30592 383 178
s 30593 306 152
s 30595 195 103
s 30599 635 349
s 30600 150 72
s 30601 194 100
s 30602 108 51
s 30609 245 111
s 30619 99 60
s 30841 236 125
s 30843 410 181
s 30846 84 39
s 30848 280 141
s 30849 121 55
s 30851 237 112
s 30855 296 150
s 30856 85 31
s 30857 58 31
s 30858 72 33
s 30865 100 43
s 30875 76 31
s 31099 308 133
s 31102 267 132
s 31104 378 194
s 31105 223 115
s 31107 134 72
s 31111 564 296
s 31112 172 89
s 31113 234 136
s 31114 93 42
s 31121 223 109
s 31131 100 51
s 31614 473 221
s 31616 600 286
s 31617 360 135
s 31619 298 153
s 31623 900 423
s 31624 224 104
s 31625 227 110
s 31626 150 49
s 31633 370 153
s 31643 167 81
s 32384 350 169
s 32385 179 92
s 32387 254 131
s 32391 417 207
s 32392 91 41
s 32393 79 39
s 32394 82 30
s 32401 108 46
s 32411 73 31
s 32897 454 206
s 32899 355 167
s 32903 815 417
s 32904 240 118
s 32905 204 102
s 32906 170 74
s 32913 311 137
s 32923 152 84
s 33155 228 106
s 33159 82 39
s 33160 87 36
s 33161 32 20
s 33162 84 54
s 33169 133 56
s 33179 44 20
s 33671 536 286
s 33672 118 59
s 33673 134 64
s 33674 78 40
s 33681 207 95
s 33691 95 48
s 34696 205 104
s 34697 110 60
s 34698 175 74
s 34705 290 133
s 34715 91 43
s 34953 50 21
s 34954 59 29
s 34961 81 31
s 34971 38 17
s 35210 57 29
s 35217 80 37
s 35227 28 12
s 35473 39 18
s 35483 40 12
s 37275 72 35
