n 50000
b 1 4799 2452
b 2 7369 3622
b 3 2254 1126
b 4 635 335
b 5 5763 2884
b 6 2135 974
b 7 7400 3771
b 8 8227 4364
b 9 8842 4347
b 10 2441 1202
b 11 4016 1562
b 12 6872 3552
b 13 2355 1183
b 14 14314 7196
b 15 2625 1319
b 16 1209 560
b 17 3298 1602
b 18 7426 3898
b 19 3204 1493
b 20 3563 1776
b 21 10155 5043
b 22 5430 2694
b 23 2025 1017
b 25 7888 3785
b 26 10243 4936
b 27 4425 2292
b 28 2578 1222
b 29 2661 1292
b 30 5766 2893
b 31 6085 3105
b 32 1632 850
b 33 3022 1735
b 34 2617 1291
b 35 3975 1877
b 36 7216 3515
b 37 1892 817
b 38 1273 583
b 39 4053 1932
b 40 1699 771
b 41 2873 1370
b 42 3402 1746
b 43 1965 988
b 44 2810 1416
b 45 1796 907
b 46 2353 1069
b 47 2615 1290
b 48 7865 3956
b 49 9701 5027
b 50 2442 1325
b 51 2114 1069
b 52 1517 797
b 53 4525 2046
b 54 8417 4262
b 55 5218 2621
b 56 2036 1012
b 57 1222 645
b 58 1716 827
b 59 2197 1016
b 60 5659 3002
b 61 666 335
b 62 6586 3675
b 63 1903 922
b 64 2395 1103
b 65 594 268
b 66 288 137
b 67 3829 1969
b 68 2105 1049
b 69 4738 2365
b 70 3216 1629
b 71 8602 4549
b 72 1631 783
b 73 845 384
b 74 10453 5364
b 75 3418 1671
b 76 8382 4489
b 77 1047 555
b 78 2641 1356
b 79 1253 561
b 80 2047 1007
b 81 1210 619
b 82 828 464
b 83 885 432
b 84 4340 2044
b 85 5847 2802
b 86 13424 6739
b 87 6229 3179
b 88 4529 2456
b 89 474 247
b 90 3029 1533
b 91 2531 1251
b 92 1291 700
b 93 7303 3739
b 94 725 329
b 95 780 384
b 96 2773 1339
b 97 6089 3035
b 98 3569 1637
b 99 1149 530
b 100 4861 2439
b 101 4739 2348
b 102 1089 546
b 103 630 323
b 104 4821 2440
b 105 6111 2998
b 106 6467 3253
b 107 3994 2002
b 108 2779 1239
b 109 3402 1607
b 110 4029 2110
b 111 2634 1380
b 112 5950 3151
b 113 2140 1160
b 114 2661 1236
b 119 5315 2750
b 120 3265 1571
b 121 4551 2368
b 123 7302 3443
b 126 3608 1782
b 128 6530 3113
b 129 2888 1382
b 131 4236 2154
b 135 6791 3564
b 136 2187 1078
b 137 1899 982
b 138 1343 623
b 145 2719 1252
b 155 1590 817
v 258 240 111
v 259 98 45
v 260 38 16
v 261 280 149
v 262 86 47
v 263 331 161
v 264 411 200
v 265 328 159
v 266 161 99
v 267 179 107
v 268 381 218
v 269 119 60
v 270 604 310
v 271 133 85
v 272 50 30
v 273 169 97
v 274 363 155
v 275 131 71
v 276 188 102
v 277 457 244
v 278 396 195
v 279 96 49
v 281 368 182
v 282 476 227
v 283 188 92
v 284 125 56
v 285 136 79
v 286 292 142
v 287 346 179
v 288 64 32
v 289 102 37
v 290 189 109
v 291 169 93
v 292 371 216
v 293 106 62
v 294 56 29
v 295 178 99
v 296 93 48
v 297 149 82
v 298 200 96
v 299 90 50
v 300 175 86
v 301 124 65
v 302 106 60
v 303 97 53
v 304 424 201
v 305 479 239
v 306 129 72
v 307 99 52
v 308 67 37
v 309 198 112
v 310 436 228
v 311 254 126
v 312 94 41
v 313 59 26
v 314 62 27
v 315 125 55
v 316 212 93
v 317 32 15
v 318 263 122
v 319 86 31
v 320 113 55
v 321 28 21
v 322 14 5
v 323 168 76
v 324 128 73
v 325 235 128
v 326 150 61
v 327 253 133
v 328 77 42
v 329 53 19
v 330 589 301
v 331 188 105
v 332 479 236
v 333 41 25
v 334 135 78
v 335 66 38
v 336 90 46
v 337 51 32
v 338 55 22
v 339 29 16
v 340 283 160
v 341 263 148
v 342 729 384
v 343 217 101
v 344 220 99
v 345 19 13
v 346 184 104
v 347 131 71
v 348 53 27
v 349 369 179
v 350 47 34
v 351 41 18
v 352 123 55
v 353 317 147
v 354 205 116
v 355 50 31
v 356 215 101
v 357 346 175
v 358 53 27
v 359 17 7
v 360 226 106
v 361 296 150
v 362 275 149
v 363 165 82
v 364 122 75
v 365 179 89
v 366 143 62
v 367 180 82
v 368 359 194
v 369 112 52
v 370 135 62
v 375 205 97
v 376 140 79
v 377 245 125
v 379 319 176
v 382 163 79
v 384 285 147
v 385 150 74
v 387 231 119
v 391 299 148
v 392 89 35
v 393 90 49
v 394 75 42
v 401 129 65
v 411 101 52
v 515 132 61
v 516 42 21
v 517 441 219
v 518 196 108
v 519 610 291
v 520 600 292
v 521 621 310
v 522 156 70
v 523 336 210
v 524 408 212
v 525 162 86
v 526 992 495
v 527 235 121
v 528 101 50
v 529 237 133
v 530 550 251
v 531 271 135
v 532 278 130
v 533 762 410
v 534 394 192
v 535 154 83
v 537 551 297
v 538 717 370
v 539 395 181
v 540 190 95
v 541 218 111
v 542 388 196
v 543 423 219
v 544 120 60
v 545 205 87
v 546 177 92
v 547 305 154
v 548 653 288
v 549 129 62
v 550 90 43
v 551 339 168
v 552 105 49
v 553 192 100
v 554 293 135
v 555 146 71
v 556 159 79
v 557 115 50
v 558 206 116
v 559 202 86
v 560 541 266
v 561 776 360
v 562 362 170
v 563 170 87
v 564 101 39
v 565 320 167
v 566 703 337
v 567 413 207
v 568 175 86
v 569 95 48
v 570 140 74
v 571 138 79
v 572 465 221
v 573 43 23
v 574 504 213
v 575 149 75
v 576 166 98
v 577 43 21
v 578 28 14
v 579 294 130
v 580 144 65
v 581 398 196
v 582 326 152
v 583 572 262
v 584 115 55
v 585 68 33
v 586 735 350
v 587 235 117
v 588 625 264
v 589 75 38
v 590 189 88
v 591 73 44
v 592 159 78
v 593 91 42
v 594 47 18
v 595 62 29
v 596 321 179
v 597 405 217
v 598 1094 544
v 599 487 228
v 600 352 164
v 601 31 16
v 602 220 108
v 603 165 84
v 604 92 48
v 605 549 246
v 606 42 18
v 607 32 16
v 608 221 111
v 609 484 227
v 610 269 146
v 611 91 49
v 612 325 159
v 613 330 160
v 614 80 35
v 615 42 16
v 616 429 205
v 617 417 200
v 618 500 238
v 619 301 141
v 620 248 134
v 621 204 120
v 622 256 125
v 623 220 105
v 624 393 187
v 625 167 64
v 626 254 133
v 631 445 209
v 632 216 102
v 633 339 160
v 635 505 266
v 638 254 132
v 640 497 247
v 641 245 123
v 643 271 126
v 647 548 276
v 648 185 93
v 649 145 71
v 650 96 50
v 657 206 112
v 667 96 56
v 772 10 6
v 773 114 60
v 774 42 20
v 775 173 66
v 776 139 71
v 777 188 110
v 778 41 23
v 779 90 60
v 780 218 93
v 781 58 37
v 782 331 160
v 783 46 21
v 784 36 10
v 785 68 29
v 786 145 76
v 787 68 33
v 788 90 38
v 789 226 129
v 790 138 82
v 791 41 16
v 793 201 107
v 794 206 104
v 795 114 57
v 796 52 28
v 797 82 40
v 798 128 70
v 799 146 77
v 800 32 19
v 801 61 27
v 802 66 32
v 803 92 42
v 804 140 58
v 805 38 23
v 806 28 15
v 807 83 51
v 808 34 16
v 809 35 21
v 810 99 51
v 811 42 20
v 812 59 25
v 813 52 25
v 814 43 26
v 815 54 24
v 816 184 100
v 817 201 96
v 818 66 22
v 819 55 20
v 820 42 21
v 821 102 55
v 822 120 62
v 823 130 57
v 824 43 28
v 825 28 15
v 826 37 24
v 827 54 26
v 828 118 55
v 829 19 8
v 830 141 49
v 831 38 27
v 832 50 21
v 833 8 2
v 834 9 2
v 835 111 54
v 836 50 28
v 837 105 53
v 838 92 32
v 839 191 89
v 840 31 12
v 841 16 5
v 842 212 106
v 843 108 58
v 844 215 92
v 845 35 16
v 846 78 37
v 847 41 28
v 848 44 22
v 849 27 16
v 850 15 5
v 851 15 7
v 852 87 49
v 853 125 69
v 854 319 161
v 855 153 71
v 856 100 46
v 857 14 7
v 858 68 38
v 859 66 25
v 860 37 17
v 861 224 100
v 862 14 6
v 863 14 8
v 864 60 30
v 865 136 75
v 866 56 28
v 867 25 16
v 868 124 68
v 869 96 54
v 870 39 16
v 871 14 8
v 872 103 54
v 873 139 58
v 874 128 63
v 875 100 56
v 876 54 33
v 877 111 57
v 878 72 31
v 879 60 29
v 880 146 81
v 881 46 26
v 882 41 21
v 887 132 65
v 888 78 38
v 889 120 52
v 891 171 97
v 894 84 43
v 896 157 86
v 897 55 29
v 899 109 56
v 903 181 88
v 904 53 24
v 905 31 12
v 906 34 19
v 913 44 27
v 923 40 21
v 1029 36 23
v 1030 10 7
v 1031 29 18
v 1032 48 26
v 1033 61 34
v 1034 15 8
v 1035 20 11
v 1036 52 26
v 1037 12 7
v 1038 93 51
v 1039 13 7
v 1040 10 5
v 1041 24 10
v 1042 32 14
v 1043 17 12
v 1044 28 13
v 1045 77 36
v 1046 32 20
v 1047 18 14
v 1049 39 19
v 1050 58 36
v 1051 27 14
v 1052 18 11
v 1053 7 6
v 1054 25 19
v 1055 35 22
v 1056 14 7
v 1057 10 6
v 1058 19 14
v 1059 24 7
v 1060 46 18
v 1061 9 5
v 1062 8 6
v 1063 28 17
v 1064 12 7
v 1065 13 6
v 1066 20 8
v 1067 12 5
v 1068 16 8
v 1069 15 11
v 1070 23 14
v 1071 13 8
v 1072 43 21
v 1073 55 28
v 1074 18 9
v 1075 17 8
v 1076 8 3
v 1077 32 17
v 1078 50 24
v 1079 52 31
v 1080 12 5
v 1081 7 3
v 1082 14 7
v 1083 12 6
v 1084 50 20
v 1085 3 1
v 1086 47 23
v 1087 14 3
v 1088 12 4
v 1089 3 2
v 1091 22 13
v 1092 9 3
v 1093 26 13
v 1094 16 8
v 1095 81 43
v 1096 5 1
v 1097 8 4
v 1098 61 32
v 1099 26 17
v 1100 50 23
v 1101 11 6
v 1102 13 8
v 1103 4 3
v 1104 7 4
v 1105 5 2
v 1106 4 3
v 1107 7 7
v 1108 23 12
v 1109 28 17
v 1110 88 51
v 1111 53 28
v 1112 28 13
v 1113 2 2
v 1114 22 10
v 1115 16 8
v 1116 5 4
v 1117 117 60
v 1118 7 5
v 1119 5 3
v 1120 13 8
v 1121 29 20
v 1122 29 13
v 1123 5 0
v 1124 33 15
v 1125 26 9
v 1126 7 4
v 1127 2 0
v 1128 27 12
v 1129 32 14
v 1130 36 22
v 1131 29 17
v 1132 11 4
v 1133 16 7
v 1134 19 9
v 1135 14 8
v 1136 31 16
v 1137 10 6
v 1138 11 3
v 1143 40 21
v 1144 51 27
v 1145 28 10
v 1147 37 19
v 1150 27 15
v 1152 47 23
v 1153 20 10
v 1155 28 16
v 1159 45 23
v 1160 11 7
v 1161 15 7
v 1162 7 4
v 1169 23 18
v 1179 10 7
v 1286 143 78
v 1287 462 240
v 1288 599 270
v 1289 559 299
v 1290 145 72
v 1291 216 128
v 1292 335 171
v 1293 162 78
v 1294 864 410
v 1295 161 79
v 1296 65 33
v 1297 188 103
v 1298 426 194
v 1299 156 79
v 1300 213 104
v 1301 646 338
v 1302 342 185
v 1303 113 51
v 1305 438 229
v 1306 659 333
v 1307 289 145
v 1308 150 81
v 1309 169 84
v 1310 357 174
v 1311 363 181
v 1312 101 53
v 1313 184 78
v 1314 144 72
v 1315 249 135
v 1316 411 228
v 1317 107 55
v 1318 52 31
v 1319 240 124
v 1320 120 66
v 1321 174 108
v 1322 204 100
v 1323 102 47
v 1324 165 67
v 1325 107 49
v 1326 95 50
v 1327 152 75
v 1328 432 214
v 1329 468 244
v 1330 138 68
v 1331 118 54
v 1332 94 43
v 1333 250 142
v 1334 543 278
v 1335 289 148
v 1336 106 61
v 1337 72 32
v 1338 109 64
v 1339 131 67
v 1340 371 178
v 1341 27 18
v 1342 378 161
v 1343 117 63
v 1344 129 76
v 1345 24 13
v 1346 16 10
v 1347 209 103
v 1348 116 59
v 1349 267 131
v 1350 167 79
v 1351 525 248
v 1352 102 50
v 1353 44 25
v 1354 562 284
v 1355 258 126
v 1356 521 239
v 1357 52 28
v 1358 142 64
v 1359 59 29
v 1360 101 54
v 1361 62 33
v 1362 36 14
v 1363 47 30
v 1364 265 142
v 1365 361 186
v 1366 834 373
v 1367 403 194
v 1368 303 131
v 1369 25 11
v 1370 144 70
v 1371 113 54
v 1372 61 33
v 1373 455 215
v 1374 44 33
v 1375 53 35
v 1376 127 62
v 1377 313 159
v 1378 159 85
v 1379 73 38
v 1380 283 149
v 1381 295 158
v 1382 66 35
v 1383 37 19
v 1384 356 164
v 1385 338 181
v 1386 359 176
v 1387 209 103
v 1388 138 73
v 1389 167 93
v 1390 231 123
v 1391 131 57
v 1392 323 139
v 1393 120 56
v 1394 165 93
v 1399 327 159
v 1400 191 110
v 1401 234 108
v 1403 437 244
v 1406 193 98
v 1408 368 184
v 1409 172 90
v 1411 233 114
v 1415 407 201
v 1416 110 47
v 1417 79 35
v 1418 81 41
v 1425 150 73
v 1435 102 49
v 1543 157 75
v 1544 199 89
v 1545 202 77
v 1546 64 31
v 1547 81 43
v 1548 119 43
v 1549 49 20
v 1550 241 112
v 1551 88 33
v 1552 30 13
v 1553 70 31
v 1554 132 58
v 1555 76 32
v 1556 57 25
v 1557 256 109
v 1558 122 46
v 1559 28 10
v 1561 143 72
v 1562 214 110
v 1563 99 41
v 1564 64 29
v 1565 56 29
v 1566 120 59
v 1567 123 56
v 1568 40 19
v 1569 67 26
v 1570 47 20
v 1571 93 37
v 1572 184 81
v 1573 40 20
v 1574 30 14
v 1575 77 32
v 1576 36 21
v 1577 57 21
v 1578 83 37
v 1579 51 19
v 1580 80 37
v 1581 29 12
v 1582 44 24
v 1583 73 33
v 1584 186 93
v 1585 188 82
v 1586 47 16
v 1587 54 25
v 1588 28 8
v 1589 78 32
v 1590 191 89
v 1591 117 50
v 1592 51 23
v 1593 32 13
v 1594 34 16
v 1595 62 32
v 1596 106 46
v 1597 7 3
v 1598 111 44
v 1599 47 29
v 1600 58 33
v 1601 12 10
v 1602 9 4
v 1603 89 34
v 1604 49 22
v 1605 120 60
v 1606 70 32
v 1607 185 87
v 1608 32 13
v 1609 20 12
v 1610 214 85
v 1611 79 35
v 1612 190 87
v 1613 16 11
v 1614 34 14
v 1615 27 17
v 1616 41 21
v 1617 20 10
v 1618 16 10
v 1619 18 12
v 1620 87 36
v 1621 139 62
v 1622 316 145
v 1623 121 50
v 1624 85 40
v 1625 9 5
v 1626 58 33
v 1627 50 24
v 1628 25 7
v 1629 178 88
v 1630 8 5
v 1631 14 7
v 1632 77 34
v 1633 96 46
v 1634 78 48
v 1635 33 15
v 1636 85 39
v 1637 102 56
v 1638 28 14
v 1639 16 4
v 1640 90 39
v 1641 126 62
v 1642 145 56
v 1643 84 37
v 1644 83 40
v 1645 107 55
v 1646 87 42
v 1647 61 31
v 1648 114 41
v 1649 42 18
v 1650 66 40
v 1655 111 43
v 1656 69 35
v 1657 101 49
v 1659 146 69
v 1662 80 39
v 1664 120 61
v 1665 56 25
v 1667 91 46
v 1671 144 64
v 1672 50 22
v 1673 36 14
v 1674 23 10
v 1681 59 32
v 1691 43 19
v 1800 594 259
v 1801 644 312
v 1802 173 87
v 1803 297 192
v 1804 543 278
v 1805 133 75
v 1806 1027 519
v 1807 179 88
v 1808 106 57
v 1809 231 108
v 1810 606 272
v 1811 230 122
v 1812 268 143
v 1813 741 385
v 1814 411 209
v 1815 150 66
v 1817 604 314
v 1818 828 434
v 1819 380 191
v 1820 169 88
v 1821 216 119
v 1822 446 236
v 1823 471 230
v 1824 130 59
v 1825 217 100
v 1826 189 100
v 1827 273 142
v 1828 567 278
v 1829 141 81
v 1830 111 61
v 1831 327 157
v 1832 108 54
v 1833 207 116
v 1834 251 132
v 1835 147 66
v 1836 196 92
v 1837 131 66
v 1838 159 93
v 1839 187 94
v 1840 629 321
v 1841 733 350
v 1842 158 68
v 1843 143 73
v 1844 120 54
v 1845 342 190
v 1846 685 345
v 1847 367 194
v 1848 147 74
v 1849 104 54
v 1850 133 67
v 1851 172 80
v 1852 437 186
v 1853 51 35
v 1854 488 226
v 1855 137 62
v 1856 171 86
v 1857 40 21
v 1858 20 12
v 1859 327 164
v 1860 179 96
v 1861 340 175
v 1862 252 127
v 1863 623 304
v 1864 123 66
v 1865 64 31
v 1866 801 387
v 1867 271 142
v 1868 584 289
v 1869 76 35
v 1870 183 94
v 1871 104 60
v 1872 157 86
v 1873 92 39
v 1874 62 37
v 1875 66 30
v 1876 331 175
v 1877 416 229
v 1878 1046 543
v 1879 452 221
v 1880 342 172
v 1881 20 9
v 1882 233 117
v 1883 201 107
v 1884 92 36
v 1885 458 239
v 1886 60 37
v 1887 46 23
v 1888 226 126
v 1889 480 258
v 1890 283 152
v 1891 84 49
v 1892 365 186
v 1893 377 200
v 1894 91 49
v 1895 41 23
v 1896 368 177
v 1897 480 253
v 1898 535 249
v 1899 275 141
v 1900 198 124
v 1901 226 123
v 1902 262 141
v 1903 195 91
v 1904 387 181
v 1905 163 69
v 1906 199 120
v 1911 369 181
v 1912 257 131
v 1913 346 183
v 1915 563 295
v 1918 278 155
v 1920 501 274
v 1921 229 124
v 1923 329 172
v 1927 521 251
v 1928 176 104
v 1929 153 72
v 1930 89 62
v 1937 211 123
v 1947 115 62
v 2057 720 380
v 2058 229 120
v 2059 359 226
v 2060 581 309
v 2061 213 109
v 2062 1085 541
v 2063 205 95
v 2064 128 73
v 2065 267 145
v 2066 624 321
v 2067 245 135
v 2068 280 154
v 2069 833 453
v 2070 460 255
v 2071 193 108
v 2073 621 344
v 2074 919 504
v 2075 339 181
v 2076 241 152
v 2077 224 131
v 2078 466 244
v 2079 533 252
v 2080 126 54
v 2081 209 93
v 2082 198 112
v 2083 340 184
v 2084 577 301
v 2085 132 74
v 2086 82 49
v 2087 358 200
v 2088 161 96
v 2089 314 181
v 2090 325 171
v 2091 184 89
v 2092 256 142
v 2093 117 61
v 2094 213 113
v 2095 196 108
v 2096 672 350
v 2097 787 437
v 2098 137 56
v 2099 192 100
v 2100 115 62
v 2101 422 236
v 2102 821 458
v 2103 441 233
v 2104 165 87
v 2105 90 42
v 2106 178 92
v 2107 162 93
v 2108 439 210
v 2109 53 23
v 2110 545 257
v 2111 120 60
v 2112 234 141
v 2113 38 22
v 2114 18 13
v 2115 341 184
v 2116 162 92
v 2117 362 185
v 2118 326 172
v 2119 613 265
v 2120 132 63
v 2121 66 42
v 2122 922 485
v 2123 314 163
v 2124 713 342
v 2125 67 36
v 2126 221 107
v 2127 113 66
v 2128 170 83
v 2129 79 39
v 2130 65 19
v 2131 78 43
v 2132 402 225
v 2133 475 282
v 2134 1053 532
v 2135 556 300
v 2136 430 225
v 2137 35 19
v 2138 257 126
v 2139 196 103
v 2140 93 48
v 2141 714 380
v 2142 49 26
v 2143 81 46
v 2144 223 127
v 2145 464 250
v 2146 261 143
v 2147 88 52
v 2148 336 173
v 2149 379 200
v 2150 78 43
v 2151 47 30
v 2152 405 195
v 2153 657 364
v 2154 553 277
v 2155 320 158
v 2156 256 166
v 2157 262 135
v 2158 556 311
v 2159 167 79
v 2160 332 146
v 2161 153 70
v 2162 231 125
v 2167 486 259
v 2168 258 146
v 2169 330 168
v 2171 616 346
v 2174 308 151
v 2176 546 312
v 2177 285 156
v 2179 275 153
v 2183 599 296
v 2184 195 115
v 2185 146 81
v 2186 99 53
v 2193 236 143
v 2203 131 84
v 2314 218 105
v 2315 351 222
v 2316 612 256
v 2317 246 113
v 2318 1369 663
v 2319 242 136
v 2320 88 51
v 2321 341 173
v 2322 694 330
v 2323 273 131
v 2324 300 139
v 2325 977 458
v 2326 508 249
v 2327 155 75
v 2329 663 350
v 2330 906 465
v 2331 386 191
v 2332 231 124
v 2333 227 117
v 2334 535 260
v 2335 572 280
v 2336 135 61
v 2337 314 123
v 2338 206 105
v 2339 344 180
v 2340 690 351
v 2341 195 125
v 2342 115 60
v 2343 360 200
v 2344 144 86
v 2345 238 119
v 2346 315 136
v 2347 167 88
v 2348 272 129
v 2349 146 68
v 2350 182 100
v 2351 252 119
v 2352 684 335
v 2353 849 393
v 2354 230 108
v 2355 206 103
v 2356 118 57
v 2357 386 209
v 2358 688 333
v 2359 469 232
v 2360 157 74
v 2361 103 45
v 2362 155 85
v 2363 214 106
v 2364 500 220
v 2365 31 12
v 2366 639 263
v 2367 174 91
v 2368 203 104
v 2369 46 26
v 2370 23 13
v 2371 334 156
v 2372 180 94
v 2373 471 225
v 2374 266 126
v 2375 850 395
v 2376 142 76
v 2377 66 34
v 2378 893 455
v 2379 309 169
v 2380 826 354
v 2381 67 36
v 2382 253 129
v 2383 97 50
v 2384 192 98
v 2385 109 55
v 2386 95 37
v 2387 84 40
v 2388 365 191
v 2389 554 278
v 2390 1285 632
v 2391 591 296
v 2392 464 195
v 2393 42 20
v 2394 291 137
v 2395 212 110
v 2396 124 52
v 2397 724 348
v 2398 62 35
v 2399 64 33
v 2400 243 126
v 2401 537 273
v 2402 300 162
v 2403 101 53
v 2404 420 194
v 2405 432 221
v 2406 92 49
v 2407 56 20
v 2408 424 194
v 2409 562 276
v 2410 656 325
v 2411 342 169
v 2412 263 153
v 2413 319 174
v 2414 354 177
v 2415 245 110
v 2416 528 243
v 2417 183 83
v 2418 216 116
v 2423 546 259
v 2424 296 157
v 2425 422 205
v 2427 672 339
v 2430 259 112
v 2432 558 298
v 2433 262 134
v 2435 367 178
v 2439 557 261
v 2440 192 102
v 2441 152 63
v 2442 121 65
v 2449 215 128
v 2459 139 71
v 2571 104 69
v 2572 146 75
v 2573 55 28
v 2574 364 176
v 2575 99 53
v 2576 31 22
v 2577 81 40
v 2578 168 84
v 2579 73 35
v 2580 87 48
v 2581 236 112
v 2582 114 61
v 2583 53 27
v 2585 179 74
v 2586 156 67
v 2587 77 28
v 2588 54 35
v 2589 67 30
v 2590 140 74
v 2591 137 64
v 2592 30 11
v 2593 63 23
v 2594 68 33
v 2595 87 49
v 2596 163 75
v 2597 74 42
v 2598 27 19
v 2599 112 57
v 2600 51 32
v 2601 60 30
v 2602 80 35
v 2603 52 27
v 2604 77 34
v 2605 47 30
v 2606 54 33
v 2607 66 44
v 2608 200 105
v 2609 243 112
v 2610 66 28
v 2611 49 20
v 2612 31 15
v 2613 132 73
v 2614 232 122
v 2615 116 53
v 2616 46 30
v 2617 36 16
v 2618 46 28
v 2619 54 29
v 2620 102 39
v 2621 18 9
v 2622 119 47
v 2623 46 19
v 2624 81 36
v 2625 12 10
v 2626 6 3
v 2627 93 43
v 2628 27 11
v 2629 104 57
v 2630 82 32
v 2631 344 169
v 2632 49 21
v 2633 23 10
v 2634 194 96
v 2635 78 39
v 2636 210 85
v 2637 26 6
v 2638 70 35
v 2639 35 19
v 2640 46 24
v 2641 31 16
v 2642 22 9
v 2643 19 7
v 2644 114 56
v 2645 134 76
v 2646 339 172
v 2647 132 66
v 2648 64 32
v 2649 9 3
v 2650 68 36
v 2651 68 31
v 2652 29 13
v 2653 191 94
v 2654 19 10
v 2655 13 9
v 2656 72 36
v 2657 160 73
v 2658 90 47
v 2659 25 15
v 2660 159 77
v 2661 75 45
v 2662 32 17
v 2663 11 9
v 2664 114 59
v 2665 120 56
v 2666 158 87
v 2667 96 42
v 2668 67 30
v 2669 104 59
v 2670 129 63
v 2671 67 28
v 2672 200 98
v 2673 64 30
v 2674 62 34
v 2679 133 61
v 2680 75 43
v 2681 110 47
v 2683 168 86
v 2686 97 42
v 2688 173 100
v 2689 57 30
v 2691 117 50
v 2695 194 87
v 2696 47 21
v 2697 53 27
v 2698 34 18
v 2705 85 38
v 2715 55 21
v 2828 245 85
v 2829 70 33
v 2830 550 208
v 2831 120 58
v 2832 52 26
v 2833 132 44
v 2834 256 91
v 2835 137 55
v 2836 131 50
v 2837 428 165
v 2838 236 78
v 2839 74 24
v 2841 356 146
v 2842 438 178
v 2843 184 54
v 2844 97 50
v 2845 107 47
v 2846 231 98
v 2847 242 92
v 2848 61 23
v 2849 115 37
v 2850 102 36
v 2851 184 78
v 2852 334 140
v 2853 82 39
v 2854 55 27
v 2855 150 55
v 2856 66 33
v 2857 96 47
v 2858 141 51
v 2859 93 42
v 2860 140 62
v 2861 86 26
v 2862 131 56
v 2863 122 47
v 2864 358 120
v 2865 396 137
v 2866 108 39
v 2867 79 28
v 2868 54 21
v 2869 169 84
v 2870 386 130
v 2871 201 86
v 2872 78 30
v 2873 42 17
v 2874 60 23
v 2875 84 41
v 2876 212 72
v 2877 27 12
v 2878 241 86
v 2879 87 39
v 2880 95 41
v 2881 24 11
v 2882 12 5
v 2883 154 62
v 2884 85 26
v 2885 195 85
v 2886 112 34
v 2887 319 126
v 2888 55 21
v 2889 35 18
v 2890 464 155
v 2891 151 56
v 2892 326 124
v 2893 42 15
v 2894 87 24
v 2895 41 22
v 2896 97 48
v 2897 42 13
v 2898 19 6
v 2899 33 17
v 2900 169 72
v 2901 253 104
v 2902 577 219
v 2903 233 101
v 2904 172 68
v 2905 11 4
v 2906 126 48
v 2907 108 42
v 2908 43 15
v 2909 265 96
v 2910 21 9
v 2911 26 14
v 2912 109 40
v 2913 243 108
v 2914 162 72
v 2915 56 24
v 2916 176 70
v 2917 220 77
v 2918 48 16
v 2919 23 4
v 2920 188 76
v 2921 246 91
v 2922 267 121
v 2923 168 72
v 2924 117 56
v 2925 163 71
v 2926 156 65
v 2927 82 31
v 2928 240 102
v 2929 87 28
v 2930 108 48
v 2935 196 87
v 2936 126 45
v 2937 188 64
v 2939 294 124
v 2942 155 56
v 2944 259 89
v 2945 105 33
v 2947 179 60
v 2951 267 97
v 2952 70 32
v 2953 83 32
v 2954 57 21
v 2961 130 65
v 2971 61 21
v 3085 172 82
v 3086 951 488
v 3087 143 75
v 3088 116 58
v 3089 187 89
v 3090 1019 440
v 3091 246 137
v 3092 275 156
v 3093 664 367
v 3094 319 164
v 3095 138 64
v 3097 519 263
v 3098 674 335
v 3099 327 167
v 3100 188 111
v 3101 179 88
v 3102 414 215
v 3103 411 206
v 3104 108 50
v 3105 225 97
v 3106 157 71
v 3107 246 145
v 3108 592 310
v 3109 113 63
v 3110 113 57
v 3111 276 162
v 3112 115 64
v 3113 179 96
v 3114 193 109
v 3115 111 55
v 3116 223 122
v 3117 133 67
v 3118 140 81
v 3119 158 92
v 3120 665 367
v 3121 715 321
v 3122 187 98
v 3123 156 78
v 3124 227 102
v 3125 307 193
v 3126 527 265
v 3127 291 150
v 3128 125 73
v 3129 107 46
v 3130 113 58
v 3131 113 65
v 3132 376 200
v 3133 40 22
v 3134 481 216
v 3135 136 76
v 3136 138 75
v 3137 42 27
v 3138 23 11
v 3139 214 118
v 3140 143 79
v 3141 318 171
v 3142 198 99
v 3143 575 263
v 3144 122 70
v 3145 57 34
v 3146 734 386
v 3147 223 118
v 3148 532 292
v 3149 74 34
v 3150 188 105
v 3151 100 61
v 3152 133 70
v 3153 77 42
v 3154 61 30
v 3155 63 35
v 3156 316 182
v 3157 461 257
v 3158 909 468
v 3159 445 218
v 3160 301 139
v 3161 46 21
v 3162 190 94
v 3163 186 87
v 3164 116 60
v 3165 435 224
v 3166 140 84
v 3167 65 34
v 3168 189 93
v 3169 415 206
v 3170 205 103
v 3171 79 46
v 3172 362 187
v 3173 298 151
v 3174 74 29
v 3175 49 29
v 3176 299 158
v 3177 434 220
v 3178 458 215
v 3179 270 146
v 3180 174 92
v 3181 217 133
v 3182 251 120
v 3183 194 105
v 3184 436 219
v 3185 150 79
v 3186 163 92
v 3191 387 200
v 3192 203 116
v 3193 305 148
v 3195 540 305
v 3198 221 131
v 3200 455 235
v 3201 212 115
v 3203 296 159
v 3207 521 236
v 3208 140 85
v 3209 152 72
v 3210 78 51
v 3217 170 96
v 3227 108 50
v 3342 334 179
v 3343 71 36
v 3344 24 13
v 3345 116 63
v 3346 168 68
v 3347 80 40
v 3348 98 57
v 3349 271 140
v 3350 107 59
v 3351 38 22
v 3353 198 100
v 3354 162 74
v 3355 66 30
v 3356 62 30
v 3357 58 32
v 3358 157 83
v 3359 159 75
v 3360 28 13
v 3361 71 28
v 3362 60 36
v 3363 77 35
v 3364 141 88
v 3365 32 22
v 3366 25 13
v 3367 135 78
v 3368 39 28
v 3369 77 47
v 3370 82 42
v 3371 49 22
v 3372 57 24
v 3373 43 25
v 3374 62 32
v 3375 61 39
v 3376 173 78
v 3377 178 76
v 3378 69 31
v 3379 48 25
v 3380 45 19
v 3381 97 48
v 3382 192 103
v 3383 133 64
v 3384 47 22
v 3385 31 10
v 3386 46 20
v 3387 50 32
v 3388 84 30
v 3389 11 5
v 3390 166 73
v 3391 50 25
v 3392 72 44
v 3393 13 7
v 3394 4 2
v 3395 90 48
v 3396 53 29
v 3397 108 57
v 3398 70 25
v 3399 278 124
v 3400 35 14
v 3401 20 14
v 3402 351 182
v 3403 50 25
v 3404 207 106
v 3405 19 11
v 3406 83 41
v 3407 39 19
v 3408 43 22
v 3409 29 17
v 3410 22 10
v 3411 13 7
v 3412 116 50
v 3413 150 74
v 3414 285 138
v 3415 133 59
v 3416 47 15
v 3417 11 7
v 3418 80 43
v 3419 57 20
v 3420 37 24
v 3421 180 98
v 3422 16 7
v 3423 16 10
v 3424 72 40
v 3425 132 69
v 3426 77 37
v 3427 20 11
v 3428 118 59
v 3429 72 35
v 3430 22 11
v 3431 20 8
v 3432 104 53
v 3433 169 91
v 3434 158 70
v 3435 90 45
v 3436 59 34
v 3437 81 42
v 3438 97 45
v 3439 69 29
v 3440 149 67
v 3441 54 27
v 3442 61 34
v 3447 138 79
v 3448 78 40
v 3449 90 52
v 3451 187 114
v 3454 102 43
v 3456 182 85
v 3457 70 36
v 3459 93 52
v 3463 176 90
v 3464 61 28
v 3465 45 22
v 3466 28 8
v 3473 50 33
v 3483 45 20
v 3599 368 182
v 3600 160 91
v 3601 478 247
v 3602 1066 509
v 3603 425 228
v 3604 480 230
v 3605 1349 677
v 3606 737 362
v 3607 294 157
v 3609 1131 610
v 3610 1423 738
v 3611 659 329
v 3612 433 218
v 3613 361 180
v 3614 838 417
v 3615 961 494
v 3616 215 102
v 3617 412 175
v 3618 392 196
v 3619 479 257
v 3620 1074 565
v 3621 289 179
v 3622 211 101
v 3623 554 296
v 3624 242 138
v 3625 364 190
v 3626 517 263
v 3627 300 143
v 3628 350 175
v 3629 257 125
v 3630 309 176
v 3631 393 214
v 3632 1045 526
v 3633 1473 748
v 3634 404 191
v 3635 324 150
v 3636 234 106
v 3637 631 339
v 3638 1414 695
v 3639 835 406
v 3640 276 141
v 3641 180 78
v 3642 246 129
v 3643 300 162
v 3644 750 356
v 3645 121 65
v 3646 1084 471
v 3647 278 128
v 3648 356 187
v 3649 96 53
v 3650 39 18
v 3651 495 246
v 3652 325 157
v 3653 705 360
v 3654 561 256
v 3655 1267 635
v 3656 212 105
v 3657 104 52
v 3658 1587 753
v 3659 461 251
v 3660 1253 605
v 3661 147 75
v 3662 423 202
v 3663 196 108
v 3664 333 171
v 3665 196 101
v 3666 134 66
v 3667 121 69
v 3668 627 328
v 3669 991 491
v 3670 2160 1092
v 3671 942 451
v 3672 624 310
v 3673 66 25
v 3674 444 222
v 3675 437 209
v 3676 213 99
v 3677 1152 572
v 3678 122 72
v 3679 106 51
v 3680 376 192
v 3681 874 427
v 3682 809 458
v 3683 168 76
v 3684 692 319
v 3685 714 359
v 3686 173 92
v 3687 101 45
v 3688 609 316
v 3689 939 479
v 3690 926 486
v 3691 586 293
v 3692 397 226
v 3693 565 306
v 3694 625 317
v 3695 390 192
v 3696 958 494
v 3697 278 121
v 3698 490 250
v 3703 881 436
v 3704 484 250
v 3705 745 338
v 3707 1082 559
v 3710 480 238
v 3712 900 477
v 3713 364 184
v 3715 632 300
v 3719 1087 497
v 3720 314 151
v 3721 292 145
v 3722 187 104
v 3729 416 207
v 3739 220 106
v 3856 28 18
v 3857 80 35
v 3858 181 96
v 3859 90 49
v 3860 89 43
v 3861 296 140
v 3862 165 80
v 3863 54 29
v 3865 234 127
v 3866 275 147
v 3867 120 56
v 3868 73 45
v 3869 70 40
v 3870 141 73
v 3871 173 80
v 3872 47 25
v 3873 74 34
v 3874 54 34
v 3875 126 59
v 3876 207 95
v 3877 49 24
v 3878 30 17
v 3879 155 82
v 3880 47 24
v 3881 110 50
v 3882 101 55
v 3883 55 28
v 3884 77 38
v 3885 52 27
v 3886 45 22
v 3887 76 33
v 3888 183 91
v 3889 236 126
v 3890 48 23
v 3891 65 26
v 3892 37 22
v 3893 121 63
v 3894 261 141
v 3895 127 61
v 3896 42 23
v 3897 36 16
v 3898 43 24
v 3899 56 29
v 3900 144 81
v 3901 14 7
v 3902 161 62
v 3903 61 34
v 3904 60 30
v 3905 10 6
v 3906 6 3
v 3907 77 37
v 3908 64 37
v 3909 147 76
v 3910 81 42
v 3911 227 111
v 3912 52 24
v 3913 21 13
v 3914 256 127
v 3915 126 82
v 3916 227 109
v 3917 29 10
v 3918 73 29
v 3919 16 7
v 3920 36 12
v 3921 39 18
v 3922 23 10
v 3923 25 12
v 3924 115 62
v 3925 167 85
v 3926 396 203
v 3927 155 73
v 3928 127 61
v 3929 10 4
v 3930 69 35
v 3931 38 18
v 3932 35 23
v 3933 203 102
v 3934 10 5
v 3935 19 13
v 3936 90 45
v 3937 163 79
v 3938 92 50
v 3939 35 16
v 3940 108 46
v 3941 144 82
v 3942 24 13
v 3943 14 9
v 3944 139 69
v 3945 120 56
v 3946 150 82
v 3947 86 49
v 3948 93 59
v 3949 71 33
v 3950 101 47
v 3951 78 47
v 3952 134 56
v 3953 42 16
v 3954 64 37
v 3959 144 63
v 3960 78 42
v 3961 105 54
v 3963 188 100
v 3966 92 46
v 3968 154 85
v 3969 75 39
v 3971 104 49
v 3975 167 75
v 3976 57 31
v 3977 44 20
v 3978 20 8
v 3985 63 33
v 3995 35 12
v 4113 46 21
v 4114 82 36
v 4115 33 17
v 4116 45 26
v 4117 126 65
v 4118 64 27
v 4119 21 11
v 4121 83 39
v 4122 139 72
v 4123 66 36
v 4124 45 19
v 4125 26 12
v 4126 86 36
v 4127 84 27
v 4128 24 9
v 4129 26 8
v 4130 25 9
v 4131 54 32
v 4132 92 50
v 4133 18 8
v 4134 15 4
v 4135 40 22
v 4136 18 7
v 4137 40 18
v 4138 37 16
v 4139 16 7
v 4140 32 12
v 4141 16 9
v 4142 29 15
v 4143 37 19
v 4144 94 54
v 4145 135 69
v 4146 33 12
v 4147 17 9
v 4148 26 12
v 4149 56 20
v 4150 111 50
v 4151 61 33
v 4152 23 12
v 4153 21 11
v 4154 16 9
v 4155 22 8
v 4156 65 26
v 4157 13 6
v 4158 62 21
v 4159 24 15
v 4160 36 17
v 4161 11 6
v 4162 4 2
v 4163 39 15
v 4164 25 8
v 4165 49 25
v 4166 33 19
v 4167 94 44
v 4168 19 11
v 4169 11 4
v 4170 142 64
v 4171 39 19
v 4172 97 43
v 4173 10 6
v 4174 33 15
v 4175 19 9
v 4176 22 9
v 4177 13 5
v 4178 7 2
v 4179 15 8
v 4180 54 26
v 4181 77 34
v 4182 165 84
v 4183 63 31
v 4184 40 17
v 4185 4 2
v 4186 35 13
v 4187 27 10
v 4188 14 7
v 4189 91 44
v 4190 4 1
v 4191 9 4
v 4192 29 15
v 4193 75 33
v 4194 34 16
v 4195 14 5
v 4196 61 31
v 4197 64 29
v 4198 9 5
v 4199 8 3
v 4200 78 39
v 4201 67 24
v 4202 67 34
v 4203 63 25
v 4204 38 19
v 4205 35 16
v 4206 38 18
v 4207 27 12
v 4208 74 30
v 4209 28 14
v 4210 33 16
v 4215 56 26
v 4216 33 9
v 4217 57 27
v 4219 89 37
v 4222 34 15
v 4224 81 33
v 4225 42 23
v 4227 51 30
v 4231 79 27
v 4232 25 16
v 4233 23 7
v 4234 14 7
v 4241 34 15
v 4251 15 9
v 4370 245 119
v 4371 86 43
v 4372 118 49
v 4373 331 150
v 4374 245 124
v 4375 62 29
v 4377 214 107
v 4378 272 127
v 4379 106 50
v 4380 69 45
v 4381 94 48
v 4382 214 87
v 4383 187 83
v 4384 42 18
v 4385 95 50
v 4386 100 46
v 4387 156 92
v 4388 245 111
v 4389 65 39
v 4390 37 12
v 4391 161 98
v 4392 95 58
v 4393 108 50
v 4394 117 45
v 4395 56 23
v 4396 95 46
v 4397 45 23
v 4398 63 38
v 4399 80 47
v 4400 249 132
v 4401 286 138
v 4402 79 35
v 4403 78 37
v 4404 54 19
v 4405 192 99
v 4406 298 150
v 4407 194 104
v 4408 72 37
v 4409 34 13
v 4410 57 29
v 4411 73 34
v 4412 118 54
v 4413 16 10
v 4414 257 108
v 4415 80 39
v 4416 82 46
v 4417 20 14
v 4418 9 2
v 4419 117 62
v 4420 84 34
v 4421 162 85
v 4422 111 55
v 4423 275 122
v 4424 57 26
v 4425 13 6
v 4426 358 170
v 4427 73 37
v 4428 276 130
v 4429 39 20
v 4430 97 40
v 4431 48 30
v 4432 64 33
v 4433 41 16
v 4434 24 3
v 4435 17 7
v 4436 140 84
v 4437 223 124
v 4438 502 241
v 4439 142 54
v 4440 95 44
v 4441 13 5
v 4442 117 61
v 4443 90 44
v 4444 42 16
v 4445 234 98
v 4446 19 10
v 4447 18 9
v 4448 105 47
v 4449 204 102
v 4450 129 62
v 4451 47 27
v 4452 206 106
v 4453 136 66
v 4454 40 24
v 4455 16 7
v 4456 137 61
v 4457 215 91
v 4458 263 129
v 4459 154 75
v 4460 83 45
v 4461 123 58
v 4462 129 62
v 4463 78 39
v 4464 207 99
v 4465 72 30
v 4466 97 55
v 4471 155 76
v 4472 103 54
v 4473 115 46
v 4475 245 112
v 4478 115 55
v 4480 213 108
v 4481 93 46
v 4483 127 53
v 4487 255 113
v 4488 90 51
v 4489 74 31
v 4490 43 27
v 4497 95 43
v 4507 69 40
v 4627 252 142
v 4628 240 124
v 4629 756 401
v 4630 421 228
v 4631 163 91
v 4633 565 289
v 4634 756 430
v 4635 294 144
v 4636 207 113
v 4637 171 79
v 4638 431 221
v 4639 481 260
v 4640 122 73
v 4641 239 111
v 4642 170 101
v 4643 280 158
v 4644 480 274
v 4645 157 108
v 4646 94 59
v 4647 302 164
v 4648 118 71
v 4649 197 102
v 4650 226 110
v 4651 152 79
v 4652 177 93
v 4653 156 67
v 4654 165 86
v 4655 185 92
v 4656 559 301
v 4657 689 339
v 4658 171 93
v 4659 149 74
v 4660 79 36
v 4661 344 202
v 4662 721 341
v 4663 486 255
v 4664 133 63
v 4665 64 35
v 4666 119 67
v 4667 161 86
v 4668 492 249
v 4669 48 24
v 4670 520 254
v 4671 129 70
v 4672 183 94
v 4673 41 20
v 4674 25 15
v 4675 302 148
v 4676 174 83
v 4677 357 188
v 4678 270 136
v 4679 636 304
v 4680 116 59
v 4681 46 25
v 4682 713 353
v 4683 253 138
v 4684 673 325
v 4685 119 67
v 4686 225 119
v 4687 81 38
v 4688 140 73
v 4689 120 65
v 4690 61 34
v 4691 50 26
v 4692 294 166
v 4693 360 193
v 4694 949 484
v 4695 523 266
v 4696 360 164
v 4697 43 23
v 4698 228 111
v 4699 194 114
v 4700 109 49
v 4701 566 277
v 4702 41 19
v 4703 78 32
v 4704 195 98
v 4705 428 220
v 4706 269 149
v 4707 57 30
v 4708 359 193
v 4709 381 220
v 4710 81 48
v 4711 56 19
v 4712 364 196
v 4713 420 232
v 4714 510 280
v 4715 328 176
v 4716 182 95
v 4717 267 152
v 4718 229 108
v 4719 202 99
v 4720 377 181
v 4721 142 69
v 4722 184 91
v 4727 413 200
v 4728 254 130
v 4729 384 202
v 4731 628 343
v 4734 254 147
v 4736 485 269
v 4737 175 103
v 4739 338 167
v 4743 521 287
v 4744 163 75
v 4745 136 72
v 4746 89 44
v 4753 213 110
v 4763 138 75
v 4884 89 28
v 4885 356 162
v 4886 196 86
v 4887 67 28
v 4889 241 124
v 4890 405 196
v 4891 136 45
v 4892 70 35
v 4893 69 32
v 4894 199 88
v 4895 186 93
v 4896 51 18
v 4897 114 50
v 4898 76 30
v 4899 121 57
v 4900 244 126
v 4901 46 25
v 4902 38 19
v 4903 121 50
v 4904 55 23
v 4905 81 41
v 4906 87 42
v 4907 67 31
v 4908 96 41
v 4909 51 20
v 4910 81 45
v 4911 74 29
v 4912 262 123
v 4913 284 132
v 4914 62 30
v 4915 70 29
v 4916 34 14
v 4917 171 93
v 4918 304 122
v 4919 197 116
v 4920 59 29
v 4921 36 16
v 4922 46 28
v 4923 69 37
v 4924 173 75
v 4925 19 7
v 4926 230 103
v 4927 65 30
v 4928 73 40
v 4929 20 8
v 4930 11 7
v 4931 125 56
v 4932 69 31
v 4933 164 56
v 4934 109 58
v 4935 325 157
v 4936 57 26
v 4937 25 14
v 4938 345 170
v 4939 108 46
v 4940 285 135
v 4941 29 13
v 4942 64 28
v 4943 45 23
v 4944 70 31
v 4945 46 22
v 4946 29 10
v 4947 23 9
v 4948 133 61
v 4949 152 56
v 4950 459 210
v 4951 216 91
v 4952 164 68
v 4953 17 11
v 4954 88 44
v 4955 63 30
v 4956 35 19
v 4957 225 120
v 4958 21 12
v 4959 21 10
v 4960 100 56
v 4961 200 88
v 4962 141 75
v 4963 32 15
v 4964 191 88
v 4965 149 66
v 4966 29 16
v 4967 21 14
v 4968 175 91
v 4969 176 85
v 4970 191 87
v 4971 134 68
v 4972 87 45
v 4973 115 46
v 4974 79 32
v 4975 101 38
v 4976 196 96
v 4977 79 29
v 4978 109 49
v 4983 170 61
v 4984 116 68
v 4985 155 58
v 4987 201 104
v 4990 120 46
v 4992 205 77
v 4993 91 49
v 4995 147 66
v 4999 188 85
v 5000 62 34
v 5001 57 24
v 5002 55 26
v 5009 91 45
v 5019 54 25
v 5141 415 193
v 5142 216 121
v 5143 69 32
v 5145 297 167
v 5146 405 225
v 5147 157 86
v 5148 67 34
v 5149 92 47
v 5150 197 95
v 5151 225 90
v 5152 59 23
v 5153 123 50
v 5154 89 41
v 5155 150 77
v 5156 293 147
v 5157 63 36
v 5158 43 25
v 5159 148 76
v 5160 65 36
v 5161 129 73
v 5162 143 71
v 5163 70 35
v 5164 108 56
v 5165 62 30
v 5166 91 52
v 5167 79 42
v 5168 269 135
v 5169 312 151
v 5170 96 45
v 5171 84 43
v 5172 53 21
v 5173 171 97
v 5174 315 159
v 5175 186 84
v 5176 74 38
v 5177 38 15
v 5178 44 24
v 5179 69 46
v 5180 197 95
v 5181 30 14
v 5182 229 105
v 5183 59 32
v 5184 76 41
v 5185 17 10
v 5186 9 6
v 5187 155 76
v 5188 93 54
v 5189 208 119
v 5190 109 58
v 5191 311 158
v 5192 64 32
v 5193 29 15
v 5194 393 178
v 5195 133 72
v 5196 286 121
v 5197 30 14
v 5198 78 42
v 5199 51 34
v 5200 80 35
v 5201 50 24
v 5202 39 15
v 5203 41 18
v 5204 138 72
v 5205 222 116
v 5206 472 235
v 5207 233 101
v 5208 175 76
v 5209 22 9
v 5210 107 53
v 5211 81 46
v 5212 58 30
v 5213 258 118
v 5214 18 7
v 5215 28 13
v 5216 102 49
v 5217 213 107
v 5218 103 55
v 5219 36 20
v 5220 167 84
v 5221 169 85
v 5222 41 25
v 5223 28 11
v 5224 180 102
v 5225 194 88
v 5226 224 118
v 5227 113 57
v 5228 109 62
v 5229 132 69
v 5230 139 59
v 5231 95 46
v 5232 200 72
v 5233 68 31
v 5234 88 37
v 5239 194 87
v 5240 102 53
v 5241 166 77
v 5243 261 142
v 5246 143 81
v 5248 222 112
v 5249 110 48
v 5251 148 83
v 5255 235 105
v 5256 71 30
v 5257 78 27
v 5258 53 32
v 5265 84 53
v 5275 48 16
v 5398 540 265
v 5399 193 95
v 5401 866 435
v 5402 1096 548
v 5403 445 215
v 5404 242 132
v 5405 293 147
v 5406 639 324
v 5407 605 287
v 5408 144 63
v 5409 313 120
v 5410 258 131
v 5411 423 226
v 5412 755 395
v 5413 192 119
v 5414 124 60
v 5415 480 248
v 5416 175 91
v 5417 360 171
v 5418 376 161
v 5419 203 97
v 5420 315 162
v 5421 178 78
v 5422 248 140
v 5423 307 163
v 5424 855 424
v 5425 976 484
v 5426 246 114
v 5427 213 111
v 5428 155 87
v 5429 473 249
v 5430 814 393
v 5431 580 289
v 5432 209 95
v 5433 111 53
v 5434 197 96
v 5435 227 128
v 5436 589 269
v 5437 64 21
v 5438 712 322
v 5439 218 115
v 5440 250 152
v 5441 55 29
v 5442 28 14
v 5443 430 195
v 5444 210 101
v 5445 492 269
v 5446 321 172
v 5447 941 427
v 5448 168 91
v 5449 99 58
v 5450 1098 512
v 5451 347 186
v 5452 894 417
v 5453 104 47
v 5454 289 132
v 5455 120 58
v 5456 210 110
v 5457 119 68
v 5458 82 39
v 5459 94 35
v 5460 428 229
v 5461 618 344
v 5462 1468 723
v 5463 682 345
v 5464 481 196
v 5465 35 14
v 5466 321 149
v 5467 260 136
v 5468 132 54
v 5469 710 366
v 5470 61 31
v 5471 83 40
v 5472 347 166
v 5473 645 315
v 5474 324 182
v 5475 119 63
v 5476 475 232
v 5477 503 245
v 5478 89 40
v 5479 65 34
v 5480 490 231
v 5481 585 300
v 5482 621 305
v 5483 399 204
v 5484 298 169
v 5485 348 187
v 5486 412 186
v 5487 234 105
v 5488 613 282
v 5489 204 94
v 5490 258 132
v 5495 508 240
v 5496 333 170
v 5497 470 219
v 5499 783 424
v 5502 364 186
v 5504 675 374
v 5505 300 159
v 5507 443 227
v 5511 668 321
v 5512 217 107
v 5513 181 85
v 5514 136 79
v 5521 269 148
v 5531 157 73
v 5655 112 54
v 5657 463 237
v 5658 591 303
v 5659 259 122
v 5660 131 64
v 5661 126 69
v 5662 315 162
v 5663 311 145
v 5664 85 42
v 5665 163 71
v 5666 160 67
v 5667 270 140
v 5668 350 182
v 5669 114 58
v 5670 76 46
v 5671 243 124
v 5672 95 44
v 5673 161 82
v 5674 193 90
v 5675 93 51
v 5676 159 76
v 5677 127 60
v 5678 143 69
v 5679 166 84
v 5680 402 192
v 5681 518 260
v 5682 135 60
v 5683 111 50
v 5684 74 39
v 5685 212 127
v 5686 450 198
v 5687 265 139
v 5688 113 59
v 5689 71 39
v 5690 93 48
v 5691 116 63
v 5692 337 155
v 5693 35 12
v 5694 414 178
v 5695 86 48
v 5696 123 73
v 5697 29 17
v 5698 13 8
v 5699 221 112
v 5700 123 65
v 5701 235 106
v 5702 167 80
v 5703 486 228
v 5704 88 46
v 5705 57 34
v 5706 567 277
v 5707 185 93
v 5708 449 193
v 5709 64 32
v 5710 112 52
v 5711 63 41
v 5712 111 55
v 5713 64 32
v 5714 63 31
v 5715 61 24
v 5716 239 131
v 5717 310 161
v 5718 748 399
v 5719 373 181
v 5720 266 119
v 5721 21 13
v 5722 149 79
v 5723 121 59
v 5724 68 32
v 5725 337 169
v 5726 44 21
v 5727 48 24
v 5728 160 77
v 5729 369 184
v 5730 155 73
v 5731 51 21
v 5732 264 139
v 5733 261 121
v 5734 54 29
v 5735 25 11
v 5736 277 122
v 5737 330 187
v 5738 348 152
v 5739 208 90
v 5740 160 89
v 5741 149 89
v 5742 196 106
v 5743 122 49
v 5744 288 143
v 5745 114 55
v 5746 133 70
v 5751 310 144
v 5752 180 90
v 5753 221 104
v 5755 388 208
v 5758 208 110
v 5760 353 196
v 5761 177 86
v 5763 233 106
v 5767 370 173
v 5768 104 54
v 5769 104 57
v 5770 72 37
v 5777 167 87
v 5787 93 40
v 5913 152 77
v 5914 213 108
v 5915 101 48
v 5916 61 30
v 5917 65 38
v 5918 95 47
v 5919 141 73
v 5920 39 22
v 5921 62 26
v 5922 61 34
v 5923 76 42
v 5924 154 68
v 5925 32 19
v 5926 26 10
v 5927 77 33
v 5928 24 9
v 5929 61 25
v 5930 62 27
v 5931 36 17
v 5932 53 26
v 5933 46 29
v 5934 48 28
v 5935 57 28
v 5936 150 76
v 5937 189 92
v 5938 47 16
v 5939 41 16
v 5940 27 13
v 5941 93 58
v 5942 185 80
v 5943 92 51
v 5944 42 22
v 5945 19 13
v 5946 32 17
v 5947 52 26
v 5948 137 57
v 5949 15 10
v 5950 125 52
v 5951 54 25
v 5952 46 27
v 5953 16 12
v 5954 7 4
v 5955 72 28
v 5956 39 18
v 5957 79 44
v 5958 75 41
v 5959 173 78
v 5960 40 20
v 5961 19 9
v 5962 227 109
v 5963 68 33
v 5964 169 87
v 5965 20 7
v 5966 53 26
v 5967 26 16
v 5968 36 16
v 5969 22 16
v 5970 19 11
v 5971 18 11
v 5972 78 43
v 5973 110 65
v 5974 316 173
v 5975 149 66
v 5976 101 37
v 5977 10 7
v 5978 62 30
v 5979 48 27
v 5980 30 13
v 5981 143 67
v 5982 9 6
v 5983 17 12
v 5984 57 21
v 5985 120 59
v 5986 75 47
v 5987 20 14
v 5988 86 34
v 5989 105 54
v 5990 21 17
v 5991 16 9
v 5992 88 43
v 5993 120 69
v 5994 140 72
v 5995 76 36
v 5996 44 20
v 5997 70 45
v 5998 75 41
v 5999 61 27
v 6000 113 48
v 6001 52 31
v 6002 51 28
v 6007 107 53
v 6008 69 34
v 6009 100 43
v 6011 127 75
v 6014 64 33
v 6016 137 66
v 6017 84 49
v 6019 74 35
v 6023 169 86
v 6024 45 25
v 6025 33 12
v 6026 25 20
v 6033 47 24
v 6043 29 17
v 6426 836 429
v 6427 367 184
v 6428 195 98
v 6429 177 93
v 6430 455 217
v 6431 488 219
v 6432 135 70
v 6433 226 90
v 6434 201 100
v 6435 414 192
v 6436 631 339
v 6437 153 79
v 6438 92 54
v 6439 338 161
v 6440 126 70
v 6441 227 95
v 6442 247 115
v 6443 202 101
v 6444 237 103
v 6445 115 59
v 6446 220 109
v 6447 225 105
v 6448 647 316
v 6449 856 390
v 6450 214 90
v 6451 148 66
v 6452 124 55
v 6453 371 197
v 6454 677 316
v 6455 412 188
v 6456 168 70
v 6457 104 40
v 6458 148 72
v 6459 171 93
v 6460 432 198
v 6461 41 19
v 6462 510 208
v 6463 165 90
v 6464 205 106
v 6465 50 22
v 6466 23 8
v 6467 293 125
v 6468 175 80
v 6469 353 181
v 6470 253 113
v 6471 553 236
v 6472 127 54
v 6473 70 34
v 6474 907 424
v 6475 253 115
v 6476 776 325
v 6477 78 41
v 6478 193 76
v 6479 99 50
v 6480 180 90
v 6481 94 38
v 6482 66 33
v 6483 82 38
v 6484 371 182
v 6485 499 253
v 6486 1106 555
v 6487 486 234
v 6488 352 161
v 6489 33 14
v 6490 272 120
v 6491 206 92
v 6492 111 45
v 6493 524 246
v 6494 63 31
v 6495 55 27
v 6496 255 126
v 6497 491 221
v 6498 259 135
v 6499 92 50
v 6500 375 186
v 6501 396 200
v 6502 73 32
v 6503 38 21
v 6504 371 182
v 6505 470 245
v 6506 497 259
v 6507 317 154
v 6508 217 111
v 6509 298 156
v 6510 381 182
v 6511 198 91
v 6512 483 234
v 6513 188 89
v 6514 205 103
v 6519 412 178
v 6520 258 128
v 6521 339 174
v 6523 576 294
v 6526 308 159
v 6528 515 260
v 6529 222 109
v 6531 323 153
v 6535 541 242
v 6536 188 90
v 6537 128 51
v 6538 98 50
v 6545 240 125
v 6555 159 79
v 6683 465 215
v 6684 261 135
v 6685 269 123
v 6686 648 309
v 6687 676 314
v 6688 205 98
v 6689 310 134
v 6690 280 144
v 6691 422 206
v 6692 724 372
v 6693 207 112
v 6694 126 70
v 6695 397 201
v 6696 166 84
v 6697 284 141
v 6698 371 168
v 6699 199 93
v 6700 360 161
v 6701 196 97
v 6702 268 136
v 6703 247 118
v 6704 798 390
v 6705 1015 463
v 6706 217 94
v 6707 208 87
v 6708 168 69
v 6709 507 269
v 6710 857 389
v 6711 548 272
v 6712 208 93
v 6713 145 65
v 6714 167 91
v 6715 223 125
v 6716 644 281
v 6717 50 27
v 6718 639 284
v 6719 184 105
v 6720 256 126
v 6721 63 30
v 6722 30 18
v 6723 424 213
v 6724 218 108
v 6725 476 227
v 6726 309 154
v 6727 922 437
v 6728 178 91
v 6729 93 47
v 6730 1130 524
v 6731 372 198
v 6732 785 342
v 6733 128 58
v 6734 261 109
v 6735 145 77
v 6736 192 86
v 6737 137 62
v 6738 89 38
v 6739 116 58
v 6740 457 254
v 6741 596 292
v 6742 1524 699
v 6743 667 298
v 6744 500 231
v 6745 37 14
v 6746 297 148
v 6747 268 123
v 6748 144 64
v 6749 721 348
v 6750 49 22
v 6751 65 25
v 6752 305 142
v 6753 685 344
v 6754 274 152
v 6755 128 73
v 6756 575 270
v 6757 539 275
v 6758 121 49
v 6759 69 35
v 6760 480 229
v 6761 650 346
v 6762 670 319
v 6763 424 197
v 6764 276 158
v 6765 338 160
v 6766 407 181
v 6767 268 110
v 6768 590 252
v 6769 226 93
v 6770 287 134
v 6775 550 258
v 6776 353 172
v 6777 501 239
v 6779 788 406
v 6782 384 188
v 6784 744 380
v 6785 318 156
v 6787 473 214
v 6791 690 324
v 6792 223 118
v 6793 186 96
v 6794 127 67
v 6801 273 146
v 6811 161 77
v 6940 102 55
v 6941 140 75
v 6942 253 118
v 6943 298 149
v 6944 71 34
v 6945 162 62
v 6946 103 60
v 6947 200 114
v 6948 360 189
v 6949 92 56
v 6950 58 28
v 6951 200 107
v 6952 90 42
v 6953 133 73
v 6954 159 74
v 6955 96 44
v 6956 105 54
v 6957 84 46
v 6958 90 56
v 6959 119 64
v 6960 377 189
v 6961 406 198
v 6962 89 56
v 6963 103 65
v 6964 71 30
v 6965 233 143
v 6966 386 210
v 6967 221 113
v 6968 76 45
v 6969 55 25
v 6970 82 45
v 6971 85 49
v 6972 226 101
v 6973 34 22
v 6974 274 141
v 6975 82 45
v 6976 118 67
v 6977 20 13
v 6978 9 3
v 6979 202 96
v 6980 93 49
v 6981 187 102
v 6982 137 68
v 6983 391 187
v 6984 74 36
v 6985 49 27
v 6986 497 243
v 6987 182 92
v 6988 334 178
v 6989 48 20
v 6990 90 51
v 6991 57 33
v 6992 91 41
v 6993 51 28
v 6994 38 16
v 6995 29 15
v 6996 210 114
v 6997 266 150
v 6998 640 313
v 6999 293 148
v 7000 189 88
v 7001 27 12
v 7002 115 61
v 7003 89 49
v 7004 54 20
v 7005 343 178
v 7006 34 19
v 7007 25 11
v 7008 110 59
v 7009 258 140
v 7010 139 75
v 7011 58 35
v 7012 202 98
v 7013 196 107
v 7014 54 21
v 7015 17 10
v 7016 223 119
v 7017 242 117
v 7018 257 122
v 7019 212 101
v 7020 131 72
v 7021 168 89
v 7022 163 82
v 7023 99 58
v 7024 260 139
v 7025 88 44
v 7026 124 71
v 7031 261 133
v 7032 146 88
v 7033 194 96
v 7035 319 172
v 7038 135 72
v 7040 319 179
v 7041 130 68
v 7043 176 84
v 7047 294 133
v 7048 103 51
v 7049 75 40
v 7050 50 30
v 7057 109 69
v 7067 70 37
v 7197 78 35
v 7198 150 70
v 7199 139 60
v 7200 56 24
v 7201 63 22
v 7202 69 36
v 7203 92 54
v 7204 202 99
v 7205 50 36
v 7206 33 18
v 7207 108 54
v 7208 39 16
v 7209 72 43
v 7210 93 45
v 7211 50 19
v 7212 67 37
v 7213 47 26
v 7214 56 31
v 7215 67 35
v 7216 185 77
v 7217 249 110
v 7218 54 20
v 7219 61 39
v 7220 40 18
v 7221 111 56
v 7222 214 121
v 7223 143 52
v 7224 58 27
v 7225 28 10
v 7226 35 9
v 7227 49 21
v 7228 155 65
v 7229 14 9
v 7230 256 106
v 7231 65 35
v 7232 64 30
v 7233 16 7
v 7234 9 4
v 7235 115 53
v 7236 44 20
v 7237 114 54
v 7238 71 30
v 7239 199 79
v 7240 40 21
v 7241 21 13
v 7242 290 139
v 7243 100 51
v 7244 205 87
v 7245 21 12
v 7246 44 23
v 7247 30 20
v 7248 46 22
v 7249 30 18
v 7250 26 11
v 7251 21 13
v 7252 110 38
v 7253 160 81
v 7254 371 177
v 7255 159 66
v 7256 160 78
v 7257 12 2
v 7258 77 46
v 7259 60 27
v 7260 29 11
v 7261 170 76
v 7262 19 9
v 7263 25 13
v 7264 78 38
v 7265 141 70
v 7266 90 48
v 7267 37 21
v 7268 101 52
v 7269 140 75
v 7270 28 11
v 7271 23 11
v 7272 137 67
v 7273 135 59
v 7274 166 87
v 7275 104 54
v 7276 73 40
v 7277 114 52
v 7278 99 40
v 7279 68 29
v 7280 102 45
v 7281 71 34
v 7282 58 33
v 7287 119 57
v 7288 97 49
v 7289 152 67
v 7291 178 76
v 7294 110 57
v 7296 165 90
v 7297 84 46
v 7299 111 53
v 7303 174 87
v 7304 62 38
v 7305 40 18
v 7306 34 17
v 7313 67 27
v 7323 29 12
v 7454 111 53
v 7455 153 70
v 7456 40 20
v 7457 78 34
v 7458 72 27
v 7459 96 45
v 7460 205 92
v 7461 60 30
v 7462 29 14
v 7463 106 54
v 7464 68 37
v 7465 60 32
v 7466 76 39
v 7467 49 24
v 7468 73 36
v 7469 45 19
v 7470 62 41
v 7471 74 27
v 7472 204 108
v 7473 278 128
v 7474 70 34
v 7475 46 16
v 7476 57 29
v 7477 109 47
v 7478 237 108
v 7479 163 79
v 7480 37 14
v 7481 28 10
v 7482 36 18
v 7483 81 36
v 7484 154 70
v 7485 18 10
v 7486 180 79
v 7487 48 22
v 7488 81 52
v 7489 17 9
v 7490 14 7
v 7491 104 49
v 7492 55 28
v 7493 113 48
v 7494 114 55
v 7495 251 123
v 7496 43 21
v 7497 19 11
v 7498 275 144
v 7499 88 51
v 7500 226 104
v 7501 38 20
v 7502 79 42
v 7503 34 16
v 7504 47 22
v 7505 39 22
v 7506 17 8
v 7507 20 14
v 7508 141 85
v 7509 125 71
v 7510 332 163
v 7511 169 77
v 7512 119 52
v 7513 8 4
v 7514 77 37
v 7515 63 25
v 7516 38 18
v 7517 254 107
v 7518 19 13
v 7519 15 10
v 7520 69 40
v 7521 198 84
v 7522 99 52
v 7523 31 13
v 7524 160 75
v 7525 134 62
v 7526 25 12
v 7527 11 1
v 7528 136 60
v 7529 154 72
v 7530 163 76
v 7531 124 64
v 7532 70 38
v 7533 103 47
v 7534 112 50
v 7535 86 46
v 7536 159 67
v 7537 57 20
v 7538 62 31
v 7543 122 58
v 7544 82 49
v 7545 128 63
v 7547 160 88
v 7550 80 36
v 7552 162 88
v 7553 80 46
v 7555 115 57
v 7559 175 90
v 7560 54 27
v 7561 42 21
v 7562 43 26
v 7569 61 34
v 7579 34 11
v 7711 395 185
v 7712 93 35
v 7713 205 93
v 7714 149 84
v 7715 226 129
v 7716 440 234
v 7717 107 51
v 7718 74 40
v 7719 202 103
v 7720 97 48
v 7721 190 90
v 7722 200 89
v 7723 132 63
v 7724 186 81
v 7725 102 48
v 7726 129 70
v 7727 143 72
v 7728 451 216
v 7729 525 247
v 7730 148 62
v 7731 129 66
v 7732 75 38
v 7733 265 164
v 7734 464 243
v 7735 268 142
v 7736 145 74
v 7737 85 44
v 7738 97 49
v 7739 108 54
v 7740 339 178
v 7741 42 28
v 7742 378 175
v 7743 107 49
v 7744 158 81
v 7745 29 16
v 7746 17 11
v 7747 211 119
v 7748 125 66
v 7749 273 135
v 7750 184 89
v 7751 507 233
v 7752 87 49
v 7753 34 22
v 7754 619 295
v 7755 209 104
v 7756 520 237
v 7757 67 24
v 7758 168 81
v 7759 78 39
v 7760 117 55
v 7761 69 34
v 7762 38 14
v 7763 38 17
v 7764 266 154
v 7765 337 168
v 7766 856 428
v 7767 380 207
v 7768 237 111
v 7769 24 12
v 7770 193 95
v 7771 151 73
v 7772 75 33
v 7773 368 166
v 7774 35 19
v 7775 46 23
v 7776 150 85
v 7777 362 163
v 7778 137 79
v 7779 57 35
v 7780 278 130
v 7781 298 155
v 7782 66 37
v 7783 34 15
v 7784 295 147
v 7785 314 166
v 7786 399 196
v 7787 225 110
v 7788 156 84
v 7789 182 88
v 7790 244 130
v 7791 159 82
v 7792 356 172
v 7793 131 55
v 7794 152 88
v 7799 297 143
v 7800 184 93
v 7801 263 131
v 7803 427 221
v 7806 212 97
v 7808 389 205
v 7809 171 90
v 7811 232 113
v 7815 417 213
v 7816 128 63
v 7817 123 65
v 7818 71 43
v 7825 154 92
v 7835 84 41
v 7968 111 53
v 7969 189 73
v 7970 163 84
v 7971 245 125
v 7972 376 203
v 7973 129 77
v 7974 73 40
v 7975 242 143
v 7976 109 57
v 7977 144 81
v 7978 217 112
v 7979 121 65
v 7980 168 82
v 7981 93 51
v 7982 163 93
v 7983 135 68
v 7984 444 231
v 7985 602 308
v 7986 152 63
v 7987 129 65
v 7988 102 48
v 7989 266 137
v 7990 532 260
v 7991 331 165
v 7992 147 71
v 7993 67 35
v 7994 105 50
v 7995 140 66
v 7996 372 175
v 7997 42 24
v 7998 396 168
v 7999 104 50
v 8000 153 86
v 8001 39 18
v 8002 20 11
v 8003 265 148
v 8004 125 62
v 8005 270 145
v 8006 185 93
v 8007 514 266
v 8008 91 40
v 8009 48 26
v 8010 652 314
v 8011 218 107
v 8012 511 248
v 8013 78 29
v 8014 167 75
v 8015 86 47
v 8016 112 63
v 8017 64 35
v 8018 36 16
v 8019 52 28
v 8020 224 116
v 8021 358 184
v 8022 876 455
v 8023 418 203
v 8024 280 140
v 8025 29 13
v 8026 179 94
v 8027 140 90
v 8028 91 42
v 8029 462 212
v 8030 41 22
v 8031 39 25
v 8032 169 88
v 8033 374 192
v 8034 176 92
v 8035 74 44
v 8036 311 175
v 8037 332 171
v 8038 62 34
v 8039 42 24
v 8040 306 158
v 8041 413 213
v 8042 392 182
v 8043 242 128
v 8044 158 85
v 8045 163 104
v 8046 241 120
v 8047 188 87
v 8048 362 161
v 8049 133 57
v 8050 154 89
v 8055 325 164
v 8056 184 97
v 8057 284 133
v 8059 429 229
v 8062 240 112
v 8064 402 206
v 8065 162 84
v 8067 263 120
v 8071 374 192
v 8072 124 66
v 8073 121 65
v 8074 78 42
v 8081 169 85
v 8091 82 48
v 8225 46 23
v 8226 40 19
v 8227 62 31
v 8228 128 63
v 8229 23 17
v 8230 14 7
v 8231 68 41
v 8232 27 14
v 8233 64 40
v 8234 59 34
v 8235 32 18
v 8236 42 28
v 8237 51 29
v 8238 42 18
v 8239 33 20
v 8240 125 58
v 8241 139 65
v 8242 54 28
v 8243 34 19
v 8244 29 18
v 8245 85 44
v 8246 147 87
v 8247 102 48
v 8248 27 18
v 8249 21 10
v 8250 27 19
v 8251 39 23
v 8252 98 43
v 8253 9 4
v 8254 78 27
v 8255 34 15
v 8256 40 20
v 8257 8 3
v 8258 2 2
v 8259 62 32
v 8260 37 21
v 8261 84 35
v 8262 45 25
v 8263 141 63
v 8264 33 14
v 8265 16 8
v 8266 213 118
v 8267 62 36
v 8268 127 57
v 8269 17 10
v 8270 49 33
v 8271 17 9
v 8272 34 14
v 8273 18 10
v 8274 14 11
v 8275 16 11
v 8276 45 30
v 8277 88 45
v 8278 223 117
v 8279 110 48
v 8280 80 25
v 8281 11 1
v 8282 45 26
v 8283 26 16
v 8284 22 8
v 8285 149 76
v 8286 9 6
v 8287 14 7
v 8288 45 22
v 8289 103 47
v 8290 54 34
v 8291 20 12
v 8292 83 48
v 8293 90 61
v 8294 21 12
v 8295 8 4
v 8296 82 53
v 8297 72 37
v 8298 120 53
v 8299 63 27
v 8300 47 22
v 8301 48 25
v 8302 74 27
v 8303 56 32
v 8304 96 40
v 8305 37 23
v 8306 50 30
v 8311 82 44
v 8312 39 22
v 8313 68 33
v 8315 118 65
v 8318 40 21
v 8320 92 53
v 8321 49 28
v 8323 67 30
v 8327 123 58
v 8328 29 18
v 8329 33 14
v 8330 22 14
v 8337 43 25
v 8347 22 13
v 8482 96 70
v 8483 125 67
v 8484 181 108
v 8485 39 27
v 8486 45 32
v 8487 113 68
v 8488 49 35
v 8489 81 45
v 8490 123 64
v 8491 66 41
v 8492 75 49
v 8493 52 36
v 8494 71 44
v 8495 63 32
v 8496 256 142
v 8497 295 172
v 8498 91 47
v 8499 68 44
v 8500 40 19
v 8501 117 67
v 8502 189 114
v 8503 179 98
v 8504 79 42
v 8505 52 33
v 8506 40 27
v 8507 65 44
v 8508 174 89
v 8509 14 13
v 8510 227 118
v 8511 64 33
v 8512 65 39
v 8513 17 10
v 8514 13 8
v 8515 120 65
v 8516 67 44
v 8517 140 80
v 8518 89 48
v 8519 258 142
v 8520 160 87
v 8521 31 20
v 8522 323 177
v 8523 124 74
v 8524 231 129
v 8525 35 20
v 8526 85 38
v 8527 35 19
v 8528 77 49
v 8529 34 23
v 8530 21 13
v 8531 24 14
v 8532 137 76
v 8533 223 131
v 8534 273 144
v 8535 185 123
v 8536 135 70
v 8537 21 11
v 8538 91 44
v 8539 93 52
v 8540 55 26
v 8541 151 98
v 8542 39 20
v 8543 23 13
v 8544 79 49
v 8545 188 101
v 8546 109 66
v 8547 32 16
v 8548 142 77
v 8549 148 90
v 8550 25 13
v 8551 18 11
v 8552 143 70
v 8553 197 104
v 8554 220 131
v 8555 125 79
v 8556 81 45
v 8557 102 64
v 8558 126 74
v 8559 96 48
v 8560 150 70
v 8561 69 38
v 8562 74 41
v 8567 176 102
v 8568 102 58
v 8569 148 87
v 8571 249 141
v 8574 101 58
v 8576 186 108
v 8577 73 47
v 8579 114 68
v 8583 291 156
v 8584 70 43
v 8585 50 25
v 8586 40 30
v 8593 81 46
v 8603 58 37
v 8739 106 55
v 8740 180 95
v 8741 47 29
v 8742 38 15
v 8743 105 50
v 8744 31 19
v 8745 81 45
v 8746 80 47
v 8747 54 23
v 8748 79 37
v 8749 47 22
v 8750 80 51
v 8751 62 37
v 8752 217 109
v 8753 289 144
v 8754 77 32
v 8755 50 25
v 8756 42 20
v 8757 101 55
v 8758 227 86
v 8759 134 64
v 8760 59 22
v 8761 39 20
v 8762 47 20
v 8763 45 23
v 8764 143 72
v 8765 19 10
v 8766 166 76
v 8767 46 19
v 8768 61 36
v 8769 19 10
v 8770 6 3
v 8771 152 83
v 8772 53 28
v 8773 122 51
v 8774 80 45
v 8775 193 89
v 8776 40 21
v 8777 23 14
v 8778 301 141
v 8779 72 36
v 8780 233 113
v 8781 23 14
v 8782 75 35
v 8783 30 13
v 8784 58 29
v 8785 36 19
v 8786 27 13
v 8787 26 13
v 8788 105 57
v 8789 172 82
v 8790 406 211
v 8791 174 90
v 8792 85 40
v 8793 10 4
v 8794 100 53
v 8795 65 35
v 8796 54 25
v 8797 157 75
v 8798 15 8
v 8799 8 6
v 8800 65 40
v 8801 154 63
v 8802 65 31
v 8803 25 18
v 8804 134 66
v 8805 109 52
v 8806 39 14
v 8807 18 9
v 8808 115 62
v 8809 166 90
v 8810 164 93
v 8811 107 53
v 8812 81 50
v 8813 83 47
v 8814 87 47
v 8815 78 41
v 8816 180 85
v 8817 61 22
v 8818 66 34
v 8823 129 57
v 8824 91 41
v 8825 134 61
v 8827 171 96
v 8830 100 49
v 8832 173 86
v 8833 84 37
v 8835 134 65
v 8839 174 77
v 8840 58 31
v 8841 43 21
v 8842 32 15
v 8849 75 38
v 8859 38 15
v 8996 282 139
v 8997 80 45
v 8998 35 22
v 8999 170 92
v 9000 67 32
v 9001 122 60
v 9002 171 77
v 9003 87 43
v 9004 145 65
v 9005 82 46
v 9006 75 42
v 9007 156 87
v 9008 281 117
v 9009 356 152
v 9010 83 32
v 9011 78 39
v 9012 48 20
v 9013 188 86
v 9014 322 152
v 9015 164 71
v 9016 85 38
v 9017 41 25
v 9018 69 33
v 9019 92 54
v 9020 202 92
v 9021 14 7
v 9022 208 100
v 9023 71 33
v 9024 108 52
v 9025 17 6
v 9026 12 8
v 9027 214 89
v 9028 90 45
v 9029 202 103
v 9030 131 62
v 9031 229 86
v 9032 70 35
v 9033 37 18
v 9034 429 211
v 9035 167 79
v 9036 479 211
v 9037 23 9
v 9038 106 47
v 9039 45 24
v 9040 80 42
v 9041 37 20
v 9042 26 10
v 9043 35 15
v 9044 182 98
v 9045 256 142
v 9046 610 288
v 9047 275 119
v 9048 162 72
v 9049 15 8
v 9050 120 52
v 9051 87 48
v 9052 57 22
v 9053 281 125
v 9054 33 17
v 9055 36 17
v 9056 118 60
v 9057 236 104
v 9058 142 72
v 9059 39 21
v 9060 142 73
v 9061 234 103
v 9062 45 18
v 9063 18 8
v 9064 199 87
v 9065 239 118
v 9066 196 85
v 9067 151 59
v 9068 124 64
v 9069 117 64
v 9070 185 83
v 9071 123 64
v 9072 205 91
v 9073 77 27
v 9074 128 61
v 9079 215 97
v 9080 120 53
v 9081 212 106
v 9083 266 122
v 9086 141 55
v 9088 274 142
v 9089 117 57
v 9091 157 62
v 9095 268 116
v 9096 78 30
v 9097 58 22
v 9098 52 24
v 9105 106 59
v 9115 62 30
v 9253 142 79
v 9254 89 51
v 9255 339 165
v 9256 141 80
v 9257 209 112
v 9258 265 131
v 9259 186 89
v 9260 209 91
v 9261 152 61
v 9262 140 75
v 9263 191 87
v 9264 548 254
v 9265 749 367
v 9266 128 51
v 9267 161 79
v 9268 155 62
v 9269 322 166
v 9270 624 313
v 9271 399 180
v 9272 166 75
v 9273 87 42
v 9274 113 65
v 9275 128 69
v 9276 359 168
v 9277 49 26
v 9278 546 248
v 9279 148 75
v 9280 166 88
v 9281 35 20
v 9282 24 11
v 9283 260 133
v 9284 81 36
v 9285 363 164
v 9286 192 102
v 9287 714 354
v 9288 113 61
v 9289 74 42
v 9290 738 352
v 9291 278 136
v 9292 604 289
v 9293 67 38
v 9294 188 90
v 9295 71 35
v 9296 143 63
v 9297 90 50
v 9298 60 27
v 9299 69 34
v 9300 348 169
v 9301 414 218
v 9302 987 475
v 9303 421 198
v 9304 319 130
v 9305 38 22
v 9306 225 80
v 9307 154 89
v 9308 83 33
v 9309 552 274
v 9310 53 25
v 9311 41 23
v 9312 240 122
v 9313 468 228
v 9314 257 146
v 9315 97 49
v 9316 372 180
v 9317 274 117
v 9318 95 58
v 9319 60 28
v 9320 343 155
v 9321 372 177
v 9322 498 261
v 9323 273 129
v 9324 189 98
v 9325 221 121
v 9326 272 131
v 9327 130 53
v 9328 465 216
v 9329 146 59
v 9330 188 94
v 9335 417 204
v 9336 222 114
v 9337 233 100
v 9339 564 302
v 9342 264 126
v 9344 461 234
v 9345 198 101
v 9347 266 128
v 9351 505 233
v 9352 156 72
v 9353 118 53
v 9354 248 131
v 9361 178 92
v 9371 108 47
v 9510 23 8
v 9511 87 46
v 9512 40 29
v 9513 60 28
v 9514 46 19
v 9515 37 19
v 9516 61 25
v 9517 33 13
v 9518 42 20
v 9519 37 15
v 9520 151 66
v 9521 157 59
v 9522 41 23
v 9523 35 18
v 9524 32 11
v 9525 92 40
v 9526 159 64
v 9527 116 48
v 9528 50 21
v 9529 27 13
v 9530 35 13
v 9531 33 17
v 9532 101 38
v 9533 11 8
v 9534 122 51
v 9535 36 22
v 9536 39 23
v 9537 13 6
v 9538 6 1
v 9539 64 28
v 9540 42 19
v 9541 84 36
v 9542 63 25
v 9543 166 59
v 9544 32 17
v 9545 17 10
v 9546 207 96
v 9547 58 18
v 9548 160 61
v 9549 16 9
v 9550 52 19
v 9551 24 10
v 9552 52 23
v 9553 11 7
v 9554 13 2
v 9555 25 11
v 9556 75 36
v 9557 104 49
v 9558 269 117
v 9559 132 60
v 9560 87 33
v 9561 8 3
v 9562 47 24
v 9563 39 20
v 9564 16 9
v 9565 132 57
v 9566 15 7
v 9567 22 10
v 9568 45 25
v 9569 122 54
v 9570 65 25
v 9571 14 4
v 9572 78 34
v 9573 86 34
v 9574 27 17
v 9575 18 8
v 9576 130 62
v 9577 120 44
v 9578 125 56
v 9579 64 25
v 9580 52 30
v 9581 62 28
v 9582 91 37
v 9583 59 22
v 9584 116 46
v 9585 36 20
v 9586 45 24
v 9591 104 45
v 9592 61 29
v 9593 76 37
v 9595 141 60
v 9598 72 26
v 9600 104 45
v 9601 49 26
v 9603 59 21
v 9607 149 57
v 9608 39 16
v 9609 36 14
v 9610 22 11
v 9617 51 24
v 9627 36 14
v 9767 54 28
v 9768 14 8
v 9769 39 17
v 9770 38 14
v 9771 25 9
v 9772 33 15
v 9773 20 9
v 9774 26 13
v 9775 31 11
v 9776 122 61
v 9777 112 52
v 9778 48 30
v 9779 35 18
v 9780 13 7
v 9781 47 25
v 9782 85 40
v 9783 60 24
v 9784 47 19
v 9785 16 8
v 9786 19 6
v 9787 23 12
v 9788 81 35
v 9789 13 6
v 9790 104 38
v 9791 26 11
v 9792 27 13
v 9793 7 4
v 9794 3 1
v 9795 49 21
v 9796 30 16
v 9797 66 31
v 9798 30 18
v 9799 104 50
v 9800 31 14
v 9801 14 7
v 9802 148 65
v 9803 42 23
v 9804 123 61
v 9805 21 9
v 9806 36 17
v 9807 14 3
v 9808 26 12
v 9809 16 7
v 9810 13 5
v 9811 15 7
v 9812 50 22
v 9813 78 34
v 9814 166 67
v 9815 116 53
v 9816 65 31
v 9817 6 3
v 9818 38 12
v 9819 41 16
v 9820 27 12
v 9821 72 36
v 9822 5 4
v 9823 12 5
v 9824 27 15
v 9825 75 38
v 9826 43 13
v 9827 12 4
v 9828 69 26
v 9829 62 25
v 9830 9 7
v 9831 7 5
v 9832 58 26
v 9833 84 36
v 9834 74 26
v 9835 54 26
v 9836 26 14
v 9837 57 25
v 9838 51 24
v 9839 30 15
v 9840 69 27
v 9841 29 13
v 9842 23 15
v 9847 55 28
v 9848 37 17
v 9849 53 21
v 9851 97 43
v 9854 48 22
v 9856 87 45
v 9857 39 16
v 9859 48 18
v 9863 86 31
v 9864 25 19
v 9865 32 11
v 9866 8 5
v 9873 31 17
v 9883 23 8
v 10024 67 41
v 10025 125 57
v 10026 138 73
v 10027 85 48
v 10028 123 53
v 10029 65 34
v 10030 94 52
v 10031 119 59
v 10032 259 130
v 10033 363 178
v 10034 84 34
v 10035 127 60
v 10036 74 39
v 10037 215 116
v 10038 374 179
v 10039 204 101
v 10040 71 34
v 10041 43 18
v 10042 74 38
v 10043 81 43
v 10044 202 90
v 10045 21 11
v 10046 254 96
v 10047 93 49
v 10048 85 39
v 10049 27 13
v 10050 11 6
v 10051 143 61
v 10052 85 42
v 10053 201 88
v 10054 98 47
v 10055 342 160
v 10056 56 28
v 10057 25 12
v 10058 421 188
v 10059 129 58
v 10060 350 145
v 10061 37 12
v 10062 106 54
v 10063 53 26
v 10064 77 37
v 10065 74 33
v 10066 27 13
v 10067 35 17
v 10068 200 119
v 10069 222 119
v 10070 505 237
v 10071 210 98
v 10072 183 73
v 10073 20 10
v 10074 101 50
v 10075 90 44
v 10076 47 18
v 10077 363 169
v 10078 22 12
v 10079 30 18
v 10080 121 65
v 10081 245 112
v 10082 147 77
v 10083 37 17
v 10084 203 91
v 10085 206 89
v 10086 53 29
v 10087 25 15
v 10088 190 90
v 10089 209 97
v 10090 305 131
v 10091 148 69
v 10092 122 56
v 10093 129 62
v 10094 178 84
v 10095 92 47
v 10096 249 116
v 10097 85 35
v 10098 111 57
v 10103 251 117
v 10104 132 67
v 10105 155 61
v 10107 311 161
v 10110 137 70
v 10112 280 141
v 10113 122 64
v 10115 138 64
v 10119 266 120
v 10120 103 59
v 10121 76 37
v 10122 50 24
v 10129 112 60
v 10139 74 30
v 10281 48 20
v 10282 60 33
v 10283 33 19
v 10284 43 16
v 10285 33 15
v 10286 20 13
v 10287 47 28
v 10288 100 43
v 10289 149 63
v 10290 40 9
v 10291 36 23
v 10292 26 7
v 10293 89 46
v 10294 177 79
v 10295 90 41
v 10296 33 17
v 10297 14 6
v 10298 29 14
v 10299 41 24
v 10300 76 34
v 10301 10 4
v 10302 125 54
v 10303 44 19
v 10304 51 26
v 10305 6 4
v 10306 2 1
v 10307 50 22
v 10308 44 18
v 10309 79 44
v 10310 44 21
v 10311 146 57
v 10312 25 13
v 10313 16 5
v 10314 174 73
v 10315 58 26
v 10316 145 62
v 10317 31 9
v 10318 40 19
v 10319 17 11
v 10320 25 14
v 10321 22 9
v 10322 13 8
v 10323 14 9
v 10324 69 34
v 10325 118 59
v 10326 258 124
v 10327 113 51
v 10328 77 26
v 10329 12 5
v 10330 37 18
v 10331 37 18
v 10332 21 9
v 10333 160 76
v 10334 10 6
v 10335 14 7
v 10336 49 22
v 10337 97 44
v 10338 52 24
v 10339 14 8
v 10340 78 37
v 10341 79 37
v 10342 24 9
v 10343 7 2
v 10344 132 54
v 10345 92 41
v 10346 88 41
v 10347 64 31
v 10348 44 22
v 10349 43 19
v 10350 71 22
v 10351 59 23
v 10352 78 26
v 10353 33 11
v 10354 36 19
v 10359 77 37
v 10360 64 25
v 10361 80 35
v 10363 136 66
v 10366 62 30
v 10368 105 41
v 10369 39 20
v 10371 67 32
v 10375 121 51
v 10376 32 17
v 10377 31 17
v 10378 17 9
v 10385 42 21
v 10395 42 15
v 10538 118 56
v 10539 41 25
v 10540 79 37
v 10541 51 26
v 10542 63 33
v 10543 87 44
v 10544 219 102
v 10545 252 102
v 10546 65 27
v 10547 58 29
v 10548 27 15
v 10549 155 89
v 10550 280 142
v 10551 156 83
v 10552 58 30
v 10553 42 19
v 10554 40 15
v 10555 59 23
v 10556 139 50
v 10557 18 11
v 10558 190 76
v 10559 101 61
v 10560 69 39
v 10561 26 11
v 10562 2 0
v 10563 123 58
v 10564 45 14
v 10565 115 39
v 10566 96 44
v 10567 290 141
v 10568 35 18
v 10569 27 10
v 10570 307 155
v 10571 95 46
v 10572 229 111
v 10573 34 9
v 10574 64 30
v 10575 26 14
v 10576 51 17
v 10577 41 19
v 10578 19 5
v 10579 22 11
v 10580 120 64
v 10581 145 68
v 10582 358 172
v 10583 166 69
v 10584 167 75
v 10585 7 2
v 10586 77 29
v 10587 70 35
v 10588 42 18
v 10589 257 113
v 10590 12 4
v 10591 19 9
v 10592 68 31
v 10593 180 96
v 10594 87 45
v 10595 36 22
v 10596 175 91
v 10597 123 54
v 10598 30 18
v 10599 24 9
v 10600 129 66
v 10601 171 82
v 10602 174 75
v 10603 125 61
v 10604 78 40
v 10605 102 52
v 10606 102 48
v 10607 70 24
v 10608 137 63
v 10609 63 23
v 10610 94 43
v 10615 155 70
v 10616 125 60
v 10617 109 47
v 10619 219 120
v 10622 125 64
v 10624 190 98
v 10625 89 48
v 10627 115 53
v 10631 193 90
v 10632 60 32
v 10633 49 16
v 10634 58 25
v 10641 71 32
v 10651 44 22
v 10795 71 34
v 10796 86 43
v 10797 62 28
v 10798 61 32
v 10799 91 42
v 10800 247 132
v 10801 315 157
v 10802 77 33
v 10803 64 36
v 10804 53 26
v 10805 146 78
v 10806 334 166
v 10807 154 66
v 10808 62 32
v 10809 36 19
v 10810 32 14
v 10811 66 35
v 10812 199 108
v 10813 14 9
v 10814 187 77
v 10815 73 42
v 10816 64 38
v 10817 10 8
v 10818 2 0
v 10819 135 70
v 10820 104 59
v 10821 265 144
v 10822 105 57
v 10823 319 164
v 10824 58 34
v 10825 23 13
v 10826 300 148
v 10827 149 73
v 10828 290 146
v 10829 29 15
v 10830 83 40
v 10831 38 20
v 10832 61 27
v 10833 42 19
v 10834 27 6
v 10835 35 19
v 10836 149 74
v 10837 147 63
v 10838 473 249
v 10839 255 146
v 10840 150 75
v 10841 13 7
v 10842 81 44
v 10843 53 19
v 10844 61 22
v 10845 258 129
v 10846 25 17
v 10847 25 19
v 10848 98 53
v 10849 233 136
v 10850 103 53
v 10851 35 19
v 10852 153 73
v 10853 231 126
v 10854 39 16
v 10855 18 8
v 10856 235 123
v 10857 200 99
v 10858 245 124
v 10859 125 68
v 10860 110 56
v 10861 107 56
v 10862 102 46
v 10863 76 44
v 10864 137 67
v 10865 64 34
v 10866 92 39
v 10871 187 87
v 10872 123 64
v 10873 152 75
v 10875 251 122
v 10878 113 67
v 10880 215 118
v 10881 97 54
v 10883 127 70
v 10887 224 95
v 10888 52 22
v 10889 59 32
v 10890 39 26
v 10897 79 45
v 10907 24 7
v 11052 57 41
v 11053 31 16
v 11054 45 22
v 11055 57 23
v 11056 151 75
v 11057 178 83
v 11058 42 16
v 11059 52 25
v 11060 28 16
v 11061 88 51
v 11062 158 83
v 11063 114 52
v 11064 42 27
v 11065 25 15
v 11066 53 28
v 11067 45 25
v 11068 125 49
v 11069 9 3
v 11070 107 48
v 11071 44 24
v 11072 48 21
v 11073 6 3
v 11074 4 2
v 11075 80 32
v 11076 33 17
v 11077 103 53
v 11078 52 22
v 11079 188 87
v 11080 46 21
v 11081 20 11
v 11082 178 85
v 11083 71 31
v 11084 169 82
v 11085 24 11
v 11086 52 27
v 11087 29 17
v 11088 42 18
v 11089 25 14
v 11090 12 5
v 11091 14 11
v 11092 88 54
v 11093 118 58
v 11094 247 130
v 11095 111 64
v 11096 81 37
v 11097 7 3
v 11098 44 20
v 11099 45 19
v 11100 25 11
v 11101 155 77
v 11102 12 5
v 11103 21 14
v 11104 62 30
v 11105 106 50
v 11106 63 46
v 11107 25 17
v 11108 96 46
v 11109 102 50
v 11110 29 11
v 11111 11 5
v 11112 91 48
v 11113 111 58
v 11114 117 62
v 11115 84 44
v 11116 44 30
v 11117 67 28
v 11118 82 43
v 11119 39 24
v 11120 104 43
v 11121 51 22
v 11122 51 30
v 11127 105 40
v 11128 65 34
v 11129 89 40
v 11131 144 71
v 11134 59 37
v 11136 139 64
v 11137 46 23
v 11139 74 37
v 11143 125 64
v 11144 38 20
v 11145 48 21
v 11146 21 10
v 11153 50 28
v 11163 26 9
v 11309 45 24
v 11310 63 39
v 11311 57 28
v 11312 234 121
v 11313 253 117
v 11314 60 24
v 11315 67 35
v 11316 37 15
v 11317 144 88
v 11318 246 119
v 11319 137 64
v 11320 51 28
v 11321 32 15
v 11322 66 35
v 11323 72 43
v 11324 161 74
v 11325 13 9
v 11326 179 70
v 11327 58 27
v 11328 71 41
v 11329 18 9
v 11330 7 3
v 11331 117 62
v 11332 79 36
v 11333 110 59
v 11334 102 49
v 11335 254 126
v 11336 51 28
v 11337 24 17
v 11338 313 146
v 11339 87 43
v 11340 220 98
v 11341 32 19
v 11342 69 31
v 11343 33 15
v 11344 49 29
v 11345 30 20
v 11346 20 10
v 11347 19 10
v 11348 102 54
v 11349 168 87
v 11350 405 196
v 11351 189 86
v 11352 129 48
v 11353 18 8
v 11354 94 51
v 11355 72 31
v 11356 36 20
v 11357 193 93
v 11358 13 6
v 11359 35 15
v 11360 64 35
v 11361 165 82
v 11362 84 36
v 11363 34 16
v 11364 129 53
v 11365 153 73
v 11366 40 22
v 11367 14 7
v 11368 160 81
v 11369 117 59
v 11370 188 88
v 11371 105 48
v 11372 73 41
v 11373 83 46
v 11374 105 42
v 11375 92 48
v 11376 140 73
v 11377 75 39
v 11378 70 38
v 11383 120 57
v 11384 89 54
v 11385 147 65
v 11387 184 97
v 11390 103 46
v 11392 179 86
v 11393 112 61
v 11395 107 57
v 11399 173 96
v 11400 69 39
v 11401 44 19
v 11402 43 27
v 11409 56 33
v 11419 34 16
v 11566 32 17
v 11567 45 23
v 11568 154 74
v 11569 141 63
v 11570 45 15
v 11571 46 25
v 11572 35 10
v 11573 81 42
v 11574 143 72
v 11575 82 39
v 11576 30 13
v 11577 24 9
v 11578 38 20
v 11579 49 23
v 11580 130 52
v 11581 6 3
v 11582 98 43
v 11583 40 21
v 11584 47 31
v 11585 9 6
v 11586 7 3
v 11587 71 41
v 11588 41 20
v 11589 89 50
v 11590 44 21
v 11591 155 68
v 11592 28 17
v 11593 13 7
v 11594 195 96
v 11595 70 39
v 11596 133 72
v 11597 15 2
v 11598 44 20
v 11599 17 9
v 11600 31 16
v 11601 16 9
v 11602 17 9
v 11603 18 8
v 11604 100 52
v 11605 93 49
v 11606 275 147
v 11607 111 57
v 11608 88 45
v 11609 11 4
v 11610 67 33
v 11611 49 21
v 11612 26 10
v 11613 114 63
v 11614 10 2
v 11615 14 7
v 11616 47 22
v 11617 110 53
v 11618 49 27
v 11619 19 9
v 11620 74 29
v 11621 101 52
v 11622 20 10
v 11623 8 1
v 11624 59 22
v 11625 102 55
v 11626 131 75
v 11627 74 41
v 11628 42 25
v 11629 44 20
v 11630 71 38
v 11631 52 26
v 11632 112 58
v 11633 40 21
v 11634 49 24
v 11639 89 43
v 11640 44 22
v 11641 83 43
v 11643 143 77
v 11646 54 28
v 11648 110 54
v 11649 54 26
v 11651 83 40
v 11655 117 63
v 11656 24 10
v 11657 46 26
v 11658 74 42
v 11665 40 26
v 11675 37 16
v 11823 70 29
v 11824 213 89
v 11825 214 85
v 11826 57 21
v 11827 46 17
v 11828 27 14
v 11829 100 51
v 11830 184 83
v 11831 112 59
v 11832 47 23
v 11833 36 17
v 11834 28 16
v 11835 43 20
v 11836 134 51
v 11837 12 8
v 11838 134 58
v 11839 39 20
v 11840 46 20
v 11841 24 9
v 11842 8 3
v 11843 97 33
v 11844 80 45
v 11845 92 40
v 11846 73 38
v 11847 219 100
v 11848 37 13
v 11849 26 15
v 11850 269 138
v 11851 63 35
v 11852 192 75
v 11853 26 7
v 11854 49 21
v 11855 27 10
v 11856 51 27
v 11857 25 12
v 11858 23 8
v 11859 15 9
v 11860 104 43
v 11861 131 63
v 11862 342 148
v 11863 145 56
v 11864 117 62
v 11865 7 2
v 11866 66 40
v 11867 49 21
v 11868 44 22
v 11869 149 65
v 11870 19 7
v 11871 27 10
v 11872 76 34
v 11873 148 75
v 11874 100 47
v 11875 33 18
v 11876 147 73
v 11877 141 70
v 11878 35 14
v 11879 15 8
v 11880 116 53
v 11881 206 108
v 11882 156 71
v 11883 83 41
v 11884 59 36
v 11885 109 46
v 11886 66 21
v 11887 79 37
v 11888 127 51
v 11889 45 18
v 11890 64 33
v 11895 96 44
v 11896 73 34
v 11897 126 56
v 11899 168 72
v 11902 79 30
v 11904 179 79
v 11905 80 39
v 11907 109 48
v 11911 168 80
v 11912 49 25
v 11913 43 18
v 11914 28 14
v 11921 60 29
v 11931 42 19
v 12080 210 100
v 12081 289 147
v 12082 58 35
v 12083 54 24
v 12084 41 25
v 12085 148 69
v 12086 215 107
v 12087 126 60
v 12088 53 22
v 12089 26 16
v 12090 71 30
v 12091 115 76
v 12092 174 96
v 12093 13 4
v 12094 168 72
v 12095 46 26
v 12096 58 28
v 12097 11 7
v 12098 4 2
v 12099 135 75
v 12100 59 29
v 12101 136 59
v 12102 81 42
v 12103 234 110
v 12104 45 24
v 12105 24 12
v 12106 238 112
v 12107 101 50
v 12108 268 130
v 12109 24 10
v 12110 53 23
v 12111 37 21
v 12112 55 25
v 12113 27 9
v 12114 20 8
v 12115 25 10
v 12116 111 56
v 12117 158 80
v 12118 376 175
v 12119 160 79
v 12120 148 58
v 12121 14 9
v 12122 70 30
v 12123 57 27
v 12124 26 9
v 12125 166 81
v 12126 32 17
v 12127 31 13
v 12128 70 37
v 12129 149 67
v 12130 105 47
v 12131 30 16
v 12132 99 52
v 12133 129 65
v 12134 23 10
v 12135 15 8
v 12136 118 49
v 12137 158 78
v 12138 155 74
v 12139 103 45
v 12140 76 36
v 12141 76 31
v 12142 104 43
v 12143 66 32
v 12144 147 70
v 12145 58 31
v 12146 79 41
v 12151 141 76
v 12152 63 39
v 12153 104 47
v 12155 195 99
v 12158 79 38
v 12160 160 94
v 12161 54 26
v 12163 99 59
v 12167 163 77
v 12168 49 22
v 12169 55 29
v 12170 24 13
v 12177 63 37
v 12187 32 17
v 12337 771 374
v 12338 175 71
v 12339 172 101
v 12340 102 59
v 12341 374 209
v 12342 758 376
v 12343 415 194
v 12344 164 76
v 12345 91 47
v 12346 129 62
v 12347 155 93
v 12348 475 229
v 12349 70 37
v 12350 527 219
v 12351 147 86
v 12352 198 99
v 12353 55 32
v 12354 27 16
v 12355 310 154
v 12356 172 79
v 12357 348 182
v 12358 270 129
v 12359 705 319
v 12360 152 84
v 12361 72 39
v 12362 878 399
v 12363 256 129
v 12364 666 303
v 12365 93 48
v 12366 240 103
v 12367 91 48
v 12368 185 104
v 12369 108 52
v 12370 68 35
v 12371 89 44
v 12372 319 163
v 12373 453 253
v 12374 1065 517
v 12375 489 241
v 12376 306 135
v 12377 50 22
v 12378 207 101
v 12379 227 122
v 12380 107 48
v 12381 623 299
v 12382 59 26
v 12383 47 26
v 12384 198 105
v 12385 497 260
v 12386 280 179
v 12387 83 34
v 12388 399 217
v 12389 336 179
v 12390 78 38
v 12391 39 23
v 12392 342 170
v 12393 489 248
v 12394 547 278
v 12395 313 157
v 12396 184 106
v 12397 343 178
v 12398 297 130
v 12399 232 128
v 12400 530 264
v 12401 197 103
v 12402 190 102
v 12407 428 200
v 12408 260 140
v 12409 354 185
v 12411 567 293
v 12414 287 151
v 12416 551 281
v 12417 233 118
v 12419 390 184
v 12423 535 269
v 12424 184 97
v 12425 155 81
v 12426 128 71
v 12433 247 135
v 12443 120 65
v 12594 231 107
v 12595 195 103
v 12596 153 65
v 12597 416 255
v 12598 871 444
v 12599 558 272
v 12600 199 106
v 12601 105 52
v 12602 165 100
v 12603 234 110
v 12604 637 319
v 12605 84 45
v 12606 642 304
v 12607 164 83
v 12608 231 130
v 12609 60 32
v 12610 27 14
v 12611 365 184
v 12612 178 97
v 12613 492 264
v 12614 308 150
v 12615 886 414
v 12616 151 76
v 12617 80 48
v 12618 1078 561
v 12619 362 186
v 12620 876 415
v 12621 99 55
v 12622 287 150
v 12623 115 72
v 12624 179 95
v 12625 95 56
v 12626 69 41
v 12627 80 37
v 12628 398 246
v 12629 566 293
v 12630 1317 702
v 12631 642 346
v 12632 460 226
v 12633 49 26
v 12634 336 176
v 12635 255 122
v 12636 133 67
v 12637 786 386
v 12638 67 39
v 12639 75 40
v 12640 262 150
v 12641 588 316
v 12642 471 253
v 12643 96 55
v 12644 483 253
v 12645 426 232
v 12646 100 42
v 12647 57 25
v 12648 466 247
v 12649 642 342
v 12650 714 338
v 12651 391 189
v 12652 253 160
v 12653 393 232
v 12654 379 168
v 12655 281 133
v 12656 587 271
v 12657 216 109
v 12658 249 141
v 12663 545 263
v 12664 317 180
v 12665 480 225
v 12667 748 400
v 12670 321 174
v 12672 644 354
v 12673 265 150
v 12675 442 218
v 12679 745 350
v 12680 226 123
v 12681 224 115
v 12682 143 78
v 12689 297 164
v 12699 179 93
v 12851 47 24
v 12852 41 18
v 12853 82 49
v 12854 215 119
v 12855 120 68
v 12856 39 25
v 12857 35 19
v 12858 40 24
v 12859 55 38
v 12860 156 85
v 12861 24 9
v 12862 157 73
v 12863 48 24
v 12864 40 20
v 12865 12 9
v 12866 8 3
v 12867 102 53
v 12868 72 34
v 12869 88 41
v 12870 79 47
v 12871 191 91
v 12872 39 18
v 12873 17 14
v 12874 275 139
v 12875 82 48
v 12876 220 106
v 12877 29 9
v 12878 66 37
v 12879 36 22
v 12880 48 24
v 12881 23 13
v 12882 25 15
v 12883 19 11
v 12884 107 61
v 12885 140 82
v 12886 321 180
v 12887 183 97
v 12888 100 52
v 12889 13 9
v 12890 83 43
v 12891 76 45
v 12892 26 12
v 12893 208 107
v 12894 21 14
v 12895 17 10
v 12896 42 24
v 12897 151 74
v 12898 64 36
v 12899 26 14
v 12900 110 59
v 12901 95 51
v 12902 34 18
v 12903 15 8
v 12904 68 40
v 12905 168 103
v 12906 155 79
v 12907 105 58
v 12908 51 28
v 12909 92 44
v 12910 82 35
v 12911 72 40
v 12912 170 82
v 12913 51 22
v 12914 54 30
v 12919 130 71
v 12920 71 39
v 12921 122 73
v 12923 193 114
v 12926 83 48
v 12928 145 84
v 12929 56 30
v 12931 124 67
v 12935 166 94
v 12936 51 28
v 12937 39 23
v 12938 35 19
v 12945 69 37
v 12955 60 34
v 13108 33 16
v 13109 89 50
v 13110 189 105
v 13111 114 60
v 13112 46 23
v 13113 17 11
v 13114 34 19
v 13115 51 23
v 13116 114 51
v 13117 15 5
v 13118 155 68
v 13119 39 20
v 13120 44 20
v 13121 16 6
v 13122 5 2
v 13123 64 27
v 13124 45 30
v 13125 107 60
v 13126 64 28
v 13127 192 100
v 13128 37 21
v 13129 18 8
v 13130 197 95
v 13131 54 17
v 13132 183 87
v 13133 19 8
v 13134 59 26
v 13135 26 13
v 13136 32 20
v 13137 31 16
v 13138 27 8
v 13139 16 6
v 13140 87 53
v 13141 120 73
v 13142 290 139
v 13143 136 61
v 13144 92 47
v 13145 15 9
v 13146 66 41
v 13147 40 17
v 13148 24 12
v 13149 124 72
v 13150 10 8
v 13151 12 4
v 13152 53 28
v 13153 107 60
v 13154 88 45
v 13155 28 15
v 13156 121 59
v 13157 96 50
v 13158 21 14
v 13159 13 6
v 13160 102 56
v 13161 129 60
v 13162 129 59
v 13163 94 43
v 13164 51 26
v 13165 88 53
v 13166 79 35
v 13167 52 23
v 13168 122 53
v 13169 38 18
v 13170 44 29
v 13175 107 47
v 13176 57 28
v 13177 98 53
v 13179 148 82
v 13182 92 50
v 13184 153 90
v 13185 57 29
v 13187 101 44
v 13191 138 71
v 13192 48 21
v 13193 39 23
v 13194 30 14
v 13201 66 29
v 13211 46 26
v 13365 57 30
v 13366 123 65
v 13367 80 38
v 13368 32 23
v 13369 13 6
v 13370 33 13
v 13371 27 18
v 13372 94 39
v 13373 18 9
v 13374 101 55
v 13375 17 9
v 13376 35 19
v 13377 7 4
v 13378 3 3
v 13379 47 29
v 13380 36 15
v 13381 78 41
v 13382 41 17
v 13383 124 68
v 13384 21 12
v 13385 9 6
v 13386 144 81
v 13387 38 23
v 13388 109 51
v 13389 8 3
v 13390 47 28
v 13391 26 18
v 13392 21 10
v 13393 16 9
v 13394 8 3
v 13395 14 8
v 13396 57 24
v 13397 68 30
v 13398 193 102
v 13399 82 43
v 13400 60 30
v 13401 9 5
v 13402 45 20
v 13403 35 20
v 13404 20 7
v 13405 160 90
v 13406 6 6
v 13407 9 2
v 13408 43 26
v 13409 73 31
v 13410 45 27
v 13411 20 13
v 13412 57 22
v 13413 70 39
v 13414 20 11
v 13415 7 4
v 13416 70 33
v 13417 95 53
v 13418 115 53
v 13419 68 36
v 13420 48 29
v 13421 48 29
v 13422 43 21
v 13423 39 19
v 13424 139 77
v 13425 29 14
v 13426 34 23
v 13431 94 47
v 13432 52 24
v 13433 72 38
v 13435 120 55
v 13438 50 24
v 13440 92 55
v 13441 31 21
v 13443 77 38
v 13447 115 47
v 13448 32 11
v 13449 33 17
v 13450 19 11
v 13457 40 15
v 13467 28 13
v 13622 373 177
v 13623 227 100
v 13624 78 34
v 13625 54 24
v 13626 79 26
v 13627 98 62
v 13628 235 92
v 13629 33 10
v 13630 284 105
v 13631 99 51
v 13632 101 55
v 13633 25 12
v 13634 7 2
v 13635 209 82
v 13636 110 49
v 13637 229 113
v 13638 142 65
v 13639 308 121
v 13640 73 32
v 13641 39 15
v 13642 461 223
v 13643 172 83
v 13644 402 168
v 13645 39 16
v 13646 117 53
v 13647 54 30
v 13648 87 49
v 13649 64 34
v 13650 44 17
v 13651 38 17
v 13652 212 109
v 13653 295 135
v 13654 693 312
v 13655 302 148
v 13656 214 84
v 13657 15 5
v 13658 136 65
v 13659 86 37
v 13660 57 26
v 13661 318 145
v 13662 27 13
v 13663 40 18
v 13664 115 62
v 13665 265 133
v 13666 167 66
v 13667 46 24
v 13668 229 107
v 13669 221 108
v 13670 49 18
v 13671 26 15
v 13672 249 101
v 13673 277 119
v 13674 289 123
v 13675 164 71
v 13676 136 71
v 13677 156 81
v 13678 172 79
v 13679 88 41
v 13680 246 89
v 13681 88 35
v 13682 133 65
v 13687 257 117
v 13688 141 55
v 13689 228 99
v 13691 316 166
v 13694 173 69
v 13696 317 152
v 13697 139 58
v 13699 194 89
v 13703 344 135
v 13704 101 48
v 13705 87 41
v 13706 51 24
v 13713 129 59
v 13723 59 23
v 13879 411 181
v 13880 184 103
v 13881 88 36
v 13882 154 91
v 13883 200 101
v 13884 460 217
v 13885 49 29
v 13886 498 214
v 13887 154 80
v 13888 205 120
v 13889 44 22
v 13890 22 12
v 13891 392 208
v 13892 147 84
v 13893 356 154
v 13894 293 130
v 13895 616 255
v 13896 120 72
v 13897 69 41
v 13898 959 492
v 13899 254 126
v 13900 661 301
v 13901 96 40
v 13902 246 124
v 13903 82 38
v 13904 198 97
v 13905 87 36
v 13906 51 21
v 13907 70 34
v 13908 368 198
v 13909 529 270
v 13910 1005 539
v 13911 580 284
v 13912 409 180
v 13913 47 26
v 13914 277 153
v 13915 221 110
v 13916 81 36
v 13917 634 315
v 13918 70 42
v 13919 72 37
v 13920 273 155
v 13921 469 247
v 13922 277 161
v 13923 94 45
v 13924 358 170
v 13925 363 170
v 13926 85 38
v 13927 61 33
v 13928 427 214
v 13929 682 375
v 13930 455 228
v 13931 381 196
v 13932 300 173
v 13933 302 148
v 13934 420 218
v 13935 197 86
v 13936 438 204
v 13937 181 81
v 13938 248 147
v 13943 431 211
v 13944 256 129
v 13945 377 178
v 13947 578 316
v 13950 298 137
v 13952 584 324
v 13953 263 146
v 13955 320 166
v 13959 560 287
v 13960 168 89
v 13961 147 74
v 13962 90 51
v 13969 209 120
v 13979 127 59
v 14136 139 70
v 14137 52 28
v 14138 89 45
v 14139 131 87
v 14140 332 149
v 14141 26 16
v 14142 329 140
v 14143 105 52
v 14144 117 65
v 14145 40 24
v 14146 16 10
v 14147 154 75
v 14148 117 58
v 14149 268 130
v 14150 154 76
v 14151 414 201
v 14152 85 48
v 14153 40 29
v 14154 555 262
v 14155 151 72
v 14156 436 212
v 14157 61 36
v 14158 142 70
v 14159 59 32
v 14160 132 60
v 14161 55 27
v 14162 40 13
v 14163 45 21
v 14164 218 118
v 14165 282 151
v 14166 744 357
v 14167 276 131
v 14168 213 93
v 14169 23 7
v 14170 148 79
v 14171 121 54
v 14172 80 42
v 14173 375 181
v 14174 14 9
v 14175 53 31
v 14176 145 56
v 14177 324 167
v 14178 185 83
v 14179 64 34
v 14180 248 124
v 14181 224 116
v 14182 57 30
v 14183 37 22
v 14184 264 123
v 14185 341 174
v 14186 401 177
v 14187 208 100
v 14188 162 86
v 14189 124 71
v 14190 209 99
v 14191 95 30
v 14192 356 186
v 14193 99 44
v 14194 137 76
v 14199 317 149
v 14200 151 85
v 14201 239 115
v 14203 407 227
v 14206 192 98
v 14208 322 161
v 14209 146 74
v 14211 242 121
v 14215 385 192
v 14216 127 70
v 14217 101 46
v 14218 59 39
v 14225 171 88
v 14235 84 36
v 14393 31 13
v 14394 27 17
v 14395 47 25
v 14396 102 48
v 14397 17 5
v 14398 85 36
v 14399 45 26
v 14400 48 26
v 14401 10 6
v 14402 5 3
v 14403 93 41
v 14404 32 16
v 14405 103 53
v 14406 70 36
v 14407 156 81
v 14408 28 15
v 14409 18 8
v 14410 234 118
v 14411 76 35
v 14412 177 81
v 14413 19 9
v 14414 52 23
v 14415 25 17
v 14416 32 18
v 14417 23 11
v 14418 20 10
v 14419 11 4
v 14420 79 47
v 14421 152 79
v 14422 306 157
v 14423 130 70
v 14424 105 58
v 14425 7 2
v 14426 56 30
v 14427 52 26
v 14428 22 10
v 14429 173 86
v 14430 10 8
v 14431 12 8
v 14432 46 22
v 14433 120 58
v 14434 83 48
v 14435 32 22
v 14436 106 53
v 14437 112 52
v 14438 29 14
v 14439 17 6
v 14440 104 53
v 14441 125 69
v 14442 118 54
v 14443 71 41
v 14444 57 31
v 14445 74 33
v 14446 95 41
v 14447 62 28
v 14448 105 47
v 14449 36 14
v 14450 63 33
v 14455 99 38
v 14456 66 40
v 14457 97 37
v 14459 148 74
v 14462 68 30
v 14464 131 69
v 14465 52 20
v 14467 76 36
v 14471 130 54
v 14472 52 16
v 14473 40 21
v 14474 30 13
v 14481 52 17
v 14491 25 13
v 14650 24 13
v 14651 31 20
v 14652 86 46
v 14653 5 3
v 14654 87 48
v 14655 28 15
v 14656 37 17
v 14657 7 2
v 14658 4 3
v 14659 51 29
v 14660 29 12
v 14661 53 30
v 14662 33 18
v 14663 104 46
v 14664 13 6
v 14665 14 8
v 14666 142 80
v 14667 42 20
v 14668 116 50
v 14669 9 7
v 14670 42 21
v 14671 19 8
v 14672 26 14
v 14673 14 8
v 14674 7 3
v 14675 8 3
v 14676 54 35
v 14677 70 43
v 14678 161 85
v 14679 76 40
v 14680 60 32
v 14681 6 4
v 14682 35 20
v 14683 35 20
v 14684 23 13
v 14685 87 45
v 14686 7 4
v 14687 9 6
v 14688 33 20
v 14689 89 44
v 14690 49 32
v 14691 20 8
v 14692 55 30
v 14693 61 33
v 14694 14 9
v 14695 10 6
v 14696 36 15
v 14697 86 50
v 14698 61 35
v 14699 47 24
v 14700 31 19
v 14701 34 17
v 14702 53 28
v 14703 36 20
v 14704 69 28
v 14705 29 11
v 14706 36 19
v 14711 60 28
v 14712 33 20
v 14713 71 38
v 14715 83 46
v 14718 47 22
v 14720 71 38
v 14721 31 18
v 14723 38 22
v 14727 80 39
v 14728 24 14
v 14729 24 13
v 14730 34 15
v 14737 25 13
v 14747 11 5
v 14907 26 8
v 14908 73 39
v 14909 7 4
v 14910 109 53
v 14911 27 12
v 14912 53 28
v 14913 14 8
v 14914 6 4
v 14915 53 25
v 14916 33 15
v 14917 108 51
v 14918 70 33
v 14919 170 75
v 14920 22 8
v 14921 10 6
v 14922 174 80
v 14923 68 34
v 14924 130 70
v 14925 9 6
v 14926 40 22
v 14927 17 11
v 14928 31 12
v 14929 12 8
v 14930 18 10
v 14931 12 7
v 14932 73 35
v 14933 98 45
v 14934 242 120
v 14935 119 57
v 14936 70 29
v 14937 9 5
v 14938 63 31
v 14939 37 17
v 14940 24 9
v 14941 138 68
v 14942 13 6
v 14943 12 4
v 14944 51 25
v 14945 98 53
v 14946 67 33
v 14947 28 12
v 14948 77 36
v 14949 78 35
v 14950 12 5
v 14951 10 5
v 14952 84 35
v 14953 99 45
v 14954 97 41
v 14955 74 31
v 14956 42 21
v 14957 58 31
v 14958 81 39
v 14959 40 21
v 14960 107 57
v 14961 36 17
v 14962 44 22
v 14967 101 44
v 14968 70 36
v 14969 62 33
v 14971 131 63
v 14974 46 18
v 14976 112 59
v 14977 48 21
v 14979 73 35
v 14983 121 53
v 14984 48 19
v 14985 43 23
v 14986 29 18
v 14993 47 30
v 15003 31 12
v 15164 147 67
v 15165 12 3
v 15166 165 68
v 15167 42 20
v 15168 52 28
v 15169 13 7
v 15170 6 2
v 15171 70 32
v 15172 34 19
v 15173 76 42
v 15174 62 27
v 15175 198 73
v 15176 38 17
v 15177 23 13
v 15178 219 98
v 15179 84 45
v 15180 226 93
v 15181 30 17
v 15182 64 26
v 15183 23 10
v 15184 46 22
v 15185 26 6
v 15186 18 9
v 15187 21 5
v 15188 101 50
v 15189 123 59
v 15190 318 153
v 15191 149 64
v 15192 93 43
v 15193 12 5
v 15194 57 28
v 15195 70 31
v 15196 28 13
v 15197 170 81
v 15198 19 11
v 15199 16 8
v 15200 56 24
v 15201 143 72
v 15202 59 21
v 15203 25 6
v 15204 105 38
v 15205 89 44
v 15206 28 15
v 15207 19 8
v 15208 106 37
v 15209 131 69
v 15210 168 89
v 15211 94 47
v 15212 59 30
v 15213 88 35
v 15214 88 37
v 15215 52 21
v 15216 132 63
v 15217 34 15
v 15218 56 30
v 15223 122 56
v 15224 64 33
v 15225 87 44
v 15227 129 54
v 15230 88 44
v 15232 147 68
v 15233 57 30
v 15235 98 46
v 15239 144 77
v 15240 44 22
v 15241 55 33
v 15242 28 10
v 15249 72 40
v 15259 43 16
v 15421 50 20
v 15422 258 123
v 15423 120 63
v 15424 113 61
v 15425 38 14
v 15426 11 5
v 15427 263 119
v 15428 145 83
v 15429 253 146
v 15430 137 79
v 15431 371 172
v 15432 79 56
v 15433 56 33
v 15434 579 305
v 15435 227 117
v 15436 464 226
v 15437 60 24
v 15438 180 96
v 15439 62 27
v 15440 102 47
v 15441 82 39
v 15442 61 28
v 15443 40 18
v 15444 196 106
v 15445 297 148
v 15446 855 469
v 15447 354 172
v 15448 295 145
v 15449 50 22
v 15450 196 98
v 15451 116 59
v 15452 67 38
v 15453 377 230
v 15454 50 31
v 15455 62 27
v 15456 172 91
v 15457 373 196
v 15458 174 102
v 15459 76 44
v 15460 284 158
v 15461 345 195
v 15462 62 27
v 15463 28 13
v 15464 293 155
v 15465 338 184
v 15466 376 196
v 15467 219 127
v 15468 163 96
v 15469 256 129
v 15470 211 94
v 15471 235 125
v 15472 431 219
v 15473 102 53
v 15474 179 91
v 15479 290 151
v 15480 190 111
v 15481 263 136
v 15483 369 230
v 15486 198 112
v 15488 378 205
v 15489 171 94
v 15491 277 139
v 15495 438 204
v 15496 98 37
v 15497 128 59
v 15498 73 36
v 15505 133 72
v 15515 101 55
v 15678 41 12
v 15679 14 6
v 15680 15 8
v 15681 4 2
v 15682 1 1
v 15683 21 10
v 15684 18 9
v 15685 28 13
v 15686 20 14
v 15687 41 20
v 15688 10 3
v 15689 5 3
v 15690 89 56
v 15691 22 12
v 15692 66 38
v 15693 6 3
v 15694 24 10
v 15695 13 8
v 15696 13 8
v 15697 9 6
v 15698 11 3
v 15699 6 6
v 15700 23 12
v 15701 37 22
v 15702 102 50
v 15703 45 23
v 15704 44 21
v 15705 4 4
v 15706 18 12
v 15707 25 14
v 15708 9 5
v 15709 48 25
v 15710 7 3
v 15711 2 1
v 15712 26 20
v 15713 32 17
v 15714 23 13
v 15715 5 1
v 15716 39 24
v 15717 33 20
v 15718 8 2
v 15719 1 1
v 15720 22 11
v 15721 42 19
v 15722 39 22
v 15723 22 9
v 15724 10 5
v 15725 29 11
v 15726 38 10
v 15727 23 10
v 15728 48 23
v 15729 30 11
v 15730 16 7
v 15735 35 20
v 15736 16 10
v 15737 37 24
v 15739 50 23
v 15742 19 9
v 15744 43 18
v 15745 17 9
v 15747 32 19
v 15751 41 20
v 15752 21 11
v 15753 13 9
v 15754 7 4
v 15761 24 10
v 15771 15 9
v 15935 109 67
v 15936 166 102
v 15937 48 33
v 15938 20 12
v 15939 206 110
v 15940 119 74
v 15941 322 183
v 15942 190 102
v 15943 621 315
v 15944 132 88
v 15945 46 25
v 15946 711 414
v 15947 202 116
v 15948 586 304
v 15949 58 32
v 15950 163 93
v 15951 71 41
v 15952 116 64
v 15953 96 55
v 15954 55 19
v 15955 62 32
v 15956 285 158
v 15957 375 219
v 15958 951 530
v 15959 447 235
v 15960 290 152
v 15961 37 20
v 15962 173 95
v 15963 169 98
v 15964 94 44
v 15965 677 359
v 15966 41 22
v 15967 57 32
v 15968 172 101
v 15969 372 200
v 15970 237 143
v 15971 55 36
v 15972 311 150
v 15973 306 174
v 15974 89 45
v 15975 49 29
v 15976 386 200
v 15977 415 236
v 15978 463 239
v 15979 265 156
v 15980 168 97
v 15981 258 148
v 15982 295 153
v 15983 190 99
v 15984 443 229
v 15985 147 79
v 15986 163 106
v 15991 371 190
v 15992 195 109
v 15993 300 174
v 15995 497 285
v 15998 219 134
v 16000 414 215
v 16001 170 99
v 16003 266 159
v 16007 430 232
v 16008 154 85
v 16009 137 89
v 16010 103 68
v 16017 173 101
v 16027 141 76
v 16192 45 24
v 16193 9 3
v 16194 7 3
v 16195 85 44
v 16196 52 28
v 16197 96 43
v 16198 58 31
v 16199 172 79
v 16200 30 16
v 16201 24 13
v 16202 204 84
v 16203 70 31
v 16204 160 70
v 16205 13 8
v 16206 59 27
v 16207 36 21
v 16208 38 16
v 16209 32 19
v 16210 16 9
v 16211 15 8
v 16212 85 49
v 16213 124 64
v 16214 215 105
v 16215 121 69
v 16216 75 30
v 16217 9 3
v 16218 51 26
v 16219 42 18
v 16220 16 8
v 16221 145 74
v 16222 13 7
v 16223 10 6
v 16224 47 28
v 16225 109 53
v 16226 60 27
v 16227 16 11
v 16228 94 41
v 16229 79 47
v 16230 21 4
v 16231 15 9
v 16232 82 32
v 16233 120 57
v 16234 108 47
v 16235 63 32
v 16236 49 24
v 16237 59 29
v 16238 88 38
v 16239 60 34
v 16240 102 57
v 16241 39 23
v 16242 39 20
v 16247 92 43
v 16248 53 30
v 16249 91 39
v 16251 149 68
v 16254 70 39
v 16256 130 56
v 16257 48 18
v 16259 82 38
v 16263 120 55
v 16264 49 25
v 16265 36 20
v 16266 28 14
v 16273 37 18
v 16283 22 10
v 16449 18 6
v 16450 5 3
v 16451 72 38
v 16452 47 23
v 16453 85 47
v 16454 72 32
v 16455 200 86
v 16456 39 14
v 16457 17 8
v 16458 243 114
v 16459 75 37
v 16460 186 76
v 16461 20 12
v 16462 56 22
v 16463 35 19
v 16464 52 26
v 16465 25 11
v 16466 13 6
v 16467 26 15
v 16468 106 51
v 16469 136 66
v 16470 308 139
v 16471 156 86
v 16472 110 42
v 16473 12 3
v 16474 78 41
v 16475 61 27
v 16476 34 19
v 16477 197 78
v 16478 24 14
v 16479 18 9
v 16480 59 33
v 16481 148 62
v 16482 83 42
v 16483 29 13
v 16484 122 57
v 16485 131 64
v 16486 17 7
v 16487 17 4
v 16488 143 68
v 16489 139 63
v 16490 169 63
v 16491 92 40
v 16492 85 45
v 16493 80 41
v 16494 87 43
v 16495 68 32
v 16496 160 71
v 16497 47 22
v 16498 60 29
v 16503 115 53
v 16504 74 44
v 16505 116 40
v 16507 189 90
v 16510 72 37
v 16512 172 74
v 16513 70 38
v 16515 115 49
v 16519 180 84
v 16520 44 23
v 16521 40 13
v 16522 36 16
v 16529 52 27
v 16539 51 16
v 16706 1 0
v 16707 23 13
v 16708 12 4
v 16709 27 9
v 16710 17 10
v 16711 56 20
v 16712 8 6
v 16713 6 4
v 16714 70 22
v 16715 15 7
v 16716 42 18
v 16717 5 0
v 16718 20 8
v 16719 7 3
v 16720 15 10
v 16721 4 1
v 16722 7 4
v 16723 9 3
v 16724 25 9
v 16725 36 16
v 16726 84 41
v 16727 45 18
v 16728 18 7
v 16729 3 1
v 16730 12 7
v 16731 26 11
v 16732 7 2
v 16733 55 27
v 16734 5 1
v 16735 5 2
v 16736 12 6
v 16737 36 12
v 16738 17 10
v 16739 4 2
v 16740 39 17
v 16741 23 11
v 16742 12 7
v 16743 5 5
v 16744 22 9
v 16745 47 17
v 16746 38 17
v 16747 25 11
v 16748 7 5
v 16749 23 9
v 16750 25 6
v 16751 15 7
v 16752 51 20
v 16753 15 4
v 16754 5 4
v 16759 26 10
v 16760 23 8
v 16761 30 16
v 16763 43 22
v 16766 19 8
v 16768 38 21
v 16769 16 8
v 16771 28 15
v 16775 46 21
v 16776 20 6
v 16777 13 7
v 16778 7 2
v 16785 12 8
v 16795 8 4
v 16963 5 0
v 16964 6 5
v 16965 18 11
v 16966 13 7
v 16967 28 10
v 16968 3 0
v 16969 5 4
v 16970 27 15
v 16971 6 4
v 16972 17 7
v 16973 4 0
v 16974 9 3
v 16975 3 1
v 16976 10 7
v 16977 7 4
v 16978 4 3
v 16979 2 1
v 16980 14 12
v 16981 14 7
v 16982 33 15
v 16983 25 13
v 16984 12 4
v 16985 2 0
v 16986 7 1
v 16987 10 3
v 16988 2 0
v 16989 19 6
v 16990 1 1
v 16991 1 0
v 16992 4 4
v 16993 14 8
v 16994 12 7
v 16995 4 1
v 16996 19 8
v 16997 13 6
v 16998 2 0
v 16999 2 1
v 17000 11 7
v 17001 23 9
v 17002 21 10
v 17003 13 4
v 17004 12 6
v 17005 13 6
v 17006 14 7
v 17007 7 4
v 17008 25 10
v 17009 9 6
v 17010 10 5
v 17015 9 2
v 17016 10 6
v 17017 18 9
v 17019 27 14
v 17022 13 3
v 17024 16 9
v 17025 8 4
v 17027 9 4
v 17031 25 10
v 17032 3 0
v 17033 4 1
v 17034 5 2
v 17041 4 3
v 17051 5 3
v 17220 112 72
v 17221 207 100
v 17222 133 76
v 17223 350 178
v 17224 57 37
v 17225 31 17
v 17226 350 184
v 17227 149 78
v 17228 331 153
v 17229 28 7
v 17230 92 48
v 17231 45 26
v 17232 67 36
v 17233 54 25
v 17234 35 9
v 17235 39 23
v 17236 149 88
v 17237 161 91
v 17238 556 303
v 17239 249 123
v 17240 141 60
v 17241 8 1
v 17242 93 39
v 17243 80 36
v 17244 32 14
v 17245 330 168
v 17246 27 14
v 17247 19 9
v 17248 97 52
v 17249 251 130
v 17250 126 69
v 17251 53 28
v 17252 156 80
v 17253 195 101
v 17254 35 17
v 17255 9 4
v 17256 204 104
v 17257 213 115
v 17258 257 132
v 17259 144 69
v 17260 100 62
v 17261 125 73
v 17262 111 48
v 17263 98 43
v 17264 309 156
v 17265 83 44
v 17266 104 56
v 17271 194 97
v 17272 121 70
v 17273 183 109
v 17275 251 126
v 17278 133 84
v 17280 245 135
v 17281 119 69
v 17283 146 60
v 17287 244 106
v 17288 77 36
v 17289 91 43
v 17290 61 36
v 17297 99 53
v 17307 36 14
v 17477 106 50
v 17478 79 42
v 17479 175 77
v 17480 43 22
v 17481 13 5
v 17482 199 103
v 17483 68 38
v 17484 180 68
v 17485 34 17
v 17486 59 25
v 17487 29 16
v 17488 61 33
v 17489 22 12
v 17490 9 6
v 17491 10 5
v 17492 97 44
v 17493 127 77
v 17494 272 144
v 17495 134 69
v 17496 92 40
v 17497 11 7
v 17498 80 34
v 17499 68 43
v 17500 29 11
v 17501 94 52
v 17502 19 12
v 17503 8 5
v 17504 53 28
v 17505 143 79
v 17506 46 26
v 17507 17 12
v 17508 113 52
v 17509 94 54
v 17510 25 15
v 17511 7 3
v 17512 116 55
v 17513 139 75
v 17514 143 71
v 17515 80 37
v 17516 58 34
v 17517 90 48
v 17518 82 46
v 17519 71 28
v 17520 125 54
v 17521 56 26
v 17522 44 28
v 17527 114 51
v 17528 70 29
v 17529 93 42
v 17531 159 83
v 17534 74 42
v 17536 113 57
v 17537 61 30
v 17539 90 53
v 17543 97 48
v 17544 34 17
v 17545 46 33
v 17546 25 14
v 17553 47 25
v 17563 30 14
v 17734 145 75
v 17735 447 218
v 17736 75 33
v 17737 39 21
v 17738 483 226
v 17739 149 75
v 17740 430 197
v 17741 53 20
v 17742 159 71
v 17743 60 39
v 17744 123 63
v 17745 65 27
v 17746 40 17
v 17747 40 17
v 17748 207 104
v 17749 264 131
v 17750 529 248
v 17751 273 138
v 17752 224 105
v 17753 24 15
v 17754 139 74
v 17755 176 85
v 17756 73 32
v 17757 335 164
v 17758 79 34
v 17759 28 17
v 17760 168 92
v 17761 261 135
v 17762 177 106
v 17763 40 25
v 17764 199 102
v 17765 200 101
v 17766 64 33
v 17767 36 23
v 17768 252 125
v 17769 292 159
v 17770 298 146
v 17771 218 119
v 17772 143 84
v 17773 154 87
v 17774 191 95
v 17775 97 45
v 17776 299 134
v 17777 106 48
v 17778 106 63
v 17783 268 133
v 17784 174 95
v 17785 204 100
v 17787 362 188
v 17790 192 91
v 17792 275 155
v 17793 139 78
v 17795 181 83
v 17799 343 164
v 17800 95 50
v 17801 94 43
v 17802 53 28
v 17809 117 64
v 17819 101 48
v 17991 286 134
v 17992 45 19
v 17993 29 17
v 17994 364 181
v 17995 101 46
v 17996 271 124
v 17997 31 14
v 17998 71 30
v 17999 41 24
v 18000 65 35
v 18001 43 15
v 18002 35 16
v 18003 33 18
v 18004 155 75
v 18005 187 106
v 18006 456 230
v 18007 179 88
v 18008 165 74
v 18009 17 6
v 18010 80 47
v 18011 77 50
v 18012 33 11
v 18013 242 121
v 18014 19 11
v 18015 38 13
v 18016 84 43
v 18017 267 128
v 18018 149 75
v 18019 37 15
v 18020 165 84
v 18021 128 64
v 18022 27 15
v 18023 25 15
v 18024 171 87
v 18025 162 89
v 18026 219 110
v 18027 123 65
v 18028 92 58
v 18029 108 52
v 18030 190 100
v 18031 72 28
v 18032 158 66
v 18033 61 24
v 18034 68 40
v 18039 143 64
v 18040 89 41
v 18041 156 73
v 18043 214 111
v 18046 135 73
v 18048 201 104
v 18049 88 43
v 18051 139 76
v 18055 229 111
v 18056 71 42
v 18057 66 40
v 18058 42 22
v 18065 93 48
v 18075 53 30
v 18248 158 83
v 18249 58 38
v 18250 913 453
v 18251 308 173
v 18252 781 368
v 18253 66 35
v 18254 223 123
v 18255 128 81
v 18256 181 97
v 18257 104 56
v 18258 92 37
v 18259 75 42
v 18260 391 234
v 18261 492 262
v 18262 1258 673
v 18263 517 273
v 18264 443 214
v 18265 49 22
v 18266 220 115
v 18267 215 119
v 18268 115 55
v 18269 625 300
v 18270 72 42
v 18271 100 55
v 18272 231 128
v 18273 584 324
v 18274 397 223
v 18275 97 54
v 18276 408 200
v 18277 427 222
v 18278 93 50
v 18279 52 31
v 18280 375 194
v 18281 551 283
v 18282 649 322
v 18283 347 181
v 18284 388 201
v 18285 286 155
v 18286 353 164
v 18287 221 105
v 18288 477 224
v 18289 163 84
v 18290 236 135
v 18295 493 238
v 18296 257 149
v 18297 390 209
v 18299 672 408
v 18302 369 206
v 18304 535 285
v 18305 298 170
v 18307 375 191
v 18311 628 297
v 18312 179 103
v 18313 148 78
v 18314 120 69
v 18321 229 138
v 18331 154 72
v 18505 9 4
v 18506 191 90
v 18507 53 20
v 18508 129 45
v 18509 13 6
v 18510 44 20
v 18511 13 4
v 18512 38 14
v 18513 22 12
v 18514 15 5
v 18515 9 1
v 18516 76 40
v 18517 101 45
v 18518 217 106
v 18519 87 39
v 18520 68 29
v 18521 6 6
v 18522 40 17
v 18523 48 27
v 18524 23 9
v 18525 126 58
v 18526 8 5
v 18527 12 6
v 18528 40 16
v 18529 98 51
v 18530 54 28
v 18531 18 10
v 18532 79 39
v 18533 80 41
v 18534 15 7
v 18535 8 2
v 18536 66 31
v 18537 105 51
v 18538 106 54
v 18539 57 26
v 18540 40 22
v 18541 67 32
v 18542 60 22
v 18543 47 17
v 18544 93 40
v 18545 32 14
v 18546 50 19
v 18551 77 43
v 18552 56 25
v 18553 78 36
v 18555 115 57
v 18558 61 27
v 18560 90 48
v 18561 55 33
v 18563 70 30
v 18567 106 54
v 18568 30 14
v 18569 27 11
v 18570 14 4
v 18577 44 30
v 18587 18 9
v 18762 83 40
v 18763 33 17
v 18764 66 24
v 18765 7 3
v 18766 18 10
v 18767 10 8
v 18768 15 5
v 18769 17 6
v 18770 11 4
v 18771 6 1
v 18772 33 16
v 18773 55 20
v 18774 113 55
v 18775 47 23
v 18776 39 19
v 18777 5 2
v 18778 30 15
v 18779 20 7
v 18780 13 1
v 18781 66 27
v 18782 8 4
v 18783 6 4
v 18784 20 10
v 18785 47 20
v 18786 43 26
v 18787 6 6
v 18788 40 22
v 18789 56 29
v 18790 3 3
v 18791 4 2
v 18792 41 23
v 18793 53 25
v 18794 59 28
v 18795 34 9
v 18796 27 15
v 18797 26 13
v 18798 32 10
v 18799 24 11
v 18800 56 18
v 18801 16 7
v 18802 18 7
v 18807 52 21
v 18808 31 11
v 18809 40 14
v 18811 67 29
v 18814 31 19
v 18816 56 29
v 18817 20 11
v 18819 38 17
v 18823 54 27
v 18824 23 9
v 18825 12 6
v 18826 9 6
v 18833 19 6
v 18843 12 4
v 19019 336 171
v 19020 963 461
v 19021 110 47
v 19022 257 131
v 19023 127 66
v 19024 210 109
v 19025 106 54
v 19026 77 34
v 19027 96 49
v 19028 441 236
v 19029 596 312
v 19030 1540 790
v 19031 687 366
v 19032 452 215
v 19033 44 24
v 19034 342 171
v 19035 272 149
v 19036 145 71
v 19037 690 360
v 19038 60 30
v 19039 84 42
v 19040 269 143
v 19041 709 370
v 19042 341 195
v 19043 109 69
v 19044 557 273
v 19045 424 224
v 19046 118 55
v 19047 77 31
v 19048 513 264
v 19049 623 340
v 19050 687 375
v 19051 418 202
v 19052 306 172
v 19053 322 177
v 19054 411 207
v 19055 241 121
v 19056 637 289
v 19057 232 109
v 19058 259 156
v 19063 524 274
v 19064 460 225
v 19065 528 259
v 19067 732 378
v 19070 531 254
v 19072 716 388
v 19073 315 174
v 19075 430 234
v 19079 765 377
v 19080 231 129
v 19081 184 87
v 19082 142 83
v 19089 303 174
v 19099 152 76
v 19276 299 155
v 19277 48 24
v 19278 92 46
v 19279 46 24
v 19280 70 30
v 19281 46 18
v 19282 31 14
v 19283 22 7
v 19284 153 90
v 19285 183 93
v 19286 483 228
v 19287 247 120
v 19288 145 60
v 19289 13 6
v 19290 93 44
v 19291 65 36
v 19292 42 23
v 19293 266 119
v 19294 21 13
v 19295 32 14
v 19296 109 52
v 19297 205 93
v 19298 95 52
v 19299 42 23
v 19300 143 73
v 19301 187 92
v 19302 49 23
v 19303 17 9
v 19304 211 90
v 19305 199 101
v 19306 191 99
v 19307 136 74
v 19308 106 56
v 19309 134 67
v 19310 139 74
v 19311 97 47
v 19312 180 89
v 19313 70 32
v 19314 104 56
v 19319 172 68
v 19320 107 53
v 19321 146 76
v 19323 228 114
v 19326 124 53
v 19328 222 112
v 19329 105 54
v 19331 123 58
v 19335 186 99
v 19336 68 27
v 19337 54 22
v 19338 42 17
v 19345 67 36
v 19355 51 24
v 19533 98 39
v 19534 202 104
v 19535 118 67
v 19536 155 89
v 19537 91 36
v 19538 66 27
v 19539 69 45
v 19540 357 201
v 19541 494 266
v 19542 860 421
v 19543 510 266
v 19544 446 185
v 19545 33 11
v 19546 256 146
v 19547 240 129
v 19548 95 51
v 19549 594 316
v 19550 47 30
v 19551 68 36
v 19552 237 135
v 19553 484 282
v 19554 323 197
v 19555 81 43
v 19556 371 201
v 19557 432 224
v 19558 88 49
v 19559 63 32
v 19560 514 279
v 19561 507 283
v 19562 530 302
v 19563 331 179
v 19564 244 147
v 19565 270 164
v 19566 303 154
v 19567 218 130
v 19568 540 281
v 19569 182 84
v 19570 184 113
v 19575 487 245
v 19576 277 128
v 19577 430 218
v 19579 609 359
v 19582 261 133
v 19584 569 318
v 19585 225 127
v 19587 366 184
v 19591 539 274
v 19592 182 87
v 19593 178 94
v 19594 105 66
v 19601 267 151
v 19611 144 79
v 19790 24 17
v 19791 20 13
v 19792 22 13
v 19793 10 5
v 19794 8 1
v 19795 8 6
v 19796 49 26
v 19797 54 26
v 19798 173 92
v 19799 85 47
v 19800 38 27
v 19801 14 4
v 19802 28 16
v 19803 26 14
v 19804 5 3
v 19805 61 29
v 19806 3 2
v 19807 9 5
v 19808 26 15
v 19809 73 30
v 19810 45 28
v 19811 8 7
v 19812 36 16
v 19813 65 40
v 19814 13 6
v 19815 5 2
v 19816 67 36
v 19817 66 39
v 19818 67 42
v 19819 47 22
v 19820 24 15
v 19821 47 21
v 19822 38 16
v 19823 54 23
v 19824 38 19
v 19825 29 18
v 19826 24 19
v 19831 42 18
v 19832 44 19
v 19833 64 27
v 19835 73 37
v 19838 34 17
v 19840 57 34
v 19841 30 16
v 19843 42 27
v 19847 68 36
v 19848 23 11
v 19849 22 8
v 19850 12 8
v 19857 31 19
v 19867 15 9
v 20047 25 12
v 20048 56 29
v 20049 24 12
v 20050 29 10
v 20051 23 7
v 20052 95 49
v 20053 155 82
v 20054 339 183
v 20055 164 84
v 20056 113 48
v 20057 10 3
v 20058 92 54
v 20059 71 36
v 20060 35 17
v 20061 213 96
v 20062 14 9
v 20063 13 6
v 20064 71 36
v 20065 154 79
v 20066 111 55
v 20067 30 17
v 20068 108 50
v 20069 121 62
v 20070 34 20
v 20071 15 8
v 20072 134 70
v 20073 187 88
v 20074 173 82
v 20075 116 58
v 20076 80 45
v 20077 74 44
v 20078 106 45
v 20079 53 26
v 20080 174 93
v 20081 55 29
v 20082 64 35
v 20087 139 76
v 20088 90 53
v 20089 126 55
v 20091 198 99
v 20094 94 41
v 20096 168 94
v 20097 83 49
v 20099 108 61
v 20103 177 90
v 20104 55 24
v 20105 47 21
v 20106 41 20
v 20113 70 38
v 20123 48 27
v 20304 29 14
v 20305 12 5
v 20306 12 5
v 20307 8 3
v 20308 55 31
v 20309 73 28
v 20310 163 76
v 20311 91 36
v 20312 47 17
v 20313 4 1
v 20314 35 14
v 20315 36 10
v 20316 15 5
v 20317 103 44
v 20318 5 4
v 20319 12 4
v 20320 40 17
v 20321 92 38
v 20322 34 17
v 20323 13 5
v 20324 64 25
v 20325 72 34
v 20326 14 8
v 20327 4 1
v 20328 44 24
v 20329 74 34
v 20330 74 28
v 20331 52 27
v 20332 49 23
v 20333 39 14
v 20334 61 21
v 20335 28 14
v 20336 89 43
v 20337 24 8
v 20338 20 6
v 20343 59 34
v 20344 49 23
v 20345 59 27
v 20347 97 58
v 20350 67 29
v 20352 89 41
v 20353 25 14
v 20355 50 21
v 20359 103 38
v 20360 27 10
v 20361 19 6
v 20362 16 4
v 20369 33 18
v 20379 17 7
v 20561 27 13
v 20562 25 10
v 20563 14 7
v 20564 91 53
v 20565 120 60
v 20566 274 106
v 20567 140 80
v 20568 78 38
v 20569 11 7
v 20570 57 28
v 20571 48 22
v 20572 23 5
v 20573 174 88
v 20574 13 11
v 20575 14 4
v 20576 54 29
v 20577 128 53
v 20578 69 40
v 20579 26 15
v 20580 101 39
v 20581 86 42
v 20582 30 8
v 20583 20 10
v 20584 86 44
v 20585 123 62
v 20586 139 70
v 20587 83 39
v 20588 64 36
v 20589 77 36
v 20590 84 44
v 20591 49 23
v 20592 133 68
v 20593 49 19
v 20594 70 43
v 20599 111 54
v 20600 69 31
v 20601 116 53
v 20603 137 69
v 20606 59 32
v 20608 134 76
v 20609 49 21
v 20611 105 47
v 20615 116 48
v 20616 47 22
v 20617 33 13
v 20618 33 14
v 20625 78 44
v 20635 34 17
v 20818 5 1
v 20819 10 4
v 20820 51 26
v 20821 83 50
v 20822 173 91
v 20823 83 44
v 20824 77 47
v 20825 11 5
v 20826 33 17
v 20827 24 14
v 20828 11 5
v 20829 85 38
v 20830 9 3
v 20831 13 8
v 20832 33 18
v 20833 78 49
v 20834 55 33
v 20835 14 7
v 20836 65 35
v 20837 67 30
v 20838 9 4
v 20839 5 1
v 20840 61 24
v 20841 56 28
v 20842 65 32
v 20843 54 22
v 20844 35 17
v 20845 46 29
v 20846 31 13
v 20847 33 19
v 20848 61 31
v 20849 28 16
v 20850 40 21
v 20855 53 28
v 20856 34 20
v 20857 58 32
v 20859 90 48
v 20862 46 23
v 20864 87 51
v 20865 32 21
v 20867 53 33
v 20871 76 36
v 20872 24 14
v 20873 25 11
v 20874 14 10
v 20881 26 17
v 20891 23 11
v 21075 6 5
v 21076 27 13
v 21077 50 26
v 21078 112 55
v 21079 57 34
v 21080 49 31
v 21081 8 4
v 21082 29 16
v 21083 21 12
v 21084 21 11
v 21085 52 30
v 21086 7 4
v 21087 7 2
v 21088 20 9
v 21089 48 25
v 21090 26 19
v 21091 8 6
v 21092 54 19
v 21093 36 26
v 21094 9 7
v 21096 29 14
v 21097 41 16
v 21098 57 32
v 21099 42 29
v 21100 17 9
v 21101 28 14
v 21102 44 22
v 21103 26 14
v 21104 30 17
v 21105 23 15
v 21106 23 10
v 21111 43 21
v 21112 26 16
v 21113 35 23
v 21115 55 39
v 21118 27 15
v 21120 45 25
v 21121 22 12
v 21123 29 17
v 21127 54 21
v 21128 20 13
v 21129 17 12
v 21130 7 4
v 21137 21 14
v 21147 18 11
v 21332 46 24
v 21333 47 20
v 21334 132 57
v 21335 44 23
v 21336 35 19
v 21337 6 4
v 21338 18 6
v 21339 25 11
v 21340 9 6
v 21341 73 33
v 21342 5 4
v 21343 17 8
v 21344 26 13
v 21345 66 26
v 21346 70 37
v 21347 9 3
v 21348 33 18
v 21349 38 16
v 21350 4 2
v 21351 9 2
v 21352 45 28
v 21353 56 22
v 21354 69 24
v 21355 30 17
v 21356 23 13
v 21357 44 24
v 21358 43 21
v 21359 29 13
v 21360 57 18
v 21361 21 14
v 21362 18 7
v 21367 31 12
v 21368 25 15
v 21369 42 19
v 21371 69 40
v 21374 30 19
v 21376 59 28
v 21377 26 9
v 21379 46 22
v 21383 64 29
v 21384 19 9
v 21385 10 3
v 21386 10 3
v 21393 23 11
v 21403 9 4
v 21589 268 142
v 21590 624 302
v 21591 271 124
v 21592 197 88
v 21593 18 8
v 21594 132 61
v 21595 99 50
v 21596 59 25
v 21597 337 140
v 21598 23 13
v 21599 42 24
v 21600 122 55
v 21601 248 116
v 21602 173 88
v 21603 47 28
v 21604 206 102
v 21605 223 98
v 21606 71 29
v 21607 26 10
v 21608 273 132
v 21609 292 154
v 21610 235 113
v 21611 173 79
v 21612 124 62
v 21613 151 72
v 21614 170 75
v 21615 105 58
v 21616 255 109
v 21617 87 35
v 21618 108 57
v 21623 220 105
v 21624 124 61
v 21625 202 98
v 21627 327 162
v 21630 151 80
v 21632 307 172
v 21633 135 73
v 21635 189 87
v 21639 320 166
v 21640 103 54
v 21641 87 39
v 21642 39 19
v 21649 115 62
v 21659 53 22
v 21846 784 363
v 21847 371 171
v 21848 248 96
v 21849 23 15
v 21850 178 89
v 21851 148 77
v 21852 66 40
v 21853 407 195
v 21854 60 26
v 21855 51 25
v 21856 143 68
v 21857 353 160
v 21858 321 165
v 21859 62 36
v 21860 274 130
v 21861 300 145
v 21862 62 38
v 21863 30 11
v 21864 264 129
v 21865 366 186
v 21866 348 171
v 21867 224 101
v 21868 163 82
v 21869 210 108
v 21870 247 115
v 21871 166 89
v 21872 329 145
v 21873 127 59
v 21874 191 90
v 21879 293 125
v 21880 178 90
v 21881 264 130
v 21883 417 210
v 21886 184 89
v 21888 582 292
v 21889 150 76
v 21891 263 124
v 21895 431 181
v 21896 149 71
v 21897 91 40
v 21898 84 44
v 21905 156 85
v 21915 82 39
v 22103 844 420
v 22104 641 311
v 22105 68 33
v 22106 422 194
v 22107 331 167
v 22108 164 61
v 22109 964 458
v 22110 107 58
v 22111 106 54
v 22112 378 203
v 22113 712 405
v 22114 409 243
v 22115 167 93
v 22116 647 331
v 22117 672 336
v 22118 152 81
v 22119 94 43
v 22120 736 347
v 22121 914 467
v 22122 864 439
v 22123 549 267
v 22124 262 172
v 22125 470 220
v 22126 562 257
v 22127 331 137
v 22128 828 398
v 22129 290 118
v 22130 371 208
v 22135 729 357
v 22136 442 224
v 22137 628 300
v 22139 1029 527
v 22142 542 287
v 22144 919 480
v 22145 387 203
v 22147 588 291
v 22151 881 439
v 22152 313 173
v 22153 248 107
v 22154 169 84
v 22161 343 178
v 22171 199 104
v 22360 282 126
v 22361 36 21
v 22362 185 77
v 22363 152 84
v 22364 65 28
v 22365 352 203
v 22366 52 32
v 22367 43 21
v 22368 187 102
v 22369 358 191
v 22370 175 108
v 22371 76 36
v 22372 297 150
v 22373 291 149
v 22374 56 31
v 22375 43 20
v 22376 347 174
v 22377 403 204
v 22378 437 230
v 22379 242 120
v 22380 158 87
v 22381 194 100
v 22382 228 101
v 22383 160 76
v 22384 386 191
v 22385 136 66
v 22386 171 97
v 22391 346 175
v 22392 231 123
v 22393 264 141
v 22395 450 243
v 22398 250 130
v 22400 384 206
v 22401 191 114
v 22403 281 138
v 22407 354 164
v 22408 121 68
v 22409 98 48
v 22410 58 30
v 22417 156 86
v 22427 113 56
v 22617 26 9
v 22618 154 84
v 22619 95 49
v 22620 53 23
v 22621 332 185
v 22622 18 14
v 22623 51 27
v 22624 127 68
v 22625 261 143
v 22626 143 92
v 22627 61 32
v 22628 220 110
v 22629 248 127
v 22630 41 17
v 22631 20 10
v 22632 271 150
v 22633 314 175
v 22634 303 142
v 22635 178 100
v 22636 126 63
v 22637 138 74
v 22638 162 79
v 22639 115 67
v 22640 247 137
v 22641 88 48
v 22642 130 77
v 22647 267 140
v 22648 205 123
v 22649 204 102
v 22651 332 183
v 22654 178 99
v 22656 263 151
v 22657 121 70
v 22659 183 103
v 22663 246 130
v 22664 102 56
v 22665 76 47
v 22666 59 33
v 22673 133 73
v 22683 57 22
v 22874 12 8
v 22875 11 3
v 22876 9 2
v 22877 40 27
v 22878 5 2
v 22879 3 1
v 22880 9 4
v 22881 33 21
v 22882 13 6
v 22883 8 2
v 22884 19 10
v 22885 17 12
v 22886 2 0
v 22887 1 1
v 22888 15 5
v 22889 37 19
v 22890 35 19
v 22891 29 16
v 22892 10 8
v 22893 24 15
v 22894 16 8
v 22895 14 4
v 22896 33 15
v 22897 15 5
v 22898 17 10
v 22903 29 14
v 22904 16 6
v 22905 24 12
v 22907 33 19
v 22910 18 9
v 22912 22 10
v 22913 9 3
v 22915 19 15
v 22919 19 6
v 22920 6 1
v 22921 7 3
v 22922 9 5
v 22929 7 2
v 22939 5 2
v 23131 100 52
v 23132 39 23
v 23133 227 118
v 23134 23 13
v 23135 19 9
v 23136 81 50
v 23137 175 79
v 23138 86 44
v 23139 48 27
v 23140 157 77
v 23141 139 63
v 23142 32 13
v 23143 24 11
v 23144 153 76
v 23145 223 103
v 23146 211 110
v 23147 131 71
v 23148 76 47
v 23149 91 49
v 23150 117 58
v 23151 75 45
v 23152 223 109
v 23153 75 33
v 23154 71 35
v 23159 156 82
v 23160 101 60
v 23161 134 65
v 23163 257 141
v 23166 119 59
v 23168 182 93
v 23169 78 38
v 23171 138 70
v 23175 213 112
v 23176 75 37
v 23177 57 30
v 23178 26 18
v 23185 96 54
v 23195 51 26
v 23388 43 19
v 23389 177 92
v 23390 23 14
v 23391 24 11
v 23392 44 21
v 23393 165 69
v 23394 108 59
v 23395 35 18
v 23396 132 72
v 23397 123 59
v 23398 29 14
v 23399 17 9
v 23400 98 52
v 23401 191 94
v 23402 194 89
v 23403 91 44
v 23404 85 43
v 23405 104 50
v 23406 93 48
v 23407 84 41
v 23408 212 110
v 23409 62 28
v 23410 62 30
v 23415 150 70
v 23416 63 32
v 23417 115 55
v 23419 201 105
v 23422 87 47
v 23424 143 69
v 23425 78 35
v 23427 120 62
v 23431 186 83
v 23432 50 19
v 23433 48 23
v 23434 29 17
v 23441 68 32
v 23451 37 18
v 23645 83 38
v 23646 12 6
v 23647 8 5
v 23648 34 22
v 23649 60 28
v 23650 41 29
v 23651 12 2
v 23652 70 43
v 23653 63 34
v 23654 12 7
v 23655 9 6
v 23656 49 29
v 23657 80 42
v 23658 85 46
v 23659 43 27
v 23660 36 22
v 23661 43 20
v 23662 43 24
v 23663 32 15
v 23664 91 47
v 23665 27 13
v 23666 31 23
v 23671 64 31
v 23672 51 25
v 23673 70 43
v 23675 82 49
v 23678 38 21
v 23680 78 44
v 23681 41 18
v 23683 66 26
v 23687 97 51
v 23688 15 6
v 23689 24 13
v 23690 14 9
v 23697 33 20
v 23707 20 13
v 23902 47 27
v 23903 60 34
v 23904 248 142
v 23905 477 244
v 23906 261 148
v 23907 118 79
v 23908 316 165
v 23909 317 156
v 23910 100 55
v 23911 42 20
v 23912 315 166
v 23913 329 158
v 23914 570 308
v 23915 307 149
v 23916 211 120
v 23917 245 146
v 23918 313 171
v 23919 199 91
v 23920 542 273
v 23921 143 67
v 23922 217 124
v 23927 372 206
v 23928 247 130
v 23929 295 132
v 23931 515 271
v 23934 289 161
v 23936 449 239
v 23937 205 104
v 23939 297 156
v 23943 448 218
v 23944 156 67
v 23945 147 68
v 23946 104 50
v 23953 199 112
v 23963 124 60
v 24159 3 2
v 24160 14 7
v 24161 43 21
v 24162 27 16
v 24163 5 1
v 24164 40 22
v 24165 42 21
v 24166 11 7
v 24167 4 2
v 24168 61 27
v 24169 53 23
v 24170 41 20
v 24171 30 17
v 24172 17 11
v 24173 18 5
v 24174 31 15
v 24175 17 7
v 24176 41 16
v 24177 17 6
v 24178 16 8
v 24183 49 23
v 24184 17 5
v 24185 29 11
v 24187 58 27
v 24190 21 7
v 24192 55 25
v 24193 14 5
v 24195 28 11
v 24199 41 18
v 24200 16 10
v 24201 20 9
v 24202 10 6
v 24209 19 12
v 24219 5 3
v 24416 23 11
v 24417 39 19
v 24418 35 17
v 24419 6 5
v 24420 41 22
v 24421 32 15
v 24422 13 7
v 24423 4 1
v 24424 42 24
v 24425 40 19
v 24426 48 27
v 24427 35 17
v 24428 19 10
v 24429 23 15
v 24430 35 18
v 24431 10 4
v 24432 25 11
v 24433 17 7
v 24434 28 13
v 24439 38 23
v 24440 26 11
v 24441 36 17
v 24443 52 23
v 24446 32 18
v 24448 53 25
v 24449 16 9
v 24451 32 15
v 24455 57 24
v 24456 30 17
v 24457 13 8
v 24458 10 2
v 24465 20 14
v 24475 12 7
v 24673 158 77
v 24674 101 54
v 24675 35 13
v 24676 155 80
v 24677 132 61
v 24678 31 11
v 24679 18 7
v 24680 123 57
v 24681 167 96
v 24682 177 84
v 24683 107 51
v 24684 95 52
v 24685 92 47
v 24686 132 59
v 24687 68 29
v 24688 136 54
v 24689 59 29
v 24690 71 35
v 24695 150 70
v 24696 84 42
v 24697 120 58
v 24699 198 108
v 24702 107 53
v 24704 179 89
v 24705 92 46
v 24707 100 51
v 24711 206 96
v 24712 52 27
v 24713 50 28
v 24714 32 21
v 24721 72 31
v 24731 43 19
v 24930 218 119
v 24931 65 36
v 24932 320 166
v 24933 279 139
v 24934 74 37
v 24935 38 21
v 24936 317 157
v 24937 403 226
v 24938 402 195
v 24939 234 131
v 24940 183 102
v 24941 220 114
v 24942 200 87
v 24943 170 83
v 24944 377 171
v 24945 144 79
v 24946 152 80
v 24951 303 141
v 24952 207 105
v 24953 313 143
v 24955 473 245
v 24958 212 97
v 24960 454 242
v 24961 221 108
v 24963 309 146
v 24967 439 202
v 24968 132 75
v 24969 102 45
v 24970 84 40
v 24977 152 80
v 24987 85 37
v 25187 54 28
v 25188 205 101
v 25189 132 56
v 25190 51 22
v 25191 25 15
v 25192 157 85
v 25193 200 103
v 25194 244 111
v 25195 168 72
v 25196 89 38
v 25197 107 59
v 25198 127 54
v 25199 93 35
v 25200 282 128
v 25201 75 26
v 25202 95 42
v 25207 160 69
v 25208 125 62
v 25209 111 56
v 25211 314 174
v 25214 140 75
v 25216 244 108
v 25217 108 51
v 25219 165 69
v 25223 251 117
v 25224 87 40
v 25225 85 34
v 25226 58 31
v 25233 86 47
v 25243 90 43
v 25444 57 29
v 25445 54 25
v 25446 15 8
v 25447 9 4
v 25448 63 26
v 25449 83 39
v 25450 77 35
v 25451 51 29
v 25452 35 15
v 25453 43 18
v 25454 48 23
v 25455 45 17
v 25456 62 26
v 25457 24 8
v 25458 28 14
v 25463 54 26
v 25464 39 24
v 25465 46 20
v 25467 47 21
v 25470 46 22
v 25472 74 40
v 25473 30 12
v 25475 56 28
v 25479 76 30
v 25480 48 21
v 25481 29 9
v 25482 19 10
v 25489 26 14
v 25499 15 5
v 25701 219 109
v 25702 39 20
v 25703 31 11
v 25704 156 85
v 25705 312 153
v 25706 340 179
v 25707 193 85
v 25708 151 73
v 25709 187 100
v 25710 210 99
v 25711 139 78
v 25712 330 158
v 25713 116 54
v 25714 133 58
v 25719 267 133
v 25720 159 76
v 25721 267 117
v 25723 399 203
v 25726 184 95
v 25728 337 170
v 25729 156 81
v 25731 226 113
v 25735 367 167
v 25736 102 51
v 25737 89 30
v 25738 66 32
v 25745 149 83
v 25755 91 37
v 25958 52 23
v 25959 25 10
v 25960 229 118
v 25961 244 122
v 25962 254 134
v 25963 186 91
v 25964 132 65
v 25965 143 77
v 25966 183 93
v 25967 134 65
v 25968 263 108
v 25969 110 55
v 25970 144 85
v 25975 242 111
v 25976 175 81
v 25977 208 116
v 25979 344 179
v 25982 154 72
v 25984 304 167
v 25985 123 57
v 25987 185 95
v 25991 333 153
v 25992 118 53
v 25993 102 52
v 25994 51 28
v 26001 121 65
v 26011 67 40
v 26215 4 1
v 26216 57 33
v 26217 62 32
v 26218 56 33
v 26219 38 19
v 26220 26 15
v 26221 41 24
v 26222 43 22
v 26223 20 10
v 26224 67 31
v 26225 25 9
v 26226 24 13
v 26231 59 28
v 26232 38 14
v 26233 53 19
v 26235 68 35
v 26238 30 12
v 26240 57 34
v 26241 23 16
v 26243 43 18
v 26247 67 24
v 26248 19 11
v 26249 22 10
v 26250 5 0
v 26257 19 12
v 26267 14 4
v 26472 27 15
v 26473 33 18
v 26474 47 20
v 26475 26 8
v 26476 16 11
v 26477 22 13
v 26478 33 15
v 26479 16 8
v 26480 47 26
v 26481 16 8
v 26482 15 8
v 26487 38 20
v 26488 23 10
v 26489 31 13
v 26491 43 18
v 26494 19 9
v 26496 35 11
v 26497 21 12
v 26499 32 19
v 26503 43 21
v 26504 18 10
v 26505 13 7
v 26506 11 7
v 26513 17 9
v 26523 17 12
v 26729 250 114
v 26730 260 150
v 26731 187 99
v 26732 153 89
v 26733 132 66
v 26734 271 140
v 26735 77 34
v 26736 147 66
v 26737 92 47
v 26738 151 83
v 26743 262 131
v 26744 151 79
v 26745 216 104
v 26747 340 186
v 26750 163 82
v 26752 308 150
v 26753 145 82
v 26755 124 57
v 26759 365 159
v 26760 112 53
v 26761 80 30
v 26762 49 22
v 26769 127 79
v 26779 66 31
v 26986 363 190
v 26987 247 121
v 26988 158 90
v 26989 228 129
v 26990 238 108
v 26991 175 73
v 26992 424 201
v 26993 138 57
v 26994 117 67
v 26999 332 170
v 27000 225 102
v 27001 306 132
v 27003 463 256
v 27006 225 119
v 27008 398 205
v 27009 164 79
v 27011 283 140
v 27015 436 217
v 27016 121 56
v 27017 155 72
v 27018 82 44
v 27025 174 93
v 27035 96 39
v 27243 306 163
v 27244 162 93
v 27245 234 119
v 27246 230 103
v 27247 124 42
v 27248 433 206
v 27249 111 54
v 27250 213 105
v 27255 350 164
v 27256 217 119
v 27257 270 119
v 27259 515 269
v 27262 268 153
v 27264 407 228
v 27265 181 98
v 27267 270 139
v 27271 422 202
v 27272 139 64
v 27273 128 64
v 27274 94 49
v 27281 161 91
v 27291 95 38
v 27500 120 60
v 27501 126 71
v 27502 176 81
v 27503 93 44
v 27504 247 111
v 27505 94 46
v 27506 101 54
v 27511 208 98
v 27512 142 86
v 27513 167 96
v 27515 337 181
v 27518 148 69
v 27520 268 120
v 27521 124 67
v 27523 172 81
v 27527 251 107
v 27528 85 38
v 27529 80 41
v 27530 50 28
v 27537 124 64
v 27547 69 39
v 27757 83 40
v 27758 113 51
v 27759 60 24
v 27760 147 54
v 27761 60 28
v 27762 87 51
v 27767 145 67
v 27768 102 51
v 27769 124 47
v 27771 208 92
v 27774 92 37
v 27776 186 91
v 27777 75 33
v 27779 105 40
v 27783 186 86
v 27784 55 29
v 27785 40 20
v 27786 35 20
v 27793 59 33
v 27803 52 13
v 28014 99 35
v 28015 108 54
v 28016 154 57
v 28017 76 30
v 28018 82 45
v 28023 181 99
v 28024 97 50
v 28025 129 64
v 28027 248 103
v 28030 119 58
v 28032 202 101
v 28033 91 52
v 28035 145 63
v 28039 259 106
v 28040 99 51
v 28041 52 20
v 28042 48 19
v 28049 95 49
v 28059 55 23
v 28271 108 53
v 28272 288 157
v 28273 97 35
v 28274 66 41
v 28279 211 102
v 28280 132 65
v 28281 167 87
v 28283 292 174
v 28286 128 64
v 28288 463 265
v 28289 87 46
v 28291 172 89
v 28295 285 134
v 28296 130 66
v 28297 75 37
v 28298 58 31
v 28305 136 79
v 28315 45 27
v 28528 170 87
v 28529 59 24
v 28530 69 39
v 28535 137 69
v 28536 112 63
v 28537 143 64
v 28539 210 121
v 28542 100 65
v 28544 143 78
v 28545 79 35
v 28547 112 63
v 28551 187 85
v 28552 68 36
v 28553 61 32
v 28554 20 12
v 28561 87 45
v 28571 37 19
v 28785 134 68
v 28786 134 72
v 28791 327 166
v 28792 137 87
v 28793 302 135
v 28795 463 258
v 28798 195 109
v 28800 382 206
v 28801 156 86
v 28803 309 171
v 28807 403 215
v 28808 131 78
v 28809 139 67
v 28810 140 85
v 28817 166 93
v 28827 107 53
v 29042 55 29
v 29047 104 59
v 29048 65 37
v 29049 120 69
v 29051 150 91
v 29054 72 37
v 29056 142 81
v 29057 66 40
v 29059 97 54
v 29063 135 71
v 29064 47 21
v 29065 44 23
v 29066 31 15
v 29073 83 40
v 29083 29 13
v 29303 129 51
v 29304 115 67
v 29305 120 51
v 29307 185 97
v 29310 99 49
v 29312 202 96
v 29313 80 32
v 29315 122 58
v 29319 162 82
v 29320 60 31
v 29321 54 23
v 29322 34 12
v 29329 75 32
v 29339 45 20
v 30584 222 126
v 30585 230 106
v 30587 450 245
v 30590 194 103
v 30592 355 196
v 30593 142 77
v 30595 213 101
v 30599 319 150
v 30600 96 56
v 30601 99 49
v 30602 71 46
v 30609 159 97
v 30619 84 44
v 30841 99 45
v 30843 229 116
v 30846 125 61
v 30848 215 107
v 30849 105 47
v 30851 134 65
v 30855 221 106
v 30856 59 27
v 30857 63 26
v 30858 40 26
v 30865 84 46
v 30875 61 37
v 31099 312 173
v 31102 165 87
v 31104 299 167
v 31105 121 70
v 31107 233 120
v 31111 303 158
v 31112 95 52
v 31113 71 38
v 31114 63 31
v 31121 133 63
v 31131 57 29
v 31614 278 132
v 31616 448 241
v 31617 233 114
v 31619 331 147
v 31623 504 231
v 31624 171 78
v 31625 163 81
v 31626 92 40
v 31633 230 111
v 31643 118 52
v 32384 236 132
v 32385 125 66
v 32387 147 71
v 32391 259 107
v 32392 69 39
v 32393 60 30
v 32394 53 29
v 32401 102 49
v 32411 53 24
v 32897 200 103
v 32899 280 135
v 32903 450 205
v 32904 156 71
v 32905 129 62
v 32906 79 37
v 32913 172 89
v 32923 85 42
v 33155 126 56
v 33159 198 95
v 33160 67 27
v 33161 47 22
v 33162 34 16
v 33169 81 45
v 33179 46 19
v 33671 286 146
v 33672 101 49
v 33673 85 35
v 33674 60 31
v 33681 143 85
v 33691 62 34
v 34696 157 95
v 34697 133 78
v 34698 65 33
v 34705 201 104
v 34715 92 48
v 34953 51 25
v 34954 27 14
v 34961 52 25
v 34971 36 20
v 35210 21 9
v 35217 63 37
v 35227 25 10
v 35473 37 19
v 35483 19 8
v 37275 40 24
s 258 357 175
s 259 142 70
s 260 9 4
s 261 262 128
s 262 4 3
s 263 318 153
s 264 18 11
s 265 403 221
s 266 5 4
s 267 99 41
s 268 16 8
s 269 92 44
s 270 667 341
s 271 95 40
s 272 67 27
s 273 159 72
s 274 22 9
s 275 82 37
s 276 116 56
s 277 337 155
s 278 241 132
s 279 112 62
s 281 370 161
s 282 457 211
s 283 188 95
s 284 92 44
s 285 113 55
s 286 260 135
s 287 315 182
s 288 58 28
s 289 149 73
s 290 124 66
s 291 160 64
s 292 243 116
s 293 95 44
s 294 61 24
s 295 199 96
s 296 79 37
s 297 12 5
s 298 109 65
s 299 71 39
s 300 18 9
s 301 94 45
s 302 24 14
s 303 121 52
s 304 20 8
s 305 458 255
s 306 108 68
s 307 89 43
s 308 73 40
s 309 114 52
s 310 15 10
s 311 227 110
s 312 33 19
s 313 64 38
s 314 88 42
s 315 95 46
s 316 303 155
s 317 26 14
s 318 324 185
s 319 68 31
s 320 107 48
s 321 33 18
s 322 14 5
s 323 12 5
s 324 111 52
s 325 211 105
s 326 20 9
s 327 445 245
s 328 56 32
s 329 16 9
s 330 515 269
s 331 144 75
s 332 395 228
s 333 60 33
s 334 134 80
s 335 63 30
s 336 25 14
s 337 35 18
s 338 30 13
s 339 41 17
s 340 232 106
s 341 270 142
s 342 606 307
s 343 320 174
s 344 204 115
s 345 4 2
s 346 160 87
s 347 89 54
s 348 64 46
s 349 71 38
s 350 5 1
s 351 6 4
s 352 110 59
s 353 274 137
s 354 139 66
s 355 50 20
s 356 223 122
s 357 204 96
s 358 68 42
s 359 26 11
s 360 232 127
s 361 324 164
s 362 290 149
s 363 180 95
s 364 112 46
s 365 13 3
s 366 178 93
s 367 118 63
s 368 305 180
s 369 95 54
s 370 53 27
s 375 271 139
s 376 165 76
s 377 251 137
s 379 348 175
s 382 163 85
s 384 316 144
s 385 118 51
s 387 216 107
s 391 353 196
s 392 100 48
s 393 96 53
s 394 17 12
s 401 54 28
s 411 96 53
s 515 170 74
s 516 41 28
s 517 422 205
s 518 159 73
s 519 395 185
s 520 636 323
s 521 735 354
s 522 175 77
s 523 308 124
s 524 566 290
s 525 164 79
s 526 752 362
s 527 75 40
s 528 28 9
s 529 237 119
s 530 500 278
s 531 178 82
s 532 212 87
s 533 628 302
s 534 438 234
s 535 63 30
s 537 584 270
s 538 730 336
s 539 315 152
s 540 45 23
s 541 16 7
s 542 463 217
s 543 423 219
s 544 126 64
s 545 54 29
s 546 194 98
s 547 316 153
s 548 323 146
s 549 129 56
s 550 16 10
s 551 306 141
s 552 144 70
s 553 205 97
s 554 112 60
s 555 89 48
s 556 230 116
s 557 143 77
s 558 173 78
s 559 131 61
s 560 572 267
s 561 299 148
s 562 214 126
s 563 165 83
s 564 108 62
s 565 327 151
s 566 605 311
s 567 29 14
s 568 163 79
s 569 68 39
s 570 124 51
s 571 96 42
s 572 38 18
s 573 37 20
s 574 406 228
s 575 128 62
s 576 192 83
s 577 28 10
s 578 19 9
s 579 283 131
s 580 139 71
s 581 40 17
s 582 195 88
s 583 500 258
s 584 106 50
s 585 46 19
s 586 830 421
s 587 265 127
s 588 598 298
s 589 18 16
s 590 27 15
s 591 89 45
s 592 140 74
s 593 46 16
s 594 55 30
s 595 57 24
s 596 243 122
s 597 284 133
s 598 914 460
s 599 464 233
s 600 273 155
s 601 37 16
s 602 202 100
s 603 169 73
s 604 58 32
s 605 481 252
s 606 65 27
s 607 58 24
s 608 10 9
s 609 195 104
s 610 54 19
s 611 9 4
s 612 318 151
s 613 426 199
s 614 76 41
s 615 32 13
s 616 24 12
s 617 407 212
s 618 451 227
s 619 249 127
s 620 7 2
s 621 251 130
s 622 261 143
s 623 199 111
s 624 411 207
s 625 142 73
s 626 178 78
s 631 340 160
s 632 155 61
s 633 321 159
s 635 565 268
s 638 243 120
s 640 435 214
s 641 20 7
s 643 324 164
s 647 68 37
s 648 104 59
s 649 42 26
s 650 96 41
s 657 203 90
s 667 54 32
s 772 17 11
s 773 46 21
s 774 41 18
s 775 165 97
s 776 192 108
s 777 191 87
s 778 50 20
s 779 103 41
s 780 178 91
s 781 59 37
s 782 238 105
s 783 58 26
s 784 27 16
s 785 66 36
s 786 199 106
s 787 79 33
s 788 59 27
s 789 175 84
s 790 73 40
s 791 43 26
s 793 146 61
s 794 102 49
s 795 28 16
s 796 52 30
s 797 61 31
s 798 44 25
s 799 69 35
s 800 33 20
s 801 65 38
s 802 56 29
s 803 74 38
s 804 144 65
s 805 17 10
s 806 28 13
s 807 79 31
s 808 19 8
s 809 41 22
s 810 63 30
s 811 33 13
s 812 59 25
s 813 19 9
s 814 32 12
s 815 45 17
s 816 190 91
s 817 220 105
s 818 23 14
s 819 22 9
s 820 18 9
s 821 82 35
s 822 208 107
s 823 99 43
s 824 31 18
s 825 18 11
s 826 28 15
s 827 43 21
s 828 150 72
s 829 10 5
s 830 114 64
s 831 32 12
s 832 22 11
s 833 13 5
s 834 6 3
s 835 59 35
s 836 21 9
s 837 107 60
s 838 65 36
s 839 131 72
s 840 29 12
s 841 14 5
s 842 216 104
s 843 32 12
s 844 174 94
s 845 28 13
s 846 58 30
s 847 14 5
s 848 45 22
s 849 20 10
s 850 22 12
s 851 9 6
s 852 60 25
s 853 66 29
s 854 211 100
s 855 54 30
s 856 71 42
s 857 9 6
s 858 59 25
s 859 38 19
s 860 25 19
s 861 165 88
s 862 15 7
s 863 18 8
s 864 68 36
s 865 121 66
s 866 112 51
s 867 36 15
s 868 59 24
s 869 70 32
s 870 15 10
s 871 10 4
s 872 80 40
s 873 79 37
s 874 136 58
s 875 80 38
s 876 67 32
s 877 87 41
s 878 76 46
s 879 20 10
s 880 48 25
s 881 65 33
s 882 45 19
s 887 73 46
s 888 66 36
s 889 50 26
s 891 85 50
s 894 83 46
s 896 100 49
s 897 60 33
s 899 49 25
s 903 148 87
s 904 28 14
s 905 41 27
s 906 33 15
s 913 60 36
s 923 22 11
s 1029 42 24
s 1030 3 2
s 1031 42 22
s 1032 18 7
s 1033 34 16
s 1034 3 2
s 1035 19 4
s 1036 19 10
s 1037 14 7
s 1038 81 42
s 1039 17 9
s 1040 9 5
s 1041 18 10
s 1042 15 8
s 1043 10 7
s 1044 9 4
s 1045 45 21
s 1046 38 16
s 1047 10 5
s 1049 45 25
s 1050 70 34
s 1051 37 20
s 1052 10 2
s 1053 14 7
s 1054 34 18
s 1055 42 26
s 1056 5 3
s 1057 19 11
s 1058 13 8
s 1059 20 9
s 1060 36 16
s 1061 14 4
s 1062 7 1
s 1063 17 8
s 1064 7 5
s 1065 3 1
s 1066 19 10
s 1067 13 4
s 1068 6 4
s 1069 9 4
s 1070 4 2
s 1071 10 9
s 1072 17 9
s 1073 46 27
s 1074 12 8
s 1075 17 12
s 1076 6 4
s 1077 19 8
s 1078 13 7
s 1079 28 12
s 1080 7 3
s 1081 10 7
s 1082 11 5
s 1083 11 7
s 1084 26 15
s 1085 1 1
s 1086 50 26
s 1087 11 7
s 1088 18 7
s 1089 1 1
s 1090 2 2
s 1091 8 4
s 1092 12 3
s 1093 22 8
s 1094 8 6
s 1095 42 29
s 1096 9 2
s 1097 4 1
s 1098 68 45
s 1099 26 12
s 1100 59 36
s 1101 9 5
s 1102 12 6
s 1103 11 5
s 1104 4 2
s 1105 6 4
s 1106 6 5
s 1107 5 1
s 1108 29 17
s 1109 34 13
s 1110 74 39
s 1111 28 18
s 1112 21 14
s 1113 2 2
s 1114 13 4
s 1115 14 4
s 1116 7 5
s 1117 23 10
s 1118 2 2
s 1119 2 1
s 1120 16 7
s 1121 43 15
s 1122 15 10
s 1123 5 1
s 1124 33 20
s 1125 31 18
s 1126 5 4
s 1127 1 0
s 1128 36 16
s 1129 33 15
s 1130 29 16
s 1131 13 9
s 1132 16 11
s 1133 7 3
s 1134 21 13
s 1135 25 14
s 1136 31 15
s 1137 20 10
s 1138 14 6
s 1143 26 12
s 1144 12 7
s 1145 30 15
s 1147 50 29
s 1150 12 5
s 1152 42 23
s 1153 14 10
s 1155 35 20
s 1159 41 26
s 1160 13 6
s 1161 15 6
s 1162 5 2
s 1169 5 1
s 1179 13 9
s 1286 116 49
s 1287 410 212
s 1288 658 346
s 1289 368 179
s 1290 143 72
s 1291 229 97
s 1292 392 202
s 1293 124 62
s 1294 612 299
s 1295 177 79
s 1296 52 15
s 1297 219 106
s 1298 443 227
s 1299 161 74
s 1300 141 70
s 1301 497 228
s 1302 231 110
s 1303 99 51
s 1305 414 198
s 1306 266 135
s 1307 91 42
s 1308 154 61
s 1309 165 79
s 1310 91 37
s 1311 87 45
s 1312 94 44
s 1313 118 69
s 1314 146 66
s 1315 214 108
s 1316 422 207
s 1317 36 25
s 1318 70 30
s 1319 234 121
s 1320 53 21
s 1321 165 77
s 1322 240 122
s 1323 116 59
s 1324 149 78
s 1325 60 30
s 1326 123 60
s 1327 149 75
s 1328 357 176
s 1329 525 253
s 1330 35 20
s 1331 70 38
s 1332 82 43
s 1333 249 124
s 1334 476 241
s 1335 330 175
s 1336 127 72
s 1337 38 16
s 1338 56 25
s 1339 126 62
s 1340 323 173
s 1341 30 14
s 1342 301 179
s 1343 81 48
s 1344 37 20
s 1345 28 11
s 1346 4 2
s 1347 226 109
s 1348 47 26
s 1349 288 145
s 1350 201 99
s 1351 419 227
s 1352 64 30
s 1353 41 21
s 1354 474 253
s 1355 97 48
s 1356 504 259
s 1357 55 25
s 1358 144 77
s 1359 30 18
s 1360 115 57
s 1361 75 39
s 1362 47 21
s 1363 16 8
s 1364 149 68
s 1365 200 109
s 1366 526 252
s 1367 88 43
s 1368 224 139
s 1369 24 9
s 1370 117 54
s 1371 70 34
s 1372 42 26
s 1373 463 231
s 1374 34 18
s 1375 43 17
s 1376 157 71
s 1377 320 148
s 1378 198 88
s 1379 71 35
s 1380 163 89
s 1381 190 113
s 1382 34 15
s 1383 16 9
s 1384 286 154
s 1385 200 87
s 1386 385 195
s 1387 182 100
s 1388 157 79
s 1389 163 79
s 1390 169 87
s 1391 39 13
s 1392 92 49
s 1393 103 51
s 1394 183 94
s 1399 171 86
s 1400 202 87
s 1401 103 56
s 1403 226 102
s 1406 221 117
s 1408 272 139
s 1409 163 79
s 1411 94 44
s 1415 409 225
s 1416 99 55
s 1417 115 59
s 1418 58 29
s 1425 140 70
s 1435 72 33
s 1543 170 80
s 1544 1 1
s 1545 164 73
s 1546 2 0
s 1547 44 13
s 1548 5 2
s 1549 43 14
s 1550 389 178
s 1551 42 18
s 1552 37 17
s 1553 58 26
s 1554 8 4
s 1555 53 25
s 1556 90 43
s 1557 156 64
s 1558 91 40
s 1559 49 23
s 1561 143 64
s 1562 204 88
s 1563 87 40
s 1564 59 28
s 1565 66 27
s 1566 103 41
s 1567 115 49
s 1568 31 16
s 1569 51 30
s 1570 52 23
s 1571 66 29
s 1572 119 56
s 1573 39 14
s 1574 32 13
s 1575 83 35
s 1576 36 10
s 1577 5 2
s 1578 59 23
s 1579 39 13
s 1581 33 16
s 1582 1 1
s 1583 47 21
s 1584 3 1
s 1585 194 78
s 1586 49 28
s 1587 56 22
s 1588 28 16
s 1589 48 22
s 1590 9 6
s 1591 96 48
s 1592 9 3
s 1593 25 13
s 1594 30 14
s 1595 33 21
s 1596 134 67
s 1597 5 1
s 1598 143 75
s 1599 29 13
s 1600 44 22
s 1601 8 3
s 1602 2 1
s 1603 2 1
s 1604 33 14
s 1605 103 49
s 1606 6 2
s 1607 203 103
s 1608 27 11
s 1609 9 2
s 1610 215 98
s 1611 77 37
s 1612 201 104
s 1613 17 3
s 1614 60 22
s 1615 20 8
s 1616 19 9
s 1617 18 9
s 1618 10 6
s 1619 46 18
s 1620 121 45
s 1621 180 86
s 1622 283 120
s 1623 107 50
s 1624 81 41
s 1626 54 26
s 1627 39 24
s 1628 27 12
s 1629 35 14
s 1631 2 0
s 1632 78 36
s 1633 122 61
s 1634 68 33
s 1635 30 14
s 1636 156 82
s 1637 90 40
s 1638 30 16
s 1639 17 9
s 1640 108 45
s 1641 111 42
s 1642 126 68
s 1643 81 38
s 1644 71 31
s 1645 1 1
s 1646 86 41
s 1647 38 19
s 1648 89 44
s 1649 38 20
s 1650 28 13
s 1655 101 48
s 1656 74 32
s 1657 71 37
s 1659 127 49
s 1662 79 32
s 1664 150 66
s 1665 60 31
s 1667 69 35
s 1671 164 78
s 1672 52 23
s 1673 36 14
s 1674 12 5
s 1681 11 5
s 1691 31 15
s 1800 629 340
s 1801 542 269
s 1802 183 94
s 1803 264 109
s 1804 602 310
s 1805 113 47
s 1806 770 393
s 1807 195 109
s 1808 67 33
s 1809 180 99
s 1810 486 245
s 1811 199 89
s 1812 250 134
s 1813 686 353
s 1814 339 174
s 1815 104 53
s 1817 418 202
s 1818 607 280
s 1819 285 163
s 1820 117 48
s 1821 125 56
s 1822 368 180
s 1823 378 191
s 1824 91 54
s 1825 208 128
s 1826 115 57
s 1827 243 129
s 1828 467 234
s 1829 132 54
s 1830 62 29
s 1831 213 98
s 1832 104 40
s 1833 193 97
s 1834 242 134
s 1835 145 70
s 1836 206 99
s 1837 121 55
s 1838 188 91
s 1839 168 89
s 1840 577 287
s 1841 472 253
s 1842 171 96
s 1843 112 49
s 1844 64 33
s 1845 312 143
s 1846 577 296
s 1847 334 173
s 1848 132 76
s 1849 61 33
s 1850 132 72
s 1851 129 63
s 1852 272 143
s 1853 47 28
s 1854 323 195
s 1855 127 68
s 1856 142 78
s 1857 42 20
s 1858 17 8
s 1859 289 158
s 1860 142 68
s 1861 239 129
s 1862 252 130
s 1863 389 231
s 1864 91 46
s 1865 51 24
s 1866 527 273
s 1867 212 96
s 1868 404 220
s 1869 50 28
s 1870 139 71
s 1871 88 40
s 1872 125 68
s 1873 98 52
s 1874 41 24
s 1875 47 24
s 1876 235 119
s 1877 349 171
s 1878 787 399
s 1879 418 209
s 1880 229 136
s 1881 40 23
s 1882 149 82
s 1883 146 78
s 1884 74 44
s 1885 482 260
s 1886 45 26
s 1887 55 21
s 1888 124 63
s 1889 327 180
s 1890 180 73
s 1891 62 38
s 1892 273 147
s 1893 279 149
s 1894 79 40
s 1895 31 14
s 1896 259 144
s 1897 356 167
s 1898 279 152
s 1899 184 86
s 1900 142 54
s 1901 255 120
s 1902 277 140
s 1903 195 102
s 1904 396 215
s 1905 119 67
s 1906 156 70
s 1911 287 136
s 1912 142 67
s 1913 265 133
s 1915 443 202
s 1918 184 93
s 1920 393 190
s 1921 165 80
s 1923 287 152
s 1927 357 187
s 1928 129 73
s 1929 82 35
s 1930 92 47
s 1937 180 86
s 1947 80 40
s 2057 703 373
s 2058 9 5
s 2059 175 79
s 2060 8 3
s 2061 214 122
s 2062 1179 628
s 2063 193 104
s 2064 101 55
s 2065 268 129
s 2066 16 7
s 2067 109 61
s 2068 200 113
s 2069 637 317
s 2070 505 273
s 2071 152 83
s 2073 609 316
s 2074 903 486
s 2075 373 193
s 2076 209 109
s 2077 203 112
s 2078 507 273
s 2079 637 348
s 2080 92 49
s 2081 248 145
s 2082 176 97
s 2083 320 163
s 2084 503 269
s 2085 147 70
s 2086 105 50
s 2087 392 195
s 2088 138 84
s 2089 16 8
s 2090 181 108
s 2091 144 82
s 2092 6 3
s 2093 147 75
s 2094 25 9
s 2095 240 124
s 2096 14 7
s 2097 691 374
s 2098 182 98
s 2099 124 71
s 2100 104 58
s 2101 190 92
s 2102 11 4
s 2103 414 227
s 2104 43 25
s 2105 81 43
s 2106 153 79
s 2107 167 76
s 2108 434 250
s 2109 39 21
s 2110 489 293
s 2111 93 49
s 2112 225 108
s 2113 42 17
s 2114 12 5
s 2115 6 4
s 2116 162 85
s 2117 407 212
s 2118 24 9
s 2119 683 379
s 2120 95 50
s 2121 42 19
s 2122 740 398
s 2123 304 153
s 2124 690 419
s 2125 84 52
s 2126 221 123
s 2127 86 37
s 2128 31 11
s 2129 61 26
s 2130 44 22
s 2131 59 35
s 2132 339 173
s 2133 414 198
s 2134 1133 595
s 2135 554 306
s 2136 400 229
s 2137 9 6
s 2138 224 116
s 2139 114 52
s 2140 81 47
s 2141 139 62
s 2142 5 1
s 2143 1 1
s 2144 221 103
s 2145 604 334
s 2146 246 123
s 2147 87 47
s 2148 334 176
s 2149 393 218
s 2150 71 36
s 2151 47 31
s 2152 404 210
s 2153 420 220
s 2154 541 293
s 2155 298 160
s 2156 252 129
s 2157 6 1
s 2158 311 176
s 2159 186 105
s 2160 461 243
s 2161 149 79
s 2162 102 44
s 2167 434 249
s 2168 265 125
s 2169 419 212
s 2171 622 313
s 2174 313 165
s 2176 561 295
s 2177 210 104
s 2179 319 178
s 2183 531 264
s 2184 155 79
s 2185 145 78
s 2186 30 11
s 2193 69 38
s 2203 100 44
s 2314 211 103
s 2315 318 114
s 2316 576 303
s 2317 213 113
s 2318 850 417
s 2319 202 91
s 2320 116 49
s 2321 280 138
s 2322 735 369
s 2323 285 134
s 2324 236 111
s 2325 668 316
s 2326 304 156
s 2327 190 97
s 2329 621 313
s 2330 570 271
s 2331 232 120
s 2332 245 118
s 2333 261 133
s 2334 288 152
s 2335 316 164
s 2336 126 60
s 2337 225 129
s 2338 196 103
s 2339 309 133
s 2340 609 288
s 2341 78 35
s 2342 104 50
s 2343 349 157
s 2344 77 31
s 2345 232 120
s 2346 321 166
s 2347 159 71
s 2348 230 112
s 2349 76 34
s 2350 172 77
s 2351 205 92
s 2352 679 344
s 2353 995 534
s 2354 117 56
s 2355 128 55
s 2356 141 69
s 2357 356 158
s 2358 798 381
s 2359 381 168
s 2360 186 95
s 2361 68 31
s 2362 93 46
s 2363 162 67
s 2364 517 273
s 2365 54 26
s 2366 289 138
s 2367 95 37
s 2368 131 58
s 2369 33 13
s 2370 15 6
s 2371 351 168
s 2372 96 53
s 2373 412 209
s 2374 220 117
s 2375 459 247
s 2376 97 43
s 2377 68 26
s 2378 735 387
s 2379 163 71
s 2380 838 432
s 2381 103 53
s 2382 233 116
s 2383 86 37
s 2384 179 103
s 2385 119 66
s 2386 64 38
s 2387 55 25
s 2388 272 128
s 2389 392 195
s 2390 632 325
s 2391 337 178
s 2392 255 133
s 2393 36 17
s 2394 214 99
s 2395 141 65
s 2396 97 45
s 2397 677 336
s 2398 70 26
s 2399 66 30
s 2400 275 135
s 2401 401 206
s 2402 321 138
s 2403 105 47
s 2404 259 119
s 2405 226 126
s 2406 65 34
s 2407 45 20
s 2408 375 188
s 2409 263 129
s 2410 607 298
s 2411 285 128
s 2412 250 111
s 2413 315 145
s 2414 249 126
s 2415 109 55
s 2416 323 182
s 2417 163 87
s 2418 220 99
s 2423 260 133
s 2424 260 122
s 2425 176 83
s 2427 405 169
s 2430 300 154
s 2432 357 166
s 2433 231 113
s 2435 191 88
s 2439 568 290
s 2440 127 77
s 2441 158 82
s 2442 91 39
s 2449 249 114
s 2459 109 50
s 2571 45 14
s 2572 3 1
s 2573 64 33
s 2574 360 189
s 2575 43 20
s 2576 31 15
s 2577 89 49
s 2578 9 6
s 2579 42 18
s 2580 75 36
s 2581 192 103
s 2582 123 48
s 2583 49 20
s 2585 173 81
s 2586 254 126
s 2587 94 39
s 2588 68 31
s 2589 65 27
s 2590 132 65
s 2591 134 63
s 2592 27 12
s 2593 60 36
s 2594 65 28
s 2595 72 25
s 2596 146 65
s 2597 45 25
s 2598 30 18
s 2599 99 46
s 2600 43 17
s 2601 5 3
s 2602 54 25
s 2603 35 21
s 2604 3 2
s 2605 41 21
s 2606 8 2
s 2607 68 36
s 2608 7 4
s 2609 224 113
s 2610 56 30
s 2611 58 23
s 2612 33 20
s 2613 52 25
s 2614 11 5
s 2615 144 73
s 2616 12 6
s 2617 23 12
s 2618 40 21
s 2619 56 23
s 2620 145 84
s 2621 17 7
s 2622 176 102
s 2623 33 16
s 2624 55 29
s 2625 10 3
s 2626 5 2
s 2627 3 1
s 2628 49 28
s 2629 93 45
s 2630 7 2
s 2631 215 115
s 2632 21 11
s 2633 15 6
s 2634 241 136
s 2635 73 39
s 2636 183 95
s 2637 26 14
s 2638 69 34
s 2639 35 16
s 2640 15 7
s 2641 18 10
s 2642 22 10
s 2643 22 9
s 2644 90 40
s 2645 164 76
s 2646 298 146
s 2647 144 72
s 2648 121 68
s 2649 2 1
s 2650 91 34
s 2651 49 27
s 2652 29 15
s 2653 35 20
s 2655 2 1
s 2656 63 28
s 2657 124 65
s 2658 104 34
s 2659 24 10
s 2660 141 72
s 2661 135 61
s 2662 24 10
s 2663 18 8
s 2664 103 49
s 2665 154 86
s 2666 167 82
s 2667 99 50
s 2668 72 33
s 2669 2 0
s 2670 82 42
s 2671 63 34
s 2672 128 73
s 2673 42 22
s 2674 31 18
s 2679 137 69
s 2680 77 32
s 2681 114 53
s 2683 187 82
s 2686 94 43
s 2688 140 63
s 2689 81 41
s 2691 103 56
s 2695 164 83
s 2696 66 30
s 2697 41 22
s 2698 9 6
s 2705 18 9
s 2715 41 23
s 2828 129 63
s 2829 56 22
s 2830 602 230
s 2831 77 27
s 2832 49 18
s 2833 72 22
s 2834 139 61
s 2835 88 35
s 2836 151 49
s 2837 321 125
s 2838 190 78
s 2839 58 29
s 2841 199 72
s 2842 401 147
s 2843 192 83
s 2844 124 46
s 2845 111 47
s 2846 185 64
s 2847 228 83
s 2848 34 17
s 2849 110 51
s 2850 70 26
s 2851 105 43
s 2852 186 72
s 2853 82 24
s 2854 45 16
s 2855 99 40
s 2856 67 24
s 2857 52 15
s 2858 112 53
s 2859 53 20
s 2860 46 18
s 2861 71 26
s 2862 51 19
s 2863 64 20
s 2864 168 69
s 2865 326 131
s 2866 98 47
s 2867 98 34
s 2868 26 12
s 2869 129 51
s 2870 162 72
s 2871 197 76
s 2872 40 11
s 2873 64 25
s 2874 58 21
s 2875 66 24
s 2876 211 88
s 2877 16 7
s 2878 224 108
s 2879 65 26
s 2880 87 26
s 2881 13 4
s 2882 14 4
s 2883 66 22
s 2884 81 36
s 2885 158 50
s 2886 67 24
s 2887 332 144
s 2888 56 23
s 2889 25 6
s 2890 262 92
s 2891 124 41
s 2892 196 86
s 2893 36 19
s 2894 81 27
s 2895 48 12
s 2896 35 11
s 2897 35 14
s 2898 25 14
s 2899 43 14
s 2900 207 83
s 2901 251 85
s 2902 497 191
s 2903 238 86
s 2904 153 63
s 2905 12 3
s 2906 72 32
s 2907 75 31
s 2908 39 18
s 2909 143 54
s 2910 14 4
s 2911 13 5
s 2912 123 50
s 2913 253 102
s 2914 130 47
s 2915 48 20
s 2916 295 128
s 2917 167 75
s 2918 43 17
s 2919 21 10
s 2920 209 97
s 2921 247 86
s 2922 144 60
s 2923 146 51
s 2924 87 30
s 2925 80 27
s 2926 132 47
s 2927 104 44
s 2928 224 88
s 2929 35 11
s 2930 68 22
s 2935 180 81
s 2936 97 39
s 2937 150 62
s 2939 248 92
s 2942 88 31
s 2944 243 82
s 2945 130 39
s 2947 152 55
s 2951 263 92
s 2952 92 42
s 2953 65 27
s 2954 31 9
s 2961 44 13
s 2971 56 25
s 3085 153 65
s 3086 949 493
s 3087 110 58
s 3088 59 21
s 3089 218 119
s 3090 12 6
s 3091 100 45
s 3092 177 85
s 3093 529 263
s 3094 377 194
s 3095 163 77
s 3097 528 272
s 3098 701 356
s 3099 312 167
s 3100 145 68
s 3101 194 88
s 3102 402 212
s 3103 400 194
s 3104 57 28
s 3105 244 141
s 3106 172 89
s 3107 228 114
s 3108 361 178
s 3109 138 62
s 3110 87 44
s 3111 246 131
s 3112 114 63
s 3113 5 4
s 3114 115 51
s 3115 153 75
s 3116 4 3
s 3117 120 58
s 3118 21 11
s 3119 164 90
s 3120 7 4
s 3121 676 367
s 3122 226 136
s 3123 135 68
s 3124 89 42
s 3125 140 72
s 3126 10 3
s 3127 373 204
s 3128 29 15
s 3129 75 43
s 3130 110 49
s 3131 148 66
s 3132 384 210
s 3133 49 23
s 3134 493 287
s 3135 76 36
s 3136 186 85
s 3137 44 17
s 3138 17 7
s 3139 6 2
s 3140 134 82
s 3141 285 144
s 3142 14 3
s 3143 580 319
s 3144 83 47
s 3145 43 25
s 3146 734 416
s 3147 209 91
s 3148 550 287
s 3149 57 28
s 3150 190 110
s 3151 97 53
s 3152 31 10
s 3153 34 14
s 3154 35 17
s 3155 53 22
s 3156 253 108
s 3157 373 194
s 3158 873 471
s 3159 437 235
s 3160 307 170
s 3161 4 1
s 3162 234 118
s 3163 118 55
s 3164 86 44
s 3165 100 45
s 3166 1 1
s 3167 6 5
s 3168 177 80
s 3169 360 178
s 3170 245 121
s 3171 82 49
s 3172 313 163
s 3173 335 164
s 3174 77 41
s 3175 37 23
s 3176 322 168
s 3177 475 254
s 3178 501 240
s 3179 263 148
s 3180 193 89
s 3181 5 2
s 3182 283 167
s 3183 153 71
s 3184 474 289
s 3185 136 76
s 3186 69 30
s 3191 361 187
s 3192 209 100
s 3193 314 155
s 3195 551 278
s 3198 226 128
s 3200 439 213
s 3201 187 95
s 3203 321 168
s 3207 460 238
s 3208 122 60
s 3209 149 80
s 3210 24 9
s 3217 59 28
s 3227 120 57
s 3342 283 138
s 3343 54 26
s 3344 15 10
s 3345 4 1
s 3346 181 97
s 3347 69 36
s 3348 75 27
s 3349 193 98
s 3350 97 55
s 3351 29 18
s 3353 29 15
s 3354 221 118
s 3355 103 44
s 3356 57 22
s 3357 64 37
s 3358 130 66
s 3359 127 71
s 3360 26 14
s 3361 63 32
s 3362 2 1
s 3363 14 8
s 3364 104 50
s 3365 34 10
s 3366 21 14
s 3367 23 10
s 3368 30 14
s 3369 56 27
s 3370 65 32
s 3371 28 15
s 3372 53 27
s 3373 33 18
s 3374 46 17
s 3375 25 12
s 3376 163 73
s 3377 144 77
s 3378 49 27
s 3379 51 24
s 3380 8 7
s 3381 99 45
s 3382 252 129
s 3383 140 76
s 3384 34 16
s 3385 24 12
s 3386 38 18
s 3387 25 7
s 3388 116 65
s 3389 8 3
s 3390 179 100
s 3391 47 21
s 3392 53 26
s 3393 9 2
s 3394 6 4
s 3395 91 46
s 3396 38 22
s 3397 115 66
s 3398 60 35
s 3399 191 101
s 3400 35 22
s 3401 14 8
s 3402 46 23
s 3403 59 26
s 3404 5 3
s 3405 27 13
s 3406 54 30
s 3407 39 15
s 3408 40 20
s 3409 35 20
s 3410 9 5
s 3411 22 10
s 3412 103 54
s 3413 152 62
s 3414 277 136
s 3415 140 64
s 3416 100 61
s 3417 11 6
s 3418 29 12
s 3419 35 16
s 3420 27 11
s 3421 150 72
s 3422 11 5
s 3423 15 6
s 3424 66 34
s 3425 129 54
s 3426 69 40
s 3427 25 14
s 3428 106 56
s 3429 103 58
s 3430 30 16
s 3431 12 6
s 3432 109 59
s 3433 131 75
s 3434 13 4
s 3435 53 27
s 3436 78 33
s 3437 74 33
s 3438 75 42
s 3439 48 25
s 3440 147 83
s 3441 7 3
s 3442 45 25
s 3447 142 73
s 3448 24 11
s 3449 98 36
s 3451 196 103
s 3454 17 13
s 3456 91 41
s 3457 62 32
s 3459 112 57
s 3463 142 59
s 3464 31 12
s 3465 33 16
s 3466 30 17
s 3473 44 26
s 3483 40 22
s 3599 380 201
s 3600 149 71
s 3601 447 227
s 3602 967 502
s 3603 363 160
s 3604 483 250
s 3605 1345 711
s 3606 576 298
s 3607 216 117
s 3609 1039 487
s 3610 1086 530
s 3611 438 233
s 3612 286 125
s 3613 298 144
s 3614 586 286
s 3615 638 351
s 3616 194 114
s 3617 399 232
s 3618 348 158
s 3619 561 277
s 3620 955 461
s 3621 222 106
s 3622 126 43
s 3623 537 270
s 3624 181 90
s 3625 399 184
s 3626 376 189
s 3627 266 133
s 3628 375 198
s 3629 211 113
s 3630 368 181
s 3631 370 197
s 3632 1213 614
s 3633 1182 610
s 3634 277 149
s 3635 192 82
s 3636 196 104
s 3637 548 251
s 3638 1071 561
s 3639 644 308
s 3640 338 165
s 3641 156 84
s 3642 185 98
s 3643 296 128
s 3644 600 311
s 3645 76 35
s 3646 538 315
s 3647 223 106
s 3648 278 128
s 3649 65 29
s 3650 35 20
s 3651 500 268
s 3652 239 133
s 3653 534 267
s 3654 402 197
s 3655 654 318
s 3656 192 93
s 3657 125 60
s 3658 1327 696
s 3659 424 212
s 3660 1171 654
s 3661 119 58
s 3662 293 158
s 3663 160 71
s 3664 295 130
s 3665 141 68
s 3666 130 78
s 3667 75 39
s 3668 409 203
s 3669 515 240
s 3670 1344 682
s 3671 676 351
s 3672 429 252
s 3673 76 38
s 3674 364 196
s 3675 318 154
s 3676 128 61
s 3677 965 498
s 3678 116 67
s 3679 127 56
s 3680 308 164
s 3681 633 314
s 3682 331 171
s 3683 134 65
s 3684 419 201
s 3685 499 254
s 3686 113 56
s 3687 65 31
s 3688 505 230
s 3689 642 327
s 3690 864 420
s 3691 419 200
s 3692 317 150
s 3693 463 224
s 3694 496 261
s 3695 338 179
s 3696 653 330
s 3697 314 167
s 3698 330 140
s 3703 548 300
s 3704 419 193
s 3705 526 277
s 3707 713 327
s 3710 443 232
s 3712 801 386
s 3713 309 138
s 3715 462 244
s 3719 722 393
s 3720 275 139
s 3721 225 98
s 3722 178 83
s 3729 347 146
s 3739 167 94
s 3856 19 9
s 3857 82 38
s 3858 184 92
s 3859 78 39
s 3860 79 46
s 3861 202 93
s 3862 124 56
s 3863 36 18
s 3865 157 79
s 3866 261 145
s 3867 111 64
s 3868 30 18
s 3869 27 11
s 3870 156 89
s 3871 148 72
s 3872 42 23
s 3873 25 12
s 3874 48 26
s 3875 83 44
s 3876 156 83
s 3877 47 21
s 3878 17 7
s 3879 83 42
s 3880 50 21
s 3881 71 40
s 3882 72 38
s 3883 37 16
s 3884 65 27
s 3885 43 22
s 3886 40 15
s 3887 44 24
s 3888 139 66
s 3889 154 71
s 3890 40 21
s 3891 60 25
s 3892 22 10
s 3893 101 48
s 3894 190 105
s 3895 58 27
s 3896 45 21
s 3897 22 12
s 3898 34 17
s 3899 38 10
s 3900 63 38
s 3901 12 3
s 3902 171 91
s 3903 38 17
s 3904 56 25
s 3905 9 5
s 3906 6 3
s 3907 101 57
s 3908 45 25
s 3909 70 36
s 3910 58 31
s 3911 271 130
s 3912 31 17
s 3913 20 11
s 3914 218 117
s 3915 92 48
s 3916 206 117
s 3917 12 7
s 3918 30 14
s 3919 28 14
s 3920 30 16
s 3921 17 11
s 3922 22 14
s 3923 20 10
s 3924 111 44
s 3925 132 54
s 3926 292 137
s 3927 159 81
s 3928 125 57
s 3929 7 6
s 3930 65 38
s 3931 66 34
s 3932 14 10
s 3933 175 93
s 3934 9 5
s 3935 12 6
s 3936 33 19
s 3937 105 57
s 3938 44 21
s 3939 18 9
s 3940 151 82
s 3941 121 50
s 3942 12 5
s 3943 15 8
s 3944 52 19
s 3945 137 66
s 3946 163 81
s 3947 119 64
s 3948 34 20
s 3949 66 25
s 3950 80 36
s 3951 48 29
s 3952 115 65
s 3953 41 18
s 3954 84 36
s 3959 139 73
s 3960 62 39
s 3961 105 56
s 3963 156 81
s 3966 74 34
s 3968 118 52
s 3969 29 15
s 3971 104 60
s 3975 61 29
s 3976 53 22
s 3977 26 15
s 3978 21 10
s 3985 52 26
s 3995 31 21
s 4113 27 13
s 4114 76 33
s 4115 31 16
s 4116 39 17
s 4117 113 59
s 4118 65 26
s 4119 17 9
s 4121 67 29
s 4122 115 47
s 4123 48 24
s 4124 7 5
s 4125 13 7
s 4126 59 25
s 4127 68 37
s 4128 21 8
s 4129 17 7
s 4130 17 11
s 4131 37 11
s 4132 53 24
s 4133 21 7
s 4134 5 1
s 4135 27 13
s 4136 21 9
s 4137 39 18
s 4138 30 16
s 4139 11 8
s 4140 36 21
s 4141 25 12
s 4142 26 16
s 4143 21 11
s 4144 98 46
s 4145 60 23
s 4146 27 15
s 4147 18 9
s 4148 7 1
s 4149 52 16
s 4150 98 43
s 4151 17 7
s 4152 30 15
s 4153 10 3
s 4154 22 9
s 4155 22 8
s 4156 20 9
s 4157 5 3
s 4158 69 36
s 4159 23 10
s 4160 24 12
s 4161 5 1
s 4162 3 2
s 4163 33 23
s 4164 33 19
s 4165 24 10
s 4166 43 30
s 4167 88 47
s 4168 20 8
s 4169 11 6
s 4170 115 50
s 4171 38 18
s 4172 69 37
s 4173 6 5
s 4174 6 0
s 4175 15 7
s 4176 26 8
s 4177 10 4
s 4178 7 1
s 4179 15 8
s 4180 53 25
s 4181 65 32
s 4182 166 71
s 4183 73 35
s 4184 50 23
s 4185 9 1
s 4186 27 16
s 4187 27 11
s 4188 7 3
s 4189 82 39
s 4190 6 2
s 4191 8 4
s 4192 8 2
s 4193 48 22
s 4194 18 5
s 4195 4 2
s 4196 49 20
s 4197 54 24
s 4198 13 6
s 4199 7 4
s 4200 15 7
s 4201 53 31
s 4202 60 26
s 4203 38 16
s 4204 13 7
s 4205 39 11
s 4206 36 16
s 4207 34 17
s 4208 70 33
s 4209 20 10
s 4210 27 11
s 4215 57 27
s 4216 20 10
s 4217 60 31
s 4219 80 32
s 4222 42 24
s 4224 70 37
s 4225 14 5
s 4227 55 21
s 4231 26 16
s 4232 17 10
s 4233 14 8
s 4234 12 7
s 4241 27 13
s 4251 16 8
s 4370 240 121
s 4371 85 38
s 4372 105 53
s 4373 310 177
s 4374 120 64
s 4375 44 19
s 4377 41 20
s 4378 318 160
s 4379 157 72
s 4380 83 33
s 4381 78 43
s 4382 185 79
s 4383 208 104
s 4384 37 16
s 4385 81 46
s 4386 6 1
s 4387 36 11
s 4388 153 81
s 4389 62 29
s 4390 29 13
s 4391 24 8
s 4392 55 22
s 4393 75 40
s 4394 106 44
s 4395 39 17
s 4396 96 42
s 4397 51 17
s 4398 62 24
s 4399 44 24
s 4400 247 125
s 4401 177 91
s 4402 67 35
s 4403 77 33
s 4404 10 3
s 4405 137 59
s 4406 300 143
s 4407 150 83
s 4408 60 30
s 4409 36 20
s 4410 55 28
s 4411 24 11
s 4412 203 99
s 4413 3 2
s 4414 226 119
s 4415 60 28
s 4416 69 28
s 4417 19 8
s 4418 9 2
s 4419 126 63
s 4420 67 34
s 4421 183 89
s 4422 94 42
s 4423 262 131
s 4424 49 15
s 4425 22 10
s 4426 79 35
s 4427 141 71
s 4428 18 8
s 4429 27 18
s 4430 71 32
s 4431 44 25
s 4432 59 27
s 4433 37 22
s 4434 6 5
s 4435 25 14
s 4436 134 63
s 4437 178 80
s 4438 357 179
s 4439 242 113
s 4440 123 59
s 4441 14 8
s 4442 60 20
s 4443 58 34
s 4444 28 12
s 4445 230 119
s 4446 24 7
s 4447 15 10
s 4448 85 45
s 4449 133 56
s 4450 104 53
s 4451 39 19
s 4452 149 60
s 4453 120 59
s 4454 31 14
s 4455 21 11
s 4456 151 70
s 4457 157 85
s 4458 10 3
s 4459 81 36
s 4460 95 44
s 4461 90 40
s 4462 93 45
s 4463 69 38
s 4464 162 86
s 4465 9 6
s 4466 75 35
s 4471 177 85
s 4472 34 18
s 4473 147 73
s 4475 253 112
s 4478 26 11
s 4480 125 57
s 4481 82 36
s 4483 132 70
s 4487 214 103
s 4488 57 25
s 4489 52 26
s 4490 35 15
s 4497 69 29
s 4507 59 29
s 4627 107 51
s 4628 194 105
s 4629 582 292
s 4630 391 200
s 4631 136 69
s 4633 564 296
s 4634 707 368
s 4635 327 175
s 4636 193 87
s 4637 205 101
s 4638 435 232
s 4639 428 218
s 4640 92 46
s 4641 215 135
s 4642 196 103
s 4643 239 107
s 4644 454 230
s 4645 129 49
s 4646 86 42
s 4647 297 143
s 4648 126 63
s 4649 19 10
s 4650 136 59
s 4651 158 82
s 4652 7 2
s 4653 134 71
s 4654 24 8
s 4655 205 109
s 4656 23 10
s 4657 649 355
s 4658 171 94
s 4659 147 78
s 4660 112 62
s 4661 187 69
s 4662 8 2
s 4663 392 200
s 4664 38 23
s 4665 87 58
s 4666 147 72
s 4667 150 84
s 4668 395 233
s 4669 33 19
s 4670 491 288
s 4671 102 52
s 4672 173 73
s 4673 49 23
s 4674 19 11
s 4675 10 5
s 4676 156 84
s 4677 372 209
s 4678 28 16
s 4679 643 367
s 4680 82 43
s 4681 30 12
s 4682 815 421
s 4683 253 133
s 4684 640 379
s 4685 83 44
s 4686 195 101
s 4687 100 51
s 4688 24 12
s 4689 43 26
s 4690 51 30
s 4691 59 30
s 4692 341 185
s 4693 429 224
s 4694 1071 590
s 4695 453 237
s 4696 326 187
s 4697 2 1
s 4698 240 114
s 4699 138 73
s 4700 100 49
s 4701 136 83
s 4702 2 1
s 4703 10 4
s 4704 167 80
s 4705 484 258
s 4706 264 137
s 4707 76 42
s 4708 280 148
s 4709 390 214
s 4710 65 35
s 4711 42 20
s 4712 320 176
s 4713 466 242
s 4714 500 255
s 4715 276 133
s 4716 189 86
s 4717 6 3
s 4718 332 183
s 4719 221 134
s 4720 473 268
s 4721 145 79
s 4722 97 51
s 4727 371 186
s 4728 234 127
s 4729 313 155
s 4731 570 290
s 4734 258 145
s 4736 439 212
s 4737 196 96
s 4739 316 164
s 4743 497 276
s 4744 145 76
s 4745 140 66
s 4746 34 17
s 4753 57 31
s 4763 118 66
s 4884 105 47
s 4885 275 133
s 4886 137 65
s 4887 55 27
s 4889 235 85
s 4890 296 131
s 4891 134 68
s 4892 72 26
s 4893 57 26
s 4894 211 108
s 4895 190 90
s 4896 46 21
s 4897 88 51
s 4898 60 29
s 4899 119 44
s 4900 224 105
s 4901 57 20
s 4902 32 17
s 4903 117 51
s 4904 47 24
s 4905 50 26
s 4906 52 27
s 4907 55 30
s 4908 41 15
s 4909 53 28
s 4910 43 19
s 4911 65 27
s 4912 123 57
s 4913 215 107
s 4914 79 42
s 4915 44 23
s 4916 38 20
s 4917 121 52
s 4918 142 73
s 4919 158 83
s 4920 36 16
s 4921 39 26
s 4922 52 29
s 4923 72 35
s 4924 143 66
s 4925 20 11
s 4926 186 93
s 4927 49 23
s 4928 70 23
s 4929 15 6
s 4930 9 4
s 4931 56 30
s 4932 69 30
s 4933 126 60
s 4934 66 29
s 4935 222 108
s 4936 44 17
s 4937 23 10
s 4938 274 140
s 4939 97 42
s 4940 206 100
s 4941 45 24
s 4942 91 46
s 4943 39 11
s 4944 28 12
s 4945 19 10
s 4946 20 14
s 4947 22 9
s 4948 101 41
s 4949 162 72
s 4950 372 181
s 4951 169 82
s 4952 110 59
s 4953 11 4
s 4954 85 39
s 4955 73 25
s 4956 51 25
s 4957 155 74
s 4958 15 9
s 4959 13 5
s 4960 72 34
s 4961 187 75
s 4962 116 47
s 4963 29 14
s 4964 117 60
s 4965 116 50
s 4966 38 20
s 4967 11 8
s 4968 126 54
s 4969 181 90
s 4970 168 79
s 4971 106 42
s 4972 66 29
s 4973 48 23
s 4974 146 69
s 4975 75 31
s 4976 194 91
s 4977 65 30
s 4978 56 27
s 4983 141 66
s 4984 103 50
s 4985 141 72
s 4987 187 75
s 4990 103 42
s 4992 200 91
s 4993 89 42
s 4995 124 60
s 4999 190 96
s 5000 46 20
s 5001 57 29
s 5002 22 7
s 5009 45 16
s 5019 41 16
s 5141 286 149
s 5142 158 70
s 5143 82 36
s 5145 264 125
s 5146 270 139
s 5147 113 64
s 5148 88 39
s 5149 72 36
s 5150 160 84
s 5151 154 78
s 5152 52 27
s 5153 83 42
s 5154 87 52
s 5155 154 77
s 5156 219 119
s 5157 49 24
s 5158 51 30
s 5159 145 67
s 5160 59 33
s 5161 82 40
s 5162 105 53
s 5163 66 32
s 5164 82 37
s 5165 77 39
s 5166 56 21
s 5167 88 39
s 5168 223 103
s 5169 299 144
s 5170 53 38
s 5171 58 31
s 5172 41 19
s 5173 111 49
s 5174 205 113
s 5175 114 65
s 5176 60 25
s 5177 41 26
s 5178 44 14
s 5179 66 36
s 5180 179 98
s 5181 24 15
s 5182 164 87
s 5183 58 36
s 5184 61 25
s 5185 12 4
s 5186 5 0
s 5187 119 65
s 5188 54 34
s 5189 139 82
s 5190 83 48
s 5191 228 117
s 5192 37 18
s 5193 44 22
s 5194 327 176
s 5195 70 29
s 5196 288 156
s 5197 30 18
s 5198 100 46
s 5199 30 15
s 5200 49 17
s 5201 42 27
s 5202 33 13
s 5203 29 10
s 5204 121 46
s 5205 177 87
s 5206 406 223
s 5207 145 79
s 5208 122 67
s 5209 9 1
s 5210 76 37
s 5211 76 33
s 5212 36 20
s 5213 218 125
s 5214 14 4
s 5215 27 13
s 5216 79 34
s 5217 214 107
s 5218 107 50
s 5219 29 16
s 5220 156 85
s 5221 132 61
s 5222 32 18
s 5223 17 8
s 5224 134 66
s 5225 149 61
s 5226 205 102
s 5227 123 58
s 5228 90 30
s 5229 80 28
s 5230 99 49
s 5231 61 34
s 5232 126 69
s 5233 68 39
s 5234 73 32
s 5239 132 61
s 5240 102 42
s 5241 113 57
s 5243 152 75
s 5246 119 46
s 5248 172 86
s 5249 84 35
s 5251 99 48
s 5255 204 114
s 5256 58 34
s 5257 51 24
s 5258 35 17
s 5265 68 33
s 5275 44 17
s 5398 434 214
s 5399 180 92
s 5401 643 290
s 5402 789 373
s 5403 378 213
s 5404 226 104
s 5405 222 117
s 5406 486 242
s 5407 502 251
s 5408 137 75
s 5409 219 120
s 5410 211 106
s 5411 330 143
s 5412 632 297
s 5413 168 74
s 5414 119 52
s 5415 309 154
s 5416 117 48
s 5417 208 113
s 5418 314 166
s 5419 145 75
s 5420 197 92
s 5421 133 67
s 5422 192 79
s 5423 237 125
s 5424 584 295
s 5425 864 478
s 5426 198 109
s 5427 190 108
s 5428 136 66
s 5429 357 155
s 5430 690 362
s 5431 390 185
s 5432 134 65
s 5433 118 71
s 5434 143 66
s 5435 200 89
s 5436 485 233
s 5437 52 28
s 5438 522 306
s 5439 143 70
s 5440 207 90
s 5441 36 15
s 5442 24 15
s 5443 312 165
s 5444 174 90
s 5445 425 207
s 5446 259 113
s 5447 697 363
s 5448 152 72
s 5449 74 32
s 5450 861 437
s 5451 285 145
s 5452 724 350
s 5453 90 45
s 5454 233 110
s 5455 114 39
s 5456 139 63
s 5457 113 54
s 5458 71 41
s 5459 93 48
s 5460 435 193
s 5461 606 314
s 5462 1029 495
s 5463 529 258
s 5464 393 209
s 5465 34 17
s 5466 236 111
s 5467 188 92
s 5468 100 49
s 5469 602 309
s 5470 45 24
s 5471 47 23
s 5472 262 124
s 5473 506 248
s 5474 342 167
s 5475 92 37
s 5476 498 260
s 5477 321 158
s 5478 92 51
s 5479 62 38
s 5480 430 199
s 5481 467 225
s 5482 626 302
s 5483 345 170
s 5484 246 109
s 5485 225 99
s 5486 327 182
s 5487 219 125
s 5488 487 251
s 5489 185 93
s 5490 217 106
s 5495 441 231
s 5496 288 147
s 5497 309 158
s 5499 549 269
s 5502 333 161
s 5504 499 249
s 5505 245 115
s 5507 308 163
s 5511 626 336
s 5512 211 88
s 5513 162 85
s 5514 108 54
s 5521 218 98
s 5531 136 75
s 5655 105 50
s 5657 324 170
s 5658 440 198
s 5659 196 117
s 5660 147 71
s 5661 145 69
s 5662 231 112
s 5663 205 99
s 5664 78 45
s 5665 134 86
s 5666 114 60
s 5667 189 90
s 5668 316 157
s 5669 72 34
s 5670 57 26
s 5671 190 87
s 5672 67 31
s 5673 187 78
s 5674 208 104
s 5675 95 40
s 5676 155 84
s 5677 58 26
s 5678 130 56
s 5679 119 62
s 5680 381 189
s 5681 473 230
s 5682 80 34
s 5683 80 48
s 5684 58 23
s 5685 225 98
s 5686 477 237
s 5687 228 105
s 5688 109 47
s 5689 50 31
s 5690 77 34
s 5691 94 37
s 5692 320 170
s 5693 22 6
s 5694 179 90
s 5695 99 50
s 5696 116 54
s 5697 16 10
s 5698 9 7
s 5699 229 123
s 5700 81 38
s 5701 261 132
s 5702 179 94
s 5703 321 173
s 5704 53 25
s 5705 33 12
s 5706 470 244
s 5707 127 53
s 5708 346 191
s 5709 38 20
s 5710 156 79
s 5711 45 20
s 5712 102 50
s 5713 81 38
s 5714 33 20
s 5715 41 21
s 5716 174 74
s 5717 234 95
s 5718 447 216
s 5719 236 122
s 5720 156 81
s 5721 21 10
s 5722 86 40
s 5723 80 41
s 5724 50 27
s 5725 379 177
s 5726 37 17
s 5727 48 23
s 5728 136 67
s 5729 305 153
s 5730 180 76
s 5731 49 23
s 5732 183 92
s 5733 159 86
s 5734 46 22
s 5735 25 14
s 5736 291 145
s 5737 179 94
s 5738 254 134
s 5739 147 83
s 5740 133 61
s 5741 164 75
s 5742 154 73
s 5743 111 62
s 5744 220 119
s 5745 68 37
s 5746 126 60
s 5751 168 78
s 5752 143 64
s 5753 143 71
s 5755 227 97
s 5758 152 80
s 5760 221 104
s 5761 160 76
s 5763 151 85
s 5767 342 175
s 5768 91 49
s 5769 78 42
s 5770 55 31
s 5777 130 59
s 5787 78 38
s 5913 118 60
s 5914 197 96
s 5915 98 55
s 5916 21 10
s 5917 15 7
s 5918 113 61
s 5919 151 74
s 5920 36 18
s 5921 25 11
s 5922 38 14
s 5923 68 32
s 5924 101 49
s 5925 42 20
s 5926 11 5
s 5927 50 27
s 5928 22 13
s 5929 46 22
s 5930 36 21
s 5931 25 15
s 5932 53 26
s 5933 32 19
s 5934 49 26
s 5935 32 16
s 5936 148 75
s 5937 116 65
s 5938 44 23
s 5939 42 24
s 5940 22 11
s 5941 68 32
s 5942 157 80
s 5943 44 21
s 5944 35 19
s 5945 20 13
s 5946 29 10
s 5947 37 19
s 5948 31 11
s 5949 7 6
s 5950 129 71
s 5951 35 16
s 5952 45 22
s 5953 8 3
s 5954 11 6
s 5955 71 35
s 5956 39 18
s 5957 33 17
s 5958 64 34
s 5959 145 75
s 5960 39 20
s 5961 11 2
s 5962 170 86
s 5963 61 28
s 5964 119 61
s 5965 9 6
s 5966 18 8
s 5967 27 12
s 5968 36 15
s 5969 19 8
s 5970 10 5
s 5971 20 14
s 5972 67 34
s 5973 108 57
s 5974 257 131
s 5975 117 52
s 5976 75 42
s 5977 12 5
s 5978 42 27
s 5979 53 32
s 5980 10 5
s 5981 134 67
s 5982 18 8
s 5983 13 5
s 5984 22 7
s 5985 101 48
s 5986 40 20
s 5987 8 4
s 5988 90 43
s 5989 94 41
s 5990 30 17
s 5991 8 3
s 5992 46 21
s 5993 125 61
s 5994 83 41
s 5995 53 31
s 5996 28 13
s 5997 67 27
s 5998 54 22
s 5999 57 31
s 6000 90 44
s 6001 32 19
s 6002 45 21
s 6007 98 51
s 6008 34 18
s 6009 92 56
s 6011 142 55
s 6014 49 21
s 6016 128 68
s 6017 23 9
s 6019 81 39
s 6023 51 24
s 6024 26 15
s 6025 17 11
s 6026 20 9
s 6033 56 27
s 6043 14 7
s 6426 682 333
s 6427 321 159
s 6428 199 105
s 6429 185 81
s 6430 474 252
s 6431 467 231
s 6432 85 43
s 6433 220 124
s 6434 44 17
s 6435 81 28
s 6436 357 187
s 6437 142 58
s 6438 89 40
s 6439 91 39
s 6440 148 63
s 6441 214 101
s 6442 270 131
s 6443 90 46
s 6444 206 107
s 6445 135 56
s 6446 172 92
s 6447 130 55
s 6448 586 282
s 6449 513 251
s 6450 204 110
s 6451 184 93
s 6452 42 22
s 6453 264 112
s 6454 660 322
s 6455 406 186
s 6456 124 50
s 6457 84 43
s 6458 122 56
s 6459 69 30
s 6460 474 242
s 6461 35 19
s 6462 517 290
s 6463 129 53
s 6464 171 69
s 6465 28 12
s 6466 27 9
s 6467 283 137
s 6468 153 66
s 6469 322 152
s 6470 238 135
s 6471 686 381
s 6472 106 38
s 6473 55 23
s 6474 275 125
s 6475 237 99
s 6476 110 55
s 6477 79 35
s 6478 210 109
s 6479 96 40
s 6480 115 65
s 6481 86 44
s 6482 25 13
s 6483 54 33
s 6484 318 141
s 6485 446 190
s 6486 893 411
s 6487 457 216
s 6488 308 159
s 6489 47 26
s 6490 95 43
s 6491 154 75
s 6492 86 44
s 6493 488 236
s 6494 62 29
s 6495 59 29
s 6496 218 107
s 6497 390 197
s 6498 260 118
s 6499 90 41
s 6500 367 173
s 6501 316 141
s 6502 103 47
s 6503 55 27
s 6504 380 171
s 6505 439 211
s 6506 82 35
s 6507 198 100
s 6508 225 92
s 6509 289 128
s 6510 201 102
s 6511 201 100
s 6512 445 218
s 6513 41 18
s 6514 144 69
s 6519 391 202
s 6520 105 45
s 6521 353 175
s 6523 488 210
s 6526 87 44
s 6528 372 169
s 6529 213 100
s 6531 283 148
s 6535 502 242
s 6536 121 47
s 6537 94 42
s 6538 103 44
s 6545 153 69
s 6555 128 69
s 6683 210 99
s 6684 275 122
s 6685 294 142
s 6686 301 151
s 6687 267 121
s 6688 171 79
s 6689 271 156
s 6690 230 112
s 6691 383 174
s 6692 726 341
s 6693 104 41
s 6694 137 55
s 6695 430 192
s 6696 122 53
s 6697 349 156
s 6698 389 204
s 6699 192 93
s 6700 303 131
s 6701 136 63
s 6702 240 105
s 6703 253 120
s 6704 773 369
s 6705 865 430
s 6706 144 73
s 6707 137 69
s 6708 129 63
s 6709 422 187
s 6710 897 425
s 6711 461 220
s 6712 184 92
s 6713 100 48
s 6714 111 49
s 6715 192 86
s 6716 553 263
s 6717 61 27
s 6718 431 226
s 6719 179 77
s 6720 153 71
s 6721 61 27
s 6722 15 9
s 6723 384 195
s 6724 122 65
s 6725 494 236
s 6726 371 181
s 6727 607 300
s 6728 119 53
s 6729 91 36
s 6730 1017 529
s 6731 232 126
s 6732 717 368
s 6733 84 49
s 6734 286 140
s 6735 80 33
s 6736 206 103
s 6737 100 49
s 6738 62 33
s 6739 46 20
s 6740 301 136
s 6741 464 202
s 6742 857 419
s 6743 304 141
s 6744 316 155
s 6745 49 21
s 6746 224 108
s 6747 186 83
s 6748 98 51
s 6749 719 336
s 6750 77 31
s 6751 82 41
s 6752 269 122
s 6753 563 269
s 6754 362 167
s 6755 118 54
s 6756 335 159
s 6757 348 162
s 6758 81 45
s 6759 37 20
s 6760 500 239
s 6761 343 166
s 6762 567 264
s 6763 312 156
s 6764 303 129
s 6765 356 165
s 6766 347 185
s 6767 140 69
s 6768 299 145
s 6769 186 116
s 6770 279 136
s 6775 291 137
s 6776 296 143
s 6777 300 157
s 6779 381 164
s 6782 335 158
s 6784 505 233
s 6785 299 127
s 6787 244 123
s 6791 712 387
s 6792 187 94
s 6793 186 94
s 6794 122 50
s 6801 252 131
s 6811 124 60
s 6940 110 52
s 6941 115 56
s 6942 94 51
s 6943 76 41
s 6944 63 31
s 6945 117 75
s 6946 110 70
s 6947 196 110
s 6948 342 166
s 6949 38 21
s 6950 45 19
s 6951 169 84
s 6952 56 27
s 6953 132 65
s 6954 173 97
s 6955 80 46
s 6956 121 59
s 6957 52 31
s 6958 96 46
s 6959 110 54
s 6960 291 146
s 6961 360 200
s 6962 33 19
s 6963 38 20
s 6964 54 24
s 6965 179 89
s 6966 346 177
s 6967 200 117
s 6968 95 46
s 6969 46 24
s 6970 47 25
s 6971 70 34
s 6972 262 146
s 6973 21 13
s 6974 187 105
s 6975 82 52
s 6976 38 22
s 6977 19 10
s 6978 6 4
s 6979 180 92
s 6980 50 27
s 6981 236 118
s 6982 193 112
s 6983 264 138
s 6984 51 25
s 6985 33 15
s 6986 445 228
s 6987 93 50
s 6988 362 184
s 6989 48 21
s 6990 117 61
s 6991 25 14
s 6992 83 37
s 6993 60 32
s 6994 47 29
s 6995 11 4
s 6996 96 42
s 6997 175 84
s 6998 419 203
s 6999 96 50
s 7000 129 74
s 7001 21 11
s 7002 107 57
s 7003 75 36
s 7004 39 24
s 7005 330 171
s 7006 28 17
s 7007 40 21
s 7008 111 51
s 7009 228 119
s 7010 173 89
s 7011 59 31
s 7012 113 64
s 7013 152 67
s 7014 31 15
s 7015 16 7
s 7016 221 119
s 7017 163 79
s 7018 248 129
s 7019 138 61
s 7020 139 55
s 7021 140 76
s 7022 178 106
s 7023 36 26
s 7024 87 49
s 7025 98 56
s 7026 141 68
s 7031 120 64
s 7032 143 80
s 7033 82 42
s 7035 146 64
s 7038 159 76
s 7040 242 122
s 7041 156 78
s 7043 79 46
s 7047 355 185
s 7048 61 36
s 7049 68 37
s 7050 60 28
s 7057 120 57
s 7067 47 18
s 7197 13 5
s 7198 144 73
s 7199 191 94
s 7200 46 24
s 7201 15 10
s 7202 54 24
s 7203 80 38
s 7204 94 47
s 7205 59 24
s 7206 6 3
s 7207 89 37
s 7208 54 22
s 7209 60 27
s 7210 40 20
s 7211 24 14
s 7212 106 49
s 7213 40 20
s 7214 83 36
s 7215 46 23
s 7216 177 96
s 7217 120 63
s 7218 59 29
s 7219 55 26
s 7220 36 18
s 7221 130 62
s 7222 260 135
s 7223 28 12
s 7224 62 31
s 7225 22 11
s 7226 36 19
s 7227 52 20
s 7228 34 15
s 7229 15 9
s 7230 123 60
s 7231 50 24
s 7232 46 20
s 7233 16 7
s 7234 7 4
s 7235 65 22
s 7236 51 29
s 7237 32 14
s 7238 72 31
s 7239 171 89
s 7240 37 13
s 7241 25 15
s 7242 239 125
s 7243 79 38
s 7244 204 106
s 7245 5 3
s 7246 13 6
s 7247 16 4
s 7248 47 22
s 7249 24 13
s 7250 14 10
s 7251 23 14
s 7252 103 42
s 7253 112 58
s 7254 364 183
s 7255 165 83
s 7256 82 38
s 7257 5 3
s 7258 51 26
s 7259 77 37
s 7260 8 4
s 7261 151 72
s 7262 15 7
s 7263 26 12
s 7264 9 5
s 7265 91 42
s 7266 21 10
s 7267 7 5
s 7268 125 58
s 7269 121 49
s 7270 22 13
s 7271 7 3
s 7272 19 9
s 7273 148 73
s 7274 138 60
s 7275 73 27
s 7276 8 6
s 7277 81 45
s 7278 76 41
s 7279 58 31
s 7280 150 74
s 7281 47 21
s 7282 63 27
s 7287 152 74
s 7288 60 23
s 7289 113 55
s 7291 185 84
s 7294 64 25
s 7296 143 72
s 7297 12 3
s 7299 114 60
s 7303 41 14
s 7304 57 25
s 7305 17 8
s 7306 42 16
s 7313 69 23
s 7323 17 10
s 7454 146 61
s 7455 130 57
s 7456 45 31
s 7457 14 6
s 7458 65 40
s 7459 121 63
s 7460 102 48
s 7461 54 21
s 7462 8 2
s 7463 100 47
s 7464 38 16
s 7465 79 41
s 7466 36 15
s 7467 27 8
s 7468 86 54
s 7469 45 22
s 7470 57 24
s 7471 50 24
s 7472 222 95
s 7473 124 59
s 7474 70 34
s 7475 40 19
s 7476 34 27
s 7477 123 61
s 7478 214 107
s 7479 6 4
s 7480 40 17
s 7481 12 8
s 7482 46 22
s 7483 48 14
s 7484 4 3
s 7485 17 5
s 7486 163 87
s 7487 51 24
s 7488 78 38
s 7489 6 3
s 7490 15 7
s 7491 107 54
s 7492 50 23
s 7493 9 4
s 7494 85 39
s 7495 182 103
s 7496 35 17
s 7497 18 7
s 7498 358 193
s 7499 100 48
s 7500 216 107
s 7501 6 1
s 7502 3 2
s 7503 24 13
s 7504 43 16
s 7505 8 5
s 7506 17 11
s 7507 21 12
s 7508 101 43
s 7509 112 42
s 7510 409 202
s 7511 187 93
s 7512 106 60
s 7513 12 4
s 7514 66 36
s 7515 54 28
s 7516 28 13
s 7517 192 96
s 7518 18 7
s 7519 27 16
s 7520 1 0
s 7521 59 27
s 7522 12 5
s 7523 2 1
s 7524 103 52
s 7525 114 46
s 7526 22 9
s 7527 11 4
s 7528 11 8
s 7529 176 81
s 7530 168 81
s 7531 84 41
s 7532 3 0
s 7533 95 44
s 7534 99 47
s 7535 61 25
s 7536 144 79
s 7537 52 19
s 7538 66 25
s 7543 142 74
s 7544 58 28
s 7545 85 45
s 7547 218 95
s 7550 83 41
s 7552 169 82
s 7553 4 3
s 7555 108 58
s 7559 16 10
s 7560 34 18
s 7561 17 10
s 7562 39 14
s 7569 59 26
s 7579 22 10
s 7711 108 50
s 7712 78 39
s 7713 170 101
s 7714 125 64
s 7715 203 88
s 7716 415 195
s 7717 29 15
s 7718 69 26
s 7719 229 113
s 7720 51 22
s 7721 159 78
s 7722 201 108
s 7723 106 60
s 7724 166 88
s 7725 59 26
s 7726 124 48
s 7727 139 72
s 7728 409 197
s 7729 566 301
s 7730 33 14
s 7731 52 26
s 7732 88 42
s 7733 227 100
s 7734 486 255
s 7735 298 143
s 7736 111 51
s 7737 42 18
s 7738 65 26
s 7739 119 59
s 7740 318 171
s 7741 47 29
s 7742 302 167
s 7743 76 35
s 7744 47 21
s 7745 30 14
s 7746 3 2
s 7747 270 146
s 7748 51 21
s 7749 254 126
s 7750 173 88
s 7751 358 198
s 7752 54 27
s 7753 42 21
s 7754 528 253
s 7755 101 48
s 7756 471 261
s 7757 60 30
s 7758 184 102
s 7759 31 12
s 7760 124 56
s 7761 81 46
s 7762 55 35
s 7763 17 6
s 7764 144 78
s 7765 193 84
s 7766 549 294
s 7767 117 67
s 7768 230 124
s 7769 31 16
s 7770 123 61
s 7771 104 45
s 7772 73 41
s 7773 441 218
s 7774 42 12
s 7775 55 29
s 7776 168 81
s 7777 338 162
s 7778 246 112
s 7779 66 36
s 7780 145 74
s 7781 186 80
s 7782 30 15
s 7783 18 8
s 7784 293 142
s 7785 185 99
s 7786 367 191
s 7787 188 97
s 7788 169 75
s 7789 194 96
s 7790 169 89
s 7791 47 24
s 7792 102 48
s 7793 108 53
s 7794 158 64
s 7799 180 98
s 7800 196 95
s 7801 135 73
s 7803 257 118
s 7806 203 117
s 7808 283 128
s 7809 149 77
s 7811 107 58
s 7815 355 187
s 7816 107 53
s 7817 112 65
s 7818 68 32
s 7825 162 86
s 7835 79 39
s 7968 102 57
s 7969 144 72
s 7970 132 72
s 7971 231 112
s 7972 447 210
s 7973 24 11
s 7974 68 27
s 7975 232 118
s 7976 59 27
s 7977 181 89
s 7978 223 124
s 7979 126 66
s 7980 174 92
s 7981 66 35
s 7982 132 64
s 7983 149 75
s 7984 441 218
s 7985 613 304
s 7986 46 28
s 7987 65 29
s 7988 94 54
s 7989 207 94
s 7990 527 287
s 7991 278 139
s 7992 123 58
s 7993 48 29
s 7994 50 31
s 7995 133 66
s 7996 397 237
s 7997 46 27
s 7998 293 169
s 7999 110 66
s 8000 48 21
s 8001 27 15
s 8002 3 2
s 8003 238 108
s 8004 47 27
s 8005 305 170
s 8006 203 108
s 8007 399 224
s 8008 61 30
s 8009 48 20
s 8010 537 274
s 8011 115 60
s 8012 532 290
s 8013 69 46
s 8014 169 84
s 8015 26 14
s 8016 114 61
s 8017 76 43
s 8018 49 29
s 8019 19 10
s 8020 119 47
s 8021 243 124
s 8022 520 269
s 8023 113 59
s 8024 223 117
s 8025 26 16
s 8026 173 92
s 8027 74 35
s 8028 69 29
s 8029 480 276
s 8030 31 12
s 8031 62 28
s 8032 167 84
s 8033 350 171
s 8034 219 103
s 8035 73 32
s 8036 148 81
s 8037 182 89
s 8038 27 15
s 8039 18 11
s 8040 257 128
s 8041 212 93
s 8042 387 197
s 8043 201 110
s 8044 161 64
s 8045 185 103
s 8046 165 82
s 8047 33 11
s 8048 101 45
s 8049 122 72
s 8050 176 92
s 8055 152 83
s 8056 214 101
s 8057 443 237
s 8059 274 120
s 8062 205 81
s 8064 280 134
s 8065 164 61
s 8067 92 46
s 8071 447 251
s 8072 109 57
s 8073 110 61
s 8074 55 22
s 8081 165 79
s 8091 65 39
s 8225 33 22
s 8226 27 14
s 8227 47 24
s 8228 116 71
s 8229 23 12
s 8230 15 7
s 8231 46 20
s 8232 40 18
s 8233 34 19
s 8234 54 27
s 8235 27 12
s 8236 30 14
s 8237 27 16
s 8238 11 4
s 8239 38 22
s 8240 78 50
s 8241 112 56
s 8242 40 21
s 8243 29 15
s 8244 16 11
s 8245 66 31
s 8246 96 45
s 8247 73 38
s 8248 21 11
s 8249 17 7
s 8250 32 17
s 8251 27 12
s 8252 84 47
s 8253 4 2
s 8254 61 31
s 8255 25 13
s 8256 35 16
s 8257 7 5
s 8258 7 4
s 8259 43 19
s 8260 21 8
s 8261 81 47
s 8262 37 20
s 8263 141 79
s 8264 31 17
s 8265 9 6
s 8266 99 45
s 8267 58 26
s 8268 85 51
s 8269 17 8
s 8270 45 21
s 8271 12 6
s 8272 18 11
s 8273 23 12
s 8274 10 3
s 8275 11 5
s 8276 69 34
s 8277 87 41
s 8278 212 112
s 8279 87 50
s 8280 57 26
s 8281 5 2
s 8282 21 14
s 8283 27 17
s 8284 14 8
s 8285 77 38
s 8286 7 3
s 8287 4 2
s 8288 43 26
s 8289 86 48
s 8290 48 18
s 8291 16 5
s 8292 60 27
s 8293 81 43
s 8294 8 7
s 8295 6 2
s 8296 64 37
s 8297 80 38
s 8298 57 31
s 8299 57 26
s 8300 30 17
s 8301 28 12
s 8302 56 30
s 8303 33 21
s 8304 89 48
s 8305 20 12
s 8306 30 14
s 8311 75 41
s 8312 35 15
s 8313 78 42
s 8315 102 63
s 8318 41 19
s 8320 86 41
s 8321 26 14
s 8323 62 27
s 8327 88 49
s 8328 31 16
s 8329 25 15
s 8330 17 9
s 8337 23 8
s 8347 16 8
s 8482 86 49
s 8483 97 55
s 8484 146 88
s 8485 44 27
s 8486 17 6
s 8487 102 49
s 8488 32 17
s 8489 79 53
s 8490 53 26
s 8491 36 16
s 8492 93 69
s 8493 48 32
s 8494 59 32
s 8495 31 17
s 8496 247 142
s 8497 190 113
s 8498 89 52
s 8499 74 39
s 8500 39 29
s 8501 102 57
s 8502 224 129
s 8503 17 8
s 8504 48 30
s 8505 19 13
s 8506 47 28
s 8507 46 20
s 8508 31 15
s 8509 19 10
s 8510 229 132
s 8511 48 25
s 8512 67 37
s 8513 12 6
s 8514 5 1
s 8515 106 63
s 8516 41 24
s 8517 31 15
s 8518 92 58
s 8519 266 153
s 8520 32 20
s 8521 21 15
s 8522 312 201
s 8523 102 53
s 8524 249 160
s 8525 10 7
s 8526 16 8
s 8527 40 16
s 8528 58 34
s 8529 21 11
s 8530 31 17
s 8531 21 13
s 8532 109 64
s 8533 131 76
s 8534 405 216
s 8535 176 101
s 8536 150 101
s 8537 11 7
s 8538 75 45
s 8539 68 44
s 8540 27 17
s 8541 245 130
s 8542 30 15
s 8543 24 13
s 8544 11 5
s 8545 102 65
s 8546 15 5
s 8547 10 8
s 8548 189 114
s 8549 94 64
s 8550 21 11
s 8551 22 9
s 8552 25 10
s 8553 180 106
s 8554 181 88
s 8555 114 69
s 8556 9 5
s 8557 137 71
s 8558 75 47
s 8559 82 40
s 8560 194 109
s 8561 61 44
s 8562 93 52
s 8567 156 92
s 8568 83 43
s 8569 97 51
s 8571 178 81
s 8574 104 68
s 8576 151 79
s 8577 20 9
s 8579 133 86
s 8583 62 31
s 8584 58 32
s 8585 30 19
s 8586 43 28
s 8593 73 41
s 8603 25 19
s 8739 42 15
s 8740 104 46
s 8741 47 25
s 8742 25 9
s 8743 17 11
s 8744 51 27
s 8745 65 28
s 8746 95 48
s 8747 25 12
s 8748 62 33
s 8749 42 20
s 8750 63 25
s 8751 31 14
s 8752 208 103
s 8753 173 93
s 8754 70 42
s 8755 54 27
s 8756 21 7
s 8757 81 37
s 8758 209 111
s 8759 110 57
s 8760 51 19
s 8761 35 15
s 8762 41 19
s 8763 20 6
s 8764 154 90
s 8765 13 7
s 8766 161 92
s 8767 66 32
s 8768 62 28
s 8769 10 3
s 8770 8 4
s 8771 86 37
s 8772 52 25
s 8773 126 62
s 8774 85 47
s 8775 244 132
s 8776 50 23
s 8777 19 6
s 8778 58 20
s 8779 76 36
s 8780 18 9
s 8781 30 15
s 8782 72 34
s 8783 27 10
s 8784 52 19
s 8785 24 14
s 8786 5 3
s 8787 21 10
s 8788 120 60
s 8789 144 55
s 8790 272 120
s 8791 154 71
s 8792 99 46
s 8793 12 3
s 8794 39 15
s 8795 54 24
s 8796 28 11
s 8797 159 73
s 8798 22 11
s 8799 19 8
s 8800 69 34
s 8801 155 68
s 8802 94 40
s 8803 28 19
s 8804 129 66
s 8805 99 34
s 8806 29 14
s 8807 20 9
s 8808 124 66
s 8809 178 94
s 8810 6 4
s 8811 69 32
s 8812 65 28
s 8813 92 42
s 8814 108 65
s 8815 76 42
s 8816 171 92
s 8817 9 3
s 8818 49 20
s 8823 130 70
s 8824 36 18
s 8825 103 60
s 8827 186 87
s 8830 26 16
s 8832 120 49
s 8833 69 39
s 8835 115 58
s 8839 156 77
s 8840 31 17
s 8841 30 18
s 8842 35 20
s 8849 69 32
s 8859 30 14
s 8996 237 107
s 8997 64 22
s 8998 39 16
s 8999 64 25
s 9000 57 23
s 9001 124 48
s 9002 149 69
s 9003 50 28
s 9004 99 52
s 9005 44 25
s 9006 66 29
s 9007 57 19
s 9008 252 118
s 9009 269 145
s 9010 89 49
s 9011 82 41
s 9012 29 17
s 9013 144 64
s 9014 317 146
s 9015 157 71
s 9016 48 21
s 9017 54 30
s 9018 54 21
s 9019 36 17
s 9020 219 103
s 9021 13 6
s 9022 207 108
s 9023 85 39
s 9024 96 49
s 9025 15 7
s 9026 5 4
s 9027 141 81
s 9028 76 34
s 9029 188 81
s 9030 126 62
s 9031 309 154
s 9032 51 25
s 9033 27 9
s 9034 176 74
s 9035 120 56
s 9036 91 43
s 9037 41 19
s 9038 100 55
s 9039 47 21
s 9040 66 29
s 9041 52 28
s 9042 17 9
s 9043 48 20
s 9044 166 83
s 9045 224 94
s 9046 456 217
s 9047 239 118
s 9048 174 96
s 9049 17 9
s 9050 53 25
s 9051 84 42
s 9052 32 15
s 9053 232 130
s 9054 21 6
s 9055 36 18
s 9056 111 53
s 9057 195 93
s 9058 127 53
s 9059 49 17
s 9060 168 86
s 9061 153 66
s 9062 53 22
s 9063 18 5
s 9064 211 107
s 9065 182 85
s 9066 74 27
s 9067 110 50
s 9068 102 46
s 9069 84 38
s 9070 142 64
s 9071 81 41
s 9072 188 90
s 9073 14 7
s 9074 72 24
s 9079 156 84
s 9080 72 31
s 9081 147 70
s 9083 240 105
s 9086 58 29
s 9088 205 91
s 9089 114 56
s 9091 134 63
s 9095 257 115
s 9096 72 33
s 9097 61 28
s 9098 43 19
s 9105 81 45
s 9115 57 34
s 9253 118 53
s 9254 51 19
s 9255 196 93
s 9256 120 51
s 9257 188 85
s 9258 182 97
s 9259 71 34
s 9260 197 98
s 9261 116 49
s 9262 140 65
s 9263 132 73
s 9264 414 193
s 9265 465 242
s 9266 176 92
s 9267 191 105
s 9268 71 28
s 9269 273 123
s 9270 480 214
s 9271 222 108
s 9272 99 50
s 9273 72 28
s 9274 107 53
s 9275 93 49
s 9276 252 146
s 9277 33 16
s 9278 498 257
s 9279 119 58
s 9280 147 73
s 9281 37 17
s 9282 18 5
s 9283 196 95
s 9284 168 75
s 9285 240 113
s 9286 210 122
s 9287 643 327
s 9288 98 39
s 9289 51 16
s 9290 491 246
s 9291 224 106
s 9292 380 211
s 9293 36 16
s 9294 122 49
s 9295 81 27
s 9296 111 52
s 9297 81 40
s 9298 34 15
s 9299 82 38
s 9300 278 127
s 9301 351 169
s 9302 931 436
s 9303 414 234
s 9304 348 191
s 9305 23 12
s 9306 146 69
s 9307 135 69
s 9308 58 30
s 9309 470 231
s 9310 42 19
s 9311 39 18
s 9312 145 59
s 9313 320 146
s 9314 150 59
s 9315 55 25
s 9316 315 154
s 9317 316 151
s 9318 69 34
s 9319 45 27
s 9320 245 124
s 9321 383 186
s 9322 325 157
s 9323 253 134
s 9324 124 54
s 9325 166 73
s 9326 225 112
s 9327 205 103
s 9328 382 198
s 9329 115 54
s 9330 163 82
s 9335 333 178
s 9336 159 78
s 9337 311 165
s 9339 485 230
s 9342 169 82
s 9344 379 156
s 9345 138 65
s 9347 256 125
s 9351 315 167
s 9352 150 64
s 9353 84 39
s 9354 63 28
s 9361 158 59
s 9371 90 52
s 9510 18 11
s 9511 69 25
s 9512 12 4
s 9513 57 22
s 9514 57 33
s 9515 33 21
s 9516 58 27
s 9517 14 5
s 9518 41 18
s 9519 51 18
s 9520 149 67
s 9521 203 94
s 9522 12 6
s 9523 24 16
s 9524 30 11
s 9525 70 20
s 9526 167 74
s 9527 92 46
s 9528 40 19
s 9529 14 5
s 9530 12 5
s 9531 28 8
s 9532 131 68
s 9533 19 8
s 9534 91 38
s 9535 39 14
s 9536 20 6
s 9537 9 3
s 9538 1 0
s 9539 81 31
s 9540 13 5
s 9541 97 35
s 9542 54 20
s 9543 144 62
s 9544 23 6
s 9545 7 4
s 9546 186 92
s 9547 29 11
s 9548 160 74
s 9549 20 15
s 9550 39 19
s 9551 10 4
s 9552 33 13
s 9553 23 10
s 9554 20 9
s 9555 5 3
s 9556 45 24
s 9557 63 27
s 9558 182 81
s 9559 20 10
s 9560 75 29
s 9561 7 3
s 9562 50 24
s 9563 25 17
s 9564 18 8
s 9565 150 62
s 9566 9 3
s 9567 20 8
s 9568 49 22
s 9569 101 40
s 9570 71 17
s 9571 22 10
s 9572 61 22
s 9573 47 22
s 9574 9 5
s 9575 9 2
s 9576 90 35
s 9577 69 22
s 9578 141 55
s 9579 66 25
s 9580 47 20
s 9581 47 19
s 9582 58 22
s 9583 7 2
s 9584 29 14
s 9585 46 28
s 9586 45 18
s 9591 53 23
s 9592 48 26
s 9593 35 16
s 9595 90 41
s 9598 63 22
s 9600 112 37
s 9601 53 27
s 9603 25 14
s 9607 124 51
s 9608 41 14
s 9609 41 15
s 9610 26 9
s 9617 45 16
s 9627 28 9
s 9767 36 17
s 9768 19 8
s 9769 39 17
s 9770 11 4
s 9771 13 1
s 9772 37 18
s 9773 21 9
s 9774 29 12
s 9775 17 8
s 9776 101 40
s 9777 65 23
s 9778 31 14
s 9779 22 9
s 9780 19 5
s 9781 65 33
s 9782 95 46
s 9783 18 6
s 9784 27 15
s 9785 11 6
s 9786 17 8
s 9787 35 13
s 9788 19 10
s 9789 6 5
s 9790 74 40
s 9791 25 12
s 9792 31 19
s 9793 5 4
s 9794 5 3
s 9795 34 15
s 9796 27 17
s 9797 10 3
s 9798 31 19
s 9799 86 41
s 9800 23 6
s 9801 9 3
s 9802 118 61
s 9803 41 21
s 9804 83 43
s 9805 9 6
s 9806 11 7
s 9807 20 10
s 9808 19 11
s 9809 8 5
s 9810 12 7
s 9811 9 6
s 9812 46 20
s 9813 60 30
s 9814 181 85
s 9815 77 38
s 9816 63 29
s 9817 8 2
s 9818 49 19
s 9819 40 17
s 9820 10 6
s 9821 79 41
s 9822 2 1
s 9823 13 6
s 9824 9 6
s 9825 42 16
s 9826 8 6
s 9827 5 2
s 9828 61 26
s 9829 65 25
s 9830 13 2
s 9831 12 8
s 9832 15 5
s 9833 85 37
s 9834 54 24
s 9835 46 27
s 9836 5 2
s 9837 51 21
s 9838 33 13
s 9839 46 23
s 9840 85 39
s 9841 28 20
s 9842 38 16
s 9847 63 30
s 9848 34 17
s 9849 69 37
s 9851 97 46
s 9854 39 17
s 9856 55 21
s 9857 10 4
s 9859 63 30
s 9863 20 9
s 9864 19 8
s 9865 12 8
s 9866 15 5
s 9873 21 7
s 9883 15 7
s 10024 78 36
s 10025 139 57
s 10026 156 81
s 10027 47 30
s 10028 112 48
s 10029 62 33
s 10030 74 32
s 10031 53 22
s 10032 274 135
s 10033 242 116
s 10034 89 41
s 10035 90 47
s 10036 21 11
s 10037 144 57
s 10038 345 167
s 10039 178 77
s 10040 58 21
s 10041 38 18
s 10042 63 33
s 10043 33 14
s 10044 231 131
s 10045 4 1
s 10046 252 147
s 10047 60 21
s 10048 87 35
s 10049 17 8
s 10050 15 6
s 10051 173 93
s 10052 88 34
s 10053 167 81
s 10054 113 52
s 10055 351 182
s 10056 74 38
s 10057 33 14
s 10058 132 70
s 10059 125 57
s 10060 48 24
s 10061 24 11
s 10062 89 45
s 10063 38 18
s 10064 65 29
s 10065 40 16
s 10066 15 9
s 10067 42 20
s 10068 186 84
s 10069 224 98
s 10070 475 232
s 10071 246 133
s 10072 142 72
s 10073 13 9
s 10074 52 27
s 10075 59 27
s 10076 35 15
s 10077 286 151
s 10078 26 10
s 10079 30 13
s 10080 123 56
s 10081 198 93
s 10082 128 49
s 10083 42 21
s 10084 140 59
s 10085 127 64
s 10086 28 14
s 10087 17 10
s 10088 216 108
s 10089 212 96
s 10090 46 20
s 10091 97 48
s 10092 111 44
s 10093 135 61
s 10094 110 44
s 10095 79 41
s 10096 185 92
s 10097 28 10
s 10098 85 39
s 10103 218 106
s 10104 65 26
s 10105 152 70
s 10107 279 133
s 10110 42 12
s 10112 183 81
s 10113 114 54
s 10115 149 75
s 10119 264 135
s 10120 52 22
s 10121 63 25
s 10122 43 22
s 10129 77 36
s 10139 63 32
s 10281 59 24
s 10282 68 33
s 10283 25 12
s 10284 52 23
s 10285 18 7
s 10286 33 11
s 10287 59 15
s 10288 123 52
s 10289 157 73
s 10290 14 6
s 10291 22 8
s 10292 18 9
s 10293 73 19
s 10294 152 65
s 10295 67 29
s 10296 35 18
s 10297 16 7
s 10298 13 7
s 10299 33 15
s 10300 77 42
s 10301 9 5
s 10302 69 33
s 10303 27 11
s 10304 25 8
s 10305 10 6
s 10306 2 1
s 10307 66 30
s 10308 14 7
s 10309 77 32
s 10310 59 27
s 10311 103 47
s 10312 11 4
s 10313 14 6
s 10314 169 82
s 10315 32 13
s 10316 143 70
s 10317 13 5
s 10318 43 21
s 10319 9 2
s 10320 30 12
s 10321 22 10
s 10322 13 8
s 10323 5 2
s 10324 61 28
s 10325 64 30
s 10326 137 79
s 10327 48 25
s 10328 64 32
s 10329 11 6
s 10330 34 17
s 10331 31 11
s 10332 12 6
s 10333 114 64
s 10334 13 3
s 10335 17 12
s 10336 48 26
s 10337 85 44
s 10338 51 12
s 10339 17 4
s 10340 69 36
s 10341 40 20
s 10342 14 6
s 10343 7 4
s 10344 60 25
s 10345 46 18
s 10346 93 43
s 10347 47 20
s 10348 53 21
s 10349 50 21
s 10350 44 23
s 10351 25 12
s 10352 47 22
s 10353 25 11
s 10354 50 24
s 10359 36 15
s 10360 45 15
s 10361 25 12
s 10363 69 31
s 10366 52 24
s 10368 78 31
s 10369 49 22
s 10371 25 9
s 10375 100 47
s 10376 37 11
s 10377 49 23
s 10378 14 1
s 10385 55 24
s 10395 13 5
s 10538 54 20
s 10539 59 32
s 10540 5 1
s 10541 46 21
s 10542 7 3
s 10543 83 43
s 10544 13 4
s 10545 227 117
s 10546 46 22
s 10547 66 31
s 10548 31 14
s 10549 72 32
s 10550 15 4
s 10551 144 69
s 10552 16 7
s 10553 32 16
s 10554 47 21
s 10555 47 21
s 10556 131 65
s 10557 5 2
s 10558 173 90
s 10559 31 17
s 10560 93 42
s 10561 17 10
s 10562 8 3
s 10563 9 1
s 10564 78 41
s 10565 108 51
s 10566 20 4
s 10567 205 92
s 10568 36 15
s 10569 19 9
s 10570 547 293
s 10571 87 38
s 10572 229 114
s 10573 24 15
s 10574 59 25
s 10575 30 12
s 10576 7 4
s 10577 16 8
s 10578 8 2
s 10579 21 6
s 10580 133 52
s 10581 161 78
s 10582 393 181
s 10583 169 79
s 10584 134 64
s 10585 4 2
s 10586 63 33
s 10587 35 15
s 10588 28 12
s 10589 41 19
s 10590 2 1
s 10591 3 1
s 10592 73 38
s 10593 160 72
s 10594 100 41
s 10595 25 15
s 10596 129 66
s 10597 173 86
s 10598 22 5
s 10599 11 3
s 10600 129 62
s 10601 161 67
s 10602 134 63
s 10603 100 41
s 10604 85 32
s 10605 4 2
s 10606 129 78
s 10607 90 50
s 10608 157 82
s 10609 54 23
s 10610 32 11
s 10615 173 87
s 10616 80 37
s 10617 117 66
s 10619 217 98
s 10622 99 47
s 10624 265 122
s 10625 83 37
s 10627 90 47
s 10631 184 94
s 10632 46 27
s 10633 38 12
s 10634 11 5
s 10641 20 7
s 10651 40 24
s 10795 64 27
s 10796 51 22
s 10797 65 36
s 10798 51 21
s 10799 67 33
s 10800 166 84
s 10801 214 116
s 10802 74 43
s 10803 55 19
s 10804 52 29
s 10805 119 51
s 10806 142 74
s 10807 80 42
s 10808 53 22
s 10809 23 19
s 10810 70 32
s 10811 69 33
s 10812 81 42
s 10813 13 2
s 10814 184 111
s 10815 69 29
s 10816 85 42
s 10817 14 8
s 10818 7 4
s 10819 72 39
s 10820 86 47
s 10821 64 32
s 10822 74 31
s 10823 248 132
s 10824 41 22
s 10825 22 8
s 10826 349 191
s 10827 118 52
s 10828 310 177
s 10829 20 15
s 10830 44 22
s 10831 33 14
s 10832 35 19
s 10833 24 17
s 10834 21 14
s 10835 20 9
s 10836 137 63
s 10837 164 81
s 10838 458 233
s 10839 221 124
s 10840 152 90
s 10841 7 5
s 10842 89 45
s 10843 64 27
s 10844 26 14
s 10845 181 102
s 10846 13 4
s 10847 8 4
s 10848 34 21
s 10849 137 69
s 10850 63 27
s 10851 20 12
s 10852 128 75
s 10853 178 80
s 10854 32 20
s 10855 17 6
s 10856 75 32
s 10857 187 102
s 10858 183 99
s 10859 102 52
s 10860 39 19
s 10861 59 28
s 10862 131 70
s 10863 86 44
s 10864 165 83
s 10865 76 42
s 10866 69 37
s 10871 179 95
s 10872 105 49
s 10873 165 88
s 10875 240 110
s 10878 91 41
s 10880 228 117
s 10881 49 20
s 10883 130 64
s 10887 122 71
s 10888 47 19
s 10889 40 25
s 10890 28 11
s 10897 59 26
s 10907 37 23
s 11052 53 25
s 11053 30 13
s 11054 50 21
s 11055 22 14
s 11056 144 74
s 11057 108 58
s 11058 48 28
s 11059 48 26
s 11060 10 6
s 11061 71 34
s 11062 172 86
s 11063 49 22
s 11064 34 15
s 11065 20 13
s 11066 27 10
s 11067 17 7
s 11068 53 29
s 11069 11 4
s 11070 128 78
s 11071 35 21
s 11072 39 18
s 11073 11 7
s 11074 5 1
s 11075 82 39
s 11076 35 17
s 11077 65 27
s 11078 60 32
s 11079 199 114
s 11080 30 15
s 11081 11 8
s 11082 109 53
s 11083 78 40
s 11084 76 50
s 11085 7 4
s 11086 35 20
s 11087 21 8
s 11088 30 17
s 11089 23 10
s 11090 11 3
s 11091 14 7
s 11092 70 30
s 11093 94 46
s 11094 227 123
s 11095 112 63
s 11096 102 63
s 11097 7 6
s 11098 43 21
s 11099 33 12
s 11100 11 6
s 11101 122 60
s 11102 17 7
s 11103 15 7
s 11104 41 18
s 11105 89 44
s 11106 37 17
s 11107 15 8
s 11108 94 46
s 11109 80 36
s 11110 27 13
s 11111 6 3
s 11112 59 32
s 11113 110 54
s 11114 69 42
s 11115 53 18
s 11116 44 15
s 11117 74 34
s 11118 56 29
s 11119 44 27
s 11120 100 46
s 11121 23 11
s 11122 55 22
s 11127 101 45
s 11128 34 16
s 11129 72 38
s 11131 123 54
s 11134 58 31
s 11136 103 49
s 11137 28 12
s 11139 65 27
s 11143 61 33
s 11144 35 20
s 11145 18 10
s 11146 21 13
s 11153 46 22
s 11163 25 13
s 11309 51 25
s 11310 7 3
s 11311 69 35
s 11312 10 5
s 11313 260 126
s 11314 85 46
s 11315 66 42
s 11316 36 14
s 11317 71 30
s 11318 12 5
s 11319 132 67
s 11320 12 6
s 11321 35 13
s 11322 39 17
s 11323 45 23
s 11324 134 72
s 11325 14 8
s 11326 174 102
s 11327 44 24
s 11328 82 39
s 11329 24 10
s 11330 11 5
s 11331 3 3
s 11332 56 27
s 11333 117 61
s 11334 9 3
s 11335 215 102
s 11336 34 12
s 11337 14 5
s 11338 306 157
s 11339 101 52
s 11340 214 110
s 11341 31 15
s 11342 75 42
s 11343 32 18
s 11344 6 1
s 11345 24 16
s 11346 21 12
s 11347 22 12
s 11348 142 75
s 11349 153 81
s 11350 384 209
s 11351 166 89
s 11352 110 62
s 11353 4 2
s 11354 79 36
s 11355 53 21
s 11356 38 24
s 11357 46 21
s 11358 1 1
s 11359 4 0
s 11360 78 32
s 11361 201 105
s 11362 85 39
s 11363 31 12
s 11364 114 57
s 11365 127 64
s 11366 41 21
s 11367 15 4
s 11368 141 79
s 11369 188 96
s 11370 162 83
s 11371 111 57
s 11372 86 31
s 11373 4 1
s 11374 117 65
s 11375 71 39
s 11376 176 80
s 11377 50 28
s 11378 22 10
s 11383 120 69
s 11384 86 42
s 11385 163 92
s 11387 199 93
s 11390 118 63
s 11392 190 86
s 11393 68 33
s 11395 115 58
s 11399 181 95
s 11400 73 40
s 11401 31 21
s 11402 16 6
s 11409 20 6
s 11419 39 21
s 11566 46 23
s 11567 31 15
s 11568 126 72
s 11569 163 87
s 11570 21 9
s 11571 25 11
s 11572 21 14
s 11573 68 40
s 11574 143 72
s 11575 77 44
s 11576 36 20
s 11577 13 5
s 11578 19 7
s 11579 37 21
s 11580 106 64
s 11581 14 9
s 11582 54 34
s 11583 23 15
s 11584 38 17
s 11585 9 7
s 11586 2 1
s 11587 81 48
s 11588 17 11
s 11589 85 48
s 11590 53 28
s 11591 114 64
s 11592 22 11
s 11593 18 8
s 11594 152 82
s 11595 43 22
s 11596 112 55
s 11597 17 6
s 11598 40 25
s 11599 15 8
s 11600 33 15
s 11601 17 7
s 11602 24 11
s 11603 7 2
s 11604 61 30
s 11605 91 38
s 11606 160 81
s 11607 65 40
s 11608 58 30
s 11609 8 6
s 11610 34 17
s 11611 33 16
s 11612 19 14
s 11613 125 58
s 11614 17 8
s 11615 16 9
s 11616 51 26
s 11617 103 55
s 11618 51 25
s 11619 12 3
s 11620 68 31
s 11621 44 19
s 11622 11 5
s 11623 10 4
s 11624 73 37
s 11625 69 36
s 11626 60 26
s 11627 52 29
s 11628 63 25
s 11629 54 23
s 11630 51 32
s 11631 21 7
s 11632 60 30
s 11633 36 16
s 11634 35 17
s 11639 67 32
s 11640 61 33
s 11641 45 24
s 11643 85 37
s 11646 56 25
s 11648 97 48
s 11649 38 16
s 11651 47 24
s 11655 101 51
s 11656 34 18
s 11657 29 17
s 11658 31 17
s 11665 42 22
s 11675 17 7
s 11823 51 22
s 11824 28 6
s 11825 217 104
s 11826 57 29
s 11827 61 26
s 11828 24 13
s 11829 66 24
s 11830 22 6
s 11831 139 51
s 11832 13 5
s 11833 34 14
s 11834 30 9
s 11835 38 14
s 11836 144 70
s 11837 30 13
s 11838 159 72
s 11839 29 9
s 11840 58 24
s 11841 22 9
s 11842 9 6
s 11843 13 8
s 11844 50 25
s 11845 98 42
s 11846 15 8
s 11847 182 86
s 11848 27 9
s 11849 14 5
s 11850 241 118
s 11851 71 32
s 11852 154 85
s 11853 26 11
s 11854 72 35
s 11855 32 16
s 11856 9 3
s 11857 17 8
s 11858 16 11
s 11859 22 10
s 11860 126 64
s 11861 141 58
s 11862 336 155
s 11863 131 59
s 11864 100 53
s 11865 3 2
s 11866 65 32
s 11867 39 15
s 11868 16 11
s 11869 48 25
s 11870 3 2
s 11871 2 1
s 11872 78 33
s 11873 142 69
s 11874 75 32
s 11875 28 9
s 11876 112 51
s 11877 69 31
s 11878 22 13
s 11879 17 8
s 11880 103 49
s 11881 164 78
s 11882 129 64
s 11883 86 39
s 11884 69 28
s 11885 11 4
s 11886 90 42
s 11887 70 38
s 11888 131 56
s 11889 52 28
s 11890 24 7
s 11895 124 63
s 11896 72 28
s 11897 112 57
s 11899 162 68
s 11902 78 30
s 11904 143 56
s 11905 86 38
s 11907 106 55
s 11911 150 66
s 11912 56 20
s 11913 38 23
s 11914 14 4
s 11921 25 11
s 11931 35 11
s 12080 204 101
s 12081 173 87
s 12082 54 34
s 12083 60 38
s 12084 18 9
s 12085 111 46
s 12086 216 103
s 12087 66 30
s 12088 37 17
s 12089 41 24
s 12090 33 15
s 12091 48 21
s 12092 81 37
s 12093 11 5
s 12094 161 86
s 12095 41 16
s 12096 54 19
s 12097 13 5
s 12098 10 5
s 12099 90 41
s 12100 40 17
s 12101 84 38
s 12102 69 41
s 12103 233 126
s 12104 43 23
s 12105 18 6
s 12106 148 78
s 12107 82 37
s 12108 107 50
s 12109 17 10
s 12110 34 20
s 12111 27 16
s 12112 59 27
s 12113 19 10
s 12114 18 9
s 12115 30 8
s 12116 129 57
s 12117 148 71
s 12118 253 132
s 12119 162 76
s 12120 114 56
s 12121 13 5
s 12122 37 14
s 12123 40 24
s 12124 17 8
s 12125 195 101
s 12126 19 7
s 12127 15 7
s 12128 40 18
s 12129 116 70
s 12130 63 32
s 12131 19 7
s 12132 128 67
s 12133 116 61
s 12134 22 9
s 12135 11 6
s 12136 82 40
s 12137 124 63
s 12138 98 51
s 12139 82 44
s 12140 60 31
s 12141 68 32
s 12142 84 37
s 12143 57 31
s 12144 141 75
s 12145 21 14
s 12146 59 29
s 12151 125 61
s 12152 57 23
s 12153 92 50
s 12155 149 70
s 12158 44 20
s 12160 134 58
s 12161 40 19
s 12163 92 50
s 12167 123 67
s 12168 40 17
s 12169 36 15
s 12170 33 19
s 12177 51 24
s 12187 30 12
s 12337 761 414
s 12338 197 109
s 12339 184 107
s 12340 93 50
s 12341 154 67
s 12342 14 7
s 12343 391 195
s 12344 32 15
s 12345 118 64
s 12346 139 68
s 12347 203 102
s 12348 506 275
s 12349 57 30
s 12350 539 282
s 12351 96 52
s 12352 163 74
s 12353 39 17
s 12354 23 12
s 12355 7 4
s 12356 146 61
s 12357 385 200
s 12358 22 9
s 12359 703 394
s 12360 78 42
s 12361 38 18
s 12362 762 385
s 12363 232 111
s 12364 666 331
s 12365 88 55
s 12366 172 86
s 12367 124 65
s 12368 34 19
s 12369 63 30
s 12370 69 40
s 12371 96 46
s 12372 377 188
s 12373 485 238
s 12374 1067 540
s 12375 472 239
s 12376 370 222
s 12377 3 1
s 12378 268 127
s 12379 238 109
s 12380 117 61
s 12381 151 80
s 12382 3 0
s 12383 8 2
s 12384 236 118
s 12385 470 230
s 12386 287 134
s 12387 93 47
s 12388 396 204
s 12389 331 162
s 12390 106 59
s 12391 58 31
s 12392 351 190
s 12393 500 259
s 12394 513 264
s 12395 325 160
s 12396 212 89
s 12397 7 3
s 12398 305 160
s 12399 235 127
s 12400 497 251
s 12401 163 92
s 12402 98 46
s 12407 389 199
s 12408 254 106
s 12409 331 183
s 12411 543 279
s 12414 268 136
s 12416 489 230
s 12417 238 124
s 12419 330 142
s 12423 544 304
s 12424 187 101
s 12425 135 62
s 12426 29 15
s 12433 76 32
s 12443 122 73
s 12594 263 146
s 12595 188 101
s 12596 112 61
s 12597 374 168
s 12598 730 378
s 12599 282 157
s 12600 209 120
s 12601 113 57
s 12602 125 66
s 12603 131 44
s 12604 268 158
s 12605 43 19
s 12606 589 346
s 12607 173 84
s 12608 194 99
s 12609 41 22
s 12610 28 15
s 12611 369 197
s 12612 238 133
s 12613 252 123
s 12614 270 134
s 12615 712 396
s 12616 150 78
s 12617 79 36
s 12618 680 364
s 12619 309 158
s 12620 466 239
s 12621 62 37
s 12622 159 85
s 12623 121 58
s 12624 194 102
s 12625 90 45
s 12626 56 39
s 12627 64 37
s 12628 348 172
s 12629 475 253
s 12630 1192 595
s 12631 601 313
s 12632 339 186
s 12633 48 25
s 12634 244 116
s 12635 267 127
s 12636 92 48
s 12637 581 299
s 12638 77 43
s 12639 69 32
s 12640 133 56
s 12641 370 187
s 12642 194 91
s 12643 62 30
s 12644 421 221
s 12645 490 257
s 12646 92 52
s 12647 67 37
s 12648 213 104
s 12649 628 335
s 12650 346 191
s 12651 282 157
s 12652 121 65
s 12653 331 166
s 12654 364 188
s 12655 250 136
s 12656 627 342
s 12657 122 67
s 12658 181 89
s 12663 509 267
s 12664 189 100
s 12665 509 267
s 12667 783 390
s 12670 200 95
s 12672 534 253
s 12673 126 81
s 12675 472 256
s 12679 352 187
s 12680 152 74
s 12681 88 46
s 12682 117 51
s 12689 264 133
s 12699 129 65
s 12851 33 14
s 12852 32 20
s 12853 104 59
s 12854 192 102
s 12855 117 67
s 12856 41 22
s 12857 22 11
s 12858 27 15
s 12859 70 37
s 12860 130 79
s 12861 20 10
s 12862 107 64
s 12863 41 22
s 12864 16 8
s 12865 16 10
s 12866 3 1
s 12867 101 50
s 12868 16 6
s 12869 90 44
s 12870 87 52
s 12871 195 110
s 12872 30 12
s 12873 11 4
s 12874 259 146
s 12875 30 11
s 12876 170 98
s 12877 28 16
s 12878 57 29
s 12879 6 2
s 12880 57 33
s 12881 21 15
s 12882 23 18
s 12883 7 5
s 12884 52 30
s 12885 66 32
s 12886 234 126
s 12887 35 25
s 12888 90 57
s 12889 17 8
s 12890 80 42
s 12891 49 18
s 12892 28 15
s 12893 183 113
s 12894 13 4
s 12895 11 8
s 12896 83 41
s 12897 128 69
s 12898 87 39
s 12899 16 8
s 12900 67 37
s 12901 59 31
s 12902 20 9
s 12903 12 8
s 12904 106 53
s 12905 102 49
s 12906 152 99
s 12907 68 28
s 12908 58 23
s 12909 83 37
s 12910 92 46
s 12911 14 7
s 12912 50 28
s 12913 63 38
s 12914 64 31
s 12919 84 46
s 12920 79 38
s 12921 57 35
s 12923 113 62
s 12926 71 33
s 12928 129 71
s 12929 55 31
s 12931 54 30
s 12935 158 91
s 12936 45 23
s 12937 50 29
s 12938 25 12
s 12945 72 31
s 12955 15 7
s 13108 30 17
s 13109 89 44
s 13110 140 70
s 13111 137 71
s 13112 49 26
s 13113 21 10
s 13114 23 13
s 13115 61 32
s 13116 99 64
s 13117 16 10
s 13118 60 36
s 13119 32 17
s 13120 21 11
s 13121 17 7
s 13122 2 2
s 13123 78 42
s 13124 28 10
s 13125 94 50
s 13126 59 32
s 13127 75 40
s 13128 29 15
s 13129 15 6
s 13130 210 97
s 13131 41 15
s 13132 189 96
s 13133 11 6
s 13134 50 25
s 13135 14 3
s 13136 40 22
s 13137 24 13
s 13138 7 4
s 13139 12 6
s 13140 57 29
s 13141 55 29
s 13142 203 109
s 13143 72 38
s 13144 52 30
s 13145 11 5
s 13146 51 27
s 13147 31 16
s 13148 33 26
s 13149 141 73
s 13150 17 7
s 13151 23 14
s 13152 49 24
s 13153 97 49
s 13154 64 29
s 13155 24 9
s 13156 37 21
s 13157 64 27
s 13158 9 2
s 13159 12 5
s 13160 91 39
s 13161 69 30
s 13162 137 65
s 13163 57 33
s 13164 58 30
s 13165 68 31
s 13166 51 30
s 13167 34 19
s 13168 71 39
s 13169 48 24
s 13170 53 25
s 13175 74 36
s 13176 64 28
s 13177 36 20
s 13179 95 44
s 13182 81 41
s 13184 103 58
s 13185 65 29
s 13187 61 34
s 13191 121 62
s 13192 36 16
s 13193 26 13
s 13194 30 16
s 13201 48 20
s 13211 26 17
s 13365 51 13
s 13366 107 52
s 13367 71 35
s 13368 29 18
s 13369 15 8
s 13370 18 8
s 13371 17 9
s 13372 81 44
s 13373 7 4
s 13374 125 67
s 13375 20 8
s 13376 41 21
s 13377 10 7
s 13378 1 0
s 13379 53 31
s 13380 30 13
s 13381 83 45
s 13382 42 21
s 13383 119 52
s 13384 16 4
s 13385 6 2
s 13386 51 25
s 13387 32 16
s 13388 34 21
s 13389 11 7
s 13390 27 15
s 13391 12 5
s 13392 20 14
s 13393 18 12
s 13394 5 1
s 13395 15 8
s 13396 51 28
s 13397 66 32
s 13398 186 100
s 13399 92 51
s 13400 45 25
s 13401 8 3
s 13402 34 22
s 13403 196 118
s 13404 19 9
s 13405 93 56
s 13406 8 6
s 13407 14 7
s 13408 42 19
s 13409 83 45
s 13410 40 17
s 13411 13 8
s 13412 75 43
s 13413 51 29
s 13414 16 9
s 13415 10 3
s 13416 61 37
s 13417 72 41
s 13418 23 15
s 13419 40 16
s 13420 46 18
s 13421 34 17
s 13422 44 27
s 13423 46 27
s 13424 86 46
s 13425 15 9
s 13426 17 7
s 13431 75 40
s 13432 15 7
s 13433 53 34
s 13435 104 51
s 13438 24 14
s 13440 68 33
s 13441 38 16
s 13443 54 30
s 13447 83 49
s 13448 23 14
s 13449 31 19
s 13450 26 14
s 13457 31 13
s 13467 28 19
s 13622 192 81
s 13623 207 86
s 13624 56 26
s 13625 48 18
s 13626 61 30
s 13627 99 43
s 13628 238 112
s 13629 16 4
s 13630 293 165
s 13631 66 28
s 13632 88 40
s 13633 13 2
s 13634 18 7
s 13635 80 38
s 13636 80 35
s 13637 192 77
s 13638 83 43
s 13639 428 207
s 13640 63 30
s 13641 21 9
s 13642 386 185
s 13643 135 52
s 13644 312 154
s 13645 44 22
s 13646 100 48
s 13647 52 17
s 13648 39 21
s 13649 49 30
s 13650 22 10
s 13651 38 13
s 13652 175 69
s 13653 258 108
s 13654 520 227
s 13655 261 120
s 13656 225 106
s 13657 13 5
s 13658 86 33
s 13659 65 27
s 13660 49 26
s 13661 223 110
s 13662 21 6
s 13663 32 15
s 13664 133 60
s 13665 239 110
s 13666 144 50
s 13667 47 16
s 13668 223 96
s 13669 170 78
s 13670 38 15
s 13671 31 14
s 13672 235 122
s 13673 189 84
s 13674 237 115
s 13675 190 95
s 13676 128 51
s 13677 62 22
s 13678 146 66
s 13679 90 42
s 13680 205 97
s 13681 63 27
s 13682 83 36
s 13687 222 110
s 13688 154 68
s 13689 143 72
s 13691 288 117
s 13694 129 58
s 13696 233 113
s 13697 115 45
s 13699 157 74
s 13703 247 115
s 13704 107 50
s 13705 68 32
s 13706 42 21
s 13713 82 32
s 13723 69 35
s 13879 452 225
s 13880 46 25
s 13881 91 47
s 13882 135 72
s 13883 173 78
s 13884 461 259
s 13885 34 16
s 13886 598 342
s 13887 102 53
s 13888 209 98
s 13889 59 27
s 13890 31 19
s 13891 4 3
s 13892 184 86
s 13893 443 237
s 13894 26 7
s 13895 749 385
s 13896 115 56
s 13897 41 22
s 13898 834 439
s 13899 336 175
s 13900 702 368
s 13901 79 47
s 13902 188 82
s 13903 99 43
s 13904 30 14
s 13905 50 23
s 13906 49 30
s 13907 59 33
s 13908 334 166
s 13909 436 199
s 13910 1132 576
s 13911 513 260
s 13912 364 196
s 13913 5 4
s 13914 241 132
s 13915 151 77
s 13916 118 64
s 13917 133 66
s 13918 5 3
s 13919 6 1
s 13920 228 118
s 13921 481 240
s 13922 303 138
s 13923 85 29
s 13924 339 175
s 13925 446 209
s 13926 75 29
s 13927 49 27
s 13928 401 210
s 13929 492 231
s 13930 518 256
s 13931 333 178
s 13932 248 105
s 13933 11 7
s 13934 313 152
s 13935 233 108
s 13936 535 291
s 13937 167 101
s 13938 92 52
s 13943 484 259
s 13944 268 137
s 13945 404 226
s 13947 657 333
s 13950 300 155
s 13952 551 276
s 13953 233 116
s 13955 387 202
s 13959 580 313
s 13960 172 80
s 13961 176 85
s 13962 37 19
s 13969 91 46
s 13979 105 54
s 14136 105 56
s 14137 38 17
s 14138 73 35
s 14139 107 61
s 14140 23 14
s 14141 34 19
s 14142 758 429
s 14143 71 35
s 14144 137 58
s 14145 15 10
s 14146 16 7
s 14147 188 90
s 14148 94 43
s 14149 20 6
s 14150 166 87
s 14151 796 442
s 14152 78 27
s 14153 44 29
s 14154 464 247
s 14155 151 76
s 14156 431 232
s 14157 11 6
s 14158 17 7
s 14159 56 19
s 14160 118 56
s 14161 23 15
s 14162 35 19
s 14163 37 15
s 14164 186 83
s 14165 204 100
s 14166 517 266
s 14167 345 172
s 14168 296 161
s 14169 29 12
s 14170 143 76
s 14171 102 41
s 14172 26 12
s 14173 351 192
s 14174 41 16
s 14175 14 5
s 14176 6 3
s 14177 134 74
s 14178 24 8
s 14179 1 1
s 14180 299 150
s 14181 184 104
s 14182 45 18
s 14183 29 15
s 14184 14 6
s 14185 281 137
s 14186 382 196
s 14187 229 110
s 14188 8 4
s 14189 227 102
s 14190 147 77
s 14191 125 73
s 14192 304 156
s 14193 99 55
s 14194 129 57
s 14199 224 117
s 14200 127 74
s 14201 171 88
s 14203 317 153
s 14206 183 90
s 14208 246 112
s 14209 9 5
s 14211 194 95
s 14215 32 14
s 14216 98 50
s 14217 43 16
s 14218 61 30
s 14225 157 77
s 14235 41 19
s 14393 29 17
s 14394 27 9
s 14395 31 12
s 14396 124 60
s 14397 13 6
s 14398 109 56
s 14399 33 16
s 14400 47 18
s 14401 5 3
s 14402 8 4
s 14403 20 6
s 14404 26 10
s 14405 88 50
s 14406 13 6
s 14407 175 93
s 14408 22 10
s 14409 7 6
s 14410 181 84
s 14411 75 38
s 14412 147 82
s 14413 26 11
s 14414 44 22
s 14415 22 11
s 14416 12 4
s 14417 22 11
s 14418 7 4
s 14419 30 13
s 14420 74 37
s 14421 134 74
s 14422 228 129
s 14423 121 62
s 14424 77 44
s 14425 5 1
s 14426 64 34
s 14427 34 21
s 14428 25 12
s 14429 54 29
s 14430 4 3
s 14431 5 2
s 14432 75 32
s 14433 129 66
s 14434 56 25
s 14435 21 8
s 14436 135 62
s 14437 101 54
s 14438 19 8
s 14439 21 10
s 14440 86 35
s 14441 127 57
s 14442 82 35
s 14443 84 45
s 14444 68 31
s 14445 17 6
s 14446 77 42
s 14447 43 24
s 14448 110 53
s 14449 27 19
s 14450 33 11
s 14455 132 69
s 14456 65 33
s 14457 75 40
s 14459 144 64
s 14462 63 29
s 14464 85 34
s 14465 53 22
s 14467 99 54
s 14471 148 81
s 14472 29 14
s 14473 36 24
s 14474 12 7
s 14481 29 13
s 14491 30 18
s 14650 17 6
s 14651 26 17
s 14652 56 24
s 14653 7 3
s 14654 61 36
s 14655 21 12
s 14656 12 6
s 14657 8 4
s 14658 2 2
s 14659 44 20
s 14660 18 9
s 14661 28 13
s 14662 41 20
s 14663 61 32
s 14664 10 6
s 14665 13 7
s 14666 122 71
s 14667 31 18
s 14668 96 59
s 14669 12 5
s 14670 10 4
s 14671 9 4
s 14672 23 9
s 14673 14 7
s 14674 10 7
s 14675 8 3
s 14676 38 17
s 14677 39 16
s 14678 133 78
s 14679 54 28
s 14680 46 26
s 14681 3 2
s 14682 27 21
s 14683 39 23
s 14684 6 4
s 14685 70 35
s 14686 11 4
s 14687 6 3
s 14688 19 9
s 14689 52 22
s 14690 30 16
s 14691 12 6
s 14692 42 20
s 14693 53 25
s 14694 8 3
s 14695 6 5
s 14696 44 24
s 14697 59 35
s 14698 59 34
s 14699 53 30
s 14700 6 6
s 14701 54 23
s 14702 42 21
s 14703 21 15
s 14704 43 26
s 14705 25 14
s 14706 28 13
s 14711 43 24
s 14712 18 11
s 14713 32 18
s 14715 67 34
s 14718 28 19
s 14720 72 36
s 14721 26 13
s 14723 34 11
s 14727 46 26
s 14728 28 10
s 14729 20 12
s 14730 17 8
s 14737 31 12
s 14747 17 8
s 14907 36 14
s 14908 91 46
s 14909 13 8
s 14910 82 42
s 14911 32 17
s 14912 19 10
s 14913 12 5
s 14914 3 0
s 14915 72 35
s 14916 13 8
s 14917 59 23
s 14918 60 26
s 14919 128 62
s 14920 24 13
s 14921 20 7
s 14922 139 69
s 14923 32 11
s 14924 132 80
s 14925 17 9
s 14926 35 19
s 14927 12 6
s 14928 25 11
s 14929 18 9
s 14930 14 6
s 14931 10 5
s 14932 70 32
s 14933 63 31
s 14934 157 75
s 14935 50 23
s 14936 68 36
s 14937 15 9
s 14938 38 21
s 14939 25 11
s 14940 20 9
s 14941 126 65
s 14942 12 6
s 14943 10 6
s 14944 35 15
s 14945 84 35
s 14946 39 17
s 14947 14 9
s 14948 49 21
s 14949 68 36
s 14950 12 7
s 14951 3 2
s 14952 64 29
s 14953 55 27
s 14954 109 54
s 14955 63 33
s 14956 31 15
s 14957 44 23
s 14958 54 29
s 14959 28 16
s 14960 58 30
s 14961 34 17
s 14962 44 18
s 14967 62 36
s 14968 45 20
s 14969 37 22
s 14971 92 39
s 14974 59 27
s 14976 83 40
s 14977 42 16
s 14979 41 16
s 14983 87 40
s 14984 33 13
s 14985 30 15
s 14986 22 14
s 14993 52 17
s 15003 17 8
s 15164 100 50
s 15165 11 5
s 15166 148 85
s 15167 25 14
s 15168 41 16
s 15169 17 9
s 15170 3 2
s 15171 77 30
s 15172 51 25
s 15173 69 32
s 15174 55 25
s 15175 171 81
s 15176 46 25
s 15177 14 6
s 15178 117 54
s 15179 59 25
s 15180 51 26
s 15181 17 10
s 15182 34 18
s 15183 26 7
s 15184 48 21
s 15185 22 8
s 15186 13 7
s 15187 21 6
s 15188 76 28
s 15189 103 40
s 15190 255 120
s 15191 121 47
s 15192 87 51
s 15193 9 5
s 15194 32 16
s 15195 55 26
s 15196 28 15
s 15197 157 77
s 15198 7 4
s 15199 14 4
s 15200 55 18
s 15201 98 45
s 15202 52 22
s 15203 14 7
s 15204 108 46
s 15205 79 35
s 15206 22 13
s 15207 10 4
s 15208 83 50
s 15209 127 58
s 15210 52 25
s 15211 52 22
s 15212 39 20
s 15213 84 38
s 15214 60 30
s 15215 88 50
s 15216 136 70
s 15217 21 8
s 15218 40 15
s 15223 117 65
s 15224 24 13
s 15225 98 45
s 15227 154 67
s 15230 32 14
s 15232 119 49
s 15233 50 18
s 15235 89 47
s 15239 126 61
s 15240 32 13
s 15241 18 6
s 15242 19 9
s 15249 38 17
s 15259 27 10
s 15421 42 23
s 15422 310 175
s 15423 101 52
s 15424 118 55
s 15425 19 12
s 15426 14 5
s 15427 223 115
s 15428 120 66
s 15429 31 16
s 15430 199 100
s 15431 400 232
s 15432 106 58
s 15433 31 15
s 15434 508 262
s 15435 203 97
s 15436 472 255
s 15437 17 11
s 15438 23 14
s 15439 64 30
s 15440 95 52
s 15441 28 8
s 15442 43 25
s 15443 58 28
s 15444 224 108
s 15445 250 131
s 15446 701 380
s 15447 364 197
s 15448 189 109
s 15449 25 13
s 15450 174 100
s 15451 191 105
s 15452 28 17
s 15453 388 201
s 15454 35 16
s 15455 47 28
s 15456 8 3
s 15457 151 82
s 15458 34 21
s 15459 1 0
s 15460 243 126
s 15461 277 142
s 15462 49 26
s 15463 29 17
s 15464 28 15
s 15465 374 196
s 15466 346 164
s 15467 210 116
s 15468 12 7
s 15469 197 98
s 15470 96 52
s 15471 137 61
s 15472 327 201
s 15473 121 61
s 15474 125 66
s 15479 330 180
s 15480 152 78
s 15481 262 140
s 15483 483 255
s 15486 161 78
s 15488 335 178
s 15489 17 10
s 15491 234 124
s 15495 26 10
s 15496 89 42
s 15497 36 24
s 15498 76 42
s 15505 149 78
s 15515 41 30
s 15678 37 24
s 15679 15 7
s 15680 14 9
s 15681 5 2
s 15682 1 0
s 15683 21 11
s 15684 12 7
s 15685 21 11
s 15686 16 10
s 15687 53 26
s 15688 9 3
s 15689 5 2
s 15690 39 20
s 15691 22 13
s 15692 24 11
s 15693 6 3
s 15694 4 3
s 15695 6 4
s 15696 12 7
s 15697 10 3
s 15698 2 2
s 15699 9 5
s 15700 30 15
s 15701 32 18
s 15702 66 35
s 15703 29 18
s 15704 13 8
s 15705 2 0
s 15706 20 9
s 15707 19 12
s 15708 5 4
s 15709 30 12
s 15710 4 1
s 15712 7 4
s 15713 37 20
s 15714 15 7
s 15715 10 4
s 15716 31 16
s 15717 31 10
s 15718 5 3
s 15719 4 1
s 15720 23 11
s 15721 50 27
s 15722 14 10
s 15723 19 11
s 15724 9 1
s 15725 32 19
s 15726 22 15
s 15727 13 5
s 15728 46 19
s 15729 4 1
s 15730 11 4
s 15735 39 20
s 15736 13 4
s 15737 44 21
s 15739 46 20
s 15742 13 6
s 15744 26 11
s 15745 13 11
s 15747 38 19
s 15751 35 13
s 15752 15 7
s 15753 6 4
s 15754 11 4
s 15761 14 5
s 15771 9 5
s 15935 56 28
s 15936 110 61
s 15937 35 19
s 15938 11 4
s 15939 252 152
s 15940 75 45
s 15941 264 141
s 15942 200 121
s 15943 149 83
s 15944 77 36
s 15945 32 17
s 15946 529 297
s 15947 162 79
s 15948 580 355
s 15949 75 46
s 15950 163 100
s 15951 55 25
s 15952 146 78
s 15953 57 28
s 15954 52 28
s 15955 31 14
s 15956 157 82
s 15957 261 141
s 15958 428 245
s 15959 334 187
s 15960 93 52
s 15961 22 13
s 15962 172 110
s 15963 124 62
s 15964 80 44
s 15965 444 232
s 15966 40 12
s 15967 55 32
s 15968 168 97
s 15969 273 142
s 15970 237 121
s 15971 67 28
s 15972 148 78
s 15973 144 97
s 15974 48 21
s 15975 37 19
s 15976 230 131
s 15977 208 130
s 15978 452 252
s 15979 199 118
s 15980 163 75
s 15981 219 110
s 15982 186 105
s 15983 137 79
s 15984 350 229
s 15985 133 80
s 15986 158 93
s 15991 161 95
s 15992 224 114
s 15993 200 133
s 15995 273 154
s 15998 226 123
s 16000 301 154
s 16001 187 102
s 16003 188 109
s 16007 421 256
s 16008 120 62
s 16009 112 58
s 16010 84 48
s 16017 191 89
s 16027 85 49
s 16192 40 14
s 16193 10 3
s 16194 4 4
s 16195 45 15
s 16196 25 15
s 16197 74 33
s 16198 48 23
s 16199 129 58
s 16200 26 10
s 16201 11 4
s 16202 142 72
s 16203 61 26
s 16204 133 76
s 16205 13 6
s 16206 41 21
s 16207 21 11
s 16208 36 12
s 16209 25 13
s 16210 5 4
s 16211 15 9
s 16212 87 34
s 16213 109 56
s 16214 195 100
s 16215 94 45
s 16216 64 33
s 16217 5 2
s 16218 51 31
s 16219 28 9
s 16220 20 12
s 16221 98 58
s 16222 11 7
s 16223 8 3
s 16224 38 13
s 16225 96 46
s 16226 63 32
s 16227 21 8
s 16228 89 49
s 16229 67 35
s 16230 16 9
s 16231 10 2
s 16232 74 39
s 16233 65 29
s 16234 92 46
s 16235 70 30
s 16236 64 29
s 16237 40 15
s 16238 60 31
s 16239 31 19
s 16240 72 36
s 16241 50 32
s 16242 45 20
s 16247 73 34
s 16248 63 27
s 16249 61 32
s 16251 94 41
s 16254 74 37
s 16256 98 48
s 16257 61 27
s 16259 58 30
s 16263 119 57
s 16264 35 9
s 16265 23 12
s 16266 12 5
s 16273 27 11
s 16283 35 13
s 16449 10 6
s 16450 3 1
s 16451 88 46
s 16452 23 13
s 16453 104 41
s 16454 94 46
s 16455 161 84
s 16456 31 18
s 16457 12 8
s 16458 252 120
s 16459 45 16
s 16460 167 84
s 16461 18 9
s 16462 58 26
s 16463 15 8
s 16464 49 20
s 16465 28 18
s 16466 12 3
s 16467 8 2
s 16468 66 26
s 16469 74 32
s 16470 241 112
s 16471 48 21
s 16472 73 42
s 16473 12 5
s 16474 61 28
s 16475 46 15
s 16476 24 13
s 16477 153 68
s 16478 27 15
s 16479 24 8
s 16480 67 25
s 16481 139 65
s 16482 74 37
s 16483 28 12
s 16484 83 37
s 16485 72 31
s 16486 18 6
s 16487 13 5
s 16488 129 69
s 16489 85 39
s 16490 141 68
s 16491 82 35
s 16492 64 25
s 16493 73 36
s 16494 75 34
s 16495 33 12
s 16496 45 25
s 16497 40 22
s 16498 60 22
s 16503 70 31
s 16504 76 34
s 16505 30 16
s 16507 95 40
s 16510 95 49
s 16512 111 41
s 16513 74 31
s 16515 43 21
s 16519 164 79
s 16520 44 20
s 16521 51 20
s 16522 24 12
s 16529 63 35
s 16539 24 11
s 16706 3 0
s 16707 17 9
s 16708 11 4
s 16709 18 7
s 16710 20 6
s 16711 53 26
s 16712 4 2
s 16713 4 0
s 16714 41 22
s 16715 21 8
s 16716 32 14
s 16717 4 1
s 16718 12 4
s 16719 7 2
s 16720 9 4
s 16721 8 6
s 16722 1 1
s 16723 5 1
s 16724 27 10
s 16725 30 15
s 16726 49 26
s 16727 31 14
s 16728 24 9
s 16729 1 0
s 16730 15 8
s 16731 20 8
s 16732 6 1
s 16733 41 17
s 16734 7 2
s 16735 4 2
s 16736 12 6
s 16737 28 12
s 16738 18 7
s 16739 7 1
s 16740 24 10
s 16741 23 15
s 16742 1 1
s 16743 5 3
s 16744 15 5
s 16745 34 13
s 16746 23 7
s 16747 16 6
s 16748 7 3
s 16749 24 11
s 16750 24 8
s 16751 10 4
s 16752 36 15
s 16753 10 5
s 16754 16 8
s 16759 16 7
s 16760 7 4
s 16761 26 11
s 16763 29 11
s 16766 9 5
s 16768 34 13
s 16769 4 2
s 16771 24 11
s 16775 27 14
s 16776 11 5
s 16777 12 6
s 16778 11 8
s 16785 14 9
s 16795 6 1
s 16963 9 4
s 16964 2 2
s 16965 13 9
s 16966 8 4
s 16967 25 14
s 16968 3 2
s 16969 2 0
s 16970 21 10
s 16972 28 10
s 16973 3 2
s 16974 5 3
s 16975 1 0
s 16976 3 2
s 16977 2 2
s 16978 5 2
s 16980 2 0
s 16981 2 1
s 16982 31 19
s 16983 3 2
s 16984 9 4
s 16985 1 1
s 16986 6 2
s 16987 11 6
s 16988 2 1
s 16989 24 8
s 16990 2 1
s 16992 12 6
s 16993 18 8
s 16994 8 5
s 16995 1 0
s 16996 7 3
s 16997 9 3
s 16998 1 1
s 16999 1 0
s 17000 14 6
s 17001 13 5
s 17002 19 7
s 17003 7 4
s 17004 7 3
s 17005 18 7
s 17006 4 2
s 17007 3 1
s 17008 5 2
s 17009 11 4
s 17010 4 2
s 17015 11 3
s 17016 3 0
s 17017 5 2
s 17019 16 8
s 17022 13 9
s 17024 18 7
s 17025 12 7
s 17027 2 1
s 17031 25 9
s 17032 6 3
s 17033 2 2
s 17034 7 4
s 17041 11 6
s 17051 5 4
s 17220 109 55
s 17221 167 91
s 17222 11 4
s 17223 354 182
s 17224 53 26
s 17225 14 8
s 17226 414 215
s 17227 132 76
s 17228 301 172
s 17229 39 19
s 17230 103 40
s 17231 48 20
s 17232 12 6
s 17233 40 21
s 17234 21 9
s 17235 30 18
s 17236 150 74
s 17237 238 110
s 17238 485 266
s 17239 231 119
s 17240 192 105
s 17242 113 60
s 17243 57 23
s 17244 41 22
s 17245 76 42
s 17246 2 2
s 17247 4 2
s 17248 109 45
s 17249 189 86
s 17250 129 62
s 17251 43 21
s 17252 147 66
s 17253 189 93
s 17254 36 22
s 17255 18 7
s 17256 210 116
s 17257 198 103
s 17258 239 134
s 17259 148 79
s 17260 93 52
s 17261 4 2
s 17262 153 94
s 17263 100 48
s 17264 224 124
s 17265 83 48
s 17266 43 14
s 17271 210 104
s 17272 126 71
s 17273 174 95
s 17275 306 150
s 17278 156 78
s 17280 249 113
s 17281 108 51
s 17283 170 95
s 17287 261 158
s 17288 99 56
s 17289 66 38
s 17290 8 1
s 17297 30 19
s 17307 51 29
s 17477 94 39
s 17478 74 37
s 17479 144 71
s 17480 23 7
s 17481 18 7
s 17482 232 120
s 17483 32 14
s 17484 173 90
s 17485 12 10
s 17486 56 32
s 17487 9 7
s 17488 34 16
s 17489 33 19
s 17490 14 5
s 17491 9 5
s 17492 53 27
s 17493 67 24
s 17494 211 100
s 17495 40 14
s 17496 76 41
s 17497 15 10
s 17498 35 17
s 17499 35 15
s 17500 23 10
s 17501 172 93
s 17502 13 5
s 17503 13 9
s 17504 70 29
s 17505 123 57
s 17506 61 28
s 17507 24 10
s 17508 54 25
s 17509 41 24
s 17510 14 9
s 17511 10 6
s 17512 124 57
s 17513 79 41
s 17514 122 60
s 17515 80 47
s 17516 56 21
s 17517 75 31
s 17518 57 28
s 17519 24 12
s 17520 41 29
s 17521 44 27
s 17522 43 15
s 17527 69 31
s 17528 76 41
s 17529 44 18
s 17531 82 40
s 17534 82 47
s 17536 105 52
s 17537 61 35
s 17539 33 14
s 17543 123 58
s 17544 36 22
s 17545 39 14
s 17546 22 12
s 17553 58 25
s 17563 29 15
s 17734 127 63
s 17735 340 170
s 17736 79 38
s 17737 25 10
s 17738 444 233
s 17739 147 75
s 17740 403 228
s 17741 13 6
s 17742 20 10
s 17743 53 19
s 17744 87 40
s 17745 15 6
s 17746 31 22
s 17747 28 13
s 17748 146 81
s 17749 201 99
s 17750 677 349
s 17751 294 141
s 17752 206 107
s 17753 17 11
s 17754 151 70
s 17755 95 44
s 17756 32 17
s 17757 333 162
s 17758 36 15
s 17759 39 16
s 17760 14 6
s 17761 136 71
s 17762 30 9
s 17763 9 4
s 17764 155 76
s 17765 239 109
s 17766 42 20
s 17767 14 7
s 17768 24 11
s 17769 263 125
s 17770 304 150
s 17771 161 84
s 17772 23 9
s 17773 151 69
s 17774 161 77
s 17775 111 64
s 17776 240 134
s 17777 84 51
s 17778 110 46
s 17783 286 143
s 17784 97 37
s 17785 356 196
s 17787 392 186
s 17790 162 80
s 17792 224 105
s 17793 16 10
s 17795 230 124
s 17799 32 12
s 17800 62 38
s 17801 38 22
s 17802 62 30
s 17809 121 66
s 17819 38 20
s 17991 235 121
s 17992 26 7
s 17993 23 13
s 17994 363 180
s 17995 106 53
s 17996 219 107
s 17997 46 21
s 17998 87 51
s 17999 33 19
s 18000 20 10
s 18001 26 13
s 18002 23 12
s 18003 31 15
s 18004 127 64
s 18005 200 92
s 18006 458 233
s 18007 216 109
s 18008 149 75
s 18009 4 1
s 18010 87 46
s 18011 79 40
s 18012 43 25
s 18013 48 22
s 18014 3 3
s 18015 3 0
s 18016 82 47
s 18017 192 86
s 18018 121 64
s 18019 39 16
s 18020 146 76
s 18021 155 78
s 18022 34 21
s 18023 17 12
s 18024 137 68
s 18025 205 96
s 18026 168 93
s 18027 137 68
s 18028 90 40
s 18029 10 3
s 18030 126 60
s 18031 97 49
s 18032 181 100
s 18033 81 46
s 18034 39 23
s 18039 158 74
s 18040 95 55
s 18041 150 83
s 18043 208 91
s 18046 108 49
s 18048 234 120
s 18049 111 66
s 18051 130 62
s 18055 199 109
s 18056 61 30
s 18057 51 30
s 18058 8 3
s 18065 28 13
s 18075 33 15
s 18248 83 42
s 18249 51 30
s 18250 787 435
s 18251 227 130
s 18252 653 361
s 18253 81 43
s 18254 185 91
s 18255 87 42
s 18256 170 90
s 18257 80 46
s 18258 75 48
s 18259 45 22
s 18260 229 119
s 18261 327 163
s 18262 634 321
s 18263 427 235
s 18264 159 87
s 18265 40 21
s 18266 210 109
s 18267 223 121
s 18268 102 59
s 18269 584 301
s 18270 76 40
s 18271 55 28
s 18272 176 97
s 18273 339 172
s 18274 281 141
s 18275 87 40
s 18276 186 83
s 18277 243 137
s 18278 86 41
s 18279 50 28
s 18280 343 175
s 18281 292 153
s 18282 486 255
s 18283 246 126
s 18284 179 94
s 18285 300 164
s 18286 272 161
s 18287 207 126
s 18288 431 229
s 18289 191 107
s 18290 221 112
s 18295 241 139
s 18296 263 121
s 18297 236 119
s 18299 321 159
s 18302 281 148
s 18304 418 222
s 18305 181 100
s 18307 246 135
s 18311 524 291
s 18312 130 72
s 18313 134 70
s 18314 119 57
s 18321 203 107
s 18331 80 45
s 18505 11 4
s 18506 161 92
s 18507 34 18
s 18508 138 72
s 18509 16 7
s 18510 41 17
s 18511 13 7
s 18512 22 13
s 18513 12 8
s 18514 15 9
s 18515 10 5
s 18516 65 26
s 18517 73 35
s 18518 153 83
s 18519 77 35
s 18520 55 29
s 18521 5 2
s 18522 46 21
s 18523 56 27
s 18524 22 9
s 18525 88 44
s 18526 15 13
s 18527 9 5
s 18528 47 22
s 18529 102 51
s 18530 67 28
s 18531 19 10
s 18532 62 26
s 18533 58 20
s 18534 12 5
s 18535 9 4
s 18536 79 41
s 18537 66 31
s 18538 100 48
s 18539 55 28
s 18540 33 14
s 18541 30 18
s 18542 53 22
s 18543 34 19
s 18544 65 37
s 18545 29 13
s 18546 37 16
s 18551 64 33
s 18552 37 19
s 18553 39 21
s 18555 86 44
s 18558 33 15
s 18560 88 34
s 18561 55 37
s 18563 47 16
s 18567 103 50
s 18568 25 16
s 18569 34 18
s 18570 16 6
s 18577 41 16
s 18587 24 11
s 18762 61 27
s 18763 26 11
s 18764 47 27
s 18765 7 1
s 18766 16 10
s 18767 10 2
s 18768 18 7
s 18769 6 4
s 18770 9 4
s 18771 7 3
s 18772 32 16
s 18773 34 17
s 18774 103 45
s 18775 37 16
s 18776 34 16
s 18777 1 0
s 18778 24 14
s 18779 19 12
s 18780 5 2
s 18781 52 17
s 18782 7 2
s 18783 2 2
s 18784 23 11
s 18785 36 16
s 18786 30 12
s 18787 9 5
s 18788 47 19
s 18789 33 18
s 18790 5 2
s 18791 4 1
s 18792 22 6
s 18793 43 19
s 18794 43 19
s 18795 27 15
s 18796 7 3
s 18797 16 5
s 18798 45 21
s 18799 24 12
s 18800 45 27
s 18801 15 13
s 18802 19 6
s 18807 31 14
s 18808 29 13
s 18809 23 12
s 18811 54 26
s 18814 25 8
s 18816 53 20
s 18817 19 8
s 18819 30 14
s 18823 43 23
s 18824 19 7
s 18825 20 7
s 18826 8 4
s 18833 23 10
s 18843 6 2
s 19019 336 167
s 19020 194 100
s 19021 95 48
s 19022 260 137
s 19023 116 54
s 19024 194 91
s 19025 124 65
s 19026 33 16
s 19027 98 49
s 19028 405 215
s 19029 570 288
s 19030 1121 573
s 19031 614 316
s 19032 399 232
s 19033 47 29
s 19034 135 65
s 19035 180 95
s 19036 90 51
s 19037 667 364
s 19038 98 45
s 19039 72 40
s 19040 294 145
s 19041 568 293
s 19042 313 131
s 19043 117 50
s 19044 479 251
s 19045 369 166
s 19046 111 65
s 19047 62 30
s 19048 587 287
s 19049 555 294
s 19050 173 85
s 19051 261 126
s 19052 293 119
s 19053 316 166
s 19054 334 170
s 19055 269 160
s 19056 548 303
s 19057 55 33
s 19058 208 81
s 19063 501 254
s 19064 150 76
s 19065 424 217
s 19067 634 303
s 19070 141 68
s 19072 514 259
s 19073 345 155
s 19075 425 214
s 19079 673 363
s 19080 160 85
s 19081 138 61
s 19082 132 65
s 19089 201 80
s 19099 164 83
s 19276 282 157
s 19277 27 11
s 19278 74 34
s 19279 15 8
s 19280 62 34
s 19281 40 19
s 19282 26 18
s 19283 19 8
s 19284 100 46
s 19285 121 53
s 19286 301 150
s 19287 87 50
s 19288 129 65
s 19289 19 12
s 19290 67 36
s 19291 55 22
s 19292 28 11
s 19293 258 137
s 19294 32 14
s 19295 21 9
s 19296 89 46
s 19297 182 104
s 19298 86 39
s 19299 44 17
s 19300 112 63
s 19301 95 47
s 19302 18 8
s 19303 12 7
s 19304 176 95
s 19305 124 54
s 19306 183 89
s 19307 125 57
s 19308 104 44
s 19309 114 54
s 19310 80 46
s 19311 34 18
s 19312 84 44
s 19313 58 29
s 19314 78 33
s 19319 95 46
s 19320 108 53
s 19321 78 41
s 19323 133 78
s 19326 119 63
s 19328 182 72
s 19329 98 50
s 19331 57 23
s 19335 216 113
s 19336 58 30
s 19337 74 37
s 19338 40 16
s 19345 80 40
s 19355 39 17
s 19533 63 30
s 19534 238 126
s 19535 99 45
s 19536 138 79
s 19537 120 67
s 19538 22 12
s 19539 76 41
s 19540 318 170
s 19541 501 255
s 19542 1119 607
s 19543 550 312
s 19544 387 227
s 19545 31 16
s 19546 83 48
s 19547 161 94
s 19548 88 56
s 19549 548 287
s 19550 51 25
s 19551 59 29
s 19552 214 113
s 19553 414 225
s 19554 266 131
s 19555 76 30
s 19556 355 190
s 19557 309 159
s 19558 73 41
s 19559 45 30
s 19560 378 197
s 19561 454 226
s 19562 42 17
s 19563 184 106
s 19564 216 120
s 19565 284 149
s 19566 309 171
s 19567 184 94
s 19568 497 294
s 19569 23 15
s 19570 147 77
s 19575 446 249
s 19576 66 29
s 19577 318 163
s 19579 591 303
s 19582 71 40
s 19584 365 175
s 19585 194 102
s 19587 341 169
s 19591 557 319
s 19592 91 42
s 19593 120 64
s 19594 102 48
s 19601 126 62
s 19611 121 64
s 19790 9 6
s 19791 10 8
s 19792 26 16
s 19793 6 4
s 19794 9 5
s 19795 10 7
s 19796 40 20
s 19797 49 28
s 19798 135 65
s 19799 62 33
s 19800 50 27
s 19801 3 2
s 19802 21 10
s 19803 20 12
s 19804 5 2
s 19805 62 38
s 19806 7 3
s 19807 6 2
s 19808 2 0
s 19809 30 11
s 19810 11 6
s 19811 2 1
s 19812 47 30
s 19813 45 31
s 19814 6 5
s 19815 5 2
s 19816 9 4
s 19817 71 33
s 19818 65 28
s 19819 40 20
s 19820 4 3
s 19821 32 18
s 19822 37 20
s 19823 26 16
s 19824 86 46
s 19825 13 7
s 19826 17 11
s 19831 50 26
s 19832 31 16
s 19833 45 21
s 19835 76 33
s 19838 35 17
s 19840 51 29
s 19841 6 5
s 19843 62 32
s 19847 18 13
s 19848 18 7
s 19849 9 7
s 19850 10 3
s 19857 27 11
s 19867 9 5
s 20047 40 14
s 20048 68 39
s 20049 13 4
s 20050 20 13
s 20051 24 12
s 20052 77 37
s 20053 107 54
s 20054 338 174
s 20055 161 90
s 20056 100 56
s 20057 20 12
s 20058 67 33
s 20059 50 29
s 20060 25 19
s 20061 193 106
s 20062 23 10
s 20063 25 13
s 20064 6 5
s 20065 85 50
s 20066 16 5
s 20067 5 1
s 20068 105 53
s 20069 110 51
s 20070 21 11
s 20071 15 10
s 20072 14 10
s 20073 165 84
s 20074 160 83
s 20075 86 47
s 20076 3 0
s 20077 69 36
s 20078 85 42
s 20079 57 25
s 20080 183 91
s 20081 52 33
s 20082 56 31
s 20087 153 85
s 20088 76 41
s 20089 125 77
s 20091 213 103
s 20094 80 42
s 20096 148 73
s 20097 10 6
s 20099 140 65
s 20103 24 15
s 20104 38 20
s 20105 18 10
s 20106 34 15
s 20113 58 25
s 20123 22 12
s 20304 17 6
s 20305 6 0
s 20306 10 5
s 20307 8 4
s 20308 35 15
s 20309 59 26
s 20310 99 45
s 20311 41 19
s 20312 35 24
s 20313 4 2
s 20314 37 15
s 20315 17 9
s 20316 15 9
s 20317 68 29
s 20318 9 4
s 20319 13 6
s 20320 31 16
s 20321 55 23
s 20322 57 28
s 20323 15 8
s 20324 38 12
s 20325 26 9
s 20326 8 4
s 20327 2 2
s 20328 55 26
s 20329 52 26
s 20330 72 28
s 20331 42 19
s 20332 27 15
s 20333 59 21
s 20334 39 19
s 20335 12 6
s 20336 30 15
s 20337 21 9
s 20338 37 15
s 20343 41 23
s 20344 36 22
s 20345 32 15
s 20347 41 20
s 20350 38 12
s 20352 66 26
s 20353 37 17
s 20355 28 14
s 20359 87 44
s 20360 25 6
s 20361 25 9
s 20362 13 7
s 20369 40 16
s 20379 17 7
s 20561 18 7
s 20562 15 5
s 20563 13 8
s 20564 83 35
s 20565 109 52
s 20566 249 130
s 20567 139 76
s 20568 80 39
s 20569 4 2
s 20570 75 41
s 20571 38 16
s 20572 31 17
s 20573 49 22
s 20574 5 1
s 20575 6 3
s 20576 53 18
s 20577 115 58
s 20578 78 40
s 20579 15 7
s 20580 167 89
s 20581 93 50
s 20582 15 5
s 20583 10 5
s 20584 96 37
s 20585 140 70
s 20586 115 58
s 20587 73 31
s 20588 49 23
s 20589 19 12
s 20590 92 42
s 20591 52 23
s 20592 126 58
s 20593 24 14
s 20594 26 14
s 20599 120 63
s 20600 67 30
s 20601 92 45
s 20603 182 89
s 20606 65 36
s 20608 132 64
s 20609 48 27
s 20611 95 54
s 20615 137 69
s 20616 45 20
s 20617 46 24
s 20618 20 11
s 20625 30 15
s 20635 24 11
s 20818 5 3
s 20819 11 5
s 20820 40 18
s 20821 47 23
s 20822 140 61
s 20823 81 48
s 20824 45 29
s 20825 5 5
s 20826 40 21
s 20827 34 19
s 20828 15 5
s 20829 45 21
s 20830 8 3
s 20831 6 1
s 20832 11 10
s 20833 48 23
s 20834 35 14
s 20835 7 2
s 20836 52 32
s 20837 69 33
s 20838 7 4
s 20839 8 3
s 20840 27 14
s 20841 76 42
s 20842 67 32
s 20843 37 17
s 20844 16 9
s 20845 20 12
s 20846 53 26
s 20847 38 17
s 20848 77 41
s 20849 19 11
s 20850 26 14
s 20855 65 33
s 20856 24 11
s 20857 73 41
s 20859 69 36
s 20862 28 11
s 20864 63 25
s 20865 27 15
s 20867 34 14
s 20871 46 29
s 20872 22 11
s 20873 15 5
s 20874 13 7
s 20881 30 13
s 20891 14 8
s 21075 7 4
s 21076 31 13
s 21077 46 27
s 21078 91 54
s 21079 48 29
s 21080 29 18
s 21081 2 1
s 21082 13 10
s 21083 12 2
s 21084 12 5
s 21085 45 17
s 21086 1 0
s 21087 5 5
s 21088 21 12
s 21089 38 17
s 21090 30 15
s 21091 9 6
s 21092 39 18
s 21093 31 14
s 21094 9 5
s 21095 6 4
s 21096 42 25
s 21097 54 35
s 21098 15 9
s 21099 17 6
s 21100 25 12
s 21101 23 15
s 21102 29 20
s 21103 22 15
s 21104 54 32
s 21105 3 2
s 21106 9 6
s 21111 49 30
s 21112 12 8
s 21113 35 21
s 21115 62 33
s 21118 16 8
s 21120 52 33
s 21121 19 13
s 21123 42 23
s 21127 52 25
s 21128 6 4
s 21129 9 4
s 21130 5 3
s 21137 21 11
s 21147 18 11
s 21332 21 10
s 21333 31 8
s 21334 90 50
s 21335 19 8
s 21336 37 16
s 21337 2 2
s 21338 18 15
s 21339 16 9
s 21340 13 11
s 21341 52 22
s 21342 6 3
s 21343 3 1
s 21344 25 17
s 21345 40 17
s 21346 27 13
s 21347 13 4
s 21348 25 15
s 21349 25 11
s 21350 6 2
s 21351 4 1
s 21352 32 12
s 21353 37 16
s 21354 51 28
s 21355 27 10
s 21356 34 22
s 21357 38 20
s 21358 39 22
s 21359 5 3
s 21360 17 7
s 21361 17 9
s 21362 26 14
s 21367 23 13
s 21368 29 12
s 21369 14 8
s 21371 37 17
s 21374 24 11
s 21376 49 28
s 21377 29 14
s 21379 17 8
s 21383 46 19
s 21384 14 7
s 21385 16 12
s 21386 9 5
s 21393 23 12
s 21403 20 10
s 21589 176 84
s 21590 480 222
s 21591 139 67
s 21592 136 70
s 21593 10 5
s 21594 127 58
s 21595 80 37
s 21596 56 27
s 21597 293 136
s 21598 35 19
s 21599 32 15
s 21600 85 42
s 21601 216 101
s 21602 113 52
s 21603 52 20
s 21604 121 65
s 21605 146 72
s 21606 29 16
s 21607 13 6
s 21608 185 94
s 21609 161 76
s 21610 253 110
s 21611 129 61
s 21612 105 38
s 21613 156 69
s 21614 131 58
s 21615 75 40
s 21616 125 64
s 21617 92 43
s 21618 104 37
s 21623 136 55
s 21624 136 60
s 21625 149 67
s 21627 226 99
s 21630 134 67
s 21632 205 98
s 21633 110 56
s 21635 105 48
s 21639 243 110
s 21640 67 33
s 21641 63 27
s 21642 65 27
s 21649 107 50
s 21659 37 15
s 21846 650 335
s 21847 199 98
s 21848 185 90
s 21849 24 14
s 21850 180 76
s 21851 127 64
s 21852 65 32
s 21853 351 168
s 21854 46 21
s 21855 58 28
s 21856 120 62
s 21857 294 149
s 21858 153 68
s 21859 55 24
s 21860 166 73
s 21861 177 78
s 21862 26 8
s 21863 18 7
s 21864 239 124
s 21865 250 113
s 21866 381 189
s 21867 189 95
s 21868 146 57
s 21869 178 88
s 21870 191 95
s 21871 90 40
s 21872 208 111
s 21873 135 77
s 21874 140 55
s 21879 203 95
s 21880 176 101
s 21881 166 73
s 21883 338 149
s 21886 203 105
s 21888 305 149
s 21889 128 54
s 21891 173 87
s 21895 298 160
s 21896 98 49
s 21897 82 40
s 21898 81 29
s 21905 156 59
s 21915 62 30
s 22103 648 333
s 22104 310 152
s 22105 68 40
s 22106 315 161
s 22107 240 131
s 22108 140 83
s 22109 953 494
s 22110 85 39
s 22111 112 57
s 22112 379 185
s 22113 796 396
s 22114 543 263
s 22115 151 57
s 22116 494 256
s 22117 356 180
s 22118 131 63
s 22119 57 32
s 22120 654 351
s 22121 422 187
s 22122 759 390
s 22123 405 196
s 22124 454 186
s 22125 450 202
s 22126 343 168
s 22127 241 134
s 22128 558 280
s 22129 233 128
s 22130 346 150
s 22135 391 196
s 22136 397 190
s 22137 390 203
s 22139 514 249
s 22142 460 228
s 22144 638 307
s 22145 399 188
s 22147 347 170
s 22151 901 495
s 22152 256 138
s 22153 250 133
s 22154 192 80
s 22161 345 142
s 22171 179 103
s 22360 240 131
s 22361 26 16
s 22362 137 68
s 22363 107 50
s 22364 74 41
s 22365 477 255
s 22366 40 21
s 22367 48 25
s 22368 160 82
s 22369 380 176
s 22370 222 102
s 22371 64 35
s 22372 170 100
s 22373 181 83
s 22374 38 22
s 22375 20 14
s 22376 265 123
s 22377 210 106
s 22378 435 230
s 22379 232 110
s 22380 155 77
s 22381 221 98
s 22382 191 102
s 22383 33 14
s 22384 109 58
s 22385 129 80
s 22386 182 82
s 22391 197 97
s 22392 199 94
s 22393 131 72
s 22395 271 118
s 22398 219 117
s 22400 269 138
s 22401 188 87
s 22403 105 54
s 22407 434 231
s 22408 115 59
s 22409 102 54
s 22410 83 39
s 22417 181 85
s 22427 72 33
s 22617 19 13
s 22618 102 57
s 22619 71 35
s 22620 42 19
s 22621 331 172
s 22622 30 10
s 22623 37 25
s 22624 104 53
s 22625 200 110
s 22626 176 86
s 22627 40 23
s 22628 122 72
s 22629 130 73
s 22630 34 22
s 22631 21 16
s 22632 191 96
s 22633 145 68
s 22634 214 100
s 22635 105 61
s 22636 117 68
s 22637 136 60
s 22638 151 81
s 22639 101 64
s 22640 234 138
s 22641 70 40
s 22642 101 53
s 22647 142 75
s 22648 120 69
s 22649 127 72
s 22651 196 102
s 22654 127 65
s 22656 239 124
s 22657 117 65
s 22659 113 60
s 22663 318 178
s 22664 71 42
s 22665 66 37
s 22666 48 24
s 22673 112 64
s 22683 55 30
s 22874 23 10
s 22875 6 2
s 22876 5 3
s 22877 5 5
s 22879 1 1
s 22880 6 4
s 22881 13 6
s 22882 14 9
s 22883 6 1
s 22884 15 7
s 22885 25 9
s 22886 8 3
s 22887 4 3
s 22888 18 11
s 22889 28 11
s 22890 34 19
s 22891 23 14
s 22892 5 2
s 22893 2 1
s 22894 31 18
s 22895 18 13
s 22896 27 15
s 22897 9 6
s 22898 7 1
s 22903 26 16
s 22904 17 11
s 22905 23 11
s 22907 32 15
s 22910 9 6
s 22912 32 16
s 22913 16 7
s 22915 22 10
s 22919 20 12
s 22920 13 8
s 22921 13 8
s 22922 1 0
s 22929 6 1
s 22939 4 2
s 23131 63 39
s 23132 26 14
s 23133 201 106
s 23134 30 13
s 23135 20 12
s 23136 82 37
s 23137 164 90
s 23138 105 51
s 23139 44 17
s 23140 130 77
s 23141 86 44
s 23142 22 7
s 23143 16 11
s 23144 111 63
s 23145 168 88
s 23146 117 70
s 23147 70 30
s 23148 80 29
s 23149 125 63
s 23150 100 58
s 23151 85 47
s 23152 177 102
s 23153 29 16
s 23154 64 29
s 23159 146 86
s 23160 55 25
s 23161 134 59
s 23163 190 95
s 23166 51 24
s 23168 121 44
s 23169 92 46
s 23171 139 75
s 23175 212 114
s 23176 46 20
s 23177 74 40
s 23178 35 15
s 23185 70 29
s 23195 56 28
s 23388 20 10
s 23389 237 135
s 23390 13 5
s 23391 19 10
s 23392 55 27
s 23393 122 58
s 23394 74 32
s 23395 43 24
s 23396 114 55
s 23397 79 38
s 23398 25 7
s 23399 14 6
s 23400 121 64
s 23401 139 70
s 23402 132 63
s 23403 87 34
s 23404 40 18
s 23405 64 28
s 23406 63 29
s 23407 39 20
s 23408 125 71
s 23409 44 21
s 23410 50 23
s 23415 93 53
s 23416 60 27
s 23417 69 39
s 23419 130 67
s 23422 64 26
s 23424 116 60
s 23425 71 27
s 23427 59 29
s 23431 146 78
s 23432 64 31
s 23433 62 33
s 23434 59 35
s 23441 76 30
s 23451 86 45
s 23645 92 49
s 23646 1 0
s 23647 6 3
s 23648 19 7
s 23649 60 35
s 23650 32 16
s 23651 8 6
s 23652 88 49
s 23653 43 25
s 23654 14 4
s 23655 7 4
s 23656 36 26
s 23657 97 46
s 23658 51 28
s 23659 47 30
s 23660 20 9
s 23661 51 25
s 23662 42 26
s 23663 36 14
s 23664 87 51
s 23665 29 20
s 23666 20 12
s 23671 61 40
s 23672 24 19
s 23673 60 37
s 23675 95 51
s 23678 45 27
s 23680 67 36
s 23681 18 10
s 23683 51 25
s 23687 46 31
s 23688 30 18
s 23689 15 7
s 23690 12 6
s 23697 34 16
s 23707 6 4
s 23902 9 3
s 23903 22 10
s 23904 206 102
s 23905 371 188
s 23906 244 119
s 23907 64 25
s 23908 303 152
s 23909 330 178
s 23910 70 28
s 23911 44 20
s 23912 358 173
s 23913 401 179
s 23914 421 225
s 23915 243 130
s 23916 208 102
s 23917 47 23
s 23918 277 150
s 23919 188 105
s 23920 417 217
s 23921 141 77
s 23922 101 58
s 23927 416 214
s 23928 215 104
s 23929 323 180
s 23931 527 243
s 23934 199 101
s 23936 456 240
s 23937 209 103
s 23939 282 160
s 23943 473 261
s 23944 155 75
s 23945 120 72
s 23946 41 27
s 23953 84 44
s 23963 115 56
s 24160 21 11
s 24161 39 18
s 24162 13 5
s 24163 6 1
s 24164 27 15
s 24165 31 15
s 24166 8 4
s 24167 5 2
s 24168 32 12
s 24169 55 29
s 24170 49 19
s 24171 28 15
s 24172 17 8
s 24173 2 0
s 24174 27 10
s 24175 16 4
s 24176 45 18
s 24177 9 4
s 24178 8 1
s 24183 33 16
s 24184 36 12
s 24185 33 18
s 24187 53 23
s 24190 27 14
s 24192 40 17
s 24193 15 6
s 24195 25 13
s 24199 43 21
s 24200 15 9
s 24201 20 12
s 24202 3 0
s 24209 9 5
s 24219 14 6
s 24416 23 13
s 24417 67 39
s 24418 26 12
s 24419 8 5
s 24420 26 15
s 24421 35 17
s 24422 9 4
s 24423 4 2
s 24424 36 23
s 24425 47 17
s 24426 52 25
s 24427 25 16
s 24428 17 11
s 24429 1 0
s 24430 19 11
s 24431 26 15
s 24432 38 23
s 24433 16 6
s 24434 12 4
s 24439 38 17
s 24440 19 12
s 24441 34 16
s 24443 40 17
s 24446 24 11
s 24448 51 25
s 24449 23 7
s 24451 43 20
s 24455 41 21
s 24456 16 11
s 24457 11 4
s 24458 3 2
s 24465 12 8
s 24475 9 3
s 24673 71 34
s 24674 26 12
s 24675 2 1
s 24676 119 53
s 24677 159 77
s 24678 34 20
s 24679 9 8
s 24680 9 3
s 24681 153 70
s 24682 168 85
s 24683 90 44
s 24684 2 2
s 24685 97 44
s 24686 84 44
s 24687 67 32
s 24688 166 89
s 24689 57 29
s 24690 66 31
s 24695 162 78
s 24696 58 26
s 24697 131 68
s 24699 205 90
s 24702 66 34
s 24704 191 78
s 24705 5 1
s 24707 122 58
s 24711 24 9
s 24712 55 25
s 24713 23 12
s 24714 41 20
s 24721 74 32
s 24731 17 6
s 24930 110 50
s 24931 44 18
s 24932 247 128
s 24933 258 139
s 24934 41 18
s 24935 24 13
s 24936 122 73
s 24937 506 248
s 24938 307 149
s 24939 173 79
s 24940 86 37
s 24941 200 102
s 24942 225 126
s 24943 126 70
s 24944 286 156
s 24945 92 43
s 24946 160 88
s 24951 285 152
s 24952 126 58
s 24953 224 118
s 24955 364 166
s 24958 157 75
s 24960 335 156
s 24961 75 28
s 24963 240 116
s 24967 225 115
s 24968 106 54
s 24969 56 31
s 24970 80 40
s 24977 179 82
s 24987 65 33
s 25187 8 7
s 25188 147 67
s 25189 126 56
s 25190 28 16
s 25191 24 8
s 25192 32 9
s 25193 226 95
s 25194 217 98
s 25195 121 51
s 25196 14 6
s 25197 117 47
s 25198 106 49
s 25199 107 53
s 25200 213 110
s 25201 57 29
s 25202 87 31
s 25207 225 117
s 25208 94 46
s 25209 152 77
s 25211 238 111
s 25214 104 38
s 25216 187 74
s 25217 21 13
s 25219 167 72
s 25223 43 21
s 25224 67 28
s 25225 28 16
s 25226 50 18
s 25233 88 42
s 25243 38 18
s 25444 47 24
s 25445 51 25
s 25446 7 3
s 25447 7 6
s 25448 5 3
s 25449 75 31
s 25450 67 27
s 25451 37 17
s 25452 5 2
s 25453 33 13
s 25454 34 17
s 25455 50 22
s 25456 60 29
s 25457 31 10
s 25458 33 14
s 25463 60 33
s 25464 26 13
s 25465 49 23
s 25467 81 46
s 25470 40 14
s 25472 69 37
s 25473 4 2
s 25475 47 21
s 25479 13 5
s 25480 20 6
s 25481 7 5
s 25482 14 3
s 25489 29 14
s 25499 9 6
s 25701 150 80
s 25702 36 19
s 25703 13 8
s 25704 205 95
s 25705 194 109
s 25706 295 157
s 25707 159 81
s 25708 104 43
s 25709 172 70
s 25710 145 84
s 25711 55 27
s 25712 173 87
s 25713 89 50
s 25714 117 56
s 25719 152 78
s 25720 161 77
s 25721 124 62
s 25723 223 98
s 25726 185 86
s 25728 253 103
s 25729 134 62
s 25731 133 68
s 25735 334 174
s 25736 82 37
s 25737 73 41
s 25738 60 32
s 25745 133 51
s 25755 56 30
s 25958 46 23
s 25959 21 9
s 25960 432 231
s 25961 175 90
s 25962 290 146
s 25963 144 67
s 25964 134 57
s 25965 138 64
s 25966 114 60
s 25967 77 36
s 25968 165 88
s 25969 91 48
s 25970 133 66
s 25975 157 76
s 25976 112 55
s 25977 140 77
s 25979 237 99
s 25982 144 75
s 25984 203 91
s 25985 129 62
s 25987 103 52
s 25991 277 142
s 25992 92 53
s 25993 92 56
s 25994 54 26
s 26001 117 56
s 26011 44 22
s 26215 5 2
s 26216 38 19
s 26217 41 21
s 26218 74 31
s 26219 32 21
s 26220 21 12
s 26221 39 20
s 26222 26 18
s 26223 14 8
s 26224 27 14
s 26225 15 8
s 26226 34 14
s 26231 34 15
s 26232 32 15
s 26233 27 9
s 26235 66 33
s 26238 40 18
s 26240 62 30
s 26241 22 14
s 26243 31 13
s 26247 59 33
s 26248 18 7
s 26249 25 14
s 26250 7 6
s 26257 17 6
s 26267 15 9
s 26472 20 14
s 26473 33 16
s 26474 41 19
s 26475 25 13
s 26476 11 7
s 26477 22 9
s 26478 19 13
s 26479 7 3
s 26480 27 11
s 26481 10 7
s 26482 15 6
s 26487 27 16
s 26488 23 11
s 26489 18 12
s 26491 33 16
s 26494 24 9
s 26496 32 17
s 26497 14 5
s 26499 18 7
s 26503 37 21
s 26504 11 3
s 26505 11 6
s 26506 7 6
s 26513 13 5
s 26523 7 3
s 26729 305 150
s 26730 263 150
s 26731 145 73
s 26732 14 2
s 26733 148 65
s 26734 153 91
s 26735 124 67
s 26736 253 138
s 26737 104 66
s 26738 123 65
s 26743 233 129
s 26744 97 43
s 26745 204 102
s 26747 349 183
s 26750 128 63
s 26752 331 158
s 26753 24 15
s 26755 200 104
s 26759 50 25
s 26760 67 42
s 26761 24 12
s 26762 51 23
s 26769 123 56
s 26779 35 15
s 26986 388 196
s 26987 203 97
s 26988 144 64
s 26989 236 109
s 26990 153 74
s 26991 112 59
s 26992 253 132
s 26993 159 88
s 26994 154 71
s 26999 170 70
s 27000 195 85
s 27001 149 80
s 27003 238 108
s 27006 207 104
s 27008 279 125
s 27009 171 75
s 27011 187 86
s 27015 405 210
s 27016 96 41
s 27017 119 66
s 27018 79 38
s 27025 187 83
s 27035 85 45
s 27243 152 79
s 27244 176 90
s 27245 259 117
s 27246 199 97
s 27247 145 69
s 27248 390 216
s 27249 14 8
s 27250 102 48
s 27255 366 196
s 27256 54 26
s 27257 303 177
s 27259 495 244
s 27262 36 14
s 27264 286 134
s 27265 169 85
s 27267 276 148
s 27271 446 264
s 27272 85 32
s 27273 85 41
s 27274 73 31
s 27281 151 70
s 27291 125 62
s 27500 99 51
s 27501 166 74
s 27502 120 57
s 27503 92 52
s 27504 223 122
s 27505 60 31
s 27506 91 43
s 27511 187 102
s 27512 83 43
s 27513 130 70
s 27515 224 112
s 27518 73 34
s 27520 206 112
s 27521 102 47
s 27523 145 78
s 27527 230 124
s 27528 50 27
s 27529 44 24
s 27530 44 20
s 27537 99 38
s 27547 60 27
s 27757 74 27
s 27758 84 36
s 27759 60 25
s 27760 159 68
s 27761 51 28
s 27762 72 29
s 27767 162 86
s 27768 57 26
s 27769 103 45
s 27771 212 82
s 27774 85 35
s 27776 151 63
s 27777 13 4
s 27779 112 61
s 27783 27 8
s 27784 57 24
s 27785 13 5
s 27786 53 24
s 27793 59 22
s 27803 22 12
s 28014 144 77
s 28015 111 53
s 28016 260 135
s 28017 68 36
s 28018 45 17
s 28023 153 86
s 28024 118 63
s 28025 167 75
s 28027 243 111
s 28030 113 50
s 28032 253 120
s 28033 87 36
s 28035 166 76
s 28039 235 121
s 28040 60 35
s 28041 63 36
s 28042 7 1
s 28049 26 13
s 28059 59 24
s 28271 84 52
s 28272 167 91
s 28273 84 48
s 28274 97 46
s 28279 158 87
s 28280 106 56
s 28281 105 52
s 28283 183 92
s 28286 97 55
s 28288 195 114
s 28289 115 61
s 28291 130 68
s 28295 209 114
s 28296 67 41
s 28297 63 35
s 28298 36 21
s 28305 109 55
s 28315 52 23
s 28528 59 33
s 28529 71 36
s 28530 74 39
s 28535 83 38
s 28536 74 39
s 28537 70 35
s 28539 115 57
s 28542 87 40
s 28544 134 61
s 28545 63 37
s 28547 52 21
s 28551 178 85
s 28552 53 31
s 28553 51 32
s 28554 43 22
s 28561 78 42
s 28571 26 9
s 28785 130 75
s 28786 144 69
s 28791 217 128
s 28792 228 118
s 28793 133 63
s 28795 278 131
s 28798 226 117
s 28800 270 136
s 28801 141 84
s 28803 143 79
s 28807 391 195
s 28808 112 53
s 28809 113 66
s 28810 71 33
s 28817 201 106
s 28827 92 54
s 29042 42 17
s 29047 104 58
s 29048 22 11
s 29049 84 52
s 29051 181 86
s 29054 20 12
s 29056 106 46
s 29057 78 48
s 29059 88 53
s 29063 160 93
s 29064 29 14
s 29065 23 8
s 29066 29 11
s 29073 42 20
s 29083 32 20
s 29303 126 55
s 29304 57 23
s 29305 128 67
s 29307 166 73
s 29310 82 37
s 29312 140 71
s 29313 84 36
s 29315 94 45
s 29319 157 78
s 29320 49 24
s 29321 37 20
s 29322 32 14
s 29329 38 18
s 29339 37 18
s 30584 184 95
s 30585 101 52
s 30587 179 98
s 30590 186 97
s 30592 227 107
s 30593 179 89
s 30595 127 73
s 30599 364 198
s 30600 81 36
s 30601 125 62
s 30602 52 26
s 30609 136 70
s 30619 67 39
s 30841 131 65
s 30843 261 115
s 30846 46 25
s 30848 153 76
s 30849 75 31
s 30851 140 64
s 30855 162 85
s 30856 49 16
s 30857 36 19
s 30858 40 16
s 30865 68 33
s 30875 45 20
s 31099 168 78
s 31102 151 79
s 31104 185 98
s 31105 107 56
s 31107 74 40
s 31111 286 151
s 31112 93 48
s 31113 137 81
s 31114 52 21
s 31121 137 63
s 31131 65 39
s 31614 277 130
s 31616 316 141
s 31617 205 72
s 31619 161 83
s 31623 440 204
s 31624 128 56
s 31625 136 73
s 31626 72 23
s 31633 198 75
s 31643 112 58
s 32384 181 84
s 32385 105 50
s 32387 135 72
s 32391 226 111
s 32392 52 22
s 32393 46 25
s 32394 47 17
s 32401 69 29
s 32411 46 19
s 32897 210 87
s 32899 187 88
s 32903 395 210
s 32904 114 59
s 32905 112 56
s 32906 91 39
s 32913 172 77
s 32923 92 54
s 33155 106 46
s 33159 26 16
s 33160 43 15
s 33161 21 12
s 33162 41 26
s 33169 76 32
s 33179 25 12
s 33671 286 155
s 33672 66 31
s 33673 90 41
s 33674 43 18
s 33681 129 57
s 33691 58 35
s 34696 113 58
s 34697 65 37
s 34698 94 40
s 34705 158 68
s 34715 55 25
s 34953 28 16
s 34954 34 16
s 34961 39 15
s 34971 20 11
s 35210 31 15
s 35217 42 16
s 35227 15 6
s 35473 23 11
s 35483 25 5
s 37275 44 22
