n 100000
b 1 9606 4869
b 2 14645 7191
b 3 4617 2316
b 4 1355 689
b 5 11470 5776
b 6 4306 1907
b 7 14537 7481
b 8 16604 8707
b 9 17813 8854
b 10 4918 2364
b 11 8240 3242
b 12 13675 7136
b 13 4751 2345
b 14 28771 14461
b 15 5440 2697
b 16 2376 1096
b 17 6817 3247
b 18 14729 7756
b 19 6117 2815
b 20 7203 3574
b 21 20262 10060
b 22 10505 5199
b 23 4018 2022
b 25 15842 7545
b 26 20324 9811
b 27 9073 4647
b 28 5121 2400
b 29 5387 2604
b 30 11410 5708
b 31 12046 6251
b 32 3414 1769
b 33 6064 3392
b 34 5136 2557
b 35 7905 3688
b 36 14065 6895
b 37 3895 1770
b 38 2556 1203
b 39 8226 3899
b 40 3428 1564
b 41 5801 2835
b 42 6893 3551
b 43 3938 2004
b 44 5643 2808
b 45 3525 1812
b 46 4791 2196
b 47 5051 2464
b 48 15657 7851
b 49 19006 9871
b 50 4741 2509
b 51 4220 2070
b 52 3001 1600
b 53 8953 4020
b 54 17072 8604
b 55 10667 5466
b 56 4021 2025
b 57 2478 1357
b 58 3426 1661
b 59 4435 2076
b 60 11341 5930
b 61 1401 699
b 62 13451 7522
b 63 3893 1874
b 64 4812 2214
b 65 1260 560
b 66 627 309
b 67 7777 4030
b 68 4141 2070
b 69 9531 4686
b 70 6369 3204
b 71 17468 9160
b 72 3133 1509
b 73 1730 812
b 74 20877 10895
b 75 6881 3381
b 76 16783 8985
b 77 2084 1083
b 78 5039 2611
b 79 2550 1155
b 80 4101 2025
b 81 2443 1253
b 82 1750 953
b 83 1697 787
b 84 8739 4187
b 85 11788 5593
b 86 26816 13387
b 87 12336 6384
b 88 9034 4874
b 89 948 478
b 90 5959 3021
b 91 5153 2610
b 92 2569 1407
b 93 14169 7301
b 94 1481 692
b 95 1679 836
b 96 5532 2646
b 97 12214 6054
b 98 7176 3287
b 99 2284 1043
b 100 9541 4704
b 101 9394 4605
b 102 2168 1104
b 103 1235 637
b 104 9772 4965
b 105 12288 6096
b 106 12912 6486
b 107 8036 4095
b 108 5736 2610
b 109 6850 3297
b 110 8098 4249
b 111 5209 2729
b 112 12035 6358
b 113 4232 2247
b 114 5168 2398
b 119 10561 5485
b 120 6352 2985
b 121 9110 4676
b 123 14533 6820
b 126 7199 3581
b 128 13216 6412
b 129 5850 2797
b 131 8690 4366
b 135 13398 6960
b 136 4307 2174
b 137 3783 1978
b 138 2604 1259
b 145 5453 2481
b 155 3268 1652
v 258 489 217
v 259 250 124
v 260 74 35
v 261 546 260
v 262 185 96
v 263 634 305
v 264 842 407
v 265 720 346
v 266 318 192
v 267 350 194
v 268 728 402
v 269 244 124
v 270 1232 631
v 271 281 173
v 272 107 58
v 273 349 199
v 274 704 303
v 275 257 145
v 276 375 205
v 277 896 450
v 278 782 397
v 279 188 94
v 281 753 374
v 282 994 494
v 283 381 171
v 284 254 120
v 285 283 173
v 286 570 295
v 287 677 358
v 288 145 67
v 289 213 85
v 290 386 216
v 291 354 194
v 292 710 414
v 293 210 114
v 294 101 53
v 295 364 197
v 296 167 82
v 297 321 167
v 298 413 202
v 299 188 108
v 300 329 163
v 301 238 125
v 302 226 138
v 303 202 114
v 304 839 385
v 305 887 452
v 306 248 136
v 307 200 108
v 308 144 71
v 309 386 219
v 310 875 449
v 311 539 252
v 312 182 85
v 313 123 52
v 314 109 55
v 315 251 109
v 316 411 189
v 317 68 33
v 318 517 236
v 319 177 79
v 320 242 113
v 321 61 42
v 322 28 14
v 323 358 175
v 324 253 145
v 325 476 241
v 326 313 129
v 327 532 254
v 328 141 74
v 329 104 49
v 330 1204 597
v 331 368 197
v 332 917 461
v 333 88 54
v 334 231 132
v 335 128 65
v 336 205 110
v 337 115 69
v 338 114 44
v 339 66 37
v 340 551 309
v 341 504 270
v 342 1437 732
v 343 452 208
v 344 414 192
v 345 46 27
v 346 374 198
v 347 260 140
v 348 118 58
v 349 718 352
v 350 93 61
v 351 103 48
v 352 236 111
v 353 598 283
v 354 427 241
v 355 105 65
v 356 427 210
v 357 690 361
v 358 121 58
v 359 32 14
v 360 465 205
v 361 605 301
v 362 555 294
v 363 321 152
v 364 245 137
v 365 382 191
v 366 285 119
v 367 346 166
v 368 789 401
v 369 212 101
v 370 251 122
v 375 402 182
v 376 301 165
v 377 479 254
v 379 602 329
v 382 303 160
v 384 575 294
v 385 298 159
v 387 439 219
v 391 592 289
v 392 174 75
v 393 172 81
v 394 129 70
v 401 255 133
v 411 217 115
v 515 292 138
v 516 96 41
v 517 852 428
v 518 366 204
v 519 1169 547
v 520 1196 575
v 521 1281 639
v 522 301 150
v 523 661 399
v 524 800 414
v 525 328 168
v 526 2023 991
v 527 480 232
v 528 190 96
v 529 510 284
v 530 1123 505
v 531 497 246
v 532 573 276
v 533 1580 838
v 534 748 362
v 535 316 161
v 537 1130 624
v 538 1548 813
v 539 756 352
v 540 379 194
v 541 428 220
v 542 775 378
v 543 814 398
v 544 269 135
v 545 398 179
v 546 359 174
v 547 599 314
v 548 1227 556
v 549 250 117
v 550 185 84
v 551 641 322
v 552 216 100
v 553 370 195
v 554 587 286
v 555 290 134
v 556 333 171
v 557 251 107
v 558 374 202
v 559 411 185
v 560 1079 526
v 561 1498 682
v 562 742 355
v 563 322 163
v 564 202 94
v 565 648 333
v 566 1467 685
v 567 821 400
v 568 321 150
v 569 202 92
v 570 261 135
v 571 275 150
v 572 915 444
v 573 83 47
v 574 1000 416
v 575 294 147
v 576 335 182
v 577 93 50
v 578 58 30
v 579 588 260
v 580 297 134
v 581 748 362
v 582 637 303
v 583 1235 572
v 584 214 102
v 585 138 66
v 586 1447 661
v 587 493 252
v 588 1223 542
v 589 147 69
v 590 372 177
v 591 157 86
v 592 339 157
v 593 179 88
v 594 96 38
v 595 118 58
v 596 626 322
v 597 840 446
v 598 2167 1073
v 599 939 448
v 600 692 328
v 601 67 38
v 602 431 198
v 603 323 157
v 604 194 94
v 605 1038 495
v 606 87 44
v 607 96 49
v 608 407 219
v 609 939 450
v 610 565 306
v 611 185 101
v 612 659 318
v 613 647 315
v 614 157 63
v 615 79 32
v 616 832 398
v 617 809 389
v 618 970 467
v 619 577 273
v 620 519 266
v 621 399 227
v 622 525 244
v 623 447 213
v 624 786 377
v 625 304 127
v 626 486 257
v 631 809 385
v 632 452 239
v 633 643 314
v 635 1028 558
v 638 528 258
v 640 946 474
v 641 482 239
v 643 529 264
v 647 1092 554
v 648 327 163
v 649 298 139
v 650 177 94
v 657 399 209
v 667 218 117
v 772 23 15
v 773 229 116
v 774 92 50
v 775 345 161
v 776 292 156
v 777 421 219
v 778 84 46
v 779 184 119
v 780 445 194
v 781 109 65
v 782 710 348
v 783 94 43
v 784 65 28
v 785 132 70
v 786 293 151
v 787 133 67
v 788 184 84
v 789 458 247
v 790 270 160
v 791 71 30
v 793 406 204
v 794 438 221
v 795 217 117
v 796 86 53
v 797 169 76
v 798 267 143
v 799 295 146
v 800 68 37
v 801 133 64
v 802 117 55
v 803 186 100
v 804 294 136
v 805 91 53
v 806 74 40
v 807 168 92
v 808 83 37
v 809 82 46
v 810 187 98
v 811 80 41
v 812 122 59
v 813 77 42
v 814 93 58
v 815 106 52
v 816 375 189
v 817 444 209
v 818 121 47
v 819 97 44
v 820 76 39
v 821 199 109
v 822 252 134
v 823 267 121
v 824 100 55
v 825 64 29
v 826 76 40
v 827 107 45
v 828 288 147
v 829 34 12
v 830 331 129
v 831 84 52
v 832 110 55
v 833 22 6
v 834 17 6
v 835 212 91
v 836 95 51
v 837 212 101
v 838 172 73
v 839 422 182
v 840 61 29
v 841 37 16
v 842 447 219
v 843 214 112
v 844 419 191
v 845 72 31
v 846 140 65
v 847 76 46
v 848 106 54
v 849 63 38
v 850 49 24
v 851 39 19
v 852 192 108
v 853 248 127
v 854 610 299
v 855 292 142
v 856 216 97
v 857 26 16
v 858 140 73
v 859 135 55
v 860 73 38
v 861 435 210
v 862 24 12
v 863 31 16
v 864 128 66
v 865 283 153
v 866 124 63
v 867 40 25
v 868 241 124
v 869 192 108
v 870 62 29
v 871 23 10
v 872 214 98
v 873 294 138
v 874 266 140
v 875 193 101
v 876 106 62
v 877 219 109
v 878 178 81
v 879 123 55
v 880 317 167
v 881 114 58
v 882 92 51
v 887 270 139
v 888 132 68
v 889 226 104
v 891 347 195
v 894 164 83
v 896 307 177
v 897 123 69
v 899 219 111
v 903 353 175
v 904 94 41
v 905 62 29
v 906 61 30
v 913 100 59
v 923 81 40
v 1029 80 44
v 1030 26 15
v 1031 78 40
v 1032 90 49
v 1033 126 70
v 1034 32 20
v 1035 55 31
v 1036 94 43
v 1037 26 14
v 1038 205 103
v 1039 33 17
v 1040 17 9
v 1041 58 29
v 1042 75 39
v 1043 38 25
v 1044 60 32
v 1045 154 70
v 1046 79 40
v 1047 34 26
v 1049 100 54
v 1050 136 72
v 1051 61 28
v 1052 43 22
v 1053 21 12
v 1054 56 32
v 1055 71 38
v 1056 24 12
v 1057 33 17
v 1058 33 19
v 1059 61 26
v 1060 90 33
v 1061 37 24
v 1062 12 8
v 1063 71 36
v 1064 26 14
v 1065 31 16
v 1066 48 20
v 1067 24 14
v 1068 36 17
v 1069 27 16
v 1070 40 23
v 1071 23 11
v 1072 92 34
v 1073 110 57
v 1074 29 12
v 1075 28 13
v 1076 21 9
v 1077 59 29
v 1078 112 53
v 1079 98 54
v 1080 26 12
v 1081 15 4
v 1082 26 9
v 1083 22 12
v 1084 102 49
v 1085 6 1
v 1086 101 44
v 1087 34 13
v 1088 33 16
v 1089 7 5
v 1090 2 0
v 1091 42 21
v 1092 17 4
v 1093 54 26
v 1094 38 19
v 1095 159 87
v 1096 10 5
v 1097 14 8
v 1098 138 66
v 1099 56 33
v 1100 103 49
v 1101 18 11
v 1102 23 10
v 1103 13 8
v 1104 19 9
v 1105 13 6
v 1106 10 5
v 1107 14 10
v 1108 52 30
v 1109 75 43
v 1110 172 97
v 1111 98 50
v 1112 56 27
v 1113 5 5
v 1114 51 22
v 1115 40 20
v 1116 14 8
v 1117 257 128
v 1118 15 11
v 1119 8 6
v 1120 32 18
v 1121 60 35
v 1122 61 30
v 1123 11 2
v 1124 71 30
v 1125 55 26
v 1126 14 6
v 1127 5 2
v 1128 64 28
v 1129 69 33
v 1130 84 49
v 1131 53 29
v 1132 30 14
v 1133 39 21
v 1134 46 20
v 1135 38 17
v 1136 74 39
v 1137 18 9
v 1138 27 15
v 1143 66 34
v 1144 81 49
v 1145 61 31
v 1147 79 39
v 1150 51 29
v 1152 97 45
v 1153 51 23
v 1155 60 31
v 1159 89 40
v 1160 32 15
v 1161 27 12
v 1162 12 5
v 1169 35 25
v 1179 19 12
v 1286 265 143
v 1287 892 454
v 1288 1209 554
v 1289 1106 572
v 1290 295 145
v 1291 454 278
v 1292 658 336
v 1293 321 157
v 1294 1686 807
v 1295 364 192
v 1296 138 77
v 1297 392 217
v 1298 845 408
v 1299 327 181
v 1300 426 209
v 1301 1197 637
v 1302 652 348
v 1303 220 98
v 1305 890 473
v 1306 1311 677
v 1307 580 288
v 1308 309 161
v 1309 325 165
v 1310 708 357
v 1311 729 360
v 1312 215 106
v 1313 390 164
v 1314 275 141
v 1315 477 257
v 1316 778 425
v 1317 207 106
v 1318 110 68
v 1319 495 263
v 1320 233 125
v 1321 357 189
v 1322 389 196
v 1323 241 119
v 1324 306 142
v 1325 199 89
v 1326 203 105
v 1327 282 145
v 1328 868 436
v 1329 983 490
v 1330 261 140
v 1331 251 120
v 1332 170 79
v 1333 532 303
v 1334 1085 533
v 1335 618 305
v 1336 224 122
v 1337 127 48
v 1338 222 126
v 1339 273 140
v 1340 720 328
v 1341 61 41
v 1342 800 359
v 1343 229 118
v 1344 272 157
v 1345 67 33
v 1346 43 17
v 1347 416 211
v 1348 217 114
v 1349 543 278
v 1350 342 163
v 1351 1021 480
v 1352 182 95
v 1353 92 50
v 1354 1131 554
v 1355 484 231
v 1356 1021 475
v 1357 96 47
v 1358 289 139
v 1359 117 56
v 1360 194 102
v 1361 152 79
v 1362 86 41
v 1363 83 52
v 1364 502 273
v 1365 673 345
v 1366 1690 788
v 1367 792 383
v 1368 558 244
v 1369 47 26
v 1370 278 151
v 1371 249 126
v 1372 137 70
v 1373 862 407
v 1374 81 56
v 1375 104 58
v 1376 256 133
v 1377 667 334
v 1378 320 172
v 1379 139 76
v 1380 526 276
v 1381 576 303
v 1382 132 73
v 1383 73 33
v 1384 688 317
v 1385 691 338
v 1386 683 364
v 1387 428 201
v 1388 304 170
v 1389 336 186
v 1390 472 241
v 1391 282 141
v 1392 648 302
v 1393 229 102
v 1394 318 175
v 1399 661 330
v 1400 355 203
v 1401 466 224
v 1403 881 480
v 1406 383 194
v 1408 764 397
v 1409 337 179
v 1411 481 230
v 1415 791 383
v 1416 221 108
v 1417 171 87
v 1418 141 69
v 1425 309 164
v 1435 213 113
v 1543 302 125
v 1544 381 173
v 1545 425 157
v 1546 133 56
v 1547 173 86
v 1548 259 86
v 1549 97 40
v 1550 497 215
v 1551 164 64
v 1552 56 22
v 1553 138 60
v 1554 290 119
v 1555 136 62
v 1556 142 66
v 1557 523 225
v 1558 218 81
v 1559 61 24
v 1561 315 161
v 1562 447 204
v 1563 224 88
v 1564 124 57
v 1565 137 62
v 1566 257 124
v 1567 258 109
v 1568 82 32
v 1569 138 49
v 1570 88 45
v 1571 201 88
v 1572 343 157
v 1573 83 40
v 1574 57 27
v 1575 177 74
v 1576 80 41
v 1577 134 49
v 1578 150 57
v 1579 100 42
v 1580 153 75
v 1581 60 25
v 1582 88 48
v 1583 149 70
v 1584 379 179
v 1585 390 157
v 1586 97 42
v 1587 94 43
v 1588 53 18
v 1589 182 93
v 1590 394 162
v 1591 228 100
v 1592 90 41
v 1593 55 19
v 1594 88 42
v 1595 111 62
v 1596 210 90
v 1597 23 9
v 1598 239 92
v 1599 81 45
v 1600 109 62
v 1601 17 12
v 1602 19 7
v 1603 180 67
v 1604 98 42
v 1605 238 115
v 1606 137 61
v 1607 355 160
v 1608 64 24
v 1609 39 20
v 1610 456 177
v 1611 166 79
v 1612 375 161
v 1613 44 19
v 1614 66 29
v 1615 61 31
v 1616 73 36
v 1617 38 18
v 1618 37 20
v 1619 30 19
v 1620 172 77
v 1621 270 127
v 1622 642 290
v 1623 235 91
v 1624 164 68
v 1625 17 6
v 1626 110 50
v 1627 92 44
v 1628 44 13
v 1629 326 154
v 1630 19 11
v 1631 41 15
v 1632 125 51
v 1633 210 90
v 1634 172 97
v 1635 62 27
v 1636 155 70
v 1637 187 89
v 1638 49 27
v 1639 28 11
v 1640 200 86
v 1641 259 124
v 1642 282 117
v 1643 161 76
v 1644 153 77
v 1645 219 115
v 1646 157 68
v 1647 108 55
v 1648 229 90
v 1649 80 37
v 1650 130 73
v 1655 222 89
v 1656 136 72
v 1657 215 98
v 1659 304 140
v 1662 153 68
v 1664 277 124
v 1665 134 62
v 1667 172 74
v 1671 294 122
v 1672 99 44
v 1673 80 28
v 1674 40 16
v 1681 137 72
v 1691 79 36
v 1800 1192 565
v 1801 1272 655
v 1802 341 175
v 1803 597 388
v 1804 1090 563
v 1805 286 174
v 1806 2022 1028
v 1807 373 187
v 1808 183 105
v 1809 462 239
v 1810 1165 536
v 1811 414 216
v 1812 537 271
v 1813 1422 729
v 1814 764 397
v 1815 293 142
v 1817 1162 620
v 1818 1628 866
v 1819 751 374
v 1820 350 194
v 1821 391 220
v 1822 880 476
v 1823 854 417
v 1824 267 139
v 1825 449 197
v 1826 387 206
v 1827 571 292
v 1828 1059 540
v 1829 281 154
v 1830 210 116
v 1831 650 330
v 1832 212 114
v 1833 397 222
v 1834 478 254
v 1835 281 144
v 1836 380 172
v 1837 261 130
v 1838 371 202
v 1839 370 190
v 1840 1218 630
v 1841 1404 649
v 1842 310 144
v 1843 325 165
v 1844 234 110
v 1845 697 390
v 1846 1375 688
v 1847 757 404
v 1848 271 137
v 1849 201 103
v 1850 251 128
v 1851 333 159
v 1852 848 368
v 1853 101 64
v 1854 959 439
v 1855 296 155
v 1856 346 175
v 1857 99 47
v 1858 61 33
v 1859 637 313
v 1860 322 167
v 1861 670 349
v 1862 465 242
v 1863 1312 663
v 1864 226 124
v 1865 136 78
v 1866 1608 790
v 1867 511 258
v 1868 1145 548
v 1869 143 73
v 1870 356 178
v 1871 207 114
v 1872 282 148
v 1873 190 88
v 1874 119 62
v 1875 125 65
v 1876 651 361
v 1877 853 498
v 1878 2052 1053
v 1879 872 428
v 1880 705 354
v 1881 57 31
v 1882 462 237
v 1883 392 207
v 1884 191 85
v 1885 910 475
v 1886 119 71
v 1887 104 62
v 1888 402 225
v 1889 975 535
v 1890 569 315
v 1891 167 97
v 1892 707 362
v 1893 688 356
v 1894 166 88
v 1895 82 45
v 1896 729 371
v 1897 900 474
v 1898 1007 493
v 1899 562 284
v 1900 442 254
v 1901 433 226
v 1902 549 284
v 1903 387 186
v 1904 781 376
v 1905 320 150
v 1906 375 232
v 1911 721 348
v 1912 486 246
v 1913 682 342
v 1915 1105 572
v 1918 542 296
v 1920 1016 550
v 1921 461 247
v 1923 646 333
v 1927 970 463
v 1928 346 201
v 1929 285 141
v 1930 169 100
v 1937 413 257
v 1947 221 119
v 2057 1369 710
v 2058 476 240
v 2059 689 440
v 2060 1136 576
v 2061 457 233
v 2062 2190 1105
v 2063 438 214
v 2064 227 141
v 2065 600 312
v 2066 1278 643
v 2067 482 276
v 2068 569 306
v 2069 1673 889
v 2070 914 496
v 2071 376 201
v 2073 1294 715
v 2074 1712 904
v 2075 732 396
v 2076 468 278
v 2077 469 265
v 2078 970 512
v 2079 1028 494
v 2080 282 137
v 2081 431 210
v 2082 385 214
v 2083 664 361
v 2084 1219 672
v 2085 299 154
v 2086 185 90
v 2087 730 403
v 2088 349 207
v 2089 599 310
v 2090 651 328
v 2091 334 158
v 2092 534 290
v 2093 249 121
v 2094 425 227
v 2095 389 214
v 2096 1360 716
v 2097 1555 809
v 2098 281 123
v 2099 365 188
v 2100 220 103
v 2101 839 486
v 2102 1698 915
v 2103 869 445
v 2104 357 175
v 2105 174 85
v 2106 342 174
v 2107 318 175
v 2108 900 426
v 2109 109 53
v 2110 1074 507
v 2111 272 144
v 2112 458 269
v 2113 87 52
v 2114 43 25
v 2115 745 392
v 2116 337 173
v 2117 757 390
v 2118 628 339
v 2119 1244 582
v 2120 259 134
v 2121 141 74
v 2122 1851 946
v 2123 649 336
v 2124 1410 679
v 2125 132 60
v 2126 463 235
v 2127 214 123
v 2128 334 171
v 2129 178 93
v 2130 144 46
v 2131 149 88
v 2132 784 436
v 2133 1028 585
v 2134 2146 1101
v 2135 1144 589
v 2136 885 437
v 2137 71 36
v 2138 485 236
v 2139 377 198
v 2140 199 96
v 2141 1387 731
v 2142 106 59
v 2143 146 80
v 2144 462 258
v 2145 1004 541
v 2146 494 271
v 2147 159 95
v 2148 681 351
v 2149 764 397
v 2150 164 86
v 2151 100 56
v 2152 776 385
v 2153 1343 729
v 2154 1116 579
v 2155 672 325
v 2156 518 323
v 2157 557 291
v 2158 1088 605
v 2159 341 167
v 2160 673 328
v 2161 330 158
v 2162 463 242
v 2167 954 516
v 2168 523 294
v 2169 665 333
v 2171 1244 689
v 2174 643 322
v 2176 1111 615
v 2177 564 301
v 2179 618 316
v 2183 1153 577
v 2184 388 206
v 2185 309 160
v 2186 220 106
v 2193 466 274
v 2203 269 159
v 2314 443 225
v 2315 716 440
v 2316 1248 532
v 2317 487 224
v 2318 2727 1348
v 2319 501 261
v 2320 185 111
v 2321 755 396
v 2322 1402 663
v 2323 512 258
v 2324 625 281
v 2325 1981 958
v 2326 1035 511
v 2327 320 157
v 2329 1357 699
v 2330 1758 904
v 2331 812 395
v 2332 477 266
v 2333 478 260
v 2334 1029 505
v 2335 1185 584
v 2336 296 147
v 2337 600 248
v 2338 432 219
v 2339 676 368
v 2340 1400 712
v 2341 367 220
v 2342 227 115
v 2343 754 416
v 2344 308 171
v 2345 515 259
v 2346 627 280
v 2347 331 167
v 2348 512 251
v 2349 303 138
v 2350 380 208
v 2351 481 252
v 2352 1325 673
v 2353 1643 773
v 2354 439 218
v 2355 402 211
v 2356 248 123
v 2357 809 447
v 2358 1427 705
v 2359 1018 506
v 2360 332 165
v 2361 200 86
v 2362 316 173
v 2363 415 211
v 2364 1007 466
v 2365 91 42
v 2366 1415 609
v 2367 340 177
v 2368 409 224
v 2369 111 67
v 2370 47 26
v 2371 675 310
v 2372 347 173
v 2373 955 477
v 2374 517 264
v 2375 1667 782
v 2376 282 147
v 2377 146 72
v 2378 1744 851
v 2379 619 347
v 2380 1646 773
v 2381 148 75
v 2382 451 219
v 2383 179 95
v 2384 378 187
v 2385 229 111
v 2386 188 84
v 2387 159 82
v 2388 743 385
v 2389 1097 553
v 2390 2538 1265
v 2391 1142 548
v 2392 930 421
v 2393 80 43
v 2394 575 268
v 2395 455 228
v 2396 228 98
v 2397 1441 690
v 2398 116 65
v 2399 120 58
v 2400 485 256
v 2401 1034 538
v 2402 605 331
v 2403 175 89
v 2404 847 411
v 2405 888 459
v 2406 209 99
v 2407 98 39
v 2408 911 418
v 2409 1123 561
v 2410 1264 602
v 2411 737 363
v 2412 519 293
v 2413 648 343
v 2414 713 350
v 2415 471 226
v 2416 1110 536
v 2417 367 184
v 2418 441 246
v 2423 1089 517
v 2424 584 320
v 2425 877 431
v 2427 1409 719
v 2430 553 253
v 2432 1121 575
v 2433 521 276
v 2435 754 386
v 2439 1118 542
v 2440 379 187
v 2441 320 150
v 2442 235 126
v 2449 427 233
v 2459 282 137
v 2571 216 134
v 2572 309 137
v 2573 106 55
v 2574 767 382
v 2575 192 98
v 2576 56 34
v 2577 164 83
v 2578 316 146
v 2579 127 52
v 2580 166 86
v 2581 500 235
v 2582 217 111
v 2583 116 53
v 2585 372 162
v 2586 322 145
v 2587 169 57
v 2588 111 66
v 2589 146 73
v 2590 317 154
v 2591 286 116
v 2592 70 23
v 2593 129 53
v 2594 129 57
v 2595 179 98
v 2596 312 146
v 2597 133 71
v 2598 50 33
v 2599 212 116
v 2600 101 62
v 2601 123 62
v 2602 174 78
v 2603 107 49
v 2604 148 66
v 2605 89 43
v 2606 115 68
v 2607 123 76
v 2608 407 216
v 2609 460 203
v 2610 123 56
v 2611 103 43
v 2612 61 26
v 2613 258 139
v 2614 497 249
v 2615 244 112
v 2616 113 60
v 2617 66 28
v 2618 95 56
v 2619 119 58
v 2620 223 94
v 2621 44 21
v 2622 273 111
v 2623 96 45
v 2624 130 59
v 2625 36 26
v 2626 15 7
v 2627 191 83
v 2628 63 24
v 2629 215 99
v 2630 144 57
v 2631 678 319
v 2632 95 45
v 2633 42 18
v 2634 450 206
v 2635 171 87
v 2636 434 176
v 2637 55 18
v 2638 126 62
v 2639 69 38
v 2640 91 48
v 2641 54 26
v 2642 43 18
v 2643 45 20
v 2644 224 106
v 2645 278 148
v 2646 647 309
v 2647 249 122
v 2648 139 64
v 2649 25 12
v 2650 133 72
v 2651 138 58
v 2652 66 28
v 2653 369 176
v 2654 29 15
v 2655 31 15
v 2656 138 65
v 2657 319 150
v 2658 175 88
v 2659 62 38
v 2660 291 130
v 2661 162 83
v 2662 66 32
v 2663 21 12
v 2664 247 123
v 2665 240 102
v 2666 294 148
v 2667 203 86
v 2668 137 62
v 2669 181 102
v 2670 270 134
v 2671 129 57
v 2672 365 174
v 2673 128 65
v 2674 113 64
v 2679 271 132
v 2680 154 96
v 2681 234 102
v 2683 336 173
v 2686 179 81
v 2688 363 197
v 2689 121 63
v 2691 239 107
v 2695 374 182
v 2696 108 44
v 2697 114 59
v 2698 57 25
v 2705 150 70
v 2715 100 42
v 2828 541 186
v 2829 178 80
v 2830 1109 418
v 2831 251 112
v 2832 86 41
v 2833 272 98
v 2834 563 207
v 2835 268 117
v 2836 292 107
v 2837 874 356
v 2838 450 168
v 2839 147 54
v 2841 730 317
v 2842 862 368
v 2843 418 150
v 2844 194 94
v 2845 227 86
v 2846 465 188
v 2847 488 173
v 2848 137 51
v 2849 218 74
v 2850 225 87
v 2851 368 152
v 2852 628 258
v 2853 160 75
v 2854 103 50
v 2855 335 126
v 2856 122 55
v 2857 212 96
v 2858 275 96
v 2859 195 80
v 2860 272 121
v 2861 159 49
v 2862 238 110
v 2863 234 99
v 2864 714 256
v 2865 760 270
v 2866 199 72
v 2867 171 56
v 2868 104 46
v 2869 356 170
v 2870 757 249
v 2871 427 159
v 2872 171 61
v 2873 90 38
v 2874 122 49
v 2875 181 84
v 2876 442 156
v 2877 52 21
v 2878 490 170
v 2879 154 66
v 2880 207 87
v 2881 51 26
v 2882 26 9
v 2883 325 123
v 2884 185 67
v 2885 401 160
v 2886 257 90
v 2887 655 243
v 2888 136 62
v 2889 85 41
v 2890 932 328
v 2891 318 122
v 2892 717 271
v 2893 90 29
v 2894 182 59
v 2895 101 51
v 2896 191 81
v 2897 86 30
v 2898 57 21
v 2899 77 37
v 2900 344 149
v 2901 550 242
v 2902 1161 439
v 2903 508 191
v 2904 335 128
v 2905 22 9
v 2906 237 84
v 2907 228 88
v 2908 103 33
v 2909 563 222
v 2910 53 17
v 2911 61 32
v 2912 223 97
v 2913 513 226
v 2914 314 144
v 2915 117 59
v 2916 397 172
v 2917 429 157
v 2918 97 35
v 2919 43 13
v 2920 381 156
v 2921 518 204
v 2922 543 215
v 2923 322 133
v 2924 259 121
v 2925 344 140
v 2926 349 132
v 2927 171 75
v 2928 486 183
v 2929 157 61
v 2930 210 101
v 2935 407 167
v 2936 273 121
v 2937 383 152
v 2939 590 256
v 2942 289 119
v 2944 587 231
v 2945 224 76
v 2947 355 126
v 2951 570 207
v 2952 159 66
v 2953 151 59
v 2954 121 55
v 2961 251 119
v 2971 142 53
v 3085 319 156
v 3086 1864 981
v 3087 334 180
v 3088 227 112
v 3089 402 210
v 3090 2063 926
v 3091 404 231
v 3092 511 287
v 3093 1361 749
v 3094 653 354
v 3095 276 141
v 3097 1029 551
v 3098 1341 686
v 3099 681 364
v 3100 372 226
v 3101 342 170
v 3102 771 401
v 3103 769 373
v 3104 239 119
v 3105 424 209
v 3106 310 153
v 3107 471 280
v 3108 1101 549
v 3109 237 126
v 3110 200 101
v 3111 542 311
v 3112 237 146
v 3113 406 213
v 3114 423 245
v 3115 217 106
v 3116 414 218
v 3117 243 124
v 3118 273 158
v 3119 301 170
v 3120 1354 721
v 3121 1450 695
v 3122 366 188
v 3123 323 182
v 3124 442 202
v 3125 583 358
v 3126 1065 568
v 3127 614 279
v 3128 234 139
v 3129 190 89
v 3130 232 126
v 3131 221 136
v 3132 785 408
v 3133 79 46
v 3134 996 447
v 3135 286 163
v 3136 285 153
v 3137 88 55
v 3138 51 23
v 3139 453 246
v 3140 270 152
v 3141 654 354
v 3142 382 201
v 3143 1185 592
v 3144 213 124
v 3145 119 71
v 3146 1418 736
v 3147 467 252
v 3148 1011 537
v 3149 159 74
v 3150 351 187
v 3151 210 127
v 3152 279 149
v 3153 150 80
v 3154 127 69
v 3155 127 73
v 3156 650 377
v 3157 883 497
v 3158 1789 908
v 3159 854 434
v 3160 568 259
v 3161 80 40
v 3162 414 205
v 3163 413 188
v 3164 216 108
v 3165 858 430
v 3166 261 149
v 3167 120 62
v 3168 366 187
v 3169 823 420
v 3170 435 226
v 3171 171 100
v 3172 708 370
v 3173 625 332
v 3174 172 77
v 3175 93 56
v 3176 584 291
v 3177 880 440
v 3178 968 482
v 3179 538 271
v 3180 333 175
v 3181 402 233
v 3182 523 238
v 3183 363 178
v 3184 902 458
v 3185 287 147
v 3186 325 185
v 3191 779 413
v 3192 406 233
v 3193 617 298
v 3195 1023 581
v 3198 429 251
v 3200 872 449
v 3201 428 247
v 3203 650 356
v 3207 974 460
v 3208 270 148
v 3209 283 136
v 3210 168 98
v 3217 364 209
v 3227 224 111
v 3342 672 342
v 3343 148 67
v 3344 47 29
v 3345 233 128
v 3346 334 134
v 3347 156 74
v 3348 185 106
v 3349 561 287
v 3350 209 102
v 3351 84 45
v 3353 404 207
v 3354 305 137
v 3355 140 65
v 3356 117 57
v 3357 117 64
v 3358 304 156
v 3359 302 141
v 3360 64 25
v 3361 158 59
v 3362 117 62
v 3363 157 71
v 3364 308 172
v 3365 85 42
v 3366 50 23
v 3367 294 158
v 3368 90 54
v 3369 151 84
v 3370 174 92
v 3371 86 40
v 3372 108 51
v 3373 82 46
v 3374 119 58
v 3375 135 76
v 3376 329 148
v 3377 351 156
v 3378 129 57
v 3379 98 53
v 3380 75 31
v 3381 224 116
v 3382 398 210
v 3383 288 140
v 3384 97 51
v 3385 73 33
v 3386 76 31
v 3387 85 49
v 3388 178 72
v 3389 22 10
v 3390 331 136
v 3391 103 56
v 3392 123 64
v 3393 31 18
v 3394 8 3
v 3395 190 80
v 3396 101 57
v 3397 247 115
v 3398 152 65
v 3399 579 275
v 3400 68 32
v 3401 51 30
v 3402 673 340
v 3403 102 50
v 3404 432 217
v 3405 45 29
v 3406 144 76
v 3407 71 32
v 3408 89 47
v 3409 53 30
v 3410 41 17
v 3411 28 14
v 3412 200 87
v 3413 275 144
v 3414 618 301
v 3415 293 128
v 3416 118 47
v 3417 23 12
v 3418 151 79
v 3419 104 43
v 3420 66 33
v 3421 364 184
v 3422 34 19
v 3423 41 21
v 3424 136 70
v 3425 248 114
v 3426 179 89
v 3427 41 22
v 3428 251 122
v 3429 140 73
v 3430 47 21
v 3431 37 18
v 3432 211 106
v 3433 333 165
v 3434 327 159
v 3435 168 82
v 3436 128 72
v 3437 157 85
v 3438 180 90
v 3439 143 60
v 3440 309 151
v 3441 97 49
v 3442 110 58
v 3447 288 165
v 3448 149 85
v 3449 181 103
v 3451 369 195
v 3454 204 87
v 3456 341 164
v 3457 142 71
v 3459 206 100
v 3463 336 163
v 3464 116 52
v 3465 88 40
v 3466 55 20
v 3473 117 68
v 3483 95 46
v 3599 792 390
v 3600 314 175
v 3601 972 518
v 3602 2191 1012
v 3603 812 448
v 3604 1004 494
v 3605 2851 1417
v 3606 1409 721
v 3607 537 280
v 3609 2245 1208
v 3610 2851 1457
v 3611 1372 707
v 3612 835 441
v 3613 733 372
v 3614 1728 863
v 3615 1937 979
v 3616 462 217
v 3617 877 382
v 3618 766 394
v 3619 930 503
v 3620 2121 1119
v 3621 624 356
v 3622 414 200
v 3623 1164 614
v 3624 478 273
v 3625 749 404
v 3626 1075 533
v 3627 611 290
v 3628 750 389
v 3629 513 246
v 3630 600 346
v 3631 732 394
v 3632 2195 1140
v 3633 2863 1421
v 3634 772 371
v 3635 634 304
v 3636 440 190
v 3637 1193 669
v 3638 2839 1398
v 3639 1635 799
v 3640 543 286
v 3641 356 169
v 3642 506 275
v 3643 608 335
v 3644 1556 743
v 3645 234 119
v 3646 2204 966
v 3647 597 295
v 3648 732 382
v 3649 173 101
v 3650 94 40
v 3651 991 498
v 3652 662 317
v 3653 1397 701
v 3654 1157 522
v 3655 2582 1267
v 3656 407 219
v 3657 218 112
v 3658 3191 1525
v 3659 945 500
v 3660 2483 1158
v 3661 316 151
v 3662 772 378
v 3663 380 207
v 3664 634 318
v 3665 373 184
v 3666 289 147
v 3667 233 134
v 3668 1269 644
v 3669 1990 1013
v 3670 4325 2204
v 3671 1904 890
v 3672 1244 618
v 3673 121 59
v 3674 900 464
v 3675 860 413
v 3676 420 200
v 3677 2250 1103
v 3678 221 122
v 3679 226 110
v 3680 798 396
v 3681 1767 868
v 3682 1667 916
v 3683 332 166
v 3684 1398 684
v 3685 1376 695
v 3686 349 180
v 3687 186 86
v 3688 1242 630
v 3689 1931 970
v 3690 1853 961
v 3691 1178 573
v 3692 812 453
v 3693 1121 580
v 3694 1263 632
v 3695 815 393
v 3696 1936 950
v 3697 599 275
v 3698 968 514
v 3703 1681 827
v 3704 931 482
v 3705 1451 671
v 3707 2200 1164
v 3710 971 471
v 3712 1827 950
v 3713 760 389
v 3715 1352 676
v 3719 2120 980
v 3720 620 290
v 3721 612 298
v 3722 350 192
v 3729 858 444
v 3739 444 221
v 3856 63 38
v 3857 190 88
v 3858 364 182
v 3859 159 88
v 3860 191 97
v 3861 598 282
v 3862 315 151
v 3863 107 53
v 3865 456 253
v 3866 610 327
v 3867 253 119
v 3868 136 79
v 3869 142 71
v 3870 308 154
v 3871 335 163
v 3872 113 50
v 3873 152 70
v 3874 122 66
v 3875 264 131
v 3876 412 190
v 3877 105 47
v 3878 61 31
v 3879 310 156
v 3880 95 54
v 3881 243 108
v 3882 216 111
v 3883 129 66
v 3884 150 84
v 3885 102 46
v 3886 88 45
v 3887 149 73
v 3888 367 193
v 3889 478 238
v 3890 99 41
v 3891 133 49
v 3892 72 33
v 3893 244 125
v 3894 587 307
v 3895 274 123
v 3896 95 42
v 3897 67 25
v 3898 99 52
v 3899 115 64
v 3900 302 159
v 3901 24 12
v 3902 360 142
v 3903 113 64
v 3904 132 70
v 3905 23 11
v 3906 13 7
v 3907 166 71
v 3908 119 68
v 3909 305 149
v 3910 159 84
v 3911 460 222
v 3912 100 51
v 3913 52 32
v 3914 545 263
v 3915 230 142
v 3916 468 210
v 3917 52 16
v 3918 144 65
v 3919 44 24
v 3920 78 35
v 3921 76 32
v 3922 45 19
v 3923 45 19
v 3924 246 128
v 3925 354 168
v 3926 794 389
v 3927 328 166
v 3928 255 108
v 3929 21 10
v 3930 129 63
v 3931 88 41
v 3932 64 34
v 3933 387 181
v 3934 18 11
v 3935 44 23
v 3936 172 81
v 3937 314 154
v 3938 176 103
v 3939 65 34
v 3940 230 118
v 3941 298 156
v 3942 59 31
v 3943 30 16
v 3944 298 147
v 3945 255 118
v 3946 324 169
v 3947 215 109
v 3948 193 106
v 3949 155 73
v 3950 219 99
v 3951 132 71
v 3952 288 138
v 3953 98 37
v 3954 149 84
v 3959 277 119
v 3960 158 85
v 3961 230 115
v 3963 362 189
v 3966 181 94
v 3968 334 183
v 3969 161 86
v 3971 214 108
v 3975 338 157
v 3976 111 59
v 3977 93 43
v 3978 51 21
v 3985 139 72
v 3995 85 41
v 4113 86 39
v 4114 173 74
v 4115 65 38
v 4116 89 48
v 4117 235 121
v 4118 118 53
v 4119 41 16
v 4121 179 91
v 4122 266 136
v 4123 141 70
v 4124 75 30
v 4125 65 34
v 4126 168 83
v 4127 145 60
v 4128 43 18
v 4129 70 31
v 4130 55 20
v 4131 99 54
v 4132 190 94
v 4133 40 16
v 4134 31 10
v 4135 78 38
v 4136 38 15
v 4137 91 40
v 4138 79 30
v 4139 50 24
v 4140 65 25
v 4141 48 21
v 4142 57 25
v 4143 68 34
v 4144 180 90
v 4145 216 103
v 4146 58 20
v 4147 31 17
v 4148 45 16
v 4149 110 56
v 4150 215 97
v 4151 120 61
v 4152 46 21
v 4153 38 17
v 4154 36 19
v 4155 50 18
v 4156 131 57
v 4157 22 11
v 4158 118 48
v 4159 39 19
v 4160 68 32
v 4161 18 10
v 4162 10 6
v 4163 82 28
v 4164 50 21
v 4165 115 62
v 4166 68 34
v 4167 202 92
v 4168 28 17
v 4169 20 7
v 4170 261 117
v 4171 100 53
v 4172 193 90
v 4173 20 9
v 4174 57 27
v 4175 32 19
v 4176 42 22
v 4177 30 12
v 4178 18 8
v 4179 26 12
v 4180 101 48
v 4181 147 73
v 4182 338 163
v 4183 131 58
v 4184 88 39
v 4185 7 3
v 4186 68 29
v 4187 49 18
v 4188 28 14
v 4189 175 77
v 4190 15 8
v 4191 21 11
v 4192 69 32
v 4193 148 68
v 4194 72 39
v 4195 25 9
v 4196 116 63
v 4197 140 58
v 4198 21 10
v 4199 16 7
v 4200 143 62
v 4201 118 47
v 4202 145 63
v 4203 106 39
v 4204 75 34
v 4205 80 42
v 4206 84 34
v 4207 51 24
v 4208 150 65
v 4209 56 27
v 4210 52 23
v 4215 121 61
v 4216 69 26
v 4217 111 54
v 4219 160 70
v 4222 82 37
v 4224 161 65
v 4225 87 47
v 4227 93 50
v 4231 148 62
v 4232 51 25
v 4233 36 15
v 4234 33 15
v 4241 55 29
v 4251 34 16
v 4370 468 224
v 4371 172 79
v 4372 255 118
v 4373 706 327
v 4374 459 234
v 4375 127 58
v 4377 461 231
v 4378 571 264
v 4379 248 105
v 4380 165 88
v 4381 186 87
v 4382 428 180
v 4383 428 202
v 4384 83 29
v 4385 188 92
v 4386 187 86
v 4387 325 178
v 4388 475 214
v 4389 154 81
v 4390 81 35
v 4391 331 180
v 4392 192 110
v 4393 207 93
v 4394 259 108
v 4395 124 49
v 4396 191 96
v 4397 96 42
v 4398 133 78
v 4399 157 80
v 4400 508 244
v 4401 597 294
v 4402 163 73
v 4403 154 71
v 4404 113 45
v 4405 385 199
v 4406 628 316
v 4407 393 200
v 4408 159 72
v 4409 78 31
v 4410 112 51
v 4411 146 64
v 4412 290 132
v 4413 32 20
v 4414 538 216
v 4415 163 90
v 4416 173 100
v 4417 48 32
v 4418 16 4
v 4419 262 118
v 4420 173 85
v 4421 343 166
v 4422 209 104
v 4423 596 279
v 4424 116 55
v 4425 44 20
v 4426 747 339
v 4427 140 65
v 4428 576 272
v 4429 79 37
v 4430 185 81
v 4431 98 57
v 4432 128 62
v 4433 93 38
v 4434 43 11
v 4435 45 20
v 4436 297 164
v 4437 455 235
v 4438 981 464
v 4439 300 126
v 4440 214 100
v 4441 29 8
v 4442 252 114
v 4443 181 79
v 4444 91 41
v 4445 482 210
v 4446 50 22
v 4447 56 29
v 4448 205 93
v 4449 381 188
v 4450 235 116
v 4451 83 44
v 4452 363 201
v 4453 263 128
v 4454 84 52
v 4455 44 21
v 4456 317 139
v 4457 420 203
v 4458 532 241
v 4459 306 147
v 4460 176 84
v 4461 248 113
v 4462 263 126
v 4463 145 72
v 4464 423 193
v 4465 141 62
v 4466 191 104
v 4471 350 163
v 4472 233 117
v 4473 230 85
v 4475 510 242
v 4478 256 122
v 4480 451 220
v 4481 193 94
v 4483 277 121
v 4487 496 224
v 4488 169 93
v 4489 154 67
v 4490 87 48
v 4497 201 97
v 4507 125 67
v 4627 465 261
v 4628 500 262
v 4629 1444 757
v 4630 786 427
v 4631 279 152
v 4633 1165 607
v 4634 1557 890
v 4635 569 271
v 4636 366 197
v 4637 363 200
v 4638 831 419
v 4639 933 478
v 4640 256 145
v 4641 467 206
v 4642 323 173
v 4643 544 302
v 4644 938 508
v 4645 296 185
v 4646 191 113
v 4647 626 347
v 4648 215 120
v 4649 398 209
v 4650 462 227
v 4651 299 145
v 4652 351 176
v 4653 274 122
v 4654 346 169
v 4655 364 199
v 4656 1110 581
v 4657 1329 644
v 4658 333 183
v 4659 311 165
v 4660 175 83
v 4661 674 401
v 4662 1397 680
v 4663 1013 541
v 4664 277 131
v 4665 150 74
v 4666 237 129
v 4667 332 180
v 4668 955 483
v 4669 109 60
v 4670 1064 493
v 4671 277 159
v 4672 354 196
v 4673 78 34
v 4674 56 35
v 4675 598 295
v 4676 327 176
v 4677 643 341
v 4678 507 267
v 4679 1303 616
v 4680 235 110
v 4681 109 56
v 4682 1443 724
v 4683 509 275
v 4684 1270 614
v 4685 207 115
v 4686 449 224
v 4687 174 89
v 4688 275 161
v 4689 237 129
v 4690 128 63
v 4691 99 54
v 4692 599 338
v 4693 684 353
v 4694 1919 1003
v 4695 1043 527
v 4696 757 377
v 4697 81 43
v 4698 452 236
v 4699 395 217
v 4700 216 99
v 4701 1068 531
v 4702 96 49
v 4703 167 90
v 4704 389 213
v 4705 851 467
v 4706 549 304
v 4707 116 57
v 4708 696 371
v 4709 742 441
v 4710 147 82
v 4711 103 46
v 4712 747 420
v 4713 849 460
v 4714 978 525
v 4715 629 341
v 4716 410 222
v 4717 522 282
v 4718 415 200
v 4719 393 197
v 4720 737 342
v 4721 310 160
v 4722 360 192
v 4727 785 373
v 4728 489 264
v 4729 779 420
v 4731 1176 659
v 4734 519 280
v 4736 988 553
v 4737 359 200
v 4739 665 341
v 4743 1009 537
v 4744 308 154
v 4745 280 142
v 4746 173 95
v 4753 419 229
v 4763 277 145
v 4884 190 78
v 4885 688 332
v 4886 337 158
v 4887 130 56
v 4889 504 251
v 4890 771 362
v 4891 287 107
v 4892 145 73
v 4893 136 62
v 4894 369 160
v 4895 349 157
v 4896 103 41
v 4897 221 101
v 4898 140 56
v 4899 233 113
v 4900 428 204
v 4901 101 50
v 4902 73 31
v 4903 232 97
v 4904 98 45
v 4905 166 83
v 4906 190 86
v 4907 124 52
v 4908 169 75
v 4909 112 48
v 4910 162 87
v 4911 141 63
v 4912 503 224
v 4913 510 237
v 4914 111 57
v 4915 138 63
v 4916 77 33
v 4917 306 162
v 4918 552 223
v 4919 346 183
v 4920 113 54
v 4921 72 25
v 4922 89 44
v 4923 145 73
v 4924 350 152
v 4925 35 14
v 4926 413 170
v 4927 128 54
v 4928 148 81
v 4929 35 13
v 4930 22 10
v 4931 254 113
v 4932 127 52
v 4933 301 122
v 4934 200 111
v 4935 610 269
v 4936 113 50
v 4937 59 30
v 4938 676 309
v 4939 231 108
v 4940 535 234
v 4941 50 27
v 4942 144 69
v 4943 93 49
v 4944 134 67
v 4945 87 35
v 4946 54 18
v 4947 43 20
v 4948 247 118
v 4949 277 117
v 4950 852 373
v 4951 411 180
v 4952 330 145
v 4953 36 21
v 4954 175 81
v 4955 125 62
v 4956 71 33
v 4957 433 227
v 4958 51 28
v 4959 47 17
v 4960 176 91
v 4961 376 175
v 4962 275 145
v 4963 71 31
v 4964 348 169
v 4965 292 136
v 4966 57 30
v 4967 41 23
v 4968 326 156
v 4969 347 170
v 4970 377 158
v 4971 265 125
v 4972 171 87
v 4973 228 99
v 4974 155 71
v 4975 172 69
v 4976 352 165
v 4977 134 57
v 4978 211 102
v 4983 325 126
v 4984 206 114
v 4985 284 110
v 4987 421 214
v 4990 220 90
v 4992 408 156
v 4993 193 93
v 4995 266 114
v 4999 414 169
v 5000 122 55
v 5001 99 45
v 5002 99 45
v 5009 172 92
v 5019 100 48
v 5141 829 401
v 5142 406 218
v 5143 144 67
v 5145 581 322
v 5146 821 440
v 5147 333 177
v 5148 162 83
v 5149 191 98
v 5150 418 198
v 5151 434 181
v 5152 130 58
v 5153 249 115
v 5154 181 77
v 5155 271 143
v 5156 554 279
v 5157 132 75
v 5158 81 42
v 5159 317 164
v 5160 130 66
v 5161 247 130
v 5162 295 151
v 5163 139 66
v 5164 226 120
v 5165 128 65
v 5166 182 104
v 5167 153 82
v 5168 566 283
v 5169 624 297
v 5170 167 79
v 5171 165 75
v 5172 117 54
v 5173 326 177
v 5174 633 314
v 5175 373 162
v 5176 155 81
v 5177 79 29
v 5178 110 48
v 5179 151 90
v 5180 393 184
v 5181 62 30
v 5182 456 205
v 5183 154 81
v 5184 152 80
v 5185 36 19
v 5186 16 10
v 5187 330 148
v 5188 167 92
v 5189 419 240
v 5190 208 118
v 5191 647 313
v 5192 119 59
v 5193 55 28
v 5194 788 350
v 5195 265 140
v 5196 583 255
v 5197 66 29
v 5198 170 85
v 5199 93 52
v 5200 165 78
v 5201 98 48
v 5202 74 29
v 5203 67 33
v 5204 302 157
v 5205 444 239
v 5206 979 447
v 5207 472 209
v 5208 340 154
v 5209 38 19
v 5210 216 110
v 5211 166 88
v 5212 94 44
v 5213 514 238
v 5214 50 25
v 5215 59 26
v 5216 208 109
v 5217 435 211
v 5218 212 118
v 5219 85 46
v 5220 336 180
v 5221 329 162
v 5222 79 43
v 5223 53 27
v 5224 340 184
v 5225 418 207
v 5226 453 228
v 5227 241 118
v 5228 232 125
v 5229 258 136
v 5230 277 113
v 5231 190 91
v 5232 387 160
v 5233 135 67
v 5234 183 86
v 5239 372 174
v 5240 228 120
v 5241 312 154
v 5243 517 279
v 5246 260 150
v 5248 466 234
v 5249 208 97
v 5251 321 170
v 5255 495 235
v 5256 135 56
v 5257 149 63
v 5258 94 52
v 5265 178 107
v 5275 98 34
v 5398 1072 543
v 5399 398 193
v 5401 1689 868
v 5402 2171 1104
v 5403 904 439
v 5404 487 257
v 5405 552 277
v 5406 1238 626
v 5407 1221 576
v 5408 332 156
v 5409 633 261
v 5410 497 246
v 5411 839 458
v 5412 1509 761
v 5413 395 237
v 5414 257 128
v 5415 958 491
v 5416 351 192
v 5417 698 339
v 5418 724 314
v 5419 424 204
v 5420 622 316
v 5421 338 164
v 5422 466 251
v 5423 592 322
v 5424 1728 854
v 5425 1948 927
v 5426 472 219
v 5427 413 219
v 5428 309 154
v 5429 950 496
v 5430 1712 849
v 5431 1143 550
v 5432 418 194
v 5433 237 110
v 5434 390 190
v 5435 452 262
v 5436 1153 552
v 5437 128 54
v 5438 1443 650
v 5439 424 220
v 5440 490 288
v 5441 121 61
v 5442 66 30
v 5443 863 400
v 5444 405 188
v 5445 978 540
v 5446 602 318
v 5447 1918 876
v 5448 324 160
v 5449 198 113
v 5450 2162 1008
v 5451 705 362
v 5452 1783 828
v 5453 192 90
v 5454 524 245
v 5455 250 131
v 5456 414 217
v 5457 235 131
v 5458 166 88
v 5459 172 75
v 5460 853 464
v 5461 1246 685
v 5462 2879 1421
v 5463 1261 617
v 5464 927 388
v 5465 93 42
v 5466 614 290
v 5467 511 270
v 5468 243 107
v 5469 1352 666
v 5470 133 67
v 5471 167 84
v 5472 694 346
v 5473 1296 637
v 5474 668 363
v 5475 219 114
v 5476 965 490
v 5477 1004 501
v 5478 192 91
v 5479 136 67
v 5480 999 481
v 5481 1176 574
v 5482 1340 662
v 5483 800 372
v 5484 602 321
v 5485 720 369
v 5486 833 399
v 5487 461 220
v 5488 1204 545
v 5489 386 179
v 5490 498 273
v 5495 1056 511
v 5496 628 343
v 5497 952 446
v 5499 1564 822
v 5502 737 372
v 5504 1349 711
v 5505 617 308
v 5507 913 446
v 5511 1328 648
v 5512 428 230
v 5513 373 172
v 5514 261 145
v 5521 527 291
v 5531 319 154
v 5655 224 109
v 5657 909 463
v 5658 1145 589
v 5659 530 241
v 5660 264 128
v 5661 252 126
v 5662 604 304
v 5663 587 266
v 5664 177 88
v 5665 308 132
v 5666 277 129
v 5667 497 280
v 5668 681 357
v 5669 218 110
v 5670 125 75
v 5671 471 237
v 5672 198 105
v 5673 335 166
v 5674 376 173
v 5675 192 93
v 5676 312 162
v 5677 255 123
v 5678 288 138
v 5679 301 155
v 5680 757 382
v 5681 975 472
v 5682 226 108
v 5683 231 119
v 5684 137 72
v 5685 429 241
v 5686 902 423
v 5687 509 264
v 5688 203 108
v 5689 133 62
v 5690 177 91
v 5691 229 122
v 5692 648 297
v 5693 76 32
v 5694 792 330
v 5695 194 105
v 5696 242 137
v 5697 61 36
v 5698 33 18
v 5699 447 229
v 5700 232 113
v 5701 475 242
v 5702 285 146
v 5703 949 468
v 5704 159 82
v 5705 100 60
v 5706 1077 509
v 5707 377 184
v 5708 865 364
v 5709 131 60
v 5710 234 101
v 5711 112 68
v 5712 207 100
v 5713 123 62
v 5714 114 47
v 5715 93 45
v 5716 494 263
v 5717 569 303
v 5718 1465 759
v 5719 714 345
v 5720 497 225
v 5721 48 22
v 5722 288 148
v 5723 221 109
v 5724 136 64
v 5725 673 341
v 5726 76 36
v 5727 91 46
v 5728 296 149
v 5729 713 365
v 5730 285 147
v 5731 108 49
v 5732 488 242
v 5733 535 262
v 5734 124 62
v 5735 48 20
v 5736 563 256
v 5737 624 335
v 5738 694 314
v 5739 381 175
v 5740 316 168
v 5741 289 164
v 5742 391 194
v 5743 243 109
v 5744 596 274
v 5745 204 100
v 5746 273 142
v 5751 581 275
v 5752 332 169
v 5753 421 191
v 5755 767 422
v 5758 419 207
v 5760 689 369
v 5761 346 166
v 5763 433 217
v 5767 691 338
v 5768 232 124
v 5769 198 101
v 5770 141 73
v 5777 305 164
v 5787 174 82
v 5913 310 160
v 5914 449 230
v 5915 203 94
v 5916 116 57
v 5917 120 75
v 5918 200 99
v 5919 246 131
v 5920 71 39
v 5921 131 59
v 5922 103 62
v 5923 176 93
v 5924 306 139
v 5925 78 50
v 5926 49 25
v 5927 166 80
v 5928 58 28
v 5929 118 49
v 5930 142 68
v 5931 75 38
v 5932 127 72
v 5933 82 50
v 5934 106 58
v 5935 97 45
v 5936 297 147
v 5937 355 176
v 5938 86 36
v 5939 81 39
v 5940 54 24
v 5941 178 106
v 5942 376 172
v 5943 184 94
v 5944 84 38
v 5945 37 21
v 5946 63 34
v 5947 89 46
v 5948 254 111
v 5949 34 20
v 5950 270 114
v 5951 92 45
v 5952 92 52
v 5953 33 21
v 5954 19 12
v 5955 133 60
v 5956 81 39
v 5957 162 80
v 5958 143 72
v 5959 356 161
v 5960 83 42
v 5961 39 21
v 5962 475 227
v 5963 134 68
v 5964 326 153
v 5965 42 17
v 5966 114 49
v 5967 45 29
v 5968 71 32
v 5969 45 30
v 5970 39 20
v 5971 43 26
v 5972 146 76
v 5973 208 107
v 5974 584 295
v 5975 303 143
v 5976 211 90
v 5977 18 10
v 5978 102 47
v 5979 92 54
v 5980 60 28
v 5981 287 151
v 5982 27 15
v 5983 35 23
v 5984 119 49
v 5985 260 131
v 5986 165 93
v 5987 40 27
v 5988 177 78
v 5989 208 123
v 5990 39 25
v 5991 29 18
v 5992 200 99
v 5993 241 138
v 5994 259 134
v 5995 157 69
v 5996 105 49
v 5997 140 79
v 5998 135 62
v 5999 102 46
v 6000 254 120
v 6001 96 54
v 6002 100 59
v 6007 224 105
v 6008 131 63
v 6009 201 97
v 6011 259 137
v 6014 135 78
v 6016 264 118
v 6017 141 84
v 6019 155 76
v 6023 304 158
v 6024 80 46
v 6025 71 36
v 6026 46 31
v 6033 91 40
v 6043 62 35
v 6426 1677 831
v 6427 711 354
v 6428 403 196
v 6429 405 200
v 6430 916 432
v 6431 974 410
v 6432 278 143
v 6433 444 184
v 6434 425 214
v 6435 811 385
v 6436 1183 625
v 6437 309 157
v 6438 202 112
v 6439 711 364
v 6440 262 134
v 6441 475 208
v 6442 515 232
v 6443 368 182
v 6444 474 212
v 6445 262 128
v 6446 442 214
v 6447 452 214
v 6448 1273 614
v 6449 1672 739
v 6450 384 169
v 6451 316 147
v 6452 249 103
v 6453 734 396
v 6454 1377 657
v 6455 830 365
v 6456 334 145
v 6457 203 86
v 6458 303 144
v 6459 349 180
v 6460 854 382
v 6461 86 46
v 6462 1019 422
v 6463 325 171
v 6464 419 223
v 6465 109 59
v 6466 52 20
v 6467 603 263
v 6468 342 156
v 6469 738 380
v 6470 523 239
v 6471 1124 491
v 6472 259 119
v 6473 148 66
v 6474 1863 844
v 6475 516 248
v 6476 1576 669
v 6477 155 83
v 6478 369 162
v 6479 198 103
v 6480 357 174
v 6481 179 82
v 6482 121 62
v 6483 149 71
v 6484 726 351
v 6485 1011 509
v 6486 2258 1120
v 6487 950 453
v 6488 659 301
v 6489 75 34
v 6490 501 220
v 6491 418 195
v 6492 206 82
v 6493 1005 470
v 6494 120 53
v 6495 111 62
v 6496 466 248
v 6497 1006 451
v 6498 549 277
v 6499 194 103
v 6500 730 346
v 6501 800 383
v 6502 147 53
v 6503 84 35
v 6504 757 352
v 6505 955 480
v 6506 987 493
v 6507 615 286
v 6508 474 250
v 6509 544 280
v 6510 727 347
v 6511 419 190
v 6512 958 440
v 6513 384 185
v 6514 417 207
v 6519 811 371
v 6520 518 252
v 6521 740 374
v 6523 1194 603
v 6526 563 283
v 6528 1071 517
v 6529 463 236
v 6531 701 332
v 6535 1074 500
v 6536 356 163
v 6537 284 110
v 6538 205 106
v 6545 448 240
v 6555 281 145
v 6683 959 444
v 6684 489 266
v 6685 550 253
v 6686 1256 611
v 6687 1268 578
v 6688 404 201
v 6689 611 266
v 6690 537 269
v 6691 861 431
v 6692 1369 687
v 6693 415 224
v 6694 246 129
v 6695 822 427
v 6696 351 179
v 6697 595 327
v 6698 751 338
v 6699 413 198
v 6700 687 308
v 6701 387 184
v 6702 535 266
v 6703 497 256
v 6704 1570 761
v 6705 1951 857
v 6706 469 218
v 6707 419 201
v 6708 313 134
v 6709 992 507
v 6710 1745 830
v 6711 1066 493
v 6712 412 192
v 6713 283 131
v 6714 348 191
v 6715 451 247
v 6716 1207 537
v 6717 114 58
v 6718 1332 565
v 6719 387 209
v 6720 515 274
v 6721 127 66
v 6722 66 33
v 6723 856 398
v 6724 436 214
v 6725 918 461
v 6726 638 307
v 6727 1831 855
v 6728 356 200
v 6729 199 96
v 6730 2232 995
v 6731 752 379
v 6732 1561 683
v 6733 231 108
v 6734 457 211
v 6735 283 154
v 6736 394 176
v 6737 264 120
v 6738 159 73
v 6739 207 111
v 6740 930 496
v 6741 1243 630
v 6742 3093 1398
v 6743 1329 598
v 6744 940 455
v 6745 86 40
v 6746 583 298
v 6747 522 238
v 6748 256 109
v 6749 1351 651
v 6750 114 52
v 6751 148 71
v 6752 580 285
v 6753 1324 661
v 6754 560 304
v 6755 257 138
v 6756 1080 526
v 6757 1023 518
v 6758 215 85
v 6759 128 60
v 6760 1024 478
v 6761 1295 675
v 6762 1349 644
v 6763 842 389
v 6764 583 329
v 6765 669 321
v 6766 813 370
v 6767 528 228
v 6768 1172 498
v 6769 434 194
v 6770 543 260
v 6775 1126 530
v 6776 737 359
v 6777 912 444
v 6779 1517 780
v 6782 774 367
v 6784 1457 732
v 6785 632 312
v 6787 954 452
v 6791 1401 676
v 6792 444 223
v 6793 338 161
v 6794 224 114
v 6801 519 284
v 6811 336 165
v 6940 211 108
v 6941 283 143
v 6942 547 282
v 6943 574 284
v 6944 152 76
v 6945 307 128
v 6946 216 115
v 6947 397 234
v 6948 698 368
v 6949 181 103
v 6950 122 67
v 6951 372 209
v 6952 184 99
v 6953 242 135
v 6954 341 165
v 6955 211 95
v 6956 224 113
v 6957 171 82
v 6958 188 114
v 6959 224 119
v 6960 699 337
v 6961 770 369
v 6962 186 97
v 6963 221 123
v 6964 135 66
v 6965 451 266
v 6966 795 423
v 6967 452 225
v 6968 164 91
v 6969 109 48
v 6970 156 87
v 6971 179 107
v 6972 475 209
v 6973 66 39
v 6974 556 265
v 6975 194 100
v 6976 228 125
v 6977 47 28
v 6978 27 14
v 6979 425 195
v 6980 178 98
v 6981 411 234
v 6982 280 142
v 6983 796 399
v 6984 152 81
v 6985 84 46
v 6986 984 482
v 6987 367 176
v 6988 700 356
v 6989 109 46
v 6990 207 107
v 6991 117 64
v 6992 184 77
v 6993 109 58
v 6994 82 31
v 6995 85 46
v 6996 436 233
v 6997 563 314
v 6998 1360 658
v 6999 592 289
v 7000 381 174
v 7001 52 22
v 7002 222 114
v 7003 191 104
v 7004 107 41
v 7005 690 338
v 7006 81 42
v 7007 63 22
v 7008 238 128
v 7009 531 289
v 7010 284 150
v 7011 108 62
v 7012 446 207
v 7013 437 220
v 7014 112 39
v 7015 47 27
v 7016 445 238
v 7017 505 259
v 7018 545 260
v 7019 400 201
v 7020 292 173
v 7021 356 181
v 7022 345 169
v 7023 205 109
v 7024 486 253
v 7025 191 93
v 7026 242 132
v 7031 486 246
v 7032 298 181
v 7033 392 199
v 7035 649 341
v 7038 306 153
v 7040 677 359
v 7041 298 160
v 7043 359 172
v 7047 631 277
v 7048 220 105
v 7049 156 84
v 7050 116 59
v 7057 230 141
v 7067 137 62
v 7197 159 75
v 7198 298 139
v 7199 273 115
v 7200 130 57
v 7201 142 60
v 7202 134 69
v 7203 190 98
v 7204 362 169
v 7205 103 57
v 7206 60 33
v 7207 215 108
v 7208 81 39
v 7209 161 89
v 7210 184 88
v 7211 95 42
v 7212 130 65
v 7213 90 51
v 7214 107 50
v 7215 123 60
v 7216 376 165
v 7217 497 207
v 7218 100 38
v 7219 106 61
v 7220 65 27
v 7221 245 117
v 7222 437 228
v 7223 281 101
v 7224 102 52
v 7225 56 20
v 7226 71 21
v 7227 115 54
v 7228 319 148
v 7229 23 15
v 7230 568 221
v 7231 132 64
v 7232 127 61
v 7233 28 16
v 7234 15 6
v 7235 200 96
v 7236 107 49
v 7237 233 112
v 7238 126 50
v 7239 407 167
v 7240 67 36
v 7241 39 18
v 7242 568 266
v 7243 186 100
v 7244 419 182
v 7245 44 24
v 7246 116 50
v 7247 56 35
v 7248 97 53
v 7249 55 24
v 7250 51 22
v 7251 46 26
v 7252 201 73
v 7253 297 151
v 7254 742 352
v 7255 293 123
v 7256 327 152
v 7257 23 8
v 7258 139 78
v 7259 120 51
v 7260 54 21
v 7261 370 164
v 7262 37 20
v 7263 54 28
v 7264 156 75
v 7265 303 154
v 7266 171 87
v 7267 59 33
v 7268 218 114
v 7269 290 145
v 7270 53 23
v 7271 39 17
v 7272 274 130
v 7273 255 122
v 7274 354 170
v 7275 196 98
v 7276 159 86
v 7277 206 96
v 7278 195 91
v 7279 131 55
v 7280 225 100
v 7281 116 52
v 7282 105 60
v 7287 241 102
v 7288 168 89
v 7289 286 132
v 7291 349 168
v 7294 204 99
v 7296 333 167
v 7297 168 87
v 7299 231 115
v 7303 353 158
v 7304 118 65
v 7305 81 40
v 7306 71 29
v 7313 126 54
v 7323 59 23
v 7454 231 104
v 7455 325 131
v 7456 86 36
v 7457 166 72
v 7458 143 64
v 7459 224 114
v 7460 398 181
v 7461 126 65
v 7462 61 30
v 7463 226 113
v 7464 128 70
v 7465 131 77
v 7466 187 94
v 7467 95 50
v 7468 148 73
v 7469 87 32
v 7470 135 90
v 7471 142 59
v 7472 350 174
v 7473 537 256
v 7474 123 59
v 7475 97 39
v 7476 93 48
v 7477 212 107
v 7478 474 211
v 7479 318 151
v 7480 86 39
v 7481 72 28
v 7482 88 40
v 7483 152 67
v 7484 314 132
v 7485 45 27
v 7486 371 156
v 7487 94 52
v 7488 159 96
v 7489 38 23
v 7490 21 12
v 7491 226 117
v 7492 93 50
v 7493 229 109
v 7494 231 112
v 7495 506 240
v 7496 89 43
v 7497 38 16
v 7498 549 265
v 7499 192 103
v 7500 463 209
v 7501 73 36
v 7502 140 73
v 7503 74 39
v 7504 93 33
v 7505 69 38
v 7506 40 22
v 7507 54 34
v 7508 284 165
v 7509 259 137
v 7510 665 329
v 7511 329 143
v 7512 260 108
v 7513 16 8
v 7514 157 70
v 7515 137 60
v 7516 74 32
v 7517 504 223
v 7518 37 23
v 7519 34 19
v 7520 145 78
v 7521 398 189
v 7522 225 113
v 7523 66 32
v 7524 265 136
v 7525 270 129
v 7526 49 22
v 7527 22 7
v 7528 270 135
v 7529 330 149
v 7530 313 155
v 7531 245 125
v 7532 150 80
v 7533 178 81
v 7534 231 103
v 7535 159 78
v 7536 314 139
v 7537 113 42
v 7538 128 71
v 7543 265 126
v 7544 168 95
v 7545 252 118
v 7547 338 175
v 7550 169 75
v 7552 333 166
v 7553 164 94
v 7555 241 117
v 7559 395 187
v 7560 113 48
v 7561 98 48
v 7562 78 40
v 7569 113 64
v 7579 69 24
v 7711 752 334
v 7712 208 90
v 7713 390 167
v 7714 287 140
v 7715 464 244
v 7716 844 448
v 7717 231 115
v 7718 161 98
v 7719 435 227
v 7720 193 97
v 7721 373 184
v 7722 425 187
v 7723 239 110
v 7724 338 160
v 7725 203 100
v 7726 270 146
v 7727 285 145
v 7728 885 432
v 7729 998 468
v 7730 265 115
v 7731 253 133
v 7732 148 70
v 7733 544 295
v 7734 902 470
v 7735 561 299
v 7736 245 131
v 7737 141 71
v 7738 192 88
v 7739 236 122
v 7740 688 346
v 7741 81 50
v 7742 718 343
v 7743 231 108
v 7744 304 162
v 7745 55 31
v 7746 39 19
v 7747 441 237
v 7748 248 127
v 7749 522 254
v 7750 347 168
v 7751 1004 481
v 7752 182 91
v 7753 82 41
v 7754 1223 569
v 7755 408 192
v 7756 991 461
v 7757 145 62
v 7758 315 151
v 7759 143 78
v 7760 251 128
v 7761 135 68
v 7762 85 41
v 7763 87 43
v 7764 507 284
v 7765 655 357
v 7766 1639 835
v 7767 745 382
v 7768 501 220
v 7769 50 25
v 7770 348 166
v 7771 299 137
v 7772 142 62
v 7773 746 345
v 7774 84 40
v 7775 91 43
v 7776 276 160
v 7777 722 343
v 7778 276 166
v 7779 128 67
v 7780 549 279
v 7781 605 306
v 7782 129 70
v 7783 67 32
v 7784 611 292
v 7785 697 381
v 7786 787 390
v 7787 446 226
v 7788 290 149
v 7789 352 169
v 7790 438 233
v 7791 315 156
v 7792 707 328
v 7793 227 102
v 7794 301 168
v 7799 598 270
v 7800 351 175
v 7801 524 261
v 7803 845 460
v 7806 394 181
v 7808 760 402
v 7809 349 190
v 7811 498 239
v 7815 820 404
v 7816 248 124
v 7817 218 111
v 7818 134 73
v 7825 307 174
v 7835 172 92
v 7968 217 109
v 7969 390 167
v 7970 301 159
v 7971 461 252
v 7972 734 409
v 7973 257 152
v 7974 155 86
v 7975 510 296
v 7976 209 120
v 7977 324 168
v 7978 426 216
v 7979 254 129
v 7980 343 186
v 7981 204 109
v 7982 334 173
v 7983 251 123
v 7984 896 465
v 7985 1183 631
v 7986 305 138
v 7987 260 130
v 7988 186 93
v 7989 523 276
v 7990 1038 519
v 7991 656 323
v 7992 289 147
v 7993 140 71
v 7994 206 104
v 7995 250 121
v 7996 740 372
v 7997 78 40
v 7998 793 346
v 7999 200 102
v 8000 319 177
v 8001 77 46
v 8002 41 27
v 8003 503 265
v 8004 260 137
v 8005 561 291
v 8006 354 184
v 8007 1097 581
v 8008 174 88
v 8009 93 52
v 8010 1250 597
v 8011 434 224
v 8012 1081 511
v 8013 126 55
v 8014 315 145
v 8015 153 85
v 8016 244 132
v 8017 131 71
v 8018 85 37
v 8019 113 63
v 8020 490 242
v 8021 744 397
v 8022 1770 947
v 8023 817 397
v 8024 534 255
v 8025 61 31
v 8026 345 184
v 8027 317 188
v 8028 160 72
v 8029 850 391
v 8030 76 43
v 8031 91 56
v 8032 361 203
v 8033 734 383
v 8034 339 185
v 8035 140 84
v 8036 576 324
v 8037 614 323
v 8038 121 64
v 8039 83 49
v 8040 592 318
v 8041 808 408
v 8042 755 366
v 8043 465 241
v 8044 328 180
v 8045 345 199
v 8046 466 234
v 8047 360 161
v 8048 726 330
v 8049 265 119
v 8050 316 186
v 8055 650 310
v 8056 362 196
v 8057 545 276
v 8059 897 504
v 8062 440 216
v 8064 787 420
v 8065 333 174
v 8067 563 278
v 8071 753 381
v 8072 250 138
v 8073 226 120
v 8074 159 85
v 8081 363 208
v 8091 192 104
v 8225 92 42
v 8226 88 47
v 8227 128 63
v 8228 253 125
v 8229 55 36
v 8230 36 17
v 8231 155 102
v 8232 67 34
v 8233 123 70
v 8234 142 67
v 8235 67 30
v 8236 85 46
v 8237 82 47
v 8238 80 40
v 8239 83 55
v 8240 249 124
v 8241 285 133
v 8242 96 48
v 8243 65 37
v 8244 50 29
v 8245 168 84
v 8246 299 173
v 8247 206 100
v 8248 72 44
v 8249 35 18
v 8250 63 42
v 8251 75 41
v 8252 192 90
v 8253 24 13
v 8254 177 83
v 8255 73 41
v 8256 78 40
v 8257 19 11
v 8258 12 6
v 8259 148 69
v 8260 78 39
v 8261 172 87
v 8262 97 51
v 8263 290 137
v 8264 60 33
v 8265 33 14
v 8266 416 211
v 8267 147 81
v 8268 280 137
v 8269 30 15
v 8270 83 51
v 8271 41 21
v 8272 69 35
v 8273 41 26
v 8274 30 18
v 8275 24 17
v 8276 119 78
v 8277 178 96
v 8278 493 261
v 8279 203 90
v 8280 178 69
v 8281 20 5
v 8282 94 54
v 8283 49 29
v 8284 44 20
v 8285 285 142
v 8286 19 10
v 8287 30 16
v 8288 100 56
v 8289 210 104
v 8290 105 61
v 8291 39 18
v 8292 151 92
v 8293 193 115
v 8294 41 24
v 8295 24 12
v 8296 178 103
v 8297 160 84
v 8298 217 96
v 8299 130 56
v 8300 97 45
v 8301 95 48
v 8302 141 63
v 8303 110 62
v 8304 189 85
v 8305 68 38
v 8306 104 60
v 8311 184 92
v 8312 100 52
v 8313 156 77
v 8315 251 130
v 8318 95 47
v 8320 208 107
v 8321 108 59
v 8323 138 77
v 8327 235 108
v 8328 59 34
v 8329 73 31
v 8330 43 24
v 8337 100 54
v 8347 40 21
v 8482 165 111
v 8483 237 128
v 8484 362 209
v 8485 79 48
v 8486 86 57
v 8487 245 151
v 8488 108 69
v 8489 174 93
v 8490 233 122
v 8491 121 67
v 8492 168 96
v 8493 98 63
v 8494 141 85
v 8495 124 66
v 8496 499 285
v 8497 588 328
v 8498 190 107
v 8499 125 78
v 8500 79 38
v 8501 247 137
v 8502 398 235
v 8503 354 195
v 8504 146 72
v 8505 97 50
v 8506 91 51
v 8507 130 86
v 8508 346 185
v 8509 46 26
v 8510 459 239
v 8511 134 64
v 8512 127 69
v 8513 40 27
v 8514 26 15
v 8515 252 133
v 8516 131 75
v 8517 280 169
v 8518 180 103
v 8519 530 285
v 8520 305 160
v 8521 61 41
v 8522 671 356
v 8523 227 127
v 8524 458 254
v 8525 76 40
v 8526 172 83
v 8527 82 48
v 8528 144 96
v 8529 63 36
v 8530 59 37
v 8531 47 33
v 8532 278 156
v 8533 455 276
v 8534 526 271
v 8535 377 226
v 8536 260 128
v 8537 34 21
v 8538 198 103
v 8539 186 105
v 8540 96 45
v 8541 319 192
v 8542 82 47
v 8543 48 28
v 8544 146 89
v 8545 369 205
v 8546 215 128
v 8547 64 33
v 8548 285 147
v 8549 261 157
v 8550 60 30
v 8551 31 19
v 8552 284 136
v 8553 427 229
v 8554 400 225
v 8555 260 152
v 8556 157 88
v 8557 198 107
v 8558 245 120
v 8559 184 94
v 8560 301 139
v 8561 125 67
v 8562 141 77
v 8567 343 187
v 8568 210 111
v 8569 281 163
v 8571 503 292
v 8574 217 118
v 8576 369 198
v 8577 147 94
v 8579 281 147
v 8583 568 304
v 8584 139 72
v 8585 106 52
v 8586 67 50
v 8593 190 106
v 8603 134 89
v 8739 192 104
v 8740 348 179
v 8741 103 54
v 8742 58 26
v 8743 202 100
v 8744 63 40
v 8745 158 84
v 8746 155 85
v 8747 94 43
v 8748 161 77
v 8749 83 40
v 8750 159 92
v 8751 114 67
v 8752 449 220
v 8753 563 288
v 8754 137 58
v 8755 101 55
v 8756 90 41
v 8757 204 111
v 8758 426 170
v 8759 267 141
v 8760 103 43
v 8761 69 30
v 8762 84 41
v 8763 97 51
v 8764 289 124
v 8765 38 21
v 8766 337 157
v 8767 93 39
v 8768 121 69
v 8769 36 21
v 8770 13 7
v 8771 311 172
v 8772 110 60
v 8773 246 111
v 8774 158 81
v 8775 394 193
v 8776 77 41
v 8777 49 22
v 8778 585 262
v 8779 146 69
v 8780 443 204
v 8781 46 27
v 8782 131 64
v 8783 70 36
v 8784 106 57
v 8785 67 34
v 8786 51 25
v 8787 55 24
v 8788 211 105
v 8789 324 166
v 8790 757 384
v 8791 316 158
v 8792 188 83
v 8793 19 10
v 8794 178 85
v 8795 157 77
v 8796 85 42
v 8797 308 147
v 8798 28 20
v 8799 26 14
v 8800 140 80
v 8801 304 143
v 8802 128 73
v 8803 63 37
v 8804 260 129
v 8805 212 100
v 8806 74 34
v 8807 29 15
v 8808 258 131
v 8809 349 183
v 8810 322 188
v 8811 214 108
v 8812 152 98
v 8813 167 91
v 8814 189 98
v 8815 144 71
v 8816 351 168
v 8817 126 59
v 8818 114 63
v 8823 262 120
v 8824 179 92
v 8825 241 112
v 8827 374 210
v 8830 178 87
v 8832 339 183
v 8833 160 79
v 8835 261 132
v 8839 347 147
v 8840 113 55
v 8841 92 48
v 8842 62 36
v 8849 151 78
v 8859 86 41
v 8996 556 264
v 8997 161 89
v 8998 74 41
v 8999 349 182
v 9000 145 74
v 9001 249 120
v 9002 326 153
v 9003 189 89
v 9004 253 107
v 9005 165 72
v 9006 147 84
v 9007 303 167
v 9008 605 268
v 9009 662 280
v 9010 165 65
v 9011 145 75
v 9012 104 46
v 9013 361 172
v 9014 683 318
v 9015 357 157
v 9016 147 65
v 9017 96 42
v 9018 132 54
v 9019 206 122
v 9020 378 166
v 9021 30 14
v 9022 433 194
v 9023 142 59
v 9024 210 113
v 9025 35 18
v 9026 22 12
v 9027 433 174
v 9028 170 87
v 9029 394 194
v 9030 264 122
v 9031 485 196
v 9032 129 64
v 9033 78 36
v 9034 882 402
v 9035 340 163
v 9036 949 422
v 9037 51 20
v 9038 191 79
v 9039 109 52
v 9040 150 80
v 9041 90 43
v 9042 58 24
v 9043 59 27
v 9044 389 202
v 9045 507 260
v 9046 1239 601
v 9047 559 250
v 9048 342 137
v 9049 36 22
v 9050 246 108
v 9051 171 88
v 9052 91 36
v 9053 530 231
v 9054 62 35
v 9055 83 41
v 9056 232 110
v 9057 469 217
v 9058 258 135
v 9059 88 43
v 9060 309 166
v 9061 442 201
v 9062 94 33
v 9063 49 22
v 9064 420 177
v 9065 460 224
v 9066 389 158
v 9067 281 115
v 9068 249 123
v 9069 240 120
v 9070 395 178
v 9071 235 114
v 9072 381 167
v 9073 149 53
v 9074 217 102
v 9079 379 167
v 9080 248 120
v 9081 425 210
v 9083 517 240
v 9086 269 104
v 9088 559 272
v 9089 235 114
v 9091 305 126
v 9095 506 217
v 9096 151 59
v 9097 137 57
v 9098 100 54
v 9105 192 107
v 9115 121 59
v 9253 269 145
v 9254 188 100
v 9255 632 322
v 9256 250 132
v 9257 396 201
v 9258 543 274
v 9259 346 161
v 9260 388 179
v 9261 272 112
v 9262 303 170
v 9263 371 166
v 9264 1061 519
v 9265 1501 718
v 9266 252 107
v 9267 316 160
v 9268 267 109
v 9269 628 332
v 9270 1200 596
v 9271 801 364
v 9272 299 130
v 9273 168 79
v 9274 240 136
v 9275 233 133
v 9276 764 358
v 9277 94 51
v 9278 1090 477
v 9279 273 144
v 9280 344 182
v 9281 83 38
v 9282 42 21
v 9283 518 267
v 9284 174 74
v 9285 691 315
v 9286 366 192
v 9287 1358 675
v 9288 226 122
v 9289 142 83
v 9290 1452 690
v 9291 525 253
v 9292 1222 570
v 9293 145 83
v 9294 348 149
v 9295 140 72
v 9296 275 123
v 9297 166 93
v 9298 114 52
v 9299 131 73
v 9300 666 334
v 9301 844 439
v 9302 1952 956
v 9303 820 391
v 9304 580 259
v 9305 70 38
v 9306 414 180
v 9307 320 171
v 9308 174 71
v 9309 1064 533
v 9310 109 47
v 9311 100 45
v 9312 444 222
v 9313 880 448
v 9314 516 286
v 9315 180 98
v 9316 692 342
v 9317 551 242
v 9318 175 97
v 9319 106 50
v 9320 680 306
v 9321 765 376
v 9322 962 500
v 9323 556 270
v 9324 389 208
v 9325 421 226
v 9326 520 257
v 9327 232 98
v 9328 944 464
v 9329 281 119
v 9330 378 192
v 9335 796 388
v 9336 419 220
v 9337 482 214
v 9339 1058 552
v 9342 517 247
v 9344 949 465
v 9345 410 212
v 9347 524 262
v 9351 965 445
v 9352 321 158
v 9353 232 108
v 9354 497 247
v 9361 362 205
v 9371 211 94
v 9510 44 20
v 9511 168 84
v 9512 77 50
v 9513 115 47
v 9514 105 48
v 9515 84 41
v 9516 133 64
v 9517 66 31
v 9518 87 40
v 9519 83 38
v 9520 314 146
v 9521 325 132
v 9522 99 48
v 9523 75 44
v 9524 57 20
v 9525 174 80
v 9526 312 142
v 9527 226 100
v 9528 85 44
v 9529 52 23
v 9530 70 32
v 9531 83 38
v 9532 229 98
v 9533 23 16
v 9534 243 95
v 9535 93 44
v 9536 90 50
v 9537 30 15
v 9538 11 2
v 9539 127 59
v 9540 86 44
v 9541 175 76
v 9542 136 62
v 9543 344 143
v 9544 66 33
v 9545 33 16
v 9546 427 195
v 9547 117 52
v 9548 309 124
v 9549 41 21
v 9550 103 41
v 9551 45 24
v 9552 104 48
v 9553 28 16
v 9554 35 12
v 9555 40 21
v 9556 160 79
v 9557 227 104
v 9558 529 240
v 9559 269 117
v 9560 161 58
v 9561 15 7
v 9562 111 51
v 9563 95 41
v 9564 43 24
v 9565 294 121
v 9566 34 15
v 9567 45 16
v 9568 93 50
v 9569 262 120
v 9570 114 48
v 9571 44 22
v 9572 185 84
v 9573 184 73
v 9574 51 30
v 9575 25 14
v 9576 255 131
v 9577 249 100
v 9578 248 109
v 9579 153 72
v 9580 105 55
v 9581 131 65
v 9582 169 72
v 9583 123 52
v 9584 241 106
v 9585 82 37
v 9586 102 47
v 9591 196 91
v 9592 119 59
v 9593 153 83
v 9595 283 134
v 9598 134 61
v 9600 242 109
v 9601 108 53
v 9603 142 63
v 9607 287 117
v 9608 83 39
v 9609 68 30
v 9610 40 22
v 9617 106 53
v 9627 74 33
v 9767 98 50
v 9768 31 19
v 9769 73 35
v 9770 78 39
v 9771 51 20
v 9772 69 27
v 9773 44 17
v 9774 50 25
v 9775 65 31
v 9776 234 115
v 9777 257 125
v 9778 73 42
v 9779 77 43
v 9780 28 14
v 9781 115 62
v 9782 181 89
v 9783 138 55
v 9784 87 32
v 9785 29 14
v 9786 36 14
v 9787 51 31
v 9788 162 71
v 9789 22 13
v 9790 200 84
v 9791 42 17
v 9792 58 27
v 9793 14 6
v 9794 6 1
v 9795 90 33
v 9796 54 30
v 9797 133 69
v 9798 69 36
v 9799 198 90
v 9800 60 27
v 9801 26 9
v 9802 294 134
v 9803 95 51
v 9804 244 125
v 9805 41 18
v 9806 75 38
v 9807 35 13
v 9808 55 28
v 9809 32 15
v 9810 33 12
v 9811 33 16
v 9812 96 40
v 9813 157 75
v 9814 342 156
v 9815 195 100
v 9816 129 56
v 9817 7 3
v 9818 78 34
v 9819 75 29
v 9820 37 15
v 9821 138 74
v 9822 17 10
v 9823 25 12
v 9824 61 31
v 9825 168 83
v 9826 86 32
v 9827 26 9
v 9828 142 66
v 9829 122 54
v 9830 22 14
v 9831 9 5
v 9832 117 53
v 9833 165 74
v 9834 150 65
v 9835 98 48
v 9836 56 30
v 9837 118 55
v 9838 91 40
v 9839 55 25
v 9840 132 56
v 9841 57 26
v 9842 60 31
v 9847 120 61
v 9848 67 33
v 9849 121 59
v 9851 197 94
v 9854 91 46
v 9856 180 91
v 9857 70 32
v 9859 122 53
v 9863 181 70
v 9864 50 28
v 9865 63 24
v 9866 17 9
v 9873 74 32
v 9883 40 14
v 10024 164 84
v 10025 259 112
v 10026 300 151
v 10027 187 94
v 10028 238 104
v 10029 126 62
v 10030 176 94
v 10031 216 102
v 10032 570 283
v 10033 712 327
v 10034 173 72
v 10035 235 118
v 10036 155 82
v 10037 418 222
v 10038 726 331
v 10039 433 208
v 10040 155 64
v 10041 94 45
v 10042 149 71
v 10043 169 87
v 10044 403 179
v 10045 47 24
v 10046 532 197
v 10047 170 83
v 10048 197 99
v 10049 61 31
v 10050 28 16
v 10051 295 141
v 10052 164 71
v 10053 404 179
v 10054 217 106
v 10055 695 319
v 10056 130 64
v 10057 62 29
v 10058 857 385
v 10059 275 121
v 10060 689 294
v 10061 80 34
v 10062 202 99
v 10063 111 63
v 10064 167 75
v 10065 144 60
v 10066 67 28
v 10067 55 27
v 10068 391 216
v 10069 463 245
v 10070 1072 515
v 10071 428 194
v 10072 359 151
v 10073 37 16
v 10074 236 112
v 10075 178 81
v 10076 88 33
v 10077 700 331
v 10078 52 25
v 10079 68 38
v 10080 210 108
v 10081 472 225
v 10082 310 163
v 10083 68 32
v 10084 411 195
v 10085 409 198
v 10086 106 54
v 10087 42 23
v 10088 434 202
v 10089 444 208
v 10090 596 258
v 10091 302 140
v 10092 250 124
v 10093 248 129
v 10094 338 161
v 10095 194 88
v 10096 499 212
v 10097 169 69
v 10098 221 125
v 10103 457 201
v 10104 255 133
v 10105 305 133
v 10107 608 318
v 10110 281 133
v 10112 568 283
v 10113 241 122
v 10115 319 150
v 10119 530 247
v 10120 229 127
v 10121 146 74
v 10122 92 44
v 10129 225 115
v 10139 146 64
v 10281 99 42
v 10282 130 70
v 10283 70 32
v 10284 103 47
v 10285 59 23
v 10286 55 33
v 10287 93 46
v 10288 232 104
v 10289 278 127
v 10290 75 26
v 10291 66 35
v 10292 52 16
v 10293 161 86
v 10294 340 152
v 10295 194 85
v 10296 66 31
v 10297 32 12
v 10298 58 34
v 10299 74 40
v 10300 154 72
v 10301 20 8
v 10302 240 100
v 10303 93 41
v 10304 94 38
v 10305 13 7
v 10306 7 3
v 10307 107 51
v 10308 81 36
v 10309 154 82
v 10310 92 42
v 10311 303 118
v 10312 58 27
v 10313 31 8
v 10314 345 140
v 10315 121 51
v 10316 297 130
v 10317 58 12
v 10318 89 37
v 10319 45 28
v 10320 55 31
v 10321 43 14
v 10322 31 15
v 10323 35 21
v 10324 151 75
v 10325 217 113
v 10326 500 239
v 10327 222 101
v 10328 156 61
v 10329 20 10
v 10330 81 41
v 10331 71 32
v 10332 43 20
v 10333 315 150
v 10334 23 8
v 10335 30 11
v 10336 97 48
v 10337 212 87
v 10338 99 49
v 10339 29 16
v 10340 137 67
v 10341 190 91
v 10342 53 20
v 10343 21 9
v 10344 272 114
v 10345 187 86
v 10346 199 92
v 10347 121 59
v 10348 98 47
v 10349 86 46
v 10350 143 52
v 10351 101 45
v 10352 174 68
v 10353 58 16
v 10354 79 41
v 10359 169 81
v 10360 106 48
v 10361 158 72
v 10363 258 136
v 10366 117 53
v 10368 202 81
v 10369 87 41
v 10371 125 60
v 10375 228 98
v 10376 64 31
v 10377 66 32
v 10378 34 17
v 10385 73 41
v 10395 75 28
v 10538 246 117
v 10539 115 64
v 10540 169 86
v 10541 98 50
v 10542 131 74
v 10543 166 76
v 10544 417 203
v 10545 470 216
v 10546 127 59
v 10547 126 63
v 10548 62 33
v 10549 301 160
v 10550 556 288
v 10551 327 170
v 10552 114 60
v 10553 78 36
v 10554 92 36
v 10555 133 57
v 10556 278 122
v 10557 35 19
v 10558 401 177
v 10559 186 109
v 10560 138 72
v 10561 44 26
v 10562 11 3
v 10563 251 118
v 10564 88 41
v 10565 253 102
v 10566 201 98
v 10567 593 298
v 10568 91 44
v 10569 48 23
v 10570 599 312
v 10571 207 100
v 10572 506 221
v 10573 56 22
v 10574 147 74
v 10575 69 43
v 10576 112 43
v 10577 76 32
v 10578 39 16
v 10579 46 25
v 10580 235 120
v 10581 314 153
v 10582 728 346
v 10583 317 132
v 10584 322 148
v 10585 14 4
v 10586 136 59
v 10587 138 60
v 10588 83 43
v 10589 501 222
v 10590 32 15
v 10591 44 14
v 10592 131 63
v 10593 368 191
v 10594 186 115
v 10595 70 43
v 10596 330 183
v 10597 261 121
v 10598 69 36
v 10599 45 22
v 10600 279 127
v 10601 332 173
v 10602 369 171
v 10603 253 118
v 10604 149 72
v 10605 189 95
v 10606 213 96
v 10607 128 48
v 10608 284 134
v 10609 112 40
v 10610 174 84
v 10615 285 132
v 10616 228 117
v 10617 213 91
v 10619 425 226
v 10622 228 114
v 10624 395 200
v 10625 194 107
v 10627 216 113
v 10631 371 180
v 10632 114 62
v 10633 94 38
v 10634 93 47
v 10641 146 79
v 10651 97 57
v 10795 138 74
v 10796 194 95
v 10797 133 60
v 10798 150 76
v 10799 168 81
v 10800 526 277
v 10801 609 309
v 10802 138 59
v 10803 131 69
v 10804 98 45
v 10805 296 157
v 10806 667 343
v 10807 318 140
v 10808 135 73
v 10809 74 39
v 10810 64 32
v 10811 144 78
v 10812 408 220
v 10813 38 24
v 10814 411 171
v 10815 137 77
v 10816 140 83
v 10817 35 21
v 10818 11 3
v 10819 284 145
v 10820 189 104
v 10821 533 295
v 10822 194 105
v 10823 683 353
v 10824 96 55
v 10825 57 28
v 10826 631 302
v 10827 288 157
v 10828 586 311
v 10829 64 25
v 10830 156 73
v 10831 81 49
v 10832 111 49
v 10833 84 39
v 10834 63 23
v 10835 57 36
v 10836 319 169
v 10837 307 144
v 10838 928 485
v 10839 473 246
v 10840 310 151
v 10841 32 17
v 10842 156 80
v 10843 106 41
v 10844 107 48
v 10845 491 251
v 10846 50 33
v 10847 60 34
v 10848 201 111
v 10849 440 248
v 10850 203 106
v 10851 70 37
v 10852 299 150
v 10853 446 247
v 10854 80 36
v 10855 42 23
v 10856 485 253
v 10857 402 190
v 10858 464 229
v 10859 264 138
v 10860 207 102
v 10861 208 99
v 10862 226 107
v 10863 146 84
v 10864 297 152
v 10865 146 86
v 10866 195 104
v 10871 359 176
v 10872 218 117
v 10873 347 166
v 10875 473 240
v 10878 238 128
v 10880 442 247
v 10881 196 108
v 10883 262 139
v 10887 435 198
v 10888 120 58
v 10889 131 67
v 10890 74 40
v 10897 150 89
v 10907 59 24
v 11052 113 65
v 11053 67 33
v 11054 91 51
v 11055 124 65
v 11056 291 140
v 11057 356 174
v 11058 77 37
v 11059 88 51
v 11060 54 27
v 11061 176 99
v 11062 328 181
v 11063 208 98
v 11064 78 46
v 11065 57 26
v 11066 84 45
v 11067 100 60
v 11068 236 102
v 11069 19 9
v 11070 237 101
v 11071 94 44
v 11072 103 45
v 11073 16 9
v 11074 10 4
v 11075 162 73
v 11076 58 30
v 11077 213 120
v 11078 120 55
v 11079 344 157
v 11080 68 33
v 11081 39 25
v 11082 409 201
v 11083 132 60
v 11084 341 159
v 11085 47 23
v 11086 97 44
v 11087 52 29
v 11088 70 29
v 11089 41 22
v 11090 23 10
v 11091 23 15
v 11092 162 92
v 11093 223 118
v 11094 503 256
v 11095 232 121
v 11096 171 81
v 11097 16 7
v 11098 77 37
v 11099 77 34
v 11100 52 19
v 11101 295 142
v 11102 26 12
v 11103 38 22
v 11104 119 67
v 11105 233 111
v 11106 138 90
v 11107 43 27
v 11108 186 97
v 11109 198 115
v 11110 51 24
v 11111 27 13
v 11112 190 94
v 11113 215 112
v 11114 247 128
v 11115 166 83
v 11116 106 72
v 11117 124 55
v 11118 175 82
v 11119 85 51
v 11120 228 101
v 11121 95 41
v 11122 114 67
v 11127 195 78
v 11128 124 69
v 11129 188 80
v 11131 288 156
v 11134 120 72
v 11136 263 128
v 11137 118 60
v 11139 154 85
v 11143 242 127
v 11144 84 38
v 11145 84 38
v 11146 38 14
v 11153 93 54
v 11163 63 25
v 11309 88 41
v 11310 139 72
v 11311 124 65
v 11312 469 236
v 11313 508 224
v 11314 144 67
v 11315 123 59
v 11316 77 34
v 11317 290 167
v 11318 519 251
v 11319 293 128
v 11320 104 57
v 11321 77 34
v 11322 115 66
v 11323 127 77
v 11324 353 160
v 11325 37 24
v 11326 368 152
v 11327 128 61
v 11328 147 81
v 11329 38 19
v 11330 22 13
v 11331 216 108
v 11332 168 82
v 11333 212 117
v 11334 199 96
v 11335 500 244
v 11336 88 44
v 11337 51 32
v 11338 650 309
v 11339 179 86
v 11340 468 214
v 11341 61 38
v 11342 121 56
v 11343 68 35
v 11344 114 66
v 11345 73 40
v 11346 42 20
v 11347 47 24
v 11348 236 114
v 11349 298 163
v 11350 814 408
v 11351 377 170
v 11352 248 97
v 11353 30 12
v 11354 188 100
v 11355 143 67
v 11356 64 31
v 11357 382 189
v 11358 30 13
v 11359 61 25
v 11360 147 76
v 11361 346 166
v 11362 175 89
v 11363 64 31
v 11364 268 125
v 11365 288 151
v 11366 64 32
v 11367 30 13
v 11368 305 143
v 11369 258 123
v 11370 374 178
v 11371 209 96
v 11372 145 84
v 11373 178 100
v 11374 190 81
v 11375 193 90
v 11376 282 139
v 11377 137 64
v 11378 134 64
v 11383 244 117
v 11384 162 89
v 11385 289 137
v 11387 409 208
v 11390 210 95
v 11392 364 187
v 11393 210 113
v 11395 219 110
v 11399 356 177
v 11400 141 75
v 11401 98 45
v 11402 80 45
v 11409 131 72
v 11419 69 30
v 11566 72 41
v 11567 81 42
v 11568 294 137
v 11569 297 145
v 11570 83 39
v 11571 82 43
v 11572 56 19
v 11573 174 100
v 11574 282 143
v 11575 170 83
v 11576 57 24
v 11577 37 15
v 11578 70 38
v 11579 81 38
v 11580 248 110
v 11581 24 10
v 11582 214 86
v 11583 80 46
v 11584 99 62
v 11585 24 13
v 11586 11 6
v 11587 148 76
v 11588 74 38
v 11589 169 93
v 11590 82 39
v 11591 304 146
v 11592 51 31
v 11593 27 14
v 11594 395 193
v 11595 148 82
v 11596 256 130
v 11597 25 5
v 11598 78 37
v 11599 36 21
v 11600 59 31
v 11601 34 17
v 11602 32 14
v 11603 37 16
v 11604 176 94
v 11605 194 102
v 11606 511 268
v 11607 209 106
v 11608 169 92
v 11609 20 7
v 11610 129 62
v 11611 101 47
v 11612 55 21
v 11613 213 115
v 11614 32 12
v 11615 33 18
v 11616 95 43
v 11617 198 101
v 11618 104 62
v 11619 38 17
v 11620 147 68
v 11621 204 106
v 11622 36 19
v 11623 17 7
v 11624 125 65
v 11625 199 105
v 11626 244 136
v 11627 156 84
v 11628 102 58
v 11629 109 52
v 11630 130 60
v 11631 96 46
v 11632 229 113
v 11633 86 45
v 11634 82 39
v 11639 161 81
v 11640 104 61
v 11641 160 85
v 11643 245 141
v 11646 130 58
v 11648 230 118
v 11649 99 54
v 11651 158 85
v 11655 220 113
v 11656 52 23
v 11657 78 40
v 11658 138 79
v 11665 79 49
v 11675 70 28
v 11823 145 63
v 11824 411 183
v 11825 408 179
v 11826 111 44
v 11827 97 38
v 11828 63 28
v 11829 216 108
v 11830 418 177
v 11831 268 121
v 11832 103 42
v 11833 76 30
v 11834 61 29
v 11835 111 53
v 11836 292 129
v 11837 28 17
v 11838 294 137
v 11839 77 40
v 11840 103 45
v 11841 45 21
v 11842 10 3
v 11843 188 69
v 11844 150 81
v 11845 201 90
v 11846 160 82
v 11847 436 195
v 11848 75 33
v 11849 50 29
v 11850 552 264
v 11851 129 67
v 11852 381 164
v 11853 48 16
v 11854 96 37
v 11855 61 26
v 11856 98 55
v 11857 50 21
v 11858 42 14
v 11859 38 23
v 11860 193 85
v 11861 282 146
v 11862 692 298
v 11863 272 101
v 11864 282 132
v 11865 23 11
v 11866 142 82
v 11867 104 47
v 11868 79 35
v 11869 300 124
v 11870 50 21
v 11871 51 23
v 11872 144 66
v 11873 335 152
v 11874 178 77
v 11875 68 43
v 11876 257 131
v 11877 245 123
v 11878 67 25
v 11879 25 14
v 11880 247 112
v 11881 443 230
v 11882 329 146
v 11883 182 84
v 11884 124 69
v 11885 233 105
v 11886 141 51
v 11887 150 67
v 11888 265 109
v 11889 87 33
v 11890 126 62
v 11895 202 82
v 11896 134 64
v 11897 253 118
v 11899 342 155
v 11902 177 75
v 11904 343 171
v 11905 141 60
v 11907 231 111
v 11911 334 152
v 11912 105 50
v 11913 81 39
v 11914 50 25
v 11921 124 62
v 11931 65 30
v 12080 392 190
v 12081 555 275
v 12082 106 59
v 12083 111 54
v 12084 72 35
v 12085 263 126
v 12086 417 220
v 12087 236 106
v 12088 108 50
v 12089 54 27
v 12090 115 46
v 12091 210 135
v 12092 320 160
v 12093 28 13
v 12094 343 153
v 12095 92 49
v 12096 123 64
v 12097 30 20
v 12098 11 5
v 12099 224 114
v 12100 101 53
v 12101 255 121
v 12102 139 69
v 12103 455 207
v 12104 84 45
v 12105 48 25
v 12106 458 215
v 12107 199 101
v 12108 485 232
v 12109 43 18
v 12110 108 41
v 12111 69 28
v 12112 110 54
v 12113 64 23
v 12114 39 15
v 12115 41 21
v 12116 211 109
v 12117 280 140
v 12118 688 328
v 12119 325 154
v 12120 280 117
v 12121 30 17
v 12122 137 59
v 12123 128 61
v 12124 55 20
v 12125 348 164
v 12126 50 24
v 12127 59 30
v 12128 139 78
v 12129 263 118
v 12130 198 91
v 12131 75 46
v 12132 188 92
v 12133 253 139
v 12134 53 24
v 12135 27 14
v 12136 226 103
v 12137 289 133
v 12138 311 160
v 12139 193 90
v 12140 151 81
v 12141 157 66
v 12142 202 82
v 12143 121 56
v 12144 282 148
v 12145 107 50
v 12146 138 73
v 12151 269 133
v 12152 115 64
v 12153 202 89
v 12155 374 200
v 12158 155 76
v 12160 336 182
v 12161 132 54
v 12163 210 111
v 12167 343 156
v 12168 99 44
v 12169 107 51
v 12170 59 27
v 12177 124 74
v 12187 64 36
v 12337 1525 729
v 12338 371 178
v 12339 333 194
v 12340 187 100
v 12341 691 378
v 12342 1509 745
v 12343 792 370
v 12344 323 147
v 12345 203 99
v 12346 272 141
v 12347 361 207
v 12348 985 498
v 12349 142 67
v 12350 1033 451
v 12351 316 171
v 12352 377 196
v 12353 103 55
v 12354 62 32
v 12355 651 309
v 12356 319 142
v 12357 713 367
v 12358 534 256
v 12359 1453 686
v 12360 275 149
v 12361 139 78
v 12362 1696 785
v 12363 507 268
v 12364 1326 621
v 12365 181 88
v 12366 477 219
v 12367 184 99
v 12368 361 173
v 12369 214 108
v 12370 145 67
v 12371 154 80
v 12372 635 315
v 12373 963 543
v 12374 2092 1045
v 12375 976 483
v 12376 639 301
v 12377 99 47
v 12378 445 218
v 12379 464 240
v 12380 208 91
v 12381 1215 573
v 12382 115 58
v 12383 126 58
v 12384 400 197
v 12385 979 505
v 12386 578 354
v 12387 180 84
v 12388 775 405
v 12389 684 343
v 12390 162 75
v 12391 85 36
v 12392 671 333
v 12393 954 481
v 12394 1092 550
v 12395 614 305
v 12396 421 226
v 12397 681 353
v 12398 604 273
v 12399 445 236
v 12400 1079 514
v 12401 360 173
v 12402 346 186
v 12407 825 381
v 12408 483 254
v 12409 700 363
v 12411 1148 597
v 12414 564 291
v 12416 1079 532
v 12417 443 241
v 12419 764 384
v 12423 1044 514
v 12424 353 184
v 12425 305 159
v 12426 222 118
v 12433 486 261
v 12443 256 135
v 12594 436 197
v 12595 399 221
v 12596 307 141
v 12597 808 476
v 12598 1779 896
v 12599 1155 540
v 12600 375 188
v 12601 225 96
v 12602 330 190
v 12603 483 230
v 12604 1290 642
v 12605 155 86
v 12606 1270 592
v 12607 367 193
v 12608 448 253
v 12609 130 69
v 12610 52 31
v 12611 689 350
v 12612 320 169
v 12613 955 519
v 12614 588 294
v 12615 1790 823
v 12616 279 141
v 12617 169 100
v 12618 2091 1067
v 12619 715 366
v 12620 1728 819
v 12621 205 115
v 12622 521 268
v 12623 228 136
v 12624 372 198
v 12625 202 118
v 12626 162 94
v 12627 150 77
v 12628 765 442
v 12629 1106 582
v 12630 2528 1328
v 12631 1238 632
v 12632 959 480
v 12633 97 54
v 12634 632 324
v 12635 538 258
v 12636 276 141
v 12637 1454 713
v 12638 122 70
v 12639 150 83
v 12640 515 289
v 12641 1159 616
v 12642 899 488
v 12643 191 113
v 12644 948 515
v 12645 843 463
v 12646 196 91
v 12647 118 57
v 12648 904 484
v 12649 1247 664
v 12650 1362 675
v 12651 790 382
v 12652 504 306
v 12653 792 451
v 12654 767 343
v 12655 544 246
v 12656 1214 575
v 12657 441 209
v 12658 468 260
v 12663 1024 505
v 12664 597 348
v 12665 942 467
v 12667 1417 767
v 12670 657 344
v 12672 1294 716
v 12673 491 269
v 12675 873 451
v 12679 1415 693
v 12680 418 225
v 12681 424 203
v 12682 284 143
v 12689 571 326
v 12699 346 179
v 12851 91 52
v 12852 75 30
v 12853 161 102
v 12854 376 203
v 12855 260 130
v 12856 83 45
v 12857 63 35
v 12858 78 46
v 12859 90 59
v 12860 305 169
v 12861 40 19
v 12862 321 148
v 12863 93 46
v 12864 92 48
v 12865 27 19
v 12866 19 9
v 12867 190 106
v 12868 128 58
v 12869 172 80
v 12870 159 93
v 12871 391 192
v 12872 70 34
v 12873 39 25
v 12874 504 254
v 12875 159 89
v 12876 449 207
v 12877 62 32
v 12878 125 59
v 12879 67 39
v 12880 93 48
v 12881 49 27
v 12882 58 27
v 12883 35 22
v 12884 187 101
v 12885 268 151
v 12886 612 352
v 12887 329 168
v 12888 191 103
v 12889 23 13
v 12890 153 74
v 12891 153 82
v 12892 60 25
v 12893 396 199
v 12894 41 26
v 12895 40 22
v 12896 80 48
v 12897 297 149
v 12898 129 70
v 12899 49 26
v 12900 223 115
v 12901 191 104
v 12902 59 25
v 12903 30 18
v 12904 120 68
v 12905 343 186
v 12906 279 143
v 12907 206 107
v 12908 102 57
v 12909 191 93
v 12910 178 83
v 12911 138 75
v 12912 359 175
v 12913 116 52
v 12914 105 64
v 12919 250 129
v 12920 148 83
v 12921 224 123
v 12923 357 203
v 12926 168 92
v 12928 292 155
v 12929 110 63
v 12931 241 132
v 12935 322 163
v 12936 105 59
v 12937 82 51
v 12938 67 34
v 12945 144 80
v 12955 106 58
v 13108 59 24
v 13109 201 99
v 13110 376 197
v 13111 247 119
v 13112 96 47
v 13113 43 21
v 13114 71 44
v 13115 87 46
v 13116 222 96
v 13117 23 7
v 13118 303 126
v 13119 84 44
v 13120 92 43
v 13121 35 16
v 13122 10 4
v 13123 136 60
v 13124 86 54
v 13125 212 113
v 13126 126 63
v 13127 406 202
v 13128 69 38
v 13129 36 19
v 13130 406 192
v 13131 117 46
v 13132 364 173
v 13133 43 22
v 13134 113 46
v 13135 56 30
v 13136 78 42
v 13137 62 25
v 13138 53 17
v 13139 37 16
v 13140 190 101
v 13141 246 135
v 13142 592 278
v 13143 260 117
v 13144 188 86
v 13145 28 16
v 13146 121 65
v 13147 87 42
v 13148 50 20
v 13149 237 128
v 13150 14 8
v 13151 27 8
v 13152 113 56
v 13153 248 130
v 13154 181 87
v 13155 51 26
v 13156 208 97
v 13157 197 102
v 13158 39 20
v 13159 27 12
v 13160 214 110
v 13161 255 118
v 13162 275 133
v 13163 156 73
v 13164 112 63
v 13165 164 89
v 13166 160 75
v 13167 100 47
v 13168 227 100
v 13169 81 38
v 13170 85 47
v 13175 242 109
v 13176 103 51
v 13177 203 105
v 13179 315 158
v 13182 184 99
v 13184 294 155
v 13185 123 67
v 13187 182 79
v 13191 247 121
v 13192 97 43
v 13193 67 33
v 13194 55 30
v 13201 110 51
v 13211 68 36
v 13365 111 63
v 13366 239 126
v 13367 172 85
v 13368 59 39
v 13369 29 14
v 13370 76 41
v 13371 53 32
v 13372 181 93
v 13373 29 14
v 13374 219 115
v 13375 42 23
v 13376 80 49
v 13377 19 12
v 13378 8 6
v 13379 93 48
v 13380 51 21
v 13381 164 90
v 13382 83 38
v 13383 260 140
v 13384 44 24
v 13385 19 13
v 13386 296 156
v 13387 78 45
v 13388 222 109
v 13389 19 10
v 13390 84 46
v 13391 46 27
v 13392 49 30
v 13393 36 21
v 13394 22 12
v 13395 28 16
v 13396 124 64
v 13397 152 73
v 13398 377 199
v 13399 164 81
v 13400 115 55
v 13401 18 9
v 13402 102 54
v 13403 68 33
v 13404 37 10
v 13405 292 162
v 13406 16 12
v 13407 22 10
v 13408 84 52
v 13409 171 79
v 13410 98 58
v 13411 41 22
v 13412 136 63
v 13413 126 73
v 13414 37 22
v 13415 15 11
v 13416 138 72
v 13417 197 105
v 13418 230 112
v 13419 127 64
v 13420 87 49
v 13421 100 57
v 13422 98 52
v 13423 85 44
v 13424 242 133
v 13425 63 34
v 13426 66 44
v 13431 202 102
v 13432 91 43
v 13433 154 88
v 13435 237 123
v 13438 93 43
v 13440 179 104
v 13441 83 55
v 13443 150 83
v 13447 215 94
v 13448 57 27
v 13449 57 30
v 13450 40 20
v 13457 82 34
v 13467 56 25
v 13622 729 353
v 13623 458 190
v 13624 164 73
v 13625 98 42
v 13626 158 67
v 13627 217 125
v 13628 463 188
v 13629 58 22
v 13630 606 220
v 13631 181 84
v 13632 215 114
v 13633 54 27
v 13634 28 12
v 13635 426 172
v 13636 219 95
v 13637 445 226
v 13638 277 110
v 13639 643 246
v 13640 139 62
v 13641 72 24
v 13642 933 424
v 13643 320 150
v 13644 798 358
v 13645 78 30
v 13646 203 84
v 13647 120 63
v 13648 188 92
v 13649 125 55
v 13650 80 39
v 13651 59 28
v 13652 408 205
v 13653 561 245
v 13654 1376 619
v 13655 574 256
v 13656 400 164
v 13657 30 14
v 13658 255 109
v 13659 179 73
v 13660 113 46
v 13661 634 282
v 13662 62 29
v 13663 70 29
v 13664 229 114
v 13665 522 238
v 13666 388 171
v 13667 86 44
v 13668 437 193
v 13669 436 206
v 13670 94 39
v 13671 47 26
v 13672 476 205
v 13673 530 233
v 13674 611 249
v 13675 361 160
v 13676 265 136
v 13677 320 153
v 13678 334 147
v 13679 189 77
v 13680 478 183
v 13681 168 69
v 13682 254 118
v 13687 510 227
v 13688 283 132
v 13689 416 183
v 13691 635 312
v 13694 330 123
v 13696 601 284
v 13697 264 121
v 13699 381 174
v 13703 640 239
v 13704 186 84
v 13705 168 80
v 13706 113 55
v 13713 237 105
v 13723 128 51
v 13879 850 392
v 13880 390 213
v 13881 182 75
v 13882 292 172
v 13883 356 175
v 13884 921 417
v 13885 109 58
v 13886 1036 459
v 13887 295 157
v 13888 435 246
v 13889 101 58
v 13890 40 20
v 13891 770 402
v 13892 286 151
v 13893 703 327
v 13894 588 279
v 13895 1299 572
v 13896 234 132
v 13897 149 79
v 13898 1957 962
v 13899 509 243
v 13900 1383 621
v 13901 170 75
v 13902 463 229
v 13903 190 96
v 13904 366 180
v 13905 197 82
v 13906 132 62
v 13907 135 64
v 13908 766 389
v 13909 1039 530
v 13910 2095 1091
v 13911 1159 575
v 13912 844 367
v 13913 83 42
v 13914 515 272
v 13915 451 217
v 13916 170 81
v 13917 1308 622
v 13918 142 70
v 13919 154 82
v 13920 560 320
v 13921 977 498
v 13922 547 287
v 13923 183 94
v 13924 691 334
v 13925 759 349
v 13926 163 77
v 13927 127 73
v 13928 867 434
v 13929 1386 758
v 13930 918 460
v 13931 789 416
v 13932 622 365
v 13933 639 325
v 13934 837 436
v 13935 402 187
v 13936 874 410
v 13937 382 174
v 13938 443 252
v 13943 914 451
v 13944 502 252
v 13945 738 342
v 13947 1205 656
v 13950 621 295
v 13952 1183 650
v 13953 537 302
v 13955 718 387
v 13959 1126 558
v 13960 338 170
v 13961 326 160
v 13962 219 108
v 13969 465 257
v 13979 267 122
v 14136 281 138
v 14137 101 52
v 14138 182 94
v 14139 257 161
v 14140 663 311
v 14141 67 31
v 14142 686 307
v 14143 217 106
v 14144 225 119
v 14145 74 46
v 14146 43 24
v 14147 336 161
v 14148 218 107
v 14149 563 287
v 14150 325 150
v 14151 841 414
v 14152 143 83
v 14153 78 51
v 14154 1103 517
v 14155 328 164
v 14156 928 449
v 14157 129 67
v 14158 288 135
v 14159 144 77
v 14160 249 113
v 14161 130 74
v 14162 83 28
v 14163 93 52
v 14164 443 237
v 14165 622 355
v 14166 1538 759
v 14167 604 288
v 14168 452 202
v 14169 48 19
v 14170 283 140
v 14171 281 132
v 14172 153 82
v 14173 763 373
v 14174 35 25
v 14175 121 68
v 14176 311 143
v 14177 633 333
v 14178 410 209
v 14179 116 57
v 14180 498 268
v 14181 483 254
v 14182 126 72
v 14183 83 42
v 14184 559 273
v 14185 703 335
v 14186 784 371
v 14187 430 205
v 14188 320 174
v 14189 259 153
v 14190 411 193
v 14191 198 84
v 14192 759 385
v 14193 197 98
v 14194 250 140
v 14199 637 327
v 14200 340 198
v 14201 467 231
v 14203 849 474
v 14206 394 193
v 14208 692 355
v 14209 294 158
v 14211 505 281
v 14215 755 386
v 14216 237 117
v 14217 212 100
v 14218 117 68
v 14225 321 174
v 14235 195 97
v 14393 68 32
v 14394 63 36
v 14395 94 51
v 14396 189 84
v 14397 30 10
v 14398 170 68
v 14399 83 40
v 14400 110 62
v 14401 25 13
v 14402 13 6
v 14403 159 73
v 14404 81 39
v 14405 195 109
v 14406 118 60
v 14407 311 141
v 14408 59 30
v 14409 36 16
v 14410 437 217
v 14411 144 69
v 14412 356 165
v 14413 36 17
v 14414 106 49
v 14415 60 35
v 14416 79 44
v 14417 48 23
v 14418 42 21
v 14419 34 15
v 14420 169 86
v 14421 273 142
v 14422 570 319
v 14423 247 125
v 14424 201 110
v 14425 18 7
v 14426 116 57
v 14427 103 49
v 14428 50 25
v 14429 313 162
v 14430 22 15
v 14431 30 15
v 14432 100 50
v 14433 228 115
v 14434 165 89
v 14435 57 33
v 14436 182 86
v 14437 215 107
v 14438 47 23
v 14439 30 9
v 14440 193 97
v 14441 239 131
v 14442 253 111
v 14443 149 88
v 14444 128 75
v 14445 138 67
v 14446 187 95
v 14447 130 66
v 14448 215 99
v 14449 81 37
v 14450 112 53
v 14455 206 88
v 14456 114 72
v 14457 207 95
v 14459 277 155
v 14462 142 71
v 14464 256 131
v 14465 90 39
v 14467 154 72
v 14471 271 121
v 14472 92 32
v 14473 88 43
v 14474 54 26
v 14481 118 52
v 14491 56 31
v 14650 41 26
v 14651 70 41
v 14652 177 94
v 14653 15 10
v 14654 169 81
v 14655 59 38
v 14656 72 38
v 14657 13 4
v 14658 8 6
v 14659 97 54
v 14660 57 30
v 14661 114 64
v 14662 62 38
v 14663 212 107
v 14664 34 21
v 14665 23 14
v 14666 303 169
v 14667 83 48
v 14668 202 82
v 14669 23 14
v 14670 70 37
v 14671 45 22
v 14672 58 30
v 14673 29 20
v 14674 17 8
v 14675 18 6
v 14676 114 74
v 14677 151 87
v 14678 319 162
v 14679 170 90
v 14680 107 57
v 14681 14 8
v 14682 74 47
v 14683 69 39
v 14684 39 20
v 14685 180 94
v 14686 16 11
v 14687 19 14
v 14688 77 43
v 14689 173 84
v 14690 99 64
v 14691 32 14
v 14692 110 63
v 14693 130 78
v 14694 26 18
v 14695 20 13
v 14696 92 52
v 14697 182 102
v 14698 126 74
v 14699 103 62
v 14700 63 33
v 14701 77 41
v 14702 117 61
v 14703 72 42
v 14704 144 69
v 14705 55 24
v 14706 65 39
v 14711 136 77
v 14712 62 39
v 14713 143 77
v 14715 165 102
v 14718 107 60
v 14720 140 70
v 14721 65 37
v 14723 91 59
v 14727 139 77
v 14728 51 30
v 14729 50 27
v 14730 71 40
v 14737 64 34
v 14747 32 17
v 14907 67 26
v 14908 161 73
v 14909 22 12
v 14910 240 101
v 14911 50 27
v 14912 86 46
v 14913 34 21
v 14914 24 13
v 14915 111 58
v 14916 70 30
v 14917 212 101
v 14918 137 65
v 14919 323 147
v 14920 45 24
v 14921 22 12
v 14922 352 161
v 14923 116 50
v 14924 268 138
v 14925 21 12
v 14926 67 31
v 14927 40 26
v 14928 63 26
v 14929 33 19
v 14930 36 20
v 14931 21 10
v 14932 153 73
v 14933 192 99
v 14934 485 253
v 14935 222 114
v 14936 144 63
v 14937 14 8
v 14938 115 48
v 14939 84 38
v 14940 38 14
v 14941 252 125
v 14942 19 7
v 14943 30 13
v 14944 103 47
v 14945 189 102
v 14946 147 74
v 14947 55 21
v 14948 143 67
v 14949 161 87
v 14950 22 7
v 14951 24 12
v 14952 161 78
v 14953 200 91
v 14954 208 101
v 14955 143 59
v 14956 98 51
v 14957 115 58
v 14958 149 70
v 14959 76 42
v 14960 228 117
v 14961 59 29
v 14962 77 36
v 14967 181 77
v 14968 124 59
v 14969 132 71
v 14971 259 133
v 14974 115 50
v 14976 228 112
v 14977 91 42
v 14979 152 72
v 14983 247 125
v 14984 94 47
v 14985 89 45
v 14986 54 31
v 14993 95 55
v 15003 56 23
v 15164 286 137
v 15165 28 11
v 15166 332 142
v 15167 84 37
v 15168 95 50
v 15169 32 18
v 15170 14 4
v 15171 171 75
v 15172 66 29
v 15173 179 88
v 15174 136 64
v 15175 361 155
v 15176 68 35
v 15177 46 24
v 15178 409 175
v 15179 174 93
v 15180 453 199
v 15181 48 25
v 15182 108 47
v 15183 51 24
v 15184 94 42
v 15185 55 22
v 15186 44 17
v 15187 38 17
v 15188 222 111
v 15189 261 135
v 15190 640 315
v 15191 306 128
v 15192 188 86
v 15193 20 6
v 15194 130 66
v 15195 144 76
v 15196 55 23
v 15197 308 138
v 15198 39 23
v 15199 45 20
v 15200 124 59
v 15201 274 133
v 15202 128 56
v 15203 48 15
v 15204 220 88
v 15205 195 95
v 15206 53 24
v 15207 35 16
v 15208 189 74
v 15209 274 125
v 15210 331 168
v 15211 191 96
v 15212 134 63
v 15213 172 77
v 15214 199 91
v 15215 114 46
v 15216 275 132
v 15217 60 25
v 15218 112 62
v 15223 239 110
v 15224 145 74
v 15225 190 94
v 15227 255 117
v 15230 185 94
v 15232 291 142
v 15233 116 63
v 15235 210 99
v 15239 305 145
v 15240 90 48
v 15241 100 57
v 15242 53 27
v 15249 122 70
v 15259 97 41
v 15421 119 56
v 15422 544 231
v 15423 224 123
v 15424 235 127
v 15425 70 35
v 15426 26 12
v 15427 543 247
v 15428 296 161
v 15429 527 296
v 15430 290 149
v 15431 739 350
v 15432 145 86
v 15433 98 53
v 15434 1154 576
v 15435 453 244
v 15436 938 452
v 15437 119 49
v 15438 333 171
v 15439 145 66
v 15440 204 101
v 15441 148 69
v 15442 112 52
v 15443 88 45
v 15444 394 198
v 15445 600 304
v 15446 1712 928
v 15447 700 344
v 15448 549 263
v 15449 101 42
v 15450 386 188
v 15451 242 127
v 15452 144 67
v 15453 737 424
v 15454 94 54
v 15455 119 52
v 15456 348 184
v 15457 736 393
v 15458 370 221
v 15459 149 85
v 15460 506 281
v 15461 667 386
v 15462 129 57
v 15463 60 30
v 15464 595 314
v 15465 677 354
v 15466 737 393
v 15467 447 228
v 15468 319 186
v 15469 499 266
v 15470 430 193
v 15471 461 244
v 15472 857 410
v 15473 232 119
v 15474 315 168
v 15479 578 287
v 15480 384 215
v 15481 583 312
v 15483 784 446
v 15486 373 213
v 15488 760 408
v 15489 351 170
v 15491 552 268
v 15495 859 391
v 15496 204 93
v 15497 250 108
v 15498 134 62
v 15505 293 156
v 15515 185 95
v 15678 84 31
v 15679 29 16
v 15680 31 18
v 15681 9 3
v 15682 5 4
v 15683 49 28
v 15684 37 18
v 15685 66 34
v 15686 45 25
v 15687 87 39
v 15688 17 6
v 15689 12 5
v 15690 187 102
v 15691 50 28
v 15692 120 67
v 15693 18 9
v 15694 43 21
v 15695 23 14
v 15696 33 18
v 15697 16 10
v 15698 20 7
v 15699 14 10
v 15700 60 31
v 15701 101 59
v 15702 219 114
v 15703 94 40
v 15704 73 37
v 15705 5 4
v 15706 58 28
v 15707 49 26
v 15708 24 12
v 15709 100 54
v 15710 17 9
v 15711 8 3
v 15712 38 28
v 15713 78 39
v 15714 48 28
v 15715 9 1
v 15716 91 52
v 15717 69 37
v 15718 16 6
v 15719 6 3
v 15720 62 35
v 15721 103 46
v 15722 78 43
v 15723 56 27
v 15724 23 13
v 15725 64 24
v 15726 59 22
v 15727 60 29
v 15728 84 42
v 15729 63 29
v 15730 26 13
v 15735 73 35
v 15736 41 24
v 15737 71 38
v 15739 101 55
v 15742 45 23
v 15744 95 46
v 15745 31 17
v 15747 64 32
v 15751 94 47
v 15752 33 15
v 15753 22 12
v 15754 17 11
v 15761 44 19
v 15771 26 14
v 15935 222 129
v 15936 331 192
v 15937 104 62
v 15938 41 24
v 15939 437 255
v 15940 258 143
v 15941 668 375
v 15942 393 226
v 15943 1303 653
v 15944 228 145
v 15945 104 61
v 15946 1373 759
v 15947 421 244
v 15948 1216 643
v 15949 129 68
v 15950 346 196
v 15951 149 85
v 15952 266 153
v 15953 172 100
v 15954 132 56
v 15955 119 66
v 15956 575 324
v 15957 782 467
v 15958 1938 1079
v 15959 864 441
v 15960 617 310
v 15961 75 40
v 15962 370 200
v 15963 358 200
v 15964 170 79
v 15965 1303 687
v 15966 83 51
v 15967 149 74
v 15968 357 204
v 15969 817 447
v 15970 475 285
v 15971 129 84
v 15972 638 333
v 15973 606 349
v 15974 167 87
v 15975 93 50
v 15976 754 394
v 15977 893 497
v 15978 966 504
v 15979 539 305
v 15980 354 195
v 15981 502 299
v 15982 551 296
v 15983 365 191
v 15984 873 461
v 15985 266 140
v 15986 330 211
v 15991 769 402
v 15992 404 233
v 15993 609 354
v 15995 1043 628
v 15998 440 262
v 16000 872 480
v 16001 360 226
v 16003 580 330
v 16007 860 463
v 16008 316 172
v 16009 267 149
v 16010 188 112
v 16017 372 218
v 16027 271 151
v 16192 95 49
v 16193 24 14
v 16194 13 5
v 16195 159 81
v 16196 89 43
v 16197 193 92
v 16198 121 68
v 16199 341 153
v 16200 63 36
v 16201 40 22
v 16202 427 181
v 16203 145 63
v 16204 332 149
v 16205 41 26
v 16206 114 55
v 16207 65 35
v 16208 74 35
v 16209 57 33
v 16210 42 16
v 16211 33 21
v 16212 171 84
v 16213 262 132
v 16214 479 213
v 16215 237 120
v 16216 159 66
v 16217 21 6
v 16218 98 42
v 16219 81 36
v 16220 41 13
v 16221 272 138
v 16222 28 15
v 16223 32 16
v 16224 97 49
v 16225 241 127
v 16226 122 63
v 16227 42 24
v 16228 184 82
v 16229 180 98
v 16230 40 10
v 16231 27 15
v 16232 196 81
v 16233 225 109
v 16234 237 100
v 16235 138 68
v 16236 110 50
v 16237 142 61
v 16238 157 78
v 16239 108 58
v 16240 216 114
v 16241 71 37
v 16242 81 45
v 16247 185 82
v 16248 107 53
v 16249 177 83
v 16251 276 137
v 16254 137 68
v 16256 276 123
v 16257 116 50
v 16259 173 86
v 16263 238 112
v 16264 99 54
v 16265 73 41
v 16266 59 28
v 16273 95 46
v 16283 48 27
v 16449 33 15
v 16450 18 9
v 16451 162 79
v 16452 94 47
v 16453 207 106
v 16454 138 59
v 16455 441 183
v 16456 79 34
v 16457 39 19
v 16458 498 231
v 16459 161 75
v 16460 402 166
v 16461 39 24
v 16462 116 46
v 16463 60 34
v 16464 97 49
v 16465 49 22
v 16466 27 14
v 16467 43 23
v 16468 228 102
v 16469 301 141
v 16470 628 267
v 16471 297 151
v 16472 202 81
v 16473 17 5
v 16474 143 65
v 16475 108 50
v 16476 83 39
v 16477 365 157
v 16478 41 18
v 16479 43 23
v 16480 127 60
v 16481 292 136
v 16482 163 85
v 16483 50 26
v 16484 239 111
v 16485 242 120
v 16486 55 23
v 16487 30 6
v 16488 298 139
v 16489 282 131
v 16490 291 119
v 16491 183 83
v 16492 147 75
v 16493 155 74
v 16494 173 84
v 16495 123 58
v 16496 301 132
v 16497 99 43
v 16498 127 63
v 16503 235 108
v 16504 154 84
v 16505 235 94
v 16507 355 167
v 16510 159 80
v 16512 345 158
v 16513 134 71
v 16515 223 95
v 16519 336 150
v 16520 95 43
v 16521 85 31
v 16522 61 25
v 16529 106 58
v 16539 97 41
v 16706 5 1
v 16707 43 24
v 16708 24 11
v 16709 58 22
v 16710 43 24
v 16711 122 51
v 16712 20 10
v 16713 15 6
v 16714 145 53
v 16715 32 14
v 16716 86 43
v 16717 14 3
v 16718 26 12
v 16719 16 9
v 16720 36 18
v 16721 12 5
v 16722 20 12
v 16723 15 6
v 16724 48 20
v 16725 82 37
v 16726 194 90
v 16727 87 32
v 16728 39 14
v 16729 6 3
v 16730 36 18
v 16731 47 19
v 16732 15 2
v 16733 109 42
v 16734 14 7
v 16735 13 5
v 16736 23 13
v 16737 65 24
v 16738 42 26
v 16739 11 6
v 16740 68 34
v 16741 53 27
v 16742 16 9
v 16743 8 5
v 16744 59 23
v 16745 88 33
v 16746 83 34
v 16747 51 21
v 16748 33 18
v 16749 49 24
v 16750 44 13
v 16751 27 12
v 16752 91 36
v 16753 29 10
v 16754 21 10
v 16759 48 16
v 16760 41 16
v 16761 50 25
v 16763 106 52
v 16766 46 22
v 16768 96 49
v 16769 37 17
v 16771 60 27
v 16775 90 42
v 16776 31 13
v 16777 20 10
v 16778 13 5
v 16785 29 14
v 16795 23 10
v 16963 15 6
v 16964 13 8
v 16965 37 17
v 16966 21 10
v 16967 49 20
v 16968 12 5
v 16969 14 8
v 16970 72 43
v 16971 14 9
v 16972 38 15
v 16973 6 2
v 16974 15 6
v 16975 8 5
v 16976 14 8
v 16977 10 4
v 16978 8 4
v 16979 4 2
v 16980 29 21
v 16981 27 8
v 16982 80 39
v 16983 43 22
v 16984 22 9
v 16985 6 3
v 16986 15 3
v 16987 16 4
v 16988 6 4
v 16989 46 18
v 16990 3 2
v 16991 6 4
v 16992 8 8
v 16993 33 17
v 16994 23 15
v 16995 10 5
v 16996 35 18
v 16997 24 15
v 16998 7 3
v 16999 5 2
v 17000 23 15
v 17001 44 22
v 17002 47 21
v 17003 27 13
v 17004 23 11
v 17005 29 13
v 17006 30 16
v 17007 19 10
v 17008 54 21
v 17009 15 8
v 17010 13 6
v 17015 14 3
v 17016 21 12
v 17017 29 12
v 17019 57 28
v 17022 24 5
v 17024 35 18
v 17025 17 12
v 17027 21 12
v 17031 43 16
v 17032 8 0
v 17033 14 5
v 17034 10 4
v 17041 12 6
v 17051 6 3
v 17220 230 139
v 17221 411 228
v 17222 252 138
v 17223 720 366
v 17224 107 65
v 17225 63 35
v 17226 716 363
v 17227 298 153
v 17228 671 307
v 17229 62 23
v 17230 159 73
v 17231 99 50
v 17232 138 71
v 17233 97 52
v 17234 68 28
v 17235 65 38
v 17236 300 177
v 17237 327 175
v 17238 1093 611
v 17239 509 253
v 17240 304 136
v 17241 24 9
v 17242 184 84
v 17243 154 77
v 17244 82 40
v 17245 653 338
v 17246 50 23
v 17247 50 30
v 17248 201 97
v 17249 535 290
v 17250 253 144
v 17251 87 48
v 17252 332 176
v 17253 394 205
v 17254 69 32
v 17255 32 15
v 17256 458 242
v 17257 443 231
v 17258 485 235
v 17259 290 140
v 17260 206 118
v 17261 268 148
v 17262 225 98
v 17263 207 97
v 17264 645 329
v 17265 184 101
v 17266 194 100
v 17271 389 189
v 17272 247 148
v 17273 404 240
v 17275 519 265
v 17278 277 159
v 17280 493 270
v 17281 249 134
v 17283 319 156
v 17287 511 229
v 17288 154 78
v 17289 159 68
v 17290 110 60
v 17297 184 101
v 17307 93 35
v 17477 211 103
v 17478 161 77
v 17479 344 153
v 17480 65 31
v 17481 37 17
v 17482 415 199
v 17483 135 74
v 17484 386 167
v 17485 61 35
v 17486 122 53
v 17487 61 36
v 17488 98 51
v 17489 50 23
v 17490 29 18
v 17491 27 12
v 17492 204 96
v 17493 267 159
v 17494 548 293
v 17495 249 125
v 17496 178 83
v 17497 17 9
v 17498 129 59
v 17499 140 84
v 17500 59 25
v 17501 175 96
v 17502 51 30
v 17503 26 13
v 17504 94 52
v 17505 272 144
v 17506 102 56
v 17507 31 21
v 17508 189 92
v 17509 181 95
v 17510 46 25
v 17511 16 7
v 17512 215 100
v 17513 277 148
v 17514 286 135
v 17515 170 81
v 17516 128 72
v 17517 176 92
v 17518 170 84
v 17519 138 51
v 17520 245 110
v 17521 95 45
v 17522 81 50
v 17527 206 93
v 17528 146 68
v 17529 194 98
v 17531 314 161
v 17534 149 74
v 17536 246 124
v 17537 123 60
v 17539 183 103
v 17543 190 91
v 17544 83 42
v 17545 71 39
v 17546 52 28
v 17553 103 59
v 17563 61 27
v 17734 287 150
v 17735 884 425
v 17736 138 63
v 17737 74 42
v 17738 978 460
v 17739 304 147
v 17740 889 407
v 17741 103 41
v 17742 310 136
v 17743 108 67
v 17744 241 121
v 17745 130 56
v 17746 77 34
v 17747 77 38
v 17748 443 224
v 17749 557 273
v 17750 1026 487
v 17751 582 276
v 17752 474 224
v 17753 48 27
v 17754 258 124
v 17755 340 159
v 17756 137 68
v 17757 665 310
v 17758 162 62
v 17759 61 30
v 17760 304 157
v 17761 573 288
v 17762 350 203
v 17763 96 48
v 17764 403 196
v 17765 413 205
v 17766 113 61
v 17767 62 34
v 17768 505 259
v 17769 574 297
v 17770 608 299
v 17771 436 203
v 17772 296 165
v 17773 319 163
v 17774 408 199
v 17775 214 103
v 17776 633 304
v 17777 224 98
v 17778 233 132
v 17783 525 260
v 17784 341 184
v 17785 403 184
v 17787 714 372
v 17790 376 185
v 17792 569 291
v 17793 259 145
v 17795 367 168
v 17799 686 336
v 17800 176 80
v 17801 182 89
v 17802 97 50
v 17809 235 135
v 17819 198 91
v 17991 599 283
v 17992 94 47
v 17993 62 33
v 17994 689 342
v 17995 207 94
v 17996 501 222
v 17997 50 23
v 17998 138 63
v 17999 76 46
v 18000 133 64
v 18001 72 28
v 18002 66 30
v 18003 57 32
v 18004 287 129
v 18005 414 197
v 18006 908 457
v 18007 331 166
v 18008 300 142
v 18009 28 11
v 18010 156 95
v 18011 157 84
v 18012 63 25
v 18013 487 250
v 18014 43 27
v 18015 76 28
v 18016 182 105
v 18017 516 263
v 18018 301 153
v 18019 75 39
v 18020 312 173
v 18021 259 141
v 18022 56 28
v 18023 49 25
v 18024 334 168
v 18025 349 178
v 18026 402 201
v 18027 247 128
v 18028 182 110
v 18029 229 107
v 18030 390 192
v 18031 156 66
v 18032 331 144
v 18033 123 52
v 18034 169 94
v 18039 276 127
v 18040 167 80
v 18041 300 143
v 18043 428 222
v 18046 264 139
v 18048 404 205
v 18049 197 93
v 18051 293 149
v 18055 437 211
v 18056 156 82
v 18057 133 73
v 18058 77 38
v 18065 176 101
v 18075 102 52
v 18248 278 140
v 18249 146 91
v 18250 1926 923
v 18251 597 328
v 18252 1594 752
v 18253 134 73
v 18254 428 219
v 18255 241 143
v 18256 371 200
v 18257 233 128
v 18258 166 77
v 18259 141 84
v 18260 798 453
v 18261 1040 566
v 18262 2576 1349
v 18263 1075 546
v 18264 834 409
v 18265 97 48
v 18266 456 242
v 18267 425 225
v 18268 224 106
v 18269 1271 600
v 18270 138 81
v 18271 196 102
v 18272 465 250
v 18273 1162 613
v 18274 831 444
v 18275 189 114
v 18276 837 428
v 18277 812 423
v 18278 182 95
v 18279 104 53
v 18280 791 414
v 18281 1150 580
v 18282 1353 694
v 18283 697 357
v 18284 772 406
v 18285 601 327
v 18286 719 350
v 18287 431 209
v 18288 1026 483
v 18289 326 177
v 18290 475 279
v 18295 1025 479
v 18296 487 276
v 18297 785 403
v 18299 1348 813
v 18302 708 380
v 18304 1136 611
v 18305 581 311
v 18307 813 421
v 18311 1226 593
v 18312 353 198
v 18313 306 149
v 18314 210 116
v 18321 470 268
v 18331 321 163
v 18505 25 10
v 18506 346 161
v 18507 104 48
v 18508 241 98
v 18509 25 13
v 18510 86 36
v 18511 31 16
v 18512 79 35
v 18513 37 19
v 18514 31 15
v 18515 28 11
v 18516 138 65
v 18517 209 97
v 18518 432 210
v 18519 169 86
v 18520 125 54
v 18521 13 10
v 18522 84 38
v 18523 77 41
v 18524 50 21
v 18525 227 111
v 18526 14 7
v 18527 24 13
v 18528 82 37
v 18529 195 99
v 18530 102 53
v 18531 33 14
v 18532 149 73
v 18533 142 72
v 18534 25 13
v 18535 15 5
v 18536 125 62
v 18537 190 97
v 18538 208 101
v 18539 108 51
v 18540 79 47
v 18541 138 65
v 18542 131 52
v 18543 83 29
v 18544 193 89
v 18545 58 24
v 18546 85 41
v 18551 156 80
v 18552 98 49
v 18553 149 75
v 18555 223 118
v 18558 110 47
v 18560 191 100
v 18561 100 53
v 18563 141 59
v 18567 213 100
v 18568 54 25
v 18569 60 24
v 18570 29 14
v 18577 81 51
v 18587 41 25
v 18762 177 82
v 18763 55 26
v 18764 136 57
v 18765 17 7
v 18766 37 19
v 18767 20 15
v 18768 37 16
v 18769 28 12
v 18770 22 9
v 18771 12 3
v 18772 72 40
v 18773 97 41
v 18774 232 109
v 18775 106 42
v 18776 79 38
v 18777 12 4
v 18778 59 25
v 18779 40 14
v 18780 21 5
v 18781 135 53
v 18782 8 4
v 18783 19 9
v 18784 42 20
v 18785 90 42
v 18786 72 39
v 18787 23 11
v 18788 87 46
v 18789 99 51
v 18790 10 4
v 18791 8 5
v 18792 90 50
v 18793 114 56
v 18794 106 53
v 18795 62 22
v 18796 60 36
v 18797 52 27
v 18798 68 28
v 18799 44 21
v 18800 119 44
v 18801 33 17
v 18802 39 18
v 18807 97 45
v 18808 58 24
v 18809 70 27
v 18811 118 53
v 18814 53 31
v 18816 120 57
v 18817 47 29
v 18819 74 37
v 18823 109 49
v 18824 43 18
v 18825 27 15
v 18826 17 9
v 18833 31 14
v 18843 34 17
v 19019 704 387
v 19020 1911 898
v 19021 213 95
v 19022 506 256
v 19023 270 154
v 19024 419 220
v 19025 226 119
v 19026 169 84
v 19027 190 97
v 19028 884 484
v 19029 1215 644
v 19030 2989 1553
v 19031 1347 692
v 19032 850 414
v 19033 86 46
v 19034 668 319
v 19035 551 287
v 19036 279 138
v 19037 1365 738
v 19038 112 58
v 19039 166 85
v 19040 550 295
v 19041 1380 740
v 19042 660 391
v 19043 225 136
v 19044 1078 532
v 19045 884 471
v 19046 248 118
v 19047 146 60
v 19048 998 512
v 19049 1288 697
v 19050 1323 717
v 19051 791 388
v 19052 634 348
v 19053 636 351
v 19054 865 449
v 19055 512 254
v 19056 1312 626
v 19057 461 237
v 19058 486 297
v 19063 1078 547
v 19064 883 459
v 19065 1044 523
v 19067 1455 780
v 19070 1080 544
v 19072 1451 779
v 19073 666 383
v 19075 884 475
v 19079 1491 752
v 19080 454 225
v 19081 373 185
v 19082 260 155
v 19089 593 344
v 19099 330 176
v 19276 561 292
v 19277 104 50
v 19278 172 78
v 19279 81 44
v 19280 134 61
v 19281 102 41
v 19282 52 21
v 19283 47 21
v 19284 306 160
v 19285 380 195
v 19286 982 489
v 19287 460 231
v 19288 301 137
v 19289 32 19
v 19290 190 99
v 19291 131 67
v 19292 88 43
v 19293 549 243
v 19294 50 30
v 19295 61 27
v 19296 183 94
v 19297 430 215
v 19298 211 120
v 19299 92 51
v 19300 283 145
v 19301 345 171
v 19302 84 38
v 19303 31 16
v 19304 453 206
v 19305 406 195
v 19306 383 184
v 19307 274 140
v 19308 201 113
v 19309 235 106
v 19310 267 124
v 19311 201 93
v 19312 379 180
v 19313 144 66
v 19314 216 116
v 19319 358 155
v 19320 218 118
v 19321 314 163
v 19323 458 217
v 19326 240 118
v 19328 448 236
v 19329 202 111
v 19331 269 125
v 19335 367 199
v 19336 146 66
v 19337 129 57
v 19338 80 36
v 19345 151 80
v 19355 110 50
v 19533 194 81
v 19534 415 222
v 19535 220 114
v 19536 343 197
v 19537 193 74
v 19538 150 65
v 19539 142 88
v 19540 754 413
v 19541 991 533
v 19542 1766 889
v 19543 1027 542
v 19544 907 394
v 19545 78 34
v 19546 505 280
v 19547 475 243
v 19548 213 108
v 19549 1165 624
v 19550 107 63
v 19551 129 69
v 19552 505 301
v 19553 1014 593
v 19554 646 385
v 19555 158 81
v 19556 741 395
v 19557 845 457
v 19558 194 117
v 19559 123 64
v 19560 993 545
v 19561 1011 566
v 19562 1035 587
v 19563 740 373
v 19564 490 278
v 19565 557 309
v 19566 606 300
v 19567 449 254
v 19568 1114 579
v 19569 351 155
v 19570 399 249
v 19575 977 501
v 19576 508 250
v 19577 811 421
v 19579 1213 706
v 19582 522 287
v 19584 1122 633
v 19585 421 231
v 19587 716 367
v 19591 1074 564
v 19592 345 169
v 19593 328 165
v 19594 212 124
v 19601 513 294
v 19611 269 149
v 19790 43 31
v 19791 35 21
v 19792 32 16
v 19793 21 10
v 19794 19 5
v 19795 11 9
v 19796 90 51
v 19797 114 58
v 19798 351 181
v 19799 163 85
v 19800 76 46
v 19801 28 9
v 19802 63 32
v 19803 47 26
v 19804 17 9
v 19805 125 60
v 19806 11 6
v 19807 25 12
v 19808 59 30
v 19809 130 53
v 19810 83 37
v 19811 15 13
v 19812 65 31
v 19813 137 74
v 19814 21 12
v 19815 9 3
v 19816 119 58
v 19817 128 66
v 19818 150 91
v 19819 81 42
v 19820 49 29
v 19821 104 44
v 19822 77 35
v 19823 89 37
v 19824 86 42
v 19825 56 37
v 19826 54 29
v 19831 84 39
v 19832 73 32
v 19833 112 50
v 19835 137 65
v 19838 69 35
v 19840 132 76
v 19841 66 33
v 19843 100 64
v 19847 134 64
v 19848 48 21
v 19849 35 13
v 19850 19 13
v 19857 65 35
v 19867 32 14
v 20047 63 36
v 20048 92 54
v 20049 51 26
v 20050 46 18
v 20051 41 16
v 20052 191 108
v 20053 279 150
v 20054 648 348
v 20055 297 149
v 20056 220 91
v 20057 18 7
v 20058 173 93
v 20059 136 67
v 20060 76 36
v 20061 384 174
v 20062 34 20
v 20063 34 19
v 20064 153 79
v 20065 288 151
v 20066 194 100
v 20067 52 31
v 20068 211 102
v 20069 224 116
v 20070 62 33
v 20071 29 17
v 20072 243 124
v 20073 353 175
v 20074 341 180
v 20075 214 102
v 20076 141 80
v 20077 151 94
v 20078 207 94
v 20079 121 56
v 20080 337 169
v 20081 102 51
v 20082 106 56
v 20087 284 146
v 20088 184 102
v 20089 248 116
v 20091 352 184
v 20094 204 106
v 20096 308 166
v 20097 150 77
v 20099 218 123
v 20103 334 167
v 20104 98 51
v 20105 91 46
v 20106 65 35
v 20113 122 69
v 20123 88 45
v 20304 62 29
v 20305 31 11
v 20306 29 13
v 20307 17 8
v 20308 110 58
v 20309 154 67
v 20310 318 146
v 20311 177 66
v 20312 102 35
v 20313 13 6
v 20314 92 45
v 20315 58 18
v 20316 23 8
v 20317 188 85
v 20318 11 8
v 20319 31 9
v 20320 69 34
v 20321 189 80
v 20322 78 41
v 20323 23 12
v 20324 124 55
v 20325 137 73
v 20326 29 14
v 20327 12 4
v 20328 90 46
v 20329 162 86
v 20330 147 59
v 20331 97 45
v 20332 98 49
v 20333 90 40
v 20334 115 37
v 20335 66 35
v 20336 186 82
v 20337 56 22
v 20338 46 17
v 20343 129 59
v 20344 92 45
v 20345 129 62
v 20347 172 99
v 20350 122 51
v 20352 184 84
v 20353 74 43
v 20355 128 60
v 20359 205 79
v 20360 47 19
v 20361 39 12
v 20362 31 11
v 20369 66 36
v 20379 38 15
v 20561 54 27
v 20562 49 20
v 20563 30 15
v 20564 174 99
v 20565 245 134
v 20566 549 242
v 20567 282 142
v 20568 174 86
v 20569 18 13
v 20570 134 65
v 20571 114 60
v 20572 46 16
v 20573 321 156
v 20574 30 21
v 20575 30 14
v 20576 130 73
v 20577 241 111
v 20578 141 81
v 20579 43 27
v 20580 191 86
v 20581 187 99
v 20582 51 20
v 20583 36 19
v 20584 198 98
v 20585 235 119
v 20586 253 126
v 20587 175 79
v 20588 111 57
v 20589 147 69
v 20590 156 77
v 20591 119 56
v 20592 278 133
v 20593 96 46
v 20594 134 71
v 20599 222 93
v 20600 128 62
v 20601 226 107
v 20603 270 132
v 20606 117 59
v 20608 286 141
v 20609 102 52
v 20611 192 94
v 20615 256 108
v 20616 91 41
v 20617 72 34
v 20618 56 28
v 20625 149 82
v 20635 66 34
v 20818 18 7
v 20819 25 12
v 20820 111 65
v 20821 165 97
v 20822 341 186
v 20823 161 83
v 20824 139 73
v 20825 18 10
v 20826 68 38
v 20827 60 35
v 20828 33 19
v 20829 159 73
v 20830 21 6
v 20831 25 12
v 20832 65 32
v 20833 153 86
v 20834 102 66
v 20835 26 14
v 20836 117 61
v 20837 132 69
v 20838 27 14
v 20839 11 5
v 20840 141 61
v 20841 117 54
v 20842 148 74
v 20843 108 48
v 20844 66 36
v 20845 89 53
v 20846 83 39
v 20847 69 36
v 20848 111 54
v 20849 51 25
v 20850 70 38
v 20855 103 49
v 20856 80 43
v 20857 112 56
v 20859 182 105
v 20862 76 39
v 20864 177 94
v 20865 69 42
v 20867 105 60
v 20871 159 81
v 20872 47 29
v 20873 49 26
v 20874 27 17
v 20881 57 31
v 20891 38 20
v 21075 11 9
v 21076 71 30
v 21077 116 75
v 21078 257 135
v 21079 101 58
v 21080 92 54
v 21081 14 8
v 21082 60 37
v 21083 56 32
v 21084 27 16
v 21085 102 56
v 21086 13 6
v 21087 19 6
v 21088 42 23
v 21089 107 54
v 21090 64 39
v 21091 18 13
v 21092 91 42
v 21093 73 43
v 21094 21 11
v 21095 5 2
v 21096 79 42
v 21097 91 40
v 21098 118 62
v 21099 76 49
v 21100 42 22
v 21101 63 35
v 21102 97 41
v 21103 62 29
v 21104 64 35
v 21105 49 30
v 21106 45 25
v 21111 83 43
v 21112 49 29
v 21113 86 49
v 21115 130 82
v 21118 57 32
v 21120 111 49
v 21121 46 25
v 21123 76 44
v 21127 99 43
v 21128 34 20
v 21129 41 23
v 21130 20 10
v 21137 49 29
v 21147 35 19
v 21332 85 38
v 21333 88 38
v 21334 238 104
v 21335 91 48
v 21336 56 26
v 21337 14 8
v 21338 45 18
v 21339 47 25
v 21340 17 9
v 21341 129 54
v 21342 11 7
v 21343 30 16
v 21344 49 21
v 21345 118 51
v 21346 137 61
v 21347 15 5
v 21348 62 33
v 21349 75 30
v 21350 13 6
v 21351 12 3
v 21352 80 44
v 21353 107 45
v 21354 110 41
v 21355 59 26
v 21356 49 26
v 21357 80 37
v 21358 76 31
v 21359 51 19
v 21360 101 32
v 21361 42 23
v 21362 37 13
v 21367 73 31
v 21368 55 29
v 21369 81 33
v 21371 129 73
v 21374 52 27
v 21376 119 56
v 21377 52 20
v 21379 80 38
v 21383 106 48
v 21384 30 16
v 21385 30 14
v 21386 19 8
v 21393 45 17
v 21403 16 7
v 21589 539 284
v 21590 1260 617
v 21591 561 253
v 21592 405 189
v 21593 37 17
v 21594 246 123
v 21595 186 94
v 21596 100 49
v 21597 650 282
v 21598 56 32
v 21599 73 39
v 21600 246 130
v 21601 541 262
v 21602 362 196
v 21603 103 51
v 21604 445 243
v 21605 431 202
v 21606 123 55
v 21607 54 24
v 21608 525 238
v 21609 572 269
v 21610 513 255
v 21611 349 149
v 21612 249 136
v 21613 314 159
v 21614 358 163
v 21615 206 104
v 21616 502 209
v 21617 181 75
v 21618 226 123
v 21623 454 212
v 21624 240 135
v 21625 402 191
v 21627 654 345
v 21630 283 143
v 21632 643 330
v 21633 268 141
v 21635 365 176
v 21639 621 312
v 21640 214 104
v 21641 178 82
v 21642 84 40
v 21649 243 134
v 21659 122 57
v 21846 1558 741
v 21847 742 354
v 21848 515 213
v 21849 49 25
v 21850 363 174
v 21851 333 156
v 21852 141 68
v 21853 798 374
v 21854 119 53
v 21855 110 57
v 21856 285 138
v 21857 729 338
v 21858 628 319
v 21859 131 71
v 21860 559 276
v 21861 553 274
v 21862 127 69
v 21863 61 24
v 21864 516 244
v 21865 731 361
v 21866 744 355
v 21867 426 193
v 21868 345 181
v 21869 428 202
v 21870 489 220
v 21871 326 163
v 21872 706 321
v 21873 262 116
v 21874 334 153
v 21879 603 265
v 21880 333 159
v 21881 561 255
v 21883 808 399
v 21886 361 180
v 21888 1165 559
v 21889 311 149
v 21891 550 262
v 21895 792 348
v 21896 291 134
v 21897 209 90
v 21898 175 80
v 21905 336 164
v 21915 161 73
v 22103 1707 830
v 22104 1308 616
v 22105 124 61
v 22106 830 382
v 22107 674 329
v 22108 339 133
v 22109 1911 885
v 22110 217 112
v 22111 216 109
v 22112 749 392
v 22113 1501 799
v 22114 831 484
v 22115 337 192
v 22116 1315 665
v 22117 1292 650
v 22118 294 146
v 22119 176 77
v 22120 1496 672
v 22121 1770 893
v 22122 1784 862
v 22123 1117 524
v 22124 559 356
v 22125 941 466
v 22126 1170 513
v 22127 644 279
v 22128 1682 801
v 22129 551 239
v 22130 698 380
v 22135 1439 687
v 22136 824 413
v 22137 1260 620
v 22139 2023 1023
v 22142 1061 554
v 22144 1860 956
v 22145 803 399
v 22147 1205 611
v 22151 1726 862
v 22152 610 297
v 22153 462 206
v 22154 317 157
v 22161 727 392
v 22171 398 200
v 22360 568 262
v 22361 65 35
v 22362 358 166
v 22363 315 156
v 22364 151 68
v 22365 641 372
v 22366 101 52
v 22367 109 58
v 22368 321 176
v 22369 723 395
v 22370 336 200
v 22371 155 81
v 22372 617 333
v 22373 583 297
v 22374 132 68
v 22375 78 41
v 22376 725 370
v 22377 760 395
v 22378 835 420
v 22379 492 248
v 22380 361 202
v 22381 408 212
v 22382 482 238
v 22383 310 156
v 22384 801 397
v 22385 257 127
v 22386 323 177
v 22391 662 333
v 22392 454 251
v 22393 530 270
v 22395 893 489
v 22398 499 257
v 22400 781 429
v 22401 357 205
v 22403 577 266
v 22407 715 344
v 22408 240 128
v 22409 205 101
v 22410 130 65
v 22417 323 182
v 22427 213 103
v 22617 43 19
v 22618 275 152
v 22619 197 95
v 22620 118 58
v 22621 627 352
v 22622 34 25
v 22623 93 51
v 22624 274 153
v 22625 533 281
v 22626 264 168
v 22627 110 63
v 22628 428 218
v 22629 472 243
v 22630 92 49
v 22631 41 20
v 22632 529 284
v 22633 623 352
v 22634 592 296
v 22635 376 212
v 22636 269 145
v 22637 282 140
v 22638 345 180
v 22639 246 142
v 22640 500 266
v 22641 174 92
v 22642 261 145
v 22647 537 293
v 22648 365 206
v 22649 383 189
v 22651 680 379
v 22654 369 203
v 22656 562 311
v 22657 275 152
v 22659 365 205
v 22663 487 254
v 22664 186 98
v 22665 168 95
v 22666 108 60
v 22673 269 155
v 22683 142 64
v 22874 21 13
v 22875 27 10
v 22876 22 4
v 22877 75 41
v 22878 14 7
v 22879 9 5
v 22880 21 11
v 22881 63 32
v 22882 26 11
v 22883 14 6
v 22884 45 23
v 22885 51 28
v 22886 9 3
v 22887 3 2
v 22888 30 11
v 22889 61 30
v 22890 60 34
v 22891 50 24
v 22892 19 12
v 22893 44 25
v 22894 30 14
v 22895 27 12
v 22896 58 29
v 22897 26 12
v 22898 32 17
v 22903 63 34
v 22904 28 10
v 22905 45 23
v 22907 65 40
v 22910 30 12
v 22912 46 23
v 22913 22 11
v 22915 44 25
v 22919 48 22
v 22920 11 2
v 22921 15 7
v 22922 13 7
v 22929 22 6
v 22939 8 3
v 23131 204 103
v 23132 75 35
v 23133 442 211
v 23134 42 26
v 23135 42 22
v 23136 157 88
v 23137 340 166
v 23138 194 99
v 23139 87 45
v 23140 298 144
v 23141 268 143
v 23142 55 24
v 23143 43 23
v 23144 301 144
v 23145 439 214
v 23146 398 204
v 23147 237 118
v 23148 160 86
v 23149 186 101
v 23150 256 122
v 23151 138 82
v 23152 423 205
v 23153 137 69
v 23154 132 70
v 23159 325 161
v 23160 187 99
v 23161 292 143
v 23163 490 277
v 23166 240 112
v 23168 369 183
v 23169 164 80
v 23171 274 142
v 23175 402 219
v 23176 151 70
v 23177 115 55
v 23178 50 24
v 23185 178 103
v 23195 107 49
v 23388 82 34
v 23389 348 177
v 23390 45 27
v 23391 46 18
v 23392 115 52
v 23393 332 156
v 23394 209 116
v 23395 66 38
v 23396 265 138
v 23397 239 124
v 23398 53 26
v 23399 32 18
v 23400 200 104
v 23401 410 205
v 23402 376 185
v 23403 231 109
v 23404 136 77
v 23405 229 125
v 23406 195 99
v 23407 161 81
v 23408 431 224
v 23409 140 69
v 23410 123 58
v 23415 297 129
v 23416 135 76
v 23417 249 122
v 23419 402 218
v 23422 181 97
v 23424 294 160
v 23425 153 74
v 23427 253 130
v 23431 385 177
v 23432 98 45
v 23433 97 52
v 23434 53 26
v 23441 158 85
v 23451 83 50
v 23645 168 89
v 23646 29 18
v 23647 21 11
v 23648 72 43
v 23649 155 77
v 23650 82 50
v 23651 30 14
v 23652 123 73
v 23653 135 78
v 23654 30 19
v 23655 20 12
v 23656 102 55
v 23657 174 86
v 23658 169 95
v 23659 95 64
v 23660 76 47
v 23661 90 41
v 23662 99 58
v 23663 67 27
v 23664 163 85
v 23665 52 28
v 23666 53 37
v 23671 127 72
v 23672 80 43
v 23673 131 85
v 23675 176 104
v 23678 73 36
v 23680 162 80
v 23681 67 34
v 23683 115 51
v 23687 181 103
v 23688 46 24
v 23689 49 22
v 23690 21 16
v 23697 88 52
v 23707 42 27
v 23902 85 55
v 23903 115 65
v 23904 435 254
v 23905 916 485
v 23906 499 286
v 23907 220 149
v 23908 618 322
v 23909 627 336
v 23910 195 109
v 23911 85 38
v 23912 655 342
v 23913 613 299
v 23914 1111 622
v 23915 623 319
v 23916 431 240
v 23917 440 245
v 23918 575 300
v 23919 393 190
v 23920 999 516
v 23921 280 141
v 23922 407 229
v 23927 740 392
v 23928 466 247
v 23929 534 232
v 23931 976 529
v 23934 567 313
v 23936 852 434
v 23937 413 205
v 23939 549 285
v 23943 850 427
v 23944 280 126
v 23945 293 144
v 23946 191 89
v 23953 389 220
v 23963 231 112
v 24159 10 6
v 24160 35 14
v 24161 101 50
v 24162 51 29
v 24163 16 4
v 24164 75 35
v 24165 83 44
v 24166 21 11
v 24167 5 3
v 24168 119 56
v 24169 114 57
v 24170 83 48
v 24171 50 25
v 24172 32 17
v 24173 36 14
v 24174 65 33
v 24175 41 21
v 24176 88 35
v 24177 34 10
v 24178 32 19
v 24183 88 35
v 24184 36 12
v 24185 67 25
v 24187 105 46
v 24190 50 22
v 24192 106 53
v 24193 38 19
v 24195 54 24
v 24199 87 41
v 24200 31 18
v 24201 30 11
v 24202 17 9
v 24209 41 26
v 24219 14 7
v 24416 47 24
v 24417 93 46
v 24418 50 28
v 24419 17 10
v 24420 91 49
v 24421 64 33
v 24422 25 12
v 24423 10 1
v 24424 96 53
v 24425 92 40
v 24426 117 63
v 24427 86 45
v 24428 48 23
v 24429 56 33
v 24430 77 32
v 24431 22 10
v 24432 57 25
v 24433 31 15
v 24434 49 23
v 24439 80 43
v 24440 52 21
v 24441 76 39
v 24443 109 52
v 24446 73 38
v 24448 113 56
v 24449 37 19
v 24451 70 32
v 24455 122 57
v 24456 58 32
v 24457 28 18
v 24458 23 11
v 24465 40 24
v 24475 24 14
v 24673 340 157
v 24674 210 111
v 24675 67 24
v 24676 297 155
v 24677 269 137
v 24678 59 25
v 24679 35 20
v 24680 283 129
v 24681 345 190
v 24682 374 169
v 24683 207 95
v 24684 190 100
v 24685 194 87
v 24686 230 104
v 24687 131 49
v 24688 298 133
v 24689 107 55
v 24690 137 67
v 24695 306 140
v 24696 151 68
v 24697 253 122
v 24699 391 206
v 24702 209 109
v 24704 352 173
v 24705 186 94
v 24707 223 115
v 24711 402 190
v 24712 110 48
v 24713 106 55
v 24714 72 40
v 24721 159 79
v 24731 98 44
v 24930 447 247
v 24931 159 86
v 24932 629 326
v 24933 530 267
v 24934 149 75
v 24935 84 42
v 24936 656 330
v 24937 778 403
v 24938 816 397
v 24939 474 253
v 24940 372 205
v 24941 425 219
v 24942 462 217
v 24943 351 165
v 24944 710 337
v 24945 272 132
v 24946 298 151
v 24951 591 283
v 24952 396 207
v 24953 615 278
v 24955 890 453
v 24958 445 222
v 24960 883 482
v 24961 412 208
v 24963 577 280
v 24967 879 388
v 24968 266 137
v 24969 213 104
v 24970 148 76
v 24977 334 186
v 24987 176 85
v 25187 108 55
v 25188 414 213
v 25189 259 104
v 25190 96 39
v 25191 47 24
v 25192 323 158
v 25193 396 185
v 25194 486 209
v 25195 349 151
v 25196 198 91
v 25197 236 125
v 25198 271 118
v 25199 171 68
v 25200 576 264
v 25201 146 58
v 25202 194 100
v 25207 328 144
v 25208 211 114
v 25209 213 95
v 25211 593 318
v 25214 264 136
v 25216 477 213
v 25217 226 118
v 25219 357 150
v 25223 489 237
v 25224 174 75
v 25225 154 60
v 25226 110 51
v 25233 171 90
v 25243 154 74
v 25444 120 58
v 25445 107 48
v 25446 27 17
v 25447 14 6
v 25448 128 51
v 25449 169 75
v 25450 155 68
v 25451 93 45
v 25452 73 30
v 25453 78 35
v 25454 101 38
v 25455 79 31
v 25456 111 46
v 25457 51 18
v 25458 65 31
v 25463 109 55
v 25464 69 41
v 25465 103 40
v 25467 99 44
v 25470 97 44
v 25472 142 69
v 25473 61 22
v 25475 116 62
v 25479 149 65
v 25480 67 30
v 25481 53 17
v 25482 33 15
v 25489 50 25
v 25499 32 11
v 25701 451 238
v 25702 81 44
v 25703 69 29
v 25704 316 160
v 25705 622 288
v 25706 641 328
v 25707 398 194
v 25708 307 151
v 25709 380 197
v 25710 408 190
v 25711 263 136
v 25712 658 306
v 25713 223 111
v 25714 263 118
v 25719 499 245
v 25720 319 160
v 25721 490 232
v 25723 709 356
v 25726 360 170
v 25728 677 319
v 25729 318 158
v 25731 468 226
v 25735 699 327
v 25736 183 88
v 25737 169 69
v 25738 128 61
v 25745 279 151
v 25755 195 86
v 25958 101 46
v 25959 53 27
v 25960 464 226
v 25961 534 245
v 25962 533 287
v 25963 393 197
v 25964 255 133
v 25965 276 147
v 25966 356 181
v 25967 221 108
v 25968 527 231
v 25969 205 99
v 25970 249 141
v 25975 508 239
v 25976 330 166
v 25977 422 222
v 25979 710 363
v 25982 324 164
v 25984 590 298
v 25985 263 132
v 25987 384 184
v 25991 650 310
v 25992 211 103
v 25993 200 90
v 25994 96 51
v 26001 230 127
v 26011 143 78
v 26215 11 4
v 26216 102 63
v 26217 113 54
v 26218 98 59
v 26219 77 40
v 26220 62 38
v 26221 64 35
v 26222 92 53
v 26223 48 27
v 26224 134 62
v 26225 50 20
v 26226 54 30
v 26231 110 54
v 26232 68 31
v 26233 110 46
v 26235 127 63
v 26238 54 25
v 26240 117 60
v 26241 52 28
v 26243 78 35
v 26247 152 70
v 26248 32 15
v 26249 43 19
v 26250 19 5
v 26257 39 24
v 26267 31 11
v 26472 52 33
v 26473 74 41
v 26474 79 39
v 26475 52 23
v 26476 28 17
v 26477 39 23
v 26478 61 27
v 26479 40 19
v 26480 86 39
v 26481 34 18
v 26482 24 13
v 26487 78 39
v 26488 46 22
v 26489 58 25
v 26491 84 42
v 26494 36 21
v 26496 81 37
v 26497 33 19
v 26499 56 33
v 26503 89 49
v 26504 30 16
v 26505 25 14
v 26506 21 11
v 26513 29 18
v 26523 30 19
v 26729 502 229
v 26730 529 301
v 26731 395 195
v 26732 309 168
v 26733 262 143
v 26734 510 256
v 26735 162 62
v 26736 280 117
v 26737 197 92
v 26738 304 160
v 26743 542 256
v 26744 304 156
v 26745 431 207
v 26747 681 364
v 26750 352 186
v 26752 613 325
v 26753 290 162
v 26755 253 125
v 26759 721 336
v 26760 216 101
v 26761 189 80
v 26762 98 51
v 26769 258 156
v 26779 156 75
v 26986 746 388
v 26987 504 241
v 26988 311 165
v 26989 408 224
v 26990 490 235
v 26991 373 164
v 26992 866 412
v 26993 272 119
v 26994 237 130
v 26999 647 324
v 27000 438 219
v 27001 621 282
v 27003 933 501
v 27006 415 216
v 27008 799 405
v 27009 331 165
v 27011 573 272
v 27015 900 440
v 27016 235 119
v 27017 277 123
v 27018 146 83
v 27025 355 190
v 27035 222 108
v 27243 622 329
v 27244 326 176
v 27245 449 232
v 27246 432 190
v 27247 239 89
v 27248 895 424
v 27249 229 111
v 27250 423 201
v 27255 681 312
v 27256 443 239
v 27257 522 245
v 27259 1058 551
v 27262 533 292
v 27264 848 446
v 27265 357 188
v 27267 539 281
v 27271 890 448
v 27272 276 131
v 27273 265 137
v 27274 177 88
v 27281 338 177
v 27291 190 80
v 27500 247 127
v 27501 248 139
v 27502 323 156
v 27503 197 89
v 27504 513 246
v 27505 179 92
v 27506 210 109
v 27511 460 236
v 27512 273 164
v 27513 342 184
v 27515 632 340
v 27518 292 137
v 27520 536 258
v 27521 248 137
v 27523 341 171
v 27527 522 242
v 27528 159 70
v 27529 168 77
v 27530 109 56
v 27537 246 130
v 27547 154 86
v 27757 171 78
v 27758 248 108
v 27759 122 50
v 27760 322 130
v 27761 133 63
v 27762 170 90
v 27767 319 150
v 27768 218 108
v 27769 247 103
v 27771 426 197
v 27774 186 72
v 27776 382 185
v 27777 170 80
v 27779 234 100
v 27783 388 189
v 27784 126 61
v 27785 88 43
v 27786 71 40
v 27793 134 74
v 27803 95 38
v 28014 215 84
v 28015 228 106
v 28016 285 107
v 28017 153 62
v 28018 164 88
v 28023 366 188
v 28024 225 132
v 28025 299 143
v 28027 531 252
v 28030 237 115
v 28032 430 204
v 28033 179 96
v 28035 338 145
v 28039 509 233
v 28040 201 103
v 28041 102 40
v 28042 111 56
v 28049 215 121
v 28059 126 58
v 28271 213 105
v 28272 550 304
v 28273 207 93
v 28274 153 103
v 28279 417 208
v 28280 245 130
v 28281 346 172
v 28283 572 326
v 28286 266 145
v 28288 957 514
v 28289 220 121
v 28291 366 191
v 28295 523 260
v 28296 244 118
v 28297 164 86
v 28298 123 58
v 28305 234 134
v 28315 112 62
v 28528 374 199
v 28529 111 50
v 28530 126 68
v 28535 250 128
v 28536 208 113
v 28537 263 115
v 28539 392 229
v 28542 200 115
v 28544 296 159
v 28545 168 72
v 28547 223 130
v 28551 338 163
v 28552 138 71
v 28553 116 55
v 28554 45 24
v 28561 165 87
v 28571 78 43
v 28785 276 143
v 28786 257 146
v 28791 652 327
v 28792 274 173
v 28793 650 299
v 28795 956 522
v 28798 431 244
v 28800 778 426
v 28801 299 175
v 28803 649 355
v 28807 774 433
v 28808 256 144
v 28809 282 142
v 28810 276 153
v 28817 358 202
v 28827 219 114
v 29042 104 59
v 29047 207 111
v 29048 132 74
v 29049 261 143
v 29051 310 192
v 29054 132 68
v 29056 281 153
v 29057 126 71
v 29059 197 100
v 29063 289 150
v 29064 95 42
v 29065 76 40
v 29066 56 26
v 29073 144 76
v 29083 74 33
v 29303 248 110
v 29304 177 100
v 29305 224 99
v 29307 354 181
v 29310 186 94
v 29312 385 179
v 29313 155 69
v 29315 242 109
v 29319 329 173
v 29320 113 54
v 29321 95 45
v 29322 78 33
v 29329 137 69
v 29339 93 44
v 30584 395 225
v 30585 478 236
v 30587 884 497
v 30590 381 207
v 30592 703 389
v 30593 282 149
v 30595 440 216
v 30599 648 343
v 30600 211 114
v 30601 183 91
v 30602 151 82
v 30609 306 173
v 30619 168 78
v 30841 202 88
v 30843 456 239
v 30846 240 111
v 30848 440 209
v 30849 215 92
v 30851 274 125
v 30855 424 204
v 30856 127 51
v 30857 118 43
v 30858 74 39
v 30865 163 81
v 30875 120 60
v 31099 698 372
v 31102 311 164
v 31104 590 296
v 31105 263 145
v 31107 478 251
v 31111 609 286
v 31112 196 92
v 31113 148 72
v 31114 123 59
v 31121 251 126
v 31131 140 73
v 31614 541 238
v 31616 906 463
v 31617 466 231
v 31619 665 300
v 31623 1039 476
v 31624 311 144
v 31625 328 156
v 31626 185 80
v 31633 480 235
v 31643 227 113
v 32384 475 259
v 32385 249 141
v 32387 334 163
v 32391 501 232
v 32392 139 72
v 32393 144 69
v 32394 104 58
v 32401 195 104
v 32411 107 53
v 32897 423 218
v 32899 582 289
v 32903 906 417
v 32904 305 142
v 32905 249 114
v 32906 160 76
v 32913 345 180
v 32923 193 98
v 33155 236 96
v 33159 390 186
v 33160 137 65
v 33161 105 49
v 33162 72 33
v 33169 148 81
v 33179 91 36
v 33671 577 295
v 33672 203 90
v 33673 169 71
v 33674 117 54
v 33681 273 156
v 33691 144 77
v 34696 315 179
v 34697 246 127
v 34698 135 68
v 34705 394 217
v 34715 231 123
v 34953 84 38
v 34954 59 30
v 34961 108 51
v 34971 87 44
v 35210 39 19
v 35217 112 69
v 35227 50 24
v 35473 60 32
v 35483 39 18
v 37275 91 49
s 258 731 371
s 259 258 133
s 260 21 9
s 261 519 272
s 262 11 5
s 263 661 319
s 264 41 20
s 265 806 418
s 266 10 7
s 267 225 106
s 268 31 14
s 269 190 89
s 270 1362 676
s 271 201 88
s 272 131 57
s 273 313 136
s 274 35 13
s 275 153 66
s 276 251 117
s 277 705 334
s 278 458 235
s 279 218 110
s 281 735 359
s 282 887 429
s 283 385 194
s 284 206 103
s 285 232 112
s 286 527 283
s 287 601 330
s 288 112 57
s 289 290 154
s 290 227 119
s 291 334 143
s 292 479 230
s 293 196 94
s 294 119 51
s 295 395 178
s 296 161 78
s 297 27 11
s 298 191 101
s 299 160 90
s 300 28 16
s 301 183 93
s 302 39 20
s 303 227 98
s 304 36 13
s 305 938 504
s 306 228 127
s 307 166 78
s 308 130 75
s 309 226 103
s 310 44 24
s 311 467 235
s 312 56 30
s 313 131 82
s 314 171 81
s 315 209 102
s 316 595 313
s 317 69 36
s 318 655 364
s 319 132 57
s 320 226 99
s 321 57 28
s 322 28 7
s 323 21 11
s 324 206 105
s 325 430 217
s 326 39 14
s 327 886 467
s 328 119 67
s 329 35 15
s 330 990 545
s 331 306 155
s 332 762 426
s 333 108 52
s 334 247 148
s 335 129 61
s 336 50 27
s 337 76 36
s 338 62 34
s 339 86 40
s 340 441 205
s 341 558 281
s 342 1240 626
s 343 606 317
s 344 388 214
s 345 11 7
s 346 305 174
s 347 195 109
s 348 129 82
s 349 154 78
s 350 11 4
s 351 11 6
s 352 231 108
s 353 573 279
s 354 277 127
s 355 102 40
s 356 416 212
s 357 408 196
s 358 111 60
s 359 49 26
s 360 454 249
s 361 669 335
s 362 576 297
s 363 368 194
s 364 250 109
s 365 26 11
s 366 374 188
s 367 250 132
s 368 647 377
s 369 189 105
s 370 95 43
s 375 524 273
s 376 325 143
s 377 492 260
s 379 724 349
s 382 337 165
s 384 635 297
s 385 257 124
s 387 475 227
s 391 663 354
s 392 195 107
s 393 195 109
s 394 36 22
s 401 98 47
s 411 166 92
s 515 338 143
s 516 94 53
s 517 842 418
s 518 308 134
s 519 727 339
s 520 1253 624
s 521 1411 699
s 522 377 175
s 523 638 257
s 524 1072 554
s 525 362 169
s 526 1515 709
s 527 156 76
s 528 58 22
s 529 491 246
s 530 965 512
s 531 344 145
s 532 437 206
s 533 1301 629
s 534 834 427
s 535 130 61
s 537 1171 524
s 538 1408 674
s 539 623 302
s 540 70 38
s 541 29 13
s 542 893 424
s 543 867 443
s 544 245 129
s 545 97 52
s 546 356 182
s 547 591 260
s 548 641 297
s 549 292 133
s 550 33 18
s 551 637 283
s 552 290 131
s 553 418 201
s 554 243 123
s 555 174 94
s 556 469 234
s 557 278 140
s 558 361 166
s 559 253 114
s 560 1114 529
s 561 605 287
s 562 399 219
s 563 301 149
s 564 202 118
s 565 626 284
s 566 1196 639
s 567 68 35
s 568 304 152
s 569 124 69
s 570 255 124
s 571 218 108
s 572 83 38
s 573 72 33
s 574 845 474
s 575 259 115
s 576 374 158
s 577 49 19
s 578 39 21
s 579 550 261
s 580 289 146
s 581 85 39
s 582 419 194
s 583 1004 516
s 584 212 102
s 585 94 47
s 586 1638 843
s 587 520 256
s 588 1188 632
s 589 35 22
s 590 45 24
s 591 184 87
s 592 266 141
s 593 94 39
s 594 117 57
s 595 112 50
s 596 516 265
s 597 629 288
s 598 1884 942
s 599 902 449
s 600 543 301
s 601 65 31
s 602 389 197
s 603 328 159
s 604 110 60
s 605 955 509
s 606 126 55
s 607 133 62
s 608 24 17
s 609 371 189
s 610 104 44
s 611 20 8
s 612 576 267
s 613 845 406
s 614 139 80
s 615 66 27
s 616 66 27
s 617 826 415
s 618 830 411
s 619 499 257
s 620 24 10
s 621 503 247
s 622 520 279
s 623 354 181
s 624 803 401
s 625 283 143
s 626 339 142
s 631 739 369
s 632 306 129
s 633 623 320
s 635 1153 536
s 638 491 253
s 640 883 426
s 641 40 15
s 643 673 327
s 647 125 64
s 648 230 128
s 649 86 51
s 650 185 88
s 657 351 151
s 667 115 67
s 772 34 19
s 773 92 43
s 774 79 36
s 775 318 171
s 776 368 186
s 777 382 189
s 778 115 52
s 779 205 80
s 780 345 184
s 781 107 67
s 782 490 236
s 783 112 47
s 784 59 29
s 785 157 75
s 786 384 210
s 787 136 60
s 788 113 58
s 789 350 166
s 790 166 84
s 791 96 49
s 793 324 157
s 794 209 100
s 795 75 38
s 796 105 56
s 797 126 66
s 798 92 46
s 799 111 62
s 800 62 37
s 801 131 74
s 802 116 63
s 803 161 77
s 804 293 146
s 805 27 15
s 806 61 27
s 807 159 74
s 808 43 19
s 809 111 61
s 810 141 65
s 811 67 35
s 812 129 59
s 813 44 30
s 814 88 36
s 815 103 51
s 816 394 192
s 817 435 222
s 818 36 20
s 819 48 22
s 820 47 24
s 821 168 73
s 822 440 212
s 823 214 107
s 824 74 42
s 825 37 21
s 826 51 24
s 827 97 45
s 828 296 158
s 829 37 20
s 830 213 131
s 831 60 27
s 832 44 24
s 833 26 11
s 834 8 5
s 835 148 88
s 836 41 17
s 837 219 123
s 838 157 81
s 839 282 156
s 840 57 26
s 841 34 18
s 842 437 230
s 843 72 31
s 844 352 177
s 845 56 28
s 846 116 61
s 847 29 14
s 848 98 48
s 849 52 25
s 850 50 25
s 851 16 7
s 852 118 56
s 853 155 71
s 854 456 222
s 855 94 48
s 856 134 71
s 857 20 14
s 858 116 58
s 859 79 38
s 860 52 31
s 861 293 152
s 862 26 11
s 863 42 22
s 864 132 65
s 865 252 124
s 866 215 104
s 867 64 27
s 868 131 57
s 869 157 74
s 870 32 22
s 871 21 8
s 872 177 85
s 873 176 83
s 874 277 129
s 875 162 86
s 876 138 61
s 877 177 77
s 878 131 74
s 879 43 23
s 880 109 52
s 881 115 58
s 882 89 34
s 887 143 86
s 888 138 66
s 889 118 68
s 891 183 91
s 894 155 88
s 896 212 103
s 897 133 62
s 899 93 44
s 903 305 169
s 904 63 27
s 905 94 57
s 906 53 26
s 913 123 68
s 923 49 26
s 1029 83 46
s 1030 6 2
s 1031 96 51
s 1032 36 17
s 1033 94 44
s 1034 8 5
s 1035 35 12
s 1036 37 20
s 1037 26 12
s 1038 173 82
s 1039 31 19
s 1040 20 8
s 1041 42 21
s 1042 31 16
s 1043 27 15
s 1044 23 11
s 1045 105 41
s 1046 83 38
s 1047 23 10
s 1049 92 50
s 1050 159 76
s 1051 76 45
s 1052 25 9
s 1053 33 18
s 1054 67 40
s 1055 99 53
s 1056 17 13
s 1057 36 15
s 1058 31 14
s 1059 45 18
s 1060 92 43
s 1061 25 7
s 1062 14 5
s 1063 45 22
s 1064 21 11
s 1065 9 2
s 1066 31 16
s 1067 25 10
s 1068 14 9
s 1069 30 20
s 1070 8 5
s 1071 22 14
s 1072 32 14
s 1073 84 47
s 1074 23 15
s 1075 30 17
s 1076 12 7
s 1077 43 17
s 1078 32 14
s 1079 67 32
s 1080 11 6
s 1081 17 12
s 1082 19 11
s 1083 24 12
s 1084 61 32
s 1085 4 3
s 1086 94 50
s 1087 26 13
s 1088 32 13
s 1089 7 4
s 1090 3 3
s 1091 13 6
s 1092 26 10
s 1093 44 18
s 1094 18 13
s 1095 88 49
s 1096 15 4
s 1097 8 2
s 1098 135 85
s 1099 56 26
s 1100 96 51
s 1101 14 8
s 1102 27 16
s 1103 23 7
s 1104 8 3
s 1105 11 5
s 1106 9 6
s 1107 7 1
s 1108 72 37
s 1109 60 26
s 1110 201 108
s 1111 65 35
s 1112 51 28
s 1113 6 3
s 1114 27 13
s 1115 29 10
s 1116 13 7
s 1117 47 22
s 1118 4 3
s 1119 2 1
s 1120 33 17
s 1121 91 32
s 1122 35 20
s 1123 16 6
s 1124 67 35
s 1125 50 26
s 1126 10 6
s 1127 4 2
s 1128 70 36
s 1129 79 38
s 1130 57 28
s 1131 40 26
s 1132 34 25
s 1133 12 5
s 1134 44 24
s 1135 41 26
s 1136 64 37
s 1137 32 16
s 1138 27 12
s 1143 60 30
s 1144 29 13
s 1145 75 32
s 1147 97 51
s 1150 37 17
s 1152 86 47
s 1153 41 25
s 1155 59 33
s 1159 80 51
s 1160 33 14
s 1161 22 9
s 1162 9 4
s 1169 17 5
s 1179 29 17
s 1286 236 108
s 1287 766 392
s 1288 1260 681
s 1289 707 353
s 1290 286 134
s 1291 491 199
s 1292 755 385
s 1293 272 148
s 1294 1294 645
s 1295 322 153
s 1296 120 48
s 1297 430 210
s 1298 868 458
s 1299 290 133
s 1300 274 132
s 1301 1040 503
s 1302 425 200
s 1303 193 105
s 1305 803 389
s 1306 529 271
s 1307 180 88
s 1308 285 118
s 1309 318 151
s 1310 186 84
s 1311 184 92
s 1312 211 113
s 1313 232 138
s 1314 276 132
s 1315 418 201
s 1316 816 392
s 1317 67 38
s 1318 147 72
s 1319 513 273
s 1320 104 41
s 1321 334 165
s 1322 446 220
s 1323 225 114
s 1324 312 165
s 1325 130 60
s 1326 244 116
s 1327 281 145
s 1328 739 354
s 1329 1041 527
s 1330 62 34
s 1331 149 79
s 1332 155 88
s 1333 475 216
s 1334 966 490
s 1335 637 345
s 1336 224 126
s 1337 88 44
s 1338 105 50
s 1339 229 108
s 1340 652 343
s 1341 69 35
s 1342 621 364
s 1343 178 98
s 1344 86 41
s 1345 57 25
s 1346 8 4
s 1347 462 234
s 1348 91 46
s 1349 585 291
s 1350 398 196
s 1351 827 442
s 1352 123 55
s 1353 76 42
s 1354 999 519
s 1355 211 98
s 1356 1010 539
s 1357 115 58
s 1358 269 147
s 1359 54 28
s 1360 219 109
s 1361 147 75
s 1362 98 54
s 1363 25 13
s 1364 288 138
s 1365 391 203
s 1366 1021 500
s 1367 195 105
s 1368 440 252
s 1369 51 23
s 1370 248 120
s 1371 152 82
s 1372 110 64
s 1373 886 458
s 1374 77 44
s 1375 83 40
s 1376 348 153
s 1377 600 290
s 1378 411 181
s 1379 119 57
s 1380 354 191
s 1381 382 208
s 1382 75 36
s 1383 45 25
s 1384 572 305
s 1385 384 171
s 1386 759 367
s 1387 376 197
s 1388 321 163
s 1389 341 164
s 1390 325 170
s 1391 74 31
s 1392 170 87
s 1393 191 93
s 1394 346 163
s 1399 338 178
s 1400 380 177
s 1401 222 116
s 1403 466 212
s 1406 463 236
s 1408 573 292
s 1409 311 148
s 1411 207 108
s 1415 786 418
s 1416 179 101
s 1417 215 116
s 1418 121 59
s 1425 282 132
s 1435 146 69
s 1543 326 141
s 1544 4 4
s 1545 343 149
s 1546 4 1
s 1547 86 33
s 1548 7 4
s 1549 85 30
s 1550 759 339
s 1551 101 48
s 1552 71 33
s 1553 135 59
s 1554 17 6
s 1555 95 40
s 1556 165 77
s 1557 309 121
s 1558 195 78
s 1559 100 51
s 1561 293 124
s 1562 397 158
s 1563 170 76
s 1564 122 57
s 1565 132 51
s 1566 200 95
s 1567 203 86
s 1568 59 26
s 1569 115 70
s 1570 91 44
s 1571 139 62
s 1572 253 113
s 1573 94 37
s 1574 69 27
s 1575 172 72
s 1576 77 22
s 1577 13 8
s 1578 115 55
s 1579 83 29
s 1580 3 1
s 1581 70 33
s 1582 12 8
s 1583 102 46
s 1584 9 3
s 1585 374 150
s 1586 98 54
s 1587 124 47
s 1588 50 27
s 1589 93 44
s 1590 12 6
s 1591 204 97
s 1592 14 6
s 1593 52 23
s 1594 61 25
s 1595 77 46
s 1596 250 116
s 1597 19 9
s 1598 288 147
s 1599 58 28
s 1600 76 38
s 1601 26 10
s 1602 17 9
s 1603 2 1
s 1604 75 33
s 1605 213 99
s 1606 12 6
s 1607 415 190
s 1608 49 17
s 1609 29 12
s 1610 416 183
s 1611 155 69
s 1612 393 190
s 1613 33 10
s 1614 114 38
s 1615 51 24
s 1616 26 13
s 1617 36 12
s 1618 16 9
s 1619 75 31
s 1620 251 104
s 1621 372 164
s 1622 544 232
s 1623 221 109
s 1624 193 82
s 1625 4 4
s 1626 117 61
s 1627 84 49
s 1628 47 22
s 1629 81 34
s 1630 1 0
s 1631 6 1
s 1632 150 68
s 1633 252 122
s 1634 133 52
s 1635 64 26
s 1636 312 135
s 1637 192 82
s 1638 64 38
s 1639 37 16
s 1640 221 98
s 1641 220 95
s 1642 279 124
s 1643 162 72
s 1644 129 47
s 1645 2 1
s 1646 170 77
s 1647 82 38
s 1648 175 86
s 1649 78 39
s 1650 53 24
s 1655 196 86
s 1656 137 58
s 1657 147 65
s 1659 266 98
s 1662 144 58
s 1664 290 129
s 1665 132 57
s 1667 161 77
s 1671 314 138
s 1672 106 46
s 1673 69 27
s 1674 20 9
s 1681 35 19
s 1691 73 38
s 1800 1194 648
s 1801 1044 541
s 1802 363 195
s 1803 528 201
s 1804 1231 670
s 1805 247 126
s 1806 1483 762
s 1807 395 215
s 1808 127 63
s 1809 342 183
s 1810 952 502
s 1811 352 160
s 1812 515 263
s 1813 1324 673
s 1814 643 320
s 1815 206 107
s 1817 812 413
s 1818 1176 555
s 1819 554 312
s 1820 255 120
s 1821 255 115
s 1822 748 372
s 1823 751 385
s 1824 185 106
s 1825 400 237
s 1826 240 124
s 1827 474 235
s 1828 890 459
s 1829 283 128
s 1830 127 60
s 1831 418 196
s 1832 226 99
s 1833 394 195
s 1834 465 246
s 1835 286 154
s 1836 413 200
s 1837 238 114
s 1838 380 190
s 1839 337 181
s 1840 1099 574
s 1841 896 479
s 1842 341 188
s 1843 219 99
s 1844 139 74
s 1845 586 259
s 1846 1141 584
s 1847 639 328
s 1848 275 151
s 1849 133 74
s 1850 240 129
s 1851 240 122
s 1852 538 285
s 1853 104 55
s 1854 636 379
s 1855 256 138
s 1856 302 155
s 1857 77 35
s 1858 44 22
s 1859 555 307
s 1860 284 153
s 1861 480 251
s 1862 469 234
s 1863 798 454
s 1864 172 75
s 1865 94 44
s 1866 1039 553
s 1867 470 229
s 1868 752 409
s 1869 96 52
s 1870 247 123
s 1871 187 86
s 1872 258 135
s 1873 164 85
s 1874 103 53
s 1875 102 47
s 1876 458 243
s 1877 717 346
s 1878 1584 818
s 1879 790 401
s 1880 429 248
s 1881 71 39
s 1882 272 147
s 1883 298 164
s 1884 144 81
s 1885 916 504
s 1886 111 65
s 1887 113 49
s 1888 242 127
s 1889 690 372
s 1890 360 166
s 1891 133 73
s 1892 506 270
s 1893 546 285
s 1894 146 78
s 1895 66 36
s 1896 502 278
s 1897 753 380
s 1898 554 293
s 1899 345 169
s 1900 287 120
s 1901 513 264
s 1902 525 283
s 1903 353 186
s 1904 800 422
s 1905 240 138
s 1906 291 130
s 1911 543 278
s 1912 300 154
s 1913 506 264
s 1915 856 405
s 1918 365 193
s 1920 791 402
s 1921 310 152
s 1923 569 302
s 1927 711 370
s 1928 261 147
s 1929 175 91
s 1930 176 96
s 1937 342 163
s 1947 166 74
s 2057 1473 781
s 2058 14 6
s 2059 346 142
s 2060 14 5
s 2061 416 224
s 2062 2336 1242
s 2063 410 208
s 2064 187 103
s 2065 569 272
s 2066 29 12
s 2067 223 116
s 2068 408 213
s 2069 1270 635
s 2070 916 485
s 2071 303 163
s 2073 1220 608
s 2074 1805 936
s 2075 773 410
s 2076 405 203
s 2077 418 238
s 2078 970 502
s 2079 1225 664
s 2080 191 104
s 2081 518 303
s 2082 396 213
s 2083 650 309
s 2084 1013 522
s 2085 305 150
s 2086 190 92
s 2087 738 364
s 2088 302 161
s 2089 23 11
s 2090 394 227
s 2091 305 170
s 2092 12 6
s 2093 292 163
s 2094 39 16
s 2095 452 235
s 2096 24 11
s 2097 1364 717
s 2098 330 178
s 2099 287 151
s 2100 217 115
s 2101 388 181
s 2102 30 14
s 2103 902 501
s 2104 68 38
s 2105 172 99
s 2106 278 136
s 2107 337 162
s 2108 879 486
s 2109 77 39
s 2110 1072 623
s 2111 193 107
s 2112 437 218
s 2113 102 45
s 2114 42 19
s 2115 19 11
s 2116 349 181
s 2117 819 425
s 2118 46 17
s 2119 1401 776
s 2120 178 103
s 2121 95 39
s 2122 1553 859
s 2123 611 309
s 2124 1404 812
s 2125 152 92
s 2126 412 242
s 2127 194 79
s 2128 57 22
s 2129 128 61
s 2130 111 63
s 2131 129 63
s 2132 731 379
s 2133 828 386
s 2134 2335 1222
s 2135 1113 598
s 2136 776 431
s 2137 12 8
s 2138 436 217
s 2139 243 122
s 2140 178 98
s 2141 259 122
s 2142 10 2
s 2143 6 3
s 2144 414 196
s 2145 1205 652
s 2146 570 275
s 2147 183 91
s 2148 658 352
s 2149 819 421
s 2150 139 72
s 2151 91 56
s 2152 877 459
s 2153 925 480
s 2154 1079 572
s 2155 597 323
s 2156 490 237
s 2157 14 6
s 2158 633 351
s 2159 400 220
s 2160 929 500
s 2161 297 161
s 2162 207 97
s 2167 888 499
s 2168 524 250
s 2169 874 441
s 2171 1219 600
s 2174 630 330
s 2176 1113 586
s 2177 448 219
s 2179 650 348
s 2183 1027 533
s 2184 315 171
s 2185 314 162
s 2186 58 27
s 2193 135 72
s 2203 204 93
s 2314 408 199
s 2315 632 236
s 2316 1155 602
s 2317 435 220
s 2318 1663 828
s 2319 403 181
s 2320 219 89
s 2321 573 277
s 2322 1455 756
s 2323 543 254
s 2324 505 221
s 2325 1316 623
s 2326 562 272
s 2327 378 199
s 2329 1267 631
s 2330 1130 529
s 2331 525 265
s 2332 466 213
s 2333 514 268
s 2334 610 310
s 2335 622 339
s 2336 276 134
s 2337 461 267
s 2338 371 186
s 2339 587 265
s 2340 1196 577
s 2341 181 81
s 2342 210 103
s 2343 699 320
s 2344 151 65
s 2345 481 255
s 2346 691 360
s 2347 326 158
s 2348 462 216
s 2349 157 75
s 2350 353 148
s 2351 423 200
s 2352 1326 675
s 2353 1989 1068
s 2354 249 125
s 2355 252 120
s 2356 271 124
s 2357 715 317
s 2358 1620 795
s 2359 771 373
s 2360 365 184
s 2361 147 72
s 2362 199 106
s 2363 353 158
s 2364 1084 561
s 2365 109 54
s 2366 579 305
s 2367 204 88
s 2368 241 115
s 2369 72 27
s 2370 37 17
s 2371 730 366
s 2372 204 109
s 2373 853 437
s 2374 492 255
s 2375 920 491
s 2376 180 79
s 2377 122 49
s 2378 1485 785
s 2379 332 145
s 2380 1669 907
s 2381 187 100
s 2382 449 225
s 2383 174 79
s 2384 336 180
s 2385 225 124
s 2386 150 92
s 2387 102 44
s 2388 548 272
s 2389 745 357
s 2390 1285 653
s 2391 691 372
s 2392 518 269
s 2393 72 32
s 2394 395 192
s 2395 294 149
s 2396 201 102
s 2397 1295 654
s 2398 136 58
s 2399 143 77
s 2400 578 274
s 2401 848 425
s 2402 670 302
s 2403 198 92
s 2404 504 244
s 2405 477 257
s 2406 143 73
s 2407 82 43
s 2408 824 410
s 2409 511 266
s 2410 1295 645
s 2411 568 283
s 2412 525 235
s 2413 596 271
s 2414 457 244
s 2415 219 110
s 2416 679 358
s 2417 337 186
s 2418 420 200
s 2423 545 282
s 2424 526 238
s 2425 364 174
s 2427 790 345
s 2430 632 306
s 2432 702 346
s 2433 482 221
s 2435 418 194
s 2439 1120 581
s 2440 294 158
s 2441 350 189
s 2442 172 89
s 2449 502 232
s 2459 242 109
s 2571 106 38
s 2572 7 3
s 2573 123 61
s 2574 714 356
s 2575 103 44
s 2576 56 25
s 2577 163 85
s 2578 15 8
s 2579 79 33
s 2580 141 66
s 2581 370 183
s 2582 261 103
s 2583 86 33
s 2585 335 149
s 2586 509 236
s 2587 215 99
s 2588 132 57
s 2589 143 66
s 2590 243 117
s 2591 277 137
s 2592 58 26
s 2593 149 88
s 2594 117 52
s 2595 148 59
s 2596 266 116
s 2597 106 47
s 2598 65 31
s 2599 186 84
s 2600 83 36
s 2601 8 4
s 2602 109 48
s 2603 88 44
s 2604 7 3
s 2605 69 33
s 2606 15 6
s 2607 122 64
s 2608 13 8
s 2609 456 222
s 2610 102 52
s 2611 142 68
s 2612 63 34
s 2613 116 55
s 2614 13 7
s 2615 282 138
s 2616 23 9
s 2617 52 26
s 2618 83 40
s 2619 111 51
s 2620 274 155
s 2621 36 15
s 2622 335 187
s 2623 72 27
s 2624 108 51
s 2625 22 6
s 2626 12 6
s 2627 8 1
s 2628 101 55
s 2629 202 91
s 2630 12 4
s 2631 402 211
s 2632 41 20
s 2633 29 17
s 2634 504 262
s 2635 156 78
s 2636 387 193
s 2637 50 28
s 2638 140 67
s 2639 57 27
s 2640 27 14
s 2641 40 25
s 2642 40 15
s 2643 40 15
s 2644 215 90
s 2645 330 154
s 2646 632 295
s 2647 290 145
s 2648 225 118
s 2649 5 2
s 2650 176 70
s 2651 88 37
s 2652 62 33
s 2653 76 41
s 2654 2 0
s 2655 7 4
s 2656 120 56
s 2657 268 134
s 2658 188 76
s 2659 50 19
s 2660 277 136
s 2661 259 122
s 2662 58 24
s 2663 32 16
s 2664 222 104
s 2665 341 165
s 2666 334 156
s 2667 197 93
s 2668 128 59
s 2669 5 2
s 2670 203 99
s 2671 117 62
s 2672 287 153
s 2673 101 56
s 2674 62 32
s 2679 270 133
s 2680 154 69
s 2681 225 104
s 2683 351 164
s 2686 177 83
s 2688 275 128
s 2689 153 72
s 2691 212 115
s 2695 322 153
s 2696 131 66
s 2697 84 47
s 2698 18 13
s 2705 42 17
s 2715 91 45
s 2828 285 139
s 2829 119 45
s 2830 1204 480
s 2831 170 67
s 2832 95 33
s 2833 156 53
s 2834 283 123
s 2835 178 62
s 2836 274 95
s 2837 658 254
s 2838 392 172
s 2839 125 53
s 2841 388 135
s 2842 806 305
s 2843 398 172
s 2844 259 100
s 2845 254 92
s 2846 378 130
s 2847 450 179
s 2848 84 41
s 2849 253 108
s 2850 125 46
s 2851 206 81
s 2852 401 166
s 2853 156 51
s 2854 104 36
s 2855 206 81
s 2856 140 47
s 2857 121 41
s 2858 217 97
s 2859 98 41
s 2860 107 49
s 2861 130 47
s 2862 103 32
s 2863 124 46
s 2864 352 136
s 2865 623 245
s 2866 186 88
s 2867 182 64
s 2868 60 24
s 2869 241 88
s 2870 351 143
s 2871 396 161
s 2872 94 30
s 2873 124 49
s 2874 119 47
s 2875 128 49
s 2876 451 191
s 2877 34 11
s 2878 493 213
s 2879 130 53
s 2880 185 65
s 2881 42 15
s 2882 27 10
s 2883 140 53
s 2884 162 67
s 2885 319 111
s 2886 151 58
s 2887 753 312
s 2888 105 41
s 2889 51 15
s 2890 533 199
s 2891 262 102
s 2892 388 158
s 2893 66 27
s 2894 168 67
s 2895 106 35
s 2896 78 28
s 2897 73 30
s 2898 43 24
s 2899 89 35
s 2900 393 154
s 2901 515 184
s 2902 1062 408
s 2903 476 189
s 2904 338 134
s 2905 23 5
s 2906 150 66
s 2907 152 60
s 2908 80 42
s 2909 302 125
s 2910 34 12
s 2911 29 14
s 2912 238 90
s 2913 513 207
s 2914 267 90
s 2915 88 39
s 2916 555 224
s 2917 327 139
s 2918 95 36
s 2919 49 21
s 2920 416 189
s 2921 471 163
s 2922 297 128
s 2923 290 120
s 2924 204 70
s 2925 139 49
s 2926 275 104
s 2927 221 106
s 2928 470 189
s 2929 89 31
s 2930 132 42
s 2935 367 156
s 2936 183 71
s 2937 302 129
s 2939 538 195
s 2942 190 69
s 2944 506 182
s 2945 280 109
s 2947 313 120
s 2951 536 217
s 2952 186 83
s 2953 133 54
s 2954 55 19
s 2961 106 38
s 2971 131 49
s 3085 302 148
s 3086 1933 995
s 3087 251 132
s 3088 130 46
s 3089 429 221
s 3090 23 12
s 3091 183 90
s 3092 331 168
s 3093 1028 530
s 3094 728 375
s 3095 296 144
s 3097 1079 576
s 3098 1372 704
s 3099 586 326
s 3100 307 148
s 3101 398 183
s 3102 841 453
s 3103 789 408
s 3104 130 69
s 3105 455 268
s 3106 342 188
s 3107 445 216
s 3108 720 347
s 3109 306 157
s 3110 160 80
s 3111 521 272
s 3112 234 124
s 3113 9 5
s 3114 238 112
s 3115 280 142
s 3116 9 6
s 3117 236 119
s 3118 40 19
s 3119 304 158
s 3120 12 8
s 3121 1284 703
s 3122 410 238
s 3123 247 122
s 3124 171 88
s 3125 295 133
s 3126 14 5
s 3127 745 399
s 3128 53 27
s 3129 154 93
s 3130 220 106
s 3131 316 142
s 3132 750 411
s 3133 92 46
s 3134 924 535
s 3135 170 78
s 3136 365 186
s 3137 80 34
s 3138 36 15
s 3139 8 3
s 3140 283 167
s 3141 563 276
s 3142 27 11
s 3143 1177 641
s 3144 153 80
s 3145 77 43
s 3146 1467 835
s 3147 425 196
s 3148 1080 561
s 3149 133 73
s 3150 380 218
s 3151 196 97
s 3152 58 19
s 3153 69 39
s 3154 76 35
s 3155 103 45
s 3156 508 237
s 3157 783 411
s 3158 1768 933
s 3159 863 481
s 3160 646 356
s 3161 7 2
s 3162 453 229
s 3163 237 121
s 3164 168 86
s 3165 196 88
s 3166 5 1
s 3167 10 7
s 3168 374 176
s 3169 720 365
s 3170 469 231
s 3171 158 77
s 3172 582 276
s 3173 645 336
s 3174 144 76
s 3175 83 55
s 3176 660 336
s 3177 941 498
s 3178 949 476
s 3179 556 302
s 3180 408 201
s 3181 10 6
s 3182 595 358
s 3183 313 163
s 3184 960 563
s 3185 261 145
s 3186 135 59
s 3191 694 378
s 3192 450 226
s 3193 670 343
s 3195 1052 523
s 3198 456 253
s 3200 897 455
s 3201 365 173
s 3203 632 333
s 3207 940 498
s 3208 262 131
s 3209 296 163
s 3210 45 19
s 3217 111 55
s 3227 236 114
s 3342 599 278
s 3343 107 52
s 3344 31 16
s 3345 6 1
s 3346 375 198
s 3347 127 65
s 3348 147 60
s 3349 396 192
s 3350 196 102
s 3351 67 37
s 3353 59 28
s 3354 438 212
s 3355 216 101
s 3356 106 45
s 3357 137 76
s 3358 245 126
s 3359 282 153
s 3360 55 23
s 3361 133 65
s 3362 7 2
s 3363 35 17
s 3364 186 87
s 3365 75 28
s 3366 42 27
s 3367 41 18
s 3368 73 36
s 3369 111 54
s 3370 138 69
s 3371 44 28
s 3372 124 66
s 3373 53 27
s 3374 92 39
s 3375 57 23
s 3376 346 156
s 3377 286 149
s 3378 98 57
s 3379 104 50
s 3380 15 11
s 3381 200 88
s 3382 480 236
s 3383 292 152
s 3384 82 44
s 3385 45 20
s 3386 85 37
s 3387 44 17
s 3388 243 137
s 3389 13 6
s 3390 372 216
s 3391 89 41
s 3392 106 57
s 3393 19 6
s 3394 12 6
s 3395 194 97
s 3396 79 42
s 3397 239 133
s 3398 126 62
s 3399 408 206
s 3400 66 40
s 3401 36 18
s 3402 104 51
s 3403 137 65
s 3404 10 4
s 3405 53 22
s 3406 110 65
s 3407 72 31
s 3408 92 47
s 3409 65 34
s 3410 23 14
s 3411 43 15
s 3412 208 101
s 3413 304 129
s 3414 566 262
s 3415 280 126
s 3416 199 118
s 3417 19 7
s 3418 53 24
s 3419 64 28
s 3420 50 25
s 3421 291 141
s 3422 20 9
s 3423 27 13
s 3424 138 66
s 3425 246 112
s 3426 150 74
s 3427 48 25
s 3428 218 105
s 3429 191 98
s 3430 46 23
s 3431 28 16
s 3432 202 99
s 3433 267 141
s 3434 18 8
s 3435 112 56
s 3436 163 75
s 3437 156 72
s 3438 140 75
s 3439 98 42
s 3440 295 168
s 3441 10 5
s 3442 92 46
s 3447 269 138
s 3448 39 19
s 3449 189 73
s 3451 362 184
s 3454 33 21
s 3456 197 98
s 3457 116 56
s 3459 214 108
s 3463 272 111
s 3464 63 28
s 3465 57 32
s 3466 55 22
s 3473 94 42
s 3483 73 37
s 3599 754 380
s 3600 311 149
s 3601 932 438
s 3602 1908 1006
s 3603 656 281
s 3604 983 496
s 3605 2662 1397
s 3606 1152 584
s 3607 469 245
s 3609 2096 987
s 3610 2166 1052
s 3611 932 494
s 3612 589 264
s 3613 595 280
s 3614 1139 563
s 3615 1301 700
s 3616 423 222
s 3617 764 439
s 3618 702 352
s 3619 1118 536
s 3620 1879 925
s 3621 429 215
s 3622 271 111
s 3623 1118 540
s 3624 385 184
s 3625 798 388
s 3626 813 425
s 3627 544 267
s 3628 789 413
s 3629 416 227
s 3630 738 356
s 3631 718 361
s 3632 2415 1220
s 3633 2296 1172
s 3634 565 304
s 3635 375 169
s 3636 365 200
s 3637 1104 499
s 3638 2262 1174
s 3639 1339 695
s 3640 663 337
s 3641 312 186
s 3642 361 179
s 3643 562 249
s 3644 1206 611
s 3645 161 77
s 3646 1034 587
s 3647 451 209
s 3648 546 257
s 3649 163 72
s 3650 67 38
s 3651 1033 536
s 3652 480 265
s 3653 1080 511
s 3654 815 388
s 3655 1263 637
s 3656 365 179
s 3657 224 112
s 3658 2700 1473
s 3659 831 438
s 3660 2293 1269
s 3661 235 116
s 3662 588 306
s 3663 314 151
s 3664 555 277
s 3665 302 157
s 3666 257 150
s 3667 145 74
s 3668 819 386
s 3669 1071 507
s 3670 2797 1402
s 3671 1324 675
s 3672 855 479
s 3673 148 73
s 3674 720 387
s 3675 654 338
s 3676 295 148
s 3677 1851 936
s 3678 253 133
s 3679 235 110
s 3680 602 307
s 3681 1259 615
s 3682 713 340
s 3683 261 120
s 3684 806 383
s 3685 1033 508
s 3686 226 112
s 3687 135 69
s 3688 1000 488
s 3689 1269 660
s 3690 1716 843
s 3691 857 426
s 3692 650 309
s 3693 958 475
s 3694 989 529
s 3695 706 392
s 3696 1324 695
s 3697 613 329
s 3698 690 306
s 3703 1090 580
s 3704 796 378
s 3705 1101 567
s 3707 1477 674
s 3710 899 447
s 3712 1673 829
s 3713 651 302
s 3715 939 494
s 3719 1452 764
s 3720 502 252
s 3721 436 208
s 3722 363 174
s 3729 727 322
s 3739 347 194
s 3856 30 12
s 3857 177 78
s 3858 352 178
s 3859 153 72
s 3860 178 92
s 3861 419 190
s 3862 248 120
s 3863 74 37
s 3865 350 163
s 3866 564 294
s 3867 243 142
s 3868 62 32
s 3869 56 21
s 3870 323 163
s 3871 343 169
s 3872 90 46
s 3873 67 29
s 3874 106 58
s 3875 171 89
s 3876 296 144
s 3877 105 47
s 3878 32 12
s 3879 193 95
s 3880 104 46
s 3881 144 73
s 3882 155 83
s 3883 73 31
s 3884 122 57
s 3885 92 47
s 3886 87 35
s 3887 94 50
s 3888 271 129
s 3889 324 162
s 3890 89 52
s 3891 113 44
s 3892 48 26
s 3893 204 101
s 3894 389 194
s 3895 116 55
s 3896 77 35
s 3897 52 29
s 3898 72 30
s 3899 81 30
s 3900 122 70
s 3901 30 9
s 3902 406 213
s 3903 83 37
s 3904 111 52
s 3905 24 10
s 3906 14 6
s 3907 211 116
s 3908 84 47
s 3909 134 69
s 3910 127 65
s 3911 522 261
s 3912 67 30
s 3913 32 15
s 3914 428 215
s 3915 197 108
s 3916 399 209
s 3917 27 13
s 3918 60 28
s 3919 68 33
s 3920 74 39
s 3921 35 19
s 3922 45 31
s 3923 45 19
s 3924 235 102
s 3925 277 104
s 3926 609 295
s 3927 335 179
s 3928 285 135
s 3929 16 12
s 3930 127 69
s 3931 141 82
s 3932 33 25
s 3933 366 194
s 3934 22 12
s 3935 41 26
s 3936 59 32
s 3937 227 114
s 3938 89 37
s 3939 29 17
s 3940 295 142
s 3941 245 111
s 3942 46 21
s 3943 31 19
s 3944 110 52
s 3945 287 137
s 3946 331 162
s 3947 233 127
s 3948 72 36
s 3949 129 55
s 3950 155 72
s 3951 102 61
s 3952 244 135
s 3953 102 50
s 3954 157 73
s 3959 274 143
s 3960 117 71
s 3961 191 93
s 3963 333 160
s 3966 160 76
s 3968 296 138
s 3969 62 38
s 3971 196 105
s 3975 129 59
s 3976 104 56
s 3977 57 30
s 3978 44 24
s 3985 105 52
s 3995 62 39
s 4113 53 23
s 4114 156 71
s 4115 67 31
s 4116 78 34
s 4117 225 113
s 4118 125 56
s 4119 32 20
s 4121 158 61
s 4122 231 97
s 4123 105 54
s 4124 20 13
s 4125 26 14
s 4126 121 44
s 4127 122 61
s 4128 46 22
s 4129 37 19
s 4130 44 25
s 4131 70 24
s 4132 110 50
s 4133 40 17
s 4134 15 7
s 4135 51 21
s 4136 45 16
s 4137 78 31
s 4138 57 31
s 4139 24 11
s 4140 65 39
s 4141 46 19
s 4142 45 23
s 4143 40 18
s 4144 193 92
s 4145 121 52
s 4146 46 24
s 4147 46 21
s 4148 14 4
s 4149 116 46
s 4150 191 89
s 4151 34 14
s 4152 50 25
s 4153 29 9
s 4154 34 16
s 4155 44 17
s 4156 47 24
s 4157 9 5
s 4158 140 73
s 4159 50 22
s 4160 47 19
s 4161 11 4
s 4162 5 2
s 4163 79 46
s 4164 52 24
s 4165 43 24
s 4166 77 44
s 4167 180 92
s 4168 43 20
s 4169 20 8
s 4170 213 98
s 4171 84 37
s 4172 128 72
s 4173 13 7
s 4174 16 3
s 4175 29 15
s 4176 48 20
s 4177 18 9
s 4178 17 7
s 4179 23 11
s 4180 97 43
s 4181 115 63
s 4182 309 141
s 4183 144 70
s 4184 83 40
s 4185 15 5
s 4186 53 28
s 4187 46 19
s 4188 14 8
s 4189 157 76
s 4190 17 8
s 4191 13 7
s 4192 20 7
s 4193 99 46
s 4194 31 9
s 4195 7 3
s 4196 92 43
s 4197 94 38
s 4198 25 15
s 4199 11 6
s 4200 36 15
s 4201 118 62
s 4202 107 46
s 4203 76 29
s 4204 20 9
s 4205 83 31
s 4206 79 31
s 4207 57 34
s 4208 133 54
s 4209 38 18
s 4210 51 18
s 4215 110 54
s 4216 40 16
s 4217 112 62
s 4219 166 73
s 4222 67 35
s 4224 134 62
s 4225 28 12
s 4227 104 45
s 4231 49 24
s 4232 30 15
s 4233 27 16
s 4234 22 12
s 4241 57 28
s 4251 31 15
s 4370 495 238
s 4371 165 71
s 4372 217 97
s 4373 625 335
s 4374 252 135
s 4375 97 45
s 4377 93 48
s 4378 639 302
s 4379 311 145
s 4380 172 64
s 4381 156 75
s 4382 392 185
s 4383 432 219
s 4384 80 32
s 4385 166 94
s 4386 10 3
s 4387 87 34
s 4388 322 159
s 4389 116 52
s 4390 67 29
s 4391 50 20
s 4392 121 53
s 4393 159 84
s 4394 229 99
s 4395 71 38
s 4396 182 83
s 4397 104 42
s 4398 126 48
s 4399 82 40
s 4400 472 225
s 4401 371 188
s 4402 135 69
s 4403 161 66
s 4404 24 9
s 4405 277 115
s 4406 648 308
s 4407 353 183
s 4408 118 61
s 4409 65 39
s 4410 123 65
s 4411 56 22
s 4412 387 185
s 4413 8 5
s 4414 483 257
s 4415 130 62
s 4416 135 61
s 4417 28 11
s 4418 15 3
s 4419 261 129
s 4420 120 61
s 4421 370 167
s 4422 169 71
s 4423 588 274
s 4424 99 33
s 4425 47 23
s 4426 172 84
s 4427 275 129
s 4428 42 15
s 4429 52 32
s 4430 161 67
s 4431 74 39
s 4432 118 60
s 4433 86 44
s 4434 14 11
s 4435 56 28
s 4436 288 120
s 4437 393 183
s 4438 771 379
s 4439 467 223
s 4440 251 127
s 4441 34 13
s 4442 119 47
s 4443 131 71
s 4444 61 31
s 4445 455 225
s 4446 39 15
s 4447 46 18
s 4448 187 97
s 4449 274 121
s 4450 244 111
s 4451 77 40
s 4452 292 130
s 4453 263 125
s 4454 66 31
s 4455 41 18
s 4456 329 146
s 4457 333 178
s 4458 19 7
s 4459 172 77
s 4460 187 79
s 4461 191 86
s 4462 212 99
s 4463 137 70
s 4464 348 190
s 4465 14 9
s 4466 142 69
s 4471 375 179
s 4472 63 32
s 4473 292 143
s 4475 535 225
s 4478 45 20
s 4480 285 139
s 4481 167 72
s 4483 272 128
s 4487 424 209
s 4488 110 49
s 4489 92 48
s 4490 80 36
s 4497 142 67
s 4507 124 58
s 4627 195 100
s 4628 379 203
s 4629 1195 607
s 4630 743 367
s 4631 269 131
s 4633 1150 590
s 4634 1405 719
s 4635 641 333
s 4636 379 179
s 4637 393 201
s 4638 871 459
s 4639 865 436
s 4640 180 100
s 4641 455 276
s 4642 372 192
s 4643 490 224
s 4644 858 443
s 4645 290 137
s 4646 174 85
s 4647 625 309
s 4648 225 103
s 4649 33 20
s 4650 293 142
s 4651 304 162
s 4652 10 4
s 4653 265 145
s 4654 41 18
s 4655 365 190
s 4656 33 15
s 4657 1284 703
s 4658 348 193
s 4659 285 149
s 4660 199 108
s 4661 358 150
s 4662 28 8
s 4663 804 417
s 4664 68 37
s 4665 192 120
s 4666 275 153
s 4667 312 172
s 4668 814 456
s 4669 79 46
s 4670 1024 601
s 4671 193 103
s 4672 322 144
s 4673 100 48
s 4674 38 25
s 4675 21 11
s 4676 307 161
s 4677 762 406
s 4678 48 24
s 4679 1280 719
s 4680 152 81
s 4681 64 34
s 4682 1539 831
s 4683 530 274
s 4684 1314 756
s 4685 171 95
s 4686 348 177
s 4687 190 95
s 4688 60 30
s 4689 95 57
s 4690 95 54
s 4691 110 51
s 4692 631 347
s 4693 837 415
s 4694 2091 1139
s 4695 857 457
s 4696 651 367
s 4697 6 2
s 4698 472 240
s 4699 289 162
s 4700 191 114
s 4701 251 142
s 4702 7 2
s 4703 18 9
s 4704 354 170
s 4705 968 498
s 4706 514 271
s 4707 156 72
s 4708 549 273
s 4709 740 397
s 4710 134 74
s 4711 86 46
s 4712 673 378
s 4713 887 473
s 4714 997 521
s 4715 563 289
s 4716 405 205
s 4717 15 9
s 4718 649 359
s 4719 451 279
s 4720 972 544
s 4721 295 160
s 4722 178 88
s 4727 800 407
s 4728 444 233
s 4729 647 335
s 4731 1174 592
s 4734 501 271
s 4736 858 426
s 4737 388 183
s 4739 655 339
s 4743 963 528
s 4744 277 152
s 4745 257 132
s 4746 58 27
s 4753 117 63
s 4763 240 136
s 4884 191 82
s 4885 550 247
s 4886 265 127
s 4887 100 47
s 4889 419 161
s 4890 579 256
s 4891 274 136
s 4892 127 51
s 4893 118 50
s 4894 368 181
s 4895 336 151
s 4896 86 39
s 4897 184 99
s 4898 116 52
s 4899 257 99
s 4900 400 188
s 4901 109 42
s 4902 69 37
s 4903 221 96
s 4904 95 47
s 4905 97 46
s 4906 122 63
s 4907 102 44
s 4908 97 40
s 4909 104 48
s 4910 84 37
s 4911 139 67
s 4912 249 112
s 4913 429 216
s 4914 135 69
s 4915 93 40
s 4916 91 45
s 4917 244 96
s 4918 266 132
s 4919 299 152
s 4920 83 37
s 4921 69 38
s 4922 112 55
s 4923 140 62
s 4924 258 121
s 4925 36 20
s 4926 330 163
s 4927 104 46
s 4928 134 44
s 4929 32 12
s 4930 20 10
s 4931 125 72
s 4932 122 55
s 4933 241 109
s 4934 119 54
s 4935 427 201
s 4936 82 35
s 4937 37 19
s 4938 541 270
s 4939 206 92
s 4940 384 189
s 4941 78 44
s 4942 149 76
s 4943 73 22
s 4944 65 29
s 4945 40 22
s 4946 47 24
s 4947 39 12
s 4948 211 87
s 4949 302 141
s 4950 707 326
s 4951 342 163
s 4952 195 106
s 4953 15 7
s 4954 155 74
s 4955 145 63
s 4956 93 46
s 4957 293 142
s 4958 27 15
s 4959 38 17
s 4960 140 62
s 4961 363 154
s 4962 211 90
s 4963 61 31
s 4964 230 102
s 4965 239 110
s 4966 65 34
s 4967 18 12
s 4968 218 97
s 4969 323 150
s 4970 292 132
s 4971 196 86
s 4972 146 63
s 4973 90 37
s 4974 265 127
s 4975 148 63
s 4976 382 189
s 4977 101 50
s 4978 104 51
s 4983 254 123
s 4984 188 85
s 4985 264 134
s 4987 372 152
s 4990 201 93
s 4992 384 171
s 4993 171 76
s 4995 246 116
s 4999 374 188
s 5000 91 38
s 5001 98 47
s 5002 44 15
s 5009 100 41
s 5019 92 32
s 5141 561 284
s 5142 322 157
s 5143 154 76
s 5145 517 235
s 5146 560 271
s 5147 240 126
s 5148 186 85
s 5149 161 77
s 5150 310 156
s 5151 287 150
s 5152 103 51
s 5153 176 92
s 5154 169 85
s 5155 309 154
s 5156 442 246
s 5157 98 48
s 5158 81 49
s 5159 278 124
s 5160 105 50
s 5161 171 82
s 5162 213 119
s 5163 143 73
s 5164 180 78
s 5165 135 65
s 5166 140 62
s 5167 166 74
s 5168 434 204
s 5169 571 297
s 5170 111 68
s 5171 124 69
s 5172 93 45
s 5173 244 109
s 5174 425 214
s 5175 259 141
s 5176 102 45
s 5177 81 47
s 5178 83 32
s 5179 131 66
s 5180 339 177
s 5181 48 23
s 5182 354 189
s 5183 112 57
s 5184 139 68
s 5185 34 12
s 5186 10 2
s 5187 219 123
s 5188 107 57
s 5189 257 130
s 5190 167 92
s 5191 506 263
s 5192 82 42
s 5193 85 46
s 5194 673 371
s 5195 175 79
s 5196 567 312
s 5197 56 30
s 5198 183 91
s 5199 59 29
s 5200 105 46
s 5201 84 46
s 5202 61 25
s 5203 52 21
s 5204 252 113
s 5205 380 192
s 5206 773 406
s 5207 306 164
s 5208 271 154
s 5209 25 7
s 5210 163 84
s 5211 143 72
s 5212 74 41
s 5213 416 214
s 5214 31 14
s 5215 43 23
s 5216 171 72
s 5217 402 195
s 5218 214 90
s 5219 66 33
s 5220 299 152
s 5221 247 112
s 5222 57 33
s 5223 41 22
s 5224 286 150
s 5225 291 139
s 5226 431 210
s 5227 268 129
s 5228 183 74
s 5229 158 64
s 5230 206 112
s 5231 106 57
s 5232 282 154
s 5233 160 91
s 5234 152 60
s 5239 269 131
s 5240 196 86
s 5241 228 122
s 5243 306 143
s 5246 233 100
s 5248 374 180
s 5249 173 83
s 5251 199 87
s 5255 412 215
s 5256 142 74
s 5257 110 54
s 5258 70 36
s 5265 158 80
s 5275 96 44
s 5398 842 401
s 5399 389 191
s 5401 1280 570
s 5402 1573 751
s 5403 745 387
s 5404 466 206
s 5405 472 244
s 5406 941 461
s 5407 1011 543
s 5408 286 150
s 5409 441 240
s 5410 430 222
s 5411 615 278
s 5412 1229 596
s 5413 351 159
s 5414 221 99
s 5415 681 336
s 5416 249 102
s 5417 429 216
s 5418 630 321
s 5419 334 179
s 5420 398 193
s 5421 277 146
s 5422 385 168
s 5423 436 220
s 5424 1139 560
s 5425 1703 915
s 5426 406 211
s 5427 413 209
s 5428 260 135
s 5429 695 310
s 5430 1373 699
s 5431 803 409
s 5432 274 129
s 5433 235 137
s 5434 277 131
s 5435 411 188
s 5436 974 491
s 5437 110 59
s 5438 1071 626
s 5439 279 137
s 5440 374 168
s 5441 90 29
s 5442 46 29
s 5443 593 295
s 5444 354 178
s 5445 846 387
s 5446 517 254
s 5447 1451 754
s 5448 285 136
s 5449 159 75
s 5450 1673 842
s 5451 564 293
s 5452 1447 745
s 5453 195 102
s 5454 451 230
s 5455 216 87
s 5456 324 153
s 5457 221 112
s 5458 156 98
s 5459 186 99
s 5460 812 381
s 5461 1179 593
s 5462 2021 975
s 5463 1076 552
s 5464 743 389
s 5465 66 32
s 5466 445 219
s 5467 381 191
s 5468 182 98
s 5469 1193 617
s 5470 93 50
s 5471 128 57
s 5472 505 246
s 5473 1030 502
s 5474 659 320
s 5475 199 90
s 5476 992 508
s 5477 658 312
s 5478 191 103
s 5479 115 67
s 5480 819 379
s 5481 914 459
s 5482 1215 591
s 5483 695 351
s 5484 526 234
s 5485 502 228
s 5486 651 360
s 5487 431 238
s 5488 1011 528
s 5489 350 181
s 5490 434 211
s 5495 818 418
s 5496 544 255
s 5497 636 317
s 5499 1047 500
s 5502 695 341
s 5504 1060 543
s 5505 475 225
s 5507 646 333
s 5511 1170 599
s 5512 385 175
s 5513 323 169
s 5514 209 109
s 5521 446 199
s 5531 287 147
s 5655 194 93
s 5657 629 318
s 5658 782 363
s 5659 392 223
s 5660 276 130
s 5661 288 144
s 5662 438 217
s 5663 401 202
s 5664 167 85
s 5665 247 138
s 5666 193 97
s 5667 337 156
s 5668 611 303
s 5669 143 74
s 5670 114 49
s 5671 380 185
s 5672 116 55
s 5673 354 161
s 5674 415 204
s 5675 182 87
s 5676 298 166
s 5677 116 57
s 5678 253 115
s 5679 232 114
s 5680 718 372
s 5681 837 413
s 5682 140 67
s 5683 161 81
s 5684 126 60
s 5685 418 179
s 5686 941 472
s 5687 456 216
s 5688 194 100
s 5689 96 61
s 5690 128 56
s 5691 180 80
s 5692 605 306
s 5693 57 18
s 5694 396 207
s 5695 172 84
s 5696 216 101
s 5697 42 20
s 5698 20 12
s 5699 476 247
s 5700 150 74
s 5701 510 254
s 5702 325 166
s 5703 642 332
s 5704 108 51
s 5705 82 35
s 5706 831 439
s 5707 242 105
s 5708 669 338
s 5709 83 39
s 5710 250 124
s 5711 91 35
s 5712 198 96
s 5713 141 71
s 5714 75 39
s 5715 74 32
s 5716 359 159
s 5717 485 209
s 5718 860 431
s 5719 442 234
s 5720 314 162
s 5721 39 19
s 5722 185 90
s 5723 164 85
s 5724 103 56
s 5725 744 372
s 5726 72 32
s 5727 97 44
s 5728 313 150
s 5729 608 303
s 5730 365 160
s 5731 107 49
s 5732 359 181
s 5733 292 151
s 5734 98 48
s 5735 46 27
s 5736 589 323
s 5737 339 171
s 5738 487 269
s 5739 310 163
s 5740 279 130
s 5741 332 154
s 5742 291 143
s 5743 198 109
s 5744 405 211
s 5745 147 84
s 5746 257 115
s 5751 331 161
s 5752 273 118
s 5753 276 136
s 5755 432 188
s 5758 271 139
s 5760 442 207
s 5761 296 147
s 5763 302 165
s 5767 651 326
s 5768 178 96
s 5769 156 83
s 5770 118 61
s 5777 248 109
s 5787 144 70
s 5913 235 122
s 5914 362 171
s 5915 196 105
s 5916 40 19
s 5917 31 15
s 5918 218 106
s 5919 266 148
s 5920 67 37
s 5921 61 31
s 5922 64 31
s 5923 124 56
s 5924 193 101
s 5925 72 34
s 5926 23 12
s 5927 104 50
s 5928 50 26
s 5929 108 50
s 5930 78 41
s 5931 57 38
s 5932 107 55
s 5933 74 45
s 5934 101 49
s 5935 57 27
s 5936 305 157
s 5937 208 110
s 5938 105 56
s 5939 87 46
s 5940 43 23
s 5941 159 75
s 5942 320 178
s 5943 91 45
s 5944 72 37
s 5945 39 25
s 5946 65 21
s 5947 62 31
s 5948 68 31
s 5949 10 9
s 5950 227 135
s 5951 78 40
s 5952 99 43
s 5953 20 8
s 5954 16 8
s 5955 169 90
s 5956 77 34
s 5957 75 37
s 5958 119 63
s 5959 307 163
s 5960 73 39
s 5961 32 15
s 5962 323 153
s 5963 131 60
s 5964 226 122
s 5965 20 11
s 5966 35 15
s 5967 61 25
s 5968 67 30
s 5969 35 17
s 5970 24 15
s 5971 29 15
s 5972 151 75
s 5973 212 108
s 5974 529 276
s 5975 220 104
s 5976 156 86
s 5977 20 8
s 5978 87 51
s 5979 102 53
s 5980 27 13
s 5981 238 130
s 5982 28 11
s 5983 24 8
s 5984 46 19
s 5985 165 79
s 5986 58 30
s 5987 24 11
s 5988 167 79
s 5989 189 93
s 5990 44 24
s 5991 24 11
s 5992 91 42
s 5993 236 108
s 5994 162 80
s 5995 95 50
s 5996 52 22
s 5997 153 68
s 5998 124 54
s 5999 112 64
s 6000 190 91
s 6001 68 38
s 6002 88 38
s 6007 186 98
s 6008 66 31
s 6009 169 99
s 6011 278 121
s 6014 91 38
s 6016 232 113
s 6017 48 19
s 6019 189 99
s 6023 99 50
s 6024 52 28
s 6025 35 20
s 6026 44 24
s 6033 102 47
s 6043 35 19
s 6426 1397 646
s 6427 700 347
s 6428 360 179
s 6429 395 177
s 6430 941 469
s 6431 895 458
s 6432 199 111
s 6433 442 232
s 6434 85 37
s 6435 205 83
s 6436 715 339
s 6437 286 118
s 6438 187 88
s 6439 189 83
s 6440 271 122
s 6441 426 200
s 6442 545 271
s 6443 185 88
s 6444 433 212
s 6445 255 116
s 6446 343 157
s 6447 247 106
s 6448 1196 557
s 6449 1030 511
s 6450 370 199
s 6451 345 160
s 6452 77 38
s 6453 518 219
s 6454 1320 643
s 6455 785 367
s 6456 232 96
s 6457 185 105
s 6458 248 123
s 6459 145 63
s 6460 907 451
s 6461 60 31
s 6462 1047 614
s 6463 297 142
s 6464 346 140
s 6465 74 29
s 6466 42 17
s 6467 596 293
s 6468 306 137
s 6469 662 308
s 6470 504 250
s 6471 1411 744
s 6472 186 68
s 6473 103 46
s 6474 566 255
s 6475 493 203
s 6476 197 98
s 6477 164 84
s 6478 398 200
s 6479 198 80
s 6480 233 121
s 6481 168 86
s 6482 50 28
s 6483 119 63
s 6484 621 285
s 6485 917 409
s 6486 1796 852
s 6487 913 434
s 6488 607 299
s 6489 75 43
s 6490 186 77
s 6491 300 148
s 6492 152 80
s 6493 969 478
s 6494 132 51
s 6495 107 58
s 6496 463 223
s 6497 770 367
s 6498 515 237
s 6499 171 68
s 6500 729 343
s 6501 644 273
s 6502 189 93
s 6503 108 55
s 6504 757 345
s 6505 888 402
s 6506 171 69
s 6507 389 192
s 6508 465 211
s 6509 554 253
s 6510 444 224
s 6511 399 215
s 6512 917 451
s 6513 76 32
s 6514 275 119
s 6519 775 380
s 6520 231 89
s 6521 731 339
s 6523 1021 459
s 6526 170 77
s 6528 719 321
s 6529 455 212
s 6531 614 299
s 6535 996 482
s 6536 222 95
s 6537 195 98
s 6538 182 80
s 6545 317 134
s 6555 257 123
s 6683 415 194
s 6684 558 262
s 6685 584 275
s 6686 562 278
s 6687 548 275
s 6688 344 169
s 6689 526 294
s 6690 464 230
s 6691 778 348
s 6692 1424 677
s 6693 194 83
s 6694 277 115
s 6695 830 377
s 6696 237 114
s 6697 643 301
s 6698 767 403
s 6699 377 185
s 6700 616 291
s 6701 252 123
s 6702 493 224
s 6703 482 234
s 6704 1518 712
s 6705 1640 824
s 6706 260 137
s 6707 252 126
s 6708 243 123
s 6709 836 370
s 6710 1789 847
s 6711 904 433
s 6712 371 191
s 6713 195 108
s 6714 243 103
s 6715 402 183
s 6716 1109 534
s 6717 128 60
s 6718 877 465
s 6719 356 169
s 6720 284 128
s 6721 103 44
s 6722 41 27
s 6723 786 390
s 6724 232 122
s 6725 983 451
s 6726 729 362
s 6727 1236 600
s 6728 231 106
s 6729 179 82
s 6730 1924 1001
s 6731 461 231
s 6732 1456 764
s 6733 171 89
s 6734 555 278
s 6735 156 73
s 6736 394 196
s 6737 220 111
s 6738 146 73
s 6739 89 34
s 6740 598 258
s 6741 915 426
s 6742 1776 840
s 6743 623 290
s 6744 633 299
s 6745 95 43
s 6746 462 223
s 6747 360 170
s 6748 201 98
s 6749 1386 653
s 6750 167 71
s 6751 191 100
s 6752 548 262
s 6753 1157 542
s 6754 715 331
s 6755 243 109
s 6756 660 299
s 6757 676 317
s 6758 154 77
s 6759 92 48
s 6760 1005 477
s 6761 724 351
s 6762 1130 536
s 6763 615 309
s 6764 623 277
s 6765 731 356
s 6766 687 365
s 6767 271 142
s 6768 611 309
s 6769 374 212
s 6770 570 276
s 6775 582 299
s 6776 591 267
s 6777 588 293
s 6779 742 320
s 6782 680 331
s 6784 1030 506
s 6785 616 287
s 6787 472 231
s 6791 1361 719
s 6792 359 183
s 6793 368 181
s 6794 230 95
s 6801 488 233
s 6811 243 127
s 6940 226 107
s 6941 244 121
s 6942 195 102
s 6943 171 95
s 6944 149 76
s 6945 231 137
s 6946 217 118
s 6947 398 206
s 6948 674 317
s 6949 83 39
s 6950 106 49
s 6951 339 157
s 6952 107 51
s 6953 271 140
s 6954 361 189
s 6955 173 95
s 6956 241 124
s 6957 111 59
s 6958 192 102
s 6959 212 101
s 6960 624 322
s 6961 687 354
s 6962 78 43
s 6963 79 46
s 6964 120 60
s 6965 383 171
s 6966 733 359
s 6967 406 232
s 6968 194 95
s 6969 84 46
s 6970 93 44
s 6971 160 75
s 6972 511 267
s 6973 49 30
s 6974 388 214
s 6975 170 88
s 6976 87 48
s 6977 41 22
s 6978 13 8
s 6979 366 188
s 6980 99 54
s 6981 430 203
s 6982 417 213
s 6983 526 276
s 6984 104 53
s 6985 84 34
s 6986 941 502
s 6987 195 102
s 6988 697 369
s 6989 94 46
s 6990 217 123
s 6991 50 25
s 6992 165 84
s 6993 109 57
s 6994 89 50
s 6995 25 12
s 6996 217 100
s 6997 359 184
s 6998 818 418
s 6999 181 91
s 7000 271 156
s 7001 37 20
s 7002 223 116
s 7003 148 76
s 7004 85 54
s 7005 660 340
s 7006 70 37
s 7007 86 48
s 7008 246 115
s 7009 497 256
s 7010 372 173
s 7011 121 60
s 7012 241 124
s 7013 305 132
s 7014 58 31
s 7015 38 17
s 7016 484 250
s 7017 327 170
s 7018 533 280
s 7019 293 140
s 7020 294 128
s 7021 294 151
s 7022 337 187
s 7023 74 46
s 7024 178 105
s 7025 189 100
s 7026 290 138
s 7031 243 130
s 7032 300 151
s 7033 169 85
s 7035 303 138
s 7038 334 166
s 7040 507 271
s 7041 322 164
s 7043 178 93
s 7047 673 355
s 7048 130 76
s 7049 159 89
s 7050 120 60
s 7057 244 107
s 7067 105 46
s 7197 25 14
s 7198 274 138
s 7199 359 185
s 7200 83 38
s 7201 35 19
s 7202 112 50
s 7203 182 86
s 7204 207 95
s 7205 102 41
s 7206 12 7
s 7207 180 79
s 7208 101 42
s 7209 117 54
s 7210 84 45
s 7211 60 33
s 7212 204 92
s 7213 79 39
s 7214 171 73
s 7215 99 46
s 7216 362 173
s 7217 233 114
s 7218 111 60
s 7219 100 44
s 7220 67 32
s 7221 247 106
s 7222 492 251
s 7223 50 23
s 7224 122 51
s 7225 41 21
s 7226 77 36
s 7227 85 33
s 7228 52 21
s 7229 31 14
s 7230 252 130
s 7231 93 47
s 7232 99 43
s 7233 30 12
s 7234 15 6
s 7235 164 65
s 7236 106 49
s 7237 58 24
s 7238 139 57
s 7239 353 178
s 7240 68 31
s 7241 48 29
s 7242 443 232
s 7243 164 76
s 7244 362 191
s 7245 17 10
s 7246 22 11
s 7247 49 17
s 7248 93 42
s 7249 41 22
s 7250 32 22
s 7251 34 15
s 7252 212 83
s 7253 217 100
s 7254 699 339
s 7255 334 179
s 7256 157 71
s 7257 18 9
s 7258 117 56
s 7259 134 66
s 7260 19 9
s 7261 287 134
s 7262 33 13
s 7263 56 25
s 7264 21 10
s 7265 177 80
s 7266 40 20
s 7267 10 6
s 7268 241 115
s 7269 238 105
s 7270 47 21
s 7271 19 8
s 7272 29 13
s 7273 306 144
s 7274 287 129
s 7275 141 58
s 7276 24 13
s 7277 164 85
s 7278 185 87
s 7279 122 58
s 7280 305 152
s 7281 95 41
s 7282 106 47
s 7287 307 153
s 7288 129 54
s 7289 221 102
s 7291 393 174
s 7294 134 65
s 7296 313 141
s 7297 28 10
s 7299 216 104
s 7303 75 33
s 7304 99 45
s 7305 35 18
s 7306 69 29
s 7313 146 55
s 7323 37 19
s 7454 315 136
s 7455 290 139
s 7456 100 58
s 7457 33 16
s 7458 128 69
s 7459 228 112
s 7460 206 99
s 7461 110 51
s 7462 16 4
s 7463 219 103
s 7464 91 37
s 7465 161 76
s 7466 78 39
s 7467 58 25
s 7468 152 89
s 7469 100 44
s 7470 119 50
s 7471 91 41
s 7472 431 195
s 7473 242 112
s 7474 119 58
s 7475 82 35
s 7476 55 37
s 7477 227 111
s 7478 440 210
s 7479 10 6
s 7480 97 45
s 7481 29 17
s 7482 81 37
s 7483 87 30
s 7484 18 8
s 7485 29 12
s 7486 340 173
s 7487 109 50
s 7488 128 56
s 7489 19 9
s 7490 24 12
s 7491 213 109
s 7492 113 55
s 7493 24 12
s 7494 177 77
s 7495 364 197
s 7496 84 43
s 7497 38 20
s 7498 738 384
s 7499 185 83
s 7500 444 233
s 7501 9 2
s 7502 5 2
s 7503 64 29
s 7504 104 51
s 7505 23 16
s 7506 42 20
s 7507 37 19
s 7508 186 75
s 7509 242 107
s 7510 772 382
s 7511 360 186
s 7512 218 113
s 7513 20 8
s 7514 134 61
s 7515 117 62
s 7516 45 20
s 7517 369 176
s 7518 36 16
s 7519 43 21
s 7520 4 1
s 7521 134 58
s 7522 22 10
s 7523 3 2
s 7524 212 102
s 7525 222 84
s 7526 47 20
s 7527 21 9
s 7528 20 11
s 7529 343 166
s 7530 345 171
s 7531 159 84
s 7532 9 3
s 7533 184 90
s 7534 214 108
s 7535 138 63
s 7536 296 167
s 7537 116 50
s 7538 134 51
s 7543 283 147
s 7544 105 50
s 7545 210 101
s 7547 413 182
s 7550 154 71
s 7552 325 159
s 7553 11 6
s 7555 229 117
s 7559 47 30
s 7560 75 38
s 7561 32 17
s 7562 70 30
s 7569 128 60
s 7579 42 21
s 7711 207 103
s 7712 177 94
s 7713 310 180
s 7714 252 116
s 7715 414 186
s 7716 819 397
s 7717 78 41
s 7718 144 77
s 7719 456 228
s 7720 94 41
s 7721 336 173
s 7722 386 206
s 7723 215 118
s 7724 336 171
s 7725 130 59
s 7726 270 115
s 7727 248 122
s 7728 794 383
s 7729 1109 572
s 7730 81 41
s 7731 128 55
s 7732 162 78
s 7733 444 199
s 7734 982 508
s 7735 584 290
s 7736 213 105
s 7737 85 37
s 7738 120 49
s 7739 234 113
s 7740 650 343
s 7741 90 43
s 7742 620 348
s 7743 170 78
s 7744 91 40
s 7745 64 29
s 7746 8 5
s 7747 543 271
s 7748 107 45
s 7749 526 258
s 7750 359 184
s 7751 743 414
s 7752 115 59
s 7753 90 39
s 7754 1070 551
s 7755 201 97
s 7756 938 502
s 7757 109 54
s 7758 333 172
s 7759 65 29
s 7760 234 104
s 7761 169 100
s 7762 98 60
s 7763 37 17
s 7764 284 151
s 7765 413 188
s 7766 1066 554
s 7767 224 123
s 7768 430 233
s 7769 63 33
s 7770 229 123
s 7771 194 78
s 7772 138 79
s 7773 855 427
s 7774 75 22
s 7775 102 54
s 7776 311 150
s 7777 658 325
s 7778 432 196
s 7779 118 62
s 7780 270 138
s 7781 352 163
s 7782 54 26
s 7783 34 15
s 7784 593 297
s 7785 373 194
s 7786 714 360
s 7787 381 198
s 7788 354 169
s 7789 374 174
s 7790 359 180
s 7791 90 41
s 7792 214 104
s 7793 209 107
s 7794 303 131
s 7799 323 162
s 7800 373 179
s 7801 262 139
s 7803 490 235
s 7806 414 230
s 7808 537 251
s 7809 310 161
s 7811 220 112
s 7815 734 385
s 7816 220 119
s 7817 240 126
s 7818 134 69
s 7825 304 152
s 7835 167 78
s 7968 204 116
s 7969 310 168
s 7970 284 148
s 7971 439 209
s 7972 843 401
s 7973 65 35
s 7974 135 67
s 7975 452 234
s 7976 109 47
s 7977 366 185
s 7978 408 233
s 7979 230 120
s 7980 356 183
s 7981 116 62
s 7982 252 129
s 7983 278 140
s 7984 918 478
s 7985 1133 591
s 7986 84 49
s 7987 122 63
s 7988 177 101
s 7989 400 186
s 7990 1106 598
s 7991 598 313
s 7992 226 114
s 7993 85 55
s 7994 98 60
s 7995 256 127
s 7996 764 433
s 7997 98 54
s 7998 594 348
s 7999 212 114
s 8000 88 37
s 8001 54 27
s 8002 8 5
s 8003 474 232
s 8004 86 42
s 8005 576 300
s 8006 419 235
s 8007 798 442
s 8008 108 58
s 8009 93 48
s 8010 1089 591
s 8011 204 105
s 8012 1017 562
s 8013 136 81
s 8014 311 170
s 8015 58 34
s 8016 239 126
s 8017 154 82
s 8018 99 64
s 8019 34 19
s 8020 252 112
s 8021 442 221
s 8022 1035 528
s 8023 186 97
s 8024 452 249
s 8025 50 31
s 8026 327 179
s 8027 167 79
s 8028 143 72
s 8029 907 521
s 8030 78 36
s 8031 120 57
s 8032 355 182
s 8033 720 377
s 8034 472 226
s 8035 113 56
s 8036 285 143
s 8037 343 165
s 8038 61 33
s 8039 40 22
s 8040 570 295
s 8041 432 199
s 8042 790 395
s 8043 381 217
s 8044 330 137
s 8045 388 205
s 8046 374 193
s 8047 70 31
s 8048 211 99
s 8049 243 143
s 8050 320 172
s 8055 309 155
s 8056 417 197
s 8057 879 484
s 8059 531 234
s 8062 397 172
s 8064 558 278
s 8065 339 151
s 8067 205 102
s 8071 852 468
s 8072 208 114
s 8073 210 119
s 8074 101 44
s 8081 324 154
s 8091 139 74
s 8225 73 43
s 8226 59 29
s 8227 96 48
s 8228 225 131
s 8229 60 30
s 8230 31 16
s 8231 92 40
s 8232 71 32
s 8233 68 35
s 8234 115 63
s 8235 59 33
s 8236 65 30
s 8237 59 34
s 8238 34 11
s 8239 80 36
s 8240 170 96
s 8241 217 109
s 8242 74 47
s 8243 63 28
s 8244 25 15
s 8245 130 54
s 8246 204 96
s 8247 158 90
s 8248 48 21
s 8249 35 18
s 8250 63 32
s 8251 61 35
s 8252 164 90
s 8253 12 7
s 8254 136 68
s 8255 54 32
s 8256 82 39
s 8257 16 6
s 8258 16 9
s 8259 100 52
s 8260 47 24
s 8261 148 81
s 8262 78 46
s 8263 284 146
s 8264 47 26
s 8265 18 10
s 8266 207 101
s 8267 105 49
s 8268 185 102
s 8269 25 12
s 8270 76 42
s 8271 30 13
s 8272 38 25
s 8273 48 26
s 8274 24 8
s 8275 23 11
s 8276 135 63
s 8277 183 93
s 8278 425 230
s 8279 188 100
s 8280 117 58
s 8281 9 4
s 8282 45 28
s 8283 53 34
s 8284 30 17
s 8285 151 80
s 8286 18 7
s 8287 13 6
s 8288 85 41
s 8289 157 82
s 8290 86 35
s 8291 33 14
s 8292 126 59
s 8293 166 90
s 8294 28 21
s 8295 13 8
s 8296 140 72
s 8297 172 81
s 8298 129 67
s 8299 108 46
s 8300 86 39
s 8301 50 24
s 8302 142 76
s 8303 68 42
s 8304 170 84
s 8305 53 29
s 8306 61 29
s 8311 188 109
s 8312 64 28
s 8313 159 97
s 8315 230 121
s 8318 89 44
s 8320 192 93
s 8321 75 33
s 8323 127 64
s 8327 191 109
s 8328 58 26
s 8329 48 24
s 8330 30 18
s 8337 56 22
s 8347 42 28
s 8482 151 84
s 8483 195 99
s 8484 271 157
s 8485 89 54
s 8486 33 15
s 8487 203 100
s 8488 76 41
s 8489 151 91
s 8490 103 53
s 8491 62 30
s 8492 166 103
s 8493 94 56
s 8494 118 60
s 8495 84 44
s 8496 497 274
s 8497 394 231
s 8498 153 89
s 8499 139 75
s 8500 75 51
s 8501 217 117
s 8502 478 255
s 8503 40 24
s 8504 95 57
s 8505 38 26
s 8506 89 52
s 8507 103 45
s 8508 66 39
s 8509 44 20
s 8510 455 275
s 8511 112 59
s 8512 138 70
s 8513 24 14
s 8514 12 4
s 8515 216 125
s 8516 97 53
s 8517 58 27
s 8518 186 105
s 8519 554 325
s 8520 72 43
s 8521 43 24
s 8522 633 395
s 8523 220 112
s 8524 508 312
s 8525 24 18
s 8526 40 16
s 8527 69 32
s 8528 112 62
s 8529 42 23
s 8530 50 29
s 8531 47 20
s 8532 220 128
s 8533 270 152
s 8534 842 444
s 8535 333 190
s 8536 280 180
s 8537 26 13
s 8538 156 89
s 8539 134 85
s 8540 47 29
s 8541 437 239
s 8542 55 30
s 8543 54 28
s 8544 28 13
s 8545 202 112
s 8546 51 22
s 8547 25 13
s 8548 350 203
s 8549 205 118
s 8550 45 23
s 8551 37 15
s 8552 55 27
s 8553 349 198
s 8554 362 184
s 8555 232 135
s 8556 26 13
s 8557 253 137
s 8558 161 98
s 8559 164 84
s 8560 392 215
s 8561 141 88
s 8562 163 86
s 8567 304 172
s 8568 153 76
s 8569 211 110
s 8571 371 181
s 8574 193 122
s 8576 315 172
s 8577 40 19
s 8579 256 150
s 8583 92 46
s 8584 112 56
s 8585 65 41
s 8586 76 49
s 8593 156 80
s 8603 53 33
s 8739 66 26
s 8740 192 92
s 8741 106 53
s 8742 50 18
s 8743 38 21
s 8744 97 50
s 8745 141 60
s 8746 197 96
s 8747 54 26
s 8748 137 68
s 8749 76 37
s 8750 133 54
s 8751 61 28
s 8752 393 192
s 8753 311 149
s 8754 126 71
s 8755 110 53
s 8756 36 19
s 8757 179 84
s 8758 426 229
s 8759 238 121
s 8760 97 46
s 8761 76 33
s 8762 71 34
s 8763 46 20
s 8764 307 172
s 8765 25 13
s 8766 333 183
s 8767 119 60
s 8768 125 59
s 8769 17 6
s 8770 15 7
s 8771 164 67
s 8772 97 50
s 8773 241 127
s 8774 181 100
s 8775 479 258
s 8776 78 36
s 8777 39 11
s 8778 140 59
s 8779 139 57
s 8780 33 12
s 8781 63 34
s 8782 140 69
s 8783 64 28
s 8784 111 51
s 8785 46 24
s 8786 12 8
s 8787 40 21
s 8788 226 102
s 8789 307 132
s 8790 556 251
s 8791 317 144
s 8792 183 90
s 8793 22 9
s 8794 69 23
s 8795 106 53
s 8796 45 21
s 8797 287 149
s 8798 44 24
s 8799 33 17
s 8800 132 63
s 8801 285 137
s 8802 175 75
s 8803 61 31
s 8804 242 122
s 8805 193 78
s 8806 59 37
s 8807 35 17
s 8808 249 130
s 8809 326 176
s 8810 20 10
s 8811 118 54
s 8812 129 53
s 8813 187 84
s 8814 187 109
s 8815 145 84
s 8816 321 182
s 8817 18 8
s 8818 94 40
s 8823 259 147
s 8824 65 26
s 8825 253 141
s 8827 349 174
s 8830 47 29
s 8832 239 104
s 8833 129 70
s 8835 237 128
s 8839 311 162
s 8840 58 30
s 8841 64 36
s 8842 59 33
s 8849 111 50
s 8859 74 38
s 8996 433 206
s 8997 136 55
s 8998 83 35
s 8999 131 48
s 9000 125 43
s 9001 252 99
s 9002 306 147
s 9003 108 58
s 9004 201 99
s 9005 99 54
s 9006 146 60
s 9007 109 42
s 9008 481 222
s 9009 506 262
s 9010 163 84
s 9011 156 81
s 9012 56 33
s 9013 273 115
s 9014 631 293
s 9015 342 160
s 9016 87 42
s 9017 106 57
s 9018 100 43
s 9019 72 32
s 9020 462 230
s 9021 21 7
s 9022 419 226
s 9023 150 73
s 9024 202 89
s 9025 32 14
s 9026 31 13
s 9027 292 158
s 9028 165 65
s 9029 377 164
s 9030 225 102
s 9031 610 306
s 9032 103 47
s 9033 59 19
s 9034 322 152
s 9035 241 122
s 9036 192 96
s 9037 71 39
s 9038 181 99
s 9039 91 35
s 9040 122 56
s 9041 97 51
s 9042 28 11
s 9043 75 29
s 9044 338 155
s 9045 446 194
s 9046 925 436
s 9047 459 230
s 9048 339 174
s 9049 29 14
s 9050 96 44
s 9051 148 79
s 9052 67 32
s 9053 483 251
s 9054 43 17
s 9055 67 34
s 9056 255 115
s 9057 414 187
s 9058 258 105
s 9059 106 45
s 9060 320 161
s 9061 317 137
s 9062 99 41
s 9063 35 13
s 9064 403 214
s 9065 397 180
s 9066 134 52
s 9067 213 104
s 9068 206 89
s 9069 193 91
s 9070 254 110
s 9071 164 74
s 9072 382 177
s 9073 39 18
s 9074 148 61
s 9079 332 170
s 9080 126 51
s 9081 289 135
s 9083 482 198
s 9086 115 60
s 9088 397 180
s 9089 243 107
s 9091 282 135
s 9095 521 236
s 9096 132 64
s 9097 106 54
s 9098 78 32
s 9105 147 69
s 9115 111 58
s 9253 256 119
s 9254 97 37
s 9255 376 185
s 9256 248 105
s 9257 374 184
s 9258 347 182
s 9259 147 73
s 9260 347 168
s 9261 223 110
s 9262 266 115
s 9263 241 125
s 9264 849 406
s 9265 904 460
s 9266 312 162
s 9267 361 184
s 9268 135 64
s 9269 558 252
s 9270 919 422
s 9271 438 212
s 9272 205 101
s 9273 130 63
s 9274 207 98
s 9275 188 92
s 9276 504 278
s 9277 65 32
s 9278 983 515
s 9279 226 107
s 9280 318 136
s 9281 74 38
s 9282 43 17
s 9283 399 191
s 9284 303 143
s 9285 461 215
s 9286 395 215
s 9287 1296 681
s 9288 202 85
s 9289 101 40
s 9290 969 504
s 9291 437 216
s 9292 734 407
s 9293 76 30
s 9294 226 105
s 9295 166 69
s 9296 204 90
s 9297 145 70
s 9298 73 35
s 9299 121 53
s 9300 567 265
s 9301 714 340
s 9302 1769 833
s 9303 862 473
s 9304 646 343
s 9305 42 21
s 9306 275 141
s 9307 269 132
s 9308 132 75
s 9309 853 432
s 9310 74 36
s 9311 89 43
s 9312 278 131
s 9313 617 292
s 9314 327 135
s 9315 113 50
s 9316 618 304
s 9317 620 294
s 9318 140 74
s 9319 85 52
s 9320 468 241
s 9321 732 345
s 9322 610 301
s 9323 479 258
s 9324 276 128
s 9325 335 148
s 9326 413 208
s 9327 391 197
s 9328 732 391
s 9329 196 102
s 9330 303 142
s 9335 668 344
s 9336 313 150
s 9337 619 327
s 9339 912 424
s 9342 333 171
s 9344 732 321
s 9345 274 128
s 9347 546 256
s 9351 592 308
s 9352 253 116
s 9353 163 78
s 9354 115 60
s 9361 304 132
s 9371 167 86
s 9510 45 23
s 9511 159 71
s 9512 30 13
s 9513 116 53
s 9514 125 61
s 9515 59 34
s 9516 133 63
s 9517 30 13
s 9518 89 37
s 9519 95 38
s 9520 295 132
s 9521 403 203
s 9522 19 10
s 9523 51 27
s 9524 63 32
s 9525 129 38
s 9526 349 164
s 9527 188 94
s 9528 72 33
s 9529 26 12
s 9530 36 18
s 9531 63 23
s 9532 255 133
s 9533 31 16
s 9534 198 98
s 9535 67 24
s 9536 36 13
s 9537 19 6
s 9538 2 0
s 9539 193 88
s 9540 22 12
s 9541 185 76
s 9542 104 40
s 9543 318 144
s 9544 40 12
s 9545 24 10
s 9546 379 187
s 9547 55 21
s 9548 337 161
s 9549 39 23
s 9550 85 50
s 9551 21 11
s 9552 62 26
s 9553 61 25
s 9554 38 16
s 9555 9 5
s 9556 100 51
s 9557 122 51
s 9558 378 170
s 9559 45 21
s 9560 151 63
s 9561 16 8
s 9562 93 45
s 9563 57 31
s 9564 46 21
s 9565 279 127
s 9566 15 5
s 9567 40 19
s 9568 108 47
s 9569 207 91
s 9570 146 49
s 9571 43 19
s 9572 123 45
s 9573 115 57
s 9574 17 11
s 9575 13 4
s 9576 180 78
s 9577 157 62
s 9578 276 122
s 9579 131 53
s 9580 109 47
s 9581 121 58
s 9582 125 61
s 9583 10 4
s 9584 57 20
s 9585 94 50
s 9586 89 37
s 9591 107 51
s 9592 110 53
s 9593 73 35
s 9595 159 78
s 9598 128 51
s 9600 201 76
s 9601 102 46
s 9603 61 27
s 9607 237 107
s 9608 76 34
s 9609 69 24
s 9610 51 21
s 9617 103 34
s 9627 54 17
s 9767 82 38
s 9768 41 13
s 9769 58 24
s 9770 28 12
s 9771 26 6
s 9772 74 40
s 9773 49 29
s 9774 63 29
s 9775 33 15
s 9776 183 79
s 9777 114 49
s 9778 71 36
s 9779 47 21
s 9780 47 24
s 9781 107 52
s 9782 203 99
s 9783 27 9
s 9784 49 26
s 9785 24 11
s 9786 32 19
s 9787 62 24
s 9788 41 21
s 9789 10 7
s 9790 152 80
s 9791 52 27
s 9792 68 37
s 9793 15 11
s 9794 12 7
s 9795 89 50
s 9796 57 29
s 9797 27 13
s 9798 78 40
s 9799 172 88
s 9800 46 16
s 9801 18 6
s 9802 234 116
s 9803 84 40
s 9804 170 85
s 9805 17 10
s 9806 19 10
s 9807 37 16
s 9808 47 23
s 9809 15 9
s 9810 28 13
s 9811 20 14
s 9812 92 45
s 9813 125 60
s 9814 342 164
s 9815 137 66
s 9816 110 57
s 9817 14 4
s 9818 96 44
s 9819 85 38
s 9820 18 8
s 9821 170 83
s 9822 11 7
s 9823 21 11
s 9824 15 9
s 9825 76 33
s 9826 19 14
s 9827 11 5
s 9828 126 49
s 9829 125 57
s 9830 21 6
s 9831 23 15
s 9832 29 13
s 9833 168 66
s 9834 118 52
s 9835 92 52
s 9836 9 4
s 9837 103 39
s 9838 81 39
s 9839 76 35
s 9840 172 86
s 9841 48 31
s 9842 66 35
s 9847 121 57
s 9848 67 35
s 9849 135 67
s 9851 174 78
s 9854 75 37
s 9856 127 53
s 9857 21 9
s 9859 121 55
s 9863 49 20
s 9864 42 20
s 9865 22 13
s 9866 36 17
s 9873 48 15
s 9883 35 16
s 10024 146 56
s 10025 265 119
s 10026 314 157
s 10027 93 51
s 10028 231 103
s 10029 123 62
s 10030 161 65
s 10031 114 52
s 10032 584 288
s 10033 483 234
s 10034 161 73
s 10035 170 85
s 10036 35 17
s 10037 315 132
s 10038 710 351
s 10039 393 176
s 10040 131 55
s 10041 96 46
s 10042 124 59
s 10043 70 28
s 10044 475 254
s 10045 18 7
s 10046 522 301
s 10047 133 51
s 10048 159 66
s 10049 34 13
s 10050 25 9
s 10051 346 169
s 10052 160 69
s 10053 383 181
s 10054 251 126
s 10055 691 352
s 10056 128 61
s 10057 75 33
s 10058 246 122
s 10059 260 119
s 10060 123 64
s 10061 61 32
s 10062 165 91
s 10063 87 42
s 10064 128 62
s 10065 76 33
s 10066 32 15
s 10067 70 30
s 10068 369 161
s 10069 446 194
s 10070 941 448
s 10071 517 263
s 10072 279 147
s 10073 29 17
s 10074 108 48
s 10075 116 52
s 10076 79 36
s 10077 561 296
s 10078 60 23
s 10079 77 36
s 10080 239 104
s 10081 416 190
s 10082 248 105
s 10083 91 39
s 10084 321 134
s 10085 278 119
s 10086 67 34
s 10087 41 27
s 10088 422 216
s 10089 427 189
s 10090 90 44
s 10091 208 108
s 10092 225 91
s 10093 243 107
s 10094 243 111
s 10095 173 90
s 10096 388 181
s 10097 42 17
s 10098 169 74
s 10103 403 199
s 10104 111 43
s 10105 304 141
s 10107 543 258
s 10110 94 37
s 10112 377 168
s 10113 230 98
s 10115 309 146
s 10119 492 237
s 10120 112 52
s 10121 120 54
s 10122 81 45
s 10129 161 68
s 10139 110 61
s 10281 123 57
s 10282 150 78
s 10283 56 23
s 10284 104 49
s 10285 32 13
s 10286 68 27
s 10287 104 37
s 10288 229 106
s 10289 297 136
s 10290 25 9
s 10291 51 16
s 10292 44 21
s 10293 129 45
s 10294 304 128
s 10295 159 71
s 10296 75 40
s 10297 27 12
s 10298 30 17
s 10299 71 34
s 10300 165 85
s 10301 14 7
s 10302 148 72
s 10303 57 23
s 10304 46 16
s 10305 16 8
s 10306 5 2
s 10307 140 62
s 10308 30 16
s 10309 149 65
s 10310 125 58
s 10311 211 110
s 10312 24 9
s 10313 24 11
s 10314 329 160
s 10315 63 32
s 10316 308 153
s 10317 30 13
s 10318 82 42
s 10319 25 11
s 10320 56 24
s 10321 38 14
s 10322 25 13
s 10323 9 5
s 10324 111 48
s 10325 148 65
s 10326 286 144
s 10327 97 46
s 10328 137 67
s 10329 22 11
s 10330 70 37
s 10331 59 20
s 10332 23 12
s 10333 257 127
s 10334 23 10
s 10335 32 18
s 10336 92 47
s 10337 155 75
s 10338 91 30
s 10339 39 12
s 10340 113 53
s 10341 79 35
s 10342 25 12
s 10343 12 7
s 10344 132 64
s 10345 84 32
s 10346 194 85
s 10347 110 54
s 10348 104 43
s 10349 98 47
s 10350 91 42
s 10351 48 21
s 10352 84 44
s 10353 62 31
s 10354 103 52
s 10359 87 40
s 10360 94 32
s 10361 59 31
s 10363 123 53
s 10366 100 42
s 10368 156 76
s 10369 98 45
s 10371 54 23
s 10375 196 93
s 10376 66 26
s 10377 91 45
s 10378 26 6
s 10385 106 47
s 10395 34 17
s 10538 117 54
s 10539 114 56
s 10540 11 3
s 10541 105 56
s 10542 21 7
s 10543 156 88
s 10544 33 14
s 10545 455 246
s 10546 91 44
s 10547 123 52
s 10548 72 35
s 10549 148 62
s 10550 26 8
s 10551 286 143
s 10552 30 13
s 10553 65 29
s 10554 109 52
s 10555 106 50
s 10556 278 138
s 10557 17 3
s 10558 339 173
s 10559 74 39
s 10560 176 88
s 10561 35 13
s 10562 19 7
s 10563 17 6
s 10564 170 84
s 10565 236 107
s 10566 34 12
s 10567 434 209
s 10568 63 29
s 10569 42 18
s 10570 1149 632
s 10571 195 91
s 10572 440 225
s 10573 43 29
s 10574 110 55
s 10575 68 28
s 10576 17 9
s 10577 34 14
s 10578 20 7
s 10579 47 24
s 10580 266 118
s 10581 307 136
s 10582 813 394
s 10583 341 164
s 10584 280 142
s 10585 5 2
s 10586 131 64
s 10587 71 36
s 10588 55 28
s 10589 90 44
s 10590 5 1
s 10591 7 2
s 10592 148 81
s 10593 322 157
s 10594 197 83
s 10595 48 26
s 10596 255 123
s 10597 350 168
s 10598 51 17
s 10599 31 13
s 10600 254 128
s 10601 320 154
s 10602 255 134
s 10603 198 92
s 10604 176 77
s 10605 10 4
s 10606 266 147
s 10607 165 85
s 10608 311 153
s 10609 97 45
s 10610 63 23
s 10615 317 169
s 10616 153 68
s 10617 230 130
s 10619 398 194
s 10622 185 92
s 10624 542 259
s 10625 175 79
s 10627 197 103
s 10631 368 186
s 10632 87 45
s 10633 90 33
s 10634 22 10
s 10641 49 21
s 10651 80 43
s 10795 118 59
s 10796 107 46
s 10797 119 68
s 10798 109 48
s 10799 149 80
s 10800 318 152
s 10801 399 206
s 10802 131 66
s 10803 137 61
s 10804 103 59
s 10805 259 116
s 10806 295 146
s 10807 153 77
s 10808 106 56
s 10809 54 36
s 10810 129 57
s 10811 138 64
s 10812 178 98
s 10813 31 12
s 10814 394 234
s 10815 139 62
s 10816 191 104
s 10817 27 13
s 10818 18 10
s 10819 128 65
s 10820 177 96
s 10821 131 60
s 10822 138 71
s 10823 482 259
s 10824 89 42
s 10825 49 20
s 10826 704 387
s 10827 263 127
s 10828 609 356
s 10829 37 25
s 10830 73 37
s 10831 63 28
s 10832 79 47
s 10833 54 31
s 10834 55 34
s 10835 41 20
s 10836 268 132
s 10837 337 166
s 10838 967 503
s 10839 445 241
s 10840 288 165
s 10841 14 7
s 10842 174 87
s 10843 121 56
s 10844 47 25
s 10845 358 183
s 10846 25 9
s 10847 30 14
s 10848 83 45
s 10849 289 151
s 10850 129 62
s 10851 42 17
s 10852 262 148
s 10853 377 184
s 10854 58 30
s 10855 45 21
s 10856 159 75
s 10857 382 200
s 10858 398 213
s 10859 222 107
s 10860 79 43
s 10861 121 61
s 10862 258 138
s 10863 167 93
s 10864 331 169
s 10865 160 91
s 10866 145 71
s 10871 349 197
s 10872 189 85
s 10873 306 163
s 10875 466 217
s 10878 193 93
s 10880 437 231
s 10881 108 52
s 10883 247 124
s 10887 232 124
s 10888 96 42
s 10889 75 46
s 10890 64 31
s 10897 127 60
s 10907 73 41
s 11052 112 56
s 11053 61 28
s 11054 96 44
s 11055 43 26
s 11056 295 154
s 11057 202 105
s 11058 92 51
s 11059 104 53
s 11060 28 17
s 11061 145 72
s 11062 350 171
s 11063 108 62
s 11064 72 38
s 11065 31 18
s 11066 45 22
s 11067 41 19
s 11068 106 57
s 11069 18 7
s 11070 278 168
s 11071 78 40
s 11072 79 38
s 11073 29 13
s 11074 11 6
s 11075 173 86
s 11076 76 31
s 11077 113 47
s 11078 115 59
s 11079 391 231
s 11080 58 35
s 11081 29 18
s 11082 232 133
s 11083 142 72
s 11084 157 89
s 11085 16 8
s 11086 61 35
s 11087 44 17
s 11088 59 30
s 11089 43 18
s 11090 20 8
s 11091 28 15
s 11092 162 76
s 11093 175 84
s 11094 462 246
s 11095 222 115
s 11096 190 112
s 11097 18 11
s 11098 74 34
s 11099 67 31
s 11100 27 15
s 11101 236 117
s 11102 30 13
s 11103 39 18
s 11104 75 29
s 11105 168 82
s 11106 64 28
s 11107 34 18
s 11108 196 94
s 11109 138 66
s 11110 46 23
s 11111 19 7
s 11112 109 56
s 11113 204 101
s 11114 138 81
s 11115 126 51
s 11116 91 33
s 11117 143 71
s 11118 112 62
s 11119 86 53
s 11120 201 102
s 11121 45 19
s 11122 97 44
s 11127 199 91
s 11128 77 39
s 11129 148 73
s 11131 236 99
s 11134 91 47
s 11136 207 108
s 11137 68 35
s 11139 141 69
s 11143 140 71
s 11144 69 35
s 11145 28 17
s 11146 47 29
s 11153 82 31
s 11163 55 31
s 11309 109 55
s 11310 15 5
s 11311 129 60
s 11312 18 8
s 11313 510 247
s 11314 151 81
s 11315 130 72
s 11316 73 33
s 11317 147 63
s 11318 23 9
s 11319 280 143
s 11320 20 10
s 11321 66 37
s 11322 79 36
s 11323 115 58
s 11324 283 152
s 11325 27 14
s 11326 332 178
s 11327 77 36
s 11328 153 72
s 11329 43 20
s 11330 19 11
s 11331 5 4
s 11332 108 53
s 11333 258 126
s 11334 18 6
s 11335 454 231
s 11336 60 24
s 11337 27 12
s 11338 592 300
s 11339 191 93
s 11340 465 242
s 11341 56 30
s 11342 128 66
s 11343 79 38
s 11344 23 9
s 11345 51 30
s 11346 44 26
s 11347 41 20
s 11348 272 140
s 11349 308 154
s 11350 749 378
s 11351 315 164
s 11352 237 127
s 11353 9 5
s 11354 148 70
s 11355 112 47
s 11356 63 40
s 11357 90 42
s 11358 1 1
s 11359 9 3
s 11360 166 65
s 11361 443 226
s 11362 181 74
s 11363 63 25
s 11364 231 118
s 11365 250 129
s 11366 64 31
s 11367 33 16
s 11368 273 141
s 11369 374 189
s 11370 299 153
s 11371 226 118
s 11372 173 70
s 11373 7 3
s 11374 248 144
s 11375 153 68
s 11376 328 164
s 11377 104 49
s 11378 50 17
s 11383 278 159
s 11384 163 75
s 11385 306 164
s 11387 393 177
s 11390 203 103
s 11392 375 170
s 11393 156 76
s 11395 226 112
s 11399 377 192
s 11400 126 63
s 11401 85 49
s 11402 23 8
s 11409 37 11
s 11419 83 44
s 11566 89 47
s 11567 65 36
s 11568 252 131
s 11569 328 177
s 11570 40 20
s 11571 61 30
s 11572 34 20
s 11573 145 72
s 11574 302 162
s 11575 155 75
s 11576 67 35
s 11577 32 17
s 11578 37 19
s 11579 66 35
s 11580 179 107
s 11581 19 12
s 11582 117 68
s 11583 53 28
s 11584 69 33
s 11585 15 9
s 11586 4 1
s 11587 147 84
s 11588 33 22
s 11589 168 82
s 11590 101 55
s 11591 208 122
s 11592 51 26
s 11593 29 14
s 11594 309 177
s 11595 76 36
s 11596 247 138
s 11597 32 14
s 11598 78 44
s 11599 33 15
s 11600 62 29
s 11601 37 19
s 11602 39 16
s 11603 21 5
s 11604 116 60
s 11605 174 81
s 11606 309 157
s 11607 123 65
s 11608 121 65
s 11609 13 6
s 11610 74 41
s 11611 57 27
s 11612 37 24
s 11613 231 113
s 11614 30 14
s 11615 31 16
s 11616 97 56
s 11617 198 105
s 11618 111 55
s 11619 28 13
s 11620 133 72
s 11621 90 35
s 11622 25 12
s 11623 22 10
s 11624 161 84
s 11625 126 67
s 11626 140 66
s 11627 102 59
s 11628 117 50
s 11629 103 44
s 11630 100 65
s 11631 34 15
s 11632 110 55
s 11633 68 39
s 11634 69 26
s 11639 126 65
s 11640 95 45
s 11641 87 49
s 11643 152 68
s 11646 108 58
s 11648 177 82
s 11649 85 42
s 11651 84 43
s 11655 191 99
s 11656 56 31
s 11657 50 30
s 11658 56 28
s 11665 87 51
s 11675 35 16
s 11823 98 39
s 11824 48 14
s 11825 416 211
s 11826 114 54
s 11827 122 54
s 11828 56 29
s 11829 123 48
s 11830 49 17
s 11831 261 94
s 11832 28 12
s 11833 56 24
s 11834 68 25
s 11835 82 29
s 11836 269 139
s 11837 43 17
s 11838 350 154
s 11839 69 22
s 11840 128 47
s 11841 31 13
s 11842 19 12
s 11843 30 13
s 11844 95 41
s 11845 203 86
s 11846 28 11
s 11847 395 187
s 11848 54 24
s 11849 33 15
s 11850 478 241
s 11851 140 60
s 11852 331 181
s 11853 57 23
s 11854 151 73
s 11855 54 24
s 11856 24 11
s 11857 40 19
s 11858 38 23
s 11859 46 18
s 11860 244 121
s 11861 303 137
s 11862 642 313
s 11863 271 127
s 11864 194 97
s 11865 5 4
s 11866 137 69
s 11867 72 28
s 11868 46 33
s 11869 98 47
s 11870 4 3
s 11871 10 6
s 11872 149 60
s 11873 272 133
s 11874 162 69
s 11875 53 16
s 11876 243 120
s 11877 174 83
s 11878 38 21
s 11879 36 16
s 11880 215 107
s 11881 301 142
s 11882 246 101
s 11883 186 96
s 11884 143 65
s 11885 25 8
s 11886 201 99
s 11887 146 73
s 11888 278 119
s 11889 96 51
s 11890 56 16
s 11895 233 118
s 11896 146 58
s 11897 207 95
s 11899 348 154
s 11902 150 72
s 11904 323 137
s 11905 173 84
s 11907 209 103
s 11911 314 149
s 11912 108 45
s 11913 88 50
s 11914 24 9
s 11921 64 23
s 11931 82 32
s 12080 387 199
s 12081 323 176
s 12082 100 57
s 12083 116 66
s 12084 36 16
s 12085 212 86
s 12086 428 194
s 12087 131 64
s 12088 77 34
s 12089 69 40
s 12090 70 34
s 12091 84 38
s 12092 166 82
s 12093 21 12
s 12094 324 173
s 12095 85 41
s 12096 114 42
s 12097 18 8
s 12098 16 6
s 12099 191 91
s 12100 79 31
s 12101 179 82
s 12102 134 68
s 12103 463 238
s 12104 70 33
s 12105 46 19
s 12106 274 136
s 12107 138 64
s 12108 192 86
s 12109 32 22
s 12110 63 33
s 12111 47 24
s 12112 89 38
s 12113 54 30
s 12114 30 17
s 12115 44 13
s 12116 249 113
s 12117 270 128
s 12118 560 281
s 12119 316 149
s 12120 226 117
s 12121 22 9
s 12122 86 38
s 12123 78 44
s 12124 35 17
s 12125 360 182
s 12126 37 15
s 12127 26 11
s 12128 80 36
s 12129 225 112
s 12130 126 58
s 12131 32 10
s 12132 259 122
s 12133 196 100
s 12134 44 21
s 12135 24 14
s 12136 181 93
s 12137 235 115
s 12138 175 85
s 12139 156 81
s 12140 113 53
s 12141 143 71
s 12142 157 70
s 12143 109 57
s 12144 262 132
s 12145 62 31
s 12146 111 49
s 12151 235 111
s 12152 98 41
s 12153 194 107
s 12155 314 153
s 12158 97 45
s 12160 229 103
s 12161 88 43
s 12163 163 82
s 12167 212 117
s 12168 85 40
s 12169 60 27
s 12170 66 38
s 12177 102 50
s 12187 50 20
s 12337 1457 771
s 12338 382 207
s 12339 376 209
s 12340 184 91
s 12341 309 136
s 12342 27 12
s 12343 839 409
s 12344 74 37
s 12345 225 115
s 12346 260 122
s 12347 389 194
s 12348 996 536
s 12349 112 54
s 12350 1131 612
s 12351 181 98
s 12352 341 162
s 12353 100 44
s 12354 59 30
s 12355 15 11
s 12356 298 145
s 12357 711 357
s 12358 50 23
s 12359 1411 767
s 12360 162 81
s 12361 74 34
s 12362 1567 787
s 12363 471 235
s 12364 1298 679
s 12365 169 87
s 12366 358 189
s 12367 260 135
s 12368 74 40
s 12369 121 58
s 12370 120 64
s 12371 167 81
s 12372 751 382
s 12373 961 473
s 12374 2118 1040
s 12375 889 466
s 12376 703 413
s 12377 8 1
s 12378 520 260
s 12379 473 227
s 12380 242 128
s 12381 285 147
s 12382 4 1
s 12383 10 3
s 12384 464 219
s 12385 955 483
s 12386 570 262
s 12387 174 87
s 12388 780 398
s 12389 677 310
s 12390 205 110
s 12391 115 53
s 12392 715 384
s 12393 997 495
s 12394 1051 541
s 12395 661 337
s 12396 399 177
s 12397 14 5
s 12398 613 326
s 12399 439 233
s 12400 946 490
s 12401 324 175
s 12402 198 92
s 12407 792 415
s 12408 475 207
s 12409 692 378
s 12411 1074 519
s 12414 557 284
s 12416 1019 476
s 12417 507 263
s 12419 712 328
s 12423 1087 603
s 12424 377 200
s 12425 277 138
s 12426 43 19
s 12433 129 52
s 12443 258 146
s 12594 490 266
s 12595 365 179
s 12596 212 104
s 12597 725 341
s 12598 1449 753
s 12599 582 320
s 12600 371 207
s 12601 203 106
s 12602 268 137
s 12603 272 118
s 12604 571 316
s 12605 96 52
s 12606 1225 707
s 12607 356 169
s 12608 399 192
s 12609 88 44
s 12610 60 35
s 12611 752 401
s 12612 430 238
s 12613 502 248
s 12614 516 275
s 12615 1391 743
s 12616 299 151
s 12617 151 78
s 12618 1292 689
s 12619 595 313
s 12620 940 493
s 12621 112 59
s 12622 304 171
s 12623 257 130
s 12624 369 191
s 12625 173 87
s 12626 124 76
s 12627 150 71
s 12628 704 350
s 12629 980 506
s 12630 2342 1190
s 12631 1179 643
s 12632 672 367
s 12633 94 49
s 12634 505 243
s 12635 527 271
s 12636 172 89
s 12637 1101 586
s 12638 161 91
s 12639 145 75
s 12640 249 111
s 12641 727 363
s 12642 375 183
s 12643 115 48
s 12644 785 408
s 12645 912 488
s 12646 192 110
s 12647 103 59
s 12648 449 232
s 12649 1231 677
s 12650 692 380
s 12651 582 343
s 12652 240 126
s 12653 654 343
s 12654 668 342
s 12655 493 267
s 12656 1271 698
s 12657 267 144
s 12658 346 169
s 12663 999 521
s 12664 365 179
s 12665 1004 531
s 12667 1554 770
s 12670 387 182
s 12672 1052 538
s 12673 235 142
s 12675 948 515
s 12679 724 397
s 12680 274 131
s 12681 169 84
s 12682 228 118
s 12689 500 241
s 12699 251 126
s 12851 58 31
s 12852 78 46
s 12853 189 91
s 12854 410 217
s 12855 245 133
s 12856 77 41
s 12857 38 22
s 12858 47 25
s 12859 144 67
s 12860 265 148
s 12861 33 17
s 12862 236 137
s 12863 73 38
s 12864 27 11
s 12865 31 16
s 12866 4 2
s 12867 202 111
s 12868 34 12
s 12869 197 93
s 12870 159 93
s 12871 349 191
s 12872 57 28
s 12873 34 13
s 12874 479 257
s 12875 61 26
s 12876 355 194
s 12877 54 27
s 12878 117 57
s 12879 18 7
s 12880 116 58
s 12881 40 24
s 12882 43 31
s 12883 11 5
s 12884 103 54
s 12885 136 61
s 12886 458 247
s 12887 62 38
s 12888 176 106
s 12889 35 17
s 12890 144 75
s 12891 88 42
s 12892 58 34
s 12893 319 186
s 12894 27 9
s 12895 36 22
s 12896 146 67
s 12897 260 138
s 12898 178 85
s 12899 46 25
s 12900 136 76
s 12901 127 60
s 12902 30 13
s 12903 18 12
s 12904 222 113
s 12905 199 104
s 12906 295 182
s 12907 143 66
s 12908 115 52
s 12909 180 79
s 12910 157 82
s 12911 34 23
s 12912 89 49
s 12913 123 75
s 12914 107 52
s 12919 151 79
s 12920 136 64
s 12921 99 47
s 12923 240 118
s 12926 155 74
s 12928 243 119
s 12929 121 60
s 12931 103 59
s 12935 308 170
s 12936 87 44
s 12937 96 56
s 12938 49 24
s 12945 147 62
s 12955 61 25
s 13108 56 33
s 13109 192 81
s 13110 303 147
s 13111 270 130
s 13112 110 57
s 13113 34 22
s 13114 51 23
s 13115 110 54
s 13116 206 117
s 13117 30 17
s 13118 119 68
s 13119 66 33
s 13120 57 24
s 13121 30 14
s 13122 7 4
s 13123 146 75
s 13124 54 23
s 13125 194 103
s 13126 105 52
s 13127 147 76
s 13128 50 27
s 13129 30 11
s 13130 418 207
s 13131 95 38
s 13132 381 204
s 13133 37 21
s 13134 91 48
s 13135 21 5
s 13136 85 43
s 13137 47 26
s 13138 20 11
s 13139 18 7
s 13140 107 59
s 13141 107 45
s 13142 390 189
s 13143 145 82
s 13144 101 55
s 13145 17 8
s 13146 101 52
s 13147 76 34
s 13148 55 34
s 13149 283 146
s 13150 33 14
s 13151 41 22
s 13152 104 48
s 13153 179 83
s 13154 153 69
s 13155 43 17
s 13156 88 42
s 13157 141 70
s 13158 15 6
s 13159 21 12
s 13160 174 88
s 13161 130 56
s 13162 265 129
s 13163 132 69
s 13164 102 47
s 13165 125 59
s 13166 112 61
s 13167 59 36
s 13168 145 76
s 13169 80 42
s 13170 101 39
s 13175 140 64
s 13176 122 43
s 13177 84 42
s 13179 197 85
s 13182 156 77
s 13184 212 111
s 13185 114 57
s 13187 119 58
s 13191 230 115
s 13192 65 32
s 13193 66 38
s 13194 59 30
s 13201 101 44
s 13211 53 28
s 13365 98 35
s 13366 216 101
s 13367 148 88
s 13368 53 31
s 13369 37 23
s 13370 39 19
s 13371 29 13
s 13372 152 83
s 13373 16 9
s 13374 234 134
s 13375 49 18
s 13376 66 34
s 13377 17 10
s 13378 4 0
s 13379 102 62
s 13380 55 25
s 13381 153 80
s 13382 92 53
s 13383 247 133
s 13384 36 17
s 13385 13 3
s 13386 118 59
s 13387 78 40
s 13388 82 47
s 13389 21 12
s 13390 59 36
s 13391 30 11
s 13392 45 29
s 13393 36 21
s 13394 11 5
s 13395 20 11
s 13396 104 51
s 13397 149 71
s 13398 339 169
s 13399 174 96
s 13400 99 60
s 13401 15 8
s 13402 63 41
s 13403 434 280
s 13404 36 23
s 13405 187 106
s 13406 17 11
s 13407 24 10
s 13408 83 42
s 13409 142 73
s 13410 88 40
s 13411 26 16
s 13412 127 70
s 13413 113 57
s 13414 27 13
s 13415 18 9
s 13416 113 69
s 13417 154 93
s 13418 54 36
s 13419 80 43
s 13420 74 29
s 13421 71 30
s 13422 85 49
s 13423 84 48
s 13424 157 84
s 13425 29 21
s 13426 40 18
s 13431 146 86
s 13432 41 20
s 13433 109 67
s 13435 198 102
s 13438 44 24
s 13440 127 65
s 13441 76 33
s 13443 122 62
s 13447 177 99
s 13448 50 27
s 13449 49 28
s 13450 36 18
s 13457 66 36
s 13467 57 33
s 13622 384 160
s 13623 402 171
s 13624 102 43
s 13625 86 43
s 13626 133 62
s 13627 166 68
s 13628 476 226
s 13629 42 19
s 13630 551 299
s 13631 144 61
s 13632 190 76
s 13633 45 16
s 13634 38 19
s 13635 180 90
s 13636 165 62
s 13637 404 168
s 13638 174 89
s 13639 865 419
s 13640 126 55
s 13641 48 22
s 13642 732 362
s 13643 267 110
s 13644 611 310
s 13645 94 49
s 13646 192 91
s 13647 89 33
s 13648 104 55
s 13649 93 49
s 13650 48 21
s 13651 67 19
s 13652 325 138
s 13653 519 223
s 13654 1006 436
s 13655 525 240
s 13656 450 228
s 13657 20 8
s 13658 188 79
s 13659 133 50
s 13660 85 44
s 13661 435 227
s 13662 35 14
s 13663 56 25
s 13664 234 105
s 13665 479 210
s 13666 307 101
s 13667 90 37
s 13668 432 203
s 13669 326 141
s 13670 78 34
s 13671 45 19
s 13672 434 211
s 13673 402 189
s 13674 490 233
s 13675 331 152
s 13676 256 98
s 13677 118 41
s 13678 284 126
s 13679 166 78
s 13680 428 196
s 13681 128 52
s 13682 158 67
s 13687 427 207
s 13688 271 111
s 13689 275 125
s 13691 560 237
s 13694 259 119
s 13696 491 227
s 13697 238 95
s 13699 337 157
s 13703 503 228
s 13704 190 87
s 13705 156 63
s 13706 76 36
s 13713 149 57
s 13723 124 67
s 13879 918 476
s 13880 85 42
s 13881 203 104
s 13882 303 155
s 13883 360 166
s 13884 950 505
s 13885 81 40
s 13886 1175 688
s 13887 234 118
s 13888 416 186
s 13889 123 56
s 13890 53 28
s 13891 13 8
s 13892 352 169
s 13893 879 448
s 13894 46 13
s 13895 1525 794
s 13896 208 105
s 13897 85 43
s 13898 1682 904
s 13899 679 346
s 13900 1440 774
s 13901 172 98
s 13902 391 181
s 13903 198 87
s 13904 65 31
s 13905 112 53
s 13906 106 60
s 13907 120 65
s 13908 655 301
s 13909 915 422
s 13910 2295 1169
s 13911 1061 546
s 13912 770 438
s 13913 12 8
s 13914 506 258
s 13915 336 166
s 13916 220 117
s 13917 268 133
s 13918 12 6
s 13919 7 1
s 13920 484 258
s 13921 987 500
s 13922 644 293
s 13923 161 63
s 13924 679 334
s 13925 877 434
s 13926 163 71
s 13927 95 47
s 13928 829 421
s 13929 1016 488
s 13930 1087 522
s 13931 678 373
s 13932 483 209
s 13933 17 11
s 13934 627 318
s 13935 466 216
s 13936 1100 599
s 13937 317 174
s 13938 186 103
s 13943 956 501
s 13944 557 275
s 13945 802 422
s 13947 1280 647
s 13950 602 297
s 13952 1139 556
s 13953 439 221
s 13955 759 400
s 13959 1149 581
s 13960 324 163
s 13961 342 179
s 13962 58 32
s 13969 192 97
s 13979 232 116
s 14136 203 113
s 14137 85 48
s 14138 142 65
s 14139 218 123
s 14140 40 23
s 14141 60 31
s 14142 1613 928
s 14143 147 69
s 14144 278 129
s 14145 40 17
s 14146 26 13
s 14147 401 223
s 14148 186 94
s 14149 53 24
s 14150 345 182
s 14151 1630 923
s 14152 142 58
s 14153 88 51
s 14154 971 531
s 14155 309 160
s 14156 872 476
s 14157 20 11
s 14158 29 13
s 14159 120 52
s 14160 220 108
s 14161 53 31
s 14162 82 43
s 14163 68 29
s 14164 368 163
s 14165 419 194
s 14166 1056 536
s 14167 662 359
s 14168 586 314
s 14169 45 20
s 14170 283 160
s 14171 219 94
s 14172 55 31
s 14173 733 401
s 14174 86 34
s 14175 57 20
s 14176 13 7
s 14177 308 160
s 14178 42 14
s 14179 9 4
s 14180 577 286
s 14181 346 183
s 14182 84 37
s 14183 44 21
s 14184 34 14
s 14185 571 296
s 14186 777 424
s 14187 491 245
s 14188 15 6
s 14189 404 189
s 14190 308 163
s 14191 269 144
s 14192 651 333
s 14193 202 107
s 14194 275 128
s 14199 450 255
s 14200 272 146
s 14201 363 186
s 14203 643 306
s 14206 361 191
s 14208 503 239
s 14209 28 13
s 14211 405 207
s 14215 71 35
s 14216 208 109
s 14217 85 43
s 14218 120 61
s 14225 301 145
s 14235 92 37
s 14393 45 27
s 14394 64 28
s 14395 61 28
s 14396 260 128
s 14397 22 7
s 14398 236 128
s 14399 58 23
s 14400 90 37
s 14401 15 11
s 14402 14 6
s 14403 38 12
s 14404 60 28
s 14405 188 98
s 14406 31 12
s 14407 367 189
s 14408 48 22
s 14409 21 12
s 14410 331 165
s 14411 135 67
s 14412 292 152
s 14413 45 22
s 14414 74 41
s 14415 42 22
s 14416 27 13
s 14417 40 18
s 14418 22 14
s 14419 50 21
s 14420 165 79
s 14421 266 136
s 14422 452 233
s 14423 236 119
s 14424 168 87
s 14425 9 3
s 14426 117 63
s 14427 73 40
s 14428 51 22
s 14429 136 76
s 14430 5 4
s 14431 8 4
s 14432 135 66
s 14433 239 118
s 14434 120 56
s 14435 52 27
s 14436 292 145
s 14437 194 109
s 14438 50 21
s 14439 34 17
s 14440 184 90
s 14441 238 117
s 14442 193 96
s 14443 159 89
s 14444 124 51
s 14445 33 11
s 14446 160 79
s 14447 83 45
s 14448 209 108
s 14449 64 39
s 14450 59 22
s 14455 244 132
s 14456 118 62
s 14457 162 84
s 14459 279 131
s 14462 125 62
s 14464 200 104
s 14465 113 51
s 14467 184 98
s 14471 264 144
s 14472 72 33
s 14473 71 47
s 14474 15 8
s 14481 55 25
s 14491 65 41
s 14650 30 11
s 14651 49 31
s 14652 111 54
s 14653 18 13
s 14654 118 72
s 14655 48 25
s 14656 40 24
s 14657 20 9
s 14658 4 3
s 14659 85 45
s 14660 33 18
s 14661 55 29
s 14662 84 45
s 14663 143 77
s 14664 28 14
s 14665 16 8
s 14666 258 149
s 14667 72 40
s 14668 185 116
s 14669 17 8
s 14670 25 13
s 14671 23 10
s 14672 56 25
s 14673 28 15
s 14674 19 13
s 14675 13 5
s 14676 80 45
s 14677 86 39
s 14678 284 164
s 14679 89 50
s 14680 99 59
s 14681 7 4
s 14682 63 43
s 14683 78 43
s 14684 16 6
s 14685 133 77
s 14686 21 9
s 14687 17 13
s 14688 41 22
s 14689 107 53
s 14690 62 33
s 14691 18 10
s 14692 71 35
s 14693 94 49
s 14694 21 13
s 14695 12 10
s 14696 91 50
s 14697 122 69
s 14698 143 80
s 14699 93 51
s 14700 29 18
s 14701 104 47
s 14702 90 50
s 14703 36 25
s 14704 85 50
s 14705 50 27
s 14706 56 30
s 14711 101 58
s 14712 50 26
s 14713 79 46
s 14715 135 69
s 14718 66 38
s 14720 134 65
s 14721 47 24
s 14723 70 30
s 14727 105 67
s 14728 44 15
s 14729 33 18
s 14730 33 20
s 14737 69 34
s 14747 33 19
s 14907 58 25
s 14908 177 90
s 14909 26 17
s 14910 192 98
s 14911 59 27
s 14912 44 24
s 14913 30 14
s 14914 4 0
s 14915 138 68
s 14916 30 17
s 14917 143 62
s 14918 113 56
s 14919 242 121
s 14920 46 26
s 14921 34 17
s 14922 281 142
s 14923 74 31
s 14924 258 147
s 14925 32 16
s 14926 69 34
s 14927 22 10
s 14928 52 27
s 14929 30 12
s 14930 23 6
s 14931 19 10
s 14932 117 57
s 14933 114 50
s 14934 330 159
s 14935 112 53
s 14936 125 67
s 14937 25 13
s 14938 71 38
s 14939 56 29
s 14940 38 20
s 14941 243 126
s 14942 23 12
s 14943 22 9
s 14944 73 30
s 14945 160 71
s 14946 86 37
s 14947 23 12
s 14948 118 59
s 14949 116 57
s 14950 18 10
s 14951 11 4
s 14952 124 55
s 14953 115 58
s 14954 226 114
s 14955 141 71
s 14956 72 33
s 14957 109 49
s 14958 105 57
s 14959 62 33
s 14960 111 66
s 14961 63 35
s 14962 77 31
s 14967 132 73
s 14968 87 36
s 14969 78 44
s 14971 185 76
s 14974 117 53
s 14976 161 75
s 14977 82 32
s 14979 91 42
s 14983 171 86
s 14984 61 28
s 14985 56 29
s 14986 57 31
s 14993 106 39
s 15003 36 18
s 15164 195 99
s 15165 20 10
s 15166 307 160
s 15167 71 31
s 15168 83 40
s 15169 32 18
s 15170 8 5
s 15171 141 65
s 15172 104 52
s 15173 161 73
s 15174 97 42
s 15175 357 170
s 15176 88 41
s 15177 32 10
s 15178 234 112
s 15179 108 50
s 15180 104 49
s 15181 32 18
s 15182 73 40
s 15183 57 24
s 15184 89 40
s 15185 40 17
s 15186 26 14
s 15187 35 13
s 15188 159 70
s 15189 214 84
s 15190 498 236
s 15191 266 123
s 15192 182 98
s 15193 22 10
s 15194 68 35
s 15195 98 48
s 15196 46 27
s 15197 286 140
s 15198 14 7
s 15199 29 9
s 15200 100 37
s 15201 197 90
s 15202 117 54
s 15203 32 16
s 15204 201 89
s 15205 164 67
s 15206 44 24
s 15207 17 8
s 15208 179 80
s 15209 278 130
s 15210 96 45
s 15211 123 56
s 15212 99 45
s 15213 146 65
s 15214 142 71
s 15215 160 87
s 15216 284 149
s 15217 39 14
s 15218 83 29
s 15223 243 120
s 15224 53 26
s 15225 183 84
s 15227 289 132
s 15230 69 34
s 15232 241 105
s 15233 102 46
s 15235 187 98
s 15239 226 110
s 15240 71 34
s 15241 46 17
s 15242 46 19
s 15249 94 44
s 15259 58 23
s 15421 66 38
s 15422 684 389
s 15423 196 101
s 15424 247 122
s 15425 49 27
s 15426 34 15
s 15427 455 244
s 15428 230 124
s 15429 59 30
s 15430 371 191
s 15431 828 482
s 15432 176 88
s 15433 78 39
s 15434 1072 562
s 15435 369 188
s 15436 956 517
s 15437 27 16
s 15438 35 19
s 15439 137 64
s 15440 201 109
s 15441 70 31
s 15442 86 43
s 15443 97 45
s 15444 439 220
s 15445 536 255
s 15446 1409 764
s 15447 731 405
s 15448 405 237
s 15449 51 19
s 15450 331 177
s 15451 392 212
s 15452 55 34
s 15453 753 397
s 15454 77 33
s 15455 94 58
s 15456 14 3
s 15457 297 153
s 15458 73 33
s 15459 10 5
s 15460 455 230
s 15461 548 285
s 15462 97 48
s 15463 51 26
s 15464 65 26
s 15465 745 390
s 15466 703 350
s 15467 425 230
s 15468 17 8
s 15469 412 211
s 15470 198 107
s 15471 263 126
s 15472 697 409
s 15473 223 114
s 15474 227 112
s 15479 623 347
s 15480 282 132
s 15481 534 275
s 15483 934 460
s 15486 355 174
s 15488 674 348
s 15489 30 12
s 15491 496 237
s 15495 57 25
s 15496 170 84
s 15497 75 49
s 15498 153 75
s 15505 305 136
s 15515 76 50
s 15678 76 44
s 15679 27 13
s 15680 30 14
s 15681 9 3
s 15682 6 3
s 15683 41 21
s 15684 29 16
s 15685 45 22
s 15686 32 19
s 15687 118 58
s 15688 20 9
s 15689 8 3
s 15690 92 51
s 15691 45 27
s 15692 49 26
s 15693 12 4
s 15694 21 9
s 15695 18 9
s 15696 35 21
s 15697 21 8
s 15698 5 4
s 15699 17 10
s 15700 61 33
s 15701 87 39
s 15702 147 70
s 15703 72 44
s 15704 41 21
s 15705 9 3
s 15706 37 19
s 15707 37 20
s 15708 18 8
s 15709 70 34
s 15710 8 4
s 15711 5 3
s 15712 20 7
s 15713 80 41
s 15714 30 13
s 15715 19 9
s 15716 57 28
s 15717 56 22
s 15718 15 6
s 15719 9 4
s 15720 50 25
s 15721 105 51
s 15722 43 31
s 15723 35 20
s 15724 16 3
s 15725 52 27
s 15726 49 28
s 15727 32 14
s 15728 85 39
s 15729 13 7
s 15730 23 6
s 15735 84 44
s 15736 26 11
s 15737 78 42
s 15739 105 47
s 15742 26 13
s 15744 57 31
s 15745 27 21
s 15747 78 41
s 15751 66 29
s 15752 23 10
s 15753 21 10
s 15754 21 9
s 15761 32 11
s 15771 17 10
s 15935 129 70
s 15936 227 126
s 15937 76 39
s 15938 27 10
s 15939 522 307
s 15940 169 102
s 15941 600 321
s 15942 396 233
s 15943 324 178
s 15944 145 67
s 15945 79 42
s 15946 1117 629
s 15947 298 155
s 15948 1146 709
s 15949 141 79
s 15950 315 204
s 15951 105 57
s 15952 291 160
s 15953 127 67
s 15954 125 67
s 15955 57 25
s 15956 336 181
s 15957 486 264
s 15958 859 492
s 15959 685 382
s 15960 187 105
s 15961 54 31
s 15962 333 207
s 15963 265 146
s 15964 174 100
s 15965 894 494
s 15966 91 46
s 15967 105 59
s 15968 326 180
s 15969 576 311
s 15970 463 240
s 15971 133 68
s 15972 292 166
s 15973 297 180
s 15974 94 43
s 15975 70 36
s 15976 507 286
s 15977 424 251
s 15978 901 504
s 15979 404 241
s 15980 330 158
s 15981 472 264
s 15982 367 199
s 15983 276 158
s 15984 773 489
s 15985 273 152
s 15986 315 179
s 15991 345 203
s 15992 431 214
s 15993 379 235
s 15995 510 279
s 15998 496 280
s 16000 615 315
s 16001 347 187
s 16003 374 216
s 16007 850 507
s 16008 219 126
s 16009 240 127
s 16010 167 92
s 16017 390 191
s 16027 176 96
s 16192 81 29
s 16193 26 8
s 16194 8 6
s 16195 106 43
s 16196 64 33
s 16197 160 74
s 16198 96 49
s 16199 277 128
s 16200 57 25
s 16201 21 8
s 16202 329 180
s 16203 97 44
s 16204 290 156
s 16205 32 18
s 16206 90 45
s 16207 41 17
s 16208 65 22
s 16209 52 29
s 16210 17 7
s 16211 32 14
s 16212 165 73
s 16213 210 101
s 16214 388 190
s 16215 197 97
s 16216 121 67
s 16217 14 8
s 16218 91 51
s 16219 59 24
s 16220 40 22
s 16221 182 93
s 16222 19 12
s 16223 22 12
s 16224 96 32
s 16225 208 106
s 16226 137 63
s 16227 40 17
s 16228 169 84
s 16229 135 71
s 16230 33 17
s 16231 26 13
s 16232 153 80
s 16233 156 80
s 16234 193 96
s 16235 143 65
s 16236 117 48
s 16237 74 36
s 16238 117 57
s 16239 68 32
s 16240 161 79
s 16241 87 52
s 16242 76 37
s 16247 134 68
s 16248 117 52
s 16249 129 66
s 16251 184 76
s 16254 138 66
s 16256 202 96
s 16257 119 55
s 16259 122 61
s 16263 226 111
s 16264 75 30
s 16265 58 33
s 16266 25 9
s 16273 77 25
s 16283 59 25
s 16449 24 15
s 16450 7 2
s 16451 181 94
s 16452 46 27
s 16453 203 88
s 16454 171 84
s 16455 317 162
s 16456 62 29
s 16457 25 11
s 16458 482 221
s 16459 86 30
s 16460 359 171
s 16461 42 23
s 16462 129 52
s 16463 21 8
s 16464 103 52
s 16465 67 35
s 16466 28 11
s 16467 17 8
s 16468 143 65
s 16469 181 75
s 16470 470 214
s 16471 100 46
s 16472 165 85
s 16473 26 9
s 16474 102 50
s 16475 94 39
s 16476 53 30
s 16477 336 158
s 16478 41 24
s 16479 51 17
s 16480 130 54
s 16481 291 130
s 16482 160 73
s 16483 56 23
s 16484 157 74
s 16485 161 73
s 16486 29 9
s 16487 23 11
s 16488 258 135
s 16489 183 76
s 16490 275 136
s 16491 158 72
s 16492 132 51
s 16493 150 69
s 16494 135 67
s 16495 60 26
s 16496 91 50
s 16497 93 45
s 16498 131 56
s 16503 134 54
s 16504 146 63
s 16505 69 40
s 16507 203 87
s 16510 169 81
s 16512 231 89
s 16513 155 69
s 16515 90 37
s 16519 317 147
s 16520 90 49
s 16521 90 38
s 16522 51 21
s 16529 123 50
s 16539 47 18
s 16706 5 0
s 16707 44 19
s 16708 21 10
s 16709 40 15
s 16710 43 16
s 16711 111 54
s 16712 11 3
s 16713 9 1
s 16714 70 34
s 16715 38 13
s 16716 66 27
s 16717 8 3
s 16718 28 14
s 16719 10 3
s 16720 20 12
s 16721 15 10
s 16722 6 3
s 16723 9 1
s 16724 50 24
s 16725 64 27
s 16726 118 63
s 16727 68 31
s 16728 51 24
s 16729 3 0
s 16730 29 16
s 16731 28 13
s 16732 7 2
s 16733 84 35
s 16734 8 2
s 16735 13 5
s 16736 24 10
s 16737 66 25
s 16738 32 15
s 16739 10 1
s 16740 46 18
s 16741 48 26
s 16742 9 5
s 16743 9 6
s 16744 34 15
s 16745 66 24
s 16746 52 17
s 16747 41 19
s 16748 23 9
s 16749 47 24
s 16750 37 13
s 16751 35 16
s 16752 68 33
s 16753 19 12
s 16754 31 16
s 16759 44 17
s 16760 18 12
s 16761 61 24
s 16763 67 30
s 16766 25 11
s 16768 66 30
s 16769 16 5
s 16771 52 26
s 16775 56 24
s 16776 19 9
s 16777 20 11
s 16778 17 9
s 16785 31 16
s 16795 9 3
s 16963 20 10
s 16964 5 2
s 16965 28 15
s 16966 13 5
s 16967 50 29
s 16968 8 5
s 16969 2 0
s 16970 60 30
s 16971 10 7
s 16972 54 27
s 16973 6 2
s 16974 10 7
s 16975 2 0
s 16976 13 8
s 16977 4 2
s 16978 9 3
s 16980 11 3
s 16981 9 4
s 16982 68 35
s 16983 6 3
s 16984 18 7
s 16985 5 3
s 16986 13 7
s 16987 14 7
s 16988 9 4
s 16989 42 21
s 16990 3 2
s 16991 2 1
s 16992 28 13
s 16993 42 25
s 16994 18 8
s 16995 9 4
s 16996 18 8
s 16997 20 8
s 16998 1 1
s 16999 3 2
s 17000 26 11
s 17001 24 10
s 17002 47 21
s 17003 18 11
s 17004 14 7
s 17005 34 17
s 17006 14 7
s 17007 3 1
s 17008 7 4
s 17009 15 6
s 17010 15 8
s 17015 19 6
s 17016 13 8
s 17017 17 9
s 17019 40 24
s 17022 32 17
s 17024 38 18
s 17025 24 10
s 17027 8 4
s 17031 50 21
s 17032 10 6
s 17033 11 6
s 17034 15 8
s 17041 21 10
s 17051 10 7
s 17220 201 108
s 17221 353 185
s 17222 24 11
s 17223 708 385
s 17224 100 50
s 17225 34 14
s 17226 836 450
s 17227 275 156
s 17228 608 349
s 17229 74 33
s 17230 193 91
s 17231 109 51
s 17232 30 17
s 17233 73 43
s 17234 39 18
s 17235 53 27
s 17236 309 152
s 17237 483 233
s 17238 993 543
s 17239 482 258
s 17240 356 195
s 17241 2 1
s 17242 224 121
s 17243 117 48
s 17244 95 54
s 17245 149 81
s 17246 2 2
s 17247 6 3
s 17248 224 101
s 17249 365 165
s 17250 257 124
s 17251 80 38
s 17252 287 133
s 17253 386 190
s 17254 75 46
s 17255 44 15
s 17256 412 226
s 17257 424 227
s 17258 496 270
s 17259 311 153
s 17260 213 108
s 17261 7 3
s 17262 313 186
s 17263 186 93
s 17264 457 260
s 17265 155 88
s 17266 76 31
s 17271 432 213
s 17272 223 123
s 17273 341 183
s 17275 611 311
s 17278 283 152
s 17280 512 244
s 17281 225 108
s 17283 332 186
s 17287 559 319
s 17288 173 100
s 17289 129 72
s 17290 21 3
s 17297 67 36
s 17307 113 62
s 17477 186 87
s 17478 138 64
s 17479 279 138
s 17480 39 14
s 17481 34 13
s 17482 434 233
s 17483 61 26
s 17484 328 170
s 17485 22 16
s 17486 94 51
s 17487 15 11
s 17488 82 34
s 17489 68 39
s 17490 37 15
s 17491 16 8
s 17492 114 60
s 17493 124 49
s 17494 381 183
s 17495 79 38
s 17496 153 84
s 17497 27 14
s 17498 72 38
s 17499 64 27
s 17500 36 21
s 17501 316 171
s 17502 30 12
s 17503 29 19
s 17504 132 59
s 17505 262 120
s 17506 122 60
s 17507 52 19
s 17508 116 53
s 17509 98 50
s 17510 29 17
s 17511 17 9
s 17512 225 125
s 17513 164 86
s 17514 247 114
s 17515 148 85
s 17516 118 50
s 17517 132 57
s 17518 111 62
s 17519 41 21
s 17520 85 49
s 17521 91 55
s 17522 89 37
s 17527 138 62
s 17528 124 67
s 17529 84 33
s 17531 162 78
s 17534 151 86
s 17536 204 93
s 17537 132 66
s 17539 70 33
s 17543 250 122
s 17544 66 35
s 17545 74 32
s 17546 38 17
s 17553 113 53
s 17563 47 25
s 17734 251 124
s 17735 704 332
s 17736 127 57
s 17737 56 25
s 17738 893 465
s 17739 314 161
s 17740 845 482
s 17741 28 13
s 17742 35 16
s 17743 111 44
s 17744 186 93
s 17745 47 25
s 17746 65 35
s 17747 57 27
s 17748 313 148
s 17749 375 178
s 17750 1319 683
s 17751 562 280
s 17752 416 224
s 17753 41 24
s 17754 286 130
s 17755 197 88
s 17756 71 38
s 17757 683 334
s 17758 57 23
s 17759 89 38
s 17760 25 11
s 17761 250 120
s 17762 61 22
s 17763 11 6
s 17764 337 174
s 17765 450 203
s 17766 88 49
s 17767 37 18
s 17768 54 21
s 17769 554 266
s 17770 617 303
s 17771 329 174
s 17772 39 18
s 17773 281 132
s 17774 302 152
s 17775 215 120
s 17776 519 277
s 17777 161 89
s 17778 210 96
s 17783 560 281
s 17784 196 87
s 17785 696 359
s 17787 776 371
s 17790 282 144
s 17792 485 215
s 17793 37 22
s 17795 432 228
s 17799 81 36
s 17800 146 83
s 17801 69 37
s 17802 122 59
s 17809 243 124
s 17819 72 40
s 17991 476 236
s 17992 57 21
s 17993 41 25
s 17994 694 359
s 17995 214 104
s 17996 460 243
s 17997 71 38
s 17998 144 81
s 17999 75 37
s 18000 43 20
s 18001 47 20
s 18002 47 24
s 18003 53 25
s 18004 263 130
s 18005 364 170
s 18006 911 451
s 18007 434 227
s 18008 266 138
s 18009 9 4
s 18010 186 96
s 18011 153 79
s 18012 92 57
s 18013 108 51
s 18014 4 4
s 18015 6 3
s 18016 170 92
s 18017 416 175
s 18018 236 116
s 18019 81 35
s 18020 271 139
s 18021 286 139
s 18022 64 38
s 18023 26 18
s 18024 284 143
s 18025 379 179
s 18026 355 198
s 18027 267 139
s 18028 161 76
s 18029 17 10
s 18030 271 135
s 18031 185 93
s 18032 319 178
s 18033 154 88
s 18034 72 40
s 18039 300 153
s 18040 185 89
s 18041 305 157
s 18043 415 178
s 18046 198 94
s 18048 464 236
s 18049 197 111
s 18051 275 143
s 18055 366 197
s 18056 125 57
s 18057 110 56
s 18058 21 10
s 18065 66 27
s 18075 86 45
s 18248 180 89
s 18249 108 61
s 18250 1615 870
s 18251 472 256
s 18252 1372 773
s 18253 160 80
s 18254 345 167
s 18255 173 77
s 18256 353 173
s 18257 157 87
s 18258 158 91
s 18259 99 46
s 18260 494 247
s 18261 690 340
s 18262 1285 666
s 18263 886 479
s 18264 322 179
s 18265 85 45
s 18266 436 240
s 18267 446 249
s 18268 223 123
s 18269 1140 606
s 18270 152 75
s 18271 137 73
s 18272 360 201
s 18273 690 345
s 18274 550 274
s 18275 170 78
s 18276 394 177
s 18277 466 262
s 18278 155 79
s 18279 90 48
s 18280 678 343
s 18281 584 291
s 18282 1014 553
s 18283 450 224
s 18284 398 195
s 18285 594 322
s 18286 592 342
s 18287 388 229
s 18288 868 469
s 18289 371 202
s 18290 435 215
s 18295 474 269
s 18296 508 242
s 18297 496 254
s 18299 665 311
s 18302 589 304
s 18304 871 456
s 18305 375 187
s 18307 489 273
s 18311 1038 572
s 18312 264 148
s 18313 262 140
s 18314 228 111
s 18321 421 199
s 18331 191 103
s 18505 20 9
s 18506 305 171
s 18507 63 29
s 18508 252 129
s 18509 33 16
s 18510 74 38
s 18511 29 13
s 18512 48 24
s 18513 23 16
s 18514 24 16
s 18515 15 7
s 18516 109 52
s 18517 150 67
s 18518 289 150
s 18519 147 72
s 18520 105 53
s 18521 8 4
s 18522 81 46
s 18523 124 62
s 18524 37 14
s 18525 164 83
s 18526 23 18
s 18527 16 9
s 18528 85 41
s 18529 194 93
s 18530 115 48
s 18531 38 16
s 18532 116 52
s 18533 104 34
s 18534 25 12
s 18535 14 6
s 18536 157 90
s 18537 118 59
s 18538 203 102
s 18539 113 55
s 18540 74 33
s 18541 66 37
s 18542 101 45
s 18543 66 34
s 18544 117 63
s 18545 60 27
s 18546 63 26
s 18551 110 60
s 18552 82 43
s 18553 84 45
s 18555 159 72
s 18558 74 32
s 18560 178 75
s 18561 106 61
s 18563 106 39
s 18567 211 95
s 18568 54 35
s 18569 66 33
s 18570 30 12
s 18577 74 36
s 18587 51 24
s 18762 132 63
s 18763 48 21
s 18764 100 56
s 18765 16 3
s 18766 45 24
s 18767 21 4
s 18768 32 10
s 18769 14 9
s 18770 20 11
s 18771 12 4
s 18772 75 32
s 18773 77 40
s 18774 200 87
s 18775 79 41
s 18776 62 34
s 18777 3 0
s 18778 44 25
s 18779 37 19
s 18780 11 6
s 18781 106 49
s 18782 13 3
s 18783 6 3
s 18784 40 17
s 18785 79 32
s 18786 54 22
s 18787 15 8
s 18788 74 31
s 18789 71 31
s 18790 12 4
s 18791 7 3
s 18792 52 18
s 18793 98 40
s 18794 85 39
s 18795 61 34
s 18796 17 5
s 18797 25 9
s 18798 79 39
s 18799 45 23
s 18800 95 52
s 18801 37 29
s 18802 33 12
s 18807 70 31
s 18808 49 21
s 18809 59 28
s 18811 98 49
s 18814 53 23
s 18816 101 49
s 18817 43 19
s 18819 67 37
s 18823 89 51
s 18824 36 17
s 18825 42 19
s 18826 18 10
s 18833 51 20
s 18843 18 8
s 19019 655 344
s 19020 399 218
s 19021 187 103
s 19022 500 276
s 19023 265 133
s 19024 360 172
s 19025 244 133
s 19026 70 39
s 19027 181 91
s 19028 804 424
s 19029 1121 568
s 19030 2263 1127
s 19031 1180 645
s 19032 797 473
s 19033 105 58
s 19034 282 126
s 19035 401 211
s 19036 179 102
s 19037 1294 701
s 19038 191 92
s 19039 175 95
s 19040 572 290
s 19041 1146 624
s 19042 648 284
s 19043 234 109
s 19044 912 481
s 19045 728 356
s 19046 209 118
s 19047 122 59
s 19048 1206 607
s 19049 1101 578
s 19050 334 157
s 19051 535 287
s 19052 577 271
s 19053 695 361
s 19054 708 379
s 19055 535 309
s 19056 1143 635
s 19057 120 68
s 19058 403 163
s 19063 969 501
s 19064 269 138
s 19065 825 424
s 19067 1281 620
s 19070 269 143
s 19072 1035 524
s 19073 663 318
s 19075 865 419
s 19079 1316 720
s 19080 311 174
s 19081 293 139
s 19082 256 137
s 19089 402 168
s 19099 318 163
s 19276 565 299
s 19277 59 28
s 19278 156 73
s 19279 33 17
s 19280 131 66
s 19281 79 42
s 19282 59 33
s 19283 33 15
s 19284 216 103
s 19285 252 101
s 19286 603 296
s 19287 165 89
s 19288 256 133
s 19289 36 19
s 19290 144 75
s 19291 98 48
s 19292 74 40
s 19293 490 270
s 19294 59 22
s 19295 52 23
s 19296 199 88
s 19297 364 195
s 19298 196 79
s 19299 80 31
s 19300 215 123
s 19301 189 91
s 19302 33 18
s 19303 25 12
s 19304 346 178
s 19305 225 109
s 19306 378 194
s 19307 271 137
s 19308 199 98
s 19309 208 97
s 19310 163 87
s 19311 66 32
s 19312 171 82
s 19313 114 55
s 19314 172 71
s 19319 199 98
s 19320 206 109
s 19321 150 76
s 19323 302 171
s 19326 215 111
s 19328 353 144
s 19329 208 98
s 19331 132 58
s 19335 431 214
s 19336 113 58
s 19337 135 69
s 19338 72 30
s 19345 173 87
s 19355 72 33
s 19533 129 61
s 19534 447 239
s 19535 178 77
s 19536 285 154
s 19537 218 116
s 19538 47 27
s 19539 147 75
s 19540 647 340
s 19541 968 463
s 19542 2217 1191
s 19543 1037 598
s 19544 770 447
s 19545 69 40
s 19546 185 99
s 19547 312 180
s 19548 180 102
s 19549 1052 564
s 19550 95 51
s 19551 111 55
s 19552 462 241
s 19553 803 431
s 19554 530 246
s 19555 157 68
s 19556 732 372
s 19557 641 327
s 19558 173 94
s 19559 95 58
s 19560 759 407
s 19561 926 488
s 19562 88 39
s 19563 361 199
s 19564 471 238
s 19565 554 291
s 19566 580 303
s 19567 385 193
s 19568 986 574
s 19569 45 26
s 19570 289 153
s 19575 884 499
s 19576 142 61
s 19577 671 346
s 19579 1214 631
s 19582 118 71
s 19584 787 382
s 19585 430 220
s 19587 689 352
s 19591 1109 648
s 19592 210 94
s 19593 236 124
s 19594 201 97
s 19601 291 150
s 19611 250 131
s 19790 13 8
s 19791 28 16
s 19792 57 32
s 19793 19 8
s 19794 17 10
s 19795 19 14
s 19796 75 35
s 19797 86 44
s 19798 268 132
s 19799 131 71
s 19800 95 56
s 19801 7 4
s 19802 52 27
s 19803 51 26
s 19804 25 16
s 19805 133 69
s 19806 10 6
s 19807 14 6
s 19808 6 3
s 19809 74 37
s 19810 19 12
s 19811 4 2
s 19812 101 57
s 19813 78 44
s 19814 17 11
s 19815 11 6
s 19816 16 8
s 19817 132 67
s 19818 116 54
s 19819 75 36
s 19820 10 4
s 19821 81 41
s 19822 69 34
s 19823 56 32
s 19824 165 93
s 19825 32 15
s 19826 36 20
s 19831 100 50
s 19832 48 21
s 19833 96 45
s 19835 165 71
s 19838 64 30
s 19840 97 50
s 19841 12 10
s 19843 111 55
s 19847 32 21
s 19848 39 20
s 19849 20 11
s 19850 20 5
s 19857 55 26
s 19867 20 8
s 20047 67 29
s 20048 121 59
s 20049 29 14
s 20050 38 25
s 20051 41 20
s 20052 158 70
s 20053 182 91
s 20054 647 335
s 20055 336 187
s 20056 184 104
s 20057 34 18
s 20058 129 62
s 20059 107 60
s 20060 34 24
s 20061 339 177
s 20062 42 20
s 20063 46 22
s 20064 9 7
s 20065 145 88
s 20066 31 13
s 20067 5 1
s 20068 199 96
s 20069 212 98
s 20070 43 22
s 20071 23 14
s 20072 32 18
s 20073 304 165
s 20074 315 158
s 20075 152 89
s 20076 9 1
s 20077 160 84
s 20078 152 83
s 20079 130 64
s 20080 337 185
s 20081 100 60
s 20082 114 61
s 20087 275 143
s 20088 126 67
s 20089 235 139
s 20091 435 211
s 20094 152 76
s 20096 282 139
s 20097 18 9
s 20099 273 138
s 20103 46 22
s 20104 80 40
s 20105 36 17
s 20106 77 34
s 20113 135 58
s 20123 40 18
s 20304 41 14
s 20305 22 5
s 20306 24 9
s 20307 15 7
s 20308 82 36
s 20309 92 37
s 20310 195 88
s 20311 72 35
s 20312 73 46
s 20313 10 4
s 20314 63 27
s 20315 46 21
s 20316 27 14
s 20317 149 63
s 20318 23 12
s 20319 18 8
s 20320 68 36
s 20321 134 60
s 20322 104 52
s 20323 31 18
s 20324 76 32
s 20325 60 20
s 20326 20 8
s 20327 7 5
s 20328 99 41
s 20329 100 46
s 20330 139 62
s 20331 92 41
s 20332 63 29
s 20333 117 53
s 20334 76 32
s 20335 25 13
s 20336 65 29
s 20337 55 23
s 20338 66 26
s 20343 80 41
s 20344 59 33
s 20345 63 31
s 20347 103 46
s 20350 80 39
s 20352 126 53
s 20353 81 39
s 20355 53 24
s 20359 154 75
s 20360 50 15
s 20361 48 20
s 20362 24 11
s 20369 73 33
s 20379 33 11
s 20561 39 18
s 20562 25 10
s 20563 31 12
s 20564 165 76
s 20565 227 96
s 20566 499 257
s 20567 270 136
s 20568 141 68
s 20569 9 3
s 20570 128 62
s 20571 91 47
s 20572 56 28
s 20573 103 50
s 20574 9 1
s 20575 14 7
s 20576 98 40
s 20577 228 118
s 20578 165 78
s 20579 39 15
s 20580 326 179
s 20581 171 91
s 20582 36 13
s 20583 24 12
s 20584 173 78
s 20585 305 156
s 20586 234 116
s 20587 156 69
s 20588 106 44
s 20589 42 23
s 20590 181 91
s 20591 110 52
s 20592 247 123
s 20593 68 38
s 20594 49 24
s 20599 242 127
s 20600 117 56
s 20601 188 79
s 20603 337 159
s 20606 126 64
s 20608 256 135
s 20609 95 51
s 20611 203 96
s 20615 261 143
s 20616 93 46
s 20617 82 43
s 20618 36 19
s 20625 55 27
s 20635 67 30
s 20818 13 6
s 20819 21 7
s 20820 82 33
s 20821 99 49
s 20822 288 136
s 20823 165 90
s 20824 94 58
s 20825 13 9
s 20826 74 40
s 20827 62 32
s 20828 27 11
s 20829 101 55
s 20830 18 9
s 20831 12 5
s 20832 30 21
s 20833 102 44
s 20834 48 19
s 20835 14 7
s 20836 112 62
s 20837 132 59
s 20838 20 7
s 20839 14 7
s 20840 65 38
s 20841 165 86
s 20842 161 89
s 20843 74 36
s 20844 36 18
s 20845 29 15
s 20846 97 56
s 20847 77 41
s 20848 143 84
s 20849 48 22
s 20850 49 25
s 20855 118 59
s 20856 47 17
s 20857 125 65
s 20859 168 85
s 20862 74 39
s 20864 134 68
s 20865 38 19
s 20867 82 33
s 20871 85 52
s 20872 40 22
s 20873 23 10
s 20874 30 12
s 20881 47 21
s 20891 26 12
s 21075 17 9
s 21076 53 22
s 21077 104 54
s 21078 210 119
s 21079 103 64
s 21080 55 37
s 21081 5 3
s 21082 25 16
s 21083 35 12
s 21084 21 10
s 21085 97 40
s 21086 5 1
s 21087 11 10
s 21088 30 16
s 21089 88 42
s 21090 54 25
s 21091 16 10
s 21092 78 33
s 21093 65 36
s 21094 19 12
s 21095 14 9
s 21096 83 46
s 21097 128 71
s 21098 33 19
s 21099 42 19
s 21100 49 23
s 21101 52 29
s 21102 53 35
s 21103 51 32
s 21104 125 71
s 21105 5 2
s 21106 23 14
s 21111 98 55
s 21112 25 18
s 21113 81 51
s 21115 132 72
s 21118 33 18
s 21120 103 59
s 21121 41 23
s 21123 83 45
s 21127 117 63
s 21128 19 11
s 21129 21 10
s 21130 10 6
s 21137 46 21
s 21147 38 23
s 21332 45 21
s 21333 63 24
s 21334 176 86
s 21335 32 12
s 21336 67 36
s 21337 6 5
s 21338 42 25
s 21339 35 22
s 21340 24 14
s 21341 100 42
s 21342 18 5
s 21343 4 1
s 21344 39 24
s 21345 92 33
s 21346 57 22
s 21347 21 8
s 21348 46 24
s 21349 62 27
s 21350 10 4
s 21351 8 3
s 21352 70 25
s 21353 66 28
s 21354 90 50
s 21355 54 28
s 21356 52 31
s 21357 77 38
s 21358 66 37
s 21359 10 6
s 21360 35 13
s 21361 36 18
s 21362 42 16
s 21367 50 25
s 21368 53 21
s 21369 36 17
s 21371 73 31
s 21374 57 28
s 21376 92 47
s 21377 56 25
s 21379 40 17
s 21383 105 44
s 21384 24 13
s 21385 37 23
s 21386 21 11
s 21393 43 18
s 21403 34 16
s 21589 325 146
s 21590 990 495
s 21591 301 148
s 21592 266 126
s 21593 24 13
s 21594 255 127
s 21595 149 79
s 21596 102 54
s 21597 574 278
s 21598 66 35
s 21599 83 43
s 21600 188 83
s 21601 429 213
s 21602 243 107
s 21603 112 49
s 21604 224 118
s 21605 326 163
s 21606 56 34
s 21607 30 15
s 21608 386 189
s 21609 327 154
s 21610 500 225
s 21611 267 137
s 21612 224 94
s 21613 304 139
s 21614 276 127
s 21615 142 74
s 21616 259 132
s 21617 168 80
s 21618 204 87
s 21623 280 128
s 21624 256 124
s 21625 288 141
s 21627 442 186
s 21630 282 152
s 21632 440 215
s 21633 215 102
s 21635 222 106
s 21639 498 235
s 21640 135 72
s 21641 123 62
s 21642 135 61
s 21649 194 88
s 21659 92 47
s 21846 1265 634
s 21847 400 202
s 21848 370 171
s 21849 46 22
s 21850 390 176
s 21851 251 121
s 21852 129 72
s 21853 733 352
s 21854 90 37
s 21855 122 61
s 21856 240 110
s 21857 573 287
s 21858 305 133
s 21859 105 46
s 21860 359 157
s 21861 389 175
s 21862 52 20
s 21863 42 14
s 21864 476 241
s 21865 529 252
s 21866 741 360
s 21867 370 181
s 21868 274 112
s 21869 388 167
s 21870 357 183
s 21871 164 70
s 21872 409 210
s 21873 235 131
s 21874 282 124
s 21879 470 236
s 21880 375 193
s 21881 324 146
s 21883 682 306
s 21886 408 218
s 21888 648 310
s 21889 253 117
s 21891 329 149
s 21895 605 316
s 21896 192 100
s 21897 182 82
s 21898 150 63
s 21905 326 129
s 21915 123 50
s 22103 1183 609
s 22104 617 320
s 22105 132 70
s 22106 589 283
s 22107 505 269
s 22108 292 168
s 22109 1774 919
s 22110 175 78
s 22111 264 133
s 22112 771 363
s 22113 1546 771
s 22114 1094 509
s 22115 298 115
s 22116 954 507
s 22117 677 320
s 22118 234 121
s 22119 112 58
s 22120 1288 674
s 22121 898 440
s 22122 1511 771
s 22123 812 409
s 22124 1002 418
s 22125 894 405
s 22126 700 354
s 22127 505 275
s 22128 1105 557
s 22129 474 242
s 22130 674 302
s 22135 740 378
s 22136 796 361
s 22137 789 413
s 22139 1013 484
s 22142 910 459
s 22144 1271 606
s 22145 855 403
s 22147 718 354
s 22151 1789 953
s 22152 477 247
s 22153 485 256
s 22154 342 163
s 22161 656 280
s 22171 344 180
s 22360 472 270
s 22361 59 36
s 22362 276 142
s 22363 199 100
s 22364 132 67
s 22365 955 537
s 22366 88 51
s 22367 112 59
s 22368 312 157
s 22369 741 364
s 22370 450 191
s 22371 147 75
s 22372 374 204
s 22373 376 183
s 22374 79 40
s 22375 32 22
s 22376 560 282
s 22377 414 213
s 22378 828 428
s 22379 455 237
s 22380 337 168
s 22381 421 217
s 22382 345 193
s 22383 66 30
s 22384 225 114
s 22385 260 145
s 22386 347 155
s 22391 389 199
s 22392 396 198
s 22393 238 128
s 22395 559 259
s 22398 440 228
s 22400 574 317
s 22401 359 175
s 22403 193 97
s 22407 854 461
s 22408 201 106
s 22409 217 109
s 22410 153 78
s 22417 336 160
s 22427 162 83
s 22617 39 20
s 22618 201 110
s 22619 168 85
s 22620 96 45
s 22621 629 336
s 22622 61 24
s 22623 73 46
s 22624 198 102
s 22625 399 234
s 22626 340 177
s 22627 83 45
s 22628 251 132
s 22629 275 148
s 22630 77 39
s 22631 38 26
s 22632 397 217
s 22633 296 153
s 22634 422 202
s 22635 248 139
s 22636 251 148
s 22637 302 146
s 22638 292 155
s 22639 194 118
s 22640 473 271
s 22641 145 83
s 22642 201 112
s 22647 295 167
s 22648 219 131
s 22649 255 155
s 22651 383 197
s 22654 256 127
s 22656 473 252
s 22657 227 122
s 22659 237 126
s 22663 622 332
s 22664 137 71
s 22665 147 81
s 22666 100 58
s 22673 226 121
s 22683 124 62
s 22874 36 15
s 22875 13 7
s 22876 12 7
s 22877 19 16
s 22879 1 1
s 22880 14 5
s 22881 26 14
s 22882 25 13
s 22883 11 3
s 22884 27 13
s 22885 43 17
s 22886 10 5
s 22887 5 4
s 22888 34 21
s 22889 68 29
s 22890 61 29
s 22891 42 23
s 22892 16 9
s 22893 4 1
s 22894 61 34
s 22895 33 19
s 22896 67 34
s 22897 14 9
s 22898 14 5
s 22903 54 30
s 22904 28 17
s 22905 45 22
s 22907 65 31
s 22910 29 17
s 22912 65 31
s 22913 29 14
s 22915 52 27
s 22919 48 26
s 22920 26 14
s 22921 26 16
s 22922 2 1
s 22929 15 4
s 22939 9 4
s 23131 146 79
s 23132 51 26
s 23133 364 199
s 23134 53 23
s 23135 45 24
s 23136 149 72
s 23137 324 163
s 23138 208 103
s 23139 96 42
s 23140 253 145
s 23141 175 85
s 23142 59 21
s 23143 33 17
s 23144 244 138
s 23145 315 163
s 23146 213 112
s 23147 158 71
s 23148 149 57
s 23149 247 134
s 23150 173 97
s 23151 154 82
s 23152 371 204
s 23153 47 23
s 23154 120 58
s 23159 278 158
s 23160 113 53
s 23161 252 120
s 23163 369 174
s 23166 100 49
s 23168 253 117
s 23169 173 86
s 23171 271 145
s 23175 403 215
s 23176 92 45
s 23177 122 65
s 23178 70 30
s 23185 136 54
s 23195 119 59
s 23388 54 31
s 23389 452 263
s 23390 29 12
s 23391 47 24
s 23392 122 53
s 23393 245 126
s 23394 151 64
s 23395 80 46
s 23396 215 105
s 23397 169 82
s 23398 46 22
s 23399 27 13
s 23400 217 116
s 23401 275 139
s 23402 272 137
s 23403 154 63
s 23404 86 40
s 23405 117 43
s 23406 154 79
s 23407 91 41
s 23408 242 133
s 23409 104 51
s 23410 88 42
s 23415 195 105
s 23416 130 60
s 23417 152 77
s 23419 289 135
s 23422 119 56
s 23424 248 133
s 23425 132 64
s 23427 155 85
s 23431 295 148
s 23432 138 65
s 23433 116 63
s 23434 131 73
s 23441 148 69
s 23451 176 90
s 23645 171 91
s 23646 12 5
s 23647 16 9
s 23648 42 18
s 23649 106 65
s 23650 52 29
s 23651 13 10
s 23652 135 71
s 23653 88 53
s 23654 28 13
s 23655 16 8
s 23656 71 46
s 23657 186 89
s 23658 120 64
s 23659 86 55
s 23660 39 16
s 23661 86 44
s 23662 77 48
s 23663 57 27
s 23664 170 98
s 23665 47 28
s 23666 52 27
s 23671 119 76
s 23672 53 34
s 23673 104 65
s 23675 187 102
s 23678 74 39
s 23680 123 69
s 23681 44 26
s 23683 101 56
s 23687 101 69
s 23688 49 29
s 23689 29 14
s 23690 32 17
s 23697 60 27
s 23707 23 14
s 23902 23 7
s 23903 41 22
s 23904 376 181
s 23905 710 362
s 23906 490 239
s 23907 126 66
s 23908 562 293
s 23909 628 322
s 23910 143 68
s 23911 72 34
s 23912 678 336
s 23913 827 402
s 23914 798 423
s 23915 481 262
s 23916 438 215
s 23917 100 47
s 23918 543 293
s 23919 358 200
s 23920 821 422
s 23921 252 142
s 23922 184 105
s 23927 802 404
s 23928 414 192
s 23929 642 359
s 23931 1006 469
s 23934 419 206
s 23936 881 462
s 23937 383 180
s 23939 565 303
s 23943 888 480
s 23944 275 132
s 23945 230 136
s 23946 82 51
s 23953 168 84
s 23963 216 108
s 24159 2 1
s 24160 50 22
s 24161 94 44
s 24162 32 15
s 24163 21 11
s 24164 72 35
s 24165 63 27
s 24166 15 7
s 24167 8 2
s 24168 71 36
s 24169 115 62
s 24170 89 36
s 24171 69 38
s 24172 39 19
s 24173 4 2
s 24174 53 23
s 24175 33 9
s 24176 88 34
s 24177 20 8
s 24178 17 3
s 24183 73 38
s 24184 61 21
s 24185 62 37
s 24187 108 51
s 24190 53 30
s 24192 80 38
s 24193 36 16
s 24195 60 29
s 24199 79 39
s 24200 24 13
s 24201 32 17
s 24202 10 4
s 24209 18 10
s 24219 22 11
s 24416 53 26
s 24417 130 72
s 24418 46 22
s 24419 14 6
s 24420 64 28
s 24421 89 37
s 24422 21 10
s 24423 11 6
s 24424 76 46
s 24425 96 45
s 24426 109 52
s 24427 67 37
s 24428 49 27
s 24429 4 0
s 24430 57 30
s 24431 43 23
s 24432 84 45
s 24433 28 13
s 24434 19 10
s 24439 69 33
s 24440 41 19
s 24441 57 30
s 24443 99 44
s 24446 58 33
s 24448 94 42
s 24449 49 16
s 24451 91 37
s 24455 109 54
s 24456 28 22
s 24457 30 17
s 24458 6 4
s 24465 21 11
s 24475 30 13
s 24673 144 63
s 24674 41 19
s 24675 6 4
s 24676 213 94
s 24677 298 132
s 24678 61 35
s 24679 20 11
s 24680 20 6
s 24681 301 136
s 24682 318 158
s 24683 162 82
s 24684 7 4
s 24685 180 83
s 24686 172 89
s 24687 120 50
s 24688 336 176
s 24689 108 58
s 24690 122 64
s 24695 308 147
s 24696 105 44
s 24697 274 143
s 24699 383 184
s 24702 157 76
s 24704 352 149
s 24705 14 5
s 24707 256 135
s 24711 45 15
s 24712 102 46
s 24713 32 14
s 24714 79 38
s 24721 141 65
s 24731 26 8
s 24930 214 105
s 24931 79 34
s 24932 496 238
s 24933 486 244
s 24934 99 54
s 24935 50 27
s 24936 278 152
s 24937 1024 522
s 24938 584 279
s 24939 340 163
s 24940 178 73
s 24941 399 200
s 24942 448 242
s 24943 262 138
s 24944 611 324
s 24945 211 103
s 24946 302 156
s 24951 547 281
s 24952 266 130
s 24953 457 233
s 24955 709 331
s 24958 309 151
s 24960 707 329
s 24961 178 76
s 24963 455 219
s 24967 433 218
s 24968 212 103
s 24969 122 60
s 24970 159 77
s 24977 331 156
s 24987 128 65
s 25187 13 10
s 25188 287 141
s 25189 269 127
s 25190 56 30
s 25191 37 12
s 25192 62 27
s 25193 425 188
s 25194 434 200
s 25195 260 113
s 25196 33 13
s 25197 257 115
s 25198 193 84
s 25199 205 101
s 25200 439 223
s 25201 125 62
s 25202 157 61
s 25207 439 224
s 25208 184 89
s 25209 296 149
s 25211 502 213
s 25214 193 82
s 25216 392 168
s 25217 41 22
s 25219 331 145
s 25223 86 39
s 25224 127 49
s 25225 54 27
s 25226 88 33
s 25233 166 80
s 25243 74 35
s 25444 94 43
s 25445 95 47
s 25446 13 7
s 25447 11 9
s 25448 10 6
s 25449 155 62
s 25450 119 45
s 25451 80 38
s 25452 5 2
s 25453 63 26
s 25454 70 33
s 25455 83 40
s 25456 130 55
s 25457 55 14
s 25458 57 24
s 25463 123 63
s 25464 61 19
s 25465 88 38
s 25467 156 77
s 25470 72 27
s 25472 152 80
s 25473 10 4
s 25475 99 43
s 25479 23 12
s 25480 39 16
s 25481 13 9
s 25482 32 13
s 25489 60 29
s 25499 19 9
s 25701 288 141
s 25702 69 37
s 25703 23 12
s 25704 410 181
s 25705 362 186
s 25706 594 299
s 25707 289 150
s 25708 216 93
s 25709 364 168
s 25710 304 168
s 25711 126 66
s 25712 312 160
s 25713 184 95
s 25714 244 115
s 25719 316 163
s 25720 307 142
s 25721 218 107
s 25723 456 203
s 25726 334 149
s 25728 507 227
s 25729 278 126
s 25731 265 122
s 25735 639 332
s 25736 165 74
s 25737 132 76
s 25738 127 63
s 25745 248 99
s 25755 142 79
s 25958 86 47
s 25959 49 25
s 25960 886 455
s 25961 312 162
s 25962 554 274
s 25963 257 123
s 25964 280 132
s 25965 285 141
s 25966 220 111
s 25967 159 77
s 25968 350 190
s 25969 158 82
s 25970 246 123
s 25975 282 149
s 25976 236 105
s 25977 272 146
s 25979 410 175
s 25982 274 142
s 25984 400 200
s 25985 262 130
s 25987 210 102
s 25991 543 272
s 25992 193 106
s 25993 180 107
s 25994 109 53
s 26001 222 101
s 26011 105 43
s 26215 9 4
s 26216 87 41
s 26217 93 50
s 26218 136 65
s 26219 68 37
s 26220 44 24
s 26221 68 40
s 26222 61 38
s 26223 22 16
s 26224 61 34
s 26225 33 14
s 26226 57 25
s 26231 83 36
s 26232 52 22
s 26233 50 20
s 26235 130 67
s 26238 65 32
s 26240 112 54
s 26241 46 25
s 26243 58 25
s 26247 119 61
s 26248 38 15
s 26249 43 24
s 26250 28 21
s 26257 54 26
s 26267 27 13
s 26472 42 27
s 26473 54 29
s 26474 83 43
s 26475 40 21
s 26476 25 14
s 26477 43 20
s 26478 36 24
s 26479 17 7
s 26480 49 21
s 26481 22 12
s 26482 27 11
s 26487 56 33
s 26488 36 14
s 26489 37 23
s 26491 62 27
s 26494 47 20
s 26496 64 32
s 26497 25 9
s 26499 31 14
s 26503 67 35
s 26504 21 8
s 26505 22 10
s 26506 12 9
s 26513 26 14
s 26523 12 8
s 26729 600 289
s 26730 528 280
s 26731 284 152
s 26732 23 5
s 26733 303 136
s 26734 300 179
s 26735 246 140
s 26736 523 285
s 26737 200 121
s 26738 238 117
s 26743 503 280
s 26744 189 91
s 26745 420 204
s 26747 703 351
s 26750 275 132
s 26752 646 320
s 26753 41 24
s 26755 404 202
s 26759 93 47
s 26760 151 89
s 26761 53 27
s 26762 115 51
s 26769 246 107
s 26779 57 25
s 26986 792 404
s 26987 413 213
s 26988 296 142
s 26989 468 228
s 26990 330 160
s 26991 239 121
s 26992 524 264
s 26993 303 164
s 26994 291 130
s 26999 341 145
s 27000 380 165
s 27001 300 144
s 27003 484 225
s 27006 412 201
s 27008 570 265
s 27009 341 155
s 27011 373 191
s 27015 840 418
s 27016 205 105
s 27017 242 142
s 27018 148 73
s 27025 388 188
s 27035 164 90
s 27243 291 133
s 27244 362 180
s 27245 504 237
s 27246 397 201
s 27247 309 157
s 27248 804 435
s 27249 36 18
s 27250 215 97
s 27255 725 396
s 27256 107 53
s 27257 564 307
s 27259 992 488
s 27262 76 31
s 27264 581 273
s 27265 355 175
s 27267 568 298
s 27271 836 447
s 27272 171 76
s 27273 178 96
s 27274 126 52
s 27281 279 133
s 27291 263 136
s 27500 188 94
s 27501 312 146
s 27502 265 136
s 27503 192 105
s 27504 465 259
s 27505 110 56
s 27506 164 75
s 27511 368 203
s 27512 146 70
s 27513 269 133
s 27515 494 239
s 27518 153 58
s 27520 395 197
s 27521 200 91
s 27523 313 164
s 27527 467 251
s 27528 117 64
s 27529 98 51
s 27530 101 50
s 27537 177 70
s 27547 125 62
s 27757 180 83
s 27758 170 72
s 27759 140 60
s 27760 285 125
s 27761 108 50
s 27762 162 77
s 27767 325 172
s 27768 115 49
s 27769 198 92
s 27771 420 180
s 27774 203 89
s 27776 314 140
s 27777 24 9
s 27779 244 118
s 27783 51 20
s 27784 98 45
s 27785 29 13
s 27786 98 45
s 27793 139 50
s 27803 49 26
s 28014 259 132
s 28015 199 102
s 28016 535 267
s 28017 130 71
s 28018 87 37
s 28023 329 180
s 28024 241 120
s 28025 315 153
s 28027 530 231
s 28030 241 106
s 28032 493 231
s 28033 197 86
s 28035 348 167
s 28039 455 229
s 28040 134 77
s 28041 128 72
s 28042 22 7
s 28049 61 28
s 28059 117 52
s 28271 164 95
s 28272 355 203
s 28273 155 83
s 28274 181 88
s 28279 294 158
s 28280 202 105
s 28281 246 124
s 28283 355 179
s 28286 221 121
s 28288 385 214
s 28289 237 121
s 28291 295 168
s 28295 451 252
s 28296 154 87
s 28297 128 77
s 28298 88 48
s 28305 233 107
s 28315 101 46
s 28528 125 69
s 28529 138 79
s 28530 120 63
s 28535 173 80
s 28536 143 62
s 28537 118 56
s 28539 220 111
s 28542 176 83
s 28544 268 135
s 28545 144 82
s 28547 102 46
s 28551 344 186
s 28552 102 58
s 28553 112 64
s 28554 80 40
s 28561 158 82
s 28571 55 24
s 28785 267 144
s 28786 283 146
s 28791 421 241
s 28792 458 225
s 28793 264 136
s 28795 550 263
s 28798 427 214
s 28800 566 294
s 28801 288 158
s 28803 257 145
s 28807 816 424
s 28808 224 114
s 28809 231 130
s 28810 122 56
s 28817 403 217
s 28827 180 98
s 29042 92 41
s 29047 216 122
s 29048 43 20
s 29049 175 103
s 29051 303 142
s 29054 41 24
s 29056 209 96
s 29057 135 76
s 29059 175 99
s 29063 290 165
s 29064 62 31
s 29065 51 24
s 29066 46 20
s 29073 84 36
s 29083 70 40
s 29303 239 102
s 29304 102 43
s 29305 229 115
s 29307 335 140
s 29310 153 70
s 29312 296 151
s 29313 171 79
s 29315 183 90
s 29319 308 150
s 29320 95 46
s 29321 74 33
s 29322 53 25
s 29329 77 28
s 29339 59 27
s 30584 346 172
s 30585 203 97
s 30587 368 208
s 30590 380 207
s 30592 476 238
s 30593 349 159
s 30595 257 141
s 30599 703 382
s 30600 176 85
s 30601 236 125
s 30602 102 51
s 30609 274 143
s 30619 148 83
s 30841 262 129
s 30843 489 219
s 30846 96 45
s 30848 310 135
s 30849 138 53
s 30851 303 142
s 30855 327 163
s 30856 91 33
s 30857 66 36
s 30858 81 39
s 30865 127 50
s 30875 90 43
s 31099 332 152
s 31102 303 158
s 31104 386 208
s 31105 208 105
s 31107 156 85
s 31111 575 302
s 31112 173 88
s 31113 266 150
s 31114 101 45
s 31121 263 115
s 31131 119 67
s 31614 534 246
s 31616 631 269
s 31617 367 143
s 31619 352 154
s 31623 895 428
s 31624 252 125
s 31625 257 134
s 31626 150 59
s 31633 406 161
s 31643 210 106
s 32384 366 181
s 32385 199 92
s 32387 302 154
s 32391 426 208
s 32392 99 50
s 32393 81 41
s 32394 95 44
s 32401 135 57
s 32411 89 41
s 32897 435 189
s 32899 392 195
s 32903 794 417
s 32904 240 120
s 32905 201 104
s 32906 170 71
s 32913 335 142
s 32923 171 97
s 33155 248 117
s 33159 54 29
s 33160 89 43
s 33161 38 24
s 33162 76 42
s 33169 154 64
s 33179 53 25
s 33671 592 299
s 33672 144 72
s 33673 180 89
s 33674 92 41
s 33681 277 115
s 33691 127 76
s 34696 213 110
s 34697 101 56
s 34698 177 87
s 34705 348 155
s 34715 126 63
s 34953 62 35
s 34954 59 33
s 34961 88 30
s 34971 48 25
s 35210 57 28
s 35217 98 46
s 35227 40 18
s 35473 48 23
s 35483 53 21
s 37275 88 43
