n 35795
b 1 1452 697
b 2 5705 2649
b 3 2184 1124
b 4 509 275
b 5 1862 943
b 6 3158 1376
b 7 2522 1249
b 8 3202 1737
b 9 5393 2891
b 10 990 523
b 11 7517 3678
b 12 2909 1488
b 13 1759 853
b 14 4986 2496
b 15 1960 961
b 16 1068 482
b 17 2377 1197
b 18 3162 1636
b 19 2907 1380
b 20 4082 1979
b 21 5955 3115
b 22 1886 903
b 23 1297 643
b 25 7225 3627
b 26 8587 3881
b 27 3846 1829
b 28 4734 2406
b 29 3481 1683
b 30 3567 1724
b 31 5812 2895
b 32 502 235
b 33 1303 785
b 34 1241 611
b 35 2021 924
b 36 4518 2322
b 37 1075 488
b 38 1406 737
b 39 2553 1189
b 40 512 250
b 41 1606 731
b 42 1423 693
b 43 1586 750
b 44 1086 527
b 45 547 285
b 46 1710 794
b 47 2090 1025
b 48 4427 2277
b 49 3053 1647
b 50 1204 578
b 51 2700 1363
b 52 765 380
b 53 2586 1240
b 54 8382 4376
b 55 3446 1872
b 56 1261 607
b 57 416 220
b 58 807 410
b 59 805 365
b 60 5193 2606
b 61 341 170
b 62 2705 1647
b 63 835 408
b 64 3162 1543
b 65 570 316
b 66 184 83
b 67 3042 1530
b 68 1109 502
b 69 3761 1896
b 70 2816 1326
b 71 5165 2665
b 72 770 352
b 73 627 315
b 74 5661 2890
b 75 2712 1269
b 76 3002 1549
b 77 758 447
b 78 1216 636
b 79 1988 949
b 80 1814 911
b 81 553 266
b 82 380 182
b 83 2708 1480
b 84 3720 1787
b 85 8049 3990
b 86 9577 4989
b 87 4548 2263
b 88 1659 901
b 89 307 155
b 90 2779 1556
b 91 1754 919
b 92 526 272
b 93 2540 1394
b 94 938 440
b 95 557 279
b 96 5198 2570
b 97 2532 1184
b 98 2986 1396
b 99 963 424
b 100 5642 2835
b 101 3206 1503
b 102 698 309
b 103 277 153
b 104 1629 808
b 105 3482 1785
b 106 5875 3076
b 107 3957 2090
b 108 7051 3254
b 109 2665 1332
b 110 2747 1394
b 111 1770 880
b 112 4369 2351
b 113 799 380
b 114 1061 513
b 119 5470 2776
b 120 3454 1705
b 121 3831 1883
b 123 8506 4102
b 126 2361 1199
b 128 7676 3671
b 129 2380 1098
b 131 4092 2077
b 135 6687 3446
b 136 1139 581
b 137 1426 790
b 138 1168 563
b 145 2042 1004
b 155 1660 959
v 258 55 20
v 259 39 23
v 260 13 5
v 261 46 23
v 262 61 29
v 263 48 22
v 264 83 39
v 265 76 35
v 266 35 19
v 267 112 47
v 268 73 36
v 269 36 20
v 270 107 47
v 271 55 39
v 272 28 15
v 273 105 50
v 274 64 24
v 275 54 30
v 276 73 34
v 277 86 39
v 278 77 44
v 279 18 6
v 281 174 83
v 282 169 81
v 283 86 39
v 284 88 38
v 285 78 41
v 286 79 43
v 287 146 83
v 288 10 3
v 289 19 9
v 290 49 20
v 291 34 17
v 292 85 45
v 293 22 11
v 294 24 11
v 295 54 34
v 296 11 4
v 297 49 30
v 298 49 25
v 299 38 16
v 300 39 14
v 301 16 8
v 302 25 10
v 303 32 18
v 304 89 41
v 305 48 23
v 306 27 15
v 307 58 28
v 308 16 10
v 309 42 22
v 310 150 72
v 311 106 53
v 312 19 7
v 313 8 3
v 314 8 5
v 315 19 11
v 316 49 26
v 317 10 6
v 318 46 14
v 319 19 10
v 320 63 29
v 321 9 5
v 322 2 1
v 323 61 33
v 324 29 11
v 325 101 54
v 326 63 39
v 327 87 35
v 328 16 8
v 329 12 9
v 330 144 64
v 331 65 27
v 332 110 47
v 333 13 8
v 334 26 16
v 335 42 27
v 336 24 12
v 337 6 1
v 338 16 8
v 339 35 17
v 340 83 47
v 341 139 72
v 342 231 102
v 343 72 29
v 344 36 9
v 345 4 1
v 346 81 35
v 347 52 22
v 348 10 2
v 349 54 23
v 350 41 23
v 351 16 7
v 352 59 29
v 353 53 25
v 354 88 48
v 355 19 12
v 356 93 46
v 357 107 45
v 358 14 13
v 359 3 0
v 360 35 12
v 361 74 32
v 362 80 32
v 363 69 38
v 364 117 52
v 365 63 30
v 366 40 21
v 367 47 26
v 368 100 39
v 369 26 11
v 370 19 11
v 375 87 47
v 376 26 10
v 377 106 55
v 379 129 64
v 382 37 15
v 384 155 73
v 385 61 33
v 387 85 38
v 391 132 64
v 392 13 3
v 393 32 13
v 394 19 7
v 401 36 16
v 411 59 27
v 515 147 63
v 516 27 11
v 517 153 64
v 518 276 145
v 519 207 86
v 520 259 122
v 521 412 176
v 522 56 24
v 523 677 327
v 524 163 77
v 525 127 57
v 526 465 203
v 527 211 101
v 528 95 41
v 529 173 95
v 530 232 112
v 531 240 118
v 532 347 149
v 533 478 237
v 534 159 66
v 535 102 45
v 537 634 282
v 538 692 371
v 539 314 150
v 540 418 179
v 541 280 138
v 542 324 159
v 543 450 217
v 544 35 17
v 545 112 41
v 546 110 51
v 547 128 78
v 548 480 211
v 549 108 51
v 550 117 46
v 551 200 95
v 552 27 18
v 553 107 59
v 554 107 54
v 555 126 67
v 556 72 33
v 557 42 20
v 558 151 64
v 559 175 85
v 560 320 139
v 561 240 97
v 562 164 80
v 563 218 103
v 564 74 31
v 565 183 83
v 566 702 298
v 567 296 130
v 568 98 43
v 569 19 8
v 570 65 30
v 571 53 36
v 572 433 193
v 573 23 13
v 574 224 79
v 575 58 31
v 576 255 112
v 577 40 12
v 578 10 2
v 579 292 133
v 580 94 45
v 581 291 134
v 582 318 171
v 583 365 165
v 584 68 32
v 585 51 23
v 586 457 193
v 587 191 90
v 588 246 105
v 589 53 16
v 590 114 42
v 591 148 70
v 592 159 70
v 593 41 19
v 594 32 15
v 595 219 101
v 596 297 130
v 597 666 308
v 598 763 361
v 599 344 162
v 600 109 41
v 601 7 2
v 602 215 91
v 603 165 73
v 604 41 20
v 605 128 56
v 606 68 35
v 607 41 21
v 608 446 203
v 609 212 111
v 610 276 140
v 611 87 50
v 612 430 191
v 613 248 125
v 614 60 28
v 615 26 12
v 616 153 72
v 617 262 124
v 618 471 208
v 619 289 132
v 620 619 321
v 621 140 65
v 622 204 101
v 623 195 74
v 624 298 131
v 625 69 34
v 626 129 60
v 631 440 212
v 632 272 137
v 633 282 120
v 635 721 355
v 638 192 101
v 640 575 280
v 641 210 115
v 643 311 132
v 647 643 285
v 648 106 51
v 649 124 50
v 650 63 33
v 657 142 73
v 667 102 35
v 772 16 5
v 773 51 21
v 774 105 58
v 775 83 50
v 776 64 33
v 777 217 103
v 778 19 10
v 779 194 95
v 780 97 52
v 781 59 33
v 782 131 67
v 783 56 32
v 784 39 17
v 785 83 36
v 786 86 36
v 787 125 74
v 788 115 64
v 789 175 88
v 790 66 36
v 791 31 21
v 793 213 110
v 794 216 118
v 795 81 41
v 796 118 67
v 797 154 78
v 798 96 56
v 799 143 69
v 800 12 8
v 801 62 23
v 802 42 27
v 803 46 28
v 804 134 60
v 805 30 17
v 806 58 27
v 807 49 32
v 808 8 3
v 809 33 17
v 810 44 22
v 811 34 17
v 812 20 7
v 813 13 6
v 814 33 21
v 815 55 26
v 816 133 77
v 817 91 43
v 818 27 14
v 819 78 36
v 820 22 14
v 821 95 47
v 822 251 141
v 823 133 70
v 824 46 28
v 825 7 3
v 826 22 11
v 827 23 11
v 828 162 83
v 829 14 6
v 830 136 61
v 831 17 11
v 832 69 36
v 833 15 4
v 834 5 2
v 835 90 38
v 836 28 14
v 837 114 54
v 838 104 50
v 839 144 67
v 840 19 8
v 841 19 9
v 842 168 90
v 843 141 76
v 844 125 61
v 845 41 15
v 846 43 23
v 847 103 58
v 848 65 34
v 849 19 9
v 850 10 5
v 851 83 36
v 852 70 35
v 853 260 141
v 854 273 133
v 855 117 64
v 856 51 16
v 857 10 8
v 858 118 52
v 859 54 29
v 860 15 5
v 861 99 40
v 862 26 12
v 863 14 5
v 864 169 83
v 865 65 38
v 866 63 39
v 867 23 14
v 868 154 88
v 869 71 32
v 870 33 17
v 871 8 4
v 872 37 12
v 873 128 65
v 874 185 92
v 875 145 77
v 876 225 122
v 877 105 56
v 878 71 39
v 879 55 33
v 880 182 77
v 881 17 9
v 882 21 10
v 887 196 99
v 888 93 53
v 889 114 64
v 891 335 186
v 894 76 38
v 896 208 117
v 897 51 32
v 899 202 109
v 903 204 101
v 904 25 15
v 905 38 20
v 906 28 17
v 913 76 40
v 923 56 26
v 1029 19 12
v 1030 20 14
v 1031 20 11
v 1032 19 9
v 1033 42 14
v 1034 4 2
v 1035 48 24
v 1036 25 10
v 1037 18 7
v 1038 40 22
v 1039 9 5
v 1040 14 8
v 1041 17 7
v 1042 17 9
v 1043 22 13
v 1044 29 17
v 1045 64 31
v 1046 16 7
v 1047 10 8
v 1049 35 16
v 1050 59 38
v 1051 30 15
v 1052 28 10
v 1053 19 13
v 1054 25 11
v 1055 41 20
v 1056 5 4
v 1057 6 2
v 1058 6 3
v 1059 16 9
v 1060 23 12
v 1061 10 8
v 1062 8 4
v 1063 22 15
v 1064 2 1
v 1065 9 5
v 1066 13 9
v 1067 15 11
v 1068 13 7
v 1069 5 4
v 1070 10 6
v 1071 18 11
v 1072 27 19
v 1073 14 10
v 1074 7 2
v 1075 24 10
v 1076 4 2
v 1077 11 8
v 1078 46 22
v 1079 34 20
v 1080 10 5
v 1081 5 3
v 1082 9 6
v 1083 7 3
v 1084 73 39
v 1085 2 2
v 1086 19 10
v 1087 7 4
v 1088 21 13
v 1089 9 5
v 1090 3 3
v 1091 19 12
v 1092 8 1
v 1093 15 6
v 1094 19 7
v 1095 56 35
v 1096 7 4
v 1097 8 4
v 1098 33 19
v 1099 20 10
v 1100 12 8
v 1101 9 7
v 1102 8 5
v 1103 10 5
v 1104 8 4
v 1105 5 3
v 1106 2 2
v 1107 10 6
v 1108 25 10
v 1109 53 32
v 1110 43 16
v 1111 35 21
v 1112 21 10
v 1113 2 2
v 1114 16 9
v 1115 13 7
v 1116 3 1
v 1117 92 55
v 1118 9 4
v 1119 5 4
v 1120 32 14
v 1121 14 6
v 1122 27 15
v 1123 7 5
v 1124 38 19
v 1125 20 12
v 1126 6 5
v 1127 2 0
v 1128 11 5
v 1129 23 14
v 1130 24 11
v 1131 38 16
v 1132 27 17
v 1133 13 7
v 1134 19 9
v 1135 11 7
v 1136 26 13
v 1137 2 1
v 1138 5 4
v 1143 30 15
v 1144 89 57
v 1145 25 11
v 1147 49 31
v 1150 13 6
v 1152 51 25
v 1153 10 5
v 1155 23 13
v 1159 42 20
v 1160 9 4
v 1161 9 3
v 1162 6 2
v 1169 10 6
v 1179 9 3
v 1286 60 30
v 1287 66 35
v 1288 93 44
v 1289 143 78
v 1290 31 24
v 1291 211 114
v 1292 69 40
v 1293 41 24
v 1294 136 62
v 1295 56 24
v 1296 18 8
v 1297 76 41
v 1298 89 45
v 1299 73 45
v 1300 104 51
v 1301 167 82
v 1302 64 31
v 1303 37 17
v 1305 206 105
v 1306 235 127
v 1307 122 65
v 1308 113 59
v 1309 97 51
v 1310 115 61
v 1311 148 75
v 1312 16 12
v 1313 31 16
v 1314 28 13
v 1315 74 34
v 1316 100 45
v 1317 60 27
v 1318 42 20
v 1319 79 52
v 1320 9 4
v 1321 53 27
v 1322 37 22
v 1323 46 19
v 1324 28 16
v 1325 12 6
v 1326 45 20
v 1327 62 39
v 1328 127 54
v 1329 77 46
v 1330 38 24
v 1331 66 33
v 1332 28 7
v 1333 80 44
v 1334 194 98
v 1335 86 49
v 1336 33 19
v 1337 10 6
v 1338 35 20
v 1339 22 12
v 1340 129 61
v 1341 7 5
v 1342 91 37
v 1343 25 13
v 1344 90 53
v 1345 11 8
v 1346 7 3
v 1347 75 34
v 1348 21 8
v 1349 88 38
v 1350 58 23
v 1351 140 63
v 1352 28 16
v 1353 23 8
v 1354 145 70
v 1355 78 40
v 1356 81 40
v 1357 13 8
v 1358 26 12
v 1359 37 19
v 1360 49 25
v 1361 17 10
v 1362 10 6
v 1363 73 27
v 1364 104 44
v 1365 173 79
v 1366 259 128
v 1367 129 67
v 1368 52 21
v 1369 11 6
v 1370 76 32
v 1371 40 17
v 1372 17 10
v 1373 77 37
v 1374 23 12
v 1375 23 9
v 1376 132 72
v 1377 62 27
v 1378 61 32
v 1379 36 21
v 1380 133 79
v 1381 90 53
v 1382 16 5
v 1383 4 1
v 1384 66 28
v 1385 59 26
v 1386 145 76
v 1387 89 50
v 1388 149 80
v 1389 65 36
v 1390 65 30
v 1391 35 16
v 1392 96 58
v 1393 24 6
v 1394 35 21
v 1399 120 58
v 1400 76 41
v 1401 90 45
v 1403 241 121
v 1406 59 33
v 1408 169 86
v 1409 73 37
v 1411 83 45
v 1415 163 70
v 1416 31 16
v 1417 45 19
v 1418 30 15
v 1425 55 28
v 1435 50 24
v 1543 123 61
v 1544 100 44
v 1545 208 79
v 1546 38 18
v 1547 438 221
v 1548 138 57
v 1549 74 32
v 1550 197 74
v 1551 65 30
v 1552 53 23
v 1553 87 41
v 1554 139 53
v 1555 117 47
v 1556 168 83
v 1557 288 126
v 1558 87 44
v 1559 58 20
v 1561 296 130
v 1562 386 197
v 1563 188 95
v 1564 219 107
v 1565 197 97
v 1566 145 66
v 1567 286 123
v 1568 19 5
v 1569 44 8
v 1570 55 24
v 1571 98 38
v 1572 194 96
v 1573 47 27
v 1574 57 20
v 1575 112 43
v 1576 15 6
v 1577 63 30
v 1578 56 22
v 1579 75 38
v 1580 65 27
v 1581 24 7
v 1582 45 21
v 1583 80 35
v 1584 245 105
v 1585 127 50
v 1586 62 28
v 1587 104 45
v 1588 33 21
v 1589 99 40
v 1590 449 172
v 1591 130 40
v 1592 48 21
v 1593 17 9
v 1594 35 16
v 1595 37 15
v 1596 175 85
v 1597 18 6
v 1598 109 35
v 1599 30 13
v 1600 168 73
v 1601 17 7
v 1602 15 8
v 1603 232 94
v 1604 50 23
v 1605 147 59
v 1606 115 57
v 1607 173 64
v 1608 27 13
v 1609 27 15
v 1610 266 124
v 1611 116 56
v 1612 134 59
v 1613 27 5
v 1614 34 12
v 1615 104 38
v 1616 84 41
v 1617 18 7
v 1618 16 4
v 1619 113 48
v 1620 175 87
v 1621 372 157
v 1622 439 184
v 1623 182 79
v 1624 74 29
v 1625 11 5
v 1626 123 47
v 1627 81 32
v 1628 19 12
v 1629 98 33
v 1630 34 15
v 1631 16 9
v 1632 222 84
v 1633 103 42
v 1634 172 72
v 1635 80 46
v 1636 222 96
v 1637 143 68
v 1638 42 17
v 1639 14 6
v 1640 51 21
v 1641 137 47
v 1642 271 102
v 1643 131 47
v 1644 335 166
v 1645 116 49
v 1646 116 52
v 1647 106 51
v 1648 196 78
v 1649 38 19
v 1650 45 15
v 1655 224 82
v 1656 165 79
v 1657 187 89
v 1659 412 194
v 1662 107 46
v 1664 349 166
v 1665 100 48
v 1667 183 74
v 1671 300 125
v 1672 45 23
v 1673 62 22
v 1674 60 27
v 1681 91 44
v 1691 74 25
v 1800 112 44
v 1801 172 64
v 1802 27 16
v 1803 239 121
v 1804 172 79
v 1805 67 40
v 1806 201 102
v 1807 49 25
v 1808 52 34
v 1809 74 34
v 1810 109 55
v 1811 75 41
v 1812 161 78
v 1813 193 97
v 1814 59 29
v 1815 40 19
v 1817 223 113
v 1818 320 164
v 1819 155 87
v 1820 165 79
v 1821 115 63
v 1822 126 71
v 1823 191 86
v 1824 19 12
v 1825 54 22
v 1826 47 22
v 1827 57 31
v 1828 144 74
v 1829 38 24
v 1830 59 32
v 1831 84 48
v 1832 12 8
v 1833 49 32
v 1834 55 30
v 1835 49 24
v 1836 51 26
v 1837 15 7
v 1838 64 36
v 1839 86 45
v 1840 151 78
v 1841 85 36
v 1842 50 30
v 1843 72 38
v 1844 29 12
v 1845 97 51
v 1846 280 128
v 1847 113 53
v 1848 49 29
v 1849 21 11
v 1850 25 13
v 1851 31 18
v 1852 174 74
v 1853 20 10
v 1854 90 42
v 1855 31 18
v 1856 105 56
v 1857 21 11
v 1858 17 9
v 1859 101 46
v 1860 44 26
v 1861 135 61
v 1862 109 61
v 1863 189 93
v 1864 29 15
v 1865 28 13
v 1866 209 114
v 1867 87 46
v 1868 105 42
v 1869 21 8
v 1870 43 25
v 1871 76 45
v 1872 63 30
v 1873 35 19
v 1874 20 10
v 1875 93 43
v 1876 144 81
v 1877 284 151
v 1878 336 155
v 1879 166 79
v 1880 67 30
v 1881 13 7
v 1882 91 32
v 1883 59 27
v 1884 15 10
v 1885 73 26
v 1886 33 17
v 1887 19 4
v 1888 156 89
v 1889 113 64
v 1890 128 52
v 1891 38 18
v 1892 209 108
v 1893 132 71
v 1894 24 13
v 1895 12 4
v 1896 58 26
v 1897 106 47
v 1898 235 102
v 1899 158 70
v 1900 228 123
v 1901 76 35
v 1902 105 60
v 1903 72 35
v 1904 159 81
v 1905 35 14
v 1906 53 30
v 1911 177 85
v 1912 133 63
v 1913 154 73
v 1915 296 141
v 1918 84 38
v 1920 258 126
v 1921 77 41
v 1923 141 62
v 1927 248 104
v 1928 36 20
v 1929 57 26
v 1930 42 26
v 1937 79 41
v 1947 56 28
v 2057 214 121
v 2058 44 21
v 2059 317 161
v 2060 107 61
v 2061 70 42
v 2062 192 99
v 2063 60 33
v 2064 51 31
v 2065 114 68
v 2066 132 78
v 2067 116 63
v 2068 185 95
v 2069 261 146
v 2070 80 40
v 2071 72 36
v 2073 343 196
v 2074 401 244
v 2075 206 111
v 2076 156 84
v 2077 141 76
v 2078 164 96
v 2079 302 164
v 2080 33 18
v 2081 40 17
v 2082 48 33
v 2083 115 66
v 2084 196 106
v 2085 52 33
v 2086 30 11
v 2087 118 62
v 2088 33 17
v 2089 80 43
v 2090 88 45
v 2091 61 38
v 2092 70 47
v 2093 28 18
v 2094 96 46
v 2095 87 46
v 2096 196 107
v 2097 119 66
v 2098 40 21
v 2099 128 72
v 2100 30 17
v 2101 113 69
v 2102 523 284
v 2103 130 69
v 2104 49 28
v 2105 18 11
v 2106 39 20
v 2107 24 11
v 2108 188 104
v 2109 12 7
v 2110 115 52
v 2111 25 14
v 2112 144 83
v 2113 32 14
v 2114 6 2
v 2115 152 79
v 2116 50 26
v 2117 109 51
v 2118 148 77
v 2119 211 101
v 2120 31 22
v 2121 23 13
v 2122 274 151
v 2123 144 88
v 2124 122 55
v 2125 20 11
v 2126 59 36
v 2127 72 45
v 2128 70 42
v 2129 28 15
v 2130 13 3
v 2131 102 42
v 2132 177 100
v 2133 338 182
v 2134 434 225
v 2135 279 137
v 2136 109 57
v 2137 13 5
v 2138 104 51
v 2139 67 32
v 2140 28 14
v 2141 125 66
v 2142 37 25
v 2143 29 12
v 2144 209 124
v 2145 123 73
v 2146 83 47
v 2147 27 15
v 2148 201 101
v 2149 187 105
v 2150 33 17
v 2151 14 11
v 2152 69 32
v 2153 198 99
v 2154 251 137
v 2155 184 94
v 2156 549 321
v 2157 78 39
v 2158 250 128
v 2159 67 41
v 2160 106 49
v 2161 43 24
v 2162 54 30
v 2167 238 137
v 2168 165 94
v 2169 155 89
v 2171 384 209
v 2174 111 62
v 2176 363 198
v 2177 202 119
v 2179 107 53
v 2183 297 157
v 2184 58 29
v 2185 69 29
v 2186 52 26
v 2193 95 50
v 2203 56 25
v 2314 71 42
v 2315 536 277
v 2316 198 111
v 2317 142 73
v 2318 364 200
v 2319 160 90
v 2320 75 45
v 2321 223 119
v 2322 289 153
v 2323 232 133
v 2324 249 134
v 2325 513 264
v 2326 146 82
v 2327 67 36
v 2329 575 290
v 2330 553 326
v 2331 230 119
v 2332 410 209
v 2333 266 149
v 2334 260 140
v 2335 408 217
v 2336 32 17
v 2337 123 48
v 2338 85 51
v 2339 143 90
v 2340 356 185
v 2341 47 27
v 2342 108 57
v 2343 176 105
v 2344 32 17
v 2345 111 57
v 2346 85 38
v 2347 106 51
v 2348 69 47
v 2349 31 17
v 2350 126 66
v 2351 144 80
v 2352 324 165
v 2353 260 137
v 2354 87 48
v 2355 259 148
v 2356 49 23
v 2357 193 111
v 2358 627 342
v 2359 318 153
v 2360 88 46
v 2361 28 14
v 2362 83 42
v 2363 62 29
v 2364 353 181
v 2365 17 11
v 2366 270 112
v 2367 69 43
v 2368 232 127
v 2369 33 12
v 2370 15 8
v 2371 224 110
v 2372 74 44
v 2373 298 145
v 2374 166 103
v 2375 355 190
v 2376 51 27
v 2377 46 27
v 2378 416 239
v 2379 163 100
v 2380 244 119
v 2381 54 24
v 2382 62 34
v 2383 139 74
v 2384 146 72
v 2385 33 18
v 2386 31 20
v 2387 201 97
v 2388 216 122
v 2389 632 355
v 2390 727 374
v 2391 357 176
v 2392 107 54
v 2393 18 8
v 2394 229 103
v 2395 151 85
v 2396 44 17
v 2397 230 101
v 2398 55 29
v 2399 29 11
v 2400 427 206
v 2401 165 99
v 2402 204 116
v 2403 60 44
v 2404 447 236
v 2405 256 145
v 2406 50 28
v 2407 26 16
v 2408 97 44
v 2409 287 145
v 2410 485 233
v 2411 328 173
v 2412 601 375
v 2413 235 138
v 2414 198 111
v 2415 125 62
v 2416 425 209
v 2417 43 31
v 2418 92 53
v 2423 569 308
v 2424 274 155
v 2425 265 136
v 2427 898 518
v 2430 147 86
v 2432 551 315
v 2433 155 88
v 2435 387 211
v 2439 493 266
v 2440 74 41
v 2441 126 52
v 2442 93 57
v 2449 160 87
v 2459 132 65
v 2571 88 55
v 2572 24 13
v 2573 16 11
v 2574 69 32
v 2575 53 27
v 2576 16 7
v 2577 25 12
v 2578 32 17
v 2579 38 17
v 2580 58 36
v 2581 76 39
v 2582 19 12
v 2583 24 15
v 2585 87 50
v 2586 82 38
v 2587 39 17
v 2588 78 46
v 2589 55 26
v 2590 53 30
v 2591 98 57
v 2592 10 6
v 2593 16 8
v 2594 13 9
v 2595 30 21
v 2596 51 22
v 2597 9 7
v 2598 16 9
v 2599 35 19
v 2600 6 0
v 2601 16 12
v 2602 13 8
v 2603 23 12
v 2604 7 5
v 2605 3 0
v 2606 27 13
v 2607 23 14
v 2608 56 30
v 2609 47 18
v 2610 22 16
v 2611 40 21
v 2612 7 4
v 2613 30 21
v 2614 233 125
v 2615 32 14
v 2616 21 11
v 2617 6 3
v 2618 15 9
v 2619 18 13
v 2620 42 17
v 2621 1 1
v 2622 37 17
v 2623 11 8
v 2624 54 31
v 2625 9 5
v 2626 1 1
v 2627 27 11
v 2628 19 9
v 2629 44 19
v 2630 32 16
v 2631 106 58
v 2632 20 12
v 2633 5 4
v 2634 71 32
v 2635 41 24
v 2636 37 19
v 2637 14 4
v 2638 22 10
v 2639 26 21
v 2640 29 14
v 2641 4 2
v 2642 3 2
v 2643 35 14
v 2644 53 29
v 2645 113 62
v 2646 164 80
v 2647 64 29
v 2648 6 3
v 2649 3 2
v 2650 40 18
v 2651 29 13
v 2652 8 5
v 2653 29 17
v 2654 7 5
v 2655 9 5
v 2656 58 28
v 2657 39 15
v 2658 32 23
v 2659 19 13
v 2660 87 44
v 2661 32 18
v 2662 11 6
v 2663 2 1
v 2664 16 8
v 2665 34 19
v 2666 102 51
v 2667 47 24
v 2668 134 81
v 2669 41 18
v 2670 40 22
v 2671 24 9
v 2672 63 38
v 2673 13 6
v 2674 21 13
v 2679 73 47
v 2680 52 28
v 2681 47 26
v 2683 125 60
v 2686 37 18
v 2688 114 68
v 2689 30 20
v 2691 37 22
v 2695 123 55
v 2696 19 12
v 2697 18 12
v 2698 12 6
v 2705 25 13
v 2715 28 16
v 2828 323 151
v 2829 156 85
v 2830 554 281
v 2831 158 78
v 2832 109 58
v 2833 254 144
v 2834 353 159
v 2835 294 148
v 2836 442 246
v 2837 659 288
v 2838 201 107
v 2839 138 61
v 2841 870 393
v 2842 953 525
v 2843 400 199
v 2844 365 171
v 2845 342 199
v 2846 402 202
v 2847 626 301
v 2848 48 26
v 2849 114 52
v 2850 131 63
v 2851 240 102
v 2852 498 240
v 2853 140 70
v 2854 138 67
v 2855 286 162
v 2856 56 29
v 2857 149 90
v 2858 155 80
v 2859 168 93
v 2860 95 51
v 2861 51 29
v 2862 233 120
v 2863 195 105
v 2864 551 258
v 2865 261 103
v 2866 109 60
v 2867 277 127
v 2868 78 41
v 2869 331 173
v 2870 1043 477
v 2871 423 187
v 2872 154 68
v 2873 32 11
v 2874 80 43
v 2875 75 45
v 2876 513 259
v 2877 34 20
v 2878 271 107
v 2879 79 36
v 2880 338 169
v 2881 49 17
v 2882 24 16
v 2883 317 165
v 2884 100 43
v 2885 372 187
v 2886 304 159
v 2887 486 223
v 2888 75 40
v 2889 72 32
v 2890 714 323
v 2891 288 145
v 2892 323 147
v 2893 61 18
v 2894 98 32
v 2895 200 97
v 2896 195 108
v 2897 55 28
v 2898 29 14
v 2899 352 153
v 2900 366 190
v 2901 849 400
v 2902 1035 457
v 2903 434 231
v 2904 125 59
v 2905 26 9
v 2906 333 155
v 2907 215 114
v 2908 69 35
v 2909 208 90
v 2910 112 50
v 2911 53 30
v 2912 519 255
v 2913 241 129
v 2914 273 147
v 2915 118 62
v 2916 566 275
v 2917 328 189
v 2918 67 30
v 2919 31 13
v 2920 143 74
v 2921 384 188
v 2922 623 296
v 2923 399 184
v 2924 864 455
v 2925 510 226
v 2926 333 165
v 2927 174 92
v 2928 546 249
v 2929 79 47
v 2930 114 57
v 2935 539 265
v 2936 333 182
v 2937 406 185
v 2939 913 462
v 2942 213 106
v 2944 870 455
v 2945 290 143
v 2947 431 207
v 2951 743 321
v 2952 112 54
v 2953 144 60
v 2954 127 75
v 2961 230 126
v 2971 178 72
v 3085 77 42
v 3086 215 108
v 3087 63 41
v 3088 90 51
v 3089 89 43
v 3090 267 130
v 3091 96 50
v 3092 192 109
v 3093 225 102
v 3094 70 42
v 3095 42 20
v 3097 232 116
v 3098 317 167
v 3099 162 92
v 3100 287 155
v 3101 139 70
v 3102 138 81
v 3103 220 128
v 3104 16 9
v 3105 36 17
v 3106 52 28
v 3107 76 43
v 3108 198 95
v 3109 51 33
v 3110 71 44
v 3111 100 65
v 3112 23 12
v 3113 64 43
v 3114 57 29
v 3115 48 27
v 3116 40 20
v 3117 18 10
v 3118 45 28
v 3119 62 34
v 3120 237 117
v 3121 136 52
v 3122 59 33
v 3123 110 63
v 3124 90 38
v 3125 94 51
v 3126 438 217
v 3127 105 33
v 3128 45 18
v 3129 20 10
v 3130 29 12
v 3131 33 24
v 3132 252 138
v 3133 12 8
v 3134 113 39
v 3135 31 15
v 3136 138 80
v 3137 22 11
v 3138 8 6
v 3139 94 52
v 3140 35 26
v 3141 162 84
v 3142 96 48
v 3143 216 101
v 3144 35 17
v 3145 29 15
v 3146 234 107
v 3147 134 79
v 3148 102 62
v 3149 35 14
v 3150 71 31
v 3151 102 57
v 3152 57 24
v 3153 16 13
v 3154 18 7
v 3155 123 50
v 3156 166 87
v 3157 360 206
v 3158 344 164
v 3159 170 76
v 3160 62 28
v 3161 14 10
v 3162 99 42
v 3163 99 47
v 3164 25 18
v 3165 79 31
v 3166 75 36
v 3167 14 4
v 3168 189 89
v 3169 113 66
v 3170 114 53
v 3171 42 21
v 3172 245 117
v 3173 127 64
v 3174 20 14
v 3175 9 5
v 3176 61 28
v 3177 165 68
v 3178 215 104
v 3179 151 73
v 3180 165 76
v 3181 100 57
v 3182 107 55
v 3183 78 29
v 3184 167 81
v 3185 41 23
v 3186 35 24
v 3191 232 130
v 3192 130 73
v 3193 149 76
v 3195 353 178
v 3198 69 35
v 3200 272 139
v 3201 108 66
v 3203 200 109
v 3207 283 150
v 3208 49 31
v 3209 72 34
v 3210 37 19
v 3217 91 41
v 3227 51 25
v 3342 101 47
v 3343 45 28
v 3344 21 12
v 3345 65 36
v 3346 93 52
v 3347 106 48
v 3348 99 48
v 3349 138 64
v 3350 36 16
v 3351 27 15
v 3353 206 105
v 3354 175 86
v 3355 86 43
v 3356 119 56
v 3357 76 37
v 3358 86 47
v 3359 147 81
v 3360 40 14
v 3361 49 19
v 3362 26 17
v 3363 31 13
v 3364 116 66
v 3365 26 13
v 3366 27 13
v 3367 90 55
v 3368 15 8
v 3369 51 27
v 3370 28 12
v 3371 38 16
v 3372 23 12
v 3373 19 7
v 3374 30 17
v 3375 36 17
v 3376 107 47
v 3377 77 33
v 3378 23 13
v 3379 98 47
v 3380 15 8
v 3381 46 26
v 3382 179 88
v 3383 91 51
v 3384 30 17
v 3385 9 1
v 3386 16 9
v 3387 14 5
v 3388 120 48
v 3389 8 1
v 3390 63 22
v 3391 27 11
v 3392 79 40
v 3393 11 4
v 3394 6 3
v 3395 73 41
v 3396 24 11
v 3397 102 39
v 3398 75 44
v 3399 159 71
v 3400 17 7
v 3401 20 8
v 3402 173 94
v 3403 50 21
v 3404 72 32
v 3405 20 6
v 3406 41 19
v 3407 53 25
v 3408 47 22
v 3409 17 8
v 3410 8 5
v 3411 73 29
v 3412 92 44
v 3413 189 93
v 3414 217 107
v 3415 128 67
v 3416 26 11
v 3417 14 2
v 3418 83 32
v 3419 32 15
v 3420 12 7
v 3421 48 21
v 3422 20 8
v 3423 9 4
v 3424 131 54
v 3425 63 40
v 3426 71 39
v 3427 24 14
v 3428 126 60
v 3429 49 28
v 3430 13 7
v 3431 4 1
v 3432 33 17
v 3433 77 41
v 3434 145 64
v 3435 73 30
v 3436 153 88
v 3437 70 30
v 3438 64 36
v 3439 41 23
v 3440 120 53
v 3441 22 13
v 3442 25 12
v 3447 176 88
v 3448 83 47
v 3449 83 46
v 3451 211 105
v 3454 130 53
v 3456 189 112
v 3457 75 35
v 3459 110 47
v 3463 186 86
v 3464 27 4
v 3465 29 11
v 3466 26 12
v 3473 57 23
v 3483 42 15
v 3599 146 69
v 3600 70 41
v 3601 139 59
v 3602 194 86
v 3603 158 83
v 3604 285 156
v 3605 390 188
v 3606 140 75
v 3607 112 60
v 3609 517 255
v 3610 745 396
v 3611 277 148
v 3612 335 167
v 3613 232 122
v 3614 305 141
v 3615 407 207
v 3616 40 20
v 3617 74 32
v 3618 116 68
v 3619 157 90
v 3620 339 163
v 3621 87 48
v 3622 82 41
v 3623 186 95
v 3624 40 20
v 3625 116 60
v 3626 123 59
v 3627 106 70
v 3628 87 39
v 3629 40 17
v 3630 96 48
v 3631 137 73
v 3632 286 141
v 3633 171 69
v 3634 94 49
v 3635 175 80
v 3636 45 24
v 3637 164 90
v 3638 657 331
v 3639 183 86
v 3640 88 52
v 3641 30 12
v 3642 54 27
v 3643 58 36
v 3644 348 158
v 3645 21 8
v 3646 167 79
v 3647 74 34
v 3648 237 118
v 3649 34 15
v 3650 12 7
v 3651 211 107
v 3652 85 46
v 3653 240 129
v 3654 261 133
v 3655 392 206
v 3656 47 27
v 3657 49 24
v 3658 460 230
v 3659 199 104
v 3660 202 91
v 3661 34 10
v 3662 70 37
v 3663 127 65
v 3664 131 59
v 3665 44 23
v 3666 27 13
v 3667 165 91
v 3668 285 142
v 3669 566 278
v 3670 721 340
v 3671 330 165
v 3672 90 42
v 3673 21 9
v 3674 170 83
v 3675 129 73
v 3676 45 18
v 3677 207 97
v 3678 66 30
v 3679 31 17
v 3680 333 177
v 3681 230 116
v 3682 311 166
v 3683 76 50
v 3684 396 185
v 3685 233 116
v 3686 48 24
v 3687 18 6
v 3688 154 74
v 3689 222 96
v 3690 387 191
v 3691 276 114
v 3692 479 247
v 3693 181 93
v 3694 168 92
v 3695 102 60
v 3696 308 166
v 3697 56 33
v 3698 105 51
v 3703 315 155
v 3704 218 111
v 3705 268 121
v 3707 563 288
v 3710 179 79
v 3712 539 285
v 3713 166 78
v 3715 305 140
v 3719 471 222
v 3720 65 34
v 3721 103 42
v 3722 83 38
v 3729 144 58
v 3739 75 43
v 3856 30 13
v 3857 91 51
v 3858 76 37
v 3859 71 37
v 3860 98 49
v 3861 170 72
v 3862 49 27
v 3863 28 10
v 3865 205 95
v 3866 247 124
v 3867 92 44
v 3868 121 59
v 3869 110 61
v 3870 90 41
v 3871 178 81
v 3872 18 9
v 3873 19 7
v 3874 30 14
v 3875 72 37
v 3876 125 58
v 3877 38 20
v 3878 39 15
v 3879 94 43
v 3880 19 10
v 3881 61 38
v 3882 29 13
v 3883 54 28
v 3884 14 5
v 3885 15 5
v 3886 36 19
v 3887 69 30
v 3888 97 47
v 3889 71 35
v 3890 32 16
v 3891 81 41
v 3892 20 14
v 3893 54 29
v 3894 508 257
v 3895 99 49
v 3896 16 7
v 3897 15 5
v 3898 24 8
v 3899 29 13
v 3900 175 87
v 3901 8 3
v 3902 82 32
v 3903 38 23
v 3904 86 45
v 3905 9 0
v 3906 3 3
v 3907 51 19
v 3908 23 12
v 3909 105 51
v 3910 73 44
v 3911 151 77
v 3912 17 13
v 3913 15 5
v 3914 143 70
v 3915 74 49
v 3916 87 35
v 3917 15 3
v 3918 28 16
v 3919 42 26
v 3920 56 28
v 3921 20 11
v 3922 4 3
v 3923 64 25
v 3924 93 53
v 3925 244 113
v 3926 241 119
v 3927 124 66
v 3928 53 24
v 3929 10 5
v 3930 67 30
v 3931 31 16
v 3932 13 6
v 3933 60 29
v 3934 8 2
v 3935 22 10
v 3936 144 74
v 3937 59 32
v 3938 68 34
v 3939 22 10
v 3940 126 60
v 3941 125 73
v 3942 16 10
v 3943 5 3
v 3944 44 24
v 3945 81 33
v 3946 152 66
v 3947 103 50
v 3948 190 94
v 3949 66 32
v 3950 58 28
v 3951 47 27
v 3952 102 40
v 3953 22 10
v 3954 24 12
v 3959 168 88
v 3960 97 48
v 3961 104 51
v 3963 229 114
v 3966 78 39
v 3968 217 114
v 3969 64 36
v 3971 97 51
v 3975 168 78
v 3976 41 25
v 3977 34 13
v 3978 23 14
v 3985 33 18
v 3995 38 14
v 4113 39 16
v 4114 44 18
v 4115 46 21
v 4116 70 31
v 4117 85 32
v 4118 40 18
v 4119 23 14
v 4121 100 44
v 4122 129 72
v 4123 54 21
v 4124 79 36
v 4125 43 21
v 4126 47 20
v 4127 83 37
v 4128 5 0
v 4129 24 7
v 4130 18 9
v 4131 23 15
v 4132 67 31
v 4133 26 11
v 4134 36 23
v 4135 39 22
v 4136 7 3
v 4137 18 11
v 4138 19 9
v 4139 34 18
v 4140 19 7
v 4141 15 7
v 4142 30 19
v 4143 32 10
v 4144 67 25
v 4145 41 15
v 4146 24 12
v 4147 49 21
v 4148 10 5
v 4149 43 20
v 4150 110 47
v 4151 42 9
v 4152 14 8
v 4153 8 5
v 4154 18 9
v 4155 14 4
v 4156 67 27
v 4157 6 3
v 4158 31 9
v 4159 13 8
v 4160 51 26
v 4161 18 6
v 4162 6 3
v 4163 38 15
v 4164 22 11
v 4165 59 32
v 4166 38 18
v 4167 70 32
v 4168 17 8
v 4169 13 5
v 4170 82 37
v 4171 33 15
v 4172 56 23
v 4173 13 4
v 4174 23 10
v 4175 39 20
v 4176 18 5
v 4177 11 6
v 4178 8 3
v 4179 38 9
v 4180 48 20
v 4181 113 56
v 4182 156 70
v 4183 52 25
v 4184 16 6
v 4185 4 2
v 4186 42 21
v 4187 23 10
v 4188 4 1
v 4189 38 13
v 4190 11 3
v 4191 5 2
v 4192 70 31
v 4193 43 20
v 4194 35 16
v 4195 10 4
v 4196 110 54
v 4197 51 25
v 4198 14 5
v 4199 7 4
v 4200 28 14
v 4201 50 21
v 4202 75 30
v 4203 46 23
v 4204 102 52
v 4205 35 22
v 4206 39 15
v 4207 30 16
v 4208 67 26
v 4209 13 5
v 4210 9 5
v 4215 64 28
v 4216 62 25
v 4217 51 24
v 4219 122 56
v 4222 32 17
v 4224 103 46
v 4225 35 13
v 4227 69 27
v 4231 95 41
v 4232 17 6
v 4233 19 10
v 4234 14 9
v 4241 21 6
v 4251 25 10
v 4370 79 40
v 4371 108 57
v 4372 117 63
v 4373 206 90
v 4374 68 29
v 4375 37 18
v 4377 244 120
v 4378 211 106
v 4379 90 43
v 4380 160 80
v 4381 113 57
v 4382 143 66
v 4383 202 99
v 4384 14 9
v 4385 45 18
v 4386 60 32
v 4387 52 31
v 4388 133 72
v 4389 41 19
v 4390 46 20
v 4391 80 40
v 4392 17 12
v 4393 46 27
v 4394 46 30
v 4395 63 37
v 4396 19 6
v 4397 13 3
v 4398 51 26
v 4399 55 27
v 4400 141 56
v 4401 106 51
v 4402 41 23
v 4403 98 56
v 4404 33 19
v 4405 107 57
v 4406 287 147
v 4407 131 61
v 4408 44 20
v 4409 9 7
v 4410 28 13
v 4411 40 27
v 4412 120 61
v 4413 7 4
v 4414 111 49
v 4415 18 8
v 4416 90 41
v 4417 23 11
v 4418 4 1
v 4419 103 56
v 4420 46 24
v 4421 128 62
v 4422 71 45
v 4423 160 88
v 4424 21 11
v 4425 27 14
v 4426 162 71
v 4427 50 28
v 4428 80 41
v 4429 29 15
v 4430 53 27
v 4431 85 43
v 4432 67 31
v 4433 16 7
v 4434 19 13
v 4435 102 47
v 4436 124 64
v 4437 266 152
v 4438 334 166
v 4439 105 55
v 4440 54 27
v 4441 15 7
v 4442 137 64
v 4443 60 26
v 4444 23 13
v 4445 75 43
v 4446 32 11
v 4447 27 13
v 4448 180 86
v 4449 76 40
v 4450 117 68
v 4451 29 16
v 4452 181 92
v 4453 87 45
v 4454 13 7
v 4455 7 3
v 4456 39 20
v 4457 116 58
v 4458 255 128
v 4459 145 79
v 4460 197 116
v 4461 96 53
v 4462 105 56
v 4463 67 25
v 4464 182 85
v 4465 25 14
v 4466 30 18
v 4471 204 103
v 4472 124 56
v 4473 87 45
v 4475 319 168
v 4478 84 47
v 4480 252 143
v 4481 79 35
v 4483 147 65
v 4487 235 115
v 4488 31 17
v 4489 59 28
v 4490 28 11
v 4497 97 52
v 4507 70 36
v 4627 160 92
v 4628 179 87
v 4629 236 119
v 4630 77 35
v 4631 51 27
v 4633 307 182
v 4634 346 197
v 4635 148 72
v 4636 197 87
v 4637 109 57
v 4638 135 68
v 4639 251 126
v 4640 16 10
v 4641 65 25
v 4642 51 31
v 4643 74 45
v 4644 174 85
v 4645 38 22
v 4646 57 26
v 4647 98 50
v 4648 18 11
v 4649 64 32
v 4650 65 34
v 4651 65 36
v 4652 33 15
v 4653 16 9
v 4654 90 49
v 4655 105 43
v 4656 248 111
v 4657 171 80
v 4658 52 22
v 4659 136 66
v 4660 33 13
v 4661 103 50
v 4662 311 161
v 4663 335 187
v 4664 78 39
v 4665 19 11
v 4666 38 21
v 4667 36 22
v 4668 274 141
v 4669 23 12
v 4670 157 75
v 4671 32 18
v 4672 137 67
v 4673 26 11
v 4674 7 4
v 4675 117 55
v 4676 51 29
v 4677 156 70
v 4678 143 77
v 4679 251 133
v 4680 36 24
v 4681 27 12
v 4682 219 101
v 4683 130 68
v 4684 127 56
v 4685 50 25
v 4686 102 48
v 4687 96 54
v 4688 69 32
v 4689 37 23
v 4690 23 14
v 4691 91 41
v 4692 169 86
v 4693 322 166
v 4694 414 222
v 4695 217 117
v 4696 89 44
v 4697 13 7
v 4698 123 57
v 4699 84 41
v 4700 21 11
v 4701 101 44
v 4702 51 28
v 4703 50 23
v 4704 248 141
v 4705 93 52
v 4706 122 75
v 4707 36 24
v 4708 238 134
v 4709 141 78
v 4710 24 16
v 4711 13 6
v 4712 79 45
v 4713 133 69
v 4714 276 148
v 4715 208 92
v 4716 245 128
v 4717 127 77
v 4718 101 54
v 4719 80 37
v 4720 154 72
v 4721 34 17
v 4722 46 27
v 4727 251 132
v 4728 146 79
v 4729 186 101
v 4731 406 226
v 4734 85 46
v 4736 332 166
v 4737 103 53
v 4739 194 102
v 4743 256 132
v 4744 58 31
v 4745 63 36
v 4746 50 23
v 4753 86 45
v 4763 81 34
v 4884 150 69
v 4885 296 119
v 4886 66 27
v 4887 45 22
v 4889 341 145
v 4890 338 182
v 4891 129 66
v 4892 159 70
v 4893 151 78
v 4894 112 44
v 4895 210 96
v 4896 15 5
v 4897 82 37
v 4898 36 25
v 4899 69 29
v 4900 196 87
v 4901 53 28
v 4902 65 21
v 4903 105 61
v 4904 18 10
v 4905 67 26
v 4906 52 23
v 4907 48 25
v 4908 36 23
v 4909 17 6
v 4910 85 51
v 4911 74 34
v 4912 197 94
v 4913 126 53
v 4914 50 24
v 4915 105 45
v 4916 25 10
v 4917 118 66
v 4918 270 126
v 4919 181 83
v 4920 37 21
v 4921 20 12
v 4922 32 15
v 4923 36 22
v 4924 244 109
v 4925 14 7
v 4926 104 36
v 4927 36 15
v 4928 108 51
v 4929 19 9
v 4930 6 2
v 4931 128 67
v 4932 43 22
v 4933 172 87
v 4934 122 59
v 4935 245 120
v 4936 31 16
v 4937 33 15
v 4938 225 107
v 4939 105 60
v 4940 113 55
v 4941 31 12
v 4942 37 15
v 4943 97 48
v 4944 89 47
v 4945 26 16
v 4946 14 10
v 4947 102 46
v 4948 132 61
v 4949 242 130
v 4950 382 178
v 4951 188 81
v 4952 89 46
v 4953 9 4
v 4954 125 59
v 4955 72 36
v 4956 17 7
v 4957 86 37
v 4958 37 17
v 4959 18 8
v 4960 206 105
v 4961 92 52
v 4962 166 67
v 4963 42 22
v 4964 253 127
v 4965 174 93
v 4966 21 16
v 4967 18 11
v 4968 76 42
v 4969 143 64
v 4970 283 115
v 4971 181 72
v 4972 231 126
v 4973 113 51
v 4974 89 41
v 4975 65 35
v 4976 215 94
v 4977 22 14
v 4978 43 23
v 4983 244 91
v 4984 167 90
v 4985 151 72
v 4987 365 178
v 4990 105 44
v 4992 310 159
v 4993 108 51
v 4995 185 92
v 4999 251 112
v 5000 51 22
v 5001 46 27
v 5002 40 17
v 5009 111 47
v 5019 84 39
v 5141 300 145
v 5142 119 66
v 5143 80 32
v 5145 440 210
v 5146 592 317
v 5147 251 123
v 5148 270 139
v 5149 194 81
v 5150 205 122
v 5151 402 193
v 5152 28 14
v 5153 76 32
v 5154 63 30
v 5155 93 50
v 5156 282 123
v 5157 59 32
v 5158 73 27
v 5159 151 85
v 5160 34 17
v 5161 113 58
v 5162 107 58
v 5163 102 48
v 5164 67 38
v 5165 22 7
v 5166 101 53
v 5167 128 68
v 5168 287 126
v 5169 168 63
v 5170 65 28
v 5171 135 69
v 5172 48 19
v 5173 143 70
v 5174 476 218
v 5175 142 55
v 5176 79 42
v 5177 22 3
v 5178 33 14
v 5179 56 39
v 5180 323 149
v 5181 16 7
v 5182 164 55
v 5183 60 27
v 5184 215 106
v 5185 16 10
v 5186 8 2
v 5187 192 93
v 5188 79 43
v 5189 320 178
v 5190 177 91
v 5191 296 131
v 5192 32 12
v 5193 24 11
v 5194 328 163
v 5195 156 76
v 5196 172 79
v 5197 34 11
v 5198 76 34
v 5199 110 61
v 5200 89 43
v 5201 37 15
v 5202 22 10
v 5203 160 62
v 5204 249 120
v 5205 489 223
v 5206 540 248
v 5207 287 153
v 5208 101 42
v 5209 19 5
v 5210 143 56
v 5211 72 27
v 5212 29 15
v 5213 121 58
v 5214 69 39
v 5215 23 17
v 5216 287 157
v 5217 171 89
v 5218 152 74
v 5219 60 32
v 5220 299 144
v 5221 167 94
v 5222 37 18
v 5223 13 6
v 5224 108 60
v 5225 173 82
v 5226 289 134
v 5227 201 98
v 5228 378 188
v 5229 170 78
v 5230 160 73
v 5231 116 55
v 5232 259 115
v 5233 61 37
v 5234 52 23
v 5239 265 124
v 5240 169 82
v 5241 256 149
v 5243 487 241
v 5246 148 67
v 5248 484 231
v 5249 135 74
v 5251 209 107
v 5255 350 167
v 5256 60 30
v 5257 71 32
v 5258 69 38
v 5265 103 61
v 5275 76 27
v 5398 142 74
v 5399 114 69
v 5401 637 323
v 5402 685 370
v 5403 287 161
v 5404 449 230
v 5405 241 131
v 5406 308 158
v 5407 464 240
v 5408 54 27
v 5409 86 42
v 5410 100 49
v 5411 158 91
v 5412 355 165
v 5413 73 45
v 5414 125 52
v 5415 236 126
v 5416 45 25
v 5417 156 83
v 5418 106 57
v 5419 155 88
v 5420 92 47
v 5421 40 23
v 5422 147 75
v 5423 273 153
v 5424 411 226
v 5425 282 143
v 5426 84 46
v 5427 246 127
v 5428 63 27
v 5429 213 102
v 5430 729 366
v 5431 346 173
v 5432 124 75
v 5433 27 17
v 5434 77 45
v 5435 72 43
v 5436 417 211
v 5437 25 14
v 5438 266 119
v 5439 69 36
v 5440 263 133
v 5441 53 23
v 5442 18 11
v 5443 228 110
v 5444 89 55
v 5445 300 158
v 5446 222 123
v 5447 436 229
v 5448 72 44
v 5449 58 28
v 5450 378 193
v 5451 241 143
v 5452 258 141
v 5453 53 24
v 5454 96 48
v 5455 188 80
v 5456 181 87
v 5457 51 25
v 5458 32 17
v 5459 210 105
v 5460 290 158
v 5461 669 343
v 5462 880 450
v 5463 378 197
v 5464 137 62
v 5465 33 13
v 5466 226 99
v 5467 137 71
v 5468 35 20
v 5469 189 96
v 5470 65 34
v 5471 41 19
v 5472 522 272
v 5473 173 97
v 5474 236 150
v 5475 70 39
v 5476 522 277
v 5477 263 142
v 5478 52 29
v 5479 35 20
v 5480 117 63
v 5481 269 146
v 5482 544 269
v 5483 323 167
v 5484 539 297
v 5485 213 116
v 5486 214 110
v 5487 153 82
v 5488 370 167
v 5489 75 41
v 5490 87 51
v 5495 500 259
v 5496 293 147
v 5497 301 172
v 5499 768 429
v 5502 206 101
v 5504 632 348
v 5505 222 123
v 5507 360 176
v 5511 577 292
v 5512 82 51
v 5513 129 70
v 5514 113 64
v 5521 195 109
v 5531 128 48
v 5655 39 13
v 5657 211 89
v 5658 252 127
v 5659 119 52
v 5660 139 71
v 5661 92 47
v 5662 107 50
v 5663 153 76
v 5664 14 7
v 5665 22 10
v 5666 36 15
v 5667 69 34
v 5668 130 57
v 5669 39 15
v 5670 45 18
v 5671 70 37
v 5672 16 7
v 5673 47 26
v 5674 42 25
v 5675 45 24
v 5676 38 20
v 5677 23 15
v 5678 40 25
v 5679 69 38
v 5680 113 51
v 5681 78 34
v 5682 39 15
v 5683 58 25
v 5684 18 9
v 5685 66 32
v 5686 187 73
v 5687 88 38
v 5688 31 23
v 5689 12 2
v 5690 20 11
v 5691 16 11
v 5692 134 63
v 5693 13 9
v 5694 90 38
v 5695 17 7
v 5696 103 54
v 5697 16 5
v 5698 4 4
v 5699 88 51
v 5700 29 17
v 5701 102 45
v 5702 68 36
v 5703 156 76
v 5704 23 18
v 5705 25 14
v 5706 138 67
v 5707 83 39
v 5708 75 26
v 5709 18 5
v 5710 35 14
v 5711 57 27
v 5712 53 24
v 5713 15 11
v 5714 16 8
v 5715 85 32
v 5716 106 54
v 5717 184 95
v 5718 259 121
v 5719 110 51
v 5720 33 19
v 5721 9 4
v 5722 83 28
v 5723 47 15
v 5724 15 7
v 5725 72 35
v 5726 17 6
v 5727 23 7
v 5728 123 64
v 5729 61 33
v 5730 61 30
v 5731 36 17
v 5732 124 61
v 5733 112 59
v 5734 17 7
v 5735 6 2
v 5736 55 26
v 5737 69 41
v 5738 118 58
v 5739 76 36
v 5740 189 94
v 5741 56 25
v 5742 75 29
v 5743 36 17
v 5744 91 48
v 5745 12 3
v 5746 30 16
v 5751 127 67
v 5752 91 43
v 5753 125 58
v 5755 208 97
v 5758 69 35
v 5760 196 99
v 5761 77 40
v 5763 79 34
v 5767 161 64
v 5768 42 19
v 5769 39 16
v 5770 30 18
v 5777 46 22
v 5787 28 9
v 5913 136 64
v 5914 195 108
v 5915 67 33
v 5916 74 31
v 5917 85 44
v 5918 69 42
v 5919 94 54
v 5920 11 5
v 5921 30 13
v 5922 20 10
v 5923 37 18
v 5924 90 46
v 5925 22 13
v 5926 25 14
v 5927 44 27
v 5928 9 2
v 5929 33 14
v 5930 27 12
v 5931 28 7
v 5932 21 10
v 5933 10 7
v 5934 44 24
v 5935 35 19
v 5936 95 43
v 5937 40 20
v 5938 18 9
v 5939 58 25
v 5940 11 7
v 5941 48 27
v 5942 160 65
v 5943 55 26
v 5944 27 15
v 5945 9 4
v 5946 13 4
v 5947 21 13
v 5948 110 61
v 5949 8 6
v 5950 48 19
v 5951 16 7
v 5952 51 29
v 5953 4 1
v 5955 65 34
v 5956 17 9
v 5957 54 23
v 5958 68 39
v 5959 88 42
v 5960 13 7
v 5961 13 4
v 5962 168 79
v 5963 62 34
v 5964 44 17
v 5965 16 4
v 5966 16 9
v 5967 33 13
v 5968 26 12
v 5969 17 5
v 5970 2 2
v 5971 41 20
v 5972 84 44
v 5973 124 62
v 5974 182 85
v 5975 97 42
v 5976 26 10
v 5977 3 2
v 5978 47 23
v 5979 31 15
v 5980 11 5
v 5981 37 11
v 5982 12 8
v 5983 8 4
v 5984 87 46
v 5985 44 22
v 5986 82 48
v 5987 16 10
v 5988 92 52
v 5989 67 33
v 5990 7 6
v 5991 6 1
v 5992 34 16
v 5993 57 28
v 5994 87 39
v 5995 70 35
v 5996 111 57
v 5997 37 22
v 5998 31 14
v 5999 28 15
v 6000 59 29
v 6001 7 6
v 6002 26 9
v 6007 98 49
v 6008 51 24
v 6009 80 39
v 6011 151 71
v 6014 35 18
v 6016 152 80
v 6017 43 19
v 6019 76 30
v 6023 133 66
v 6024 17 10
v 6025 24 11
v 6026 23 11
v 6033 35 20
v 6043 21 6
v 6426 865 476
v 6427 376 197
v 6428 453 208
v 6429 380 185
v 6430 346 199
v 6431 600 302
v 6432 56 30
v 6433 118 43
v 6434 137 68
v 6435 303 169
v 6436 385 196
v 6437 119 65
v 6438 131 63
v 6439 232 125
v 6440 48 29
v 6441 182 89
v 6442 175 89
v 6443 188 99
v 6444 117 64
v 6445 55 23
v 6446 215 116
v 6447 236 127
v 6448 406 193
v 6449 471 212
v 6450 118 62
v 6451 287 144
v 6452 62 37
v 6453 295 165
v 6454 810 387
v 6455 341 159
v 6456 143 65
v 6457 40 16
v 6458 76 39
v 6459 67 39
v 6460 470 235
v 6461 36 18
v 6462 251 92
v 6463 76 37
v 6464 329 156
v 6465 61 28
v 6466 19 16
v 6467 337 160
v 6468 87 49
v 6469 325 167
v 6470 293 158
v 6471 497 227
v 6472 78 52
v 6473 66 31
v 6474 693 321
v 6475 242 134
v 6476 403 177
v 6477 94 37
v 6478 109 54
v 6479 205 103
v 6480 197 96
v 6481 51 24
v 6482 30 23
v 6483 292 136
v 6484 380 193
v 6485 836 404
v 6486 1163 552
v 6487 468 238
v 6488 151 70
v 6489 23 15
v 6490 342 148
v 6491 158 84
v 6492 55 21
v 6493 181 83
v 6494 95 53
v 6495 44 23
v 6496 565 283
v 6497 262 143
v 6498 224 140
v 6499 87 43
v 6500 558 270
v 6501 322 167
v 6502 81 41
v 6503 30 14
v 6504 138 71
v 6505 349 168
v 6506 576 263
v 6507 408 194
v 6508 768 432
v 6509 217 109
v 6510 329 172
v 6511 177 78
v 6512 449 199
v 6513 100 48
v 6514 86 41
v 6519 558 261
v 6520 351 180
v 6521 395 211
v 6523 877 455
v 6526 191 79
v 6528 795 421
v 6529 265 153
v 6531 386 206
v 6535 694 355
v 6536 155 75
v 6537 111 48
v 6538 93 48
v 6545 188 93
v 6555 138 63
v 6683 669 336
v 6684 595 252
v 6685 459 212
v 6686 499 248
v 6687 821 376
v 6688 60 25
v 6689 149 52
v 6690 163 67
v 6691 266 125
v 6692 487 227
v 6693 152 72
v 6694 178 65
v 6695 317 158
v 6696 69 35
v 6697 170 90
v 6698 191 76
v 6699 191 90
v 6700 152 70
v 6701 72 36
v 6702 215 100
v 6703 225 107
v 6704 573 251
v 6705 352 154
v 6706 168 73
v 6707 307 129
v 6708 89 49
v 6709 290 152
v 6710 1003 430
v 6711 375 152
v 6712 139 63
v 6713 57 29
v 6714 75 37
v 6715 90 45
v 6716 624 273
v 6717 39 23
v 6718 298 110
v 6719 100 48
v 6720 456 217
v 6721 66 21
v 6722 15 6
v 6723 413 173
v 6724 134 72
v 6725 391 176
v 6726 415 190
v 6727 682 296
v 6728 94 48
v 6729 85 42
v 6730 755 341
v 6731 359 182
v 6732 334 142
v 6733 108 44
v 6734 162 71
v 6735 243 114
v 6736 187 98
v 6737 72 36
v 6738 45 17
v 6739 346 142
v 6740 544 250
v 6741 907 428
v 6742 1418 568
v 6743 637 297
v 6744 195 84
v 6745 37 17
v 6746 309 104
v 6747 193 68
v 6748 52 19
v 6749 289 120
v 6750 100 43
v 6751 68 34
v 6752 613 295
v 6753 333 172
v 6754 274 150
v 6755 108 62
v 6756 715 329
v 6757 372 167
v 6758 88 42
v 6759 25 9
v 6760 210 102
v 6761 372 168
v 6762 662 290
v 6763 486 208
v 6764 823 388
v 6765 297 125
v 6766 335 143
v 6767 225 99
v 6768 504 202
v 6769 114 49
v 6770 129 58
v 6775 622 274
v 6776 434 179
v 6777 477 225
v 6779 1051 480
v 6782 279 118
v 6784 990 463
v 6785 334 170
v 6787 463 207
v 6791 821 345
v 6792 144 68
v 6793 140 58
v 6794 140 75
v 6801 241 120
v 6811 161 62
v 6940 239 118
v 6941 235 108
v 6942 221 111
v 6943 382 174
v 6944 27 16
v 6945 48 18
v 6946 69 33
v 6947 138 68
v 6948 264 136
v 6949 62 33
v 6950 82 38
v 6951 132 65
v 6952 35 11
v 6953 71 37
v 6954 106 49
v 6955 104 55
v 6956 64 31
v 6957 42 22
v 6958 96 50
v 6959 107 56
v 6960 212 107
v 6961 137 59
v 6962 78 38
v 6963 123 71
v 6964 43 19
v 6965 133 67
v 6966 434 181
v 6967 167 70
v 6968 64 37
v 6969 33 9
v 6970 19 9
v 6971 40 20
v 6972 335 163
v 6973 14 5
v 6974 127 55
v 6975 47 18
v 6976 220 99
v 6977 19 10
v 6978 10 4
v 6979 172 86
v 6980 58 24
v 6981 178 79
v 6982 187 106
v 6983 299 133
v 6984 56 32
v 6985 43 18
v 6986 326 135
v 6987 158 71
v 6988 146 64
v 6989 35 13
v 6990 62 34
v 6991 95 55
v 6992 100 44
v 6993 39 17
v 6994 26 15
v 6995 117 52
v 6996 222 122
v 6997 440 213
v 6998 573 256
v 6999 256 136
v 7000 106 53
v 7001 13 7
v 7002 119 57
v 7003 81 41
v 7004 32 14
v 7005 140 58
v 7006 67 32
v 7007 34 18
v 7008 261 113
v 7009 159 79
v 7010 114 59
v 7011 55 31
v 7012 296 143
v 7013 165 81
v 7014 59 30
v 7015 17 8
v 7016 100 45
v 7017 140 61
v 7018 286 129
v 7019 207 92
v 7020 368 180
v 7021 146 55
v 7022 151 64
v 7023 92 40
v 7024 176 73
v 7025 34 17
v 7026 70 28
v 7031 237 119
v 7032 215 107
v 7033 216 96
v 7035 393 193
v 7038 112 51
v 7040 433 218
v 7041 158 79
v 7043 212 90
v 7047 398 156
v 7048 54 26
v 7049 69 28
v 7050 65 35
v 7057 91 44
v 7067 64 31
v 7197 256 136
v 7198 222 110
v 7199 429 224
v 7200 54 30
v 7201 73 28
v 7202 86 55
v 7203 100 60
v 7204 308 159
v 7205 56 35
v 7206 95 40
v 7207 208 114
v 7208 37 18
v 7209 93 56
v 7210 70 36
v 7211 108 64
v 7212 65 37
v 7213 23 8
v 7214 104 52
v 7215 139 71
v 7216 297 128
v 7217 194 93
v 7218 77 38
v 7219 166 81
v 7220 43 17
v 7221 158 87
v 7222 602 317
v 7223 258 111
v 7224 56 34
v 7225 22 10
v 7226 41 18
v 7227 44 18
v 7228 389 180
v 7229 25 13
v 7230 263 107
v 7231 58 35
v 7232 211 101
v 7233 32 17
v 7234 10 6
v 7235 165 85
v 7236 73 40
v 7237 237 128
v 7238 166 95
v 7239 305 153
v 7240 31 16
v 7241 28 17
v 7242 371 196
v 7243 207 121
v 7244 192 86
v 7245 50 16
v 7246 78 35
v 7247 103 51
v 7248 133 74
v 7249 42 20
v 7250 27 16
v 7251 185 88
v 7252 223 118
v 7253 515 266
v 7254 664 311
v 7255 334 183
v 7256 135 67
v 7257 25 10
v 7258 174 81
v 7259 110 57
v 7260 34 15
v 7261 135 60
v 7262 82 49
v 7263 67 34
v 7264 373 196
v 7265 181 100
v 7266 179 99
v 7267 58 27
v 7268 344 163
v 7269 271 150
v 7270 35 18
v 7271 18 11
v 7272 106 60
v 7273 232 110
v 7274 441 207
v 7275 307 142
v 7276 585 326
v 7277 323 147
v 7278 154 67
v 7279 138 80
v 7280 238 119
v 7281 37 23
v 7282 53 29
v 7287 289 152
v 7288 243 120
v 7289 248 128
v 7291 546 283
v 7294 139 70
v 7296 527 267
v 7297 148 84
v 7299 292 132
v 7303 517 251
v 7304 63 31
v 7305 87 36
v 7306 95 49
v 7313 108 57
v 7323 98 38
v 7454 160 75
v 7455 272 126
v 7456 24 13
v 7457 57 20
v 7458 63 31
v 7459 90 37
v 7460 204 91
v 7461 50 26
v 7462 58 33
v 7463 117 52
v 7464 32 18
v 7465 73 42
v 7466 62 32
v 7467 62 23
v 7468 66 41
v 7469 33 18
v 7470 87 43
v 7471 105 40
v 7472 210 105
v 7473 140 61
v 7474 39 20
v 7475 107 43
v 7476 41 17
v 7477 143 77
v 7478 315 127
v 7479 164 81
v 7480 56 26
v 7481 13 5
v 7482 22 11
v 7483 46 16
v 7484 282 120
v 7485 10 8
v 7486 125 56
v 7487 53 25
v 7488 162 94
v 7489 25 13
v 7490 6 4
v 7491 150 78
v 7492 59 30
v 7493 143 60
v 7494 235 112
v 7495 255 113
v 7496 36 22
v 7497 27 12
v 7498 283 135
v 7499 170 89
v 7500 159 83
v 7501 45 20
v 7502 53 30
v 7503 114 54
v 7504 88 49
v 7505 18 10
v 7506 16 9
v 7507 115 50
v 7508 153 81
v 7509 345 168
v 7510 434 195
v 7511 215 97
v 7512 85 39
v 7513 6 5
v 7514 144 63
v 7515 68 24
v 7516 24 9
v 7517 209 95
v 7518 30 15
v 7519 17 9
v 7520 294 142
v 7521 146 73
v 7522 164 84
v 7523 43 19
v 7524 273 137
v 7525 161 91
v 7526 37 20
v 7527 21 9
v 7528 76 41
v 7529 182 81
v 7530 281 139
v 7531 206 107
v 7532 384 199
v 7533 127 70
v 7534 140 71
v 7535 71 35
v 7536 197 81
v 7537 40 17
v 7538 43 23
v 7543 265 133
v 7544 169 76
v 7545 204 98
v 7547 350 177
v 7550 118 58
v 7552 381 193
v 7553 144 75
v 7555 220 102
v 7559 368 176
v 7560 53 26
v 7561 73 29
v 7562 59 29
v 7569 118 68
v 7579 68 29
v 7711 362 184
v 7712 35 17
v 7713 70 33
v 7714 61 26
v 7715 132 71
v 7716 246 113
v 7717 65 37
v 7718 59 27
v 7719 125 59
v 7720 30 14
v 7721 84 42
v 7722 79 39
v 7723 86 47
v 7724 69 31
v 7725 31 17
v 7726 86 44
v 7727 104 48
v 7728 188 90
v 7729 161 73
v 7730 57 19
v 7731 116 55
v 7732 50 23
v 7733 121 62
v 7734 395 183
v 7735 152 65
v 7736 58 31
v 7737 31 13
v 7738 43 20
v 7739 37 20
v 7740 302 139
v 7741 19 8
v 7742 100 31
v 7743 53 30
v 7744 169 92
v 7745 20 9
v 7746 14 11
v 7747 147 73
v 7748 57 34
v 7749 165 81
v 7750 149 71
v 7751 274 136
v 7752 34 15
v 7753 34 19
v 7754 286 130
v 7755 169 83
v 7756 156 74
v 7757 52 27
v 7758 80 42
v 7759 70 37
v 7760 118 55
v 7761 28 14
v 7762 16 6
v 7763 123 47
v 7764 190 102
v 7765 418 190
v 7766 453 229
v 7767 257 120
v 7768 81 36
v 7769 18 4
v 7770 116 44
v 7771 100 48
v 7772 27 11
v 7773 125 53
v 7774 70 33
v 7775 25 13
v 7776 245 128
v 7777 113 64
v 7778 102 53
v 7779 44 24
v 7780 259 123
v 7781 204 102
v 7782 34 19
v 7783 12 5
v 7784 97 46
v 7785 185 90
v 7786 254 127
v 7787 194 100
v 7788 334 170
v 7789 104 56
v 7790 148 68
v 7791 90 44
v 7792 196 89
v 7793 54 26
v 7794 44 25
v 7799 311 150
v 7800 137 67
v 7801 173 74
v 7803 420 228
v 7806 129 55
v 7808 325 159
v 7809 118 67
v 7811 203 93
v 7815 317 137
v 7816 48 20
v 7817 64 27
v 7818 68 29
v 7825 101 47
v 7835 78 34
v 7968 42 26
v 7969 88 42
v 7970 108 56
v 7971 170 97
v 7972 308 162
v 7973 94 50
v 7974 97 51
v 7975 231 123
v 7976 32 20
v 7977 172 98
v 7978 131 63
v 7979 138 77
v 7980 87 44
v 7981 51 26
v 7982 115 66
v 7983 169 84
v 7984 360 188
v 7985 270 112
v 7986 107 59
v 7987 168 72
v 7988 73 42
v 7989 165 87
v 7990 729 355
v 7991 244 103
v 7992 92 41
v 7993 37 15
v 7994 65 30
v 7995 76 42
v 7996 462 243
v 7997 30 13
v 7998 216 90
v 7999 77 35
v 8000 250 134
v 8001 35 15
v 8002 19 11
v 8003 261 131
v 8004 76 41
v 8005 308 166
v 8006 217 104
v 8007 446 233
v 8008 48 25
v 8009 47 21
v 8010 463 197
v 8011 250 145
v 8012 250 112
v 8013 64 26
v 8014 99 43
v 8015 142 77
v 8016 140 66
v 8017 36 18
v 8018 25 16
v 8019 227 111
v 8020 324 172
v 8021 643 308
v 8022 824 398
v 8023 407 188
v 8024 130 60
v 8025 16 11
v 8026 193 93
v 8027 131 64
v 8028 46 21
v 8029 216 96
v 8030 76 43
v 8031 45 20
v 8032 435 219
v 8033 196 107
v 8034 184 106
v 8035 83 39
v 8036 484 221
v 8037 292 161
v 8038 63 29
v 8039 21 9
v 8040 152 82
v 8041 262 117
v 8042 507 256
v 8043 310 134
v 8044 586 290
v 8045 165 80
v 8046 220 113
v 8047 177 88
v 8048 302 117
v 8049 77 42
v 8050 72 33
v 8055 469 229
v 8056 242 122
v 8057 447 238
v 8059 778 395
v 8062 180 89
v 8064 570 289
v 8065 167 82
v 8067 324 159
v 8071 525 265
v 8072 77 38
v 8073 142 68
v 8074 86 45
v 8081 159 78
v 8091 132 57
v 8225 4 2
v 8226 8 2
v 8227 10 4
v 8228 30 14
v 8229 4 1
v 8230 6 4
v 8231 17 7
v 8232 4 2
v 8233 15 7
v 8234 11 6
v 8235 8 4
v 8236 9 6
v 8237 8 3
v 8238 10 6
v 8239 11 4
v 8240 42 19
v 8241 25 14
v 8242 11 4
v 8243 9 4
v 8244 5 1
v 8245 19 8
v 8246 58 20
v 8247 18 8
v 8248 15 7
v 8249 4 1
v 8250 4 1
v 8251 8 4
v 8252 35 15
v 8253 1 0
v 8254 13 2
v 8255 8 6
v 8256 20 7
v 8258 1 1
v 8259 14 5
v 8260 8 3
v 8261 27 12
v 8262 21 6
v 8263 43 19
v 8264 4 2
v 8265 7 3
v 8266 49 27
v 8267 17 8
v 8268 16 8
v 8269 4 2
v 8270 7 6
v 8271 19 8
v 8272 13 8
v 8273 2 2
v 8274 1 1
v 8275 17 6
v 8276 17 10
v 8277 52 30
v 8278 59 26
v 8279 37 18
v 8280 22 6
v 8281 1 1
v 8282 17 4
v 8283 14 7
v 8284 7 3
v 8285 22 11
v 8286 13 8
v 8287 3 2
v 8288 38 12
v 8289 16 6
v 8290 20 12
v 8291 4 2
v 8292 34 18
v 8293 24 14
v 8294 5 3
v 8295 2 2
v 8296 10 5
v 8297 23 11
v 8298 33 15
v 8299 28 15
v 8300 37 17
v 8301 11 4
v 8302 21 10
v 8303 26 13
v 8304 29 13
v 8305 6 3
v 8306 8 3
v 8311 39 18
v 8312 11 6
v 8313 24 7
v 8315 65 28
v 8318 10 5
v 8320 53 28
v 8321 17 10
v 8323 31 19
v 8327 42 17
v 8328 5 2
v 8329 12 3
v 8330 10 4
v 8337 11 6
v 8347 13 4
v 8482 22 20
v 8483 25 13
v 8484 84 57
v 8485 44 24
v 8486 30 15
v 8487 36 18
v 8488 12 3
v 8489 19 12
v 8490 17 8
v 8491 19 11
v 8492 13 7
v 8493 8 3
v 8494 33 20
v 8495 31 21
v 8496 87 50
v 8497 76 46
v 8498 21 12
v 8499 45 27
v 8500 20 8
v 8501 39 24
v 8502 156 102
v 8503 75 45
v 8504 16 8
v 8505 5 3
v 8506 18 14
v 8507 15 9
v 8508 75 48
v 8509 9 6
v 8510 54 30
v 8511 10 7
v 8512 38 23
v 8513 18 14
v 8514 9 7
v 8515 57 39
v 8516 11 8
v 8517 72 44
v 8518 40 24
v 8519 79 51
v 8520 76 43
v 8521 11 6
v 8522 95 57
v 8523 70 41
v 8524 57 37
v 8525 16 12
v 8526 27 10
v 8527 24 19
v 8528 56 33
v 8529 9 7
v 8530 6 3
v 8531 39 22
v 8532 52 30
v 8533 212 132
v 8534 153 88
v 8535 88 62
v 8536 24 11
v 8537 14 6
v 8538 61 39
v 8539 42 24
v 8540 9 7
v 8541 45 26
v 8542 18 10
v 8543 7 5
v 8544 80 47
v 8545 31 20
v 8546 49 32
v 8547 26 16
v 8548 100 60
v 8549 70 50
v 8550 3 2
v 8551 8 5
v 8552 30 18
v 8553 88 61
v 8554 107 62
v 8555 70 48
v 8556 120 73
v 8557 43 24
v 8558 47 22
v 8559 37 18
v 8560 74 47
v 8561 11 6
v 8562 14 9
v 8567 128 75
v 8568 63 37
v 8569 64 34
v 8571 185 104
v 8574 42 23
v 8576 127 78
v 8577 27 19
v 8579 78 48
v 8583 174 97
v 8584 16 12
v 8585 22 11
v 8586 18 13
v 8593 41 28
v 8603 37 22
v 8739 32 15
v 8740 85 32
v 8741 19 12
v 8742 17 5
v 8743 31 16
v 8744 11 4
v 8745 36 20
v 8746 25 12
v 8747 22 12
v 8748 24 15
v 8749 16 10
v 8750 27 14
v 8751 32 11
v 8752 60 31
v 8753 49 18
v 8754 14 9
v 8755 37 21
v 8756 11 3
v 8757 40 20
v 8758 123 53
v 8759 47 24
v 8760 22 13
v 8761 11 3
v 8762 9 2
v 8763 9 6
v 8764 96 46
v 8765 10 4
v 8766 33 10
v 8767 14 7
v 8768 67 39
v 8769 16 6
v 8770 4 3
v 8771 108 56
v 8772 25 12
v 8773 75 36
v 8774 60 35
v 8775 85 39
v 8776 11 6
v 8777 10 8
v 8778 112 59
v 8779 44 22
v 8780 63 29
v 8781 6 1
v 8782 15 4
v 8783 40 23
v 8784 36 14
v 8785 6 4
v 8786 8 5
v 8787 41 19
v 8788 63 41
v 8789 133 57
v 8790 158 73
v 8791 90 43
v 8792 23 8
v 8793 7 7
v 8794 43 23
v 8795 36 16
v 8796 8 5
v 8797 34 18
v 8798 15 9
v 8799 10 7
v 8800 107 67
v 8801 46 26
v 8802 48 27
v 8803 16 11
v 8804 91 46
v 8805 50 23
v 8806 13 9
v 8807 8 3
v 8808 29 17
v 8809 77 48
v 8810 93 53
v 8811 63 27
v 8812 119 63
v 8813 33 15
v 8814 45 23
v 8815 38 18
v 8816 62 33
v 8817 21 8
v 8818 12 6
v 8823 62 27
v 8824 35 19
v 8825 80 45
v 8827 139 62
v 8830 54 25
v 8832 156 75
v 8833 34 17
v 8835 78 40
v 8839 102 52
v 8840 32 13
v 8841 36 11
v 8842 17 8
v 8849 32 13
v 8859 24 13
v 8996 137 66
v 8997 39 25
v 8998 41 18
v 8999 60 35
v 9000 19 6
v 9001 48 24
v 9002 44 20
v 9003 59 23
v 9004 46 22
v 9005 13 5
v 9006 47 24
v 9007 126 64
v 9008 134 61
v 9009 91 35
v 9010 32 13
v 9011 43 20
v 9012 16 8
v 9013 74 39
v 9014 265 105
v 9015 84 24
v 9016 27 12
v 9017 16 9
v 9018 21 6
v 9019 41 20
v 9020 112 48
v 9021 5 2
v 9022 72 24
v 9023 26 10
v 9024 88 39
v 9025 9 5
v 9026 6 4
v 9027 109 42
v 9028 43 24
v 9029 114 54
v 9030 73 34
v 9031 111 38
v 9032 17 12
v 9033 21 8
v 9034 144 55
v 9035 116 53
v 9036 155 77
v 9037 12 6
v 9038 32 13
v 9039 54 27
v 9040 45 18
v 9041 18 8
v 9042 7 3
v 9043 71 31
v 9044 130 52
v 9045 264 121
v 9046 280 124
v 9047 155 86
v 9048 24 10
v 9049 15 5
v 9050 65 26
v 9051 42 16
v 9052 13 7
v 9053 58 23
v 9054 37 21
v 9055 16 8
v 9056 142 71
v 9057 72 32
v 9058 76 38
v 9059 34 17
v 9060 137 58
v 9061 112 50
v 9062 26 17
v 9063 12 4
v 9064 56 19
v 9065 94 48
v 9066 95 34
v 9067 83 28
v 9068 221 109
v 9069 65 35
v 9070 115 48
v 9071 57 32
v 9072 93 47
v 9073 35 14
v 9074 21 13
v 9079 122 57
v 9080 80 31
v 9081 133 59
v 9083 178 82
v 9086 63 25
v 9088 212 109
v 9089 71 42
v 9091 100 43
v 9095 190 80
v 9096 34 12
v 9097 28 13
v 9098 27 8
v 9105 44 19
v 9115 37 19
v 9253 75 44
v 9254 81 42
v 9255 174 95
v 9256 20 12
v 9257 85 41
v 9258 92 56
v 9259 128 60
v 9260 56 27
v 9261 39 19
v 9262 100 53
v 9263 169 88
v 9264 297 150
v 9265 243 138
v 9266 68 38
v 9267 184 101
v 9268 79 39
v 9269 157 75
v 9270 521 274
v 9271 243 108
v 9272 73 35
v 9273 24 10
v 9274 39 14
v 9275 45 30
v 9276 262 128
v 9277 13 7
v 9278 219 95
v 9279 58 25
v 9280 181 96
v 9281 56 24
v 9282 11 7
v 9283 205 103
v 9284 95 42
v 9285 294 151
v 9286 152 82
v 9287 367 202
v 9288 42 23
v 9289 53 30
v 9290 298 140
v 9291 145 75
v 9292 186 97
v 9293 57 31
v 9294 66 31
v 9295 159 70
v 9296 116 68
v 9297 19 10
v 9298 19 15
v 9299 186 99
v 9300 250 130
v 9301 561 293
v 9302 616 303
v 9303 249 132
v 9304 79 39
v 9305 17 10
v 9306 179 75
v 9307 111 59
v 9308 43 22
v 9309 155 85
v 9310 54 29
v 9311 36 16
v 9312 367 199
v 9313 149 78
v 9314 201 131
v 9315 68 34
v 9316 390 197
v 9317 202 93
v 9318 57 37
v 9319 22 5
v 9320 76 40
v 9321 184 99
v 9322 387 211
v 9323 246 125
v 9324 402 215
v 9325 123 71
v 9326 146 78
v 9327 70 36
v 9328 334 154
v 9329 42 23
v 9330 51 26
v 9335 363 184
v 9336 216 106
v 9337 188 96
v 9339 512 270
v 9342 127 62
v 9344 489 247
v 9345 115 72
v 9347 269 146
v 9351 419 206
v 9352 74 43
v 9353 93 32
v 9354 381 192
v 9361 116 60
v 9371 106 42
v 9510 31 13
v 9511 35 22
v 9512 15 7
v 9513 21 14
v 9514 20 8
v 9515 17 6
v 9516 19 9
v 9517 11 5
v 9518 30 19
v 9519 33 11
v 9520 63 28
v 9521 40 19
v 9522 19 10
v 9523 33 13
v 9524 14 8
v 9525 59 30
v 9526 85 40
v 9527 42 20
v 9528 17 4
v 9529 6 2
v 9530 17 7
v 9531 20 6
v 9532 66 26
v 9533 7 3
v 9534 28 8
v 9535 13 4
v 9536 52 21
v 9537 10 2
v 9538 5 4
v 9539 46 20
v 9540 18 10
v 9541 50 18
v 9542 33 18
v 9543 78 27
v 9544 13 7
v 9545 13 4
v 9546 73 36
v 9547 55 31
v 9548 31 13
v 9549 13 3
v 9550 14 8
v 9551 20 11
v 9552 14 5
v 9553 11 7
v 9554 8 4
v 9555 46 17
v 9556 53 26
v 9557 97 40
v 9558 145 54
v 9559 66 30
v 9560 25 9
v 9561 6 3
v 9562 40 20
v 9563 31 16
v 9564 9 5
v 9565 47 20
v 9566 17 9
v 9567 14 8
v 9568 62 28
v 9569 43 16
v 9570 32 18
v 9571 20 10
v 9572 75 33
v 9573 72 28
v 9574 17 7
v 9575 7 1
v 9576 33 14
v 9577 61 30
v 9578 76 35
v 9579 52 23
v 9580 83 44
v 9581 39 18
v 9582 32 16
v 9583 33 14
v 9584 43 22
v 9585 19 8
v 9586 14 7
v 9591 69 34
v 9592 46 20
v 9593 63 20
v 9595 107 52
v 9598 26 15
v 9600 117 59
v 9601 46 27
v 9603 63 30
v 9607 87 39
v 9608 16 7
v 9609 25 10
v 9610 23 14
v 9617 29 13
v 9627 36 10
v 9767 52 25
v 9768 10 5
v 9769 34 21
v 9770 23 8
v 9771 25 14
v 9772 26 14
v 9773 11 10
v 9774 19 10
v 9775 30 18
v 9776 101 54
v 9777 46 20
v 9778 17 10
v 9779 70 37
v 9780 19 9
v 9781 60 42
v 9782 167 80
v 9783 67 23
v 9784 80 45
v 9785 6 4
v 9786 18 8
v 9787 12 4
v 9788 129 66
v 9789 4 1
v 9790 54 17
v 9791 12 7
v 9792 52 18
v 9793 16 8
v 9794 3 2
v 9795 47 29
v 9796 18 7
v 9797 67 37
v 9798 55 27
v 9799 112 58
v 9800 71 38
v 9801 8 4
v 9802 88 45
v 9803 59 34
v 9804 75 37
v 9805 13 6
v 9806 29 11
v 9807 33 19
v 9808 30 15
v 9809 13 5
v 9810 6 4
v 9811 51 24
v 9812 70 43
v 9813 158 84
v 9814 165 79
v 9815 105 58
v 9816 41 25
v 9817 3 2
v 9818 32 13
v 9819 33 16
v 9820 6 5
v 9821 41 19
v 9822 20 8
v 9823 9 5
v 9824 97 47
v 9825 60 37
v 9826 59 26
v 9827 19 8
v 9828 99 50
v 9829 65 40
v 9830 17 8
v 9831 11 8
v 9832 30 13
v 9833 59 27
v 9834 138 76
v 9835 90 42
v 9836 134 74
v 9837 45 21
v 9838 50 27
v 9839 27 13
v 9840 69 36
v 9841 11 7
v 9842 14 7
v 9847 128 63
v 9848 69 41
v 9849 85 49
v 9851 166 81
v 9854 52 27
v 9856 171 96
v 9857 43 21
v 9859 72 36
v 9863 140 80
v 9864 19 10
v 9865 24 9
v 9866 16 7
v 9873 36 18
v 9883 40 21
v 10024 15 8
v 10025 50 22
v 10026 54 28
v 10027 70 39
v 10028 39 19
v 10029 19 6
v 10030 51 27
v 10031 76 38
v 10032 162 73
v 10033 120 61
v 10034 41 16
v 10035 118 54
v 10036 35 19
v 10037 81 37
v 10038 310 151
v 10039 137 55
v 10040 35 18
v 10041 15 8
v 10042 19 6
v 10043 26 12
v 10044 143 65
v 10045 6 3
v 10046 108 43
v 10047 30 14
v 10048 133 57
v 10049 26 14
v 10050 4 1
v 10051 126 60
v 10052 58 38
v 10053 93 40
v 10054 100 48
v 10055 173 72
v 10056 38 19
v 10057 21 10
v 10058 226 96
v 10059 78 36
v 10060 101 47
v 10061 25 8
v 10062 57 26
v 10063 76 37
v 10064 63 28
v 10065 14 8
v 10066 14 8
v 10067 95 42
v 10068 126 65
v 10069 311 146
v 10070 319 142
v 10071 135 57
v 10072 65 28
v 10073 11 6
v 10074 102 42
v 10075 55 27
v 10076 31 13
v 10077 78 29
v 10078 31 13
v 10079 27 12
v 10080 174 85
v 10081 107 53
v 10082 110 61
v 10083 22 14
v 10084 241 124
v 10085 95 50
v 10086 27 17
v 10087 9 6
v 10088 59 22
v 10089 112 51
v 10090 194 83
v 10091 132 60
v 10092 227 98
v 10093 107 49
v 10094 95 46
v 10095 50 27
v 10096 149 73
v 10097 35 19
v 10098 48 24
v 10103 212 97
v 10104 144 68
v 10105 102 46
v 10107 300 142
v 10110 95 42
v 10112 315 157
v 10113 102 59
v 10115 128 54
v 10119 248 113
v 10120 48 24
v 10121 53 19
v 10122 42 18
v 10129 71 31
v 10139 65 28
v 10281 7 3
v 10282 10 5
v 10283 7 2
v 10284 7 5
v 10285 8 3
v 10286 5 4
v 10287 18 8
v 10288 30 18
v 10289 22 8
v 10290 7 3
v 10291 24 11
v 10292 7 2
v 10293 19 10
v 10294 57 22
v 10295 27 12
v 10296 12 7
v 10297 7 4
v 10298 8 5
v 10299 6 5
v 10300 32 18
v 10301 5 3
v 10302 12 7
v 10303 20 10
v 10304 24 11
v 10305 8 3
v 10306 5 2
v 10307 16 11
v 10308 9 7
v 10309 30 15
v 10310 22 11
v 10311 37 16
v 10312 9 5
v 10313 8 4
v 10314 35 17
v 10315 21 10
v 10316 19 10
v 10317 8 1
v 10318 9 5
v 10319 15 7
v 10320 12 5
v 10321 6 3
v 10322 3 2
v 10323 20 9
v 10324 30 14
v 10325 57 30
v 10326 76 32
v 10327 36 16
v 10328 10 6
v 10329 2 2
v 10330 30 10
v 10331 10 1
v 10332 6 3
v 10333 36 13
v 10334 10 7
v 10335 1 1
v 10336 40 25
v 10337 17 8
v 10338 14 9
v 10339 5 4
v 10340 45 26
v 10341 24 9
v 10342 9 4
v 10343 2 1
v 10344 23 11
v 10345 18 10
v 10346 36 17
v 10347 23 9
v 10348 38 21
v 10349 20 8
v 10350 21 9
v 10351 18 10
v 10352 22 9
v 10353 5 5
v 10354 4 1
v 10359 26 13
v 10360 28 14
v 10361 24 9
v 10363 52 25
v 10366 20 11
v 10368 45 27
v 10369 16 6
v 10371 22 12
v 10375 35 16
v 10376 11 4
v 10377 6 1
v 10378 12 5
v 10385 24 14
v 10395 17 8
v 10538 53 27
v 10539 38 21
v 10540 17 6
v 10541 12 3
v 10542 29 16
v 10543 43 19
v 10544 62 28
v 10545 63 36
v 10546 24 12
v 10547 55 18
v 10548 14 7
v 10549 54 29
v 10550 302 139
v 10551 97 45
v 10552 18 9
v 10553 6 2
v 10554 19 9
v 10555 20 10
v 10556 97 38
v 10557 8 3
v 10558 69 23
v 10559 30 18
v 10560 87 45
v 10561 23 12
v 10562 8 3
v 10563 63 32
v 10564 26 15
v 10565 51 25
v 10566 76 32
v 10567 158 55
v 10568 24 7
v 10569 17 7
v 10570 100 47
v 10571 60 22
v 10572 74 33
v 10573 16 5
v 10574 26 10
v 10575 49 27
v 10576 31 12
v 10577 8 4
v 10578 7 2
v 10579 66 30
v 10580 77 37
v 10581 179 74
v 10582 208 86
v 10583 89 43
v 10584 48 20
v 10585 9 3
v 10586 65 23
v 10587 31 12
v 10588 16 5
v 10589 69 22
v 10590 14 9
v 10591 11 6
v 10592 99 43
v 10593 59 25
v 10594 67 34
v 10595 22 13
v 10596 159 85
v 10597 62 20
v 10598 17 9
v 10599 7 1
v 10600 57 22
v 10601 69 26
v 10602 133 61
v 10603 88 38
v 10604 121 60
v 10605 48 17
v 10606 55 26
v 10607 30 17
v 10608 64 23
v 10609 18 12
v 10610 18 6
v 10615 121 55
v 10616 86 41
v 10617 84 37
v 10619 177 88
v 10622 75 27
v 10624 173 85
v 10625 64 30
v 10627 86 37
v 10631 174 105
v 10632 23 14
v 10633 34 18
v 10634 27 13
v 10641 53 21
v 10651 29 13
v 10795 32 14
v 10796 31 16
v 10797 15 6
v 10798 31 14
v 10799 34 16
v 10800 105 53
v 10801 73 39
v 10802 29 12
v 10803 53 22
v 10804 15 7
v 10805 45 26
v 10806 119 59
v 10807 38 15
v 10808 24 16
v 10809 7 3
v 10810 15 6
v 10811 13 9
v 10812 139 75
v 10813 11 2
v 10814 42 18
v 10815 21 6
v 10816 58 29
v 10817 6 4
v 10818 2 2
v 10819 70 39
v 10820 28 15
v 10821 173 86
v 10822 54 31
v 10823 102 50
v 10824 21 7
v 10825 23 7
v 10826 119 56
v 10827 56 28
v 10828 66 34
v 10829 11 5
v 10830 28 15
v 10831 46 24
v 10832 23 13
v 10833 9 5
v 10834 12 9
v 10835 40 14
v 10836 73 34
v 10837 118 52
v 10838 191 81
v 10839 115 60
v 10840 39 21
v 10841 12 5
v 10842 43 17
v 10843 36 15
v 10844 10 2
v 10845 49 25
v 10846 19 10
v 10847 13 5
v 10848 80 39
v 10849 78 33
v 10850 47 21
v 10851 17 8
v 10852 101 47
v 10853 81 43
v 10854 14 4
v 10855 10 4
v 10856 75 47
v 10857 64 35
v 10858 107 52
v 10859 72 37
v 10860 106 51
v 10861 32 13
v 10862 44 20
v 10863 37 21
v 10864 69 24
v 10865 18 9
v 10866 25 12
v 10871 90 44
v 10872 52 22
v 10873 100 43
v 10875 156 82
v 10878 44 25
v 10880 130 59
v 10881 40 17
v 10883 72 30
v 10887 125 61
v 10888 20 6
v 10889 23 11
v 10890 19 8
v 10897 25 9
v 10907 19 6
v 11052 26 12
v 11053 13 8
v 11054 24 11
v 11055 64 19
v 11056 114 56
v 11057 62 31
v 11058 19 10
v 11059 64 32
v 11060 15 10
v 11061 60 32
v 11062 183 90
v 11063 68 22
v 11064 36 23
v 11065 9 7
v 11066 22 13
v 11067 16 7
v 11068 129 56
v 11069 12 5
v 11070 42 14
v 11071 19 11
v 11072 73 41
v 11073 11 4
v 11074 4 4
v 11075 61 29
v 11076 32 13
v 11077 80 40
v 11078 64 30
v 11079 124 52
v 11080 16 11
v 11081 14 8
v 11082 124 54
v 11083 65 33
v 11084 68 36
v 11085 17 3
v 11086 30 18
v 11087 40 21
v 11088 47 19
v 11089 10 6
v 11090 9 3
v 11091 58 19
v 11092 104 53
v 11093 173 79
v 11094 231 112
v 11095 104 58
v 11096 52 19
v 11097 5 2
v 11098 49 14
v 11099 41 22
v 11100 11 7
v 11101 44 21
v 11102 26 14
v 11103 15 4
v 11104 102 44
v 11105 58 29
v 11106 62 32
v 11107 16 7
v 11108 124 46
v 11109 79 42
v 11110 17 12
v 11111 4 0
v 11112 32 17
v 11113 62 26
v 11114 107 44
v 11115 87 35
v 11116 162 87
v 11117 55 23
v 11118 64 28
v 11119 40 18
v 11120 61 31
v 11121 10 6
v 11122 22 11
v 11127 128 52
v 11128 65 26
v 11129 80 33
v 11131 191 91
v 11134 49 26
v 11136 192 88
v 11137 61 35
v 11139 70 32
v 11143 160 81
v 11144 26 13
v 11145 19 8
v 11146 31 15
v 11153 43 26
v 11163 23 10
v 11309 8 2
v 11310 17 7
v 11311 42 20
v 11312 76 36
v 11313 46 22
v 11314 23 12
v 11315 38 12
v 11316 17 6
v 11317 35 16
v 11318 130 67
v 11319 35 13
v 11320 23 13
v 11321 13 3
v 11322 16 9
v 11323 12 4
v 11324 88 46
v 11325 5 2
v 11326 30 13
v 11327 7 3
v 11328 45 31
v 11329 8 2
v 11330 6 3
v 11331 86 40
v 11332 29 13
v 11333 36 21
v 11334 50 22
v 11335 80 46
v 11336 14 9
v 11337 10 7
v 11338 105 51
v 11339 59 25
v 11340 39 17
v 11341 8 1
v 11342 18 10
v 11343 33 16
v 11344 27 14
v 11345 1 0
v 11346 7 4
v 11347 35 17
v 11348 61 30
v 11349 104 49
v 11350 155 75
v 11351 72 32
v 11352 26 9
v 11353 5 4
v 11354 55 28
v 11355 25 12
v 11356 14 7
v 11357 40 17
v 11358 12 10
v 11359 9 5
v 11360 73 39
v 11361 53 33
v 11362 27 9
v 11363 22 13
v 11364 79 42
v 11365 58 31
v 11366 17 7
v 11367 6 3
v 11368 26 12
v 11369 43 22
v 11370 51 21
v 11371 45 16
v 11372 91 53
v 11373 26 11
v 11374 33 16
v 11375 38 18
v 11376 52 24
v 11377 28 16
v 11378 20 10
v 11383 60 25
v 11384 44 18
v 11385 66 30
v 11387 111 55
v 11390 35 16
v 11392 116 65
v 11393 45 16
v 11395 66 32
v 11399 112 47
v 11400 24 13
v 11401 13 7
v 11402 9 5
v 11409 33 16
v 11419 22 8
v 11566 11 7
v 11567 17 9
v 11568 36 19
v 11569 27 17
v 11570 11 6
v 11571 18 9
v 11572 7 3
v 11573 25 14
v 11574 55 29
v 11575 19 7
v 11576 10 5
v 11577 4 3
v 11578 9 4
v 11579 11 9
v 11580 42 18
v 11581 2 1
v 11582 19 9
v 11583 12 9
v 11584 27 15
v 11585 8 6
v 11586 2 2
v 11587 23 13
v 11588 14 5
v 11589 32 19
v 11590 29 15
v 11591 32 12
v 11592 8 4
v 11593 12 8
v 11594 48 23
v 11595 24 15
v 11596 23 15
v 11597 6 3
v 11598 15 8
v 11599 11 3
v 11600 12 5
v 11601 5 2
v 11602 3 1
v 11603 17 9
v 11604 40 20
v 11605 49 31
v 11606 79 36
v 11607 30 16
v 11608 21 13
v 11609 3 2
v 11610 25 12
v 11611 22 14
v 11612 5 4
v 11613 16 10
v 11614 6 4
v 11615 9 2
v 11616 29 15
v 11617 27 15
v 11618 13 7
v 11619 13 7
v 11620 26 13
v 11621 39 20
v 11622 5 5
v 11624 11 6
v 11625 30 13
v 11626 41 20
v 11627 25 10
v 11628 47 21
v 11629 14 7
v 11630 18 8
v 11631 14 8
v 11632 38 18
v 11633 9 5
v 11634 8 4
v 11639 43 26
v 11640 16 10
v 11641 30 16
v 11643 43 22
v 11646 14 10
v 11648 48 23
v 11649 21 11
v 11651 22 11
v 11655 50 27
v 11656 12 5
v 11657 10 6
v 11658 28 13
v 11665 13 8
v 11675 11 5
v 11823 52 28
v 11824 127 51
v 11825 63 30
v 11826 34 14
v 11827 67 36
v 11828 15 9
v 11829 60 30
v 11830 210 80
v 11831 62 20
v 11832 24 14
v 11833 8 5
v 11834 19 11
v 11835 15 10
v 11836 115 49
v 11837 11 1
v 11838 54 21
v 11839 26 14
v 11840 79 36
v 11841 15 4
v 11842 2 1
v 11843 67 23
v 11844 34 20
v 11845 72 29
v 11846 90 47
v 11847 122 50
v 11848 23 9
v 11849 14 5
v 11850 148 71
v 11851 67 33
v 11852 79 35
v 11853 16 4
v 11854 19 9
v 11855 56 28
v 11856 36 17
v 11857 13 6
v 11858 4 1
v 11859 56 18
v 11860 105 44
v 11861 183 90
v 11862 262 118
v 11863 109 55
v 11864 39 11
v 11865 12 7
v 11866 67 27
v 11867 39 16
v 11868 24 9
v 11869 52 23
v 11870 16 5
v 11871 16 7
v 11872 148 75
v 11873 71 32
v 11874 99 49
v 11875 25 11
v 11876 143 76
v 11877 85 45
v 11878 15 11
v 11879 3 0
v 11880 44 21
v 11881 112 56
v 11882 141 60
v 11883 85 37
v 11884 129 52
v 11885 76 36
v 11886 52 20
v 11887 40 16
v 11888 113 51
v 11889 9 5
v 11890 28 11
v 11895 113 45
v 11896 93 43
v 11897 99 52
v 11899 184 91
v 11902 58 23
v 11904 205 107
v 11905 52 26
v 11907 102 51
v 11911 171 78
v 11912 28 10
v 11913 27 11
v 11914 22 13
v 11921 36 17
v 11931 42 16
v 12080 126 65
v 12081 99 45
v 12082 28 15
v 12083 92 51
v 12084 23 12
v 12085 103 40
v 12086 243 112
v 12087 80 38
v 12088 40 17
v 12089 11 5
v 12090 42 21
v 12091 42 28
v 12092 189 91
v 12093 7 4
v 12094 88 30
v 12095 21 6
v 12096 104 60
v 12097 24 12
v 12098 8 4
v 12099 101 56
v 12100 29 14
v 12101 118 63
v 12102 97 46
v 12103 151 79
v 12104 23 15
v 12105 25 13
v 12106 137 68
v 12107 113 60
v 12108 107 56
v 12109 13 2
v 12110 37 17
v 12111 39 19
v 12112 44 23
v 12113 11 4
v 12114 8 2
v 12115 83 30
v 12116 99 49
v 12117 229 105
v 12118 260 117
v 12119 138 71
v 12120 45 20
v 12121 9 4
v 12122 88 28
v 12123 55 37
v 12124 15 9
v 12125 68 32
v 12126 26 13
v 12127 8 6
v 12128 147 53
v 12129 49 31
v 12130 113 52
v 12131 68 38
v 12132 131 63
v 12133 117 66
v 12134 32 14
v 12135 6 5
v 12136 51 23
v 12137 90 43
v 12138 156 79
v 12139 93 42
v 12140 175 90
v 12141 76 35
v 12142 79 40
v 12143 46 28
v 12144 113 47
v 12145 23 12
v 12146 45 23
v 12151 159 75
v 12152 76 44
v 12153 124 67
v 12155 233 119
v 12158 49 18
v 12160 236 120
v 12161 54 28
v 12163 102 48
v 12167 174 88
v 12168 37 15
v 12169 42 17
v 12170 30 14
v 12177 49 17
v 12187 34 19
v 12337 211 102
v 12338 84 48
v 12339 170 79
v 12340 36 15
v 12341 171 101
v 12342 483 217
v 12343 164 75
v 12344 81 47
v 12345 26 8
v 12346 48 25
v 12347 54 26
v 12348 399 204
v 12349 30 20
v 12350 161 60
v 12351 54 36
v 12352 206 105
v 12353 36 21
v 12354 12 7
v 12355 216 102
v 12356 72 45
v 12357 183 89
v 12358 146 81
v 12359 345 176
v 12360 48 23
v 12361 42 25
v 12362 329 153
v 12363 160 82
v 12364 176 97
v 12365 50 19
v 12366 121 52
v 12367 98 59
v 12368 113 62
v 12369 54 29
v 12370 33 18
v 12371 150 79
v 12372 222 132
v 12373 535 303
v 12374 572 279
v 12375 291 147
v 12376 86 41
v 12377 24 12
v 12378 181 76
v 12379 98 55
v 12380 40 15
v 12381 143 63
v 12382 48 33
v 12383 28 15
v 12384 267 143
v 12385 141 81
v 12386 179 104
v 12387 50 20
v 12388 406 210
v 12389 184 99
v 12390 30 16
v 12391 10 6
v 12392 82 46
v 12393 214 111
v 12394 361 179
v 12395 232 115
v 12396 405 205
v 12397 185 96
v 12398 165 74
v 12399 95 44
v 12400 279 132
v 12401 51 26
v 12402 66 34
v 12407 331 168
v 12408 233 119
v 12409 215 114
v 12411 555 300
v 12414 163 90
v 12416 493 267
v 12417 111 58
v 12419 263 130
v 12423 475 238
v 12424 58 30
v 12425 95 42
v 12426 97 48
v 12433 140 77
v 12443 101 43
v 12594 52 24
v 12595 131 70
v 12596 39 22
v 12597 107 48
v 12598 333 184
v 12599 175 83
v 12600 57 37
v 12601 22 10
v 12602 32 15
v 12603 18 9
v 12604 293 169
v 12605 12 7
v 12606 134 51
v 12607 36 22
v 12608 119 59
v 12609 16 5
v 12610 6 3
v 12611 139 62
v 12612 39 23
v 12613 178 98
v 12614 127 73
v 12615 233 121
v 12616 34 21
v 12617 19 9
v 12618 214 110
v 12619 111 64
v 12620 167 88
v 12621 34 19
v 12622 55 29
v 12623 85 53
v 12624 78 42
v 12625 29 20
v 12626 13 5
v 12627 72 41
v 12628 139 77
v 12629 283 151
v 12630 406 204
v 12631 204 114
v 12632 72 41
v 12633 13 6
v 12634 85 34
v 12635 54 26
v 12636 16 8
v 12637 132 70
v 12638 35 23
v 12639 25 15
v 12640 215 104
v 12641 95 57
v 12642 210 120
v 12643 43 29
v 12644 262 156
v 12645 152 87
v 12646 26 16
v 12647 14 6
v 12648 52 31
v 12649 160 83
v 12650 295 148
v 12651 140 71
v 12652 264 154
v 12653 131 74
v 12654 96 49
v 12655 63 39
v 12656 196 98
v 12657 29 16
v 12658 34 20
v 12663 254 147
v 12664 138 87
v 12665 157 86
v 12667 378 216
v 12670 84 51
v 12672 323 172
v 12673 91 55
v 12675 176 98
v 12679 280 141
v 12680 36 20
v 12681 82 37
v 12682 41 23
v 12689 87 48
v 12699 71 36
v 12851 35 19
v 12852 10 5
v 12853 43 23
v 12854 131 59
v 12855 62 32
v 12856 16 11
v 12857 5 1
v 12858 15 6
v 12859 15 6
v 12860 93 37
v 12861 6 3
v 12862 52 24
v 12863 22 11
v 12864 54 25
v 12865 10 4
v 12866 6 2
v 12867 60 26
v 12868 31 16
v 12869 60 34
v 12870 58 32
v 12871 82 36
v 12872 11 5
v 12873 5 2
v 12874 95 45
v 12875 41 24
v 12876 54 31
v 12877 15 6
v 12878 25 8
v 12879 35 12
v 12880 25 15
v 12881 7 5
v 12882 4 3
v 12883 41 16
v 12884 48 30
v 12885 166 87
v 12886 138 60
v 12887 95 46
v 12888 23 11
v 12889 6 3
v 12890 52 25
v 12891 29 12
v 12892 6 4
v 12893 50 14
v 12894 22 8
v 12895 12 6
v 12896 80 40
v 12897 63 33
v 12898 39 22
v 12899 16 6
v 12900 82 32
v 12901 47 26
v 12902 9 6
v 12903 5 3
v 12904 19 9
v 12905 68 33
v 12906 97 43
v 12907 60 23
v 12908 113 61
v 12909 46 24
v 12910 40 14
v 12911 38 17
v 12912 92 40
v 12913 17 9
v 12914 19 9
v 12919 82 34
v 12920 61 27
v 12921 62 32
v 12923 145 65
v 12926 37 17
v 12928 112 55
v 12929 29 15
v 12931 64 29
v 12935 86 37
v 12936 22 11
v 12937 19 6
v 12938 15 5
v 12945 42 18
v 12955 31 12
v 13108 19 12
v 13109 115 60
v 13110 315 156
v 13111 152 66
v 13112 56 27
v 13113 18 13
v 13114 30 17
v 13115 39 22
v 13116 189 114
v 13117 9 4
v 13118 111 43
v 13119 28 15
v 13120 122 69
v 13121 27 12
v 13122 5 3
v 13123 113 51
v 13124 35 21
v 13125 180 93
v 13126 84 48
v 13127 225 107
v 13128 43 21
v 13129 14 8
v 13130 210 102
v 13131 89 54
v 13132 111 59
v 13133 42 22
v 13134 48 20
v 13135 86 42
v 13136 66 30
v 13137 23 12
v 13138 13 4
v 13139 135 52
v 13140 120 68
v 13141 287 141
v 13142 350 162
v 13143 174 87
v 13144 57 29
v 13145 10 5
v 13146 127 56
v 13147 48 22
v 13148 19 10
v 13149 73 28
v 13150 16 8
v 13151 13 6
v 13152 217 99
v 13153 70 39
v 13154 107 46
v 13155 29 17
v 13156 267 126
v 13157 91 46
v 13158 14 6
v 13159 5 1
v 13160 46 19
v 13161 151 74
v 13162 248 121
v 13163 166 76
v 13164 266 148
v 13165 109 55
v 13166 93 41
v 13167 68 39
v 13168 201 99
v 13169 24 12
v 13170 44 24
v 13175 241 134
v 13176 132 74
v 13177 135 68
v 13179 369 193
v 13182 100 48
v 13184 284 154
v 13185 73 40
v 13187 171 87
v 13191 233 124
v 13192 31 14
v 13193 39 16
v 13194 54 31
v 13201 90 46
v 13211 53 21
v 13365 24 12
v 13366 70 36
v 13367 34 15
v 13368 9 4
v 13369 4 3
v 13370 13 6
v 13371 8 5
v 13372 55 23
v 13373 5 3
v 13374 35 18
v 13375 12 5
v 13376 38 22
v 13377 9 3
v 13378 5 1
v 13379 25 17
v 13380 9 6
v 13381 34 15
v 13382 21 11
v 13383 46 22
v 13384 10 6
v 13385 6 3
v 13386 58 22
v 13387 33 20
v 13388 34 18
v 13389 8 2
v 13390 11 8
v 13391 25 13
v 13392 18 6
v 13393 9 4
v 13394 7 4
v 13395 27 12
v 13396 33 17
v 13397 68 29
v 13398 104 51
v 13399 41 26
v 13400 20 10
v 13401 6 4
v 13402 30 10
v 13403 13 10
v 13404 5 2
v 13405 57 30
v 13406 8 5
v 13407 5 1
v 13408 42 19
v 13409 36 21
v 13410 34 18
v 13411 11 6
v 13412 48 20
v 13413 34 12
v 13414 8 2
v 13415 6 1
v 13416 13 6
v 13417 34 16
v 13418 53 24
v 13419 36 14
v 13420 85 46
v 13421 29 12
v 13422 24 8
v 13423 15 11
v 13424 53 24
v 13425 11 8
v 13426 7 5
v 13431 68 35
v 13432 33 18
v 13433 35 17
v 13435 94 44
v 13438 28 12
v 13440 93 57
v 13441 17 7
v 13443 39 17
v 13447 71 33
v 13448 14 10
v 13449 14 4
v 13450 12 6
v 13457 25 6
v 13467 13 7
v 13622 276 132
v 13623 118 39
v 13624 54 28
v 13625 9 5
v 13626 47 22
v 13627 32 15
v 13628 155 77
v 13629 11 4
v 13630 102 36
v 13631 28 8
v 13632 109 49
v 13633 23 11
v 13634 9 4
v 13635 136 63
v 13636 36 22
v 13637 173 85
v 13638 102 59
v 13639 136 66
v 13640 27 17
v 13641 22 9
v 13642 201 93
v 13643 89 49
v 13644 100 45
v 13645 19 10
v 13646 39 17
v 13647 76 45
v 13648 96 45
v 13649 24 9
v 13650 23 9
v 13651 98 43
v 13652 139 67
v 13653 352 177
v 13654 389 183
v 13655 149 76
v 13656 44 14
v 13657 5 1
v 13658 99 41
v 13659 65 36
v 13660 21 10
v 13661 79 29
v 13662 18 8
v 13663 25 13
v 13664 183 85
v 13665 73 38
v 13666 127 66
v 13667 27 13
v 13668 206 96
v 13669 115 65
v 13670 18 9
v 13671 10 5
v 13672 39 17
v 13673 146 65
v 13674 209 96
v 13675 133 76
v 13676 298 152
v 13677 106 65
v 13678 100 45
v 13679 67 34
v 13680 202 113
v 13681 19 9
v 13682 44 24
v 13687 205 104
v 13688 139 71
v 13689 140 64
v 13691 320 149
v 13694 81 34
v 13696 262 129
v 13697 88 41
v 13699 152 68
v 13703 223 106
v 13704 38 23
v 13705 56 22
v 13706 36 17
v 13713 74 33
v 13723 71 29
v 13879 334 155
v 13880 160 86
v 13881 35 17
v 13882 75 39
v 13883 77 34
v 13884 540 273
v 13885 44 23
v 13886 308 122
v 13887 86 40
v 13888 380 216
v 13889 45 18
v 13890 17 8
v 13891 383 206
v 13892 115 70
v 13893 392 178
v 13894 464 240
v 13895 558 281
v 13896 75 41
v 13897 53 28
v 13898 676 341
v 13899 272 151
v 13900 380 193
v 13901 57 23
v 13902 90 48
v 13903 229 119
v 13904 202 87
v 13905 76 42
v 13906 38 22
v 13907 369 179
v 13908 457 249
v 13909 968 510
v 13910 1143 586
v 13911 556 317
v 13912 206 105
v 13913 36 21
v 13914 281 127
v 13915 181 82
v 13916 48 21
v 13917 370 175
v 13918 207 109
v 13919 87 40
v 13920 871 472
v 13921 266 149
v 13922 303 158
v 13923 77 41
v 13924 605 321
v 13925 375 208
v 13926 73 46
v 13927 33 13
v 13928 175 100
v 13929 489 256
v 13930 630 341
v 13931 513 252
v 13932 1216 714
v 13933 445 249
v 13934 364 190
v 13935 195 108
v 13936 438 191
v 13937 92 53
v 13938 117 58
v 13943 649 331
v 13944 376 175
v 13945 394 199
v 13947 1005 543
v 13950 278 138
v 13952 878 498
v 13953 307 202
v 13955 473 238
v 13959 732 388
v 13960 115 56
v 13961 164 83
v 13962 93 50
v 13969 230 118
v 13979 179 71
v 14136 103 57
v 14137 15 11
v 14138 57 25
v 14139 50 26
v 14140 258 152
v 14141 15 7
v 14142 146 64
v 14143 35 22
v 14144 140 84
v 14145 31 17
v 14146 10 5
v 14147 88 49
v 14148 37 27
v 14149 226 121
v 14150 93 52
v 14151 239 125
v 14152 36 18
v 14153 32 17
v 14154 247 121
v 14155 85 54
v 14156 151 97
v 14157 39 15
v 14158 63 34
v 14159 86 45
v 14160 89 43
v 14161 16 11
v 14162 18 9
v 14163 122 69
v 14164 174 95
v 14165 371 213
v 14166 467 243
v 14167 229 129
v 14168 74 30
v 14169 9 6
v 14170 128 59
v 14171 70 31
v 14172 16 12
v 14173 120 56
v 14174 18 8
v 14175 34 13
v 14176 259 142
v 14177 139 78
v 14178 119 69
v 14179 30 19
v 14180 258 140
v 14181 122 69
v 14182 22 17
v 14183 5 4
v 14184 54 33
v 14185 211 100
v 14186 344 190
v 14187 185 101
v 14188 455 254
v 14189 93 60
v 14190 134 57
v 14191 132 67
v 14192 227 119
v 14193 30 13
v 14194 57 36
v 14199 351 179
v 14200 178 103
v 14201 161 98
v 14203 435 233
v 14206 117 63
v 14208 372 197
v 14209 130 81
v 14211 193 118
v 14215 287 151
v 14216 56 24
v 14217 66 33
v 14218 42 30
v 14225 118 60
v 14235 133 46
v 14393 9 5
v 14394 24 11
v 14395 14 6
v 14396 45 24
v 14397 5 3
v 14398 40 20
v 14399 12 7
v 14400 52 19
v 14401 11 3
v 14402 7 7
v 14403 58 27
v 14404 20 11
v 14405 78 37
v 14406 44 24
v 14407 63 26
v 14408 8 5
v 14409 9 6
v 14410 88 50
v 14411 60 33
v 14412 40 16
v 14413 9 4
v 14414 21 6
v 14415 46 22
v 14416 44 24
v 14417 8 3
v 14418 10 6
v 14419 60 27
v 14420 61 27
v 14421 186 103
v 14422 188 88
v 14423 59 30
v 14424 23 12
v 14425 9 5
v 14426 59 24
v 14427 20 12
v 14428 9 3
v 14429 49 21
v 14430 12 4
v 14431 7 4
v 14432 98 48
v 14433 33 9
v 14434 66 36
v 14435 17 9
v 14436 80 41
v 14437 44 16
v 14438 5 2
v 14439 3 1
v 14440 27 12
v 14441 59 32
v 14442 124 55
v 14443 68 25
v 14444 138 83
v 14445 36 16
v 14446 62 27
v 14447 35 21
v 14448 57 24
v 14449 16 8
v 14450 19 11
v 14455 101 40
v 14456 70 29
v 14457 73 45
v 14459 148 71
v 14462 46 21
v 14464 129 63
v 14465 31 15
v 14467 71 38
v 14471 111 60
v 14472 13 4
v 14473 20 10
v 14474 13 5
v 14481 41 15
v 14491 40 16
v 14650 3 0
v 14651 8 4
v 14652 40 21
v 14653 3 2
v 14654 13 6
v 14655 5 5
v 14656 15 8
v 14657 1 1
v 14658 1 1
v 14659 24 11
v 14660 10 7
v 14661 22 6
v 14662 16 6
v 14663 30 15
v 14664 4 3
v 14665 1 1
v 14666 38 18
v 14667 21 8
v 14668 24 11
v 14669 3 1
v 14670 6 2
v 14671 19 7
v 14672 12 6
v 14673 3 1
v 14674 5 4
v 14675 14 6
v 14676 23 12
v 14677 45 19
v 14678 56 32
v 14679 32 18
v 14680 6 1
v 14681 4 2
v 14682 17 9
v 14683 6 3
v 14684 3 1
v 14685 15 7
v 14686 6 3
v 14687 2 0
v 14688 32 20
v 14689 22 13
v 14690 28 19
v 14691 3 3
v 14692 40 18
v 14693 12 8
v 14694 4 2
v 14696 9 5
v 14697 22 16
v 14698 39 22
v 14699 23 6
v 14700 42 29
v 14701 22 12
v 14702 11 5
v 14703 12 8
v 14704 28 16
v 14705 1 1
v 14706 5 5
v 14711 35 18
v 14712 13 6
v 14713 23 9
v 14715 35 18
v 14718 9 6
v 14720 36 16
v 14721 16 10
v 14723 21 12
v 14727 40 20
v 14728 8 6
v 14729 4 1
v 14730 14 6
v 14737 9 6
v 14747 7 4
v 14907 8 1
v 14908 59 28
v 14909 9 3
v 14910 28 13
v 14911 4 1
v 14912 33 14
v 14913 8 3
v 14914 9 2
v 14915 34 20
v 14916 12 11
v 14917 60 28
v 14918 32 18
v 14919 49 19
v 14920 14 4
v 14921 9 7
v 14922 65 41
v 14923 19 11
v 14924 29 10
v 14925 13 5
v 14926 11 10
v 14927 20 12
v 14928 17 8
v 14929 2 1
v 14930 5 3
v 14931 27 10
v 14932 31 14
v 14933 79 47
v 14934 104 62
v 14935 48 20
v 14936 23 13
v 14937 2 1
v 14938 43 13
v 14939 28 17
v 14940 5 2
v 14941 25 12
v 14942 10 6
v 14943 9 5
v 14944 61 32
v 14945 27 19
v 14946 38 19
v 14947 9 4
v 14948 74 38
v 14949 36 23
v 14950 7 6
v 14951 5 4
v 14952 10 5
v 14953 52 35
v 14954 93 48
v 14955 34 14
v 14956 72 42
v 14957 32 12
v 14958 23 10
v 14959 21 10
v 14960 61 21
v 14961 7 3
v 14962 4 2
v 14967 60 31
v 14968 33 18
v 14969 44 23
v 14971 130 68
v 14974 30 11
v 14976 70 40
v 14977 21 8
v 14979 50 24
v 14983 75 32
v 14984 13 6
v 14985 22 10
v 14986 7 4
v 14993 27 16
v 15003 26 8
v 15164 56 27
v 15165 2 0
v 15166 41 11
v 15167 14 8
v 15168 34 20
v 15169 5 2
v 15170 1 0
v 15171 38 19
v 15172 26 6
v 15173 31 13
v 15174 31 13
v 15175 60 23
v 15176 8 3
v 15177 7 4
v 15178 49 21
v 15179 46 21
v 15180 55 31
v 15181 4 3
v 15182 11 5
v 15183 10 6
v 15184 22 13
v 15185 2 0
v 15186 2 1
v 15187 30 16
v 15188 36 15
v 15189 81 35
v 15190 114 51
v 15191 52 22
v 15192 18 9
v 15193 1 0
v 15194 27 14
v 15195 14 4
v 15196 4 2
v 15197 18 7
v 15198 16 11
v 15199 3 3
v 15200 56 26
v 15201 31 11
v 15202 23 8
v 15203 15 8
v 15204 62 23
v 15205 44 22
v 15206 4 1
v 15207 4 3
v 15208 17 4
v 15209 39 17
v 15210 133 63
v 15211 46 28
v 15212 67 28
v 15213 28 11
v 15214 39 21
v 15215 15 6
v 15216 42 19
v 15217 7 1
v 15218 18 8
v 15223 53 28
v 15224 39 14
v 15225 39 16
v 15227 75 37
v 15230 23 9
v 15232 75 31
v 15233 26 11
v 15235 34 17
v 15239 71 31
v 15240 19 8
v 15241 19 6
v 15242 9 4
v 15249 25 9
v 15259 29 17
v 15421 41 18
v 15422 156 59
v 15423 46 25
v 15424 204 107
v 15425 36 12
v 15426 14 9
v 15427 278 133
v 15428 95 55
v 15429 268 127
v 15430 163 100
v 15431 311 132
v 15432 57 34
v 15433 42 22
v 15434 423 209
v 15435 206 128
v 15436 195 86
v 15437 53 18
v 15438 91 39
v 15439 188 90
v 15440 116 58
v 15441 63 31
v 15442 42 20
v 15443 165 74
v 15444 251 129
v 15445 508 264
v 15446 784 381
v 15447 345 171
v 15448 112 54
v 15449 52 24
v 15450 192 77
v 15451 119 58
v 15452 44 18
v 15453 147 65
v 15454 70 40
v 15455 59 36
v 15456 468 227
v 15457 176 97
v 15458 169 96
v 15459 67 37
v 15460 337 161
v 15461 240 133
v 15462 62 33
v 15463 17 4
v 15464 153 86
v 15465 222 121
v 15466 354 160
v 15467 280 138
v 15468 582 304
v 15469 294 129
v 15470 278 139
v 15471 174 94
v 15472 381 174
v 15473 57 33
v 15474 87 50
v 15479 371 163
v 15480 254 131
v 15481 321 173
v 15483 611 307
v 15486 147 77
v 15488 565 294
v 15489 197 105
v 15491 327 172
v 15495 680 297
v 15496 90 43
v 15497 105 51
v 15498 77 37
v 15505 125 65
v 15515 91 36
v 15678 9 3
v 15679 5 3
v 15680 12 4
v 15681 3 0
v 15682 5 2
v 15683 16 7
v 15684 3 3
v 15685 29 17
v 15686 15 9
v 15687 21 11
v 15688 3 2
v 15689 1 1
v 15690 38 21
v 15691 20 11
v 15692 13 6
v 15693 6 4
v 15694 2 1
v 15695 9 5
v 15696 6 1
v 15697 3 3
v 15698 2 2
v 15699 17 4
v 15700 20 15
v 15701 42 21
v 15702 61 26
v 15703 11 4
v 15704 3 1
v 15705 2 1
v 15706 9 5
v 15707 10 3
v 15709 11 6
v 15710 4 4
v 15711 3 1
v 15712 16 8
v 15713 17 10
v 15714 11 6
v 15715 8 3
v 15716 25 16
v 15717 13 5
v 15718 5 4
v 15719 1 1
v 15720 8 2
v 15721 19 8
v 15722 13 7
v 15723 19 10
v 15724 21 14
v 15725 13 7
v 15726 12 5
v 15727 8 3
v 15728 17 9
v 15729 7 6
v 15730 3 0
v 15735 17 10
v 15736 18 8
v 15737 22 11
v 15739 44 18
v 15742 17 10
v 15744 34 18
v 15745 10 4
v 15747 26 12
v 15751 27 11
v 15752 8 3
v 15753 5 2
v 15754 10 6
v 15761 9 5
v 15771 8 2
v 15935 21 15
v 15936 93 57
v 15937 23 15
v 15938 11 9
v 15939 102 75
v 15940 32 23
v 15941 162 102
v 15942 105 66
v 15943 256 159
v 15944 27 16
v 15945 28 13
v 15946 168 103
v 15947 81 55
v 15948 108 63
v 15949 25 13
v 15950 41 27
v 15951 72 45
v 15952 64 43
v 15953 16 11
v 15954 9 4
v 15955 122 74
v 15956 131 75
v 15957 282 176
v 15958 356 214
v 15959 165 105
v 15960 75 39
v 15961 15 7
v 15962 90 50
v 15963 67 35
v 15964 13 9
v 15965 116 59
v 15966 27 17
v 15967 21 11
v 15968 199 130
v 15969 93 60
v 15970 93 60
v 15971 35 18
v 15972 209 135
v 15973 113 76
v 15974 40 24
v 15975 11 8
v 15976 58 39
v 15977 144 87
v 15978 239 137
v 15979 169 101
v 15980 288 192
v 15981 97 65
v 15982 95 56
v 15983 87 56
v 15984 157 103
v 15985 24 13
v 15986 30 17
v 15991 259 165
v 15992 123 86
v 15993 148 95
v 15995 364 216
v 15998 90 55
v 16000 260 155
v 16001 73 48
v 16003 143 86
v 16007 211 122
v 16008 32 20
v 16009 67 33
v 16010 40 21
v 16017 88 56
v 16027 65 31
v 16192 50 24
v 16193 16 10
v 16194 2 2
v 16195 35 19
v 16196 17 6
v 16197 31 18
v 16198 36 21
v 16199 57 25
v 16200 7 3
v 16201 11 6
v 16202 65 33
v 16203 37 14
v 16204 30 18
v 16205 8 5
v 16206 24 12
v 16207 28 12
v 16208 24 9
v 16209 7 1
v 16210 7 4
v 16211 30 17
v 16212 44 25
v 16213 133 69
v 16214 98 38
v 16215 55 28
v 16216 15 7
v 16217 3 0
v 16218 48 27
v 16219 28 14
v 16220 7 3
v 16221 27 11
v 16222 18 9
v 16223 5 2
v 16224 44 19
v 16225 30 20
v 16226 33 14
v 16227 11 7
v 16228 75 34
v 16229 35 18
v 16230 7 4
v 16231 4 1
v 16232 21 11
v 16233 35 20
v 16234 61 23
v 16235 32 10
v 16236 61 32
v 16237 36 13
v 16238 30 19
v 16239 15 6
v 16240 38 17
v 16241 18 9
v 16242 11 3
v 16247 39 17
v 16248 46 27
v 16249 43 22
v 16251 88 46
v 16254 36 15
v 16256 83 44
v 16257 32 17
v 16259 39 19
v 16263 96 45
v 16264 17 7
v 16265 11 4
v 16266 9 4
v 16273 17 9
v 16283 18 9
v 16449 23 7
v 16450 7 3
v 16451 132 62
v 16452 43 17
v 16453 153 61
v 16454 141 60
v 16455 219 109
v 16456 25 11
v 16457 27 14
v 16458 234 109
v 16459 139 77
v 16460 121 58
v 16461 33 12
v 16462 56 21
v 16463 72 34
v 16464 54 24
v 16465 21 13
v 16466 16 9
v 16467 123 60
v 16468 180 90
v 16469 554 284
v 16470 478 213
v 16471 228 120
v 16472 73 37
v 16473 10 6
v 16474 97 35
v 16475 77 34
v 16476 23 11
v 16477 108 53
v 16478 32 18
v 16479 29 14
v 16480 219 93
v 16481 124 67
v 16482 101 50
v 16483 43 29
v 16484 247 126
v 16485 141 74
v 16486 38 21
v 16487 5 2
v 16488 114 51
v 16489 140 62
v 16490 239 111
v 16491 132 54
v 16492 310 159
v 16493 100 57
v 16494 127 64
v 16495 74 38
v 16496 158 81
v 16497 35 13
v 16498 41 22
v 16503 213 104
v 16504 146 69
v 16505 171 78
v 16507 325 158
v 16510 114 56
v 16512 331 175
v 16513 117 67
v 16515 150 72
v 16519 310 157
v 16520 61 30
v 16521 61 29
v 16522 50 23
v 16529 90 57
v 16539 72 22
v 16706 2 0
v 16707 20 15
v 16708 8 5
v 16709 28 14
v 16710 20 9
v 16711 32 19
v 16712 3 1
v 16713 3 2
v 16714 24 13
v 16715 26 19
v 16716 21 10
v 16717 16 8
v 16718 14 5
v 16719 11 3
v 16720 13 8
v 16721 6 3
v 16722 4 3
v 16723 29 15
v 16724 26 11
v 16725 89 49
v 16726 81 50
v 16727 24 12
v 16728 11 6
v 16729 1 0
v 16730 25 15
v 16731 18 11
v 16732 4 2
v 16733 29 14
v 16734 1 1
v 16735 5 4
v 16736 46 23
v 16737 12 5
v 16738 29 15
v 16739 13 11
v 16740 47 30
v 16741 19 10
v 16742 5 4
v 16743 5 3
v 16744 12 6
v 16745 28 16
v 16746 43 22
v 16747 33 22
v 16748 54 32
v 16749 26 14
v 16750 23 13
v 16751 15 5
v 16752 43 22
v 16753 5 0
v 16754 12 7
v 16759 56 25
v 16760 31 11
v 16761 26 13
v 16763 78 49
v 16766 19 10
v 16768 67 44
v 16769 21 11
v 16771 42 18
v 16775 50 32
v 16776 11 6
v 16777 10 5
v 16778 8 4
v 16785 19 8
v 16795 17 9
v 16963 5 3
v 16964 5 0
v 16965 6 4
v 16966 3 1
v 16967 13 6
v 16968 1 0
v 16969 2 0
v 16970 8 5
v 16971 7 5
v 16972 7 3
v 16973 4 3
v 16974 5 3
v 16975 5 4
v 16976 3 0
v 16977 2 0
v 16978 1 0
v 16979 4 1
v 16980 5 3
v 16981 14 6
v 16982 19 5
v 16983 8 5
v 16984 1 0
v 16985 2 2
v 16986 6 2
v 16987 4 3
v 16988 4 2
v 16989 1 1
v 16990 4 2
v 16991 2 2
v 16992 15 8
v 16993 7 2
v 16994 7 2
v 16995 3 0
v 16996 15 9
v 16997 7 0
v 16999 3 1
v 17000 4 1
v 17001 8 5
v 17002 15 9
v 17003 10 5
v 17004 18 10
v 17005 9 6
v 17006 7 2
v 17007 6 3
v 17008 19 7
v 17009 2 2
v 17010 4 4
v 17015 15 7
v 17016 10 6
v 17017 6 5
v 17019 15 5
v 17022 5 0
v 17024 19 8
v 17025 6 4
v 17027 9 5
v 17031 12 4
v 17032 5 1
v 17033 6 4
v 17034 6 3
v 17041 4 3
v 17051 3 1
v 17220 49 31
v 17221 156 79
v 17222 112 63
v 17223 227 104
v 17224 22 11
v 17225 34 14
v 17226 250 125
v 17227 128 66
v 17228 129 66
v 17229 27 10
v 17230 49 26
v 17231 103 57
v 17232 87 38
v 17233 26 10
v 17234 18 7
v 17235 119 59
v 17236 136 81
v 17237 241 112
v 17238 388 191
v 17239 221 109
v 17240 78 46
v 17241 15 7
v 17242 101 49
v 17243 72 31
v 17244 26 17
v 17245 124 43
v 17246 37 25
v 17247 29 15
v 17248 217 108
v 17249 127 75
v 17250 125 80
v 17251 39 15
v 17252 236 106
v 17253 157 85
v 17254 32 17
v 17255 10 3
v 17256 71 39
v 17257 137 73
v 17258 216 102
v 17259 158 67
v 17260 261 127
v 17261 88 45
v 17262 81 36
v 17263 106 53
v 17264 239 106
v 17265 48 27
v 17266 37 25
v 17271 204 99
v 17272 119 61
v 17273 199 100
v 17275 323 168
v 17278 91 48
v 17280 323 170
v 17281 103 62
v 17283 168 82
v 17287 271 115
v 17288 41 21
v 17289 93 43
v 17290 39 21
v 17297 72 40
v 17307 51 20
v 17477 42 14
v 17478 46 21
v 17479 80 29
v 17480 12 5
v 17481 6 4
v 17482 83 40
v 17483 42 21
v 17484 43 20
v 17485 17 4
v 17486 26 17
v 17487 19 10
v 17488 17 6
v 17489 11 5
v 17490 7 3
v 17491 52 23
v 17492 61 26
v 17493 158 76
v 17494 150 60
v 17495 66 27
v 17496 20 13
v 17497 2 1
v 17498 38 14
v 17499 87 34
v 17500 10 3
v 17501 30 12
v 17502 27 9
v 17503 6 4
v 17504 69 40
v 17505 48 21
v 17506 35 17
v 17507 14 8
v 17508 76 30
v 17509 54 29
v 17510 23 17
v 17511 2 0
v 17512 45 16
v 17513 44 13
v 17514 77 30
v 17515 60 32
v 17516 94 44
v 17517 39 21
v 17518 38 20
v 17519 46 24
v 17520 91 38
v 17521 12 4
v 17522 12 5
v 17527 59 24
v 17528 60 28
v 17529 53 30
v 17531 107 49
v 17534 39 19
v 17536 96 43
v 17537 40 23
v 17539 69 28
v 17543 67 26
v 17544 23 7
v 17545 22 8
v 17546 22 10
v 17553 24 9
v 17563 52 17
v 17734 103 45
v 17735 280 145
v 17736 25 18
v 17737 23 12
v 17738 291 142
v 17739 127 65
v 17740 182 92
v 17741 35 16
v 17742 76 42
v 17743 105 65
v 17744 149 62
v 17745 29 12
v 17746 23 9
v 17747 124 62
v 17748 182 89
v 17749 400 192
v 17750 455 216
v 17751 226 104
v 17752 64 27
v 17753 17 8
v 17754 165 68
v 17755 129 67
v 17756 31 12
v 17757 104 52
v 17758 148 74
v 17759 10 7
v 17760 381 186
v 17761 113 65
v 17762 167 82
v 17763 47 22
v 17764 279 134
v 17765 180 104
v 17766 36 22
v 17767 15 3
v 17768 87 49
v 17769 189 97
v 17770 295 135
v 17771 271 120
v 17772 413 225
v 17773 163 86
v 17774 136 73
v 17775 94 47
v 17776 302 143
v 17777 47 25
v 17778 39 22
v 17783 326 164
v 17784 190 96
v 17785 205 100
v 17787 486 269
v 17790 123 65
v 17792 350 186
v 17793 111 57
v 17795 220 111
v 17799 335 177
v 17800 45 22
v 17801 90 41
v 17802 64 32
v 17809 107 54
v 17819 159 72
v 17991 235 97
v 17992 36 18
v 17993 20 6
v 17994 238 120
v 17995 93 37
v 17996 88 43
v 17997 13 7
v 17998 38 19
v 17999 58 25
v 18000 63 27
v 18001 22 11
v 18002 18 9
v 18003 84 30
v 18004 151 69
v 18005 320 145
v 18006 399 181
v 18007 166 71
v 18008 66 26
v 18009 13 3
v 18010 95 37
v 18011 63 24
v 18012 13 5
v 18013 101 40
v 18014 37 20
v 18015 33 15
v 18016 212 105
v 18017 155 79
v 18018 136 77
v 18019 31 14
v 18020 208 85
v 18021 96 42
v 18022 25 12
v 18023 13 6
v 18024 74 29
v 18025 114 57
v 18026 180 80
v 18027 166 81
v 18028 259 140
v 18029 82 40
v 18030 142 63
v 18031 78 48
v 18032 144 59
v 18033 31 12
v 18034 47 22
v 18039 185 85
v 18040 125 52
v 18041 176 93
v 18043 274 140
v 18046 105 43
v 18048 324 164
v 18049 112 51
v 18051 151 72
v 18055 246 109
v 18056 43 22
v 18057 46 18
v 18058 44 23
v 18065 73 34
v 18075 30 14
v 18248 72 36
v 18249 66 33
v 18250 372 192
v 18251 206 123
v 18252 217 110
v 18253 48 19
v 18254 98 50
v 18255 189 98
v 18256 122 68
v 18257 42 29
v 18258 35 13
v 18259 178 88
v 18260 291 150
v 18261 582 328
v 18262 755 371
v 18263 331 169
v 18264 137 60
v 18265 17 9
v 18266 179 89
v 18267 114 45
v 18268 41 20
v 18269 208 89
v 18270 81 43
v 18271 56 32
v 18272 359 190
v 18273 175 101
v 18274 264 139
v 18275 57 35
v 18276 424 213
v 18277 247 148
v 18278 41 21
v 18279 10 3
v 18280 118 68
v 18281 252 117
v 18282 468 214
v 18283 290 130
v 18284 624 337
v 18285 163 74
v 18286 203 107
v 18287 121 62
v 18288 265 133
v 18289 57 33
v 18290 93 59
v 18295 495 229
v 18296 212 115
v 18297 297 155
v 18299 577 305
v 18302 188 92
v 18304 532 289
v 18305 217 121
v 18307 256 128
v 18311 485 235
v 18312 96 53
v 18313 110 56
v 18314 68 38
v 18321 144 73
v 18331 139 57
v 18505 7 3
v 18506 62 38
v 18507 28 13
v 18508 37 23
v 18509 16 6
v 18510 19 5
v 18511 14 4
v 18512 21 12
v 18513 11 5
v 18514 8 4
v 18515 25 11
v 18516 50 26
v 18517 97 43
v 18518 87 39
v 18519 46 14
v 18520 33 17
v 18521 1 0
v 18522 31 14
v 18523 16 6
v 18524 4 1
v 18525 32 12
v 18526 9 3
v 18527 3 1
v 18528 32 18
v 18529 26 13
v 18530 27 14
v 18531 9 7
v 18532 77 28
v 18533 42 23
v 18534 10 1
v 18535 1 0
v 18536 17 5
v 18537 22 10
v 18538 58 29
v 18539 47 18
v 18540 44 19
v 18541 33 16
v 18542 27 10
v 18543 15 6
v 18544 41 18
v 18545 5 1
v 18546 17 5
v 18551 61 31
v 18552 35 18
v 18553 30 20
v 18555 64 20
v 18558 31 14
v 18560 92 42
v 18561 18 7
v 18563 49 25
v 18567 61 33
v 18568 14 5
v 18569 9 3
v 18570 25 14
v 18577 11 6
v 18587 16 4
v 18762 54 25
v 18763 29 16
v 18764 27 13
v 18765 6 1
v 18766 13 7
v 18767 20 11
v 18768 19 9
v 18769 9 5
v 18770 3 1
v 18771 18 10
v 18772 29 15
v 18773 71 32
v 18774 85 40
v 18775 34 14
v 18776 16 9
v 18777 4 2
v 18778 16 6
v 18779 18 11
v 18780 1 0
v 18781 30 19
v 18782 7 4
v 18783 6 3
v 18784 39 23
v 18785 26 13
v 18786 35 18
v 18787 10 8
v 18788 32 17
v 18789 30 14
v 18790 14 7
v 18791 2 0
v 18792 29 16
v 18793 24 16
v 18794 40 16
v 18795 29 9
v 18796 57 31
v 18797 18 11
v 18798 23 14
v 18799 14 6
v 18800 41 20
v 18801 11 6
v 18802 10 3
v 18807 30 18
v 18808 21 11
v 18809 24 13
v 18811 65 29
v 18814 22 11
v 18816 66 34
v 18817 22 11
v 18819 30 17
v 18823 47 17
v 18824 11 5
v 18825 13 6
v 18826 13 6
v 18833 19 9
v 18843 20 7
v 19019 196 116
v 19020 203 85
v 19021 54 22
v 19022 95 45
v 19023 200 119
v 19024 155 80
v 19025 43 30
v 19026 17 8
v 19027 207 97
v 19028 307 171
v 19029 672 355
v 19030 786 387
v 19031 346 171
v 19032 114 57
v 19033 19 13
v 19034 208 93
v 19035 128 55
v 19036 35 15
v 19037 165 70
v 19038 53 30
v 19039 52 32
v 19040 400 194
v 19041 231 133
v 19042 207 104
v 19043 71 41
v 19044 474 230
v 19045 213 115
v 19046 58 29
v 19047 21 11
v 19048 129 64
v 19049 319 153
v 19050 474 225
v 19051 326 154
v 19052 590 344
v 19053 179 93
v 19054 200 101
v 19055 156 85
v 19056 358 158
v 19057 82 47
v 19058 72 35
v 19063 452 248
v 19064 419 207
v 19065 328 166
v 19067 627 325
v 19070 326 154
v 19072 619 331
v 19073 181 90
v 19075 383 175
v 19079 528 259
v 19080 96 45
v 19081 85 31
v 19082 66 31
v 19089 202 104
v 19099 113 39
v 19276 89 44
v 19277 53 17
v 19278 38 15
v 19279 74 34
v 19280 78 34
v 19281 20 11
v 19282 17 9
v 19283 82 33
v 19284 153 80
v 19285 271 133
v 19286 381 169
v 19287 177 81
v 19288 70 29
v 19289 13 5
v 19290 92 41
v 19291 57 29
v 19292 20 8
v 19293 105 41
v 19294 39 19
v 19295 22 13
v 19296 153 76
v 19297 104 43
v 19298 90 49
v 19299 44 22
v 19300 215 97
v 19301 113 55
v 19302 47 23
v 19303 6 3
v 19304 98 48
v 19305 112 61
v 19306 172 78
v 19307 138 64
v 19308 208 116
v 19309 99 39
v 19310 113 48
v 19311 86 36
v 19312 147 73
v 19313 22 13
v 19314 63 29
v 19319 163 76
v 19320 125 62
v 19321 169 81
v 19323 238 116
v 19326 78 41
v 19328 410 194
v 19329 95 48
v 19331 122 62
v 19335 383 199
v 19336 59 30
v 19337 54 23
v 19338 38 18
v 19345 52 22
v 19355 47 15
v 19533 34 16
v 19534 49 30
v 19535 74 42
v 19536 81 41
v 19537 29 13
v 19538 16 9
v 19539 101 47
v 19540 165 89
v 19541 299 157
v 19542 374 191
v 19543 210 107
v 19544 135 52
v 19545 14 5
v 19546 104 50
v 19547 82 38
v 19548 25 10
v 19549 102 57
v 19550 22 12
v 19551 19 9
v 19552 174 94
v 19553 100 56
v 19554 149 72
v 19555 35 18
v 19556 244 118
v 19557 152 78
v 19558 31 19
v 19559 8 5
v 19560 106 58
v 19561 172 94
v 19562 201 87
v 19563 153 73
v 19564 260 136
v 19565 104 52
v 19566 102 48
v 19567 60 32
v 19568 219 110
v 19569 50 24
v 19570 38 21
v 19575 233 108
v 19576 142 72
v 19577 177 96
v 19579 392 210
v 19582 69 39
v 19584 321 173
v 19585 94 49
v 19587 151 82
v 19591 260 136
v 19592 41 22
v 19593 57 32
v 19594 48 27
v 19601 98 55
v 19611 77 32
v 19790 15 5
v 19791 26 18
v 19792 19 14
v 19793 7 3
v 19794 8 2
v 19795 21 7
v 19796 29 24
v 19797 73 43
v 19798 106 71
v 19799 54 32
v 19800 13 6
v 19801 24 8
v 19802 23 13
v 19803 15 9
v 19804 10 7
v 19805 37 15
v 19806 12 10
v 19807 21 13
v 19808 56 33
v 19809 21 14
v 19810 39 24
v 19811 12 6
v 19812 53 30
v 19813 34 21
v 19814 6 3
v 19815 1 0
v 19816 15 8
v 19817 44 25
v 19818 67 35
v 19819 45 22
v 19820 77 48
v 19821 60 33
v 19822 22 14
v 19823 21 15
v 19824 39 17
v 19825 9 5
v 19826 8 6
v 19831 53 27
v 19832 40 20
v 19833 47 28
v 19835 74 39
v 19838 21 16
v 19840 80 54
v 19841 44 27
v 19843 43 23
v 19847 61 35
v 19848 14 6
v 19849 12 6
v 19850 9 8
v 19857 20 10
v 19867 26 16
v 20047 28 15
v 20048 29 16
v 20049 4 1
v 20050 6 5
v 20051 43 23
v 20052 56 28
v 20053 103 55
v 20054 148 77
v 20055 92 42
v 20056 37 23
v 20057 6 3
v 20058 41 21
v 20059 36 15
v 20060 9 5
v 20061 58 25
v 20062 13 8
v 20063 9 5
v 20064 91 45
v 20065 33 18
v 20066 52 30
v 20067 13 5
v 20068 87 46
v 20069 62 33
v 20070 12 8
v 20071 4 3
v 20072 32 14
v 20073 61 28
v 20074 80 40
v 20075 81 46
v 20076 127 67
v 20077 35 17
v 20078 39 22
v 20079 29 10
v 20080 83 48
v 20081 8 4
v 20082 15 8
v 20087 99 57
v 20088 74 37
v 20089 77 43
v 20091 142 77
v 20094 51 20
v 20096 126 75
v 20097 46 26
v 20099 64 37
v 20103 102 49
v 20104 26 14
v 20105 19 9
v 20106 17 11
v 20113 40 19
v 20123 30 15
v 20304 48 18
v 20305 18 7
v 20306 7 1
v 20307 80 34
v 20308 82 48
v 20309 175 70
v 20310 244 94
v 20311 199 97
v 20312 44 18
v 20313 15 10
v 20314 69 23
v 20315 39 22
v 20316 16 8
v 20317 53 25
v 20318 26 18
v 20319 14 5
v 20320 160 72
v 20321 70 41
v 20322 63 29
v 20323 33 19
v 20324 146 60
v 20325 103 57
v 20326 20 11
v 20327 14 7
v 20328 48 27
v 20329 88 41
v 20330 151 66
v 20331 105 41
v 20332 167 84
v 20333 60 34
v 20334 65 30
v 20335 46 22
v 20336 156 70
v 20337 18 10
v 20338 28 15
v 20343 141 69
v 20344 110 53
v 20345 112 59
v 20347 256 134
v 20350 70 36
v 20352 181 95
v 20353 59 29
v 20355 163 72
v 20359 181 80
v 20360 34 13
v 20361 36 12
v 20362 29 15
v 20369 66 37
v 20379 50 19
v 20561 5 4
v 20562 7 2
v 20563 71 34
v 20564 75 30
v 20565 190 94
v 20566 218 102
v 20567 116 56
v 20568 35 18
v 20569 8 3
v 20570 77 37
v 20571 47 23
v 20572 9 4
v 20573 84 44
v 20574 12 7
v 20575 15 9
v 20576 138 71
v 20577 62 35
v 20578 75 39
v 20579 31 21
v 20580 133 59
v 20581 93 48
v 20582 20 10
v 20583 9 3
v 20584 56 27
v 20585 92 38
v 20586 141 61
v 20587 101 49
v 20588 168 81
v 20589 79 39
v 20590 61 32
v 20591 49 19
v 20592 133 61
v 20593 22 12
v 20594 40 19
v 20599 153 67
v 20600 95 36
v 20601 98 61
v 20603 231 130
v 20606 44 23
v 20608 172 92
v 20609 40 24
v 20611 109 50
v 20615 165 76
v 20616 30 15
v 20617 37 19
v 20618 27 13
v 20625 65 40
v 20635 39 19
v 20818 5 3
v 20819 24 11
v 20820 39 21
v 20821 50 23
v 20822 64 25
v 20823 36 19
v 20824 12 6
v 20825 3 1
v 20826 18 8
v 20827 20 9
v 20828 9 3
v 20829 14 9
v 20830 7 3
v 20831 4 2
v 20832 36 22
v 20833 21 8
v 20834 32 11
v 20835 5 2
v 20836 44 26
v 20837 25 11
v 20838 9 3
v 20839 4 2
v 20840 17 10
v 20841 23 14
v 20842 55 30
v 20843 27 16
v 20844 26 13
v 20845 11 7
v 20846 14 4
v 20847 15 10
v 20848 26 18
v 20849 9 5
v 20850 10 7
v 20855 30 14
v 20856 23 8
v 20857 30 11
v 20859 62 32
v 20862 15 8
v 20864 54 25
v 20865 16 6
v 20867 40 16
v 20871 62 22
v 20872 6 5
v 20873 15 3
v 20874 9 6
v 20881 12 4
v 20891 21 11
v 21075 17 4
v 21076 26 17
v 21077 47 22
v 21078 61 25
v 21079 23 11
v 21080 9 3
v 21082 15 8
v 21083 9 4
v 21084 3 2
v 21085 12 5
v 21086 6 2
v 21087 4 3
v 21088 20 11
v 21089 7 3
v 21090 18 9
v 21091 7 2
v 21092 24 10
v 21093 11 6
v 21094 6 2
v 21095 6 3
v 21096 5 3
v 21097 18 6
v 21098 42 18
v 21099 20 9
v 21100 22 11
v 21101 8 2
v 21102 12 5
v 21103 18 11
v 21104 23 10
v 21105 8 3
v 21106 9 4
v 21111 21 10
v 21112 18 10
v 21113 22 10
v 21115 49 23
v 21118 15 9
v 21120 30 18
v 21121 11 5
v 21123 18 8
v 21127 35 16
v 21128 6 2
v 21129 6 1
v 21130 8 5
v 21137 6 1
v 21147 10 7
v 21332 153 84
v 21333 365 215
v 21334 333 179
v 21335 160 90
v 21336 56 26
v 21337 4 1
v 21338 118 63
v 21339 68 41
v 21340 20 9
v 21341 92 52
v 21342 30 16
v 21343 20 10
v 21344 177 100
v 21345 98 58
v 21346 234 136
v 21347 39 22
v 21348 239 121
v 21349 95 49
v 21350 22 15
v 21351 11 6
v 21352 54 33
v 21353 143 72
v 21354 203 101
v 21355 150 82
v 21356 320 183
v 21357 121 66
v 21358 119 55
v 21359 63 39
v 21360 191 109
v 21361 29 16
v 21362 36 18
v 21367 183 92
v 21368 96 58
v 21369 169 87
v 21371 361 200
v 21374 77 42
v 21376 293 167
v 21377 86 54
v 21379 172 97
v 21383 267 144
v 21384 41 18
v 21385 67 33
v 21386 38 20
v 21393 62 37
v 21403 88 48
v 21589 471 223
v 21590 556 262
v 21591 263 127
v 21592 81 43
v 21593 15 8
v 21594 134 45
v 21595 89 43
v 21596 32 19
v 21597 141 62
v 21598 39 22
v 21599 35 18
v 21600 242 108
v 21601 151 71
v 21602 190 94
v 21603 47 28
v 21604 345 162
v 21605 180 102
v 21606 48 25
v 21607 24 9
v 21608 112 51
v 21609 165 81
v 21610 273 124
v 21611 214 99
v 21612 343 163
v 21613 158 75
v 21614 152 62
v 21615 90 37
v 21616 232 118
v 21617 38 22
v 21618 50 26
v 21623 257 127
v 21624 178 99
v 21625 204 90
v 21627 420 210
v 21630 126 59
v 21632 405 198
v 21633 143 69
v 21635 181 82
v 21639 351 167
v 21640 62 26
v 21641 63 26
v 21642 54 24
v 21649 108 61
v 21659 79 32
v 21846 1209 589
v 21847 467 233
v 21848 136 67
v 21849 32 16
v 21850 314 124
v 21851 171 88
v 21852 64 30
v 21853 281 126
v 21854 124 54
v 21855 67 32
v 21856 640 346
v 21857 276 150
v 21858 539 296
v 21859 80 45
v 21860 682 334
v 21861 347 179
v 21862 77 52
v 21863 31 15
v 21864 134 74
v 21865 385 189
v 21866 667 310
v 21867 413 192
v 21868 893 456
v 21869 325 164
v 21870 353 172
v 21871 167 89
v 21872 560 237
v 21873 84 40
v 21874 115 63
v 21879 544 268
v 21880 342 167
v 21881 393 207
v 21883 960 493
v 21886 271 129
v 21888 1526 826
v 21889 244 132
v 21891 468 208
v 21895 741 348
v 21896 146 66
v 21897 173 77
v 21898 139 66
v 21905 228 118
v 21915 178 72
v 22103 627 322
v 22104 249 111
v 22105 37 20
v 22106 390 179
v 22107 201 91
v 22108 66 39
v 22109 375 169
v 22110 114 72
v 22111 77 39
v 22112 691 362
v 22113 312 171
v 22114 329 181
v 22115 155 92
v 22116 817 405
v 22117 441 238
v 22118 91 64
v 22119 37 17
v 22120 256 111
v 22121 513 262
v 22122 784 371
v 22123 477 209
v 22124 950 603
v 22125 379 190
v 22126 386 201
v 22127 211 107
v 22128 614 280
v 22129 99 51
v 22130 126 67
v 22135 747 370
v 22136 457 248
v 22137 534 272
v 22139 1274 694
v 22142 321 162
v 22144 1133 619
v 22145 328 177
v 22147 567 293
v 22151 854 414
v 22152 156 81
v 22153 146 63
v 22154 159 85
v 22161 233 120
v 22171 205 93
v 22360 104 46
v 22361 24 13
v 22362 159 65
v 22363 127 55
v 22364 36 18
v 22365 114 59
v 22366 71 38
v 22367 32 19
v 22368 301 172
v 22369 150 72
v 22370 145 68
v 22371 70 37
v 22372 407 197
v 22373 219 111
v 22374 47 33
v 22375 14 7
v 22376 114 62
v 22377 188 103
v 22378 380 184
v 22379 273 121
v 22380 415 233
v 22381 172 88
v 22382 164 90
v 22383 107 51
v 22384 250 114
v 22385 50 23
v 22386 70 34
v 22391 359 169
v 22392 254 132
v 22393 230 116
v 22395 564 294
v 22398 186 89
v 22400 442 232
v 22401 164 78
v 22403 248 119
v 22407 451 206
v 22408 79 39
v 22409 73 40
v 22410 79 39
v 22417 119 59
v 22427 106 45
v 22617 7 3
v 22618 97 46
v 22619 21 8
v 22620 15 9
v 22621 57 25
v 22622 17 12
v 22623 18 9
v 22624 99 51
v 22625 61 34
v 22626 53 32
v 22627 28 16
v 22628 136 75
v 22629 75 43
v 22630 13 11
v 22631 3 2
v 22632 45 24
v 22633 76 44
v 22634 132 82
v 22635 72 33
v 22636 130 81
v 22637 42 30
v 22638 68 42
v 22639 53 29
v 22640 80 34
v 22641 9 5
v 22642 36 20
v 22647 154 93
v 22648 86 42
v 22649 76 43
v 22651 163 93
v 22654 53 31
v 22656 247 137
v 22657 60 32
v 22659 65 32
v 22663 327 169
v 22664 25 13
v 22665 40 24
v 22666 14 8
v 22673 55 39
v 22683 37 16
v 22874 15 8
v 22875 9 5
v 22876 6 1
v 22877 22 8
v 22878 5 2
v 22879 1 0
v 22880 15 9
v 22881 10 2
v 22882 7 1
v 22883 4 2
v 22884 28 14
v 22885 12 7
v 22886 2 1
v 22887 1 0
v 22888 6 4
v 22889 22 10
v 22890 22 9
v 22891 19 10
v 22892 19 12
v 22893 12 5
v 22894 11 6
v 22895 4 1
v 22896 19 8
v 22897 2 2
v 22898 8 1
v 22903 25 13
v 22904 13 8
v 22905 16 6
v 22907 31 19
v 22910 5 2
v 22912 33 15
v 22913 14 5
v 22915 16 9
v 22919 21 11
v 22920 3 2
v 22921 3 1
v 22922 5 2
v 22929 9 6
v 22939 9 5
v 23131 77 42
v 23132 25 8
v 23133 97 51
v 23134 36 26
v 23135 19 10
v 23136 208 120
v 23137 90 35
v 23138 106 61
v 23139 28 14
v 23140 237 128
v 23141 110 52
v 23142 28 17
v 23143 7 1
v 23144 75 39
v 23145 163 79
v 23146 257 131
v 23147 151 79
v 23148 290 176
v 23149 93 61
v 23150 107 56
v 23151 72 34
v 23152 187 100
v 23153 29 15
v 23154 33 22
v 23159 222 125
v 23160 133 75
v 23161 148 86
v 23163 378 211
v 23166 118 68
v 23168 297 185
v 23169 84 51
v 23171 174 98
v 23175 241 130
v 23176 42 18
v 23177 72 40
v 23178 30 16
v 23185 103 53
v 23195 104 53
v 23388 17 10
v 23389 52 29
v 23390 22 10
v 23391 16 10
v 23392 120 63
v 23393 76 40
v 23394 83 58
v 23395 33 21
v 23396 129 67
v 23397 88 50
v 23398 13 10
v 23399 6 2
v 23400 37 22
v 23401 96 46
v 23402 188 94
v 23403 110 53
v 23404 167 93
v 23405 65 35
v 23406 71 37
v 23407 39 18
v 23408 155 85
v 23409 17 8
v 23410 21 13
v 23415 126 66
v 23416 84 48
v 23417 117 56
v 23419 215 124
v 23422 58 29
v 23424 167 86
v 23425 36 24
v 23427 106 54
v 23431 167 80
v 23432 32 11
v 23433 54 26
v 23434 31 15
v 23441 59 30
v 23451 46 23
v 23645 24 9
v 23646 3 2
v 23647 3 1
v 23648 42 23
v 23649 16 10
v 23650 21 10
v 23651 3 0
v 23652 27 13
v 23653 25 15
v 23654 2 2
v 23655 5 3
v 23656 13 7
v 23657 19 10
v 23658 33 14
v 23659 22 12
v 23660 51 28
v 23661 17 9
v 23662 14 6
v 23663 12 7
v 23664 29 12
v 23665 4 3
v 23666 6 2
v 23671 39 18
v 23672 22 11
v 23673 37 22
v 23675 67 36
v 23678 16 8
v 23680 52 27
v 23681 7 2
v 23683 34 13
v 23687 63 33
v 23688 15 7
v 23689 10 4
v 23690 7 3
v 23697 13 8
v 23707 11 4
v 23902 27 19
v 23903 14 8
v 23904 167 88
v 23905 87 55
v 23906 89 54
v 23907 68 46
v 23908 167 95
v 23909 112 66
v 23910 48 31
v 23911 14 4
v 23912 64 30
v 23913 85 41
v 23914 613 358
v 23915 172 98
v 23916 261 164
v 23917 73 33
v 23918 74 34
v 23919 67 37
v 23920 190 93
v 23921 25 13
v 23922 39 23
v 23927 181 102
v 23928 113 73
v 23929 113 51
v 23931 284 182
v 23934 83 55
v 23936 225 122
v 23937 70 29
v 23939 137 64
v 23943 223 118
v 23944 28 11
v 23945 64 27
v 23946 50 24
v 23953 51 30
v 23963 63 20
v 24159 6 3
v 24160 53 28
v 24161 30 12
v 24162 28 17
v 24163 7 6
v 24164 55 25
v 24165 47 31
v 24166 11 5
v 24167 1 0
v 24168 25 11
v 24169 53 21
v 24170 75 39
v 24171 47 22
v 24172 73 34
v 24173 24 10
v 24174 39 21
v 24175 30 12
v 24176 52 27
v 24177 11 4
v 24178 18 9
v 24183 67 22
v 24184 43 21
v 24185 54 22
v 24187 90 43
v 24190 32 17
v 24192 113 43
v 24193 24 13
v 24195 48 21
v 24199 95 45
v 24200 15 6
v 24201 13 4
v 24202 10 5
v 24209 19 8
v 24219 24 8
v 24416 30 15
v 24417 22 13
v 24418 16 5
v 24419 6 4
v 24420 30 17
v 24421 29 18
v 24422 7 5
v 24423 1 1
v 24424 13 11
v 24425 14 4
v 24426 56 27
v 24427 33 17
v 24428 37 16
v 24429 15 7
v 24430 16 7
v 24431 12 7
v 24432 28 15
v 24433 9 4
v 24434 7 4
v 24439 38 19
v 24440 20 13
v 24441 21 13
v 24443 70 30
v 24446 32 15
v 24448 61 38
v 24449 14 8
v 24451 27 14
v 24455 49 23
v 24456 16 7
v 24457 11 6
v 24458 7 2
v 24465 14 7
v 24475 10 2
v 24673 192 96
v 24674 302 159
v 24675 40 17
v 24676 396 202
v 24677 194 106
v 24678 48 29
v 24679 11 8
v 24680 89 46
v 24681 263 128
v 24682 503 242
v 24683 301 145
v 24684 527 271
v 24685 166 82
v 24686 200 99
v 24687 104 51
v 24688 301 126
v 24689 52 26
v 24690 62 32
v 24695 436 206
v 24696 236 114
v 24697 282 146
v 24699 656 360
v 24702 183 80
v 24704 583 307
v 24705 209 110
v 24707 316 156
v 24711 527 250
v 24712 77 37
v 24713 111 50
v 24714 74 43
v 24721 192 95
v 24731 127 60
v 24930 90 52
v 24931 37 19
v 24932 224 102
v 24933 111 60
v 24934 36 20
v 24935 10 3
v 24936 78 44
v 24937 131 59
v 24938 205 87
v 24939 146 70
v 24940 184 85
v 24941 72 31
v 24942 101 47
v 24943 68 31
v 24944 140 54
v 24945 19 9
v 24946 40 21
v 24951 136 66
v 24952 116 56
v 24953 166 78
v 24955 295 140
v 24958 88 38
v 24960 298 148
v 24961 102 53
v 24963 141 70
v 24967 310 140
v 24968 43 19
v 24969 50 18
v 24970 38 22
v 24977 72 30
v 24987 34 15
v 25187 56 34
v 25188 310 159
v 25189 94 47
v 25190 26 12
v 25191 7 3
v 25192 51 25
v 25193 142 63
v 25194 227 108
v 25195 230 90
v 25196 383 193
v 25197 103 65
v 25198 108 55
v 25199 54 26
v 25200 190 92
v 25201 25 14
v 25202 49 22
v 25207 225 91
v 25208 124 55
v 25209 139 63
v 25211 391 198
v 25214 94 36
v 25216 343 161
v 25217 83 47
v 25219 162 84
v 25223 272 133
v 25224 37 18
v 25225 79 36
v 25226 70 35
v 25233 88 43
v 25243 86 36
v 25444 73 33
v 25445 47 26
v 25446 10 1
v 25447 4 1
v 25448 51 19
v 25449 52 24
v 25450 70 20
v 25451 44 17
v 25452 103 53
v 25453 24 10
v 25454 39 9
v 25455 35 14
v 25456 46 19
v 25457 13 8
v 25458 13 4
v 25463 67 19
v 25464 30 9
v 25465 67 40
v 25467 87 40
v 25470 34 15
v 25472 103 49
v 25473 37 16
v 25475 44 24
v 25479 89 38
v 25480 17 7
v 25481 29 12
v 25482 20 4
v 25489 28 12
v 25499 21 4
v 25701 261 143
v 25702 44 21
v 25703 24 8
v 25704 99 53
v 25705 328 156
v 25706 476 213
v 25707 328 154
v 25708 631 338
v 25709 262 126
v 25710 238 114
v 25711 144 86
v 25712 368 173
v 25713 51 29
v 25714 93 51
v 25719 418 205
v 25720 318 150
v 25721 299 163
v 25723 650 321
v 25726 212 116
v 25728 644 330
v 25729 204 108
v 25731 361 165
v 25735 575 275
v 25736 100 54
v 25737 97 39
v 25738 102 49
v 25745 150 70
v 25755 138 56
v 25958 36 15
v 25959 19 9
v 25960 81 44
v 25961 147 77
v 25962 225 90
v 25963 176 80
v 25964 295 145
v 25965 102 40
v 25966 140 77
v 25967 87 39
v 25968 185 80
v 25969 41 16
v 25970 50 28
v 25975 263 125
v 25976 129 66
v 25977 169 77
v 25979 388 179
v 25982 102 46
v 25984 345 180
v 25985 112 64
v 25987 166 73
v 25991 329 157
v 25992 53 20
v 25993 70 31
v 25994 27 12
v 26001 72 28
v 26011 66 27
v 26215 2 1
v 26216 23 10
v 26217 28 9
v 26218 42 19
v 26219 38 12
v 26220 80 34
v 26221 32 15
v 26222 39 16
v 26223 14 3
v 26224 36 14
v 26225 16 7
v 26226 13 8
v 26231 46 21
v 26232 36 15
v 26233 34 20
v 26235 62 24
v 26238 16 9
v 26240 64 27
v 26241 26 15
v 26243 25 8
v 26247 56 26
v 26248 10 6
v 26249 15 8
v 26250 15 8
v 26257 12 2
v 26267 8 2
v 26472 7 2
v 26473 9 7
v 26474 24 12
v 26475 22 15
v 26476 26 14
v 26477 9 3
v 26478 15 9
v 26479 5 3
v 26480 20 8
v 26481 4 4
v 26482 6 4
v 26487 18 10
v 26488 12 7
v 26489 14 7
v 26491 33 18
v 26494 6 2
v 26496 34 18
v 26497 8 3
v 26499 20 14
v 26503 19 10
v 26504 3 0
v 26505 6 3
v 26506 5 4
v 26513 4 3
v 26523 8 5
v 26729 62 28
v 26730 107 50
v 26731 89 35
v 26732 171 109
v 26733 38 19
v 26734 80 46
v 26735 26 15
v 26736 46 15
v 26737 25 18
v 26738 40 23
v 26743 113 54
v 26744 64 27
v 26745 106 45
v 26747 165 82
v 26750 47 25
v 26752 171 86
v 26753 55 30
v 26755 67 24
v 26759 161 74
v 26760 23 10
v 26761 31 17
v 26762 25 11
v 26769 38 16
v 26779 23 12
v 26986 285 143
v 26987 195 103
v 26988 356 199
v 26989 119 62
v 26990 136 66
v 26991 124 61
v 26992 268 125
v 26993 33 22
v 26994 35 24
v 26999 306 160
v 27000 210 114
v 27001 199 113
v 27003 479 252
v 27006 103 51
v 27008 362 187
v 27009 91 49
v 27011 245 126
v 27015 305 164
v 27016 59 32
v 27017 66 26
v 27018 46 29
v 27025 107 52
v 27035 90 41
v 27243 439 237
v 27244 572 308
v 27245 256 129
v 27246 178 90
v 27247 115 50
v 27248 444 233
v 27249 49 23
v 27250 160 81
v 27255 502 228
v 27256 346 198
v 27257 273 135
v 27259 752 437
v 27262 186 115
v 27264 632 351
v 27265 192 105
v 27267 353 195
v 27271 482 248
v 27272 91 50
v 27273 124 70
v 27274 88 43
v 27281 201 109
v 27291 186 84
v 27500 395 220
v 27501 143 80
v 27502 151 89
v 27503 114 60
v 27504 224 112
v 27505 41 21
v 27506 61 39
v 27511 324 172
v 27512 210 106
v 27513 253 145
v 27515 514 272
v 27518 116 65
v 27520 428 233
v 27521 103 65
v 27523 236 130
v 27527 367 198
v 27528 61 32
v 27529 80 31
v 27530 63 38
v 27537 145 68
v 27547 137 55
v 27757 188 97
v 27758 259 117
v 27759 155 73
v 27760 466 191
v 27761 84 40
v 27762 92 32
v 27767 531 253
v 27768 415 202
v 27769 359 168
v 27771 898 429
v 27774 212 100
v 27776 766 355
v 27777 217 110
v 27779 427 188
v 27783 810 395
v 27784 105 52
v 27785 108 46
v 27786 85 42
v 27793 183 81
v 27803 184 70
v 28014 78 39
v 28015 56 28
v 28016 139 76
v 28017 22 7
v 28018 40 22
v 28023 249 117
v 28024 160 81
v 28025 128 68
v 28027 341 174
v 28030 97 54
v 28032 249 123
v 28033 64 35
v 28035 179 97
v 28039 244 123
v 28040 42 16
v 28041 40 16
v 28042 66 36
v 28049 84 46
v 28059 81 38
v 28271 63 27
v 28272 164 80
v 28273 33 16
v 28274 36 21
v 28279 196 100
v 28280 107 42
v 28281 136 58
v 28283 323 174
v 28286 97 45
v 28288 425 221
v 28289 114 66
v 28291 125 65
v 28295 230 119
v 28296 65 31
v 28297 50 27
v 28298 51 27
v 28305 87 50
v 28315 50 22
v 28528 99 49
v 28529 23 12
v 28530 19 9
v 28535 110 53
v 28536 111 45
v 28537 109 54
v 28539 188 99
v 28542 61 38
v 28544 163 75
v 28545 44 28
v 28547 101 57
v 28551 145 59
v 28552 33 14
v 28553 28 15
v 28554 23 12
v 28561 58 32
v 28571 30 12
v 28785 48 30
v 28786 49 25
v 28791 404 212
v 28792 164 100
v 28793 219 135
v 28795 635 346
v 28798 151 80
v 28800 415 251
v 28801 117 66
v 28803 305 168
v 28807 366 219
v 28808 60 31
v 28809 92 43
v 28810 100 55
v 28817 132 70
v 28827 131 67
v 29042 6 1
v 29047 47 22
v 29048 34 16
v 29049 56 24
v 29051 86 46
v 29054 15 8
v 29056 93 43
v 29057 23 13
v 29059 48 18
v 29063 89 35
v 29064 17 6
v 29065 19 10
v 29066 11 6
v 29073 19 8
v 29083 21 5
v 29303 61 37
v 29304 56 34
v 29305 55 33
v 29307 129 64
v 29310 40 22
v 29312 108 48
v 29313 40 21
v 29315 59 28
v 29319 104 46
v 29320 24 13
v 29321 24 12
v 29322 15 8
v 29329 33 13
v 29339 19 6
v 30584 292 148
v 30585 278 154
v 30587 887 463
v 30590 177 85
v 30592 598 299
v 30593 166 93
v 30595 372 201
v 30599 523 278
v 30600 82 44
v 30601 89 44
v 30602 87 41
v 30609 190 91
v 30619 159 67
v 30841 139 57
v 30843 446 236
v 30846 117 58
v 30848 424 223
v 30849 127 80
v 30851 221 116
v 30855 305 134
v 30856 52 28
v 30857 93 37
v 30858 39 16
v 30865 83 51
v 30875 108 39
v 31099 483 234
v 31102 116 56
v 31104 438 229
v 31105 114 60
v 31107 251 113
v 31111 368 172
v 31112 46 19
v 31113 80 36
v 31114 55 26
v 31121 109 56
v 31131 66 33
v 31614 274 131
v 31616 915 466
v 31617 246 132
v 31619 548 262
v 31623 757 370
v 31624 133 53
v 31625 209 84
v 31626 123 67
v 31633 258 135
v 31643 222 81
v 32384 260 138
v 32385 110 61
v 32387 118 68
v 32391 208 104
v 32392 38 20
v 32393 49 28
v 32394 26 13
v 32401 57 25
v 32411 48 19
v 32897 240 132
v 32899 417 185
v 32903 713 324
v 32904 110 62
v 32905 168 64
v 32906 123 78
v 32913 213 107
v 32923 132 48
v 33155 125 54
v 33159 204 103
v 33160 49 23
v 33161 46 25
v 33162 34 16
v 33169 60 34
v 33179 43 17
v 33671 367 183
v 33672 60 31
v 33673 87 38
v 33674 64 38
v 33681 137 66
v 33691 109 38
v 34696 117 54
v 34697 139 64
v 34698 106 62
v 34705 202 102
v 34715 140 60
v 34953 29 14
v 34954 19 8
v 34961 31 19
v 34971 30 9
v 35210 22 12
v 35217 40 26
v 35227 37 22
v 35473 33 18
v 35483 17 7
v 37275 68 33
s 258 134 66
s 259 37 23
s 260 1 1
s 261 40 15
s 262 3 0
s 263 51 29
s 264 6 2
s 265 73 36
s 267 52 24
s 268 8 4
s 269 27 12
s 270 89 44
s 271 28 14
s 272 29 17
s 273 40 23
s 274 2 2
s 275 23 12
s 276 69 31
s 277 75 30
s 278 38 19
s 279 32 16
s 281 120 66
s 282 194 86
s 283 80 41
s 284 65 30
s 285 80 40
s 286 76 37
s 287 127 64
s 288 6 3
s 289 23 15
s 290 25 12
s 291 39 15
s 292 67 29
s 293 31 9
s 294 26 11
s 295 50 23
s 296 18 10
s 297 3 1
s 298 11 8
s 299 34 17
s 300 3 1
s 301 19 9
s 302 6 3
s 303 38 21
s 304 4 1
s 305 49 24
s 306 26 17
s 307 43 21
s 308 18 8
s 309 19 6
s 310 14 8
s 311 35 20
s 312 5 4
s 313 5 4
s 314 8 2
s 315 19 9
s 316 119 51
s 317 5 2
s 318 46 22
s 319 7 4
s 320 69 30
s 321 14 6
s 322 6 3
s 323 7 1
s 324 31 15
s 325 86 43
s 326 4 0
s 327 120 59
s 328 6 3
s 329 5 2
s 330 118 61
s 331 61 26
s 332 58 30
s 333 14 8
s 334 27 13
s 335 36 17
s 336 5 4
s 337 4 2
s 338 7 0
s 339 38 22
s 340 83 31
s 341 150 73
s 342 186 94
s 343 87 33
s 344 34 18
s 346 51 28
s 347 20 9
s 348 13 5
s 349 15 4
s 350 3 0
s 352 92 43
s 353 58 32
s 354 58 23
s 355 17 7
s 356 80 37
s 357 85 39
s 358 19 8
s 359 7 4
s 360 37 19
s 361 74 41
s 362 114 55
s 363 62 32
s 364 117 52
s 365 1 0
s 366 56 27
s 367 59 26
s 368 101 54
s 369 11 5
s 370 14 6
s 375 105 54
s 376 67 34
s 377 83 46
s 379 167 75
s 382 34 14
s 384 139 62
s 385 50 20
s 387 76 34
s 391 136 66
s 392 21 5
s 393 32 17
s 394 2 1
s 401 21 10
s 411 35 26
s 515 181 84
s 516 30 16
s 517 185 97
s 518 277 118
s 519 140 64
s 520 294 152
s 521 477 259
s 522 89 42
s 523 559 237
s 524 261 119
s 525 121 61
s 526 244 106
s 527 125 56
s 528 39 16
s 529 181 88
s 530 214 99
s 531 155 61
s 532 286 117
s 533 445 226
s 534 175 77
s 535 60 31
s 537 557 266
s 538 718 301
s 539 314 123
s 540 62 24
s 541 13 4
s 542 354 153
s 543 491 219
s 544 46 18
s 545 19 7
s 546 81 38
s 547 172 71
s 548 297 144
s 549 91 41
s 550 22 9
s 551 249 105
s 552 37 15
s 553 134 58
s 554 86 34
s 555 97 46
s 556 113 46
s 557 34 17
s 558 144 61
s 559 136 56
s 560 333 175
s 561 146 72
s 562 139 63
s 563 172 73
s 564 57 26
s 565 188 80
s 566 675 340
s 567 23 10
s 568 92 31
s 569 15 7
s 570 58 31
s 571 53 26
s 572 25 11
s 573 24 11
s 574 161 85
s 575 79 44
s 576 275 124
s 577 25 14
s 578 8 3
s 579 261 124
s 580 97 38
s 581 42 19
s 582 224 92
s 583 304 134
s 584 38 15
s 585 38 20
s 586 500 244
s 587 215 84
s 588 252 116
s 589 11 3
s 590 13 4
s 591 169 65
s 592 132 57
s 593 29 13
s 594 25 10
s 595 222 115
s 596 258 106
s 597 549 266
s 598 672 335
s 599 369 187
s 600 101 45
s 601 28 17
s 602 170 92
s 603 108 59
s 604 21 13
s 605 205 95
s 606 70 34
s 607 52 21
s 608 32 14
s 609 76 20
s 610 52 20
s 611 12 4
s 612 350 156
s 613 425 211
s 614 46 21
s 615 18 7
s 616 9 2
s 617 293 127
s 618 392 197
s 619 247 124
s 620 14 5
s 621 217 101
s 622 204 108
s 623 148 76
s 624 296 136
s 625 73 42
s 626 65 25
s 631 381 187
s 632 217 97
s 633 307 137
s 635 722 335
s 638 163 80
s 640 615 290
s 641 7 4
s 643 313 145
s 647 51 25
s 648 69 35
s 649 45 23
s 650 106 53
s 657 146 65
s 667 47 27
s 772 23 11
s 773 12 8
s 774 57 20
s 775 60 32
s 776 67 35
s 777 250 134
s 778 21 13
s 779 299 153
s 780 118 57
s 781 60 34
s 782 101 50
s 783 50 25
s 784 36 18
s 785 75 33
s 786 113 69
s 787 104 48
s 788 70 29
s 789 160 78
s 790 27 14
s 791 37 18
s 793 233 124
s 794 80 36
s 795 25 11
s 796 139 72
s 797 82 39
s 798 35 16
s 799 38 17
s 800 12 5
s 801 40 21
s 802 37 17
s 803 42 17
s 804 132 73
s 805 6 2
s 806 38 18
s 807 58 25
s 808 7 5
s 809 49 25
s 810 23 11
s 811 42 21
s 812 26 10
s 813 5 2
s 814 44 16
s 815 62 35
s 816 118 64
s 817 88 42
s 818 16 6
s 819 31 15
s 820 21 9
s 821 63 31
s 822 266 144
s 823 123 66
s 824 40 23
s 825 4 2
s 826 16 8
s 827 17 7
s 828 153 82
s 829 14 6
s 830 80 51
s 831 8 5
s 832 33 13
s 833 20 12
s 834 6 4
s 835 77 35
s 836 14 6
s 837 152 77
s 838 82 44
s 839 87 46
s 840 15 4
s 841 11 7
s 842 177 94
s 843 34 17
s 844 73 32
s 845 32 15
s 846 49 21
s 847 20 8
s 848 66 27
s 849 17 10
s 850 12 5
s 851 13 7
s 852 39 15
s 853 139 72
s 854 191 116
s 855 39 21
s 856 33 20
s 857 15 9
s 858 88 59
s 859 44 27
s 860 17 8
s 861 69 42
s 862 16 9
s 863 11 8
s 864 164 69
s 865 53 26
s 866 116 70
s 867 22 14
s 868 77 42
s 869 53 25
s 870 10 3
s 871 7 5
s 872 34 16
s 873 76 42
s 874 207 111
s 875 144 82
s 876 205 107
s 877 94 50
s 878 48 31
s 879 17 4
s 880 34 14
s 881 16 6
s 882 19 8
s 887 156 86
s 888 140 79
s 889 89 42
s 891 183 92
s 894 60 24
s 896 162 87
s 897 50 27
s 899 72 32
s 903 201 101
s 904 27 15
s 905 43 23
s 906 38 15
s 913 84 46
s 923 73 47
s 1029 17 9
s 1030 3 2
s 1031 13 7
s 1032 4 3
s 1033 29 12
s 1034 1 0
s 1035 22 9
s 1036 5 3
s 1037 8 2
s 1038 41 23
s 1039 6 1
s 1040 8 3
s 1041 18 8
s 1042 4 3
s 1043 10 5
s 1044 28 17
s 1045 26 15
s 1046 17 11
s 1047 11 5
s 1049 44 25
s 1050 45 21
s 1051 34 21
s 1052 25 17
s 1053 37 22
s 1054 33 19
s 1055 40 17
s 1056 5 4
s 1057 9 8
s 1058 7 3
s 1059 16 10
s 1060 34 19
s 1061 5 3
s 1062 6 5
s 1063 28 20
s 1064 8 5
s 1065 3 1
s 1066 7 5
s 1067 13 8
s 1068 3 2
s 1069 5 3
s 1070 3 2
s 1071 16 8
s 1072 5 4
s 1073 17 8
s 1074 10 7
s 1075 19 9
s 1076 5 1
s 1077 11 8
s 1078 6 3
s 1079 19 11
s 1080 4 1
s 1081 4 2
s 1082 4 3
s 1083 5 1
s 1084 37 21
s 1085 3 2
s 1086 12 6
s 1087 9 3
s 1088 29 16
s 1089 3 1
s 1090 5 3
s 1091 5 2
s 1092 9 4
s 1093 15 8
s 1094 1 1
s 1095 35 24
s 1096 6 3
s 1097 2 1
s 1098 35 21
s 1099 28 16
s 1100 15 4
s 1101 7 5
s 1102 13 10
s 1103 15 10
s 1104 5 3
s 1106 2 2
s 1107 19 10
s 1108 27 15
s 1109 33 18
s 1110 64 39
s 1111 37 16
s 1112 10 8
s 1113 1 0
s 1114 16 6
s 1115 16 8
s 1116 1 1
s 1117 6 2
s 1118 1 1
s 1120 15 6
s 1121 20 10
s 1122 29 14
s 1123 15 5
s 1124 27 11
s 1125 18 11
s 1126 7 3
s 1127 3 1
s 1128 15 10
s 1129 19 12
s 1130 37 21
s 1131 24 17
s 1132 53 25
s 1133 2 2
s 1134 13 9
s 1135 20 9
s 1136 22 9
s 1137 4 2
s 1138 7 5
s 1143 33 19
s 1144 17 11
s 1145 29 13
s 1147 43 19
s 1150 8 4
s 1152 58 28
s 1153 19 8
s 1155 25 16
s 1159 39 22
s 1160 6 2
s 1161 8 3
s 1162 2 1
s 1169 4 2
s 1179 13 8
s 1286 72 34
s 1287 59 26
s 1288 141 81
s 1289 95 49
s 1290 21 11
s 1291 183 92
s 1292 57 27
s 1293 38 18
s 1294 136 75
s 1295 65 36
s 1296 18 9
s 1297 70 32
s 1298 90 53
s 1299 72 27
s 1300 66 39
s 1301 143 82
s 1302 54 27
s 1303 37 19
s 1305 173 89
s 1306 119 54
s 1307 28 12
s 1308 121 60
s 1309 92 48
s 1310 19 4
s 1311 45 19
s 1312 16 8
s 1313 33 20
s 1314 31 14
s 1315 47 24
s 1316 132 69
s 1317 3 1
s 1318 31 15
s 1319 62 30
s 1320 12 6
s 1321 37 17
s 1322 42 19
s 1323 32 16
s 1324 34 13
s 1325 11 2
s 1326 51 22
s 1327 56 24
s 1328 103 42
s 1329 70 38
s 1330 5 2
s 1331 47 22
s 1332 19 11
s 1333 89 42
s 1334 186 102
s 1335 74 46
s 1336 31 18
s 1337 4 2
s 1338 15 11
s 1339 19 7
s 1340 111 56
s 1341 8 4
s 1342 71 49
s 1343 17 8
s 1344 32 13
s 1345 9 6
s 1346 7 0
s 1347 86 46
s 1348 10 4
s 1349 97 57
s 1350 77 38
s 1351 133 77
s 1352 15 5
s 1353 20 11
s 1354 129 64
s 1355 36 14
s 1356 70 38
s 1357 17 11
s 1358 21 11
s 1359 33 13
s 1360 58 30
s 1361 21 12
s 1362 10 5
s 1363 13 6
s 1364 46 22
s 1365 109 59
s 1366 200 108
s 1367 30 17
s 1368 43 26
s 1369 8 5
s 1370 46 24
s 1371 26 13
s 1372 11 5
s 1373 93 48
s 1374 21 10
s 1375 25 13
s 1376 139 66
s 1377 66 32
s 1378 64 32
s 1379 31 13
s 1380 72 32
s 1381 70 32
s 1382 19 11
s 1383 4 4
s 1384 44 15
s 1385 44 25
s 1386 121 62
s 1387 86 49
s 1388 178 82
s 1389 50 23
s 1390 55 27
s 1391 17 9
s 1392 14 8
s 1393 33 14
s 1394 36 19
s 1399 83 39
s 1400 80 39
s 1401 28 9
s 1403 134 73
s 1406 69 36
s 1408 154 75
s 1409 61 26
s 1411 37 19
s 1415 164 92
s 1416 35 16
s 1417 38 17
s 1418 22 11
s 1425 52 24
s 1435 29 18
s 1543 107 34
s 1545 193 89
s 1546 3 0
s 1547 98 46
s 1548 2 2
s 1549 64 25
s 1550 265 130
s 1551 43 18
s 1552 41 17
s 1553 87 38
s 1554 3 1
s 1555 48 16
s 1556 138 63
s 1557 176 71
s 1558 74 30
s 1559 70 29
s 1561 226 97
s 1562 388 136
s 1563 177 72
s 1564 229 108
s 1565 161 66
s 1566 140 59
s 1567 215 99
s 1568 22 4
s 1569 37 22
s 1570 45 24
s 1571 72 20
s 1572 142 58
s 1573 42 17
s 1574 59 29
s 1575 110 34
s 1576 22 6
s 1578 31 13
s 1579 81 39
s 1580 2 2
s 1581 24 9
s 1582 10 5
s 1583 90 39
s 1585 94 46
s 1586 43 12
s 1587 147 59
s 1588 29 18
s 1589 41 16
s 1590 5 3
s 1591 114 52
s 1592 6 3
s 1593 22 12
s 1594 28 13
s 1595 27 14
s 1596 262 114
s 1597 5 3
s 1598 90 56
s 1599 13 7
s 1600 130 52
s 1601 16 8
s 1602 2 0
s 1603 1 0
s 1604 45 17
s 1605 142 65
s 1606 7 1
s 1607 230 92
s 1608 8 3
s 1609 13 7
s 1610 249 126
s 1611 120 53
s 1612 119 52
s 1613 26 16
s 1614 64 33
s 1615 78 38
s 1616 9 4
s 1617 11 5
s 1618 13 4
s 1619 217 112
s 1620 203 85
s 1621 507 237
s 1622 396 195
s 1623 171 64
s 1624 65 31
s 1625 4 2
s 1626 110 46
s 1627 61 30
s 1628 23 9
s 1629 42 24
s 1631 5 2
s 1632 272 111
s 1633 122 49
s 1634 124 50
s 1635 36 11
s 1636 339 162
s 1637 116 50
s 1638 43 17
s 1639 17 8
s 1640 61 29
s 1641 141 60
s 1642 253 106
s 1643 179 93
s 1644 337 134
s 1645 1 0
s 1646 118 50
s 1647 65 24
s 1648 140 63
s 1649 23 9
s 1650 22 12
s 1655 220 103
s 1656 144 49
s 1657 122 57
s 1659 310 126
s 1662 103 42
s 1664 351 155
s 1665 118 37
s 1667 156 77
s 1671 315 146
s 1672 50 19
s 1673 74 23
s 1674 5 4
s 1681 24 16
s 1691 69 30
s 1800 128 66
s 1801 166 88
s 1802 36 20
s 1803 221 100
s 1804 113 56
s 1805 33 15
s 1806 155 78
s 1807 53 27
s 1808 16 5
s 1809 39 15
s 1810 97 49
s 1811 52 29
s 1812 152 80
s 1813 180 96
s 1814 49 22
s 1815 28 12
s 1817 136 62
s 1818 284 133
s 1819 140 60
s 1820 91 42
s 1821 83 33
s 1822 141 75
s 1823 177 85
s 1824 17 6
s 1825 34 26
s 1826 30 14
s 1827 52 23
s 1828 103 58
s 1829 38 15
s 1830 31 15
s 1831 37 19
s 1832 22 11
s 1833 51 22
s 1834 36 16
s 1835 32 11
s 1836 44 27
s 1837 29 16
s 1838 54 21
s 1839 41 23
s 1840 158 84
s 1841 43 22
s 1842 49 22
s 1843 60 32
s 1844 18 7
s 1845 83 41
s 1846 294 154
s 1847 132 68
s 1848 41 21
s 1849 15 10
s 1850 28 17
s 1851 27 8
s 1852 141 69
s 1853 9 5
s 1854 59 36
s 1855 22 11
s 1856 100 40
s 1857 18 9
s 1858 3 1
s 1859 120 69
s 1860 49 23
s 1861 103 51
s 1862 93 48
s 1863 121 68
s 1864 28 10
s 1865 12 4
s 1866 121 62
s 1867 93 44
s 1868 58 36
s 1869 26 13
s 1870 39 17
s 1871 58 34
s 1872 63 35
s 1873 27 13
s 1874 5 1
s 1875 80 40
s 1876 104 41
s 1877 235 119
s 1878 285 145
s 1879 158 82
s 1880 39 22
s 1881 12 3
s 1882 78 45
s 1883 45 20
s 1884 7 5
s 1885 79 50
s 1886 32 14
s 1887 20 8
s 1888 130 67
s 1889 69 31
s 1890 95 45
s 1891 37 11
s 1892 158 81
s 1893 92 36
s 1894 16 7
s 1895 4 1
s 1896 50 21
s 1897 108 47
s 1898 76 36
s 1899 60 36
s 1900 171 78
s 1901 114 57
s 1902 105 59
s 1903 60 27
s 1904 153 82
s 1905 19 7
s 1906 25 15
s 1911 153 82
s 1912 50 25
s 1913 97 50
s 1915 253 121
s 1918 29 12
s 1920 219 105
s 1921 64 31
s 1923 169 90
s 1927 192 108
s 1928 23 9
s 1929 33 17
s 1930 36 15
s 1937 46 21
s 1947 41 24
s 2057 211 121
s 2058 4 2
s 2059 71 37
s 2060 4 2
s 2061 75 39
s 2062 217 114
s 2063 64 35
s 2064 50 22
s 2065 102 51
s 2067 47 23
s 2068 128 65
s 2069 195 115
s 2070 84 35
s 2071 54 26
s 2073 276 149
s 2074 426 205
s 2075 192 105
s 2076 187 99
s 2077 173 106
s 2078 221 114
s 2079 370 222
s 2080 11 6
s 2081 45 24
s 2082 58 37
s 2083 74 37
s 2084 124 72
s 2085 50 19
s 2086 51 33
s 2087 144 75
s 2088 26 16
s 2089 2 0
s 2090 27 19
s 2091 96 49
s 2092 2 0
s 2093 21 12
s 2094 9 6
s 2095 92 41
s 2096 2 0
s 2097 144 89
s 2098 45 19
s 2099 77 43
s 2100 37 21
s 2101 39 18
s 2102 3 1
s 2103 157 94
s 2104 7 4
s 2105 11 6
s 2106 36 20
s 2107 41 20
s 2108 252 140
s 2109 14 6
s 2110 121 78
s 2111 21 12
s 2112 171 88
s 2113 22 12
s 2114 8 6
s 2115 3 2
s 2116 54 21
s 2117 148 85
s 2118 2 1
s 2119 257 148
s 2120 12 9
s 2121 15 4
s 2122 244 132
s 2123 120 63
s 2124 168 91
s 2125 21 12
s 2126 45 20
s 2127 85 44
s 2128 9 5
s 2129 10 6
s 2130 15 7
s 2131 79 44
s 2132 150 79
s 2133 281 149
s 2134 421 236
s 2135 226 127
s 2136 70 42
s 2138 108 60
s 2139 23 15
s 2140 20 14
s 2141 37 24
s 2142 2 2
s 2143 1 1
s 2144 193 111
s 2145 193 111
s 2146 127 57
s 2147 36 14
s 2148 183 85
s 2149 161 82
s 2150 21 10
s 2151 14 11
s 2152 87 51
s 2153 132 85
s 2154 260 140
s 2155 164 97
s 2156 286 135
s 2157 2 2
s 2158 121 70
s 2159 84 48
s 2160 174 100
s 2161 30 19
s 2162 14 7
s 2167 239 127
s 2168 139 73
s 2169 219 126
s 2171 355 190
s 2174 90 57
s 2176 329 180
s 2177 110 54
s 2179 144 78
s 2183 280 146
s 2184 38 19
s 2185 61 36
s 2186 6 4
s 2193 24 14
s 2203 35 17
s 2314 69 43
s 2315 499 257
s 2316 201 121
s 2317 157 82
s 2318 206 109
s 2319 111 60
s 2320 101 46
s 2321 179 98
s 2322 288 167
s 2323 325 164
s 2324 181 88
s 2325 370 213
s 2326 60 37
s 2327 107 62
s 2329 458 242
s 2330 320 151
s 2331 158 72
s 2332 362 207
s 2333 235 121
s 2334 131 75
s 2335 212 119
s 2336 37 21
s 2337 119 66
s 2338 71 32
s 2339 86 40
s 2340 335 193
s 2341 31 15
s 2342 98 57
s 2343 162 77
s 2344 14 6
s 2345 87 43
s 2346 87 42
s 2347 94 50
s 2348 61 33
s 2349 13 10
s 2350 131 58
s 2351 121 64
s 2352 310 170
s 2353 371 209
s 2354 52 23
s 2355 200 100
s 2356 41 28
s 2357 202 120
s 2358 670 366
s 2359 251 132
s 2360 84 35
s 2361 14 5
s 2362 39 20
s 2363 56 27
s 2364 376 203
s 2365 24 11
s 2366 182 110
s 2367 29 9
s 2368 85 43
s 2369 27 18
s 2370 8 2
s 2371 243 131
s 2372 27 20
s 2373 328 185
s 2374 148 87
s 2375 186 115
s 2376 39 20
s 2377 48 26
s 2378 362 190
s 2379 71 38
s 2380 247 142
s 2381 75 42
s 2382 83 49
s 2383 147 75
s 2384 150 73
s 2385 38 21
s 2386 21 7
s 2387 169 99
s 2388 145 72
s 2389 362 185
s 2390 325 172
s 2391 185 102
s 2392 71 37
s 2393 24 13
s 2394 162 97
s 2395 87 48
s 2396 27 12
s 2397 182 107
s 2398 57 33
s 2399 36 20
s 2400 483 262
s 2401 131 66
s 2402 267 147
s 2403 48 28
s 2404 318 183
s 2405 86 41
s 2406 22 9
s 2407 26 16
s 2408 97 43
s 2409 152 76
s 2410 695 398
s 2411 304 182
s 2412 583 268
s 2413 228 121
s 2414 90 47
s 2415 80 46
s 2416 228 137
s 2417 40 20
s 2418 66 35
s 2423 242 124
s 2424 286 147
s 2425 90 46
s 2427 350 168
s 2430 177 93
s 2432 323 170
s 2433 141 65
s 2435 160 105
s 2439 448 224
s 2440 62 34
s 2441 98 56
s 2442 84 40
s 2449 177 97
s 2459 153 92
s 2571 22 13
s 2572 1 1
s 2573 34 16
s 2574 60 38
s 2575 22 14
s 2576 17 10
s 2577 30 18
s 2578 1 1
s 2579 15 7
s 2580 33 19
s 2581 59 28
s 2582 33 14
s 2583 13 3
s 2585 94 49
s 2586 113 46
s 2587 58 34
s 2588 61 33
s 2589 39 20
s 2590 35 19
s 2591 64 42
s 2592 3 2
s 2593 25 12
s 2594 13 10
s 2595 11 6
s 2596 42 20
s 2597 15 7
s 2598 25 12
s 2599 34 19
s 2600 8 4
s 2601 4 2
s 2602 4 0
s 2603 14 9
s 2604 2 2
s 2605 9 7
s 2606 4 1
s 2607 26 13
s 2608 1 1
s 2609 35 23
s 2610 17 7
s 2611 46 27
s 2612 13 5
s 2613 10 9
s 2614 3 0
s 2615 60 37
s 2616 3 0
s 2617 3 0
s 2618 10 6
s 2619 16 7
s 2620 77 45
s 2621 3 2
s 2622 41 27
s 2623 4 0
s 2624 27 9
s 2625 10 9
s 2626 4 1
s 2627 1 1
s 2628 11 7
s 2629 49 27
s 2631 69 48
s 2632 4 2
s 2633 3 2
s 2634 89 43
s 2635 31 15
s 2636 36 21
s 2637 8 5
s 2638 16 8
s 2639 22 9
s 2640 5 2
s 2641 4 1
s 2642 2 2
s 2643 28 13
s 2644 55 23
s 2645 121 73
s 2646 129 63
s 2647 68 45
s 2648 24 15
s 2649 1 1
s 2650 36 17
s 2651 23 12
s 2652 4 2
s 2653 17 8
s 2654 1 1
s 2656 80 39
s 2657 17 7
s 2658 45 23
s 2659 15 7
s 2660 104 53
s 2661 63 28
s 2662 12 4
s 2663 1 0
s 2664 14 6
s 2665 53 29
s 2666 61 33
s 2667 57 27
s 2668 113 57
s 2669 2 0
s 2670 34 19
s 2671 23 12
s 2672 45 18
s 2673 4 0
s 2674 6 3
s 2679 87 51
s 2680 49 28
s 2681 51 23
s 2683 114 61
s 2686 44 25
s 2688 95 45
s 2689 34 11
s 2691 59 33
s 2695 88 51
s 2696 15 9
s 2697 21 10
s 2698 1 0
s 2705 10 4
s 2715 16 13
s 2828 104 42
s 2829 147 76
s 2830 523 248
s 2831 129 56
s 2832 80 32
s 2833 189 96
s 2834 95 42
s 2835 152 72
s 2836 346 166
s 2837 377 207
s 2838 160 79
s 2839 132 67
s 2841 465 228
s 2842 887 381
s 2843 395 180
s 2844 853 450
s 2845 410 188
s 2846 257 128
s 2847 450 201
s 2848 32 20
s 2849 131 75
s 2850 111 50
s 2851 114 53
s 2852 270 123
s 2853 105 41
s 2854 136 72
s 2855 185 82
s 2856 51 23
s 2857 38 13
s 2858 66 25
s 2859 124 51
s 2860 33 16
s 2861 43 22
s 2862 58 25
s 2863 168 86
s 2864 118 48
s 2865 197 94
s 2866 115 53
s 2867 378 205
s 2868 61 29
s 2869 129 63
s 2870 257 127
s 2871 320 164
s 2872 37 24
s 2873 57 38
s 2874 67 31
s 2875 86 37
s 2876 447 220
s 2877 22 10
s 2878 265 154
s 2879 49 19
s 2880 257 132
s 2881 42 26
s 2882 10 6
s 2883 93 48
s 2884 76 38
s 2885 348 169
s 2886 83 42
s 2887 496 253
s 2888 28 16
s 2889 27 10
s 2890 440 221
s 2891 219 108
s 2892 213 99
s 2893 64 41
s 2894 104 54
s 2895 213 96
s 2896 43 23
s 2897 32 11
s 2898 38 17
s 2899 435 223
s 2900 575 286
s 2901 939 459
s 2902 999 504
s 2903 395 190
s 2904 145 78
s 2905 13 5
s 2906 265 145
s 2907 152 70
s 2908 45 24
s 2909 131 71
s 2910 37 13
s 2911 21 9
s 2912 637 313
s 2913 255 120
s 2914 279 137
s 2915 84 36
s 2916 956 500
s 2917 324 159
s 2918 66 27
s 2919 31 16
s 2920 144 68
s 2921 294 149
s 2922 553 313
s 2923 408 203
s 2924 802 367
s 2925 51 20
s 2926 248 118
s 2927 155 87
s 2928 408 209
s 2929 60 32
s 2930 42 20
s 2935 522 256
s 2936 362 185
s 2937 312 134
s 2939 800 389
s 2942 206 102
s 2944 741 351
s 2945 271 124
s 2947 440 194
s 2951 615 303
s 2952 143 63
s 2953 140 80
s 2954 47 20
s 2961 69 29
s 2971 178 101
s 3085 56 24
s 3086 196 100
s 3087 66 41
s 3088 36 20
s 3089 93 39
s 3090 2 2
s 3091 53 26
s 3092 114 61
s 3093 148 75
s 3094 78 39
s 3095 43 26
s 3097 269 140
s 3098 353 166
s 3099 145 67
s 3100 152 74
s 3101 143 65
s 3102 134 66
s 3103 233 122
s 3104 11 6
s 3105 57 35
s 3106 51 26
s 3107 38 19
s 3108 123 61
s 3109 47 21
s 3110 40 20
s 3111 97 47
s 3112 21 14
s 3113 2 1
s 3114 14 8
s 3115 54 29
s 3116 4 2
s 3117 20 11
s 3118 9 6
s 3119 73 42
s 3120 3 2
s 3121 124 74
s 3122 59 36
s 3123 74 34
s 3124 20 11
s 3125 29 9
s 3126 2 1
s 3127 138 79
s 3128 10 4
s 3129 8 4
s 3130 35 18
s 3131 26 16
s 3132 199 107
s 3133 10 4
s 3134 121 65
s 3135 17 11
s 3136 151 83
s 3137 32 16
s 3138 6 2
s 3139 1 0
s 3140 55 29
s 3141 158 92
s 3142 2 0
s 3143 208 98
s 3144 6 3
s 3145 16 10
s 3146 237 117
s 3147 121 57
s 3148 109 52
s 3149 25 18
s 3150 48 25
s 3151 73 25
s 3152 14 5
s 3153 6 2
s 3154 11 2
s 3155 104 64
s 3156 112 51
s 3157 326 161
s 3158 448 234
s 3159 183 96
s 3160 64 33
s 3162 122 73
s 3163 45 24
s 3164 24 15
s 3165 25 17
s 3166 1 0
s 3167 1 0
s 3168 196 106
s 3169 82 38
s 3170 131 56
s 3171 36 19
s 3172 171 76
s 3173 126 57
s 3174 18 9
s 3175 7 4
s 3176 66 26
s 3177 160 79
s 3178 230 112
s 3179 167 87
s 3180 312 140
s 3181 2 2
s 3182 110 57
s 3183 74 39
s 3184 208 126
s 3185 25 8
s 3186 14 8
s 3191 200 110
s 3192 136 73
s 3193 177 102
s 3195 354 176
s 3198 106 59
s 3200 337 176
s 3201 71 32
s 3203 191 101
s 3207 280 150
s 3208 44 27
s 3209 61 36
s 3210 5 1
s 3217 31 18
s 3227 50 28
s 3342 57 23
s 3343 30 18
s 3344 10 3
s 3345 2 2
s 3346 81 41
s 3347 80 37
s 3348 73 33
s 3349 128 71
s 3350 33 19
s 3351 11 6
s 3353 25 11
s 3354 192 86
s 3355 80 38
s 3356 80 37
s 3357 79 38
s 3358 95 44
s 3359 120 57
s 3360 8 5
s 3361 37 18
s 3362 1 0
s 3363 11 5
s 3364 75 37
s 3365 23 12
s 3366 37 23
s 3367 3 2
s 3368 16 7
s 3369 40 15
s 3370 36 11
s 3371 14 6
s 3372 24 8
s 3373 11 6
s 3374 40 19
s 3375 15 8
s 3376 94 52
s 3377 25 11
s 3378 26 12
s 3379 74 38
s 3380 2 0
s 3381 48 21
s 3382 199 99
s 3383 82 46
s 3384 28 14
s 3385 9 2
s 3386 26 13
s 3387 5 3
s 3388 120 59
s 3389 8 4
s 3390 63 40
s 3391 21 10
s 3392 72 35
s 3393 8 6
s 3394 5 2
s 3395 52 28
s 3396 22 10
s 3397 101 52
s 3398 42 16
s 3399 117 58
s 3400 30 18
s 3401 11 7
s 3402 11 2
s 3403 66 27
s 3404 3 1
s 3405 26 17
s 3406 33 15
s 3407 47 24
s 3408 52 29
s 3409 12 4
s 3410 3 2
s 3411 70 45
s 3412 81 39
s 3413 203 99
s 3414 205 96
s 3415 109 53
s 3416 41 19
s 3417 5 0
s 3418 34 20
s 3419 34 19
s 3420 7 4
s 3421 50 28
s 3422 12 1
s 3423 16 6
s 3424 145 71
s 3425 25 8
s 3426 69 36
s 3427 20 9
s 3428 144 63
s 3429 74 31
s 3430 15 7
s 3431 11 5
s 3432 34 13
s 3433 81 47
s 3434 2 1
s 3435 42 15
s 3436 169 73
s 3437 73 32
s 3438 60 25
s 3439 38 18
s 3440 101 41
s 3441 6 3
s 3442 21 6
s 3447 161 67
s 3448 27 10
s 3449 75 38
s 3451 222 114
s 3454 2 1
s 3456 130 64
s 3457 44 27
s 3459 97 47
s 3463 158 73
s 3464 19 7
s 3465 24 12
s 3466 30 17
s 3473 56 35
s 3483 64 40
s 3599 145 71
s 3600 57 25
s 3601 122 58
s 3602 163 85
s 3603 142 61
s 3604 269 131
s 3605 383 191
s 3606 118 58
s 3607 89 50
s 3609 437 224
s 3610 566 247
s 3611 242 112
s 3612 205 105
s 3613 135 56
s 3614 239 109
s 3615 351 178
s 3616 33 16
s 3617 75 41
s 3618 100 56
s 3619 199 84
s 3620 298 149
s 3621 62 25
s 3622 68 37
s 3623 168 86
s 3624 41 24
s 3625 114 55
s 3626 102 54
s 3627 103 52
s 3628 81 38
s 3629 55 28
s 3630 129 52
s 3631 163 87
s 3632 277 136
s 3633 127 62
s 3634 62 36
s 3635 85 46
s 3636 48 19
s 3637 138 73
s 3638 481 251
s 3639 176 96
s 3640 74 41
s 3641 35 21
s 3642 46 26
s 3643 65 30
s 3644 256 119
s 3645 31 15
s 3646 74 45
s 3647 62 25
s 3648 201 106
s 3649 22 13
s 3650 11 7
s 3651 180 91
s 3652 90 42
s 3653 180 82
s 3654 232 95
s 3655 196 93
s 3656 58 26
s 3657 44 22
s 3658 372 192
s 3659 185 94
s 3660 195 107
s 3661 29 9
s 3662 63 30
s 3663 118 60
s 3664 100 50
s 3665 34 19
s 3666 28 16
s 3667 120 66
s 3668 192 86
s 3669 345 177
s 3670 516 271
s 3671 252 127
s 3672 90 44
s 3673 19 11
s 3674 131 68
s 3675 135 81
s 3676 40 19
s 3677 174 96
s 3678 63 30
s 3679 52 21
s 3680 173 83
s 3681 158 69
s 3682 128 50
s 3683 57 23
s 3684 245 120
s 3685 193 100
s 3686 49 18
s 3687 14 7
s 3688 116 60
s 3689 185 91
s 3690 286 160
s 3691 192 100
s 3692 314 147
s 3693 140 74
s 3694 172 87
s 3695 145 76
s 3696 211 123
s 3697 78 40
s 3698 69 34
s 3703 236 123
s 3704 155 85
s 3705 288 155
s 3707 388 198
s 3710 140 65
s 3712 461 238
s 3713 127 70
s 3715 197 100
s 3719 345 181
s 3720 64 35
s 3721 70 28
s 3722 118 62
s 3729 108 56
s 3739 74 51
s 3856 22 10
s 3857 48 29
s 3858 67 38
s 3859 76 43
s 3860 81 38
s 3861 133 69
s 3862 50 25
s 3863 31 16
s 3865 152 74
s 3866 237 106
s 3867 92 45
s 3868 67 32
s 3869 62 28
s 3870 110 57
s 3871 159 67
s 3872 19 5
s 3873 17 12
s 3874 31 14
s 3875 45 21
s 3876 91 54
s 3877 21 11
s 3878 19 8
s 3879 48 23
s 3880 12 5
s 3881 40 18
s 3882 36 16
s 3883 28 9
s 3884 20 7
s 3885 13 6
s 3886 19 13
s 3887 50 23
s 3888 62 26
s 3889 58 32
s 3890 25 11
s 3891 89 46
s 3892 12 8
s 3893 41 20
s 3894 137 66
s 3895 52 31
s 3896 20 9
s 3897 6 3
s 3898 16 8
s 3899 22 10
s 3900 91 47
s 3901 1 1
s 3902 75 50
s 3903 16 7
s 3904 78 37
s 3905 5 4
s 3906 2 1
s 3907 72 40
s 3908 23 10
s 3909 62 31
s 3910 56 21
s 3911 181 92
s 3912 15 6
s 3913 5 2
s 3914 107 51
s 3915 57 28
s 3916 71 35
s 3917 10 6
s 3918 17 9
s 3919 37 18
s 3920 29 16
s 3921 16 9
s 3922 2 0
s 3923 84 47
s 3924 99 44
s 3925 172 79
s 3926 237 130
s 3927 133 66
s 3928 60 34
s 3929 3 0
s 3930 57 27
s 3931 58 32
s 3932 15 3
s 3933 61 37
s 3934 11 5
s 3935 15 10
s 3936 113 44
s 3937 44 19
s 3938 50 19
s 3939 14 4
s 3940 173 89
s 3941 104 44
s 3942 17 6
s 3943 6 5
s 3944 30 12
s 3945 70 31
s 3946 114 59
s 3947 90 37
s 3948 132 61
s 3949 33 13
s 3950 77 33
s 3951 54 29
s 3952 91 45
s 3953 17 8
s 3954 21 6
s 3959 173 86
s 3960 62 26
s 3961 84 38
s 3963 221 102
s 3966 53 30
s 3968 158 78
s 3969 57 28
s 3971 91 44
s 3975 116 55
s 3976 40 25
s 3977 43 27
s 3978 16 10
s 3985 38 18
s 3995 32 14
s 4113 19 10
s 4114 47 17
s 4115 27 8
s 4116 56 23
s 4117 64 30
s 4118 29 11
s 4119 9 5
s 4121 48 22
s 4122 121 48
s 4123 65 28
s 4124 41 21
s 4125 26 9
s 4126 63 33
s 4127 80 31
s 4128 6 1
s 4129 20 11
s 4130 8 7
s 4131 12 7
s 4132 46 23
s 4133 28 12
s 4134 16 9
s 4135 17 6
s 4136 6 1
s 4137 18 7
s 4138 23 10
s 4139 16 5
s 4140 19 10
s 4141 7 6
s 4142 23 11
s 4143 28 12
s 4144 81 45
s 4145 24 11
s 4146 24 7
s 4147 46 15
s 4148 8 5
s 4149 22 9
s 4150 144 74
s 4151 42 19
s 4152 15 3
s 4153 5 2
s 4154 8 3
s 4155 7 1
s 4156 44 21
s 4157 2 2
s 4158 31 15
s 4159 11 7
s 4160 60 29
s 4161 6 3
s 4162 3 3
s 4163 39 19
s 4164 30 9
s 4165 39 15
s 4166 49 24
s 4167 69 32
s 4168 19 9
s 4169 10 7
s 4170 41 20
s 4171 50 19
s 4172 21 9
s 4173 9 5
s 4174 14 9
s 4175 38 13
s 4176 18 10
s 4177 13 8
s 4178 6 0
s 4179 41 22
s 4180 39 18
s 4181 110 49
s 4182 127 68
s 4183 46 21
s 4184 34 15
s 4185 2 1
s 4186 32 16
s 4187 15 7
s 4188 5 1
s 4189 30 18
s 4190 14 5
s 4191 8 6
s 4192 47 28
s 4193 33 11
s 4194 29 12
s 4195 8 5
s 4196 58 34
s 4197 48 25
s 4198 9 5
s 4199 6 2
s 4200 11 5
s 4201 39 15
s 4202 28 14
s 4203 26 10
s 4204 47 18
s 4205 42 13
s 4206 23 11
s 4207 26 11
s 4208 51 26
s 4209 5 2
s 4210 11 5
s 4215 81 37
s 4216 28 13
s 4217 56 21
s 4219 114 48
s 4222 16 7
s 4224 101 43
s 4225 30 9
s 4227 58 25
s 4231 48 20
s 4232 9 6
s 4233 13 6
s 4234 23 8
s 4241 23 6
s 4251 26 11
s 4370 99 60
s 4371 93 40
s 4372 108 58
s 4373 173 96
s 4374 38 19
s 4375 24 10
s 4377 35 20
s 4378 248 114
s 4379 107 58
s 4380 136 66
s 4381 109 55
s 4382 112 56
s 4383 188 96
s 4384 8 4
s 4385 45 24
s 4386 3 3
s 4387 16 7
s 4388 108 56
s 4389 43 18
s 4390 39 27
s 4391 6 3
s 4392 9 4
s 4393 54 28
s 4394 54 31
s 4395 21 7
s 4396 27 14
s 4397 10 5
s 4398 49 22
s 4399 21 12
s 4400 168 78
s 4401 41 20
s 4402 29 17
s 4403 101 47
s 4404 2 1
s 4405 69 34
s 4406 274 136
s 4407 104 52
s 4408 42 18
s 4409 6 4
s 4410 21 12
s 4411 8 4
s 4412 186 79
s 4413 5 0
s 4414 93 59
s 4415 15 5
s 4416 98 51
s 4417 5 1
s 4418 9 3
s 4419 77 45
s 4420 29 17
s 4421 126 72
s 4422 84 35
s 4423 147 69
s 4424 25 7
s 4425 16 8
s 4426 15 5
s 4427 89 42
s 4428 7 3
s 4429 36 23
s 4430 24 14
s 4431 57 28
s 4432 72 35
s 4433 15 10
s 4434 2 1
s 4435 78 45
s 4436 94 35
s 4437 272 121
s 4438 258 145
s 4439 141 81
s 4440 63 36
s 4441 12 8
s 4442 112 61
s 4443 55 28
s 4444 7 2
s 4445 61 33
s 4446 25 16
s 4447 17 8
s 4448 145 77
s 4449 57 29
s 4450 84 37
s 4451 29 13
s 4452 156 87
s 4453 125 58
s 4454 19 7
s 4455 12 5
s 4456 42 17
s 4457 111 56
s 4458 8 7
s 4459 49 23
s 4460 228 115
s 4461 86 44
s 4462 75 40
s 4463 48 23
s 4464 147 83
s 4465 4 2
s 4466 17 10
s 4471 192 101
s 4472 21 11
s 4473 137 69
s 4475 311 155
s 4478 7 3
s 4480 199 93
s 4481 61 22
s 4483 133 56
s 4487 221 127
s 4488 23 14
s 4489 25 14
s 4490 27 12
s 4497 57 29
s 4507 83 44
s 4627 28 14
s 4628 123 57
s 4629 216 121
s 4630 84 43
s 4631 44 23
s 4633 311 148
s 4634 350 157
s 4635 149 69
s 4636 184 96
s 4637 148 69
s 4638 180 92
s 4639 297 147
s 4640 14 4
s 4641 68 45
s 4642 44 20
s 4643 70 23
s 4644 146 76
s 4645 56 26
s 4646 58 27
s 4647 108 59
s 4648 15 6
s 4649 1 0
s 4650 22 11
s 4651 66 30
s 4652 1 1
s 4653 25 13
s 4654 10 6
s 4655 88 49
s 4656 3 3
s 4657 139 79
s 4658 67 33
s 4659 107 61
s 4660 32 16
s 4661 38 23
s 4662 6 4
s 4663 196 104
s 4664 7 3
s 4665 9 2
s 4666 46 19
s 4667 30 16
s 4668 233 119
s 4669 4 2
s 4670 151 103
s 4671 16 9
s 4672 134 57
s 4673 31 15
s 4674 6 2
s 4675 4 1
s 4676 43 20
s 4677 162 86
s 4678 4 3
s 4679 219 118
s 4680 11 6
s 4681 7 4
s 4682 261 141
s 4683 138 67
s 4684 156 81
s 4685 47 25
s 4686 64 40
s 4687 83 39
s 4688 4 2
s 4689 8 4
s 4690 5 3
s 4691 56 34
s 4692 128 68
s 4693 278 134
s 4694 427 217
s 4695 227 110
s 4696 78 39
s 4698 128 76
s 4699 43 26
s 4700 17 11
s 4701 54 28
s 4704 196 92
s 4705 139 64
s 4706 122 63
s 4707 34 16
s 4708 159 82
s 4709 164 82
s 4710 27 9
s 4711 10 6
s 4712 60 38
s 4713 195 109
s 4714 290 146
s 4715 194 114
s 4716 278 138
s 4717 2 2
s 4718 127 70
s 4719 89 43
s 4720 221 125
s 4721 20 8
s 4722 24 13
s 4727 300 164
s 4728 138 61
s 4729 168 91
s 4731 381 190
s 4734 94 51
s 4736 300 155
s 4737 84 45
s 4739 169 95
s 4743 319 167
s 4744 29 18
s 4745 39 23
s 4746 5 1
s 4753 24 11
s 4763 68 38
s 4884 90 34
s 4885 188 100
s 4886 56 22
s 4887 38 15
s 4889 285 140
s 4890 260 118
s 4891 125 56
s 4892 165 83
s 4893 107 56
s 4894 132 59
s 4895 192 93
s 4896 10 4
s 4897 72 47
s 4898 51 21
s 4899 59 29
s 4900 150 68
s 4901 42 20
s 4902 58 25
s 4903 84 33
s 4904 19 10
s 4905 16 4
s 4906 21 7
s 4907 66 25
s 4908 9 3
s 4909 27 16
s 4910 35 8
s 4911 71 35
s 4912 58 20
s 4913 90 47
s 4914 40 20
s 4915 110 45
s 4916 19 11
s 4917 61 27
s 4918 108 61
s 4919 140 65
s 4920 16 6
s 4921 11 5
s 4922 36 18
s 4923 22 11
s 4924 160 66
s 4925 9 5
s 4926 124 78
s 4927 23 12
s 4928 119 44
s 4929 22 11
s 4930 2 1
s 4931 43 20
s 4932 48 27
s 4933 166 76
s 4934 48 17
s 4935 146 69
s 4936 18 8
s 4937 9 2
s 4938 162 81
s 4939 102 52
s 4940 96 48
s 4941 51 27
s 4942 40 22
s 4943 86 35
s 4944 29 11
s 4945 3 1
s 4946 13 8
s 4947 84 43
s 4948 127 64
s 4949 302 159
s 4950 352 153
s 4951 159 74
s 4952 41 22
s 4953 4 2
s 4954 140 73
s 4955 73 38
s 4956 16 5
s 4957 65 33
s 4958 9 2
s 4959 8 4
s 4960 174 83
s 4961 77 37
s 4962 128 63
s 4963 36 15
s 4964 150 63
s 4965 90 35
s 4966 17 7
s 4967 12 6
s 4968 50 28
s 4969 166 78
s 4970 207 103
s 4971 124 64
s 4972 279 125
s 4973 46 14
s 4974 115 61
s 4975 79 42
s 4976 214 115
s 4977 22 13
s 4978 30 15
s 4983 279 149
s 4984 132 65
s 4985 121 59
s 4987 379 174
s 4990 57 21
s 4992 313 148
s 4993 77 33
s 4995 200 85
s 4999 268 137
s 5000 32 14
s 5001 49 22
s 5002 29 17
s 5009 44 24
s 5019 92 52
s 5141 229 120
s 5142 92 40
s 5143 86 33
s 5145 376 176
s 5146 363 148
s 5147 141 70
s 5148 299 131
s 5149 204 94
s 5150 175 82
s 5151 222 105
s 5152 29 16
s 5153 45 28
s 5154 74 31
s 5155 138 63
s 5156 229 117
s 5157 39 19
s 5158 66 32
s 5159 142 65
s 5160 28 13
s 5161 65 23
s 5162 90 40
s 5163 92 46
s 5164 62 34
s 5165 26 9
s 5166 85 37
s 5167 126 63
s 5168 163 72
s 5169 143 74
s 5170 51 29
s 5171 120 63
s 5172 34 13
s 5173 93 43
s 5174 378 191
s 5175 134 66
s 5176 61 24
s 5177 30 17
s 5178 22 13
s 5179 36 13
s 5180 314 152
s 5181 9 2
s 5182 101 65
s 5183 36 21
s 5184 158 73
s 5185 14 8
s 5186 8 4
s 5187 122 56
s 5188 68 25
s 5189 151 76
s 5190 142 61
s 5191 218 107
s 5192 31 12
s 5193 29 11
s 5194 335 164
s 5195 126 63
s 5196 179 86
s 5197 37 20
s 5198 48 19
s 5199 76 41
s 5200 63 33
s 5201 25 11
s 5202 18 9
s 5203 119 60
s 5204 164 70
s 5205 411 210
s 5206 420 210
s 5207 182 93
s 5208 81 38
s 5209 9 4
s 5210 134 79
s 5211 75 34
s 5212 31 13
s 5213 105 50
s 5214 44 21
s 5215 24 13
s 5216 279 130
s 5217 172 81
s 5218 139 68
s 5219 62 24
s 5220 257 120
s 5221 146 79
s 5222 39 16
s 5223 8 5
s 5224 97 58
s 5225 148 75
s 5226 285 146
s 5227 197 89
s 5228 381 182
s 5229 102 41
s 5230 122 63
s 5231 61 32
s 5232 122 72
s 5233 57 32
s 5234 57 33
s 5239 162 84
s 5240 187 94
s 5241 197 95
s 5243 302 158
s 5246 118 62
s 5248 350 148
s 5249 117 65
s 5251 152 80
s 5255 391 206
s 5256 63 28
s 5257 66 39
s 5258 45 22
s 5265 77 39
s 5275 64 34
s 5398 117 64
s 5399 99 50
s 5401 427 228
s 5402 548 248
s 5403 269 130
s 5404 331 171
s 5405 276 136
s 5406 264 129
s 5407 436 231
s 5408 27 10
s 5409 91 52
s 5410 69 36
s 5411 97 42
s 5412 321 165
s 5413 74 37
s 5414 92 46
s 5415 144 76
s 5416 35 18
s 5417 81 37
s 5418 88 56
s 5419 100 43
s 5420 52 24
s 5421 31 19
s 5422 82 36
s 5423 146 70
s 5424 218 125
s 5425 274 151
s 5426 68 31
s 5427 242 140
s 5428 50 23
s 5429 154 83
s 5430 548 306
s 5431 214 124
s 5432 61 29
s 5433 42 28
s 5434 64 37
s 5435 63 29
s 5436 430 249
s 5437 20 8
s 5438 182 119
s 5439 42 18
s 5440 222 118
s 5441 36 16
s 5442 6 2
s 5443 155 74
s 5444 66 27
s 5445 301 149
s 5446 153 76
s 5447 367 214
s 5448 46 23
s 5449 39 25
s 5450 341 180
s 5451 195 105
s 5452 224 127
s 5453 67 35
s 5454 92 45
s 5455 115 57
s 5456 99 49
s 5457 34 16
s 5458 18 14
s 5459 238 130
s 5460 302 140
s 5461 685 343
s 5462 552 287
s 5463 334 160
s 5464 125 77
s 5465 8 3
s 5466 162 105
s 5467 107 57
s 5468 34 21
s 5469 158 85
s 5470 39 20
s 5471 30 13
s 5472 400 216
s 5473 163 74
s 5474 253 128
s 5475 68 33
s 5476 534 275
s 5477 214 98
s 5478 44 25
s 5479 30 18
s 5480 114 59
s 5481 232 116
s 5482 437 244
s 5483 323 199
s 5484 530 235
s 5485 139 76
s 5486 195 108
s 5487 125 73
s 5488 323 191
s 5489 32 16
s 5490 65 30
s 5495 346 192
s 5496 249 131
s 5497 215 103
s 5499 524 253
s 5502 159 80
s 5504 479 245
s 5505 144 70
s 5507 269 151
s 5511 519 272
s 5512 87 47
s 5513 101 51
s 5514 51 23
s 5521 127 64
s 5531 142 83
s 5655 27 11
s 5657 107 64
s 5658 187 86
s 5659 91 40
s 5660 120 54
s 5661 99 47
s 5662 90 39
s 5663 123 68
s 5664 17 11
s 5665 21 15
s 5666 13 4
s 5667 48 26
s 5668 100 50
s 5669 41 21
s 5670 28 11
s 5671 39 17
s 5672 15 11
s 5673 50 27
s 5674 46 22
s 5675 23 11
s 5676 36 16
s 5677 8 3
s 5678 41 19
s 5679 31 16
s 5680 123 53
s 5681 44 27
s 5682 18 8
s 5683 63 30
s 5684 13 5
s 5685 50 23
s 5686 209 110
s 5687 47 21
s 5688 25 11
s 5689 13 6
s 5690 20 8
s 5691 22 13
s 5692 167 84
s 5693 9 3
s 5694 31 19
s 5695 31 13
s 5696 74 29
s 5697 8 4
s 5698 4 0
s 5699 98 47
s 5700 27 8
s 5701 95 46
s 5702 79 39
s 5703 123 59
s 5704 18 6
s 5705 20 8
s 5706 81 41
s 5707 69 25
s 5708 34 17
s 5709 22 15
s 5710 29 15
s 5711 24 12
s 5712 48 27
s 5713 10 7
s 5714 6 2
s 5715 73 48
s 5716 112 50
s 5717 193 93
s 5718 154 75
s 5719 97 48
s 5720 40 19
s 5721 7 2
s 5722 38 17
s 5723 37 13
s 5724 10 5
s 5725 63 33
s 5726 25 6
s 5727 14 6
s 5728 126 55
s 5729 77 25
s 5730 63 27
s 5731 39 18
s 5732 107 56
s 5733 47 22
s 5734 16 7
s 5735 5 1
s 5736 48 29
s 5737 63 23
s 5738 77 41
s 5739 65 34
s 5740 177 76
s 5741 57 21
s 5742 37 19
s 5743 33 14
s 5744 64 32
s 5745 14 6
s 5746 31 15
s 5751 74 34
s 5752 42 21
s 5753 69 33
s 5755 111 42
s 5758 36 22
s 5760 152 64
s 5761 54 24
s 5763 65 32
s 5767 157 92
s 5768 21 9
s 5769 29 8
s 5770 33 12
s 5777 38 24
s 5787 33 24
s 5913 87 43
s 5914 160 78
s 5915 78 39
s 5916 37 15
s 5917 27 13
s 5918 74 42
s 5919 121 59
s 5920 7 3
s 5921 13 5
s 5922 12 4
s 5923 34 14
s 5924 60 25
s 5925 29 14
s 5926 15 5
s 5927 23 10
s 5928 10 5
s 5929 27 10
s 5930 23 12
s 5931 18 12
s 5932 13 7
s 5933 11 5
s 5934 39 19
s 5935 32 16
s 5936 88 40
s 5937 33 18
s 5938 15 8
s 5939 52 27
s 5940 7 5
s 5941 37 15
s 5942 120 68
s 5943 31 20
s 5944 29 13
s 5945 9 6
s 5946 11 6
s 5947 2 1
s 5948 46 30
s 5949 5 3
s 5950 39 30
s 5951 21 12
s 5952 59 27
s 5953 10 6
s 5954 4 1
s 5955 48 27
s 5956 30 14
s 5957 41 22
s 5958 49 16
s 5959 81 43
s 5960 21 10
s 5961 9 2
s 5962 62 31
s 5963 39 13
s 5964 33 22
s 5965 5 3
s 5966 12 7
s 5967 53 24
s 5968 17 10
s 5969 9 3
s 5970 1 1
s 5971 55 35
s 5972 70 34
s 5973 106 51
s 5974 154 65
s 5975 77 31
s 5976 18 11
s 5977 5 2
s 5978 27 21
s 5979 23 14
s 5980 5 4
s 5981 19 11
s 5982 18 8
s 5983 7 5
s 5984 43 20
s 5985 35 17
s 5986 25 8
s 5987 11 5
s 5988 74 36
s 5989 47 19
s 5990 9 6
s 5991 4 2
s 5992 10 2
s 5993 50 23
s 5994 43 17
s 5995 49 26
s 5996 63 33
s 5997 52 28
s 5998 43 26
s 5999 30 11
s 6000 80 46
s 6001 17 9
s 6002 15 3
s 6007 80 45
s 6008 29 12
s 6009 64 28
s 6011 139 71
s 6014 31 17
s 6016 131 55
s 6017 28 11
s 6019 70 39
s 6023 71 37
s 6024 15 7
s 6025 13 5
s 6026 24 14
s 6033 25 15
s 6043 24 15
s 6426 771 349
s 6427 367 182
s 6428 385 184
s 6429 376 186
s 6430 347 166
s 6431 571 260
s 6432 27 9
s 6433 129 82
s 6434 12 6
s 6435 51 19
s 6436 283 144
s 6437 115 56
s 6438 120 71
s 6439 47 21
s 6440 39 22
s 6441 175 83
s 6442 138 74
s 6443 67 26
s 6444 124 62
s 6445 56 26
s 6446 150 66
s 6447 87 46
s 6448 409 197
s 6449 131 72
s 6450 95 55
s 6451 312 158
s 6452 15 8
s 6453 179 98
s 6454 737 413
s 6455 311 154
s 6456 97 49
s 6457 41 20
s 6458 76 42
s 6459 37 17
s 6460 545 289
s 6461 24 9
s 6462 262 174
s 6463 62 38
s 6464 306 146
s 6465 51 29
s 6466 19 12
s 6467 281 144
s 6468 91 47
s 6469 363 179
s 6470 251 113
s 6471 528 273
s 6472 71 25
s 6473 46 24
s 6474 113 50
s 6475 270 121
s 6476 36 15
s 6477 69 45
s 6478 107 49
s 6479 196 85
s 6480 147 56
s 6481 45 24
s 6482 21 7
s 6483 323 183
s 6484 350 166
s 6485 817 403
s 6486 831 441
s 6487 441 224
s 6488 168 86
s 6489 35 22
s 6490 119 73
s 6491 107 63
s 6492 38 17
s 6493 185 109
s 6494 85 45
s 6495 51 26
s 6496 641 321
s 6497 180 91
s 6498 291 134
s 6499 96 43
s 6500 687 370
s 6501 275 115
s 6502 75 26
s 6503 21 12
s 6504 163 86
s 6505 310 153
s 6506 96 48
s 6507 171 89
s 6508 745 360
s 6509 232 112
s 6510 209 123
s 6511 172 81
s 6512 438 241
s 6513 16 9
s 6514 71 31
s 6519 557 279
s 6520 111 50
s 6521 435 216
s 6523 821 392
s 6526 67 38
s 6528 529 253
s 6529 233 99
s 6531 414 218
s 6535 617 315
s 6536 71 30
s 6537 108 57
s 6538 82 33
s 6545 162 89
s 6555 132 72
s 6683 160 75
s 6684 575 268
s 6685 492 208
s 6686 215 95
s 6687 351 157
s 6688 61 27
s 6689 104 65
s 6690 126 54
s 6691 263 103
s 6692 536 257
s 6693 85 39
s 6694 160 79
s 6695 281 121
s 6696 56 24
s 6697 204 83
s 6698 195 95
s 6699 179 72
s 6700 147 63
s 6701 48 23
s 6702 214 89
s 6703 257 102
s 6704 464 227
s 6705 279 131
s 6706 96 42
s 6707 162 69
s 6708 100 49
s 6709 245 107
s 6710 1114 528
s 6711 274 129
s 6712 143 64
s 6713 47 19
s 6714 53 22
s 6715 78 30
s 6716 631 276
s 6717 37 20
s 6718 155 84
s 6719 102 42
s 6720 232 100
s 6721 37 17
s 6722 16 5
s 6723 349 151
s 6724 91 39
s 6725 365 166
s 6726 422 176
s 6727 372 165
s 6728 109 43
s 6729 66 38
s 6730 684 309
s 6731 247 115
s 6732 377 178
s 6733 68 38
s 6734 124 71
s 6735 150 70
s 6736 203 100
s 6737 78 31
s 6738 46 16
s 6739 182 82
s 6740 351 161
s 6741 847 403
s 6742 706 335
s 6743 299 127
s 6744 138 69
s 6745 37 15
s 6746 210 111
s 6747 162 73
s 6748 51 23
s 6749 324 162
s 6750 125 48
s 6751 74 33
s 6752 587 254
s 6753 324 137
s 6754 414 177
s 6755 161 73
s 6756 421 188
s 6757 270 128
s 6758 89 40
s 6759 23 10
s 6760 244 99
s 6761 210 87
s 6762 583 290
s 6763 363 168
s 6764 760 338
s 6765 307 156
s 6766 281 133
s 6767 144 65
s 6768 304 142
s 6769 86 37
s 6770 123 57
s 6775 235 106
s 6776 341 152
s 6777 315 137
s 6779 419 166
s 6782 269 131
s 6784 684 293
s 6785 350 140
s 6787 260 130
s 6791 894 427
s 6792 97 48
s 6793 122 64
s 6794 138 62
s 6801 214 102
s 6811 155 78
s 6940 221 106
s 6941 188 82
s 6942 96 41
s 6943 123 57
s 6944 26 15
s 6945 40 28
s 6946 93 55
s 6947 135 60
s 6948 242 126
s 6949 36 18
s 6950 67 36
s 6951 145 56
s 6952 14 2
s 6953 89 33
s 6954 119 56
s 6955 98 45
s 6956 89 40
s 6957 26 14
s 6958 86 45
s 6959 105 46
s 6960 209 103
s 6961 115 56
s 6962 32 17
s 6963 61 27
s 6964 41 15
s 6965 120 51
s 6966 452 229
s 6967 114 76
s 6968 69 32
s 6969 18 11
s 6970 17 4
s 6971 58 25
s 6972 326 135
s 6973 17 10
s 6974 55 39
s 6975 45 23
s 6976 83 40
s 6977 17 14
s 6978 6 4
s 6979 188 90
s 6980 57 26
s 6981 171 74
s 6982 258 103
s 6983 213 105
s 6984 43 14
s 6985 22 8
s 6986 358 190
s 6987 86 32
s 6988 188 79
s 6989 33 23
s 6990 70 32
s 6991 45 17
s 6992 74 42
s 6993 37 16
s 6994 16 7
s 6995 43 25
s 6996 110 42
s 6997 308 151
s 6998 350 180
s 6999 116 50
s 7000 73 36
s 7001 11 5
s 7002 117 57
s 7003 56 29
s 7004 28 13
s 7005 152 80
s 7006 50 17
s 7007 33 15
s 7008 230 102
s 7009 156 69
s 7010 166 63
s 7011 77 31
s 7012 156 69
s 7013 157 77
s 7014 34 13
s 7015 10 5
s 7016 117 58
s 7017 102 52
s 7018 240 122
s 7019 151 80
s 7020 383 182
s 7021 129 69
s 7022 144 68
s 7023 48 24
s 7024 86 45
s 7025 33 15
s 7026 75 35
s 7031 125 61
s 7032 130 69
s 7033 91 36
s 7035 203 102
s 7038 152 77
s 7040 346 166
s 7041 153 61
s 7043 89 41
s 7047 392 211
s 7048 41 15
s 7049 65 35
s 7050 56 27
s 7057 95 42
s 7067 41 24
s 7197 43 25
s 7198 219 117
s 7199 385 205
s 7200 23 16
s 7201 29 16
s 7202 57 27
s 7203 122 63
s 7204 176 87
s 7205 61 30
s 7206 33 19
s 7207 145 70
s 7208 28 14
s 7209 87 44
s 7210 60 33
s 7211 76 34
s 7212 89 43
s 7213 34 19
s 7214 156 74
s 7215 85 45
s 7216 248 126
s 7217 119 60
s 7218 73 44
s 7219 156 76
s 7220 42 21
s 7221 162 79
s 7222 607 324
s 7223 59 34
s 7224 109 53
s 7225 19 10
s 7226 34 18
s 7227 38 11
s 7228 65 30
s 7229 13 6
s 7230 127 61
s 7231 68 28
s 7232 193 98
s 7233 19 11
s 7234 10 4
s 7235 162 81
s 7236 60 33
s 7237 86 50
s 7238 155 86
s 7239 236 126
s 7240 62 24
s 7241 30 20
s 7242 300 171
s 7243 155 74
s 7244 161 77
s 7245 19 9
s 7246 29 21
s 7247 151 71
s 7248 118 63
s 7249 9 3
s 7250 20 11
s 7251 185 107
s 7252 278 124
s 7253 537 285
s 7254 630 333
s 7255 346 177
s 7256 68 38
s 7257 13 5
s 7258 146 84
s 7259 101 61
s 7260 25 11
s 7261 136 68
s 7262 59 26
s 7263 17 10
s 7264 85 36
s 7265 60 31
s 7266 70 36
s 7267 13 3
s 7268 422 222
s 7269 167 89
s 7270 38 21
s 7271 16 6
s 7272 21 9
s 7273 213 109
s 7274 293 156
s 7275 177 101
s 7276 131 62
s 7277 149 75
s 7278 171 71
s 7279 103 51
s 7280 327 173
s 7281 45 21
s 7282 54 26
s 7287 364 177
s 7288 205 112
s 7289 282 147
s 7291 603 295
s 7294 104 49
s 7296 474 233
s 7297 43 17
s 7299 275 150
s 7303 125 57
s 7304 58 29
s 7305 31 19
s 7306 57 29
s 7313 149 76
s 7323 55 27
s 7454 209 93
s 7455 288 127
s 7456 31 15
s 7457 13 12
s 7458 56 28
s 7459 97 42
s 7460 147 65
s 7461 64 28
s 7462 19 9
s 7463 100 49
s 7464 21 9
s 7465 71 23
s 7466 50 21
s 7467 56 23
s 7468 45 22
s 7469 22 10
s 7470 85 42
s 7471 78 36
s 7472 223 107
s 7473 100 52
s 7474 72 29
s 7475 130 70
s 7476 41 24
s 7477 104 51
s 7478 438 227
s 7479 2 1
s 7480 51 25
s 7481 19 10
s 7482 38 21
s 7483 30 11
s 7484 11 6
s 7485 9 5
s 7486 115 63
s 7487 48 18
s 7488 149 78
s 7489 20 10
s 7490 3 2
s 7491 152 70
s 7492 55 22
s 7493 13 3
s 7494 111 43
s 7495 168 87
s 7496 35 18
s 7497 32 14
s 7498 455 233
s 7499 141 71
s 7500 142 65
s 7501 3 1
s 7502 7 4
s 7503 101 40
s 7504 71 30
s 7505 17 6
s 7506 17 6
s 7507 122 68
s 7508 170 96
s 7509 326 150
s 7510 476 249
s 7511 215 108
s 7512 65 37
s 7513 20 9
s 7514 130 71
s 7515 81 45
s 7516 10 7
s 7517 115 64
s 7518 43 21
s 7519 24 12
s 7520 5 3
s 7521 30 12
s 7522 19 8
s 7523 9 3
s 7524 244 117
s 7525 140 64
s 7526 28 16
s 7527 15 6
s 7528 8 6
s 7529 154 75
s 7530 231 121
s 7531 135 72
s 7532 4 3
s 7533 123 57
s 7534 136 67
s 7535 89 42
s 7536 157 89
s 7537 39 16
s 7538 52 25
s 7543 265 130
s 7544 125 59
s 7545 153 67
s 7547 450 221
s 7550 92 48
s 7552 411 199
s 7553 9 3
s 7555 221 93
s 7559 27 13
s 7560 53 24
s 7561 20 14
s 7562 72 30
s 7569 89 44
s 7579 28 17
s 7711 114 49
s 7712 25 11
s 7713 54 30
s 7714 55 24
s 7715 120 54
s 7716 225 107
s 7717 21 7
s 7718 56 29
s 7719 152 68
s 7720 9 5
s 7721 95 43
s 7722 104 51
s 7723 79 35
s 7724 88 34
s 7725 18 7
s 7726 52 21
s 7727 105 48
s 7728 214 103
s 7729 130 72
s 7730 30 18
s 7731 73 43
s 7732 33 16
s 7733 95 39
s 7734 426 231
s 7735 136 79
s 7736 57 25
s 7737 20 11
s 7738 20 12
s 7739 43 22
s 7740 250 121
s 7741 10 6
s 7742 96 54
s 7743 47 27
s 7744 64 23
s 7745 27 15
s 7746 3 1
s 7747 198 96
s 7748 33 18
s 7749 179 83
s 7750 144 50
s 7751 198 104
s 7752 29 12
s 7753 37 20
s 7754 290 140
s 7755 72 22
s 7756 169 89
s 7757 25 14
s 7758 73 45
s 7759 54 29
s 7760 90 43
s 7761 40 22
s 7762 8 3
s 7763 17 7
s 7764 93 37
s 7765 212 95
s 7766 350 172
s 7767 60 25
s 7768 71 42
s 7769 18 12
s 7770 116 64
s 7771 57 27
s 7772 16 9
s 7773 138 68
s 7774 45 15
s 7775 28 15
s 7776 235 109
s 7777 134 53
s 7778 123 54
s 7779 67 30
s 7780 106 56
s 7781 116 53
s 7782 29 12
s 7783 10 2
s 7784 104 49
s 7785 100 53
s 7786 254 122
s 7787 182 106
s 7788 295 133
s 7789 105 57
s 7790 97 47
s 7791 38 13
s 7792 70 31
s 7793 46 22
s 7794 55 27
s 7799 166 75
s 7800 139 66
s 7801 101 44
s 7803 269 137
s 7806 100 52
s 7808 287 127
s 7809 118 58
s 7811 70 37
s 7815 301 151
s 7816 44 21
s 7817 62 29
s 7818 50 26
s 7825 132 73
s 7835 61 33
s 7968 62 26
s 7969 70 38
s 7970 95 43
s 7971 173 74
s 7972 364 197
s 7973 29 9
s 7974 97 49
s 7975 240 104
s 7976 9 5
s 7977 173 81
s 7978 174 90
s 7979 154 74
s 7980 127 65
s 7981 25 13
s 7982 131 52
s 7983 156 83
s 7984 353 172
s 7985 234 131
s 7986 24 11
s 7987 87 43
s 7988 70 34
s 7989 144 63
s 7990 795 414
s 7991 261 154
s 7992 82 41
s 7993 20 9
s 7994 26 13
s 7995 56 29
s 7996 495 259
s 7997 20 13
s 7998 177 107
s 7999 71 36
s 8000 95 49
s 8001 30 20
s 8002 7 0
s 8003 312 154
s 8004 36 9
s 8005 293 145
s 8006 304 139
s 8007 353 197
s 8008 46 19
s 8009 42 25
s 8010 415 212
s 8011 100 48
s 8012 278 141
s 8013 50 28
s 8014 82 37
s 8015 85 39
s 8016 136 74
s 8017 57 29
s 8018 29 16
s 8019 53 33
s 8020 125 59
s 8021 333 162
s 8022 545 273
s 8023 86 38
s 8024 104 53
s 8025 16 6
s 8026 168 97
s 8027 80 40
s 8028 37 21
s 8029 221 129
s 8030 84 41
s 8031 63 32
s 8032 420 225
s 8033 214 106
s 8034 226 109
s 8035 75 35
s 8036 207 105
s 8037 211 96
s 8038 37 20
s 8039 11 6
s 8040 147 77
s 8041 149 76
s 8042 400 201
s 8043 271 148
s 8044 523 239
s 8045 190 85
s 8046 148 73
s 8047 35 18
s 8048 76 39
s 8049 67 34
s 8050 85 39
s 8055 283 156
s 8056 233 115
s 8057 594 309
s 8059 428 195
s 8062 181 91
s 8064 409 193
s 8065 206 95
s 8067 138 70
s 8071 565 281
s 8072 75 36
s 8073 143 76
s 8074 61 22
s 8081 127 57
s 8091 71 43
s 8225 10 6
s 8226 3 2
s 8227 14 4
s 8228 27 13
s 8229 5 3
s 8230 8 3
s 8231 12 3
s 8232 6 3
s 8233 3 1
s 8234 14 8
s 8235 8 5
s 8236 2 1
s 8237 3 2
s 8238 6 3
s 8239 17 6
s 8240 13 12
s 8241 15 7
s 8242 6 4
s 8243 17 7
s 8244 5 2
s 8245 16 7
s 8246 32 18
s 8247 38 19
s 8248 3 1
s 8249 2 2
s 8250 6 1
s 8251 3 0
s 8252 26 15
s 8254 16 7
s 8255 3 2
s 8256 16 5
s 8257 4 3
s 8258 4 2
s 8259 15 12
s 8260 11 4
s 8261 25 10
s 8262 12 5
s 8263 36 18
s 8264 5 1
s 8265 3 2
s 8266 25 8
s 8267 21 10
s 8268 8 4
s 8269 1 1
s 8270 9 4
s 8271 12 5
s 8272 6 3
s 8273 4 2
s 8274 3 1
s 8275 18 7
s 8276 33 15
s 8277 53 23
s 8278 51 22
s 8279 31 20
s 8280 10 5
s 8281 5 3
s 8282 12 6
s 8283 6 4
s 8285 10 5
s 8286 9 5
s 8287 5 2
s 8288 27 12
s 8289 14 7
s 8290 17 5
s 8291 7 1
s 8292 25 12
s 8293 25 10
s 8294 4 1
s 8295 1 1
s 8296 10 5
s 8297 15 6
s 8298 17 9
s 8299 14 6
s 8300 48 19
s 8301 11 6
s 8302 22 11
s 8303 13 2
s 8304 18 11
s 8305 4 1
s 8306 6 3
s 8311 35 15
s 8312 10 4
s 8313 21 9
s 8315 50 26
s 8318 9 5
s 8320 25 11
s 8321 14 7
s 8323 18 11
s 8327 36 20
s 8328 5 3
s 8329 13 5
s 8330 4 1
s 8337 13 8
s 8347 4 2
s 8482 13 6
s 8483 20 14
s 8484 68 47
s 8485 17 10
s 8486 9 5
s 8487 31 16
s 8488 9 7
s 8489 17 12
s 8490 25 16
s 8491 18 9
s 8492 17 11
s 8493 9 7
s 8494 27 20
s 8495 27 15
s 8496 72 40
s 8497 58 39
s 8498 21 17
s 8499 83 49
s 8500 8 4
s 8501 64 44
s 8502 133 84
s 8503 8 6
s 8504 30 19
s 8505 8 5
s 8506 20 9
s 8507 12 7
s 8508 19 5
s 8509 8 5
s 8510 89 64
s 8511 10 6
s 8512 40 19
s 8513 7 5
s 8514 8 5
s 8515 40 21
s 8516 11 5
s 8517 23 16
s 8518 42 22
s 8519 117 74
s 8520 19 11
s 8521 15 8
s 8522 84 44
s 8523 34 17
s 8524 55 38
s 8525 9 6
s 8526 1 1
s 8527 18 10
s 8528 37 21
s 8529 7 2
s 8530 7 4
s 8531 71 48
s 8532 63 41
s 8533 116 75
s 8534 143 92
s 8535 67 42
s 8536 44 25
s 8537 7 2
s 8538 50 21
s 8539 36 18
s 8540 4 2
s 8541 44 29
s 8542 9 5
s 8543 6 4
s 8544 25 16
s 8545 25 16
s 8546 22 11
s 8547 4 0
s 8548 127 67
s 8549 32 19
s 8550 8 5
s 8551 7 5
s 8552 6 2
s 8553 53 35
s 8554 112 70
s 8555 109 71
s 8556 24 15
s 8557 41 29
s 8558 36 15
s 8559 31 23
s 8560 102 59
s 8561 9 6
s 8562 15 8
s 8567 108 72
s 8568 67 45
s 8569 44 25
s 8571 125 77
s 8574 38 22
s 8576 99 50
s 8577 7 2
s 8579 76 39
s 8583 24 17
s 8584 21 15
s 8585 12 10
s 8586 22 11
s 8593 49 34
s 8603 23 12
s 8739 8 3
s 8740 37 15
s 8741 21 12
s 8742 19 9
s 8743 1 0
s 8744 8 0
s 8745 27 8
s 8746 27 15
s 8747 9 2
s 8748 28 15
s 8749 4 2
s 8750 22 11
s 8751 10 6
s 8752 63 28
s 8753 21 11
s 8754 29 14
s 8755 43 18
s 8756 1 1
s 8757 31 16
s 8758 136 77
s 8759 69 39
s 8760 12 8
s 8761 12 6
s 8762 14 8
s 8763 4 0
s 8764 126 63
s 8765 4 1
s 8766 46 28
s 8767 23 12
s 8768 45 26
s 8769 5 4
s 8770 1 0
s 8771 54 27
s 8772 15 6
s 8773 45 25
s 8774 52 21
s 8775 106 58
s 8776 8 3
s 8777 14 9
s 8778 15 7
s 8779 44 25
s 8780 6 2
s 8781 9 5
s 8782 23 12
s 8783 54 32
s 8784 24 10
s 8785 9 8
s 8786 6 1
s 8787 51 27
s 8788 58 31
s 8789 156 70
s 8790 113 66
s 8791 70 28
s 8792 18 10
s 8793 5 3
s 8794 22 7
s 8795 18 7
s 8796 9 4
s 8797 31 14
s 8798 16 9
s 8799 10 5
s 8800 92 34
s 8801 45 17
s 8802 38 18
s 8803 23 11
s 8804 103 53
s 8805 44 20
s 8806 13 7
s 8807 9 4
s 8808 43 18
s 8809 59 29
s 8810 5 4
s 8811 31 14
s 8812 119 56
s 8813 37 18
s 8814 38 22
s 8815 35 21
s 8816 56 26
s 8817 7 1
s 8818 10 6
s 8823 66 32
s 8824 10 3
s 8825 84 45
s 8827 130 61
s 8830 6 3
s 8832 94 47
s 8833 39 19
s 8835 66 32
s 8839 102 54
s 8840 12 3
s 8841 18 15
s 8842 27 10
s 8849 37 17
s 8859 23 16
s 8996 97 47
s 8997 45 20
s 8998 37 18
s 8999 14 6
s 9000 18 13
s 9001 50 29
s 9002 59 24
s 9003 25 5
s 9004 32 9
s 9005 22 7
s 9006 34 15
s 9007 20 10
s 9008 77 32
s 9009 51 25
s 9010 40 18
s 9011 71 34
s 9012 6 3
s 9013 27 10
s 9014 220 114
s 9015 68 31
s 9016 17 8
s 9017 16 10
s 9018 13 8
s 9019 9 5
s 9020 135 57
s 9021 2 1
s 9022 60 34
s 9023 26 14
s 9024 93 38
s 9025 11 6
s 9026 1 0
s 9027 78 34
s 9028 38 13
s 9029 100 53
s 9030 94 42
s 9031 148 73
s 9032 24 8
s 9033 15 10
s 9034 71 32
s 9035 94 39
s 9036 21 8
s 9037 15 7
s 9038 27 14
s 9039 51 29
s 9040 32 15
s 9041 15 8
s 9042 4 4
s 9043 65 19
s 9044 120 49
s 9045 223 115
s 9046 218 118
s 9047 130 58
s 9048 38 15
s 9049 4 3
s 9050 27 17
s 9051 44 19
s 9052 10 8
s 9053 67 31
s 9054 18 4
s 9055 19 8
s 9056 165 74
s 9057 76 29
s 9058 51 25
s 9059 42 18
s 9060 143 60
s 9061 88 42
s 9062 30 15
s 9063 6 3
s 9064 49 19
s 9065 74 45
s 9066 38 21
s 9067 63 32
s 9068 211 89
s 9069 50 20
s 9070 65 31
s 9071 46 21
s 9072 97 47
s 9073 7 2
s 9074 21 12
s 9079 107 50
s 9080 22 9
s 9081 113 56
s 9083 182 76
s 9086 20 10
s 9088 160 68
s 9089 81 32
s 9091 82 42
s 9095 174 85
s 9096 22 11
s 9097 21 10
s 9098 21 12
s 9105 34 20
s 9115 22 14
s 9253 67 37
s 9254 72 42
s 9255 83 39
s 9256 29 14
s 9257 82 36
s 9258 60 29
s 9259 49 16
s 9260 44 24
s 9261 21 14
s 9262 53 27
s 9263 84 42
s 9264 183 96
s 9265 149 84
s 9266 56 28
s 9267 228 118
s 9268 33 15
s 9269 133 68
s 9270 310 153
s 9271 156 87
s 9272 53 24
s 9273 30 23
s 9274 48 24
s 9275 29 16
s 9276 258 144
s 9277 16 9
s 9278 175 115
s 9279 52 25
s 9280 184 78
s 9281 31 18
s 9282 13 5
s 9283 116 58
s 9284 70 31
s 9285 189 93
s 9286 123 62
s 9287 390 206
s 9288 37 16
s 9289 27 13
s 9290 174 91
s 9291 170 74
s 9292 91 55
s 9293 34 23
s 9294 72 35
s 9295 111 57
s 9296 94 55
s 9297 44 26
s 9298 17 9
s 9299 208 124
s 9300 234 109
s 9301 472 215
s 9302 523 304
s 9303 271 145
s 9304 130 76
s 9305 11 7
s 9306 113 70
s 9307 91 41
s 9308 18 9
s 9309 152 88
s 9310 36 14
s 9311 22 9
s 9312 258 137
s 9313 124 59
s 9314 110 52
s 9315 42 19
s 9316 319 172
s 9317 197 97
s 9318 44 25
s 9319 17 10
s 9320 85 43
s 9321 193 95
s 9322 252 145
s 9323 202 115
s 9324 310 144
s 9325 111 57
s 9326 135 64
s 9327 98 45
s 9328 240 138
s 9329 31 16
s 9330 61 25
s 9335 342 170
s 9336 135 63
s 9337 203 99
s 9339 506 247
s 9342 87 43
s 9344 444 214
s 9345 101 51
s 9347 252 135
s 9351 348 185
s 9352 67 36
s 9353 84 50
s 9354 27 13
s 9361 84 51
s 9371 115 64
s 9510 17 7
s 9511 43 10
s 9512 1 1
s 9513 28 13
s 9514 31 13
s 9515 20 6
s 9516 20 10
s 9517 8 5
s 9518 18 7
s 9519 35 17
s 9520 90 43
s 9521 35 17
s 9522 5 3
s 9523 7 2
s 9524 12 6
s 9525 52 25
s 9526 121 63
s 9527 40 16
s 9528 14 4
s 9529 6 2
s 9530 4 1
s 9531 6 3
s 9532 73 27
s 9533 4 1
s 9534 25 14
s 9535 19 10
s 9536 26 7
s 9537 15 5
s 9538 5 0
s 9539 63 32
s 9540 3 1
s 9541 34 16
s 9542 54 27
s 9543 82 43
s 9544 13 7
s 9545 17 6
s 9546 67 30
s 9547 19 8
s 9548 39 23
s 9549 10 8
s 9550 20 9
s 9551 16 4
s 9552 20 8
s 9553 6 3
s 9554 2 0
s 9555 14 9
s 9556 30 12
s 9557 49 20
s 9558 101 45
s 9559 24 10
s 9560 23 10
s 9561 10 4
s 9562 38 19
s 9563 19 11
s 9564 5 5
s 9565 36 21
s 9566 13 6
s 9567 9 5
s 9568 73 33
s 9569 39 19
s 9570 37 10
s 9571 14 6
s 9572 39 21
s 9573 42 20
s 9574 5 1
s 9575 3 1
s 9576 27 13
s 9577 34 16
s 9578 67 33
s 9579 49 24
s 9580 106 46
s 9581 21 9
s 9582 34 16
s 9583 8 0
s 9584 13 5
s 9585 9 2
s 9586 10 3
s 9591 46 24
s 9592 45 15
s 9593 33 11
s 9595 75 30
s 9598 37 18
s 9600 74 35
s 9601 39 20
s 9603 18 7
s 9607 105 51
s 9608 13 9
s 9609 17 8
s 9610 19 8
s 9617 26 12
s 9627 19 11
s 9767 35 16
s 9768 8 4
s 9769 32 12
s 9770 15 7
s 9771 19 13
s 9772 19 9
s 9773 13 9
s 9774 44 21
s 9775 37 22
s 9776 91 50
s 9777 42 23
s 9778 14 5
s 9779 51 30
s 9780 11 7
s 9781 61 29
s 9782 114 57
s 9783 11 6
s 9784 19 11
s 9785 10 3
s 9786 21 14
s 9787 14 8
s 9788 19 10
s 9789 8 5
s 9790 42 30
s 9791 18 8
s 9792 76 47
s 9793 7 5
s 9794 4 2
s 9795 45 24
s 9796 20 6
s 9797 27 8
s 9798 62 32
s 9799 79 33
s 9800 9 5
s 9801 8 3
s 9802 78 42
s 9803 67 31
s 9804 30 16
s 9805 6 2
s 9806 11 5
s 9807 46 27
s 9808 43 23
s 9809 3 1
s 9810 5 3
s 9811 37 19
s 9812 84 44
s 9813 140 78
s 9814 162 84
s 9815 90 46
s 9816 24 10
s 9817 5 4
s 9818 123 72
s 9819 25 14
s 9820 11 5
s 9821 44 25
s 9822 20 9
s 9823 12 6
s 9824 24 12
s 9825 25 14
s 9826 26 13
s 9827 10 5
s 9828 118 61
s 9829 65 35
s 9830 14 5
s 9831 4 4
s 9832 8 6
s 9833 72 41
s 9834 108 55
s 9835 73 46
s 9836 35 14
s 9837 70 36
s 9838 46 25
s 9839 38 20
s 9840 85 46
s 9841 12 8
s 9842 18 8
s 9847 115 63
s 9848 57 24
s 9849 71 38
s 9851 168 97
s 9854 29 20
s 9856 136 66
s 9857 20 11
s 9859 86 32
s 9863 37 19
s 9864 28 13
s 9865 11 3
s 9866 17 9
s 9873 37 24
s 9883 17 13
s 10024 22 9
s 10025 77 33
s 10026 68 34
s 10027 18 8
s 10028 43 21
s 10029 13 4
s 10030 52 19
s 10031 22 9
s 10032 161 71
s 10033 32 21
s 10034 46 16
s 10035 98 48
s 10036 1 1
s 10037 62 26
s 10038 304 151
s 10039 100 49
s 10040 30 12
s 10041 13 8
s 10042 15 5
s 10043 8 3
s 10044 227 99
s 10045 6 1
s 10046 85 52
s 10047 27 12
s 10048 118 53
s 10049 13 4
s 10050 4 2
s 10051 119 58
s 10052 43 18
s 10053 117 59
s 10054 104 51
s 10055 190 94
s 10056 20 9
s 10057 30 19
s 10058 27 15
s 10059 93 45
s 10060 8 1
s 10061 14 7
s 10062 36 16
s 10063 52 23
s 10064 49 24
s 10065 22 10
s 10066 4 0
s 10067 80 37
s 10068 152 68
s 10069 270 131
s 10070 333 155
s 10071 187 83
s 10072 58 32
s 10073 10 5
s 10074 30 14
s 10075 30 17
s 10076 6 3
s 10077 59 30
s 10078 39 13
s 10079 18 10
s 10080 188 101
s 10081 65 29
s 10082 82 37
s 10083 33 12
s 10084 185 87
s 10085 115 55
s 10086 27 10
s 10087 5 3
s 10088 62 34
s 10089 94 47
s 10090 15 7
s 10091 53 32
s 10092 241 96
s 10093 88 46
s 10094 85 40
s 10095 65 33
s 10096 113 66
s 10097 7 1
s 10098 36 19
s 10103 181 71
s 10104 29 16
s 10105 119 51
s 10107 288 138
s 10110 8 3
s 10112 189 81
s 10113 112 45
s 10115 131 56
s 10119 208 101
s 10120 28 21
s 10121 30 22
s 10122 46 24
s 10129 42 12
s 10139 50 27
s 10281 14 2
s 10282 15 8
s 10283 12 8
s 10284 17 8
s 10285 3 2
s 10286 13 7
s 10287 30 15
s 10288 25 14
s 10289 13 6
s 10290 4 0
s 10291 17 9
s 10292 5 3
s 10293 14 6
s 10294 54 24
s 10295 17 6
s 10296 4 3
s 10297 2 1
s 10298 1 0
s 10299 15 8
s 10300 36 12
s 10301 3 1
s 10302 9 3
s 10303 8 4
s 10304 6 3
s 10305 4 2
s 10306 1 1
s 10307 20 10
s 10308 8 1
s 10309 24 13
s 10310 14 7
s 10311 28 17
s 10312 5 3
s 10313 6 1
s 10314 30 18
s 10315 10 4
s 10316 18 11
s 10317 8 4
s 10318 10 6
s 10319 2 1
s 10320 9 6
s 10321 3 3
s 10322 3 0
s 10323 9 4
s 10324 15 4
s 10325 24 13
s 10326 42 21
s 10327 20 13
s 10328 9 5
s 10329 1 1
s 10330 14 4
s 10331 13 7
s 10332 5 2
s 10333 21 14
s 10334 6 2
s 10335 3 1
s 10336 26 11
s 10337 29 13
s 10338 17 9
s 10339 6 2
s 10340 30 11
s 10341 12 6
s 10342 6 4
s 10343 3 1
s 10344 14 8
s 10345 10 4
s 10346 36 15
s 10347 27 13
s 10348 26 14
s 10349 7 5
s 10350 19 10
s 10351 7 4
s 10352 12 4
s 10353 9 5
s 10354 11 2
s 10359 13 5
s 10360 27 12
s 10361 16 10
s 10363 33 16
s 10366 16 7
s 10368 44 22
s 10369 23 13
s 10371 13 4
s 10375 42 30
s 10376 15 8
s 10377 12 7
s 10378 9 5
s 10385 16 7
s 10395 11 4
s 10538 15 11
s 10539 31 16
s 10540 2 1
s 10541 11 6
s 10542 5 1
s 10543 43 27
s 10544 5 3
s 10545 45 22
s 10546 23 12
s 10547 52 19
s 10548 20 9
s 10549 26 9
s 10550 1 0
s 10551 57 27
s 10552 11 4
s 10553 4 2
s 10554 15 6
s 10555 10 4
s 10556 108 44
s 10557 2 1
s 10558 33 19
s 10559 11 4
s 10560 91 48
s 10561 12 6
s 10562 1 1
s 10563 3 0
s 10564 45 22
s 10565 64 27
s 10566 2 1
s 10567 101 43
s 10568 6 0
s 10569 5 3
s 10570 253 119
s 10571 71 31
s 10572 68 38
s 10573 11 3
s 10574 19 7
s 10575 32 21
s 10576 2 1
s 10577 2 0
s 10578 3 1
s 10579 41 21
s 10580 74 30
s 10581 176 79
s 10582 226 115
s 10583 95 40
s 10584 35 23
s 10586 45 26
s 10587 14 7
s 10588 13 9
s 10589 9 5
s 10590 2 2
s 10591 2 1
s 10592 114 61
s 10593 53 20
s 10594 78 28
s 10595 16 6
s 10596 75 34
s 10597 112 44
s 10598 18 5
s 10599 10 7
s 10600 24 7
s 10601 70 35
s 10602 96 42
s 10603 66 17
s 10604 158 78
s 10605 1 1
s 10606 103 57
s 10607 29 12
s 10608 83 42
s 10609 17 6
s 10610 6 3
s 10615 101 46
s 10616 45 19
s 10617 84 32
s 10619 178 80
s 10622 40 17
s 10624 289 120
s 10625 38 16
s 10627 86 41
s 10631 148 77
s 10632 22 11
s 10633 29 16
s 10634 3 0
s 10641 7 2
s 10651 32 22
s 10795 37 17
s 10796 5 3
s 10797 13 5
s 10798 9 5
s 10799 47 20
s 10800 32 15
s 10801 52 25
s 10802 24 8
s 10803 34 11
s 10804 9 7
s 10805 34 17
s 10806 47 26
s 10807 29 11
s 10808 14 6
s 10809 8 5
s 10810 20 11
s 10811 6 2
s 10812 68 30
s 10813 4 2
s 10814 36 23
s 10815 9 7
s 10816 71 38
s 10817 5 2
s 10818 4 3
s 10819 29 16
s 10820 41 11
s 10821 30 14
s 10822 24 6
s 10823 88 42
s 10824 9 2
s 10825 6 5
s 10826 128 63
s 10827 50 21
s 10828 82 40
s 10829 12 9
s 10830 26 15
s 10831 26 11
s 10832 8 2
s 10833 13 4
s 10834 8 4
s 10835 32 18
s 10836 69 34
s 10837 135 57
s 10838 187 101
s 10839 106 53
s 10840 33 15
s 10841 1 0
s 10842 45 26
s 10843 14 5
s 10844 11 4
s 10845 24 13
s 10846 8 3
s 10847 8 4
s 10848 47 20
s 10849 44 24
s 10850 38 23
s 10851 22 11
s 10852 71 33
s 10853 83 38
s 10854 17 6
s 10855 4 1
s 10856 30 15
s 10857 63 29
s 10858 80 35
s 10859 45 20
s 10860 75 37
s 10861 9 4
s 10862 55 31
s 10863 43 19
s 10864 59 32
s 10865 15 11
s 10866 10 6
s 10871 90 44
s 10872 55 30
s 10873 97 51
s 10875 154 76
s 10878 31 17
s 10880 165 71
s 10881 32 17
s 10883 56 21
s 10887 109 54
s 10888 20 12
s 10889 16 8
s 10890 16 6
s 10897 13 10
s 10907 14 8
s 11052 27 11
s 11053 10 4
s 11054 34 9
s 11055 22 7
s 11056 90 50
s 11057 48 22
s 11058 21 10
s 11059 73 31
s 11060 8 2
s 11061 58 25
s 11062 185 91
s 11063 46 29
s 11064 25 16
s 11065 12 6
s 11066 12 4
s 11067 8 3
s 11068 80 35
s 11069 5 3
s 11070 50 32
s 11071 16 9
s 11072 82 40
s 11073 12 7
s 11074 1 1
s 11075 64 30
s 11076 22 5
s 11077 47 29
s 11078 80 42
s 11079 171 91
s 11080 18 7
s 11081 6 2
s 11082 37 19
s 11083 59 22
s 11084 34 22
s 11085 7 5
s 11086 23 10
s 11087 44 15
s 11088 29 12
s 11089 19 9
s 11090 8 4
s 11091 59 37
s 11092 81 39
s 11093 158 69
s 11094 191 95
s 11095 111 55
s 11096 41 24
s 11097 7 4
s 11098 22 10
s 11099 21 13
s 11100 7 2
s 11101 51 26
s 11102 18 7
s 11103 15 5
s 11104 80 48
s 11105 37 18
s 11106 40 18
s 11107 12 4
s 11108 142 65
s 11109 71 35
s 11110 12 5
s 11111 2 2
s 11112 27 12
s 11113 50 30
s 11114 48 35
s 11115 63 31
s 11116 105 36
s 11117 58 33
s 11118 44 13
s 11119 38 19
s 11120 71 38
s 11121 8 3
s 11122 8 5
s 11127 102 45
s 11128 39 17
s 11129 67 28
s 11131 140 68
s 11134 23 10
s 11136 134 60
s 11137 41 16
s 11139 79 40
s 11143 106 48
s 11144 23 14
s 11145 20 10
s 11146 18 8
s 11153 29 15
s 11163 17 8
s 11309 14 7
s 11310 2 1
s 11311 31 21
s 11312 3 1
s 11313 37 24
s 11314 20 10
s 11315 26 17
s 11316 8 5
s 11317 11 3
s 11318 3 1
s 11319 33 19
s 11320 1 0
s 11321 9 5
s 11322 9 5
s 11323 14 3
s 11324 80 38
s 11325 5 5
s 11326 22 13
s 11327 10 6
s 11328 44 20
s 11329 6 5
s 11330 1 0
s 11331 2 0
s 11332 21 8
s 11333 37 18
s 11334 3 2
s 11335 74 38
s 11336 2 1
s 11337 10 0
s 11338 103 52
s 11339 45 23
s 11340 45 20
s 11341 7 3
s 11342 22 12
s 11343 21 12
s 11344 2 1
s 11345 5 2
s 11346 9 4
s 11347 22 12
s 11348 49 22
s 11349 101 54
s 11350 130 77
s 11351 81 41
s 11352 25 14
s 11354 32 21
s 11355 9 2
s 11356 8 5
s 11357 7 7
s 11360 76 43
s 11361 82 34
s 11362 37 17
s 11363 18 7
s 11364 53 24
s 11365 48 26
s 11366 12 5
s 11367 3 1
s 11368 37 13
s 11369 43 19
s 11370 73 36
s 11371 40 20
s 11372 93 42
s 11373 1 0
s 11374 53 31
s 11375 38 15
s 11376 53 26
s 11377 14 6
s 11378 3 1
s 11383 53 25
s 11384 43 23
s 11385 79 31
s 11387 111 53
s 11390 30 15
s 11392 131 60
s 11393 40 25
s 11395 44 25
s 11399 78 32
s 11400 16 5
s 11401 21 9
s 11402 2 1
s 11409 6 1
s 11419 16 9
s 11566 17 7
s 11567 12 5
s 11568 41 20
s 11569 23 11
s 11570 5 3
s 11571 16 11
s 11572 12 9
s 11573 19 10
s 11574 54 25
s 11575 17 6
s 11576 8 3
s 11577 4 2
s 11578 1 0
s 11579 4 1
s 11580 41 20
s 11581 3 2
s 11582 9 8
s 11583 5 1
s 11584 44 31
s 11585 2 0
s 11586 2 1
s 11587 20 10
s 11588 2 0
s 11589 24 14
s 11590 21 12
s 11591 28 19
s 11592 2 0
s 11593 9 4
s 11594 45 21
s 11595 12 6
s 11596 22 15
s 11597 8 5
s 11598 7 6
s 11599 5 3
s 11600 13 7
s 11601 6 2
s 11602 4 2
s 11603 16 10
s 11604 20 7
s 11605 34 21
s 11606 37 18
s 11607 15 8
s 11608 18 10
s 11609 1 0
s 11610 13 8
s 11611 8 7
s 11612 4 2
s 11613 30 16
s 11614 4 1
s 11615 4 3
s 11616 42 20
s 11617 22 8
s 11618 13 7
s 11619 9 3
s 11620 30 18
s 11621 17 10
s 11622 2 1
s 11623 1 1
s 11624 11 8
s 11625 21 12
s 11626 36 27
s 11627 20 11
s 11628 35 16
s 11629 19 11
s 11630 8 4
s 11631 5 3
s 11632 10 3
s 11633 7 3
s 11634 10 4
s 11639 17 6
s 11640 16 10
s 11641 13 5
s 11643 41 20
s 11646 19 10
s 11648 39 19
s 11649 17 6
s 11651 9 1
s 11655 43 27
s 11656 7 6
s 11657 9 4
s 11658 11 5
s 11665 18 12
s 11675 10 4
s 11823 29 16
s 11824 16 5
s 11825 70 35
s 11826 24 11
s 11827 73 36
s 11828 12 8
s 11829 34 16
s 11830 19 11
s 11831 87 41
s 11832 6 2
s 11833 7 2
s 11834 19 6
s 11835 15 6
s 11836 125 62
s 11837 7 2
s 11838 72 43
s 11839 7 5
s 11840 76 36
s 11841 12 7
s 11842 6 3
s 11843 7 1
s 11844 26 11
s 11845 65 29
s 11846 12 6
s 11847 103 49
s 11848 5 3
s 11849 5 2
s 11850 120 48
s 11851 67 25
s 11852 61 27
s 11853 18 10
s 11854 24 12
s 11855 41 20
s 11856 8 1
s 11857 7 2
s 11858 7 3
s 11859 60 31
s 11860 115 59
s 11861 185 88
s 11862 243 126
s 11863 106 56
s 11864 35 20
s 11865 4 2
s 11866 86 52
s 11867 37 15
s 11868 11 6
s 11869 17 8
s 11871 6 4
s 11872 104 44
s 11873 52 25
s 11874 59 27
s 11875 19 10
s 11876 154 70
s 11877 62 28
s 11878 11 7
s 11879 7 2
s 11880 37 11
s 11881 97 42
s 11882 107 55
s 11883 95 50
s 11884 176 79
s 11885 8 4
s 11886 65 34
s 11887 42 23
s 11888 115 62
s 11889 13 5
s 11890 11 2
s 11895 107 59
s 11896 70 35
s 11897 64 28
s 11899 210 95
s 11902 59 27
s 11904 186 82
s 11905 68 31
s 11907 83 33
s 11911 168 77
s 11912 32 16
s 11913 21 8
s 11914 4 3
s 11921 13 2
s 11931 39 21
s 12080 118 60
s 12081 57 31
s 12082 30 15
s 12083 85 41
s 12084 8 4
s 12085 61 27
s 12086 212 92
s 12087 73 40
s 12088 39 18
s 12089 9 7
s 12090 12 6
s 12091 9 6
s 12092 103 48
s 12093 3 1
s 12094 93 52
s 12095 24 10
s 12096 117 57
s 12097 13 7
s 12098 2 1
s 12099 86 43
s 12100 36 20
s 12101 92 48
s 12102 76 41
s 12103 174 81
s 12104 16 8
s 12105 13 9
s 12106 43 23
s 12107 88 38
s 12108 16 8
s 12109 16 11
s 12110 38 21
s 12111 42 15
s 12112 50 26
s 12113 17 10
s 12114 1 0
s 12115 82 40
s 12116 120 44
s 12117 229 121
s 12118 219 116
s 12119 129 65
s 12120 51 25
s 12121 8 5
s 12122 41 21
s 12123 41 28
s 12124 15 8
s 12125 52 27
s 12126 26 13
s 12127 10 6
s 12128 119 55
s 12129 59 17
s 12130 67 28
s 12131 26 10
s 12132 170 87
s 12133 85 39
s 12134 26 14
s 12135 9 3
s 12136 24 16
s 12137 81 38
s 12138 64 35
s 12139 83 46
s 12140 168 75
s 12141 66 32
s 12142 53 24
s 12143 40 19
s 12144 110 62
s 12145 13 5
s 12146 24 9
s 12151 142 76
s 12152 41 20
s 12153 92 46
s 12155 222 106
s 12158 24 14
s 12160 149 63
s 12161 55 31
s 12163 109 47
s 12167 147 65
s 12168 28 14
s 12169 28 15
s 12170 30 15
s 12177 49 20
s 12187 33 23
s 12337 169 104
s 12338 64 28
s 12339 173 90
s 12340 31 17
s 12341 57 25
s 12342 4 1
s 12343 230 126
s 12344 10 7
s 12345 32 16
s 12346 55 27
s 12347 40 14
s 12348 376 200
s 12349 18 11
s 12350 148 101
s 12351 22 16
s 12352 169 91
s 12353 36 24
s 12354 10 6
s 12355 1 1
s 12356 48 24
s 12357 232 118
s 12358 7 4
s 12359 329 171
s 12360 11 7
s 12361 22 12
s 12362 296 154
s 12363 153 73
s 12364 176 96
s 12365 50 27
s 12366 58 38
s 12367 150 71
s 12368 14 8
s 12369 16 7
s 12370 14 8
s 12371 218 126
s 12372 310 163
s 12373 560 293
s 12374 631 347
s 12375 252 133
s 12376 125 64
s 12377 3 0
s 12378 190 108
s 12379 110 56
s 12380 37 20
s 12381 58 38
s 12382 3 2
s 12383 1 0
s 12384 307 148
s 12385 135 63
s 12386 175 82
s 12387 53 20
s 12388 341 181
s 12389 191 89
s 12390 40 20
s 12391 21 13
s 12392 81 37
s 12393 211 108
s 12394 400 246
s 12395 237 128
s 12396 423 188
s 12398 164 79
s 12399 113 49
s 12400 269 140
s 12401 42 15
s 12402 28 17
s 12407 320 177
s 12408 209 110
s 12409 208 104
s 12411 539 275
s 12414 145 76
s 12416 490 239
s 12417 163 76
s 12419 268 132
s 12423 417 236
s 12424 62 33
s 12425 88 51
s 12426 6 3
s 12433 44 24
s 12443 109 60
s 12594 48 22
s 12595 101 51
s 12596 12 8
s 12597 112 59
s 12598 332 189
s 12599 159 100
s 12600 45 21
s 12601 16 9
s 12602 46 23
s 12603 12 7
s 12604 143 77
s 12605 14 7
s 12606 152 96
s 12607 30 14
s 12608 139 78
s 12609 18 11
s 12610 8 4
s 12611 110 61
s 12612 44 17
s 12613 144 81
s 12614 92 49
s 12615 170 101
s 12616 35 15
s 12617 22 8
s 12618 100 54
s 12619 89 34
s 12620 66 32
s 12621 23 10
s 12622 37 18
s 12623 68 38
s 12624 66 34
s 12625 12 7
s 12626 9 5
s 12627 93 52
s 12628 129 77
s 12629 295 162
s 12630 391 210
s 12631 214 116
s 12632 73 44
s 12633 12 7
s 12634 91 59
s 12635 67 41
s 12636 12 10
s 12637 95 52
s 12638 33 17
s 12639 23 12
s 12640 137 75
s 12641 51 22
s 12642 99 50
s 12643 18 10
s 12644 207 104
s 12645 146 65
s 12646 18 10
s 12647 8 6
s 12648 41 24
s 12649 175 102
s 12650 63 31
s 12651 74 33
s 12652 215 102
s 12653 107 55
s 12654 105 60
s 12655 91 50
s 12656 228 137
s 12657 20 8
s 12658 39 24
s 12663 276 147
s 12664 59 27
s 12665 157 83
s 12667 442 230
s 12670 32 16
s 12672 238 117
s 12673 44 25
s 12675 198 123
s 12679 247 145
s 12680 42 25
s 12681 45 27
s 12682 43 23
s 12689 71 33
s 12699 73 46
s 12851 25 10
s 12852 14 6
s 12853 52 27
s 12854 149 72
s 12855 43 25
s 12856 17 8
s 12857 2 0
s 12858 7 5
s 12859 16 9
s 12860 88 48
s 12861 12 9
s 12862 39 22
s 12863 9 5
s 12864 20 10
s 12865 12 4
s 12867 69 31
s 12868 11 4
s 12869 45 24
s 12870 56 29
s 12871 50 22
s 12872 6 3
s 12873 12 4
s 12874 102 51
s 12875 19 9
s 12876 50 27
s 12877 12 9
s 12878 24 12
s 12879 14 7
s 12880 33 12
s 12881 11 3
s 12882 8 4
s 12883 12 4
s 12884 31 9
s 12885 63 25
s 12886 115 64
s 12887 22 7
s 12888 15 8
s 12889 7 5
s 12890 51 33
s 12891 21 11
s 12892 16 7
s 12893 41 20
s 12894 17 6
s 12895 9 6
s 12896 84 35
s 12897 57 26
s 12898 48 17
s 12899 24 6
s 12900 41 17
s 12901 44 17
s 12902 5 3
s 12903 6 3
s 12904 30 20
s 12905 52 20
s 12906 101 42
s 12907 62 32
s 12908 90 38
s 12909 55 27
s 12910 30 16
s 12911 9 6
s 12912 19 8
s 12913 19 7
s 12914 17 8
s 12919 54 33
s 12920 75 32
s 12921 29 16
s 12923 112 58
s 12926 31 18
s 12928 92 40
s 12929 21 11
s 12931 28 11
s 12935 109 54
s 12936 25 14
s 12937 30 12
s 12938 18 4
s 12945 27 12
s 12955 22 14
s 13108 17 7
s 13109 131 63
s 13110 262 133
s 13111 236 135
s 13112 51 26
s 13113 15 8
s 13114 19 8
s 13115 26 9
s 13116 148 77
s 13117 5 3
s 13118 26 17
s 13119 27 11
s 13120 53 22
s 13121 15 8
s 13122 1 1
s 13123 93 51
s 13124 26 13
s 13125 112 53
s 13126 67 28
s 13127 44 17
s 13128 28 13
s 13129 12 6
s 13130 190 98
s 13131 59 28
s 13132 94 50
s 13133 31 19
s 13134 38 23
s 13135 47 21
s 13136 63 28
s 13137 9 4
s 13138 13 5
s 13139 22 12
s 13140 39 17
s 13141 127 53
s 13142 307 174
s 13143 82 43
s 13144 23 15
s 13145 11 7
s 13146 116 65
s 13147 60 39
s 13148 19 7
s 13149 70 41
s 13150 33 15
s 13151 11 7
s 13152 178 80
s 13153 46 22
s 13154 127 67
s 13155 22 12
s 13156 37 25
s 13157 82 45
s 13158 12 7
s 13159 5 3
s 13160 42 19
s 13161 78 42
s 13162 222 108
s 13163 148 78
s 13164 283 124
s 13165 107 59
s 13166 89 58
s 13167 33 17
s 13168 97 57
s 13169 19 11
s 13170 35 17
s 13175 157 76
s 13176 143 69
s 13177 58 27
s 13179 224 98
s 13182 92 46
s 13184 244 111
s 13185 78 34
s 13187 104 64
s 13191 246 130
s 13192 28 17
s 13193 49 29
s 13194 51 22
s 13201 81 44
s 13211 68 38
s 13365 32 15
s 13366 97 39
s 13367 33 20
s 13368 6 4
s 13369 5 2
s 13370 6 3
s 13371 2 1
s 13372 52 25
s 13373 3 1
s 13374 23 12
s 13375 5 5
s 13376 36 21
s 13377 5 2
s 13378 2 0
s 13379 34 20
s 13380 14 6
s 13381 33 14
s 13382 30 16
s 13383 62 30
s 13384 13 10
s 13385 9 4
s 13386 15 8
s 13387 23 10
s 13388 7 4
s 13389 11 3
s 13390 7 4
s 13391 21 11
s 13392 15 8
s 13393 3 1
s 13394 1 0
s 13395 33 20
s 13396 32 15
s 13397 89 44
s 13398 83 37
s 13399 39 23
s 13400 12 7
s 13401 1 0
s 13402 15 9
s 13403 73 41
s 13404 6 3
s 13405 21 12
s 13406 9 3
s 13407 8 5
s 13408 61 28
s 13409 27 15
s 13410 23 6
s 13411 12 10
s 13412 52 24
s 13413 30 16
s 13414 12 6
s 13415 2 1
s 13416 14 9
s 13417 19 7
s 13418 6 5
s 13419 12 5
s 13420 70 26
s 13421 21 9
s 13422 22 13
s 13423 12 7
s 13424 38 18
s 13425 7 3
s 13426 4 0
s 13431 54 31
s 13432 9 2
s 13433 30 11
s 13435 81 35
s 13438 3 1
s 13440 61 29
s 13441 29 14
s 13443 42 23
s 13447 71 39
s 13448 16 8
s 13449 8 5
s 13450 13 6
s 13457 10 7
s 13467 22 12
s 13622 118 47
s 13623 118 55
s 13624 18 5
s 13625 12 3
s 13626 33 14
s 13627 30 11
s 13628 158 70
s 13629 16 8
s 13630 147 81
s 13631 25 9
s 13632 118 53
s 13633 17 10
s 13634 8 6
s 13635 47 20
s 13636 28 16
s 13637 137 63
s 13638 48 24
s 13639 219 106
s 13640 12 7
s 13641 11 4
s 13642 150 77
s 13643 88 35
s 13644 63 32
s 13645 30 19
s 13646 41 23
s 13647 61 34
s 13648 30 11
s 13649 10 4
s 13650 10 8
s 13651 108 56
s 13652 170 75
s 13653 261 116
s 13654 281 141
s 13655 123 60
s 13656 50 29
s 13657 7 3
s 13658 79 40
s 13659 46 20
s 13660 12 2
s 13661 53 33
s 13662 6 2
s 13663 7 2
s 13664 174 82
s 13665 67 28
s 13666 106 41
s 13667 21 8
s 13668 255 129
s 13669 98 47
s 13670 19 10
s 13671 8 2
s 13672 37 9
s 13673 120 65
s 13674 204 101
s 13675 118 58
s 13676 293 137
s 13677 33 17
s 13678 76 38
s 13679 37 13
s 13680 175 87
s 13681 23 10
s 13682 37 19
s 13687 218 101
s 13688 116 60
s 13689 85 39
s 13691 304 129
s 13694 53 26
s 13696 222 107
s 13697 70 33
s 13699 144 78
s 13703 208 99
s 13704 42 20
s 13705 42 29
s 13706 24 14
s 13713 43 18
s 13723 76 43
s 13879 471 283
s 13880 24 10
s 13881 42 24
s 13882 86 46
s 13883 77 35
s 13884 660 337
s 13885 32 16
s 13886 331 200
s 13887 50 31
s 13888 396 206
s 13889 58 32
s 13890 20 10
s 13891 4 2
s 13892 145 77
s 13893 449 213
s 13894 13 5
s 13895 680 369
s 13896 38 17
s 13897 33 13
s 13898 651 384
s 13899 324 152
s 13900 383 215
s 13901 86 63
s 13902 136 72
s 13903 246 117
s 13904 17 4
s 13905 29 17
s 13906 19 11
s 13907 234 135
s 13908 343 186
s 13909 887 453
s 13910 1051 578
s 13911 593 307
s 13912 180 105
s 13913 1 0
s 13914 287 176
s 13915 116 60
s 13916 58 35
s 13917 97 55
s 13918 2 2
s 13919 1 1
s 13920 563 267
s 13921 280 145
s 13922 376 188
s 13923 88 44
s 13924 475 260
s 13925 360 169
s 13926 69 25
s 13927 27 15
s 13928 198 93
s 13929 412 228
s 13930 587 287
s 13931 407 216
s 13932 713 355
s 13933 3 2
s 13934 311 174
s 13935 211 114
s 13936 629 347
s 13937 88 41
s 13938 47 22
s 13943 677 338
s 13944 444 234
s 13945 532 279
s 13947 984 487
s 13950 290 148
s 13952 934 477
s 13953 252 126
s 13955 511 275
s 13959 756 390
s 13960 103 46
s 13961 169 96
s 13962 16 8
s 13969 72 34
s 13979 133 71
s 14136 55 32
s 14137 14 7
s 14138 34 11
s 14139 39 19
s 14140 16 9
s 14141 15 9
s 14142 482 307
s 14143 30 13
s 14144 152 75
s 14145 14 6
s 14146 6 3
s 14147 118 66
s 14148 41 27
s 14149 22 8
s 14150 130 75
s 14151 646 350
s 14152 35 12
s 14153 30 15
s 14154 232 145
s 14155 107 53
s 14156 143 86
s 14157 6 1
s 14158 3 0
s 14159 78 37
s 14160 95 50
s 14161 15 8
s 14162 13 7
s 14163 137 81
s 14164 134 79
s 14165 276 148
s 14166 311 162
s 14167 233 124
s 14168 137 83
s 14169 17 9
s 14170 116 66
s 14171 60 36
s 14172 6 3
s 14173 123 81
s 14174 49 20
s 14175 25 15
s 14176 12 7
s 14177 29 17
s 14178 30 13
s 14179 8 3
s 14180 328 176
s 14181 93 47
s 14182 25 10
s 14183 12 9
s 14184 8 3
s 14185 136 65
s 14186 325 179
s 14187 254 145
s 14188 12 7
s 14189 160 83
s 14190 101 51
s 14191 69 38
s 14192 247 140
s 14193 29 12
s 14194 43 24
s 14199 212 104
s 14200 149 83
s 14201 130 77
s 14203 357 184
s 14206 98 50
s 14208 270 145
s 14209 7 1
s 14211 186 91
s 14215 26 15
s 14216 57 31
s 14217 35 18
s 14218 43 21
s 14225 113 57
s 14235 25 18
s 14393 10 5
s 14394 11 7
s 14395 4 3
s 14396 87 45
s 14397 2 2
s 14398 46 21
s 14399 5 2
s 14400 56 23
s 14401 16 5
s 14402 2 1
s 14403 12 7
s 14404 20 9
s 14405 61 30
s 14406 7 4
s 14407 112 53
s 14408 8 5
s 14409 6 4
s 14410 81 42
s 14411 46 19
s 14412 42 18
s 14413 15 6
s 14414 22 9
s 14415 29 13
s 14416 4 2
s 14417 8 3
s 14418 4 1
s 14419 59 33
s 14420 80 40
s 14421 151 79
s 14422 161 82
s 14423 50 24
s 14424 35 16
s 14425 2 1
s 14426 38 15
s 14427 18 7
s 14428 11 5
s 14429 21 10
s 14430 4 2
s 14431 3 1
s 14432 113 59
s 14433 27 12
s 14434 30 10
s 14435 19 10
s 14436 129 68
s 14437 36 17
s 14438 9 6
s 14439 5 4
s 14440 35 21
s 14441 80 39
s 14442 106 57
s 14443 85 38
s 14444 135 56
s 14445 6 1
s 14446 59 34
s 14447 32 13
s 14448 80 43
s 14449 10 2
s 14450 12 6
s 14455 86 42
s 14456 70 38
s 14457 57 29
s 14459 153 65
s 14462 39 16
s 14464 111 60
s 14465 32 12
s 14467 69 30
s 14471 116 59
s 14472 21 10
s 14473 21 10
s 14474 7 4
s 14481 13 4
s 14491 34 19
s 14650 2 1
s 14651 6 2
s 14652 22 11
s 14653 2 0
s 14654 6 2
s 14655 4 3
s 14656 9 5
s 14657 3 1
s 14658 2 0
s 14659 21 12
s 14660 8 3
s 14661 14 7
s 14662 14 5
s 14663 23 14
s 14664 4 2
s 14665 4 2
s 14666 34 20
s 14667 12 5
s 14668 21 15
s 14669 1 0
s 14670 7 4
s 14671 3 2
s 14672 8 2
s 14673 3 2
s 14674 6 4
s 14675 3 3
s 14676 17 7
s 14677 17 9
s 14678 56 29
s 14679 17 13
s 14680 7 4
s 14681 3 0
s 14682 10 5
s 14683 11 5
s 14684 2 0
s 14685 10 6
s 14686 11 6
s 14687 2 0
s 14688 21 8
s 14689 11 6
s 14690 6 3
s 14691 3 0
s 14692 19 9
s 14693 11 7
s 14694 3 1
s 14695 1 1
s 14696 11 6
s 14697 16 11
s 14698 26 14
s 14699 27 15
s 14700 18 9
s 14701 12 5
s 14702 9 0
s 14703 10 5
s 14704 9 6
s 14705 5 4
s 14706 7 1
s 14711 20 10
s 14712 14 8
s 14713 14 8
s 14715 32 18
s 14718 14 8
s 14720 40 19
s 14721 6 3
s 14723 17 7
s 14727 28 16
s 14728 5 3
s 14729 8 6
s 14730 8 7
s 14737 3 2
s 14747 4 2
s 14907 8 3
s 14908 40 19
s 14909 5 3
s 14910 32 21
s 14911 5 3
s 14912 17 11
s 14913 7 6
s 14914 2 2
s 14915 31 18
s 14916 4 2
s 14917 54 34
s 14918 25 11
s 14919 38 21
s 14920 7 4
s 14921 14 9
s 14922 67 33
s 14923 15 7
s 14924 35 19
s 14925 15 5
s 14926 10 6
s 14927 6 1
s 14928 18 12
s 14929 4 2
s 14930 4 2
s 14931 18 9
s 14932 17 12
s 14933 47 23
s 14934 70 38
s 14935 29 18
s 14936 12 7
s 14937 5 4
s 14938 30 14
s 14939 12 8
s 14940 6 3
s 14941 28 19
s 14942 4 1
s 14943 9 4
s 14944 60 22
s 14945 27 16
s 14946 28 11
s 14947 11 4
s 14948 39 19
s 14949 29 13
s 14950 3 1
s 14951 1 1
s 14952 16 9
s 14953 23 8
s 14954 77 38
s 14955 52 28
s 14956 73 33
s 14957 29 13
s 14958 15 8
s 14959 5 1
s 14960 20 9
s 14961 6 2
s 14962 14 8
s 14967 58 33
s 14968 57 25
s 14969 20 10
s 14971 62 29
s 14974 23 10
s 14976 54 32
s 14977 24 9
s 14979 25 9
s 14983 69 38
s 14984 13 8
s 14985 26 17
s 14986 11 7
s 14993 29 12
s 15003 26 15
s 15164 51 22
s 15165 4 2
s 15166 30 19
s 15167 11 5
s 15168 28 16
s 15169 6 3
s 15170 6 3
s 15171 24 7
s 15172 14 7
s 15173 40 18
s 15174 25 12
s 15175 67 35
s 15176 7 2
s 15177 9 3
s 15178 16 8
s 15179 35 14
s 15180 7 3
s 15181 3 3
s 15182 8 2
s 15183 30 12
s 15184 21 8
s 15185 5 2
s 15186 3 1
s 15187 27 12
s 15188 43 22
s 15189 83 33
s 15190 87 31
s 15191 45 13
s 15192 12 6
s 15193 5 4
s 15194 11 5
s 15195 21 8
s 15196 5 4
s 15197 27 16
s 15198 8 2
s 15199 3 1
s 15200 50 23
s 15201 21 13
s 15202 29 13
s 15203 9 2
s 15204 76 42
s 15205 37 16
s 15206 8 4
s 15207 1 1
s 15208 17 5
s 15209 38 21
s 15210 11 7
s 15211 20 11
s 15212 69 29
s 15213 23 10
s 15214 23 10
s 15215 33 20
s 15216 46 25
s 15217 4 1
s 15218 9 1
s 15223 52 27
s 15224 16 5
s 15225 35 18
s 15227 77 25
s 15230 6 4
s 15232 46 23
s 15233 24 8
s 15235 35 12
s 15239 74 39
s 15240 7 5
s 15241 19 15
s 15242 8 2
s 15249 15 10
s 15259 15 6
s 15421 20 10
s 15422 161 104
s 15423 57 28
s 15424 229 116
s 15425 31 19
s 15426 9 5
s 15427 252 126
s 15428 61 24
s 15429 41 18
s 15430 220 107
s 15431 330 177
s 15432 48 19
s 15433 33 15
s 15434 371 192
s 15435 235 115
s 15436 220 123
s 15437 10 5
s 15438 19 7
s 15439 141 67
s 15440 114 60
s 15441 20 10
s 15442 26 14
s 15443 185 98
s 15444 228 109
s 15445 536 286
s 15446 672 364
s 15447 369 190
s 15448 96 51
s 15449 16 8
s 15450 199 112
s 15451 165 90
s 15452 23 9
s 15453 161 86
s 15454 89 42
s 15455 37 21
s 15456 23 10
s 15457 74 36
s 15458 57 29
s 15459 14 9
s 15460 389 197
s 15461 206 75
s 15462 38 13
s 15463 15 9
s 15464 10 6
s 15465 243 127
s 15466 392 192
s 15467 224 118
s 15468 28 10
s 15469 158 69
s 15470 40 19
s 15471 141 68
s 15472 313 161
s 15473 64 34
s 15474 59 29
s 15479 406 211
s 15480 182 93
s 15481 329 167
s 15483 652 309
s 15486 139 81
s 15488 532 277
s 15489 7 4
s 15491 297 146
s 15495 15 8
s 15496 74 46
s 15497 36 20
s 15498 73 35
s 15505 139 56
s 15515 45 24
s 15678 13 7
s 15679 6 1
s 15680 12 4
s 15681 2 1
s 15682 1 0
s 15683 6 2
s 15684 10 4
s 15685 11 7
s 15686 15 9
s 15687 23 10
s 15688 3 0
s 15689 1 0
s 15690 17 8
s 15691 13 4
s 15692 3 3
s 15693 4 3
s 15694 4 1
s 15695 9 4
s 15696 5 4
s 15698 4 1
s 15699 16 7
s 15700 15 8
s 15701 40 24
s 15702 31 19
s 15703 18 9
s 15704 9 5
s 15705 2 0
s 15706 10 5
s 15707 11 6
s 15708 6 4
s 15709 10 5
s 15710 4 1
s 15712 19 6
s 15713 14 9
s 15714 4 2
s 15715 5 2
s 15716 19 8
s 15717 21 10
s 15718 2 0
s 15719 2 1
s 15720 6 3
s 15721 19 10
s 15722 16 13
s 15723 8 2
s 15724 14 4
s 15725 13 8
s 15726 17 8
s 15727 5 1
s 15728 27 14
s 15729 6 2
s 15730 4 2
s 15735 31 15
s 15736 8 4
s 15737 17 10
s 15739 46 24
s 15742 3 3
s 15744 23 14
s 15745 9 4
s 15747 16 7
s 15751 27 12
s 15752 10 5
s 15753 1 0
s 15754 5 2
s 15761 6 4
s 15771 5 4
s 15935 15 6
s 15936 96 61
s 15937 31 22
s 15938 7 5
s 15939 115 63
s 15940 28 18
s 15941 129 86
s 15942 87 49
s 15943 37 19
s 15944 23 12
s 15945 13 5
s 15946 201 125
s 15947 43 28
s 15948 123 72
s 15949 30 22
s 15950 41 25
s 15951 46 26
s 15952 77 48
s 15953 18 13
s 15954 8 4
s 15955 63 48
s 15956 73 45
s 15957 153 88
s 15958 100 63
s 15959 152 95
s 15960 12 9
s 15961 11 8
s 15962 83 51
s 15963 73 50
s 15964 14 8
s 15965 106 67
s 15966 29 16
s 15967 27 21
s 15968 199 118
s 15969 51 26
s 15970 111 58
s 15971 26 10
s 15972 87 51
s 15973 57 33
s 15974 12 4
s 15975 4 2
s 15976 28 17
s 15977 82 55
s 15978 267 160
s 15979 113 73
s 15980 228 124
s 15981 103 63
s 15982 62 42
s 15983 66 41
s 15984 199 128
s 15985 26 15
s 15986 31 15
s 15991 94 47
s 15992 143 80
s 15993 63 38
s 15995 152 95
s 15998 81 50
s 16000 170 99
s 16001 47 31
s 16003 116 73
s 16007 216 141
s 16008 24 12
s 16009 46 30
s 16010 26 16
s 16017 80 42
s 16027 48 30
s 16192 22 8
s 16193 6 3
s 16194 1 0
s 16195 12 8
s 16196 17 6
s 16197 35 23
s 16198 14 6
s 16199 39 21
s 16200 12 8
s 16201 5 2
s 16202 65 24
s 16203 32 13
s 16204 30 18
s 16205 11 7
s 16206 13 3
s 16207 16 6
s 16208 9 5
s 16209 3 3
s 16211 26 12
s 16212 38 17
s 16213 79 33
s 16214 82 38
s 16215 51 32
s 16216 20 9
s 16217 3 2
s 16218 20 10
s 16219 19 12
s 16220 8 6
s 16221 19 7
s 16222 11 5
s 16223 6 3
s 16224 53 23
s 16225 28 16
s 16226 40 18
s 16227 18 6
s 16228 64 32
s 16229 21 10
s 16230 8 7
s 16231 4 3
s 16232 20 10
s 16233 27 15
s 16234 65 36
s 16235 50 22
s 16236 74 36
s 16237 12 7
s 16238 26 18
s 16239 12 6
s 16240 25 11
s 16241 9 3
s 16242 14 3
s 16247 49 27
s 16248 22 6
s 16249 42 21
s 16251 68 30
s 16254 24 11
s 16256 68 29
s 16257 29 16
s 16259 39 22
s 16263 67 38
s 16264 13 7
s 16265 8 6
s 16266 9 3
s 16273 16 7
s 16283 11 6
s 16449 26 13
s 16450 3 2
s 16451 113 58
s 16452 22 11
s 16453 142 74
s 16454 147 71
s 16455 177 82
s 16456 30 15
s 16457 39 19
s 16458 235 120
s 16459 51 23
s 16460 146 68
s 16461 43 30
s 16462 68 35
s 16463 52 30
s 16464 76 34
s 16465 19 7
s 16466 13 7
s 16467 43 19
s 16468 89 39
s 16469 192 93
s 16470 344 181
s 16471 73 31
s 16472 70 38
s 16473 13 4
s 16474 78 44
s 16475 41 22
s 16476 24 10
s 16477 131 69
s 16478 47 28
s 16479 13 9
s 16480 203 89
s 16481 106 50
s 16482 128 50
s 16483 42 17
s 16484 130 64
s 16485 84 43
s 16486 25 11
s 16487 5 4
s 16488 77 38
s 16489 72 36
s 16490 239 142
s 16491 157 81
s 16492 310 138
s 16493 133 65
s 16494 90 41
s 16495 37 18
s 16496 48 22
s 16497 32 18
s 16498 61 30
s 16503 142 73
s 16504 158 72
s 16505 47 21
s 16507 216 100
s 16510 98 49
s 16512 272 127
s 16513 125 51
s 16515 84 42
s 16519 273 147
s 16520 38 18
s 16521 51 23
s 16522 39 12
s 16529 82 38
s 16539 47 27
s 16706 2 1
s 16707 20 15
s 16708 8 3
s 16709 24 15
s 16710 16 9
s 16711 33 21
s 16712 9 5
s 16713 10 5
s 16714 26 20
s 16715 19 9
s 16716 7 2
s 16717 5 1
s 16718 6 3
s 16719 7 2
s 16720 23 13
s 16721 3 2
s 16722 2 2
s 16723 24 20
s 16724 30 17
s 16725 63 37
s 16726 82 55
s 16727 31 21
s 16728 18 7
s 16729 4 1
s 16730 17 13
s 16731 11 4
s 16732 3 2
s 16733 19 11
s 16734 5 1
s 16735 5 4
s 16736 32 12
s 16737 13 8
s 16738 20 12
s 16739 4 1
s 16740 60 32
s 16741 19 10
s 16742 5 3
s 16743 1 0
s 16744 8 4
s 16745 30 17
s 16746 21 8
s 16747 24 9
s 16748 36 17
s 16749 23 11
s 16750 15 11
s 16751 11 8
s 16752 36 19
s 16753 2 0
s 16754 6 5
s 16759 24 13
s 16760 25 11
s 16761 23 13
s 16763 46 18
s 16766 10 4
s 16768 42 22
s 16769 8 8
s 16771 31 17
s 16775 36 21
s 16776 15 5
s 16777 14 10
s 16778 7 3
s 16785 12 3
s 16795 21 12
s 16963 6 3
s 16964 5 1
s 16965 8 5
s 16967 6 1
s 16968 1 0
s 16969 1 0
s 16970 12 5
s 16971 5 2
s 16972 3 2
s 16973 4 4
s 16974 5 4
s 16975 9 3
s 16976 6 4
s 16977 1 1
s 16978 6 1
s 16979 4 0
s 16980 6 5
s 16981 7 1
s 16982 15 9
s 16983 13 4
s 16984 5 2
s 16986 6 3
s 16987 15 3
s 16988 2 0
s 16989 5 2
s 16990 3 0
s 16992 9 4
s 16993 8 4
s 16994 9 6
s 16995 2 0
s 16996 8 4
s 16997 6 2
s 16998 4 1
s 17000 5 2
s 17001 8 2
s 17002 12 5
s 17003 11 7
s 17004 18 11
s 17005 15 10
s 17006 3 0
s 17007 8 1
s 17008 6 4
s 17009 6 2
s 17010 3 0
s 17015 7 3
s 17016 3 0
s 17017 10 1
s 17019 9 5
s 17022 6 4
s 17024 15 9
s 17025 1 1
s 17027 8 2
s 17031 13 5
s 17032 4 1
s 17033 2 2
s 17034 2 1
s 17041 4 3
s 17051 7 4
s 17220 49 23
s 17221 143 82
s 17222 4 1
s 17223 238 133
s 17224 8 3
s 17225 7 3
s 17226 228 124
s 17227 135 63
s 17228 148 73
s 17229 28 9
s 17230 51 26
s 17231 73 34
s 17232 7 2
s 17233 15 5
s 17234 11 5
s 17235 94 55
s 17236 98 44
s 17237 360 188
s 17238 349 186
s 17239 212 112
s 17240 67 37
s 17241 1 0
s 17242 117 48
s 17243 49 29
s 17244 18 8
s 17245 27 14
s 17246 1 0
s 17247 3 1
s 17248 202 113
s 17249 108 48
s 17250 101 39
s 17251 43 23
s 17252 139 64
s 17253 138 76
s 17254 32 14
s 17255 17 6
s 17256 82 46
s 17257 133 58
s 17258 228 123
s 17259 158 82
s 17260 322 136
s 17261 1 0
s 17262 115 57
s 17263 89 42
s 17264 203 114
s 17265 41 22
s 17266 16 10
s 17271 222 102
s 17272 129 62
s 17273 198 89
s 17275 393 207
s 17278 98 54
s 17280 337 160
s 17281 106 43
s 17283 189 98
s 17287 328 182
s 17288 34 15
s 17289 65 40
s 17290 6 3
s 17297 22 9
s 17307 53 35
s 17477 44 23
s 17478 41 21
s 17479 72 34
s 17480 11 2
s 17481 12 8
s 17482 76 29
s 17483 21 9
s 17484 49 22
s 17485 4 2
s 17486 10 7
s 17487 12 6
s 17488 15 6
s 17489 17 9
s 17490 5 4
s 17491 12 4
s 17492 37 18
s 17493 50 22
s 17494 102 52
s 17495 31 14
s 17496 19 9
s 17497 6 2
s 17498 32 19
s 17499 19 9
s 17500 8 3
s 17501 30 13
s 17502 17 6
s 17503 6 2
s 17504 79 35
s 17505 55 24
s 17506 37 19
s 17507 15 4
s 17508 61 26
s 17509 16 7
s 17510 6 3
s 17511 1 1
s 17512 27 12
s 17513 30 11
s 17514 69 39
s 17515 45 22
s 17516 110 46
s 17517 30 13
s 17518 39 17
s 17519 11 4
s 17520 19 9
s 17521 13 10
s 17522 16 8
s 17527 42 21
s 17528 35 11
s 17529 27 10
s 17531 86 34
s 17534 24 11
s 17536 105 49
s 17537 54 22
s 17539 30 14
s 17543 98 42
s 17544 17 6
s 17545 28 13
s 17546 26 15
s 17553 26 8
s 17563 9 5
s 17734 132 63
s 17735 220 118
s 17736 25 13
s 17737 24 15
s 17738 255 130
s 17739 118 54
s 17740 139 71
s 17741 5 3
s 17742 18 13
s 17743 108 50
s 17744 99 46
s 17745 18 11
s 17746 22 6
s 17747 143 89
s 17748 176 83
s 17749 366 179
s 17750 511 271
s 17751 220 106
s 17752 83 53
s 17753 14 8
s 17754 142 82
s 17755 74 38
s 17756 8 4
s 17757 127 73
s 17758 42 18
s 17759 27 16
s 17760 39 17
s 17761 51 27
s 17762 39 21
s 17763 12 6
s 17764 231 112
s 17765 154 70
s 17766 18 6
s 17767 11 7
s 17768 10 5
s 17769 171 90
s 17770 346 180
s 17771 182 87
s 17772 36 15
s 17773 143 70
s 17774 114 59
s 17775 74 40
s 17776 278 155
s 17777 33 14
s 17778 51 19
s 17783 326 170
s 17784 171 88
s 17785 444 211
s 17787 499 235
s 17790 128 67
s 17792 346 145
s 17793 14 7
s 17795 221 106
s 17799 59 31
s 17800 55 29
s 17801 26 16
s 17802 63 35
s 17809 113 57
s 17819 45 21
s 17991 205 110
s 17992 13 8
s 17993 10 4
s 17994 246 115
s 17995 124 61
s 17996 129 74
s 17997 21 12
s 17998 57 21
s 17999 70 38
s 18000 10 3
s 18001 15 5
s 18002 9 2
s 18003 54 39
s 18004 136 65
s 18005 239 113
s 18006 375 179
s 18007 212 103
s 18008 74 39
s 18010 72 36
s 18011 40 19
s 18012 24 10
s 18013 14 6
s 18014 6 2
s 18015 1 0
s 18016 199 95
s 18017 129 53
s 18018 115 47
s 18019 31 15
s 18020 148 67
s 18021 150 66
s 18022 24 10
s 18023 7 3
s 18024 84 39
s 18025 123 63
s 18026 202 100
s 18027 128 63
s 18028 248 117
s 18029 5 3
s 18030 104 48
s 18031 81 31
s 18032 124 58
s 18033 38 19
s 18034 17 7
s 18039 179 88
s 18040 109 56
s 18041 200 95
s 18043 285 139
s 18046 81 39
s 18048 342 150
s 18049 114 48
s 18051 142 68
s 18055 270 118
s 18056 38 22
s 18057 60 42
s 18058 3 2
s 18065 21 5
s 18075 36 20
s 18248 46 21
s 18249 30 15
s 18250 365 200
s 18251 187 98
s 18252 215 117
s 18253 43 22
s 18254 67 35
s 18255 69 28
s 18256 115 69
s 18257 37 19
s 18258 32 16
s 18259 117 65
s 18260 163 79
s 18261 385 190
s 18262 331 184
s 18263 332 180
s 18264 42 18
s 18265 21 13
s 18266 158 103
s 18267 172 99
s 18268 41 17
s 18269 197 106
s 18270 71 32
s 18271 35 19
s 18272 246 116
s 18273 104 42
s 18274 206 97
s 18275 77 37
s 18276 144 69
s 18277 136 67
s 18278 42 17
s 18279 16 11
s 18280 101 53
s 18281 115 58
s 18282 335 158
s 18283 182 96
s 18284 347 182
s 18285 167 62
s 18286 163 86
s 18287 133 67
s 18288 238 138
s 18289 52 33
s 18290 87 49
s 18295 173 86
s 18296 191 89
s 18297 179 84
s 18299 233 113
s 18302 155 83
s 18304 449 218
s 18305 115 59
s 18307 165 82
s 18311 509 264
s 18312 58 28
s 18313 80 52
s 18314 99 51
s 18321 123 68
s 18331 56 33
s 18505 8 7
s 18506 43 20
s 18507 28 12
s 18508 27 13
s 18509 17 8
s 18510 14 7
s 18511 20 12
s 18512 6 0
s 18513 3 2
s 18514 3 2
s 18515 25 12
s 18516 43 16
s 18517 74 33
s 18518 91 45
s 18519 47 18
s 18520 16 9
s 18521 2 1
s 18522 27 11
s 18523 42 21
s 18524 5 4
s 18525 21 11
s 18526 3 0
s 18527 1 0
s 18528 45 26
s 18529 19 12
s 18530 25 12
s 18531 11 5
s 18532 65 26
s 18533 21 10
s 18534 8 2
s 18535 7 1
s 18536 20 12
s 18537 21 12
s 18538 66 33
s 18539 39 24
s 18540 72 31
s 18541 8 4
s 18542 20 10
s 18543 14 8
s 18544 31 19
s 18545 10 4
s 18546 4 3
s 18551 41 24
s 18552 33 17
s 18553 30 10
s 18555 56 21
s 18558 29 15
s 18560 90 38
s 18561 45 21
s 18563 32 19
s 18567 77 34
s 18568 12 6
s 18569 11 6
s 18570 2 1
s 18577 12 3
s 18587 15 9
s 18762 34 20
s 18763 27 10
s 18764 18 13
s 18765 6 5
s 18766 10 5
s 18767 15 6
s 18768 14 6
s 18769 1 0
s 18770 6 1
s 18771 10 5
s 18772 31 13
s 18773 61 29
s 18774 79 42
s 18775 31 15
s 18776 11 5
s 18777 2 1
s 18778 27 15
s 18779 16 8
s 18780 5 1
s 18781 16 9
s 18782 9 3
s 18783 2 1
s 18784 44 25
s 18785 19 8
s 18786 27 15
s 18787 20 10
s 18788 27 16
s 18789 31 18
s 18790 7 3
s 18791 2 1
s 18792 9 4
s 18793 37 20
s 18794 50 30
s 18795 22 10
s 18796 58 27
s 18797 3 1
s 18798 22 12
s 18799 13 6
s 18800 35 16
s 18801 9 3
s 18802 7 4
s 18807 50 26
s 18808 23 14
s 18809 33 20
s 18811 61 29
s 18814 17 13
s 18816 41 18
s 18817 27 14
s 18819 32 12
s 18823 44 18
s 18824 14 5
s 18825 24 12
s 18826 3 2
s 18833 7 3
s 18843 9 3
s 19019 182 83
s 19020 30 16
s 19021 40 22
s 19022 71 36
s 19023 165 84
s 19024 119 63
s 19025 45 18
s 19026 9 6
s 19027 199 116
s 19028 291 139
s 19029 604 300
s 19030 634 345
s 19031 321 170
s 19032 116 78
s 19033 27 11
s 19034 62 34
s 19035 75 43
s 19036 31 16
s 19037 145 72
s 19038 92 44
s 19039 39 15
s 19040 393 192
s 19041 198 93
s 19042 174 86
s 19043 58 25
s 19044 447 233
s 19045 192 82
s 19046 64 31
s 19047 22 12
s 19048 176 91
s 19049 273 144
s 19050 30 14
s 19051 113 63
s 19052 597 283
s 19053 204 110
s 19054 171 87
s 19055 153 73
s 19056 323 183
s 19057 16 6
s 19058 59 31
s 19063 352 187
s 19064 54 24
s 19065 326 171
s 19067 662 330
s 19070 34 19
s 19072 438 193
s 19073 172 80
s 19075 289 155
s 19079 420 216
s 19080 54 28
s 19081 80 40
s 19082 83 42
s 19089 115 49
s 19099 93 50
s 19276 99 46
s 19277 19 10
s 19278 47 18
s 19279 21 6
s 19280 49 27
s 19281 23 13
s 19282 14 9
s 19283 37 16
s 19284 82 40
s 19285 191 79
s 19286 225 109
s 19287 51 22
s 19288 44 24
s 19289 12 9
s 19290 69 34
s 19291 49 21
s 19292 17 10
s 19293 95 56
s 19294 46 23
s 19295 22 12
s 19296 177 79
s 19297 114 56
s 19298 95 40
s 19299 45 20
s 19300 159 86
s 19301 75 33
s 19302 24 8
s 19303 5 3
s 19304 90 49
s 19305 73 32
s 19306 173 88
s 19307 128 66
s 19308 254 112
s 19309 90 34
s 19310 69 35
s 19311 36 16
s 19312 54 28
s 19313 31 15
s 19314 41 18
s 19319 119 62
s 19320 102 59
s 19321 56 26
s 19323 191 75
s 19326 81 40
s 19328 217 96
s 19329 123 55
s 19331 60 30
s 19335 255 121
s 19336 33 15
s 19337 60 40
s 19338 37 13
s 19345 63 25
s 19355 36 22
s 19533 16 9
s 19534 45 22
s 19535 78 35
s 19536 67 30
s 19537 15 10
s 19538 2 1
s 19539 110 65
s 19540 152 71
s 19541 338 187
s 19542 357 202
s 19543 206 99
s 19544 47 30
s 19545 6 3
s 19546 35 17
s 19547 53 26
s 19548 21 13
s 19549 74 44
s 19550 33 19
s 19551 25 9
s 19552 231 113
s 19553 83 45
s 19554 102 50
s 19555 38 14
s 19556 207 97
s 19557 101 45
s 19558 33 17
s 19559 22 14
s 19560 66 30
s 19561 129 66
s 19562 21 14
s 19563 72 37
s 19564 281 127
s 19565 83 43
s 19566 108 52
s 19567 76 32
s 19568 178 105
s 19569 5 0
s 19570 29 14
s 19575 234 120
s 19576 32 19
s 19577 143 73
s 19579 301 148
s 19582 11 6
s 19584 196 111
s 19585 82 39
s 19587 146 82
s 19591 262 133
s 19592 24 13
s 19593 35 20
s 19594 34 14
s 19601 62 35
s 19611 36 25
s 19790 5 2
s 19791 22 12
s 19792 25 12
s 19793 3 1
s 19794 1 1
s 19795 38 21
s 19796 32 22
s 19797 56 34
s 19798 101 55
s 19799 51 33
s 19800 11 8
s 19801 1 1
s 19802 30 21
s 19803 15 8
s 19804 2 2
s 19805 14 8
s 19806 6 2
s 19807 7 4
s 19808 5 3
s 19809 10 5
s 19810 9 6
s 19811 4 1
s 19812 57 39
s 19813 28 18
s 19814 11 8
s 19815 2 1
s 19816 6 4
s 19817 35 20
s 19818 74 41
s 19819 49 32
s 19820 14 7
s 19821 24 16
s 19822 20 14
s 19823 13 11
s 19824 55 36
s 19825 10 6
s 19826 15 10
s 19831 72 45
s 19832 40 21
s 19833 30 17
s 19835 125 76
s 19838 22 18
s 19840 62 35
s 19841 1 0
s 19843 41 26
s 19847 13 12
s 19848 9 6
s 19849 6 4
s 19850 10 5
s 19857 25 14
s 19867 9 4
s 20047 40 27
s 20048 38 19
s 20049 4 3
s 20050 10 5
s 20051 43 19
s 20052 60 32
s 20053 114 65
s 20054 189 104
s 20055 74 36
s 20056 24 12
s 20057 4 3
s 20058 32 19
s 20059 19 7
s 20060 3 2
s 20061 34 17
s 20062 15 10
s 20063 5 2
s 20064 8 4
s 20065 18 10
s 20066 13 4
s 20067 5 4
s 20068 96 52
s 20069 63 34
s 20070 10 4
s 20071 5 3
s 20072 8 6
s 20073 63 33
s 20074 91 51
s 20075 64 41
s 20076 8 5
s 20077 49 24
s 20078 52 33
s 20079 28 11
s 20080 70 40
s 20081 16 10
s 20082 26 16
s 20087 101 47
s 20088 61 31
s 20089 49 20
s 20091 129 60
s 20094 37 19
s 20096 119 68
s 20097 4 2
s 20099 77 43
s 20103 28 17
s 20104 14 4
s 20105 11 7
s 20106 25 17
s 20113 33 17
s 20123 15 10
s 20304 44 21
s 20305 17 9
s 20306 6 4
s 20307 43 19
s 20308 59 19
s 20309 133 60
s 20310 145 69
s 20311 53 20
s 20312 19 8
s 20313 6 4
s 20314 53 32
s 20315 35 16
s 20316 23 11
s 20317 57 25
s 20318 40 19
s 20319 18 6
s 20320 178 92
s 20321 66 26
s 20322 68 37
s 20323 25 11
s 20324 110 60
s 20325 41 22
s 20326 10 2
s 20327 3 0
s 20328 22 8
s 20329 45 21
s 20330 157 79
s 20331 129 67
s 20332 249 118
s 20333 88 45
s 20334 48 24
s 20335 15 9
s 20336 51 24
s 20337 24 9
s 20338 29 12
s 20343 98 53
s 20344 105 48
s 20345 59 26
s 20347 116 50
s 20350 66 33
s 20352 155 71
s 20353 57 31
s 20355 45 13
s 20359 178 103
s 20360 25 14
s 20361 26 12
s 20362 35 18
s 20369 74 36
s 20379 40 19
s 20561 11 3
s 20562 4 3
s 20563 69 35
s 20564 85 45
s 20565 206 97
s 20566 252 123
s 20567 122 65
s 20568 43 23
s 20570 98 59
s 20571 35 23
s 20572 13 4
s 20573 22 12
s 20574 1 0
s 20575 2 1
s 20576 141 72
s 20577 35 15
s 20578 65 34
s 20579 29 14
s 20580 231 122
s 20581 80 31
s 20582 12 7
s 20583 7 1
s 20584 32 12
s 20585 97 47
s 20586 148 86
s 20587 96 56
s 20588 166 86
s 20589 5 3
s 20590 64 37
s 20591 31 12
s 20592 112 70
s 20593 17 9
s 20594 15 7
s 20599 151 62
s 20600 88 38
s 20601 80 41
s 20603 230 109
s 20606 63 32
s 20608 182 97
s 20609 49 24
s 20611 97 47
s 20615 177 86
s 20616 33 19
s 20617 38 23
s 20618 7 3
s 20625 10 5
s 20635 48 30
s 20818 2 0
s 20819 10 7
s 20820 31 12
s 20821 53 25
s 20822 66 38
s 20823 41 22
s 20824 11 6
s 20826 14 10
s 20827 7 2
s 20828 3 3
s 20829 18 12
s 20830 4 1
s 20831 3 1
s 20832 24 15
s 20833 13 3
s 20834 19 5
s 20835 4 3
s 20836 38 16
s 20837 35 13
s 20838 6 4
s 20839 3 2
s 20840 7 4
s 20841 19 10
s 20842 21 12
s 20843 34 16
s 20844 33 16
s 20845 7 2
s 20846 21 10
s 20847 7 2
s 20848 22 11
s 20849 13 5
s 20850 7 5
s 20855 35 14
s 20856 25 10
s 20857 34 10
s 20859 68 30
s 20862 14 4
s 20864 60 24
s 20865 13 4
s 20867 27 14
s 20871 43 26
s 20872 8 6
s 20873 12 6
s 20874 6 3
s 20881 8 2
s 20891 7 3
s 21075 10 7
s 21076 22 10
s 21077 48 23
s 21078 47 24
s 21079 14 8
s 21080 9 6
s 21082 9 4
s 21083 6 4
s 21084 6 4
s 21085 10 4
s 21086 5 3
s 21087 4 2
s 21088 23 14
s 21089 18 8
s 21090 17 2
s 21091 3 2
s 21092 30 16
s 21093 19 13
s 21094 4 1
s 21095 4 3
s 21096 12 7
s 21097 21 12
s 21098 10 4
s 21099 13 5
s 21100 29 16
s 21101 12 6
s 21102 13 6
s 21103 12 9
s 21104 32 21
s 21105 2 1
s 21106 3 2
s 21111 28 11
s 21112 6 3
s 21113 21 8
s 21115 53 17
s 21118 6 1
s 21120 40 20
s 21121 15 8
s 21123 20 9
s 21127 29 15
s 21128 7 5
s 21129 5 3
s 21130 1 0
s 21137 3 1
s 21147 9 6
s 21332 33 16
s 21333 77 38
s 21334 332 190
s 21335 37 23
s 21336 42 16
s 21337 10 8
s 21338 108 62
s 21339 62 31
s 21340 19 10
s 21341 69 42
s 21342 38 17
s 21343 14 8
s 21344 241 129
s 21345 54 32
s 21346 84 40
s 21347 31 12
s 21348 44 25
s 21349 98 39
s 21350 16 9
s 21351 7 4
s 21352 45 22
s 21353 97 56
s 21354 266 158
s 21355 135 78
s 21356 288 146
s 21357 101 53
s 21358 102 62
s 21359 11 5
s 21360 46 25
s 21361 37 19
s 21362 26 13
s 21367 191 104
s 21368 141 78
s 21369 60 35
s 21371 272 153
s 21374 84 53
s 21376 258 140
s 21377 70 29
s 21379 126 58
s 21383 229 120
s 21384 33 20
s 21385 62 40
s 21386 55 27
s 21393 60 25
s 21403 57 31
s 21589 169 88
s 21590 442 222
s 21591 112 58
s 21592 47 17
s 21593 11 7
s 21594 122 72
s 21595 78 34
s 21596 22 8
s 21597 125 63
s 21598 42 21
s 21599 19 11
s 21600 223 111
s 21601 108 53
s 21602 159 76
s 21603 53 18
s 21604 107 56
s 21605 122 53
s 21606 23 11
s 21607 15 11
s 21608 64 34
s 21609 121 64
s 21610 218 100
s 21611 160 78
s 21612 354 154
s 21613 122 50
s 21614 140 69
s 21615 32 13
s 21616 88 48
s 21617 36 17
s 21618 53 27
s 21623 142 63
s 21624 166 81
s 21625 136 67
s 21627 299 157
s 21630 132 60
s 21632 319 161
s 21633 109 55
s 21635 138 70
s 21639 374 196
s 21640 47 22
s 21641 49 34
s 21642 73 32
s 21649 83 35
s 21659 72 38
s 21846 976 509
s 21847 273 145
s 21848 120 68
s 21849 33 13
s 21850 398 212
s 21851 180 91
s 21852 71 41
s 21853 250 132
s 21854 97 51
s 21855 35 19
s 21856 521 266
s 21857 225 100
s 21858 225 88
s 21859 77 31
s 21860 297 143
s 21861 245 118
s 21862 38 13
s 21863 13 8
s 21864 152 87
s 21865 301 155
s 21866 683 355
s 21867 380 204
s 21868 683 300
s 21869 283 145
s 21870 177 88
s 21871 104 54
s 21872 248 120
s 21873 82 46
s 21874 95 42
s 21879 534 265
s 21880 409 198
s 21881 234 111
s 21883 865 425
s 21886 275 135
s 21888 643 288
s 21889 204 89
s 21891 279 137
s 21895 597 286
s 21896 101 53
s 21897 131 76
s 21898 156 69
s 21905 201 98
s 21915 126 72
s 22103 470 246
s 22104 101 51
s 22105 38 15
s 22106 213 124
s 22107 177 91
s 22108 49 30
s 22109 308 175
s 22110 123 60
s 22111 71 32
s 22112 663 341
s 22113 338 184
s 22114 417 215
s 22115 105 54
s 22116 578 303
s 22117 169 74
s 22118 76 38
s 22119 17 13
s 22120 184 96
s 22121 244 121
s 22122 722 384
s 22123 431 239
s 22124 1411 671
s 22125 361 199
s 22126 236 116
s 22127 154 71
s 22128 484 271
s 22129 91 48
s 22130 128 60
s 22135 294 158
s 22136 427 220
s 22137 307 174
s 22139 474 232
s 22142 302 157
s 22144 681 341
s 22145 367 174
s 22147 332 182
s 22151 820 423
s 22152 113 74
s 22153 205 115
s 22154 158 75
s 22161 283 132
s 22171 187 110
s 22360 110 59
s 22361 25 15
s 22362 144 82
s 22363 58 31
s 22364 26 12
s 22365 198 121
s 22366 70 38
s 22367 39 20
s 22368 330 154
s 22369 156 71
s 22370 189 82
s 22371 51 29
s 22372 183 90
s 22373 143 62
s 22374 36 19
s 22375 9 4
s 22376 91 38
s 22377 130 57
s 22378 323 169
s 22379 231 123
s 22380 412 165
s 22381 192 86
s 22382 142 71
s 22383 30 9
s 22384 61 26
s 22385 39 18
s 22386 69 33
s 22391 209 110
s 22392 217 108
s 22393 91 35
s 22395 362 155
s 22398 184 83
s 22400 389 171
s 22401 175 76
s 22403 133 72
s 22407 429 216
s 22408 59 33
s 22409 88 62
s 22410 61 24
s 22417 114 65
s 22427 77 44
s 22617 10 4
s 22618 42 23
s 22619 26 12
s 22620 6 3
s 22621 58 36
s 22622 15 5
s 22623 15 11
s 22624 102 57
s 22625 44 20
s 22626 70 40
s 22627 24 13
s 22628 64 37
s 22629 41 19
s 22630 9 0
s 22631 5 2
s 22632 37 19
s 22633 34 13
s 22634 110 62
s 22635 52 26
s 22636 131 66
s 22637 56 33
s 22638 50 26
s 22639 42 23
s 22640 62 39
s 22641 13 9
s 22642 32 15
s 22647 62 40
s 22648 63 29
s 22649 47 25
s 22651 115 69
s 22654 56 33
s 22656 114 69
s 22657 47 22
s 22659 57 31
s 22663 176 104
s 22664 20 12
s 22665 29 18
s 22666 27 11
s 22673 43 26
s 22683 14 8
s 22874 14 9
s 22875 6 5
s 22876 4 3
s 22877 3 1
s 22878 1 0
s 22880 24 16
s 22881 14 9
s 22882 8 5
s 22883 2 0
s 22884 13 6
s 22885 12 8
s 22886 4 1
s 22888 4 2
s 22889 20 10
s 22890 28 8
s 22891 20 11
s 22892 29 15
s 22893 3 0
s 22894 10 4
s 22895 6 6
s 22896 22 13
s 22897 5 2
s 22898 3 1
s 22903 22 9
s 22904 14 8
s 22905 11 3
s 22907 53 28
s 22910 12 4
s 22912 28 17
s 22913 12 7
s 22915 11 6
s 22919 27 11
s 22920 6 2
s 22921 6 3
s 22922 2 0
s 22929 5 1
s 22939 3 0
s 23131 56 25
s 23132 16 10
s 23133 76 48
s 23134 47 24
s 23135 20 14
s 23136 183 106
s 23137 49 23
s 23138 114 64
s 23139 56 28
s 23140 225 115
s 23141 63 35
s 23142 20 8
s 23143 9 6
s 23144 52 28
s 23145 124 68
s 23146 152 91
s 23147 99 62
s 23148 302 162
s 23149 154 92
s 23150 66 28
s 23151 63 36
s 23152 166 99
s 23153 9 4
s 23154 28 15
s 23159 150 81
s 23160 126 62
s 23161 111 55
s 23163 255 142
s 23166 34 20
s 23168 176 94
s 23169 70 39
s 23171 148 84
s 23175 210 120
s 23176 30 17
s 23177 39 27
s 23178 35 23
s 23185 78 50
s 23195 74 52
s 23388 13 6
s 23389 90 48
s 23390 25 13
s 23391 11 7
s 23392 94 43
s 23393 48 22
s 23394 55 25
s 23395 36 11
s 23396 137 70
s 23397 50 19
s 23398 22 9
s 23399 7 5
s 23400 36 21
s 23401 76 46
s 23402 82 50
s 23403 72 43
s 23404 133 69
s 23405 37 15
s 23406 51 28
s 23407 28 15
s 23408 89 50
s 23409 32 14
s 23410 19 9
s 23415 103 59
s 23416 43 24
s 23417 55 29
s 23419 171 84
s 23422 39 25
s 23424 114 53
s 23425 60 27
s 23427 76 35
s 23431 103 50
s 23432 53 32
s 23433 27 16
s 23434 59 40
s 23441 33 22
s 23451 163 93
s 23645 15 9
s 23646 9 6
s 23647 5 1
s 23648 19 9
s 23649 17 9
s 23650 11 4
s 23651 6 2
s 23652 61 34
s 23653 17 10
s 23654 1 1
s 23655 4 1
s 23656 2 0
s 23657 21 11
s 23658 26 15
s 23659 20 11
s 23660 23 6
s 23661 23 7
s 23662 20 15
s 23663 13 9
s 23664 28 19
s 23665 3 0
s 23666 10 5
s 23671 25 12
s 23672 19 7
s 23673 32 19
s 23675 44 24
s 23678 10 5
s 23680 46 23
s 23681 8 3
s 23683 21 12
s 23687 31 22
s 23688 11 4
s 23689 11 6
s 23690 5 4
s 23697 15 11
s 23707 6 3
s 23902 9 5
s 23903 6 3
s 23904 164 83
s 23905 74 37
s 23906 96 45
s 23907 30 14
s 23908 159 79
s 23909 120 66
s 23910 18 8
s 23911 7 5
s 23912 63 36
s 23913 111 66
s 23914 104 58
s 23915 107 60
s 23916 261 139
s 23917 22 11
s 23918 86 36
s 23919 49 32
s 23920 148 87
s 23921 22 13
s 23922 13 8
s 23927 186 113
s 23928 88 45
s 23929 121 76
s 23931 301 160
s 23934 59 37
s 23936 264 133
s 23937 74 36
s 23939 129 65
s 23943 237 148
s 23944 40 20
s 23945 48 30
s 23946 10 6
s 23953 28 13
s 23963 52 33
s 24160 81 43
s 24161 42 22
s 24162 31 17
s 24163 15 6
s 24164 76 36
s 24165 36 17
s 24166 11 3
s 24167 3 1
s 24168 25 14
s 24169 48 21
s 24170 71 33
s 24171 52 27
s 24172 93 39
s 24173 3 2
s 24174 47 17
s 24175 12 8
s 24176 46 23
s 24177 2 0
s 24178 2 1
s 24183 49 31
s 24184 42 21
s 24185 64 25
s 24187 104 50
s 24190 35 19
s 24192 105 55
s 24193 31 12
s 24195 46 21
s 24199 77 36
s 24200 7 4
s 24201 20 8
s 24202 1 1
s 24209 9 6
s 24219 16 11
s 24416 43 21
s 24417 22 8
s 24418 25 13
s 24419 6 2
s 24420 37 20
s 24421 26 14
s 24422 2 0
s 24424 14 6
s 24425 26 16
s 24426 29 12
s 24427 31 16
s 24428 52 25
s 24429 1 0
s 24430 25 16
s 24431 21 16
s 24432 43 18
s 24433 5 2
s 24434 3 1
s 24439 47 20
s 24440 21 7
s 24441 37 14
s 24443 50 19
s 24446 16 10
s 24448 67 34
s 24449 30 12
s 24451 34 17
s 24455 57 38
s 24456 6 4
s 24457 10 7
s 24458 1 1
s 24465 7 2
s 24475 7 6
s 24673 55 21
s 24674 49 28
s 24675 8 3
s 24676 367 169
s 24677 241 99
s 24678 48 24
s 24679 18 11
s 24680 4 1
s 24681 263 136
s 24682 401 198
s 24683 260 142
s 24684 16 10
s 24685 219 107
s 24686 191 95
s 24687 103 50
s 24688 348 187
s 24689 38 20
s 24690 66 36
s 24695 433 226
s 24696 206 108
s 24697 271 129
s 24699 773 382
s 24702 171 87
s 24704 557 268
s 24705 7 6
s 24707 321 168
s 24711 33 18
s 24712 51 30
s 24713 38 21
s 24714 95 41
s 24721 145 75
s 24731 39 21
s 24930 43 17
s 24931 27 8
s 24932 165 77
s 24933 110 53
s 24934 17 8
s 24935 10 5
s 24936 26 13
s 24937 264 127
s 24938 128 56
s 24939 86 29
s 24940 95 38
s 24941 73 44
s 24942 124 66
s 24943 81 37
s 24944 118 68
s 24945 24 11
s 24946 40 15
s 24951 149 64
s 24952 51 25
s 24953 107 48
s 24955 202 99
s 24958 52 30
s 24960 277 123
s 24961 46 22
s 24963 145 77
s 24967 118 58
s 24968 34 13
s 24969 30 15
s 24970 35 16
s 24977 60 23
s 24987 22 7
s 25187 8 3
s 25188 230 109
s 25189 114 46
s 25190 23 9
s 25191 5 3
s 25192 15 5
s 25193 160 84
s 25194 227 124
s 25195 155 85
s 25196 59 24
s 25197 105 54
s 25198 92 42
s 25199 60 32
s 25200 178 85
s 25201 37 16
s 25202 43 13
s 25207 247 130
s 25208 110 49
s 25209 138 63
s 25211 366 153
s 25214 80 29
s 25216 328 146
s 25217 30 15
s 25219 179 80
s 25223 77 35
s 25224 33 10
s 25225 26 12
s 25226 38 19
s 25233 88 46
s 25243 41 20
s 25444 67 21
s 25445 45 20
s 25446 10 6
s 25447 5 4
s 25448 8 4
s 25449 38 12
s 25450 58 24
s 25451 39 15
s 25452 15 8
s 25453 31 13
s 25454 21 9
s 25455 23 9
s 25456 39 23
s 25457 13 3
s 25458 20 11
s 25463 55 32
s 25464 43 18
s 25465 48 23
s 25467 107 52
s 25470 25 13
s 25472 74 31
s 25473 8 5
s 25475 52 22
s 25479 16 9
s 25480 18 7
s 25481 6 4
s 25482 13 4
s 25489 19 8
s 25499 14 7
s 25701 209 94
s 25702 22 8
s 25703 8 2
s 25704 113 52
s 25705 189 103
s 25706 443 233
s 25707 259 114
s 25708 508 267
s 25709 251 119
s 25710 169 90
s 25711 71 35
s 25712 150 80
s 25713 62 28
s 25714 75 34
s 25719 266 139
s 25720 270 127
s 25721 171 84
s 25723 479 249
s 25726 181 92
s 25728 491 238
s 25729 166 72
s 25731 195 88
s 25735 634 343
s 25736 53 23
s 25737 95 53
s 25738 129 65
s 25745 133 64
s 25755 101 66
s 25958 26 16
s 25959 8 7
s 25960 236 109
s 25961 58 25
s 25962 217 99
s 25963 137 65
s 25964 213 81
s 25965 103 35
s 25966 70 38
s 25967 44 19
s 25968 99 49
s 25969 36 15
s 25970 59 26
s 25975 98 41
s 25976 126 72
s 25977 89 39
s 25979 159 66
s 25982 104 51
s 25984 188 93
s 25985 116 49
s 25987 78 44
s 25991 240 129
s 25992 49 25
s 25993 79 43
s 25994 55 21
s 26001 74 40
s 26011 46 23
s 26215 1 1
s 26216 29 14
s 26217 19 9
s 26218 39 21
s 26219 26 11
s 26220 48 19
s 26221 15 6
s 26222 20 8
s 26223 6 1
s 26224 20 5
s 26225 6 2
s 26226 5 3
s 26231 30 14
s 26232 28 11
s 26233 27 16
s 26235 67 31
s 26238 16 5
s 26240 66 21
s 26241 24 8
s 26243 18 6
s 26247 34 16
s 26248 9 4
s 26249 16 9
s 26250 20 10
s 26257 10 5
s 26267 4 4
s 26472 6 3
s 26473 8 7
s 26474 23 16
s 26475 11 7
s 26476 17 11
s 26477 5 1
s 26478 1 0
s 26479 4 2
s 26480 12 6
s 26481 4 1
s 26482 3 2
s 26487 15 6
s 26488 11 4
s 26489 14 7
s 26491 20 6
s 26494 13 10
s 26496 18 10
s 26497 4 3
s 26499 7 3
s 26503 17 13
s 26504 2 2
s 26505 3 1
s 26506 9 6
s 26513 9 6
s 26523 5 4
s 26729 83 43
s 26730 102 56
s 26731 65 28
s 26732 9 4
s 26733 60 35
s 26734 58 32
s 26735 41 22
s 26736 65 29
s 26737 25 8
s 26738 27 13
s 26743 82 45
s 26744 50 30
s 26745 90 51
s 26747 141 62
s 26750 42 17
s 26752 154 80
s 26753 5 2
s 26755 64 38
s 26759 39 18
s 26760 29 12
s 26761 8 6
s 26762 21 12
s 26769 33 14
s 26779 13 13
s 26986 295 173
s 26987 188 93
s 26988 300 147
s 26989 136 73
s 26990 78 40
s 26991 55 31
s 26992 149 88
s 26993 39 19
s 26994 49 27
s 26999 125 69
s 27000 171 86
s 27001 85 49
s 27003 205 105
s 27006 122 69
s 27008 238 107
s 27009 83 46
s 27011 98 55
s 27015 309 155
s 27016 33 18
s 27017 84 45
s 27018 53 29
s 27025 122 65
s 27035 97 62
s 27243 95 54
s 27244 618 306
s 27245 267 153
s 27246 178 86
s 27247 119 61
s 27248 434 237
s 27249 14 8
s 27250 45 26
s 27255 526 278
s 27256 59 24
s 27257 266 123
s 27259 847 430
s 27262 9 3
s 27264 416 212
s 27265 144 73
s 27267 380 204
s 27271 609 294
s 27272 47 24
s 27273 73 36
s 27274 91 44
s 27281 134 76
s 27291 194 128
s 27500 325 158
s 27501 160 97
s 27502 126 60
s 27503 102 58
s 27504 267 156
s 27505 19 6
s 27506 46 26
s 27511 323 182
s 27512 70 37
s 27513 202 100
s 27515 454 229
s 27518 39 21
s 27520 273 123
s 27521 99 50
s 27523 234 132
s 27527 324 180
s 27528 33 17
s 27529 63 37
s 27530 65 29
s 27537 109 56
s 27547 111 67
s 27757 308 142
s 27758 186 81
s 27759 166 86
s 27760 455 222
s 27761 81 38
s 27762 109 46
s 27767 602 266
s 27768 285 118
s 27769 265 124
s 27771 890 370
s 27774 251 119
s 27776 724 299
s 27777 13 2
s 27779 417 213
s 27783 42 17
s 27784 80 38
s 27785 40 18
s 27786 125 57
s 27793 225 98
s 27803 79 38
s 28014 84 37
s 28015 62 33
s 28016 184 100
s 28017 20 8
s 28018 16 8
s 28023 208 106
s 28024 151 70
s 28025 133 60
s 28027 337 162
s 28030 92 47
s 28032 288 135
s 28033 105 58
s 28035 187 111
s 28039 229 116
s 28040 37 18
s 28041 47 29
s 28042 4 1
s 28049 17 13
s 28059 67 36
s 28271 54 28
s 28272 105 55
s 28273 27 14
s 28274 48 24
s 28279 142 62
s 28280 106 53
s 28281 93 44
s 28283 194 88
s 28286 58 32
s 28288 242 115
s 28289 151 71
s 28291 114 66
s 28295 197 107
s 28296 35 20
s 28297 45 22
s 28298 33 20
s 28305 49 22
s 28315 50 31
s 28528 29 16
s 28529 23 11
s 28530 41 17
s 28535 82 41
s 28536 70 38
s 28537 38 15
s 28539 141 64
s 28542 63 33
s 28544 135 63
s 28545 66 26
s 28547 32 17
s 28551 180 93
s 28552 30 13
s 28553 48 27
s 28554 20 10
s 28561 47 23
s 28571 23 11
s 28785 37 19
s 28786 46 22
s 28791 323 176
s 28792 275 147
s 28793 73 33
s 28795 450 248
s 28798 123 75
s 28800 349 172
s 28801 107 56
s 28803 135 67
s 28807 395 203
s 28808 36 22
s 28809 80 46
s 28810 48 24
s 28817 206 100
s 28827 131 65
s 29042 7 2
s 29047 42 16
s 29048 9 5
s 29049 39 22
s 29051 86 39
s 29054 7 3
s 29056 57 25
s 29057 25 11
s 29059 48 27
s 29063 75 35
s 29064 9 4
s 29065 7 2
s 29066 5 4
s 29073 16 4
s 29083 12 8
s 29303 78 40
s 29304 37 17
s 29305 43 19
s 29307 117 54
s 29310 29 15
s 29312 102 60
s 29313 54 26
s 29315 38 21
s 29319 98 54
s 29320 12 4
s 29321 15 9
s 29322 7 3
s 29329 13 3
s 29339 17 11
s 30584 314 173
s 30585 103 53
s 30587 269 117
s 30590 189 100
s 30592 343 164
s 30593 212 95
s 30595 191 87
s 30599 508 261
s 30600 67 32
s 30601 123 69
s 30602 70 32
s 30609 200 90
s 30619 166 100
s 30841 155 79
s 30843 484 223
s 30846 24 12
s 30848 287 147
s 30849 71 35
s 30851 214 88
s 30855 254 132
s 30856 43 13
s 30857 34 17
s 30858 50 24
s 30865 75 32
s 30875 49 32
s 31099 164 78
s 31102 128 58
s 31104 268 121
s 31105 94 42
s 31107 106 56
s 31111 357 192
s 31112 67 31
s 31113 138 75
s 31114 39 20
s 31121 109 52
s 31131 54 39
s 31614 252 119
s 31616 564 250
s 31617 216 98
s 31619 290 126
s 31623 771 372
s 31624 89 49
s 31625 139 72
s 31626 144 73
s 31633 284 128
s 31643 231 125
s 32384 190 91
s 32385 93 44
s 32387 137 65
s 32391 240 127
s 32392 22 12
s 32393 27 13
s 32394 32 14
s 32401 46 15
s 32411 53 25
s 32897 385 178
s 32899 327 160
s 32903 651 313
s 32904 91 46
s 32905 140 71
s 32906 109 51
s 32913 169 78
s 32923 101 57
s 33155 108 48
s 33159 29 11
s 33160 39 18
s 33161 12 8
s 33162 45 20
s 33169 58 19
s 33179 23 12
s 33671 397 218
s 33672 47 29
s 33673 100 59
s 33674 71 38
s 33681 150 79
s 33691 109 61
s 34696 72 37
s 34697 66 34
s 34698 113 58
s 34705 171 85
s 34715 64 33
s 34953 20 14
s 34954 27 10
s 34961 24 17
s 34971 25 17
s 35210 20 10
s 35217 34 15
s 35227 19 14
s 35473 7 3
s 35483 40 31
s 37275 50 32
