n 19746
b 1 721 339
b 2 2956 1387
b 3 1397 722
b 4 257 136
b 5 1070 550
b 6 1531 672
b 7 1282 623
b 8 1565 892
b 9 3551 1917
b 10 569 312
b 11 4224 2099
b 12 1561 785
b 13 1135 561
b 14 2354 1203
b 15 1062 541
b 16 564 258
b 17 1567 796
b 18 1898 974
b 19 1959 944
b 20 1806 857
b 21 3604 1913
b 22 928 451
b 23 671 324
b 25 3961 1967
b 26 3977 1756
b 27 1455 691
b 28 2556 1286
b 29 1726 831
b 30 1627 834
b 31 2827 1381
b 32 253 121
b 33 898 550
b 34 601 287
b 35 850 387
b 36 2605 1339
b 37 570 243
b 38 884 473
b 39 1310 598
b 40 248 124
b 41 848 379
b 42 524 247
b 43 841 407
b 44 428 214
b 45 258 137
b 46 944 429
b 47 1114 565
b 48 2567 1329
b 49 1875 996
b 50 578 279
b 51 1791 894
b 52 407 195
b 53 1634 804
b 54 4284 2136
b 55 2291 1243
b 56 711 339
b 57 195 104
b 58 581 296
b 59 463 222
b 60 2593 1260
b 61 185 91
b 62 1775 1085
b 63 438 212
b 64 1475 704
b 65 411 226
b 66 102 53
b 67 1528 760
b 68 455 204
b 69 2413 1232
b 70 1205 564
b 71 2785 1411
b 72 461 218
b 73 363 183
b 74 2902 1418
b 75 1233 560
b 76 1592 817
b 77 526 299
b 78 771 414
b 79 1106 518
b 80 1111 543
b 81 242 107
b 82 203 99
b 83 1667 937
b 84 1819 914
b 85 4320 2086
b 86 5570 2862
b 87 2453 1248
b 88 955 507
b 89 179 89
b 90 1751 981
b 91 1044 561
b 92 286 145
b 93 1432 801
b 94 399 187
b 95 316 160
b 96 2851 1428
b 97 1111 503
b 98 1751 839
b 99 489 220
b 100 3422 1684
b 101 1757 793
b 102 294 117
b 103 173 101
b 104 713 343
b 105 2100 1065
b 106 3636 1903
b 107 2465 1291
b 108 3792 1700
b 109 1614 809
b 110 1526 780
b 111 902 452
b 112 2805 1524
b 113 335 154
b 114 585 292
b 119 3604 1836
b 120 2125 1071
b 121 1943 949
b 123 5138 2482
b 126 1372 708
b 128 3926 1809
b 129 1279 574
b 131 2459 1219
b 135 3546 1778
b 136 641 321
b 137 887 487
b 138 665 334
b 145 1340 658
b 155 1234 711
v 258 20 6
v 259 23 14
v 260 8 2
v 261 23 8
v 262 22 14
v 263 20 9
v 264 49 22
v 265 45 24
v 266 17 10
v 267 49 23
v 268 42 23
v 269 19 10
v 270 48 20
v 271 26 17
v 272 15 10
v 273 74 33
v 274 29 13
v 275 28 14
v 276 26 15
v 277 44 19
v 278 33 19
v 279 9 2
v 281 75 38
v 282 75 35
v 283 25 14
v 284 45 18
v 285 39 18
v 286 38 19
v 287 67 36
v 288 6 1
v 289 13 5
v 290 15 6
v 291 14 5
v 292 44 17
v 293 12 6
v 294 9 3
v 295 28 18
v 296 5 2
v 297 26 16
v 298 20 10
v 299 18 5
v 300 8 4
v 301 5 3
v 302 13 4
v 303 16 10
v 304 43 20
v 305 25 13
v 306 10 6
v 307 39 18
v 308 7 5
v 309 24 9
v 310 75 35
v 311 57 28
v 312 9 3
v 313 5 3
v 314 6 4
v 315 10 5
v 316 21 13
v 317 6 3
v 318 27 7
v 319 6 2
v 320 29 15
v 321 7 4
v 323 32 12
v 324 9 4
v 325 62 32
v 326 26 16
v 327 38 16
v 328 10 6
v 329 7 5
v 330 65 26
v 331 33 14
v 332 52 20
v 333 9 6
v 334 18 11
v 335 21 12
v 336 11 6
v 337 1 0
v 338 9 3
v 339 21 10
v 340 36 20
v 341 70 36
v 342 120 51
v 343 31 11
v 344 21 7
v 345 2 0
v 346 45 19
v 347 27 11
v 348 3 0
v 349 25 8
v 350 15 7
v 351 8 3
v 352 19 11
v 353 24 9
v 354 44 26
v 355 6 2
v 356 50 26
v 357 50 20
v 358 5 4
v 359 1 0
v 360 20 9
v 361 44 19
v 362 48 18
v 363 35 19
v 364 54 29
v 365 33 14
v 366 21 10
v 367 21 12
v 368 60 20
v 369 11 3
v 370 9 5
v 375 54 32
v 376 17 7
v 377 48 26
v 379 69 34
v 382 16 4
v 384 72 33
v 385 33 16
v 387 48 25
v 391 67 32
v 392 8 2
v 393 27 12
v 394 10 3
v 401 17 10
v 411 46 18
v 515 85 35
v 516 13 5
v 517 85 36
v 518 118 68
v 519 95 45
v 520 130 59
v 521 256 106
v 522 24 11
v 523 379 180
v 524 92 39
v 525 76 30
v 526 212 88
v 527 108 45
v 528 52 21
v 529 104 59
v 530 121 57
v 531 169 88
v 532 145 61
v 533 274 134
v 534 71 26
v 535 58 27
v 537 338 156
v 538 288 158
v 539 110 47
v 540 192 92
v 541 138 68
v 542 129 66
v 543 215 107
v 544 18 10
v 545 74 26
v 546 39 13
v 547 53 34
v 548 277 120
v 549 58 30
v 550 58 25
v 551 105 60
v 552 13 7
v 553 54 32
v 554 41 20
v 555 63 36
v 556 24 12
v 557 13 4
v 558 73 30
v 559 75 38
v 560 175 78
v 561 139 61
v 562 84 41
v 563 158 77
v 564 36 19
v 565 114 47
v 566 328 154
v 567 188 83
v 568 45 17
v 569 8 4
v 570 45 21
v 571 28 19
v 572 193 85
v 573 12 7
v 574 142 49
v 575 23 16
v 576 107 49
v 577 27 8
v 578 6 1
v 579 143 63
v 580 30 14
v 581 180 86
v 582 133 73
v 583 186 85
v 584 36 17
v 585 30 15
v 586 207 100
v 587 78 42
v 588 121 54
v 589 31 12
v 590 66 23
v 591 77 39
v 592 86 40
v 593 16 11
v 594 13 5
v 595 125 54
v 596 140 59
v 597 336 162
v 598 405 210
v 599 161 77
v 600 58 23
v 601 4 0
v 602 124 48
v 603 84 34
v 604 24 12
v 605 72 33
v 606 29 11
v 607 24 11
v 608 229 100
v 609 87 47
v 610 158 76
v 611 36 21
v 612 234 101
v 613 120 64
v 614 27 10
v 615 17 8
v 616 55 31
v 617 148 67
v 618 275 115
v 619 170 80
v 620 318 165
v 621 82 37
v 622 105 52
v 623 89 34
v 624 182 81
v 625 33 16
v 626 72 35
v 631 284 136
v 632 168 88
v 633 132 56
v 635 425 215
v 638 99 52
v 640 284 154
v 641 118 60
v 643 173 76
v 647 324 141
v 648 59 29
v 649 64 24
v 650 35 19
v 657 93 44
v 667 73 27
v 772 11 4
v 773 28 14
v 774 50 28
v 775 57 33
v 776 39 16
v 777 160 77
v 778 10 6
v 779 116 57
v 780 63 35
v 781 49 29
v 782 71 35
v 783 28 18
v 784 25 12
v 785 68 30
v 786 56 26
v 787 91 51
v 788 49 28
v 789 131 63
v 790 44 24
v 791 20 15
v 793 123 68
v 794 110 58
v 795 34 15
v 796 63 36
v 797 80 43
v 798 52 30
v 799 75 39
v 800 7 5
v 801 48 18
v 802 28 18
v 803 22 14
v 804 97 42
v 805 16 10
v 806 44 24
v 807 23 16
v 808 4 0
v 809 22 11
v 810 20 12
v 811 21 11
v 812 13 3
v 813 10 5
v 814 17 12
v 815 34 15
v 816 90 53
v 817 70 34
v 818 10 4
v 819 61 30
v 820 15 9
v 821 67 31
v 822 128 71
v 823 97 52
v 824 32 19
v 825 3 1
v 826 18 9
v 827 14 7
v 828 92 46
v 829 12 4
v 830 104 45
v 831 9 5
v 832 37 19
v 833 11 3
v 834 3 1
v 835 49 25
v 836 11 7
v 837 92 41
v 838 52 26
v 839 97 46
v 840 11 4
v 841 15 7
v 842 105 62
v 843 79 45
v 844 73 34
v 845 38 14
v 846 34 21
v 847 70 36
v 848 49 27
v 849 12 6
v 850 6 4
v 851 58 25
v 852 38 22
v 853 168 89
v 854 174 92
v 855 77 42
v 856 34 11
v 857 5 5
v 858 88 39
v 859 33 16
v 860 7 2
v 861 67 29
v 862 13 7
v 863 11 5
v 864 118 54
v 865 28 17
v 866 40 26
v 867 13 8
v 868 100 54
v 869 33 17
v 870 15 10
v 871 6 2
v 872 24 7
v 873 83 45
v 874 141 68
v 875 105 56
v 876 137 81
v 877 77 41
v 878 39 22
v 879 33 18
v 880 134 58
v 881 8 4
v 882 12 3
v 887 145 74
v 888 80 45
v 889 69 40
v 891 240 128
v 894 51 26
v 896 119 69
v 897 36 23
v 899 145 80
v 903 120 56
v 904 13 12
v 905 23 11
v 906 19 8
v 913 56 29
v 923 47 21
v 1029 9 6
v 1030 11 7
v 1031 14 9
v 1032 13 6
v 1033 27 10
v 1034 2 2
v 1035 23 14
v 1036 14 5
v 1037 12 5
v 1038 15 7
v 1039 4 2
v 1040 7 3
v 1041 12 4
v 1042 11 5
v 1043 11 5
v 1044 12 6
v 1045 31 16
v 1046 8 4
v 1047 5 4
v 1049 12 6
v 1050 17 12
v 1051 17 10
v 1052 13 5
v 1053 8 5
v 1054 9 1
v 1055 23 10
v 1056 2 1
v 1057 2 1
v 1058 4 2
v 1059 7 4
v 1060 7 3
v 1061 2 2
v 1062 4 1
v 1063 9 7
v 1064 1 0
v 1065 2 1
v 1066 7 4
v 1067 7 4
v 1068 5 3
v 1069 3 2
v 1070 5 3
v 1071 11 6
v 1072 9 7
v 1073 9 6
v 1074 1 0
v 1075 13 5
v 1076 1 0
v 1077 5 4
v 1078 22 12
v 1079 20 13
v 1080 8 4
v 1081 1 1
v 1082 8 5
v 1083 5 2
v 1084 35 16
v 1085 1 1
v 1086 13 6
v 1087 6 3
v 1088 7 6
v 1089 7 3
v 1091 7 2
v 1092 4 1
v 1093 10 3
v 1094 7 4
v 1095 28 17
v 1096 4 3
v 1097 7 3
v 1098 14 8
v 1099 10 5
v 1100 4 2
v 1101 8 6
v 1102 4 2
v 1103 3 2
v 1104 3 2
v 1105 2 2
v 1106 1 1
v 1107 4 2
v 1108 12 5
v 1109 21 16
v 1110 18 7
v 1111 15 9
v 1112 12 5
v 1113 2 2
v 1114 5 3
v 1115 8 3
v 1116 2 1
v 1117 58 33
v 1118 2 1
v 1119 2 2
v 1120 16 8
v 1121 7 2
v 1122 17 9
v 1123 5 3
v 1124 21 8
v 1125 13 8
v 1126 2 2
v 1127 2 0
v 1128 6 4
v 1129 13 9
v 1130 17 9
v 1131 19 9
v 1132 11 6
v 1133 6 3
v 1134 8 7
v 1135 3 2
v 1136 19 9
v 1137 1 1
v 1138 3 2
v 1143 21 9
v 1144 47 31
v 1145 13 8
v 1147 31 19
v 1150 7 2
v 1152 22 9
v 1153 6 3
v 1155 10 4
v 1159 17 5
v 1160 5 1
v 1161 5 2
v 1162 3 0
v 1169 3 3
v 1179 8 3
v 1286 36 15
v 1287 31 17
v 1288 44 18
v 1289 91 44
v 1290 18 14
v 1291 132 69
v 1292 36 20
v 1293 31 20
v 1294 69 29
v 1295 32 14
v 1296 9 5
v 1297 58 36
v 1298 56 25
v 1299 48 29
v 1300 54 24
v 1301 111 54
v 1302 37 18
v 1303 19 10
v 1305 118 61
v 1306 114 65
v 1307 55 28
v 1308 54 34
v 1309 53 28
v 1310 58 31
v 1311 76 41
v 1312 11 8
v 1313 26 14
v 1314 13 9
v 1315 36 15
v 1316 51 24
v 1317 41 22
v 1318 30 13
v 1319 40 27
v 1320 4 2
v 1321 36 18
v 1322 14 7
v 1323 26 12
v 1324 11 10
v 1325 2 2
v 1326 30 12
v 1327 38 26
v 1328 63 25
v 1329 49 28
v 1330 19 13
v 1331 44 23
v 1332 19 4
v 1333 50 25
v 1334 103 55
v 1335 64 37
v 1336 20 14
v 1337 7 3
v 1338 25 18
v 1339 13 8
v 1340 62 28
v 1341 5 5
v 1342 63 22
v 1343 13 8
v 1344 47 32
v 1345 10 7
v 1346 3 2
v 1347 32 12
v 1348 9 1
v 1349 63 26
v 1350 29 13
v 1351 76 38
v 1352 15 7
v 1353 15 5
v 1354 79 39
v 1355 37 21
v 1356 45 23
v 1357 8 7
v 1358 19 8
v 1359 22 10
v 1360 28 18
v 1361 10 6
v 1362 4 2
v 1363 48 20
v 1364 52 21
v 1365 93 46
v 1366 151 76
v 1367 74 35
v 1368 32 13
v 1369 6 3
v 1370 43 18
v 1371 22 7
v 1372 9 7
v 1373 51 28
v 1374 9 6
v 1375 13 3
v 1376 78 43
v 1377 30 13
v 1378 33 15
v 1379 18 8
v 1380 76 51
v 1381 51 30
v 1382 7 2
v 1383 4 1
v 1384 35 16
v 1385 37 17
v 1386 95 50
v 1387 55 34
v 1388 79 44
v 1389 38 23
v 1390 43 19
v 1391 24 12
v 1392 65 37
v 1393 13 3
v 1394 25 15
v 1399 79 35
v 1400 43 21
v 1401 51 26
v 1403 152 81
v 1406 40 23
v 1408 98 46
v 1409 45 22
v 1411 41 21
v 1415 93 44
v 1416 16 10
v 1417 28 13
v 1418 20 10
v 1425 40 21
v 1435 31 17
v 1543 59 24
v 1544 41 16
v 1545 123 46
v 1546 24 12
v 1547 230 121
v 1548 67 26
v 1549 36 18
v 1550 75 32
v 1551 23 12
v 1552 20 8
v 1553 48 19
v 1554 66 26
v 1555 60 20
v 1556 70 37
v 1557 163 72
v 1558 38 17
v 1559 27 11
v 1561 154 71
v 1562 172 89
v 1563 57 20
v 1564 107 54
v 1565 98 52
v 1566 56 23
v 1567 126 55
v 1568 8 2
v 1569 30 4
v 1570 29 15
v 1571 33 11
v 1572 95 47
v 1573 20 14
v 1574 34 12
v 1575 51 18
v 1576 6 5
v 1577 25 12
v 1578 17 7
v 1579 39 15
v 1580 21 8
v 1581 10 3
v 1582 22 11
v 1583 32 18
v 1584 129 51
v 1585 75 35
v 1586 26 10
v 1587 63 27
v 1588 13 6
v 1589 52 21
v 1590 183 73
v 1591 84 23
v 1592 22 10
v 1593 8 3
v 1594 17 8
v 1595 17 5
v 1596 61 36
v 1597 9 4
v 1598 64 22
v 1599 15 7
v 1600 72 31
v 1601 8 2
v 1602 9 6
v 1603 116 46
v 1604 18 9
v 1605 96 38
v 1606 36 16
v 1607 82 26
v 1608 14 9
v 1609 8 5
v 1610 120 59
v 1611 44 23
v 1612 67 34
v 1613 16 5
v 1614 20 7
v 1615 49 17
v 1616 50 27
v 1617 9 3
v 1618 10 2
v 1619 59 25
v 1620 89 42
v 1621 179 88
v 1622 222 101
v 1623 85 41
v 1624 39 14
v 1625 5 2
v 1626 64 24
v 1627 35 10
v 1628 14 9
v 1629 45 15
v 1630 16 8
v 1631 7 4
v 1632 106 38
v 1633 35 18
v 1634 77 26
v 1635 40 20
v 1636 130 59
v 1637 64 34
v 1638 16 4
v 1639 10 6
v 1640 23 10
v 1641 58 20
v 1642 153 62
v 1643 74 28
v 1644 163 90
v 1645 70 32
v 1646 50 24
v 1647 51 22
v 1648 106 37
v 1649 11 7
v 1650 23 9
v 1655 130 47
v 1656 85 36
v 1657 75 40
v 1659 220 95
v 1662 63 28
v 1664 164 82
v 1665 52 26
v 1667 97 43
v 1671 144 60
v 1672 18 9
v 1673 31 17
v 1674 30 13
v 1681 49 24
v 1691 47 17
v 1800 54 16
v 1801 106 39
v 1802 14 8
v 1803 132 58
v 1804 83 38
v 1805 44 26
v 1806 85 46
v 1807 21 10
v 1808 20 13
v 1809 45 19
v 1810 59 32
v 1811 43 23
v 1812 58 31
v 1813 97 48
v 1814 22 10
v 1815 22 10
v 1817 113 56
v 1818 145 67
v 1819 51 31
v 1820 85 42
v 1821 52 26
v 1822 51 26
v 1823 92 44
v 1824 9 6
v 1825 34 12
v 1826 27 14
v 1827 15 8
v 1828 76 40
v 1829 23 17
v 1830 34 17
v 1831 38 19
v 1832 4 3
v 1833 21 18
v 1834 23 13
v 1835 27 14
v 1836 18 10
v 1837 7 2
v 1838 27 17
v 1839 51 26
v 1840 85 39
v 1841 55 23
v 1842 28 14
v 1843 42 24
v 1844 11 5
v 1845 57 29
v 1846 139 72
v 1847 63 25
v 1848 30 17
v 1849 7 4
v 1850 19 8
v 1851 15 7
v 1852 75 37
v 1853 9 4
v 1854 46 22
v 1855 12 5
v 1856 44 23
v 1857 10 5
v 1858 8 4
v 1859 40 21
v 1860 18 12
v 1861 78 34
v 1862 49 23
v 1863 83 38
v 1864 16 9
v 1865 17 9
v 1866 98 56
v 1867 36 20
v 1868 57 22
v 1869 14 4
v 1870 27 14
v 1871 41 27
v 1872 34 15
v 1873 14 9
v 1874 9 3
v 1875 59 25
v 1876 57 30
v 1877 144 79
v 1878 175 80
v 1879 67 28
v 1880 35 12
v 1881 10 5
v 1882 60 20
v 1883 28 12
v 1884 9 5
v 1885 31 11
v 1886 13 4
v 1887 11 2
v 1888 79 48
v 1889 43 22
v 1890 69 27
v 1891 15 5
v 1892 111 51
v 1893 74 40
v 1894 8 4
v 1895 9 3
v 1896 28 11
v 1897 49 24
v 1898 135 60
v 1899 94 43
v 1900 107 56
v 1901 38 13
v 1902 54 34
v 1903 36 19
v 1904 94 50
v 1905 14 6
v 1906 23 13
v 1911 109 54
v 1912 81 36
v 1913 88 47
v 1915 161 77
v 1918 50 23
v 1920 112 53
v 1921 42 22
v 1923 92 40
v 1927 141 61
v 1928 19 9
v 1929 31 16
v 1930 26 13
v 1937 50 26
v 1947 39 19
v 2057 131 76
v 2058 21 12
v 2059 163 90
v 2060 53 29
v 2061 44 25
v 2062 79 43
v 2063 28 16
v 2064 28 16
v 2065 76 47
v 2066 74 47
v 2067 68 36
v 2068 68 39
v 2069 129 73
v 2070 30 16
v 2071 30 18
v 2073 157 93
v 2074 177 115
v 2075 70 41
v 2076 65 35
v 2077 60 35
v 2078 74 41
v 2079 141 81
v 2080 16 9
v 2081 22 11
v 2082 20 12
v 2083 47 29
v 2084 102 61
v 2085 30 19
v 2086 11 4
v 2087 53 29
v 2088 13 6
v 2089 41 21
v 2090 32 20
v 2091 29 21
v 2092 24 14
v 2093 14 8
v 2094 46 23
v 2095 42 23
v 2096 91 53
v 2097 60 37
v 2098 16 10
v 2099 73 41
v 2100 15 8
v 2101 57 33
v 2102 239 143
v 2103 86 50
v 2104 32 20
v 2105 9 6
v 2106 24 11
v 2107 11 4
v 2108 77 45
v 2109 5 2
v 2110 78 36
v 2111 12 8
v 2112 60 31
v 2113 17 8
v 2114 3 0
v 2115 66 35
v 2116 16 8
v 2117 65 28
v 2118 51 29
v 2119 110 61
v 2120 17 12
v 2121 16 7
v 2122 115 69
v 2123 54 37
v 2124 50 23
v 2125 13 9
v 2126 34 21
v 2127 36 23
v 2128 35 23
v 2129 14 7
v 2130 7 3
v 2131 57 24
v 2132 66 38
v 2133 147 83
v 2134 232 133
v 2135 131 62
v 2136 59 33
v 2137 10 3
v 2138 56 29
v 2139 30 13
v 2140 14 8
v 2141 61 31
v 2142 18 12
v 2143 16 6
v 2144 96 58
v 2145 40 25
v 2146 41 25
v 2147 12 7
v 2148 111 66
v 2149 105 67
v 2150 18 11
v 2151 7 6
v 2152 32 18
v 2153 103 57
v 2154 140 79
v 2155 91 49
v 2156 271 166
v 2157 48 24
v 2158 140 73
v 2159 37 23
v 2160 44 22
v 2161 19 13
v 2162 27 14
v 2167 140 79
v 2168 93 59
v 2169 70 38
v 2171 206 113
v 2174 63 37
v 2176 166 101
v 2177 115 75
v 2179 48 32
v 2183 131 69
v 2184 24 15
v 2185 42 17
v 2186 18 8
v 2193 51 31
v 2203 37 16
v 2314 47 24
v 2315 345 174
v 2316 116 69
v 2317 113 56
v 2318 211 108
v 2319 103 61
v 2320 45 28
v 2321 168 86
v 2322 219 115
v 2323 186 100
v 2324 125 71
v 2325 358 184
v 2326 76 43
v 2327 38 22
v 2329 384 200
v 2330 312 183
v 2331 114 62
v 2332 267 147
v 2333 171 102
v 2334 160 83
v 2335 232 116
v 2336 23 13
v 2337 96 39
v 2338 53 32
v 2339 70 46
v 2340 248 127
v 2341 28 16
v 2342 89 46
v 2343 104 63
v 2344 18 10
v 2345 57 28
v 2346 41 21
v 2347 70 33
v 2348 41 27
v 2349 21 9
v 2350 74 38
v 2351 95 48
v 2352 216 112
v 2353 181 104
v 2354 45 21
v 2355 190 110
v 2356 28 13
v 2357 141 86
v 2358 370 222
v 2359 236 117
v 2360 63 34
v 2361 16 9
v 2362 66 30
v 2363 40 18
v 2364 208 113
v 2365 12 7
v 2366 196 79
v 2367 45 33
v 2368 141 83
v 2369 27 11
v 2370 9 4
v 2371 138 65
v 2372 35 22
v 2373 227 110
v 2374 86 56
v 2375 226 120
v 2376 40 21
v 2377 31 19
v 2378 245 147
v 2379 90 53
v 2380 161 83
v 2381 48 23
v 2382 49 26
v 2383 88 46
v 2384 108 53
v 2385 19 9
v 2386 21 14
v 2387 147 70
v 2388 134 81
v 2389 410 242
v 2390 491 276
v 2391 223 103
v 2392 76 40
v 2393 15 5
v 2394 180 81
v 2395 100 54
v 2396 32 12
v 2397 158 70
v 2398 28 18
v 2399 20 6
v 2400 288 130
v 2401 89 59
v 2402 135 76
v 2403 38 27
v 2404 310 168
v 2405 157 89
v 2406 27 15
v 2407 18 10
v 2408 50 25
v 2409 207 104
v 2410 348 169
v 2411 242 128
v 2412 379 244
v 2413 164 95
v 2414 137 80
v 2415 77 37
v 2416 320 152
v 2417 18 17
v 2418 60 36
v 2423 443 241
v 2424 198 111
v 2425 156 84
v 2427 640 354
v 2430 91 55
v 2432 341 197
v 2433 94 57
v 2435 262 151
v 2439 308 164
v 2440 47 28
v 2441 87 35
v 2442 69 44
v 2449 124 68
v 2459 118 57
v 2571 47 26
v 2572 12 8
v 2573 11 8
v 2574 34 17
v 2575 32 16
v 2576 7 4
v 2577 15 7
v 2578 23 12
v 2579 26 11
v 2580 23 15
v 2581 51 27
v 2582 13 8
v 2583 11 7
v 2585 52 32
v 2586 38 22
v 2587 17 8
v 2588 36 22
v 2589 26 12
v 2590 30 16
v 2591 52 32
v 2592 4 3
v 2593 10 5
v 2594 6 3
v 2595 13 10
v 2596 28 11
v 2597 7 6
v 2598 10 6
v 2599 16 11
v 2600 5 0
v 2601 9 5
v 2602 5 3
v 2603 16 10
v 2604 3 2
v 2605 2 0
v 2606 12 6
v 2607 10 5
v 2608 29 18
v 2609 30 11
v 2610 11 7
v 2611 25 14
v 2612 3 1
v 2613 23 16
v 2614 137 81
v 2615 23 11
v 2616 12 7
v 2617 2 1
v 2618 12 6
v 2619 8 5
v 2620 16 8
v 2621 1 1
v 2622 21 12
v 2623 8 5
v 2624 24 14
v 2625 5 4
v 2627 15 5
v 2628 10 6
v 2629 34 14
v 2630 14 8
v 2631 71 43
v 2632 15 10
v 2633 1 1
v 2634 35 18
v 2635 20 12
v 2636 24 13
v 2637 10 3
v 2638 12 3
v 2639 9 8
v 2640 17 9
v 2641 1 0
v 2642 2 1
v 2643 25 8
v 2644 26 15
v 2645 58 38
v 2646 107 58
v 2647 38 17
v 2648 5 2
v 2649 3 2
v 2650 27 15
v 2651 20 10
v 2652 4 2
v 2653 19 12
v 2654 3 2
v 2655 7 4
v 2656 36 20
v 2657 20 10
v 2658 21 17
v 2659 13 10
v 2660 57 28
v 2661 20 12
v 2662 4 1
v 2663 1 0
v 2664 6 4
v 2665 22 13
v 2666 64 32
v 2667 26 18
v 2668 75 48
v 2669 27 13
v 2670 25 14
v 2671 10 4
v 2672 41 25
v 2673 5 3
v 2674 10 5
v 2679 38 23
v 2680 33 17
v 2681 29 14
v 2683 77 38
v 2686 24 10
v 2688 65 39
v 2689 19 14
v 2691 22 14
v 2695 76 34
v 2696 12 7
v 2697 12 10
v 2698 6 4
v 2705 16 10
v 2715 22 14
v 2828 183 90
v 2829 92 49
v 2830 273 138
v 2831 90 47
v 2832 64 33
v 2833 169 93
v 2834 215 103
v 2835 192 96
v 2836 205 116
v 2837 391 171
v 2838 102 60
v 2839 76 37
v 2841 502 231
v 2842 488 272
v 2843 161 76
v 2844 181 84
v 2845 180 109
v 2846 170 83
v 2847 298 150
v 2848 19 10
v 2849 88 36
v 2850 73 32
v 2851 107 53
v 2852 290 135
v 2853 89 45
v 2854 88 44
v 2855 147 83
v 2856 32 14
v 2857 84 53
v 2858 57 31
v 2859 90 46
v 2860 43 23
v 2861 24 14
v 2862 144 72
v 2863 102 60
v 2864 339 159
v 2865 149 62
v 2866 49 26
v 2867 182 89
v 2868 42 22
v 2869 229 118
v 2870 514 255
v 2871 280 122
v 2872 84 36
v 2873 14 3
v 2874 65 36
v 2875 43 26
v 2876 257 137
v 2877 16 9
v 2878 168 70
v 2879 36 17
v 2880 145 83
v 2881 38 13
v 2882 17 10
v 2883 150 85
v 2884 35 13
v 2885 229 126
v 2886 127 75
v 2887 272 124
v 2888 52 26
v 2889 45 21
v 2890 405 201
v 2891 142 78
v 2892 161 70
v 2893 40 13
v 2894 57 20
v 2895 116 58
v 2896 122 68
v 2897 29 15
v 2898 15 5
v 2899 220 97
v 2900 192 104
v 2901 492 238
v 2902 631 279
v 2903 246 127
v 2904 73 39
v 2905 14 6
v 2906 207 97
v 2907 133 77
v 2908 33 17
v 2909 115 53
v 2910 54 25
v 2911 39 22
v 2912 269 137
v 2913 118 59
v 2914 149 78
v 2915 56 33
v 2916 338 173
v 2917 180 110
v 2918 26 17
v 2919 17 7
v 2920 65 32
v 2921 233 127
v 2922 380 174
v 2923 250 120
v 2924 474 262
v 2925 320 139
v 2926 185 99
v 2927 82 39
v 2928 354 159
v 2929 34 16
v 2930 71 35
v 2935 358 169
v 2936 212 114
v 2937 200 94
v 2939 568 283
v 2942 129 59
v 2944 452 248
v 2945 180 98
v 2947 251 128
v 2951 412 186
v 2952 66 32
v 2953 90 35
v 2954 71 38
v 2961 159 78
v 2971 133 52
v 3085 50 27
v 3086 98 49
v 3087 30 17
v 3088 44 24
v 3089 59 29
v 3090 134 77
v 3091 60 29
v 3092 83 50
v 3093 133 58
v 3094 33 20
v 3095 26 15
v 3097 125 66
v 3098 126 66
v 3099 72 37
v 3100 159 85
v 3101 60 31
v 3102 57 36
v 3103 96 64
v 3104 6 3
v 3105 21 9
v 3106 22 11
v 3107 27 11
v 3108 100 45
v 3109 31 23
v 3110 40 24
v 3111 49 31
v 3112 9 4
v 3113 33 23
v 3114 24 9
v 3115 25 12
v 3116 22 10
v 3117 10 5
v 3118 30 19
v 3119 34 20
v 3120 136 66
v 3121 75 30
v 3122 30 17
v 3123 83 46
v 3124 52 25
v 3125 66 36
v 3126 224 94
v 3127 60 16
v 3128 25 10
v 3129 9 3
v 3130 19 8
v 3131 18 15
v 3132 124 63
v 3133 4 4
v 3134 65 22
v 3135 19 7
v 3136 73 48
v 3137 20 10
v 3138 2 1
v 3139 44 25
v 3140 18 13
v 3141 106 57
v 3142 47 25
v 3143 116 57
v 3144 19 9
v 3145 19 11
v 3146 136 65
v 3147 55 31
v 3148 61 39
v 3149 25 10
v 3150 39 16
v 3151 59 34
v 3152 32 13
v 3153 5 4
v 3154 11 4
v 3155 69 30
v 3156 83 41
v 3157 163 90
v 3158 203 94
v 3159 91 36
v 3160 37 16
v 3161 9 8
v 3162 61 23
v 3163 54 24
v 3164 16 12
v 3165 42 17
v 3166 32 14
v 3167 9 4
v 3168 89 46
v 3169 53 36
v 3170 58 23
v 3171 26 10
v 3172 147 63
v 3173 61 39
v 3174 5 3
v 3175 6 2
v 3176 25 11
v 3177 103 45
v 3178 120 53
v 3179 82 35
v 3180 90 42
v 3181 61 33
v 3182 56 29
v 3183 38 11
v 3184 109 51
v 3185 19 13
v 3186 16 7
v 3191 144 73
v 3192 72 36
v 3193 79 42
v 3195 205 102
v 3198 38 16
v 3200 141 72
v 3201 62 38
v 3203 112 57
v 3207 153 89
v 3208 30 19
v 3209 41 19
v 3210 21 9
v 3217 55 22
v 3227 34 18
v 3342 56 26
v 3343 28 18
v 3344 17 9
v 3345 53 31
v 3346 68 38
v 3347 81 36
v 3348 51 29
v 3349 100 43
v 3350 20 11
v 3351 12 6
v 3353 142 73
v 3354 93 43
v 3355 36 19
v 3356 74 37
v 3357 41 21
v 3358 46 24
v 3359 78 46
v 3360 29 11
v 3361 39 12
v 3362 12 7
v 3363 14 8
v 3364 68 39
v 3365 13 8
v 3366 21 10
v 3367 57 36
v 3368 10 6
v 3369 30 16
v 3370 14 6
v 3371 21 11
v 3372 12 6
v 3373 12 4
v 3374 23 11
v 3375 22 13
v 3376 64 27
v 3377 57 25
v 3378 13 7
v 3379 74 37
v 3380 8 5
v 3381 35 20
v 3382 119 65
v 3383 71 42
v 3384 22 11
v 3385 2 1
v 3386 14 7
v 3387 9 3
v 3388 95 38
v 3389 4 1
v 3390 52 19
v 3391 18 6
v 3392 50 26
v 3393 10 4
v 3394 5 3
v 3395 41 22
v 3396 11 5
v 3397 76 29
v 3398 39 25
v 3399 92 43
v 3400 12 5
v 3401 14 7
v 3402 98 54
v 3403 30 13
v 3404 44 23
v 3405 16 6
v 3406 28 14
v 3407 24 15
v 3408 32 17
v 3409 10 3
v 3410 2 1
v 3411 48 18
v 3412 46 22
v 3413 118 59
v 3414 163 83
v 3415 79 42
v 3416 16 7
v 3417 12 1
v 3418 62 24
v 3419 22 11
v 3420 7 4
v 3421 33 15
v 3422 12 8
v 3423 5 2
v 3424 84 32
v 3425 37 26
v 3426 44 26
v 3427 16 9
v 3428 90 48
v 3429 34 20
v 3430 8 6
v 3431 3 1
v 3432 21 11
v 3433 54 27
v 3434 101 43
v 3435 50 22
v 3436 97 53
v 3437 46 22
v 3438 39 22
v 3439 30 18
v 3440 88 41
v 3441 4 1
v 3442 9 4
v 3447 136 69
v 3448 57 31
v 3449 44 18
v 3451 146 78
v 3454 96 40
v 3456 107 65
v 3457 40 19
v 3459 72 36
v 3463 108 51
v 3464 16 3
v 3465 23 9
v 3466 17 10
v 3473 43 17
v 3483 31 14
v 3599 68 27
v 3600 36 24
v 3601 79 29
v 3602 108 51
v 3603 93 50
v 3604 123 61
v 3605 216 100
v 3606 62 39
v 3607 50 28
v 3609 240 119
v 3610 306 166
v 3611 92 48
v 3612 167 83
v 3613 94 53
v 3614 126 52
v 3615 185 99
v 3616 15 8
v 3617 45 18
v 3618 53 27
v 3619 55 37
v 3620 169 87
v 3621 44 25
v 3622 44 15
v 3623 80 44
v 3624 18 8
v 3625 40 22
v 3626 45 21
v 3627 46 33
v 3628 31 15
v 3629 16 6
v 3630 47 23
v 3631 54 25
v 3632 141 68
v 3633 96 43
v 3634 29 19
v 3635 95 41
v 3636 22 12
v 3637 86 48
v 3638 292 163
v 3639 110 53
v 3640 38 20
v 3641 11 7
v 3642 32 17
v 3643 32 21
v 3644 147 70
v 3645 10 7
v 3646 98 43
v 3647 32 18
v 3648 93 54
v 3649 22 11
v 3650 2 0
v 3651 97 53
v 3652 34 23
v 3653 134 79
v 3654 99 58
v 3655 188 99
v 3656 22 14
v 3657 28 13
v 3658 199 99
v 3659 67 36
v 3660 99 40
v 3661 15 6
v 3662 40 17
v 3663 64 34
v 3664 68 34
v 3665 21 10
v 3666 11 6
v 3667 85 46
v 3668 115 50
v 3669 247 123
v 3670 343 169
v 3671 155 74
v 3672 49 22
v 3673 8 2
v 3674 93 51
v 3675 60 32
v 3676 23 12
v 3677 103 50
v 3678 26 13
v 3679 18 9
v 3680 145 76
v 3681 88 48
v 3682 158 83
v 3683 38 24
v 3684 214 100
v 3685 122 64
v 3686 18 12
v 3687 10 4
v 3688 63 32
v 3689 95 39
v 3690 195 92
v 3691 135 61
v 3692 200 104
v 3693 99 52
v 3694 80 43
v 3695 47 26
v 3696 175 101
v 3697 20 14
v 3698 61 30
v 3703 188 90
v 3704 119 65
v 3705 104 51
v 3707 279 156
v 3710 77 35
v 3712 245 143
v 3713 81 42
v 3715 158 69
v 3719 213 111
v 3720 38 18
v 3721 54 24
v 3722 44 20
v 3729 85 35
v 3739 50 31
v 3856 17 8
v 3857 63 38
v 3858 50 24
v 3859 49 27
v 3860 40 24
v 3861 101 46
v 3862 23 12
v 3863 18 7
v 3865 119 57
v 3866 117 65
v 3867 36 14
v 3868 67 32
v 3869 46 22
v 3870 39 20
v 3871 104 48
v 3872 3 2
v 3873 10 4
v 3874 12 6
v 3875 27 16
v 3876 68 31
v 3877 23 13
v 3878 22 9
v 3879 56 26
v 3880 9 7
v 3881 35 23
v 3882 7 4
v 3883 30 14
v 3884 6 1
v 3885 6 2
v 3886 20 9
v 3887 42 16
v 3888 56 26
v 3889 50 27
v 3890 13 6
v 3891 51 28
v 3892 12 9
v 3893 30 19
v 3894 289 156
v 3895 46 25
v 3896 10 5
v 3897 5 1
v 3898 19 6
v 3899 18 7
v 3900 88 48
v 3901 5 2
v 3902 54 20
v 3903 21 14
v 3904 49 27
v 3905 5 0
v 3906 1 1
v 3907 26 12
v 3908 10 5
v 3909 67 35
v 3910 28 16
v 3911 76 35
v 3912 9 7
v 3913 7 2
v 3914 62 32
v 3915 40 25
v 3916 39 17
v 3917 12 3
v 3918 17 11
v 3919 17 10
v 3920 33 16
v 3921 5 3
v 3922 3 3
v 3923 43 16
v 3924 44 26
v 3925 124 70
v 3926 138 65
v 3927 75 42
v 3928 35 19
v 3929 6 4
v 3930 39 16
v 3931 12 6
v 3932 8 5
v 3933 33 19
v 3934 4 1
v 3935 13 6
v 3936 86 41
v 3937 23 12
v 3938 41 23
v 3939 14 8
v 3940 73 37
v 3941 77 48
v 3942 7 4
v 3943 4 2
v 3944 18 12
v 3945 56 26
v 3946 83 37
v 3947 63 31
v 3948 99 53
v 3949 32 15
v 3950 34 17
v 3951 22 13
v 3952 61 24
v 3953 8 4
v 3954 8 4
v 3959 110 59
v 3960 55 27
v 3961 43 21
v 3963 139 70
v 3966 44 22
v 3968 106 69
v 3969 29 15
v 3971 54 33
v 3975 89 43
v 3976 18 12
v 3977 24 9
v 3978 13 7
v 3985 19 14
v 3995 25 11
v 4113 27 8
v 4114 18 8
v 4115 32 17
v 4116 34 16
v 4117 45 13
v 4118 15 7
v 4119 11 6
v 4121 56 26
v 4122 65 34
v 4123 23 9
v 4124 30 14
v 4125 18 10
v 4126 20 8
v 4127 39 20
v 4128 4 0
v 4129 16 6
v 4130 7 4
v 4131 12 8
v 4132 41 20
v 4133 13 8
v 4134 27 16
v 4135 19 11
v 4136 2 0
v 4137 14 9
v 4138 7 3
v 4139 16 8
v 4140 12 4
v 4141 9 4
v 4142 14 12
v 4143 19 5
v 4144 43 13
v 4145 22 9
v 4146 11 7
v 4147 29 12
v 4148 6 3
v 4149 23 10
v 4150 42 19
v 4151 26 5
v 4152 7 4
v 4153 6 3
v 4154 12 6
v 4155 8 2
v 4156 31 14
v 4157 4 2
v 4158 21 5
v 4159 6 4
v 4160 27 13
v 4161 15 5
v 4162 2 1
v 4163 21 12
v 4164 10 6
v 4165 32 18
v 4166 15 5
v 4167 35 14
v 4168 8 4
v 4169 6 3
v 4170 33 18
v 4171 17 8
v 4172 32 14
v 4173 10 3
v 4174 13 7
v 4175 22 10
v 4176 11 4
v 4177 6 3
v 4178 4 3
v 4179 23 7
v 4180 27 10
v 4181 53 29
v 4182 80 42
v 4183 22 13
v 4184 9 3
v 4185 3 1
v 4186 29 16
v 4187 14 8
v 4188 3 0
v 4189 22 9
v 4190 3 0
v 4191 5 2
v 4192 39 15
v 4193 19 9
v 4194 22 10
v 4195 4 2
v 4196 68 34
v 4197 21 10
v 4198 5 2
v 4199 2 1
v 4200 9 5
v 4201 26 11
v 4202 45 15
v 4203 29 14
v 4204 52 28
v 4205 22 15
v 4206 21 6
v 4207 17 8
v 4208 38 12
v 4209 5 1
v 4210 4 2
v 4215 42 19
v 4216 35 15
v 4217 24 11
v 4219 59 30
v 4222 18 8
v 4224 47 20
v 4225 19 9
v 4227 42 21
v 4231 48 25
v 4232 9 2
v 4233 11 5
v 4234 9 6
v 4241 10 2
v 4251 19 6
v 4370 53 26
v 4371 91 49
v 4372 58 32
v 4373 155 66
v 4374 43 16
v 4375 22 12
v 4377 154 76
v 4378 127 59
v 4379 48 23
v 4380 90 48
v 4381 65 36
v 4382 81 38
v 4383 123 56
v 4384 5 3
v 4385 39 15
v 4386 29 12
v 4387 20 12
v 4388 92 50
v 4389 20 10
v 4390 38 16
v 4391 50 26
v 4392 12 7
v 4393 31 20
v 4394 25 17
v 4395 39 23
v 4396 7 3
v 4397 9 2
v 4398 35 18
v 4399 41 19
v 4400 94 38
v 4401 73 34
v 4402 16 12
v 4403 76 47
v 4404 16 10
v 4405 82 44
v 4406 177 86
v 4407 102 48
v 4408 30 12
v 4409 6 5
v 4410 25 12
v 4411 21 15
v 4412 81 41
v 4413 5 3
v 4414 86 36
v 4415 11 5
v 4416 42 21
v 4417 22 11
v 4418 2 0
v 4419 57 32
v 4420 19 9
v 4421 99 49
v 4422 26 18
v 4423 103 58
v 4424 14 7
v 4425 16 8
v 4426 94 41
v 4427 27 20
v 4428 52 29
v 4429 19 9
v 4430 36 20
v 4431 50 29
v 4432 46 26
v 4433 4 3
v 4434 13 7
v 4435 69 34
v 4436 76 37
v 4437 154 87
v 4438 224 108
v 4439 74 36
v 4440 37 20
v 4441 12 6
v 4442 100 50
v 4443 41 16
v 4444 17 8
v 4445 48 25
v 4446 14 4
v 4447 17 7
v 4448 110 52
v 4449 35 19
v 4450 81 47
v 4451 17 10
v 4452 122 61
v 4453 59 34
v 4454 8 3
v 4455 4 2
v 4456 26 14
v 4457 84 41
v 4458 191 102
v 4459 118 64
v 4460 136 80
v 4461 72 39
v 4462 61 30
v 4463 34 14
v 4464 144 75
v 4465 10 8
v 4466 19 10
v 4471 152 80
v 4472 88 39
v 4473 47 24
v 4475 225 123
v 4478 58 32
v 4480 160 91
v 4481 50 25
v 4483 100 52
v 4487 150 71
v 4488 24 14
v 4489 43 19
v 4490 20 6
v 4497 77 43
v 4507 65 33
v 4627 115 64
v 4628 82 36
v 4629 157 77
v 4630 37 14
v 4631 27 16
v 4633 201 122
v 4634 168 98
v 4635 60 28
v 4636 101 48
v 4637 50 23
v 4638 73 40
v 4639 138 70
v 4640 10 6
v 4641 42 18
v 4642 33 21
v 4643 37 21
v 4644 108 54
v 4645 23 14
v 4646 39 16
v 4647 45 26
v 4648 9 7
v 4649 43 22
v 4650 23 11
v 4651 38 17
v 4652 18 6
v 4653 5 2
v 4654 59 34
v 4655 60 21
v 4656 163 74
v 4657 103 54
v 4658 26 11
v 4659 97 49
v 4660 16 7
v 4661 66 32
v 4662 178 96
v 4663 251 133
v 4664 46 21
v 4665 5 2
v 4666 30 16
v 4667 19 11
v 4668 151 87
v 4669 11 6
v 4670 119 54
v 4671 18 11
v 4672 68 34
v 4673 16 7
v 4674 5 2
v 4675 58 34
v 4676 28 16
v 4677 104 42
v 4678 85 47
v 4679 154 75
v 4680 27 18
v 4681 20 10
v 4682 122 57
v 4683 68 36
v 4684 66 29
v 4685 39 19
v 4686 67 34
v 4687 63 34
v 4688 49 24
v 4689 21 14
v 4690 11 7
v 4691 63 28
v 4692 91 43
v 4693 195 104
v 4694 252 134
v 4695 132 66
v 4696 60 26
v 4697 6 3
v 4698 75 29
v 4699 50 24
v 4700 11 4
v 4701 57 28
v 4702 24 14
v 4703 34 16
v 4704 175 95
v 4705 51 30
v 4706 78 46
v 4707 20 13
v 4708 154 91
v 4709 86 49
v 4710 8 7
v 4711 9 3
v 4712 30 15
v 4713 91 50
v 4714 194 105
v 4715 153 70
v 4716 142 75
v 4717 73 44
v 4718 67 38
v 4719 43 21
v 4720 99 44
v 4721 15 7
v 4722 25 11
v 4727 165 83
v 4728 90 43
v 4729 97 49
v 4731 265 144
v 4734 48 26
v 4736 172 89
v 4737 66 30
v 4739 123 69
v 4743 136 71
v 4744 39 23
v 4745 39 24
v 4746 27 13
v 4753 63 34
v 4763 66 29
v 4884 84 35
v 4885 224 87
v 4886 49 23
v 4887 27 15
v 4889 215 97
v 4890 190 108
v 4891 64 30
v 4892 102 48
v 4893 91 52
v 4894 63 24
v 4895 129 55
v 4896 8 3
v 4897 69 30
v 4898 19 10
v 4899 44 19
v 4900 133 60
v 4901 32 18
v 4902 48 15
v 4903 70 43
v 4904 10 5
v 4905 44 19
v 4906 23 10
v 4907 33 16
v 4908 18 11
v 4909 12 4
v 4910 64 37
v 4911 46 23
v 4912 154 74
v 4913 97 40
v 4914 35 16
v 4915 79 32
v 4916 14 6
v 4917 88 50
v 4918 174 80
v 4919 150 74
v 4920 21 14
v 4921 12 6
v 4922 27 14
v 4923 21 11
v 4924 162 73
v 4925 12 6
v 4926 82 26
v 4927 27 13
v 4928 62 37
v 4929 14 6
v 4930 3 2
v 4931 76 41
v 4932 21 8
v 4933 131 64
v 4934 70 30
v 4935 159 82
v 4936 20 10
v 4937 24 12
v 4938 151 76
v 4939 59 34
v 4940 77 37
v 4941 20 9
v 4942 24 12
v 4943 65 32
v 4944 64 32
v 4945 17 9
v 4946 10 7
v 4947 69 31
v 4948 82 39
v 4949 159 82
v 4950 259 132
v 4951 125 55
v 4952 59 30
v 4953 4 2
v 4954 97 44
v 4955 48 22
v 4956 9 3
v 4957 66 29
v 4958 22 12
v 4959 12 4
v 4960 145 73
v 4961 59 39
v 4962 107 42
v 4963 29 15
v 4964 172 91
v 4965 122 66
v 4966 8 8
v 4967 10 5
v 4968 41 20
v 4969 109 51
v 4970 213 83
v 4971 128 50
v 4972 144 85
v 4973 89 43
v 4974 53 26
v 4975 41 22
v 4976 161 72
v 4977 14 11
v 4978 27 15
v 4983 183 75
v 4984 128 68
v 4985 95 44
v 4987 263 125
v 4990 75 34
v 4992 182 109
v 4993 64 31
v 4995 135 65
v 4999 163 77
v 5000 36 16
v 5001 30 17
v 5002 29 13
v 5009 83 39
v 5019 70 35
v 5141 145 63
v 5142 56 30
v 5143 41 18
v 5145 199 87
v 5146 237 118
v 5147 82 38
v 5148 120 59
v 5149 79 30
v 5150 81 46
v 5151 145 64
v 5152 14 4
v 5153 38 17
v 5154 25 14
v 5155 45 23
v 5156 126 58
v 5157 33 20
v 5158 34 11
v 5159 64 35
v 5160 17 7
v 5161 64 35
v 5162 30 19
v 5163 43 24
v 5164 27 13
v 5165 7 1
v 5166 51 26
v 5167 61 32
v 5168 126 48
v 5169 70 26
v 5170 24 10
v 5171 65 34
v 5172 15 4
v 5173 78 36
v 5174 183 85
v 5175 69 28
v 5176 32 14
v 5177 6 0
v 5178 19 7
v 5179 24 19
v 5180 132 54
v 5181 7 2
v 5182 78 27
v 5183 26 11
v 5184 87 42
v 5185 9 6
v 5186 5 2
v 5187 85 44
v 5188 26 16
v 5189 186 99
v 5190 70 38
v 5191 140 63
v 5192 17 7
v 5193 11 7
v 5194 128 69
v 5195 59 36
v 5196 70 34
v 5197 18 7
v 5198 42 16
v 5199 43 29
v 5200 47 20
v 5201 9 3
v 5202 14 6
v 5203 88 37
v 5204 94 41
v 5205 201 91
v 5206 251 116
v 5207 133 60
v 5208 46 20
v 5209 7 2
v 5210 62 26
v 5211 34 11
v 5212 14 8
v 5213 54 25
v 5214 23 12
v 5215 13 9
v 5216 115 51
v 5217 71 35
v 5218 78 38
v 5219 31 17
v 5220 150 68
v 5221 67 36
v 5222 16 9
v 5223 5 2
v 5224 39 23
v 5225 76 40
v 5226 137 68
v 5227 102 49
v 5228 145 77
v 5229 89 36
v 5230 81 41
v 5231 61 30
v 5232 127 53
v 5233 24 13
v 5234 23 10
v 5239 132 57
v 5240 90 39
v 5241 106 60
v 5243 230 109
v 5246 68 30
v 5248 199 101
v 5249 60 36
v 5251 95 46
v 5255 140 67
v 5256 22 9
v 5257 37 16
v 5258 28 13
v 5265 48 27
v 5275 44 16
v 5398 77 43
v 5399 64 41
v 5401 371 186
v 5402 353 191
v 5403 98 53
v 5404 269 153
v 5405 138 74
v 5406 141 69
v 5407 245 135
v 5408 25 12
v 5409 65 30
v 5410 48 28
v 5411 77 45
v 5412 232 112
v 5413 42 25
v 5414 90 36
v 5415 141 79
v 5416 26 16
v 5417 95 55
v 5418 43 25
v 5419 95 51
v 5420 42 19
v 5421 22 15
v 5422 100 49
v 5423 157 82
v 5424 280 151
v 5425 186 100
v 5426 51 27
v 5427 181 89
v 5428 34 14
v 5429 140 70
v 5430 417 217
v 5431 250 126
v 5432 79 52
v 5433 12 8
v 5434 57 32
v 5435 42 22
v 5436 217 113
v 5437 11 6
v 5438 188 86
v 5439 37 20
v 5440 139 77
v 5441 42 19
v 5442 11 4
v 5443 117 60
v 5444 42 26
v 5445 201 105
v 5446 104 58
v 5447 254 139
v 5448 40 25
v 5449 36 21
v 5450 220 117
v 5451 131 81
v 5452 148 81
v 5453 37 16
v 5454 64 34
v 5455 115 50
v 5456 112 59
v 5457 27 16
v 5458 22 12
v 5459 144 66
v 5460 165 86
v 5461 386 208
v 5462 541 290
v 5463 227 115
v 5464 88 41
v 5465 21 10
v 5466 141 62
v 5467 86 46
v 5468 23 14
v 5469 114 56
v 5470 28 13
v 5471 21 5
v 5472 331 170
v 5473 91 58
v 5474 159 90
v 5475 38 21
v 5476 353 194
v 5477 143 73
v 5478 24 14
v 5479 23 13
v 5480 66 33
v 5481 171 92
v 5482 350 169
v 5483 226 119
v 5484 311 182
v 5485 150 81
v 5486 127 65
v 5487 85 50
v 5488 264 118
v 5489 35 19
v 5490 52 30
v 5495 363 194
v 5496 198 99
v 5497 177 104
v 5499 513 302
v 5502 136 66
v 5504 357 208
v 5505 131 69
v 5507 218 108
v 5511 344 180
v 5512 49 30
v 5513 86 48
v 5514 72 40
v 5521 138 78
v 5531 98 37
v 5655 20 7
v 5657 91 43
v 5658 106 61
v 5659 37 11
v 5660 72 39
v 5661 47 23
v 5662 34 14
v 5663 61 34
v 5664 6 3
v 5665 13 5
v 5666 15 9
v 5667 27 16
v 5668 55 19
v 5669 26 11
v 5670 24 8
v 5671 36 20
v 5672 6 3
v 5673 19 10
v 5674 21 13
v 5675 30 13
v 5676 12 9
v 5677 10 7
v 5678 19 10
v 5679 39 22
v 5680 58 31
v 5681 45 23
v 5682 22 10
v 5683 33 14
v 5684 8 5
v 5685 43 23
v 5686 99 38
v 5687 46 17
v 5688 12 8
v 5689 7 2
v 5690 13 7
v 5691 11 8
v 5692 67 39
v 5693 10 6
v 5694 51 22
v 5695 8 3
v 5696 42 25
v 5697 9 4
v 5698 2 2
v 5699 46 26
v 5700 6 4
v 5701 64 28
v 5702 29 12
v 5703 82 37
v 5704 12 10
v 5705 13 11
v 5706 65 36
v 5707 31 16
v 5708 37 16
v 5709 12 4
v 5710 19 7
v 5711 20 8
v 5712 31 12
v 5713 6 5
v 5714 8 3
v 5715 50 17
v 5716 53 27
v 5717 89 43
v 5718 145 74
v 5719 54 29
v 5720 19 11
v 5721 3 2
v 5722 48 14
v 5723 29 6
v 5724 10 5
v 5725 36 22
v 5726 4 2
v 5727 10 2
v 5728 43 21
v 5729 26 15
v 5730 37 16
v 5731 17 8
v 5732 57 29
v 5733 51 28
v 5734 5 1
v 5735 4 2
v 5736 15 9
v 5737 34 19
v 5738 60 33
v 5739 45 22
v 5740 92 52
v 5741 28 13
v 5742 38 18
v 5743 13 8
v 5744 53 28
v 5745 6 1
v 5746 20 12
v 5751 79 41
v 5752 45 22
v 5753 54 20
v 5755 115 55
v 5758 31 15
v 5760 88 45
v 5761 36 20
v 5763 40 17
v 5767 76 31
v 5768 24 7
v 5769 22 9
v 5770 16 10
v 5777 23 10
v 5787 15 3
v 5913 79 44
v 5914 92 54
v 5915 19 12
v 5916 37 14
v 5917 46 22
v 5918 35 20
v 5919 46 25
v 5920 5 2
v 5921 17 8
v 5922 9 4
v 5923 14 6
v 5924 47 25
v 5925 12 6
v 5926 15 10
v 5927 23 14
v 5928 3 1
v 5929 15 7
v 5930 9 4
v 5931 14 5
v 5932 8 5
v 5933 5 2
v 5934 26 15
v 5935 16 10
v 5936 58 26
v 5937 15 4
v 5938 9 3
v 5939 39 15
v 5940 3 1
v 5941 29 14
v 5942 68 28
v 5943 40 17
v 5944 14 9
v 5945 3 2
v 5946 6 2
v 5947 8 4
v 5948 52 25
v 5949 2 2
v 5950 30 12
v 5951 8 4
v 5952 25 13
v 5953 4 1
v 5955 37 21
v 5956 10 5
v 5957 28 11
v 5958 18 10
v 5959 41 22
v 5960 10 5
v 5961 10 3
v 5962 89 47
v 5963 24 11
v 5964 18 6
v 5965 10 2
v 5966 6 2
v 5967 19 9
v 5968 14 8
v 5969 7 3
v 5971 21 9
v 5972 37 16
v 5973 70 34
v 5974 100 40
v 5975 51 26
v 5976 14 4
v 5977 1 0
v 5978 27 14
v 5979 18 10
v 5980 6 2
v 5981 18 4
v 5982 7 5
v 5983 4 1
v 5984 46 26
v 5985 14 7
v 5986 40 23
v 5987 9 6
v 5988 51 31
v 5989 29 13
v 5990 2 2
v 5991 4 0
v 5992 15 6
v 5993 33 18
v 5994 44 17
v 5995 45 23
v 5996 58 30
v 5997 19 10
v 5998 17 7
v 5999 7 4
v 6000 41 20
v 6001 3 3
v 6002 16 4
v 6007 61 30
v 6008 26 12
v 6009 43 19
v 6011 81 33
v 6014 19 9
v 6016 78 44
v 6017 20 9
v 6019 44 18
v 6023 66 34
v 6024 11 7
v 6025 14 8
v 6026 13 6
v 6033 19 11
v 6043 14 4
v 6426 376 216
v 6427 142 76
v 6428 240 109
v 6429 174 89
v 6430 150 85
v 6431 286 153
v 6432 28 14
v 6433 75 31
v 6434 69 32
v 6435 139 75
v 6436 213 103
v 6437 57 29
v 6438 78 32
v 6439 101 61
v 6440 22 15
v 6441 84 44
v 6442 58 28
v 6443 103 54
v 6444 44 20
v 6445 23 7
v 6446 129 65
v 6447 123 67
v 6448 240 120
v 6449 297 133
v 6450 65 35
v 6451 182 93
v 6452 30 20
v 6453 193 108
v 6454 421 205
v 6455 224 108
v 6456 81 37
v 6457 17 6
v 6458 58 30
v 6459 35 18
v 6460 232 118
v 6461 22 12
v 6462 161 62
v 6463 40 17
v 6464 151 67
v 6465 47 23
v 6466 8 6
v 6467 184 86
v 6468 31 16
v 6469 194 96
v 6470 124 60
v 6471 274 129
v 6472 48 31
v 6473 31 11
v 6474 349 169
v 6475 109 57
v 6476 195 77
v 6477 67 28
v 6478 66 34
v 6479 105 58
v 6480 116 55
v 6481 22 14
v 6482 12 9
v 6483 175 74
v 6484 199 88
v 6485 458 232
v 6486 679 324
v 6487 251 127
v 6488 91 48
v 6489 13 8
v 6490 209 89
v 6491 94 47
v 6492 28 10
v 6493 92 39
v 6494 36 21
v 6495 23 13
v 6496 320 162
v 6497 123 65
v 6498 133 77
v 6499 38 20
v 6500 334 165
v 6501 177 94
v 6502 28 16
v 6503 23 10
v 6504 63 33
v 6505 218 99
v 6506 350 161
v 6507 274 128
v 6508 417 242
v 6509 129 66
v 6510 180 91
v 6511 84 40
v 6512 298 124
v 6513 48 24
v 6514 48 22
v 6519 360 160
v 6520 219 107
v 6521 185 98
v 6523 530 273
v 6526 117 49
v 6528 405 221
v 6529 141 81
v 6531 225 117
v 6535 393 200
v 6536 86 43
v 6537 65 27
v 6538 53 27
v 6545 131 63
v 6555 97 45
v 6683 202 107
v 6684 282 115
v 6685 195 90
v 6686 173 80
v 6687 325 145
v 6688 22 10
v 6689 91 28
v 6690 65 28
v 6691 94 38
v 6692 229 102
v 6693 53 24
v 6694 99 34
v 6695 151 69
v 6696 25 11
v 6697 68 32
v 6698 59 26
v 6699 80 40
v 6700 40 15
v 6701 36 21
v 6702 106 55
v 6703 91 35
v 6704 302 120
v 6705 181 76
v 6706 62 27
v 6707 182 82
v 6708 40 24
v 6709 167 88
v 6710 422 195
v 6711 225 88
v 6712 58 24
v 6713 21 10
v 6714 50 27
v 6715 40 18
v 6716 244 107
v 6717 14 9
v 6718 171 60
v 6719 54 24
v 6720 167 83
v 6721 36 8
v 6722 6 2
v 6723 172 74
v 6724 47 22
v 6725 211 92
v 6726 137 60
v 6727 293 117
v 6728 60 29
v 6729 42 19
v 6730 326 139
v 6731 135 60
v 6732 144 58
v 6733 68 30
v 6734 101 35
v 6735 112 61
v 6736 78 42
v 6737 26 18
v 6738 17 7
v 6739 184 72
v 6740 232 99
v 6741 409 187
v 6742 717 288
v 6743 290 127
v 6744 88 38
v 6745 18 9
v 6746 167 55
v 6747 88 28
v 6748 24 7
v 6749 143 50
v 6750 37 15
v 6751 31 14
v 6752 284 139
v 6753 117 53
v 6754 125 60
v 6755 47 23
v 6756 374 168
v 6757 163 74
v 6758 28 14
v 6759 15 5
v 6760 69 28
v 6761 195 92
v 6762 339 155
v 6763 250 114
v 6764 366 179
v 6765 150 65
v 6766 155 64
v 6767 94 37
v 6768 268 113
v 6769 38 18
v 6770 61 29
v 6775 352 151
v 6776 235 90
v 6777 211 101
v 6779 537 236
v 6782 146 62
v 6784 429 208
v 6785 153 73
v 6787 235 103
v 6791 368 158
v 6792 79 37
v 6793 75 32
v 6794 69 32
v 6801 140 65
v 6811 101 36
v 6940 78 42
v 6941 85 39
v 6942 62 29
v 6943 120 56
v 6944 10 4
v 6945 20 7
v 6946 26 10
v 6947 44 22
v 6948 118 59
v 6949 27 12
v 6950 45 20
v 6951 45 24
v 6952 12 1
v 6953 21 14
v 6954 25 7
v 6955 34 15
v 6956 15 5
v 6957 18 7
v 6958 38 22
v 6959 39 19
v 6960 87 50
v 6961 54 21
v 6962 23 9
v 6963 42 22
v 6964 15 6
v 6965 65 32
v 6966 136 56
v 6967 80 31
v 6968 22 12
v 6969 9 3
v 6970 12 6
v 6971 12 3
v 6972 110 58
v 6973 3 2
v 6974 60 24
v 6975 19 7
v 6976 67 34
v 6977 13 6
v 6978 5 2
v 6979 60 28
v 6980 25 12
v 6981 78 35
v 6982 54 28
v 6983 112 52
v 6984 22 14
v 6985 16 9
v 6986 108 51
v 6987 58 23
v 6988 52 23
v 6989 19 7
v 6990 26 14
v 6991 27 16
v 6992 42 21
v 6993 9 2
v 6994 8 4
v 6995 56 26
v 6996 75 42
v 6997 160 79
v 6998 255 109
v 6999 82 53
v 7000 50 23
v 7001 4 4
v 7002 43 17
v 7003 33 19
v 7004 8 5
v 7005 53 23
v 7006 22 9
v 7007 13 7
v 7008 93 42
v 7009 49 23
v 7010 43 22
v 7011 25 16
v 7012 139 74
v 7013 68 36
v 7014 19 8
v 7015 7 2
v 7016 30 15
v 7017 55 25
v 7018 125 58
v 7019 80 28
v 7020 121 60
v 7021 69 20
v 7022 62 27
v 7023 29 13
v 7024 84 39
v 7025 9 6
v 7026 30 12
v 7031 118 61
v 7032 96 38
v 7033 83 39
v 7035 153 66
v 7038 59 25
v 7040 144 73
v 7041 58 31
v 7043 93 40
v 7047 154 52
v 7048 24 14
v 7049 38 16
v 7050 26 14
v 7057 45 23
v 7067 39 19
v 7197 129 70
v 7198 95 44
v 7199 203 109
v 7200 33 17
v 7201 50 17
v 7202 46 31
v 7203 43 27
v 7204 167 92
v 7205 29 19
v 7206 65 27
v 7207 113 61
v 7208 17 6
v 7209 44 26
v 7210 22 13
v 7211 54 34
v 7212 20 12
v 7213 12 5
v 7214 61 33
v 7215 63 30
v 7216 183 84
v 7217 123 56
v 7218 35 17
v 7219 92 38
v 7220 21 8
v 7221 99 54
v 7222 325 167
v 7223 177 72
v 7224 34 21
v 7225 10 5
v 7226 30 14
v 7227 22 8
v 7228 190 92
v 7229 12 6
v 7230 170 64
v 7231 32 19
v 7232 103 48
v 7233 22 12
v 7234 6 2
v 7235 78 45
v 7236 29 20
v 7237 151 77
v 7238 62 38
v 7239 163 78
v 7240 15 7
v 7241 16 10
v 7242 192 105
v 7243 95 55
v 7244 100 42
v 7245 37 12
v 7246 55 22
v 7247 62 29
v 7248 87 53
v 7249 16 8
v 7250 16 7
v 7251 105 47
v 7252 104 60
v 7253 278 143
v 7254 415 202
v 7255 186 97
v 7256 83 47
v 7257 15 7
v 7258 106 53
v 7259 67 33
v 7260 18 6
v 7261 70 33
v 7262 32 21
v 7263 37 19
v 7264 171 89
v 7265 71 40
v 7266 108 52
v 7267 25 11
v 7268 202 103
v 7269 138 80
v 7270 15 9
v 7271 11 6
v 7272 55 32
v 7273 145 68
v 7274 267 128
v 7275 207 90
v 7276 305 177
v 7277 202 83
v 7278 76 30
v 7279 69 38
v 7280 138 60
v 7281 15 10
v 7282 32 18
v 7287 177 92
v 7288 139 65
v 7289 115 64
v 7291 322 171
v 7294 78 43
v 7296 283 152
v 7297 81 51
v 7299 162 75
v 7303 265 134
v 7304 38 16
v 7305 57 26
v 7306 43 21
v 7313 60 31
v 7323 70 28
v 7454 69 35
v 7455 100 49
v 7456 12 8
v 7457 26 8
v 7458 24 15
v 7459 32 16
v 7460 106 44
v 7461 20 10
v 7462 34 17
v 7463 54 19
v 7464 20 12
v 7465 40 19
v 7466 18 11
v 7467 35 12
v 7468 18 9
v 7469 14 6
v 7470 43 21
v 7471 41 15
v 7472 114 59
v 7473 81 39
v 7474 14 8
v 7475 67 34
v 7476 19 9
v 7477 83 40
v 7478 135 62
v 7479 98 48
v 7480 27 11
v 7481 3 2
v 7482 21 11
v 7483 26 7
v 7484 112 50
v 7485 5 3
v 7486 87 40
v 7487 24 11
v 7488 71 38
v 7489 19 11
v 7490 6 4
v 7491 64 33
v 7492 22 9
v 7493 83 33
v 7494 104 50
v 7495 119 50
v 7496 24 14
v 7497 17 8
v 7498 120 59
v 7499 67 36
v 7500 77 38
v 7501 33 15
v 7502 31 17
v 7503 48 21
v 7504 50 28
v 7505 8 4
v 7506 6 6
v 7507 57 27
v 7508 76 41
v 7509 157 87
v 7510 231 104
v 7511 110 50
v 7512 46 21
v 7513 3 3
v 7514 83 37
v 7515 42 17
v 7516 15 4
v 7517 101 43
v 7518 7 4
v 7519 6 1
v 7520 139 66
v 7521 53 25
v 7522 90 46
v 7523 18 8
v 7524 147 74
v 7525 80 44
v 7526 12 7
v 7527 14 5
v 7528 34 17
v 7529 96 44
v 7530 157 76
v 7531 114 60
v 7532 202 105
v 7533 74 42
v 7534 66 31
v 7535 27 11
v 7536 119 47
v 7537 16 8
v 7538 22 9
v 7543 170 89
v 7544 102 46
v 7545 85 40
v 7547 177 92
v 7550 60 31
v 7552 184 94
v 7553 63 29
v 7555 129 56
v 7559 177 90
v 7560 30 15
v 7561 31 14
v 7562 32 18
v 7569 77 44
v 7579 45 19
v 7711 145 78
v 7712 13 6
v 7713 41 17
v 7714 19 11
v 7715 44 25
v 7716 119 58
v 7717 29 18
v 7718 36 15
v 7719 55 33
v 7720 11 5
v 7721 28 17
v 7722 27 14
v 7723 52 28
v 7724 14 7
v 7725 7 4
v 7726 28 18
v 7727 42 20
v 7728 95 43
v 7729 77 43
v 7730 19 8
v 7731 60 32
v 7732 19 11
v 7733 60 29
v 7734 172 92
v 7735 79 31
v 7736 28 14
v 7737 11 4
v 7738 26 11
v 7739 18 9
v 7740 125 68
v 7741 9 5
v 7742 52 16
v 7743 28 17
v 7744 70 36
v 7745 13 6
v 7746 4 3
v 7747 59 33
v 7748 18 13
v 7749 94 47
v 7750 55 29
v 7751 119 66
v 7752 15 6
v 7753 18 10
v 7754 110 55
v 7755 57 33
v 7756 85 42
v 7757 39 23
v 7758 48 24
v 7759 35 17
v 7760 65 32
v 7761 8 4
v 7762 5 3
v 7763 61 23
v 7764 67 35
v 7765 169 92
v 7766 223 124
v 7767 125 56
v 7768 43 22
v 7769 9 2
v 7770 63 25
v 7771 44 22
v 7772 17 8
v 7773 59 27
v 7774 20 12
v 7775 13 8
v 7776 113 66
v 7777 30 19
v 7778 54 30
v 7779 15 8
v 7780 135 75
v 7781 100 56
v 7782 12 7
v 7783 6 2
v 7784 38 21
v 7785 104 52
v 7786 138 65
v 7787 98 54
v 7788 142 76
v 7789 54 34
v 7790 60 33
v 7791 38 18
v 7792 115 54
v 7793 23 11
v 7794 17 12
v 7799 180 98
v 7800 77 42
v 7801 64 24
v 7803 220 126
v 7806 64 30
v 7808 138 76
v 7809 55 36
v 7811 103 50
v 7815 147 66
v 7816 21 9
v 7817 35 16
v 7818 37 17
v 7825 62 26
v 7835 50 27
v 7968 19 13
v 7969 46 19
v 7970 44 24
v 7971 65 39
v 7972 168 84
v 7973 45 24
v 7974 58 30
v 7975 111 56
v 7976 17 10
v 7977 78 47
v 7978 42 24
v 7979 57 31
v 7980 28 15
v 7981 21 7
v 7982 68 38
v 7983 70 33
v 7984 193 102
v 7985 150 62
v 7986 44 16
v 7987 89 35
v 7988 41 23
v 7989 81 42
v 7990 317 153
v 7991 145 54
v 7992 50 19
v 7993 15 6
v 7994 42 20
v 7995 42 22
v 7996 209 113
v 7997 14 7
v 7998 128 51
v 7999 29 15
v 8000 98 45
v 8001 25 11
v 8002 6 2
v 8003 127 56
v 8004 27 16
v 8005 167 84
v 8006 93 42
v 8007 196 105
v 8008 29 15
v 8009 26 10
v 8010 204 85
v 8011 92 58
v 8012 115 52
v 8013 46 19
v 8014 60 25
v 8015 59 31
v 8016 67 31
v 8017 13 8
v 8018 17 10
v 8019 112 54
v 8020 134 68
v 8021 316 157
v 8022 434 202
v 8023 199 90
v 8024 67 30
v 8025 10 6
v 8026 89 45
v 8027 68 36
v 8028 20 6
v 8029 117 50
v 8030 27 15
v 8031 21 8
v 8032 192 89
v 8033 75 47
v 8034 81 48
v 8035 36 12
v 8036 296 134
v 8037 150 83
v 8038 28 15
v 8039 13 3
v 8040 59 30
v 8041 134 58
v 8042 270 140
v 8043 153 63
v 8044 305 148
v 8045 79 41
v 8046 114 63
v 8047 84 40
v 8048 177 57
v 8049 33 17
v 8050 38 18
v 8055 278 135
v 8056 121 63
v 8057 195 103
v 8059 448 229
v 8062 98 44
v 8064 265 141
v 8065 96 50
v 8067 166 88
v 8071 237 130
v 8072 36 19
v 8073 87 46
v 8074 39 13
v 8081 91 42
v 8091 89 42
v 8225 3 1
v 8226 4 1
v 8227 3 1
v 8228 15 7
v 8229 1 1
v 8230 3 1
v 8231 8 3
v 8232 1 0
v 8233 10 4
v 8234 3 2
v 8235 3 2
v 8236 4 3
v 8237 6 2
v 8238 5 3
v 8239 7 3
v 8240 16 7
v 8241 11 6
v 8242 5 3
v 8243 5 2
v 8244 3 1
v 8245 10 6
v 8246 31 15
v 8247 10 3
v 8248 8 3
v 8249 1 0
v 8250 1 1
v 8251 1 0
v 8252 18 8
v 8254 5 1
v 8255 3 3
v 8256 9 3
v 8258 1 1
v 8259 6 4
v 8260 3 1
v 8261 19 8
v 8262 7 2
v 8263 25 11
v 8264 3 1
v 8265 5 2
v 8266 27 14
v 8267 8 5
v 8268 10 7
v 8269 3 2
v 8270 3 2
v 8271 8 4
v 8272 7 5
v 8273 2 2
v 8275 9 4
v 8276 10 6
v 8277 25 15
v 8278 27 14
v 8279 14 8
v 8280 13 3
v 8281 1 1
v 8282 12 3
v 8283 7 2
v 8284 5 3
v 8285 15 6
v 8286 7 3
v 8287 2 1
v 8288 18 4
v 8289 10 5
v 8290 11 5
v 8291 2 1
v 8292 20 12
v 8293 14 6
v 8294 3 2
v 8295 1 1
v 8296 4 3
v 8297 15 8
v 8298 17 7
v 8299 14 7
v 8300 16 7
v 8301 4 0
v 8302 15 8
v 8303 14 8
v 8304 14 6
v 8305 3 2
v 8306 4 1
v 8311 24 11
v 8312 7 4
v 8313 10 4
v 8315 32 13
v 8318 6 3
v 8320 28 16
v 8321 8 6
v 8323 17 9
v 8327 19 8
v 8328 4 2
v 8329 8 2
v 8330 2 0
v 8337 7 3
v 8347 7 2
v 8482 14 13
v 8483 18 9
v 8484 66 42
v 8485 29 15
v 8486 18 8
v 8487 23 12
v 8488 6 1
v 8489 9 6
v 8490 8 5
v 8491 12 7
v 8492 7 3
v 8493 5 1
v 8494 23 15
v 8495 18 13
v 8496 58 35
v 8497 57 34
v 8498 14 7
v 8499 39 25
v 8500 10 5
v 8501 24 16
v 8502 105 69
v 8503 64 41
v 8504 8 4
v 8505 2 1
v 8506 15 11
v 8507 13 8
v 8508 52 35
v 8509 6 4
v 8510 47 25
v 8511 5 3
v 8512 21 17
v 8513 17 13
v 8514 8 6
v 8515 32 23
v 8516 4 4
v 8517 55 31
v 8518 21 12
v 8519 56 35
v 8520 56 35
v 8521 8 5
v 8522 61 38
v 8523 40 24
v 8524 40 25
v 8525 14 10
v 8526 22 8
v 8527 17 12
v 8528 43 26
v 8529 5 4
v 8530 4 2
v 8531 26 13
v 8532 34 19
v 8533 140 88
v 8534 107 70
v 8535 55 37
v 8536 15 6
v 8537 12 4
v 8538 42 25
v 8539 31 20
v 8540 7 5
v 8541 36 19
v 8542 14 9
v 8543 6 4
v 8544 61 36
v 8545 16 13
v 8546 33 21
v 8547 22 13
v 8548 83 53
v 8549 51 38
v 8551 6 3
v 8552 21 13
v 8553 64 42
v 8554 82 47
v 8555 54 39
v 8556 78 49
v 8557 31 16
v 8558 26 14
v 8559 21 10
v 8560 54 35
v 8561 2 2
v 8562 12 8
v 8567 94 54
v 8568 43 22
v 8569 45 23
v 8571 134 78
v 8574 31 18
v 8576 79 48
v 8577 18 14
v 8579 63 40
v 8583 116 66
v 8584 15 11
v 8585 19 9
v 8586 12 9
v 8593 38 26
v 8603 33 20
v 8739 11 5
v 8740 46 14
v 8741 10 7
v 8742 9 1
v 8743 15 9
v 8744 4 1
v 8745 15 6
v 8746 11 7
v 8747 13 5
v 8748 13 10
v 8749 8 4
v 8750 11 4
v 8751 13 3
v 8752 27 17
v 8753 32 12
v 8754 6 5
v 8755 19 11
v 8756 5 0
v 8757 21 9
v 8758 59 26
v 8759 34 16
v 8760 11 5
v 8761 7 1
v 8762 5 0
v 8763 5 4
v 8764 52 24
v 8765 5 2
v 8766 17 5
v 8767 8 4
v 8768 29 18
v 8769 10 5
v 8770 2 2
v 8771 52 24
v 8772 13 6
v 8773 44 18
v 8774 19 10
v 8775 34 15
v 8776 5 3
v 8777 5 3
v 8778 50 26
v 8779 18 10
v 8780 24 8
v 8781 3 0
v 8782 9 1
v 8783 19 12
v 8784 21 6
v 8785 4 3
v 8786 5 3
v 8787 29 11
v 8788 23 14
v 8789 60 21
v 8790 83 39
v 8791 27 14
v 8792 9 3
v 8793 3 3
v 8794 30 15
v 8795 24 12
v 8796 2 2
v 8797 13 6
v 8798 6 3
v 8799 5 4
v 8800 58 31
v 8801 19 11
v 8802 24 11
v 8803 5 3
v 8804 51 28
v 8805 22 11
v 8806 8 5
v 8807 7 2
v 8808 14 8
v 8809 36 23
v 8810 41 25
v 8811 38 16
v 8812 54 32
v 8813 17 7
v 8814 22 13
v 8815 21 9
v 8816 28 17
v 8817 6 1
v 8818 7 3
v 8823 39 18
v 8824 17 11
v 8825 35 15
v 8827 74 34
v 8830 23 12
v 8832 80 36
v 8833 15 6
v 8835 37 19
v 8839 51 29
v 8840 20 8
v 8841 22 5
v 8842 8 4
v 8849 19 10
v 8859 13 7
v 8996 55 29
v 8997 18 12
v 8998 18 10
v 8999 25 16
v 9000 13 4
v 9001 16 8
v 9002 15 4
v 9003 26 6
v 9004 15 7
v 9005 4 1
v 9006 18 11
v 9007 65 32
v 9008 59 20
v 9009 43 16
v 9010 10 5
v 9011 17 6
v 9012 8 4
v 9013 31 14
v 9014 105 44
v 9015 34 7
v 9016 14 5
v 9017 5 3
v 9018 11 3
v 9019 18 12
v 9020 35 15
v 9022 42 14
v 9023 9 2
v 9024 25 10
v 9025 6 5
v 9026 2 2
v 9027 42 19
v 9028 15 11
v 9029 62 30
v 9030 24 14
v 9031 42 16
v 9032 8 5
v 9033 8 4
v 9034 54 25
v 9035 42 21
v 9036 73 38
v 9037 7 4
v 9038 16 4
v 9039 29 13
v 9040 22 6
v 9041 6 4
v 9042 3 1
v 9043 35 15
v 9044 55 19
v 9045 111 45
v 9046 116 57
v 9047 59 34
v 9048 8 4
v 9049 5 4
v 9050 28 13
v 9051 22 7
v 9052 5 2
v 9053 28 11
v 9054 17 7
v 9055 8 5
v 9056 64 35
v 9057 22 9
v 9058 29 14
v 9059 12 7
v 9060 62 23
v 9061 52 23
v 9062 13 9
v 9063 1 0
v 9064 21 11
v 9065 47 22
v 9066 43 13
v 9067 30 14
v 9068 92 44
v 9069 22 10
v 9070 54 20
v 9071 25 15
v 9072 41 23
v 9073 11 5
v 9074 9 6
v 9079 64 30
v 9080 40 17
v 9081 56 26
v 9083 80 37
v 9086 28 11
v 9088 76 40
v 9089 34 19
v 9091 51 22
v 9095 68 27
v 9096 13 6
v 9097 12 6
v 9098 17 6
v 9105 18 9
v 9115 22 10
v 9253 47 30
v 9254 51 24
v 9255 98 53
v 9256 11 6
v 9257 51 25
v 9258 47 28
v 9259 72 34
v 9260 19 11
v 9261 17 10
v 9262 55 29
v 9263 100 53
v 9264 177 90
v 9265 166 98
v 9266 32 19
v 9267 120 70
v 9268 45 21
v 9269 118 56
v 9270 252 131
v 9271 178 84
v 9272 46 22
v 9273 10 4
v 9274 28 11
v 9275 30 19
v 9276 133 66
v 9277 5 3
v 9278 156 67
v 9279 30 14
v 9280 94 46
v 9281 38 14
v 9282 5 3
v 9283 121 59
v 9284 44 19
v 9285 174 90
v 9286 65 34
v 9287 193 110
v 9288 31 16
v 9289 34 20
v 9290 176 85
v 9291 62 29
v 9292 98 49
v 9293 41 27
v 9294 43 21
v 9295 99 42
v 9296 79 47
v 9297 5 3
v 9298 13 10
v 9299 132 70
v 9300 125 64
v 9301 301 159
v 9302 366 185
v 9303 143 75
v 9304 34 18
v 9305 7 3
v 9306 115 51
v 9307 74 36
v 9308 22 11
v 9309 92 44
v 9310 29 11
v 9311 23 11
v 9312 222 115
v 9313 62 31
v 9314 124 76
v 9315 35 22
v 9316 241 125
v 9317 114 53
v 9318 24 17
v 9319 18 4
v 9320 28 14
v 9321 113 60
v 9322 263 140
v 9323 153 77
v 9324 224 123
v 9325 77 44
v 9326 82 45
v 9327 36 16
v 9328 229 106
v 9329 20 11
v 9330 33 18
v 9335 251 125
v 9336 139 70
v 9337 98 47
v 9339 320 171
v 9342 74 36
v 9344 256 133
v 9345 52 32
v 9347 172 94
v 9351 243 122
v 9352 49 30
v 9353 56 21
v 9354 228 106
v 9361 80 46
v 9371 81 30
v 9510 17 8
v 9511 18 12
v 9512 11 4
v 9513 11 8
v 9514 7 2
v 9515 11 2
v 9516 6 3
v 9517 8 4
v 9518 18 12
v 9519 18 6
v 9520 34 15
v 9521 27 12
v 9522 8 2
v 9523 21 10
v 9524 7 5
v 9525 45 22
v 9526 45 23
v 9527 22 11
v 9528 5 2
v 9529 3 1
v 9530 10 2
v 9531 15 5
v 9532 29 9
v 9533 2 0
v 9534 16 2
v 9535 8 2
v 9536 21 3
v 9537 4 1
v 9538 3 2
v 9539 23 9
v 9540 8 5
v 9541 35 12
v 9542 8 7
v 9543 43 18
v 9544 5 2
v 9545 7 2
v 9546 33 15
v 9547 19 14
v 9548 15 6
v 9549 9 2
v 9550 10 5
v 9551 11 6
v 9552 9 3
v 9553 5 3
v 9554 6 3
v 9555 27 10
v 9556 24 11
v 9557 50 20
v 9558 91 34
v 9559 35 13
v 9560 8 3
v 9561 5 2
v 9562 24 10
v 9563 11 5
v 9564 2 1
v 9565 24 10
v 9566 6 4
v 9567 9 4
v 9568 29 13
v 9569 20 6
v 9570 18 11
v 9571 7 4
v 9572 49 21
v 9573 44 15
v 9574 7 2
v 9575 4 1
v 9576 13 4
v 9577 35 15
v 9578 38 14
v 9579 34 13
v 9580 36 15
v 9581 19 9
v 9582 20 9
v 9583 13 5
v 9584 26 14
v 9585 9 3
v 9586 8 5
v 9591 46 21
v 9592 22 6
v 9593 28 7
v 9595 55 27
v 9598 16 8
v 9600 58 27
v 9601 25 13
v 9603 36 15
v 9607 40 17
v 9608 8 4
v 9609 16 6
v 9610 14 6
v 9617 17 9
v 9627 25 7
v 9767 28 13
v 9768 6 3
v 9769 20 10
v 9770 8 3
v 9771 15 8
v 9772 13 9
v 9773 9 9
v 9774 9 6
v 9775 14 9
v 9776 65 31
v 9777 35 14
v 9778 7 4
v 9779 57 32
v 9780 11 6
v 9781 43 31
v 9782 103 53
v 9783 51 19
v 9784 64 36
v 9785 3 2
v 9786 14 7
v 9787 9 4
v 9788 67 33
v 9789 2 0
v 9790 32 15
v 9791 8 6
v 9792 22 10
v 9793 12 6
v 9794 3 2
v 9795 26 15
v 9796 6 3
v 9797 51 30
v 9798 29 15
v 9799 68 38
v 9800 49 25
v 9801 4 2
v 9802 62 35
v 9803 27 16
v 9804 46 21
v 9805 10 5
v 9806 20 7
v 9807 21 12
v 9808 16 9
v 9809 7 4
v 9810 4 3
v 9811 31 12
v 9812 38 25
v 9813 101 56
v 9814 106 46
v 9815 70 37
v 9816 22 15
v 9817 3 2
v 9818 20 10
v 9819 23 9
v 9820 4 4
v 9821 24 10
v 9822 10 4
v 9823 5 2
v 9824 70 33
v 9825 32 20
v 9826 40 15
v 9827 12 6
v 9828 67 34
v 9829 39 26
v 9830 9 4
v 9831 8 5
v 9832 20 8
v 9833 42 20
v 9834 97 54
v 9835 65 28
v 9836 79 49
v 9837 28 14
v 9838 36 21
v 9839 16 7
v 9840 41 23
v 9841 3 2
v 9842 8 4
v 9847 92 48
v 9848 44 26
v 9849 50 27
v 9851 117 58
v 9854 40 21
v 9856 93 51
v 9857 26 13
v 9859 42 23
v 9863 86 50
v 9864 15 8
v 9865 18 6
v 9866 10 4
v 9873 24 12
v 9883 34 16
v 10024 5 2
v 10025 27 11
v 10026 22 12
v 10027 35 22
v 10028 15 9
v 10029 8 1
v 10030 24 12
v 10031 40 17
v 10032 73 29
v 10033 68 34
v 10034 15 9
v 10035 76 34
v 10036 21 12
v 10037 36 17
v 10038 141 64
v 10039 85 33
v 10040 21 10
v 10041 9 7
v 10042 17 5
v 10043 18 8
v 10044 67 32
v 10045 3 2
v 10046 60 21
v 10047 17 11
v 10048 61 23
v 10049 18 10
v 10050 1 0
v 10051 65 32
v 10052 27 17
v 10053 55 23
v 10054 36 19
v 10055 89 40
v 10056 20 10
v 10057 11 5
v 10058 103 49
v 10059 35 17
v 10060 50 26
v 10061 17 4
v 10062 30 14
v 10063 44 19
v 10064 36 15
v 10065 4 3
v 10066 6 3
v 10067 59 24
v 10068 57 28
v 10069 145 66
v 10070 162 71
v 10071 68 25
v 10072 31 13
v 10073 7 3
v 10074 64 28
v 10075 32 15
v 10076 15 7
v 10077 44 21
v 10078 19 8
v 10079 18 9
v 10080 78 37
v 10081 52 28
v 10082 62 36
v 10083 8 4
v 10084 137 70
v 10085 49 28
v 10086 11 6
v 10087 5 3
v 10088 22 7
v 10089 64 26
v 10090 101 47
v 10091 65 33
v 10092 118 49
v 10093 66 29
v 10094 37 14
v 10095 26 16
v 10096 81 39
v 10097 15 8
v 10098 26 14
v 10103 124 53
v 10104 83 35
v 10105 57 24
v 10107 165 68
v 10110 56 21
v 10112 154 81
v 10113 53 31
v 10115 67 31
v 10119 124 57
v 10120 27 14
v 10121 30 9
v 10122 21 8
v 10129 40 16
v 10139 45 21
v 10281 6 3
v 10282 4 1
v 10283 2 1
v 10284 3 2
v 10285 5 2
v 10286 3 2
v 10287 10 5
v 10288 17 10
v 10289 14 5
v 10290 1 1
v 10291 13 5
v 10292 3 1
v 10293 8 5
v 10294 19 7
v 10295 13 8
v 10296 7 4
v 10297 3 1
v 10298 6 3
v 10299 3 2
v 10300 15 9
v 10301 1 1
v 10302 6 4
v 10303 10 3
v 10304 11 5
v 10305 5 3
v 10306 2 1
v 10307 6 3
v 10308 2 2
v 10309 19 8
v 10310 7 5
v 10311 19 8
v 10312 4 2
v 10313 5 3
v 10314 16 7
v 10315 11 3
v 10316 10 6
v 10317 5 1
v 10318 5 3
v 10319 8 3
v 10320 8 4
v 10321 1 1
v 10322 2 2
v 10323 12 5
v 10324 13 4
v 10325 23 13
v 10326 33 12
v 10327 16 7
v 10328 5 3
v 10329 1 1
v 10330 18 6
v 10331 7 1
v 10332 4 2
v 10333 11 5
v 10334 6 4
v 10335 1 1
v 10336 13 10
v 10337 8 6
v 10338 11 7
v 10339 5 4
v 10340 22 14
v 10341 11 3
v 10342 4 3
v 10343 1 1
v 10344 9 6
v 10345 13 7
v 10346 21 11
v 10347 8 3
v 10348 18 7
v 10349 9 5
v 10350 10 6
v 10351 7 4
v 10352 8 3
v 10353 4 4
v 10354 3 1
v 10359 16 8
v 10360 10 4
v 10361 11 2
v 10363 29 13
v 10366 8 3
v 10368 22 15
v 10369 10 4
v 10371 11 7
v 10375 13 7
v 10376 8 3
v 10377 3 1
v 10378 7 4
v 10385 11 5
v 10395 11 4
v 10538 17 8
v 10539 21 9
v 10540 8 2
v 10541 6 2
v 10542 13 6
v 10543 20 8
v 10544 41 19
v 10545 30 19
v 10546 13 8
v 10547 40 15
v 10548 9 3
v 10549 27 17
v 10550 148 75
v 10551 57 29
v 10552 6 2
v 10553 2 1
v 10554 13 6
v 10555 11 4
v 10556 38 9
v 10557 3 1
v 10558 41 12
v 10559 18 11
v 10560 44 20
v 10561 20 11
v 10562 3 1
v 10563 33 15
v 10564 11 5
v 10565 26 11
v 10566 28 10
v 10567 89 26
v 10568 13 3
v 10569 8 4
v 10570 56 31
v 10571 30 12
v 10572 41 20
v 10573 10 3
v 10574 19 6
v 10575 28 17
v 10576 16 6
v 10577 1 0
v 10578 4 1
v 10579 35 13
v 10580 27 11
v 10581 91 33
v 10582 109 43
v 10583 45 21
v 10584 30 13
v 10585 6 3
v 10586 39 16
v 10587 18 4
v 10588 13 4
v 10589 46 13
v 10590 2 2
v 10591 10 5
v 10592 53 19
v 10593 23 6
v 10594 39 20
v 10595 11 7
v 10596 93 50
v 10597 29 12
v 10598 6 1
v 10599 4 1
v 10600 21 7
v 10601 40 13
v 10602 85 40
v 10603 52 24
v 10604 60 34
v 10605 36 11
v 10606 35 15
v 10607 16 10
v 10608 41 15
v 10609 7 5
v 10610 8 4
v 10615 72 31
v 10616 55 30
v 10617 32 13
v 10619 106 55
v 10622 37 13
v 10624 103 51
v 10625 33 12
v 10627 45 24
v 10631 106 66
v 10632 11 8
v 10633 24 13
v 10634 14 7
v 10641 26 10
v 10651 16 7
v 10795 12 5
v 10796 9 2
v 10797 6 0
v 10798 12 6
v 10799 12 5
v 10800 33 18
v 10801 32 11
v 10802 11 3
v 10803 16 7
v 10804 7 3
v 10805 26 15
v 10806 34 20
v 10807 17 7
v 10808 10 7
v 10809 2 1
v 10810 7 2
v 10811 4 4
v 10812 41 22
v 10813 5 0
v 10814 22 7
v 10815 8 2
v 10816 17 8
v 10817 4 2
v 10819 23 14
v 10820 7 4
v 10821 81 42
v 10822 14 8
v 10823 36 20
v 10824 8 1
v 10825 11 1
v 10826 29 17
v 10827 13 7
v 10828 16 9
v 10829 3 0
v 10830 10 4
v 10831 16 7
v 10832 8 4
v 10833 2 1
v 10834 5 4
v 10835 18 6
v 10836 19 5
v 10837 43 21
v 10838 85 39
v 10839 39 20
v 10840 20 8
v 10841 5 3
v 10842 18 5
v 10843 17 6
v 10844 6 1
v 10845 16 8
v 10846 4 2
v 10847 6 2
v 10848 32 20
v 10849 25 8
v 10850 21 7
v 10851 4 0
v 10852 39 20
v 10853 33 17
v 10854 5 2
v 10855 5 2
v 10856 17 10
v 10857 23 15
v 10858 46 25
v 10859 30 13
v 10860 30 14
v 10861 10 4
v 10862 19 8
v 10863 14 10
v 10864 33 9
v 10865 5 1
v 10866 12 6
v 10871 45 21
v 10872 21 10
v 10873 31 13
v 10875 68 36
v 10878 18 10
v 10880 37 18
v 10881 14 8
v 10883 21 5
v 10887 52 26
v 10888 8 3
v 10889 7 3
v 10890 10 3
v 10897 10 3
v 10907 9 3
v 11052 9 4
v 11053 5 3
v 11054 11 4
v 11055 37 13
v 11056 69 33
v 11057 39 21
v 11058 8 4
v 11059 36 20
v 11060 7 2
v 11061 32 17
v 11062 87 47
v 11063 44 13
v 11064 16 10
v 11065 6 4
v 11066 14 9
v 11067 11 5
v 11068 59 32
v 11069 6 2
v 11070 33 12
v 11071 12 5
v 11072 31 16
v 11073 6 2
v 11074 3 3
v 11075 32 17
v 11076 15 5
v 11077 48 23
v 11078 24 10
v 11079 67 32
v 11080 9 7
v 11081 6 2
v 11082 57 32
v 11083 28 11
v 11084 36 21
v 11085 14 3
v 11086 19 11
v 11087 20 11
v 11088 26 8
v 11089 4 2
v 11090 7 3
v 11091 35 12
v 11092 45 21
v 11093 106 53
v 11094 122 62
v 11095 59 38
v 11096 25 10
v 11097 4 1
v 11098 29 9
v 11099 23 10
v 11100 7 5
v 11101 19 12
v 11102 10 7
v 11103 9 2
v 11104 56 22
v 11105 26 13
v 11106 37 20
v 11107 9 4
v 11108 73 24
v 11109 50 24
v 11110 8 6
v 11111 2 0
v 11112 12 10
v 11113 34 17
v 11114 60 22
v 11115 38 17
v 11116 86 51
v 11117 40 16
v 11118 36 15
v 11119 23 11
v 11120 32 14
v 11121 7 5
v 11122 6 4
v 11127 83 32
v 11128 36 13
v 11129 32 15
v 11131 108 53
v 11134 30 14
v 11136 90 46
v 11137 29 17
v 11139 38 20
v 11143 79 45
v 11144 16 6
v 11145 13 6
v 11146 19 8
v 11153 24 17
v 11163 14 3
v 11309 2 1
v 11310 8 3
v 11311 18 9
v 11312 36 16
v 11313 22 9
v 11314 10 4
v 11315 19 7
v 11316 7 1
v 11317 16 8
v 11318 41 23
v 11319 20 9
v 11320 8 6
v 11321 5 3
v 11322 11 6
v 11323 3 1
v 11324 34 18
v 11325 2 1
v 11326 16 7
v 11327 3 0
v 11328 11 9
v 11329 4 1
v 11330 2 1
v 11331 35 13
v 11332 9 4
v 11333 15 8
v 11334 21 10
v 11335 32 21
v 11336 6 5
v 11337 5 4
v 11338 35 24
v 11339 23 9
v 11340 21 11
v 11341 4 0
v 11342 5 4
v 11343 12 7
v 11344 11 7
v 11346 2 1
v 11347 16 7
v 11348 22 11
v 11349 40 20
v 11350 64 30
v 11351 31 14
v 11352 7 3
v 11353 3 2
v 11354 18 9
v 11355 12 5
v 11356 9 4
v 11357 20 8
v 11358 3 3
v 11359 5 3
v 11360 31 17
v 11361 16 10
v 11362 11 4
v 11363 11 6
v 11364 38 21
v 11365 24 17
v 11366 6 5
v 11367 3 0
v 11368 9 5
v 11369 24 13
v 11370 23 8
v 11371 15 5
v 11372 35 24
v 11373 7 4
v 11374 12 5
v 11375 18 10
v 11376 23 9
v 11377 10 8
v 11378 4 3
v 11383 26 13
v 11384 19 5
v 11385 26 14
v 11387 47 26
v 11390 17 6
v 11392 44 28
v 11393 15 5
v 11395 34 14
v 11399 37 15
v 11400 10 4
v 11401 3 2
v 11402 3 1
v 11409 15 8
v 11419 14 5
v 11566 5 4
v 11567 11 5
v 11568 17 7
v 11569 16 9
v 11570 3 2
v 11571 12 8
v 11572 2 1
v 11573 14 7
v 11574 22 12
v 11575 13 6
v 11576 6 3
v 11577 3 2
v 11578 5 2
v 11579 5 4
v 11580 20 9
v 11582 6 4
v 11583 5 3
v 11584 12 6
v 11585 6 5
v 11586 1 1
v 11587 10 6
v 11588 4 2
v 11589 17 10
v 11590 7 3
v 11591 14 3
v 11592 6 3
v 11593 5 2
v 11594 22 8
v 11595 11 5
v 11596 9 6
v 11597 5 2
v 11598 11 4
v 11599 4 1
v 11600 9 4
v 11601 1 0
v 11603 9 4
v 11604 15 7
v 11605 23 17
v 11606 36 16
v 11607 12 5
v 11608 10 7
v 11609 2 1
v 11610 15 8
v 11611 8 6
v 11612 4 3
v 11613 8 6
v 11614 1 1
v 11615 2 1
v 11616 13 7
v 11617 8 4
v 11618 9 5
v 11619 4 3
v 11620 17 7
v 11621 20 11
v 11622 2 2
v 11624 4 3
v 11625 22 13
v 11626 14 5
v 11627 16 6
v 11628 22 13
v 11629 3 3
v 11630 10 4
v 11631 8 5
v 11632 14 10
v 11633 1 0
v 11634 4 1
v 11639 23 13
v 11640 7 4
v 11641 11 7
v 11643 19 7
v 11646 8 6
v 11648 19 8
v 11649 11 6
v 11651 12 5
v 11655 25 13
v 11656 2 1
v 11657 8 4
v 11658 20 8
v 11665 10 7
v 11675 6 2
v 11823 28 15
v 11824 70 23
v 11825 36 20
v 11826 17 5
v 11827 41 19
v 11828 9 4
v 11829 39 16
v 11830 110 47
v 11831 41 13
v 11832 10 5
v 11833 3 2
v 11834 14 7
v 11835 5 3
v 11836 53 25
v 11837 5 1
v 11838 33 15
v 11839 12 5
v 11840 39 18
v 11841 11 1
v 11842 2 1
v 11843 35 13
v 11844 11 7
v 11845 40 19
v 11846 32 16
v 11847 69 28
v 11848 14 4
v 11849 8 3
v 11850 76 36
v 11851 29 16
v 11852 43 14
v 11853 14 4
v 11854 12 5
v 11855 30 16
v 11856 21 8
v 11857 9 6
v 11858 3 0
v 11859 31 10
v 11860 50 16
v 11861 104 52
v 11862 147 59
v 11863 65 28
v 11864 22 6
v 11865 4 3
v 11866 51 19
v 11867 24 11
v 11868 9 3
v 11869 26 14
v 11870 9 4
v 11871 9 3
v 11872 88 39
v 11873 35 16
v 11874 71 33
v 11875 12 4
v 11876 85 44
v 11877 52 33
v 11878 6 5
v 11879 3 0
v 11880 22 12
v 11881 64 29
v 11882 81 33
v 11883 57 24
v 11884 70 28
v 11885 39 16
v 11886 23 9
v 11887 18 6
v 11888 73 32
v 11889 4 1
v 11890 15 3
v 11895 72 29
v 11896 53 23
v 11897 49 27
v 11899 102 52
v 11902 23 9
v 11904 110 61
v 11905 27 16
v 11907 59 30
v 11911 90 47
v 11912 17 5
v 11913 19 8
v 11914 10 4
v 11921 26 11
v 11931 31 9
v 12080 64 37
v 12081 58 29
v 12082 17 8
v 12083 67 36
v 12084 10 7
v 12085 66 28
v 12086 125 64
v 12087 55 27
v 12088 22 8
v 12089 5 3
v 12090 32 17
v 12091 27 17
v 12092 95 45
v 12093 4 2
v 12094 50 18
v 12095 11 4
v 12096 50 31
v 12097 16 7
v 12098 5 1
v 12099 56 37
v 12100 7 2
v 12101 77 39
v 12102 40 15
v 12103 80 39
v 12104 12 7
v 12105 12 10
v 12106 65 41
v 12107 46 28
v 12108 59 35
v 12109 10 2
v 12110 20 11
v 12111 22 12
v 12112 29 18
v 12113 6 2
v 12114 2 1
v 12115 54 24
v 12116 50 25
v 12117 123 59
v 12118 134 68
v 12119 76 38
v 12120 32 15
v 12121 7 3
v 12122 45 17
v 12123 38 26
v 12124 7 3
v 12125 45 21
v 12126 9 5
v 12127 6 5
v 12128 77 28
v 12129 23 16
v 12130 63 26
v 12131 31 18
v 12132 70 33
v 12133 66 41
v 12134 12 7
v 12135 3 3
v 12136 20 9
v 12137 62 32
v 12138 94 47
v 12139 54 23
v 12140 91 51
v 12141 45 21
v 12142 41 21
v 12143 26 15
v 12144 69 33
v 12145 8 4
v 12146 25 15
v 12151 96 47
v 12152 45 28
v 12153 55 26
v 12155 135 69
v 12158 25 8
v 12160 114 60
v 12161 33 21
v 12163 61 29
v 12167 92 49
v 12168 17 8
v 12169 21 9
v 12170 14 7
v 12177 31 11
v 12187 26 14
v 12337 143 71
v 12338 47 29
v 12339 123 60
v 12340 21 8
v 12341 109 63
v 12342 263 122
v 12343 104 45
v 12344 48 29
v 12345 15 3
v 12346 37 17
v 12347 38 18
v 12348 212 104
v 12349 17 13
v 12350 98 33
v 12351 28 18
v 12352 108 54
v 12353 27 16
v 12354 7 3
v 12355 117 57
v 12356 35 25
v 12357 121 60
v 12358 60 34
v 12359 181 96
v 12360 28 15
v 12361 23 10
v 12362 172 85
v 12363 71 40
v 12364 105 61
v 12365 37 15
v 12366 87 39
v 12367 58 36
v 12368 65 36
v 12369 27 16
v 12370 17 9
v 12371 95 45
v 12372 108 63
v 12373 300 176
v 12374 344 174
v 12375 173 86
v 12376 53 26
v 12377 15 6
v 12378 121 60
v 12379 58 34
v 12380 24 9
v 12381 94 36
v 12382 26 19
v 12383 17 9
v 12384 152 77
v 12385 59 34
v 12386 118 69
v 12387 23 9
v 12388 266 143
v 12389 102 55
v 12390 9 5
v 12391 7 4
v 12392 43 29
v 12393 143 73
v 12394 226 110
v 12395 156 83
v 12396 236 118
v 12397 122 65
v 12398 94 41
v 12399 46 24
v 12400 183 83
v 12401 24 11
v 12402 35 18
v 12407 237 120
v 12408 143 73
v 12409 124 64
v 12411 345 183
v 12414 92 49
v 12416 258 140
v 12417 57 33
v 12419 162 81
v 12423 263 141
v 12424 30 19
v 12425 54 23
v 12426 56 28
v 12433 104 55
v 12443 77 32
v 12594 28 13
v 12595 92 51
v 12596 21 12
v 12597 75 29
v 12598 201 116
v 12599 126 61
v 12600 34 24
v 12601 7 2
v 12602 21 8
v 12603 11 5
v 12604 143 84
v 12605 8 5
v 12606 103 38
v 12607 21 11
v 12608 59 29
v 12609 10 3
v 12610 5 2
v 12611 69 28
v 12612 23 14
v 12613 134 69
v 12614 65 40
v 12615 145 75
v 12616 24 15
v 12617 11 6
v 12618 117 56
v 12619 55 32
v 12620 104 57
v 12621 25 13
v 12622 39 21
v 12623 49 28
v 12624 56 28
v 12625 16 11
v 12626 10 4
v 12627 47 27
v 12628 78 38
v 12629 168 89
v 12630 270 139
v 12631 116 63
v 12632 49 28
v 12633 11 5
v 12634 65 29
v 12635 35 14
v 12636 8 5
v 12637 81 43
v 12638 16 10
v 12639 10 7
v 12640 131 63
v 12641 50 30
v 12642 134 75
v 12643 29 20
v 12644 192 114
v 12645 97 55
v 12646 9 6
v 12647 12 5
v 12648 20 13
v 12649 103 55
v 12650 197 94
v 12651 90 45
v 12652 153 93
v 12653 94 52
v 12654 63 33
v 12655 35 21
v 12656 160 78
v 12657 14 8
v 12658 24 13
v 12663 166 98
v 12664 98 58
v 12665 77 47
v 12667 243 140
v 12670 53 31
v 12672 175 93
v 12673 49 32
v 12675 129 69
v 12679 153 84
v 12680 26 13
v 12681 58 25
v 12682 33 18
v 12689 67 38
v 12699 57 30
v 12851 20 11
v 12852 6 2
v 12853 23 12
v 12854 67 31
v 12855 39 19
v 12856 6 4
v 12857 1 0
v 12858 11 4
v 12859 10 3
v 12860 28 13
v 12861 2 1
v 12862 30 15
v 12863 11 5
v 12864 23 11
v 12865 8 3
v 12866 4 0
v 12867 22 9
v 12868 15 6
v 12869 36 22
v 12870 27 15
v 12871 32 12
v 12872 6 2
v 12873 2 1
v 12874 36 16
v 12875 19 11
v 12876 22 13
v 12877 7 4
v 12878 16 4
v 12879 15 5
v 12880 13 9
v 12881 4 3
v 12882 4 3
v 12883 25 9
v 12884 15 10
v 12885 82 43
v 12886 77 36
v 12887 49 25
v 12888 10 4
v 12889 3 0
v 12890 30 15
v 12891 16 7
v 12892 4 2
v 12893 24 8
v 12894 4 2
v 12895 6 4
v 12896 37 20
v 12897 26 16
v 12898 17 10
v 12899 4 1
v 12900 40 14
v 12901 21 12
v 12902 5 5
v 12903 2 1
v 12904 6 3
v 12905 31 16
v 12906 48 20
v 12907 32 13
v 12908 46 21
v 12909 19 12
v 12910 22 8
v 12911 17 4
v 12912 59 24
v 12913 6 3
v 12914 11 6
v 12919 52 21
v 12920 41 24
v 12921 35 20
v 12923 83 36
v 12926 16 8
v 12928 52 26
v 12929 15 8
v 12931 29 15
v 12935 39 16
v 12936 10 5
v 12937 9 3
v 12938 7 3
v 12945 26 13
v 12955 25 10
v 13108 14 9
v 13109 84 44
v 13110 209 106
v 13111 119 50
v 13112 40 19
v 13113 6 4
v 13114 25 13
v 13115 28 15
v 13116 125 73
v 13117 4 2
v 13118 91 36
v 13119 17 9
v 13120 73 41
v 13121 22 9
v 13122 3 1
v 13123 72 32
v 13124 16 9
v 13125 145 74
v 13126 40 22
v 13127 145 67
v 13128 27 14
v 13129 11 5
v 13130 130 62
v 13131 54 36
v 13132 71 37
v 13133 33 16
v 13134 39 15
v 13135 57 28
v 13136 49 25
v 13137 11 7
v 13138 9 3
v 13139 96 31
v 13140 61 35
v 13141 197 102
v 13142 235 116
v 13143 112 54
v 13144 36 22
v 13145 6 3
v 13146 94 39
v 13147 34 14
v 13148 13 9
v 13149 51 19
v 13150 6 3
v 13151 11 5
v 13152 130 49
v 13153 36 20
v 13154 66 28
v 13155 19 12
v 13156 189 99
v 13157 64 37
v 13158 3 3
v 13159 3 1
v 13160 24 15
v 13161 112 58
v 13162 185 85
v 13163 125 56
v 13164 170 107
v 13165 85 39
v 13166 58 26
v 13167 35 18
v 13168 161 76
v 13169 12 6
v 13170 25 13
v 13175 195 105
v 13176 96 51
v 13177 89 44
v 13179 276 141
v 13182 75 34
v 13184 165 88
v 13185 42 25
v 13187 125 58
v 13191 147 82
v 13192 19 8
v 13193 25 8
v 13194 29 18
v 13201 65 37
v 13211 45 16
v 13365 18 9
v 13366 37 16
v 13367 23 10
v 13368 3 0
v 13369 2 2
v 13370 6 3
v 13371 6 4
v 13372 27 11
v 13373 4 3
v 13374 23 10
v 13375 5 3
v 13376 10 5
v 13377 5 1
v 13378 4 1
v 13379 12 6
v 13380 6 4
v 13381 19 7
v 13382 10 5
v 13383 25 11
v 13384 5 2
v 13385 3 1
v 13386 28 7
v 13387 16 9
v 13388 15 7
v 13389 5 1
v 13390 8 5
v 13391 15 7
v 13392 7 3
v 13393 4 1
v 13394 4 3
v 13395 14 6
v 13396 21 12
v 13397 35 14
v 13398 54 31
v 13399 16 7
v 13400 12 6
v 13401 5 3
v 13402 20 5
v 13403 9 7
v 13404 3 1
v 13405 42 22
v 13406 1 0
v 13407 4 1
v 13408 23 12
v 13409 19 11
v 13410 18 10
v 13411 5 3
v 13412 35 13
v 13413 19 8
v 13414 2 0
v 13415 4 0
v 13416 5 1
v 13417 16 7
v 13418 28 11
v 13419 21 9
v 13420 42 26
v 13421 20 9
v 13422 16 3
v 13423 5 3
v 13424 27 9
v 13425 5 4
v 13426 4 3
v 13431 46 26
v 13432 20 11
v 13433 15 9
v 13435 57 21
v 13438 14 6
v 13440 52 29
v 13441 12 5
v 13443 21 9
v 13447 38 19
v 13448 7 4
v 13449 9 3
v 13450 4 2
v 13457 17 5
v 13467 11 6
v 13622 161 86
v 13623 75 21
v 13624 31 20
v 13625 4 2
v 13626 31 15
v 13627 22 8
v 13628 79 44
v 13629 8 4
v 13630 75 22
v 13631 15 6
v 13632 56 29
v 13633 20 11
v 13634 5 2
v 13635 81 40
v 13636 13 7
v 13637 132 67
v 13638 56 37
v 13639 87 46
v 13640 21 11
v 13641 15 6
v 13642 114 57
v 13643 47 29
v 13644 58 26
v 13645 13 8
v 13646 24 8
v 13647 42 24
v 13648 62 31
v 13649 13 3
v 13650 13 4
v 13651 70 29
v 13652 79 41
v 13653 224 115
v 13654 267 137
v 13655 91 48
v 13656 26 8
v 13657 5 1
v 13658 63 26
v 13659 46 27
v 13660 15 7
v 13661 48 20
v 13662 9 5
v 13663 18 9
v 13664 116 58
v 13665 37 22
v 13666 99 50
v 13667 14 5
v 13668 147 67
v 13669 68 42
v 13670 9 5
v 13671 9 4
v 13672 17 10
v 13673 101 45
v 13674 139 63
v 13675 92 54
v 13676 188 97
v 13677 72 46
v 13678 59 27
v 13679 37 21
v 13680 149 85
v 13681 7 3
v 13682 26 12
v 13687 143 71
v 13688 93 46
v 13689 71 39
v 13691 230 107
v 13694 58 26
v 13696 161 85
v 13697 55 24
v 13699 104 51
v 13703 129 66
v 13704 25 16
v 13705 43 19
v 13706 25 13
v 13713 57 25
v 13723 58 26
v 13879 210 94
v 13880 84 45
v 13881 13 7
v 13882 56 31
v 13883 41 18
v 13884 232 123
v 13885 22 10
v 13886 199 76
v 13887 45 21
v 13888 152 89
v 13889 30 12
v 13890 9 3
v 13891 184 97
v 13892 38 23
v 13893 224 89
v 13894 201 95
v 13895 290 145
v 13896 35 19
v 13897 26 12
v 13898 313 147
v 13899 117 67
v 13900 189 85
v 13901 27 11
v 13902 45 21
v 13903 127 71
v 13904 105 47
v 13905 24 14
v 13906 15 8
v 13907 228 97
v 13908 188 98
v 13909 487 254
v 13910 625 302
v 13911 281 149
v 13912 121 57
v 13913 21 14
v 13914 162 76
v 13915 100 41
v 13916 21 9
v 13917 188 81
v 13918 79 39
v 13919 43 19
v 13920 455 227
v 13921 106 59
v 13922 162 79
v 13923 36 16
v 13924 341 171
v 13925 190 99
v 13926 25 15
v 13927 18 7
v 13928 66 38
v 13929 279 142
v 13930 359 197
v 13931 286 127
v 13932 643 373
v 13933 243 133
v 13934 185 96
v 13935 93 47
v 13936 249 95
v 13937 33 18
v 13938 61 32
v 13943 411 205
v 13944 226 102
v 13945 187 93
v 13947 551 288
v 13950 143 74
v 13952 399 225
v 13953 143 97
v 13955 276 132
v 13959 380 191
v 13960 65 27
v 13961 96 48
v 13962 51 26
v 13969 139 69
v 13979 133 50
v 14136 71 42
v 14137 9 6
v 14138 46 18
v 14139 31 17
v 14140 166 104
v 14141 9 4
v 14142 99 44
v 14143 19 11
v 14144 72 44
v 14145 25 14
v 14146 7 3
v 14147 52 28
v 14148 18 13
v 14149 172 90
v 14150 47 28
v 14151 141 76
v 14152 29 17
v 14153 20 10
v 14154 161 76
v 14155 44 32
v 14156 108 69
v 14157 33 13
v 14158 44 25
v 14159 61 30
v 14160 73 37
v 14161 9 5
v 14162 12 5
v 14163 84 47
v 14164 95 48
v 14165 259 155
v 14166 319 177
v 14167 139 71
v 14168 57 26
v 14169 6 4
v 14170 105 47
v 14171 45 16
v 14172 9 8
v 14173 75 34
v 14174 7 3
v 14175 23 10
v 14176 176 89
v 14177 71 38
v 14178 80 43
v 14179 18 11
v 14180 189 107
v 14181 80 44
v 14182 12 10
v 14183 1 1
v 14184 28 17
v 14185 151 72
v 14186 250 138
v 14187 123 69
v 14188 301 176
v 14189 59 38
v 14190 90 40
v 14191 96 46
v 14192 167 86
v 14193 14 7
v 14194 38 27
v 14199 271 137
v 14200 123 72
v 14201 101 62
v 14203 319 168
v 14206 79 43
v 14208 234 124
v 14209 90 56
v 14211 130 79
v 14215 184 100
v 14216 36 16
v 14217 41 17
v 14218 26 16
v 14225 92 45
v 14235 103 36
v 14393 7 4
v 14394 18 6
v 14395 11 5
v 14396 23 13
v 14397 2 2
v 14398 28 14
v 14399 5 3
v 14400 28 10
v 14401 7 1
v 14402 3 3
v 14403 30 15
v 14404 5 3
v 14405 44 20
v 14406 19 9
v 14407 34 15
v 14408 3 1
v 14409 5 4
v 14410 50 28
v 14411 31 15
v 14412 31 13
v 14413 5 1
v 14414 17 5
v 14415 24 12
v 14416 27 13
v 14417 3 2
v 14418 4 2
v 14419 37 20
v 14420 33 13
v 14421 101 57
v 14422 112 52
v 14423 29 12
v 14424 12 7
v 14425 7 5
v 14426 39 15
v 14427 12 7
v 14428 7 1
v 14429 28 12
v 14430 4 0
v 14431 3 1
v 14432 49 25
v 14433 13 2
v 14434 38 21
v 14435 10 4
v 14436 47 24
v 14437 23 10
v 14438 2 1
v 14439 1 0
v 14440 10 4
v 14441 40 19
v 14442 72 32
v 14443 49 19
v 14444 79 48
v 14445 21 8
v 14446 41 20
v 14447 16 8
v 14448 36 13
v 14449 7 4
v 14450 9 6
v 14455 71 29
v 14456 47 16
v 14457 40 22
v 14459 89 41
v 14462 31 13
v 14464 62 32
v 14465 18 9
v 14467 36 22
v 14471 48 31
v 14472 6 1
v 14473 12 4
v 14474 8 2
v 14481 31 13
v 14491 33 13
v 14650 2 0
v 14651 4 2
v 14652 15 7
v 14653 2 2
v 14654 8 6
v 14656 5 4
v 14659 13 5
v 14660 2 1
v 14661 14 3
v 14662 6 2
v 14663 12 5
v 14664 3 2
v 14666 19 9
v 14667 8 5
v 14668 9 6
v 14669 1 1
v 14670 3 2
v 14671 10 5
v 14672 6 3
v 14674 3 3
v 14675 10 6
v 14676 9 5
v 14677 23 12
v 14678 30 17
v 14679 17 9
v 14680 3 0
v 14681 1 0
v 14682 14 8
v 14683 5 2
v 14684 1 0
v 14685 8 3
v 14686 1 0
v 14687 2 0
v 14688 17 13
v 14689 11 5
v 14690 14 10
v 14691 2 2
v 14692 21 11
v 14693 4 3
v 14694 1 1
v 14696 4 2
v 14697 10 7
v 14698 24 15
v 14699 14 3
v 14700 21 15
v 14701 14 9
v 14702 6 2
v 14703 6 3
v 14704 13 7
v 14706 2 2
v 14711 22 11
v 14712 6 3
v 14713 13 6
v 14715 20 10
v 14718 4 3
v 14720 14 7
v 14721 9 7
v 14723 12 7
v 14727 15 5
v 14728 4 3
v 14729 3 1
v 14730 9 4
v 14737 6 3
v 14747 2 2
v 14907 7 1
v 14908 42 19
v 14909 8 2
v 14910 23 12
v 14911 4 1
v 14912 17 7
v 14913 6 2
v 14914 7 2
v 14915 23 13
v 14916 6 5
v 14917 43 21
v 14918 15 9
v 14919 37 14
v 14920 9 3
v 14921 9 7
v 14922 38 22
v 14923 12 5
v 14924 21 7
v 14925 10 3
v 14926 5 5
v 14927 16 9
v 14928 10 6
v 14929 1 1
v 14930 3 2
v 14931 15 6
v 14932 19 8
v 14933 59 33
v 14934 77 49
v 14935 36 13
v 14936 18 11
v 14937 2 1
v 14938 34 11
v 14939 19 10
v 14940 4 2
v 14941 17 7
v 14942 6 4
v 14943 6 4
v 14944 48 25
v 14945 15 13
v 14946 31 14
v 14947 5 1
v 14948 60 35
v 14949 28 19
v 14950 4 3
v 14951 5 4
v 14952 6 3
v 14953 36 26
v 14954 75 39
v 14955 25 11
v 14956 50 31
v 14957 28 10
v 14958 16 8
v 14959 11 3
v 14960 53 19
v 14961 3 2
v 14962 4 2
v 14967 52 27
v 14968 25 14
v 14969 26 13
v 14971 99 53
v 14974 22 8
v 14976 46 25
v 14977 11 5
v 14979 41 20
v 14983 53 24
v 14984 8 5
v 14985 15 5
v 14986 6 3
v 14993 20 10
v 15003 21 6
v 15164 31 16
v 15165 2 0
v 15166 26 7
v 15167 12 6
v 15168 19 11
v 15169 3 1
v 15171 22 12
v 15172 16 4
v 15173 20 9
v 15174 13 6
v 15175 30 15
v 15176 2 1
v 15177 5 3
v 15178 24 13
v 15179 23 13
v 15180 31 18
v 15181 3 2
v 15182 8 3
v 15183 5 5
v 15184 14 10
v 15185 2 0
v 15187 21 11
v 15188 20 9
v 15189 39 15
v 15190 69 35
v 15191 26 9
v 15192 11 6
v 15194 18 9
v 15195 8 2
v 15196 2 2
v 15197 13 5
v 15198 9 5
v 15199 2 2
v 15200 33 17
v 15201 12 5
v 15202 15 6
v 15203 6 4
v 15204 43 17
v 15205 22 12
v 15206 3 1
v 15207 4 3
v 15208 6 0
v 15209 25 12
v 15210 86 43
v 15211 37 22
v 15212 36 13
v 15213 17 9
v 15214 18 9
v 15215 8 4
v 15216 30 15
v 15217 4 0
v 15218 15 7
v 15223 35 17
v 15224 26 9
v 15225 25 12
v 15227 45 20
v 15230 14 7
v 15232 38 16
v 15233 19 10
v 15235 24 13
v 15239 40 20
v 15240 11 3
v 15241 13 5
v 15242 3 2
v 15249 14 5
v 15259 22 15
v 15421 20 8
v 15422 96 38
v 15423 26 18
v 15424 86 43
v 15425 21 6
v 15426 2 1
v 15427 144 72
v 15428 33 17
v 15429 156 67
v 15430 67 34
v 15431 164 76
v 15432 32 15
v 15433 16 4
v 15434 193 98
v 15435 86 50
v 15436 85 41
v 15437 33 13
v 15438 57 22
v 15439 104 53
v 15440 63 36
v 15441 24 14
v 15442 21 8
v 15443 97 42
v 15444 118 58
v 15445 231 126
v 15446 439 210
v 15447 169 75
v 15448 62 25
v 15449 30 12
v 15450 119 46
v 15451 64 32
v 15452 26 10
v 15453 72 33
v 15454 23 13
v 15455 32 20
v 15456 245 121
v 15457 73 38
v 15458 82 42
v 15459 31 16
v 15460 174 85
v 15461 111 62
v 15462 21 14
v 15463 5 0
v 15464 60 34
v 15465 119 63
v 15466 198 83
v 15467 169 81
v 15468 289 149
v 15469 170 69
v 15470 151 68
v 15471 84 46
v 15472 249 113
v 15473 25 15
v 15474 35 18
v 15479 223 97
v 15480 150 69
v 15481 146 80
v 15483 328 158
v 15486 85 39
v 15488 257 133
v 15489 95 48
v 15491 173 92
v 15495 329 147
v 15496 38 16
v 15497 65 27
v 15498 47 20
v 15505 70 37
v 15515 60 24
v 15678 2 0
v 15679 1 1
v 15680 8 2
v 15681 3 0
v 15682 4 2
v 15683 13 6
v 15684 1 1
v 15685 23 13
v 15686 6 4
v 15687 13 9
v 15688 3 2
v 15690 16 12
v 15691 10 5
v 15692 5 2
v 15693 4 2
v 15694 2 1
v 15695 3 2
v 15696 4 1
v 15697 2 2
v 15699 11 2
v 15700 11 9
v 15701 22 13
v 15702 42 19
v 15703 7 3
v 15704 1 1
v 15705 1 0
v 15706 5 2
v 15707 8 3
v 15709 6 3
v 15710 2 2
v 15711 1 1
v 15712 13 7
v 15713 7 4
v 15714 5 1
v 15715 5 2
v 15716 12 8
v 15717 3 1
v 15718 2 1
v 15719 1 1
v 15720 5 1
v 15721 14 5
v 15722 9 5
v 15723 11 6
v 15724 12 7
v 15725 6 3
v 15726 7 3
v 15727 5 3
v 15728 10 4
v 15729 7 6
v 15730 2 0
v 15735 11 8
v 15736 11 5
v 15737 10 6
v 15739 28 12
v 15742 9 5
v 15744 15 6
v 15745 5 4
v 15747 18 8
v 15751 10 3
v 15752 2 1
v 15753 4 2
v 15754 4 2
v 15761 8 4
v 15771 5 0
v 15935 11 7
v 15936 56 35
v 15937 15 12
v 15938 5 4
v 15939 61 46
v 15940 18 13
v 15941 117 71
v 15942 59 39
v 15943 176 114
v 15944 21 12
v 15945 18 9
v 15946 115 76
v 15947 42 28
v 15948 76 45
v 15949 18 9
v 15950 29 17
v 15951 46 27
v 15952 45 30
v 15953 8 5
v 15954 5 2
v 15955 81 48
v 15956 80 43
v 15957 179 113
v 15958 254 145
v 15959 109 68
v 15960 49 23
v 15961 13 7
v 15962 63 32
v 15963 47 22
v 15964 7 5
v 15965 73 39
v 15966 13 8
v 15967 14 7
v 15968 126 80
v 15969 55 38
v 15970 62 36
v 15971 23 13
v 15972 150 98
v 15973 77 54
v 15974 20 15
v 15975 9 6
v 15976 33 21
v 15977 101 55
v 15978 163 94
v 15979 121 72
v 15980 193 130
v 15981 61 39
v 15982 65 43
v 15983 55 34
v 15984 120 75
v 15985 9 6
v 15986 20 14
v 15991 193 126
v 15992 89 60
v 15993 88 59
v 15995 257 151
v 15998 58 39
v 16000 164 96
v 16001 48 34
v 16003 101 67
v 16007 126 79
v 16008 21 12
v 16009 47 23
v 16010 27 12
v 16017 63 40
v 16027 49 24
v 16192 26 12
v 16193 11 7
v 16194 1 1
v 16195 14 8
v 16196 5 1
v 16197 16 8
v 16198 16 9
v 16199 30 11
v 16200 6 2
v 16201 7 4
v 16202 25 16
v 16203 12 5
v 16204 19 10
v 16205 4 4
v 16206 15 7
v 16207 19 9
v 16208 14 3
v 16209 2 0
v 16210 2 2
v 16211 14 8
v 16212 19 13
v 16213 73 36
v 16214 50 18
v 16215 28 16
v 16216 11 5
v 16217 2 0
v 16218 29 17
v 16219 15 9
v 16220 3 1
v 16221 11 3
v 16222 6 4
v 16223 4 2
v 16224 26 9
v 16225 10 6
v 16226 22 9
v 16227 5 5
v 16228 43 18
v 16229 16 9
v 16230 2 0
v 16231 3 1
v 16232 11 5
v 16233 23 14
v 16234 31 10
v 16235 18 7
v 16236 27 15
v 16237 29 12
v 16238 14 8
v 16239 6 2
v 16240 25 11
v 16241 12 5
v 16242 6 2
v 16247 24 10
v 16248 30 18
v 16249 20 10
v 16251 52 31
v 16254 17 7
v 16256 48 22
v 16257 18 9
v 16259 22 10
v 16263 53 27
v 16264 7 4
v 16265 7 3
v 16266 3 2
v 16273 9 4
v 16283 13 8
v 16449 14 3
v 16450 3 1
v 16451 59 22
v 16452 15 5
v 16453 88 34
v 16454 51 24
v 16455 104 51
v 16456 18 8
v 16457 14 9
v 16458 100 49
v 16459 53 25
v 16460 51 28
v 16461 18 6
v 16462 29 9
v 16463 31 16
v 16464 23 13
v 16465 9 4
v 16466 6 3
v 16467 62 26
v 16468 70 35
v 16469 255 126
v 16470 232 103
v 16471 113 58
v 16472 40 20
v 16473 5 3
v 16474 46 21
v 16475 38 14
v 16476 10 6
v 16477 49 24
v 16478 14 6
v 16479 13 8
v 16480 108 43
v 16481 52 31
v 16482 50 30
v 16483 18 12
v 16484 121 65
v 16485 69 35
v 16486 15 8
v 16487 1 0
v 16488 52 23
v 16489 64 26
v 16490 129 58
v 16491 71 29
v 16492 140 71
v 16493 48 24
v 16494 67 35
v 16495 34 17
v 16496 93 47
v 16497 12 4
v 16498 19 6
v 16503 124 57
v 16504 75 31
v 16505 67 29
v 16507 150 74
v 16510 61 30
v 16512 154 78
v 16513 49 28
v 16515 75 39
v 16519 139 77
v 16520 27 11
v 16521 33 15
v 16522 26 7
v 16529 57 34
v 16539 50 17
v 16706 1 0
v 16707 10 5
v 16708 2 2
v 16709 26 14
v 16710 10 5
v 16711 29 18
v 16712 3 1
v 16713 3 2
v 16714 13 8
v 16715 18 13
v 16716 16 9
v 16717 11 3
v 16718 9 3
v 16719 7 0
v 16720 12 7
v 16721 5 2
v 16722 4 3
v 16723 21 9
v 16724 14 7
v 16725 58 34
v 16726 61 37
v 16727 18 9
v 16728 5 2
v 16729 1 0
v 16730 21 14
v 16731 12 8
v 16732 3 2
v 16733 23 12
v 16734 1 1
v 16735 3 2
v 16736 34 14
v 16737 8 1
v 16738 18 11
v 16739 7 6
v 16740 36 23
v 16741 15 9
v 16742 3 2
v 16743 4 2
v 16744 7 5
v 16745 21 11
v 16746 33 16
v 16747 27 18
v 16748 38 24
v 16749 21 11
v 16750 13 9
v 16751 11 3
v 16752 39 19
v 16753 3 0
v 16754 10 6
v 16759 47 22
v 16760 27 9
v 16761 19 8
v 16763 62 40
v 16766 13 7
v 16768 49 32
v 16769 17 9
v 16771 34 15
v 16775 41 28
v 16776 6 2
v 16777 6 3
v 16778 5 3
v 16785 15 6
v 16795 12 6
v 16963 1 1
v 16964 2 0
v 16965 5 3
v 16966 2 1
v 16967 7 3
v 16969 1 0
v 16970 4 3
v 16971 2 2
v 16972 1 0
v 16973 1 1
v 16974 3 1
v 16975 2 2
v 16976 1 0
v 16977 1 0
v 16979 2 1
v 16980 3 2
v 16981 8 4
v 16982 12 3
v 16983 3 2
v 16985 2 2
v 16986 4 2
v 16987 3 2
v 16988 3 1
v 16989 1 1
v 16990 3 2
v 16991 1 1
v 16992 10 5
v 16993 3 1
v 16994 3 1
v 16996 12 7
v 16997 2 0
v 16999 3 1
v 17000 2 1
v 17001 7 4
v 17002 11 7
v 17003 9 5
v 17004 12 9
v 17005 6 3
v 17006 5 1
v 17007 4 3
v 17008 15 6
v 17009 2 2
v 17010 2 2
v 17015 9 5
v 17016 7 4
v 17017 3 3
v 17019 13 5
v 17022 3 0
v 17024 9 4
v 17025 3 3
v 17027 6 3
v 17031 6 3
v 17032 4 1
v 17033 1 1
v 17034 3 2
v 17041 3 3
v 17051 2 1
v 17220 18 11
v 17221 99 50
v 17222 40 22
v 17223 104 45
v 17224 12 4
v 17225 16 6
v 17226 103 54
v 17227 52 28
v 17228 70 37
v 17229 19 7
v 17230 31 16
v 17231 54 29
v 17232 43 21
v 17233 8 4
v 17234 11 6
v 17235 71 33
v 17236 67 36
v 17237 120 55
v 17238 194 94
v 17239 110 51
v 17240 39 24
v 17241 8 3
v 17242 57 28
v 17243 44 17
v 17244 13 9
v 17245 57 17
v 17246 14 11
v 17247 12 6
v 17248 99 43
v 17249 47 26
v 17250 65 40
v 17251 19 8
v 17252 136 62
v 17253 89 46
v 17254 17 12
v 17255 6 3
v 17256 28 13
v 17257 61 33
v 17258 136 67
v 17259 82 38
v 17260 117 56
v 17261 43 25
v 17262 42 15
v 17263 53 28
v 17264 140 60
v 17265 20 11
v 17266 17 11
v 17271 132 62
v 17272 61 31
v 17273 101 47
v 17275 181 95
v 17278 48 23
v 17280 143 80
v 17281 52 31
v 17283 85 42
v 17287 118 52
v 17288 21 12
v 17289 60 33
v 17290 18 10
v 17297 48 25
v 17307 36 16
v 17477 20 8
v 17478 14 6
v 17479 28 9
v 17480 6 3
v 17481 4 2
v 17482 19 9
v 17483 11 8
v 17484 20 7
v 17485 7 1
v 17486 13 12
v 17487 13 7
v 17488 10 4
v 17489 2 1
v 17490 3 2
v 17491 26 11
v 17492 14 5
v 17493 48 21
v 17494 70 29
v 17495 25 11
v 17496 10 7
v 17498 23 10
v 17499 44 17
v 17500 5 2
v 17501 17 7
v 17502 11 1
v 17503 3 3
v 17504 31 19
v 17505 23 13
v 17506 14 7
v 17507 5 2
v 17508 41 19
v 17509 23 13
v 17510 6 6
v 17512 17 7
v 17513 21 3
v 17514 33 13
v 17515 24 12
v 17516 36 20
v 17517 20 8
v 17518 12 3
v 17519 20 10
v 17520 46 23
v 17521 9 4
v 17522 4 2
v 17527 35 12
v 17528 25 13
v 17529 16 8
v 17531 41 16
v 17534 18 7
v 17536 35 19
v 17537 15 9
v 17539 35 13
v 17543 21 8
v 17544 9 2
v 17545 9 5
v 17546 11 5
v 17553 15 7
v 17563 37 9
v 17734 47 20
v 17735 165 94
v 17736 14 10
v 17737 18 10
v 17738 178 84
v 17739 71 41
v 17740 113 57
v 17741 32 16
v 17742 54 30
v 17743 64 43
v 17744 98 45
v 17745 14 6
v 17746 15 6
v 17747 77 37
v 17748 107 55
v 17749 251 113
v 17750 303 139
v 17751 152 70
v 17752 37 16
v 17753 10 4
v 17754 113 47
v 17755 84 43
v 17756 21 9
v 17757 66 32
v 17758 84 42
v 17759 6 4
v 17760 260 132
v 17761 57 29
v 17762 115 50
v 17763 29 14
v 17764 184 91
v 17765 125 68
v 17766 19 13
v 17767 11 2
v 17768 32 19
v 17769 121 63
v 17770 227 106
v 17771 198 88
v 17772 254 149
v 17773 129 68
v 17774 83 47
v 17775 58 28
v 17776 211 99
v 17777 23 13
v 17778 22 13
v 17783 235 121
v 17784 128 67
v 17785 123 61
v 17787 363 202
v 17790 84 45
v 17792 193 104
v 17793 66 31
v 17795 147 79
v 17799 210 118
v 17800 31 16
v 17801 68 32
v 17802 45 21
v 17809 79 43
v 17819 127 60
v 17991 97 44
v 17992 16 7
v 17993 7 2
v 17994 101 47
v 17995 40 20
v 17996 35 19
v 17997 10 5
v 17998 25 12
v 17999 24 11
v 18000 29 12
v 18001 7 5
v 18002 7 5
v 18003 39 13
v 18004 51 21
v 18005 120 63
v 18006 180 76
v 18007 76 33
v 18008 32 15
v 18009 5 1
v 18010 50 18
v 18011 26 10
v 18012 6 4
v 18013 42 16
v 18014 8 4
v 18015 10 4
v 18016 79 38
v 18017 49 24
v 18018 75 42
v 18019 13 6
v 18020 100 40
v 18021 35 16
v 18022 11 5
v 18023 8 4
v 18024 37 17
v 18025 48 24
v 18026 94 49
v 18027 73 30
v 18028 108 59
v 18029 35 14
v 18030 60 24
v 18031 43 25
v 18032 66 32
v 18033 12 5
v 18034 27 12
v 18039 92 37
v 18040 60 22
v 18041 80 41
v 18043 129 60
v 18046 57 27
v 18048 141 77
v 18049 44 19
v 18051 74 36
v 18055 98 39
v 18056 20 9
v 18057 22 7
v 18058 20 10
v 18065 33 17
v 18075 17 8
v 18248 41 19
v 18249 29 11
v 18250 182 99
v 18251 100 60
v 18252 129 69
v 18253 35 18
v 18254 53 25
v 18255 97 48
v 18256 71 34
v 18257 15 9
v 18258 21 8
v 18259 116 56
v 18260 130 64
v 18261 294 159
v 18262 416 199
v 18263 171 84
v 18264 81 36
v 18265 7 3
v 18266 112 50
v 18267 65 24
v 18268 18 9
v 18269 105 42
v 18270 31 15
v 18271 34 17
v 18272 203 104
v 18273 79 49
v 18274 152 77
v 18275 33 19
v 18276 262 134
v 18277 125 79
v 18278 15 9
v 18279 2 1
v 18280 41 24
v 18281 164 75
v 18282 294 134
v 18283 165 79
v 18284 346 189
v 18285 94 42
v 18286 107 51
v 18287 72 39
v 18288 168 80
v 18289 17 9
v 18290 45 29
v 18295 313 140
v 18296 124 67
v 18297 152 75
v 18299 370 194
v 18302 115 53
v 18304 262 146
v 18305 115 67
v 18307 135 68
v 18311 249 132
v 18312 53 31
v 18313 66 34
v 18314 34 17
v 18321 88 43
v 18331 95 36
v 18505 1 1
v 18506 36 22
v 18507 15 7
v 18508 19 12
v 18509 11 4
v 18510 14 4
v 18511 9 3
v 18512 14 7
v 18513 7 4
v 18514 5 2
v 18515 17 9
v 18516 25 11
v 18517 59 31
v 18518 56 25
v 18519 24 5
v 18520 21 11
v 18521 1 0
v 18522 21 7
v 18523 10 5
v 18524 1 0
v 18525 19 10
v 18526 6 2
v 18527 2 1
v 18528 19 12
v 18529 14 6
v 18530 21 10
v 18531 8 7
v 18532 46 19
v 18533 26 13
v 18534 8 1
v 18535 1 0
v 18536 8 2
v 18537 14 7
v 18538 43 24
v 18539 35 13
v 18540 19 8
v 18541 22 13
v 18542 14 6
v 18543 7 0
v 18544 30 14
v 18545 2 1
v 18546 7 2
v 18551 42 24
v 18552 21 9
v 18553 18 13
v 18555 34 12
v 18558 22 10
v 18560 47 23
v 18561 12 6
v 18563 31 16
v 18567 26 20
v 18568 8 3
v 18569 5 2
v 18570 18 11
v 18577 7 5
v 18587 11 4
v 18762 32 15
v 18763 14 5
v 18764 14 8
v 18765 3 1
v 18766 7 4
v 18767 10 5
v 18768 12 6
v 18769 3 2
v 18770 3 1
v 18771 10 5
v 18772 13 6
v 18773 41 17
v 18774 63 30
v 18775 22 10
v 18776 7 5
v 18777 2 0
v 18778 13 4
v 18779 9 4
v 18780 1 0
v 18781 15 9
v 18782 5 4
v 18783 5 3
v 18784 26 17
v 18785 15 8
v 18786 18 12
v 18787 7 5
v 18788 23 12
v 18789 17 8
v 18790 7 4
v 18791 2 0
v 18792 17 10
v 18793 16 11
v 18794 25 8
v 18795 23 9
v 18796 31 13
v 18797 9 5
v 18798 9 7
v 18799 8 3
v 18800 25 12
v 18801 6 4
v 18802 5 2
v 18807 20 13
v 18808 15 7
v 18809 14 8
v 18811 44 22
v 18814 13 7
v 18816 38 22
v 18817 12 6
v 18819 22 13
v 18823 26 10
v 18824 6 3
v 18825 9 4
v 18826 10 6
v 18833 12 6
v 18843 13 5
v 19019 77 41
v 19020 99 39
v 19021 39 15
v 19022 53 24
v 19023 119 73
v 19024 92 50
v 19025 16 10
v 19026 7 2
v 19027 109 49
v 19028 143 76
v 19029 338 179
v 19030 436 199
v 19031 162 79
v 19032 60 31
v 19033 13 9
v 19034 121 51
v 19035 75 29
v 19036 21 10
v 19037 81 38
v 19038 18 8
v 19039 25 15
v 19040 194 87
v 19041 91 47
v 19042 125 55
v 19043 30 16
v 19044 280 130
v 19045 101 54
v 19046 26 14
v 19047 12 3
v 19048 47 20
v 19049 178 84
v 19050 281 129
v 19051 191 81
v 19052 301 176
v 19053 102 45
v 19054 102 47
v 19055 70 34
v 19056 231 101
v 19057 36 20
v 19058 36 17
v 19063 283 153
v 19064 229 108
v 19065 157 77
v 19067 357 178
v 19070 201 92
v 19072 301 169
v 19073 107 54
v 19075 218 87
v 19079 253 125
v 19080 37 19
v 19081 46 16
v 19082 36 15
v 19089 127 57
v 19099 85 30
v 19276 31 10
v 19277 35 12
v 19278 15 6
v 19279 29 12
v 19280 36 15
v 19281 8 3
v 19282 7 5
v 19283 44 15
v 19284 74 38
v 19285 113 57
v 19286 188 85
v 19287 84 38
v 19288 37 17
v 19289 5 1
v 19290 50 22
v 19291 31 13
v 19292 9 3
v 19293 54 22
v 19294 11 5
v 19295 14 12
v 19296 59 32
v 19297 41 24
v 19298 44 24
v 19299 22 10
v 19300 118 56
v 19301 52 27
v 19302 21 11
v 19303 3 1
v 19304 38 24
v 19305 54 27
v 19306 89 40
v 19307 75 31
v 19308 96 54
v 19309 43 20
v 19310 62 25
v 19311 44 16
v 19312 67 29
v 19313 6 4
v 19314 29 15
v 19319 89 38
v 19320 65 29
v 19321 63 31
v 19323 114 50
v 19326 33 19
v 19328 165 78
v 19329 38 17
v 19331 64 31
v 19335 180 81
v 19336 23 14
v 19337 31 14
v 19338 20 8
v 19345 27 13
v 19355 29 8
v 19533 25 13
v 19534 28 15
v 19535 42 25
v 19536 48 24
v 19537 11 5
v 19538 4 2
v 19539 65 28
v 19540 68 33
v 19541 169 86
v 19542 216 108
v 19543 112 56
v 19544 82 35
v 19545 8 2
v 19546 57 26
v 19547 42 16
v 19548 15 7
v 19549 54 29
v 19550 9 6
v 19551 5 2
v 19552 89 52
v 19553 40 23
v 19554 84 37
v 19555 18 10
v 19556 132 69
v 19557 77 44
v 19558 8 5
v 19559 4 3
v 19560 45 24
v 19561 98 52
v 19562 129 56
v 19563 83 38
v 19564 122 64
v 19565 56 30
v 19566 54 28
v 19567 24 14
v 19568 130 62
v 19569 16 10
v 19570 19 8
v 19575 144 67
v 19576 87 42
v 19577 79 43
v 19579 228 126
v 19582 27 15
v 19584 153 88
v 19585 52 28
v 19587 88 52
v 19591 146 74
v 19592 22 14
v 19593 33 17
v 19594 28 16
v 19601 62 35
v 19611 59 26
v 19790 12 5
v 19791 17 12
v 19792 17 12
v 19793 4 1
v 19794 5 0
v 19795 14 4
v 19796 16 13
v 19797 42 28
v 19798 80 54
v 19799 32 16
v 19800 7 2
v 19801 18 5
v 19802 20 11
v 19803 9 5
v 19804 6 4
v 19805 27 8
v 19806 8 7
v 19807 16 12
v 19808 41 24
v 19809 17 12
v 19810 27 15
v 19811 7 4
v 19812 40 24
v 19813 22 16
v 19814 2 2
v 19815 1 0
v 19816 6 2
v 19817 30 17
v 19818 48 25
v 19819 35 15
v 19820 49 28
v 19821 44 24
v 19822 17 11
v 19823 15 11
v 19824 28 10
v 19825 7 4
v 19826 6 4
v 19831 48 23
v 19832 30 13
v 19833 35 20
v 19835 48 23
v 19838 17 12
v 19840 45 28
v 19841 29 19
v 19843 36 20
v 19847 39 22
v 19848 11 4
v 19849 8 4
v 19850 5 5
v 19857 16 8
v 19867 21 14
v 20047 22 13
v 20048 17 11
v 20049 2 1
v 20050 3 3
v 20051 28 15
v 20052 27 13
v 20053 64 33
v 20054 95 54
v 20055 60 30
v 20056 27 15
v 20057 5 3
v 20058 34 16
v 20059 26 11
v 20060 5 3
v 20061 38 16
v 20062 9 7
v 20063 6 4
v 20064 63 29
v 20065 10 6
v 20066 37 22
v 20067 7 2
v 20068 54 28
v 20069 43 23
v 20070 7 5
v 20071 3 2
v 20072 18 7
v 20073 37 19
v 20074 56 30
v 20075 59 32
v 20076 76 43
v 20077 20 10
v 20078 29 17
v 20079 13 5
v 20080 57 32
v 20081 4 3
v 20082 7 2
v 20087 79 42
v 20088 57 28
v 20089 47 27
v 20091 96 53
v 20094 34 14
v 20096 77 48
v 20097 29 12
v 20099 44 29
v 20103 67 33
v 20104 17 9
v 20105 16 8
v 20106 14 9
v 20113 28 14
v 20123 22 12
v 20304 29 12
v 20305 4 1
v 20306 4 1
v 20307 59 27
v 20308 43 22
v 20309 85 33
v 20310 137 55
v 20311 109 54
v 20312 26 9
v 20313 8 6
v 20314 48 18
v 20315 25 14
v 20316 8 5
v 20317 30 14
v 20318 13 9
v 20319 7 2
v 20320 90 37
v 20321 33 21
v 20322 35 17
v 20323 14 6
v 20324 90 40
v 20325 60 35
v 20326 8 4
v 20327 8 3
v 20328 19 12
v 20329 58 24
v 20330 104 46
v 20331 64 24
v 20332 98 46
v 20333 36 22
v 20334 34 10
v 20335 27 15
v 20336 99 43
v 20337 9 6
v 20338 16 8
v 20343 92 47
v 20344 63 26
v 20345 52 21
v 20347 157 75
v 20350 41 23
v 20352 105 57
v 20353 31 18
v 20355 93 40
v 20359 102 50
v 20360 15 6
v 20361 22 8
v 20362 16 8
v 20369 39 22
v 20379 45 17
v 20561 3 2
v 20562 4 1
v 20563 51 22
v 20564 30 13
v 20565 114 56
v 20566 141 66
v 20567 64 27
v 20568 23 11
v 20569 4 1
v 20570 58 28
v 20571 34 17
v 20572 3 1
v 20573 53 26
v 20574 4 1
v 20575 9 4
v 20576 87 43
v 20577 26 16
v 20578 45 27
v 20579 17 12
v 20580 89 39
v 20581 56 24
v 20582 10 5
v 20583 8 2
v 20584 29 14
v 20585 65 25
v 20586 103 46
v 20587 73 38
v 20588 105 54
v 20589 60 30
v 20590 42 23
v 20591 31 14
v 20592 102 50
v 20593 12 8
v 20594 28 13
v 20599 116 51
v 20600 73 25
v 20601 54 30
v 20603 160 97
v 20606 24 12
v 20608 93 44
v 20609 20 10
v 20611 75 36
v 20615 97 47
v 20616 20 8
v 20617 29 13
v 20618 16 7
v 20625 52 30
v 20635 30 15
v 20818 3 1
v 20819 14 5
v 20820 14 4
v 20821 18 7
v 20822 26 9
v 20823 16 5
v 20824 5 3
v 20825 2 1
v 20826 11 6
v 20827 13 6
v 20828 5 3
v 20829 4 2
v 20830 1 0
v 20831 3 1
v 20832 11 7
v 20833 9 5
v 20834 17 5
v 20835 3 0
v 20836 24 13
v 20837 10 2
v 20838 4 2
v 20839 1 1
v 20840 7 4
v 20841 10 8
v 20842 22 10
v 20843 14 9
v 20844 13 7
v 20845 4 2
v 20846 8 3
v 20847 7 5
v 20848 15 9
v 20849 2 1
v 20850 3 2
v 20855 19 8
v 20856 10 2
v 20857 10 3
v 20859 35 15
v 20862 6 3
v 20864 26 10
v 20865 8 2
v 20867 18 5
v 20871 23 7
v 20872 2 2
v 20873 9 3
v 20874 5 2
v 20881 7 3
v 20891 15 8
v 21075 9 1
v 21076 10 9
v 21077 22 9
v 21078 32 14
v 21079 10 4
v 21080 4 1
v 21082 9 4
v 21083 6 3
v 21084 1 1
v 21085 5 3
v 21086 3 1
v 21087 3 2
v 21088 7 3
v 21089 3 1
v 21090 10 5
v 21091 4 2
v 21092 12 5
v 21093 7 4
v 21094 1 1
v 21095 5 3
v 21096 2 1
v 21097 5 3
v 21098 27 11
v 21099 16 7
v 21100 10 5
v 21101 3 2
v 21102 9 4
v 21103 9 6
v 21104 17 8
v 21105 6 2
v 21106 4 1
v 21111 13 7
v 21112 11 5
v 21113 13 6
v 21115 27 12
v 21118 9 6
v 21120 18 11
v 21121 3 1
v 21123 14 7
v 21127 25 11
v 21128 5 2
v 21129 4 1
v 21130 4 2
v 21137 5 1
v 21147 6 4
v 21332 92 49
v 21333 243 152
v 21334 215 127
v 21335 103 64
v 21336 31 17
v 21337 2 1
v 21338 83 51
v 21339 44 28
v 21340 11 4
v 21341 54 30
v 21342 16 10
v 21343 10 7
v 21344 114 64
v 21345 54 32
v 21346 147 89
v 21347 23 14
v 21348 157 80
v 21349 62 36
v 21350 14 8
v 21351 9 6
v 21352 29 18
v 21353 98 48
v 21354 124 60
v 21355 100 58
v 21356 196 118
v 21357 79 44
v 21358 70 32
v 21359 40 21
v 21360 116 66
v 21361 10 5
v 21362 22 8
v 21367 122 59
v 21368 62 35
v 21369 96 49
v 21371 224 129
v 21374 55 31
v 21376 171 106
v 21377 50 34
v 21379 130 75
v 21383 170 97
v 21384 26 14
v 21385 42 20
v 21386 22 10
v 21393 46 24
v 21403 69 35
v 21589 249 125
v 21590 292 141
v 21591 137 71
v 21592 41 24
v 21593 8 5
v 21594 79 27
v 21595 56 32
v 21596 16 11
v 21597 64 26
v 21598 13 8
v 21599 18 8
v 21600 122 55
v 21601 51 25
v 21602 85 45
v 21603 20 14
v 21604 187 92
v 21605 92 54
v 21606 22 12
v 21607 12 5
v 21608 49 28
v 21609 95 51
v 21610 143 74
v 21611 113 58
v 21612 157 79
v 21613 96 49
v 21614 70 33
v 21615 34 15
v 21616 130 71
v 21617 14 9
v 21618 23 9
v 21623 143 74
v 21624 92 56
v 21625 89 42
v 21627 217 110
v 21630 74 34
v 21632 198 100
v 21633 73 40
v 21635 101 50
v 21639 162 88
v 21640 44 17
v 21641 38 17
v 21642 33 16
v 21649 67 39
v 21659 62 26
v 21846 722 342
v 21847 237 115
v 21848 79 37
v 21849 19 9
v 21850 191 75
v 21851 101 52
v 21852 31 11
v 21853 163 69
v 21854 46 17
v 21855 31 15
v 21856 361 195
v 21857 115 62
v 21858 291 159
v 21859 36 22
v 21860 404 193
v 21861 182 90
v 21862 30 20
v 21863 20 7
v 21864 59 29
v 21865 214 115
v 21866 397 169
v 21867 258 124
v 21868 470 233
v 21869 188 98
v 21870 177 84
v 21871 74 43
v 21872 359 153
v 21873 39 15
v 21874 63 36
v 21879 346 163
v 21880 196 86
v 21881 201 102
v 21883 565 290
v 21886 157 74
v 21888 748 404
v 21889 125 74
v 21891 262 117
v 21895 391 180
v 21896 82 34
v 21897 116 52
v 21898 63 28
v 21905 153 79
v 21915 138 51
v 22103 359 193
v 22104 144 65
v 22105 23 11
v 22106 271 130
v 22107 125 58
v 22108 37 21
v 22109 209 85
v 22110 56 33
v 22111 49 24
v 22112 414 215
v 22113 143 82
v 22114 213 115
v 22115 89 53
v 22116 546 275
v 22117 269 149
v 22118 39 30
v 22119 19 6
v 22120 132 55
v 22121 343 176
v 22122 494 244
v 22123 306 135
v 22124 507 320
v 22125 256 128
v 22126 252 129
v 22127 98 54
v 22128 398 176
v 22129 47 24
v 22130 77 38
v 22135 507 245
v 22136 283 147
v 22137 301 158
v 22139 816 436
v 22142 187 90
v 22144 602 342
v 22145 188 104
v 22147 367 186
v 22151 481 246
v 22152 101 52
v 22153 89 34
v 22154 102 56
v 22161 163 77
v 22171 150 69
v 22360 63 31
v 22361 12 7
v 22362 106 40
v 22363 71 30
v 22364 16 8
v 22365 65 33
v 22366 35 13
v 22367 19 12
v 22368 169 97
v 22369 55 27
v 22370 85 37
v 22371 35 19
v 22372 228 121
v 22373 110 61
v 22374 22 16
v 22375 5 3
v 22376 56 34
v 22377 114 65
v 22378 248 120
v 22379 167 85
v 22380 217 125
v 22381 92 48
v 22382 85 44
v 22383 50 22
v 22384 158 78
v 22385 21 12
v 22386 40 17
v 22391 225 109
v 22392 166 85
v 22393 115 57
v 22395 337 183
v 22398 98 43
v 22400 223 127
v 22401 70 27
v 22403 150 79
v 22407 239 116
v 22408 39 22
v 22409 38 20
v 22410 45 25
v 22417 76 36
v 22427 80 39
v 22617 4 2
v 22618 58 25
v 22619 14 5
v 22620 8 5
v 22621 39 14
v 22622 5 4
v 22623 8 4
v 22624 58 31
v 22625 25 13
v 22626 28 16
v 22627 13 7
v 22628 91 48
v 22629 47 27
v 22630 9 7
v 22631 3 2
v 22632 23 12
v 22633 42 24
v 22634 84 50
v 22635 51 21
v 22636 73 45
v 22637 24 15
v 22638 41 28
v 22639 33 17
v 22640 47 23
v 22641 4 2
v 22642 22 7
v 22647 105 63
v 22648 63 30
v 22649 35 20
v 22651 100 53
v 22654 23 10
v 22656 133 74
v 22657 26 12
v 22659 38 18
v 22663 180 93
v 22664 15 10
v 22665 22 14
v 22666 7 3
v 22673 39 29
v 22683 31 14
v 22874 10 4
v 22875 7 4
v 22876 4 1
v 22877 15 5
v 22878 4 1
v 22879 1 0
v 22880 4 1
v 22881 4 0
v 22882 6 0
v 22883 1 0
v 22884 16 7
v 22885 7 3
v 22886 2 1
v 22887 1 0
v 22888 4 3
v 22889 12 4
v 22890 10 5
v 22891 16 8
v 22892 6 4
v 22893 7 4
v 22894 7 3
v 22895 1 1
v 22896 15 6
v 22898 4 0
v 22903 19 10
v 22904 8 4
v 22905 11 5
v 22907 19 11
v 22910 2 1
v 22912 17 8
v 22913 10 3
v 22915 10 7
v 22919 5 1
v 22920 1 1
v 22921 3 1
v 22922 2 0
v 22929 2 1
v 22939 7 4
v 23131 45 20
v 23132 12 5
v 23133 60 33
v 23134 22 17
v 23135 11 5
v 23136 129 74
v 23137 37 12
v 23138 76 40
v 23139 16 5
v 23140 161 90
v 23141 70 38
v 23142 14 10
v 23143 5 0
v 23144 36 20
v 23145 112 53
v 23146 183 92
v 23147 120 67
v 23148 169 109
v 23149 72 45
v 23150 67 37
v 23151 43 24
v 23152 133 74
v 23153 17 8
v 23154 16 8
v 23159 160 92
v 23160 91 49
v 23161 89 55
v 23163 273 157
v 23166 79 49
v 23168 165 104
v 23169 49 33
v 23171 112 61
v 23175 145 79
v 23176 26 12
v 23177 49 26
v 23178 20 10
v 23185 75 39
v 23195 88 44
v 23388 10 6
v 23389 28 14
v 23390 12 6
v 23391 13 8
v 23392 69 42
v 23393 39 22
v 23394 55 39
v 23395 17 10
v 23396 87 44
v 23397 57 38
v 23398 7 7
v 23399 3 2
v 23400 16 12
v 23401 62 30
v 23402 127 64
v 23403 70 32
v 23404 104 54
v 23405 44 25
v 23406 49 24
v 23407 20 9
v 23408 120 63
v 23409 12 6
v 23410 14 9
v 23415 88 44
v 23416 55 29
v 23417 67 36
v 23419 129 75
v 23422 38 19
v 23424 90 48
v 23425 23 16
v 23427 75 44
v 23431 96 53
v 23432 20 10
v 23433 35 18
v 23434 17 6
v 23441 41 22
v 23451 36 18
v 23645 11 5
v 23646 3 2
v 23647 2 1
v 23648 19 9
v 23649 7 3
v 23650 10 6
v 23651 2 0
v 23652 18 7
v 23653 13 8
v 23654 1 1
v 23655 4 2
v 23656 5 3
v 23657 11 4
v 23658 15 7
v 23659 14 8
v 23660 32 19
v 23661 13 6
v 23662 10 3
v 23663 4 3
v 23664 19 5
v 23665 1 0
v 23666 2 2
v 23671 25 11
v 23672 15 6
v 23673 17 10
v 23675 37 22
v 23678 8 2
v 23680 27 17
v 23681 1 0
v 23683 21 8
v 23687 39 17
v 23688 4 2
v 23689 6 3
v 23690 5 1
v 23697 7 4
v 23707 7 3
v 23902 13 9
v 23903 7 4
v 23904 93 52
v 23905 36 23
v 23906 60 35
v 23907 36 24
v 23908 99 55
v 23909 67 36
v 23910 26 19
v 23911 8 2
v 23912 25 10
v 23913 55 30
v 23914 388 238
v 23915 111 65
v 23916 143 91
v 23917 46 25
v 23918 46 22
v 23919 36 17
v 23920 123 65
v 23921 5 5
v 23922 24 15
v 23927 124 76
v 23928 70 48
v 23929 56 24
v 23931 185 122
v 23934 51 33
v 23936 117 69
v 23937 35 17
v 23939 81 36
v 23943 117 65
v 23944 16 6
v 23945 45 18
v 23946 26 15
v 23953 35 20
v 23963 46 16
v 24159 3 2
v 24160 19 12
v 24161 10 4
v 24162 10 4
v 24163 3 3
v 24164 28 12
v 24165 15 10
v 24166 6 3
v 24167 1 0
v 24168 6 3
v 24169 24 10
v 24170 32 15
v 24171 27 14
v 24172 34 9
v 24173 5 2
v 24174 14 5
v 24175 14 5
v 24176 23 12
v 24177 4 1
v 24178 5 0
v 24183 33 13
v 24184 19 5
v 24185 19 10
v 24187 38 18
v 24190 12 8
v 24192 48 22
v 24193 14 8
v 24195 33 13
v 24199 39 19
v 24200 7 1
v 24201 7 4
v 24202 4 2
v 24209 7 2
v 24219 10 4
v 24416 13 4
v 24417 9 5
v 24418 7 2
v 24419 1 1
v 24420 17 9
v 24421 20 13
v 24422 4 4
v 24423 1 1
v 24424 6 5
v 24425 8 2
v 24426 34 18
v 24427 22 12
v 24428 22 9
v 24429 8 3
v 24430 4 1
v 24431 4 3
v 24432 13 8
v 24433 5 2
v 24434 3 1
v 24439 27 14
v 24440 12 9
v 24441 14 9
v 24443 39 16
v 24446 23 10
v 24448 35 22
v 24449 8 6
v 24451 18 11
v 24455 29 12
v 24456 11 5
v 24457 8 4
v 24458 3 1
v 24465 12 6
v 24475 8 1
v 24673 85 43
v 24674 159 89
v 24675 19 7
v 24676 228 121
v 24677 116 71
v 24678 18 11
v 24679 5 4
v 24680 38 23
v 24681 162 76
v 24682 298 152
v 24683 188 88
v 24684 274 149
v 24685 93 48
v 24686 104 51
v 24687 50 30
v 24688 191 77
v 24689 21 14
v 24690 29 13
v 24695 281 136
v 24696 137 62
v 24697 143 73
v 24699 389 195
v 24702 111 47
v 24704 285 152
v 24705 119 65
v 24707 177 94
v 24711 273 134
v 24712 46 22
v 24713 70 31
v 24714 32 18
v 24721 125 58
v 24731 101 46
v 24930 43 27
v 24931 15 7
v 24932 115 53
v 24933 49 31
v 24934 11 8
v 24935 6 1
v 24936 30 15
v 24937 66 28
v 24938 99 43
v 24939 72 27
v 24940 89 44
v 24941 39 18
v 24942 50 20
v 24943 35 13
v 24944 63 24
v 24945 5 2
v 24946 27 13
v 24951 67 34
v 24952 58 26
v 24953 75 34
v 24955 154 61
v 24958 36 12
v 24960 127 67
v 24961 45 25
v 24963 71 37
v 24967 121 47
v 24968 16 6
v 24969 20 5
v 24970 16 6
v 24977 29 10
v 24987 16 7
v 25187 28 14
v 25188 209 110
v 25189 59 33
v 25190 10 5
v 25191 3 1
v 25192 25 14
v 25193 91 41
v 25194 145 62
v 25195 145 56
v 25196 219 117
v 25197 60 35
v 25198 66 28
v 25199 24 12
v 25200 134 62
v 25201 8 5
v 25202 27 12
v 25207 176 76
v 25208 78 35
v 25209 81 31
v 25211 257 144
v 25214 63 20
v 25216 184 94
v 25217 43 23
v 25219 117 64
v 25223 160 79
v 25224 11 4
v 25225 56 28
v 25226 40 20
v 25233 60 33
v 25243 59 27
v 25444 48 24
v 25445 33 18
v 25446 5 0
v 25447 1 0
v 25448 22 10
v 25449 28 15
v 25450 34 9
v 25451 25 9
v 25452 56 31
v 25453 16 7
v 25454 21 4
v 25455 15 7
v 25456 25 7
v 25457 4 1
v 25458 5 3
v 25463 41 14
v 25464 17 7
v 25465 32 19
v 25467 40 20
v 25470 23 10
v 25472 44 22
v 25473 17 10
v 25475 19 8
v 25479 49 21
v 25480 10 5
v 25481 15 6
v 25482 8 2
v 25489 20 9
v 25499 17 3
v 25701 133 74
v 25702 18 8
v 25703 15 5
v 25704 45 25
v 25705 213 103
v 25706 317 144
v 25707 220 98
v 25708 399 217
v 25709 162 73
v 25710 138 62
v 25711 83 46
v 25712 246 110
v 25713 24 13
v 25714 54 27
v 25719 294 146
v 25720 209 97
v 25721 168 89
v 25723 413 190
v 25726 135 71
v 25728 376 200
v 25729 130 67
v 25731 237 103
v 25735 338 166
v 25736 63 36
v 25737 64 27
v 25738 65 31
v 25745 106 48
v 25755 94 38
v 25958 20 7
v 25959 11 3
v 25960 35 19
v 25961 78 44
v 25962 151 57
v 25963 103 50
v 25964 174 83
v 25965 55 24
v 25966 80 43
v 25967 39 23
v 25968 128 52
v 25969 18 5
v 25970 28 16
v 25975 176 85
v 25976 81 42
v 25977 86 41
v 25979 230 99
v 25982 63 32
v 25984 172 80
v 25985 58 32
v 25987 94 38
v 25991 161 80
v 25992 31 11
v 25993 48 23
v 25994 13 3
v 26001 44 14
v 26011 43 18
v 26216 10 3
v 26217 9 2
v 26218 20 8
v 26219 18 5
v 26220 30 9
v 26221 17 9
v 26222 17 6
v 26223 4 1
v 26224 14 4
v 26225 4 1
v 26226 4 3
v 26231 20 7
v 26232 16 3
v 26233 15 6
v 26235 25 7
v 26238 7 4
v 26240 25 11
v 26241 11 6
v 26243 16 5
v 26247 23 12
v 26248 5 4
v 26249 8 4
v 26250 9 6
v 26257 7 1
v 26267 6 2
v 26472 3 1
v 26473 6 5
v 26474 15 8
v 26475 15 9
v 26476 19 10
v 26477 6 2
v 26478 7 4
v 26479 3 2
v 26480 15 6
v 26481 2 2
v 26482 5 3
v 26487 15 8
v 26488 8 5
v 26489 9 4
v 26491 21 12
v 26494 4 1
v 26496 21 13
v 26497 5 2
v 26499 15 10
v 26503 17 9
v 26505 5 2
v 26506 3 3
v 26513 4 3
v 26523 7 4
v 26729 30 14
v 26730 64 32
v 26731 45 18
v 26732 82 47
v 26733 13 6
v 26734 39 19
v 26735 7 2
v 26736 10 4
v 26737 11 9
v 26738 19 10
v 26743 55 22
v 26744 29 13
v 26745 39 16
v 26747 78 42
v 26750 14 6
v 26752 78 39
v 26753 19 11
v 26755 25 6
v 26759 67 30
v 26760 8 5
v 26761 22 11
v 26762 10 3
v 26769 22 9
v 26779 12 5
v 26986 187 95
v 26987 138 72
v 26988 209 118
v 26989 86 39
v 26990 81 39
v 26991 68 31
v 26992 188 85
v 26993 10 6
v 26994 20 14
v 26999 227 113
v 27000 134 71
v 27001 117 68
v 27003 316 169
v 27006 62 33
v 27008 179 94
v 27009 57 27
v 27011 151 81
v 27015 182 93
v 27016 43 26
v 27017 48 20
v 27018 32 19
v 27025 80 40
v 27035 62 28
v 27243 315 179
v 27244 350 188
v 27245 162 87
v 27246 116 59
v 27247 64 23
v 27248 312 160
v 27249 17 8
v 27250 100 50
v 27255 375 162
v 27256 245 139
v 27257 171 87
v 27259 492 283
v 27262 112 69
v 27264 370 213
v 27265 115 66
v 27267 228 137
v 27271 286 144
v 27272 57 30
v 27273 84 49
v 27274 54 29
v 27281 141 76
v 27291 150 67
v 27500 237 131
v 27501 96 55
v 27502 92 50
v 27503 80 42
v 27504 152 72
v 27505 16 8
v 27506 41 25
v 27511 235 126
v 27512 147 77
v 27513 147 89
v 27515 367 199
v 27518 77 43
v 27520 257 140
v 27521 51 36
v 27523 154 85
v 27527 227 126
v 27528 38 20
v 27529 62 25
v 27530 39 20
v 27537 114 54
v 27547 115 45
v 27757 107 59
v 27758 135 59
v 27759 78 34
v 27760 294 117
v 27761 34 18
v 27762 52 18
v 27767 320 152
v 27768 256 114
v 27769 172 81
v 27771 514 235
v 27774 111 52
v 27776 386 184
v 27777 106 55
v 27779 262 110
v 27783 387 190
v 27784 63 30
v 27785 59 27
v 27786 48 23
v 27793 111 47
v 27803 139 51
v 28014 42 22
v 28015 31 16
v 28016 103 57
v 28017 9 4
v 28018 23 13
v 28023 162 71
v 28024 99 55
v 28025 74 41
v 28027 218 112
v 28030 66 36
v 28032 144 77
v 28033 31 17
v 28035 127 69
v 28039 132 66
v 28040 25 11
v 28041 25 9
v 28042 42 19
v 28049 62 35
v 28059 65 27
v 28271 29 12
v 28272 117 55
v 28273 16 9
v 28274 19 10
v 28279 115 60
v 28280 70 28
v 28281 79 37
v 28283 192 107
v 28286 60 28
v 28288 236 130
v 28289 65 41
v 28291 77 44
v 28295 136 66
v 28296 39 19
v 28297 33 21
v 28298 25 10
v 28305 60 36
v 28315 36 15
v 28528 53 24
v 28529 11 6
v 28530 14 6
v 28535 61 31
v 28536 68 29
v 28537 58 32
v 28539 93 47
v 28542 34 20
v 28544 70 33
v 28545 26 17
v 28547 65 36
v 28551 71 29
v 28552 11 4
v 28553 15 8
v 28554 16 7
v 28561 33 22
v 28571 17 7
v 28785 25 16
v 28786 27 12
v 28791 316 169
v 28792 107 62
v 28793 118 80
v 28795 433 238
v 28798 96 49
v 28800 242 148
v 28801 76 46
v 28803 221 124
v 28807 219 138
v 28808 40 20
v 28809 69 32
v 28810 66 38
v 28817 100 55
v 28827 116 55
v 29042 3 1
v 29047 30 15
v 29048 16 8
v 29049 19 3
v 29051 42 22
v 29054 5 3
v 29056 38 17
v 29057 12 6
v 29059 18 7
v 29063 31 13
v 29064 6 1
v 29065 5 2
v 29066 3 2
v 29073 10 6
v 29083 10 2
v 29303 35 22
v 29304 32 20
v 29305 31 18
v 29307 77 38
v 29310 18 8
v 29312 57 28
v 29313 19 10
v 29315 40 19
v 29319 60 32
v 29320 13 10
v 29321 13 7
v 29322 10 6
v 29329 24 10
v 29339 14 6
v 30584 210 111
v 30585 160 92
v 30587 658 341
v 30590 122 56
v 30592 371 191
v 30593 87 52
v 30595 250 136
v 30599 350 189
v 30600 53 31
v 30601 62 30
v 30602 55 27
v 30609 146 66
v 30619 129 59
v 30841 90 43
v 30843 301 156
v 30846 78 38
v 30848 244 138
v 30849 72 45
v 30851 162 89
v 30855 175 78
v 30856 35 17
v 30857 64 26
v 30858 26 11
v 30865 57 38
v 30875 90 27
v 31099 274 139
v 31102 73 29
v 31104 210 111
v 31105 59 32
v 31107 136 67
v 31111 179 89
v 31112 23 7
v 31113 44 20
v 31114 30 12
v 31121 69 35
v 31131 46 25
v 31614 156 74
v 31616 478 254
v 31617 152 79
v 31619 357 178
v 31623 426 203
v 31624 78 31
v 31625 145 56
v 31626 71 43
v 31633 172 88
v 31643 174 64
v 32384 142 82
v 32385 62 34
v 32387 78 42
v 32391 108 56
v 32392 26 14
v 32393 28 20
v 32394 15 5
v 32401 37 17
v 32411 32 15
v 32897 129 75
v 32899 236 103
v 32903 330 157
v 32904 55 34
v 32905 85 32
v 32906 76 48
v 32913 133 68
v 32923 94 33
v 33155 85 36
v 33159 96 45
v 33160 29 15
v 33161 29 19
v 33162 19 10
v 33169 33 20
v 33179 30 13
v 33671 207 97
v 33672 39 21
v 33673 63 28
v 33674 35 18
v 33681 86 47
v 33691 91 28
v 34696 65 28
v 34697 96 44
v 34698 53 31
v 34705 131 66
v 34715 107 46
v 34953 21 8
v 34954 11 5
v 34961 21 14
v 34971 23 6
v 35210 17 10
v 35217 22 15
v 35227 31 18
v 35473 26 13
v 35483 15 6
v 37275 61 30
s 258 57 27
s 259 18 8
s 261 22 11
s 262 1 0
s 263 29 20
s 264 2 1
s 265 34 13
s 267 29 17
s 268 2 1
s 269 13 4
s 270 33 16
s 271 13 8
s 272 15 8
s 273 21 11
s 274 1 1
s 275 10 6
s 276 27 13
s 277 48 20
s 278 12 5
s 279 11 3
s 281 59 31
s 282 70 25
s 283 30 16
s 284 31 17
s 285 32 12
s 286 27 10
s 287 69 35
s 288 4 3
s 289 16 11
s 290 8 2
s 291 13 4
s 292 33 14
s 293 18 4
s 294 18 6
s 295 26 11
s 296 8 3
s 297 1 0
s 298 5 4
s 299 23 12
s 300 1 0
s 301 7 3
s 302 3 2
s 303 20 13
s 304 3 1
s 305 30 16
s 306 12 7
s 307 30 13
s 308 11 6
s 309 9 3
s 310 4 2
s 311 25 14
s 312 4 3
s 313 3 2
s 314 6 1
s 315 11 6
s 316 51 19
s 317 2 1
s 318 26 11
s 319 5 2
s 320 31 13
s 321 10 5
s 322 4 2
s 323 3 0
s 324 11 6
s 325 54 28
s 326 2 0
s 327 53 24
s 328 4 1
s 329 1 1
s 330 49 19
s 331 27 12
s 332 25 12
s 333 11 6
s 334 12 7
s 335 19 9
s 336 2 1
s 337 1 0
s 338 1 0
s 339 20 9
s 340 39 17
s 341 60 31
s 342 106 53
s 343 49 18
s 344 17 10
s 346 29 17
s 347 11 5
s 348 8 3
s 349 7 0
s 352 47 21
s 353 31 14
s 354 35 17
s 355 8 1
s 356 50 22
s 357 45 18
s 358 9 4
s 359 5 3
s 360 16 11
s 361 43 22
s 362 66 27
s 363 32 16
s 364 56 20
s 366 31 16
s 367 30 13
s 368 55 31
s 369 2 2
s 370 11 5
s 375 62 33
s 376 32 16
s 377 43 26
s 379 91 44
s 382 15 5
s 384 72 35
s 385 31 14
s 387 34 12
s 391 60 30
s 392 7 2
s 393 14 7
s 401 10 5
s 411 23 17
s 515 98 44
s 516 11 5
s 517 104 53
s 518 121 49
s 519 55 23
s 520 142 75
s 521 296 172
s 522 53 30
s 523 297 137
s 524 114 57
s 525 81 42
s 526 113 48
s 527 62 29
s 528 24 11
s 529 105 56
s 530 113 54
s 531 95 40
s 532 92 41
s 533 256 135
s 534 87 39
s 535 26 15
s 537 296 132
s 538 315 136
s 539 120 44
s 540 40 16
s 541 6 3
s 542 134 61
s 543 217 100
s 544 22 12
s 545 10 5
s 546 25 9
s 547 59 22
s 548 174 91
s 549 46 22
s 550 16 6
s 551 124 60
s 552 15 6
s 553 64 30
s 554 35 13
s 555 57 24
s 556 43 17
s 557 17 7
s 558 65 25
s 559 73 32
s 560 179 98
s 561 84 40
s 562 53 24
s 563 94 40
s 564 30 14
s 565 124 51
s 566 349 167
s 567 15 6
s 568 46 15
s 569 2 1
s 570 42 21
s 571 31 17
s 572 17 6
s 573 12 6
s 574 103 57
s 575 38 16
s 576 129 62
s 577 20 11
s 578 5 2
s 579 136 60
s 580 33 14
s 581 30 12
s 582 78 31
s 583 163 68
s 584 19 7
s 585 18 8
s 586 234 112
s 587 89 33
s 588 128 56
s 589 5 1
s 590 6 3
s 591 93 40
s 592 70 27
s 593 11 3
s 594 13 6
s 595 134 68
s 596 122 57
s 597 275 134
s 598 389 195
s 599 193 103
s 600 50 22
s 601 14 7
s 602 92 50
s 603 66 37
s 604 9 7
s 605 106 54
s 606 27 12
s 607 29 12
s 608 17 8
s 609 40 11
s 610 25 7
s 611 9 2
s 612 207 89
s 613 259 123
s 614 16 6
s 615 11 6
s 616 1 0
s 617 159 65
s 618 230 118
s 619 156 75
s 620 12 3
s 621 124 53
s 622 121 68
s 623 56 29
s 624 186 86
s 625 31 21
s 626 36 16
s 631 225 115
s 632 122 54
s 633 156 74
s 635 412 188
s 638 91 48
s 640 289 128
s 641 2 1
s 643 167 70
s 647 31 13
s 648 33 15
s 649 28 14
s 650 59 28
s 657 101 46
s 667 32 20
s 772 11 5
s 773 4 3
s 774 30 12
s 775 32 18
s 776 34 20
s 777 188 99
s 778 15 9
s 779 193 106
s 780 68 30
s 781 48 29
s 782 55 25
s 783 27 13
s 784 26 11
s 785 58 25
s 786 82 52
s 787 80 40
s 788 36 11
s 789 117 54
s 790 16 8
s 791 21 9
s 793 145 78
s 794 41 18
s 795 9 5
s 796 78 46
s 797 49 26
s 798 18 8
s 799 18 8
s 800 6 3
s 801 36 19
s 802 17 6
s 803 21 8
s 804 94 48
s 805 2 1
s 806 30 15
s 807 35 17
s 808 4 2
s 809 28 18
s 810 8 4
s 811 25 13
s 812 13 6
s 813 3 1
s 814 23 9
s 815 41 20
s 816 68 35
s 817 70 34
s 818 9 3
s 819 24 12
s 820 12 6
s 821 47 24
s 822 166 87
s 823 95 50
s 824 27 17
s 825 1 1
s 826 12 6
s 827 13 6
s 828 79 41
s 829 8 5
s 830 58 37
s 831 5 2
s 832 12 7
s 833 15 9
s 834 3 2
s 835 50 20
s 836 9 4
s 837 117 63
s 838 41 24
s 839 59 35
s 840 14 3
s 841 7 4
s 842 107 55
s 843 15 4
s 844 42 20
s 845 27 13
s 846 32 15
s 847 9 4
s 848 51 23
s 849 8 4
s 850 3 1
s 851 5 2
s 852 21 11
s 853 67 37
s 854 117 70
s 855 13 6
s 856 21 12
s 857 10 6
s 858 69 47
s 859 34 21
s 860 12 4
s 861 50 30
s 862 7 2
s 863 6 4
s 864 111 45
s 865 22 10
s 866 84 54
s 867 10 5
s 868 47 26
s 869 34 18
s 870 4 0
s 871 5 3
s 872 16 7
s 873 52 29
s 874 146 79
s 875 107 58
s 876 127 63
s 877 64 32
s 878 25 16
s 879 9 3
s 880 21 12
s 881 4 3
s 882 12 5
s 887 124 71
s 888 102 57
s 889 46 17
s 891 144 71
s 894 44 16
s 896 100 54
s 897 31 16
s 899 47 21
s 903 116 56
s 904 13 6
s 905 22 13
s 906 25 8
s 913 62 36
s 923 64 40
s 1029 10 6
s 1030 3 2
s 1031 6 1
s 1032 2 1
s 1033 18 8
s 1034 1 0
s 1035 9 3
s 1036 3 2
s 1037 5 1
s 1038 19 11
s 1039 3 1
s 1040 4 2
s 1041 12 3
s 1042 3 2
s 1043 5 3
s 1044 8 5
s 1045 13 7
s 1046 7 5
s 1047 6 3
s 1049 21 14
s 1050 13 5
s 1051 12 7
s 1052 13 8
s 1053 15 11
s 1054 14 6
s 1055 21 10
s 1056 2 2
s 1057 4 4
s 1058 5 2
s 1059 7 6
s 1060 20 13
s 1061 3 2
s 1062 2 2
s 1063 15 11
s 1064 3 1
s 1065 1 0
s 1066 1 1
s 1067 5 3
s 1068 2 1
s 1069 3 2
s 1070 3 2
s 1071 10 4
s 1072 1 1
s 1073 10 4
s 1074 5 4
s 1075 11 6
s 1076 4 1
s 1077 5 4
s 1079 15 8
s 1080 3 1
s 1081 2 1
s 1082 1 0
s 1083 4 0
s 1084 17 8
s 1085 1 0
s 1086 10 4
s 1087 5 2
s 1088 9 4
s 1089 2 0
s 1090 3 2
s 1091 1 0
s 1092 3 1
s 1093 9 6
s 1095 17 14
s 1096 5 2
s 1097 2 1
s 1098 17 11
s 1099 15 10
s 1100 4 0
s 1101 6 4
s 1102 8 7
s 1103 8 7
s 1104 3 2
s 1106 1 1
s 1107 9 6
s 1108 10 6
s 1109 16 11
s 1110 36 21
s 1111 21 9
s 1112 3 1
s 1114 6 1
s 1115 11 5
s 1116 1 1
s 1117 2 1
s 1118 1 1
s 1120 5 3
s 1121 11 6
s 1122 10 7
s 1123 8 3
s 1124 15 7
s 1125 11 6
s 1126 3 1
s 1127 2 1
s 1128 4 2
s 1129 9 4
s 1130 27 16
s 1131 18 11
s 1132 30 12
s 1133 2 2
s 1134 7 4
s 1135 10 3
s 1136 8 5
s 1137 1 0
s 1138 3 2
s 1143 20 11
s 1144 13 8
s 1145 12 4
s 1147 28 12
s 1150 5 2
s 1152 24 10
s 1153 8 3
s 1155 14 7
s 1159 20 7
s 1160 2 1
s 1161 5 3
s 1162 2 1
s 1169 3 1
s 1179 11 7
s 1286 41 20
s 1287 31 13
s 1288 75 45
s 1289 60 32
s 1290 13 8
s 1291 117 53
s 1292 33 17
s 1293 26 13
s 1294 56 31
s 1295 36 20
s 1296 10 5
s 1297 49 24
s 1298 69 40
s 1299 47 18
s 1300 35 19
s 1301 86 52
s 1302 27 15
s 1303 21 12
s 1305 104 58
s 1306 74 36
s 1307 15 7
s 1308 71 42
s 1309 48 24
s 1310 7 1
s 1311 19 7
s 1312 10 5
s 1313 25 17
s 1314 11 2
s 1315 23 11
s 1316 77 41
s 1318 21 9
s 1319 32 17
s 1320 4 2
s 1321 28 15
s 1322 17 9
s 1323 16 9
s 1324 14 4
s 1325 6 0
s 1326 32 14
s 1327 26 12
s 1328 78 31
s 1329 50 26
s 1330 1 0
s 1331 33 16
s 1332 8 4
s 1333 66 33
s 1334 105 65
s 1335 47 30
s 1336 16 8
s 1337 2 1
s 1338 7 6
s 1339 10 2
s 1340 57 33
s 1341 3 1
s 1342 49 34
s 1343 9 4
s 1344 12 5
s 1345 4 3
s 1346 3 0
s 1347 42 20
s 1348 1 1
s 1349 57 39
s 1350 24 13
s 1351 74 43
s 1352 9 4
s 1353 11 7
s 1354 68 36
s 1355 17 7
s 1356 36 18
s 1357 15 11
s 1358 14 7
s 1359 20 7
s 1360 39 22
s 1361 8 3
s 1362 6 4
s 1363 10 5
s 1364 21 13
s 1365 54 29
s 1366 134 76
s 1367 17 13
s 1368 26 15
s 1369 4 3
s 1370 28 14
s 1371 16 9
s 1372 8 3
s 1373 56 29
s 1374 5 3
s 1375 17 8
s 1376 84 35
s 1377 27 13
s 1378 42 23
s 1379 19 7
s 1380 38 15
s 1381 47 24
s 1382 6 3
s 1384 16 4
s 1385 29 13
s 1386 82 45
s 1387 56 30
s 1388 93 37
s 1389 30 11
s 1390 31 14
s 1391 10 6
s 1392 8 5
s 1393 16 7
s 1394 16 8
s 1399 59 31
s 1400 46 23
s 1401 11 5
s 1403 77 37
s 1406 43 24
s 1408 87 38
s 1409 34 13
s 1411 26 15
s 1415 86 45
s 1416 13 5
s 1417 24 11
s 1418 11 7
s 1425 39 16
s 1435 25 14
s 1543 45 14
s 1545 112 52
s 1547 43 21
s 1548 1 1
s 1549 34 11
s 1550 112 52
s 1551 19 9
s 1552 21 10
s 1553 55 28
s 1554 3 1
s 1555 28 10
s 1556 45 17
s 1557 81 31
s 1558 32 12
s 1559 30 12
s 1561 115 46
s 1562 170 54
s 1563 59 24
s 1564 101 52
s 1565 76 31
s 1566 49 26
s 1567 88 41
s 1568 13 2
s 1569 27 15
s 1570 20 8
s 1571 25 11
s 1572 62 21
s 1573 13 2
s 1574 34 19
s 1575 53 19
s 1576 6 2
s 1578 12 5
s 1579 35 16
s 1580 2 2
s 1581 13 5
s 1582 3 2
s 1583 35 15
s 1585 47 26
s 1586 21 4
s 1587 85 36
s 1588 16 9
s 1589 23 10
s 1590 4 2
s 1591 74 38
s 1592 1 0
s 1593 13 6
s 1594 23 11
s 1595 12 8
s 1596 114 46
s 1597 3 2
s 1598 55 34
s 1599 4 2
s 1600 58 21
s 1601 7 4
s 1604 21 9
s 1605 86 34
s 1606 3 0
s 1607 120 44
s 1608 4 2
s 1609 9 5
s 1610 114 61
s 1611 52 23
s 1612 51 18
s 1613 14 7
s 1614 33 16
s 1615 40 19
s 1616 5 2
s 1617 4 2
s 1618 7 2
s 1619 131 75
s 1620 85 39
s 1621 250 112
s 1622 201 106
s 1623 96 37
s 1624 36 15
s 1625 2 1
s 1626 59 25
s 1627 28 14
s 1628 9 4
s 1629 31 19
s 1631 2 1
s 1632 150 65
s 1633 50 26
s 1634 67 26
s 1635 15 8
s 1636 184 82
s 1637 60 24
s 1638 16 6
s 1639 9 3
s 1640 21 11
s 1641 69 34
s 1642 134 62
s 1643 101 51
s 1644 156 67
s 1646 53 18
s 1647 21 6
s 1648 75 32
s 1649 6 2
s 1650 8 5
s 1655 123 55
s 1656 77 23
s 1657 58 24
s 1659 141 58
s 1662 50 19
s 1664 171 84
s 1665 57 17
s 1667 70 32
s 1671 134 62
s 1672 29 12
s 1673 41 13
s 1674 3 2
s 1681 14 9
s 1691 40 17
s 1800 58 33
s 1801 106 55
s 1802 19 11
s 1803 119 51
s 1804 51 21
s 1805 16 9
s 1806 68 30
s 1807 30 15
s 1808 8 3
s 1809 26 8
s 1810 59 26
s 1811 36 22
s 1812 69 35
s 1813 102 56
s 1814 27 13
s 1815 11 5
s 1817 60 30
s 1818 111 47
s 1819 60 22
s 1820 43 23
s 1821 42 17
s 1822 45 22
s 1823 80 40
s 1824 9 4
s 1825 18 15
s 1826 17 6
s 1827 23 9
s 1828 65 35
s 1829 18 4
s 1830 22 13
s 1831 17 7
s 1832 13 6
s 1833 24 11
s 1834 14 8
s 1835 14 5
s 1836 14 11
s 1837 9 5
s 1838 22 7
s 1839 21 13
s 1840 91 49
s 1841 22 10
s 1842 20 10
s 1843 41 20
s 1844 6 3
s 1845 52 28
s 1846 145 63
s 1847 80 40
s 1848 23 12
s 1849 6 4
s 1850 20 13
s 1851 11 3
s 1852 68 30
s 1853 4 2
s 1854 39 24
s 1855 13 7
s 1856 44 17
s 1857 13 8
s 1858 3 1
s 1859 55 30
s 1860 18 9
s 1861 60 34
s 1862 30 15
s 1863 59 31
s 1864 16 4
s 1865 7 3
s 1866 59 32
s 1867 37 18
s 1868 23 14
s 1869 19 9
s 1870 22 9
s 1871 31 17
s 1872 32 16
s 1873 10 3
s 1874 2 0
s 1875 42 21
s 1876 40 12
s 1877 112 52
s 1878 153 72
s 1879 79 40
s 1880 24 13
s 1881 5 1
s 1882 49 25
s 1883 30 11
s 1884 2 2
s 1885 39 23
s 1886 15 5
s 1887 8 4
s 1888 76 38
s 1889 30 13
s 1890 49 22
s 1891 13 3
s 1892 94 48
s 1893 46 21
s 1894 4 2
s 1895 2 1
s 1896 21 7
s 1897 61 28
s 1898 38 18
s 1899 27 19
s 1900 90 40
s 1901 64 32
s 1902 53 28
s 1903 28 12
s 1904 97 59
s 1905 6 2
s 1906 9 6
s 1911 100 56
s 1912 25 14
s 1913 51 26
s 1915 142 63
s 1918 12 5
s 1920 117 49
s 1921 34 14
s 1923 97 51
s 1927 85 47
s 1928 15 6
s 1929 17 8
s 1930 20 9
s 1937 32 17
s 1947 30 17
s 2057 118 76
s 2058 3 2
s 2059 33 16
s 2060 3 2
s 2061 47 26
s 2062 85 45
s 2063 34 20
s 2064 21 8
s 2065 64 33
s 2067 21 10
s 2068 45 31
s 2069 114 63
s 2070 40 16
s 2071 22 14
s 2073 122 74
s 2074 165 84
s 2075 65 37
s 2076 99 54
s 2077 67 42
s 2078 85 45
s 2079 188 113
s 2080 4 2
s 2081 28 14
s 2082 26 20
s 2083 25 11
s 2084 50 34
s 2085 20 8
s 2086 34 22
s 2087 71 38
s 2088 10 5
s 2089 1 0
s 2090 9 6
s 2091 46 25
s 2092 2 0
s 2093 8 4
s 2094 5 4
s 2095 37 17
s 2096 1 0
s 2097 87 54
s 2098 15 7
s 2099 49 26
s 2100 20 12
s 2101 23 9
s 2102 1 0
s 2103 80 54
s 2104 1 1
s 2105 4 2
s 2106 23 15
s 2107 25 13
s 2108 110 63
s 2109 6 3
s 2110 76 51
s 2111 11 8
s 2112 82 44
s 2113 17 11
s 2114 6 4
s 2115 1 0
s 2116 22 8
s 2117 82 56
s 2118 2 1
s 2119 117 65
s 2120 8 7
s 2121 8 2
s 2122 101 60
s 2123 53 26
s 2124 81 50
s 2125 15 8
s 2126 25 10
s 2127 45 24
s 2128 1 1
s 2129 5 2
s 2130 6 3
s 2131 35 23
s 2132 57 39
s 2133 131 75
s 2134 234 141
s 2135 116 64
s 2136 39 24
s 2138 64 37
s 2139 11 6
s 2140 8 5
s 2141 22 15
s 2142 1 1
s 2144 90 56
s 2145 97 58
s 2146 74 30
s 2147 20 13
s 2148 110 50
s 2149 90 50
s 2150 10 8
s 2151 9 7
s 2152 32 21
s 2153 67 42
s 2154 140 81
s 2155 86 48
s 2156 129 70
s 2157 2 2
s 2158 50 29
s 2159 39 23
s 2160 103 62
s 2161 10 7
s 2162 7 3
s 2167 137 76
s 2168 75 43
s 2169 99 63
s 2171 198 111
s 2174 49 30
s 2176 141 77
s 2177 42 28
s 2179 68 37
s 2183 136 62
s 2184 17 10
s 2185 37 22
s 2186 5 4
s 2193 12 8
s 2203 22 11
s 2314 46 30
s 2315 309 162
s 2316 130 78
s 2317 122 63
s 2318 114 60
s 2319 76 45
s 2320 62 32
s 2321 149 82
s 2322 212 124
s 2323 249 124
s 2324 99 46
s 2325 266 155
s 2326 34 19
s 2327 55 34
s 2329 278 147
s 2330 160 76
s 2331 87 45
s 2332 227 123
s 2333 149 77
s 2334 75 47
s 2335 123 68
s 2336 23 14
s 2337 94 53
s 2338 35 15
s 2339 38 19
s 2340 245 139
s 2341 17 7
s 2342 74 45
s 2343 99 47
s 2344 7 3
s 2345 63 31
s 2346 45 21
s 2347 64 37
s 2348 26 16
s 2349 9 6
s 2350 90 32
s 2351 72 41
s 2352 211 104
s 2353 270 145
s 2354 29 10
s 2355 160 85
s 2356 22 13
s 2357 151 90
s 2358 411 225
s 2359 200 105
s 2360 57 23
s 2361 7 4
s 2362 32 16
s 2363 42 17
s 2364 224 120
s 2365 13 4
s 2366 148 88
s 2367 13 7
s 2368 45 20
s 2369 22 14
s 2370 6 2
s 2371 142 73
s 2372 14 9
s 2373 252 146
s 2374 73 44
s 2375 136 81
s 2376 28 17
s 2377 37 23
s 2378 230 127
s 2379 36 21
s 2380 171 103
s 2381 55 30
s 2382 59 35
s 2383 101 47
s 2384 106 54
s 2385 24 12
s 2386 10 6
s 2387 121 72
s 2388 85 44
s 2389 211 111
s 2390 211 107
s 2391 115 67
s 2392 54 27
s 2393 17 10
s 2394 97 62
s 2395 60 31
s 2396 15 6
s 2397 114 66
s 2398 25 19
s 2399 23 12
s 2400 310 168
s 2401 73 37
s 2402 184 105
s 2403 24 11
s 2404 229 134
s 2405 62 32
s 2406 12 4
s 2407 20 12
s 2408 59 27
s 2409 93 43
s 2410 495 282
s 2411 228 135
s 2412 361 153
s 2413 159 88
s 2414 56 32
s 2415 43 22
s 2416 158 100
s 2417 21 11
s 2418 42 22
s 2423 190 104
s 2424 211 110
s 2425 49 25
s 2427 242 120
s 2430 118 64
s 2432 215 113
s 2433 91 42
s 2435 106 62
s 2439 282 142
s 2440 44 25
s 2441 65 41
s 2442 62 28
s 2449 131 70
s 2459 129 80
s 2571 14 8
s 2573 25 13
s 2574 34 21
s 2575 14 11
s 2576 9 5
s 2577 22 14
s 2578 1 1
s 2579 11 6
s 2580 13 6
s 2581 28 16
s 2582 13 5
s 2583 2 1
s 2585 51 29
s 2586 58 25
s 2587 19 13
s 2588 41 24
s 2589 23 12
s 2590 18 9
s 2591 39 27
s 2592 2 1
s 2593 17 9
s 2594 7 4
s 2595 4 2
s 2596 19 10
s 2597 10 3
s 2598 19 9
s 2599 20 8
s 2600 4 2
s 2601 3 2
s 2602 2 0
s 2603 6 3
s 2605 4 3
s 2606 1 0
s 2607 14 8
s 2608 1 1
s 2609 20 15
s 2610 8 4
s 2611 27 17
s 2612 9 3
s 2613 6 5
s 2614 1 0
s 2615 41 23
s 2617 3 0
s 2618 8 4
s 2619 8 4
s 2620 41 26
s 2621 1 1
s 2622 24 16
s 2623 2 0
s 2624 9 4
s 2625 10 9
s 2626 2 1
s 2627 1 1
s 2628 4 2
s 2629 35 21
s 2631 33 24
s 2632 4 2
s 2634 44 22
s 2635 14 6
s 2636 17 12
s 2637 5 2
s 2638 12 7
s 2639 12 3
s 2640 4 1
s 2641 3 1
s 2642 1 1
s 2643 17 9
s 2644 32 13
s 2645 74 45
s 2646 86 45
s 2647 45 30
s 2648 14 7
s 2649 1 1
s 2650 26 11
s 2651 11 8
s 2652 1 1
s 2653 9 5
s 2654 1 1
s 2656 43 22
s 2657 5 2
s 2658 23 9
s 2659 5 1
s 2660 58 30
s 2661 36 14
s 2662 6 1
s 2664 2 2
s 2665 38 23
s 2666 37 17
s 2667 34 17
s 2668 66 35
s 2669 1 0
s 2670 19 14
s 2671 18 10
s 2672 22 11
s 2673 3 0
s 2674 3 2
s 2679 64 38
s 2680 30 16
s 2681 24 10
s 2683 64 37
s 2686 29 19
s 2688 58 27
s 2689 24 10
s 2691 33 15
s 2695 41 22
s 2696 11 7
s 2697 14 7
s 2705 8 4
s 2715 13 12
s 2828 54 19
s 2829 100 54
s 2830 255 131
s 2831 66 30
s 2832 49 19
s 2833 132 65
s 2834 51 22
s 2835 100 51
s 2836 144 70
s 2837 227 125
s 2838 91 46
s 2839 81 39
s 2841 247 118
s 2842 436 184
s 2843 175 87
s 2844 491 259
s 2845 203 93
s 2846 104 56
s 2847 231 102
s 2848 19 13
s 2849 93 56
s 2850 60 28
s 2851 50 24
s 2852 152 73
s 2853 62 27
s 2854 79 43
s 2855 95 42
s 2856 22 8
s 2857 19 6
s 2858 31 13
s 2859 68 27
s 2860 9 4
s 2861 16 9
s 2862 31 14
s 2863 87 45
s 2864 65 34
s 2865 129 59
s 2866 45 25
s 2867 263 141
s 2868 32 16
s 2869 82 41
s 2870 129 63
s 2871 216 111
s 2872 22 14
s 2873 33 23
s 2874 54 26
s 2875 51 25
s 2876 235 115
s 2877 12 5
s 2878 163 89
s 2879 29 9
s 2880 119 65
s 2881 34 21
s 2882 5 4
s 2883 46 26
s 2884 36 14
s 2885 228 115
s 2886 18 10
s 2887 274 137
s 2888 15 9
s 2889 11 6
s 2890 233 113
s 2891 106 49
s 2892 119 58
s 2893 42 25
s 2894 74 39
s 2895 115 50
s 2896 21 12
s 2897 13 4
s 2898 19 8
s 2899 268 140
s 2900 327 167
s 2901 495 242
s 2902 590 297
s 2903 231 113
s 2904 87 48
s 2905 7 3
s 2906 186 100
s 2907 77 33
s 2908 29 16
s 2909 75 48
s 2910 16 5
s 2911 14 6
s 2912 352 177
s 2913 107 54
s 2914 172 95
s 2915 45 20
s 2916 572 284
s 2917 203 101
s 2918 33 16
s 2919 19 10
s 2920 63 25
s 2921 161 81
s 2922 355 186
s 2923 262 124
s 2924 420 196
s 2925 23 7
s 2926 145 78
s 2927 82 45
s 2928 258 143
s 2929 24 14
s 2930 19 10
s 2935 322 167
s 2936 225 118
s 2937 166 72
s 2939 451 223
s 2942 130 62
s 2944 390 187
s 2945 164 69
s 2947 257 116
s 2951 327 162
s 2952 85 38
s 2953 86 51
s 2954 22 12
s 2961 41 17
s 2971 132 81
s 3085 33 15
s 3086 104 56
s 3087 35 22
s 3088 16 11
s 3089 52 19
s 3090 2 2
s 3091 31 16
s 3092 46 20
s 3093 87 44
s 3094 32 17
s 3095 29 17
s 3097 150 75
s 3098 167 76
s 3099 51 22
s 3100 71 34
s 3101 67 24
s 3102 60 33
s 3103 111 50
s 3104 5 4
s 3105 45 28
s 3106 20 12
s 3107 18 7
s 3108 60 28
s 3109 27 11
s 3110 22 11
s 3111 52 27
s 3112 14 11
s 3113 1 1
s 3114 4 2
s 3115 35 21
s 3116 3 2
s 3117 9 5
s 3118 4 3
s 3119 40 25
s 3120 2 2
s 3121 79 44
s 3122 29 18
s 3123 48 17
s 3124 12 5
s 3125 18 7
s 3126 2 1
s 3127 76 45
s 3128 5 2
s 3129 3 1
s 3130 24 12
s 3131 15 9
s 3132 89 43
s 3133 6 4
s 3134 73 39
s 3135 8 5
s 3136 70 34
s 3137 22 11
s 3138 6 2
s 3139 1 0
s 3140 23 12
s 3141 99 50
s 3142 1 0
s 3143 105 50
s 3144 4 2
s 3145 8 4
s 3146 89 34
s 3147 52 26
s 3148 56 24
s 3149 20 14
s 3150 29 18
s 3151 40 16
s 3152 8 3
s 3153 2 1
s 3154 5 0
s 3155 64 40
s 3156 42 21
s 3157 169 81
s 3158 274 136
s 3159 88 47
s 3160 39 21
s 3162 73 41
s 3163 21 13
s 3164 13 7
s 3165 17 11
s 3166 1 0
s 3168 103 54
s 3169 37 21
s 3170 71 30
s 3171 13 5
s 3172 101 48
s 3173 66 31
s 3174 11 5
s 3175 4 2
s 3176 30 10
s 3177 97 50
s 3178 148 70
s 3179 99 52
s 3180 171 72
s 3181 1 1
s 3182 66 36
s 3183 41 21
s 3184 123 72
s 3185 12 6
s 3186 10 5
s 3191 126 68
s 3192 74 43
s 3193 79 40
s 3195 203 104
s 3198 56 32
s 3200 178 90
s 3201 46 21
s 3203 116 59
s 3207 153 77
s 3208 29 16
s 3209 36 19
s 3210 3 0
s 3217 15 10
s 3227 34 18
s 3342 32 15
s 3343 20 13
s 3344 3 0
s 3345 2 2
s 3346 56 25
s 3347 64 31
s 3348 36 17
s 3349 93 53
s 3350 17 10
s 3351 6 4
s 3353 17 7
s 3354 107 47
s 3355 38 18
s 3356 49 26
s 3357 40 16
s 3358 61 33
s 3359 73 31
s 3360 5 2
s 3361 30 14
s 3363 2 1
s 3364 52 23
s 3365 14 6
s 3366 25 15
s 3367 2 1
s 3368 8 2
s 3369 30 13
s 3370 14 3
s 3371 8 4
s 3372 5 1
s 3373 5 2
s 3374 23 9
s 3375 10 5
s 3376 60 33
s 3377 20 8
s 3378 16 9
s 3379 55 28
s 3380 1 0
s 3381 35 17
s 3382 118 60
s 3383 64 35
s 3384 23 12
s 3385 6 1
s 3386 23 11
s 3387 3 1
s 3388 72 38
s 3389 5 2
s 3390 46 34
s 3391 10 5
s 3392 35 16
s 3393 6 4
s 3394 2 2
s 3395 31 14
s 3396 11 4
s 3397 75 38
s 3398 20 7
s 3399 60 28
s 3400 19 12
s 3401 9 6
s 3402 6 1
s 3403 34 16
s 3404 1 0
s 3405 20 12
s 3406 24 12
s 3407 35 17
s 3408 38 23
s 3409 7 2
s 3410 1 1
s 3411 50 35
s 3412 39 22
s 3413 134 66
s 3414 130 60
s 3415 63 33
s 3416 25 12
s 3417 2 0
s 3418 26 15
s 3419 22 12
s 3420 5 3
s 3421 28 18
s 3422 7 0
s 3423 12 5
s 3424 95 52
s 3425 13 3
s 3426 43 22
s 3427 14 6
s 3428 107 46
s 3429 45 22
s 3430 7 4
s 3431 8 4
s 3432 19 8
s 3433 60 35
s 3434 1 1
s 3435 33 12
s 3436 98 41
s 3437 54 24
s 3438 46 19
s 3439 23 12
s 3440 76 32
s 3441 3 2
s 3442 13 4
s 3447 127 51
s 3448 20 8
s 3449 38 21
s 3451 170 88
s 3454 1 1
s 3456 65 29
s 3457 26 15
s 3459 72 35
s 3463 89 46
s 3464 14 6
s 3465 19 8
s 3466 11 7
s 3473 43 27
s 3483 56 34
s 3599 74 38
s 3600 16 9
s 3601 64 33
s 3602 83 44
s 3603 82 41
s 3604 101 60
s 3605 214 115
s 3606 44 21
s 3607 41 23
s 3609 211 103
s 3610 257 112
s 3611 83 37
s 3612 90 48
s 3613 59 21
s 3614 84 37
s 3615 152 85
s 3616 21 12
s 3617 41 23
s 3618 45 22
s 3619 75 35
s 3620 149 66
s 3621 33 14
s 3622 31 18
s 3623 83 49
s 3624 22 13
s 3625 43 25
s 3626 29 17
s 3627 47 22
s 3628 29 15
s 3629 22 10
s 3630 58 23
s 3631 79 46
s 3632 134 68
s 3633 72 34
s 3634 19 11
s 3635 51 28
s 3636 17 8
s 3637 75 42
s 3638 182 94
s 3639 99 54
s 3640 39 19
s 3641 13 8
s 3642 31 19
s 3643 35 17
s 3644 107 48
s 3645 14 9
s 3646 35 23
s 3647 32 13
s 3648 72 36
s 3649 15 10
s 3650 5 3
s 3651 69 31
s 3652 39 15
s 3653 88 43
s 3654 81 31
s 3655 113 55
s 3656 33 16
s 3657 24 12
s 3658 158 77
s 3659 81 41
s 3660 97 61
s 3661 14 4
s 3662 35 17
s 3663 49 25
s 3664 48 22
s 3665 10 2
s 3666 11 7
s 3667 65 38
s 3668 75 36
s 3669 162 87
s 3670 272 148
s 3671 129 71
s 3672 49 25
s 3673 9 4
s 3674 63 31
s 3675 75 49
s 3676 23 14
s 3677 77 42
s 3678 24 13
s 3679 34 13
s 3680 81 43
s 3681 65 27
s 3682 69 27
s 3683 22 11
s 3684 131 71
s 3685 82 41
s 3686 26 6
s 3687 8 4
s 3688 47 20
s 3689 92 44
s 3690 156 87
s 3691 94 46
s 3692 148 70
s 3693 69 39
s 3694 91 50
s 3695 66 34
s 3696 120 67
s 3697 32 18
s 3698 36 18
s 3703 135 71
s 3704 80 49
s 3705 145 81
s 3707 195 104
s 3710 68 27
s 3712 207 100
s 3713 57 35
s 3715 96 48
s 3719 165 89
s 3720 30 16
s 3721 33 10
s 3722 75 41
s 3729 55 35
s 3739 44 31
s 3856 13 4
s 3857 31 19
s 3858 42 25
s 3859 49 30
s 3860 31 15
s 3861 74 41
s 3862 23 12
s 3863 19 10
s 3865 78 37
s 3866 108 49
s 3867 34 20
s 3868 39 20
s 3869 28 15
s 3870 56 36
s 3871 86 36
s 3872 9 2
s 3873 12 8
s 3874 13 6
s 3875 16 7
s 3876 53 30
s 3877 10 5
s 3878 11 4
s 3879 24 10
s 3880 4 3
s 3881 20 10
s 3882 11 4
s 3883 13 4
s 3884 6 3
s 3885 7 2
s 3886 11 7
s 3887 19 10
s 3888 37 14
s 3889 33 18
s 3890 14 5
s 3891 56 31
s 3892 6 5
s 3893 25 13
s 3894 79 43
s 3895 34 21
s 3896 11 5
s 3897 2 0
s 3898 11 7
s 3899 15 7
s 3900 50 27
s 3901 1 1
s 3902 47 33
s 3903 8 4
s 3904 33 17
s 3905 4 3
s 3906 2 1
s 3907 35 19
s 3908 7 3
s 3909 41 21
s 3910 25 13
s 3911 98 54
s 3912 9 4
s 3913 3 1
s 3914 58 26
s 3915 26 14
s 3916 32 17
s 3917 6 4
s 3918 12 5
s 3919 22 12
s 3920 22 13
s 3921 6 2
s 3923 52 29
s 3924 46 22
s 3925 77 37
s 3926 128 65
s 3927 75 37
s 3928 33 17
s 3929 2 0
s 3930 30 14
s 3931 45 28
s 3932 7 2
s 3933 33 18
s 3934 7 2
s 3935 8 7
s 3936 55 22
s 3937 19 7
s 3938 31 13
s 3939 7 0
s 3940 109 54
s 3941 61 27
s 3942 8 2
s 3943 4 3
s 3944 15 5
s 3945 48 23
s 3946 70 41
s 3947 48 20
s 3948 78 36
s 3949 13 5
s 3950 34 20
s 3951 26 16
s 3952 63 35
s 3953 7 3
s 3954 11 3
s 3959 106 55
s 3960 37 17
s 3961 40 17
s 3963 116 51
s 3966 26 14
s 3968 85 47
s 3969 40 19
s 3971 57 28
s 3975 58 23
s 3976 25 16
s 3977 21 13
s 3978 9 6
s 3985 25 13
s 3995 24 11
s 4113 9 1
s 4114 24 9
s 4115 16 7
s 4116 24 9
s 4117 37 20
s 4118 10 4
s 4119 4 2
s 4121 20 12
s 4122 49 19
s 4123 21 11
s 4124 23 14
s 4125 11 6
s 4126 29 16
s 4127 26 10
s 4128 3 0
s 4129 13 8
s 4130 4 4
s 4131 4 4
s 4132 28 13
s 4133 16 7
s 4134 11 6
s 4135 8 4
s 4136 2 0
s 4137 6 1
s 4138 7 3
s 4139 11 3
s 4140 7 4
s 4141 3 2
s 4142 11 5
s 4143 11 4
s 4144 45 27
s 4145 8 4
s 4146 10 1
s 4147 28 8
s 4148 5 3
s 4149 15 6
s 4150 72 33
s 4151 27 10
s 4152 12 2
s 4153 4 2
s 4154 3 1
s 4155 5 1
s 4156 23 16
s 4157 1 1
s 4158 20 8
s 4159 6 4
s 4160 23 13
s 4161 3 1
s 4162 3 3
s 4163 18 8
s 4164 15 5
s 4165 33 12
s 4166 20 9
s 4167 39 17
s 4168 16 8
s 4169 4 3
s 4170 18 7
s 4171 24 7
s 4172 10 6
s 4173 6 3
s 4174 9 7
s 4175 22 8
s 4176 11 6
s 4177 7 4
s 4178 4 0
s 4179 29 17
s 4180 14 5
s 4181 59 25
s 4182 72 38
s 4183 26 9
s 4184 13 7
s 4186 21 12
s 4187 11 5
s 4188 3 0
s 4189 18 12
s 4190 5 3
s 4191 4 2
s 4192 23 15
s 4193 15 6
s 4194 16 7
s 4195 6 4
s 4196 35 22
s 4197 20 13
s 4198 5 3
s 4199 3 1
s 4200 2 0
s 4201 22 10
s 4202 17 6
s 4203 14 5
s 4204 25 12
s 4205 28 8
s 4206 16 8
s 4207 16 7
s 4208 32 18
s 4210 9 4
s 4215 57 26
s 4216 13 8
s 4217 31 10
s 4219 69 29
s 4222 7 2
s 4224 46 19
s 4225 16 5
s 4227 41 18
s 4231 24 7
s 4232 7 5
s 4233 6 2
s 4234 11 3
s 4241 13 5
s 4251 22 9
s 4370 70 45
s 4371 72 30
s 4372 62 35
s 4373 119 70
s 4374 24 14
s 4375 14 4
s 4377 23 14
s 4378 131 60
s 4379 58 28
s 4380 90 45
s 4381 72 39
s 4382 66 35
s 4383 102 50
s 4384 4 2
s 4385 37 21
s 4386 3 3
s 4387 9 5
s 4388 81 42
s 4389 30 12
s 4390 31 21
s 4391 5 3
s 4392 4 2
s 4393 38 19
s 4394 26 15
s 4395 11 4
s 4396 11 7
s 4397 7 4
s 4398 28 12
s 4399 14 6
s 4400 119 57
s 4401 32 16
s 4402 14 8
s 4403 76 40
s 4404 2 1
s 4405 53 27
s 4406 159 74
s 4407 77 38
s 4408 30 15
s 4409 4 4
s 4410 16 9
s 4411 8 4
s 4412 113 49
s 4413 4 0
s 4414 66 42
s 4415 9 2
s 4416 55 31
s 4417 5 1
s 4418 6 2
s 4419 55 33
s 4420 14 6
s 4421 83 51
s 4422 41 20
s 4423 98 40
s 4424 20 7
s 4425 9 6
s 4426 12 4
s 4427 49 22
s 4428 4 2
s 4429 28 15
s 4430 18 11
s 4431 39 17
s 4432 52 25
s 4433 5 2
s 4434 2 1
s 4435 60 36
s 4436 55 23
s 4437 184 80
s 4438 184 102
s 4439 95 53
s 4440 40 23
s 4441 8 5
s 4442 94 51
s 4443 43 20
s 4444 6 2
s 4445 42 21
s 4446 12 7
s 4447 9 4
s 4448 93 51
s 4449 25 12
s 4450 61 28
s 4451 17 6
s 4452 102 59
s 4453 83 35
s 4454 13 5
s 4455 8 3
s 4456 22 8
s 4457 72 34
s 4458 5 4
s 4459 34 16
s 4460 153 77
s 4461 61 34
s 4462 43 25
s 4463 27 13
s 4464 113 67
s 4465 4 2
s 4466 11 6
s 4471 154 82
s 4472 18 10
s 4473 85 45
s 4475 216 115
s 4478 4 1
s 4480 121 47
s 4481 43 16
s 4483 77 34
s 4487 145 86
s 4488 12 11
s 4489 15 9
s 4490 17 6
s 4497 44 22
s 4507 68 36
s 4627 14 7
s 4628 55 24
s 4629 143 76
s 4630 51 27
s 4631 26 13
s 4633 187 84
s 4634 171 70
s 4635 48 18
s 4636 102 46
s 4637 82 44
s 4638 93 53
s 4639 135 62
s 4640 10 4
s 4641 52 36
s 4642 23 9
s 4643 32 11
s 4644 81 42
s 4645 35 14
s 4646 41 20
s 4647 63 36
s 4648 9 5
s 4650 9 4
s 4651 41 19
s 4652 1 1
s 4653 13 5
s 4654 3 2
s 4655 53 33
s 4656 2 2
s 4657 89 47
s 4658 38 16
s 4659 75 42
s 4660 19 10
s 4661 28 18
s 4662 4 3
s 4663 138 68
s 4664 1 0
s 4665 5 2
s 4666 37 16
s 4667 17 10
s 4668 129 58
s 4669 1 0
s 4670 104 73
s 4671 9 5
s 4672 71 30
s 4673 25 11
s 4674 4 1
s 4675 1 0
s 4676 15 7
s 4677 113 61
s 4678 3 2
s 4679 118 58
s 4680 7 4
s 4681 3 1
s 4682 151 80
s 4683 72 31
s 4684 96 54
s 4685 41 22
s 4686 46 30
s 4687 49 24
s 4689 3 1
s 4690 3 2
s 4691 32 18
s 4692 69 38
s 4693 152 70
s 4694 259 121
s 4695 109 54
s 4696 50 26
s 4698 86 50
s 4699 24 12
s 4700 9 5
s 4701 42 21
s 4704 114 55
s 4705 62 21
s 4706 73 38
s 4707 16 6
s 4708 96 52
s 4709 98 49
s 4710 15 6
s 4711 8 6
s 4712 29 20
s 4713 131 74
s 4714 199 100
s 4715 137 78
s 4716 170 80
s 4717 1 1
s 4718 74 41
s 4719 57 27
s 4720 160 89
s 4721 10 3
s 4722 18 7
s 4727 220 125
s 4728 99 49
s 4729 87 39
s 4731 260 129
s 4734 61 35
s 4736 151 77
s 4737 48 26
s 4739 117 69
s 4743 178 91
s 4744 15 10
s 4745 23 13
s 4746 1 0
s 4753 18 8
s 4763 53 30
s 4884 44 17
s 4885 140 74
s 4886 30 14
s 4887 25 10
s 4889 197 98
s 4890 157 67
s 4891 59 25
s 4892 100 52
s 4893 59 34
s 4894 84 38
s 4895 118 60
s 4896 5 1
s 4897 54 34
s 4898 28 14
s 4899 37 18
s 4900 97 42
s 4901 24 10
s 4902 37 14
s 4903 53 20
s 4904 12 9
s 4905 4 0
s 4906 8 3
s 4907 43 18
s 4908 2 1
s 4909 18 10
s 4910 25 6
s 4911 48 22
s 4912 32 10
s 4913 61 29
s 4914 26 15
s 4915 78 32
s 4916 13 8
s 4917 44 21
s 4918 67 36
s 4919 102 46
s 4920 11 4
s 4921 8 4
s 4922 27 13
s 4923 18 10
s 4924 104 44
s 4925 7 5
s 4926 84 48
s 4927 21 11
s 4928 71 24
s 4929 18 9
s 4930 1 1
s 4931 26 13
s 4932 25 14
s 4933 122 55
s 4934 23 7
s 4935 92 45
s 4936 13 7
s 4937 3 1
s 4938 114 55
s 4939 60 32
s 4940 67 33
s 4941 38 21
s 4942 29 17
s 4943 57 24
s 4944 19 8
s 4945 1 0
s 4946 7 5
s 4947 58 33
s 4948 89 55
s 4949 195 107
s 4950 248 106
s 4951 98 44
s 4952 27 14
s 4953 1 0
s 4954 113 60
s 4955 57 32
s 4956 9 4
s 4957 51 24
s 4958 7 2
s 4959 2 1
s 4960 114 54
s 4961 41 18
s 4962 91 44
s 4963 19 10
s 4964 107 47
s 4965 46 21
s 4966 7 3
s 4967 10 4
s 4968 30 17
s 4969 124 57
s 4970 156 79
s 4971 90 47
s 4972 186 79
s 4973 34 12
s 4974 86 47
s 4975 54 30
s 4976 167 90
s 4977 15 9
s 4978 15 7
s 4983 220 119
s 4984 101 53
s 4985 70 33
s 4987 286 130
s 4990 40 15
s 4992 197 87
s 4993 48 23
s 4995 145 59
s 4999 180 90
s 5000 23 9
s 5001 37 15
s 5002 18 10
s 5009 36 20
s 5019 81 46
s 5141 97 51
s 5142 47 21
s 5143 41 15
s 5145 155 66
s 5146 147 61
s 5147 51 26
s 5148 125 58
s 5149 74 24
s 5150 66 29
s 5151 84 39
s 5152 10 5
s 5153 23 15
s 5154 31 8
s 5155 60 26
s 5156 101 53
s 5157 15 6
s 5158 34 20
s 5159 58 26
s 5160 12 5
s 5161 25 9
s 5162 30 12
s 5163 38 20
s 5164 17 10
s 5165 8 1
s 5166 43 19
s 5167 58 32
s 5168 76 36
s 5169 71 34
s 5170 19 11
s 5171 77 39
s 5172 16 7
s 5173 51 21
s 5174 144 65
s 5175 72 35
s 5176 31 10
s 5177 17 12
s 5178 15 7
s 5179 22 7
s 5180 145 74
s 5181 3 0
s 5182 59 38
s 5183 13 9
s 5184 78 35
s 5185 11 6
s 5186 4 3
s 5187 45 21
s 5188 16 4
s 5189 70 34
s 5190 56 25
s 5191 113 56
s 5192 17 5
s 5193 15 4
s 5194 146 58
s 5195 45 22
s 5196 74 34
s 5197 24 14
s 5198 24 10
s 5199 30 19
s 5200 27 10
s 5201 10 3
s 5202 8 3
s 5203 58 28
s 5204 60 27
s 5205 196 93
s 5206 213 99
s 5207 68 39
s 5208 30 16
s 5209 4 1
s 5210 73 39
s 5211 38 17
s 5212 18 8
s 5213 39 21
s 5214 12 8
s 5215 7 4
s 5216 119 48
s 5217 68 30
s 5218 73 36
s 5219 30 14
s 5220 137 54
s 5221 66 36
s 5222 19 8
s 5223 2 0
s 5224 39 27
s 5225 68 34
s 5226 125 64
s 5227 97 42
s 5228 155 67
s 5229 47 18
s 5230 55 29
s 5231 33 15
s 5232 67 41
s 5233 19 8
s 5234 22 13
s 5239 90 48
s 5240 94 52
s 5241 81 41
s 5243 144 76
s 5246 59 31
s 5248 144 58
s 5249 56 29
s 5251 74 40
s 5255 165 79
s 5256 31 8
s 5257 30 17
s 5258 21 9
s 5265 33 18
s 5275 39 19
s 5398 69 38
s 5399 60 30
s 5401 272 148
s 5402 271 122
s 5403 124 57
s 5404 201 102
s 5405 151 73
s 5406 144 83
s 5407 224 123
s 5408 17 6
s 5409 64 36
s 5410 42 22
s 5411 42 19
s 5412 213 107
s 5413 46 20
s 5414 60 31
s 5415 80 42
s 5416 18 11
s 5417 46 21
s 5418 31 24
s 5419 58 25
s 5420 19 8
s 5421 19 12
s 5422 42 18
s 5423 86 41
s 5424 136 83
s 5425 190 110
s 5426 39 17
s 5427 156 96
s 5428 33 14
s 5429 97 54
s 5430 281 148
s 5431 160 87
s 5432 33 12
s 5433 19 13
s 5434 54 29
s 5435 42 21
s 5436 244 138
s 5437 11 6
s 5438 124 83
s 5439 18 8
s 5440 116 65
s 5441 28 12
s 5442 3 1
s 5443 80 40
s 5444 25 8
s 5445 210 104
s 5446 69 39
s 5447 220 129
s 5448 31 17
s 5449 23 16
s 5450 200 103
s 5451 98 59
s 5452 151 87
s 5453 53 27
s 5454 60 31
s 5455 76 34
s 5456 67 34
s 5457 15 4
s 5458 13 9
s 5459 152 83
s 5460 167 83
s 5461 393 201
s 5462 330 170
s 5463 182 88
s 5464 84 50
s 5465 7 2
s 5466 111 68
s 5467 67 38
s 5468 21 14
s 5469 98 60
s 5470 20 9
s 5471 17 7
s 5472 238 134
s 5473 78 34
s 5474 170 97
s 5475 41 22
s 5476 366 181
s 5477 124 56
s 5478 16 8
s 5479 23 13
s 5480 50 26
s 5481 148 70
s 5482 301 169
s 5483 238 140
s 5484 297 134
s 5485 81 43
s 5486 125 72
s 5487 83 51
s 5488 229 134
s 5489 17 8
s 5490 39 17
s 5495 239 134
s 5496 175 99
s 5497 119 56
s 5499 337 173
s 5502 107 55
s 5504 285 144
s 5505 87 38
s 5507 182 103
s 5511 306 163
s 5512 49 30
s 5513 75 40
s 5514 28 12
s 5521 85 45
s 5531 113 63
s 5655 15 4
s 5657 50 28
s 5658 75 30
s 5659 35 16
s 5660 62 27
s 5661 53 28
s 5662 36 19
s 5663 51 29
s 5664 9 8
s 5665 15 12
s 5666 7 2
s 5667 20 12
s 5668 56 31
s 5669 18 8
s 5670 14 6
s 5671 20 10
s 5672 6 4
s 5673 26 14
s 5674 16 9
s 5675 15 7
s 5676 16 7
s 5677 3 2
s 5678 21 7
s 5679 18 11
s 5680 70 26
s 5681 28 18
s 5682 8 3
s 5683 31 14
s 5684 5 2
s 5685 35 19
s 5686 75 37
s 5687 25 12
s 5688 13 5
s 5689 4 0
s 5690 10 4
s 5691 14 9
s 5692 73 34
s 5693 5 3
s 5694 18 13
s 5695 12 4
s 5696 34 14
s 5697 5 1
s 5698 2 0
s 5699 46 27
s 5700 8 3
s 5701 50 29
s 5702 26 12
s 5703 54 22
s 5704 11 3
s 5705 10 3
s 5706 38 18
s 5707 29 12
s 5708 21 9
s 5709 13 8
s 5710 20 10
s 5711 12 8
s 5712 20 13
s 5713 2 1
s 5714 2 0
s 5715 42 27
s 5716 59 23
s 5717 92 49
s 5718 64 32
s 5719 39 18
s 5720 20 10
s 5721 4 0
s 5722 18 8
s 5723 20 10
s 5724 3 1
s 5725 29 17
s 5726 17 5
s 5727 7 2
s 5728 59 25
s 5729 36 13
s 5730 31 17
s 5731 23 12
s 5732 64 33
s 5733 24 8
s 5734 7 4
s 5735 3 0
s 5736 17 10
s 5737 38 17
s 5738 41 20
s 5739 41 20
s 5740 89 37
s 5741 30 12
s 5742 17 11
s 5743 14 6
s 5744 39 20
s 5745 5 2
s 5746 16 8
s 5751 44 20
s 5752 24 17
s 5753 36 17
s 5755 65 26
s 5758 26 15
s 5760 73 29
s 5761 19 8
s 5763 40 18
s 5767 74 44
s 5768 8 4
s 5769 16 4
s 5770 17 7
s 5777 22 14
s 5787 21 16
s 5913 48 24
s 5914 66 30
s 5915 33 17
s 5916 14 3
s 5917 10 5
s 5918 27 18
s 5919 47 24
s 5920 3 3
s 5921 9 3
s 5922 2 0
s 5923 13 5
s 5924 37 15
s 5925 11 3
s 5926 7 2
s 5927 10 3
s 5928 3 1
s 5929 10 2
s 5930 11 5
s 5931 11 8
s 5932 6 3
s 5933 4 1
s 5934 22 10
s 5935 14 6
s 5936 57 22
s 5937 20 11
s 5938 6 3
s 5939 32 16
s 5940 3 2
s 5941 20 10
s 5942 58 29
s 5943 19 12
s 5944 13 7
s 5945 4 4
s 5946 9 5
s 5947 1 1
s 5948 20 13
s 5949 2 1
s 5950 23 18
s 5951 12 8
s 5952 27 8
s 5953 6 4
s 5954 3 1
s 5955 20 8
s 5956 11 4
s 5957 25 15
s 5958 18 4
s 5959 47 24
s 5960 9 5
s 5961 4 1
s 5962 36 16
s 5963 15 5
s 5964 18 13
s 5965 4 2
s 5966 5 3
s 5967 34 16
s 5968 14 9
s 5969 1 0
s 5970 1 1
s 5971 37 23
s 5972 35 17
s 5973 59 21
s 5974 71 28
s 5975 41 16
s 5976 10 5
s 5977 2 1
s 5978 19 14
s 5979 10 6
s 5980 3 2
s 5981 8 4
s 5982 10 5
s 5983 2 2
s 5984 21 10
s 5985 17 6
s 5986 13 3
s 5987 5 3
s 5988 43 22
s 5989 25 10
s 5990 3 2
s 5991 2 1
s 5992 5 2
s 5993 29 14
s 5994 28 12
s 5995 25 15
s 5996 29 14
s 5997 33 16
s 5998 19 15
s 5999 18 6
s 6000 49 25
s 6001 7 3
s 6002 7 2
s 6007 56 34
s 6008 16 6
s 6009 30 13
s 6011 71 34
s 6014 15 9
s 6016 69 22
s 6017 13 3
s 6019 44 24
s 6023 36 17
s 6024 11 6
s 6025 5 2
s 6026 13 6
s 6033 18 11
s 6043 21 13
s 6426 339 146
s 6427 121 57
s 6428 190 84
s 6429 200 100
s 6430 146 83
s 6431 285 126
s 6432 14 4
s 6433 88 53
s 6434 6 2
s 6435 17 7
s 6436 179 93
s 6437 69 34
s 6438 86 47
s 6439 30 14
s 6440 18 11
s 6441 100 51
s 6442 45 21
s 6443 36 13
s 6444 49 27
s 6445 25 12
s 6446 86 35
s 6447 42 26
s 6448 207 98
s 6449 73 45
s 6450 39 23
s 6451 207 100
s 6452 10 4
s 6453 105 57
s 6454 371 200
s 6455 203 98
s 6456 49 22
s 6457 20 9
s 6458 50 25
s 6459 21 9
s 6460 265 139
s 6461 14 4
s 6462 166 106
s 6463 35 21
s 6464 148 70
s 6465 44 27
s 6466 14 9
s 6467 141 74
s 6468 37 22
s 6469 220 104
s 6470 112 48
s 6471 290 142
s 6472 37 14
s 6473 27 11
s 6474 51 17
s 6475 124 51
s 6476 21 10
s 6477 42 24
s 6478 68 38
s 6479 111 50
s 6480 90 32
s 6481 19 10
s 6482 12 6
s 6483 204 120
s 6484 183 88
s 6485 433 205
s 6486 491 247
s 6487 240 121
s 6488 97 51
s 6489 20 13
s 6490 83 50
s 6491 66 36
s 6492 23 9
s 6493 93 62
s 6494 38 21
s 6495 26 15
s 6496 355 178
s 6497 75 34
s 6498 190 89
s 6499 48 16
s 6500 455 237
s 6501 155 60
s 6502 31 7
s 6503 5 4
s 6504 63 35
s 6505 197 90
s 6506 64 30
s 6507 105 54
s 6508 408 195
s 6509 123 58
s 6510 120 68
s 6511 89 42
s 6512 279 149
s 6513 6 4
s 6514 40 18
s 6519 356 186
s 6520 76 35
s 6521 233 119
s 6523 475 224
s 6526 35 21
s 6528 254 123
s 6529 129 59
s 6531 252 123
s 6535 330 165
s 6536 48 18
s 6537 70 36
s 6538 55 20
s 6545 108 61
s 6555 98 54
s 6683 36 16
s 6684 258 112
s 6685 208 82
s 6686 89 42
s 6687 155 58
s 6688 26 13
s 6689 58 38
s 6690 47 21
s 6691 95 39
s 6692 248 111
s 6693 48 20
s 6694 81 44
s 6695 131 51
s 6696 17 9
s 6697 98 31
s 6698 65 32
s 6699 68 31
s 6700 55 23
s 6701 15 9
s 6702 94 36
s 6703 111 47
s 6704 225 110
s 6705 123 56
s 6706 37 20
s 6707 80 33
s 6708 45 24
s 6709 120 49
s 6710 459 203
s 6711 131 66
s 6712 73 33
s 6713 20 9
s 6714 32 14
s 6715 38 20
s 6716 288 116
s 6717 21 11
s 6718 86 41
s 6719 42 18
s 6720 93 34
s 6721 25 10
s 6722 8 3
s 6723 155 70
s 6724 40 17
s 6725 209 99
s 6726 152 56
s 6727 156 69
s 6728 54 18
s 6729 27 16
s 6730 327 135
s 6731 93 40
s 6732 172 82
s 6733 40 20
s 6734 67 39
s 6735 72 38
s 6736 110 54
s 6737 42 20
s 6738 28 11
s 6739 102 50
s 6740 151 74
s 6741 415 201
s 6742 330 141
s 6743 137 58
s 6744 64 32
s 6745 20 8
s 6746 100 49
s 6747 96 46
s 6748 27 8
s 6749 148 71
s 6750 52 21
s 6751 44 20
s 6752 249 106
s 6753 116 40
s 6754 209 87
s 6755 67 33
s 6756 222 86
s 6757 127 56
s 6758 36 11
s 6759 13 6
s 6760 106 43
s 6761 85 34
s 6762 295 140
s 6763 178 83
s 6764 342 137
s 6765 167 86
s 6766 147 67
s 6767 65 24
s 6768 182 88
s 6769 39 17
s 6770 56 25
s 6775 115 55
s 6776 167 76
s 6777 133 57
s 6779 186 76
s 6782 136 67
s 6784 307 120
s 6785 177 69
s 6787 131 68
s 6791 407 185
s 6792 55 29
s 6793 57 29
s 6794 71 32
s 6801 125 63
s 6811 103 52
s 6940 80 37
s 6941 61 26
s 6942 27 12
s 6943 50 18
s 6944 8 4
s 6945 18 13
s 6946 29 16
s 6947 32 15
s 6948 99 54
s 6949 15 8
s 6950 39 24
s 6951 52 17
s 6952 7 1
s 6953 39 17
s 6954 30 10
s 6955 30 12
s 6956 26 17
s 6957 13 8
s 6958 36 18
s 6959 37 15
s 6960 84 38
s 6961 49 24
s 6962 14 9
s 6963 28 15
s 6964 22 8
s 6965 56 27
s 6966 164 75
s 6967 56 39
s 6968 34 17
s 6969 7 5
s 6970 9 1
s 6971 22 12
s 6972 101 32
s 6973 7 3
s 6974 29 20
s 6975 21 9
s 6976 27 13
s 6977 6 5
s 6978 3 2
s 6979 64 26
s 6980 21 10
s 6981 68 33
s 6982 81 26
s 6983 75 38
s 6984 15 7
s 6985 8 3
s 6986 118 54
s 6987 24 7
s 6988 74 30
s 6989 16 12
s 6990 34 21
s 6991 19 7
s 6992 26 17
s 6993 7 1
s 6994 9 4
s 6995 14 9
s 6996 35 20
s 6997 110 52
s 6998 131 68
s 6999 37 21
s 7000 25 12
s 7001 3 2
s 7002 43 22
s 7003 31 16
s 7004 12 5
s 7005 67 37
s 7006 19 9
s 7007 15 7
s 7008 82 40
s 7009 43 14
s 7010 68 25
s 7011 31 19
s 7012 68 32
s 7013 53 21
s 7014 10 4
s 7015 4 2
s 7016 35 10
s 7017 41 20
s 7018 100 57
s 7019 75 35
s 7020 136 66
s 7021 43 23
s 7022 60 26
s 7023 18 7
s 7024 39 22
s 7025 12 6
s 7026 30 15
s 7031 59 28
s 7032 61 35
s 7033 26 11
s 7035 74 34
s 7038 55 31
s 7040 133 63
s 7041 57 24
s 7043 25 9
s 7047 137 75
s 7048 15 6
s 7049 27 12
s 7050 26 15
s 7057 39 15
s 7067 27 15
s 7197 21 13
s 7198 107 63
s 7199 184 95
s 7200 11 6
s 7201 20 11
s 7202 20 11
s 7203 52 22
s 7204 100 45
s 7205 23 12
s 7206 21 12
s 7207 71 32
s 7208 18 8
s 7209 39 23
s 7210 26 13
s 7211 47 24
s 7212 42 23
s 7213 17 11
s 7214 75 35
s 7215 45 21
s 7216 143 76
s 7217 66 34
s 7218 25 13
s 7219 104 47
s 7220 25 11
s 7221 96 47
s 7222 300 153
s 7223 46 27
s 7224 63 32
s 7225 6 3
s 7226 24 13
s 7227 24 8
s 7228 42 17
s 7229 7 2
s 7230 76 32
s 7231 40 16
s 7232 91 41
s 7233 15 9
s 7234 7 2
s 7235 79 37
s 7236 26 13
s 7237 64 42
s 7238 67 36
s 7239 124 67
s 7240 38 12
s 7241 19 13
s 7242 161 87
s 7243 63 28
s 7244 76 38
s 7245 13 5
s 7246 19 15
s 7247 80 40
s 7248 70 34
s 7249 3 0
s 7250 13 8
s 7251 119 68
s 7252 141 72
s 7253 292 154
s 7254 331 173
s 7255 182 94
s 7256 36 22
s 7257 5 2
s 7258 85 47
s 7259 61 35
s 7260 15 6
s 7261 68 34
s 7262 27 8
s 7263 8 5
s 7264 56 25
s 7265 25 12
s 7266 33 18
s 7267 7 1
s 7268 257 130
s 7269 88 41
s 7270 13 6
s 7271 9 4
s 7272 10 4
s 7273 129 67
s 7274 154 86
s 7275 105 64
s 7276 77 32
s 7277 97 45
s 7278 96 39
s 7279 51 25
s 7280 198 102
s 7281 21 11
s 7282 28 11
s 7287 225 103
s 7288 122 70
s 7289 150 74
s 7291 361 182
s 7294 57 30
s 7296 226 102
s 7297 25 10
s 7299 163 86
s 7303 67 23
s 7304 31 13
s 7305 21 14
s 7306 31 16
s 7313 93 44
s 7323 45 24
s 7454 77 40
s 7455 139 65
s 7456 13 6
s 7457 7 7
s 7458 22 14
s 7459 35 13
s 7460 84 38
s 7461 40 17
s 7462 8 2
s 7463 58 28
s 7464 6 2
s 7465 27 11
s 7466 21 9
s 7467 24 7
s 7468 21 9
s 7469 8 5
s 7470 46 23
s 7471 47 22
s 7472 123 55
s 7473 48 24
s 7474 28 12
s 7475 87 44
s 7476 19 13
s 7477 50 25
s 7478 202 106
s 7480 26 12
s 7481 9 5
s 7482 28 18
s 7483 14 6
s 7484 1 0
s 7485 6 4
s 7486 62 32
s 7487 25 9
s 7488 53 27
s 7489 7 3
s 7490 2 1
s 7491 74 37
s 7492 15 5
s 7493 7 2
s 7494 42 15
s 7495 83 37
s 7496 11 6
s 7497 17 6
s 7498 204 98
s 7499 53 26
s 7500 70 36
s 7501 2 0
s 7502 4 2
s 7503 41 15
s 7504 44 19
s 7505 9 4
s 7506 6 2
s 7507 74 42
s 7508 79 43
s 7509 142 54
s 7510 250 125
s 7511 95 50
s 7512 27 14
s 7513 15 6
s 7514 80 43
s 7515 45 25
s 7516 6 3
s 7517 58 31
s 7518 19 10
s 7519 13 7
s 7520 4 2
s 7521 12 7
s 7522 7 3
s 7523 6 2
s 7524 128 63
s 7525 65 30
s 7526 12 8
s 7527 11 3
s 7528 3 2
s 7529 84 39
s 7530 138 68
s 7531 74 34
s 7532 1 1
s 7533 72 34
s 7534 61 33
s 7535 52 18
s 7536 83 46
s 7537 16 7
s 7538 29 14
s 7543 163 80
s 7544 66 35
s 7545 69 31
s 7547 265 137
s 7550 37 22
s 7552 198 102
s 7553 5 2
s 7555 117 47
s 7559 11 6
s 7560 26 10
s 7561 16 11
s 7562 41 18
s 7569 50 23
s 7579 18 11
s 7711 34 15
s 7712 11 4
s 7713 36 22
s 7714 22 10
s 7715 42 20
s 7716 104 56
s 7717 5 1
s 7718 28 16
s 7719 68 29
s 7720 5 2
s 7721 44 17
s 7722 32 15
s 7723 27 13
s 7724 27 10
s 7725 10 4
s 7726 21 10
s 7727 48 23
s 7728 100 53
s 7729 63 39
s 7730 6 4
s 7731 43 23
s 7732 13 6
s 7733 50 21
s 7734 176 105
s 7735 75 41
s 7736 26 14
s 7737 7 5
s 7738 11 5
s 7739 24 11
s 7740 105 50
s 7741 4 2
s 7742 59 35
s 7743 16 10
s 7744 19 9
s 7745 19 11
s 7747 96 44
s 7748 10 5
s 7749 105 53
s 7750 55 20
s 7751 91 49
s 7752 17 6
s 7753 19 12
s 7754 118 52
s 7755 17 3
s 7756 73 44
s 7757 16 8
s 7758 45 30
s 7759 28 19
s 7760 50 25
s 7761 13 7
s 7762 6 2
s 7763 9 4
s 7764 19 12
s 7765 78 39
s 7766 192 97
s 7767 21 10
s 7768 43 23
s 7769 11 7
s 7770 64 40
s 7771 37 18
s 7772 8 3
s 7773 63 34
s 7774 13 2
s 7775 16 11
s 7776 103 54
s 7777 52 21
s 7778 64 29
s 7779 25 11
s 7780 55 28
s 7781 60 27
s 7782 10 5
s 7783 2 1
s 7784 35 20
s 7785 43 24
s 7786 145 71
s 7787 102 56
s 7788 115 52
s 7789 55 29
s 7790 39 22
s 7791 10 4
s 7792 32 16
s 7793 17 6
s 7794 30 18
s 7799 110 45
s 7800 69 34
s 7801 40 23
s 7803 150 78
s 7806 50 27
s 7808 114 54
s 7809 56 29
s 7811 39 19
s 7815 129 65
s 7816 20 11
s 7817 42 22
s 7818 24 14
s 7825 82 45
s 7835 48 25
s 7968 24 10
s 7969 49 25
s 7970 49 23
s 7971 74 29
s 7972 162 86
s 7973 11 4
s 7974 54 25
s 7975 105 40
s 7976 6 3
s 7977 92 34
s 7978 58 32
s 7979 74 44
s 7980 46 26
s 7981 10 4
s 7982 62 30
s 7983 77 44
s 7984 172 88
s 7985 114 64
s 7986 9 3
s 7987 52 24
s 7988 34 17
s 7989 81 31
s 7990 373 182
s 7991 159 96
s 7992 36 19
s 7993 5 3
s 7994 17 10
s 7995 29 19
s 7996 206 97
s 7997 10 6
s 7998 103 66
s 7999 30 17
s 8000 41 23
s 8001 22 15
s 8002 4 0
s 8003 150 72
s 8004 10 0
s 8005 176 82
s 8006 117 54
s 8007 185 95
s 8008 26 12
s 8009 21 12
s 8010 189 95
s 8011 39 19
s 8012 142 64
s 8013 30 16
s 8014 44 24
s 8015 38 15
s 8016 81 36
s 8017 27 14
s 8018 18 9
s 8019 25 15
s 8020 40 18
s 8021 146 68
s 8022 286 133
s 8023 32 14
s 8024 61 28
s 8025 5 3
s 8026 102 57
s 8027 43 26
s 8028 21 14
s 8029 128 72
s 8030 24 12
s 8031 32 13
s 8032 193 105
s 8033 77 35
s 8034 124 54
s 8035 36 15
s 8036 119 60
s 8037 94 43
s 8038 16 9
s 8039 7 6
s 8040 57 29
s 8041 77 36
s 8042 214 108
s 8043 146 69
s 8044 248 103
s 8045 91 37
s 8046 60 36
s 8047 13 6
s 8048 37 19
s 8049 27 12
s 8050 42 22
s 8055 177 97
s 8056 128 61
s 8057 266 137
s 8059 218 98
s 8062 101 50
s 8064 179 76
s 8065 100 49
s 8067 64 32
s 8071 276 123
s 8072 42 18
s 8073 84 44
s 8074 28 12
s 8081 81 35
s 8091 49 30
s 8225 3 2
s 8226 3 2
s 8227 3 0
s 8228 16 6
s 8229 1 0
s 8230 5 2
s 8231 8 2
s 8233 2 0
s 8234 7 5
s 8235 4 2
s 8236 2 1
s 8238 2 2
s 8239 7 4
s 8240 9 9
s 8241 9 4
s 8242 2 1
s 8243 11 4
s 8244 2 2
s 8245 9 4
s 8246 14 9
s 8247 30 13
s 8248 2 0
s 8250 5 1
s 8251 2 0
s 8252 9 5
s 8254 7 3
s 8255 2 2
s 8256 5 2
s 8257 1 1
s 8258 3 2
s 8259 4 2
s 8260 4 1
s 8261 10 4
s 8262 7 2
s 8263 16 9
s 8264 2 0
s 8265 3 2
s 8266 9 2
s 8267 8 3
s 8268 2 0
s 8269 1 1
s 8270 3 1
s 8271 4 2
s 8272 2 1
s 8273 1 0
s 8274 2 1
s 8275 10 5
s 8276 19 9
s 8277 33 12
s 8278 24 14
s 8279 18 12
s 8280 5 3
s 8281 4 3
s 8282 8 4
s 8283 2 2
s 8285 6 4
s 8286 6 3
s 8287 2 1
s 8288 11 6
s 8289 3 2
s 8290 11 5
s 8291 5 0
s 8292 12 5
s 8293 12 5
s 8294 3 0
s 8295 1 1
s 8296 4 2
s 8297 9 4
s 8298 8 5
s 8299 7 3
s 8300 24 10
s 8301 7 4
s 8302 11 4
s 8303 6 1
s 8304 10 7
s 8305 2 0
s 8306 4 2
s 8311 23 9
s 8312 5 2
s 8313 13 5
s 8315 27 15
s 8318 6 3
s 8320 11 5
s 8321 6 4
s 8323 7 6
s 8327 19 10
s 8328 2 0
s 8329 7 3
s 8330 3 1
s 8337 8 4
s 8347 3 1
s 8482 8 4
s 8483 9 6
s 8484 51 35
s 8485 7 4
s 8486 7 5
s 8487 21 10
s 8488 5 5
s 8489 9 8
s 8490 12 6
s 8491 12 5
s 8492 8 5
s 8493 4 4
s 8494 20 14
s 8495 23 12
s 8496 55 29
s 8497 46 32
s 8498 16 13
s 8499 65 37
s 8500 7 3
s 8501 48 31
s 8502 81 56
s 8503 7 5
s 8504 22 15
s 8505 5 4
s 8506 9 5
s 8507 8 4
s 8508 9 2
s 8509 8 5
s 8510 75 56
s 8511 5 4
s 8512 18 7
s 8513 4 3
s 8514 6 4
s 8515 24 13
s 8516 4 3
s 8517 15 10
s 8518 21 10
s 8519 81 52
s 8520 13 9
s 8521 11 5
s 8522 48 26
s 8523 18 8
s 8524 40 30
s 8525 8 5
s 8526 1 1
s 8527 10 5
s 8528 29 18
s 8529 4 2
s 8530 4 1
s 8531 54 37
s 8532 39 24
s 8533 74 49
s 8534 102 63
s 8535 43 28
s 8536 27 19
s 8537 6 2
s 8538 32 12
s 8539 27 16
s 8540 1 0
s 8541 31 20
s 8542 6 4
s 8543 4 2
s 8544 18 13
s 8545 14 10
s 8546 12 8
s 8547 4 0
s 8548 91 46
s 8549 21 12
s 8550 4 2
s 8551 5 3
s 8552 4 1
s 8553 40 28
s 8554 84 51
s 8555 87 57
s 8556 14 9
s 8557 30 21
s 8558 26 12
s 8559 18 15
s 8560 90 54
s 8561 5 3
s 8562 6 5
s 8567 94 65
s 8568 51 35
s 8569 29 17
s 8571 96 58
s 8574 26 17
s 8576 48 22
s 8577 3 2
s 8579 51 25
s 8583 15 11
s 8584 17 12
s 8585 8 7
s 8586 16 7
s 8593 38 24
s 8603 18 9
s 8739 6 2
s 8740 16 6
s 8741 10 5
s 8742 8 4
s 8744 3 0
s 8745 12 4
s 8746 7 2
s 8747 4 0
s 8748 9 6
s 8750 7 3
s 8751 6 3
s 8752 37 14
s 8753 13 6
s 8754 11 6
s 8755 25 10
s 8756 1 1
s 8757 19 11
s 8758 57 34
s 8759 39 21
s 8760 8 6
s 8761 3 1
s 8762 9 5
s 8763 3 0
s 8764 67 32
s 8765 1 0
s 8766 28 13
s 8767 8 4
s 8768 25 15
s 8769 4 4
s 8771 24 11
s 8772 5 3
s 8773 23 12
s 8774 19 7
s 8775 53 30
s 8776 2 1
s 8777 10 6
s 8778 6 2
s 8779 14 6
s 8780 2 1
s 8781 7 3
s 8782 16 9
s 8783 25 12
s 8784 10 2
s 8785 7 6
s 8786 3 1
s 8787 29 17
s 8788 29 16
s 8789 81 34
s 8790 64 43
s 8791 36 16
s 8792 10 5
s 8793 2 1
s 8794 13 4
s 8795 12 5
s 8796 5 3
s 8797 17 6
s 8798 6 3
s 8799 6 3
s 8800 50 17
s 8801 23 10
s 8802 18 9
s 8803 12 6
s 8804 57 30
s 8805 22 6
s 8806 8 4
s 8807 4 2
s 8808 18 6
s 8809 33 17
s 8810 3 3
s 8811 16 6
s 8812 63 31
s 8813 21 9
s 8814 19 13
s 8815 12 8
s 8816 36 15
s 8817 3 0
s 8818 4 3
s 8823 30 14
s 8824 4 1
s 8825 45 23
s 8827 72 32
s 8830 1 1
s 8832 39 16
s 8833 19 7
s 8835 36 17
s 8839 40 20
s 8840 5 2
s 8841 7 5
s 8842 14 5
s 8849 18 7
s 8859 15 10
s 8996 50 27
s 8997 28 11
s 8998 20 11
s 8999 6 3
s 9000 7 6
s 9001 24 15
s 9002 21 8
s 9003 8 1
s 9004 11 4
s 9005 11 4
s 9006 14 6
s 9007 9 3
s 9008 35 16
s 9009 23 13
s 9010 10 5
s 9011 39 16
s 9012 3 1
s 9013 11 6
s 9014 87 41
s 9015 42 19
s 9016 8 4
s 9017 6 3
s 9018 8 6
s 9019 6 3
s 9020 58 22
s 9021 1 1
s 9022 31 16
s 9023 8 5
s 9024 33 10
s 9025 5 2
s 9027 30 13
s 9028 9 2
s 9029 58 31
s 9030 28 15
s 9031 71 32
s 9032 9 5
s 9033 8 6
s 9034 31 13
s 9035 36 15
s 9036 6 2
s 9037 8 3
s 9038 14 8
s 9039 20 9
s 9040 17 6
s 9041 2 2
s 9043 31 12
s 9044 41 17
s 9045 84 37
s 9046 99 51
s 9047 53 29
s 9048 14 4
s 9049 2 1
s 9050 14 11
s 9051 24 11
s 9052 1 0
s 9053 35 15
s 9054 4 2
s 9055 8 3
s 9056 65 30
s 9057 26 9
s 9058 19 11
s 9059 20 10
s 9060 60 25
s 9061 42 21
s 9062 8 4
s 9063 5 3
s 9064 14 3
s 9065 36 25
s 9066 18 10
s 9067 34 18
s 9068 79 32
s 9069 25 8
s 9070 32 19
s 9071 18 7
s 9072 50 20
s 9073 3 1
s 9074 8 4
s 9079 56 27
s 9080 9 2
s 9081 38 17
s 9083 86 36
s 9086 13 7
s 9088 68 25
s 9089 36 17
s 9091 31 17
s 9095 73 37
s 9096 14 7
s 9097 13 5
s 9098 11 4
s 9105 19 9
s 9115 10 5
s 9253 29 10
s 9254 47 29
s 9255 52 24
s 9256 16 9
s 9257 42 19
s 9258 24 12
s 9259 34 12
s 9260 14 9
s 9261 7 4
s 9262 28 13
s 9263 50 23
s 9264 110 61
s 9265 103 59
s 9266 32 15
s 9267 171 87
s 9268 14 5
s 9269 84 44
s 9270 163 75
s 9271 104 62
s 9272 30 13
s 9273 12 10
s 9274 35 16
s 9275 20 10
s 9276 139 70
s 9277 9 5
s 9278 126 81
s 9279 23 10
s 9280 80 29
s 9281 24 13
s 9282 6 2
s 9283 54 28
s 9284 25 12
s 9285 118 59
s 9286 52 23
s 9287 204 110
s 9288 22 11
s 9289 15 8
s 9290 106 57
s 9291 79 32
s 9292 48 29
s 9293 30 20
s 9294 50 25
s 9295 64 34
s 9296 48 27
s 9297 15 6
s 9298 9 5
s 9299 138 83
s 9300 119 59
s 9301 278 127
s 9302 322 189
s 9303 163 91
s 9304 69 38
s 9305 7 4
s 9306 81 52
s 9307 51 25
s 9308 10 5
s 9309 84 47
s 9310 13 4
s 9311 13 8
s 9312 155 81
s 9313 50 24
s 9314 65 31
s 9315 13 5
s 9316 206 111
s 9317 108 47
s 9318 22 15
s 9319 14 8
s 9320 36 17
s 9321 126 62
s 9322 179 103
s 9323 120 70
s 9324 177 84
s 9325 69 31
s 9326 64 29
s 9327 58 27
s 9328 173 103
s 9329 21 11
s 9330 27 13
s 9335 237 117
s 9336 84 39
s 9337 106 54
s 9339 329 162
s 9342 53 28
s 9344 244 115
s 9345 55 28
s 9347 164 86
s 9351 190 100
s 9352 36 19
s 9353 56 32
s 9354 12 5
s 9361 56 33
s 9371 92 49
s 9510 9 4
s 9511 23 4
s 9512 1 1
s 9513 18 7
s 9514 11 5
s 9515 10 2
s 9516 8 3
s 9517 4 3
s 9518 12 6
s 9519 16 6
s 9520 54 28
s 9521 23 10
s 9522 1 0
s 9523 2 0
s 9524 8 2
s 9525 40 21
s 9526 50 26
s 9527 20 7
s 9528 7 3
s 9529 5 2
s 9531 4 1
s 9532 32 9
s 9533 1 0
s 9534 15 9
s 9535 12 5
s 9536 15 4
s 9537 11 4
s 9538 1 0
s 9539 28 10
s 9540 1 0
s 9541 25 8
s 9542 19 8
s 9543 37 16
s 9544 12 6
s 9545 11 5
s 9546 34 17
s 9547 12 3
s 9548 19 10
s 9549 3 2
s 9550 14 5
s 9551 7 2
s 9552 13 3
s 9553 1 1
s 9554 1 0
s 9555 8 4
s 9556 13 5
s 9557 23 7
s 9558 63 29
s 9559 7 5
s 9560 15 3
s 9561 5 3
s 9562 23 11
s 9563 10 6
s 9564 1 1
s 9565 18 11
s 9566 5 3
s 9567 8 4
s 9568 39 21
s 9569 13 5
s 9570 21 4
s 9571 11 5
s 9572 21 10
s 9573 25 12
s 9574 3 0
s 9575 1 0
s 9576 12 7
s 9577 21 9
s 9578 41 23
s 9579 33 14
s 9580 54 25
s 9581 13 6
s 9582 19 8
s 9583 3 0
s 9584 8 4
s 9585 5 1
s 9586 6 2
s 9591 26 11
s 9592 24 7
s 9593 9 4
s 9595 46 18
s 9598 21 12
s 9600 34 13
s 9601 21 9
s 9603 11 5
s 9607 63 28
s 9608 2 1
s 9609 8 3
s 9610 14 6
s 9617 16 9
s 9627 13 8
s 9767 16 7
s 9768 3 1
s 9769 17 5
s 9770 5 4
s 9771 11 6
s 9772 3 2
s 9773 8 6
s 9774 28 12
s 9775 23 14
s 9776 49 28
s 9777 32 18
s 9778 7 3
s 9779 39 23
s 9780 6 3
s 9781 45 20
s 9782 67 29
s 9783 6 4
s 9784 11 6
s 9785 9 2
s 9786 15 9
s 9787 8 5
s 9788 12 6
s 9789 8 5
s 9790 28 20
s 9791 15 6
s 9792 41 23
s 9793 6 4
s 9794 1 1
s 9795 23 13
s 9796 11 5
s 9797 15 5
s 9798 35 18
s 9799 40 14
s 9800 5 4
s 9801 4 2
s 9802 56 30
s 9803 42 21
s 9804 16 8
s 9805 5 2
s 9806 4 2
s 9807 28 15
s 9808 25 15
s 9809 1 0
s 9810 3 3
s 9811 29 16
s 9812 43 23
s 9813 73 39
s 9814 96 50
s 9815 61 32
s 9816 13 6
s 9817 3 3
s 9818 96 59
s 9819 15 10
s 9820 6 4
s 9821 28 17
s 9822 13 7
s 9823 6 3
s 9824 14 7
s 9825 14 8
s 9826 18 10
s 9827 6 2
s 9828 80 40
s 9829 42 22
s 9830 7 2
s 9831 2 2
s 9832 5 3
s 9833 50 25
s 9834 76 43
s 9835 52 34
s 9836 21 9
s 9837 50 26
s 9838 28 13
s 9839 25 13
s 9840 67 39
s 9841 4 3
s 9842 14 5
s 9847 87 47
s 9848 39 16
s 9849 38 23
s 9851 125 74
s 9854 22 16
s 9856 78 39
s 9857 15 9
s 9859 60 25
s 9863 20 12
s 9864 16 8
s 9865 6 0
s 9866 11 5
s 9873 30 21
s 9883 14 11
s 10024 11 4
s 10025 34 13
s 10026 25 12
s 10027 9 3
s 10028 15 6
s 10029 8 2
s 10030 27 13
s 10031 15 5
s 10032 79 38
s 10033 14 10
s 10034 22 11
s 10035 65 32
s 10036 1 1
s 10037 33 12
s 10038 149 67
s 10039 57 26
s 10040 16 6
s 10041 2 2
s 10042 12 4
s 10043 4 1
s 10044 109 48
s 10045 4 1
s 10046 46 27
s 10047 16 7
s 10048 51 19
s 10049 7 2
s 10050 3 2
s 10051 50 23
s 10052 18 5
s 10053 67 35
s 10054 53 25
s 10055 105 50
s 10056 14 6
s 10057 18 10
s 10058 9 3
s 10059 39 18
s 10060 2 0
s 10061 8 4
s 10062 22 9
s 10063 28 17
s 10064 25 11
s 10065 9 4
s 10066 2 0
s 10067 49 25
s 10068 56 28
s 10069 138 67
s 10070 188 76
s 10071 103 46
s 10072 38 20
s 10073 6 3
s 10074 20 9
s 10075 21 12
s 10076 2 1
s 10077 35 20
s 10078 13 5
s 10079 9 3
s 10080 100 58
s 10081 26 11
s 10082 41 17
s 10083 15 5
s 10084 108 48
s 10085 46 14
s 10086 10 3
s 10087 2 2
s 10088 28 16
s 10089 48 24
s 10090 8 3
s 10091 32 19
s 10092 127 44
s 10093 48 24
s 10094 47 24
s 10095 31 16
s 10096 62 33
s 10097 1 0
s 10098 17 11
s 10103 111 44
s 10104 13 8
s 10105 48 22
s 10107 149 67
s 10110 5 1
s 10112 82 35
s 10113 58 18
s 10115 79 33
s 10119 110 47
s 10120 18 12
s 10121 17 13
s 10122 27 16
s 10129 21 4
s 10139 38 22
s 10281 5 1
s 10282 5 4
s 10283 7 4
s 10284 8 2
s 10286 8 4
s 10287 11 6
s 10288 15 9
s 10289 6 2
s 10290 2 0
s 10291 12 7
s 10292 5 3
s 10293 10 5
s 10294 20 9
s 10295 9 4
s 10296 1 1
s 10297 1 1
s 10299 7 4
s 10300 15 4
s 10301 2 1
s 10302 6 2
s 10303 4 1
s 10304 5 2
s 10305 2 0
s 10306 1 1
s 10307 10 5
s 10308 3 1
s 10309 15 8
s 10310 7 2
s 10311 15 9
s 10312 3 2
s 10313 3 0
s 10314 11 6
s 10315 3 1
s 10316 11 7
s 10317 4 1
s 10318 5 3
s 10319 2 1
s 10320 3 3
s 10322 2 0
s 10323 6 3
s 10324 6 4
s 10325 10 5
s 10326 21 11
s 10327 12 8
s 10328 5 2
s 10330 8 3
s 10331 6 4
s 10332 3 0
s 10333 12 8
s 10334 2 0
s 10335 2 1
s 10336 14 5
s 10337 14 5
s 10338 6 3
s 10339 4 2
s 10340 9 2
s 10341 4 1
s 10342 3 3
s 10343 3 1
s 10344 4 1
s 10345 8 3
s 10346 17 9
s 10347 12 8
s 10348 11 7
s 10349 5 4
s 10350 7 3
s 10351 4 2
s 10352 5 1
s 10353 7 3
s 10354 6 2
s 10359 11 5
s 10360 15 7
s 10361 6 2
s 10363 21 9
s 10366 6 3
s 10368 22 13
s 10369 9 4
s 10371 5 4
s 10375 22 18
s 10376 9 3
s 10377 10 6
s 10378 6 5
s 10385 13 7
s 10395 4 2
s 10538 8 6
s 10539 21 10
s 10540 2 1
s 10541 5 4
s 10542 3 0
s 10543 25 14
s 10544 3 3
s 10545 30 12
s 10546 7 3
s 10547 36 14
s 10548 9 4
s 10549 13 4
s 10551 34 17
s 10552 6 2
s 10553 2 0
s 10554 14 6
s 10555 5 1
s 10556 60 27
s 10557 1 0
s 10558 22 13
s 10559 4 2
s 10560 40 21
s 10561 9 4
s 10563 1 0
s 10564 20 9
s 10565 43 20
s 10566 2 1
s 10567 64 25
s 10568 3 0
s 10569 2 1
s 10570 126 61
s 10571 32 14
s 10572 31 16
s 10573 5 2
s 10574 10 3
s 10575 16 12
s 10576 1 1
s 10578 1 0
s 10579 28 14
s 10580 28 8
s 10581 102 49
s 10582 117 53
s 10583 48 19
s 10584 21 14
s 10586 23 10
s 10587 9 5
s 10588 7 5
s 10589 3 1
s 10590 1 1
s 10592 58 33
s 10593 29 7
s 10594 45 14
s 10595 7 4
s 10596 42 18
s 10597 60 17
s 10598 10 3
s 10599 6 5
s 10600 10 1
s 10601 37 19
s 10602 54 22
s 10603 36 11
s 10604 90 42
s 10606 59 32
s 10607 16 8
s 10608 54 25
s 10609 2 2
s 10610 3 3
s 10615 60 31
s 10616 22 8
s 10617 35 11
s 10619 93 45
s 10622 20 10
s 10624 151 60
s 10625 27 10
s 10627 47 20
s 10631 79 32
s 10632 16 9
s 10633 17 7
s 10634 2 0
s 10641 5 1
s 10651 14 10
s 10795 10 6
s 10796 2 2
s 10797 6 1
s 10798 3 2
s 10799 8 5
s 10800 17 10
s 10801 20 7
s 10802 10 3
s 10803 17 7
s 10804 8 6
s 10805 16 9
s 10806 13 8
s 10807 13 5
s 10808 2 0
s 10809 1 1
s 10810 11 7
s 10811 2 0
s 10812 19 6
s 10813 1 0
s 10814 14 7
s 10815 3 2
s 10816 17 11
s 10817 3 2
s 10818 3 2
s 10819 12 7
s 10820 14 4
s 10821 16 7
s 10822 5 0
s 10823 43 18
s 10824 6 1
s 10825 4 3
s 10826 48 22
s 10827 16 3
s 10828 38 16
s 10829 7 5
s 10830 6 5
s 10831 10 2
s 10832 2 1
s 10833 4 1
s 10834 5 2
s 10835 12 8
s 10836 22 14
s 10837 46 19
s 10838 73 38
s 10839 37 19
s 10840 12 5
s 10841 1 0
s 10842 16 6
s 10843 4 1
s 10844 6 0
s 10845 13 9
s 10846 4 1
s 10847 2 0
s 10848 14 5
s 10849 9 4
s 10850 22 15
s 10851 8 4
s 10852 23 10
s 10853 42 20
s 10854 7 4
s 10855 2 0
s 10856 5 2
s 10857 14 3
s 10858 36 13
s 10859 12 6
s 10860 24 10
s 10861 3 1
s 10862 22 12
s 10863 11 5
s 10864 30 15
s 10865 5 4
s 10866 3 2
s 10871 38 16
s 10872 21 12
s 10873 38 19
s 10875 61 22
s 10878 9 5
s 10880 56 23
s 10881 11 6
s 10883 27 9
s 10887 35 19
s 10888 3 1
s 10889 8 5
s 10890 6 2
s 10897 6 4
s 10907 5 3
s 11052 11 5
s 11053 3 0
s 11054 18 5
s 11055 10 4
s 11056 46 26
s 11057 28 16
s 11058 11 5
s 11059 42 18
s 11060 4 1
s 11061 32 14
s 11062 91 44
s 11063 25 18
s 11064 11 7
s 11065 6 2
s 11066 9 1
s 11067 4 3
s 11068 41 21
s 11069 2 2
s 11070 42 25
s 11071 11 7
s 11072 42 22
s 11073 9 4
s 11075 30 15
s 11076 5 1
s 11077 27 19
s 11078 34 21
s 11079 91 52
s 11080 8 3
s 11081 5 2
s 11082 18 6
s 11083 27 12
s 11084 19 14
s 11085 1 1
s 11086 14 5
s 11087 26 7
s 11088 15 6
s 11089 8 4
s 11090 5 2
s 11091 35 21
s 11092 42 21
s 11093 81 38
s 11094 111 51
s 11095 69 38
s 11096 26 14
s 11097 4 2
s 11098 9 5
s 11099 6 3
s 11100 4 2
s 11101 29 15
s 11102 7 3
s 11103 7 0
s 11104 39 25
s 11105 15 8
s 11106 18 10
s 11107 9 3
s 11108 89 40
s 11109 46 25
s 11110 6 3
s 11111 1 1
s 11112 8 4
s 11113 28 17
s 11114 35 25
s 11115 34 16
s 11116 49 19
s 11117 35 22
s 11118 24 10
s 11119 16 9
s 11120 42 23
s 11121 2 1
s 11122 3 2
s 11127 64 30
s 11128 24 11
s 11129 34 16
s 11131 81 34
s 11134 16 7
s 11136 58 22
s 11137 22 5
s 11139 49 24
s 11143 62 26
s 11144 12 5
s 11145 15 7
s 11146 10 5
s 11153 17 10
s 11163 14 6
s 11309 7 5
s 11310 1 1
s 11311 13 11
s 11312 2 1
s 11313 15 12
s 11314 6 4
s 11315 11 8
s 11316 3 2
s 11317 6 0
s 11318 2 0
s 11319 15 8
s 11321 5 3
s 11322 1 1
s 11323 4 2
s 11324 23 10
s 11325 3 3
s 11326 12 7
s 11327 2 1
s 11328 18 6
s 11329 3 2
s 11330 1 0
s 11331 2 0
s 11332 7 3
s 11333 12 8
s 11334 3 2
s 11335 26 14
s 11337 4 0
s 11338 37 19
s 11339 18 11
s 11340 16 5
s 11341 5 2
s 11342 11 5
s 11343 7 4
s 11345 2 1
s 11346 5 3
s 11347 8 5
s 11348 13 4
s 11349 37 19
s 11350 61 40
s 11351 24 14
s 11352 13 7
s 11354 13 10
s 11355 6 1
s 11356 6 4
s 11360 22 12
s 11361 29 14
s 11362 20 7
s 11363 5 2
s 11364 28 14
s 11365 23 10
s 11366 4 2
s 11367 1 1
s 11368 16 7
s 11369 23 10
s 11370 34 16
s 11371 19 10
s 11372 31 11
s 11373 1 0
s 11374 18 11
s 11375 13 6
s 11376 20 13
s 11377 7 2
s 11378 1 0
s 11383 27 14
s 11384 26 14
s 11385 36 13
s 11387 44 23
s 11390 9 5
s 11392 54 21
s 11393 20 12
s 11395 20 12
s 11399 28 10
s 11400 8 3
s 11401 13 3
s 11409 3 0
s 11419 13 6
s 11566 8 2
s 11567 8 3
s 11568 19 9
s 11569 13 5
s 11570 1 0
s 11571 8 6
s 11572 7 5
s 11573 9 4
s 11574 23 10
s 11575 10 4
s 11576 1 1
s 11577 4 2
s 11578 1 0
s 11579 1 1
s 11580 23 13
s 11581 2 1
s 11582 7 6
s 11584 16 11
s 11585 2 0
s 11586 2 1
s 11587 8 5
s 11589 16 12
s 11590 7 5
s 11591 11 9
s 11592 1 0
s 11593 6 2
s 11594 15 7
s 11595 5 4
s 11596 14 9
s 11597 4 1
s 11598 6 5
s 11599 3 2
s 11600 8 4
s 11601 4 2
s 11602 1 0
s 11603 8 5
s 11604 10 2
s 11605 14 8
s 11606 16 8
s 11607 6 3
s 11608 8 6
s 11609 1 0
s 11610 4 2
s 11611 3 3
s 11612 3 1
s 11613 15 9
s 11614 2 1
s 11615 1 0
s 11616 24 12
s 11617 10 2
s 11618 4 3
s 11619 1 0
s 11620 16 11
s 11621 7 6
s 11622 1 0
s 11624 4 3
s 11625 13 8
s 11626 21 15
s 11627 10 6
s 11628 9 3
s 11629 13 8
s 11630 4 3
s 11631 2 2
s 11632 6 2
s 11633 3 1
s 11634 7 4
s 11639 11 4
s 11640 10 6
s 11641 6 4
s 11643 23 13
s 11646 8 4
s 11648 19 8
s 11649 8 3
s 11651 5 1
s 11655 16 10
s 11656 3 3
s 11657 5 2
s 11658 5 3
s 11665 13 10
s 11675 6 2
s 11823 17 11
s 11824 9 4
s 11825 44 22
s 11826 4 2
s 11827 47 23
s 11828 8 6
s 11829 22 10
s 11830 8 4
s 11831 61 29
s 11832 5 2
s 11833 1 0
s 11834 12 3
s 11835 9 5
s 11836 56 27
s 11837 4 1
s 11838 43 27
s 11839 3 2
s 11840 29 12
s 11841 6 4
s 11842 3 3
s 11843 1 0
s 11844 12 2
s 11845 49 22
s 11846 6 3
s 11847 60 30
s 11848 2 1
s 11849 2 1
s 11850 60 20
s 11851 33 15
s 11852 33 16
s 11853 15 8
s 11854 15 6
s 11855 26 12
s 11856 3 0
s 11857 2 0
s 11858 3 1
s 11859 36 18
s 11860 67 32
s 11861 93 43
s 11862 143 71
s 11863 58 32
s 11864 19 11
s 11865 1 0
s 11866 58 36
s 11867 20 7
s 11868 8 5
s 11869 12 6
s 11871 6 4
s 11872 59 25
s 11873 20 8
s 11874 34 18
s 11875 9 7
s 11876 90 36
s 11877 30 13
s 11878 2 0
s 11879 5 2
s 11880 16 5
s 11881 60 26
s 11882 62 31
s 11883 66 35
s 11884 95 37
s 11885 2 0
s 11886 40 18
s 11887 19 9
s 11888 81 44
s 11889 5 1
s 11890 7 1
s 11895 69 40
s 11896 48 24
s 11897 29 13
s 11899 129 56
s 11902 40 19
s 11904 102 39
s 11905 45 19
s 11907 51 19
s 11911 97 44
s 11912 15 6
s 11913 13 4
s 11914 1 1
s 11921 7 0
s 11931 26 15
s 12080 73 39
s 12081 39 18
s 12082 16 10
s 12083 55 32
s 12084 5 2
s 12085 34 17
s 12086 101 43
s 12087 53 31
s 12088 19 11
s 12089 6 5
s 12090 10 5
s 12091 4 3
s 12092 47 22
s 12093 1 0
s 12094 65 39
s 12095 11 4
s 12096 52 26
s 12097 10 5
s 12098 1 1
s 12099 39 18
s 12100 16 12
s 12101 59 32
s 12102 31 19
s 12103 90 42
s 12104 13 6
s 12105 7 7
s 12106 21 10
s 12107 44 18
s 12108 10 5
s 12109 12 7
s 12110 22 11
s 12111 23 7
s 12112 31 14
s 12113 8 5
s 12115 45 22
s 12116 57 23
s 12117 122 66
s 12118 126 65
s 12119 61 37
s 12120 24 9
s 12121 4 3
s 12122 25 13
s 12123 27 18
s 12124 11 5
s 12125 18 11
s 12126 14 7
s 12127 6 4
s 12128 65 32
s 12129 19 9
s 12130 30 17
s 12131 18 8
s 12132 97 47
s 12133 48 17
s 12134 10 4
s 12135 5 3
s 12136 9 6
s 12137 48 22
s 12138 41 24
s 12139 48 27
s 12140 85 36
s 12141 40 19
s 12142 27 13
s 12143 18 6
s 12144 73 44
s 12145 6 1
s 12146 16 7
s 12151 85 42
s 12152 24 12
s 12153 40 23
s 12155 133 64
s 12158 15 9
s 12160 78 35
s 12161 27 18
s 12163 64 32
s 12167 76 34
s 12168 14 8
s 12169 14 9
s 12170 19 9
s 12177 38 15
s 12187 24 16
s 12337 103 61
s 12338 34 17
s 12339 113 57
s 12340 17 9
s 12341 46 21
s 12342 2 0
s 12343 155 92
s 12344 1 1
s 12345 12 5
s 12346 40 19
s 12347 20 9
s 12348 209 118
s 12349 12 7
s 12350 104 77
s 12351 13 11
s 12352 81 43
s 12353 25 17
s 12354 5 2
s 12355 1 1
s 12356 21 12
s 12357 149 79
s 12358 4 3
s 12359 196 106
s 12360 9 7
s 12361 13 4
s 12362 169 84
s 12363 71 31
s 12364 88 43
s 12365 31 14
s 12366 36 24
s 12367 90 38
s 12368 10 5
s 12369 8 5
s 12370 8 3
s 12371 146 90
s 12372 177 105
s 12373 300 147
s 12374 391 214
s 12375 132 74
s 12376 77 38
s 12377 3 0
s 12378 115 67
s 12379 71 41
s 12380 18 8
s 12381 34 22
s 12382 2 1
s 12384 182 81
s 12385 67 28
s 12386 104 50
s 12387 29 10
s 12388 221 115
s 12389 103 46
s 12390 19 9
s 12391 13 7
s 12392 34 15
s 12393 136 71
s 12394 251 156
s 12395 158 78
s 12396 230 100
s 12398 96 49
s 12399 57 21
s 12400 173 89
s 12401 17 6
s 12402 17 11
s 12407 220 119
s 12408 140 76
s 12409 122 63
s 12411 336 177
s 12414 88 45
s 12416 258 117
s 12417 88 40
s 12419 171 83
s 12423 238 131
s 12424 31 17
s 12425 54 34
s 12426 5 3
s 12433 29 15
s 12443 85 46
s 12594 23 9
s 12595 67 35
s 12596 10 7
s 12597 79 43
s 12598 177 97
s 12599 121 71
s 12600 26 13
s 12601 8 5
s 12602 39 19
s 12603 9 4
s 12604 82 39
s 12605 9 4
s 12606 113 71
s 12607 17 9
s 12608 59 31
s 12609 14 8
s 12610 5 4
s 12611 71 45
s 12612 20 9
s 12613 94 55
s 12614 53 28
s 12615 105 63
s 12616 28 13
s 12617 13 6
s 12618 54 30
s 12619 44 17
s 12620 43 21
s 12621 18 7
s 12622 26 15
s 12623 41 24
s 12624 44 20
s 12625 5 3
s 12626 5 3
s 12627 59 31
s 12628 71 46
s 12629 159 75
s 12630 243 126
s 12631 138 76
s 12632 44 27
s 12633 10 6
s 12634 63 39
s 12635 47 28
s 12636 9 7
s 12637 59 34
s 12638 20 12
s 12639 16 10
s 12640 85 41
s 12641 23 9
s 12642 63 32
s 12643 10 5
s 12644 132 62
s 12645 90 42
s 12646 7 3
s 12647 7 5
s 12648 23 12
s 12649 128 75
s 12650 40 22
s 12651 48 20
s 12652 134 65
s 12653 72 33
s 12654 69 37
s 12655 52 29
s 12656 155 92
s 12657 12 6
s 12658 21 14
s 12663 184 92
s 12664 40 16
s 12665 97 49
s 12667 294 152
s 12670 17 7
s 12672 127 56
s 12673 24 14
s 12675 133 76
s 12679 140 76
s 12680 27 16
s 12681 27 17
s 12682 28 13
s 12689 53 22
s 12699 59 34
s 12851 14 4
s 12852 8 2
s 12853 41 21
s 12854 62 27
s 12855 22 10
s 12856 8 2
s 12857 1 0
s 12858 4 3
s 12859 6 4
s 12860 49 26
s 12861 10 7
s 12862 25 12
s 12863 7 4
s 12864 7 3
s 12865 7 1
s 12867 29 10
s 12868 3 0
s 12869 23 11
s 12870 22 12
s 12871 23 11
s 12872 3 2
s 12873 8 3
s 12874 45 23
s 12875 4 2
s 12876 34 22
s 12877 7 4
s 12878 14 7
s 12879 10 5
s 12880 21 7
s 12881 4 0
s 12882 4 2
s 12883 6 3
s 12884 14 3
s 12885 24 5
s 12886 67 39
s 12887 12 4
s 12888 10 6
s 12889 4 4
s 12890 25 17
s 12891 13 8
s 12892 10 4
s 12893 19 6
s 12894 10 3
s 12895 3 2
s 12896 49 21
s 12897 22 13
s 12898 21 7
s 12899 6 3
s 12900 20 9
s 12901 21 6
s 12902 1 1
s 12903 4 1
s 12904 14 11
s 12905 30 11
s 12906 54 26
s 12907 43 19
s 12908 49 22
s 12909 22 14
s 12910 12 7
s 12911 2 0
s 12912 4 2
s 12913 4 2
s 12914 11 5
s 12919 40 25
s 12920 35 13
s 12921 17 8
s 12923 63 35
s 12926 16 11
s 12928 28 12
s 12929 12 7
s 12931 15 7
s 12935 46 20
s 12936 19 11
s 12937 14 6
s 12938 8 2
s 12945 21 9
s 12955 18 13
s 13108 10 5
s 13109 99 47
s 13110 161 71
s 13111 176 99
s 13112 33 16
s 13113 9 4
s 13114 16 8
s 13115 16 8
s 13116 90 44
s 13117 4 2
s 13118 18 11
s 13119 18 8
s 13120 27 9
s 13121 13 7
s 13122 1 1
s 13123 58 32
s 13124 9 5
s 13125 77 35
s 13126 32 14
s 13127 31 11
s 13128 20 10
s 13129 7 3
s 13130 109 45
s 13131 25 12
s 13132 66 35
s 13133 25 14
s 13134 26 18
s 13135 30 16
s 13136 46 22
s 13137 3 0
s 13138 6 0
s 13139 16 9
s 13140 20 9
s 13141 81 32
s 13142 208 117
s 13143 45 25
s 13144 12 7
s 13145 8 5
s 13146 85 47
s 13147 44 28
s 13148 10 4
s 13149 42 28
s 13150 17 7
s 13151 6 5
s 13152 116 55
s 13153 27 12
s 13154 95 49
s 13155 15 9
s 13156 20 13
s 13157 54 28
s 13158 7 4
s 13159 3 1
s 13160 21 10
s 13161 65 38
s 13162 163 74
s 13163 113 59
s 13164 183 82
s 13165 84 45
s 13166 62 37
s 13167 22 12
s 13168 71 40
s 13169 12 6
s 13170 17 8
s 13175 120 55
s 13176 104 51
s 13177 40 17
s 13179 165 71
s 13182 66 33
s 13184 165 76
s 13185 48 19
s 13187 78 47
s 13191 152 76
s 13192 12 8
s 13193 36 20
s 13194 35 15
s 13201 59 31
s 13211 59 31
s 13365 18 10
s 13366 47 17
s 13367 25 15
s 13368 1 1
s 13369 4 1
s 13370 5 3
s 13371 2 1
s 13372 23 10
s 13373 2 1
s 13374 16 7
s 13375 1 1
s 13376 14 7
s 13377 4 1
s 13378 1 0
s 13379 11 8
s 13380 7 2
s 13381 21 7
s 13382 11 5
s 13383 36 17
s 13384 7 5
s 13385 4 2
s 13386 7 3
s 13387 6 4
s 13388 2 1
s 13389 8 2
s 13390 2 1
s 13391 9 2
s 13392 10 6
s 13393 3 1
s 13394 1 0
s 13395 22 13
s 13396 15 7
s 13397 51 19
s 13398 57 24
s 13399 17 8
s 13400 3 2
s 13402 9 5
s 13403 42 21
s 13404 5 2
s 13405 13 8
s 13406 3 0
s 13407 4 2
s 13408 26 10
s 13409 16 9
s 13410 10 4
s 13411 5 5
s 13412 28 15
s 13413 19 10
s 13414 3 1
s 13415 1 0
s 13416 4 3
s 13417 13 4
s 13418 5 4
s 13419 6 0
s 13420 38 13
s 13421 15 6
s 13422 13 7
s 13423 3 2
s 13424 24 10
s 13425 3 1
s 13426 1 0
s 13431 32 19
s 13432 4 1
s 13433 13 5
s 13435 47 20
s 13438 1 1
s 13440 27 11
s 13441 18 9
s 13443 22 13
s 13447 34 17
s 13448 10 6
s 13449 4 1
s 13450 9 4
s 13457 4 3
s 13467 15 9
s 13622 70 29
s 13623 91 45
s 13624 12 4
s 13625 5 2
s 13626 23 9
s 13627 19 6
s 13628 86 39
s 13629 7 4
s 13630 109 63
s 13631 13 4
s 13632 50 20
s 13633 14 9
s 13634 6 5
s 13635 31 12
s 13636 18 11
s 13637 97 46
s 13638 21 11
s 13639 134 63
s 13640 6 4
s 13641 7 2
s 13642 87 47
s 13643 49 17
s 13644 42 21
s 13645 21 14
s 13646 30 15
s 13647 36 18
s 13648 17 7
s 13649 6 4
s 13650 5 4
s 13651 62 36
s 13652 96 41
s 13653 159 73
s 13654 185 93
s 13655 82 46
s 13656 26 15
s 13657 4 1
s 13658 55 28
s 13659 30 15
s 13660 10 0
s 13661 33 19
s 13662 3 2
s 13663 4 2
s 13664 115 60
s 13665 29 12
s 13666 73 30
s 13667 12 5
s 13668 167 86
s 13669 68 33
s 13670 4 2
s 13671 5 2
s 13672 20 5
s 13673 81 46
s 13674 136 73
s 13675 85 44
s 13676 166 75
s 13677 24 11
s 13678 51 24
s 13679 21 9
s 13680 133 67
s 13681 12 5
s 13682 23 9
s 13687 162 80
s 13688 76 43
s 13689 54 27
s 13691 205 89
s 13694 37 17
s 13696 130 65
s 13697 47 23
s 13699 105 56
s 13703 117 56
s 13704 26 10
s 13705 27 18
s 13706 19 13
s 13713 26 12
s 13723 63 39
s 13879 301 177
s 13880 5 2
s 13881 19 9
s 13882 55 27
s 13883 42 21
s 13884 322 150
s 13885 14 8
s 13886 216 125
s 13887 27 18
s 13888 178 82
s 13889 42 24
s 13890 13 7
s 13892 49 26
s 13893 275 125
s 13894 3 2
s 13895 365 198
s 13896 20 8
s 13897 14 5
s 13898 344 175
s 13899 129 54
s 13900 200 103
s 13901 60 45
s 13902 83 37
s 13903 124 53
s 13904 8 0
s 13905 8 4
s 13906 9 7
s 13907 132 77
s 13908 163 89
s 13909 448 200
s 13910 547 292
s 13911 311 158
s 13912 92 47
s 13914 179 109
s 13915 60 30
s 13916 31 16
s 13917 54 31
s 13918 1 1
s 13919 1 1
s 13920 272 129
s 13921 110 50
s 13922 196 100
s 13923 42 26
s 13924 266 137
s 13925 181 80
s 13926 28 4
s 13927 15 9
s 13928 81 34
s 13929 228 116
s 13930 331 149
s 13931 241 121
s 13932 342 153
s 13933 3 2
s 13934 153 82
s 13935 95 52
s 13936 376 198
s 13937 33 14
s 13938 32 16
s 13943 417 203
s 13944 250 127
s 13945 251 126
s 13947 547 252
s 13950 147 73
s 13952 454 217
s 13953 115 51
s 13955 289 143
s 13959 357 174
s 13960 54 21
s 13961 95 51
s 13962 11 6
s 13969 42 20
s 13979 92 48
s 14136 37 21
s 14137 6 2
s 14138 24 9
s 14139 25 13
s 14140 5 3
s 14141 11 5
s 14142 361 234
s 14143 19 10
s 14144 84 46
s 14145 11 5
s 14146 2 1
s 14147 70 39
s 14148 21 12
s 14149 17 4
s 14150 74 42
s 14151 429 233
s 14152 25 10
s 14153 24 12
s 14154 138 85
s 14155 61 31
s 14156 95 59
s 14157 2 0
s 14158 2 0
s 14159 46 22
s 14160 69 37
s 14161 10 4
s 14162 12 7
s 14163 95 58
s 14164 80 47
s 14165 181 95
s 14166 197 101
s 14167 146 80
s 14168 103 60
s 14169 12 7
s 14170 82 51
s 14171 42 25
s 14172 2 1
s 14173 78 52
s 14174 29 14
s 14175 20 12
s 14176 10 5
s 14177 21 13
s 14178 19 6
s 14179 6 1
s 14180 232 113
s 14181 64 32
s 14182 11 4
s 14183 9 7
s 14184 6 2
s 14185 97 44
s 14186 237 131
s 14187 190 106
s 14188 7 5
s 14189 110 55
s 14190 69 35
s 14191 48 31
s 14192 188 104
s 14193 16 7
s 14194 30 17
s 14199 160 75
s 14200 107 62
s 14201 86 50
s 14203 244 121
s 14206 72 32
s 14208 170 95
s 14209 3 1
s 14211 124 59
s 14215 18 11
s 14216 38 24
s 14217 27 12
s 14218 29 15
s 14225 81 40
s 14235 21 17
s 14393 5 4
s 14394 10 6
s 14395 3 2
s 14396 46 22
s 14397 1 1
s 14398 24 8
s 14399 1 0
s 14400 22 7
s 14401 13 3
s 14403 5 3
s 14404 9 3
s 14405 40 18
s 14406 2 1
s 14407 67 34
s 14408 6 4
s 14409 5 3
s 14410 54 27
s 14411 19 7
s 14412 25 11
s 14413 9 3
s 14414 12 5
s 14415 14 6
s 14416 3 1
s 14417 5 2
s 14418 2 0
s 14419 34 20
s 14420 42 19
s 14421 92 47
s 14422 87 48
s 14423 30 17
s 14424 13 5
s 14425 1 1
s 14426 21 9
s 14427 8 2
s 14428 6 4
s 14429 9 5
s 14430 1 0
s 14431 1 1
s 14432 63 34
s 14433 9 5
s 14434 15 5
s 14435 5 3
s 14436 81 42
s 14437 20 9
s 14438 2 2
s 14439 2 2
s 14440 20 10
s 14441 47 19
s 14442 73 39
s 14443 53 24
s 14444 82 29
s 14445 2 0
s 14446 34 23
s 14447 20 7
s 14448 53 26
s 14449 3 0
s 14450 9 5
s 14455 53 25
s 14456 46 22
s 14457 33 20
s 14459 94 39
s 14462 28 14
s 14464 71 37
s 14465 12 3
s 14467 43 20
s 14471 62 33
s 14472 11 3
s 14473 16 8
s 14474 4 2
s 14481 9 3
s 14491 21 11
s 14650 2 1
s 14651 1 0
s 14652 10 5
s 14654 5 2
s 14655 4 3
s 14656 4 3
s 14657 1 0
s 14658 2 0
s 14659 10 6
s 14660 1 0
s 14661 7 3
s 14662 7 2
s 14663 10 7
s 14664 2 2
s 14665 2 0
s 14666 13 9
s 14667 4 3
s 14668 8 5
s 14669 1 0
s 14670 6 3
s 14671 1 1
s 14672 6 1
s 14674 5 3
s 14675 2 2
s 14676 5 1
s 14677 8 6
s 14678 29 16
s 14679 7 5
s 14680 4 2
s 14681 1 0
s 14682 4 2
s 14683 9 4
s 14686 4 3
s 14687 1 0
s 14688 15 5
s 14689 6 3
s 14690 3 2
s 14691 1 0
s 14692 9 4
s 14693 3 3
s 14694 1 0
s 14695 1 1
s 14696 4 2
s 14697 9 5
s 14698 12 7
s 14699 16 11
s 14700 9 6
s 14701 5 1
s 14702 3 0
s 14703 2 1
s 14704 4 2
s 14705 3 2
s 14706 4 1
s 14711 10 4
s 14712 7 4
s 14713 8 4
s 14715 15 7
s 14718 10 5
s 14720 16 7
s 14721 5 2
s 14723 9 4
s 14727 13 6
s 14728 3 2
s 14729 4 4
s 14730 4 4
s 14737 1 1
s 14747 3 1
s 14907 3 1
s 14908 25 10
s 14909 5 3
s 14910 22 14
s 14911 3 3
s 14912 10 7
s 14913 5 4
s 14914 1 1
s 14915 23 13
s 14916 2 1
s 14917 44 31
s 14918 13 7
s 14919 27 16
s 14920 5 4
s 14921 11 7
s 14922 50 26
s 14923 12 5
s 14924 24 13
s 14925 12 2
s 14926 7 3
s 14927 5 0
s 14928 15 10
s 14929 4 2
s 14930 3 2
s 14931 12 7
s 14932 10 7
s 14933 30 16
s 14934 49 24
s 14935 17 11
s 14936 8 5
s 14937 2 2
s 14938 22 13
s 14939 8 7
s 14940 3 1
s 14941 21 14
s 14943 8 4
s 14944 39 13
s 14945 15 9
s 14946 20 9
s 14947 6 1
s 14948 27 14
s 14949 22 10
s 14950 1 0
s 14952 10 6
s 14953 17 6
s 14954 62 33
s 14955 46 22
s 14956 55 23
s 14957 21 7
s 14958 11 6
s 14959 1 0
s 14960 15 6
s 14961 3 1
s 14962 11 8
s 14967 49 28
s 14968 46 20
s 14969 12 6
s 14971 53 24
s 14974 16 9
s 14976 42 28
s 14977 16 5
s 14979 17 6
s 14983 54 28
s 14984 12 8
s 14985 18 12
s 14986 9 7
s 14993 24 8
s 15003 25 14
s 15164 31 17
s 15165 4 2
s 15166 19 14
s 15167 4 3
s 15168 16 11
s 15169 3 0
s 15170 2 1
s 15171 8 1
s 15172 7 4
s 15173 28 12
s 15174 16 7
s 15175 36 21
s 15176 3 1
s 15177 5 1
s 15178 9 4
s 15179 16 6
s 15180 5 3
s 15181 2 2
s 15182 6 1
s 15183 19 8
s 15184 14 6
s 15185 1 0
s 15186 2 1
s 15187 18 9
s 15188 20 12
s 15189 49 24
s 15190 50 18
s 15191 24 7
s 15192 7 4
s 15193 3 3
s 15194 5 2
s 15195 15 6
s 15196 3 2
s 15197 12 7
s 15198 4 1
s 15199 1 0
s 15200 25 10
s 15201 7 4
s 15202 17 6
s 15203 4 1
s 15204 42 20
s 15205 22 12
s 15206 7 3
s 15207 1 1
s 15208 10 3
s 15209 25 12
s 15210 6 5
s 15211 12 7
s 15212 38 13
s 15213 11 4
s 15214 11 6
s 15215 16 13
s 15216 31 18
s 15217 1 0
s 15218 4 1
s 15223 37 19
s 15224 7 2
s 15225 20 10
s 15227 52 18
s 15230 4 2
s 15232 28 18
s 15233 13 4
s 15235 24 8
s 15239 44 22
s 15240 4 3
s 15241 13 12
s 15242 2 1
s 15249 12 9
s 15259 13 5
s 15421 6 3
s 15422 92 58
s 15423 33 15
s 15424 105 48
s 15425 24 15
s 15426 4 3
s 15427 111 52
s 15428 22 8
s 15429 24 10
s 15430 84 33
s 15431 161 81
s 15432 21 9
s 15433 15 4
s 15434 163 81
s 15435 87 38
s 15436 108 62
s 15437 6 4
s 15438 13 3
s 15439 67 33
s 15440 61 29
s 15441 9 5
s 15442 11 5
s 15443 110 55
s 15444 98 51
s 15445 259 128
s 15446 339 180
s 15447 183 93
s 15448 48 21
s 15449 6 4
s 15450 113 65
s 15451 85 50
s 15452 9 2
s 15453 88 48
s 15454 33 17
s 15455 17 8
s 15456 12 5
s 15457 32 16
s 15458 26 11
s 15459 12 8
s 15460 226 115
s 15461 96 36
s 15462 18 5
s 15463 10 6
s 15464 7 4
s 15465 137 67
s 15466 221 101
s 15467 116 63
s 15468 17 5
s 15469 81 34
s 15470 24 14
s 15471 71 39
s 15472 168 87
s 15473 21 7
s 15474 29 14
s 15479 242 128
s 15480 93 43
s 15481 144 64
s 15483 367 163
s 15486 73 45
s 15488 243 119
s 15489 2 1
s 15491 178 86
s 15495 6 2
s 15496 40 20
s 15497 18 10
s 15498 42 19
s 15505 73 24
s 15515 25 11
s 15678 9 5
s 15679 5 1
s 15680 6 2
s 15681 1 1
s 15683 1 0
s 15684 3 2
s 15685 7 4
s 15686 4 2
s 15687 11 6
s 15688 3 0
s 15690 11 5
s 15691 5 1
s 15692 2 2
s 15693 3 3
s 15694 1 0
s 15695 5 2
s 15696 3 2
s 15698 1 0
s 15699 11 6
s 15700 7 4
s 15701 20 11
s 15702 20 13
s 15703 8 2
s 15704 4 1
s 15705 2 0
s 15706 8 3
s 15707 6 4
s 15708 5 3
s 15709 3 2
s 15712 9 3
s 15713 5 4
s 15714 4 2
s 15715 3 1
s 15716 16 6
s 15717 13 4
s 15718 1 0
s 15719 1 1
s 15720 4 2
s 15721 9 6
s 15722 11 8
s 15723 5 2
s 15724 5 2
s 15725 6 3
s 15726 9 3
s 15727 1 0
s 15728 18 8
s 15729 2 0
s 15730 3 1
s 15735 21 11
s 15736 4 2
s 15737 11 7
s 15739 20 9
s 15742 2 2
s 15744 6 4
s 15745 3 0
s 15747 10 4
s 15751 15 4
s 15752 8 4
s 15753 1 0
s 15754 4 2
s 15761 5 4
s 15771 3 2
s 15935 10 5
s 15936 52 33
s 15937 27 20
s 15938 4 4
s 15939 70 33
s 15940 13 8
s 15941 97 63
s 15942 49 28
s 15943 17 11
s 15944 19 10
s 15945 8 4
s 15946 128 85
s 15947 22 16
s 15948 88 51
s 15949 22 15
s 15950 25 14
s 15951 30 17
s 15952 57 35
s 15953 9 7
s 15954 8 4
s 15955 40 32
s 15956 39 27
s 15957 107 65
s 15958 67 40
s 15959 100 67
s 15960 8 7
s 15961 5 4
s 15962 49 31
s 15963 41 30
s 15964 9 5
s 15965 75 51
s 15966 14 8
s 15967 19 15
s 15968 128 75
s 15969 26 14
s 15970 77 39
s 15971 15 6
s 15972 55 31
s 15973 36 20
s 15974 9 2
s 15975 3 1
s 15976 14 7
s 15977 64 43
s 15978 193 119
s 15979 81 52
s 15980 122 67
s 15981 72 47
s 15982 41 28
s 15983 46 29
s 15984 141 90
s 15985 6 5
s 15986 20 9
s 15991 68 35
s 15992 106 59
s 15993 39 23
s 15995 101 66
s 15998 58 35
s 16000 111 62
s 16001 34 22
s 16003 83 53
s 16007 130 81
s 16008 14 5
s 16009 35 24
s 16010 14 10
s 16017 60 30
s 16027 39 25
s 16192 8 2
s 16193 6 3
s 16194 1 0
s 16195 7 3
s 16196 7 4
s 16197 24 18
s 16198 8 2
s 16199 19 14
s 16200 6 3
s 16201 1 0
s 16202 38 14
s 16203 20 9
s 16204 11 4
s 16205 7 4
s 16206 9 1
s 16207 9 4
s 16208 4 2
s 16209 1 1
s 16211 18 9
s 16212 15 9
s 16213 41 13
s 16214 52 24
s 16215 32 19
s 16216 11 5
s 16218 13 7
s 16219 13 9
s 16220 3 2
s 16221 5 3
s 16222 6 3
s 16223 5 3
s 16224 26 11
s 16225 14 8
s 16226 22 11
s 16227 10 3
s 16228 41 18
s 16229 9 5
s 16230 2 2
s 16231 3 3
s 16232 8 5
s 16233 14 5
s 16234 39 24
s 16235 28 13
s 16236 41 17
s 16237 8 4
s 16238 12 8
s 16239 4 1
s 16240 14 6
s 16241 6 2
s 16242 10 3
s 16247 32 16
s 16248 10 2
s 16249 18 9
s 16251 36 14
s 16254 13 7
s 16256 34 15
s 16257 10 4
s 16259 19 9
s 16263 31 19
s 16264 8 6
s 16265 4 2
s 16266 5 1
s 16273 11 4
s 16283 7 3
s 16449 16 8
s 16450 1 0
s 16451 56 31
s 16452 6 2
s 16453 82 45
s 16454 52 30
s 16455 89 37
s 16456 14 7
s 16457 23 10
s 16458 97 48
s 16459 14 4
s 16460 70 34
s 16461 23 15
s 16462 33 18
s 16463 28 14
s 16464 38 15
s 16465 6 3
s 16466 4 1
s 16467 23 11
s 16468 25 12
s 16469 95 44
s 16470 176 92
s 16471 30 10
s 16472 42 23
s 16473 3 0
s 16474 42 24
s 16475 17 11
s 16476 12 7
s 16477 56 30
s 16478 19 11
s 16479 4 4
s 16480 89 39
s 16481 47 22
s 16482 67 26
s 16483 17 6
s 16484 57 30
s 16485 39 19
s 16486 9 4
s 16487 4 3
s 16488 27 9
s 16489 34 18
s 16490 122 73
s 16491 80 40
s 16492 142 64
s 16493 70 33
s 16494 44 18
s 16495 10 5
s 16496 17 7
s 16497 14 7
s 16498 31 17
s 16503 77 36
s 16504 85 41
s 16505 21 10
s 16507 118 53
s 16510 58 31
s 16512 130 53
s 16513 56 22
s 16515 49 26
s 16519 130 65
s 16520 19 7
s 16521 31 15
s 16522 18 4
s 16529 46 23
s 16539 29 13
s 16706 2 1
s 16707 16 12
s 16708 6 2
s 16709 15 9
s 16710 7 5
s 16711 23 14
s 16712 6 3
s 16713 6 2
s 16714 21 15
s 16715 15 7
s 16716 4 2
s 16717 4 1
s 16718 5 3
s 16719 4 2
s 16720 19 11
s 16721 1 1
s 16722 1 1
s 16723 22 18
s 16724 18 11
s 16725 42 24
s 16726 59 40
s 16727 21 16
s 16728 9 3
s 16729 4 1
s 16730 13 10
s 16731 8 3
s 16732 1 0
s 16733 12 7
s 16734 3 1
s 16735 4 3
s 16736 25 9
s 16737 6 3
s 16738 15 10
s 16739 4 1
s 16740 47 27
s 16741 11 6
s 16742 4 2
s 16743 1 0
s 16744 5 2
s 16745 24 13
s 16746 13 2
s 16747 20 8
s 16748 24 10
s 16749 18 6
s 16750 11 8
s 16751 8 6
s 16752 28 17
s 16753 1 0
s 16754 4 4
s 16759 20 11
s 16760 17 7
s 16761 20 11
s 16763 39 16
s 16766 7 2
s 16768 32 18
s 16769 5 5
s 16771 25 15
s 16775 21 10
s 16776 8 1
s 16777 8 5
s 16778 4 1
s 16785 9 2
s 16795 17 10
s 16963 4 2
s 16964 1 1
s 16965 7 5
s 16967 1 0
s 16968 1 0
s 16969 1 0
s 16970 8 3
s 16971 2 1
s 16972 1 1
s 16973 4 4
s 16974 4 3
s 16975 4 3
s 16976 3 2
s 16978 4 1
s 16979 2 0
s 16980 4 4
s 16981 5 1
s 16982 12 7
s 16983 7 2
s 16984 4 2
s 16986 3 0
s 16987 6 3
s 16989 3 2
s 16992 4 2
s 16993 4 2
s 16994 6 4
s 16995 2 0
s 16996 6 2
s 16997 2 0
s 17001 3 1
s 17002 7 4
s 17003 4 4
s 17004 10 7
s 17005 6 4
s 17006 1 0
s 17007 2 1
s 17008 3 2
s 17009 2 0
s 17015 5 2
s 17016 2 0
s 17017 3 0
s 17019 7 3
s 17022 5 4
s 17024 9 5
s 17025 1 1
s 17027 4 1
s 17031 6 2
s 17032 1 0
s 17033 2 2
s 17034 1 1
s 17041 4 3
s 17051 5 2
s 17220 15 8
s 17221 80 41
s 17223 114 57
s 17224 3 2
s 17225 4 2
s 17226 99 50
s 17227 48 18
s 17228 73 36
s 17229 22 8
s 17230 32 17
s 17231 37 16
s 17232 6 2
s 17233 6 2
s 17234 8 5
s 17235 52 30
s 17236 32 16
s 17237 166 88
s 17238 201 107
s 17239 105 60
s 17240 40 22
s 17241 1 0
s 17242 65 27
s 17243 29 20
s 17244 12 5
s 17245 20 11
s 17247 1 0
s 17248 93 54
s 17249 38 14
s 17250 49 23
s 17251 20 14
s 17252 86 40
s 17253 69 29
s 17254 14 6
s 17255 6 3
s 17256 30 16
s 17257 78 37
s 17258 131 72
s 17259 90 42
s 17260 161 60
s 17262 54 26
s 17263 44 22
s 17264 123 69
s 17265 7 2
s 17266 9 4
s 17271 118 59
s 17272 80 39
s 17273 100 49
s 17275 228 119
s 17278 52 29
s 17280 145 65
s 17281 50 22
s 17283 95 48
s 17287 170 92
s 17288 19 7
s 17289 45 27
s 17290 3 0
s 17297 14 5
s 17307 35 26
s 17477 20 9
s 17478 14 6
s 17479 34 17
s 17480 4 1
s 17481 7 4
s 17482 32 9
s 17483 6 2
s 17484 20 6
s 17485 3 2
s 17486 7 5
s 17487 6 4
s 17488 9 4
s 17489 8 5
s 17490 4 4
s 17491 7 1
s 17492 12 8
s 17493 26 11
s 17494 53 27
s 17495 9 1
s 17496 5 2
s 17497 2 1
s 17498 18 11
s 17499 9 3
s 17500 1 0
s 17501 17 7
s 17502 4 1
s 17503 2 1
s 17504 30 12
s 17505 21 10
s 17506 11 5
s 17507 5 0
s 17508 25 10
s 17509 5 4
s 17510 1 1
s 17511 1 1
s 17512 11 4
s 17513 18 6
s 17514 32 22
s 17515 22 12
s 17516 46 21
s 17517 12 5
s 17518 11 2
s 17519 4 3
s 17520 4 1
s 17521 5 3
s 17522 8 4
s 17527 21 12
s 17528 19 7
s 17529 10 2
s 17531 43 20
s 17534 10 7
s 17536 49 21
s 17537 24 7
s 17539 8 6
s 17543 41 20
s 17544 8 1
s 17545 13 5
s 17546 9 6
s 17553 15 4
s 17563 5 3
s 17734 62 36
s 17735 133 72
s 17736 17 9
s 17737 20 11
s 17738 164 77
s 17739 61 25
s 17740 89 46
s 17741 5 3
s 17742 12 10
s 17743 73 32
s 17744 69 32
s 17745 10 5
s 17746 16 5
s 17747 102 61
s 17748 102 53
s 17749 231 105
s 17750 337 184
s 17751 135 71
s 17752 57 36
s 17753 10 6
s 17754 106 62
s 17755 52 26
s 17756 4 1
s 17757 92 55
s 17758 19 9
s 17759 15 9
s 17760 21 8
s 17761 22 11
s 17762 26 15
s 17763 7 4
s 17764 155 75
s 17765 92 33
s 17766 9 2
s 17767 10 7
s 17768 5 4
s 17769 107 67
s 17770 229 114
s 17771 140 69
s 17772 26 10
s 17773 94 52
s 17774 76 37
s 17775 48 26
s 17776 206 112
s 17777 14 5
s 17778 29 10
s 17783 252 130
s 17784 126 67
s 17785 263 126
s 17787 345 164
s 17790 92 55
s 17792 207 86
s 17793 10 5
s 17795 158 69
s 17799 35 19
s 17800 24 11
s 17801 17 10
s 17802 32 21
s 17809 86 45
s 17819 32 14
s 17991 82 50
s 17992 7 4
s 17993 7 4
s 17994 95 42
s 17995 52 25
s 17996 55 35
s 17997 11 6
s 17998 29 11
s 17999 34 16
s 18000 3 1
s 18001 10 2
s 18002 5 1
s 18003 31 24
s 18004 53 24
s 18005 107 53
s 18006 185 84
s 18007 94 52
s 18008 37 19
s 18010 32 16
s 18011 11 5
s 18012 11 5
s 18013 7 3
s 18014 1 1
s 18015 1 0
s 18016 85 37
s 18017 44 15
s 18018 58 22
s 18019 14 9
s 18020 71 34
s 18021 64 29
s 18022 6 0
s 18023 5 3
s 18024 29 12
s 18025 56 28
s 18026 93 44
s 18027 64 32
s 18028 115 53
s 18029 4 3
s 18030 53 25
s 18031 36 18
s 18032 64 29
s 18033 14 6
s 18034 7 3
s 18039 101 44
s 18040 50 23
s 18041 77 34
s 18043 135 67
s 18046 40 20
s 18048 129 47
s 18049 49 21
s 18051 60 23
s 18055 109 45
s 18056 19 13
s 18057 30 20
s 18058 1 1
s 18065 9 1
s 18075 22 13
s 18248 26 11
s 18249 18 6
s 18250 200 106
s 18251 93 44
s 18252 126 71
s 18253 31 15
s 18254 42 26
s 18255 31 9
s 18256 55 33
s 18257 11 5
s 18258 8 5
s 18259 65 37
s 18260 80 41
s 18261 220 105
s 18262 173 95
s 18263 181 99
s 18264 23 9
s 18265 10 4
s 18266 88 54
s 18267 101 60
s 18268 23 9
s 18269 107 54
s 18270 29 11
s 18271 23 11
s 18272 128 58
s 18273 53 21
s 18274 112 60
s 18275 39 18
s 18276 79 41
s 18277 77 35
s 18278 19 6
s 18279 9 7
s 18280 40 21
s 18281 77 39
s 18282 197 92
s 18283 100 54
s 18284 166 80
s 18285 95 34
s 18286 87 43
s 18287 66 35
s 18288 150 83
s 18289 18 11
s 18290 45 26
s 18295 101 51
s 18296 102 48
s 18297 85 38
s 18299 128 49
s 18302 78 43
s 18304 250 109
s 18305 53 25
s 18307 93 44
s 18311 262 124
s 18312 35 18
s 18313 52 35
s 18314 55 30
s 18321 73 34
s 18331 36 20
s 18505 6 6
s 18506 24 11
s 18507 15 7
s 18508 16 8
s 18509 10 6
s 18510 12 5
s 18511 14 9
s 18512 4 0
s 18513 3 2
s 18514 3 2
s 18515 17 9
s 18516 25 5
s 18517 43 19
s 18518 61 32
s 18519 25 10
s 18520 8 5
s 18521 2 1
s 18522 18 9
s 18523 24 11
s 18524 3 3
s 18525 14 7
s 18526 1 0
s 18527 1 0
s 18528 27 19
s 18529 9 7
s 18530 15 8
s 18531 8 3
s 18532 40 17
s 18533 13 5
s 18534 4 1
s 18535 4 0
s 18536 9 6
s 18537 14 9
s 18538 39 21
s 18539 26 17
s 18540 42 17
s 18541 6 4
s 18542 10 6
s 18543 7 3
s 18544 20 12
s 18545 6 2
s 18546 3 2
s 18551 26 15
s 18552 20 10
s 18553 15 6
s 18555 34 14
s 18558 18 10
s 18560 54 19
s 18561 25 11
s 18563 17 10
s 18567 53 21
s 18568 9 5
s 18569 10 6
s 18570 1 0
s 18577 8 3
s 18587 14 9
s 18762 20 10
s 18763 10 4
s 18764 9 8
s 18765 4 3
s 18766 5 3
s 18767 12 5
s 18768 5 2
s 18770 3 0
s 18771 6 4
s 18772 17 6
s 18773 37 16
s 18774 43 22
s 18775 17 9
s 18776 9 4
s 18777 1 1
s 18778 18 9
s 18779 9 4
s 18780 2 1
s 18781 7 5
s 18782 4 2
s 18783 2 1
s 18784 24 17
s 18785 8 3
s 18786 16 10
s 18787 11 4
s 18788 17 10
s 18789 13 9
s 18790 5 3
s 18791 2 1
s 18792 4 2
s 18793 30 15
s 18794 40 22
s 18795 15 8
s 18796 34 18
s 18797 1 0
s 18798 18 11
s 18799 4 3
s 18800 21 9
s 18801 4 3
s 18802 4 2
s 18807 36 19
s 18808 16 8
s 18809 13 9
s 18811 44 19
s 18814 8 6
s 18816 24 7
s 18817 18 11
s 18819 20 7
s 18823 25 11
s 18824 5 2
s 18825 15 8
s 18833 4 2
s 18843 7 2
s 19019 89 36
s 19020 13 6
s 19021 27 14
s 19022 46 24
s 19023 85 41
s 19024 67 35
s 19025 19 7
s 19026 4 2
s 19027 110 64
s 19028 134 63
s 19029 306 137
s 19030 346 179
s 19031 151 74
s 19032 65 43
s 19033 10 5
s 19034 44 22
s 19035 41 22
s 19036 17 7
s 19037 68 36
s 19038 32 17
s 19039 18 9
s 19040 224 106
s 19041 80 33
s 19042 93 41
s 19043 32 16
s 19044 244 116
s 19045 101 37
s 19046 28 11
s 19047 18 9
s 19048 79 34
s 19049 159 78
s 19050 10 4
s 19051 64 29
s 19052 281 137
s 19053 129 73
s 19054 95 52
s 19055 75 36
s 19056 188 104
s 19057 8 4
s 19058 31 17
s 19063 218 113
s 19064 36 17
s 19065 152 76
s 19067 388 194
s 19070 10 5
s 19072 194 81
s 19073 84 33
s 19075 171 81
s 19079 203 94
s 19080 31 15
s 19081 52 23
s 19082 41 20
s 19089 66 21
s 19099 67 39
s 19276 43 17
s 19277 12 6
s 19278 23 9
s 19279 11 2
s 19280 20 10
s 19281 8 5
s 19282 8 5
s 19283 13 4
s 19284 32 11
s 19285 75 30
s 19286 88 41
s 19287 23 10
s 19288 23 9
s 19289 5 4
s 19290 32 17
s 19291 21 11
s 19292 9 5
s 19293 45 28
s 19294 21 12
s 19295 11 5
s 19296 77 34
s 19297 54 24
s 19298 45 22
s 19299 19 11
s 19300 87 44
s 19301 35 14
s 19302 12 3
s 19303 3 2
s 19304 35 22
s 19305 43 17
s 19306 90 46
s 19307 68 33
s 19308 103 44
s 19309 44 15
s 19310 33 12
s 19311 10 5
s 19312 20 9
s 19313 10 5
s 19314 19 9
s 19319 63 30
s 19320 52 31
s 19321 30 15
s 19323 102 43
s 19326 36 19
s 19328 106 46
s 19329 57 27
s 19331 34 13
s 19335 129 58
s 19336 20 10
s 19337 34 20
s 19338 14 5
s 19345 35 16
s 19355 26 15
s 19533 9 8
s 19534 25 12
s 19535 45 18
s 19536 36 14
s 19537 7 5
s 19538 2 1
s 19539 61 37
s 19540 67 34
s 19541 158 88
s 19542 202 112
s 19543 93 42
s 19544 32 19
s 19545 3 2
s 19546 23 10
s 19547 32 16
s 19548 9 6
s 19549 48 28
s 19550 10 4
s 19551 12 2
s 19552 119 55
s 19553 37 20
s 19554 63 27
s 19555 17 4
s 19556 132 57
s 19557 55 23
s 19558 10 6
s 19559 16 12
s 19560 35 15
s 19561 79 39
s 19562 14 9
s 19563 37 19
s 19564 135 57
s 19565 47 27
s 19566 47 20
s 19567 37 13
s 19568 111 63
s 19569 2 0
s 19570 15 7
s 19575 148 75
s 19576 18 11
s 19577 65 31
s 19579 171 82
s 19582 6 3
s 19584 76 32
s 19585 39 20
s 19587 78 48
s 19591 137 62
s 19592 17 8
s 19593 26 15
s 19594 18 8
s 19601 41 24
s 19611 27 19
s 19790 3 1
s 19791 17 9
s 19792 20 9
s 19793 1 0
s 19795 28 15
s 19796 23 14
s 19797 31 17
s 19798 83 45
s 19799 29 17
s 19800 9 6
s 19801 1 1
s 19802 22 14
s 19803 12 6
s 19804 1 1
s 19805 9 4
s 19806 3 0
s 19807 3 2
s 19808 3 2
s 19809 4 2
s 19810 6 4
s 19811 2 0
s 19812 33 20
s 19813 10 4
s 19814 5 3
s 19815 2 1
s 19816 4 2
s 19817 30 17
s 19818 62 35
s 19819 40 29
s 19820 6 3
s 19821 16 10
s 19822 14 10
s 19823 9 9
s 19824 45 29
s 19825 5 2
s 19826 7 5
s 19831 60 37
s 19832 32 17
s 19833 21 12
s 19835 93 55
s 19838 15 12
s 19840 38 24
s 19841 1 0
s 19843 31 20
s 19847 8 7
s 19848 6 4
s 19849 4 2
s 19850 8 5
s 19857 20 12
s 19867 7 3
s 20047 25 17
s 20048 27 15
s 20049 2 2
s 20050 6 5
s 20051 33 14
s 20052 35 19
s 20053 76 44
s 20054 139 79
s 20055 39 23
s 20056 10 5
s 20057 3 2
s 20058 18 11
s 20059 7 3
s 20060 1 1
s 20061 24 14
s 20062 6 4
s 20063 2 1
s 20064 5 2
s 20065 9 5
s 20066 7 2
s 20067 5 4
s 20068 66 34
s 20069 37 20
s 20070 3 0
s 20071 2 1
s 20072 4 2
s 20073 39 23
s 20074 65 37
s 20075 48 33
s 20076 5 3
s 20077 40 20
s 20078 31 17
s 20079 17 6
s 20080 58 33
s 20081 7 3
s 20082 19 14
s 20087 74 35
s 20088 53 27
s 20089 29 12
s 20091 96 49
s 20094 30 15
s 20096 61 37
s 20097 1 0
s 20099 51 24
s 20103 17 8
s 20104 12 4
s 20105 11 7
s 20106 14 10
s 20113 24 10
s 20123 13 8
s 20304 27 14
s 20305 9 3
s 20306 4 2
s 20307 30 14
s 20308 36 13
s 20309 74 31
s 20310 75 37
s 20311 27 9
s 20312 12 2
s 20313 4 2
s 20314 30 18
s 20315 16 7
s 20316 12 7
s 20317 26 14
s 20318 17 7
s 20319 11 6
s 20320 103 52
s 20321 26 10
s 20322 42 23
s 20323 17 8
s 20324 70 37
s 20325 19 10
s 20326 9 1
s 20327 1 0
s 20328 9 4
s 20329 24 11
s 20330 99 47
s 20331 81 41
s 20332 133 56
s 20333 58 30
s 20334 22 13
s 20335 6 4
s 20336 29 12
s 20337 9 4
s 20338 18 8
s 20343 66 36
s 20344 66 34
s 20345 30 11
s 20347 63 23
s 20350 39 22
s 20352 82 36
s 20353 30 15
s 20355 27 8
s 20359 105 56
s 20360 12 6
s 20361 17 5
s 20362 23 14
s 20369 44 19
s 20379 27 10
s 20561 5 1
s 20562 2 1
s 20563 49 27
s 20564 38 18
s 20565 127 57
s 20566 147 75
s 20567 68 32
s 20568 30 16
s 20570 63 39
s 20571 19 11
s 20572 6 1
s 20573 15 7
s 20575 1 1
s 20576 90 40
s 20577 15 7
s 20578 44 23
s 20579 20 7
s 20580 157 77
s 20581 45 16
s 20582 6 2
s 20583 5 1
s 20584 15 7
s 20585 70 33
s 20586 99 58
s 20587 70 40
s 20588 88 42
s 20589 3 2
s 20590 41 22
s 20591 16 3
s 20592 81 51
s 20593 7 3
s 20594 11 6
s 20599 114 48
s 20600 60 24
s 20601 48 28
s 20603 159 75
s 20606 46 23
s 20608 112 54
s 20609 25 11
s 20611 64 29
s 20615 111 54
s 20616 18 11
s 20617 29 17
s 20618 3 2
s 20625 4 2
s 20635 39 23
s 20818 1 0
s 20819 3 3
s 20820 13 6
s 20821 20 9
s 20822 25 13
s 20823 14 6
s 20824 5 3
s 20826 7 5
s 20827 4 1
s 20828 2 2
s 20829 8 5
s 20832 14 8
s 20833 5 1
s 20834 8 1
s 20835 1 1
s 20836 13 2
s 20837 16 4
s 20839 2 1
s 20840 1 1
s 20841 9 4
s 20842 10 5
s 20843 15 8
s 20844 19 10
s 20845 4 1
s 20846 10 4
s 20847 4 1
s 20848 13 7
s 20849 6 2
s 20850 2 2
s 20855 20 8
s 20856 13 4
s 20857 18 6
s 20859 29 12
s 20862 7 3
s 20864 23 8
s 20865 7 3
s 20867 15 10
s 20871 26 13
s 20872 5 4
s 20873 8 3
s 20874 4 2
s 20881 7 1
s 20891 6 3
s 21075 5 4
s 21076 10 5
s 21077 25 9
s 21078 25 11
s 21079 10 7
s 21080 6 3
s 21082 6 3
s 21083 4 2
s 21084 4 3
s 21085 4 1
s 21086 3 2
s 21087 1 1
s 21088 15 10
s 21089 9 2
s 21090 9 1
s 21091 3 2
s 21092 17 10
s 21093 9 5
s 21094 1 0
s 21095 1 1
s 21096 5 2
s 21097 9 5
s 21098 9 3
s 21099 10 5
s 21100 12 8
s 21101 6 3
s 21102 6 2
s 21103 6 5
s 21104 23 16
s 21106 2 1
s 21111 15 6
s 21112 5 3
s 21113 10 5
s 21115 29 11
s 21118 3 1
s 21120 17 7
s 21121 8 4
s 21123 10 5
s 21127 15 9
s 21128 3 2
s 21129 2 1
s 21130 1 0
s 21137 3 1
s 21147 7 5
s 21332 11 5
s 21333 40 16
s 21334 225 132
s 21335 22 15
s 21336 24 11
s 21337 7 6
s 21338 71 42
s 21339 42 20
s 21340 11 6
s 21341 48 32
s 21342 20 9
s 21343 10 5
s 21344 155 86
s 21345 21 13
s 21346 52 26
s 21347 16 7
s 21348 26 14
s 21349 62 25
s 21350 9 5
s 21351 5 3
s 21352 26 12
s 21353 57 35
s 21354 163 101
s 21355 86 51
s 21356 178 95
s 21357 68 36
s 21358 70 45
s 21359 8 4
s 21360 26 13
s 21361 16 5
s 21362 9 5
s 21367 133 81
s 21368 97 54
s 21369 42 28
s 21371 186 104
s 21374 51 37
s 21376 151 75
s 21377 41 17
s 21379 82 34
s 21383 124 68
s 21384 17 11
s 21385 44 32
s 21386 32 16
s 21393 37 16
s 21403 41 21
s 21589 61 30
s 21590 263 135
s 21591 44 23
s 21592 26 9
s 21593 3 2
s 21594 73 46
s 21595 40 23
s 21596 10 5
s 21597 65 39
s 21598 14 9
s 21599 11 5
s 21600 104 51
s 21601 35 17
s 21602 92 46
s 21603 23 9
s 21604 45 23
s 21605 61 25
s 21606 9 4
s 21607 15 11
s 21608 18 10
s 21609 64 33
s 21610 110 51
s 21611 76 38
s 21612 183 86
s 21613 61 20
s 21614 78 39
s 21615 8 1
s 21616 54 29
s 21617 11 5
s 21618 24 14
s 21623 78 34
s 21624 101 49
s 21625 71 39
s 21627 147 78
s 21630 69 25
s 21632 148 75
s 21633 62 35
s 21635 78 40
s 21639 180 99
s 21640 27 11
s 21641 18 11
s 21642 35 16
s 21649 51 27
s 21659 50 28
s 21846 582 286
s 21847 126 61
s 21848 66 38
s 21849 14 4
s 21850 246 135
s 21851 111 63
s 21852 39 22
s 21853 144 82
s 21854 35 20
s 21855 20 11
s 21856 256 124
s 21857 115 47
s 21858 118 40
s 21859 41 18
s 21860 171 83
s 21861 127 55
s 21862 17 6
s 21863 4 2
s 21864 72 37
s 21865 198 101
s 21866 413 208
s 21867 217 115
s 21868 363 163
s 21869 163 82
s 21870 95 43
s 21871 49 28
s 21872 133 60
s 21873 28 11
s 21874 53 25
s 21879 348 164
s 21880 252 126
s 21881 116 54
s 21883 526 244
s 21886 170 85
s 21888 336 138
s 21889 101 42
s 21891 170 80
s 21895 293 125
s 21896 58 27
s 21897 84 51
s 21898 95 41
s 21905 129 65
s 21915 90 54
s 22103 265 143
s 22104 57 29
s 22105 22 7
s 22106 140 77
s 22107 107 53
s 22108 25 14
s 22109 184 93
s 22110 63 33
s 22111 45 18
s 22112 359 182
s 22113 168 88
s 22114 251 131
s 22115 60 32
s 22116 372 188
s 22117 99 49
s 22118 30 16
s 22119 12 9
s 22120 85 47
s 22121 155 71
s 22122 492 256
s 22123 286 156
s 22124 885 403
s 22125 235 137
s 22126 130 62
s 22127 81 36
s 22128 316 174
s 22129 38 20
s 22130 76 37
s 22135 178 91
s 22136 287 155
s 22137 157 91
s 22139 278 138
s 22142 194 101
s 22144 384 183
s 22145 220 110
s 22147 211 117
s 22151 456 233
s 22152 73 43
s 22153 140 78
s 22154 92 47
s 22161 192 85
s 22171 153 87
s 22360 66 34
s 22361 16 13
s 22362 89 51
s 22363 39 20
s 22364 17 8
s 22365 115 70
s 22366 22 10
s 22367 16 7
s 22368 171 83
s 22369 64 28
s 22370 113 52
s 22371 27 16
s 22372 114 57
s 22373 82 34
s 22374 14 6
s 22375 6 3
s 22376 41 16
s 22377 75 28
s 22378 192 96
s 22379 141 78
s 22380 221 86
s 22381 130 61
s 22382 80 43
s 22383 14 3
s 22384 27 14
s 22385 18 10
s 22386 38 19
s 22391 139 77
s 22392 124 64
s 22393 42 18
s 22395 244 108
s 22398 109 51
s 22400 199 87
s 22401 85 35
s 22403 79 43
s 22407 234 120
s 22408 37 22
s 22409 61 43
s 22410 32 15
s 22417 72 40
s 22427 57 33
s 22617 10 4
s 22618 22 10
s 22619 13 7
s 22620 3 2
s 22621 39 25
s 22622 6 3
s 22623 9 7
s 22624 57 29
s 22625 17 9
s 22626 51 27
s 22627 13 6
s 22628 35 22
s 22629 24 10
s 22630 2 0
s 22631 4 2
s 22632 20 11
s 22633 23 9
s 22634 75 43
s 22635 33 14
s 22636 81 38
s 22637 32 18
s 22638 36 19
s 22639 22 13
s 22640 40 24
s 22641 4 3
s 22642 19 8
s 22647 43 26
s 22648 35 14
s 22649 34 19
s 22651 72 45
s 22654 34 16
s 22656 70 43
s 22657 22 13
s 22659 33 18
s 22663 104 56
s 22664 10 4
s 22665 17 10
s 22666 19 7
s 22673 30 17
s 22683 9 5
s 22874 8 6
s 22875 3 2
s 22876 2 1
s 22877 1 1
s 22878 1 0
s 22880 18 12
s 22881 6 4
s 22882 5 4
s 22883 2 0
s 22884 6 2
s 22885 6 3
s 22886 2 0
s 22888 3 2
s 22889 13 7
s 22890 20 7
s 22891 16 9
s 22892 14 5
s 22893 2 0
s 22894 6 2
s 22895 2 2
s 22896 17 10
s 22897 1 0
s 22898 2 0
s 22903 19 7
s 22904 10 6
s 22905 8 3
s 22907 36 20
s 22910 10 3
s 22912 15 9
s 22913 5 2
s 22915 7 2
s 22919 17 7
s 22920 4 1
s 22921 4 2
s 22922 2 0
s 22929 4 1
s 22939 3 0
s 23131 34 18
s 23132 9 6
s 23133 53 33
s 23134 20 10
s 23135 16 10
s 23136 113 67
s 23137 27 12
s 23138 85 46
s 23139 28 12
s 23140 153 70
s 23141 41 23
s 23142 8 3
s 23143 4 4
s 23144 33 19
s 23145 88 50
s 23146 111 65
s 23147 79 49
s 23148 202 110
s 23149 103 61
s 23150 37 12
s 23151 36 22
s 23152 119 74
s 23153 4 2
s 23154 20 12
s 23159 101 60
s 23160 101 49
s 23161 68 31
s 23163 169 93
s 23166 24 16
s 23168 99 48
s 23169 49 28
s 23171 103 56
s 23175 111 58
s 23176 20 12
s 23177 23 17
s 23178 22 15
s 23185 60 40
s 23195 54 41
s 23388 9 3
s 23389 54 28
s 23390 14 6
s 23391 7 4
s 23392 56 28
s 23393 19 9
s 23394 34 17
s 23395 21 6
s 23396 89 47
s 23397 32 12
s 23398 14 5
s 23399 4 3
s 23400 18 9
s 23401 46 30
s 23402 46 32
s 23403 50 29
s 23404 68 32
s 23405 22 9
s 23406 26 14
s 23407 10 7
s 23408 55 29
s 23409 18 8
s 23410 11 5
s 23415 69 40
s 23416 26 20
s 23417 33 16
s 23419 123 65
s 23422 31 21
s 23424 54 21
s 23425 31 13
s 23427 46 18
s 23431 63 29
s 23432 32 21
s 23433 17 11
s 23434 43 31
s 23441 17 9
s 23451 113 65
s 23645 6 4
s 23646 6 5
s 23647 3 1
s 23648 13 6
s 23649 6 4
s 23650 7 4
s 23651 3 2
s 23652 34 21
s 23653 11 5
s 23655 2 1
s 23657 14 8
s 23658 16 11
s 23659 10 5
s 23660 11 1
s 23661 11 5
s 23662 11 9
s 23663 4 3
s 23664 17 9
s 23665 2 0
s 23666 7 3
s 23671 14 7
s 23672 8 3
s 23673 12 5
s 23675 29 17
s 23678 9 5
s 23680 19 9
s 23681 5 2
s 23683 12 6
s 23687 17 14
s 23688 6 1
s 23689 7 4
s 23690 3 2
s 23697 9 6
s 23707 4 2
s 23902 3 3
s 23903 6 3
s 23904 100 49
s 23905 24 12
s 23906 55 30
s 23907 20 8
s 23908 82 43
s 23909 75 39
s 23910 9 3
s 23911 6 5
s 23912 32 16
s 23913 68 41
s 23914 59 27
s 23915 70 38
s 23916 136 72
s 23917 16 8
s 23918 50 22
s 23919 24 17
s 23920 95 60
s 23921 12 8
s 23922 7 5
s 23927 126 75
s 23928 57 27
s 23929 66 40
s 23931 188 103
s 23934 39 24
s 23936 136 65
s 23937 42 19
s 23939 77 40
s 23943 125 82
s 23944 20 12
s 23945 29 19
s 23946 7 4
s 23953 16 8
s 23963 41 23
s 24160 30 17
s 24161 15 7
s 24162 11 6
s 24163 3 0
s 24164 38 16
s 24165 11 6
s 24166 3 0
s 24167 2 1
s 24168 14 9
s 24169 26 10
s 24170 33 14
s 24171 19 10
s 24172 32 10
s 24173 3 2
s 24174 27 7
s 24175 4 4
s 24176 27 14
s 24183 22 14
s 24184 24 13
s 24185 30 10
s 24187 44 18
s 24190 16 10
s 24192 36 15
s 24193 17 5
s 24195 20 10
s 24199 32 15
s 24200 2 1
s 24201 10 4
s 24209 3 1
s 24219 11 7
s 24416 22 11
s 24417 12 5
s 24418 15 9
s 24419 4 2
s 24420 24 12
s 24421 17 10
s 24422 2 0
s 24424 11 4
s 24425 17 10
s 24426 19 10
s 24427 19 9
s 24428 25 13
s 24429 1 0
s 24430 17 11
s 24431 15 12
s 24432 23 12
s 24433 4 2
s 24434 2 0
s 24439 26 10
s 24440 11 3
s 24441 15 3
s 24443 36 15
s 24446 11 8
s 24448 30 16
s 24449 20 9
s 24451 15 9
s 24455 32 20
s 24456 4 3
s 24457 8 6
s 24458 1 1
s 24465 5 1
s 24475 5 4
s 24673 21 7
s 24674 21 11
s 24675 5 3
s 24676 219 102
s 24677 133 49
s 24678 19 8
s 24679 10 7
s 24680 1 1
s 24681 160 82
s 24682 234 119
s 24683 162 84
s 24684 10 5
s 24685 141 71
s 24686 123 64
s 24687 45 22
s 24688 227 132
s 24689 13 7
s 24690 40 21
s 24695 280 145
s 24696 114 64
s 24697 124 64
s 24699 475 241
s 24702 93 46
s 24704 312 153
s 24705 5 4
s 24707 185 105
s 24711 21 11
s 24712 25 18
s 24713 23 16
s 24714 50 24
s 24721 99 55
s 24731 23 11
s 24930 19 10
s 24931 13 5
s 24932 76 36
s 24933 58 26
s 24934 8 4
s 24935 4 2
s 24936 13 7
s 24937 127 57
s 24938 60 26
s 24939 41 13
s 24940 38 10
s 24941 39 24
s 24942 48 26
s 24943 38 13
s 24944 67 41
s 24945 8 6
s 24946 18 9
s 24951 88 41
s 24952 24 9
s 24953 42 11
s 24955 98 50
s 24958 31 19
s 24960 100 44
s 24961 23 9
s 24963 66 31
s 24967 43 19
s 24968 18 6
s 24969 16 6
s 24970 23 11
s 24977 30 11
s 24987 14 6
s 25187 6 2
s 25188 149 71
s 25189 69 28
s 25190 7 3
s 25191 4 3
s 25192 6 3
s 25193 103 48
s 25194 162 88
s 25195 104 60
s 25196 29 12
s 25197 68 35
s 25198 56 26
s 25199 34 20
s 25200 115 54
s 25201 16 8
s 25202 22 5
s 25207 171 91
s 25208 73 37
s 25209 65 28
s 25211 221 96
s 25214 48 17
s 25216 175 69
s 25217 21 11
s 25219 125 59
s 25223 34 14
s 25224 16 5
s 25225 18 8
s 25226 25 13
s 25233 61 33
s 25243 29 16
s 25444 35 8
s 25445 20 9
s 25446 1 1
s 25447 3 2
s 25448 3 1
s 25449 25 7
s 25450 26 13
s 25451 23 9
s 25452 7 4
s 25453 14 7
s 25454 7 2
s 25455 11 6
s 25456 26 16
s 25457 7 2
s 25458 11 6
s 25463 38 20
s 25464 19 8
s 25465 22 13
s 25467 62 32
s 25470 14 6
s 25472 39 16
s 25473 3 1
s 25475 25 10
s 25479 10 5
s 25480 9 4
s 25481 3 2
s 25482 6 1
s 25489 14 6
s 25499 8 3
s 25701 146 61
s 25702 10 3
s 25703 2 0
s 25704 54 20
s 25705 121 68
s 25706 297 155
s 25707 169 73
s 25708 294 142
s 25709 162 77
s 25710 104 58
s 25711 41 20
s 25712 102 53
s 25713 28 13
s 25714 46 22
s 25719 185 98
s 25720 159 75
s 25721 115 56
s 25723 312 158
s 25726 102 58
s 25728 300 146
s 25729 101 43
s 25731 128 54
s 25735 386 211
s 25736 34 13
s 25737 71 37
s 25738 75 37
s 25745 77 32
s 25755 79 50
s 25958 14 7
s 25959 3 3
s 25960 105 42
s 25961 30 14
s 25962 144 72
s 25963 88 35
s 25964 96 41
s 25965 56 10
s 25966 37 21
s 25967 25 10
s 25968 61 33
s 25969 18 9
s 25970 33 16
s 25975 59 21
s 25976 78 43
s 25977 48 21
s 25979 94 42
s 25982 58 33
s 25984 99 41
s 25985 65 24
s 25987 38 19
s 25991 138 71
s 25992 26 13
s 25993 49 25
s 25994 26 11
s 26001 47 26
s 26011 33 16
s 26215 1 1
s 26216 8 5
s 26217 8 4
s 26218 21 11
s 26219 13 3
s 26220 19 7
s 26221 4 1
s 26222 6 1
s 26223 3 1
s 26224 4 0
s 26225 2 1
s 26226 1 1
s 26231 20 8
s 26232 12 6
s 26233 8 4
s 26235 33 15
s 26238 4 1
s 26240 26 7
s 26241 8 1
s 26243 6 2
s 26247 13 4
s 26248 5 3
s 26249 5 2
s 26250 7 4
s 26257 1 0
s 26267 2 2
s 26472 4 3
s 26473 5 5
s 26474 14 9
s 26475 8 5
s 26476 11 6
s 26477 4 1
s 26478 1 0
s 26479 2 1
s 26480 9 5
s 26481 1 1
s 26482 2 2
s 26487 10 5
s 26488 8 3
s 26489 11 6
s 26491 14 6
s 26494 10 8
s 26496 10 6
s 26497 3 2
s 26499 4 2
s 26503 9 7
s 26504 2 2
s 26505 3 1
s 26506 6 4
s 26513 2 1
s 26523 5 4
s 26729 43 23
s 26730 52 33
s 26731 34 12
s 26732 5 2
s 26733 26 17
s 26734 23 13
s 26735 14 6
s 26736 33 18
s 26737 13 2
s 26738 11 6
s 26743 41 25
s 26744 24 13
s 26745 32 21
s 26747 61 23
s 26750 23 9
s 26752 66 32
s 26753 2 1
s 26755 24 15
s 26759 17 7
s 26760 16 5
s 26761 5 3
s 26762 12 6
s 26769 18 8
s 26779 5 5
s 26986 200 117
s 26987 131 66
s 26988 174 73
s 26989 84 47
s 26990 48 23
s 26991 35 18
s 26992 96 54
s 26993 18 11
s 26994 28 17
s 26999 105 59
s 27000 111 59
s 27001 43 23
s 27003 131 71
s 27006 73 41
s 27008 137 60
s 27009 55 30
s 27011 64 32
s 27015 191 94
s 27016 20 8
s 27017 45 26
s 27018 26 15
s 27025 82 43
s 27035 74 46
s 27243 52 28
s 27244 369 177
s 27245 170 98
s 27246 115 50
s 27247 68 34
s 27248 284 157
s 27249 9 6
s 27250 27 16
s 27255 375 198
s 27256 43 19
s 27257 149 70
s 27259 588 295
s 27262 5 1
s 27264 221 106
s 27265 84 40
s 27267 255 133
s 27271 369 179
s 27272 28 15
s 27273 51 23
s 27274 58 27
s 27281 97 56
s 27291 149 99
s 27500 200 93
s 27501 109 66
s 27502 77 37
s 27503 53 30
s 27504 194 120
s 27505 11 3
s 27506 23 15
s 27511 228 124
s 27512 62 33
s 27513 125 66
s 27515 310 162
s 27518 25 12
s 27520 154 67
s 27521 57 23
s 27523 163 94
s 27527 175 95
s 27528 19 12
s 27529 42 28
s 27530 40 21
s 27537 85 46
s 27547 86 52
s 27757 185 86
s 27758 93 36
s 27759 85 37
s 27760 264 128
s 27761 27 12
s 27762 57 24
s 27767 380 158
s 27768 181 81
s 27769 126 60
s 27771 530 217
s 27774 155 76
s 27776 328 124
s 27777 5 1
s 27779 248 123
s 27783 18 5
s 27784 48 24
s 27785 25 12
s 27786 76 36
s 27793 150 64
s 27803 51 23
s 28014 54 23
s 28015 29 18
s 28016 129 75
s 28017 6 4
s 28018 11 6
s 28023 142 74
s 28024 104 52
s 28025 70 30
s 28027 235 113
s 28030 52 28
s 28032 157 75
s 28033 61 29
s 28035 130 73
s 28039 127 70
s 28040 28 13
s 28041 30 19
s 28042 1 0
s 28049 12 9
s 28059 49 23
s 28271 24 13
s 28272 71 43
s 28273 10 3
s 28274 25 15
s 28279 102 46
s 28280 64 31
s 28281 48 21
s 28283 121 54
s 28286 32 16
s 28288 126 54
s 28289 79 34
s 28291 61 38
s 28295 119 68
s 28296 19 14
s 28297 30 13
s 28298 20 12
s 28305 37 16
s 28315 34 22
s 28528 14 5
s 28529 14 8
s 28530 19 6
s 28535 48 26
s 28536 41 22
s 28537 17 6
s 28539 74 38
s 28542 36 18
s 28544 81 38
s 28545 35 15
s 28547 16 10
s 28551 89 48
s 28552 17 7
s 28553 25 12
s 28554 10 6
s 28561 29 14
s 28571 17 8
s 28785 16 5
s 28786 29 16
s 28791 251 138
s 28792 193 101
s 28793 36 15
s 28795 326 187
s 28798 88 56
s 28800 216 104
s 28801 65 37
s 28803 90 40
s 28807 236 119
s 28808 24 12
s 28809 58 36
s 28810 30 16
s 28817 155 74
s 28827 104 54
s 29042 2 1
s 29047 25 10
s 29048 5 3
s 29049 11 6
s 29051 33 11
s 29054 6 3
s 29056 16 6
s 29057 11 3
s 29059 23 16
s 29063 38 15
s 29064 3 0
s 29065 5 1
s 29066 3 2
s 29073 12 3
s 29083 7 5
s 29303 55 24
s 29304 22 10
s 29305 29 12
s 29307 67 30
s 29310 20 9
s 29312 61 38
s 29313 31 16
s 29315 23 11
s 29319 51 28
s 29320 4 2
s 29321 12 8
s 29322 4 3
s 29329 8 1
s 29339 14 9
s 30584 229 129
s 30585 56 21
s 30587 187 80
s 30590 132 71
s 30592 214 104
s 30593 131 53
s 30595 134 56
s 30599 335 178
s 30600 45 22
s 30601 91 54
s 30602 46 19
s 30609 158 72
s 30619 143 87
s 30841 77 37
s 30843 331 157
s 30846 13 8
s 30848 140 66
s 30849 44 20
s 30851 139 53
s 30855 142 77
s 30856 27 8
s 30857 25 11
s 30858 31 17
s 30865 53 23
s 30875 35 22
s 31099 91 39
s 31102 63 28
s 31104 129 58
s 31105 50 19
s 31107 58 31
s 31111 177 94
s 31112 40 17
s 31113 90 45
s 31114 22 11
s 31121 68 32
s 31131 38 28
s 31614 166 78
s 31616 303 128
s 31617 118 51
s 31619 190 84
s 31623 429 203
s 31624 44 23
s 31625 87 41
s 31626 73 42
s 31633 222 106
s 31643 192 102
s 32384 91 42
s 32385 50 24
s 32387 92 40
s 32391 124 59
s 32392 12 7
s 32393 15 7
s 32394 16 7
s 32401 30 10
s 32411 37 18
s 32897 186 75
s 32899 183 91
s 32903 325 144
s 32904 43 26
s 32905 89 47
s 32906 56 31
s 32913 91 41
s 32923 65 37
s 33155 66 29
s 33159 15 4
s 33160 18 6
s 33161 7 5
s 33162 22 10
s 33169 37 13
s 33179 17 7
s 33671 230 120
s 33672 29 15
s 33673 61 36
s 33674 46 26
s 33681 100 50
s 33691 93 52
s 34696 39 19
s 34697 39 19
s 34698 64 38
s 34705 107 57
s 34715 33 18
s 34953 13 9
s 34954 13 5
s 34961 13 9
s 34971 19 12
s 35210 12 6
s 35217 23 12
s 35227 16 12
s 35473 6 2
s 35483 28 24
s 37275 43 27
