n 6361
b 1 171 70
b 2 927 431
b 3 662 341
b 4 75 44
b 5 304 166
b 6 388 168
b 7 401 199
b 8 376 204
b 9 1529 816
b 10 175 95
b 11 1384 692
b 12 511 248
b 13 467 241
b 14 605 322
b 15 292 158
b 16 171 73
b 17 607 323
b 18 713 369
b 19 800 379
b 20 399 192
b 21 1258 653
b 22 215 108
b 23 210 103
b 25 1262 629
b 26 910 397
b 27 314 154
b 28 706 355
b 29 530 271
b 30 446 225
b 31 623 289
b 32 67 31
b 33 395 237
b 34 160 78
b 35 187 89
b 36 890 468
b 37 178 79
b 38 305 171
b 39 331 128
b 40 61 31
b 41 226 102
b 42 99 47
b 43 218 105
b 44 92 47
b 45 63 29
b 46 300 125
b 47 319 168
b 48 831 419
b 49 685 342
b 50 191 94
b 51 810 386
b 52 108 48
b 53 633 320
b 54 1354 662
b 55 912 474
b 56 274 120
b 57 52 27
b 58 256 128
b 59 144 70
b 60 687 341
b 61 67 35
b 62 687 433
b 63 107 55
b 64 299 136
b 65 155 79
b 66 48 27
b 67 408 208
b 68 109 49
b 69 890 447
b 70 274 112
b 71 797 391
b 72 153 78
b 73 119 56
b 74 963 480
b 75 277 125
b 76 495 252
b 77 226 133
b 78 269 153
b 79 385 178
b 80 410 218
b 81 77 36
b 82 66 33
b 83 505 299
b 84 446 226
b 85 1332 628
b 86 1719 874
b 87 674 315
b 88 246 127
b 89 69 43
b 90 730 419
b 91 390 206
b 92 76 33
b 93 410 233
b 94 104 44
b 95 98 58
b 96 1020 516
b 97 262 117
b 98 567 287
b 99 113 42
b 100 1093 535
b 101 473 214
b 102 58 27
b 103 77 43
b 104 144 66
b 105 846 429
b 106 1384 713
b 107 1006 518
b 108 1177 487
b 109 577 279
b 110 483 240
b 111 265 136
b 112 1258 711
b 113 84 45
b 114 144 70
b 119 1431 752
b 120 813 401
b 121 567 273
b 123 1861 888
b 126 419 197
b 128 1116 507
b 129 333 133
b 131 940 446
b 135 992 479
b 136 162 77
b 137 249 130
b 138 194 102
b 145 564 296
b 155 599 349
v 258 6 1
v 259 8 3
v 260 4 0
v 261 2 1
v 262 2 1
v 263 4 1
v 264 13 5
v 265 11 4
v 266 3 1
v 267 9 5
v 268 9 3
v 269 6 2
v 270 10 3
v 271 4 2
v 272 4 2
v 273 23 8
v 274 9 5
v 275 9 4
v 276 5 2
v 277 15 7
v 278 8 4
v 279 5 2
v 281 12 5
v 282 11 6
v 283 4 2
v 284 15 6
v 285 11 4
v 286 5 3
v 287 15 6
v 289 3 1
v 290 7 3
v 291 1 0
v 292 13 4
v 293 1 1
v 294 1 1
v 295 4 3
v 296 3 1
v 297 7 4
v 298 4 0
v 299 2 0
v 300 3 1
v 302 2 0
v 303 5 2
v 304 11 4
v 305 5 3
v 306 3 1
v 307 11 5
v 308 1 0
v 309 9 5
v 310 17 6
v 311 20 11
v 312 2 2
v 313 1 0
v 314 2 1
v 315 2 1
v 316 3 3
v 317 1 0
v 318 11 3
v 319 1 0
v 320 5 2
v 321 1 0
v 323 8 1
v 324 1 1
v 325 18 8
v 326 9 6
v 327 11 5
v 328 4 2
v 329 2 2
v 330 24 11
v 331 6 1
v 332 6 0
v 333 1 0
v 334 6 2
v 335 3 2
v 336 1 0
v 337 1 0
v 338 2 1
v 339 5 2
v 340 8 3
v 341 13 7
v 342 25 10
v 343 5 1
v 344 2 0
v 346 13 5
v 347 7 1
v 349 8 2
v 350 2 1
v 351 1 1
v 352 4 1
v 353 4 1
v 354 7 3
v 355 2 1
v 356 9 2
v 357 9 1
v 360 1 1
v 361 15 9
v 362 13 5
v 363 12 7
v 364 15 8
v 365 6 4
v 366 6 2
v 367 9 6
v 368 18 5
v 370 1 0
v 375 16 8
v 376 6 1
v 377 10 5
v 379 18 8
v 382 2 0
v 384 20 6
v 385 5 2
v 387 12 7
v 391 11 6
v 392 3 0
v 393 5 3
v 394 3 1
v 401 3 3
v 411 14 3
v 515 35 19
v 516 5 3
v 517 24 12
v 518 29 20
v 519 30 14
v 520 24 12
v 521 104 42
v 522 5 1
v 523 112 49
v 524 28 14
v 525 34 17
v 526 55 17
v 527 35 15
v 528 16 6
v 529 40 23
v 530 37 16
v 531 80 39
v 532 36 12
v 533 97 59
v 534 15 5
v 535 15 7
v 537 108 49
v 538 68 36
v 539 22 5
v 540 49 26
v 541 46 22
v 542 32 16
v 543 58 26
v 544 7 5
v 545 37 16
v 546 12 3
v 547 16 9
v 548 87 35
v 549 20 9
v 550 13 7
v 551 24 17
v 552 3 2
v 553 10 5
v 554 8 4
v 555 10 6
v 556 7 3
v 557 2 1
v 558 29 13
v 559 21 7
v 560 58 26
v 561 43 20
v 562 30 13
v 563 62 32
v 564 8 2
v 565 40 13
v 566 98 44
v 567 72 30
v 568 21 9
v 570 18 8
v 571 10 9
v 572 46 21
v 573 5 3
v 574 63 19
v 575 6 3
v 576 24 11
v 577 11 3
v 578 3 1
v 579 44 15
v 580 9 3
v 581 69 36
v 582 27 19
v 583 58 24
v 584 11 6
v 585 11 7
v 586 68 27
v 587 24 12
v 588 31 9
v 589 14 5
v 590 20 7
v 591 34 16
v 592 29 14
v 593 5 4
v 594 3 1
v 595 37 16
v 596 30 9
v 597 103 49
v 598 111 56
v 599 59 30
v 600 15 8
v 601 3 0
v 602 44 15
v 603 24 8
v 604 8 5
v 605 28 9
v 606 7 2
v 607 8 3
v 608 79 31
v 609 20 15
v 610 43 19
v 611 7 4
v 612 71 34
v 613 30 18
v 614 7 0
v 615 8 5
v 616 14 9
v 617 56 29
v 618 101 49
v 619 63 33
v 620 95 58
v 621 29 12
v 622 36 21
v 623 24 8
v 624 82 35
v 625 8 2
v 626 13 6
v 631 91 43
v 632 69 32
v 633 45 22
v 635 134 66
v 638 29 20
v 640 87 43
v 641 36 20
v 643 63 26
v 647 88 37
v 648 10 6
v 649 17 8
v 650 7 4
v 657 37 19
v 667 33 10
v 772 2 1
v 773 9 7
v 774 18 11
v 775 26 16
v 776 18 9
v 777 99 47
v 778 5 1
v 779 52 26
v 780 27 15
v 781 34 19
v 782 19 8
v 783 7 2
v 784 9 7
v 785 38 21
v 786 30 17
v 787 64 32
v 788 12 8
v 789 67 34
v 790 9 5
v 791 5 4
v 793 53 26
v 794 25 11
v 795 9 2
v 796 27 13
v 797 37 22
v 798 19 8
v 799 21 11
v 800 2 2
v 801 29 11
v 802 13 9
v 803 5 2
v 804 45 22
v 805 7 4
v 806 28 13
v 807 9 6
v 808 2 0
v 809 7 3
v 810 4 3
v 811 11 6
v 812 6 3
v 813 4 2
v 814 7 6
v 815 9 4
v 816 44 24
v 817 37 21
v 818 7 3
v 819 42 22
v 820 5 5
v 821 36 17
v 822 52 25
v 823 61 32
v 824 21 12
v 825 1 0
v 826 9 5
v 827 5 0
v 828 32 18
v 829 6 2
v 830 66 28
v 831 3 1
v 832 13 9
v 833 8 2
v 834 3 1
v 835 14 7
v 836 4 2
v 837 44 20
v 838 15 8
v 839 34 17
v 840 4 0
v 841 8 4
v 842 46 29
v 843 21 10
v 844 35 17
v 845 25 9
v 846 14 10
v 847 32 17
v 848 32 15
v 849 5 2
v 850 4 2
v 851 20 7
v 852 9 6
v 853 74 41
v 854 70 40
v 855 29 22
v 856 15 7
v 857 3 3
v 858 64 32
v 859 18 9
v 860 3 1
v 861 23 9
v 862 6 4
v 863 7 3
v 864 66 31
v 865 7 3
v 866 17 11
v 867 4 4
v 868 55 32
v 869 10 7
v 870 5 3
v 871 4 1
v 872 9 3
v 873 49 25
v 874 79 37
v 875 63 32
v 876 67 39
v 877 40 23
v 878 19 10
v 879 16 8
v 880 86 35
v 881 3 1
v 882 9 2
v 887 76 37
v 888 52 29
v 889 31 15
v 891 144 79
v 894 22 10
v 896 49 28
v 897 10 9
v 899 80 43
v 903 44 18
v 904 6 5
v 905 9 5
v 906 8 3
v 913 39 22
v 923 31 15
v 1029 3 2
v 1030 3 3
v 1031 4 2
v 1032 4 2
v 1033 8 4
v 1035 5 2
v 1036 7 3
v 1037 3 0
v 1038 1 1
v 1040 2 2
v 1041 4 3
v 1042 4 3
v 1043 4 2
v 1044 5 2
v 1045 10 7
v 1046 1 1
v 1047 2 2
v 1049 3 3
v 1050 6 6
v 1051 4 4
v 1052 3 1
v 1053 3 2
v 1054 3 1
v 1055 2 1
v 1058 1 0
v 1059 3 1
v 1060 5 2
v 1061 1 1
v 1062 2 1
v 1063 4 3
v 1064 1 0
v 1066 2 2
v 1067 1 0
v 1069 3 2
v 1071 3 1
v 1072 2 1
v 1073 3 2
v 1075 7 4
v 1077 3 2
v 1078 4 2
v 1079 9 7
v 1080 3 1
v 1082 2 1
v 1083 2 1
v 1084 7 2
v 1086 4 1
v 1088 1 1
v 1089 2 1
v 1091 3 2
v 1093 6 2
v 1094 1 1
v 1095 12 10
v 1096 2 2
v 1097 2 1
v 1098 1 0
v 1099 2 2
v 1100 1 0
v 1101 4 4
v 1102 3 2
v 1103 1 0
v 1104 1 0
v 1105 1 1
v 1108 1 0
v 1109 7 6
v 1110 6 2
v 1111 5 4
v 1112 4 1
v 1114 5 3
v 1115 1 0
v 1116 1 1
v 1117 14 10
v 1120 3 2
v 1121 2 0
v 1122 4 2
v 1124 3 1
v 1125 3 2
v 1126 1 1
v 1127 1 0
v 1129 3 3
v 1130 2 1
v 1131 6 4
v 1132 5 5
v 1133 3 2
v 1134 2 2
v 1135 1 0
v 1136 8 4
v 1143 7 4
v 1144 14 8
v 1145 5 3
v 1147 11 6
v 1150 3 1
v 1152 5 2
v 1153 1 1
v 1155 3 3
v 1159 6 2
v 1160 3 0
v 1162 2 0
v 1169 1 1
v 1179 3 1
v 1286 10 4
v 1287 9 5
v 1288 10 7
v 1289 20 11
v 1290 5 5
v 1291 36 21
v 1292 16 10
v 1293 9 6
v 1294 12 7
v 1295 8 5
v 1296 3 3
v 1297 24 18
v 1298 14 8
v 1299 24 13
v 1300 14 7
v 1301 34 18
v 1302 5 3
v 1303 7 5
v 1305 34 19
v 1306 26 16
v 1307 12 9
v 1308 14 9
v 1309 15 8
v 1310 18 9
v 1311 16 12
v 1312 2 1
v 1313 13 6
v 1314 2 2
v 1315 8 3
v 1316 23 10
v 1317 15 8
v 1318 8 3
v 1319 9 7
v 1320 1 0
v 1321 5 3
v 1322 3 2
v 1323 7 4
v 1324 3 3
v 1326 14 5
v 1327 11 5
v 1328 22 9
v 1329 16 11
v 1330 8 7
v 1331 15 11
v 1332 4 1
v 1333 16 7
v 1334 24 12
v 1335 15 9
v 1336 6 4
v 1337 2 1
v 1338 9 7
v 1339 5 4
v 1340 17 9
v 1341 4 4
v 1342 22 11
v 1343 2 0
v 1344 10 9
v 1345 2 2
v 1346 1 1
v 1347 2 0
v 1348 2 0
v 1349 17 10
v 1350 7 3
v 1351 21 11
v 1352 2 2
v 1353 3 1
v 1354 26 12
v 1355 14 6
v 1356 10 6
v 1357 1 0
v 1358 3 0
v 1359 9 5
v 1360 9 5
v 1361 4 3
v 1362 1 1
v 1363 14 6
v 1364 13 7
v 1365 25 10
v 1366 48 23
v 1367 22 9
v 1368 6 2
v 1369 1 1
v 1370 13 4
v 1371 7 2
v 1372 4 4
v 1373 10 7
v 1374 2 1
v 1375 7 2
v 1376 18 10
v 1377 7 4
v 1378 14 6
v 1379 6 1
v 1380 26 18
v 1381 9 6
v 1382 3 1
v 1383 1 1
v 1384 7 2
v 1385 14 7
v 1386 34 17
v 1387 17 9
v 1388 22 16
v 1389 11 8
v 1390 12 4
v 1391 4 0
v 1392 23 14
v 1393 5 0
v 1394 4 1
v 1399 18 11
v 1400 15 8
v 1401 18 11
v 1403 46 24
v 1406 9 7
v 1408 30 16
v 1409 14 5
v 1411 11 7
v 1415 21 15
v 1416 5 3
v 1417 3 0
v 1418 7 5
v 1425 13 6
v 1435 13 9
v 1543 12 4
v 1544 9 3
v 1545 45 16
v 1546 3 0
v 1547 64 35
v 1548 19 8
v 1549 14 6
v 1550 21 12
v 1551 4 3
v 1552 4 2
v 1553 16 9
v 1554 26 10
v 1555 20 7
v 1556 17 9
v 1557 52 23
v 1558 10 4
v 1559 7 2
v 1561 41 14
v 1562 33 20
v 1563 10 2
v 1564 23 12
v 1565 24 16
v 1566 10 4
v 1567 28 14
v 1569 11 2
v 1570 7 5
v 1571 4 2
v 1572 24 12
v 1573 7 5
v 1574 10 3
v 1575 13 5
v 1576 3 2
v 1577 4 2
v 1578 2 1
v 1579 9 3
v 1580 6 2
v 1581 2 1
v 1582 3 0
v 1583 8 6
v 1584 27 14
v 1585 9 5
v 1586 5 3
v 1587 25 11
v 1588 4 2
v 1589 15 3
v 1590 38 15
v 1591 19 7
v 1592 8 6
v 1593 2 1
v 1594 5 1
v 1595 7 2
v 1596 17 10
v 1597 1 0
v 1598 23 7
v 1599 2 1
v 1600 9 3
v 1601 2 0
v 1602 3 1
v 1603 23 11
v 1604 5 2
v 1605 40 16
v 1606 7 4
v 1607 12 5
v 1608 6 4
v 1609 1 1
v 1610 34 14
v 1611 8 4
v 1612 16 5
v 1613 8 3
v 1614 5 0
v 1615 10 4
v 1616 15 8
v 1617 2 0
v 1618 2 0
v 1619 17 9
v 1620 23 8
v 1621 47 24
v 1622 55 26
v 1623 20 10
v 1624 5 3
v 1625 3 1
v 1626 13 3
v 1627 15 4
v 1628 2 1
v 1629 10 4
v 1630 1 1
v 1631 3 2
v 1632 28 9
v 1633 7 4
v 1634 15 5
v 1635 10 7
v 1636 30 16
v 1637 11 8
v 1638 1 0
v 1639 3 3
v 1640 1 0
v 1641 23 9
v 1642 43 18
v 1643 26 13
v 1644 40 19
v 1645 17 7
v 1646 14 7
v 1647 9 5
v 1648 38 11
v 1649 2 1
v 1650 3 2
v 1655 34 10
v 1656 17 6
v 1657 22 12
v 1659 53 19
v 1662 21 8
v 1664 43 21
v 1665 12 7
v 1667 25 11
v 1671 26 13
v 1672 4 1
v 1673 4 1
v 1674 6 1
v 1681 16 3
v 1691 20 5
v 1800 13 5
v 1801 48 17
v 1802 5 4
v 1803 43 16
v 1804 27 13
v 1805 20 13
v 1806 22 10
v 1807 5 4
v 1808 10 7
v 1809 18 8
v 1810 19 11
v 1811 23 13
v 1812 10 5
v 1813 33 19
v 1814 6 5
v 1815 6 1
v 1817 34 16
v 1818 25 8
v 1819 14 7
v 1820 26 13
v 1821 14 7
v 1822 12 6
v 1823 25 11
v 1824 5 3
v 1825 11 6
v 1826 9 5
v 1827 2 2
v 1828 19 10
v 1829 5 3
v 1830 14 6
v 1831 6 6
v 1832 1 1
v 1833 9 8
v 1834 10 6
v 1835 10 5
v 1836 3 2
v 1837 1 0
v 1838 9 8
v 1839 13 9
v 1840 32 13
v 1841 22 11
v 1842 7 3
v 1843 16 9
v 1844 1 0
v 1845 23 14
v 1846 39 20
v 1847 23 9
v 1848 12 8
v 1849 3 2
v 1850 14 5
v 1851 6 4
v 1852 19 9
v 1853 3 0
v 1854 17 11
v 1855 3 1
v 1856 9 6
v 1857 3 0
v 1858 3 0
v 1859 12 6
v 1860 6 5
v 1861 24 10
v 1862 10 5
v 1863 28 12
v 1864 4 1
v 1865 5 2
v 1866 28 17
v 1867 7 3
v 1868 13 5
v 1869 7 2
v 1870 11 6
v 1871 16 11
v 1872 11 3
v 1873 4 3
v 1874 2 1
v 1875 16 4
v 1876 15 10
v 1877 45 23
v 1878 52 27
v 1879 16 8
v 1880 6 0
v 1881 4 1
v 1882 25 7
v 1883 9 2
v 1884 3 2
v 1885 7 4
v 1886 4 0
v 1887 3 0
v 1888 22 14
v 1889 12 7
v 1890 16 6
v 1891 5 2
v 1892 35 16
v 1893 16 9
v 1894 3 3
v 1895 2 1
v 1896 6 2
v 1897 21 11
v 1898 56 26
v 1899 38 14
v 1900 26 14
v 1901 13 8
v 1902 13 8
v 1903 11 7
v 1904 36 20
v 1905 3 2
v 1906 5 2
v 1911 40 23
v 1912 29 12
v 1913 23 14
v 1915 59 31
v 1918 16 10
v 1920 30 14
v 1921 11 6
v 1923 37 19
v 1927 35 16
v 1928 10 4
v 1929 11 6
v 1930 6 3
v 1937 20 9
v 1947 21 9
v 2057 39 24
v 2058 9 6
v 2059 36 21
v 2060 15 7
v 2061 4 2
v 2062 19 10
v 2063 5 2
v 2064 3 2
v 2065 24 16
v 2066 23 13
v 2067 22 11
v 2068 13 7
v 2069 33 18
v 2070 5 2
v 2071 8 4
v 2073 38 21
v 2074 34 21
v 2075 18 12
v 2076 12 4
v 2077 19 9
v 2078 16 10
v 2079 25 13
v 2080 5 3
v 2081 4 2
v 2082 7 3
v 2083 9 5
v 2084 27 16
v 2085 7 6
v 2086 2 1
v 2087 13 5
v 2088 4 2
v 2089 6 2
v 2090 6 2
v 2091 4 3
v 2092 3 1
v 2093 1 1
v 2094 8 2
v 2095 9 6
v 2096 26 12
v 2097 20 12
v 2098 2 1
v 2099 18 8
v 2100 4 3
v 2101 14 7
v 2102 64 36
v 2103 31 17
v 2104 6 3
v 2105 2 1
v 2106 5 3
v 2107 1 0
v 2108 18 11
v 2109 2 1
v 2110 25 12
v 2111 2 1
v 2112 10 4
v 2113 4 0
v 2114 2 0
v 2115 17 9
v 2116 2 1
v 2117 14 8
v 2118 9 7
v 2119 23 11
v 2120 2 1
v 2121 6 3
v 2122 36 17
v 2123 11 6
v 2124 7 4
v 2125 3 2
v 2126 12 7
v 2127 12 6
v 2128 8 4
v 2129 6 2
v 2130 2 0
v 2131 14 5
v 2132 16 8
v 2133 31 13
v 2134 58 30
v 2135 25 13
v 2136 11 8
v 2138 23 10
v 2139 8 3
v 2140 2 2
v 2141 10 2
v 2142 5 3
v 2143 1 1
v 2144 25 16
v 2145 6 4
v 2146 8 3
v 2147 1 1
v 2148 29 14
v 2149 28 21
v 2150 2 1
v 2151 2 2
v 2152 5 3
v 2153 29 14
v 2154 38 20
v 2155 26 13
v 2156 76 49
v 2157 10 7
v 2158 31 16
v 2159 9 7
v 2160 17 8
v 2161 4 4
v 2162 1 0
v 2167 33 13
v 2168 35 24
v 2169 12 5
v 2171 49 23
v 2174 9 6
v 2176 38 29
v 2177 20 13
v 2179 12 10
v 2183 26 11
v 2184 6 5
v 2185 9 2
v 2186 4 2
v 2193 12 8
v 2203 12 5
v 2314 19 9
v 2315 142 75
v 2316 48 32
v 2317 58 29
v 2318 73 36
v 2319 31 19
v 2320 21 13
v 2321 87 44
v 2322 105 56
v 2323 111 61
v 2324 24 14
v 2325 169 83
v 2326 17 9
v 2327 16 11
v 2329 174 91
v 2330 94 64
v 2331 30 20
v 2332 100 51
v 2333 77 44
v 2334 67 32
v 2335 70 39
v 2336 7 2
v 2337 55 21
v 2338 22 12
v 2339 16 13
v 2340 112 53
v 2341 6 2
v 2342 47 24
v 2343 35 21
v 2344 7 3
v 2345 18 9
v 2346 13 6
v 2347 23 9
v 2348 10 6
v 2349 4 3
v 2350 33 20
v 2351 37 18
v 2352 88 47
v 2353 76 40
v 2354 22 12
v 2355 116 62
v 2356 8 6
v 2357 80 48
v 2358 161 102
v 2359 118 57
v 2360 31 18
v 2361 6 3
v 2362 33 15
v 2363 17 8
v 2364 55 31
v 2365 6 3
v 2366 86 30
v 2367 20 12
v 2368 32 14
v 2369 9 3
v 2370 7 4
v 2371 44 19
v 2372 6 3
v 2373 118 61
v 2374 22 12
v 2375 91 46
v 2376 23 12
v 2377 16 8
v 2378 120 68
v 2379 30 16
v 2380 62 32
v 2381 30 13
v 2382 26 13
v 2383 42 22
v 2384 58 28
v 2385 8 3
v 2386 7 5
v 2387 57 30
v 2388 35 23
v 2389 187 106
v 2390 185 109
v 2391 84 41
v 2392 20 10
v 2393 9 2
v 2394 96 44
v 2395 48 27
v 2396 8 2
v 2397 59 23
v 2398 11 10
v 2399 12 3
v 2400 139 58
v 2401 32 25
v 2402 67 35
v 2403 10 7
v 2404 121 72
v 2405 52 29
v 2406 12 6
v 2407 10 5
v 2408 11 3
v 2409 108 52
v 2410 166 79
v 2411 139 68
v 2412 154 107
v 2413 71 41
v 2414 63 38
v 2415 32 14
v 2416 210 97
v 2417 3 3
v 2418 22 12
v 2423 245 128
v 2424 101 55
v 2425 55 24
v 2427 332 180
v 2430 39 24
v 2432 126 71
v 2433 31 25
v 2435 130 81
v 2439 115 58
v 2440 20 15
v 2441 25 13
v 2442 26 13
v 2449 65 33
v 2459 76 40
v 2571 14 7
v 2572 3 2
v 2573 2 2
v 2574 8 5
v 2575 11 5
v 2576 2 0
v 2577 5 2
v 2578 11 6
v 2579 10 4
v 2580 4 2
v 2581 20 9
v 2582 2 0
v 2583 2 2
v 2585 19 13
v 2586 9 5
v 2587 1 0
v 2588 11 7
v 2589 6 1
v 2590 7 4
v 2591 14 7
v 2593 4 2
v 2594 1 1
v 2595 2 2
v 2596 8 3
v 2597 1 1
v 2598 4 2
v 2599 3 2
v 2600 2 0
v 2601 2 1
v 2603 4 3
v 2604 2 1
v 2606 4 4
v 2607 1 1
v 2608 12 8
v 2609 9 3
v 2610 5 3
v 2611 7 5
v 2612 1 0
v 2613 5 5
v 2614 49 31
v 2615 7 3
v 2616 1 1
v 2617 1 1
v 2618 5 3
v 2619 4 3
v 2620 2 0
v 2621 1 1
v 2622 7 3
v 2623 3 1
v 2624 4 3
v 2625 1 0
v 2627 5 2
v 2628 3 1
v 2629 7 3
v 2630 1 1
v 2631 21 12
v 2632 6 3
v 2634 9 6
v 2635 2 1
v 2636 7 4
v 2637 4 2
v 2638 6 1
v 2639 4 3
v 2640 2 0
v 2642 1 1
v 2643 5 1
v 2644 7 4
v 2645 21 10
v 2646 43 24
v 2647 11 5
v 2648 1 0
v 2650 8 5
v 2651 4 2
v 2653 6 3
v 2655 4 1
v 2656 7 4
v 2657 4 2
v 2658 6 4
v 2659 2 2
v 2660 19 11
v 2661 6 3
v 2662 2 1
v 2664 1 1
v 2665 9 6
v 2666 33 13
v 2667 12 7
v 2668 24 14
v 2669 11 5
v 2670 8 5
v 2671 6 3
v 2672 20 13
v 2673 1 0
v 2674 3 2
v 2679 13 9
v 2680 9 5
v 2681 5 2
v 2683 23 10
v 2686 5 3
v 2688 15 10
v 2689 10 8
v 2691 8 5
v 2695 30 14
v 2696 2 1
v 2697 3 3
v 2705 3 1
v 2715 10 6
v 2828 56 25
v 2829 41 19
v 2830 73 32
v 2831 24 15
v 2832 16 9
v 2833 58 33
v 2834 89 45
v 2835 85 43
v 2836 44 27
v 2837 128 56
v 2838 27 16
v 2839 23 16
v 2841 182 86
v 2842 113 65
v 2843 41 18
v 2844 46 24
v 2845 67 42
v 2846 40 20
v 2847 75 37
v 2848 6 2
v 2849 35 12
v 2850 22 8
v 2851 25 13
v 2852 111 48
v 2853 32 15
v 2854 33 15
v 2855 40 26
v 2856 5 2
v 2857 23 17
v 2858 18 11
v 2859 19 11
v 2860 11 6
v 2861 6 5
v 2862 46 21
v 2863 27 13
v 2864 105 55
v 2865 44 19
v 2866 15 6
v 2867 84 40
v 2868 15 11
v 2869 98 55
v 2870 177 86
v 2871 103 41
v 2872 31 13
v 2873 3 1
v 2874 34 17
v 2875 12 9
v 2876 61 31
v 2877 11 6
v 2878 55 20
v 2879 11 7
v 2880 32 23
v 2881 15 4
v 2882 8 4
v 2883 42 22
v 2884 8 1
v 2885 81 48
v 2886 26 17
v 2887 88 40
v 2888 11 4
v 2889 19 8
v 2890 132 62
v 2891 33 15
v 2892 50 23
v 2893 19 5
v 2894 17 4
v 2895 51 27
v 2896 39 16
v 2897 18 9
v 2898 4 2
v 2899 77 35
v 2900 52 30
v 2901 161 85
v 2902 184 91
v 2903 73 37
v 2904 14 8
v 2905 6 2
v 2906 81 42
v 2907 50 33
v 2908 14 10
v 2909 27 14
v 2910 13 8
v 2911 14 6
v 2912 93 45
v 2913 33 19
v 2914 42 18
v 2915 12 5
v 2916 111 54
v 2917 48 29
v 2918 3 2
v 2919 8 3
v 2920 13 7
v 2921 102 57
v 2922 131 63
v 2923 114 53
v 2924 157 95
v 2925 121 57
v 2926 60 34
v 2927 10 4
v 2928 161 73
v 2929 5 1
v 2930 21 10
v 2935 142 62
v 2936 80 44
v 2937 59 30
v 2939 229 111
v 2942 38 20
v 2944 127 70
v 2945 47 29
v 2947 94 55
v 2951 129 57
v 2952 20 7
v 2953 24 8
v 2954 26 16
v 2961 72 32
v 2971 70 29
v 3085 15 7
v 3086 31 18
v 3087 9 3
v 3088 13 7
v 3089 26 11
v 3090 47 28
v 3091 14 7
v 3092 30 15
v 3093 45 21
v 3094 7 5
v 3095 6 3
v 3097 35 23
v 3098 32 18
v 3099 13 6
v 3100 53 24
v 3101 16 5
v 3102 13 10
v 3103 21 15
v 3104 1 1
v 3105 10 5
v 3106 1 0
v 3107 6 4
v 3108 30 11
v 3109 9 6
v 3110 18 8
v 3111 9 7
v 3113 6 4
v 3114 6 2
v 3115 8 5
v 3116 5 2
v 3117 5 3
v 3118 11 7
v 3119 13 7
v 3120 58 23
v 3121 30 12
v 3122 6 3
v 3123 31 19
v 3124 16 8
v 3125 32 18
v 3126 74 33
v 3127 21 4
v 3128 11 3
v 3130 12 6
v 3131 5 5
v 3132 42 16
v 3133 1 1
v 3134 34 11
v 3135 4 2
v 3136 14 11
v 3137 12 8
v 3138 2 1
v 3139 15 9
v 3140 4 4
v 3141 39 17
v 3142 9 4
v 3143 33 14
v 3144 7 3
v 3145 7 5
v 3146 43 15
v 3147 12 9
v 3148 19 12
v 3149 10 4
v 3150 14 5
v 3151 25 13
v 3152 15 5
v 3153 2 2
v 3154 4 2
v 3155 20 9
v 3156 28 12
v 3157 49 28
v 3158 69 29
v 3159 26 9
v 3160 7 2
v 3162 33 11
v 3163 21 6
v 3164 7 5
v 3165 13 4
v 3166 6 3
v 3167 2 1
v 3168 28 16
v 3169 20 15
v 3170 25 12
v 3171 4 2
v 3172 43 18
v 3173 18 10
v 3174 2 2
v 3175 1 0
v 3176 5 4
v 3177 41 17
v 3178 41 19
v 3179 32 12
v 3180 25 11
v 3181 18 7
v 3182 14 4
v 3183 16 3
v 3184 49 22
v 3185 4 1
v 3186 9 4
v 3191 56 30
v 3192 29 16
v 3193 24 14
v 3195 64 33
v 3198 13 6
v 3200 37 17
v 3201 11 10
v 3203 50 24
v 3207 44 30
v 3208 10 7
v 3209 13 8
v 3210 4 3
v 3217 22 7
v 3227 20 9
v 3342 9 3
v 3343 6 4
v 3344 8 4
v 3345 24 15
v 3346 38 23
v 3347 45 16
v 3348 11 6
v 3349 43 19
v 3350 4 1
v 3351 4 3
v 3353 48 33
v 3354 42 21
v 3355 10 6
v 3356 29 15
v 3357 17 10
v 3358 14 9
v 3359 34 20
v 3360 8 3
v 3361 24 7
v 3362 7 5
v 3363 2 2
v 3364 24 16
v 3365 8 4
v 3366 13 8
v 3367 18 12
v 3368 2 1
v 3369 9 5
v 3370 6 2
v 3371 5 4
v 3372 3 2
v 3373 5 3
v 3374 8 5
v 3375 5 5
v 3376 30 10
v 3377 30 14
v 3378 5 3
v 3379 41 22
v 3380 3 3
v 3381 17 11
v 3382 53 29
v 3383 31 19
v 3384 13 6
v 3386 5 3
v 3387 5 2
v 3388 39 16
v 3389 2 0
v 3390 21 8
v 3391 6 2
v 3392 7 4
v 3393 4 3
v 3394 2 1
v 3395 16 8
v 3396 1 0
v 3397 37 18
v 3398 11 8
v 3399 26 15
v 3400 3 2
v 3401 7 5
v 3402 45 24
v 3403 10 3
v 3404 19 9
v 3405 8 3
v 3406 9 5
v 3407 12 6
v 3408 13 5
v 3409 3 0
v 3410 1 1
v 3411 18 8
v 3412 9 4
v 3413 44 22
v 3414 63 37
v 3415 23 13
v 3416 5 3
v 3417 8 0
v 3418 32 11
v 3419 12 6
v 3420 3 3
v 3421 7 3
v 3422 2 2
v 3423 2 1
v 3424 38 14
v 3425 10 9
v 3426 19 10
v 3427 5 4
v 3428 34 21
v 3429 9 5
v 3430 1 1
v 3431 1 1
v 3432 3 2
v 3433 33 16
v 3434 53 26
v 3435 26 13
v 3436 36 19
v 3437 22 12
v 3438 13 8
v 3439 12 9
v 3440 54 27
v 3442 1 0
v 3447 66 30
v 3448 29 16
v 3449 18 9
v 3451 73 40
v 3454 47 22
v 3456 33 25
v 3457 10 5
v 3459 41 23
v 3463 40 19
v 3464 5 0
v 3465 10 4
v 3466 6 4
v 3473 28 10
v 3483 23 10
v 3599 22 10
v 3600 11 6
v 3601 23 9
v 3602 38 19
v 3603 30 15
v 3604 23 10
v 3605 62 33
v 3606 15 9
v 3607 14 7
v 3609 60 27
v 3610 56 30
v 3611 22 14
v 3612 45 24
v 3613 22 15
v 3614 27 11
v 3615 23 16
v 3616 3 3
v 3617 14 7
v 3618 11 5
v 3619 11 7
v 3620 43 20
v 3621 13 6
v 3622 13 5
v 3623 18 12
v 3624 6 2
v 3625 10 6
v 3626 5 4
v 3627 13 9
v 3628 6 3
v 3629 3 1
v 3630 10 6
v 3631 18 8
v 3632 46 22
v 3633 31 16
v 3634 5 3
v 3635 35 15
v 3636 3 1
v 3637 26 13
v 3638 83 55
v 3639 29 12
v 3640 7 5
v 3641 3 2
v 3642 12 6
v 3643 8 6
v 3644 25 13
v 3646 33 13
v 3647 9 4
v 3648 20 13
v 3649 10 5
v 3650 1 0
v 3651 17 11
v 3652 11 8
v 3653 34 22
v 3654 17 9
v 3655 41 26
v 3656 3 2
v 3657 6 4
v 3658 62 33
v 3659 17 10
v 3660 17 6
v 3661 6 1
v 3662 10 3
v 3663 17 9
v 3664 13 7
v 3665 7 4
v 3666 3 2
v 3667 20 10
v 3668 36 14
v 3669 57 25
v 3670 90 54
v 3671 34 18
v 3672 9 3
v 3673 2 1
v 3674 36 25
v 3675 25 14
v 3676 6 2
v 3677 18 8
v 3678 1 1
v 3679 8 5
v 3680 35 18
v 3681 13 9
v 3682 38 24
v 3683 3 3
v 3684 61 30
v 3685 33 18
v 3686 2 0
v 3687 5 3
v 3688 7 4
v 3689 35 16
v 3690 49 24
v 3691 41 22
v 3692 53 26
v 3693 17 11
v 3694 24 11
v 3695 13 6
v 3696 60 36
v 3697 1 0
v 3698 11 6
v 3703 45 21
v 3704 45 25
v 3705 25 16
v 3707 71 43
v 3710 23 10
v 3712 65 41
v 3713 23 11
v 3715 53 25
v 3719 46 24
v 3720 6 3
v 3721 14 8
v 3722 12 3
v 3729 29 12
v 3739 15 10
v 3856 3 1
v 3857 14 4
v 3858 18 8
v 3859 14 11
v 3860 8 5
v 3861 26 13
v 3862 5 3
v 3863 8 3
v 3865 34 14
v 3866 21 12
v 3867 5 1
v 3868 15 10
v 3869 18 8
v 3870 10 7
v 3871 21 12
v 3873 2 1
v 3874 5 2
v 3875 7 4
v 3876 24 9
v 3877 11 6
v 3878 10 4
v 3879 13 9
v 3880 4 3
v 3881 13 8
v 3883 6 2
v 3884 2 1
v 3886 6 4
v 3887 6 2
v 3888 18 11
v 3889 14 9
v 3890 2 1
v 3891 20 13
v 3893 10 9
v 3894 74 37
v 3895 18 9
v 3896 1 1
v 3897 2 1
v 3898 8 4
v 3899 2 0
v 3900 22 13
v 3902 25 11
v 3903 4 3
v 3904 9 4
v 3905 1 0
v 3906 1 1
v 3907 11 7
v 3909 23 17
v 3910 9 8
v 3911 17 10
v 3912 3 2
v 3913 2 2
v 3914 19 9
v 3915 14 10
v 3916 13 8
v 3917 7 1
v 3918 4 3
v 3919 5 3
v 3920 9 7
v 3921 1 1
v 3922 1 1
v 3923 13 5
v 3924 11 10
v 3925 23 17
v 3926 36 18
v 3927 18 9
v 3928 10 4
v 3929 1 0
v 3930 11 4
v 3931 1 1
v 3932 2 1
v 3933 8 4
v 3934 1 1
v 3935 2 0
v 3936 18 12
v 3937 5 2
v 3938 10 4
v 3939 1 0
v 3940 21 15
v 3941 23 13
v 3943 2 2
v 3944 3 2
v 3945 26 9
v 3946 26 11
v 3947 24 14
v 3948 18 12
v 3949 15 8
v 3950 8 3
v 3951 6 4
v 3952 23 9
v 3953 2 1
v 3954 1 0
v 3959 32 17
v 3960 11 7
v 3961 12 8
v 3963 38 22
v 3966 12 8
v 3968 34 22
v 3969 7 6
v 3971 21 12
v 3975 21 10
v 3976 3 3
v 3977 6 3
v 3978 4 1
v 3985 10 7
v 3995 11 4
v 4113 10 2
v 4114 8 2
v 4115 9 4
v 4116 6 4
v 4117 18 6
v 4118 5 2
v 4119 2 2
v 4121 24 9
v 4122 16 8
v 4123 4 1
v 4124 9 4
v 4125 5 1
v 4126 8 3
v 4127 8 4
v 4129 6 3
v 4131 3 2
v 4132 15 6
v 4133 4 2
v 4134 8 4
v 4135 5 4
v 4136 1 0
v 4137 4 2
v 4138 1 0
v 4139 2 2
v 4140 2 0
v 4141 2 1
v 4142 7 6
v 4143 4 1
v 4144 13 5
v 4145 4 1
v 4146 2 2
v 4147 15 7
v 4148 1 1
v 4149 9 4
v 4150 11 5
v 4151 15 2
v 4152 2 0
v 4153 1 1
v 4154 5 2
v 4156 8 5
v 4158 6 0
v 4159 1 1
v 4160 5 3
v 4161 5 2
v 4162 2 1
v 4163 4 0
v 4164 4 2
v 4165 8 5
v 4166 5 4
v 4167 9 4
v 4168 1 1
v 4169 2 1
v 4170 13 7
v 4171 2 1
v 4172 10 5
v 4173 2 0
v 4174 6 4
v 4175 6 3
v 4176 3 1
v 4178 1 0
v 4179 10 4
v 4180 4 3
v 4181 9 4
v 4182 21 9
v 4183 8 4
v 4185 1 0
v 4186 11 6
v 4187 10 5
v 4188 1 0
v 4189 6 3
v 4191 1 0
v 4192 16 6
v 4193 4 1
v 4194 3 2
v 4195 2 1
v 4196 17 7
v 4197 4 2
v 4199 2 1
v 4201 12 3
v 4202 19 6
v 4203 8 6
v 4204 16 6
v 4205 8 4
v 4206 6 2
v 4207 2 2
v 4208 17 4
v 4209 1 1
v 4215 16 5
v 4216 15 5
v 4217 8 3
v 4219 20 10
v 4222 1 0
v 4224 14 3
v 4225 3 3
v 4227 21 11
v 4231 15 8
v 4232 2 0
v 4233 1 0
v 4234 2 2
v 4241 7 1
v 4251 9 3
v 4370 20 11
v 4371 46 28
v 4372 11 6
v 4373 64 34
v 4374 12 1
v 4375 8 4
v 4377 51 27
v 4378 42 17
v 4379 8 6
v 4380 26 15
v 4381 24 13
v 4382 24 14
v 4383 31 18
v 4384 1 1
v 4385 18 6
v 4386 10 5
v 4387 8 5
v 4388 34 17
v 4389 10 5
v 4390 14 7
v 4391 17 10
v 4392 2 0
v 4393 8 5
v 4394 6 6
v 4395 11 7
v 4397 1 1
v 4398 14 10
v 4399 12 4
v 4400 32 15
v 4401 33 15
v 4402 6 6
v 4403 36 24
v 4404 9 6
v 4405 37 21
v 4406 67 36
v 4407 47 30
v 4408 17 7
v 4409 3 3
v 4410 15 7
v 4411 6 4
v 4412 24 11
v 4413 2 1
v 4414 28 14
v 4415 2 1
v 4416 11 7
v 4417 16 8
v 4418 2 0
v 4419 15 8
v 4420 3 2
v 4421 49 23
v 4422 8 8
v 4423 30 18
v 4424 7 3
v 4425 4 2
v 4426 22 8
v 4427 11 9
v 4428 20 10
v 4429 9 4
v 4430 13 4
v 4431 21 14
v 4432 23 11
v 4433 2 1
v 4434 4 2
v 4435 24 14
v 4436 23 11
v 4437 57 39
v 4438 88 42
v 4439 27 13
v 4440 8 5
v 4441 6 2
v 4442 50 27
v 4443 20 11
v 4444 4 4
v 4445 11 5
v 4446 4 2
v 4447 5 1
v 4448 47 25
v 4449 10 7
v 4450 26 14
v 4451 7 6
v 4452 45 24
v 4453 20 13
v 4454 4 1
v 4455 4 2
v 4456 8 5
v 4457 42 20
v 4458 95 52
v 4459 79 43
v 4460 54 35
v 4461 33 23
v 4462 17 8
v 4463 8 4
v 4464 73 36
v 4466 6 3
v 4471 69 44
v 4472 42 18
v 4473 16 8
v 4475 107 60
v 4478 22 16
v 4480 55 31
v 4481 14 7
v 4483 50 26
v 4487 50 26
v 4488 9 6
v 4489 10 3
v 4490 8 1
v 4497 39 20
v 4507 38 18
v 4627 62 33
v 4628 23 11
v 4629 68 38
v 4630 6 2
v 4631 10 6
v 4633 72 46
v 4634 38 21
v 4635 17 7
v 4636 30 11
v 4637 10 4
v 4638 24 12
v 4639 41 21
v 4640 2 2
v 4641 25 11
v 4642 12 8
v 4643 10 7
v 4644 34 15
v 4645 5 2
v 4646 8 2
v 4647 15 11
v 4648 2 1
v 4649 6 4
v 4650 6 2
v 4651 11 6
v 4652 4 1
v 4653 2 1
v 4654 19 13
v 4655 24 7
v 4656 64 35
v 4657 48 26
v 4658 8 2
v 4659 60 28
v 4660 2 0
v 4661 28 14
v 4662 62 31
v 4663 137 74
v 4664 20 13
v 4665 2 0
v 4666 15 8
v 4667 11 6
v 4668 39 23
v 4669 3 1
v 4670 48 28
v 4671 5 3
v 4672 14 8
v 4673 9 5
v 4674 2 1
v 4675 17 8
v 4676 9 5
v 4677 45 20
v 4678 22 16
v 4679 55 30
v 4680 10 8
v 4681 10 4
v 4682 40 21
v 4683 21 10
v 4684 25 11
v 4685 17 8
v 4686 27 14
v 4687 29 17
v 4688 23 10
v 4689 8 5
v 4690 3 3
v 4691 17 6
v 4692 23 12
v 4693 79 44
v 4694 78 38
v 4695 51 23
v 4696 20 9
v 4697 2 1
v 4698 32 10
v 4699 20 12
v 4700 5 3
v 4701 20 8
v 4702 8 2
v 4703 10 5
v 4704 73 41
v 4705 16 7
v 4706 26 15
v 4707 5 5
v 4708 61 38
v 4709 28 15
v 4710 1 1
v 4711 6 2
v 4712 9 5
v 4713 44 25
v 4714 85 46
v 4715 76 40
v 4716 43 23
v 4717 32 17
v 4718 19 11
v 4719 14 6
v 4720 49 21
v 4721 2 2
v 4722 9 5
v 4727 78 44
v 4728 40 17
v 4729 38 19
v 4731 105 56
v 4734 15 9
v 4736 47 22
v 4737 28 12
v 4739 63 41
v 4743 44 27
v 4744 10 6
v 4745 10 6
v 4746 8 4
v 4753 27 15
v 4763 29 13
v 4884 26 9
v 4885 93 37
v 4886 10 4
v 4887 7 5
v 4889 87 41
v 4890 43 27
v 4891 18 9
v 4892 31 15
v 4893 38 20
v 4894 23 8
v 4895 34 16
v 4896 3 2
v 4897 40 17
v 4898 10 5
v 4899 7 1
v 4900 54 19
v 4901 10 4
v 4902 14 2
v 4903 24 17
v 4904 2 0
v 4905 21 10
v 4906 4 4
v 4907 9 5
v 4908 4 3
v 4909 4 1
v 4910 29 16
v 4911 14 6
v 4912 54 26
v 4913 39 17
v 4914 21 13
v 4915 43 18
v 4916 4 3
v 4917 46 26
v 4918 74 35
v 4919 83 44
v 4920 10 6
v 4921 5 2
v 4922 12 6
v 4923 10 4
v 4924 53 25
v 4925 8 4
v 4926 40 12
v 4927 6 3
v 4928 13 7
v 4929 6 3
v 4930 2 1
v 4931 25 10
v 4932 6 1
v 4933 57 25
v 4934 21 5
v 4935 62 27
v 4936 10 7
v 4937 8 4
v 4938 62 34
v 4939 16 7
v 4940 41 18
v 4941 7 3
v 4942 9 4
v 4943 26 15
v 4944 27 15
v 4945 8 4
v 4947 23 6
v 4948 18 10
v 4949 67 30
v 4950 96 46
v 4951 38 24
v 4952 17 8
v 4953 1 1
v 4954 55 20
v 4955 18 6
v 4956 2 2
v 4957 29 10
v 4958 12 8
v 4959 3 2
v 4960 62 28
v 4961 16 9
v 4962 35 11
v 4963 12 9
v 4964 73 41
v 4965 40 19
v 4966 1 1
v 4967 6 3
v 4968 11 4
v 4969 58 28
v 4970 99 36
v 4971 59 25
v 4972 62 37
v 4973 33 17
v 4974 19 8
v 4975 17 10
v 4976 81 30
v 4977 7 4
v 4978 5 2
v 4983 89 36
v 4984 65 37
v 4985 43 24
v 4987 133 64
v 4990 30 15
v 4992 72 41
v 4993 17 9
v 4995 63 31
v 4999 57 26
v 5000 11 6
v 5001 10 4
v 5002 5 2
v 5009 46 21
v 5019 39 18
v 5141 27 11
v 5142 12 7
v 5143 7 2
v 5145 62 25
v 5146 50 26
v 5147 16 9
v 5148 18 7
v 5149 16 5
v 5150 12 7
v 5151 21 9
v 5152 1 0
v 5153 8 3
v 5154 3 2
v 5155 8 4
v 5156 26 10
v 5157 7 6
v 5158 6 2
v 5159 8 6
v 5160 7 5
v 5161 15 5
v 5162 1 0
v 5163 9 7
v 5164 4 1
v 5166 8 4
v 5167 10 6
v 5168 30 15
v 5169 17 8
v 5170 6 5
v 5171 20 7
v 5172 4 0
v 5173 23 8
v 5174 38 17
v 5175 19 6
v 5176 13 7
v 5178 8 4
v 5179 4 4
v 5180 28 12
v 5181 2 0
v 5182 21 8
v 5183 6 3
v 5184 16 7
v 5185 2 2
v 5186 1 1
v 5187 15 8
v 5188 3 2
v 5189 52 29
v 5190 17 13
v 5191 29 15
v 5192 2 0
v 5193 4 2
v 5194 38 19
v 5195 8 3
v 5196 12 4
v 5197 5 2
v 5198 9 3
v 5199 11 7
v 5200 7 4
v 5201 2 0
v 5202 1 0
v 5203 19 10
v 5204 19 7
v 5205 38 18
v 5206 53 23
v 5207 29 17
v 5208 9 4
v 5209 2 0
v 5210 18 9
v 5211 9 3
v 5213 13 6
v 5214 2 1
v 5215 2 0
v 5216 15 6
v 5217 12 4
v 5218 20 12
v 5219 3 1
v 5220 36 14
v 5221 20 14
v 5222 3 1
v 5223 2 1
v 5224 6 4
v 5225 17 10
v 5226 35 24
v 5227 26 11
v 5228 32 16
v 5229 18 8
v 5230 18 9
v 5231 16 8
v 5232 32 13
v 5233 5 0
v 5234 4 2
v 5239 38 13
v 5240 29 12
v 5241 24 15
v 5243 46 21
v 5246 12 6
v 5248 43 23
v 5249 17 13
v 5251 25 13
v 5255 36 17
v 5256 6 2
v 5257 6 3
v 5258 6 4
v 5265 8 4
v 5275 9 3
v 5398 18 7
v 5399 22 10
v 5401 138 68
v 5402 82 43
v 5403 19 10
v 5404 86 45
v 5405 48 23
v 5406 44 19
v 5407 59 33
v 5408 9 3
v 5409 32 19
v 5410 16 9
v 5411 15 9
v 5412 89 44
v 5413 10 4
v 5414 29 10
v 5415 34 20
v 5416 2 1
v 5417 22 10
v 5418 11 5
v 5419 25 14
v 5420 10 6
v 5421 9 6
v 5422 34 14
v 5423 50 25
v 5424 95 48
v 5425 73 40
v 5426 21 10
v 5427 94 46
v 5428 9 4
v 5429 59 26
v 5430 149 78
v 5431 103 54
v 5432 36 27
v 5433 3 3
v 5434 22 15
v 5435 18 10
v 5436 66 34
v 5437 1 1
v 5438 82 33
v 5439 9 2
v 5440 31 18
v 5441 20 7
v 5442 6 1
v 5443 35 16
v 5444 9 6
v 5445 88 55
v 5446 28 16
v 5447 80 41
v 5448 16 9
v 5449 13 8
v 5450 87 51
v 5451 29 18
v 5452 41 23
v 5453 18 6
v 5454 23 12
v 5455 44 17
v 5456 49 23
v 5457 5 4
v 5458 9 5
v 5459 43 21
v 5460 41 19
v 5461 129 66
v 5462 182 97
v 5463 76 44
v 5464 24 11
v 5465 11 3
v 5466 76 33
v 5467 36 21
v 5468 6 3
v 5469 40 18
v 5470 4 3
v 5471 10 3
v 5472 129 69
v 5473 23 16
v 5474 50 23
v 5475 4 3
v 5476 102 56
v 5477 41 21
v 5478 5 3
v 5479 10 6
v 5480 16 9
v 5481 70 40
v 5482 135 61
v 5483 101 54
v 5484 99 65
v 5485 54 32
v 5486 43 20
v 5487 22 16
v 5488 136 50
v 5489 13 7
v 5490 11 9
v 5495 164 82
v 5496 78 39
v 5497 58 36
v 5499 188 114
v 5502 45 24
v 5504 115 69
v 5505 38 20
v 5507 99 48
v 5511 105 58
v 5512 13 9
v 5513 27 14
v 5514 20 11
v 5521 64 39
v 5531 46 17
v 5655 5 2
v 5657 18 7
v 5658 22 12
v 5659 5 2
v 5660 9 6
v 5661 15 8
v 5662 4 1
v 5663 8 3
v 5664 2 0
v 5665 4 1
v 5666 2 1
v 5667 7 3
v 5668 18 5
v 5669 15 5
v 5670 3 1
v 5671 6 3
v 5673 2 1
v 5674 1 0
v 5675 6 1
v 5676 2 1
v 5677 3 2
v 5678 6 3
v 5679 7 5
v 5680 16 9
v 5681 12 7
v 5682 7 3
v 5683 8 4
v 5684 3 2
v 5685 9 4
v 5686 21 11
v 5687 12 6
v 5688 3 2
v 5689 1 0
v 5690 5 2
v 5691 3 3
v 5692 14 9
v 5693 3 2
v 5694 13 6
v 5695 1 1
v 5696 3 1
v 5697 2 2
v 5698 1 1
v 5699 9 4
v 5700 2 2
v 5701 18 8
v 5702 8 2
v 5703 24 10
v 5704 2 2
v 5705 2 2
v 5706 20 11
v 5707 9 7
v 5708 10 7
v 5709 4 1
v 5710 6 2
v 5711 5 1
v 5712 8 3
v 5713 1 1
v 5714 3 2
v 5715 10 3
v 5716 13 9
v 5717 20 9
v 5718 29 13
v 5719 11 7
v 5720 2 1
v 5722 13 4
v 5723 11 4
v 5724 1 1
v 5725 9 7
v 5727 4 0
v 5728 14 7
v 5729 4 4
v 5730 8 7
v 5731 6 3
v 5732 10 4
v 5733 12 9
v 5735 1 1
v 5736 5 3
v 5737 7 4
v 5738 7 2
v 5739 14 9
v 5740 22 14
v 5741 11 6
v 5742 11 5
v 5743 1 1
v 5744 20 9
v 5745 1 0
v 5746 6 4
v 5751 17 10
v 5752 8 2
v 5753 16 4
v 5755 27 18
v 5758 7 3
v 5760 22 11
v 5761 8 2
v 5763 7 3
v 5767 13 6
v 5768 8 5
v 5769 7 2
v 5770 7 4
v 5777 5 1
v 5787 3 2
v 5913 21 13
v 5914 27 17
v 5915 4 3
v 5916 8 1
v 5917 8 4
v 5918 11 7
v 5919 11 8
v 5920 4 1
v 5921 9 5
v 5922 4 1
v 5923 4 1
v 5924 17 8
v 5925 7 4
v 5926 6 5
v 5927 5 3
v 5928 2 0
v 5929 4 3
v 5930 1 1
v 5931 2 1
v 5932 1 0
v 5933 2 1
v 5934 7 4
v 5935 3 2
v 5936 15 7
v 5937 5 1
v 5938 3 2
v 5939 12 4
v 5941 12 6
v 5942 23 10
v 5943 18 8
v 5944 7 5
v 5946 1 1
v 5947 1 0
v 5948 17 9
v 5949 2 2
v 5950 10 3
v 5952 5 2
v 5953 1 1
v 5955 15 11
v 5957 13 3
v 5958 5 4
v 5959 7 6
v 5960 2 2
v 5961 4 0
v 5962 33 18
v 5963 5 2
v 5964 5 0
v 5965 3 0
v 5966 2 0
v 5967 8 4
v 5968 3 2
v 5969 2 2
v 5971 3 2
v 5972 8 2
v 5973 17 7
v 5974 38 14
v 5975 14 8
v 5976 5 2
v 5978 14 8
v 5979 9 5
v 5980 1 0
v 5981 6 1
v 5982 4 3
v 5983 1 0
v 5984 16 10
v 5985 3 1
v 5986 14 8
v 5987 1 1
v 5988 21 13
v 5989 6 5
v 5991 1 0
v 5992 5 1
v 5993 17 10
v 5994 14 7
v 5995 18 10
v 5996 19 10
v 5997 5 2
v 5998 6 3
v 5999 4 2
v 6000 17 5
v 6002 6 1
v 6007 17 7
v 6008 8 6
v 6009 10 7
v 6011 26 10
v 6014 2 1
v 6016 29 17
v 6017 5 3
v 6019 19 7
v 6023 17 9
v 6024 3 2
v 6025 3 3
v 6026 4 2
v 6033 9 4
v 6043 9 2
v 6426 86 50
v 6427 24 11
v 6428 61 29
v 6429 54 24
v 6430 35 20
v 6431 53 28
v 6432 9 5
v 6433 36 16
v 6434 19 7
v 6435 24 14
v 6436 80 38
v 6437 16 5
v 6438 26 12
v 6439 25 19
v 6440 6 4
v 6441 23 16
v 6442 10 5
v 6443 32 16
v 6444 11 4
v 6445 6 2
v 6446 43 24
v 6447 21 14
v 6448 71 31
v 6449 101 54
v 6450 25 14
v 6451 80 43
v 6452 9 5
v 6453 69 37
v 6454 131 74
v 6455 85 43
v 6456 34 16
v 6457 3 1
v 6458 24 11
v 6459 11 6
v 6460 60 32
v 6461 9 3
v 6462 55 16
v 6463 11 3
v 6464 34 20
v 6465 17 12
v 6466 2 1
v 6467 56 26
v 6468 9 4
v 6469 77 36
v 6470 29 17
v 6471 68 33
v 6472 15 9
v 6473 12 5
v 6474 124 56
v 6475 21 11
v 6476 57 23
v 6477 30 13
v 6478 20 10
v 6479 42 24
v 6480 33 17
v 6481 2 2
v 6482 4 3
v 6483 53 18
v 6484 53 21
v 6485 145 82
v 6486 196 91
v 6487 62 34
v 6488 22 11
v 6489 4 2
v 6490 76 27
v 6491 29 11
v 6492 7 3
v 6493 21 8
v 6494 9 6
v 6495 6 1
v 6496 117 63
v 6497 26 13
v 6498 42 21
v 6499 9 6
v 6500 105 54
v 6501 55 27
v 6502 8 5
v 6503 7 3
v 6504 16 6
v 6505 89 48
v 6506 128 49
v 6507 133 66
v 6508 124 70
v 6509 53 26
v 6510 61 39
v 6511 21 9
v 6512 142 51
v 6513 19 8
v 6514 5 3
v 6519 142 59
v 6520 99 50
v 6521 59 33
v 6523 182 96
v 6526 34 18
v 6528 103 63
v 6529 49 30
v 6531 78 46
v 6535 109 51
v 6536 19 7
v 6537 19 12
v 6538 13 9
v 6545 44 22
v 6555 39 21
v 6683 36 16
v 6684 43 20
v 6685 33 12
v 6686 35 20
v 6687 55 25
v 6688 6 2
v 6689 23 9
v 6690 13 5
v 6691 14 6
v 6692 50 25
v 6693 14 9
v 6694 19 7
v 6695 27 15
v 6696 5 0
v 6697 16 7
v 6698 7 6
v 6699 17 5
v 6700 4 1
v 6701 7 3
v 6702 21 11
v 6703 24 10
v 6704 68 25
v 6705 49 21
v 6706 11 3
v 6707 47 22
v 6708 9 6
v 6709 38 20
v 6710 92 46
v 6711 73 24
v 6712 18 8
v 6713 8 2
v 6714 15 8
v 6715 9 4
v 6716 48 17
v 6717 2 1
v 6718 40 11
v 6719 11 3
v 6720 17 10
v 6721 9 2
v 6722 2 1
v 6723 32 16
v 6724 13 7
v 6725 58 28
v 6726 23 10
v 6727 64 30
v 6728 10 3
v 6729 8 4
v 6730 83 24
v 6731 26 8
v 6732 29 10
v 6733 17 9
v 6734 26 10
v 6735 31 19
v 6736 20 8
v 6737 7 6
v 6738 3 2
v 6739 47 16
v 6740 61 26
v 6741 73 32
v 6742 162 63
v 6743 58 30
v 6744 19 6
v 6745 7 4
v 6746 47 15
v 6747 17 3
v 6748 4 1
v 6749 28 9
v 6750 11 6
v 6751 7 3
v 6752 78 37
v 6753 18 4
v 6754 25 12
v 6755 7 2
v 6756 91 43
v 6757 29 16
v 6758 3 3
v 6759 4 1
v 6760 10 3
v 6761 59 30
v 6762 86 39
v 6763 57 28
v 6764 71 33
v 6765 43 13
v 6766 35 17
v 6767 20 6
v 6768 86 39
v 6769 5 2
v 6770 9 5
v 6775 106 43
v 6776 69 34
v 6777 42 17
v 6779 134 59
v 6782 31 15
v 6784 88 44
v 6785 27 15
v 6787 68 35
v 6791 91 41
v 6792 14 7
v 6793 17 8
v 6794 23 12
v 6801 44 18
v 6811 33 7
v 6940 16 10
v 6941 20 7
v 6942 13 5
v 6943 23 12
v 6944 3 1
v 6945 4 2
v 6946 2 1
v 6947 7 3
v 6948 23 15
v 6949 8 3
v 6950 11 6
v 6951 10 6
v 6952 1 0
v 6953 3 2
v 6954 4 1
v 6955 11 4
v 6956 4 2
v 6957 2 0
v 6958 8 5
v 6959 7 3
v 6960 23 11
v 6961 11 3
v 6962 6 3
v 6963 14 7
v 6964 4 1
v 6965 22 8
v 6966 32 18
v 6967 18 8
v 6968 2 2
v 6970 3 1
v 6971 2 1
v 6972 17 5
v 6974 11 6
v 6975 3 1
v 6976 8 6
v 6977 4 2
v 6978 1 1
v 6979 10 7
v 6980 2 0
v 6981 20 10
v 6982 9 4
v 6983 28 14
v 6984 2 0
v 6985 2 1
v 6986 28 14
v 6987 12 6
v 6988 13 4
v 6989 6 2
v 6990 8 5
v 6991 9 5
v 6992 7 3
v 6993 4 1
v 6994 1 0
v 6995 15 9
v 6996 9 8
v 6997 33 17
v 6998 55 22
v 6999 17 13
v 7000 13 4
v 7002 9 5
v 7003 14 7
v 7004 1 0
v 7005 7 4
v 7006 4 2
v 7007 5 2
v 7008 21 12
v 7009 3 1
v 7010 10 3
v 7011 5 4
v 7012 30 12
v 7013 12 7
v 7014 1 0
v 7015 2 0
v 7016 1 1
v 7017 19 12
v 7018 30 16
v 7019 22 9
v 7020 26 13
v 7021 13 5
v 7022 11 8
v 7023 3 3
v 7024 20 7
v 7025 3 1
v 7026 6 3
v 7031 24 11
v 7032 22 8
v 7033 24 13
v 7035 37 17
v 7038 7 4
v 7040 26 20
v 7041 11 4
v 7043 23 10
v 7047 37 15
v 7048 6 3
v 7049 8 4
v 7050 7 3
v 7057 16 8
v 7067 14 8
v 7197 35 18
v 7198 16 10
v 7199 35 21
v 7200 5 2
v 7201 15 5
v 7202 8 5
v 7203 4 4
v 7204 48 23
v 7205 8 5
v 7206 19 10
v 7207 25 14
v 7208 4 1
v 7209 7 2
v 7210 5 4
v 7211 11 4
v 7212 4 3
v 7213 2 2
v 7214 18 10
v 7215 18 8
v 7216 42 19
v 7217 30 16
v 7218 6 2
v 7219 32 15
v 7220 8 5
v 7221 33 18
v 7222 88 47
v 7223 57 24
v 7224 9 5
v 7225 2 2
v 7226 14 8
v 7227 3 2
v 7228 46 28
v 7229 3 2
v 7230 59 21
v 7231 7 3
v 7232 21 11
v 7233 8 5
v 7234 1 1
v 7235 14 6
v 7236 6 3
v 7237 44 18
v 7238 5 3
v 7239 47 21
v 7240 4 3
v 7241 2 2
v 7242 50 26
v 7243 15 9
v 7244 26 14
v 7245 11 2
v 7246 18 7
v 7247 21 12
v 7248 32 21
v 7249 5 3
v 7250 3 2
v 7251 30 14
v 7252 22 11
v 7253 73 35
v 7254 109 44
v 7255 45 25
v 7256 19 10
v 7257 6 4
v 7258 39 22
v 7259 26 15
v 7260 6 4
v 7261 14 8
v 7262 8 6
v 7263 9 4
v 7264 66 36
v 7265 15 9
v 7266 24 7
v 7267 2 1
v 7268 59 29
v 7269 25 15
v 7270 3 3
v 7271 6 4
v 7272 6 4
v 7273 50 21
v 7274 93 50
v 7275 88 35
v 7276 78 53
v 7277 71 29
v 7278 23 12
v 7279 18 12
v 7280 51 23
v 7281 4 1
v 7282 3 2
v 7287 69 29
v 7288 38 15
v 7289 33 21
v 7291 116 62
v 7294 23 16
v 7296 64 37
v 7297 17 10
v 7299 51 27
v 7303 67 37
v 7304 8 2
v 7305 20 10
v 7306 17 4
v 7313 16 5
v 7323 36 12
v 7454 17 13
v 7455 17 11
v 7456 2 1
v 7457 9 4
v 7458 7 4
v 7459 12 7
v 7460 28 11
v 7461 4 1
v 7462 11 5
v 7463 14 7
v 7464 6 5
v 7465 9 4
v 7466 2 1
v 7467 9 3
v 7468 5 2
v 7469 5 4
v 7470 15 9
v 7471 15 4
v 7472 34 15
v 7473 27 15
v 7474 5 5
v 7475 25 12
v 7476 4 4
v 7477 29 13
v 7478 39 22
v 7479 43 22
v 7480 9 5
v 7481 2 1
v 7482 8 3
v 7483 4 1
v 7484 35 11
v 7485 1 1
v 7486 26 15
v 7487 2 1
v 7488 14 6
v 7489 8 5
v 7490 5 3
v 7491 19 10
v 7492 6 2
v 7493 24 9
v 7494 23 12
v 7495 31 13
v 7496 6 5
v 7497 9 4
v 7498 32 18
v 7499 16 10
v 7500 16 10
v 7501 17 9
v 7502 7 4
v 7503 15 6
v 7504 15 6
v 7505 4 2
v 7506 3 3
v 7507 13 6
v 7508 24 18
v 7509 42 25
v 7510 70 39
v 7511 29 15
v 7512 11 4
v 7513 1 1
v 7514 33 15
v 7515 12 6
v 7516 2 1
v 7517 24 12
v 7518 3 3
v 7519 1 0
v 7520 41 20
v 7521 10 7
v 7522 30 14
v 7523 6 3
v 7524 48 21
v 7525 27 17
v 7526 1 1
v 7527 2 0
v 7528 4 2
v 7529 30 16
v 7530 57 25
v 7531 57 38
v 7532 60 37
v 7533 30 16
v 7534 22 7
v 7535 6 1
v 7536 55 21
v 7537 4 2
v 7538 6 2
v 7543 62 31
v 7544 37 17
v 7545 25 11
v 7547 57 32
v 7550 18 13
v 7552 48 27
v 7553 17 7
v 7555 47 23
v 7559 46 31
v 7560 8 5
v 7561 8 3
v 7562 7 3
v 7569 32 19
v 7579 29 15
v 7711 21 14
v 7712 4 1
v 7713 14 6
v 7714 2 2
v 7715 6 3
v 7716 39 19
v 7717 11 7
v 7718 13 4
v 7719 14 11
v 7720 3 2
v 7721 3 2
v 7722 5 3
v 7723 11 7
v 7724 2 0
v 7725 2 2
v 7726 11 8
v 7727 10 4
v 7728 30 13
v 7729 33 19
v 7730 6 2
v 7731 21 11
v 7732 4 4
v 7733 22 8
v 7734 40 19
v 7735 24 12
v 7736 15 7
v 7737 2 0
v 7738 14 7
v 7739 4 3
v 7740 27 16
v 7741 1 0
v 7742 14 4
v 7743 5 4
v 7744 8 4
v 7745 6 3
v 7746 2 1
v 7747 8 5
v 7748 4 3
v 7749 22 11
v 7750 16 10
v 7751 29 16
v 7752 6 1
v 7753 4 3
v 7754 35 16
v 7755 9 4
v 7756 23 11
v 7757 18 11
v 7758 14 7
v 7759 7 3
v 7760 21 12
v 7761 1 0
v 7762 1 0
v 7763 14 7
v 7764 18 8
v 7765 47 24
v 7766 56 30
v 7767 32 15
v 7768 12 6
v 7769 5 1
v 7770 18 5
v 7771 7 4
v 7772 2 2
v 7773 17 8
v 7774 7 4
v 7775 3 2
v 7776 32 16
v 7777 4 2
v 7778 27 16
v 7779 4 3
v 7780 38 20
v 7781 21 12
v 7783 3 1
v 7784 9 4
v 7785 47 22
v 7786 50 20
v 7787 38 26
v 7788 35 21
v 7789 19 13
v 7790 16 11
v 7791 12 4
v 7792 44 21
v 7793 5 1
v 7794 1 1
v 7799 60 30
v 7800 25 15
v 7801 15 6
v 7803 67 35
v 7806 12 3
v 7808 26 14
v 7809 12 7
v 7811 35 17
v 7815 42 21
v 7816 4 2
v 7817 7 5
v 7818 10 4
v 7825 23 10
v 7835 23 11
v 7968 6 5
v 7969 10 3
v 7970 5 3
v 7971 10 6
v 7972 44 19
v 7973 4 2
v 7974 16 8
v 7975 29 19
v 7976 2 1
v 7977 14 10
v 7978 4 2
v 7979 10 5
v 7980 5 4
v 7981 2 2
v 7982 22 9
v 7983 12 3
v 7984 46 22
v 7985 39 11
v 7986 10 4
v 7987 27 10
v 7988 6 2
v 7989 15 3
v 7990 64 33
v 7991 37 18
v 7992 18 6
v 7993 4 1
v 7994 9 5
v 7995 6 2
v 7996 38 23
v 7997 5 2
v 7998 35 12
v 7999 5 2
v 8000 14 5
v 8001 8 4
v 8002 4 1
v 8003 27 12
v 8004 3 1
v 8005 36 19
v 8006 13 9
v 8007 37 20
v 8008 6 3
v 8009 3 1
v 8010 48 22
v 8011 16 11
v 8012 26 11
v 8013 11 5
v 8014 16 2
v 8015 12 7
v 8016 16 5
v 8017 4 2
v 8018 6 3
v 8019 23 9
v 8020 35 14
v 8021 66 29
v 8022 99 46
v 8023 35 18
v 8024 10 5
v 8025 1 1
v 8026 25 13
v 8027 14 8
v 8028 6 1
v 8029 20 8
v 8030 5 3
v 8031 4 1
v 8032 51 26
v 8033 16 12
v 8034 13 8
v 8035 6 2
v 8036 73 32
v 8037 31 22
v 8038 3 1
v 8039 5 1
v 8040 6 5
v 8041 44 15
v 8042 58 28
v 8043 41 13
v 8044 74 40
v 8045 18 10
v 8046 31 17
v 8047 20 8
v 8048 63 17
v 8049 6 2
v 8050 9 3
v 8055 70 30
v 8056 26 12
v 8057 35 19
v 8059 89 42
v 8062 22 12
v 8064 56 23
v 8065 17 9
v 8067 37 24
v 8071 47 20
v 8072 5 2
v 8073 19 9
v 8074 3 2
v 8081 21 10
v 8091 27 11
v 8226 2 1
v 8228 2 0
v 8229 1 1
v 8231 1 1
v 8233 2 1
v 8234 1 1
v 8237 2 1
v 8238 1 1
v 8239 2 0
v 8240 6 3
v 8241 7 3
v 8243 2 1
v 8245 4 2
v 8246 8 4
v 8247 3 1
v 8248 4 2
v 8250 1 1
v 8252 3 1
v 8254 1 0
v 8255 1 1
v 8256 1 0
v 8259 3 2
v 8260 2 0
v 8261 7 4
v 8262 2 1
v 8263 5 3
v 8264 2 0
v 8265 2 2
v 8266 6 4
v 8267 1 1
v 8268 2 2
v 8270 1 1
v 8271 1 0
v 8272 1 0
v 8275 2 1
v 8276 1 1
v 8277 7 4
v 8278 5 3
v 8279 4 1
v 8280 2 0
v 8282 5 2
v 8283 2 1
v 8284 3 2
v 8285 3 0
v 8286 3 2
v 8287 1 1
v 8288 7 1
v 8289 2 1
v 8290 3 2
v 8291 1 0
v 8292 6 3
v 8293 6 2
v 8294 1 0
v 8296 1 1
v 8297 2 1
v 8298 4 0
v 8299 3 2
v 8300 5 0
v 8301 1 0
v 8302 4 2
v 8303 5 2
v 8304 4 2
v 8305 1 0
v 8306 1 1
v 8311 8 3
v 8312 2 2
v 8313 4 0
v 8315 8 2
v 8318 1 1
v 8320 2 1
v 8321 4 3
v 8323 7 4
v 8327 4 1
v 8328 1 1
v 8329 1 0
v 8330 1 0
v 8337 1 0
v 8347 3 1
v 8482 3 3
v 8483 8 5
v 8484 30 20
v 8485 16 10
v 8486 10 3
v 8487 7 5
v 8488 2 0
v 8489 5 2
v 8490 4 3
v 8491 3 3
v 8492 1 1
v 8493 3 1
v 8494 6 4
v 8495 7 7
v 8496 27 16
v 8497 25 16
v 8498 7 1
v 8499 24 17
v 8500 4 3
v 8501 6 4
v 8502 41 24
v 8503 38 25
v 8504 3 1
v 8506 11 7
v 8507 7 4
v 8508 19 13
v 8509 3 2
v 8510 19 8
v 8511 1 1
v 8512 3 2
v 8513 7 6
v 8514 3 2
v 8515 10 8
v 8516 1 1
v 8517 33 19
v 8518 8 5
v 8519 28 15
v 8520 27 17
v 8521 5 4
v 8522 28 15
v 8523 12 8
v 8524 21 13
v 8525 10 7
v 8526 11 3
v 8527 5 4
v 8528 25 12
v 8529 4 3
v 8531 16 8
v 8532 8 5
v 8533 52 29
v 8534 52 34
v 8535 24 15
v 8536 5 1
v 8537 8 2
v 8538 20 9
v 8539 15 12
v 8540 3 3
v 8541 12 7
v 8542 5 2
v 8543 3 2
v 8544 26 14
v 8545 6 5
v 8546 15 9
v 8547 11 7
v 8548 38 25
v 8549 22 16
v 8551 4 3
v 8552 8 5
v 8553 34 20
v 8554 43 23
v 8555 33 22
v 8556 28 19
v 8557 12 9
v 8558 9 4
v 8559 9 4
v 8560 32 20
v 8561 2 2
v 8562 5 4
v 8567 50 30
v 8568 22 11
v 8569 14 5
v 8571 67 40
v 8574 8 4
v 8576 27 15
v 8577 6 4
v 8579 27 19
v 8583 47 28
v 8584 6 6
v 8585 9 5
v 8586 5 2
v 8593 23 14
v 8603 18 13
v 8739 1 0
v 8740 22 10
v 8741 3 2
v 8742 6 0
v 8743 1 1
v 8744 1 1
v 8745 1 0
v 8746 2 1
v 8747 4 2
v 8748 4 3
v 8750 2 1
v 8751 4 1
v 8752 7 4
v 8753 16 8
v 8754 3 3
v 8755 11 7
v 8757 6 2
v 8758 13 5
v 8759 11 7
v 8760 3 2
v 8761 1 0
v 8762 1 0
v 8763 3 3
v 8764 11 4
v 8765 1 0
v 8766 9 3
v 8767 1 1
v 8768 10 8
v 8769 1 0
v 8770 1 1
v 8771 12 6
v 8772 4 2
v 8773 7 2
v 8774 2 2
v 8775 8 2
v 8776 1 0
v 8777 3 2
v 8778 11 6
v 8779 7 4
v 8780 5 3
v 8782 3 1
v 8783 4 3
v 8784 3 1
v 8786 2 1
v 8787 7 3
v 8788 2 1
v 8789 14 4
v 8790 12 5
v 8791 7 5
v 8792 3 2
v 8794 8 1
v 8795 4 2
v 8796 2 2
v 8797 2 0
v 8798 2 1
v 8799 2 1
v 8800 14 6
v 8801 4 1
v 8802 7 3
v 8804 17 7
v 8805 9 3
v 8806 1 0
v 8807 4 2
v 8808 4 3
v 8809 6 2
v 8810 11 7
v 8811 14 6
v 8812 16 12
v 8813 6 4
v 8814 7 7
v 8815 3 1
v 8816 9 5
v 8817 2 0
v 8823 13 7
v 8824 4 4
v 8825 5 3
v 8827 27 14
v 8830 4 2
v 8832 21 8
v 8833 4 1
v 8835 10 3
v 8839 6 4
v 8840 5 4
v 8841 9 1
v 8842 2 1
v 8849 8 5
v 8859 6 2
v 8996 21 12
v 8997 5 3
v 8998 3 3
v 8999 6 5
v 9000 3 2
v 9001 6 3
v 9002 3 0
v 9003 5 1
v 9004 4 2
v 9006 4 3
v 9007 17 9
v 9008 18 8
v 9009 7 2
v 9010 1 0
v 9011 8 3
v 9012 3 1
v 9013 9 4
v 9014 23 12
v 9015 6 2
v 9016 3 1
v 9017 1 1
v 9018 2 1
v 9019 5 3
v 9020 5 2
v 9022 8 1
v 9023 1 0
v 9024 4 3
v 9025 1 1
v 9027 7 4
v 9028 2 1
v 9029 11 5
v 9030 9 6
v 9031 7 3
v 9033 1 1
v 9034 14 9
v 9035 9 6
v 9036 18 7
v 9037 2 0
v 9038 5 1
v 9039 5 2
v 9040 4 1
v 9041 3 2
v 9043 10 2
v 9044 11 6
v 9045 26 9
v 9046 28 12
v 9047 9 4
v 9048 2 1
v 9050 6 4
v 9051 7 3
v 9052 1 1
v 9053 3 2
v 9054 5 2
v 9055 2 1
v 9056 14 10
v 9057 3 1
v 9058 5 3
v 9059 1 1
v 9060 17 5
v 9061 9 5
v 9064 2 2
v 9065 9 6
v 9066 7 1
v 9067 7 3
v 9068 21 10
v 9069 6 4
v 9070 12 6
v 9071 7 4
v 9072 19 9
v 9073 1 0
v 9079 16 7
v 9080 15 6
v 9081 18 8
v 9083 13 8
v 9086 5 3
v 9088 20 14
v 9089 9 5
v 9091 12 6
v 9095 12 8
v 9097 4 3
v 9098 2 0
v 9105 7 3
v 9115 8 5
v 9253 24 15
v 9254 17 5
v 9255 17 10
v 9256 2 1
v 9257 12 4
v 9258 11 6
v 9259 19 7
v 9260 4 2
v 9261 2 0
v 9262 18 12
v 9263 22 11
v 9264 60 32
v 9265 58 39
v 9266 14 6
v 9267 52 35
v 9268 11 7
v 9269 52 20
v 9270 89 49
v 9271 68 33
v 9272 20 11
v 9273 1 1
v 9274 11 4
v 9275 12 7
v 9276 30 14
v 9277 3 1
v 9278 64 24
v 9279 10 6
v 9280 26 16
v 9281 14 6
v 9282 2 2
v 9283 27 15
v 9284 10 7
v 9285 89 47
v 9286 14 7
v 9287 57 38
v 9288 11 6
v 9289 15 9
v 9290 62 30
v 9291 16 9
v 9292 30 15
v 9293 14 4
v 9294 14 8
v 9295 38 15
v 9296 37 24
v 9297 2 1
v 9298 7 5
v 9299 37 19
v 9300 36 18
v 9301 100 51
v 9302 109 57
v 9303 42 26
v 9304 7 4
v 9305 5 2
v 9306 56 25
v 9307 26 14
v 9308 4 2
v 9309 29 14
v 9310 6 2
v 9311 3 2
v 9312 85 41
v 9313 10 4
v 9314 49 35
v 9315 7 6
v 9316 92 43
v 9317 36 15
v 9318 4 4
v 9319 6 2
v 9320 10 7
v 9321 40 24
v 9322 112 66
v 9323 66 31
v 9324 65 38
v 9325 28 12
v 9326 37 19
v 9327 14 5
v 9328 107 48
v 9329 4 1
v 9330 6 3
v 9335 94 48
v 9336 63 34
v 9337 29 11
v 9339 116 65
v 9342 28 9
v 9344 81 45
v 9345 15 9
v 9347 78 45
v 9351 85 48
v 9352 12 9
v 9353 16 4
v 9354 70 32
v 9361 38 21
v 9371 30 12
v 9510 8 4
v 9511 6 5
v 9512 2 0
v 9513 5 4
v 9514 2 0
v 9515 1 0
v 9516 1 0
v 9517 3 1
v 9518 8 7
v 9519 3 1
v 9520 12 7
v 9521 10 4
v 9522 1 0
v 9523 9 6
v 9525 12 5
v 9526 9 5
v 9527 8 4
v 9528 2 1
v 9529 1 0
v 9530 2 0
v 9531 5 1
v 9532 9 2
v 9533 1 0
v 9534 5 1
v 9535 3 1
v 9536 3 2
v 9537 2 0
v 9539 6 1
v 9540 4 2
v 9541 9 4
v 9542 4 3
v 9543 9 5
v 9544 3 1
v 9545 1 0
v 9546 9 4
v 9547 6 6
v 9548 2 0
v 9549 2 1
v 9550 3 1
v 9551 1 0
v 9552 3 0
v 9554 2 1
v 9555 10 4
v 9556 11 3
v 9557 14 4
v 9558 23 9
v 9559 10 4
v 9560 1 0
v 9561 1 0
v 9562 10 5
v 9563 5 2
v 9565 8 1
v 9566 4 4
v 9567 3 1
v 9568 9 5
v 9569 9 2
v 9570 7 3
v 9571 3 3
v 9572 16 8
v 9573 16 5
v 9574 4 0
v 9575 2 0
v 9576 1 0
v 9577 12 8
v 9578 11 4
v 9579 14 8
v 9580 6 3
v 9581 9 5
v 9582 4 0
v 9583 3 2
v 9584 11 6
v 9585 3 1
v 9586 1 1
v 9591 16 4
v 9592 7 2
v 9593 7 1
v 9595 15 7
v 9598 7 2
v 9600 19 10
v 9601 5 4
v 9603 16 9
v 9607 9 3
v 9608 3 0
v 9609 2 1
v 9610 4 3
v 9617 4 3
v 9627 13 2
v 9767 4 3
v 9768 1 1
v 9769 3 2
v 9770 1 0
v 9771 4 2
v 9772 4 3
v 9773 2 2
v 9774 2 1
v 9775 1 1
v 9776 20 10
v 9777 11 4
v 9778 3 1
v 9779 32 19
v 9781 18 13
v 9782 35 16
v 9783 22 11
v 9784 36 19
v 9786 7 4
v 9787 3 1
v 9788 18 8
v 9789 1 0
v 9790 13 8
v 9791 3 2
v 9792 4 2
v 9793 5 2
v 9794 1 1
v 9795 8 4
v 9797 21 14
v 9798 8 4
v 9799 21 13
v 9800 13 8
v 9801 1 0
v 9802 24 15
v 9803 7 4
v 9804 14 7
v 9805 4 1
v 9806 5 2
v 9807 8 4
v 9808 9 4
v 9809 2 1
v 9810 3 2
v 9811 12 3
v 9812 8 3
v 9813 34 20
v 9814 36 18
v 9815 16 10
v 9816 5 3
v 9817 1 1
v 9818 8 5
v 9819 8 5
v 9820 1 1
v 9821 10 7
v 9822 2 0
v 9823 2 0
v 9824 30 15
v 9825 6 5
v 9826 14 4
v 9827 4 4
v 9828 19 13
v 9829 9 5
v 9830 1 1
v 9831 3 3
v 9832 6 1
v 9833 13 8
v 9834 42 27
v 9835 34 15
v 9836 33 20
v 9837 8 6
v 9838 11 4
v 9839 3 2
v 9840 19 10
v 9841 1 1
v 9842 3 2
v 9847 36 22
v 9848 19 11
v 9849 17 9
v 9851 51 28
v 9854 16 9
v 9856 27 16
v 9857 6 5
v 9859 17 11
v 9863 25 19
v 9864 1 1
v 9865 6 3
v 9866 3 1
v 9873 14 7
v 9883 20 10
v 10024 1 1
v 10025 10 3
v 10026 4 0
v 10027 13 8
v 10028 3 1
v 10030 6 2
v 10031 7 3
v 10032 17 5
v 10033 17 9
v 10034 6 1
v 10035 29 11
v 10036 8 4
v 10037 11 3
v 10038 42 17
v 10039 33 13
v 10040 6 3
v 10041 2 1
v 10042 4 0
v 10043 1 1
v 10044 17 7
v 10046 19 4
v 10047 3 2
v 10048 6 4
v 10049 8 3
v 10051 13 7
v 10052 3 2
v 10053 12 5
v 10054 1 1
v 10055 24 12
v 10056 4 3
v 10057 2 0
v 10058 33 10
v 10059 9 6
v 10060 8 4
v 10061 4 0
v 10062 9 2
v 10063 14 5
v 10064 14 3
v 10065 1 1
v 10066 6 3
v 10067 18 4
v 10068 9 2
v 10069 36 13
v 10070 41 20
v 10071 13 5
v 10072 7 3
v 10073 3 0
v 10074 21 7
v 10075 8 2
v 10076 6 3
v 10077 14 7
v 10078 3 3
v 10079 5 1
v 10080 19 9
v 10081 13 7
v 10082 18 9
v 10083 2 1
v 10084 36 19
v 10085 8 3
v 10086 4 2
v 10087 3 1
v 10088 3 1
v 10089 22 9
v 10090 23 12
v 10091 17 7
v 10092 22 10
v 10093 16 6
v 10094 11 4
v 10095 6 3
v 10096 24 8
v 10097 3 1
v 10098 5 2
v 10103 38 13
v 10104 22 7
v 10105 16 4
v 10107 40 16
v 10110 13 6
v 10112 32 17
v 10113 7 6
v 10115 29 11
v 10119 27 10
v 10120 3 0
v 10121 6 1
v 10122 2 0
v 10129 12 5
v 10139 21 8
v 10281 2 2
v 10282 1 0
v 10283 1 1
v 10284 1 1
v 10286 1 0
v 10287 4 2
v 10288 5 3
v 10289 4 2
v 10290 1 1
v 10291 5 2
v 10293 2 2
v 10294 9 3
v 10295 4 3
v 10296 1 1
v 10297 1 1
v 10299 2 1
v 10300 1 1
v 10301 1 1
v 10302 3 2
v 10303 3 1
v 10304 1 0
v 10305 1 1
v 10307 2 1
v 10309 4 2
v 10310 2 2
v 10311 4 1
v 10313 1 0
v 10314 6 4
v 10315 1 1
v 10316 2 1
v 10317 1 0
v 10318 1 0
v 10319 3 1
v 10320 2 1
v 10323 2 0
v 10324 2 0
v 10325 6 3
v 10326 10 1
v 10327 6 2
v 10328 1 0
v 10329 1 1
v 10330 5 2
v 10331 3 0
v 10332 1 1
v 10333 2 1
v 10336 4 3
v 10338 3 2
v 10339 1 1
v 10340 4 2
v 10341 1 0
v 10342 3 2
v 10343 1 1
v 10344 4 4
v 10345 4 3
v 10346 4 0
v 10347 1 0
v 10348 4 1
v 10349 4 1
v 10350 2 2
v 10351 1 0
v 10352 2 2
v 10353 1 1
v 10359 2 0
v 10360 4 1
v 10361 1 0
v 10363 6 3
v 10368 8 6
v 10369 2 1
v 10371 4 2
v 10375 2 1
v 10377 1 0
v 10378 3 2
v 10385 2 1
v 10395 3 1
v 10538 4 2
v 10539 4 1
v 10540 2 0
v 10541 2 1
v 10542 5 2
v 10543 6 4
v 10544 14 6
v 10545 8 4
v 10547 16 8
v 10548 4 1
v 10549 9 4
v 10550 40 23
v 10551 14 8
v 10552 5 2
v 10553 2 1
v 10554 3 2
v 10555 3 2
v 10556 7 2
v 10557 1 1
v 10558 10 3
v 10559 2 2
v 10560 8 5
v 10561 11 6
v 10562 2 1
v 10563 2 0
v 10564 1 1
v 10565 6 4
v 10566 8 5
v 10567 24 6
v 10568 5 1
v 10569 1 0
v 10570 19 11
v 10571 7 1
v 10572 5 1
v 10573 4 0
v 10574 8 4
v 10575 6 4
v 10576 2 1
v 10578 1 0
v 10579 8 4
v 10580 8 4
v 10581 25 7
v 10582 21 9
v 10583 11 2
v 10584 6 2
v 10586 17 6
v 10587 3 1
v 10588 5 2
v 10589 7 1
v 10591 3 2
v 10592 19 3
v 10593 6 0
v 10594 10 5
v 10596 39 22
v 10597 6 1
v 10598 1 0
v 10599 2 1
v 10600 6 2
v 10601 13 3
v 10602 18 9
v 10603 12 7
v 10604 10 5
v 10605 16 5
v 10606 12 3
v 10607 4 2
v 10608 18 7
v 10609 1 0
v 10610 3 2
v 10615 28 12
v 10616 16 8
v 10617 7 2
v 10619 34 17
v 10622 7 5
v 10624 24 12
v 10625 7 3
v 10627 17 12
v 10631 39 25
v 10632 2 2
v 10633 6 4
v 10634 4 2
v 10641 10 4
v 10651 6 4
v 10795 1 1
v 10796 2 1
v 10799 2 1
v 10800 3 1
v 10801 11 5
v 10802 2 1
v 10803 3 2
v 10804 2 0
v 10805 6 3
v 10806 9 5
v 10807 1 1
v 10808 1 1
v 10809 1 1
v 10810 2 1
v 10812 11 6
v 10813 1 0
v 10814 4 1
v 10816 2 1
v 10819 3 1
v 10820 1 0
v 10821 18 9
v 10822 1 1
v 10823 12 8
v 10824 2 0
v 10826 2 2
v 10827 4 3
v 10828 2 1
v 10829 1 0
v 10830 4 1
v 10831 5 4
v 10832 1 0
v 10834 1 1
v 10835 4 1
v 10836 3 1
v 10837 9 5
v 10838 15 5
v 10839 5 2
v 10840 2 1
v 10842 3 2
v 10843 4 1
v 10844 2 1
v 10845 4 3
v 10846 2 1
v 10847 4 0
v 10848 2 1
v 10849 6 2
v 10850 2 0
v 10852 9 5
v 10853 5 4
v 10855 2 1
v 10856 1 1
v 10857 3 3
v 10858 8 6
v 10859 6 3
v 10860 3 2
v 10861 2 1
v 10863 1 0
v 10864 10 3
v 10865 2 0
v 10866 1 0
v 10871 8 3
v 10872 3 0
v 10873 6 1
v 10875 11 5
v 10878 5 4
v 10880 7 4
v 10881 4 3
v 10883 5 1
v 10887 7 4
v 10890 2 0
v 10897 3 0
v 10907 5 2
v 11052 1 0
v 11053 1 1
v 11054 4 2
v 11055 2 1
v 11056 14 7
v 11057 17 7
v 11058 2 0
v 11059 15 8
v 11061 12 6
v 11062 26 20
v 11063 13 4
v 11064 6 5
v 11065 1 1
v 11066 3 3
v 11067 1 0
v 11068 25 12
v 11069 1 0
v 11070 13 5
v 11071 4 1
v 11072 5 3
v 11073 1 0
v 11074 2 2
v 11075 14 8
v 11076 3 1
v 11077 13 9
v 11078 4 2
v 11079 17 8
v 11080 2 2
v 11081 2 0
v 11082 12 8
v 11083 3 1
v 11084 11 6
v 11085 6 1
v 11086 7 4
v 11087 5 4
v 11088 5 1
v 11090 2 1
v 11091 12 7
v 11092 7 3
v 11093 31 10
v 11094 38 18
v 11095 10 8
v 11096 8 6
v 11097 2 1
v 11098 11 3
v 11099 5 0
v 11100 3 2
v 11101 3 3
v 11102 1 1
v 11103 2 0
v 11104 12 5
v 11105 4 2
v 11106 10 3
v 11107 1 0
v 11108 17 4
v 11109 11 5
v 11110 1 1
v 11111 1 0
v 11113 10 4
v 11114 10 4
v 11115 12 5
v 11116 26 16
v 11117 16 4
v 11118 10 6
v 11119 3 1
v 11120 11 5
v 11121 2 1
v 11127 26 6
v 11128 10 3
v 11129 7 2
v 11131 32 18
v 11134 6 4
v 11136 24 13
v 11137 4 3
v 11139 12 4
v 11143 18 11
v 11144 3 1
v 11145 4 1
v 11146 4 1
v 11153 7 5
v 11163 5 1
v 11310 1 1
v 11311 5 3
v 11312 8 4
v 11313 3 2
v 11314 2 0
v 11315 4 3
v 11316 2 0
v 11317 2 1
v 11318 9 5
v 11319 4 4
v 11321 2 1
v 11322 3 2
v 11323 1 0
v 11324 9 1
v 11325 1 0
v 11326 4 2
v 11327 1 0
v 11328 5 4
v 11329 1 1
v 11330 1 0
v 11331 4 1
v 11332 1 0
v 11333 1 1
v 11334 2 1
v 11335 6 5
v 11336 1 1
v 11338 8 3
v 11339 4 1
v 11340 5 2
v 11341 1 0
v 11343 1 0
v 11344 2 2
v 11347 6 3
v 11348 3 2
v 11349 6 2
v 11350 15 10
v 11351 7 3
v 11352 3 1
v 11353 1 0
v 11354 5 2
v 11355 3 1
v 11356 2 0
v 11357 4 2
v 11359 3 1
v 11360 5 3
v 11361 2 2
v 11362 3 1
v 11363 1 1
v 11364 7 3
v 11365 4 3
v 11366 1 1
v 11368 2 1
v 11369 7 4
v 11370 7 3
v 11371 3 2
v 11372 10 8
v 11373 2 2
v 11374 7 2
v 11375 3 2
v 11376 3 1
v 11377 1 0
v 11383 6 2
v 11384 5 3
v 11385 3 2
v 11387 11 8
v 11390 5 2
v 11392 7 6
v 11393 3 2
v 11395 12 5
v 11399 9 4
v 11400 1 0
v 11402 1 0
v 11409 2 0
v 11419 6 3
v 11566 1 1
v 11567 3 1
v 11568 4 2
v 11569 5 2
v 11571 1 1
v 11573 5 4
v 11574 8 3
v 11575 3 2
v 11576 3 3
v 11579 2 1
v 11580 3 1
v 11582 2 2
v 11583 2 0
v 11584 2 1
v 11585 1 1
v 11588 1 0
v 11589 4 3
v 11590 1 1
v 11591 4 1
v 11592 2 2
v 11593 1 1
v 11594 5 2
v 11595 2 1
v 11597 3 0
v 11598 2 1
v 11599 2 0
v 11600 4 2
v 11603 4 2
v 11604 4 1
v 11605 2 2
v 11606 8 3
v 11607 2 1
v 11608 1 0
v 11610 6 3
v 11611 2 0
v 11615 1 1
v 11616 5 2
v 11617 1 1
v 11618 3 1
v 11620 5 3
v 11621 4 0
v 11622 1 1
v 11624 1 0
v 11625 9 6
v 11626 3 0
v 11627 7 2
v 11628 8 5
v 11630 4 2
v 11631 2 1
v 11632 6 3
v 11639 13 8
v 11640 3 2
v 11641 1 0
v 11643 7 2
v 11646 2 1
v 11648 2 0
v 11649 2 1
v 11651 3 1
v 11655 8 5
v 11658 5 1
v 11665 2 1
v 11675 2 1
v 11823 7 3
v 11824 30 10
v 11825 19 9
v 11826 4 2
v 11827 19 8
v 11828 4 1
v 11829 17 6
v 11830 34 13
v 11831 13 4
v 11832 6 3
v 11833 1 1
v 11834 7 4
v 11835 1 1
v 11836 11 5
v 11837 2 1
v 11838 12 4
v 11839 2 1
v 11840 8 5
v 11841 3 0
v 11843 12 4
v 11844 1 0
v 11845 16 8
v 11846 8 4
v 11847 17 7
v 11848 2 0
v 11849 3 2
v 11850 31 12
v 11851 4 2
v 11852 11 4
v 11853 6 1
v 11854 1 0
v 11855 10 7
v 11856 7 2
v 11857 2 1
v 11858 1 0
v 11859 13 5
v 11860 14 6
v 11861 24 7
v 11862 53 19
v 11863 16 9
v 11864 8 4
v 11865 1 0
v 11866 23 5
v 11867 9 1
v 11868 3 1
v 11869 6 4
v 11870 3 1
v 11871 4 1
v 11872 37 15
v 11873 8 6
v 11874 20 10
v 11875 2 1
v 11876 26 10
v 11877 17 9
v 11878 1 0
v 11879 2 0
v 11880 4 2
v 11881 25 10
v 11882 22 8
v 11883 24 8
v 11884 18 6
v 11885 13 2
v 11886 10 4
v 11887 4 1
v 11888 23 5
v 11890 3 1
v 11895 30 10
v 11896 19 9
v 11897 12 6
v 11899 41 22
v 11902 7 4
v 11904 23 15
v 11905 7 4
v 11907 23 11
v 11911 24 10
v 11912 3 1
v 11913 5 4
v 11914 4 0
v 11921 8 4
v 11931 15 2
v 12080 25 13
v 12081 17 9
v 12082 3 2
v 12083 26 14
v 12084 4 3
v 12085 23 11
v 12086 36 19
v 12087 26 17
v 12088 5 2
v 12089 3 2
v 12090 13 6
v 12091 13 8
v 12092 20 12
v 12093 1 1
v 12094 15 5
v 12095 2 2
v 12096 7 5
v 12097 4 1
v 12098 4 1
v 12099 9 8
v 12100 2 1
v 12101 23 11
v 12102 8 4
v 12103 21 11
v 12104 3 2
v 12105 6 4
v 12106 27 17
v 12107 7 4
v 12108 16 13
v 12109 2 0
v 12110 2 0
v 12111 9 3
v 12112 10 6
v 12113 3 1
v 12114 1 1
v 12115 14 4
v 12116 8 5
v 12117 37 17
v 12118 46 21
v 12119 20 16
v 12120 8 4
v 12121 2 1
v 12122 19 9
v 12123 19 15
v 12124 2 2
v 12125 12 6
v 12126 1 1
v 12127 1 1
v 12128 24 6
v 12129 5 4
v 12130 15 6
v 12131 10 6
v 12132 19 9
v 12133 7 6
v 12134 2 1
v 12135 3 3
v 12136 3 0
v 12137 23 15
v 12138 37 16
v 12139 20 9
v 12140 28 17
v 12141 11 4
v 12142 14 10
v 12143 5 2
v 12144 35 15
v 12145 1 0
v 12146 5 2
v 12151 37 18
v 12152 16 10
v 12153 12 5
v 12155 38 18
v 12158 8 5
v 12160 31 15
v 12161 10 8
v 12163 16 8
v 12167 25 15
v 12168 5 2
v 12169 7 4
v 12170 4 1
v 12177 16 7
v 12187 9 7
v 12337 53 31
v 12338 11 6
v 12339 52 27
v 12340 7 3
v 12341 35 20
v 12342 78 37
v 12343 29 10
v 12344 13 7
v 12345 6 1
v 12346 20 7
v 12347 14 6
v 12348 62 27
v 12349 7 4
v 12350 38 13
v 12351 6 3
v 12352 19 10
v 12353 6 4
v 12354 5 2
v 12355 36 18
v 12356 11 9
v 12357 42 19
v 12358 10 6
v 12359 52 31
v 12360 8 4
v 12361 4 2
v 12362 56 27
v 12363 17 11
v 12364 28 18
v 12365 17 5
v 12366 31 12
v 12367 25 14
v 12368 18 11
v 12369 6 2
v 12370 7 4
v 12371 34 14
v 12372 26 11
v 12373 89 48
v 12374 121 59
v 12375 53 25
v 12376 15 5
v 12377 4 1
v 12378 56 25
v 12379 35 20
v 12380 7 4
v 12381 27 9
v 12382 8 6
v 12383 9 2
v 12384 52 32
v 12385 10 7
v 12386 39 23
v 12387 8 5
v 12388 85 48
v 12389 20 10
v 12390 4 1
v 12391 2 1
v 12392 12 8
v 12393 60 29
v 12394 90 39
v 12395 54 29
v 12396 74 42
v 12397 42 23
v 12398 28 10
v 12399 16 5
v 12400 77 40
v 12401 9 5
v 12402 8 6
v 12407 83 40
v 12408 56 22
v 12409 37 14
v 12411 112 59
v 12414 27 12
v 12416 73 35
v 12417 19 8
v 12419 59 30
v 12423 74 33
v 12424 10 7
v 12425 18 7
v 12426 20 12
v 12433 46 22
v 12443 36 15
v 12594 16 8
v 12595 45 25
v 12596 7 5
v 12597 37 12
v 12598 73 39
v 12599 57 27
v 12600 16 12
v 12601 2 1
v 12602 9 3
v 12603 5 2
v 12604 45 24
v 12605 2 1
v 12606 44 14
v 12607 7 2
v 12608 14 6
v 12609 4 1
v 12610 4 1
v 12611 19 8
v 12612 7 6
v 12613 54 31
v 12614 27 16
v 12615 47 26
v 12616 12 6
v 12617 2 2
v 12618 44 19
v 12619 13 4
v 12620 37 23
v 12621 15 7
v 12622 12 6
v 12623 21 13
v 12624 28 11
v 12625 6 4
v 12626 4 1
v 12627 12 8
v 12628 16 8
v 12629 49 21
v 12630 102 46
v 12631 36 15
v 12632 18 9
v 12633 4 1
v 12634 34 12
v 12635 13 5
v 12636 1 0
v 12637 25 11
v 12638 5 5
v 12639 4 4
v 12640 53 24
v 12641 19 11
v 12642 48 23
v 12643 6 5
v 12644 61 36
v 12645 36 17
v 12646 4 3
v 12647 7 2
v 12648 5 4
v 12649 49 22
v 12650 88 41
v 12651 40 21
v 12652 56 30
v 12653 40 21
v 12654 26 12
v 12655 15 9
v 12656 76 37
v 12657 7 2
v 12658 5 2
v 12663 82 46
v 12664 42 21
v 12665 16 12
v 12667 98 51
v 12670 20 12
v 12672 58 33
v 12673 16 12
v 12675 58 31
v 12679 52 29
v 12680 5 3
v 12681 18 7
v 12682 10 4
v 12689 26 14
v 12699 31 12
v 12851 8 6
v 12852 1 1
v 12853 10 6
v 12854 25 13
v 12855 18 8
v 12856 2 2
v 12857 1 0
v 12858 7 1
v 12859 6 3
v 12860 7 4
v 12862 13 8
v 12863 3 0
v 12864 7 3
v 12865 2 1
v 12866 2 0
v 12867 6 3
v 12868 5 1
v 12869 12 8
v 12870 6 2
v 12871 10 4
v 12872 4 1
v 12873 1 0
v 12874 13 7
v 12875 1 0
v 12876 8 6
v 12877 2 1
v 12878 7 2
v 12879 5 2
v 12880 6 4
v 12881 2 2
v 12882 2 1
v 12883 5 1
v 12884 4 3
v 12885 22 14
v 12886 22 10
v 12887 18 11
v 12888 7 3
v 12889 1 0
v 12890 10 4
v 12891 3 3
v 12892 2 1
v 12893 7 1
v 12895 1 0
v 12896 12 6
v 12897 3 2
v 12898 4 3
v 12900 7 3
v 12901 8 4
v 12903 1 0
v 12904 2 1
v 12905 17 8
v 12906 17 8
v 12907 11 5
v 12908 21 12
v 12909 7 6
v 12910 9 3
v 12911 3 1
v 12912 26 9
v 12913 2 0
v 12914 7 3
v 12919 32 14
v 12920 16 9
v 12921 10 7
v 12923 27 13
v 12926 6 2
v 12928 7 3
v 12929 3 2
v 12931 7 5
v 12935 13 3
v 12936 2 0
v 12937 3 2
v 12938 3 2
v 12945 12 7
v 12955 12 5
v 13108 6 4
v 13109 46 19
v 13110 75 35
v 13111 61 23
v 13112 25 12
v 13113 3 3
v 13114 15 7
v 13115 14 7
v 13116 49 31
v 13117 3 1
v 13118 51 14
v 13119 7 4
v 13120 21 10
v 13121 13 6
v 13122 3 1
v 13123 32 12
v 13124 6 5
v 13125 69 36
v 13126 13 7
v 13127 52 22
v 13128 14 7
v 13129 6 2
v 13130 66 29
v 13131 14 9
v 13132 25 16
v 13133 22 9
v 13134 19 4
v 13135 27 13
v 13136 25 10
v 13137 6 3
v 13138 4 2
v 13139 40 10
v 13140 24 10
v 13141 87 50
v 13142 97 48
v 13143 40 20
v 13144 10 7
v 13145 2 1
v 13146 51 22
v 13147 21 9
v 13148 8 5
v 13149 30 10
v 13150 3 1
v 13151 5 2
v 13152 64 21
v 13153 13 8
v 13154 34 13
v 13155 4 3
v 13156 90 45
v 13157 26 13
v 13158 1 1
v 13159 2 0
v 13160 5 3
v 13161 64 28
v 13162 97 42
v 13163 65 26
v 13164 72 49
v 13165 45 19
v 13166 28 12
v 13167 13 6
v 13168 99 45
v 13169 4 3
v 13170 11 6
v 13175 109 54
v 13176 56 30
v 13177 39 20
v 13179 147 77
v 13182 22 12
v 13184 64 29
v 13185 14 10
v 13187 69 31
v 13191 58 34
v 13192 7 3
v 13193 12 5
v 13194 12 8
v 13201 40 20
v 13211 29 10
v 13365 5 2
v 13366 10 6
v 13367 5 3
v 13368 1 0
v 13369 1 1
v 13370 2 1
v 13371 2 1
v 13372 5 3
v 13373 1 1
v 13374 7 4
v 13375 2 1
v 13376 1 1
v 13378 3 0
v 13379 1 1
v 13380 3 2
v 13381 8 3
v 13382 1 0
v 13383 10 5
v 13384 1 1
v 13386 9 2
v 13387 3 3
v 13388 2 0
v 13389 3 0
v 13390 1 0
v 13391 1 0
v 13392 1 0
v 13393 1 0
v 13395 6 2
v 13396 5 3
v 13397 5 1
v 13398 11 6
v 13399 6 3
v 13400 3 1
v 13401 2 1
v 13402 7 1
v 13403 1 1
v 13405 8 4
v 13407 1 0
v 13408 8 3
v 13409 4 2
v 13410 5 4
v 13411 2 1
v 13412 11 6
v 13413 2 0
v 13414 2 0
v 13415 2 0
v 13416 1 0
v 13417 2 1
v 13418 10 3
v 13419 6 4
v 13420 12 8
v 13421 3 2
v 13422 7 1
v 13424 9 4
v 13425 1 0
v 13431 15 7
v 13432 6 5
v 13433 6 4
v 13435 16 5
v 13438 2 1
v 13440 13 6
v 13441 2 1
v 13443 6 4
v 13447 11 6
v 13448 2 1
v 13449 3 0
v 13450 2 0
v 13457 8 2
v 13467 4 1
v 13622 62 32
v 13623 38 12
v 13624 23 17
v 13625 3 1
v 13626 17 10
v 13627 9 3
v 13628 29 15
v 13629 4 2
v 13630 37 9
v 13631 5 2
v 13632 14 6
v 13633 9 6
v 13635 21 13
v 13636 2 1
v 13637 59 32
v 13638 7 5
v 13639 39 21
v 13640 7 4
v 13641 4 3
v 13642 41 21
v 13643 17 11
v 13644 21 11
v 13645 9 7
v 13646 7 2
v 13647 13 8
v 13648 31 17
v 13649 4 0
v 13650 5 2
v 13651 23 9
v 13652 24 11
v 13653 87 45
v 13654 100 54
v 13655 27 16
v 13656 9 4
v 13657 1 0
v 13658 28 16
v 13659 23 12
v 13660 2 1
v 13661 19 8
v 13662 3 1
v 13663 7 4
v 13664 48 22
v 13665 6 4
v 13666 35 15
v 13667 6 2
v 13668 49 24
v 13669 24 14
v 13670 3 2
v 13671 8 3
v 13672 3 2
v 13673 40 15
v 13674 75 36
v 13675 42 24
v 13676 59 33
v 13677 38 26
v 13678 23 7
v 13679 11 5
v 13680 77 40
v 13681 3 0
v 13682 10 5
v 13687 76 40
v 13688 43 23
v 13689 18 8
v 13691 98 46
v 13694 22 12
v 13696 56 29
v 13697 19 7
v 13699 41 24
v 13703 47 24
v 13704 10 5
v 13705 15 8
v 13706 10 5
v 13713 29 15
v 13723 29 11
v 13879 79 39
v 13880 35 19
v 13881 2 1
v 13882 23 13
v 13883 14 6
v 13884 50 25
v 13885 5 1
v 13886 67 29
v 13887 19 8
v 13888 27 14
v 13889 10 6
v 13890 2 1
v 13891 44 23
v 13892 9 5
v 13893 80 31
v 13894 45 21
v 13895 88 44
v 13896 11 6
v 13897 3 1
v 13898 90 45
v 13899 38 19
v 13900 56 24
v 13901 10 5
v 13902 18 10
v 13903 42 22
v 13904 50 18
v 13905 7 5
v 13906 4 2
v 13907 72 23
v 13908 37 20
v 13909 149 80
v 13910 231 114
v 13911 69 37
v 13912 31 18
v 13913 11 6
v 13914 66 30
v 13915 38 15
v 13916 3 2
v 13917 53 26
v 13918 20 14
v 13919 12 3
v 13920 177 80
v 13921 22 13
v 13922 50 23
v 13923 9 3
v 13924 110 56
v 13925 53 27
v 13926 4 2
v 13927 3 1
v 13928 12 6
v 13929 109 54
v 13930 153 87
v 13931 110 47
v 13932 192 116
v 13933 80 48
v 13934 62 38
v 13935 27 14
v 13936 115 38
v 13937 8 3
v 13938 14 5
v 13943 151 67
v 13944 78 36
v 13945 45 22
v 13947 193 96
v 13950 38 23
v 13952 117 70
v 13953 37 28
v 13955 108 55
v 13959 101 53
v 13960 18 11
v 13961 29 15
v 13962 11 6
v 13969 53 15
v 13979 69 29
v 14136 23 14
v 14137 3 2
v 14138 24 11
v 14139 16 7
v 14140 40 24
v 14141 2 0
v 14142 36 12
v 14143 7 2
v 14144 14 10
v 14145 10 4
v 14146 4 2
v 14147 16 10
v 14148 5 3
v 14149 78 41
v 14150 17 9
v 14151 44 24
v 14152 10 6
v 14153 11 5
v 14154 72 34
v 14155 12 8
v 14156 43 27
v 14157 17 6
v 14158 24 13
v 14159 26 11
v 14160 29 15
v 14161 4 2
v 14162 4 3
v 14163 32 14
v 14164 20 9
v 14165 89 57
v 14166 129 72
v 14167 47 27
v 14168 16 9
v 14169 2 1
v 14170 58 21
v 14171 20 6
v 14172 1 1
v 14173 26 12
v 14174 3 1
v 14175 8 4
v 14176 86 44
v 14177 13 5
v 14178 36 17
v 14179 5 3
v 14180 66 37
v 14181 24 12
v 14182 2 1
v 14184 7 5
v 14185 78 35
v 14186 114 62
v 14187 64 40
v 14188 117 69
v 14189 25 20
v 14190 43 17
v 14191 37 13
v 14192 97 49
v 14193 5 3
v 14194 14 9
v 14199 129 51
v 14200 57 34
v 14201 37 24
v 14203 153 79
v 14206 34 19
v 14208 79 42
v 14209 22 13
v 14211 60 36
v 14215 75 41
v 14216 15 7
v 14217 13 7
v 14218 9 5
v 14225 47 18
v 14235 53 15
v 14393 2 2
v 14394 10 1
v 14395 4 1
v 14396 7 3
v 14397 1 1
v 14398 13 6
v 14399 1 1
v 14400 9 3
v 14401 3 0
v 14402 2 2
v 14403 7 2
v 14404 2 1
v 14405 25 10
v 14406 7 5
v 14407 9 5
v 14408 1 0
v 14409 1 1
v 14410 21 10
v 14411 4 2
v 14412 9 3
v 14413 1 0
v 14414 4 0
v 14415 7 2
v 14416 13 6
v 14417 1 1
v 14419 10 6
v 14420 8 3
v 14421 38 20
v 14422 32 13
v 14423 7 3
v 14424 3 3
v 14425 2 1
v 14426 22 10
v 14427 4 3
v 14428 2 1
v 14429 9 4
v 14430 2 0
v 14431 1 0
v 14432 19 8
v 14433 5 1
v 14434 16 9
v 14435 3 2
v 14436 16 8
v 14437 11 3
v 14439 1 0
v 14440 2 0
v 14441 28 10
v 14442 38 19
v 14443 22 6
v 14444 19 14
v 14445 8 3
v 14446 11 5
v 14447 6 4
v 14448 16 4
v 14449 3 1
v 14450 3 1
v 14455 35 9
v 14456 19 6
v 14457 14 10
v 14459 36 19
v 14462 13 3
v 14464 20 11
v 14465 2 1
v 14467 16 9
v 14471 15 9
v 14472 3 0
v 14473 5 0
v 14474 2 0
v 14481 14 5
v 14491 16 4
v 14650 1 0
v 14651 1 0
v 14652 1 1
v 14654 3 1
v 14659 2 0
v 14661 5 1
v 14662 1 1
v 14663 2 1
v 14666 4 2
v 14667 1 0
v 14668 3 2
v 14670 2 2
v 14671 5 2
v 14672 2 1
v 14675 3 3
v 14676 2 2
v 14677 3 1
v 14678 8 5
v 14679 4 2
v 14680 1 0
v 14682 2 2
v 14683 3 1
v 14685 5 2
v 14687 2 0
v 14688 5 5
v 14689 3 1
v 14690 2 2
v 14691 1 1
v 14692 7 4
v 14693 1 1
v 14694 1 1
v 14697 3 1
v 14698 12 7
v 14699 6 2
v 14700 7 3
v 14701 4 3
v 14702 2 1
v 14703 1 0
v 14704 5 2
v 14711 7 4
v 14712 1 0
v 14713 3 3
v 14715 3 2
v 14720 2 0
v 14721 4 4
v 14723 2 1
v 14727 4 1
v 14728 2 2
v 14730 2 0
v 14737 1 1
v 14747 1 1
v 14907 4 1
v 14908 13 3
v 14909 3 0
v 14910 15 7
v 14911 2 0
v 14912 5 1
v 14913 2 0
v 14914 2 0
v 14915 9 6
v 14916 2 2
v 14917 24 9
v 14918 5 4
v 14919 11 4
v 14920 3 1
v 14921 4 4
v 14922 16 11
v 14923 3 1
v 14924 8 4
v 14925 4 2
v 14926 3 3
v 14927 5 3
v 14928 6 3
v 14930 1 0
v 14931 6 0
v 14932 6 2
v 14933 23 15
v 14934 29 14
v 14935 19 6
v 14936 8 6
v 14938 23 8
v 14939 6 3
v 14940 2 1
v 14941 5 2
v 14942 3 2
v 14943 3 2
v 14944 25 12
v 14945 4 4
v 14946 12 4
v 14947 3 1
v 14948 30 17
v 14949 10 8
v 14950 2 1
v 14951 4 3
v 14953 22 16
v 14954 36 17
v 14955 16 5
v 14956 23 16
v 14957 16 6
v 14958 3 3
v 14959 4 0
v 14960 32 12
v 14961 1 1
v 14962 3 1
v 14967 34 15
v 14968 12 7
v 14969 9 5
v 14971 49 27
v 14974 13 3
v 14976 21 13
v 14977 3 2
v 14979 17 10
v 14983 18 8
v 14984 3 2
v 14985 5 2
v 14986 1 1
v 14993 10 5
v 15003 15 4
v 15164 10 8
v 15165 2 0
v 15166 9 3
v 15167 3 0
v 15168 2 1
v 15169 1 0
v 15171 4 4
v 15172 3 0
v 15173 7 2
v 15174 2 1
v 15175 9 6
v 15176 1 0
v 15177 2 2
v 15178 3 2
v 15179 4 1
v 15180 12 7
v 15181 3 2
v 15182 3 2
v 15184 5 3
v 15185 1 0
v 15187 6 1
v 15188 2 0
v 15189 6 3
v 15190 19 8
v 15191 7 5
v 15192 5 5
v 15194 10 4
v 15195 2 1
v 15197 2 2
v 15198 1 1
v 15200 11 4
v 15201 3 2
v 15202 4 3
v 15204 16 4
v 15205 5 3
v 15206 1 0
v 15207 2 1
v 15208 1 0
v 15209 9 5
v 15210 34 17
v 15211 17 8
v 15212 5 3
v 15213 7 4
v 15214 4 2
v 15215 3 1
v 15216 16 10
v 15218 4 3
v 15223 9 3
v 15224 7 3
v 15225 9 6
v 15227 16 8
v 15230 3 2
v 15232 11 3
v 15233 1 0
v 15235 13 7
v 15239 10 6
v 15240 2 1
v 15241 4 1
v 15249 7 3
v 15259 9 6
v 15421 9 3
v 15422 14 4
v 15423 6 4
v 15424 22 13
v 15425 7 3
v 15427 38 18
v 15428 10 7
v 15429 42 16
v 15430 18 12
v 15431 38 18
v 15432 9 3
v 15433 2 0
v 15434 55 29
v 15435 20 11
v 15436 22 11
v 15437 9 5
v 15438 14 4
v 15439 26 14
v 15440 18 8
v 15441 6 4
v 15442 5 1
v 15443 26 9
v 15444 22 7
v 15445 55 35
v 15446 132 61
v 15447 39 17
v 15448 13 8
v 15449 13 5
v 15450 41 16
v 15451 19 7
v 15452 6 3
v 15453 20 10
v 15454 4 3
v 15455 7 3
v 15456 76 44
v 15457 18 9
v 15458 20 8
v 15459 7 5
v 15460 40 20
v 15461 31 19
v 15462 5 2
v 15463 3 0
v 15464 13 10
v 15465 30 18
v 15466 59 25
v 15467 48 19
v 15468 76 43
v 15469 46 17
v 15470 49 25
v 15471 24 16
v 15472 87 38
v 15473 4 1
v 15474 7 5
v 15479 75 35
v 15480 40 15
v 15481 40 25
v 15483 95 46
v 15486 22 14
v 15488 54 30
v 15489 28 20
v 15491 63 34
v 15495 69 34
v 15496 10 7
v 15497 12 5
v 15498 8 4
v 15505 19 9
v 15515 28 11
v 15680 1 1
v 15681 2 0
v 15682 2 1
v 15683 5 2
v 15685 14 7
v 15687 4 4
v 15690 7 6
v 15691 3 2
v 15692 2 0
v 15693 2 1
v 15695 2 1
v 15696 2 0
v 15697 1 1
v 15699 4 1
v 15700 4 3
v 15701 7 3
v 15702 14 3
v 15703 2 1
v 15705 1 0
v 15706 3 1
v 15707 3 2
v 15709 1 1
v 15710 1 1
v 15711 1 1
v 15712 3 2
v 15713 3 1
v 15715 1 1
v 15716 4 3
v 15717 1 1
v 15718 2 1
v 15720 2 1
v 15721 8 3
v 15722 6 4
v 15723 6 3
v 15724 5 2
v 15725 1 1
v 15726 3 1
v 15727 2 1
v 15728 4 1
v 15729 3 3
v 15735 5 3
v 15736 5 3
v 15737 2 1
v 15739 12 8
v 15742 4 2
v 15744 3 2
v 15747 10 3
v 15751 3 1
v 15752 1 0
v 15753 1 1
v 15761 3 0
v 15771 3 0
v 15935 1 1
v 15936 17 12
v 15937 7 6
v 15938 2 2
v 15939 23 17
v 15940 5 5
v 15941 52 32
v 15942 24 14
v 15943 58 37
v 15944 6 3
v 15945 7 4
v 15946 33 23
v 15947 11 4
v 15948 33 19
v 15949 8 4
v 15950 15 10
v 15951 19 12
v 15952 24 17
v 15953 4 3
v 15954 3 2
v 15955 34 21
v 15956 18 14
v 15957 64 41
v 15958 102 61
v 15959 38 22
v 15960 11 4
v 15961 7 3
v 15962 30 13
v 15963 20 11
v 15964 2 2
v 15965 23 14
v 15966 5 4
v 15967 6 3
v 15968 57 35
v 15969 19 11
v 15970 29 16
v 15971 5 4
v 15972 58 38
v 15973 29 23
v 15974 4 2
v 15975 8 5
v 15976 15 11
v 15977 53 29
v 15978 77 46
v 15979 60 39
v 15980 84 60
v 15981 30 23
v 15982 27 20
v 15983 17 10
v 15984 59 37
v 15985 4 4
v 15986 6 4
v 15991 84 59
v 15992 44 32
v 15993 27 20
v 15995 108 63
v 15998 29 22
v 16000 77 45
v 16001 11 6
v 16003 49 34
v 16007 39 22
v 16008 7 4
v 16009 15 7
v 16010 9 4
v 16017 26 19
v 16027 29 17
v 16192 1 1
v 16193 3 2
v 16195 3 1
v 16196 4 1
v 16197 2 1
v 16198 1 1
v 16199 11 4
v 16200 2 1
v 16202 5 2
v 16204 3 1
v 16206 6 4
v 16207 7 3
v 16208 3 2
v 16209 1 0
v 16211 3 2
v 16212 3 2
v 16213 14 8
v 16214 6 2
v 16215 3 3
v 16216 1 0
v 16218 10 6
v 16219 6 2
v 16220 1 0
v 16221 2 0
v 16222 1 1
v 16224 6 4
v 16225 2 2
v 16226 7 2
v 16227 1 1
v 16228 13 7
v 16229 3 1
v 16230 2 0
v 16232 1 1
v 16233 10 7
v 16234 9 4
v 16235 5 2
v 16236 6 1
v 16237 8 4
v 16238 2 2
v 16239 2 0
v 16240 10 4
v 16241 4 1
v 16242 1 0
v 16247 7 4
v 16248 7 5
v 16249 3 2
v 16251 13 5
v 16254 7 3
v 16256 13 9
v 16257 6 4
v 16259 5 2
v 16263 11 6
v 16264 2 0
v 16265 1 0
v 16273 4 1
v 16283 4 1
v 16449 3 1
v 16451 9 4
v 16452 1 0
v 16453 16 5
v 16454 6 1
v 16455 23 12
v 16456 2 1
v 16457 1 0
v 16458 18 9
v 16459 4 3
v 16460 14 8
v 16461 1 0
v 16462 9 4
v 16463 12 8
v 16464 1 0
v 16465 2 1
v 16466 1 1
v 16467 18 5
v 16468 13 2
v 16469 55 22
v 16470 44 19
v 16471 15 10
v 16472 6 1
v 16473 3 2
v 16474 13 7
v 16475 14 7
v 16476 1 1
v 16477 7 5
v 16478 2 1
v 16479 1 1
v 16480 27 11
v 16481 7 5
v 16482 11 7
v 16483 3 3
v 16484 29 18
v 16485 11 6
v 16486 3 2
v 16488 13 5
v 16489 14 8
v 16490 31 17
v 16491 19 8
v 16492 28 14
v 16493 17 9
v 16494 14 6
v 16495 4 4
v 16496 23 12
v 16497 4 0
v 16498 3 0
v 16503 27 11
v 16504 16 7
v 16505 18 4
v 16507 33 18
v 16510 15 9
v 16512 27 11
v 16513 7 4
v 16515 20 11
v 16519 29 13
v 16520 4 3
v 16521 3 2
v 16522 7 2
v 16529 15 7
v 16539 16 5
v 16706 1 0
v 16707 3 1
v 16708 2 2
v 16709 8 3
v 16710 3 2
v 16711 9 8
v 16712 2 0
v 16713 1 0
v 16714 2 0
v 16715 3 1
v 16716 8 5
v 16717 7 0
v 16718 4 2
v 16719 1 0
v 16720 4 1
v 16723 5 2
v 16724 5 3
v 16725 20 10
v 16726 24 16
v 16727 6 1
v 16728 1 1
v 16729 1 0
v 16730 8 4
v 16731 6 5
v 16732 1 0
v 16733 4 1
v 16734 1 1
v 16735 3 2
v 16736 15 5
v 16737 2 1
v 16738 11 6
v 16740 13 7
v 16741 10 5
v 16742 1 1
v 16743 3 2
v 16744 2 2
v 16745 6 3
v 16746 11 5
v 16747 13 5
v 16748 16 10
v 16749 9 4
v 16750 3 2
v 16751 3 1
v 16752 22 11
v 16753 2 0
v 16754 1 0
v 16759 29 11
v 16760 16 7
v 16761 9 3
v 16763 24 12
v 16766 7 3
v 16768 14 10
v 16769 4 3
v 16771 12 6
v 16775 10 7
v 16776 1 0
v 16777 1 0
v 16785 8 3
v 16795 6 3
v 16963 1 1
v 16964 2 0
v 16965 3 1
v 16966 1 1
v 16967 5 3
v 16970 2 1
v 16972 1 0
v 16973 1 1
v 16974 1 0
v 16975 1 1
v 16976 1 0
v 16977 1 0
v 16979 1 1
v 16980 2 1
v 16981 4 2
v 16982 3 1
v 16986 3 2
v 16987 1 1
v 16988 2 1
v 16990 3 2
v 16991 1 1
v 16992 4 2
v 16994 2 1
v 16996 10 7
v 16999 2 1
v 17001 3 2
v 17002 5 3
v 17003 2 2
v 17004 5 5
v 17005 5 3
v 17006 3 0
v 17007 2 2
v 17008 7 2
v 17015 5 2
v 17016 3 2
v 17017 2 2
v 17019 7 3
v 17024 4 2
v 17025 2 2
v 17027 3 2
v 17031 2 0
v 17032 1 0
v 17034 1 1
v 17041 3 3
v 17220 3 3
v 17221 33 17
v 17222 9 4
v 17223 20 10
v 17224 4 1
v 17225 5 2
v 17226 23 15
v 17227 11 5
v 17228 27 16
v 17229 7 2
v 17230 10 3
v 17231 18 12
v 17232 11 5
v 17233 1 0
v 17234 3 1
v 17235 16 7
v 17236 15 9
v 17237 18 8
v 17238 55 26
v 17239 28 17
v 17240 9 5
v 17241 3 2
v 17242 14 6
v 17243 12 7
v 17244 2 2
v 17245 16 1
v 17246 2 2
v 17247 4 2
v 17248 29 11
v 17249 12 9
v 17250 20 12
v 17251 7 2
v 17252 40 17
v 17253 22 13
v 17254 5 2
v 17255 3 2
v 17256 4 1
v 17257 10 8
v 17258 44 27
v 17259 26 12
v 17260 30 15
v 17261 13 9
v 17262 9 3
v 17263 17 8
v 17264 59 25
v 17265 6 2
v 17266 5 4
v 17271 40 20
v 17272 20 10
v 17273 36 19
v 17275 53 36
v 17278 12 6
v 17280 28 12
v 17281 14 10
v 17283 28 11
v 17287 27 14
v 17288 3 1
v 17289 14 9
v 17290 6 5
v 17297 20 12
v 17307 14 8
v 17477 4 2
v 17478 2 1
v 17479 2 1
v 17480 1 0
v 17481 2 1
v 17482 5 4
v 17483 3 3
v 17484 3 0
v 17485 3 0
v 17486 2 2
v 17487 3 1
v 17488 5 1
v 17490 2 1
v 17491 9 5
v 17492 3 1
v 17493 11 3
v 17494 15 5
v 17495 3 0
v 17496 4 4
v 17498 8 3
v 17499 10 3
v 17501 4 2
v 17502 1 0
v 17504 9 5
v 17505 5 3
v 17506 5 3
v 17508 7 4
v 17509 5 3
v 17512 2 1
v 17513 8 1
v 17514 8 3
v 17515 5 3
v 17516 2 1
v 17517 7 3
v 17518 2 0
v 17519 4 2
v 17520 16 7
v 17521 3 2
v 17522 1 0
v 17527 15 6
v 17528 5 4
v 17529 5 3
v 17531 11 3
v 17534 6 1
v 17536 8 6
v 17537 4 3
v 17539 7 5
v 17543 2 1
v 17544 1 0
v 17545 3 2
v 17546 5 3
v 17553 3 2
v 17563 17 5
v 17734 10 4
v 17735 51 32
v 17736 5 2
v 17737 7 3
v 17738 65 32
v 17739 15 6
v 17740 38 22
v 17741 15 6
v 17742 18 13
v 17743 28 19
v 17744 34 13
v 17745 4 2
v 17746 6 3
v 17747 22 9
v 17748 29 17
v 17749 90 40
v 17750 107 52
v 17751 45 23
v 17752 10 4
v 17753 7 1
v 17754 59 27
v 17755 39 18
v 17756 8 4
v 17757 17 10
v 17758 27 18
v 17759 1 1
v 17760 104 50
v 17761 18 11
v 17762 52 24
v 17763 5 2
v 17764 67 31
v 17765 40 22
v 17766 5 4
v 17767 6 2
v 17768 6 5
v 17769 57 30
v 17770 93 36
v 17771 88 36
v 17772 86 54
v 17773 55 30
v 17774 27 16
v 17775 29 12
v 17776 108 51
v 17777 8 4
v 17778 5 3
v 17783 101 49
v 17784 56 28
v 17785 44 21
v 17787 150 80
v 17790 35 19
v 17792 70 42
v 17793 20 11
v 17795 61 37
v 17799 61 34
v 17800 9 4
v 17801 26 14
v 17802 7 5
v 17809 32 14
v 17819 69 29
v 17991 19 8
v 17992 5 1
v 17993 2 1
v 17994 27 10
v 17995 5 1
v 17996 14 6
v 17997 1 1
v 17998 7 3
v 17999 8 4
v 18000 3 2
v 18001 3 3
v 18002 3 2
v 18003 10 3
v 18004 14 3
v 18005 23 9
v 18006 36 14
v 18007 16 8
v 18008 5 0
v 18009 1 0
v 18010 13 3
v 18011 9 3
v 18012 1 0
v 18013 7 1
v 18014 3 2
v 18015 3 0
v 18016 19 8
v 18017 10 2
v 18018 18 10
v 18019 2 1
v 18020 16 6
v 18021 11 7
v 18022 2 1
v 18023 1 1
v 18024 7 3
v 18025 21 9
v 18026 20 11
v 18027 18 7
v 18028 26 13
v 18029 4 2
v 18030 12 4
v 18031 11 5
v 18032 9 1
v 18033 2 1
v 18034 7 3
v 18039 34 11
v 18040 14 4
v 18041 18 7
v 18043 29 12
v 18046 17 8
v 18048 20 9
v 18049 8 5
v 18051 17 7
v 18055 21 8
v 18056 5 1
v 18057 5 2
v 18058 4 1
v 18065 9 2
v 18075 6 2
v 18248 16 5
v 18249 8 1
v 18250 58 25
v 18251 23 15
v 18252 39 25
v 18253 16 8
v 18254 15 7
v 18255 34 13
v 18256 21 8
v 18257 4 2
v 18258 8 4
v 18259 35 15
v 18260 26 13
v 18261 76 40
v 18262 128 54
v 18263 52 27
v 18264 26 15
v 18265 2 1
v 18266 47 16
v 18267 24 11
v 18268 3 3
v 18269 17 6
v 18270 5 3
v 18271 6 2
v 18272 50 27
v 18273 15 9
v 18274 38 21
v 18275 8 6
v 18276 68 36
v 18277 32 16
v 18278 1 1
v 18279 1 1
v 18280 12 8
v 18281 64 26
v 18282 95 47
v 18283 48 23
v 18284 95 51
v 18285 26 14
v 18286 34 19
v 18287 19 9
v 18288 62 28
v 18289 7 5
v 18290 8 6
v 18295 98 37
v 18296 44 24
v 18297 45 21
v 18299 101 59
v 18302 35 17
v 18304 68 40
v 18305 26 15
v 18307 40 21
v 18311 60 36
v 18312 13 9
v 18313 16 8
v 18314 10 5
v 18321 33 13
v 18331 31 9
v 18505 1 1
v 18506 15 11
v 18507 2 0
v 18508 7 5
v 18509 5 1
v 18510 2 1
v 18511 4 2
v 18512 6 4
v 18513 3 2
v 18514 1 1
v 18515 3 2
v 18516 1 1
v 18517 20 11
v 18518 18 7
v 18519 8 4
v 18520 7 3
v 18522 7 3
v 18523 4 2
v 18525 4 2
v 18526 1 0
v 18527 1 1
v 18528 10 5
v 18529 5 3
v 18530 6 3
v 18531 2 2
v 18532 22 11
v 18533 7 4
v 18534 2 0
v 18536 1 1
v 18537 5 3
v 18538 17 8
v 18539 14 5
v 18540 5 3
v 18541 12 8
v 18542 6 2
v 18543 3 0
v 18544 15 6
v 18545 2 1
v 18546 1 0
v 18551 19 13
v 18552 7 3
v 18553 4 3
v 18555 13 3
v 18558 7 4
v 18560 15 7
v 18561 4 3
v 18563 15 10
v 18567 10 7
v 18568 3 1
v 18569 2 1
v 18570 8 6
v 18577 5 3
v 18587 6 3
v 18762 8 4
v 18763 3 3
v 18764 4 2
v 18765 1 0
v 18766 2 1
v 18767 1 1
v 18768 4 1
v 18770 2 1
v 18771 1 1
v 18772 4 2
v 18773 12 5
v 18774 22 10
v 18775 8 5
v 18776 4 3
v 18777 1 0
v 18778 6 1
v 18779 2 1
v 18781 4 3
v 18782 2 2
v 18783 2 1
v 18784 7 4
v 18785 2 0
v 18786 5 4
v 18787 1 1
v 18788 11 4
v 18789 6 1
v 18791 2 0
v 18792 2 2
v 18793 7 4
v 18794 11 3
v 18795 7 3
v 18796 11 5
v 18797 3 2
v 18798 4 2
v 18799 4 1
v 18800 15 7
v 18801 2 1
v 18802 1 1
v 18807 9 6
v 18808 6 2
v 18809 3 1
v 18811 21 6
v 18814 9 6
v 18816 15 8
v 18817 2 1
v 18819 4 2
v 18823 11 5
v 18824 2 0
v 18825 2 0
v 18826 4 2
v 18833 9 5
v 18843 4 0
v 19019 17 9
v 19020 29 10
v 19021 18 6
v 19022 15 7
v 19023 43 27
v 19024 34 23
v 19025 5 4
v 19026 3 2
v 19027 34 15
v 19028 45 23
v 19029 111 57
v 19030 141 65
v 19031 42 26
v 19032 20 10
v 19033 2 1
v 19034 53 22
v 19035 25 11
v 19036 5 3
v 19037 23 6
v 19038 4 2
v 19039 10 5
v 19040 77 34
v 19041 20 10
v 19042 43 20
v 19043 6 3
v 19044 108 55
v 19045 29 18
v 19046 7 4
v 19047 6 2
v 19048 11 6
v 19049 58 31
v 19050 100 48
v 19051 75 37
v 19052 97 59
v 19053 38 15
v 19054 40 17
v 19055 20 9
v 19056 91 40
v 19057 8 6
v 19058 10 5
v 19063 116 57
v 19064 95 42
v 19065 39 19
v 19067 129 63
v 19070 68 37
v 19072 89 49
v 19073 36 19
v 19075 65 33
v 19079 74 37
v 19080 12 6
v 19081 11 6
v 19082 6 3
v 19089 48 20
v 19099 41 14
v 19276 10 4
v 19277 11 1
v 19278 3 2
v 19279 5 2
v 19280 7 1
v 19281 2 0
v 19282 2 2
v 19283 5 0
v 19284 13 6
v 19285 20 11
v 19286 45 19
v 19287 15 6
v 19288 7 3
v 19289 1 0
v 19290 15 6
v 19291 10 3
v 19292 2 1
v 19293 11 5
v 19294 1 0
v 19295 3 2
v 19296 12 7
v 19297 6 5
v 19298 9 5
v 19299 5 2
v 19300 22 7
v 19301 8 3
v 19302 4 3
v 19304 7 6
v 19305 9 4
v 19306 22 10
v 19307 20 5
v 19308 20 11
v 19309 8 2
v 19310 12 7
v 19311 10 4
v 19312 30 14
v 19313 1 1
v 19314 2 1
v 19319 16 9
v 19320 16 6
v 19321 21 9
v 19323 24 10
v 19326 6 3
v 19328 41 22
v 19329 9 4
v 19331 19 8
v 19335 35 15
v 19336 3 2
v 19337 6 1
v 19338 3 0
v 19345 8 3
v 19355 10 3
v 19533 5 3
v 19534 9 4
v 19535 17 11
v 19536 16 4
v 19537 3 1
v 19538 3 1
v 19539 16 6
v 19540 13 5
v 19541 55 29
v 19542 72 37
v 19543 32 18
v 19544 20 8
v 19545 3 1
v 19546 26 11
v 19547 16 7
v 19548 3 2
v 19549 14 8
v 19550 4 3
v 19551 3 1
v 19552 34 19
v 19553 12 6
v 19554 28 9
v 19555 2 1
v 19556 37 21
v 19557 22 13
v 19558 2 1
v 19559 2 1
v 19560 6 3
v 19561 37 18
v 19562 47 22
v 19563 33 16
v 19564 36 24
v 19565 20 12
v 19566 16 8
v 19567 4 3
v 19568 56 27
v 19569 6 5
v 19570 9 2
v 19575 57 27
v 19576 36 20
v 19577 23 13
v 19579 75 35
v 19582 10 5
v 19584 37 24
v 19585 18 9
v 19587 38 25
v 19591 41 23
v 19592 5 4
v 19593 13 6
v 19594 9 6
v 19601 29 16
v 19611 27 13
v 19790 5 2
v 19791 6 3
v 19792 10 6
v 19794 3 0
v 19795 4 1
v 19796 5 4
v 19797 22 14
v 19798 35 24
v 19799 12 6
v 19800 2 1
v 19801 12 3
v 19802 15 9
v 19803 6 3
v 19804 3 2
v 19805 7 0
v 19806 2 2
v 19807 6 3
v 19808 23 12
v 19809 1 1
v 19810 12 6
v 19811 2 1
v 19812 11 4
v 19813 7 5
v 19814 1 1
v 19816 1 1
v 19817 20 13
v 19818 22 13
v 19819 20 7
v 19820 24 13
v 19821 29 18
v 19822 5 3
v 19823 7 7
v 19824 16 5
v 19825 2 1
v 19826 3 2
v 19831 29 12
v 19832 23 10
v 19833 11 7
v 19835 27 13
v 19838 5 4
v 19840 16 9
v 19841 8 8
v 19843 15 10
v 19847 10 8
v 19848 1 1
v 19849 5 3
v 19857 8 4
v 19867 16 12
v 20047 6 5
v 20048 2 2
v 20049 1 1
v 20050 1 1
v 20051 9 4
v 20052 8 4
v 20053 23 14
v 20054 37 25
v 20055 18 15
v 20056 9 6
v 20057 1 1
v 20058 19 12
v 20059 12 5
v 20060 2 2
v 20061 14 6
v 20062 4 3
v 20063 2 1
v 20064 26 13
v 20065 2 2
v 20066 19 12
v 20067 2 2
v 20068 10 4
v 20069 10 6
v 20070 1 0
v 20072 4 2
v 20073 15 8
v 20074 22 11
v 20075 23 12
v 20076 28 18
v 20077 6 3
v 20078 10 8
v 20079 7 4
v 20080 28 13
v 20081 1 1
v 20082 3 0
v 20087 36 18
v 20088 27 15
v 20089 17 9
v 20091 38 22
v 20094 13 7
v 20096 29 17
v 20097 11 5
v 20099 17 12
v 20103 24 12
v 20104 6 5
v 20105 8 5
v 20106 3 2
v 20113 11 5
v 20123 12 7
v 20304 12 4
v 20306 1 0
v 20307 20 11
v 20308 12 5
v 20309 37 14
v 20310 43 19
v 20311 32 16
v 20312 10 5
v 20313 1 1
v 20314 22 9
v 20315 10 6
v 20316 1 1
v 20317 8 4
v 20318 5 3
v 20319 4 1
v 20320 35 13
v 20321 6 5
v 20322 12 6
v 20323 4 2
v 20324 28 12
v 20325 20 11
v 20327 2 1
v 20328 4 3
v 20329 20 9
v 20330 37 18
v 20331 31 12
v 20332 32 18
v 20333 16 10
v 20334 11 2
v 20335 8 4
v 20336 42 17
v 20337 2 2
v 20338 1 1
v 20343 38 15
v 20344 23 8
v 20345 17 10
v 20347 56 25
v 20350 14 7
v 20352 35 19
v 20353 10 5
v 20355 32 11
v 20359 24 8
v 20360 6 2
v 20361 6 2
v 20362 3 1
v 20369 17 11
v 20379 20 9
v 20561 1 1
v 20562 2 0
v 20563 17 6
v 20564 5 0
v 20565 43 28
v 20566 40 23
v 20567 12 4
v 20568 6 3
v 20569 3 0
v 20570 29 13
v 20571 14 7
v 20573 12 7
v 20574 1 0
v 20575 1 1
v 20576 45 23
v 20577 8 5
v 20578 15 11
v 20579 10 9
v 20580 26 13
v 20581 14 5
v 20582 1 0
v 20583 4 1
v 20584 5 2
v 20585 31 15
v 20586 51 25
v 20587 32 20
v 20588 47 28
v 20589 21 10
v 20590 21 13
v 20591 7 2
v 20592 58 28
v 20593 3 2
v 20594 7 3
v 20599 49 23
v 20600 36 15
v 20601 17 11
v 20603 85 57
v 20606 8 6
v 20608 35 18
v 20609 5 2
v 20611 28 14
v 20615 36 20
v 20616 7 5
v 20617 6 2
v 20618 5 2
v 20625 23 15
v 20635 15 8
v 20818 2 0
v 20819 7 3
v 20820 2 1
v 20821 3 1
v 20822 10 2
v 20823 3 1
v 20824 2 1
v 20826 2 1
v 20827 2 2
v 20828 2 1
v 20829 1 1
v 20830 1 0
v 20831 1 1
v 20832 5 4
v 20833 5 3
v 20834 6 1
v 20836 8 4
v 20837 3 0
v 20838 2 1
v 20839 1 1
v 20840 3 3
v 20841 6 4
v 20842 5 1
v 20843 6 5
v 20844 3 3
v 20846 3 2
v 20847 1 1
v 20848 4 3
v 20849 1 1
v 20855 7 4
v 20856 6 2
v 20857 3 1
v 20859 8 4
v 20862 2 1
v 20864 11 5
v 20867 6 2
v 20871 9 4
v 20873 3 1
v 20874 2 1
v 20881 1 1
v 20891 8 4
v 21075 2 0
v 21076 1 1
v 21077 6 4
v 21078 9 6
v 21079 3 2
v 21080 2 1
v 21082 4 2
v 21083 4 2
v 21085 2 1
v 21087 1 1
v 21089 1 0
v 21090 5 3
v 21091 2 1
v 21092 2 1
v 21093 2 2
v 21095 3 2
v 21097 2 0
v 21098 3 2
v 21099 7 2
v 21100 3 2
v 21101 2 1
v 21102 4 2
v 21103 2 1
v 21104 7 2
v 21106 1 0
v 21111 5 3
v 21112 2 2
v 21113 4 3
v 21115 11 6
v 21118 3 1
v 21120 9 4
v 21121 2 0
v 21123 7 2
v 21127 12 8
v 21128 1 1
v 21129 2 1
v 21130 2 2
v 21137 1 0
v 21147 2 2
v 21332 18 11
v 21333 76 55
v 21334 59 41
v 21335 28 17
v 21336 8 6
v 21337 1 0
v 21338 25 19
v 21339 12 6
v 21340 2 2
v 21341 8 5
v 21342 3 1
v 21343 3 2
v 21344 38 18
v 21345 15 9
v 21346 41 25
v 21347 2 2
v 21348 43 20
v 21349 19 9
v 21350 5 1
v 21351 3 2
v 21352 6 5
v 21353 37 19
v 21354 52 29
v 21355 37 21
v 21356 62 43
v 21357 23 13
v 21358 25 11
v 21359 11 4
v 21360 42 22
v 21361 5 2
v 21362 3 2
v 21367 39 20
v 21368 24 14
v 21369 29 15
v 21371 70 51
v 21374 15 11
v 21376 44 27
v 21377 9 7
v 21379 45 31
v 21383 60 38
v 21384 6 4
v 21385 12 6
v 21386 8 3
v 21393 16 10
v 21403 34 16
v 21589 55 27
v 21590 73 35
v 21591 31 17
v 21592 10 6
v 21593 4 2
v 21594 23 6
v 21595 20 10
v 21596 4 3
v 21597 14 5
v 21598 3 2
v 21599 3 2
v 21600 21 10
v 21601 15 6
v 21602 20 8
v 21603 4 2
v 21604 34 20
v 21605 28 15
v 21606 2 2
v 21607 4 2
v 21608 7 5
v 21609 21 11
v 21610 43 19
v 21611 28 15
v 21612 36 24
v 21613 29 12
v 21614 14 8
v 21615 4 1
v 21616 38 21
v 21617 2 2
v 21618 5 3
v 21623 39 17
v 21624 28 17
v 21625 18 8
v 21627 49 21
v 21630 20 11
v 21632 49 25
v 21633 20 14
v 21635 31 14
v 21639 45 19
v 21640 11 4
v 21641 7 2
v 21642 14 8
v 21649 26 12
v 21659 24 11
v 21846 227 108
v 21847 54 27
v 21848 26 13
v 21849 9 3
v 21850 82 30
v 21851 37 18
v 21852 2 0
v 21853 50 20
v 21854 12 3
v 21855 9 4
v 21856 132 74
v 21857 29 12
v 21858 81 38
v 21859 6 2
v 21860 144 76
v 21861 33 15
v 21862 4 3
v 21863 14 6
v 21864 7 4
v 21865 79 40
v 21866 154 66
v 21867 105 48
v 21868 148 68
v 21869 65 30
v 21870 62 28
v 21871 23 15
v 21872 152 61
v 21873 14 4
v 21874 18 11
v 21879 130 53
v 21880 73 27
v 21881 59 27
v 21883 186 95
v 21886 51 21
v 21888 167 80
v 21889 28 16
v 21891 104 40
v 21895 101 54
v 21896 23 10
v 21897 42 20
v 21898 16 4
v 21905 68 35
v 21915 62 19
v 22103 103 63
v 22104 35 15
v 22105 11 4
v 22106 111 54
v 22107 51 26
v 22108 13 8
v 22109 56 25
v 22110 7 5
v 22111 16 7
v 22112 130 59
v 22113 24 16
v 22114 73 31
v 22115 20 11
v 22116 168 76
v 22117 76 47
v 22118 7 7
v 22119 7 2
v 22120 16 8
v 22121 130 59
v 22122 176 84
v 22123 104 48
v 22124 145 88
v 22125 87 48
v 22126 76 41
v 22127 26 14
v 22128 159 67
v 22129 6 3
v 22130 23 9
v 22135 194 91
v 22136 97 55
v 22137 94 58
v 22139 275 132
v 22142 55 29
v 22144 167 98
v 22145 47 34
v 22147 145 74
v 22151 137 76
v 22152 27 12
v 22153 24 11
v 22154 22 10
v 22161 58 25
v 22171 60 24
v 22360 15 8
v 22361 5 1
v 22362 38 7
v 22363 27 10
v 22364 5 2
v 22365 15 10
v 22366 7 3
v 22367 5 3
v 22368 50 25
v 22369 16 5
v 22370 19 7
v 22371 9 6
v 22372 57 30
v 22373 27 16
v 22374 4 2
v 22375 2 1
v 22376 13 9
v 22377 31 20
v 22378 77 41
v 22379 59 27
v 22380 61 33
v 22381 28 9
v 22382 20 8
v 22383 15 6
v 22384 61 26
v 22385 7 2
v 22386 7 4
v 22391 66 27
v 22392 50 24
v 22393 21 10
v 22395 102 54
v 22398 27 12
v 22400 61 32
v 22401 6 5
v 22403 49 24
v 22407 61 29
v 22408 6 1
v 22409 10 8
v 22410 12 6
v 22417 27 7
v 22427 27 8
v 22617 1 0
v 22618 19 6
v 22620 2 1
v 22621 11 4
v 22622 3 2
v 22623 1 0
v 22624 15 8
v 22625 8 4
v 22626 8 4
v 22627 2 1
v 22628 22 13
v 22629 11 5
v 22630 2 1
v 22632 5 4
v 22633 17 10
v 22634 29 17
v 22635 15 7
v 22636 15 9
v 22637 6 5
v 22638 14 10
v 22639 16 8
v 22640 15 6
v 22642 2 0
v 22647 38 22
v 22648 15 5
v 22649 7 3
v 22651 21 11
v 22654 9 3
v 22656 24 14
v 22657 5 2
v 22659 9 1
v 22663 39 21
v 22664 4 3
v 22665 4 4
v 22673 16 10
v 22683 15 7
v 22874 4 2
v 22875 4 3
v 22876 1 0
v 22877 9 3
v 22878 1 0
v 22879 1 0
v 22880 1 0
v 22881 1 0
v 22882 2 0
v 22884 6 4
v 22885 1 0
v 22887 1 0
v 22888 1 1
v 22889 5 2
v 22890 4 1
v 22891 8 5
v 22892 1 1
v 22893 4 4
v 22894 3 1
v 22896 8 5
v 22898 1 0
v 22903 8 6
v 22904 4 4
v 22905 2 1
v 22907 8 5
v 22912 7 6
v 22913 2 1
v 22915 6 4
v 22922 2 0
v 22929 1 1
v 22939 4 3
v 23131 14 7
v 23132 1 0
v 23133 27 16
v 23134 6 3
v 23135 3 1
v 23136 52 32
v 23137 11 6
v 23138 33 15
v 23139 5 1
v 23140 66 40
v 23141 26 16
v 23142 1 1
v 23143 2 0
v 23144 13 7
v 23145 46 22
v 23146 89 48
v 23147 66 40
v 23148 66 42
v 23149 27 19
v 23150 25 15
v 23151 13 9
v 23152 74 39
v 23153 3 1
v 23154 7 3
v 23159 90 47
v 23160 40 19
v 23161 31 19
v 23163 132 85
v 23166 27 19
v 23168 72 42
v 23169 16 13
v 23171 54 29
v 23175 45 28
v 23176 4 1
v 23177 14 9
v 23178 5 2
v 23185 41 22
v 23195 51 27
v 23388 2 1
v 23389 9 4
v 23390 3 1
v 23391 6 3
v 23392 30 14
v 23393 16 9
v 23394 23 18
v 23395 3 3
v 23396 34 17
v 23397 10 6
v 23398 2 2
v 23399 1 1
v 23400 2 2
v 23401 22 9
v 23402 52 33
v 23403 29 10
v 23404 43 25
v 23405 18 11
v 23406 22 11
v 23407 5 2
v 23408 59 31
v 23409 2 2
v 23410 3 3
v 23415 44 22
v 23416 26 15
v 23417 26 13
v 23419 54 30
v 23422 12 6
v 23424 34 15
v 23425 10 9
v 23427 33 20
v 23431 30 14
v 23432 6 4
v 23433 13 5
v 23434 7 2
v 23441 18 8
v 23451 14 6
v 23645 3 2
v 23648 7 4
v 23649 4 1
v 23650 4 2
v 23652 5 2
v 23653 5 1
v 23655 1 0
v 23656 2 1
v 23657 4 2
v 23658 2 0
v 23659 3 1
v 23660 9 4
v 23661 3 2
v 23662 5 1
v 23663 1 1
v 23664 7 2
v 23665 1 0
v 23666 1 1
v 23671 10 5
v 23672 5 3
v 23673 5 3
v 23675 10 6
v 23678 3 0
v 23680 6 5
v 23683 5 2
v 23687 6 4
v 23688 2 0
v 23689 1 1
v 23690 4 1
v 23697 1 1
v 23707 1 1
v 23902 7 5
v 23903 4 3
v 23904 21 14
v 23905 6 2
v 23906 16 7
v 23907 7 3
v 23908 31 14
v 23909 19 11
v 23910 4 2
v 23911 2 1
v 23912 10 4
v 23913 21 12
v 23914 166 104
v 23915 36 17
v 23916 43 34
v 23917 12 6
v 23918 14 11
v 23919 10 7
v 23920 55 25
v 23921 1 1
v 23922 6 4
v 23927 40 23
v 23928 18 13
v 23929 11 6
v 23931 69 50
v 23934 15 11
v 23936 30 18
v 23937 11 6
v 23939 24 10
v 23943 18 6
v 23944 1 0
v 23945 14 7
v 23946 3 2
v 23953 13 5
v 23963 24 11
v 24159 1 0
v 24160 1 1
v 24161 1 1
v 24162 4 1
v 24164 7 2
v 24165 4 3
v 24166 1 1
v 24167 1 0
v 24169 6 3
v 24170 10 7
v 24171 6 4
v 24172 10 2
v 24173 2 1
v 24174 6 1
v 24175 7 4
v 24176 6 4
v 24177 1 0
v 24178 1 0
v 24183 8 2
v 24184 5 1
v 24185 6 3
v 24187 13 6
v 24190 3 3
v 24192 17 7
v 24193 6 4
v 24195 8 3
v 24199 11 7
v 24201 2 1
v 24202 1 1
v 24209 4 2
v 24219 2 1
v 24417 3 3
v 24418 3 1
v 24419 1 1
v 24420 2 2
v 24421 7 5
v 24422 2 2
v 24424 1 1
v 24425 1 1
v 24426 15 9
v 24427 9 4
v 24428 7 5
v 24429 1 0
v 24431 2 1
v 24432 6 4
v 24433 2 1
v 24439 8 4
v 24440 3 2
v 24441 5 5
v 24443 13 5
v 24446 5 4
v 24448 8 5
v 24449 5 4
v 24451 5 2
v 24455 6 3
v 24456 2 2
v 24457 2 2
v 24465 7 4
v 24475 3 0
v 24673 21 10
v 24674 65 32
v 24675 6 2
v 24676 73 40
v 24677 41 27
v 24678 4 3
v 24679 4 3
v 24680 8 3
v 24681 76 37
v 24682 132 66
v 24683 100 48
v 24684 99 58
v 24685 44 20
v 24686 36 21
v 24687 11 6
v 24688 108 41
v 24689 6 3
v 24690 4 1
v 24695 140 70
v 24696 57 24
v 24697 38 15
v 24699 152 80
v 24702 37 15
v 24704 92 52
v 24705 27 20
v 24707 65 34
v 24711 83 39
v 24712 13 5
v 24713 10 5
v 24714 5 3
v 24721 62 27
v 24731 57 26
v 24930 13 9
v 24931 1 1
v 24932 25 8
v 24933 9 7
v 24934 1 1
v 24935 3 0
v 24936 5 2
v 24937 17 6
v 24938 28 18
v 24939 17 9
v 24940 19 8
v 24941 7 4
v 24942 16 7
v 24943 11 4
v 24944 15 5
v 24945 1 0
v 24946 6 4
v 24951 23 13
v 24952 17 7
v 24953 16 6
v 24955 38 14
v 24958 10 4
v 24960 27 14
v 24961 13 8
v 24963 17 9
v 24967 26 12
v 24968 3 1
v 24969 4 2
v 24970 4 1
v 24977 12 4
v 24987 5 2
v 25187 7 6
v 25188 59 32
v 25189 19 11
v 25192 1 1
v 25193 43 25
v 25194 42 16
v 25195 61 24
v 25196 64 38
v 25197 23 16
v 25198 18 7
v 25199 8 2
v 25200 78 37
v 25201 4 2
v 25202 8 3
v 25207 77 32
v 25208 37 19
v 25209 24 10
v 25211 88 50
v 25214 17 5
v 25216 56 33
v 25217 9 6
v 25219 41 24
v 25223 39 16
v 25224 2 2
v 25225 12 7
v 25226 11 6
v 25233 31 19
v 25243 25 13
v 25444 19 7
v 25445 3 1
v 25448 3 0
v 25449 3 1
v 25450 11 3
v 25451 6 2
v 25452 12 8
v 25453 3 1
v 25454 5 2
v 25455 2 1
v 25456 11 3
v 25463 15 2
v 25464 4 1
v 25465 6 4
v 25467 8 1
v 25470 6 1
v 25472 13 8
v 25473 6 2
v 25475 8 4
v 25479 7 3
v 25480 2 0
v 25481 3 0
v 25482 3 0
v 25489 7 3
v 25499 9 2
v 25701 46 22
v 25702 4 1
v 25703 6 2
v 25704 8 6
v 25705 87 48
v 25706 123 48
v 25707 99 46
v 25708 137 71
v 25709 53 27
v 25710 45 26
v 25711 25 15
v 25712 100 43
v 25713 3 3
v 25714 6 3
v 25719 113 55
v 25720 74 44
v 25721 48 27
v 25723 145 67
v 25726 38 25
v 25728 107 65
v 25729 42 21
v 25731 92 40
v 25735 90 39
v 25736 12 10
v 25737 20 8
v 25738 16 5
v 25745 41 14
v 25755 48 21
v 25958 6 2
v 25959 4 2
v 25960 8 5
v 25961 22 13
v 25962 50 17
v 25963 27 16
v 25964 43 22
v 25965 10 5
v 25966 27 17
v 25967 7 4
v 25968 43 20
v 25969 4 0
v 25970 3 3
v 25975 37 20
v 25976 26 12
v 25977 27 11
v 25979 63 27
v 25982 13 6
v 25984 36 20
v 25985 20 11
v 25987 32 14
v 25991 36 19
v 25992 4 1
v 25993 12 6
v 25994 5 2
v 26001 10 2
v 26011 17 8
v 26216 2 1
v 26218 4 2
v 26219 8 3
v 26220 3 0
v 26221 1 1
v 26222 4 2
v 26223 1 0
v 26224 3 2
v 26226 2 1
v 26231 2 1
v 26232 4 2
v 26233 3 2
v 26235 3 1
v 26238 1 0
v 26240 5 2
v 26243 4 1
v 26247 5 4
v 26249 3 3
v 26250 3 3
v 26257 3 1
v 26267 1 1
v 26472 1 0
v 26473 3 2
v 26474 10 6
v 26475 7 4
v 26476 7 2
v 26477 2 0
v 26478 2 0
v 26479 1 1
v 26480 9 3
v 26481 1 1
v 26482 1 1
v 26487 6 4
v 26488 5 5
v 26489 3 1
v 26491 13 7
v 26496 5 3
v 26497 2 1
v 26499 7 5
v 26503 7 7
v 26505 4 2
v 26506 3 3
v 26513 4 3
v 26523 6 3
v 26729 9 4
v 26730 16 8
v 26731 4 2
v 26732 19 13
v 26733 2 1
v 26734 11 5
v 26736 1 0
v 26737 2 2
v 26738 6 4
v 26743 12 4
v 26744 4 3
v 26745 7 3
v 26747 13 7
v 26750 2 1
v 26752 21 12
v 26753 2 2
v 26755 7 2
v 26759 15 7
v 26760 1 0
v 26761 6 4
v 26762 2 0
v 26769 11 5
v 26779 3 1
v 26986 101 52
v 26987 70 41
v 26988 79 48
v 26989 37 18
v 26990 38 17
v 26991 23 8
v 26992 101 48
v 26993 4 3
v 26994 5 4
v 26999 111 53
v 27000 71 36
v 27001 37 22
v 27003 149 84
v 27006 25 17
v 27008 59 31
v 27009 18 9
v 27011 71 37
v 27015 58 32
v 27016 11 8
v 27017 16 10
v 27018 11 6
v 27025 40 20
v 27035 39 18
v 27243 159 96
v 27244 149 82
v 27245 63 33
v 27246 41 17
v 27247 31 10
v 27248 161 76
v 27249 4 1
v 27250 35 18
v 27255 184 73
v 27256 101 55
v 27257 52 26
v 27259 212 125
v 27262 28 17
v 27264 113 65
v 27265 34 19
v 27267 92 55
v 27271 86 44
v 27272 13 9
v 27273 28 17
v 27274 19 11
v 27281 67 30
v 27291 85 39
v 27500 92 53
v 27501 42 27
v 27502 31 17
v 27503 28 16
v 27504 88 39
v 27505 3 1
v 27506 17 11
v 27511 124 68
v 27512 68 36
v 27513 56 35
v 27515 177 98
v 27518 23 15
v 27520 82 42
v 27521 16 11
v 27523 76 42
v 27527 80 48
v 27528 13 6
v 27529 23 11
v 27530 17 8
v 27537 59 26
v 27547 64 24
v 27757 43 23
v 27758 31 15
v 27759 18 7
v 27760 124 38
v 27761 9 5
v 27762 17 5
v 27767 121 51
v 27768 81 31
v 27769 27 11
v 27771 182 80
v 27774 31 13
v 27776 110 42
v 27777 24 11
v 27779 86 36
v 27783 106 50
v 27784 14 4
v 27785 17 7
v 27786 14 9
v 27793 37 15
v 27803 71 26
v 28014 15 7
v 28015 9 7
v 28016 54 24
v 28017 1 1
v 28018 10 5
v 28023 57 27
v 28024 48 26
v 28025 21 10
v 28027 110 60
v 28030 16 10
v 28032 47 26
v 28033 9 3
v 28035 52 26
v 28039 28 17
v 28040 5 3
v 28041 5 1
v 28042 13 4
v 28049 25 14
v 28059 39 18
v 28271 4 3
v 28272 48 18
v 28273 4 3
v 28274 5 3
v 28279 35 16
v 28280 27 9
v 28281 29 14
v 28283 58 31
v 28286 11 8
v 28288 68 43
v 28289 18 11
v 28291 23 15
v 28295 30 13
v 28296 11 6
v 28297 11 6
v 28298 14 4
v 28305 20 12
v 28315 15 7
v 28528 19 7
v 28529 2 1
v 28530 4 3
v 28535 25 13
v 28536 24 8
v 28537 19 12
v 28539 38 19
v 28542 12 7
v 28544 12 5
v 28545 4 3
v 28547 28 15
v 28551 18 9
v 28552 4 2
v 28553 4 3
v 28554 5 1
v 28561 12 9
v 28571 5 1
v 28785 7 4
v 28786 8 4
v 28791 189 113
v 28792 57 32
v 28793 45 31
v 28795 223 124
v 28798 39 25
v 28800 100 62
v 28801 31 19
v 28803 97 59
v 28807 67 50
v 28808 14 7
v 28809 27 13
v 28810 22 14
v 28817 62 28
v 28827 80 39
v 29047 10 5
v 29048 5 3
v 29049 6 0
v 29051 10 7
v 29054 2 2
v 29056 7 5
v 29057 1 1
v 29059 5 1
v 29063 6 2
v 29064 1 0
v 29065 1 1
v 29066 3 2
v 29073 3 3
v 29083 2 0
v 29303 12 7
v 29304 11 7
v 29305 7 4
v 29307 26 15
v 29310 5 1
v 29312 10 4
v 29313 3 2
v 29315 14 6
v 29319 16 4
v 29320 3 1
v 29321 3 1
v 29322 1 1
v 29329 4 2
v 29339 7 1
v 30584 100 51
v 30585 54 34
v 30587 329 175
v 30590 51 29
v 30592 111 59
v 30593 26 15
v 30595 114 68
v 30599 125 70
v 30600 17 8
v 30601 21 8
v 30602 18 10
v 30609 84 34
v 30619 79 37
v 30841 36 18
v 30843 133 68
v 30846 31 13
v 30848 73 34
v 30849 16 9
v 30851 69 38
v 30855 60 24
v 30856 11 5
v 30857 24 6
v 30858 10 2
v 30865 26 14
v 30875 55 13
v 31099 79 41
v 31102 20 8
v 31104 67 32
v 31105 12 7
v 31107 34 16
v 31111 49 25
v 31112 5 4
v 31113 15 7
v 31114 10 5
v 31121 26 14
v 31131 23 12
v 31614 46 21
v 31616 146 82
v 31617 47 25
v 31619 162 82
v 31623 127 68
v 31624 19 11
v 31625 37 15
v 31626 21 13
v 31633 82 36
v 31643 101 37
v 32384 46 25
v 32385 12 5
v 32387 25 11
v 32391 35 19
v 32392 8 3
v 32393 6 6
v 32394 5 2
v 32401 14 6
v 32411 13 7
v 32897 36 20
v 32899 86 37
v 32903 74 40
v 32904 11 8
v 32905 18 10
v 32906 19 8
v 32913 59 31
v 32923 37 12
v 33155 29 10
v 33159 15 4
v 33160 5 2
v 33161 4 3
v 33162 4 1
v 33169 9 3
v 33179 6 2
v 33671 70 37
v 33672 14 8
v 33673 21 9
v 33674 11 6
v 33681 42 20
v 33691 57 16
v 34696 12 5
v 34697 24 11
v 34698 16 9
v 34705 44 21
v 34715 44 19
v 34953 7 3
v 34954 3 1
v 34961 7 4
v 34971 7 0
v 35210 6 1
v 35217 10 5
v 35227 11 8
v 35473 13 8
v 35483 8 3
v 37275 42 22
s 258 14 3
s 259 5 3
s 261 4 3
s 263 9 6
s 264 1 1
s 265 12 3
s 267 3 1
s 269 5 3
s 270 7 1
s 271 4 1
s 272 2 1
s 273 5 3
s 275 4 3
s 276 3 0
s 277 9 1
s 278 1 1
s 279 2 0
s 281 19 8
s 282 16 4
s 283 4 3
s 284 3 1
s 285 3 1
s 286 5 0
s 287 13 4
s 288 1 0
s 289 6 4
s 290 2 0
s 291 3 1
s 292 9 3
s 293 8 1
s 294 5 2
s 295 8 1
s 296 1 1
s 297 1 0
s 298 1 1
s 299 11 6
s 300 1 0
s 301 1 1
s 302 2 1
s 303 1 0
s 304 1 0
s 305 12 6
s 306 3 2
s 307 7 2
s 308 2 1
s 309 2 1
s 310 1 0
s 311 9 4
s 312 1 0
s 313 1 0
s 314 3 1
s 315 2 1
s 316 10 2
s 318 10 2
s 320 2 0
s 321 5 3
s 322 2 2
s 323 1 0
s 324 1 0
s 325 10 6
s 327 8 1
s 328 1 1
s 330 11 3
s 331 3 0
s 332 6 4
s 333 3 1
s 334 3 2
s 335 2 0
s 339 4 0
s 340 12 7
s 341 10 4
s 342 31 12
s 343 5 2
s 344 6 4
s 346 9 4
s 347 3 1
s 348 1 0
s 349 1 0
s 352 15 6
s 353 5 2
s 354 11 2
s 356 8 3
s 357 11 5
s 358 1 1
s 359 4 3
s 360 2 1
s 361 9 5
s 362 14 6
s 363 5 1
s 364 14 6
s 366 11 6
s 367 6 2
s 368 23 16
s 370 2 0
s 375 15 10
s 376 6 3
s 377 12 4
s 379 21 13
s 382 5 1
s 384 14 3
s 385 6 2
s 387 12 5
s 391 14 8
s 392 3 1
s 393 3 0
s 401 5 2
s 411 9 7
s 515 42 15
s 516 1 1
s 517 30 14
s 518 25 9
s 519 16 4
s 520 44 21
s 521 132 75
s 522 15 7
s 523 99 44
s 524 35 14
s 525 29 15
s 526 23 10
s 527 18 8
s 528 11 3
s 529 30 20
s 530 40 23
s 531 37 15
s 532 19 7
s 533 87 47
s 534 25 11
s 535 7 5
s 537 86 39
s 538 86 38
s 539 19 3
s 540 9 3
s 541 2 1
s 542 29 16
s 543 55 26
s 544 5 3
s 545 5 3
s 546 5 1
s 547 16 9
s 548 59 31
s 549 13 4
s 550 2 1
s 551 34 10
s 552 8 4
s 553 19 9
s 554 11 5
s 555 19 9
s 556 7 2
s 557 2 1
s 558 27 10
s 559 16 7
s 560 51 26
s 561 33 18
s 562 11 3
s 563 36 17
s 564 8 3
s 565 48 22
s 566 111 54
s 567 2 2
s 568 12 3
s 569 1 1
s 570 17 9
s 571 14 10
s 572 1 1
s 573 5 2
s 574 40 23
s 575 11 5
s 576 21 12
s 577 5 3
s 578 2 1
s 579 38 17
s 580 7 2
s 581 12 7
s 582 16 6
s 583 38 12
s 584 8 5
s 585 5 0
s 586 71 38
s 587 19 8
s 588 45 18
s 590 1 1
s 591 30 11
s 592 19 10
s 593 5 2
s 594 3 0
s 595 44 21
s 596 33 15
s 597 77 34
s 598 137 61
s 599 65 34
s 600 14 4
s 601 5 2
s 602 41 22
s 603 23 13
s 604 1 1
s 605 22 9
s 606 6 2
s 607 9 4
s 608 5 2
s 609 6 3
s 610 9 1
s 611 2 1
s 612 73 34
s 613 85 45
s 614 5 2
s 615 5 2
s 617 55 27
s 618 87 38
s 619 60 26
s 620 4 1
s 621 43 15
s 622 38 16
s 623 14 8
s 624 72 36
s 625 9 9
s 626 11 4
s 631 95 53
s 632 45 16
s 633 44 24
s 635 132 54
s 638 33 19
s 640 82 35
s 641 1 1
s 643 62 25
s 647 10 4
s 648 11 6
s 649 14 7
s 650 17 7
s 657 30 13
s 667 13 10
s 772 5 2
s 774 11 5
s 775 17 9
s 776 14 7
s 777 103 50
s 778 7 5
s 779 92 47
s 780 23 8
s 781 34 21
s 782 18 8
s 783 10 6
s 784 12 5
s 785 33 14
s 786 37 23
s 787 45 21
s 788 3 2
s 789 66 30
s 790 4 1
s 791 11 5
s 793 65 34
s 794 12 7
s 795 2 1
s 796 37 25
s 797 23 12
s 798 4 1
s 799 2 1
s 800 2 1
s 801 17 8
s 802 4 2
s 803 4 0
s 804 46 23
s 806 17 9
s 807 8 3
s 809 12 7
s 810 1 0
s 811 4 2
s 812 5 3
s 813 2 1
s 814 10 6
s 815 17 8
s 816 34 18
s 817 29 12
s 818 2 1
s 819 11 6
s 820 6 2
s 821 24 12
s 822 73 35
s 823 61 27
s 824 14 8
s 826 6 3
s 827 3 1
s 828 31 19
s 829 3 1
s 830 23 16
s 831 2 1
s 832 6 4
s 833 6 5
s 834 3 2
s 835 19 8
s 836 5 1
s 837 68 36
s 838 10 4
s 839 19 12
s 840 8 2
s 841 3 1
s 842 51 25
s 843 2 1
s 844 16 7
s 845 15 10
s 846 16 6
s 847 6 3
s 848 28 14
s 849 4 2
s 850 2 1
s 851 1 0
s 852 3 3
s 853 30 16
s 854 56 33
s 855 3 1
s 856 8 4
s 857 7 6
s 858 41 25
s 859 15 10
s 860 2 1
s 861 25 16
s 862 2 0
s 863 2 1
s 864 53 20
s 865 5 2
s 866 49 31
s 867 4 2
s 868 21 12
s 869 9 4
s 870 1 0
s 871 3 1
s 872 2 2
s 873 19 7
s 874 87 44
s 875 70 38
s 876 62 30
s 877 38 19
s 878 15 10
s 879 4 1
s 880 7 6
s 881 1 1
s 882 4 1
s 887 90 56
s 888 54 35
s 889 19 8
s 891 91 40
s 894 18 6
s 896 47 27
s 897 12 9
s 899 18 8
s 903 44 19
s 904 4 2
s 905 9 4
s 906 13 5
s 913 38 25
s 923 47 26
s 1029 2 2
s 1030 1 1
s 1031 1 0
s 1033 9 4
s 1035 3 0
s 1036 2 1
s 1038 2 1
s 1039 1 0
s 1041 3 1
s 1042 1 1
s 1043 1 1
s 1044 1 0
s 1045 5 3
s 1046 3 3
s 1047 2 1
s 1049 7 4
s 1050 5 1
s 1051 2 2
s 1052 3 3
s 1053 5 4
s 1054 6 4
s 1055 5 4
s 1056 1 1
s 1057 2 2
s 1058 1 0
s 1059 1 1
s 1060 3 1
s 1061 2 1
s 1062 1 1
s 1063 7 5
s 1064 2 1
s 1067 1 1
s 1068 1 1
s 1069 1 1
s 1071 1 1
s 1073 2 1
s 1074 2 2
s 1075 6 4
s 1077 2 2
s 1079 5 2
s 1080 1 0
s 1082 1 0
s 1084 4 1
s 1086 3 0
s 1088 2 1
s 1093 3 1
s 1095 2 2
s 1096 1 0
s 1097 1 1
s 1098 5 4
s 1099 3 2
s 1100 1 0
s 1101 4 3
s 1102 4 3
s 1103 3 3
s 1104 1 0
s 1106 1 1
s 1107 5 4
s 1108 1 1
s 1109 7 5
s 1110 11 6
s 1111 7 2
s 1114 3 0
s 1115 3 2
s 1116 1 1
s 1120 3 2
s 1121 3 2
s 1122 1 1
s 1123 2 0
s 1124 3 3
s 1125 4 3
s 1126 2 1
s 1128 1 1
s 1129 3 2
s 1130 12 7
s 1131 4 3
s 1132 11 5
s 1133 1 1
s 1134 2 1
s 1135 3 1
s 1136 4 3
s 1143 6 4
s 1144 4 2
s 1145 3 2
s 1147 12 5
s 1150 4 2
s 1152 5 3
s 1155 4 1
s 1159 2 1
s 1161 1 1
s 1169 2 1
s 1179 3 3
s 1286 6 4
s 1287 8 4
s 1288 14 10
s 1289 19 12
s 1290 5 2
s 1291 42 20
s 1292 13 8
s 1293 5 4
s 1294 20 14
s 1295 9 5
s 1296 3 2
s 1297 23 13
s 1298 16 11
s 1299 17 6
s 1300 1 1
s 1301 28 15
s 1302 9 6
s 1303 8 5
s 1305 35 21
s 1306 20 10
s 1307 5 4
s 1308 11 7
s 1309 9 6
s 1310 1 0
s 1311 1 1
s 1312 1 0
s 1313 8 4
s 1314 4 2
s 1315 6 3
s 1316 22 14
s 1318 8 4
s 1319 10 5
s 1320 2 1
s 1321 4 2
s 1322 3 2
s 1323 3 2
s 1324 3 3
s 1325 1 0
s 1326 10 8
s 1327 5 2
s 1328 28 12
s 1329 15 6
s 1331 11 4
s 1332 3 2
s 1333 25 15
s 1334 30 18
s 1335 16 9
s 1336 4 1
s 1337 1 0
s 1338 2 2
s 1339 3 1
s 1340 13 10
s 1342 11 7
s 1343 1 0
s 1344 3 2
s 1346 1 0
s 1347 14 6
s 1349 20 15
s 1350 5 3
s 1351 20 15
s 1352 4 2
s 1353 5 3
s 1354 16 11
s 1355 2 1
s 1356 7 4
s 1357 6 6
s 1358 2 2
s 1359 9 3
s 1360 10 8
s 1361 1 0
s 1362 2 1
s 1363 1 1
s 1364 5 3
s 1365 13 5
s 1366 51 27
s 1367 5 5
s 1368 6 2
s 1369 1 1
s 1370 8 3
s 1371 6 4
s 1372 2 1
s 1373 14 5
s 1374 1 1
s 1375 6 3
s 1376 22 6
s 1377 3 1
s 1378 11 6
s 1379 6 0
s 1380 8 2
s 1381 15 6
s 1382 2 2
s 1384 5 1
s 1385 10 6
s 1386 31 18
s 1387 18 11
s 1388 22 9
s 1389 12 5
s 1390 9 6
s 1391 2 2
s 1393 3 2
s 1394 7 4
s 1399 19 13
s 1400 11 6
s 1401 5 4
s 1403 18 8
s 1406 9 5
s 1408 23 9
s 1409 13 5
s 1411 10 8
s 1415 21 9
s 1416 3 1
s 1417 8 4
s 1418 4 2
s 1425 11 4
s 1435 12 7
s 1543 12 5
s 1545 41 21
s 1547 13 7
s 1549 14 4
s 1550 19 8
s 1551 2 2
s 1552 2 1
s 1553 20 10
s 1554 1 0
s 1555 10 1
s 1556 10 6
s 1557 18 7
s 1558 12 5
s 1559 6 3
s 1561 25 8
s 1562 25 7
s 1563 18 4
s 1564 21 14
s 1565 12 5
s 1566 6 4
s 1567 24 9
s 1568 3 0
s 1569 10 7
s 1570 4 2
s 1571 6 3
s 1572 20 6
s 1573 5 1
s 1574 10 7
s 1575 17 4
s 1576 2 0
s 1578 2 0
s 1579 8 1
s 1580 1 1
s 1581 1 0
s 1582 2 1
s 1583 6 5
s 1585 11 5
s 1586 4 0
s 1587 30 12
s 1589 6 4
s 1590 1 1
s 1591 24 10
s 1593 2 2
s 1594 6 3
s 1595 3 3
s 1596 22 12
s 1597 1 1
s 1598 18 12
s 1600 14 7
s 1601 2 2
s 1604 4 3
s 1605 25 9
s 1606 1 0
s 1607 26 8
s 1610 31 17
s 1611 9 5
s 1612 12 4
s 1613 4 2
s 1614 13 6
s 1615 12 6
s 1616 3 1
s 1617 1 1
s 1618 1 0
s 1619 37 22
s 1620 19 7
s 1621 60 21
s 1622 48 21
s 1623 24 10
s 1624 4 1
s 1626 16 5
s 1627 9 3
s 1628 2 0
s 1629 10 7
s 1632 51 24
s 1633 10 5
s 1634 20 7
s 1635 4 3
s 1636 50 28
s 1637 13 4
s 1638 5 1
s 1639 6 3
s 1640 1 1
s 1641 14 7
s 1642 41 16
s 1643 26 15
s 1644 39 14
s 1646 19 7
s 1647 6 1
s 1648 23 8
s 1649 2 0
s 1650 2 1
s 1655 41 20
s 1656 21 5
s 1657 8 4
s 1659 38 14
s 1662 11 5
s 1664 39 18
s 1665 11 2
s 1667 18 8
s 1671 27 9
s 1672 6 5
s 1673 13 7
s 1674 2 1
s 1681 3 1
s 1691 16 7
s 1800 13 7
s 1801 49 26
s 1802 6 4
s 1803 36 14
s 1804 16 7
s 1805 5 2
s 1806 15 6
s 1807 8 3
s 1808 1 0
s 1809 6 1
s 1810 18 9
s 1811 15 8
s 1812 15 6
s 1813 31 12
s 1814 7 2
s 1815 5 3
s 1817 15 10
s 1818 24 11
s 1819 12 4
s 1820 10 7
s 1821 11 7
s 1822 3 1
s 1823 21 9
s 1824 3 2
s 1825 6 3
s 1826 5 2
s 1827 5 1
s 1828 24 12
s 1829 6 1
s 1830 8 4
s 1831 3 2
s 1832 3 2
s 1833 4 3
s 1834 3 3
s 1835 3 1
s 1836 3 3
s 1837 5 3
s 1838 4 1
s 1839 6 3
s 1840 24 10
s 1841 6 5
s 1842 11 6
s 1843 15 5
s 1845 23 12
s 1846 47 23
s 1847 26 13
s 1848 9 4
s 1849 2 2
s 1850 8 3
s 1851 5 2
s 1852 17 8
s 1853 2 0
s 1854 17 15
s 1855 4 2
s 1856 11 4
s 1857 4 3
s 1858 2 0
s 1859 14 9
s 1860 3 1
s 1861 22 13
s 1862 11 5
s 1863 19 10
s 1864 7 2
s 1865 2 0
s 1866 21 11
s 1867 9 4
s 1868 7 4
s 1869 10 5
s 1870 8 4
s 1871 9 6
s 1872 14 7
s 1873 2 1
s 1874 1 0
s 1875 11 6
s 1876 13 4
s 1877 38 19
s 1878 60 32
s 1879 19 9
s 1880 3 2
s 1882 23 13
s 1883 11 3
s 1884 2 2
s 1885 12 7
s 1886 7 3
s 1887 2 2
s 1888 22 8
s 1889 10 4
s 1890 19 9
s 1891 2 0
s 1892 36 18
s 1893 10 4
s 1896 3 2
s 1897 21 13
s 1898 10 4
s 1899 8 6
s 1900 25 11
s 1901 17 9
s 1902 13 8
s 1903 5 3
s 1904 40 25
s 1905 2 1
s 1911 41 21
s 1912 10 7
s 1913 14 8
s 1915 52 24
s 1918 3 1
s 1920 30 11
s 1921 14 5
s 1923 38 23
s 1927 24 13
s 1928 3 1
s 1929 4 2
s 1930 8 3
s 1937 18 10
s 1947 13 8
s 2057 44 27
s 2058 2 1
s 2059 7 2
s 2061 13 9
s 2062 16 8
s 2063 6 3
s 2064 4 1
s 2065 17 8
s 2067 6 2
s 2068 9 6
s 2069 33 18
s 2070 8 3
s 2071 4 2
s 2073 32 17
s 2074 25 7
s 2075 9 3
s 2076 20 10
s 2077 19 13
s 2078 19 11
s 2079 30 14
s 2080 1 0
s 2081 10 4
s 2082 4 4
s 2083 3 2
s 2084 9 7
s 2085 2 0
s 2086 7 5
s 2087 11 7
s 2088 2 0
s 2090 1 1
s 2091 9 5
s 2092 1 0
s 2093 1 0
s 2094 1 1
s 2095 9 3
s 2097 24 16
s 2098 2 1
s 2099 15 7
s 2100 3 1
s 2101 3 2
s 2103 23 12
s 2105 1 0
s 2106 6 5
s 2107 3 2
s 2108 21 13
s 2109 1 0
s 2110 25 15
s 2111 1 1
s 2112 13 5
s 2113 4 3
s 2114 5 4
s 2116 4 1
s 2117 20 14
s 2119 30 15
s 2120 3 3
s 2121 1 0
s 2122 31 17
s 2123 9 2
s 2124 15 9
s 2125 4 3
s 2126 6 3
s 2127 14 9
s 2130 3 1
s 2131 6 4
s 2132 10 7
s 2133 36 20
s 2134 57 35
s 2135 29 15
s 2136 11 5
s 2138 17 11
s 2139 3 2
s 2140 3 2
s 2141 5 5
s 2144 24 15
s 2145 18 12
s 2146 20 6
s 2147 3 3
s 2148 31 12
s 2149 11 6
s 2151 5 3
s 2152 6 4
s 2153 18 12
s 2154 41 20
s 2155 24 10
s 2156 26 14
s 2158 12 6
s 2159 10 6
s 2160 44 24
s 2161 3 2
s 2162 1 1
s 2167 33 22
s 2168 25 14
s 2169 25 15
s 2171 54 27
s 2174 13 6
s 2176 30 14
s 2177 7 3
s 2179 19 12
s 2183 33 16
s 2184 2 1
s 2185 4 1
s 2193 3 1
s 2203 12 8
s 2314 18 10
s 2315 123 60
s 2316 64 36
s 2317 65 37
s 2318 28 17
s 2319 27 16
s 2320 29 15
s 2321 65 35
s 2322 104 67
s 2323 130 61
s 2324 27 14
s 2325 122 69
s 2326 13 9
s 2327 23 15
s 2329 107 58
s 2330 51 22
s 2331 15 9
s 2332 78 41
s 2333 61 28
s 2334 23 11
s 2335 31 16
s 2336 8 6
s 2337 53 31
s 2338 12 5
s 2339 10 6
s 2340 103 56
s 2341 6 1
s 2342 40 26
s 2343 29 11
s 2344 3 2
s 2345 18 8
s 2346 8 4
s 2347 18 10
s 2348 5 4
s 2349 2 1
s 2350 38 12
s 2351 30 22
s 2352 80 40
s 2353 132 69
s 2354 11 4
s 2355 85 40
s 2356 7 3
s 2357 60 39
s 2358 179 96
s 2359 122 57
s 2360 28 11
s 2361 3 2
s 2362 20 9
s 2363 20 9
s 2364 78 47
s 2365 5 3
s 2366 84 54
s 2367 5 3
s 2368 8 3
s 2369 11 5
s 2370 4 2
s 2371 49 26
s 2372 2 0
s 2373 120 67
s 2374 19 8
s 2375 69 35
s 2376 15 10
s 2377 16 9
s 2378 91 48
s 2379 6 4
s 2380 81 49
s 2381 40 22
s 2382 32 19
s 2383 52 28
s 2384 63 31
s 2385 13 6
s 2386 3 2
s 2387 40 28
s 2388 19 12
s 2389 83 39
s 2390 92 45
s 2391 27 15
s 2392 21 8
s 2393 11 8
s 2394 50 35
s 2395 27 14
s 2396 7 3
s 2397 44 21
s 2398 11 9
s 2399 8 4
s 2400 132 67
s 2401 17 9
s 2402 74 41
s 2403 10 4
s 2404 113 65
s 2405 19 12
s 2406 4 0
s 2407 13 8
s 2408 13 6
s 2409 55 27
s 2410 242 133
s 2411 127 70
s 2412 149 60
s 2413 79 36
s 2414 23 14
s 2415 24 12
s 2416 64 46
s 2417 9 5
s 2418 18 12
s 2423 106 58
s 2424 104 53
s 2425 19 7
s 2427 118 58
s 2430 50 23
s 2432 93 52
s 2433 33 14
s 2435 49 26
s 2439 97 52
s 2440 11 8
s 2441 25 15
s 2442 19 8
s 2449 73 40
s 2459 85 53
s 2571 1 1
s 2573 9 3
s 2574 7 5
s 2575 5 4
s 2576 3 1
s 2577 8 6
s 2579 4 1
s 2580 7 3
s 2581 7 5
s 2582 4 2
s 2585 14 9
s 2586 11 4
s 2587 5 4
s 2588 11 8
s 2589 4 3
s 2590 4 2
s 2591 12 8
s 2593 6 3
s 2594 2 2
s 2596 5 2
s 2597 3 2
s 2598 7 3
s 2599 5 4
s 2602 2 0
s 2603 1 1
s 2605 1 0
s 2607 6 3
s 2609 6 3
s 2610 3 0
s 2611 11 7
s 2612 3 1
s 2613 4 3
s 2615 14 5
s 2617 3 0
s 2618 3 1
s 2619 1 1
s 2620 21 15
s 2622 5 2
s 2623 1 0
s 2624 1 0
s 2625 4 3
s 2626 1 0
s 2629 10 7
s 2631 6 2
s 2634 16 6
s 2635 5 1
s 2636 6 5
s 2637 1 0
s 2638 2 1
s 2639 5 1
s 2640 1 0
s 2641 2 1
s 2643 3 2
s 2644 10 4
s 2645 23 16
s 2646 27 14
s 2647 8 5
s 2648 3 1
s 2650 13 9
s 2651 3 3
s 2653 4 2
s 2656 20 10
s 2657 2 1
s 2658 6 3
s 2660 18 9
s 2661 11 5
s 2665 12 9
s 2666 14 5
s 2667 14 8
s 2668 15 8
s 2669 1 0
s 2670 3 2
s 2671 3 3
s 2672 10 8
s 2673 1 0
s 2679 20 14
s 2680 12 6
s 2681 7 2
s 2683 23 14
s 2686 9 6
s 2688 14 4
s 2689 4 1
s 2691 15 6
s 2695 11 5
s 2696 4 3
s 2697 6 2
s 2705 4 3
s 2715 5 4
s 2828 15 2
s 2829 48 26
s 2830 71 42
s 2831 18 9
s 2832 17 7
s 2833 52 31
s 2834 20 9
s 2835 39 18
s 2836 33 15
s 2837 76 39
s 2838 29 17
s 2839 27 14
s 2841 80 38
s 2842 103 42
s 2843 53 29
s 2844 146 73
s 2845 70 38
s 2846 21 14
s 2847 46 24
s 2848 4 3
s 2849 38 20
s 2850 15 9
s 2851 12 6
s 2852 46 22
s 2853 24 10
s 2854 29 12
s 2855 28 11
s 2856 6 2
s 2857 7 4
s 2858 4 2
s 2859 20 6
s 2860 2 1
s 2861 2 1
s 2862 10 4
s 2863 23 7
s 2864 21 10
s 2865 45 16
s 2866 10 6
s 2867 110 59
s 2868 11 3
s 2869 27 17
s 2870 45 30
s 2871 79 36
s 2872 7 4
s 2873 13 10
s 2874 25 10
s 2875 15 7
s 2876 59 31
s 2877 4 2
s 2878 63 31
s 2879 8 1
s 2880 25 14
s 2881 12 7
s 2882 2 1
s 2883 19 8
s 2884 7 3
s 2885 91 41
s 2886 3 0
s 2887 78 36
s 2888 6 5
s 2889 2 1
s 2890 77 36
s 2891 24 10
s 2892 32 16
s 2893 20 12
s 2894 23 16
s 2895 39 17
s 2896 4 2
s 2897 4 1
s 2898 3 2
s 2899 71 35
s 2900 101 54
s 2901 150 82
s 2902 193 100
s 2903 72 36
s 2904 27 17
s 2906 83 45
s 2907 28 11
s 2908 7 4
s 2909 25 14
s 2910 5 1
s 2911 7 4
s 2912 120 60
s 2913 30 18
s 2914 58 34
s 2915 11 6
s 2916 187 82
s 2917 64 35
s 2918 7 4
s 2919 9 3
s 2920 15 6
s 2921 60 31
s 2922 150 81
s 2923 114 51
s 2924 134 59
s 2925 6 1
s 2926 41 23
s 2927 25 14
s 2928 114 69
s 2929 5 3
s 2930 6 1
s 2935 124 64
s 2936 80 40
s 2937 47 21
s 2939 175 91
s 2942 35 17
s 2944 120 60
s 2945 46 22
s 2947 98 46
s 2951 85 45
s 2952 22 10
s 2953 26 15
s 2954 10 6
s 2961 14 4
s 2971 63 39
s 3085 14 7
s 3086 27 13
s 3087 13 8
s 3088 6 3
s 3089 22 9
s 3091 13 9
s 3092 4 3
s 3093 34 19
s 3094 8 4
s 3095 12 8
s 3097 50 20
s 3098 30 13
s 3099 17 8
s 3100 23 12
s 3101 24 11
s 3102 19 10
s 3103 17 7
s 3105 25 18
s 3106 6 3
s 3107 2 0
s 3108 21 12
s 3109 9 5
s 3110 5 2
s 3111 12 5
s 3112 7 4
s 3115 9 6
s 3116 1 1
s 3117 3 3
s 3118 3 3
s 3119 11 6
s 3121 31 17
s 3122 14 8
s 3123 24 9
s 3124 4 1
s 3125 3 2
s 3127 22 13
s 3128 1 0
s 3130 10 5
s 3131 2 2
s 3132 26 13
s 3133 2 2
s 3134 27 16
s 3135 3 1
s 3136 20 9
s 3137 7 3
s 3138 2 0
s 3140 8 2
s 3141 33 16
s 3143 33 15
s 3144 1 0
s 3145 2 2
s 3146 21 5
s 3147 16 7
s 3148 15 8
s 3149 10 7
s 3150 14 8
s 3151 13 3
s 3154 2 0
s 3155 25 19
s 3156 6 3
s 3157 51 22
s 3158 84 37
s 3159 34 19
s 3160 10 4
s 3162 27 17
s 3163 8 5
s 3164 4 3
s 3165 8 6
s 3168 34 16
s 3169 6 4
s 3170 19 8
s 3171 3 1
s 3172 25 10
s 3173 23 13
s 3174 3 1
s 3175 2 2
s 3176 6 1
s 3177 33 14
s 3178 55 22
s 3179 43 22
s 3180 52 11
s 3182 21 10
s 3183 12 5
s 3184 47 26
s 3185 1 1
s 3186 3 1
s 3191 46 22
s 3192 32 18
s 3193 27 13
s 3195 78 39
s 3198 19 9
s 3200 60 31
s 3201 15 5
s 3203 44 20
s 3207 44 23
s 3208 9 5
s 3209 15 8
s 3210 2 0
s 3217 7 4
s 3227 20 10
s 3342 8 4
s 3343 6 4
s 3345 1 1
s 3346 23 11
s 3347 35 19
s 3348 8 6
s 3349 48 22
s 3350 3 0
s 3351 2 1
s 3353 3 3
s 3354 23 13
s 3355 9 4
s 3356 14 7
s 3357 21 10
s 3358 27 12
s 3359 13 7
s 3360 1 0
s 3361 17 9
s 3364 23 12
s 3365 2 2
s 3366 12 7
s 3368 3 2
s 3369 8 5
s 3370 2 0
s 3371 1 0
s 3373 4 2
s 3374 10 3
s 3375 5 2
s 3376 18 10
s 3377 7 2
s 3378 10 4
s 3379 28 17
s 3381 20 9
s 3382 45 20
s 3383 34 17
s 3384 13 8
s 3385 1 0
s 3386 13 5
s 3388 19 14
s 3389 3 1
s 3390 22 17
s 3391 7 3
s 3392 7 4
s 3393 4 3
s 3394 1 1
s 3395 10 5
s 3396 2 1
s 3397 33 16
s 3398 7 3
s 3399 26 12
s 3400 8 6
s 3401 6 4
s 3402 2 0
s 3403 6 2
s 3404 1 0
s 3405 12 7
s 3406 9 5
s 3407 9 4
s 3408 16 12
s 3409 1 1
s 3411 17 12
s 3412 16 9
s 3413 54 26
s 3414 50 25
s 3415 23 14
s 3416 10 6
s 3417 2 0
s 3418 19 12
s 3419 12 6
s 3420 1 0
s 3421 11 7
s 3422 2 0
s 3423 4 2
s 3424 57 30
s 3425 3 1
s 3426 15 9
s 3427 3 0
s 3428 43 18
s 3429 12 8
s 3430 1 1
s 3431 7 3
s 3432 5 2
s 3433 34 22
s 3435 14 4
s 3436 35 15
s 3437 23 11
s 3438 18 9
s 3439 8 6
s 3440 41 17
s 3441 1 0
s 3442 3 1
s 3447 76 29
s 3448 5 2
s 3449 15 7
s 3451 71 40
s 3456 25 13
s 3457 8 5
s 3459 37 17
s 3463 32 17
s 3464 7 3
s 3465 5 2
s 3466 3 2
s 3473 24 15
s 3483 43 24
s 3599 15 8
s 3600 5 3
s 3601 17 11
s 3602 34 14
s 3603 30 16
s 3604 27 16
s 3605 66 33
s 3606 14 8
s 3607 12 10
s 3609 56 30
s 3610 55 30
s 3611 12 6
s 3612 14 7
s 3613 16 9
s 3614 17 7
s 3615 30 18
s 3616 6 5
s 3617 15 8
s 3618 12 7
s 3619 21 9
s 3620 44 21
s 3621 10 5
s 3622 6 2
s 3623 14 6
s 3624 4 2
s 3625 6 3
s 3626 8 6
s 3627 15 7
s 3628 10 6
s 3629 6 2
s 3630 9 5
s 3631 21 17
s 3632 34 20
s 3633 24 11
s 3634 6 5
s 3635 18 8
s 3636 6 3
s 3637 22 12
s 3638 38 24
s 3639 29 13
s 3640 12 4
s 3641 2 0
s 3642 8 6
s 3643 9 2
s 3644 27 15
s 3645 5 3
s 3646 9 6
s 3647 9 3
s 3648 14 4
s 3649 5 3
s 3650 3 2
s 3651 20 11
s 3652 7 3
s 3653 18 12
s 3654 12 5
s 3655 26 13
s 3656 13 6
s 3657 7 4
s 3658 47 26
s 3659 18 8
s 3660 24 16
s 3661 4 1
s 3662 6 4
s 3663 9 3
s 3664 11 4
s 3666 1 1
s 3667 21 11
s 3668 17 8
s 3669 42 27
s 3670 76 41
s 3671 24 13
s 3672 6 2
s 3673 2 1
s 3674 16 8
s 3675 22 13
s 3676 7 4
s 3677 18 8
s 3678 6 5
s 3679 8 4
s 3680 20 13
s 3681 15 7
s 3682 17 8
s 3683 7 3
s 3684 35 15
s 3685 16 8
s 3686 5 2
s 3687 2 1
s 3688 7 2
s 3689 28 20
s 3690 51 27
s 3691 26 13
s 3692 32 14
s 3693 24 12
s 3694 26 12
s 3695 18 10
s 3696 47 29
s 3697 14 10
s 3698 4 2
s 3703 36 20
s 3704 19 11
s 3705 41 23
s 3707 58 31
s 3710 16 8
s 3712 46 24
s 3713 11 6
s 3715 37 20
s 3719 41 19
s 3720 5 2
s 3721 11 4
s 3722 18 9
s 3729 15 13
s 3739 16 10
s 3856 5 2
s 3857 6 4
s 3858 12 7
s 3859 16 8
s 3860 14 7
s 3861 21 13
s 3862 7 3
s 3863 9 6
s 3865 25 12
s 3866 25 10
s 3867 8 6
s 3868 9 6
s 3869 8 6
s 3870 11 7
s 3871 12 6
s 3872 1 0
s 3873 4 4
s 3874 1 1
s 3875 2 2
s 3876 17 10
s 3877 1 1
s 3878 3 1
s 3879 5 3
s 3880 1 0
s 3881 5 1
s 3882 1 0
s 3883 6 2
s 3884 1 0
s 3885 1 0
s 3886 3 2
s 3887 7 4
s 3888 7 3
s 3889 9 6
s 3890 2 1
s 3891 21 12
s 3892 2 2
s 3893 5 3
s 3894 26 13
s 3895 14 10
s 3896 3 1
s 3898 5 3
s 3899 5 4
s 3900 13 8
s 3902 16 11
s 3903 2 2
s 3904 1 0
s 3905 1 0
s 3906 1 0
s 3907 9 6
s 3908 1 0
s 3909 5 3
s 3910 5 1
s 3911 31 18
s 3912 3 1
s 3914 15 8
s 3915 3 2
s 3916 12 7
s 3917 2 2
s 3918 3 2
s 3919 6 5
s 3920 7 4
s 3921 2 0
s 3923 11 7
s 3924 15 8
s 3925 18 7
s 3926 43 22
s 3927 15 7
s 3928 4 1
s 3930 12 6
s 3931 18 13
s 3932 1 0
s 3933 12 6
s 3934 2 0
s 3935 1 1
s 3936 21 7
s 3937 5 3
s 3938 7 3
s 3939 1 0
s 3940 33 14
s 3941 11 5
s 3942 2 2
s 3943 3 2
s 3944 5 3
s 3945 18 9
s 3946 18 10
s 3947 16 6
s 3948 18 9
s 3949 3 2
s 3950 9 6
s 3951 10 9
s 3952 21 14
s 3953 1 1
s 3954 3 2
s 3959 25 16
s 3960 16 8
s 3961 6 4
s 3963 33 15
s 3966 6 3
s 3968 19 11
s 3969 9 6
s 3971 27 14
s 3975 12 5
s 3976 6 2
s 3977 6 3
s 3978 3 1
s 3985 9 6
s 3995 8 4
s 4113 2 0
s 4114 7 3
s 4115 6 3
s 4116 4 0
s 4117 10 5
s 4118 2 1
s 4119 2 1
s 4121 5 2
s 4122 11 3
s 4123 7 3
s 4124 5 3
s 4125 2 1
s 4126 3 3
s 4127 6 3
s 4129 4 2
s 4131 2 2
s 4132 10 6
s 4133 7 4
s 4134 4 3
s 4135 3 1
s 4137 2 0
s 4138 2 0
s 4139 3 2
s 4140 1 0
s 4142 3 2
s 4143 2 1
s 4144 12 6
s 4145 2 1
s 4146 3 0
s 4147 17 3
s 4149 7 2
s 4150 20 9
s 4151 11 3
s 4152 6 0
s 4153 2 1
s 4154 1 0
s 4156 6 3
s 4158 9 4
s 4160 4 2
s 4161 2 1
s 4162 1 1
s 4163 8 3
s 4164 2 0
s 4165 13 6
s 4166 3 1
s 4167 7 3
s 4168 2 1
s 4169 1 0
s 4170 6 2
s 4171 4 1
s 4172 2 1
s 4173 4 3
s 4175 6 2
s 4176 8 4
s 4177 2 0
s 4178 1 0
s 4179 6 2
s 4180 5 3
s 4181 14 5
s 4182 16 9
s 4183 5 2
s 4184 2 2
s 4186 13 6
s 4187 5 2
s 4188 1 0
s 4189 4 3
s 4190 1 1
s 4191 1 1
s 4192 12 8
s 4193 4 3
s 4194 6 2
s 4196 10 4
s 4197 9 7
s 4198 1 1
s 4199 1 0
s 4201 9 3
s 4202 4 1
s 4203 4 3
s 4204 5 2
s 4205 11 4
s 4206 2 0
s 4207 3 2
s 4208 18 10
s 4215 21 11
s 4216 5 2
s 4217 7 2
s 4219 31 11
s 4222 1 0
s 4224 9 2
s 4225 3 0
s 4227 16 5
s 4231 8 4
s 4232 2 2
s 4233 1 0
s 4234 4 1
s 4241 5 1
s 4251 12 4
s 4370 32 22
s 4371 38 17
s 4372 12 7
s 4373 60 29
s 4374 5 4
s 4375 4 0
s 4377 12 7
s 4378 37 19
s 4379 19 9
s 4380 30 17
s 4381 28 18
s 4382 31 17
s 4383 22 10
s 4385 26 15
s 4386 1 1
s 4387 2 2
s 4388 41 20
s 4389 9 4
s 4390 16 13
s 4392 2 1
s 4393 9 5
s 4394 7 4
s 4395 3 2
s 4396 2 1
s 4398 10 4
s 4399 2 1
s 4400 48 27
s 4401 14 6
s 4402 8 5
s 4403 38 20
s 4405 25 17
s 4406 54 26
s 4407 35 19
s 4408 10 3
s 4409 1 1
s 4410 10 4
s 4411 4 2
s 4412 34 18
s 4413 3 0
s 4414 33 23
s 4415 3 1
s 4416 18 11
s 4417 1 1
s 4418 3 1
s 4419 17 8
s 4420 3 3
s 4421 38 27
s 4422 13 5
s 4423 32 17
s 4424 12 5
s 4425 6 3
s 4426 4 2
s 4427 13 6
s 4428 2 1
s 4429 22 11
s 4430 8 4
s 4431 15 6
s 4432 25 13
s 4433 3 1
s 4435 23 15
s 4436 16 6
s 4437 63 29
s 4438 52 34
s 4439 32 15
s 4440 13 9
s 4441 4 3
s 4442 69 39
s 4443 15 9
s 4444 2 1
s 4445 12 8
s 4446 5 3
s 4447 2 2
s 4448 44 22
s 4449 4 1
s 4450 28 11
s 4451 3 0
s 4452 36 20
s 4453 26 14
s 4454 3 2
s 4455 3 1
s 4456 2 0
s 4457 40 21
s 4458 1 0
s 4459 16 5
s 4460 54 28
s 4461 24 12
s 4462 16 11
s 4463 5 3
s 4464 73 41
s 4465 3 2
s 4466 5 2
s 4471 68 35
s 4472 5 2
s 4473 38 21
s 4475 93 45
s 4478 1 0
s 4480 35 13
s 4481 16 6
s 4483 30 16
s 4487 40 26
s 4488 6 5
s 4489 2 2
s 4490 8 4
s 4497 22 11
s 4507 45 24
s 4628 12 6
s 4629 58 31
s 4630 13 8
s 4631 13 9
s 4633 71 33
s 4634 47 19
s 4635 14 4
s 4636 26 13
s 4637 27 14
s 4638 25 12
s 4639 33 14
s 4640 4 2
s 4641 32 23
s 4642 4 1
s 4643 6 2
s 4644 32 19
s 4645 9 4
s 4646 16 9
s 4647 20 10
s 4648 1 1
s 4650 2 2
s 4651 8 4
s 4653 4 2
s 4655 21 16
s 4657 34 16
s 4658 11 5
s 4659 36 20
s 4660 5 4
s 4661 8 6
s 4662 1 1
s 4663 55 24
s 4666 16 5
s 4667 7 5
s 4668 40 17
s 4670 42 32
s 4671 1 1
s 4672 14 4
s 4673 11 3
s 4676 7 4
s 4677 48 24
s 4679 46 23
s 4680 4 3
s 4682 63 35
s 4683 19 10
s 4684 38 18
s 4685 21 11
s 4686 22 13
s 4687 20 10
s 4689 1 0
s 4691 10 7
s 4692 21 11
s 4693 54 18
s 4694 99 46
s 4695 29 15
s 4696 17 7
s 4698 44 29
s 4699 8 3
s 4700 2 1
s 4701 16 7
s 4704 47 27
s 4705 13 4
s 4706 29 15
s 4707 3 0
s 4708 28 16
s 4709 24 10
s 4710 3 1
s 4711 3 2
s 4712 6 5
s 4713 66 38
s 4714 90 41
s 4715 59 30
s 4716 66 32
s 4718 28 14
s 4719 22 12
s 4720 91 46
s 4721 2 0
s 4722 7 3
s 4727 116 66
s 4728 41 23
s 4729 27 12
s 4731 104 48
s 4734 27 13
s 4736 62 32
s 4737 16 8
s 4739 52 28
s 4743 59 27
s 4744 5 4
s 4745 5 3
s 4753 6 3
s 4763 32 17
s 4884 8 3
s 4885 60 30
s 4886 10 5
s 4887 9 3
s 4889 88 38
s 4890 44 18
s 4891 18 10
s 4892 32 13
s 4893 19 9
s 4894 40 17
s 4895 33 15
s 4896 1 0
s 4897 36 21
s 4898 7 2
s 4899 11 4
s 4900 43 25
s 4901 9 3
s 4902 20 10
s 4903 17 5
s 4904 4 4
s 4906 1 0
s 4907 12 8
s 4908 2 1
s 4909 3 3
s 4910 11 1
s 4911 16 8
s 4912 8 2
s 4913 29 12
s 4914 16 8
s 4915 46 16
s 4916 4 2
s 4917 18 8
s 4918 24 10
s 4919 54 22
s 4920 5 1
s 4921 4 3
s 4922 13 7
s 4923 7 4
s 4924 33 14
s 4925 5 5
s 4926 35 20
s 4927 2 0
s 4928 15 5
s 4929 9 3
s 4930 1 1
s 4931 4 4
s 4932 9 4
s 4933 57 26
s 4934 3 1
s 4935 36 13
s 4936 8 3
s 4938 43 19
s 4939 17 8
s 4940 28 17
s 4941 20 11
s 4942 12 9
s 4943 25 12
s 4944 7 4
s 4945 1 0
s 4946 2 1
s 4947 23 13
s 4948 28 14
s 4949 63 30
s 4950 97 42
s 4951 27 10
s 4952 10 6
s 4954 58 30
s 4955 25 13
s 4956 3 2
s 4957 16 7
s 4958 6 2
s 4959 1 0
s 4960 50 28
s 4961 11 5
s 4962 40 21
s 4963 3 1
s 4964 39 19
s 4965 17 8
s 4966 1 0
s 4967 3 1
s 4968 10 5
s 4969 65 28
s 4970 74 37
s 4971 48 29
s 4972 73 27
s 4973 11 4
s 4974 39 22
s 4975 15 7
s 4976 81 47
s 4977 5 4
s 4978 6 4
s 4983 120 69
s 4984 46 22
s 4985 30 19
s 4987 135 61
s 4990 16 4
s 4992 68 26
s 4993 13 7
s 4995 68 28
s 4999 71 30
s 5000 8 2
s 5001 12 4
s 5002 9 5
s 5009 12 10
s 5019 44 23
s 5141 15 7
s 5142 11 7
s 5143 8 2
s 5145 27 9
s 5146 27 10
s 5147 11 8
s 5148 17 7
s 5149 18 5
s 5150 11 4
s 5151 15 6
s 5153 6 2
s 5154 6 3
s 5155 13 6
s 5156 34 18
s 5157 2 1
s 5158 11 8
s 5159 7 5
s 5160 3 1
s 5161 7 3
s 5162 7 2
s 5163 13 8
s 5164 3 2
s 5165 3 0
s 5166 9 4
s 5167 12 8
s 5168 17 8
s 5169 19 9
s 5170 1 0
s 5171 25 13
s 5172 2 1
s 5173 17 10
s 5174 24 12
s 5175 18 7
s 5176 11 5
s 5177 3 3
s 5178 8 4
s 5179 5 1
s 5180 32 13
s 5181 1 0
s 5182 22 15
s 5183 3 3
s 5184 11 5
s 5185 1 1
s 5186 1 1
s 5187 3 2
s 5188 2 0
s 5189 14 7
s 5190 14 7
s 5191 21 11
s 5192 2 1
s 5193 2 0
s 5194 31 13
s 5195 9 3
s 5196 18 7
s 5197 9 5
s 5198 4 1
s 5199 2 1
s 5200 5 2
s 5201 2 0
s 5202 2 0
s 5203 7 5
s 5204 14 5
s 5205 40 19
s 5206 54 27
s 5207 19 12
s 5208 6 2
s 5210 24 17
s 5211 13 5
s 5212 6 1
s 5213 9 5
s 5214 3 3
s 5215 2 1
s 5216 20 9
s 5217 18 6
s 5218 13 5
s 5219 4 1
s 5220 40 20
s 5221 12 7
s 5222 1 1
s 5224 8 5
s 5225 20 12
s 5226 32 16
s 5227 27 10
s 5228 32 14
s 5229 10 5
s 5230 13 7
s 5231 6 4
s 5232 21 9
s 5233 3 2
s 5234 4 1
s 5239 19 12
s 5240 24 10
s 5241 21 10
s 5243 40 21
s 5246 11 4
s 5248 26 12
s 5249 15 6
s 5251 17 7
s 5255 30 15
s 5256 4 1
s 5257 7 5
s 5258 5 2
s 5265 8 4
s 5275 14 8
s 5398 16 6
s 5399 17 7
s 5401 97 49
s 5402 63 28
s 5403 29 15
s 5404 62 33
s 5405 51 32
s 5406 49 25
s 5407 41 16
s 5408 6 3
s 5409 29 15
s 5410 11 6
s 5411 7 4
s 5412 76 42
s 5413 16 10
s 5414 23 14
s 5415 21 9
s 5416 7 4
s 5417 13 6
s 5418 6 6
s 5419 15 7
s 5420 4 3
s 5421 8 6
s 5422 20 7
s 5423 28 15
s 5424 37 19
s 5425 79 49
s 5426 13 8
s 5427 65 39
s 5428 10 3
s 5429 37 19
s 5430 91 46
s 5431 72 40
s 5432 15 5
s 5433 8 4
s 5434 23 11
s 5435 15 7
s 5436 72 37
s 5437 5 4
s 5438 49 37
s 5439 5 2
s 5440 27 13
s 5441 10 2
s 5442 2 0
s 5443 21 9
s 5444 4 1
s 5445 79 40
s 5446 22 8
s 5447 71 36
s 5448 12 6
s 5449 9 6
s 5450 72 41
s 5451 27 17
s 5452 54 33
s 5453 25 12
s 5454 19 11
s 5455 23 7
s 5456 24 14
s 5457 6 3
s 5458 5 4
s 5459 45 28
s 5460 35 21
s 5461 143 67
s 5462 95 43
s 5463 56 23
s 5464 21 11
s 5465 2 1
s 5466 43 26
s 5467 30 16
s 5468 8 5
s 5469 25 12
s 5470 7 4
s 5471 5 2
s 5472 102 58
s 5473 14 5
s 5474 59 32
s 5475 6 1
s 5476 131 69
s 5477 45 16
s 5478 3 1
s 5479 13 7
s 5480 10 5
s 5481 77 36
s 5482 128 71
s 5483 105 61
s 5484 97 39
s 5485 33 16
s 5486 46 25
s 5487 25 15
s 5488 116 69
s 5489 8 4
s 5490 7 2
s 5495 96 56
s 5496 74 38
s 5497 33 11
s 5499 124 70
s 5502 43 30
s 5504 105 50
s 5505 25 8
s 5507 67 35
s 5511 103 51
s 5512 10 7
s 5513 17 8
s 5514 10 4
s 5521 43 22
s 5531 65 35
s 5655 6 3
s 5657 18 8
s 5658 12 3
s 5659 7 3
s 5660 13 7
s 5661 16 8
s 5662 7 3
s 5663 7 3
s 5664 1 0
s 5665 7 4
s 5666 1 1
s 5667 6 4
s 5668 17 10
s 5669 6 3
s 5670 3 0
s 5671 4 1
s 5672 2 1
s 5673 2 2
s 5674 3 2
s 5675 4 2
s 5676 2 0
s 5678 4 1
s 5679 5 5
s 5680 20 7
s 5681 3 2
s 5682 1 0
s 5683 9 5
s 5685 12 9
s 5686 14 6
s 5687 5 2
s 5688 2 0
s 5689 1 0
s 5690 3 2
s 5691 3 2
s 5692 14 9
s 5694 3 2
s 5696 8 1
s 5697 1 1
s 5698 1 0
s 5699 6 3
s 5700 3 2
s 5701 19 9
s 5702 5 3
s 5703 7 4
s 5704 2 1
s 5705 2 1
s 5706 8 5
s 5707 4 1
s 5708 3 2
s 5709 2 1
s 5710 5 2
s 5711 4 4
s 5712 3 2
s 5713 1 0
s 5714 1 0
s 5715 14 10
s 5716 15 5
s 5717 20 10
s 5718 16 10
s 5719 6 3
s 5720 3 2
s 5722 5 3
s 5723 4 2
s 5725 4 1
s 5726 6 2
s 5728 15 8
s 5729 8 3
s 5730 5 2
s 5731 3 1
s 5732 14 7
s 5733 5 4
s 5734 3 3
s 5736 3 2
s 5737 10 6
s 5738 9 3
s 5739 7 3
s 5740 18 10
s 5741 7 2
s 5742 4 4
s 5743 4 2
s 5744 13 4
s 5746 1 0
s 5751 12 6
s 5752 4 3
s 5753 9 3
s 5755 14 2
s 5758 6 4
s 5760 17 8
s 5761 2 0
s 5763 10 6
s 5767 12 7
s 5768 4 2
s 5769 3 1
s 5770 1 0
s 5777 6 5
s 5787 6 5
s 5913 17 9
s 5914 11 5
s 5915 9 3
s 5916 3 0
s 5917 4 2
s 5918 6 3
s 5919 10 5
s 5920 1 1
s 5921 3 2
s 5923 2 1
s 5924 13 6
s 5925 5 3
s 5926 2 0
s 5927 1 0
s 5928 1 0
s 5929 2 0
s 5930 3 0
s 5931 3 3
s 5932 3 2
s 5933 2 0
s 5934 6 4
s 5935 5 2
s 5936 18 9
s 5937 8 2
s 5938 1 0
s 5939 17 9
s 5940 1 1
s 5941 5 3
s 5942 19 7
s 5943 10 7
s 5944 6 4
s 5945 3 3
s 5946 5 3
s 5948 5 2
s 5949 2 1
s 5950 9 7
s 5951 2 2
s 5952 8 3
s 5953 1 1
s 5954 3 1
s 5955 6 2
s 5956 1 0
s 5957 10 5
s 5958 4 1
s 5959 12 4
s 5960 2 1
s 5961 1 0
s 5962 10 6
s 5963 3 1
s 5964 8 4
s 5965 1 1
s 5966 1 1
s 5967 6 1
s 5968 4 3
s 5971 9 5
s 5972 10 6
s 5973 16 6
s 5974 24 10
s 5975 12 3
s 5976 2 0
s 5978 4 3
s 5979 4 2
s 5981 3 1
s 5982 2 1
s 5983 1 1
s 5984 6 2
s 5985 5 1
s 5986 4 1
s 5987 3 1
s 5988 17 9
s 5989 10 2
s 5992 1 1
s 5993 9 4
s 5994 5 0
s 5995 8 6
s 5996 10 3
s 5997 11 5
s 5998 5 4
s 5999 9 4
s 6000 23 12
s 6001 2 2
s 6002 2 1
s 6007 23 15
s 6008 5 2
s 6009 6 2
s 6011 27 11
s 6014 5 2
s 6016 20 7
s 6017 3 1
s 6019 11 9
s 6023 8 5
s 6024 3 1
s 6025 1 1
s 6026 5 1
s 6033 3 2
s 6043 10 8
s 6426 89 37
s 6427 27 14
s 6428 61 29
s 6429 63 32
s 6430 38 22
s 6431 61 28
s 6432 3 1
s 6433 41 25
s 6434 1 0
s 6435 3 0
s 6436 67 40
s 6437 18 7
s 6438 35 19
s 6439 8 4
s 6440 5 2
s 6441 26 17
s 6442 7 2
s 6443 12 3
s 6444 12 9
s 6445 8 4
s 6446 23 8
s 6447 12 6
s 6448 64 28
s 6449 24 13
s 6450 13 6
s 6451 109 56
s 6452 2 1
s 6453 40 17
s 6454 116 58
s 6455 76 36
s 6456 15 5
s 6457 1 0
s 6458 17 9
s 6459 4 3
s 6460 73 39
s 6461 7 2
s 6462 65 46
s 6463 6 4
s 6464 27 14
s 6465 19 12
s 6466 10 8
s 6467 32 18
s 6468 11 7
s 6469 83 35
s 6470 25 12
s 6471 91 42
s 6472 9 2
s 6473 11 4
s 6474 14 5
s 6475 35 13
s 6476 4 2
s 6477 22 14
s 6478 25 15
s 6479 36 15
s 6480 28 11
s 6481 7 4
s 6482 4 1
s 6483 64 38
s 6484 37 15
s 6485 127 58
s 6486 137 73
s 6487 70 36
s 6488 29 16
s 6489 10 9
s 6490 38 24
s 6491 24 12
s 6492 9 2
s 6493 21 14
s 6494 7 2
s 6495 11 8
s 6496 151 81
s 6497 18 9
s 6498 53 25
s 6499 11 5
s 6500 152 75
s 6501 47 23
s 6502 3 1
s 6503 4 3
s 6504 7 3
s 6505 76 32
s 6506 26 13
s 6507 39 19
s 6508 117 51
s 6509 40 20
s 6510 38 18
s 6511 21 8
s 6512 117 66
s 6513 1 1
s 6514 8 5
s 6519 148 87
s 6520 32 17
s 6521 55 29
s 6523 172 86
s 6526 18 9
s 6528 70 30
s 6529 22 8
s 6531 89 40
s 6535 99 44
s 6536 15 4
s 6537 13 6
s 6538 12 7
s 6545 50 32
s 6555 41 20
s 6683 8 3
s 6684 52 20
s 6685 52 25
s 6686 30 11
s 6687 25 11
s 6688 5 3
s 6689 6 5
s 6690 8 3
s 6691 24 12
s 6692 71 34
s 6693 13 6
s 6694 26 15
s 6695 29 9
s 6696 2 0
s 6697 27 10
s 6698 7 4
s 6699 12 6
s 6700 9 1
s 6701 2 1
s 6702 28 10
s 6703 13 6
s 6704 59 30
s 6705 29 14
s 6706 4 3
s 6707 20 10
s 6708 13 8
s 6709 26 11
s 6710 108 44
s 6711 33 17
s 6712 18 7
s 6713 2 2
s 6714 13 6
s 6715 3 1
s 6716 47 19
s 6717 8 4
s 6718 21 12
s 6719 9 4
s 6720 13 7
s 6721 5 3
s 6722 3 2
s 6723 33 15
s 6724 10 6
s 6725 57 27
s 6726 34 14
s 6727 30 12
s 6728 13 5
s 6729 5 3
s 6730 79 28
s 6731 16 9
s 6732 38 15
s 6733 10 4
s 6734 16 11
s 6735 17 9
s 6736 26 14
s 6737 8 3
s 6738 4 1
s 6739 24 10
s 6740 40 20
s 6741 112 46
s 6742 61 30
s 6743 40 16
s 6744 12 8
s 6745 4 3
s 6746 16 7
s 6747 31 16
s 6748 7 0
s 6749 28 13
s 6750 9 3
s 6751 15 7
s 6752 53 25
s 6753 21 8
s 6754 60 31
s 6755 7 1
s 6756 35 13
s 6757 26 5
s 6758 4 1
s 6759 4 3
s 6760 25 6
s 6761 29 14
s 6762 66 28
s 6763 56 24
s 6764 69 20
s 6765 32 20
s 6766 37 16
s 6767 15 4
s 6768 64 33
s 6769 10 4
s 6770 13 4
s 6775 16 6
s 6776 32 16
s 6777 28 10
s 6779 35 10
s 6782 35 17
s 6784 71 24
s 6785 37 8
s 6787 34 19
s 6791 88 40
s 6792 6 4
s 6793 10 7
s 6794 12 5
s 6801 42 23
s 6811 38 24
s 6940 17 6
s 6941 10 5
s 6942 4 2
s 6943 6 2
s 6944 1 1
s 6945 6 4
s 6946 5 3
s 6947 4 3
s 6948 17 10
s 6949 3 2
s 6950 6 4
s 6951 7 1
s 6952 1 0
s 6953 6 2
s 6954 5 1
s 6955 3 2
s 6956 7 6
s 6957 1 0
s 6958 8 4
s 6959 5 2
s 6960 22 11
s 6961 8 4
s 6962 3 1
s 6963 2 2
s 6964 4 1
s 6965 14 7
s 6966 25 13
s 6967 16 10
s 6968 12 6
s 6969 1 1
s 6970 2 0
s 6971 8 4
s 6972 28 10
s 6973 3 2
s 6974 12 8
s 6975 6 1
s 6976 3 1
s 6977 1 1
s 6978 2 1
s 6979 14 7
s 6980 6 4
s 6981 12 7
s 6982 13 2
s 6983 16 8
s 6984 4 1
s 6985 1 1
s 6986 31 14
s 6987 3 0
s 6988 9 3
s 6989 7 5
s 6990 9 7
s 6991 4 1
s 6992 3 1
s 6993 1 0
s 6994 1 1
s 6995 6 6
s 6996 8 4
s 6997 22 9
s 6998 31 16
s 6999 7 3
s 7000 6 3
s 7001 1 0
s 7002 4 2
s 7003 9 4
s 7004 4 1
s 7005 13 9
s 7006 5 3
s 7007 3 1
s 7008 21 10
s 7009 8 4
s 7010 7 3
s 7011 4 3
s 7012 18 5
s 7013 12 3
s 7015 3 2
s 7016 3 1
s 7017 10 4
s 7018 23 11
s 7019 21 10
s 7020 23 12
s 7021 10 6
s 7022 16 8
s 7023 4 2
s 7024 14 8
s 7025 1 0
s 7026 7 4
s 7031 16 8
s 7032 12 6
s 7033 4 4
s 7035 15 9
s 7038 11 7
s 7040 23 10
s 7041 13 8
s 7043 4 2
s 7047 35 20
s 7048 4 2
s 7049 7 3
s 7050 2 1
s 7057 7 2
s 7067 12 9
s 7197 6 3
s 7198 17 10
s 7199 31 15
s 7200 5 3
s 7201 8 4
s 7202 8 5
s 7203 8 3
s 7204 24 8
s 7205 5 3
s 7206 5 2
s 7207 10 3
s 7208 4 1
s 7209 8 5
s 7210 4 3
s 7211 10 3
s 7212 6 5
s 7213 4 2
s 7214 26 6
s 7215 12 7
s 7216 47 24
s 7217 16 7
s 7218 4 3
s 7219 49 24
s 7220 4 1
s 7221 33 13
s 7222 81 46
s 7223 16 11
s 7224 25 13
s 7226 8 3
s 7227 6 1
s 7228 13 5
s 7229 2 1
s 7230 23 12
s 7231 6 2
s 7232 16 4
s 7233 5 2
s 7234 3 2
s 7235 17 10
s 7236 4 3
s 7237 27 17
s 7238 8 4
s 7239 29 18
s 7240 5 2
s 7241 3 3
s 7242 38 16
s 7243 13 7
s 7244 13 8
s 7245 5 2
s 7246 5 5
s 7247 25 10
s 7248 22 12
s 7250 9 6
s 7251 33 21
s 7252 38 17
s 7253 85 44
s 7254 88 46
s 7255 49 22
s 7256 4 2
s 7257 3 2
s 7258 32 18
s 7259 24 12
s 7260 2 0
s 7261 16 9
s 7262 6 2
s 7264 22 9
s 7265 8 5
s 7266 16 9
s 7267 3 1
s 7268 72 34
s 7269 22 11
s 7270 4 1
s 7271 2 1
s 7272 1 1
s 7273 45 23
s 7274 43 28
s 7275 40 24
s 7276 27 11
s 7277 27 9
s 7278 28 13
s 7279 15 7
s 7280 78 41
s 7281 6 1
s 7282 7 1
s 7287 80 39
s 7288 40 24
s 7289 35 20
s 7291 112 57
s 7294 7 4
s 7296 59 26
s 7297 3 1
s 7299 54 26
s 7303 18 5
s 7304 5 1
s 7305 2 2
s 7306 5 3
s 7313 34 22
s 7323 16 5
s 7454 26 17
s 7455 31 15
s 7456 1 1
s 7457 3 3
s 7458 5 3
s 7459 7 5
s 7460 29 16
s 7461 13 6
s 7462 1 0
s 7463 8 5
s 7464 1 0
s 7465 10 6
s 7466 1 1
s 7467 3 1
s 7468 2 1
s 7469 1 0
s 7470 14 6
s 7471 9 2
s 7472 48 22
s 7473 24 13
s 7474 12 8
s 7475 43 20
s 7476 5 4
s 7477 19 10
s 7478 56 28
s 7480 11 4
s 7481 2 1
s 7482 10 4
s 7483 3 2
s 7485 5 4
s 7486 31 17
s 7487 9 4
s 7488 9 3
s 7489 2 1
s 7491 20 11
s 7492 3 2
s 7493 2 1
s 7494 8 3
s 7495 24 10
s 7496 1 0
s 7497 5 3
s 7498 62 29
s 7499 12 6
s 7500 31 14
s 7501 1 0
s 7503 15 6
s 7504 17 8
s 7505 4 3
s 7506 2 0
s 7507 23 16
s 7508 18 13
s 7509 43 16
s 7510 67 34
s 7511 23 14
s 7512 3 2
s 7513 2 1
s 7514 31 19
s 7515 19 10
s 7517 20 6
s 7518 6 4
s 7519 5 3
s 7521 1 1
s 7522 1 0
s 7523 1 1
s 7524 37 22
s 7525 19 10
s 7526 4 3
s 7527 4 1
s 7528 1 1
s 7529 38 23
s 7530 51 29
s 7531 28 10
s 7533 27 12
s 7534 17 10
s 7535 14 5
s 7536 33 22
s 7537 3 2
s 7538 6 2
s 7543 54 23
s 7544 23 11
s 7545 20 7
s 7547 89 45
s 7550 13 6
s 7552 55 29
s 7553 2 0
s 7555 36 15
s 7559 3 1
s 7560 4 2
s 7561 2 2
s 7562 10 5
s 7569 17 8
s 7579 2 1
s 7711 4 0
s 7712 4 2
s 7713 20 11
s 7714 8 3
s 7715 7 2
s 7716 28 16
s 7717 2 0
s 7718 7 6
s 7719 15 5
s 7720 1 0
s 7721 9 4
s 7722 3 0
s 7723 3 2
s 7724 1 0
s 7725 1 0
s 7726 10 3
s 7727 15 7
s 7728 23 11
s 7729 25 13
s 7731 17 8
s 7732 2 1
s 7733 20 9
s 7734 40 30
s 7735 24 13
s 7736 6 2
s 7737 1 1
s 7738 2 1
s 7739 10 7
s 7740 23 8
s 7742 23 14
s 7743 3 1
s 7744 2 0
s 7745 5 2
s 7747 21 11
s 7749 35 14
s 7750 11 2
s 7751 25 11
s 7752 7 1
s 7753 6 6
s 7754 32 16
s 7755 3 1
s 7756 21 14
s 7757 5 2
s 7758 16 8
s 7759 6 6
s 7760 12 4
s 7761 3 2
s 7762 4 2
s 7763 2 1
s 7764 2 1
s 7765 18 9
s 7766 41 21
s 7767 3 3
s 7768 12 6
s 7769 5 3
s 7770 27 15
s 7771 15 6
s 7772 4 1
s 7773 19 9
s 7774 3 0
s 7775 6 4
s 7776 39 21
s 7777 9 4
s 7778 20 11
s 7779 2 0
s 7780 13 8
s 7781 4 3
s 7782 1 1
s 7783 1 0
s 7784 4 3
s 7785 15 8
s 7786 53 32
s 7787 36 16
s 7788 31 16
s 7789 20 10
s 7790 7 3
s 7791 1 1
s 7792 8 4
s 7793 2 1
s 7794 8 5
s 7799 50 22
s 7800 33 17
s 7801 7 6
s 7803 45 26
s 7806 9 4
s 7808 32 17
s 7809 14 5
s 7811 7 1
s 7815 27 10
s 7816 4 1
s 7817 7 3
s 7818 5 2
s 7825 38 23
s 7835 22 9
s 7968 7 5
s 7969 17 8
s 7970 13 5
s 7971 13 7
s 7972 32 16
s 7973 6 1
s 7974 12 4
s 7975 21 5
s 7977 17 2
s 7978 10 8
s 7979 17 11
s 7980 11 6
s 7982 8 4
s 7983 14 10
s 7984 35 15
s 7985 34 22
s 7987 13 6
s 7988 7 3
s 7989 26 6
s 7990 98 44
s 7991 32 23
s 7992 9 5
s 7993 1 1
s 7994 4 3
s 7995 7 4
s 7996 41 18
s 7997 3 3
s 7998 31 22
s 7999 4 3
s 8000 8 4
s 8001 11 7
s 8002 1 0
s 8003 36 20
s 8004 2 0
s 8005 41 19
s 8006 21 10
s 8007 34 19
s 8008 9 3
s 8009 3 0
s 8010 50 25
s 8011 9 5
s 8012 29 11
s 8013 14 10
s 8014 10 6
s 8015 11 4
s 8016 23 11
s 8017 10 5
s 8018 9 4
s 8019 3 3
s 8020 5 1
s 8021 28 9
s 8022 62 24
s 8023 12 5
s 8024 15 5
s 8025 3 2
s 8026 31 17
s 8027 13 8
s 8028 4 3
s 8029 20 10
s 8030 2 0
s 8031 7 3
s 8032 46 19
s 8033 13 2
s 8034 26 6
s 8035 12 5
s 8036 25 9
s 8037 12 3
s 8038 3 3
s 8039 2 2
s 8040 12 8
s 8041 21 10
s 8042 52 22
s 8043 36 14
s 8044 48 20
s 8045 19 9
s 8046 14 8
s 8047 3 2
s 8048 13 7
s 8049 4 2
s 8050 5 2
s 8055 51 29
s 8056 29 14
s 8057 65 34
s 8059 53 22
s 8062 17 7
s 8064 40 18
s 8065 21 8
s 8067 15 6
s 8071 61 22
s 8072 8 1
s 8073 10 3
s 8074 3 1
s 8081 21 11
s 8091 16 7
s 8225 1 1
s 8226 1 1
s 8228 7 2
s 8230 2 0
s 8231 3 0
s 8234 4 3
s 8235 2 0
s 8238 1 1
s 8239 1 1
s 8240 1 1
s 8241 1 0
s 8242 1 0
s 8243 5 0
s 8245 2 1
s 8246 3 1
s 8247 13 5
s 8248 2 0
s 8250 1 0
s 8251 1 0
s 8252 2 2
s 8254 4 1
s 8255 1 1
s 8258 1 0
s 8260 1 0
s 8261 5 1
s 8262 1 1
s 8263 6 3
s 8264 1 0
s 8265 1 1
s 8266 3 0
s 8267 1 0
s 8268 1 0
s 8270 2 0
s 8271 2 1
s 8272 2 1
s 8274 2 1
s 8275 4 1
s 8276 3 0
s 8277 3 2
s 8278 4 2
s 8279 5 4
s 8280 3 2
s 8281 1 1
s 8282 1 1
s 8283 1 1
s 8285 2 1
s 8286 3 1
s 8288 3 1
s 8290 3 0
s 8291 1 0
s 8292 4 2
s 8293 7 2
s 8294 1 0
s 8295 1 1
s 8297 2 0
s 8298 1 1
s 8299 1 1
s 8300 2 1
s 8301 2 1
s 8302 1 0
s 8303 2 0
s 8304 3 2
s 8305 1 0
s 8306 2 1
s 8311 9 4
s 8312 2 1
s 8313 1 1
s 8315 9 7
s 8318 1 1
s 8320 5 3
s 8323 2 1
s 8327 5 3
s 8328 1 0
s 8337 1 1
s 8347 1 0
s 8482 3 1
s 8483 4 3
s 8484 19 12
s 8485 3 2
s 8486 3 2
s 8487 7 4
s 8488 1 1
s 8489 4 4
s 8490 2 1
s 8491 3 1
s 8492 3 1
s 8493 2 2
s 8494 5 4
s 8495 8 3
s 8496 22 10
s 8497 26 18
s 8498 8 5
s 8499 41 22
s 8500 2 1
s 8501 23 16
s 8502 28 18
s 8503 3 2
s 8504 11 7
s 8506 6 4
s 8507 3 1
s 8508 4 1
s 8509 3 3
s 8510 35 26
s 8511 1 1
s 8512 7 3
s 8514 4 2
s 8515 7 5
s 8516 1 1
s 8517 9 6
s 8518 5 1
s 8519 32 19
s 8520 7 5
s 8521 8 3
s 8522 23 10
s 8523 7 4
s 8524 16 11
s 8525 3 2
s 8527 6 3
s 8528 16 11
s 8529 2 1
s 8531 18 14
s 8532 6 4
s 8533 30 17
s 8534 34 19
s 8535 11 6
s 8536 11 8
s 8537 4 2
s 8538 17 7
s 8539 13 8
s 8541 9 4
s 8542 2 2
s 8543 4 2
s 8544 9 7
s 8545 6 4
s 8546 1 1
s 8548 36 16
s 8549 8 4
s 8550 1 1
s 8551 3 2
s 8553 22 14
s 8554 37 27
s 8555 42 26
s 8556 6 4
s 8557 16 10
s 8558 9 6
s 8559 7 5
s 8560 51 33
s 8561 2 0
s 8562 1 0
s 8567 54 38
s 8568 32 22
s 8569 12 6
s 8571 52 30
s 8574 11 6
s 8576 20 10
s 8579 27 15
s 8583 3 2
s 8584 4 3
s 8585 4 4
s 8586 5 3
s 8593 24 13
s 8603 13 7
s 8739 3 1
s 8740 5 2
s 8741 4 1
s 8742 2 1
s 8744 1 0
s 8745 3 1
s 8747 1 0
s 8748 1 1
s 8750 1 0
s 8752 10 4
s 8753 5 4
s 8754 2 2
s 8755 8 3
s 8757 5 2
s 8758 18 10
s 8759 15 8
s 8760 3 2
s 8761 1 0
s 8762 4 3
s 8763 1 0
s 8764 17 10
s 8766 11 2
s 8767 3 1
s 8768 4 2
s 8769 2 2
s 8771 7 2
s 8772 1 1
s 8773 6 2
s 8774 7 2
s 8775 14 9
s 8776 1 0
s 8777 5 2
s 8779 3 3
s 8780 1 0
s 8781 1 0
s 8782 1 1
s 8783 7 3
s 8784 4 1
s 8785 6 5
s 8786 1 1
s 8787 7 3
s 8788 5 3
s 8789 26 13
s 8790 17 11
s 8791 10 5
s 8792 3 1
s 8793 1 0
s 8794 5 2
s 8795 4 1
s 8796 2 2
s 8797 3 2
s 8798 3 1
s 8800 8 2
s 8801 5 1
s 8802 5 2
s 8803 3 0
s 8804 12 8
s 8805 6 2
s 8806 2 0
s 8807 2 1
s 8808 4 2
s 8809 12 8
s 8810 1 1
s 8811 3 0
s 8812 19 11
s 8813 3 2
s 8814 4 3
s 8815 3 2
s 8816 14 6
s 8818 2 2
s 8823 5 4
s 8824 1 1
s 8825 18 7
s 8827 16 8
s 8832 10 4
s 8833 4 1
s 8835 13 6
s 8839 12 7
s 8840 1 0
s 8841 2 1
s 8842 2 0
s 8849 5 3
s 8859 3 1
s 8996 13 4
s 8997 7 4
s 8998 3 2
s 8999 3 1
s 9000 4 4
s 9001 4 2
s 9002 5 3
s 9004 2 1
s 9005 4 1
s 9006 2 2
s 9008 6 3
s 9009 5 3
s 9010 3 2
s 9011 13 3
s 9012 1 1
s 9013 4 3
s 9014 19 8
s 9015 14 6
s 9016 2 1
s 9017 1 1
s 9018 4 2
s 9019 3 0
s 9020 9 4
s 9021 1 1
s 9022 6 4
s 9023 1 1
s 9024 3 0
s 9025 1 1
s 9027 7 2
s 9028 2 0
s 9029 19 8
s 9030 8 3
s 9031 15 6
s 9032 1 1
s 9033 3 2
s 9034 3 3
s 9035 3 2
s 9036 2 0
s 9039 9 4
s 9040 3 2
s 9043 6 3
s 9044 7 2
s 9045 14 5
s 9046 17 8
s 9047 10 6
s 9048 2 1
s 9049 1 0
s 9050 7 6
s 9051 5 4
s 9053 8 4
s 9054 1 0
s 9055 2 1
s 9056 13 5
s 9057 7 4
s 9058 7 3
s 9059 4 3
s 9060 14 7
s 9061 6 2
s 9062 2 2
s 9063 1 0
s 9064 2 1
s 9065 10 9
s 9066 6 5
s 9067 9 2
s 9068 21 8
s 9069 5 1
s 9070 9 4
s 9071 1 1
s 9072 11 5
s 9074 1 0
s 9079 15 8
s 9081 8 4
s 9083 17 7
s 9086 5 3
s 9088 15 5
s 9089 6 4
s 9091 12 6
s 9095 14 5
s 9096 2 1
s 9097 3 0
s 9098 3 0
s 9105 5 4
s 9115 3 2
s 9253 14 6
s 9254 19 12
s 9255 16 7
s 9256 8 5
s 9257 11 2
s 9258 4 1
s 9259 9 3
s 9260 4 4
s 9261 3 0
s 9262 8 2
s 9263 13 8
s 9264 27 18
s 9265 40 19
s 9266 6 4
s 9267 97 44
s 9268 5 2
s 9269 41 21
s 9270 47 21
s 9271 40 22
s 9272 12 4
s 9274 23 10
s 9275 8 2
s 9276 32 16
s 9277 5 2
s 9278 49 33
s 9279 5 3
s 9280 22 11
s 9281 6 3
s 9282 4 2
s 9283 18 12
s 9284 4 1
s 9285 36 18
s 9286 9 5
s 9287 66 34
s 9288 6 4
s 9289 5 3
s 9290 51 26
s 9291 16 6
s 9292 18 14
s 9293 10 6
s 9294 17 7
s 9295 26 13
s 9296 18 11
s 9297 2 0
s 9298 5 4
s 9299 48 26
s 9300 30 18
s 9301 107 44
s 9302 111 68
s 9303 37 22
s 9304 22 16
s 9305 2 2
s 9306 38 22
s 9307 23 16
s 9308 4 2
s 9309 20 8
s 9310 2 0
s 9311 4 4
s 9312 60 28
s 9313 11 5
s 9314 21 11
s 9315 2 0
s 9316 62 33
s 9317 31 17
s 9318 7 7
s 9319 7 5
s 9320 9 5
s 9321 56 23
s 9322 79 45
s 9323 55 34
s 9324 54 29
s 9325 22 10
s 9326 19 8
s 9327 16 6
s 9328 73 46
s 9329 12 7
s 9330 5 2
s 9335 96 56
s 9336 34 14
s 9337 30 18
s 9339 115 60
s 9342 20 10
s 9344 74 37
s 9345 14 5
s 9347 57 28
s 9351 59 29
s 9352 12 7
s 9353 15 9
s 9354 2 1
s 9361 25 14
s 9371 44 26
s 9510 2 1
s 9511 7 3
s 9512 1 1
s 9513 5 2
s 9514 1 1
s 9515 4 0
s 9516 1 1
s 9518 7 4
s 9520 23 13
s 9521 7 3
s 9522 1 0
s 9524 1 0
s 9525 18 10
s 9526 14 6
s 9527 5 3
s 9528 3 1
s 9531 2 0
s 9532 5 2
s 9533 1 0
s 9534 5 2
s 9535 5 1
s 9536 4 1
s 9537 6 1
s 9539 8 2
s 9541 8 2
s 9542 7 4
s 9543 16 10
s 9544 3 1
s 9545 4 1
s 9546 15 7
s 9547 5 1
s 9548 2 1
s 9549 3 2
s 9550 2 0
s 9551 1 1
s 9552 4 0
s 9555 5 3
s 9556 3 1
s 9557 5 1
s 9558 18 8
s 9559 1 0
s 9560 6 1
s 9561 1 0
s 9562 14 8
s 9563 3 2
s 9565 6 4
s 9566 2 2
s 9567 1 1
s 9568 14 7
s 9569 2 1
s 9570 5 2
s 9571 5 2
s 9572 6 4
s 9573 9 5
s 9575 1 0
s 9576 4 1
s 9577 7 2
s 9578 12 9
s 9579 10 4
s 9580 13 6
s 9581 3 1
s 9582 7 2
s 9584 1 0
s 9585 1 1
s 9591 10 2
s 9592 12 3
s 9593 3 2
s 9595 15 7
s 9598 9 7
s 9600 11 4
s 9601 9 4
s 9603 3 2
s 9607 10 6
s 9609 2 1
s 9610 3 1
s 9617 5 2
s 9627 7 5
s 9769 4 2
s 9771 2 1
s 9772 2 2
s 9773 3 2
s 9774 10 1
s 9775 4 3
s 9776 18 11
s 9777 10 5
s 9778 3 3
s 9779 19 11
s 9780 2 2
s 9781 22 11
s 9782 20 11
s 9784 7 3
s 9785 3 0
s 9786 5 4
s 9787 2 1
s 9788 3 1
s 9789 2 2
s 9790 13 11
s 9791 2 2
s 9792 14 11
s 9793 2 1
s 9795 7 3
s 9796 4 2
s 9797 5 3
s 9798 5 2
s 9799 6 4
s 9800 3 2
s 9801 1 1
s 9802 28 16
s 9803 4 3
s 9804 8 5
s 9805 2 0
s 9807 14 7
s 9808 10 7
s 9810 1 1
s 9811 10 7
s 9812 14 8
s 9813 22 8
s 9814 30 15
s 9815 15 9
s 9816 5 2
s 9818 51 33
s 9819 8 6
s 9821 8 6
s 9822 1 0
s 9823 1 1
s 9824 5 3
s 9825 5 3
s 9826 5 3
s 9828 27 11
s 9829 7 4
s 9831 1 1
s 9832 1 0
s 9833 20 12
s 9834 41 24
s 9835 20 15
s 9836 2 0
s 9837 21 11
s 9838 11 6
s 9839 9 6
s 9840 34 19
s 9841 1 1
s 9842 2 0
s 9847 36 22
s 9848 16 7
s 9849 11 6
s 9851 47 27
s 9854 4 3
s 9856 19 7
s 9859 27 9
s 9863 4 3
s 9864 4 1
s 9865 2 0
s 9866 2 1
s 9873 18 13
s 9883 5 3
s 10024 4 2
s 10025 10 4
s 10026 4 2
s 10027 3 0
s 10028 3 0
s 10029 2 0
s 10030 6 1
s 10031 3 1
s 10032 21 8
s 10033 4 1
s 10034 3 0
s 10035 22 11
s 10037 12 2
s 10038 30 14
s 10039 17 7
s 10040 6 1
s 10041 1 1
s 10042 6 3
s 10043 1 0
s 10044 27 10
s 10045 1 0
s 10046 10 4
s 10047 2 1
s 10048 12 4
s 10049 3 1
s 10050 1 1
s 10051 8 4
s 10052 3 0
s 10053 10 4
s 10054 10 2
s 10055 30 12
s 10056 4 3
s 10057 3 2
s 10058 2 0
s 10059 8 4
s 10060 1 0
s 10061 4 2
s 10062 9 2
s 10063 9 4
s 10064 11 5
s 10065 2 0
s 10066 1 0
s 10067 13 4
s 10068 18 9
s 10069 36 18
s 10070 50 20
s 10071 27 6
s 10072 9 4
s 10073 1 1
s 10074 8 2
s 10075 6 3
s 10077 7 2
s 10078 1 0
s 10079 1 0
s 10080 24 14
s 10081 5 3
s 10082 9 3
s 10083 5 2
s 10084 33 15
s 10085 8 2
s 10087 2 2
s 10088 5 1
s 10089 13 5
s 10090 4 3
s 10091 8 4
s 10092 41 17
s 10093 15 6
s 10094 13 7
s 10095 9 5
s 10096 20 10
s 10098 3 1
s 10103 29 9
s 10104 2 2
s 10105 8 3
s 10107 36 9
s 10110 2 0
s 10112 21 6
s 10113 14 1
s 10115 23 8
s 10119 34 10
s 10120 3 3
s 10121 4 2
s 10122 4 3
s 10129 10 1
s 10139 13 8
s 10281 1 1
s 10282 1 1
s 10283 2 0
s 10284 1 0
s 10286 3 1
s 10287 4 1
s 10288 4 2
s 10290 1 0
s 10291 3 1
s 10292 1 1
s 10293 3 3
s 10294 3 1
s 10295 2 1
s 10300 4 1
s 10302 1 0
s 10304 2 1
s 10307 3 2
s 10308 1 0
s 10309 4 3
s 10310 2 0
s 10311 2 1
s 10312 1 1
s 10316 4 1
s 10318 4 2
s 10319 1 1
s 10323 1 1
s 10324 1 1
s 10325 4 2
s 10326 4 2
s 10327 2 1
s 10328 1 1
s 10330 1 1
s 10331 2 1
s 10332 1 0
s 10333 3 3
s 10335 1 1
s 10336 2 1
s 10337 3 2
s 10340 4 1
s 10344 1 0
s 10345 2 0
s 10346 4 2
s 10347 4 1
s 10348 1 1
s 10349 2 1
s 10350 2 1
s 10351 1 1
s 10352 2 0
s 10353 2 1
s 10359 3 2
s 10360 3 0
s 10361 2 1
s 10363 5 3
s 10366 3 2
s 10368 5 5
s 10369 4 1
s 10371 1 1
s 10375 5 5
s 10376 1 0
s 10377 1 1
s 10385 4 2
s 10395 1 0
s 10538 3 2
s 10539 4 1
s 10540 1 0
s 10542 2 0
s 10543 8 6
s 10545 7 4
s 10547 8 2
s 10548 1 0
s 10549 6 2
s 10551 9 5
s 10552 1 0
s 10553 2 0
s 10554 2 1
s 10556 17 3
s 10558 4 3
s 10560 8 2
s 10561 2 1
s 10563 1 0
s 10564 6 3
s 10565 7 4
s 10566 1 1
s 10567 10 2
s 10570 31 13
s 10571 8 4
s 10572 5 2
s 10573 1 0
s 10574 4 2
s 10575 8 6
s 10576 1 1
s 10578 1 0
s 10579 4 4
s 10580 10 4
s 10581 28 18
s 10582 36 12
s 10583 12 4
s 10584 7 3
s 10586 11 6
s 10587 3 2
s 10588 4 3
s 10592 19 13
s 10593 9 1
s 10594 14 5
s 10595 1 1
s 10596 14 5
s 10597 11 3
s 10598 1 0
s 10599 1 1
s 10600 4 0
s 10601 18 9
s 10602 19 7
s 10603 8 1
s 10604 21 7
s 10606 20 10
s 10607 4 3
s 10608 17 9
s 10615 17 10
s 10616 8 4
s 10617 12 4
s 10619 26 14
s 10622 6 2
s 10624 40 18
s 10625 5 3
s 10627 22 10
s 10631 20 8
s 10632 5 2
s 10633 7 5
s 10641 1 0
s 10651 6 5
s 10797 1 0
s 10799 3 1
s 10800 3 1
s 10801 3 1
s 10802 3 0
s 10803 4 2
s 10804 1 1
s 10805 4 4
s 10806 2 1
s 10807 2 1
s 10808 1 0
s 10810 1 1
s 10812 5 1
s 10814 3 3
s 10815 3 2
s 10816 1 1
s 10817 1 1
s 10818 3 2
s 10819 1 0
s 10820 2 0
s 10821 1 1
s 10823 8 4
s 10824 3 1
s 10825 2 1
s 10826 14 10
s 10827 3 2
s 10828 9 4
s 10829 3 3
s 10834 3 2
s 10835 2 1
s 10836 3 2
s 10837 6 1
s 10838 20 9
s 10839 11 5
s 10842 4 0
s 10843 2 0
s 10844 2 0
s 10845 4 2
s 10846 2 1
s 10847 1 0
s 10848 3 1
s 10849 1 0
s 10850 5 4
s 10852 3 1
s 10853 8 3
s 10854 2 1
s 10856 1 1
s 10857 2 1
s 10858 7 2
s 10860 3 2
s 10862 2 1
s 10863 3 1
s 10864 8 5
s 10866 1 0
s 10871 11 4
s 10872 4 0
s 10873 4 2
s 10875 9 4
s 10878 3 1
s 10880 11 4
s 10881 2 1
s 10883 8 2
s 10887 3 1
s 10889 1 0
s 10897 1 0
s 10907 1 1
s 11052 3 0
s 11053 2 0
s 11054 2 0
s 11055 4 1
s 11056 13 2
s 11057 8 4
s 11058 2 2
s 11059 13 7
s 11060 2 0
s 11061 9 4
s 11062 23 12
s 11063 8 7
s 11064 4 4
s 11065 2 1
s 11066 3 0
s 11067 1 1
s 11068 3 2
s 11070 13 5
s 11072 2 1
s 11073 1 0
s 11075 4 2
s 11076 1 0
s 11077 15 10
s 11078 6 5
s 11079 26 13
s 11080 2 2
s 11081 1 0
s 11082 8 2
s 11083 8 4
s 11084 4 2
s 11086 2 1
s 11087 12 3
s 11088 2 1
s 11089 2 1
s 11090 2 1
s 11091 7 4
s 11092 8 4
s 11093 16 6
s 11094 24 9
s 11095 20 8
s 11096 9 4
s 11098 5 3
s 11100 3 2
s 11101 7 4
s 11103 1 0
s 11104 11 8
s 11105 3 2
s 11106 4 1
s 11107 1 0
s 11108 29 13
s 11109 10 6
s 11112 4 1
s 11113 8 6
s 11114 11 9
s 11115 10 5
s 11116 10 7
s 11117 12 6
s 11118 9 5
s 11119 9 5
s 11120 17 9
s 11121 1 0
s 11122 1 1
s 11127 18 11
s 11128 8 4
s 11129 10 4
s 11131 21 8
s 11134 3 1
s 11136 17 6
s 11137 5 0
s 11139 14 10
s 11143 19 9
s 11144 2 2
s 11145 1 0
s 11146 3 2
s 11153 6 4
s 11163 3 2
s 11309 1 1
s 11311 3 1
s 11313 4 3
s 11314 2 1
s 11315 6 5
s 11316 2 1
s 11317 2 0
s 11319 8 5
s 11321 1 0
s 11324 5 1
s 11326 5 2
s 11328 3 0
s 11329 1 0
s 11330 1 0
s 11331 1 0
s 11332 2 0
s 11333 2 1
s 11335 6 4
s 11337 1 0
s 11338 8 5
s 11339 2 1
s 11340 4 0
s 11341 2 2
s 11342 4 3
s 11343 2 1
s 11346 1 1
s 11347 2 1
s 11348 1 0
s 11349 9 5
s 11350 9 6
s 11351 3 2
s 11352 3 2
s 11354 2 1
s 11355 1 0
s 11356 1 1
s 11360 8 2
s 11361 8 1
s 11363 1 1
s 11364 7 3
s 11365 5 2
s 11367 1 1
s 11368 2 0
s 11369 4 1
s 11370 8 4
s 11371 3 2
s 11372 8 4
s 11373 1 0
s 11374 2 2
s 11375 3 1
s 11376 4 2
s 11377 1 0
s 11383 6 4
s 11384 8 4
s 11385 7 4
s 11387 15 8
s 11390 1 1
s 11392 11 6
s 11393 1 1
s 11395 4 2
s 11399 3 0
s 11400 2 0
s 11401 3 1
s 11419 4 3
s 11566 1 0
s 11567 3 1
s 11568 5 2
s 11569 3 1
s 11571 3 1
s 11572 1 0
s 11573 3 1
s 11574 6 2
s 11575 2 0
s 11578 1 0
s 11579 1 1
s 11580 3 1
s 11582 2 2
s 11584 2 1
s 11585 1 0
s 11587 2 0
s 11589 6 5
s 11590 2 1
s 11591 4 3
s 11592 1 0
s 11593 3 0
s 11594 7 2
s 11595 1 1
s 11596 1 1
s 11597 1 1
s 11598 2 1
s 11599 1 0
s 11600 1 0
s 11604 2 1
s 11605 5 4
s 11606 2 1
s 11607 1 1
s 11608 2 1
s 11609 1 0
s 11610 2 1
s 11611 2 2
s 11612 1 0
s 11613 1 0
s 11614 1 0
s 11616 10 4
s 11617 2 1
s 11619 1 0
s 11620 2 0
s 11624 1 1
s 11625 5 3
s 11626 6 5
s 11627 2 1
s 11628 1 0
s 11629 6 3
s 11631 1 1
s 11632 2 1
s 11633 1 0
s 11634 1 1
s 11639 6 3
s 11640 1 0
s 11643 6 4
s 11646 1 0
s 11648 5 2
s 11649 1 0
s 11651 1 0
s 11655 2 1
s 11657 2 0
s 11658 1 0
s 11665 6 5
s 11675 2 1
s 11823 4 2
s 11824 5 2
s 11825 13 5
s 11827 17 8
s 11828 3 2
s 11829 11 4
s 11830 2 1
s 11831 26 14
s 11832 1 0
s 11833 1 0
s 11834 5 1
s 11835 2 0
s 11836 13 6
s 11837 1 1
s 11838 13 10
s 11840 6 2
s 11842 1 1
s 11844 4 0
s 11845 17 5
s 11847 19 8
s 11848 1 0
s 11849 1 0
s 11850 20 6
s 11851 11 5
s 11852 7 3
s 11853 5 3
s 11854 5 1
s 11855 7 3
s 11856 1 0
s 11857 1 0
s 11858 1 1
s 11859 8 5
s 11860 19 7
s 11861 23 10
s 11862 43 17
s 11863 15 7
s 11864 1 1
s 11866 25 14
s 11867 9 3
s 11868 1 1
s 11869 3 2
s 11871 4 3
s 11872 17 6
s 11873 5 2
s 11874 8 3
s 11875 2 2
s 11876 31 11
s 11877 11 4
s 11879 1 0
s 11880 3 1
s 11881 25 12
s 11882 23 15
s 11883 26 15
s 11884 34 10
s 11886 15 7
s 11887 9 6
s 11888 43 22
s 11889 4 1
s 11895 22 10
s 11896 21 11
s 11897 10 3
s 11899 40 13
s 11902 9 1
s 11904 25 8
s 11905 14 6
s 11907 20 4
s 11911 28 14
s 11912 4 3
s 11913 3 2
s 11921 3 0
s 11931 12 7
s 12080 23 11
s 12081 17 9
s 12082 8 4
s 12083 21 11
s 12085 12 9
s 12086 22 7
s 12087 21 12
s 12088 8 5
s 12090 5 2
s 12092 14 9
s 12094 27 16
s 12095 2 0
s 12096 13 7
s 12097 3 2
s 12098 1 1
s 12099 6 3
s 12100 2 0
s 12101 19 12
s 12102 4 2
s 12103 21 10
s 12104 5 4
s 12105 2 2
s 12106 9 4
s 12107 6 4
s 12108 1 1
s 12109 4 3
s 12110 7 4
s 12111 3 3
s 12112 12 4
s 12113 1 1
s 12115 10 6
s 12116 14 4
s 12117 32 19
s 12118 34 15
s 12119 16 8
s 12120 3 2
s 12121 1 1
s 12122 13 8
s 12123 10 6
s 12124 2 0
s 12125 5 3
s 12126 2 2
s 12127 2 2
s 12128 28 16
s 12129 3 1
s 12130 8 7
s 12131 1 1
s 12132 28 14
s 12133 7 3
s 12134 2 0
s 12135 5 3
s 12136 1 1
s 12137 23 8
s 12138 16 10
s 12139 21 12
s 12140 30 10
s 12141 15 7
s 12142 8 3
s 12143 5 1
s 12144 36 23
s 12146 6 4
s 12151 17 9
s 12152 7 1
s 12153 12 9
s 12155 48 19
s 12158 3 1
s 12160 20 9
s 12161 6 5
s 12163 27 14
s 12167 14 5
s 12168 3 1
s 12169 8 5
s 12170 5 3
s 12177 14 5
s 12187 13 9
s 12337 38 25
s 12338 10 4
s 12339 58 26
s 12340 3 2
s 12341 21 10
s 12343 60 34
s 12345 4 1
s 12346 20 9
s 12347 8 1
s 12348 55 36
s 12349 3 2
s 12350 48 37
s 12351 6 6
s 12352 18 7
s 12353 11 7
s 12354 2 1
s 12356 7 4
s 12357 57 30
s 12358 1 1
s 12359 52 31
s 12360 2 1
s 12361 4 2
s 12362 67 37
s 12363 16 5
s 12364 31 15
s 12365 11 5
s 12366 7 6
s 12367 31 10
s 12368 2 1
s 12369 2 2
s 12370 3 1
s 12371 40 27
s 12372 54 34
s 12373 94 46
s 12374 122 62
s 12375 38 21
s 12376 16 2
s 12377 2 0
s 12378 45 25
s 12379 19 13
s 12380 4 1
s 12381 10 6
s 12384 72 26
s 12385 26 13
s 12386 30 16
s 12387 5 1
s 12388 60 28
s 12389 29 9
s 12390 3 1
s 12391 7 3
s 12392 7 2
s 12393 56 31
s 12394 87 48
s 12395 64 30
s 12396 77 35
s 12398 29 15
s 12399 17 6
s 12400 82 42
s 12401 1 1
s 12402 7 4
s 12407 78 40
s 12408 58 28
s 12409 37 17
s 12411 122 64
s 12414 30 13
s 12416 68 32
s 12417 28 9
s 12419 69 33
s 12423 71 42
s 12424 5 3
s 12425 16 7
s 12426 1 1
s 12433 11 7
s 12443 32 17
s 12594 7 4
s 12595 29 9
s 12596 3 2
s 12597 33 19
s 12598 72 36
s 12599 53 26
s 12600 12 7
s 12601 1 1
s 12602 20 8
s 12603 2 1
s 12604 27 13
s 12605 4 1
s 12606 48 34
s 12607 4 3
s 12608 14 11
s 12609 8 3
s 12610 2 1
s 12611 22 17
s 12612 8 3
s 12613 39 20
s 12614 13 3
s 12615 38 18
s 12616 16 8
s 12617 5 2
s 12618 20 11
s 12619 14 6
s 12620 23 11
s 12621 6 2
s 12622 8 5
s 12623 18 10
s 12624 23 8
s 12625 3 2
s 12626 3 2
s 12627 19 11
s 12628 17 11
s 12629 46 21
s 12630 83 38
s 12631 41 17
s 12632 21 13
s 12633 5 5
s 12634 30 18
s 12635 21 9
s 12636 4 3
s 12637 16 9
s 12638 4 3
s 12639 7 6
s 12640 28 11
s 12641 6 2
s 12642 15 7
s 12643 7 3
s 12644 44 18
s 12645 29 14
s 12646 1 0
s 12647 2 2
s 12648 9 6
s 12649 63 33
s 12650 17 7
s 12651 19 9
s 12652 52 25
s 12653 30 13
s 12654 21 9
s 12655 22 11
s 12656 72 42
s 12657 2 1
s 12658 5 3
s 12663 66 33
s 12664 15 5
s 12665 40 21
s 12667 119 54
s 12670 5 2
s 12672 35 11
s 12673 6 4
s 12675 48 22
s 12679 45 18
s 12680 8 4
s 12681 6 1
s 12682 10 2
s 12689 27 7
s 12699 29 16
s 12851 8 4
s 12852 3 1
s 12853 26 15
s 12854 16 7
s 12855 10 3
s 12856 3 1
s 12858 1 1
s 12859 1 1
s 12860 15 7
s 12861 3 2
s 12862 13 3
s 12863 3 2
s 12865 4 0
s 12867 8 4
s 12869 8 4
s 12870 4 4
s 12871 6 4
s 12872 1 1
s 12873 2 1
s 12874 12 5
s 12876 17 12
s 12877 1 1
s 12878 9 3
s 12879 3 1
s 12880 7 3
s 12882 1 1
s 12883 1 1
s 12884 5 2
s 12885 3 1
s 12886 23 12
s 12887 2 0
s 12888 3 1
s 12889 3 3
s 12890 8 6
s 12891 5 3
s 12892 2 0
s 12893 4 2
s 12894 3 0
s 12896 21 9
s 12897 4 3
s 12898 4 2
s 12899 1 0
s 12900 4 2
s 12901 8 1
s 12903 2 1
s 12904 3 3
s 12905 8 5
s 12906 27 12
s 12907 21 10
s 12908 12 2
s 12909 8 3
s 12910 3 2
s 12911 2 0
s 12912 1 1
s 12914 3 1
s 12919 25 13
s 12920 15 6
s 12921 3 0
s 12923 30 20
s 12926 3 2
s 12928 9 6
s 12929 3 3
s 12931 5 2
s 12935 14 6
s 12936 2 1
s 12937 9 4
s 12938 3 0
s 12945 13 6
s 12955 10 7
s 13108 6 4
s 13109 52 23
s 13110 63 25
s 13111 92 44
s 13112 25 13
s 13113 4 1
s 13114 10 4
s 13115 8 3
s 13116 33 20
s 13117 1 1
s 13118 6 5
s 13119 10 5
s 13120 7 1
s 13121 4 1
s 13123 26 14
s 13124 2 0
s 13125 34 14
s 13126 11 3
s 13127 13 3
s 13128 10 4
s 13129 5 2
s 13130 49 14
s 13131 7 2
s 13132 24 11
s 13133 13 7
s 13134 11 8
s 13135 16 7
s 13136 27 14
s 13137 3 0
s 13138 3 0
s 13139 9 3
s 13140 4 1
s 13141 31 14
s 13142 93 50
s 13143 15 8
s 13144 2 1
s 13145 3 1
s 13146 52 30
s 13147 25 15
s 13148 5 3
s 13149 13 9
s 13150 3 2
s 13151 1 0
s 13152 64 30
s 13153 9 4
s 13154 40 21
s 13155 3 1
s 13156 8 4
s 13157 21 12
s 13158 3 2
s 13159 1 0
s 13160 9 4
s 13161 46 24
s 13162 81 36
s 13163 65 31
s 13164 86 41
s 13165 47 20
s 13166 28 15
s 13167 11 5
s 13168 40 24
s 13169 4 1
s 13170 7 4
s 13175 57 25
s 13176 49 22
s 13177 17 6
s 13179 84 37
s 13182 32 15
s 13184 86 38
s 13185 15 6
s 13187 45 27
s 13191 50 21
s 13192 4 1
s 13193 17 7
s 13194 15 9
s 13201 19 12
s 13211 37 19
s 13365 5 4
s 13366 15 6
s 13367 8 5
s 13370 2 2
s 13372 5 2
s 13374 6 3
s 13376 2 0
s 13377 3 0
s 13378 1 0
s 13379 6 5
s 13381 6 2
s 13382 2 0
s 13383 11 5
s 13385 2 1
s 13386 3 1
s 13388 1 0
s 13389 2 0
s 13390 2 1
s 13391 4 2
s 13392 1 0
s 13393 1 0
s 13395 4 2
s 13396 5 4
s 13397 9 4
s 13398 18 10
s 13399 3 0
s 13403 14 9
s 13404 1 0
s 13405 4 2
s 13406 2 0
s 13408 4 0
s 13409 1 1
s 13410 3 2
s 13412 7 1
s 13413 5 3
s 13414 1 1
s 13417 3 0
s 13418 3 2
s 13419 3 0
s 13420 12 4
s 13421 5 2
s 13422 3 2
s 13423 3 2
s 13424 10 3
s 13431 7 3
s 13433 5 1
s 13435 15 6
s 13438 1 1
s 13440 8 1
s 13441 4 2
s 13443 7 3
s 13447 7 2
s 13448 1 1
s 13450 3 1
s 13467 12 6
s 13622 23 10
s 13623 40 16
s 13624 3 1
s 13625 3 1
s 13626 12 3
s 13627 7 2
s 13628 25 14
s 13629 2 1
s 13630 52 32
s 13631 4 3
s 13632 15 6
s 13633 9 6
s 13634 3 2
s 13635 4 2
s 13636 4 4
s 13637 47 22
s 13638 3 3
s 13639 38 18
s 13640 5 4
s 13641 4 2
s 13642 31 17
s 13643 11 3
s 13644 21 10
s 13645 11 8
s 13646 12 6
s 13647 14 4
s 13648 4 3
s 13649 2 1
s 13650 3 3
s 13651 18 12
s 13652 27 11
s 13653 58 29
s 13654 71 32
s 13655 26 12
s 13656 12 6
s 13657 3 0
s 13658 23 10
s 13659 12 6
s 13660 4 0
s 13661 15 11
s 13662 1 1
s 13663 1 1
s 13664 53 30
s 13665 9 4
s 13666 36 15
s 13667 5 2
s 13668 67 32
s 13669 22 13
s 13670 2 2
s 13671 2 0
s 13672 3 1
s 13673 40 21
s 13674 67 36
s 13675 50 26
s 13676 52 21
s 13677 14 5
s 13678 18 9
s 13679 5 3
s 13680 66 34
s 13681 3 1
s 13682 8 2
s 13687 77 41
s 13688 31 18
s 13689 18 7
s 13691 89 41
s 13694 17 11
s 13696 36 18
s 13697 19 7
s 13699 48 26
s 13703 33 15
s 13704 9 3
s 13705 9 7
s 13706 4 2
s 13713 10 5
s 13723 32 18
s 13879 115 72
s 13881 6 2
s 13882 25 13
s 13883 10 6
s 13884 89 43
s 13885 4 2
s 13886 78 42
s 13887 4 3
s 13888 33 14
s 13889 19 11
s 13890 7 4
s 13892 10 4
s 13893 100 44
s 13895 130 73
s 13896 8 3
s 13897 4 1
s 13898 106 60
s 13899 26 12
s 13900 61 28
s 13901 30 24
s 13902 22 9
s 13903 45 18
s 13904 2 0
s 13905 2 1
s 13906 2 1
s 13907 45 25
s 13908 40 22
s 13909 151 65
s 13910 151 82
s 13911 102 45
s 13912 26 18
s 13914 74 44
s 13915 22 9
s 13916 5 2
s 13917 27 15
s 13918 1 1
s 13920 88 41
s 13921 26 12
s 13922 49 28
s 13923 11 6
s 13924 85 42
s 13925 54 27
s 13926 7 1
s 13927 10 6
s 13928 16 8
s 13929 93 44
s 13930 120 50
s 13931 90 38
s 13932 114 41
s 13933 1 0
s 13934 41 19
s 13935 34 18
s 13936 151 82
s 13937 7 4
s 13938 10 6
s 13943 157 75
s 13944 112 53
s 13945 67 28
s 13947 176 71
s 13950 43 20
s 13952 134 63
s 13953 43 19
s 13955 110 54
s 13959 100 38
s 13960 10 3
s 13961 24 12
s 13962 4 4
s 13969 13 5
s 13979 41 21
s 14136 18 8
s 14137 1 0
s 14138 12 5
s 14139 14 8
s 14140 2 2
s 14141 4 1
s 14142 151 100
s 14143 5 4
s 14144 22 11
s 14145 7 2
s 14146 1 0
s 14147 27 12
s 14148 7 4
s 14149 11 2
s 14150 22 7
s 14151 147 75
s 14152 14 6
s 14153 10 5
s 14154 54 34
s 14155 18 9
s 14156 36 21
s 14157 1 0
s 14158 1 0
s 14159 26 13
s 14160 36 21
s 14161 7 2
s 14162 6 3
s 14163 36 22
s 14164 19 12
s 14165 59 32
s 14166 53 31
s 14167 54 28
s 14168 40 24
s 14169 7 5
s 14170 40 28
s 14171 17 9
s 14173 30 21
s 14174 11 5
s 14175 4 2
s 14176 4 3
s 14177 7 5
s 14178 7 1
s 14179 4 0
s 14180 86 34
s 14181 18 8
s 14182 3 1
s 14183 3 1
s 14184 2 1
s 14185 47 19
s 14186 113 61
s 14187 99 50
s 14188 2 1
s 14189 41 22
s 14190 22 13
s 14191 19 12
s 14192 91 51
s 14193 7 4
s 14194 7 3
s 14199 81 37
s 14200 54 28
s 14201 26 15
s 14203 123 61
s 14206 28 12
s 14208 58 27
s 14211 73 36
s 14215 4 1
s 14216 15 9
s 14217 10 2
s 14218 9 6
s 14225 41 25
s 14235 14 11
s 14393 1 1
s 14394 5 4
s 14395 2 2
s 14396 11 6
s 14397 1 1
s 14398 5 1
s 14399 1 0
s 14400 2 1
s 14401 9 2
s 14404 3 0
s 14405 18 8
s 14407 16 9
s 14408 3 2
s 14409 1 1
s 14410 21 10
s 14411 3 1
s 14412 7 2
s 14413 2 0
s 14414 7 4
s 14415 5 1
s 14417 1 1
s 14419 10 5
s 14420 16 8
s 14421 42 18
s 14422 38 20
s 14423 8 5
s 14424 3 1
s 14426 13 4
s 14427 5 1
s 14428 2 1
s 14429 5 4
s 14431 1 1
s 14432 22 10
s 14433 5 2
s 14434 8 3
s 14435 2 1
s 14436 26 12
s 14437 7 2
s 14439 1 1
s 14440 5 3
s 14441 21 10
s 14442 35 13
s 14443 25 11
s 14444 33 11
s 14446 12 5
s 14447 5 2
s 14448 29 12
s 14449 2 0
s 14450 4 3
s 14455 29 15
s 14456 20 13
s 14457 10 6
s 14459 42 14
s 14462 12 4
s 14464 22 9
s 14465 4 0
s 14467 23 11
s 14471 20 9
s 14472 4 1
s 14473 7 3
s 14481 2 0
s 14491 14 7
s 14650 1 1
s 14652 2 1
s 14659 2 1
s 14661 2 0
s 14663 4 1
s 14664 1 1
s 14665 1 0
s 14666 4 4
s 14667 1 1
s 14670 2 2
s 14671 1 1
s 14672 2 1
s 14674 1 1
s 14677 1 1
s 14678 10 5
s 14679 1 0
s 14680 2 1
s 14682 3 2
s 14683 3 3
s 14686 2 1
s 14687 1 0
s 14688 2 0
s 14689 1 1
s 14692 3 1
s 14696 1 1
s 14697 5 3
s 14698 5 2
s 14699 8 4
s 14700 3 2
s 14701 1 0
s 14702 2 0
s 14703 1 0
s 14705 1 0
s 14706 2 0
s 14711 1 1
s 14712 2 2
s 14713 1 1
s 14715 10 4
s 14718 2 1
s 14720 5 1
s 14721 2 2
s 14723 3 1
s 14727 3 1
s 14728 2 2
s 14729 1 1
s 14747 2 1
s 14907 1 1
s 14908 9 2
s 14909 2 2
s 14910 10 7
s 14911 1 1
s 14912 6 4
s 14913 2 1
s 14914 1 1
s 14915 6 1
s 14917 26 20
s 14918 2 1
s 14919 6 4
s 14920 3 3
s 14921 4 4
s 14922 24 11
s 14923 4 1
s 14924 9 5
s 14925 6 1
s 14926 4 2
s 14927 4 0
s 14928 5 5
s 14929 1 1
s 14930 1 1
s 14931 4 3
s 14932 3 2
s 14933 15 11
s 14934 20 10
s 14935 4 2
s 14936 2 1
s 14937 1 1
s 14938 11 7
s 14939 5 5
s 14940 2 1
s 14941 7 4
s 14943 4 2
s 14944 15 5
s 14945 7 5
s 14946 8 6
s 14947 2 1
s 14948 13 5
s 14949 7 3
s 14952 3 3
s 14953 11 4
s 14954 40 23
s 14955 29 17
s 14956 23 10
s 14957 12 3
s 14958 5 3
s 14960 4 2
s 14962 8 6
s 14967 25 15
s 14968 24 9
s 14969 4 2
s 14971 29 12
s 14974 5 1
s 14976 13 6
s 14977 8 1
s 14979 7 2
s 14983 16 7
s 14984 4 2
s 14985 6 5
s 14986 4 3
s 14993 15 5
s 15003 20 10
s 15164 6 4
s 15165 1 0
s 15166 7 4
s 15167 1 1
s 15168 1 1
s 15170 1 0
s 15171 1 0
s 15172 2 2
s 15173 10 7
s 15174 6 3
s 15175 12 5
s 15176 1 0
s 15177 4 1
s 15178 3 2
s 15179 7 2
s 15180 2 1
s 15182 3 1
s 15183 10 4
s 15184 7 3
s 15186 1 1
s 15187 5 3
s 15188 4 3
s 15189 11 3
s 15190 17 8
s 15191 4 1
s 15192 2 2
s 15193 3 3
s 15194 3 1
s 15195 6 2
s 15196 1 0
s 15197 3 2
s 15198 1 0
s 15200 8 3
s 15201 1 0
s 15202 4 0
s 15203 1 0
s 15204 11 6
s 15205 8 5
s 15206 1 1
s 15208 3 0
s 15209 12 6
s 15210 4 4
s 15211 5 3
s 15212 8 1
s 15213 6 2
s 15214 3 2
s 15215 4 4
s 15216 16 9
s 15217 1 0
s 15218 2 1
s 15223 15 9
s 15224 1 1
s 15225 4 3
s 15227 16 6
s 15230 1 1
s 15232 6 5
s 15233 5 1
s 15235 8 2
s 15239 14 6
s 15240 2 1
s 15241 1 1
s 15242 1 0
s 15249 8 6
s 15259 5 2
s 15421 1 1
s 15422 27 19
s 15423 5 1
s 15424 17 7
s 15425 5 4
s 15427 21 10
s 15428 8 5
s 15429 9 6
s 15430 17 8
s 15431 43 20
s 15432 8 3
s 15433 5 1
s 15434 46 20
s 15435 22 7
s 15436 30 18
s 15438 2 1
s 15439 19 8
s 15440 20 8
s 15441 4 2
s 15442 3 1
s 15443 22 15
s 15444 13 5
s 15445 58 30
s 15446 89 52
s 15447 47 22
s 15448 13 7
s 15449 3 3
s 15450 45 26
s 15451 26 13
s 15452 1 0
s 15453 22 10
s 15454 10 4
s 15455 4 1
s 15456 4 2
s 15457 6 3
s 15458 7 4
s 15459 4 3
s 15460 73 40
s 15461 25 9
s 15462 4 1
s 15463 5 3
s 15464 2 1
s 15465 45 16
s 15466 50 20
s 15467 38 24
s 15468 6 2
s 15469 25 12
s 15470 7 3
s 15471 22 11
s 15472 60 32
s 15473 6 2
s 15474 6 0
s 15479 56 32
s 15480 30 16
s 15481 38 13
s 15483 94 38
s 15486 17 8
s 15488 65 33
s 15489 1 1
s 15491 59 33
s 15495 1 0
s 15496 10 5
s 15497 7 1
s 15498 11 5
s 15505 26 9
s 15515 8 3
s 15678 1 1
s 15680 2 1
s 15684 2 1
s 15685 3 2
s 15687 2 0
s 15690 7 2
s 15691 4 1
s 15692 1 1
s 15693 1 1
s 15695 2 1
s 15696 2 2
s 15699 6 3
s 15700 3 2
s 15701 9 5
s 15702 7 5
s 15703 2 0
s 15705 2 0
s 15706 3 1
s 15709 1 1
s 15712 2 1
s 15713 2 2
s 15715 2 1
s 15716 3 1
s 15717 3 1
s 15718 1 0
s 15720 2 0
s 15721 2 1
s 15722 9 7
s 15723 4 1
s 15724 1 1
s 15725 2 1
s 15726 3 1
s 15728 10 5
s 15730 2 0
s 15735 11 8
s 15736 3 2
s 15737 4 2
s 15739 8 3
s 15742 1 1
s 15744 3 2
s 15747 1 1
s 15751 6 0
s 15752 4 1
s 15754 1 0
s 15761 1 1
s 15771 2 2
s 15935 3 2
s 15936 12 9
s 15937 16 13
s 15938 1 1
s 15939 24 14
s 15940 4 3
s 15941 38 25
s 15942 17 8
s 15943 2 2
s 15944 9 4
s 15945 4 2
s 15946 51 38
s 15947 7 5
s 15948 30 18
s 15949 9 8
s 15950 8 6
s 15951 16 7
s 15952 23 18
s 15953 5 3
s 15954 1 1
s 15955 16 13
s 15956 6 5
s 15957 43 28
s 15958 21 14
s 15959 41 26
s 15960 1 1
s 15961 3 3
s 15962 24 14
s 15963 22 18
s 15964 3 1
s 15965 34 21
s 15966 4 4
s 15967 6 6
s 15968 45 24
s 15969 4 1
s 15970 27 14
s 15971 2 0
s 15972 23 10
s 15973 11 6
s 15974 2 0
s 15975 2 0
s 15976 3 2
s 15977 28 19
s 15978 84 52
s 15979 39 27
s 15980 41 19
s 15981 29 18
s 15982 23 14
s 15983 17 10
s 15984 65 48
s 15985 3 3
s 15986 7 2
s 15991 26 13
s 15992 49 26
s 15993 15 8
s 15995 38 26
s 15998 18 14
s 16000 47 27
s 16001 13 10
s 16003 39 23
s 16007 40 24
s 16008 5 3
s 16009 15 9
s 16010 8 4
s 16017 22 11
s 16027 20 14
s 16192 1 0
s 16193 2 0
s 16194 1 0
s 16195 2 0
s 16196 1 1
s 16197 4 4
s 16199 7 5
s 16200 2 1
s 16202 10 4
s 16203 4 1
s 16204 2 2
s 16205 1 0
s 16206 1 0
s 16207 2 2
s 16208 2 1
s 16209 1 1
s 16211 7 4
s 16212 1 1
s 16213 12 3
s 16214 12 8
s 16215 7 3
s 16216 2 2
s 16218 6 3
s 16219 5 4
s 16220 1 0
s 16221 2 2
s 16224 6 2
s 16225 6 4
s 16226 6 3
s 16227 4 0
s 16228 14 8
s 16229 3 1
s 16233 3 1
s 16234 15 11
s 16235 11 3
s 16236 5 3
s 16238 4 3
s 16240 2 1
s 16241 1 1
s 16242 1 0
s 16247 10 5
s 16248 4 0
s 16249 4 3
s 16251 12 5
s 16254 4 4
s 16256 5 2
s 16257 2 1
s 16259 4 3
s 16263 10 7
s 16264 2 1
s 16265 1 0
s 16266 2 1
s 16273 2 1
s 16283 2 0
s 16449 3 3
s 16451 12 9
s 16453 15 7
s 16454 6 2
s 16455 25 11
s 16456 5 3
s 16457 5 2
s 16458 25 9
s 16459 1 0
s 16460 15 4
s 16461 6 4
s 16462 9 6
s 16463 8 3
s 16464 13 3
s 16466 2 1
s 16467 6 3
s 16468 8 3
s 16469 14 7
s 16470 29 15
s 16471 8 1
s 16472 8 3
s 16474 10 8
s 16475 6 4
s 16476 2 1
s 16477 12 7
s 16478 2 2
s 16480 17 12
s 16481 8 2
s 16482 13 7
s 16483 3 1
s 16484 10 5
s 16485 10 6
s 16486 1 0
s 16488 6 4
s 16489 2 0
s 16490 26 13
s 16491 24 13
s 16492 26 9
s 16493 14 9
s 16494 10 2
s 16495 3 2
s 16496 5 2
s 16497 1 0
s 16498 1 0
s 16503 15 8
s 16504 20 9
s 16505 7 4
s 16507 24 9
s 16510 11 5
s 16512 20 5
s 16513 8 3
s 16515 10 5
s 16519 29 11
s 16520 4 1
s 16521 4 0
s 16522 4 1
s 16529 8 4
s 16539 11 5
s 16707 6 5
s 16708 1 0
s 16709 7 5
s 16710 3 3
s 16711 9 6
s 16712 2 1
s 16713 1 0
s 16714 10 8
s 16715 2 0
s 16716 1 1
s 16717 2 1
s 16718 1 1
s 16719 4 2
s 16720 10 5
s 16723 5 4
s 16724 2 2
s 16725 13 6
s 16726 20 11
s 16727 6 6
s 16728 4 1
s 16730 6 3
s 16731 7 2
s 16732 1 0
s 16733 5 3
s 16734 1 1
s 16736 12 3
s 16738 3 2
s 16739 2 0
s 16740 18 11
s 16741 4 2
s 16744 1 0
s 16745 9 3
s 16746 7 1
s 16747 12 3
s 16748 7 2
s 16749 4 0
s 16750 5 3
s 16751 4 2
s 16752 16 9
s 16759 12 8
s 16760 8 4
s 16761 11 6
s 16763 18 6
s 16766 3 1
s 16768 7 4
s 16769 2 2
s 16771 12 6
s 16775 5 2
s 16776 2 0
s 16777 3 3
s 16778 1 0
s 16785 7 2
s 16795 11 4
s 16963 1 1
s 16965 4 3
s 16967 1 0
s 16969 1 0
s 16970 4 2
s 16972 1 1
s 16973 2 2
s 16974 1 1
s 16975 2 2
s 16976 1 0
s 16978 1 0
s 16980 3 3
s 16981 2 1
s 16982 10 6
s 16983 2 2
s 16984 2 1
s 16986 2 0
s 16987 3 1
s 16989 1 1
s 16992 1 1
s 16993 1 1
s 16994 6 4
s 16995 1 0
s 16996 2 1
s 17001 2 0
s 17002 1 0
s 17003 4 4
s 17004 4 2
s 17008 1 1
s 17009 1 0
s 17015 4 2
s 17016 2 0
s 17019 2 1
s 17022 2 2
s 17024 3 1
s 17025 1 1
s 17027 1 1
s 17031 4 2
s 17034 1 1
s 17041 3 2
s 17051 5 2
s 17220 6 4
s 17221 24 15
s 17223 24 12
s 17224 1 1
s 17225 1 0
s 17226 27 15
s 17227 8 3
s 17228 16 9
s 17229 3 2
s 17230 6 4
s 17231 12 5
s 17233 2 1
s 17234 1 0
s 17235 13 8
s 17236 3 0
s 17237 48 25
s 17238 49 29
s 17239 21 11
s 17240 11 4
s 17242 20 10
s 17243 7 4
s 17244 2 0
s 17245 5 3
s 17247 1 0
s 17248 32 19
s 17249 9 2
s 17250 12 3
s 17251 1 1
s 17252 23 13
s 17253 14 3
s 17254 2 2
s 17255 3 1
s 17256 4 3
s 17257 24 13
s 17258 42 22
s 17259 34 14
s 17260 44 12
s 17262 16 10
s 17263 8 3
s 17264 47 26
s 17266 3 2
s 17271 41 23
s 17272 21 8
s 17273 25 13
s 17275 65 34
s 17278 11 6
s 17280 38 15
s 17281 14 5
s 17283 28 16
s 17287 38 22
s 17288 4 2
s 17289 15 9
s 17290 2 0
s 17297 5 2
s 17307 17 12
s 17477 4 1
s 17478 3 2
s 17479 13 5
s 17480 1 0
s 17481 3 1
s 17482 10 4
s 17483 1 1
s 17484 1 0
s 17485 2 1
s 17486 2 2
s 17487 2 1
s 17488 3 2
s 17489 3 2
s 17490 2 2
s 17491 2 0
s 17492 2 1
s 17493 8 5
s 17494 8 4
s 17496 1 0
s 17497 1 1
s 17498 3 2
s 17499 2 0
s 17500 1 0
s 17501 5 2
s 17504 6 2
s 17505 5 3
s 17506 4 1
s 17508 8 3
s 17509 1 1
s 17512 2 0
s 17513 5 2
s 17514 13 9
s 17515 7 4
s 17516 12 4
s 17517 1 0
s 17518 2 0
s 17519 1 1
s 17520 1 0
s 17521 2 2
s 17522 1 1
s 17527 4 1
s 17528 9 2
s 17529 1 1
s 17531 13 7
s 17534 1 1
s 17536 8 3
s 17537 4 2
s 17539 2 2
s 17543 13 6
s 17544 2 0
s 17545 4 1
s 17553 3 1
s 17563 1 1
s 17734 18 9
s 17735 42 19
s 17736 8 3
s 17737 9 4
s 17738 60 29
s 17739 15 4
s 17740 14 6
s 17741 2 1
s 17742 1 1
s 17743 35 10
s 17744 34 16
s 17745 5 3
s 17746 7 2
s 17747 37 20
s 17748 29 12
s 17749 90 44
s 17750 118 72
s 17751 39 17
s 17752 20 13
s 17753 6 5
s 17754 48 28
s 17755 20 12
s 17757 25 18
s 17758 7 3
s 17759 6 4
s 17760 10 5
s 17761 6 5
s 17762 9 7
s 17763 3 1
s 17764 52 22
s 17765 26 8
s 17766 2 2
s 17767 4 3
s 17768 1 0
s 17769 43 23
s 17770 104 48
s 17771 70 34
s 17772 12 5
s 17773 39 24
s 17774 21 11
s 17775 9 6
s 17776 114 63
s 17777 3 1
s 17778 10 5
s 17783 122 55
s 17784 61 32
s 17785 76 37
s 17787 143 68
s 17790 29 13
s 17792 69 30
s 17793 3 1
s 17795 74 27
s 17799 6 2
s 17800 4 2
s 17801 4 2
s 17802 14 8
s 17809 47 25
s 17819 15 5
s 17991 22 14
s 17992 1 0
s 17993 1 0
s 17994 22 9
s 17995 11 5
s 17996 15 12
s 17997 3 1
s 17998 7 3
s 17999 5 1
s 18001 1 0
s 18002 2 0
s 18003 5 5
s 18004 7 1
s 18005 21 9
s 18006 40 21
s 18007 28 10
s 18008 6 1
s 18010 7 3
s 18011 1 1
s 18012 3 0
s 18016 18 6
s 18017 5 0
s 18018 13 3
s 18019 2 1
s 18020 16 8
s 18021 16 4
s 18022 2 0
s 18023 1 0
s 18024 7 5
s 18025 16 7
s 18026 29 13
s 18027 18 6
s 18028 20 9
s 18030 16 6
s 18031 6 2
s 18032 18 10
s 18033 4 1
s 18034 2 2
s 18039 25 10
s 18040 15 5
s 18041 25 9
s 18043 34 14
s 18046 8 4
s 18048 27 9
s 18049 16 4
s 18051 18 6
s 18055 29 7
s 18056 3 2
s 18057 2 1
s 18065 1 0
s 18075 8 4
s 18248 6 2
s 18249 5 1
s 18250 53 28
s 18251 21 11
s 18252 35 15
s 18253 8 5
s 18254 14 9
s 18255 11 4
s 18256 19 13
s 18257 5 2
s 18258 2 2
s 18259 20 9
s 18260 16 8
s 18261 55 26
s 18262 49 27
s 18263 53 30
s 18264 4 2
s 18265 3 2
s 18266 36 28
s 18267 38 22
s 18268 4 0
s 18269 29 12
s 18270 8 2
s 18271 5 5
s 18272 44 21
s 18273 12 4
s 18274 31 16
s 18275 9 4
s 18276 18 10
s 18277 17 6
s 18278 5 2
s 18279 2 2
s 18280 3 2
s 18281 28 13
s 18282 56 21
s 18283 29 13
s 18284 43 18
s 18285 29 11
s 18286 26 13
s 18287 16 6
s 18288 48 23
s 18289 7 3
s 18290 15 10
s 18295 27 14
s 18296 32 18
s 18297 23 10
s 18299 41 15
s 18302 21 9
s 18304 81 35
s 18305 16 7
s 18307 33 16
s 18311 67 28
s 18312 6 4
s 18313 7 6
s 18314 12 8
s 18321 18 8
s 18331 11 4
s 18505 1 1
s 18506 9 4
s 18507 3 1
s 18508 9 3
s 18509 4 2
s 18510 4 2
s 18511 4 3
s 18512 1 0
s 18513 2 2
s 18514 1 0
s 18515 8 5
s 18516 7 1
s 18517 13 5
s 18518 14 6
s 18519 3 2
s 18520 2 2
s 18521 1 1
s 18522 6 3
s 18523 8 6
s 18525 4 2
s 18528 13 12
s 18529 1 1
s 18530 6 5
s 18531 3 1
s 18532 5 3
s 18533 1 0
s 18535 1 0
s 18536 1 0
s 18537 6 4
s 18538 15 7
s 18539 16 11
s 18540 11 5
s 18541 2 2
s 18542 6 4
s 18543 2 1
s 18544 7 5
s 18545 1 0
s 18546 1 0
s 18551 12 5
s 18552 9 4
s 18553 3 2
s 18555 14 7
s 18558 5 4
s 18560 13 6
s 18561 2 1
s 18563 7 6
s 18567 12 4
s 18568 2 0
s 18569 3 1
s 18577 4 2
s 18587 8 5
s 18762 8 3
s 18763 4 1
s 18764 2 1
s 18765 2 1
s 18766 3 1
s 18767 7 2
s 18770 1 0
s 18771 2 2
s 18772 5 1
s 18773 14 6
s 18774 12 7
s 18775 4 2
s 18776 3 2
s 18777 1 1
s 18778 7 3
s 18779 2 0
s 18780 1 0
s 18782 1 1
s 18783 1 0
s 18784 6 4
s 18785 1 0
s 18786 6 5
s 18787 2 0
s 18788 5 3
s 18789 1 1
s 18791 1 0
s 18793 13 8
s 18794 16 7
s 18795 8 4
s 18796 9 5
s 18798 5 4
s 18799 2 1
s 18800 10 4
s 18801 1 1
s 18802 1 1
s 18807 14 5
s 18808 6 4
s 18809 3 2
s 18811 19 9
s 18814 1 1
s 18816 7 3
s 18817 2 0
s 18819 10 3
s 18823 12 4
s 18824 3 1
s 18825 2 2
s 18833 1 1
s 18843 2 0
s 19019 17 6
s 19020 3 0
s 19021 11 7
s 19022 15 8
s 19023 35 19
s 19024 21 15
s 19025 10 4
s 19026 2 2
s 19027 40 24
s 19028 35 17
s 19029 100 44
s 19030 127 65
s 19031 47 25
s 19032 14 8
s 19033 4 1
s 19034 21 10
s 19035 14 8
s 19036 6 2
s 19037 18 10
s 19038 9 5
s 19039 8 3
s 19040 73 41
s 19041 25 11
s 19042 41 18
s 19043 11 5
s 19044 80 40
s 19045 26 11
s 19046 7 3
s 19047 5 4
s 19048 13 4
s 19049 67 37
s 19050 3 1
s 19051 16 7
s 19052 98 41
s 19053 47 28
s 19054 26 16
s 19055 24 13
s 19056 89 57
s 19057 1 1
s 19058 8 2
s 19063 102 62
s 19064 9 5
s 19065 45 17
s 19067 149 72
s 19070 1 0
s 19072 60 20
s 19073 24 10
s 19075 71 29
s 19079 56 29
s 19080 7 3
s 19081 17 8
s 19082 18 11
s 19089 37 14
s 19099 32 21
s 19276 12 6
s 19277 2 0
s 19278 4 2
s 19279 2 0
s 19280 4 3
s 19281 2 2
s 19282 1 0
s 19283 2 0
s 19284 9 1
s 19285 15 4
s 19286 18 9
s 19287 3 1
s 19288 6 3
s 19289 2 2
s 19290 9 4
s 19291 9 4
s 19292 3 1
s 19293 9 7
s 19294 7 5
s 19295 2 2
s 19296 12 3
s 19297 11 4
s 19298 14 7
s 19299 4 2
s 19300 19 11
s 19301 6 5
s 19304 4 4
s 19305 15 5
s 19306 19 13
s 19307 17 12
s 19308 17 4
s 19309 12 1
s 19310 8 2
s 19311 2 1
s 19312 6 2
s 19313 2 1
s 19314 3 2
s 19319 15 9
s 19320 10 6
s 19321 12 5
s 19323 20 10
s 19326 6 3
s 19328 23 8
s 19329 11 4
s 19331 11 6
s 19335 30 15
s 19336 8 2
s 19337 9 6
s 19338 4 1
s 19345 13 8
s 19355 10 5
s 19533 5 4
s 19534 12 5
s 19535 18 7
s 19536 7 3
s 19537 1 1
s 19539 21 14
s 19540 21 11
s 19541 40 19
s 19542 54 23
s 19543 21 10
s 19544 7 4
s 19545 1 1
s 19546 12 4
s 19547 14 6
s 19548 2 1
s 19549 12 7
s 19550 3 1
s 19551 4 2
s 19552 45 22
s 19553 7 3
s 19554 19 8
s 19555 5 1
s 19556 44 21
s 19557 16 7
s 19558 2 1
s 19559 11 8
s 19560 10 6
s 19561 37 21
s 19562 6 3
s 19563 12 7
s 19564 28 11
s 19565 23 11
s 19566 15 4
s 19567 9 3
s 19568 56 27
s 19570 3 0
s 19575 60 31
s 19576 6 3
s 19577 13 6
s 19579 56 31
s 19582 2 1
s 19584 18 9
s 19585 10 6
s 19587 31 19
s 19591 45 23
s 19592 6 2
s 19593 11 8
s 19594 6 3
s 19601 19 11
s 19611 13 9
s 19790 2 1
s 19791 9 5
s 19792 12 4
s 19793 1 0
s 19795 7 5
s 19796 7 4
s 19797 13 6
s 19798 36 20
s 19799 7 3
s 19800 3 2
s 19801 1 1
s 19802 8 5
s 19803 5 2
s 19805 4 3
s 19807 1 1
s 19808 1 0
s 19809 1 1
s 19812 14 10
s 19813 6 1
s 19815 2 1
s 19817 22 13
s 19818 34 21
s 19819 23 16
s 19820 3 1
s 19821 4 3
s 19822 2 2
s 19823 2 2
s 19824 22 17
s 19825 3 1
s 19826 5 3
s 19831 34 20
s 19832 11 8
s 19833 8 5
s 19835 46 24
s 19838 3 3
s 19840 13 8
s 19843 14 8
s 19847 5 4
s 19848 1 0
s 19849 1 1
s 19850 2 1
s 19857 14 9
s 19867 4 2
s 20047 11 8
s 20048 15 9
s 20049 2 2
s 20050 5 4
s 20051 12 7
s 20052 10 5
s 20053 25 15
s 20054 34 22
s 20055 11 7
s 20056 2 1
s 20057 3 2
s 20058 8 5
s 20059 2 1
s 20061 8 6
s 20062 1 0
s 20063 1 1
s 20064 3 1
s 20065 4 3
s 20066 3 0
s 20067 2 2
s 20068 21 13
s 20069 13 8
s 20070 1 0
s 20071 2 1
s 20072 1 1
s 20073 18 11
s 20074 25 14
s 20075 18 13
s 20076 3 1
s 20077 21 9
s 20078 10 6
s 20079 7 3
s 20080 29 18
s 20081 2 1
s 20082 6 5
s 20087 42 21
s 20088 27 14
s 20089 10 3
s 20091 39 20
s 20094 11 7
s 20096 19 13
s 20099 23 12
s 20103 4 3
s 20104 4 2
s 20105 4 3
s 20106 5 4
s 20113 14 4
s 20123 2 2
s 20304 12 9
s 20305 6 1
s 20306 1 0
s 20307 7 7
s 20308 12 5
s 20309 24 8
s 20310 23 10
s 20311 5 1
s 20312 1 1
s 20314 15 12
s 20315 5 2
s 20316 3 1
s 20317 9 5
s 20318 6 3
s 20319 5 3
s 20320 48 26
s 20321 10 4
s 20322 14 10
s 20323 2 0
s 20324 24 12
s 20325 8 2
s 20326 2 0
s 20328 2 1
s 20329 8 4
s 20330 36 18
s 20331 34 15
s 20332 27 13
s 20333 19 12
s 20334 9 4
s 20335 1 1
s 20336 16 8
s 20337 3 1
s 20338 5 2
s 20343 25 14
s 20344 26 12
s 20345 12 3
s 20347 25 7
s 20350 12 8
s 20352 20 11
s 20353 12 3
s 20355 10 3
s 20359 30 18
s 20360 1 1
s 20361 3 3
s 20362 6 5
s 20369 24 9
s 20379 10 4
s 20562 1 0
s 20563 26 14
s 20564 7 3
s 20565 44 23
s 20566 55 34
s 20567 20 8
s 20568 7 4
s 20570 24 16
s 20571 5 2
s 20572 2 0
s 20573 5 3
s 20576 30 11
s 20577 4 2
s 20578 21 14
s 20579 6 1
s 20580 54 29
s 20581 10 4
s 20583 3 1
s 20584 3 1
s 20585 39 21
s 20586 45 30
s 20587 35 23
s 20588 30 15
s 20590 14 7
s 20591 5 0
s 20592 40 31
s 20593 2 0
s 20594 5 4
s 20599 52 23
s 20600 26 15
s 20601 16 10
s 20603 65 29
s 20606 15 6
s 20608 30 18
s 20609 6 3
s 20611 32 17
s 20615 31 15
s 20616 5 3
s 20617 12 5
s 20635 24 17
s 20820 2 1
s 20821 4 3
s 20822 6 5
s 20823 5 3
s 20826 4 3
s 20827 2 0
s 20828 1 1
s 20829 3 2
s 20832 5 2
s 20833 3 0
s 20834 2 1
s 20836 1 0
s 20837 4 1
s 20841 2 1
s 20842 4 4
s 20843 7 3
s 20844 5 2
s 20845 4 1
s 20846 4 2
s 20847 3 1
s 20848 7 3
s 20855 3 2
s 20856 4 1
s 20857 7 3
s 20859 9 4
s 20862 3 2
s 20864 6 2
s 20865 1 1
s 20867 4 3
s 20871 12 6
s 20872 1 0
s 20873 2 0
s 20874 1 0
s 20881 2 0
s 20891 3 1
s 21075 1 1
s 21076 4 0
s 21077 5 1
s 21078 11 5
s 21080 2 0
s 21082 1 1
s 21083 1 0
s 21085 1 0
s 21088 5 3
s 21089 1 0
s 21092 6 3
s 21093 3 2
s 21094 1 0
s 21096 1 0
s 21097 6 3
s 21098 5 1
s 21099 6 4
s 21100 3 2
s 21101 1 0
s 21102 2 1
s 21103 2 2
s 21104 12 8
s 21106 1 0
s 21111 7 3
s 21112 3 2
s 21113 3 2
s 21115 9 5
s 21120 3 1
s 21121 1 1
s 21123 6 3
s 21127 4 3
s 21129 1 1
s 21137 1 1
s 21147 4 3
s 21332 3 2
s 21333 13 4
s 21334 61 38
s 21335 6 3
s 21336 5 3
s 21337 3 3
s 21338 27 20
s 21339 12 6
s 21340 4 1
s 21341 13 11
s 21342 5 2
s 21343 4 3
s 21344 50 26
s 21345 7 6
s 21346 13 7
s 21347 5 2
s 21348 8 6
s 21349 24 10
s 21350 2 1
s 21351 1 1
s 21352 7 2
s 21353 20 11
s 21354 58 36
s 21355 37 21
s 21356 46 27
s 21357 27 14
s 21358 19 14
s 21360 6 3
s 21361 1 0
s 21362 3 3
s 21367 48 32
s 21368 36 22
s 21369 15 11
s 21371 62 32
s 21374 15 11
s 21376 41 25
s 21377 9 4
s 21379 27 9
s 21383 37 22
s 21384 2 2
s 21385 11 8
s 21386 12 6
s 21393 13 7
s 21403 12 7
s 21589 7 7
s 21590 72 32
s 21591 9 5
s 21592 3 1
s 21594 15 9
s 21595 17 8
s 21596 1 0
s 21597 13 8
s 21598 2 1
s 21599 2 1
s 21600 22 13
s 21601 8 5
s 21602 22 13
s 21603 3 2
s 21604 14 9
s 21605 18 8
s 21606 4 2
s 21607 7 4
s 21608 2 1
s 21609 20 13
s 21610 23 9
s 21611 18 9
s 21612 44 18
s 21613 12 5
s 21614 22 9
s 21615 2 0
s 21616 17 11
s 21617 3 1
s 21618 5 2
s 21623 24 14
s 21624 22 11
s 21625 15 11
s 21627 37 22
s 21630 13 3
s 21632 26 11
s 21633 8 4
s 21635 20 12
s 21639 37 21
s 21640 5 3
s 21641 1 0
s 21642 9 5
s 21649 19 13
s 21659 16 9
s 21846 176 81
s 21847 34 15
s 21848 10 7
s 21849 6 3
s 21850 95 50
s 21851 32 18
s 21852 10 4
s 21853 33 18
s 21854 10 5
s 21855 5 3
s 21856 85 42
s 21857 30 13
s 21858 37 16
s 21859 10 6
s 21860 53 31
s 21861 39 18
s 21862 2 0
s 21864 14 6
s 21865 67 32
s 21866 164 77
s 21867 83 43
s 21868 109 33
s 21869 51 24
s 21870 28 16
s 21871 10 6
s 21872 53 23
s 21873 5 3
s 21874 15 8
s 21879 143 68
s 21880 108 47
s 21881 39 22
s 21883 189 86
s 21886 52 22
s 21888 93 40
s 21889 26 9
s 21891 62 28
s 21895 75 25
s 21896 13 5
s 21897 24 18
s 21898 30 16
s 21905 50 30
s 21915 42 25
s 22103 77 40
s 22104 17 8
s 22105 8 4
s 22106 50 24
s 22107 28 11
s 22108 4 3
s 22109 47 24
s 22110 18 6
s 22111 19 8
s 22112 114 56
s 22113 42 24
s 22114 84 39
s 22115 15 6
s 22116 109 56
s 22117 28 13
s 22118 7 3
s 22119 5 2
s 22120 23 15
s 22121 59 22
s 22122 171 83
s 22123 114 60
s 22124 287 127
s 22125 77 47
s 22126 49 25
s 22127 24 12
s 22128 158 92
s 22129 9 7
s 22130 16 8
s 22135 45 28
s 22136 108 53
s 22137 55 29
s 22139 77 35
s 22142 58 28
s 22144 123 56
s 22145 53 28
s 22147 74 41
s 22151 131 63
s 22152 17 8
s 22153 42 23
s 22154 23 12
s 22161 85 47
s 22171 67 41
s 22360 15 6
s 22361 5 4
s 22362 29 17
s 22363 12 4
s 22364 2 1
s 22365 27 14
s 22366 4 1
s 22367 1 1
s 22368 52 25
s 22369 14 6
s 22370 29 13
s 22371 5 2
s 22372 30 14
s 22373 17 6
s 22374 2 2
s 22375 4 2
s 22376 7 3
s 22377 22 9
s 22378 58 25
s 22379 47 23
s 22380 49 17
s 22381 37 16
s 22382 18 7
s 22383 4 2
s 22384 7 3
s 22386 7 3
s 22391 53 22
s 22392 32 12
s 22393 11 4
s 22395 83 32
s 22398 35 13
s 22400 52 21
s 22401 22 5
s 22403 23 11
s 22407 62 24
s 22408 5 3
s 22409 13 5
s 22410 6 3
s 22417 30 16
s 22427 15 8
s 22617 2 0
s 22618 3 2
s 22619 5 2
s 22621 7 4
s 22622 1 1
s 22623 2 2
s 22624 14 5
s 22625 1 0
s 22626 11 6
s 22627 2 1
s 22628 8 5
s 22629 5 1
s 22631 3 2
s 22632 4 1
s 22633 9 4
s 22634 21 11
s 22635 10 4
s 22636 19 7
s 22637 9 6
s 22638 5 1
s 22639 6 4
s 22640 12 5
s 22641 2 2
s 22642 4 3
s 22647 9 6
s 22648 10 4
s 22649 13 7
s 22651 19 14
s 22654 12 4
s 22656 16 9
s 22657 2 1
s 22659 16 10
s 22663 27 13
s 22664 4 2
s 22665 3 2
s 22666 6 2
s 22673 5 5
s 22683 4 2
s 22874 4 4
s 22875 1 1
s 22877 1 1
s 22880 7 7
s 22881 1 0
s 22882 4 3
s 22883 1 0
s 22885 1 1
s 22886 2 0
s 22889 3 1
s 22890 9 6
s 22891 7 6
s 22892 7 3
s 22893 2 0
s 22894 3 0
s 22895 1 1
s 22896 9 8
s 22903 12 4
s 22904 4 2
s 22905 4 2
s 22907 19 13
s 22910 3 1
s 22912 3 1
s 22913 1 1
s 22915 4 1
s 22919 2 0
s 22921 1 0
s 22922 1 0
s 22929 2 1
s 23131 16 9
s 23132 2 0
s 23133 22 14
s 23134 7 2
s 23135 7 6
s 23136 55 33
s 23137 6 3
s 23138 33 21
s 23139 10 4
s 23140 61 30
s 23141 10 8
s 23142 1 0
s 23143 2 2
s 23144 12 7
s 23145 45 23
s 23146 68 43
s 23147 43 24
s 23148 90 49
s 23149 45 26
s 23150 14 4
s 23151 14 10
s 23152 60 43
s 23153 1 0
s 23154 9 5
s 23159 40 26
s 23160 58 28
s 23161 20 9
s 23163 71 38
s 23166 11 8
s 23168 26 12
s 23169 17 10
s 23171 52 25
s 23175 36 20
s 23176 6 2
s 23177 6 3
s 23178 10 6
s 23185 36 26
s 23195 27 19
s 23388 4 0
s 23389 24 15
s 23390 6 1
s 23391 5 4
s 23392 21 12
s 23393 5 1
s 23394 12 5
s 23395 6 1
s 23396 33 15
s 23397 10 2
s 23398 2 1
s 23399 2 2
s 23400 8 3
s 23401 19 15
s 23402 20 13
s 23403 27 16
s 23404 26 10
s 23405 10 3
s 23406 14 7
s 23407 3 3
s 23408 24 14
s 23409 5 3
s 23410 3 2
s 23415 33 18
s 23416 11 9
s 23417 6 2
s 23419 52 29
s 23422 14 11
s 23424 26 8
s 23425 11 4
s 23427 21 8
s 23431 9 2
s 23432 8 5
s 23433 4 3
s 23434 13 8
s 23441 4 1
s 23451 56 35
s 23646 2 1
s 23647 1 1
s 23648 4 2
s 23649 3 2
s 23652 17 10
s 23653 6 3
s 23655 1 0
s 23657 2 2
s 23658 6 5
s 23659 5 2
s 23660 2 0
s 23661 5 3
s 23662 4 3
s 23663 3 3
s 23664 3 1
s 23671 4 2
s 23672 2 1
s 23673 2 0
s 23675 6 3
s 23678 5 2
s 23680 5 2
s 23683 1 1
s 23687 1 1
s 23688 1 0
s 23689 2 1
s 23690 1 0
s 23697 1 1
s 23707 2 2
s 23902 3 3
s 23903 3 2
s 23904 30 16
s 23905 4 2
s 23906 12 8
s 23907 9 3
s 23908 31 16
s 23909 15 9
s 23910 1 0
s 23911 4 3
s 23912 4 1
s 23913 36 23
s 23914 13 9
s 23915 27 16
s 23916 35 17
s 23917 7 3
s 23918 15 5
s 23919 8 7
s 23920 39 26
s 23921 3 2
s 23922 3 2
s 23927 43 29
s 23928 17 10
s 23929 16 10
s 23931 60 32
s 23934 12 5
s 23936 30 17
s 23937 6 2
s 23939 29 16
s 23943 31 23
s 23944 4 2
s 23945 8 6
s 23946 3 3
s 23953 4 3
s 23963 17 10
s 24160 5 2
s 24161 3 2
s 24162 1 0
s 24163 1 0
s 24164 11 2
s 24165 5 2
s 24167 1 1
s 24168 1 0
s 24169 11 3
s 24170 7 3
s 24171 9 2
s 24172 8 2
s 24173 1 0
s 24174 6 2
s 24176 8 4
s 24183 2 0
s 24184 8 5
s 24185 7 2
s 24187 12 5
s 24190 3 2
s 24192 12 5
s 24193 5 0
s 24195 4 1
s 24199 3 2
s 24201 3 0
s 24209 2 0
s 24219 2 2
s 24416 11 7
s 24417 3 1
s 24418 6 4
s 24419 1 0
s 24420 7 3
s 24421 4 4
s 24422 1 0
s 24424 3 1
s 24425 9 5
s 24426 5 2
s 24427 5 3
s 24428 5 3
s 24429 1 0
s 24430 6 5
s 24431 7 7
s 24432 14 9
s 24433 1 1
s 24439 7 2
s 24440 3 1
s 24441 6 1
s 24443 8 5
s 24446 1 1
s 24448 9 5
s 24449 7 5
s 24451 5 2
s 24455 12 8
s 24456 2 1
s 24457 1 1
s 24465 1 0
s 24475 1 1
s 24673 7 1
s 24674 9 5
s 24675 2 0
s 24676 78 36
s 24677 32 12
s 24678 2 1
s 24679 6 4
s 24681 78 39
s 24682 87 44
s 24683 69 33
s 24684 7 3
s 24685 54 23
s 24686 49 25
s 24687 12 6
s 24688 111 74
s 24689 1 1
s 24690 11 6
s 24695 134 66
s 24696 46 28
s 24697 34 17
s 24699 215 111
s 24702 34 18
s 24704 92 49
s 24705 5 4
s 24707 71 40
s 24711 4 2
s 24712 3 3
s 24713 6 3
s 24714 16 11
s 24721 46 27
s 24731 9 4
s 24930 4 2
s 24931 2 0
s 24932 19 9
s 24933 13 9
s 24934 1 0
s 24935 2 0
s 24936 1 1
s 24937 34 10
s 24938 17 6
s 24939 9 2
s 24940 10 2
s 24941 4 2
s 24942 11 5
s 24943 9 2
s 24944 20 9
s 24945 3 2
s 24946 2 2
s 24951 24 15
s 24952 8 3
s 24953 8 2
s 24955 20 11
s 24958 5 1
s 24960 26 10
s 24961 4 2
s 24963 18 5
s 24967 9 2
s 24968 1 0
s 24969 5 1
s 24970 8 5
s 24977 10 5
s 24987 5 3
s 25187 1 1
s 25188 48 23
s 25189 9 3
s 25190 1 1
s 25193 46 22
s 25194 76 44
s 25195 37 24
s 25196 12 5
s 25197 26 18
s 25198 13 6
s 25199 10 5
s 25200 42 27
s 25201 4 4
s 25202 4 2
s 25207 81 43
s 25208 33 19
s 25209 17 4
s 25211 90 46
s 25214 13 5
s 25216 46 18
s 25217 4 2
s 25219 51 22
s 25223 5 2
s 25224 4 2
s 25225 8 4
s 25226 10 5
s 25233 29 18
s 25243 12 10
s 25444 9 3
s 25445 4 2
s 25447 1 0
s 25449 10 2
s 25450 5 0
s 25451 9 3
s 25452 2 0
s 25453 2 2
s 25454 2 0
s 25455 3 0
s 25456 6 2
s 25457 2 1
s 25458 4 1
s 25463 8 6
s 25464 5 2
s 25465 6 4
s 25467 8 5
s 25470 2 0
s 25472 10 3
s 25473 1 0
s 25475 5 2
s 25479 3 1
s 25480 4 2
s 25481 1 1
s 25482 1 0
s 25489 5 2
s 25499 2 1
s 25701 46 23
s 25702 3 1
s 25703 1 0
s 25704 7 4
s 25705 48 26
s 25706 98 49
s 25707 62 22
s 25708 89 45
s 25709 64 32
s 25710 32 18
s 25711 14 10
s 25712 36 16
s 25713 8 3
s 25714 11 5
s 25719 73 41
s 25720 69 34
s 25721 25 11
s 25723 117 54
s 25726 33 15
s 25728 90 46
s 25729 23 9
s 25731 49 20
s 25735 104 58
s 25736 15 8
s 25737 23 12
s 25738 24 16
s 25745 28 11
s 25755 34 22
s 25958 4 3
s 25960 18 5
s 25961 13 6
s 25962 38 18
s 25963 32 10
s 25964 31 10
s 25965 16 3
s 25966 10 5
s 25967 7 2
s 25968 23 16
s 25969 4 2
s 25970 4 2
s 25975 11 3
s 25976 20 13
s 25977 15 6
s 25979 23 9
s 25982 16 8
s 25984 32 11
s 25985 10 2
s 25987 14 6
s 25991 34 16
s 25992 7 4
s 25993 13 6
s 25994 12 6
s 26001 12 7
s 26011 17 9
s 26215 1 1
s 26216 1 1
s 26217 1 1
s 26218 7 2
s 26219 3 2
s 26220 4 3
s 26222 1 0
s 26223 1 0
s 26225 1 1
s 26226 1 1
s 26231 4 2
s 26232 2 1
s 26233 4 2
s 26235 7 4
s 26240 7 2
s 26241 2 0
s 26243 1 1
s 26247 3 0
s 26250 2 1
s 26267 1 1
s 26472 2 1
s 26473 3 3
s 26474 8 6
s 26475 1 0
s 26476 6 3
s 26477 1 1
s 26478 1 0
s 26480 4 3
s 26482 1 1
s 26487 5 4
s 26488 3 0
s 26489 2 1
s 26491 9 3
s 26494 3 2
s 26496 6 2
s 26497 1 1
s 26499 1 1
s 26503 3 2
s 26505 3 1
s 26506 1 1
s 26513 1 0
s 26523 4 3
s 26729 9 1
s 26730 16 10
s 26731 7 3
s 26732 1 0
s 26733 5 3
s 26734 6 2
s 26735 1 0
s 26736 5 2
s 26737 2 0
s 26738 2 1
s 26743 10 5
s 26744 5 2
s 26745 7 5
s 26747 13 4
s 26750 4 1
s 26752 11 3
s 26753 1 0
s 26755 9 5
s 26759 4 2
s 26760 4 1
s 26761 1 0
s 26762 2 1
s 26769 4 2
s 26986 96 53
s 26987 70 34
s 26988 67 24
s 26989 28 12
s 26990 24 10
s 26991 10 3
s 26992 52 31
s 26993 5 3
s 26994 10 7
s 26999 55 34
s 27000 45 23
s 27001 17 12
s 27003 60 30
s 27006 23 12
s 27008 48 24
s 27009 18 10
s 27011 24 9
s 27015 63 37
s 27016 9 3
s 27017 15 9
s 27018 6 4
s 27025 40 19
s 27035 42 28
s 27243 23 14
s 27244 121 53
s 27245 67 41
s 27246 45 17
s 27247 16 6
s 27248 139 78
s 27249 5 4
s 27250 8 6
s 27255 178 100
s 27256 15 4
s 27257 58 29
s 27259 248 119
s 27262 1 0
s 27264 78 39
s 27265 28 11
s 27267 109 55
s 27271 111 50
s 27272 11 5
s 27273 16 7
s 27274 11 6
s 27281 56 32
s 27291 93 60
s 27500 80 28
s 27501 57 32
s 27502 29 15
s 27503 25 13
s 27504 113 75
s 27505 2 0
s 27506 2 1
s 27511 115 66
s 27512 25 12
s 27513 46 22
s 27515 149 80
s 27518 5 0
s 27520 42 18
s 27521 18 9
s 27523 83 49
s 27527 57 34
s 27528 4 3
s 27529 20 13
s 27530 12 7
s 27537 53 29
s 27547 52 29
s 27757 76 27
s 27758 33 12
s 27759 28 9
s 27760 120 57
s 27761 6 3
s 27762 7 5
s 27767 140 52
s 27768 73 28
s 27769 41 16
s 27771 185 69
s 27774 43 17
s 27776 76 24
s 27777 4 1
s 27779 95 41
s 27783 3 2
s 27784 12 2
s 27785 5 3
s 27786 19 9
s 27793 67 29
s 27803 15 5
s 28014 20 8
s 28015 7 5
s 28016 61 37
s 28017 1 1
s 28018 3 1
s 28023 69 35
s 28024 42 19
s 28025 26 10
s 28027 94 42
s 28030 17 5
s 28032 42 20
s 28033 21 8
s 28035 51 21
s 28039 34 21
s 28040 7 4
s 28041 8 6
s 28049 1 1
s 28059 27 13
s 28271 5 2
s 28272 25 16
s 28273 2 1
s 28274 3 1
s 28279 42 20
s 28280 24 14
s 28281 14 7
s 28283 41 19
s 28286 10 4
s 28288 37 19
s 28289 22 9
s 28291 26 14
s 28295 38 16
s 28296 5 4
s 28297 6 2
s 28298 6 5
s 28305 15 3
s 28315 10 7
s 28528 4 1
s 28529 3 3
s 28530 5 2
s 28535 20 11
s 28536 10 5
s 28537 7 2
s 28539 16 10
s 28542 9 4
s 28544 22 9
s 28545 7 4
s 28547 3 1
s 28551 28 16
s 28552 5 4
s 28553 9 2
s 28554 2 2
s 28561 9 5
s 28571 9 6
s 28785 7 4
s 28786 14 6
s 28791 163 92
s 28792 102 56
s 28793 12 3
s 28795 171 98
s 28798 39 24
s 28800 82 37
s 28801 28 13
s 28803 46 23
s 28807 94 51
s 28808 15 7
s 28809 25 17
s 28810 13 7
s 28817 86 45
s 28827 65 35
s 29047 5 3
s 29048 1 0
s 29049 4 2
s 29051 8 3
s 29054 1 1
s 29056 5 3
s 29057 3 1
s 29059 7 5
s 29063 6 1
s 29064 1 0
s 29065 2 1
s 29073 5 3
s 29083 3 3
s 29303 16 7
s 29304 3 1
s 29305 4 0
s 29307 17 8
s 29310 6 3
s 29312 13 5
s 29313 6 3
s 29315 6 2
s 29319 9 4
s 29320 1 0
s 29321 1 1
s 29329 4 1
s 29339 9 7
s 30584 118 68
s 30585 14 6
s 30587 70 28
s 30590 51 21
s 30592 61 25
s 30593 35 13
s 30595 65 24
s 30599 105 57
s 30600 8 3
s 30601 21 10
s 30602 20 8
s 30609 86 43
s 30619 100 63
s 30841 27 12
s 30843 140 62
s 30846 7 5
s 30848 35 17
s 30849 13 3
s 30851 61 23
s 30855 46 22
s 30856 11 0
s 30857 12 6
s 30858 14 7
s 30865 24 14
s 30875 14 8
s 31099 24 11
s 31102 17 7
s 31104 39 16
s 31105 15 3
s 31107 20 13
s 31111 55 31
s 31112 9 4
s 31113 25 13
s 31114 9 5
s 31121 23 12
s 31131 17 13
s 31614 64 25
s 31616 92 47
s 31617 28 12
s 31619 83 28
s 31623 138 64
s 31624 13 7
s 31625 23 8
s 31626 25 17
s 31633 110 53
s 31643 110 60
s 32384 23 8
s 32385 17 3
s 32387 34 10
s 32391 35 19
s 32392 3 2
s 32393 3 1
s 32394 2 1
s 32401 9 1
s 32411 17 7
s 32897 42 12
s 32899 49 22
s 32903 77 35
s 32904 11 4
s 32905 23 13
s 32906 25 14
s 32913 31 15
s 32923 16 11
s 33155 19 8
s 33159 4 0
s 33160 3 1
s 33161 1 0
s 33162 5 2
s 33169 6 0
s 33179 5 1
s 33671 84 35
s 33672 9 6
s 33673 30 14
s 33674 11 5
s 33681 40 18
s 33691 43 24
s 34696 10 4
s 34697 11 6
s 34698 21 13
s 34705 36 23
s 34715 11 5
s 34953 3 3
s 34954 2 1
s 34961 3 3
s 34971 10 7
s 35210 2 1
s 35217 9 4
s 35227 7 6
s 35473 1 0
s 35483 8 7
s 37275 26 18
