n 200000
h 1 27682 14129
h 2 33279 16600
h 3 5212 2611
h 4 4372 2307
h 5 25702 13158
h 6 35981 16159
h 7 31419 15885
h 8 34621 18459
h 9 24706 12577
h 10 7271 3571
h 11 17676 7479
h 12 23365 12532
h 13 6153 2865
h 14 54181 27261
h 15 11170 5531
h 16 6091 2999
h 17 10682 5057
h 18 21039 11056
h 19 14173 6098
h 20 18378 9475
h 21 34816 16698
h 22 23869 11857
h 23 9219 4631
h 25 30481 14315
h 26 50934 24760
h 27 33420 17198
h 28 11918 5767
h 29 33006 15963
h 30 31537 16350
h 31 23074 12067
h 32 8396 4492
h 33 7469 3949
h 34 9914 4859
h 35 31677 15559
h 36 29459 14719
h 37 10150 4971
h 38 3356 1597
h 39 18218 8461
h 40 10892 5294
h 41 13363 6510
h 42 22195 12013
h 43 10926 5238
h 44 18833 9540
h 45 7677 4019
h 46 9172 4322
h 47 11790 5873
h 48 26291 13392
h 49 28275 15027
h 50 9980 5298
h 51 5673 2712
h 52 4474 2390
h 53 17571 7621
h 54 31122 16494
h 55 10488 5269
h 56 6909 3527
h 57 3996 2052
h 58 3721 1784
h 59 6232 2810
h 60 17318 9129
h 61 3611 1765
h 62 14250 7656
h 63 8112 3816
h 64 14600 6881
h 65 1387 663
h 66 697 340
h 67 17028 9038
h 68 17963 9093
h 69 11445 5481
h 70 14078 7056
h 71 33015 17395
h 72 6918 3201
h 73 4249 1968
h 74 42639 21939
h 75 17590 8730
h 76 26783 14508
h 77 2641 1321
h 78 4908 2539
h 79 3805 1725
h 80 5287 2571
h 81 5921 3016
h 82 2879 1608
h 83 5655 2512
h 84 28019 14093
h 85 29877 14770
h 86 49239 24709
h 87 19295 9751
h 88 22696 12033
h 89 1471 738
h 90 8801 4463
h 91 8410 4250
h 92 3019 1696
h 93 28831 14228
h 94 4310 2158
h 95 3630 1927
h 96 11712 5628
h 97 25384 12584
h 98 9474 4454
h 99 7348 3473
h 100 12895 6363
h 101 21115 10460
h 102 5109 2594
h 103 1565 856
h 104 33128 17489
h 105 25624 13017
h 106 15546 7718
h 107 9996 5062
h 108 11921 5624
h 109 14532 6302
h 110 11681 6206
h 111 12614 6255
h 112 14628 7443
h 113 8431 4525
h 114 8957 4151
h 119 14460 7172
h 120 8129 3823
h 121 15330 8031
h 123 22798 10679
h 126 9683 4830
h 128 23291 11562
h 129 9644 4657
h 131 11496 5713
h 135 22379 11840
h 136 13491 6443
h 137 8448 4072
h 138 4347 2078
h 145 7543 3349
h 155 3278 1573
s 1 2 2426 1269
s 1 3 377 193
s 1 4 99 45
s 1 5 1740 892
s 1 6 270 126
s 1 7 2015 1074
s 1 8 174 84
s 1 9 1632 849
s 1 10 76 37
s 1 11 908 403
s 1 12 110 58
s 1 13 392 200
s 1 14 3752 1886
s 1 15 616 332
s 1 16 398 180
s 1 17 726 351
s 1 18 135 56
s 1 19 724 294
s 1 20 965 498
s 1 21 2040 986
s 1 22 1537 761
s 1 23 601 325
s 1 25 2057 968
s 1 26 3503 1763
s 1 27 2308 1179
s 1 28 766 368
s 1 29 2175 1090
s 1 30 2154 1184
s 1 31 1594 859
s 1 32 376 206
s 1 33 501 277
s 1 34 644 301
s 1 35 1909 944
s 1 36 1765 868
s 1 37 741 376
s 1 38 235 112
s 1 39 1174 555
s 1 40 781 393
s 1 41 87 48
s 1 42 1074 588
s 1 43 755 378
s 1 44 141 73
s 1 45 524 293
s 1 46 185 87
s 1 47 740 380
s 1 48 221 113
s 1 49 1832 979
s 1 50 767 437
s 1 51 358 183
s 1 52 242 134
s 1 53 767 348
s 1 54 225 113
s 1 55 637 330
s 1 56 227 116
s 1 57 267 147
s 1 58 275 125
s 1 59 444 212
s 1 60 1174 613
s 1 61 277 157
s 1 62 957 529
s 1 63 367 179
s 1 64 999 478
s 1 65 105 48
s 1 66 50 24
s 1 67 108 56
s 1 68 1249 638
s 1 69 712 356
s 1 70 172 78
s 1 71 2291 1251
s 1 72 361 161
s 1 73 199 95
s 1 74 2903 1538
s 1 75 1212 628
s 1 76 1707 927
s 1 77 198 104
s 1 78 333 175
s 1 79 268 121
s 1 80 142 80
s 1 81 356 189
s 1 82 198 120
s 1 83 418 195
s 1 84 1733 853
s 1 85 2083 1055
s 1 86 3241 1681
s 1 87 1298 656
s 1 88 1495 822
s 1 89 14 6
s 1 90 587 320
s 1 91 461 246
s 1 92 236 126
s 1 93 508 258
s 1 94 69 37
s 1 95 45 23
s 1 96 762 377
s 1 97 1701 829
s 1 98 589 261
s 1 99 528 264
s 1 100 787 369
s 1 101 1430 710
s 1 102 345 178
s 1 103 105 59
s 1 104 2339 1257
s 1 105 1935 1008
s 1 106 1024 522
s 1 107 666 336
s 1 108 710 359
s 1 109 100 36
s 1 110 808 422
s 1 111 925 471
s 1 112 1134 609
s 1 113 563 310
s 1 114 300 144
s 1 119 935 480
s 1 120 528 269
s 1 121 1068 586
s 1 123 1653 804
s 1 126 587 277
s 1 128 1511 766
s 1 129 640 346
s 1 131 836 403
s 1 135 1439 794
s 1 136 901 455
s 1 137 638 307
s 1 138 93 45
s 1 145 243 109
s 1 155 215 105
s 2 3 414 187
s 2 4 329 176
s 2 5 2198 1134
s 2 6 3039 1361
s 2 7 1666 811
s 2 8 2967 1599
s 2 9 1997 1038
s 2 10 646 322
s 2 11 1493 622
s 2 12 2015 1109
s 2 13 483 216
s 2 14 3343 1670
s 2 15 461 218
s 2 16 171 91
s 2 17 895 382
s 2 18 1597 846
s 2 19 804 348
s 2 20 1392 711
s 2 21 2630 1225
s 2 22 1975 995
s 2 23 353 168
s 2 25 2433 1116
s 2 26 4250 2001
s 2 27 2782 1384
s 2 28 152 74
s 2 29 292 126
s 2 30 2876 1492
s 2 31 1912 1017
s 2 32 660 337
s 2 33 289 150
s 2 34 788 395
s 2 35 2679 1329
s 2 36 1584 784
s 2 37 920 455
s 2 38 93 46
s 2 39 1480 673
s 2 40 916 435
s 2 41 1082 480
s 2 42 611 329
s 2 43 537 259
s 2 44 1699 870
s 2 45 608 325
s 2 46 723 375
s 2 47 642 322
s 2 48 2183 1092
s 2 49 980 519
s 2 50 1047 555
s 2 51 351 175
s 2 52 350 202
s 2 53 1432 640
s 2 54 2436 1318
s 2 55 141 73
s 2 56 577 304
s 2 57 198 106
s 2 58 261 126
s 2 59 407 184
s 2 60 159 77
s 2 61 268 134
s 2 62 1021 539
s 2 63 657 301
s 2 64 1256 606
s 2 65 81 41
s 2 66 51 23
s 2 67 1356 751
s 2 68 1467 744
s 2 69 133 56
s 2 70 1057 523
s 2 71 2059 1071
s 2 72 546 254
s 2 73 312 159
s 2 74 3523 1829
s 2 75 1476 755
s 2 76 2145 1171
s 2 77 43 19
s 2 78 49 22
s 2 79 308 148
s 2 80 374 168
s 2 81 155 76
s 2 82 216 126
s 2 83 429 179
s 2 84 1895 997
s 2 85 1772 907
s 2 86 3948 1964
s 2 87 1586 791
s 2 88 1620 854
s 2 89 113 60
s 2 90 618 311
s 2 91 595 307
s 2 92 165 95
s 2 93 2253 1090
s 2 94 346 177
s 2 95 282 142
s 2 96 81 36
s 2 97 1016 466
s 2 98 146 60
s 2 99 69 34
s 2 100 868 446
s 2 101 1898 981
s 2 102 317 162
s 2 103 75 40
s 2 104 355 185
s 2 105 2007 969
s 2 106 1176 594
s 2 107 682 358
s 2 108 124 58
s 2 109 1163 507
s 2 110 828 443
s 2 111 1019 526
s 2 112 1106 569
s 2 113 705 393
s 2 114 690 315
s 2 119 1145 557
s 2 120 463 183
s 2 121 1257 644
s 2 123 1942 894
s 2 126 707 346
s 2 128 1883 923
s 2 129 110 50
s 2 131 894 463
s 2 135 268 145
s 2 136 879 434
s 2 137 178 88
s 2 138 358 187
s 2 145 584 252
s 2 155 124 59
s 3 4 42 21
s 3 5 122 73
s 3 6 418 192
s 3 7 372 168
s 3 8 431 212
s 3 9 249 124
s 3 10 101 49
s 3 11 247 109
s 3 12 310 164
s 3 13 74 34
s 3 14 588 292
s 3 15 118 61
s 3 16 77 42
s 3 17 143 73
s 3 18 327 169
s 3 19 182 69
s 3 20 153 75
s 3 21 316 153
s 3 22 213 109
s 3 23 120 63
s 3 25 347 149
s 3 26 333 176
s 3 27 183 82
s 3 28 131 60
s 3 29 418 209
s 3 30 194 97
s 3 31 119 58
s 3 32 83 46
s 3 33 73 49
s 3 34 122 54
s 3 35 329 183
s 3 36 322 152
s 3 37 54 26
s 3 38 37 14
s 3 39 171 92
s 3 40 69 30
s 3 41 172 89
s 3 42 275 147
s 3 43 129 60
s 3 44 221 116
s 3 45 41 23
s 3 46 106 51
s 3 47 107 54
s 3 48 380 202
s 3 49 350 181
s 3 50 65 33
s 3 51 53 33
s 3 52 55 32
s 3 53 184 74
s 3 54 411 219
s 3 55 124 74
s 3 56 91 50
s 3 57 39 19
s 3 58 39 18
s 3 59 71 33
s 3 60 240 132
s 3 61 59 21
s 3 62 135 76
s 3 63 76 30
s 3 64 100 47
s 3 65 20 5
s 3 66 5 3
s 3 67 225 124
s 3 68 131 69
s 3 69 135 61
s 3 70 192 100
s 3 71 282 151
s 3 72 55 26
s 3 73 42 18
s 3 74 546 283
s 3 75 117 55
s 3 76 357 186
s 3 77 42 25
s 3 78 85 53
s 3 79 22 9
s 3 80 66 29
s 3 81 75 37
s 3 82 44 28
s 3 83 34 15
s 3 84 230 119
s 3 85 254 118
s 3 86 424 216
s 3 87 102 44
s 3 88 195 96
s 3 89 18 8
s 3 90 125 65
s 3 91 78 43
s 3 92 45 33
s 3 93 333 169
s 3 94 68 36
s 3 95 46 21
s 3 96 135 72
s 3 97 286 143
s 3 98 111 46
s 3 99 86 38
s 3 100 104 56
s 3 101 157 78
s 3 102 49 26
s 3 103 22 13
s 3 104 394 212
s 3 105 223 105
s 3 106 196 95
s 3 107 118 63
s 3 108 151 77
s 3 109 183 82
s 3 110 127 68
s 3 111 83 40
s 3 112 94 46
s 3 113 115 52
s 3 114 92 46
s 3 119 97 55
s 3 120 107 52
s 3 121 132 64
s 3 123 172 90
s 3 126 127 59
s 3 128 197 102
s 3 129 127 56
s 3 131 79 43
s 3 135 307 166
s 3 136 149 75
s 3 137 135 65
s 3 138 59 23
s 3 145 105 54
s 3 155 34 14
s 4 5 305 193
s 4 6 145 73
s 4 7 287 150
s 4 8 151 85
s 4 9 257 128
s 4 10 31 16
s 4 11 126 61
s 4 12 85 52
s 4 13 53 23
s 4 14 569 308
s 4 15 119 55
s 4 16 62 36
s 4 17 97 39
s 4 18 95 58
s 4 19 111 51
s 4 20 195 103
s 4 21 356 161
s 4 22 274 149
s 4 23 95 51
s 4 25 313 137
s 4 26 596 321
s 4 27 385 222
s 4 28 101 51
s 4 29 300 128
s 4 30 335 185
s 4 31 259 149
s 4 32 56 31
s 4 33 77 41
s 4 34 80 48
s 4 35 324 169
s 4 36 261 139
s 4 37 108 55
s 4 38 28 14
s 4 39 151 63
s 4 40 120 65
s 4 41 48 20
s 4 42 202 117
s 4 43 87 44
s 4 44 98 52
s 4 45 103 58
s 4 46 50 24
s 4 47 96 48
s 4 48 105 58
s 4 49 273 164
s 4 50 82 49
s 4 51 83 37
s 4 52 34 21
s 4 53 168 80
s 4 54 123 69
s 4 55 83 49
s 4 56 41 21
s 4 57 42 28
s 4 58 32 17
s 4 59 69 34
s 4 60 131 69
s 4 61 27 14
s 4 62 142 66
s 4 63 66 32
s 4 64 151 86
s 4 65 17 6
s 4 66 6 2
s 4 67 74 47
s 4 68 187 111
s 4 69 108 56
s 4 70 64 34
s 4 71 337 206
s 4 72 60 26
s 4 73 22 9
s 4 74 419 228
s 4 75 188 82
s 4 76 206 111
s 4 77 15 5
s 4 78 39 23
s 4 79 49 26
s 4 80 22 12
s 4 81 59 29
s 4 82 18 10
s 4 83 53 22
s 4 84 288 146
s 4 85 285 156
s 4 86 508 255
s 4 87 209 108
s 4 88 206 112
s 4 89 4 2
s 4 90 70 35
s 4 91 68 37
s 4 92 18 10
s 4 93 141 80
s 4 94 16 9
s 4 95 17 12
s 4 96 122 58
s 4 97 213 135
s 4 98 100 45
s 4 99 71 36
s 4 100 152 75
s 4 101 215 110
s 4 102 53 29
s 4 103 19 9
s 4 104 315 176
s 4 105 248 127
s 4 106 121 64
s 4 107 103 45
s 4 108 118 71
s 4 109 37 20
s 4 110 130 68
s 4 111 115 60
s 4 112 138 66
s 4 113 89 56
s 4 114 51 26
s 4 119 131 75
s 4 120 71 31
s 4 121 185 111
s 4 123 217 100
s 4 126 82 45
s 4 128 235 119
s 4 129 100 54
s 4 131 103 57
s 4 135 203 105
s 4 136 109 60
s 4 137 61 34
s 4 138 25 11
s 4 145 37 17
s 4 155 33 17
s 5 6 2176 1000
s 5 7 1746 921
s 5 8 2667 1503
s 5 9 1071 566
s 5 10 393 197
s 5 11 1058 455
s 5 12 1463 797
s 5 13 409 192
s 5 14 2808 1462
s 5 15 754 387
s 5 16 364 187
s 5 17 708 360
s 5 18 1337 706
s 5 19 745 338
s 5 20 810 432
s 5 21 1813 914
s 5 22 1209 599
s 5 23 557 284
s 5 25 1707 837
s 5 26 1581 780
s 5 27 853 426
s 5 28 771 386
s 5 29 2048 1005
s 5 30 800 433
s 5 31 543 273
s 5 32 552 334
s 5 33 356 183
s 5 34 502 222
s 5 35 1961 1014
s 5 36 1939 996
s 5 37 253 125
s 5 38 207 104
s 5 39 1144 569
s 5 40 409 183
s 5 41 900 435
s 5 42 1569 880
s 5 43 693 366
s 5 44 1262 640
s 5 45 296 160
s 5 46 532 244
s 5 47 770 376
s 5 48 1412 725
s 5 49 1741 927
s 5 50 223 117
s 5 51 240 121
s 5 52 237 131
s 5 53 953 396
s 5 54 1930 1020
s 5 55 563 307
s 5 56 426 229
s 5 57 160 76
s 5 58 152 87
s 5 59 366 162
s 5 60 1083 594
s 5 61 202 96
s 5 62 623 327
s 5 63 409 184
s 5 64 423 203
s 5 65 77 40
s 5 66 16 9
s 5 67 1144 638
s 5 68 546 277
s 5 69 780 407
s 5 70 935 498
s 5 71 1604 892
s 5 72 315 139
s 5 73 246 110
s 5 74 2315 1224
s 5 75 757 410
s 5 76 1796 1001
s 5 77 159 80
s 5 78 298 154
s 5 79 89 38
s 5 80 351 182
s 5 81 392 206
s 5 82 154 90
s 5 83 188 84
s 5 84 1208 604
s 5 85 1362 692
s 5 86 2174 1144
s 5 87 483 260
s 5 88 1147 590
s 5 89 74 35
s 5 90 391 199
s 5 91 268 131
s 5 92 156 88
s 5 93 2014 1031
s 5 94 279 138
s 5 95 249 140
s 5 96 823 398
s 5 97 1456 763
s 5 98 597 291
s 5 99 506 242
s 5 100 493 264
s 5 101 929 454
s 5 102 203 116
s 5 103 82 45
s 5 104 2097 1151
s 5 105 855 448
s 5 106 975 507
s 5 107 511 261
s 5 108 852 403
s 5 109 851 355
s 5 110 535 271
s 5 111 291 128
s 5 112 332 157
s 5 113 445 228
s 5 114 615 277
s 5 119 479 234
s 5 120 496 235
s 5 121 401 216
s 5 123 742 353
s 5 126 635 320
s 5 128 1053 536
s 5 129 682 323
s 5 131 296 141
s 5 135 1445 825
s 5 136 589 280
s 5 137 494 238
s 5 138 241 112
s 5 145 462 206
s 5 155 134 58
s 6 7 2809 1263
s 6 8 175 78
s 6 9 2124 1001
s 6 10 59 23
s 6 11 972 363
s 6 12 99 51
s 6 13 522 218
s 6 14 5324 2510
s 6 15 841 374
s 6 16 531 237
s 6 17 902 378
s 6 18 162 76
s 6 19 946 342
s 6 20 1451 693
s 6 21 2369 1005
s 6 22 2025 887
s 6 23 791 347
s 6 25 2491 973
s 6 26 4198 1768
s 6 27 2849 1353
s 6 28 1126 470
s 6 29 3390 1495
s 6 30 2689 1255
s 6 31 1898 882
s 6 32 488 245
s 6 33 607 278
s 6 34 825 364
s 6 35 2130 911
s 6 36 2418 1119
s 6 37 874 398
s 6 38 267 114
s 6 39 1577 650
s 6 40 998 460
s 6 41 116 47
s 6 42 1641 823
s 6 43 966 398
s 6 44 141 50
s 6 45 656 317
s 6 46 199 83
s 6 47 1013 428
s 6 48 180 74
s 6 49 2511 1247
s 6 50 833 423
s 6 51 640 283
s 6 52 301 140
s 6 53 902 350
s 6 54 191 85
s 6 55 945 433
s 6 56 305 141
s 6 57 362 185
s 6 58 324 142
s 6 59 544 214
s 6 60 1564 715
s 6 61 290 126
s 6 62 1244 614
s 6 63 423 192
s 6 64 1233 511
s 6 65 107 56
s 6 66 74 32
s 6 67 108 48
s 6 68 1580 715
s 6 69 976 429
s 6 70 204 89
s 6 71 3061 1495
s 6 72 448 214
s 6 73 287 126
s 6 74 3549 1647
s 6 75 1545 663
s 6 76 2451 1190
s 6 77 231 104
s 6 78 428 204
s 6 79 319 125
s 6 80 179 73
s 6 81 439 214
s 6 82 212 107
s 6 83 641 288
s 6 84 2847 1279
s 6 85 3286 1480
s 6 86 4180 1850
s 6 87 1556 669
s 6 88 2128 996
s 6 89 22 6
s 6 90 701 302
s 6 91 645 301
s 6 92 273 131
s 6 93 703 337
s 6 94 54 25
s 6 95 50 24
s 6 96 1163 495
s 6 97 2255 962
s 6 98 784 332
s 6 99 640 269
s 6 100 1478 629
s 6 101 1813 779
s 6 102 520 243
s 6 103 146 67
s 6 104 2939 1399
s 6 105 2136 994
s 6 106 1426 657
s 6 107 903 393
s 6 108 1106 474
s 6 109 92 34
s 6 110 954 455
s 6 111 1112 518
s 6 112 1262 564
s 6 113 712 348
s 6 114 414 179
s 6 119 1275 562
s 6 120 660 281
s 6 121 1176 552
s 6 123 1925 745
s 6 126 829 375
s 6 128 1953 855
s 6 129 821 360
s 6 131 969 397
s 6 135 1988 969
s 6 136 1261 558
s 6 137 722 314
s 6 138 98 43
s 6 145 317 131
s 6 155 292 130
s 7 8 2524 1364
s 7 9 1526 783
s 7 10 583 325
s 7 11 1157 490
s 7 12 2498 1347
s 7 13 403 189
s 7 14 3102 1570
s 7 15 852 445
s 7 16 324 149
s 7 17 630 312
s 7 18 1453 764
s 7 19 906 397
s 7 20 1246 651
s 7 21 2409 1180
s 7 22 1486 728
s 7 23 479 242
s 7 25 1774 836
s 7 26 3330 1604
s 7 27 2220 1152
s 7 28 599 294
s 7 29 1665 799
s 7 30 2067 1102
s 7 31 1515 760
s 7 32 596 337
s 7 33 504 258
s 7 34 561 255
s 7 35 1992 1001
s 7 36 1950 988
s 7 37 696 328
s 7 38 191 92
s 7 39 1125 535
s 7 40 713 340
s 7 41 925 420
s 7 42 1257 700
s 7 43 695 360
s 7 44 1459 778
s 7 45 469 253
s 7 46 676 330
s 7 47 775 402
s 7 48 2063 1053
s 7 49 1579 837
s 7 50 658 362
s 7 51 321 165
s 7 52 233 123
s 7 53 1209 554
s 7 54 2318 1243
s 7 55 682 358
s 7 56 491 259
s 7 57 269 161
s 7 58 274 126
s 7 59 362 162
s 7 60 909 504
s 7 61 298 153
s 7 62 790 436
s 7 63 571 277
s 7 64 951 424
s 7 65 90 44
s 7 66 55 29
s 7 67 1254 659
s 7 68 1218 590
s 7 69 662 333
s 7 70 1057 536
s 7 71 1759 978
s 7 72 492 246
s 7 73 269 133
s 7 74 2416 1239
s 7 75 1197 593
s 7 76 1536 863
s 7 77 142 71
s 7 78 272 152
s 7 79 280 136
s 7 80 347 176
s 7 81 360 181
s 7 82 198 121
s 7 83 332 164
s 7 84 1693 888
s 7 85 1878 940
s 7 86 3230 1632
s 7 87 1320 663
s 7 88 1248 682
s 7 89 121 70
s 7 90 494 231
s 7 91 554 267
s 7 92 163 93
s 7 93 2068 1017
s 7 94 348 184
s 7 95 264 154
s 7 96 594 290
s 7 97 1486 717
s 7 98 556 261
s 7 99 378 191
s 7 100 767 389
s 7 101 1343 667
s 7 102 342 173
s 7 103 91 55
s 7 104 1738 944
s 7 105 1638 802
s 7 106 871 427
s 7 107 538 278
s 7 108 650 306
s 7 109 1161 502
s 7 110 777 439
s 7 111 871 450
s 7 112 981 494
s 7 113 457 251
s 7 114 582 278
s 7 119 871 429
s 7 120 452 213
s 7 121 942 495
s 7 123 1388 671
s 7 126 561 285
s 7 128 1474 736
s 7 129 511 236
s 7 131 778 380
s 7 135 1159 620
s 7 136 752 367
s 7 137 432 200
s 7 138 302 140
s 7 145 516 253
s 7 155 195 92
s 8 9 2231 1185
s 8 10 50 23
s 8 11 885 419
s 8 12 52 28
s 8 13 519 273
s 8 14 4608 2479
s 8 15 834 453
s 8 16 509 277
s 8 17 889 468
s 8 18 118 44
s 8 19 845 382
s 8 20 1243 702
s 8 21 2613 1315
s 8 22 2153 1150
s 8 23 784 430
s 8 25 2599 1332
s 8 26 4738 2473
s 8 27 3302 1784
s 8 28 1004 508
s 8 29 2847 1503
s 8 30 2793 1543
s 8 31 2240 1273
s 8 32 527 307
s 8 33 556 307
s 8 34 772 409
s 8 35 2498 1291
s 8 36 2370 1199
s 8 37 820 403
s 8 38 226 120
s 8 39 1762 890
s 8 40 989 520
s 8 41 77 24
s 8 42 1453 800
s 8 43 1003 510
s 8 44 123 62
s 8 45 646 351
s 8 46 176 88
s 8 47 993 556
s 8 48 104 53
s 8 49 2275 1230
s 8 50 712 368
s 8 51 448 232
s 8 52 318 171
s 8 53 968 415
s 8 54 134 70
s 8 55 886 485
s 8 56 279 150
s 8 57 275 143
s 8 58 320 185
s 8 59 497 233
s 8 60 1473 787
s 8 61 239 115
s 8 62 1220 699
s 8 63 419 218
s 8 64 1285 646
s 8 65 111 62
s 8 66 42 20
s 8 67 61 27
s 8 68 1571 840
s 8 69 1049 562
s 8 70 138 62
s 8 71 2893 1594
s 8 72 498 261
s 8 73 301 157
s 8 74 3293 1808
s 8 75 1542 800
s 8 76 2395 1436
s 8 77 176 84
s 8 78 368 205
s 8 79 313 144
s 8 80 140 65
s 8 81 385 201
s 8 82 199 112
s 8 83 404 194
s 8 84 2503 1368
s 8 85 2388 1297
s 8 86 4311 2380
s 8 87 1672 910
s 8 88 2067 1186
s 8 89 25 8
s 8 90 632 347
s 8 91 397 213
s 8 92 207 125
s 8 93 613 305
s 8 94 47 21
s 8 95 32 15
s 8 96 1065 575
s 8 97 2403 1342
s 8 98 858 438
s 8 99 601 306
s 8 100 932 511
s 8 101 1989 1008
s 8 102 351 193
s 8 103 130 70
s 8 104 2806 1575
s 8 105 1951 1049
s 8 106 1276 668
s 8 107 795 449
s 8 108 1116 546
s 8 109 53 21
s 8 110 930 516
s 8 111 1034 526
s 8 112 1130 603
s 8 113 587 342
s 8 114 361 162
s 8 119 1272 707
s 8 120 621 312
s 8 121 1374 728
s 8 123 1871 987
s 8 126 796 429
s 8 128 1981 1038
s 8 129 760 366
s 8 131 921 494
s 8 135 1718 942
s 8 136 974 491
s 8 137 695 349
s 8 138 115 51
s 8 145 221 106
s 8 155 236 121
s 9 10 421 196
s 9 11 934 399
s 9 12 1345 758
s 9 13 398 197
s 9 14 2363 1209
s 9 15 647 309
s 9 16 332 166
s 9 17 632 333
s 9 18 1433 791
s 9 19 805 349
s 9 20 866 441
s 9 21 1651 793
s 9 22 1016 502
s 9 23 540 277
s 9 25 1639 762
s 9 26 1899 989
s 9 27 1324 698
s 9 28 756 371
s 9 29 2149 1053
s 9 30 1170 603
s 9 31 845 445
s 9 32 455 238
s 9 33 316 182
s 9 34 489 257
s 9 35 1602 779
s 9 36 1775 926
s 9 37 382 187
s 9 38 196 100
s 9 39 1047 495
s 9 40 407 196
s 9 41 830 417
s 9 42 1449 804
s 9 43 604 292
s 9 44 1035 558
s 9 45 283 136
s 9 46 506 239
s 9 47 672 337
s 9 48 1459 767
s 9 49 1984 1084
s 9 50 324 174
s 9 51 259 125
s 9 52 245 139
s 9 53 904 404
s 9 54 2074 1137
s 9 55 586 305
s 9 56 410 208
s 9 57 167 76
s 9 58 171 80
s 9 59 345 150
s 9 60 1037 566
s 9 61 153 69
s 9 62 452 239
s 9 63 337 162
s 9 64 517 249
s 9 65 81 46
s 9 66 15 4
s 9 67 1097 585
s 9 68 612 303
s 9 69 776 387
s 9 70 806 403
s 9 71 1179 615
s 9 72 262 121
s 9 73 208 97
s 9 74 2131 1110
s 9 75 622 310
s 9 76 1763 971
s 9 77 172 83
s 9 78 296 152
s 9 79 192 95
s 9 80 280 135
s 9 81 354 182
s 9 82 172 96
s 9 83 191 81
s 9 84 1148 600
s 9 85 1218 572
s 9 86 1784 922
s 9 87 759 398
s 9 88 954 484
s 9 89 79 39
s 9 90 401 221
s 9 91 315 161
s 9 92 148 78
s 9 93 1859 943
s 9 94 253 129
s 9 95 217 115
s 9 96 762 382
s 9 97 1251 638
s 9 98 550 261
s 9 99 397 187
s 9 100 489 261
s 9 101 757 376
s 9 102 214 119
s 9 103 66 44
s 9 104 1968 1061
s 9 105 853 430
s 9 106 991 509
s 9 107 453 252
s 9 108 841 426
s 9 109 800 350
s 9 110 439 237
s 9 111 473 228
s 9 112 547 306
s 9 113 453 241
s 9 114 471 208
s 9 119 524 246
s 9 120 476 231
s 9 121 438 230
s 9 123 780 361
s 9 126 571 292
s 9 128 918 463
s 9 129 511 243
s 9 131 409 214
s 9 135 1329 676
s 9 136 650 330
s 9 137 502 258
s 9 138 266 119
s 9 145 456 228
s 9 155 151 71
s 10 11 230 97
s 10 12 30 16
s 10 13 106 48
s 10 14 947 465
s 10 15 142 64
s 10 16 103 55
s 10 17 185 88
s 10 18 51 27
s 10 19 183 80
s 10 20 247 126
s 10 21 482 213
s 10 22 404 183
s 10 23 159 82
s 10 25 481 219
s 10 26 883 413
s 10 27 551 285
s 10 28 206 95
s 10 29 577 276
s 10 30 554 278
s 10 31 415 224
s 10 32 76 40
s 10 33 116 71
s 10 34 227 114
s 10 35 408 184
s 10 36 464 213
s 10 37 172 89
s 10 38 68 36
s 10 39 277 120
s 10 40 207 100
s 10 41 22 7
s 10 42 287 146
s 10 43 163 83
s 10 44 40 14
s 10 45 118 49
s 10 46 44 27
s 10 47 197 84
s 10 48 39 14
s 10 49 457 230
s 10 50 216 110
s 10 51 89 48
s 10 52 54 21
s 10 53 203 71
s 10 54 63 27
s 10 55 178 86
s 10 56 54 26
s 10 57 70 30
s 10 58 73 32
s 10 59 129 67
s 10 60 314 179
s 10 61 76 40
s 10 62 296 168
s 10 63 88 41
s 10 64 267 127
s 10 65 18 11
s 10 66 6 1
s 10 67 32 16
s 10 68 314 172
s 10 69 238 120
s 10 70 47 25
s 10 71 611 324
s 10 72 91 42
s 10 73 42 17
s 10 74 799 399
s 10 75 283 132
s 10 76 449 234
s 10 77 46 22
s 10 78 109 47
s 10 79 63 29
s 10 80 53 21
s 10 81 74 37
s 10 82 59 37
s 10 83 119 46
s 10 84 453 244
s 10 85 568 265
s 10 86 871 441
s 10 87 323 159
s 10 88 429 233
s 10 89 5 2
s 10 90 178 85
s 10 91 140 64
s 10 92 48 26
s 10 93 158 85
s 10 94 11 2
s 10 95 15 6
s 10 96 212 92
s 10 97 431 207
s 10 98 187 92
s 10 99 120 56
s 10 100 264 146
s 10 101 355 174
s 10 102 82 43
s 10 103 27 12
s 10 104 615 335
s 10 105 534 272
s 10 106 281 129
s 10 107 187 89
s 10 108 179 88
s 10 109 26 10
s 10 110 227 117
s 10 111 246 104
s 10 112 262 137
s 10 113 175 94
s 10 114 74 33
s 10 119 224 104
s 10 120 163 67
s 10 121 289 145
s 10 123 424 196
s 10 126 165 81
s 10 128 452 231
s 10 129 155 72
s 10 131 228 109
s 10 135 411 213
s 10 136 257 124
s 10 137 161 67
s 10 138 28 11
s 10 145 77 39
s 10 155 66 35
s 11 12 743 338
s 11 13 117 43
s 11 14 2169 969
s 11 15 330 147
s 11 16 214 84
s 11 17 205 82
s 11 18 598 273
s 11 19 533 176
s 11 20 730 337
s 11 21 1137 469
s 11 22 843 333
s 11 23 321 148
s 11 25 707 272
s 11 26 2138 898
s 11 27 1499 714
s 11 28 499 215
s 11 29 1485 601
s 11 30 1288 551
s 11 31 900 393
s 11 32 217 93
s 11 33 377 158
s 11 34 231 96
s 11 35 787 323
s 11 36 811 330
s 11 37 443 178
s 11 38 131 48
s 11 39 426 151
s 11 40 473 185
s 11 41 372 162
s 11 42 838 399
s 11 43 311 128
s 11 44 534 228
s 11 45 297 138
s 11 46 262 104
s 11 47 369 138
s 11 48 786 306
s 11 49 961 415
s 11 50 429 201
s 11 51 242 90
s 11 52 110 52
s 11 53 547 158
s 11 54 932 475
s 11 55 449 202
s 11 56 150 59
s 11 57 196 80
s 11 58 132 59
s 11 59 221 80
s 11 60 681 314
s 11 61 105 38
s 11 62 571 273
s 11 63 281 120
s 11 64 619 253
s 11 65 42 15
s 11 66 28 9
s 11 67 456 195
s 11 68 690 307
s 11 69 448 184
s 11 70 427 185
s 11 71 1504 682
s 11 72 263 102
s 11 73 149 53
s 11 74 1116 442
s 11 75 681 287
s 11 76 491 224
s 11 77 86 33
s 11 78 198 99
s 11 79 186 73
s 11 80 142 63
s 11 81 260 103
s 11 82 72 31
s 11 83 294 101
s 11 84 1268 547
s 11 85 1317 510
s 11 86 1936 820
s 11 87 812 331
s 11 88 798 369
s 11 89 53 19
s 11 90 229 94
s 11 91 274 104
s 11 92 91 45
s 11 93 806 353
s 11 94 136 56
s 11 95 91 44
s 11 96 506 224
s 11 97 1166 488
s 11 98 352 129
s 11 99 290 134
s 11 100 651 309
s 11 101 805 346
s 11 102 221 94
s 11 103 59 36
s 11 104 1437 677
s 11 105 1113 453
s 11 106 304 118
s 11 107 315 131
s 11 108 469 154
s 11 109 431 159
s 11 110 414 192
s 11 111 515 232
s 11 112 601 234
s 11 113 161 68
s 11 114 251 98
s 11 119 568 229
s 11 120 229 93
s 11 121 572 249
s 11 123 923 374
s 11 126 214 86
s 11 128 852 335
s 11 129 459 188
s 11 131 499 204
s 11 135 926 407
s 11 136 513 183
s 11 137 364 152
s 11 138 129 53
s 11 145 172 59
s 11 155 122 53
s 12 13 360 193
s 12 14 3064 1578
s 12 15 501 265
s 12 16 337 187
s 12 17 601 305
s 12 18 64 32
s 12 19 553 259
s 12 20 799 407
s 12 21 1660 842
s 12 22 1325 738
s 12 23 501 252
s 12 25 1757 940
s 12 26 2896 1530
s 12 27 1746 985
s 12 28 609 316
s 12 29 2000 1045
s 12 30 1938 1086
s 12 31 1245 709
s 12 32 274 159
s 12 33 506 310
s 12 34 614 306
s 12 35 1476 769
s 12 36 1487 796
s 12 37 626 333
s 12 38 208 96
s 12 39 1016 488
s 12 40 602 311
s 12 41 47 28
s 12 42 810 458
s 12 43 610 314
s 12 44 55 25
s 12 45 480 266
s 12 46 121 59
s 12 47 644 352
s 12 48 75 31
s 12 49 1660 965
s 12 50 646 345
s 12 51 314 165
s 12 52 205 105
s 12 53 607 262
s 12 54 66 26
s 12 55 601 285
s 12 56 192 104
s 12 57 236 120
s 12 58 222 112
s 12 59 332 163
s 12 60 1034 589
s 12 61 225 114
s 12 62 831 468
s 12 63 281 140
s 12 64 829 420
s 12 65 76 30
s 12 66 48 32
s 12 67 35 14
s 12 68 1074 637
s 12 69 580 311
s 12 70 82 44
s 12 71 1878 1044
s 12 72 313 166
s 12 73 168 103
s 12 74 2514 1403
s 12 75 1013 526
s 12 76 1455 819
s 12 77 157 76
s 12 78 278 140
s 12 79 241 121
s 12 80 116 71
s 12 81 254 134
s 12 82 153 76
s 12 83 333 146
s 12 84 1467 768
s 12 85 1829 991
s 12 86 2923 1600
s 12 87 1076 568
s 12 88 1201 674
s 12 89 12 8
s 12 90 640 368
s 12 91 366 180
s 12 92 184 112
s 12 93 326 158
s 12 94 23 12
s 12 95 22 12
s 12 96 642 312
s 12 97 1322 687
s 12 98 546 281
s 12 99 439 228
s 12 100 602 298
s 12 101 1240 708
s 12 102 280 147
s 12 103 83 53
s 12 104 1864 1029
s 12 105 1752 996
s 12 106 888 500
s 12 107 587 315
s 12 108 653 345
s 12 109 39 16
s 12 110 740 446
s 12 111 810 430
s 12 112 945 559
s 12 113 504 302
s 12 114 234 110
s 12 119 837 443
s 12 120 472 244
s 12 121 995 537
s 12 123 1398 666
s 12 126 501 259
s 12 128 1346 744
s 12 129 485 261
s 12 131 764 427
s 12 135 1293 718
s 12 136 750 371
s 12 137 538 280
s 12 138 60 33
s 12 145 194 86
s 12 155 182 82
s 13 14 693 322
s 13 15 135 61
s 13 16 68 32
s 13 17 8 2
s 13 18 321 160
s 13 19 203 72
s 13 20 234 111
s 13 21 418 177
s 13 22 230 117
s 13 23 75 35
s 13 25 124 57
s 13 26 764 329
s 13 27 480 226
s 13 28 159 80
s 13 29 466 211
s 13 30 436 198
s 13 31 347 161
s 13 32 83 43
s 13 33 101 53
s 13 34 17 8
s 13 35 175 73
s 13 36 271 118
s 13 37 156 87
s 13 38 56 21
s 13 39 60 24
s 13 40 146 73
s 13 41 161 66
s 13 42 314 155
s 13 43 95 43
s 13 44 246 116
s 13 45 83 42
s 13 46 122 52
s 13 47 91 36
s 13 48 389 180
s 13 49 291 148
s 13 50 152 67
s 13 51 84 42
s 13 52 23 14
s 13 53 245 103
s 13 54 469 229
s 13 55 156 77
s 13 56 70 38
s 13 57 53 25
s 13 58 51 27
s 13 59 38 16
s 13 60 268 130
s 13 61 14 8
s 13 62 239 120
s 13 63 119 52
s 13 64 181 90
s 13 65 14 7
s 13 66 8 5
s 13 67 258 121
s 13 68 238 115
s 13 69 192 86
s 13 70 224 117
s 13 71 451 213
s 13 72 95 34
s 13 73 60 28
s 13 74 191 86
s 13 75 212 95
s 13 76 29 10
s 13 77 42 16
s 13 78 79 39
s 13 79 48 21
s 13 80 78 32
s 13 81 83 43
s 13 82 10 6
s 13 83 74 33
s 13 84 328 137
s 13 85 424 188
s 13 86 638 293
s 13 87 294 133
s 13 88 252 119
s 13 89 19 9
s 13 90 49 23
s 13 91 97 39
s 13 92 26 16
s 13 93 392 186
s 13 94 60 27
s 13 95 41 18
s 13 96 184 80
s 13 97 322 150
s 13 98 129 57
s 13 99 96 35
s 13 100 197 91
s 13 101 273 128
s 13 102 75 41
s 13 103 15 9
s 13 104 440 218
s 13 105 348 193
s 13 106 13 5
s 13 107 100 52
s 13 108 193 68
s 13 109 238 103
s 13 110 120 66
s 13 111 152 72
s 13 112 233 102
s 13 113 12 2
s 13 114 97 43
s 13 119 263 129
s 13 120 52 22
s 13 121 213 86
s 13 123 378 183
s 13 126 39 16
s 13 128 269 125
s 13 129 160 77
s 13 131 176 90
s 13 135 333 169
s 13 136 151 62
s 13 137 96 42
s 13 138 67 25
s 13 145 100 39
s 13 155 56 32
s 14 15 1424 696
s 14 16 654 321
s 14 17 1318 595
s 14 18 2664 1422
s 14 19 1471 605
s 14 20 2104 1068
s 14 21 3940 1967
s 14 22 2496 1250
s 14 23 962 491
s 14 25 3607 1732
s 14 26 5285 2535
s 14 27 3279 1763
s 14 28 1284 614
s 14 29 3490 1695
s 14 30 3134 1609
s 14 31 2429 1322
s 14 32 998 531
s 14 33 867 484
s 14 34 1226 592
s 14 35 3929 2020
s 14 36 3546 1826
s 14 37 1054 545
s 14 38 353 177
s 14 39 2181 985
s 14 40 1115 571
s 14 41 1702 837
s 14 42 2467 1331
s 14 43 1365 660
s 14 44 2535 1272
s 14 45 855 467
s 14 46 1147 548
s 14 47 1540 802
s 14 48 3547 1825
s 14 49 3270 1724
s 14 50 1040 561
s 14 51 469 220
s 14 52 574 310
s 14 53 2093 910
s 14 54 3744 2014
s 14 55 1265 619
s 14 56 952 468
s 14 57 439 236
s 14 58 382 162
s 14 59 723 329
s 14 60 1823 920
s 14 61 405 184
s 14 62 1249 657
s 14 63 917 420
s 14 64 1507 758
s 14 65 155 68
s 14 66 54 26
s 14 67 2208 1160
s 14 68 2040 1090
s 14 69 1276 576
s 14 70 1641 816
s 14 71 2746 1390
s 14 72 671 324
s 14 73 483 227
s 14 74 4836 2586
s 14 75 1967 1030
s 14 76 3266 1801
s 14 77 271 136
s 14 78 547 288
s 14 79 405 191
s 14 80 616 284
s 14 81 712 362
s 14 82 342 186
s 14 83 512 223
s 14 84 2575 1320
s 14 85 2661 1278
s 14 86 5107 2618
s 14 87 1979 1021
s 14 88 2251 1175
s 14 89 182 94
s 14 90 994 536
s 14 91 900 445
s 14 92 361 200
s 14 93 3573 1751
s 14 94 610 327
s 14 95 482 261
s 14 96 1239 578
s 14 97 2447 1205
s 14 98 964 447
s 14 99 813 376
s 14 100 1069 503
s 14 101 2191 1129
s 14 102 544 280
s 14 103 174 91
s 14 104 3339 1686
s 14 105 2424 1262
s 14 106 1938 948
s 14 107 1001 513
s 14 108 1313 643
s 14 109 1884 814
s 14 110 1260 716
s 14 111 1346 664
s 14 112 1515 769
s 14 113 1029 572
s 14 114 1113 514
s 14 119 1468 729
s 14 120 944 435
s 14 121 1682 916
s 14 123 2170 1020
s 14 126 1139 540
s 14 128 2500 1277
s 14 129 952 469
s 14 131 1079 550
s 14 135 2373 1232
s 14 136 1451 678
s 14 137 885 421
s 14 138 612 338
s 14 145 940 399
s 14 155 353 170
s 15 16 97 48
s 15 17 218 106
s 15 18 563 287
s 15 19 348 162
s 15 20 453 231
s 15 21 853 424
s 15 22 647 317
s 15 23 148 73
s 15 25 668 281
s 15 26 1292 662
s 15 27 907 446
s 15 28 144 68
s 15 29 416 191
s 15 30 803 399
s 15 31 609 302
s 15 32 214 121
s 15 33 121 60
s 15 34 203 97
s 15 35 738 339
s 15 36 594 263
s 15 37 250 111
s 15 38 42 18
s 15 39 459 208
s 15 40 314 144
s 15 41 365 189
s 15 42 428 229
s 15 43 211 96
s 15 44 409 228
s 15 45 167 93
s 15 46 188 77
s 15 47 237 118
s 15 48 479 231
s 15 49 469 256
s 15 50 215 105
s 15 51 208 91
s 15 52 72 34
s 15 53 400 170
s 15 54 756 396
s 15 55 141 71
s 15 56 152 74
s 15 57 80 43
s 15 58 95 40
s 15 59 124 54
s 15 60 207 105
s 15 61 55 20
s 15 62 427 228
s 15 63 171 83
s 15 64 372 163
s 15 65 23 9
s 15 66 20 8
s 15 67 461 239
s 15 68 458 231
s 15 69 180 84
s 15 70 319 136
s 15 71 986 502
s 15 72 178 71
s 15 73 112 53
s 15 74 887 466
s 15 75 480 255
s 15 76 583 319
s 15 77 36 18
s 15 78 45 30
s 15 79 81 33
s 15 80 96 53
s 15 81 111 53
s 15 82 52 32
s 15 83 156 65
s 15 84 785 408
s 15 85 699 334
s 15 86 1224 617
s 15 87 574 309
s 15 88 695 385
s 15 89 20 8
s 15 90 170 84
s 15 91 219 118
s 15 92 54 30
s 15 93 742 384
s 15 94 96 39
s 15 95 96 51
s 15 96 182 82
s 15 97 484 232
s 15 98 105 41
s 15 99 90 45
s 15 100 342 175
s 15 101 524 249
s 15 102 112 66
s 15 103 26 17
s 15 104 374 193
s 15 105 596 290
s 15 106 361 182
s 15 107 258 137
s 15 108 186 96
s 15 109 273 122
s 15 110 226 120
s 15 111 299 145
s 15 112 327 175
s 15 113 142 80
s 15 114 225 104
s 15 119 383 192
s 15 120 163 83
s 15 121 329 161
s 15 123 584 266
s 15 126 213 113
s 15 128 509 244
s 15 129 119 54
s 15 131 256 123
s 15 135 299 165
s 15 136 295 120
s 15 137 113 56
s 15 138 98 45
s 15 145 169 72
s 15 155 77 36
s 16 17 108 55
s 16 18 330 174
s 16 19 155 60
s 16 20 252 132
s 16 21 464 208
s 16 22 333 171
s 16 23 80 44
s 16 25 365 172
s 16 26 704 337
s 16 27 478 258
s 16 28 48 17
s 16 29 178 87
s 16 30 461 244
s 16 31 326 168
s 16 32 99 52
s 16 33 94 41
s 16 34 99 46
s 16 35 432 206
s 16 36 281 135
s 16 37 167 77
s 16 38 22 14
s 16 39 208 97
s 16 40 170 77
s 16 41 207 94
s 16 42 209 122
s 16 43 109 44
s 16 44 314 159
s 16 45 115 61
s 16 46 157 77
s 16 47 133 68
s 16 48 363 184
s 16 49 218 116
s 16 50 113 65
s 16 51 74 31
s 16 52 42 24
s 16 53 247 109
s 16 54 428 228
s 16 55 65 32
s 16 56 96 48
s 16 57 40 18
s 16 58 52 22
s 16 59 70 35
s 16 60 104 58
s 16 61 46 27
s 16 62 178 86
s 16 63 133 69
s 16 64 219 106
s 16 65 19 10
s 16 66 10 4
s 16 67 256 124
s 16 68 263 129
s 16 69 65 30
s 16 70 232 119
s 16 71 424 218
s 16 72 96 40
s 16 73 67 33
s 16 74 507 240
s 16 75 266 121
s 16 76 279 142
s 16 77 26 14
s 16 78 29 17
s 16 79 61 24
s 16 80 77 34
s 16 81 48 28
s 16 82 34 18
s 16 83 85 29
s 16 84 399 188
s 16 85 354 173
s 16 86 728 373
s 16 87 299 161
s 16 88 287 143
s 16 89 21 12
s 16 90 116 52
s 16 91 102 48
s 16 92 27 16
s 16 93 388 203
s 16 94 68 41
s 16 95 55 20
s 16 96 62 32
s 16 97 237 110
s 16 98 54 24
s 16 99 42 21
s 16 100 171 81
s 16 101 286 135
s 16 102 53 27
s 16 103 21 12
s 16 104 205 108
s 16 105 345 180
s 16 106 182 85
s 16 107 136 60
s 16 108 72 37
s 16 109 216 96
s 16 110 114 53
s 16 111 175 93
s 16 112 225 98
s 16 113 93 57
s 16 114 95 37
s 16 119 211 98
s 16 120 62 24
s 16 121 202 104
s 16 123 349 172
s 16 126 128 67
s 16 128 304 141
s 16 129 75 28
s 16 131 190 94
s 16 135 125 67
s 16 136 153 70
s 16 137 48 26
s 16 138 64 35
s 16 145 112 50
s 16 155 42 23
s 17 18 581 293
s 17 19 316 118
s 17 20 385 188
s 17 21 751 348
s 17 22 366 170
s 17 23 145 65
s 17 25 184 83
s 17 26 1208 566
s 17 27 804 384
s 17 28 301 144
s 17 29 885 413
s 17 30 821 392
s 17 31 613 295
s 17 32 125 61
s 17 33 182 99
s 17 34 22 9
s 17 35 324 145
s 17 36 402 177
s 17 37 239 94
s 17 38 84 39
s 17 39 117 46
s 17 40 286 142
s 17 41 312 135
s 17 42 574 298
s 17 43 156 68
s 17 44 471 231
s 17 45 165 90
s 17 46 203 104
s 17 47 171 94
s 17 48 654 304
s 17 49 492 260
s 17 50 244 117
s 17 51 172 82
s 17 52 51 27
s 17 53 403 167
s 17 54 828 422
s 17 55 271 127
s 17 56 135 73
s 17 57 79 39
s 17 58 98 42
s 17 59 61 21
s 17 60 457 223
s 17 61 31 15
s 17 62 396 214
s 17 63 206 84
s 17 64 319 140
s 17 65 32 19
s 17 66 14 10
s 17 67 445 213
s 17 68 441 218
s 17 69 330 140
s 17 70 326 145
s 17 71 869 432
s 17 72 200 85
s 17 73 80 35
s 17 74 325 156
s 17 75 444 211
s 17 76 52 19
s 17 77 61 26
s 17 78 117 59
s 17 79 86 36
s 17 80 98 42
s 17 81 121 57
s 17 82 22 13
s 17 83 109 47
s 17 84 637 292
s 17 85 786 387
s 17 86 1095 532
s 17 87 508 241
s 17 88 544 264
s 17 89 36 19
s 17 90 105 50
s 17 91 175 84
s 17 92 48 24
s 17 93 650 287
s 17 94 89 42
s 17 95 89 50
s 17 96 307 143
s 17 97 504 258
s 17 98 199 80
s 17 99 200 80
s 17 100 298 149
s 17 101 502 223
s 17 102 126 64
s 17 103 36 21
s 17 104 801 399
s 17 105 579 261
s 17 106 45 21
s 17 107 165 78
s 17 108 319 131
s 17 109 383 145
s 17 110 259 129
s 17 111 341 153
s 17 112 368 158
s 17 113 33 10
s 17 114 153 70
s 17 119 402 190
s 17 120 77 34
s 17 121 410 201
s 17 123 609 281
s 17 126 47 24
s 17 128 450 200
s 17 129 206 105
s 17 131 284 151
s 17 135 567 323
s 17 136 236 97
s 17 137 182 83
s 17 138 93 49
s 17 145 159 67
s 17 155 99 38
s 18 19 518 241
s 18 20 805 420
s 18 21 1659 848
s 18 22 1269 657
s 18 23 413 203
s 18 25 1553 746
s 18 26 2545 1289
s 18 27 1696 915
s 18 28 614 310
s 18 29 1628 799
s 18 30 1612 850
s 18 31 1239 683
s 18 32 332 203
s 18 33 456 253
s 18 34 517 249
s 18 35 1480 740
s 18 36 1422 780
s 18 37 547 264
s 18 38 178 94
s 18 39 1001 499
s 18 40 600 317
s 18 41 61 26
s 18 42 774 446
s 18 43 606 294
s 18 44 88 41
s 18 45 369 197
s 18 46 117 47
s 18 47 598 322
s 18 48 94 34
s 18 49 1418 786
s 18 50 489 286
s 18 51 278 149
s 18 52 186 97
s 18 53 544 229
s 18 54 119 54
s 18 55 642 324
s 18 56 173 89
s 18 57 201 116
s 18 58 197 90
s 18 59 300 141
s 18 60 835 465
s 18 61 144 68
s 18 62 829 474
s 18 63 288 145
s 18 64 712 370
s 18 65 65 31
s 18 66 34 19
s 18 67 66 30
s 18 68 915 484
s 18 69 617 317
s 18 70 109 54
s 18 71 1695 942
s 18 72 271 118
s 18 73 125 59
s 18 74 2203 1168
s 18 75 937 507
s 18 76 1394 808
s 18 77 161 94
s 18 78 271 139
s 18 79 196 96
s 18 80 103 47
s 18 81 203 105
s 18 82 128 82
s 18 83 275 130
s 18 84 1422 762
s 18 85 1510 785
s 18 86 2609 1402
s 18 87 1023 559
s 18 88 1149 653
s 18 89 12 6
s 18 90 435 224
s 18 91 393 204
s 18 92 160 95
s 18 93 404 204
s 18 94 41 21
s 18 95 30 13
s 18 96 590 308
s 18 97 1506 782
s 18 98 452 229
s 18 99 358 177
s 18 100 533 282
s 18 101 1113 601
s 18 102 217 125
s 18 103 88 57
s 18 104 1532 862
s 18 105 1334 700
s 18 106 815 451
s 18 107 573 293
s 18 108 546 265
s 18 109 52 16
s 18 110 637 351
s 18 111 694 376
s 18 112 848 469
s 18 113 439 254
s 18 114 219 107
s 18 119 808 412
s 18 120 464 223
s 18 121 870 492
s 18 123 1195 600
s 18 126 466 232
s 18 128 1150 589
s 18 129 467 239
s 18 131 657 356
s 18 135 1126 657
s 18 136 673 340
s 18 137 402 202
s 18 138 62 24
s 18 145 164 83
s 18 155 175 84
s 19 20 581 261
s 19 21 1083 409
s 19 22 679 272
s 19 23 243 104
s 19 25 928 372
s 19 26 1565 624
s 19 27 1102 479
s 19 28 305 117
s 19 29 812 354
s 19 30 923 419
s 19 31 707 308
s 19 32 252 123
s 19 33 247 108
s 19 34 284 134
s 19 35 922 402
s 19 36 893 446
s 19 37 321 131
s 19 38 104 43
s 19 39 571 224
s 19 40 304 125
s 19 41 293 131
s 19 42 524 270
s 19 43 342 141
s 19 44 505 229
s 19 45 249 108
s 19 46 279 126
s 19 47 368 151
s 19 48 659 293
s 19 49 758 364
s 19 50 304 132
s 19 51 161 65
s 19 52 123 55
s 19 53 549 216
s 19 54 692 328
s 19 55 313 137
s 19 56 186 89
s 19 57 110 46
s 19 58 113 49
s 19 59 178 69
s 19 60 462 215
s 19 61 103 39
s 19 62 409 200
s 19 63 252 106
s 19 64 437 176
s 19 65 43 15
s 19 66 14 6
s 19 67 362 157
s 19 68 578 256
s 19 69 310 132
s 19 70 381 173
s 19 71 841 387
s 19 72 220 91
s 19 73 115 46
s 19 74 1214 531
s 19 75 540 248
s 19 76 764 360
s 19 77 112 51
s 19 78 138 60
s 19 79 117 33
s 19 80 148 59
s 19 81 159 68
s 19 82 86 41
s 19 83 165 66
s 19 84 833 397
s 19 85 880 367
s 19 86 1505 634
s 19 87 586 254
s 19 88 648 271
s 19 89 36 17
s 19 90 254 106
s 19 91 280 125
s 19 92 83 38
s 19 93 743 322
s 19 94 111 49
s 19 95 114 52
s 19 96 284 109
s 19 97 848 371
s 19 98 294 117
s 19 99 193 77
s 19 100 403 182
s 19 101 628 263
s 19 102 126 63
s 19 103 42 20
s 19 104 845 385
s 19 105 753 323
s 19 106 428 188
s 19 107 291 116
s 19 108 285 115
s 19 109 377 149
s 19 110 326 145
s 19 111 444 182
s 19 112 450 203
s 19 113 249 118
s 19 114 254 109
s 19 119 463 203
s 19 120 266 124
s 19 121 462 192
s 19 123 729 277
s 19 126 276 115
s 19 128 746 317
s 19 129 286 103
s 19 131 372 152
s 19 135 599 282
s 19 136 396 164
s 19 137 232 98
s 19 138 114 54
s 19 145 200 82
s 19 155 108 49
s 20 21 1253 632
s 20 22 902 446
s 20 23 345 186
s 20 25 1269 622
s 20 26 1675 841
s 20 27 1059 536
s 20 28 515 261
s 20 29 1416 725
s 20 30 1007 528
s 20 31 731 414
s 20 32 334 183
s 20 33 259 134
s 20 34 407 197
s 20 35 1401 767
s 20 36 1177 585
s 20 37 324 183
s 20 38 113 67
s 20 39 702 352
s 20 40 376 172
s 20 41 522 246
s 20 42 945 556
s 20 43 451 224
s 20 44 762 395
s 20 45 261 138
s 20 46 350 188
s 20 47 506 252
s 20 48 978 529
s 20 49 1104 629
s 20 50 271 161
s 20 51 192 95
s 20 52 157 87
s 20 53 659 302
s 20 54 1131 586
s 20 55 393 197
s 20 56 282 161
s 20 57 146 90
s 20 58 120 59
s 20 59 236 108
s 20 60 729 399
s 20 61 129 64
s 20 62 493 254
s 20 63 286 147
s 20 64 461 216
s 20 65 49 26
s 20 66 28 12
s 20 67 633 332
s 20 68 616 322
s 20 69 429 191
s 20 70 538 263
s 20 71 1150 598
s 20 72 229 118
s 20 73 180 85
s 20 74 1709 903
s 20 75 612 329
s 20 76 1105 598
s 20 77 106 56
s 20 78 184 96
s 20 79 119 59
s 20 80 192 97
s 20 81 239 130
s 20 82 104 56
s 20 83 211 98
s 20 84 968 506
s 20 85 1193 619
s 20 86 1695 901
s 20 87 592 313
s 20 88 802 432
s 20 89 49 31
s 20 90 297 147
s 20 91 299 143
s 20 92 129 71
s 20 93 958 488
s 20 94 165 88
s 20 95 159 78
s 20 96 470 224
s 20 97 1008 533
s 20 98 389 177
s 20 99 314 155
s 20 100 479 249
s 20 101 727 364
s 20 102 183 97
s 20 103 79 45
s 20 104 1369 767
s 20 105 835 455
s 20 106 602 300
s 20 107 400 221
s 20 108 498 235
s 20 109 512 234
s 20 110 435 226
s 20 111 351 168
s 20 112 399 195
s 20 113 322 181
s 20 114 379 174
s 20 119 451 236
s 20 120 327 164
s 20 121 452 253
s 20 123 703 326
s 20 126 387 192
s 20 128 817 438
s 20 129 402 201
s 20 131 347 184
s 20 135 945 523
s 20 136 499 247
s 20 137 350 160
s 20 138 157 83
s 20 145 321 147
s 20 155 124 59
s 21 22 1572 732
s 21 23 681 322
s 21 25 1910 864
s 21 26 3519 1614
s 21 27 2278 1095
s 21 28 1004 465
s 21 29 2549 1216
s 21 30 2227 1148
s 21 31 1529 793
s 21 32 607 325
s 21 33 492 253
s 21 34 642 305
s 21 35 1927 896
s 21 36 2110 1012
s 21 37 726 349
s 21 38 256 116
s 21 39 1188 515
s 21 40 667 292
s 21 41 976 479
s 21 42 1795 930
s 21 43 724 338
s 21 44 1399 636
s 21 45 490 245
s 21 46 665 305
s 21 47 822 375
s 21 48 1768 862
s 21 49 2260 1146
s 21 50 644 356
s 21 51 428 191
s 21 52 308 159
s 21 53 1247 495
s 21 54 2451 1232
s 21 55 749 370
s 21 56 485 227
s 21 57 309 158
s 21 58 268 126
s 21 59 399 147
s 21 60 1385 702
s 21 61 220 105
s 21 62 934 489
s 21 63 532 228
s 21 64 1012 443
s 21 65 88 42
s 21 66 53 26
s 21 67 1259 666
s 21 68 1238 643
s 21 69 902 440
s 21 70 1086 515
s 21 71 2270 1109
s 21 72 466 198
s 21 73 300 133
s 21 74 2712 1300
s 21 75 1161 548
s 21 76 1745 906
s 21 77 190 85
s 21 78 384 198
s 21 79 275 125
s 21 80 406 206
s 21 81 499 254
s 21 82 188 105
s 21 83 414 183
s 21 84 2149 1036
s 21 85 2181 1049
s 21 86 3274 1571
s 21 87 1412 725
s 21 88 1580 798
s 21 89 95 56
s 21 90 504 255
s 21 91 548 273
s 21 92 190 93
s 21 93 2224 1085
s 21 94 295 136
s 21 95 294 153
s 21 96 919 437
s 21 97 1829 851
s 21 98 752 333
s 21 99 610 269
s 21 100 1025 509
s 21 101 1290 608
s 21 102 406 213
s 21 103 97 51
s 21 104 2621 1320
s 21 105 1584 777
s 21 106 1164 577
s 21 107 697 341
s 21 108 996 441
s 21 109 998 375
s 21 110 775 397
s 21 111 891 435
s 21 112 1041 490
s 21 113 515 263
s 21 114 663 289
s 21 119 983 482
s 21 120 581 240
s 21 121 949 472
s 21 123 1459 644
s 21 126 684 308
s 21 128 1514 708
s 21 129 780 354
s 21 131 745 314
s 21 135 1655 873
s 21 136 878 409
s 21 137 630 289
s 21 138 302 143
s 21 145 555 233
s 21 155 243 110
s 22 23 502 258
s 22 25 1199 597
s 22 26 2194 1103
s 22 27 1546 753
s 22 28 717 341
s 22 29 1939 914
s 22 30 1375 739
s 22 31 965 497
s 22 32 474 269
s 22 33 297 166
s 22 34 379 183
s 22 35 1375 669
s 22 36 1479 702
s 22 37 464 208
s 22 38 175 76
s 22 39 745 396
s 22 40 485 210
s 22 41 857 425
s 22 42 1462 797
s 22 43 482 230
s 22 44 1191 621
s 22 45 302 162
s 22 46 494 237
s 22 47 502 263
s 22 48 1391 709
s 22 49 1510 778
s 22 50 416 220
s 22 51 266 130
s 22 52 174 79
s 22 53 918 430
s 22 54 1918 1019
s 22 55 525 259
s 22 56 393 200
s 22 57 200 99
s 22 58 170 84
s 22 59 294 139
s 22 60 993 521
s 22 61 145 63
s 22 62 524 281
s 22 63 377 183
s 22 64 609 271
s 22 65 52 27
s 22 66 30 15
s 22 67 1126 616
s 22 68 745 374
s 22 69 636 298
s 22 70 817 385
s 22 71 1530 809
s 22 72 326 146
s 22 73 224 99
s 22 74 1597 834
s 22 75 771 361
s 22 76 1051 594
s 22 77 156 87
s 22 78 245 121
s 22 79 177 87
s 22 80 264 126
s 22 81 366 182
s 22 82 133 70
s 22 83 248 121
s 22 84 1344 671
s 22 85 1396 655
s 22 86 1992 1010
s 22 87 895 444
s 22 88 952 504
s 22 89 79 36
s 22 90 313 156
s 22 91 294 145
s 22 92 113 62
s 22 93 1714 809
s 22 94 241 122
s 22 95 225 126
s 22 96 709 323
s 22 97 1239 632
s 22 98 523 263
s 22 99 440 217
s 22 100 551 265
s 22 101 782 382
s 22 102 258 119
s 22 103 68 34
s 22 104 2128 1144
s 22 105 947 492
s 22 106 602 297
s 22 107 408 194
s 22 108 694 327
s 22 109 752 298
s 22 110 446 237
s 22 111 506 247
s 22 112 592 287
s 22 113 290 158
s 22 114 437 188
s 22 119 539 267
s 22 120 370 158
s 22 121 577 309
s 22 123 850 346
s 22 126 393 192
s 22 128 939 440
s 22 129 575 266
s 22 131 452 218
s 22 135 1197 642
s 22 136 619 296
s 22 137 433 211
s 22 138 230 125
s 22 145 350 161
s 22 155 151 54
s 23 25 522 240
s 23 26 1163 576
s 23 27 783 410
s 23 28 129 57
s 23 29 321 159
s 23 30 758 405
s 23 31 497 252
s 23 32 156 89
s 23 33 114 54
s 23 34 153 75
s 23 35 611 303
s 23 36 437 221
s 23 37 227 105
s 23 38 28 15
s 23 39 300 140
s 23 40 250 133
s 23 41 320 156
s 23 42 332 185
s 23 43 148 70
s 23 44 472 261
s 23 45 163 87
s 23 46 165 67
s 23 47 182 96
s 23 48 569 287
s 23 49 322 158
s 23 50 206 125
s 23 51 138 67
s 23 52 74 40
s 23 53 368 174
s 23 54 660 361
s 23 55 90 47
s 23 56 127 71
s 23 57 79 44
s 23 58 59 34
s 23 59 106 48
s 23 60 165 88
s 23 61 54 27
s 23 62 285 141
s 23 63 210 110
s 23 64 330 170
s 23 65 25 10
s 23 66 15 8
s 23 67 410 233
s 23 68 411 232
s 23 69 126 60
s 23 70 291 135
s 23 71 651 363
s 23 72 156 81
s 23 73 88 38
s 23 74 744 368
s 23 75 359 186
s 23 76 369 191
s 23 77 32 13
s 23 78 40 19
s 23 79 92 42
s 23 80 107 44
s 23 81 98 55
s 23 82 56 26
s 23 83 119 48
s 23 84 585 321
s 23 85 584 297
s 23 86 1040 494
s 23 87 473 236
s 23 88 413 233
s 23 89 34 13
s 23 90 131 61
s 23 91 168 88
s 23 92 43 25
s 23 93 654 346
s 23 94 102 55
s 23 95 88 46
s 23 96 95 42
s 23 97 414 194
s 23 98 111 51
s 23 99 80 30
s 23 100 266 127
s 23 101 426 208
s 23 102 110 64
s 23 103 31 14
s 23 104 354 184
s 23 105 505 236
s 23 106 230 104
s 23 107 171 89
s 23 108 118 53
s 23 109 328 141
s 23 110 219 109
s 23 111 258 136
s 23 112 309 153
s 23 113 127 69
s 23 114 192 79
s 23 119 299 155
s 23 120 105 44
s 23 121 339 171
s 23 123 486 204
s 23 126 166 78
s 23 128 455 231
s 23 129 117 64
s 23 131 240 123
s 23 135 236 118
s 23 136 220 105
s 23 137 88 38
s 23 138 108 50
s 23 145 144 69
s 23 155 57 26
s 25 26 3310 1539
s 25 27 2425 1175
s 25 28 808 363
s 25 29 2395 1080
s 25 30 2206 1068
s 25 31 1619 771
s 25 32 421 213
s 25 33 499 256
s 25 34 200 93
s 25 35 1113 473
s 25 36 1367 628
s 25 37 699 341
s 25 38 204 86
s 25 39 484 204
s 25 40 724 362
s 25 41 983 484
s 25 42 1730 915
s 25 43 481 211
s 25 44 1366 650
s 25 45 511 254
s 25 46 510 218
s 25 47 532 248
s 25 48 1915 944
s 25 49 1593 803
s 25 50 714 350
s 25 51 362 157
s 25 52 142 77
s 25 53 968 405
s 25 54 2383 1256
s 25 55 709 340
s 25 56 333 159
s 25 57 280 135
s 25 58 241 102
s 25 59 228 90
s 25 60 1333 653
s 25 61 106 57
s 25 62 1013 535
s 25 63 551 246
s 25 64 1011 426
s 25 65 65 23
s 25 66 47 21
s 25 67 1291 668
s 25 68 1176 552
s 25 69 835 373
s 25 70 991 456
s 25 71 2328 1207
s 25 72 464 200
s 25 73 270 106
s 25 74 1288 607
s 25 75 1120 510
s 25 76 461 216
s 25 77 158 72
s 25 78 358 172
s 25 79 246 102
s 25 80 353 161
s 25 81 459 214
s 25 82 82 43
s 25 83 399 164
s 25 84 1913 895
s 25 85 2086 968
s 25 86 3012 1404
s 25 87 1366 655
s 25 88 1293 641
s 25 89 113 57
s 25 90 305 135
s 25 91 526 249
s 25 92 148 82
s 25 93 1928 910
s 25 94 314 128
s 25 95 240 127
s 25 96 869 404
s 25 97 1609 731
s 25 98 643 280
s 25 99 524 248
s 25 100 883 407
s 25 101 1321 592
s 25 102 357 144
s 25 103 104 49
s 25 104 2543 1274
s 25 105 1648 794
s 25 106 272 106
s 25 107 460 205
s 25 108 990 426
s 25 109 1032 406
s 25 110 669 317
s 25 111 870 416
s 25 112 996 481
s 25 113 175 79
s 25 114 468 188
s 25 119 965 446
s 25 120 246 106
s 25 121 1128 522
s 25 123 1614 728
s 25 126 220 103
s 25 128 1325 617
s 25 129 704 315
s 25 131 811 360
s 25 135 1606 802
s 25 136 664 306
s 25 137 565 250
s 25 138 272 107
s 25 145 415 150
s 25 155 218 109
s 26 27 2231 1054
s 26 28 1468 710
s 26 29 3932 1834
s 26 30 2180 1097
s 26 31 1435 719
s 26 32 951 451
s 26 33 830 446
s 26 34 1143 511
s 26 35 3464 1683
s 26 36 3568 1720
s 26 37 715 338
s 26 38 407 172
s 26 39 1998 891
s 26 40 875 411
s 26 41 1706 805
s 26 42 2908 1523
s 26 43 1215 544
s 26 44 2470 1229
s 26 45 696 347
s 26 46 1144 524
s 26 47 1304 664
s 26 48 3243 1671
s 26 49 3128 1573
s 26 50 657 323
s 26 51 470 226
s 26 52 437 225
s 26 53 1908 796
s 26 54 4053 2055
s 26 55 1175 583
s 26 56 846 415
s 26 57 386 195
s 26 58 303 147
s 26 59 655 290
s 26 60 2157 1087
s 26 61 378 182
s 26 62 1235 645
s 26 63 881 425
s 26 64 1053 481
s 26 65 141 61
s 26 66 58 30
s 26 67 2136 1104
s 26 68 1358 665
s 26 69 1391 641
s 26 70 1921 975
s 26 71 3126 1591
s 26 72 702 314
s 26 73 513 239
s 26 74 4460 2204
s 26 75 1609 784
s 26 76 2920 1534
s 26 77 302 165
s 26 78 586 314
s 26 79 304 127
s 26 80 654 319
s 26 81 789 387
s 26 82 304 159
s 26 83 442 185
s 26 84 2546 1248
s 26 85 2849 1357
s 26 86 4301 2132
s 26 87 1292 636
s 26 88 2015 1030
s 26 89 165 88
s 26 90 843 429
s 26 91 680 340
s 26 92 307 163
s 26 93 3692 1781
s 26 94 595 284
s 26 95 480 274
s 26 96 1524 709
s 26 97 2849 1348
s 26 98 1328 632
s 26 99 1044 503
s 26 100 1171 545
s 26 101 1890 911
s 26 102 476 228
s 26 103 147 88
s 26 104 4297 2174
s 26 105 2093 1030
s 26 106 1666 775
s 26 107 1004 479
s 26 108 1546 714
s 26 109 1873 796
s 26 110 1190 656
s 26 111 851 437
s 26 112 1027 485
s 26 113 875 462
s 26 114 1072 489
s 26 119 993 456
s 26 120 937 448
s 26 121 1295 657
s 26 123 1682 771
s 26 126 1145 549
s 26 128 2159 1063
s 26 129 1239 572
s 26 131 823 438
s 26 135 2852 1486
s 26 136 1302 622
s 26 137 1033 488
s 26 138 489 225
s 26 145 888 376
s 26 155 321 145
s 27 28 1045 530
s 27 29 2721 1333
s 27 30 1159 620
s 27 31 763 406
s 27 32 631 360
s 27 33 450 250
s 27 34 788 417
s 27 35 2620 1406
s 27 36 2351 1185
s 27 37 394 184
s 27 38 271 131
s 27 39 1434 709
s 27 40 530 269
s 27 41 1156 577
s 27 42 1734 996
s 27 43 857 433
s 27 44 1612 843
s 27 45 454 255
s 27 46 760 355
s 27 47 878 438
s 27 48 1978 1092
s 27 49 2183 1169
s 27 50 315 162
s 27 51 271 131
s 27 52 309 172
s 27 53 1326 600
s 27 54 2526 1351
s 27 55 715 375
s 27 56 606 324
s 27 57 265 129
s 27 58 181 87
s 27 59 482 231
s 27 60 1380 724
s 27 61 273 141
s 27 62 775 435
s 27 63 609 296
s 27 64 646 328
s 27 65 77 41
s 27 66 19 9
s 27 67 1333 684
s 27 68 804 413
s 27 69 900 443
s 27 70 1604 840
s 27 71 1961 1017
s 27 72 411 185
s 27 73 320 150
s 27 74 3168 1712
s 27 75 1004 510
s 27 76 2117 1170
s 27 77 196 105
s 27 78 387 210
s 27 79 142 66
s 27 80 420 197
s 27 81 512 259
s 27 82 199 122
s 27 83 177 78
s 27 84 1576 766
s 27 85 1663 875
s 27 86 2734 1433
s 27 87 615 307
s 27 88 1383 748
s 27 89 126 68
s 27 90 624 336
s 27 91 355 176
s 27 92 196 123
s 27 93 2561 1286
s 27 94 362 180
s 27 95 304 165
s 27 96 1034 523
s 27 97 1863 1002
s 27 98 863 423
s 27 99 647 300
s 27 100 735 387
s 27 101 1181 627
s 27 102 299 154
s 27 103 86 44
s 27 104 2826 1502
s 27 105 1267 653
s 27 106 1187 611
s 27 107 665 339
s 27 108 1050 547
s 27 109 1166 548
s 27 110 745 416
s 27 111 492 265
s 27 112 527 300
s 27 113 612 344
s 27 114 799 406
s 27 119 576 289
s 27 120 626 301
s 27 121 599 344
s 27 123 1008 479
s 27 126 769 379
s 27 128 1381 710
s 27 129 855 432
s 27 131 452 236
s 27 135 1947 1056
s 27 136 857 423
s 27 137 672 344
s 27 138 360 172
s 27 145 576 264
s 27 155 190 96
s 28 29 196 84
s 28 30 956 463
s 28 31 715 362
s 28 32 247 132
s 28 33 112 55
s 28 34 251 104
s 28 35 932 449
s 28 36 554 266
s 28 37 326 151
s 28 38 23 14
s 28 39 478 204
s 28 40 318 148
s 28 41 364 156
s 28 42 266 147
s 28 43 213 104
s 28 44 617 300
s 28 45 217 100
s 28 46 306 139
s 28 47 207 100
s 28 48 719 369
s 28 49 415 219
s 28 50 326 178
s 28 51 144 66
s 28 52 109 54
s 28 53 496 227
s 28 54 948 478
s 28 55 69 38
s 28 56 247 128
s 28 57 69 32
s 28 58 105 60
s 28 59 122 50
s 28 60 90 40
s 28 61 68 21
s 28 62 359 181
s 28 63 250 104
s 28 64 426 193
s 28 65 26 16
s 28 66 27 9
s 28 67 432 218
s 28 68 475 210
s 28 69 61 29
s 28 70 386 205
s 28 71 679 346
s 28 72 196 84
s 28 73 98 54
s 28 74 1160 561
s 28 75 553 266
s 28 76 660 356
s 28 77 18 7
s 28 78 29 9
s 28 79 117 62
s 28 80 132 57
s 28 81 58 32
s 28 82 55 29
s 28 83 164 62
s 28 84 704 365
s 28 85 711 332
s 28 86 1416 714
s 28 87 602 312
s 28 88 559 305
s 28 89 39 21
s 28 90 236 108
s 28 91 281 137
s 28 92 37 21
s 28 93 825 373
s 28 94 120 69
s 28 95 97 48
s 28 96 65 37
s 28 97 370 186
s 28 98 72 30
s 28 99 29 10
s 28 100 370 181
s 28 101 589 276
s 28 102 104 56
s 28 103 44 24
s 28 104 169 100
s 28 105 699 345
s 28 106 417 200
s 28 107 247 115
s 28 108 74 30
s 28 109 398 149
s 28 110 268 142
s 28 111 396 196
s 28 112 435 206
s 28 113 185 94
s 28 114 246 118
s 28 119 453 225
s 28 120 187 90
s 28 121 427 219
s 28 123 702 333
s 28 126 258 115
s 28 128 638 317
s 28 129 48 27
s 28 131 336 163
s 28 135 157 96
s 28 136 364 169
s 28 137 71 31
s 28 138 115 53
s 28 145 205 91
s 28 155 60 26
s 29 30 2629 1343
s 29 31 1868 885
s 29 32 585 301
s 29 33 295 133
s 29 34 711 334
s 29 35 2536 1206
s 29 36 1484 698
s 29 37 823 396
s 29 38 69 36
s 29 39 1452 646
s 29 40 871 418
s 29 41 992 465
s 29 42 705 380
s 29 43 580 276
s 29 44 1468 715
s 29 45 683 340
s 29 46 737 319
s 29 47 620 286
s 29 48 2145 1054
s 29 49 963 512
s 29 50 760 413
s 29 51 393 171
s 29 52 325 168
s 29 53 1289 537
s 29 54 2418 1266
s 29 55 171 71
s 29 56 580 314
s 29 57 175 83
s 29 58 262 124
s 29 59 362 163
s 29 60 177 93
s 29 61 247 120
s 29 62 1090 554
s 29 63 589 268
s 29 64 1182 532
s 29 65 82 43
s 29 66 67 36
s 29 67 1385 696
s 29 68 1554 751
s 29 69 148 64
s 29 70 988 507
s 29 71 2093 1100
s 29 72 533 241
s 29 73 293 110
s 29 74 3954 1947
s 29 75 1546 752
s 29 76 2213 1155
s 29 77 33 13
s 29 78 65 34
s 29 79 321 130
s 29 80 424 201
s 29 81 184 85
s 29 82 209 109
s 29 83 430 177
s 29 84 1793 874
s 29 85 1969 986
s 29 86 4079 1973
s 29 87 1546 758
s 29 88 1773 920
s 29 89 114 55
s 29 90 713 389
s 29 91 611 292
s 29 92 160 91
s 29 93 2129 998
s 29 94 383 177
s 29 95 281 145
s 29 96 91 34
s 29 97 971 456
s 29 98 151 56
s 29 99 72 29
s 29 100 850 430
s 29 101 1646 758
s 29 102 309 142
s 29 103 85 42
s 29 104 393 195
s 29 105 2000 992
s 29 106 1216 584
s 29 107 658 327
s 29 108 115 39
s 29 109 1241 549
s 29 110 851 465
s 29 111 1050 511
s 29 112 1110 527
s 29 113 714 363
s 29 114 677 320
s 29 119 1157 536
s 29 120 436 209
s 29 121 1207 625
s 29 123 1977 936
s 29 126 698 337
s 29 128 1941 924
s 29 129 80 39
s 29 131 880 416
s 29 135 300 142
s 29 136 901 445
s 29 137 184 77
s 29 138 355 170
s 29 145 579 262
s 29 155 130 61
s 30 31 805 434
s 30 32 621 349
s 30 33 475 261
s 30 34 737 359
s 30 35 2446 1225
s 30 36 2212 1121
s 30 37 354 173
s 30 38 267 145
s 30 39 1322 674
s 30 40 495 253
s 30 41 1102 560
s 30 42 1909 1097
s 30 43 802 398
s 30 44 1659 884
s 30 45 406 231
s 30 46 707 344
s 30 47 882 456
s 30 48 1976 997
s 30 49 2307 1316
s 30 50 307 173
s 30 51 298 151
s 30 52 247 133
s 30 53 1110 487
s 30 54 2533 1397
s 30 55 712 357
s 30 56 520 298
s 30 57 238 109
s 30 58 165 86
s 30 59 464 213
s 30 60 1400 808
s 30 61 289 131
s 30 62 750 444
s 30 63 533 253
s 30 64 570 265
s 30 65 90 40
s 30 66 24 16
s 30 67 1465 813
s 30 68 675 348
s 30 69 855 451
s 30 70 1096 532
s 30 71 1998 1086
s 30 72 385 172
s 30 73 248 122
s 30 74 2951 1565
s 30 75 898 440
s 30 76 2074 1145
s 30 77 182 92
s 30 78 395 209
s 30 79 148 77
s 30 80 377 173
s 30 81 487 254
s 30 82 224 129
s 30 83 214 80
s 30 84 1421 776
s 30 85 1656 867
s 30 86 2511 1300
s 30 87 651 331
s 30 88 1246 699
s 30 89 122 65
s 30 90 571 306
s 30 91 390 196
s 30 92 188 109
s 30 93 2089 1069
s 30 94 347 175
s 30 95 285 147
s 30 96 920 462
s 30 97 1764 884
s 30 98 690 337
s 30 99 549 247
s 30 100 623 308
s 30 101 1066 563
s 30 102 255 119
s 30 103 76 38
s 30 104 2614 1407
s 30 105 1168 572
s 30 106 1159 620
s 30 107 651 358
s 30 108 994 494
s 30 109 1098 508
s 30 110 699 374
s 30 111 409 200
s 30 112 472 260
s 30 113 638 370
s 30 114 639 319
s 30 119 578 288
s 30 120 632 294
s 30 121 636 341
s 30 123 957 477
s 30 126 737 410
s 30 128 1297 665
s 30 129 738 350
s 30 131 436 237
s 30 135 1696 940
s 30 136 811 401
s 30 137 641 339
s 30 138 325 167
s 30 145 576 263
s 30 155 176 91
s 31 32 485 253
s 31 33 323 174
s 31 34 496 248
s 31 35 1638 831
s 31 36 1636 833
s 31 37 267 135
s 31 38 193 99
s 31 39 991 470
s 31 40 320 169
s 31 41 781 394
s 31 42 1312 764
s 31 43 543 255
s 31 44 1126 611
s 31 45 256 143
s 31 46 507 241
s 31 47 563 276
s 31 48 1476 795
s 31 49 1659 941
s 31 50 251 122
s 31 51 198 98
s 31 52 235 132
s 31 53 757 366
s 31 54 1895 1053
s 31 55 616 323
s 31 56 372 200
s 31 57 171 97
s 31 58 126 73
s 31 59 330 174
s 31 60 1046 588
s 31 61 181 101
s 31 62 589 324
s 31 63 361 180
s 31 64 384 192
s 31 65 60 28
s 31 66 11 5
s 31 67 1009 541
s 31 68 497 241
s 31 69 638 334
s 31 70 858 469
s 31 71 1400 789
s 31 72 249 97
s 31 73 195 96
s 31 74 2094 1113
s 31 75 595 306
s 31 76 1597 883
s 31 77 160 77
s 31 78 262 139
s 31 79 96 48
s 31 80 304 158
s 31 81 337 188
s 31 82 169 96
s 31 83 141 59
s 31 84 993 492
s 31 85 1112 589
s 31 86 1843 938
s 31 87 416 226
s 31 88 947 520
s 31 89 69 44
s 31 90 390 209
s 31 91 262 123
s 31 92 152 91
s 31 93 1669 870
s 31 94 233 120
s 31 95 198 122
s 31 96 697 340
s 31 97 1373 717
s 31 98 550 259
s 31 99 392 199
s 31 100 437 226
s 31 101 749 376
s 31 102 210 124
s 31 103 79 45
s 31 104 1925 1051
s 31 105 812 459
s 31 106 880 447
s 31 107 488 242
s 31 108 692 327
s 31 109 854 392
s 31 110 522 307
s 31 111 266 119
s 31 112 289 140
s 31 113 440 241
s 31 114 515 250
s 31 119 469 248
s 31 120 473 243
s 31 121 1135 670
s 31 123 725 382
s 31 126 562 303
s 31 128 960 502
s 31 129 554 282
s 31 131 296 156
s 31 135 1360 758
s 31 136 616 332
s 31 137 471 263
s 31 138 204 109
s 31 145 427 204
s 31 155 152 75
s 32 33 119 69
s 32 34 110 49
s 32 35 498 282
s 32 36 548 289
s 32 37 217 114
s 32 38 57 25
s 32 39 263 126
s 32 40 262 149
s 32 41 155 94
s 32 42 426 256
s 32 43 173 91
s 32 44 232 128
s 32 45 157 89
s 32 46 110 50
s 32 47 217 118
s 32 48 344 181
s 32 49 476 256
s 32 50 178 119
s 32 51 95 45
s 32 52 72 35
s 32 53 314 145
s 32 54 412 223
s 32 55 206 123
s 32 56 91 37
s 32 57 72 37
s 32 58 79 30
s 32 59 108 47
s 32 60 282 156
s 32 61 42 20
s 32 62 235 125
s 32 63 115 60
s 32 64 332 186
s 32 65 21 8
s 32 66 13 7
s 32 67 235 132
s 32 68 393 216
s 32 69 234 113
s 32 70 162 79
s 32 71 625 348
s 32 72 127 65
s 32 73 63 29
s 32 74 536 278
s 32 75 365 199
s 32 76 322 177
s 32 77 45 24
s 32 78 82 53
s 32 79 70 36
s 32 80 66 33
s 32 81 113 67
s 32 82 47 24
s 32 83 110 43
s 32 84 532 285
s 32 85 561 310
s 32 86 889 462
s 32 87 382 216
s 32 88 398 202
s 32 89 21 13
s 32 90 106 55
s 32 91 101 52
s 32 92 49 28
s 32 93 383 183
s 32 94 85 46
s 32 95 66 37
s 32 96 284 150
s 32 97 417 222
s 32 98 152 78
s 32 99 125 69
s 32 100 214 109
s 32 101 396 217
s 32 102 91 46
s 32 103 28 15
s 32 104 616 346
s 32 105 460 247
s 32 106 176 86
s 32 107 140 78
s 32 108 253 144
s 32 109 173 88
s 32 110 210 127
s 32 111 212 122
s 32 112 288 166
s 32 113 108 65
s 32 114 129 65
s 32 119 270 145
s 32 120 83 43
s 32 121 297 169
s 32 123 428 212
s 32 126 119 53
s 32 128 420 224
s 32 129 168 82
s 32 131 199 102
s 32 135 422 225
s 32 136 199 101
s 32 137 124 65
s 32 138 73 28
s 32 145 86 46
s 32 155 50 27
s 33 34 200 108
s 33 35 469 237
s 33 36 373 201
s 33 37 157 74
s 33 38 38 17
s 33 39 256 129
s 33 40 157 83
s 33 41 200 102
s 33 42 233 135
s 33 43 147 68
s 33 44 315 157
s 33 45 96 54
s 33 46 167 78
s 33 47 132 72
s 33 48 539 292
s 33 49 367 199
s 33 50 141 74
s 33 51 91 47
s 33 52 74 39
s 33 53 272 132
s 33 54 541 285
s 33 55 111 53
s 33 56 90 57
s 33 57 57 32
s 33 58 62 34
s 33 59 91 46
s 33 60 146 84
s 33 61 61 30
s 33 62 274 155
s 33 63 110 46
s 33 64 213 100
s 33 65 19 9
s 33 66 9 6
s 33 67 317 180
s 33 68 261 146
s 33 69 83 40
s 33 70 271 151
s 33 71 485 285
s 33 72 121 69
s 33 73 54 19
s 33 74 817 446
s 33 75 310 172
s 33 76 452 270
s 33 77 30 17
s 33 78 35 17
s 33 79 52 27
s 33 80 110 55
s 33 81 65 27
s 33 82 68 32
s 33 83 110 51
s 33 84 383 201
s 33 85 416 228
s 33 86 837 450
s 33 87 301 177
s 33 88 358 196
s 33 89 23 15
s 33 90 140 70
s 33 91 140 67
s 33 92 49 28
s 33 93 528 277
s 33 94 94 59
s 33 95 74 35
s 33 96 77 35
s 33 97 313 141
s 33 98 96 48
s 33 99 60 25
s 33 100 247 121
s 33 101 234 126
s 33 102 85 51
s 33 103 24 8
s 33 104 262 146
s 33 105 375 213
s 33 106 276 148
s 33 107 182 102
s 33 108 95 50
s 33 109 304 134
s 33 110 147 82
s 33 111 203 106
s 33 112 258 130
s 33 113 160 89
s 33 114 173 92
s 33 119 233 117
s 33 120 137 65
s 33 121 208 115
s 33 123 314 148
s 33 126 177 94
s 33 128 383 214
s 33 129 92 51
s 33 131 182 93
s 33 135 177 95
s 33 136 225 126
s 33 137 104 55
s 33 138 65 27
s 33 145 155 70
s 33 155 50 24
s 34 35 280 130
s 34 36 381 189
s 34 37 223 111
s 34 38 71 32
s 34 39 103 41
s 34 40 225 108
s 34 41 301 142
s 34 42 478 242
s 34 43 137 50
s 34 44 390 203
s 34 45 138 70
s 34 46 212 109
s 34 47 165 74
s 34 48 762 416
s 34 49 483 264
s 34 50 259 142
s 34 51 131 71
s 34 52 42 24
s 34 53 344 131
s 34 54 739 374
s 34 55 243 110
s 34 56 120 61
s 34 57 71 34
s 34 58 76 37
s 34 59 84 37
s 34 60 440 227
s 34 61 39 13
s 34 62 370 187
s 34 63 174 82
s 34 64 303 149
s 34 65 23 12
s 34 66 24 13
s 34 67 365 190
s 34 68 357 167
s 34 69 248 110
s 34 70 379 196
s 34 71 865 464
s 34 72 157 78
s 34 73 97 47
s 34 74 369 190
s 34 75 347 167
s 34 76 61 37
s 34 77 67 37
s 34 78 136 61
s 34 79 92 49
s 34 80 112 51
s 34 81 134 60
s 34 82 22 11
s 34 83 125 57
s 34 84 550 264
s 34 85 736 379
s 34 86 1019 486
s 34 87 412 210
s 34 88 428 215
s 34 89 31 13
s 34 90 94 51
s 34 91 188 84
s 34 92 57 34
s 34 93 551 256
s 34 94 98 48
s 34 95 71 41
s 34 96 288 135
s 34 97 485 230
s 34 98 237 105
s 34 99 212 116
s 34 100 337 150
s 34 101 418 217
s 34 102 134 64
s 34 103 44 18
s 34 104 789 424
s 34 105 675 371
s 34 106 43 25
s 34 107 162 87
s 34 108 254 131
s 34 109 419 181
s 34 110 228 124
s 34 111 301 148
s 34 112 345 179
s 34 113 39 18
s 34 114 144 61
s 34 119 312 153
s 34 120 81 43
s 34 121 372 175
s 34 123 610 293
s 34 126 41 22
s 34 128 479 218
s 34 129 198 99
s 34 131 306 155
s 34 135 524 282
s 34 136 255 113
s 34 137 179 85
s 34 138 83 43
s 34 145 130 44
s 34 155 93 50
s 35 36 1770 853
s 35 37 734 320
s 35 38 189 92
s 35 39 721 312
s 35 40 822 402
s 35 41 1094 489
s 35 42 1961 1077
s 35 43 517 254
s 35 44 1302 677
s 35 45 494 254
s 35 46 543 239
s 35 47 609 288
s 35 48 1573 802
s 35 49 1625 853
s 35 50 667 319
s 35 51 427 227
s 35 52 176 96
s 35 53 1024 427
s 35 54 2330 1215
s 35 55 683 329
s 35 56 351 174
s 35 57 340 184
s 35 58 231 99
s 35 59 295 129
s 35 60 1265 672
s 35 61 129 66
s 35 62 912 498
s 35 63 551 254
s 35 64 1092 509
s 35 65 77 40
s 35 66 47 23
s 35 67 1248 674
s 35 68 1287 615
s 35 69 825 390
s 35 70 1078 510
s 35 71 2509 1293
s 35 72 494 224
s 35 73 287 129
s 35 74 1746 821
s 35 75 1200 579
s 35 76 750 386
s 35 77 155 68
s 35 78 350 179
s 35 79 252 114
s 35 80 300 149
s 35 81 475 248
s 35 82 106 61
s 35 83 437 182
s 35 84 2156 1078
s 35 85 2184 1104
s 35 86 3017 1477
s 35 87 1404 718
s 35 88 1411 743
s 35 89 80 35
s 35 90 366 160
s 35 91 495 247
s 35 92 108 57
s 35 93 2013 1019
s 35 94 318 161
s 35 95 286 151
s 35 96 1058 504
s 35 97 1603 765
s 35 98 626 287
s 35 99 622 285
s 35 100 940 457
s 35 101 1331 658
s 35 102 439 225
s 35 103 116 60
s 35 104 2670 1346
s 35 105 1548 765
s 35 106 457 207
s 35 107 548 279
s 35 108 1025 466
s 35 109 888 347
s 35 110 695 359
s 35 111 799 407
s 35 112 980 480
s 35 113 248 124
s 35 114 561 227
s 35 119 923 427
s 35 120 329 136
s 35 121 987 491
s 35 123 1362 641
s 35 126 301 153
s 35 128 1324 662
s 35 129 753 335
s 35 131 690 315
s 35 135 1552 800
s 35 136 733 331
s 35 137 477 214
s 35 138 254 119
s 35 145 372 153
s 35 155 204 87
s 36 37 708 332
s 36 38 128 69
s 36 39 837 412
s 36 40 814 387
s 36 41 935 472
s 36 42 1186 589
s 36 43 504 227
s 36 44 1276 640
s 36 45 504 250
s 36 46 522 265
s 36 47 582 273
s 36 48 1617 804
s 36 49 1339 718
s 36 50 651 337
s 36 51 408 196
s 36 52 184 104
s 36 53 1063 462
s 36 54 2031 1022
s 36 55 424 193
s 36 56 365 184
s 36 57 247 138
s 36 58 230 107
s 36 59 301 135
s 36 60 740 406
s 36 61 152 71
s 36 62 1029 538
s 36 63 598 280
s 36 64 1018 463
s 36 65 80 39
s 36 66 42 23
s 36 67 1118 596
s 36 68 1386 704
s 36 69 599 273
s 36 70 969 482
s 36 71 2328 1299
s 36 72 503 234
s 36 73 235 108
s 36 74 2070 1108
s 36 75 1261 641
s 36 76 1039 592
s 36 77 89 42
s 36 78 210 118
s 36 79 269 126
s 36 80 324 168
s 36 81 302 160
s 36 82 131 77
s 36 83 420 176
s 36 84 2037 1032
s 36 85 1935 927
s 36 86 3228 1647
s 36 87 1435 770
s 36 88 1540 800
s 36 89 90 52
s 36 90 391 189
s 36 91 483 231
s 36 92 121 63
s 36 93 2047 1051
s 36 94 247 115
s 36 95 263 129
s 36 96 556 243
s 36 97 1341 695
s 36 98 463 213
s 36 99 340 166
s 36 100 874 424
s 36 101 1363 664
s 36 102 340 174
s 36 103 99 51
s 36 104 1524 822
s 36 105 1621 823
s 36 106 621 292
s 36 107 565 277
s 36 108 574 260
s 36 109 895 393
s 36 110 605 313
s 36 111 874 447
s 36 112 936 496
s 36 113 302 153
s 36 114 593 272
s 36 119 957 505
s 36 120 361 163
s 36 121 1047 539
s 36 123 1509 717
s 36 126 407 214
s 36 128 1295 644
s 36 129 445 228
s 36 131 759 399
s 36 135 1059 578
s 36 136 730 326
s 36 137 357 167
s 36 138 234 111
s 36 145 414 193
s 36 155 189 110
s 37 38 58 27
s 37 39 438 215
s 37 40 158 69
s 37 41 357 179
s 37 42 638 352
s 37 43 249 122
s 37 44 518 255
s 37 45 123 63
s 37 46 209 99
s 37 47 293 140
s 37 48 652 300
s 37 49 725 393
s 37 50 91 51
s 37 51 85 28
s 37 52 84 41
s 37 53 363 162
s 37 54 812 415
s 37 55 231 112
s 37 56 165 78
s 37 57 63 36
s 37 58 45 25
s 37 59 132 58
s 37 60 456 250
s 37 61 85 41
s 37 62 207 110
s 37 63 163 80
s 37 64 177 78
s 37 65 24 13
s 37 66 10 7
s 37 67 537 311
s 37 68 219 122
s 37 69 268 136
s 37 70 346 164
s 37 71 609 330
s 37 72 143 56
s 37 73 98 48
s 37 74 954 474
s 37 75 248 128
s 37 76 717 394
s 37 77 73 37
s 37 78 117 52
s 37 79 38 14
s 37 80 131 55
s 37 81 145 71
s 37 82 63 33
s 37 83 70 30
s 37 84 433 219
s 37 85 497 241
s 37 86 794 407
s 37 87 192 107
s 37 88 448 226
s 37 89 38 19
s 37 90 159 71
s 37 91 104 47
s 37 92 63 43
s 37 93 706 341
s 37 94 108 62
s 37 95 99 53
s 37 96 309 149
s 37 97 592 268
s 37 98 224 100
s 37 99 198 82
s 37 100 184 93
s 37 101 328 158
s 37 102 79 32
s 37 103 26 15
s 37 104 827 430
s 37 105 370 184
s 37 106 369 196
s 37 107 194 108
s 37 108 301 130
s 37 109 314 139
s 37 110 216 114
s 37 111 111 49
s 37 112 133 68
s 37 113 208 110
s 37 114 229 96
s 37 119 212 107
s 37 120 180 81
s 37 121 195 88
s 37 123 303 135
s 37 126 229 109
s 37 128 391 172
s 37 129 263 132
s 37 131 114 61
s 37 135 517 270
s 37 136 262 105
s 37 137 184 81
s 37 138 87 38
s 37 145 189 86
s 37 155 53 32
s 38 39 118 47
s 38 40 82 34
s 38 41 107 55
s 38 42 79 33
s 38 43 54 25
s 38 44 150 65
s 38 45 68 30
s 38 46 79 36
s 38 47 48 23
s 38 48 246 114
s 38 49 112 64
s 38 50 92 48
s 38 51 41 17
s 38 52 26 17
s 38 53 144 59
s 38 54 251 131
s 38 55 28 13
s 38 56 46 27
s 38 57 23 10
s 38 58 24 13
s 38 59 31 16
s 38 60 39 19
s 38 61 34 17
s 38 62 119 62
s 38 63 65 28
s 38 64 136 56
s 38 65 16 7
s 38 66 12 9
s 38 67 115 60
s 38 68 121 59
s 38 69 25 10
s 38 70 122 57
s 38 71 223 108
s 38 72 50 24
s 38 73 31 10
s 38 74 297 139
s 38 75 138 67
s 38 76 168 84
s 38 77 9 4
s 38 78 17 6
s 38 79 28 11
s 38 80 36 18
s 38 81 24 10
s 38 82 22 13
s 38 83 32 11
s 38 84 184 85
s 38 85 206 97
s 38 86 394 183
s 38 87 141 68
s 38 88 143 75
s 38 89 14 8
s 38 90 97 44
s 38 91 78 34
s 38 92 23 13
s 38 93 214 108
s 38 94 33 19
s 38 95 23 8
s 38 96 21 11
s 38 97 121 59
s 38 98 25 11
s 38 99 19 8
s 38 100 111 45
s 38 101 160 76
s 38 102 28 15
s 38 103 14 8
s 38 104 90 52
s 38 105 244 125
s 38 106 105 51
s 38 107 57 35
s 38 108 23 9
s 38 109 149 56
s 38 110 69 30
s 38 111 111 55
s 38 112 138 64
s 38 113 73 34
s 38 114 73 38
s 38 119 126 55
s 38 120 47 28
s 38 121 128 73
s 38 123 208 74
s 38 126 68 23
s 38 128 174 89
s 38 129 17 5
s 38 131 108 61
s 38 135 80 38
s 38 136 115 48
s 38 137 42 17
s 38 138 43 22
s 38 145 69 33
s 38 155 17 11
s 39 40 483 216
s 39 41 600 257
s 39 42 1038 526
s 39 43 284 128
s 39 44 813 386
s 39 45 277 141
s 39 46 295 119
s 39 47 358 183
s 39 48 1017 485
s 39 49 896 434
s 39 50 341 155
s 39 51 261 118
s 39 52 75 27
s 39 53 662 280
s 39 54 1441 721
s 39 55 445 188
s 39 56 236 114
s 39 57 133 68
s 39 58 153 65
s 39 59 144 57
s 39 60 734 381
s 39 61 51 28
s 39 62 589 297
s 39 63 332 145
s 39 64 579 265
s 39 65 43 16
s 39 66 25 9
s 39 67 808 414
s 39 68 727 319
s 39 69 547 258
s 39 70 571 280
s 39 71 1349 678
s 39 72 289 110
s 39 73 181 68
s 39 74 687 295
s 39 75 733 325
s 39 76 273 131
s 39 77 89 41
s 39 78 211 107
s 39 79 150 60
s 39 80 164 78
s 39 81 236 114
s 39 82 46 24
s 39 83 233 96
s 39 84 1156 520
s 39 85 1254 578
s 39 86 1802 819
s 39 87 849 370
s 39 88 811 433
s 39 89 75 34
s 39 90 168 77
s 39 91 238 114
s 39 92 79 39
s 39 93 1177 531
s 39 94 173 84
s 39 95 158 64
s 39 96 531 223
s 39 97 887 407
s 39 98 395 183
s 39 99 307 127
s 39 100 479 234
s 39 101 812 377
s 39 102 201 103
s 39 103 66 36
s 39 104 1402 713
s 39 105 926 397
s 39 106 163 72
s 39 107 283 130
s 39 108 552 239
s 39 109 621 246
s 39 110 395 222
s 39 111 461 206
s 39 112 561 250
s 39 113 86 34
s 39 114 330 142
s 39 119 638 300
s 39 120 164 77
s 39 121 610 294
s 39 123 895 390
s 39 126 137 58
s 39 128 769 353
s 39 129 391 184
s 39 131 423 196
s 39 135 903 453
s 39 136 376 159
s 39 137 276 117
s 39 138 159 64
s 39 145 245 97
s 39 155 112 44
s 40 41 404 190
s 40 42 625 337
s 40 43 283 148
s 40 44 510 236
s 40 45 117 51
s 40 46 194 82
s 40 47 735 325
s 40 48 652 326
s 40 49 765 389
s 40 50 144 70
s 40 51 95 55
s 40 52 105 54
s 40 53 355 138
s 40 54 862 414
s 40 55 221 113
s 40 56 185 99
s 40 57 73 39
s 40 58 62 28
s 40 59 167 65
s 40 60 449 223
s 40 61 92 45
s 40 62 170 82
s 40 63 160 77
s 40 64 221 99
s 40 65 31 14
s 40 66 6 2
s 40 67 481 252
s 40 68 261 128
s 40 69 314 137
s 40 70 388 191
s 40 71 566 296
s 40 72 126 63
s 40 73 99 37
s 40 74 971 512
s 40 75 289 134
s 40 76 683 351
s 40 77 64 32
s 40 78 100 49
s 40 79 65 23
s 40 80 130 62
s 40 81 147 81
s 40 82 72 46
s 40 83 80 43
s 40 84 538 251
s 40 85 545 278
s 40 86 778 380
s 40 87 284 140
s 40 88 439 229
s 40 89 30 15
s 40 90 148 64
s 40 91 140 69
s 40 92 67 34
s 40 93 810 400
s 40 94 107 59
s 40 95 94 43
s 40 96 290 144
s 40 97 577 285
s 40 98 222 98
s 40 99 194 80
s 40 100 197 89
s 40 101 310 141
s 40 102 97 46
s 40 103 34 18
s 40 104 837 465
s 40 105 374 173
s 40 106 404 189
s 40 107 209 103
s 40 108 302 128
s 40 109 355 150
s 40 110 185 94
s 40 111 164 82
s 40 112 178 99
s 40 113 203 94
s 40 114 249 119
s 40 119 205 113
s 40 120 166 80
s 40 121 222 105
s 40 123 326 155
s 40 126 226 111
s 40 128 375 193
s 40 129 246 120
s 40 131 126 66
s 40 135 479 250
s 40 136 269 117
s 40 137 208 85
s 40 138 94 44
s 40 145 156 66
s 40 155 57 22
s 41 42 516 275
s 41 43 377 186
s 41 44 86 35
s 41 45 259 142
s 41 46 77 28
s 41 47 330 188
s 41 48 109 49
s 41 49 742 376
s 41 50 267 134
s 41 51 188 87
s 41 52 118 60
s 41 53 441 187
s 41 54 90 52
s 41 55 319 155
s 41 56 115 63
s 41 57 106 56
s 41 58 137 69
s 41 59 190 84
s 41 60 482 236
s 41 61 66 33
s 41 62 437 229
s 41 63 179 91
s 41 64 507 217
s 41 65 50 20
s 41 66 15 5
s 41 67 57 27
s 41 68 708 343
s 41 69 360 169
s 41 70 68 30
s 41 71 963 464
s 41 72 178 80
s 41 73 121 47
s 41 74 2398 1241
s 41 75 640 299
s 41 76 770 432
s 41 77 68 39
s 41 78 135 71
s 41 79 113 57
s 41 80 61 29
s 41 81 158 83
s 41 82 63 37
s 41 83 153 58
s 41 84 936 457
s 41 85 933 468
s 41 86 1612 786
s 41 87 693 318
s 41 88 711 353
s 41 89 11 5
s 41 90 267 120
s 41 91 174 81
s 41 92 77 50
s 41 93 220 117
s 41 94 29 14
s 41 95 21 5
s 41 96 371 174
s 41 97 760 346
s 41 98 248 119
s 41 99 271 117
s 41 100 363 190
s 41 101 786 400
s 41 102 159 77
s 41 103 53 35
s 41 104 1000 515
s 41 105 777 421
s 41 106 415 189
s 41 107 278 135
s 41 108 423 186
s 41 109 43 19
s 41 110 408 221
s 41 111 368 182
s 41 112 447 217
s 41 113 187 103
s 41 114 151 66
s 41 119 486 239
s 41 120 223 102
s 41 121 410 236
s 41 123 685 315
s 41 126 278 134
s 41 128 1025 499
s 41 129 344 162
s 41 131 370 182
s 41 135 711 379
s 41 136 339 142
s 41 137 226 110
s 41 138 51 22
s 41 145 98 41
s 41 155 106 46
s 42 43 495 256
s 42 44 761 397
s 42 45 416 252
s 42 46 387 185
s 42 47 561 288
s 42 48 1001 538
s 42 49 859 480
s 42 50 490 282
s 42 51 277 137
s 42 52 199 117
s 42 53 866 392
s 42 54 1083 600
s 42 55 213 109
s 42 56 378 233
s 42 57 147 69
s 42 58 212 102
s 42 59 254 131
s 42 60 347 204
s 42 61 143 75
s 42 62 766 454
s 42 63 427 201
s 42 64 812 414
s 42 65 47 19
s 42 66 32 16
s 42 67 651 353
s 42 68 1079 592
s 42 69 256 131
s 42 70 515 302
s 42 71 1610 912
s 42 72 351 187
s 42 73 190 83
s 42 74 2206 1265
s 42 75 1084 559
s 42 76 1480 853
s 42 77 61 29
s 42 78 110 61
s 42 79 190 97
s 42 80 214 115
s 42 81 161 87
s 42 82 99 58
s 42 83 258 118
s 42 84 1416 762
s 42 85 1359 712
s 42 86 2665 1434
s 42 87 1089 613
s 42 88 1258 749
s 42 89 58 28
s 42 90 432 226
s 42 91 390 194
s 42 92 130 81
s 42 93 1282 669
s 42 94 209 105
s 42 95 151 90
s 42 96 265 151
s 42 97 919 495
s 42 98 219 108
s 42 99 136 69
s 42 100 536 272
s 42 101 1198 630
s 42 102 231 122
s 42 103 53 32
s 42 104 742 423
s 42 105 1211 679
s 42 106 740 366
s 42 107 443 229
s 42 108 244 131
s 42 109 532 257
s 42 110 585 332
s 42 111 660 336
s 42 112 744 429
s 42 113 409 216
s 42 114 372 187
s 42 119 787 434
s 42 120 332 183
s 42 121 811 478
s 42 123 1162 573
s 42 126 474 282
s 42 128 1203 636
s 42 129 218 122
s 42 131 592 338
s 42 135 458 261
s 42 136 549 293
s 42 137 190 108
s 42 138 206 105
s 42 145 284 148
s 42 155 114 57
s 43 44 497 260
s 43 45 165 84
s 43 46 219 115
s 43 47 175 78
s 43 48 657 310
s 43 49 533 289
s 43 50 247 138
s 43 51 152 74
s 43 52 82 46
s 43 53 391 166
s 43 54 848 405
s 43 55 124 64
s 43 56 161 72
s 43 57 91 42
s 43 58 81 45
s 43 59 104 50
s 43 60 268 120
s 43 61 63 29
s 43 62 418 223
s 43 63 186 89
s 43 64 377 158
s 43 65 31 14
s 43 66 23 10
s 43 67 493 244
s 43 68 464 227
s 43 69 204 95
s 43 70 336 152
s 43 71 877 456
s 43 72 169 60
s 43 73 96 44
s 43 74 662 320
s 43 75 403 189
s 43 76 408 217
s 43 77 48 29
s 43 78 73 37
s 43 79 94 41
s 43 80 130 58
s 43 81 111 63
s 43 82 50 31
s 43 83 160 70
s 43 84 709 376
s 43 85 741 330
s 43 86 1129 533
s 43 87 521 269
s 43 88 567 301
s 43 89 36 18
s 43 90 164 79
s 43 91 180 81
s 43 92 28 10
s 43 93 727 334
s 43 94 96 51
s 43 95 88 44
s 43 96 198 90
s 43 97 484 239
s 43 98 145 64
s 43 99 121 51
s 43 100 314 152
s 43 101 453 193
s 43 102 125 63
s 43 103 30 18
s 43 104 562 278
s 43 105 590 283
s 43 106 218 101
s 43 107 200 99
s 43 108 202 84
s 43 109 325 134
s 43 110 226 109
s 43 111 318 142
s 43 112 376 167
s 43 113 113 57
s 43 114 197 89
s 43 119 399 196
s 43 120 125 56
s 43 121 377 175
s 43 123 559 246
s 43 126 153 81
s 43 128 456 219
s 43 129 173 92
s 43 131 283 123
s 43 135 354 167
s 43 136 306 146
s 43 137 136 62
s 43 138 125 57
s 43 145 167 65
s 43 155 84 38
s 44 45 384 200
s 44 46 133 58
s 44 47 544 302
s 44 48 109 55
s 44 49 1161 587
s 44 50 533 296
s 44 51 221 102
s 44 52 169 85
s 44 53 542 197
s 44 54 115 50
s 44 55 384 189
s 44 56 154 69
s 44 57 171 88
s 44 58 149 64
s 44 59 272 123
s 44 60 765 419
s 44 61 125 64
s 44 62 593 308
s 44 63 253 132
s 44 64 771 365
s 44 65 76 33
s 44 66 34 14
s 44 67 66 29
s 44 68 841 432
s 44 69 506 219
s 44 70 113 58
s 44 71 1547 834
s 44 72 231 109
s 44 73 132 59
s 44 74 1958 1062
s 44 75 850 455
s 44 76 1160 609
s 44 77 100 55
s 44 78 174 92
s 44 79 156 71
s 44 80 87 33
s 44 81 218 112
s 44 82 107 56
s 44 83 256 111
s 44 84 1422 729
s 44 85 1324 682
s 44 86 2254 1135
s 44 87 918 483
s 44 88 936 488
s 44 89 11 5
s 44 90 378 168
s 44 91 246 114
s 44 92 129 82
s 44 93 370 192
s 44 94 29 15
s 44 95 32 13
s 44 96 522 249
s 44 97 1357 723
s 44 98 415 193
s 44 99 371 181
s 44 100 531 251
s 44 101 1017 539
s 44 102 256 115
s 44 103 72 42
s 44 104 1611 855
s 44 105 1225 642
s 44 106 620 312
s 44 107 410 203
s 44 108 574 277
s 44 109 43 13
s 44 110 556 306
s 44 111 558 284
s 44 112 634 317
s 44 113 334 170
s 44 114 202 94
s 44 119 655 320
s 44 120 347 172
s 44 121 734 411
s 44 123 947 435
s 44 126 467 252
s 44 128 1069 544
s 44 129 450 220
s 44 131 486 245
s 44 135 1034 565
s 44 136 546 264
s 44 137 363 166
s 44 138 67 38
s 44 145 143 67
s 44 155 139 67
s 45 46 156 74
s 45 47 189 102
s 45 48 478 250
s 45 49 566 339
s 45 50 102 53
s 45 51 73 26
s 45 52 65 39
s 45 53 269 120
s 45 54 623 358
s 45 55 152 81
s 45 56 122 69
s 45 57 63 33
s 45 58 45 24
s 45 59 103 44
s 45 60 268 142
s 45 61 60 32
s 45 62 152 82
s 45 63 116 65
s 45 64 228 117
s 45 65 12 5
s 45 66 3 2
s 45 67 319 162
s 45 68 214 123
s 45 69 205 94
s 45 70 241 134
s 45 71 453 257
s 45 72 101 49
s 45 73 75 39
s 45 74 653 350
s 45 75 209 98
s 45 76 402 227
s 45 77 43 18
s 45 78 97 47
s 45 79 38 19
s 45 80 83 45
s 45 81 125 73
s 45 82 56 40
s 45 83 61 33
s 45 84 419 215
s 45 85 408 204
s 45 86 588 325
s 45 87 219 104
s 45 88 302 168
s 45 89 22 12
s 45 90 132 65
s 45 91 109 60
s 45 92 44 28
s 45 93 498 234
s 45 94 61 38
s 45 95 63 35
s 45 96 224 113
s 45 97 432 241
s 45 98 170 88
s 45 99 146 65
s 45 100 157 79
s 45 101 247 113
s 45 102 61 34
s 45 103 14 6
s 45 104 613 345
s 45 105 276 136
s 45 106 272 129
s 45 107 119 69
s 45 108 220 121
s 45 109 253 116
s 45 110 166 92
s 45 111 135 62
s 45 112 176 93
s 45 113 133 73
s 45 114 148 70
s 45 119 153 81
s 45 120 124 43
s 45 121 180 104
s 45 123 250 114
s 45 126 145 74
s 45 128 286 159
s 45 129 165 101
s 45 131 141 62
s 45 135 401 220
s 45 136 214 102
s 45 137 148 74
s 45 138 110 58
s 45 145 136 52
s 45 155 47 25
s 46 47 199 86
s 46 48 168 73
s 46 49 590 308
s 46 50 255 126
s 46 51 137 59
s 46 52 82 42
s 46 53 250 97
s 46 54 190 95
s 46 55 234 117
s 46 56 58 28
s 46 57 98 47
s 46 58 86 35
s 46 59 140 55
s 46 60 378 188
s 46 61 78 35
s 46 62 333 169
s 46 63 117 48
s 46 64 332 146
s 46 65 29 17
s 46 66 20 9
s 46 67 86 41
s 46 68 388 185
s 46 69 253 120
s 46 70 114 53
s 46 71 763 394
s 46 72 118 60
s 46 73 58 22
s 46 74 849 392
s 46 75 356 174
s 46 76 434 217
s 46 77 62 28
s 46 78 115 67
s 46 79 98 41
s 46 80 70 36
s 46 81 106 53
s 46 82 63 28
s 46 83 138 64
s 46 84 650 319
s 46 85 736 353
s 46 86 1095 503
s 46 87 437 213
s 46 88 441 213
s 46 89 15 6
s 46 90 195 103
s 46 91 165 74
s 46 92 70 45
s 46 93 258 120
s 46 94 19 10
s 46 95 31 20
s 46 96 281 119
s 46 97 558 241
s 46 98 259 121
s 46 99 176 78
s 46 100 348 181
s 46 101 432 203
s 46 102 100 52
s 46 103 42 19
s 46 104 700 355
s 46 105 606 296
s 46 106 302 136
s 46 107 206 98
s 46 108 253 118
s 46 109 100 37
s 46 110 254 126
s 46 111 295 131
s 46 112 360 173
s 46 113 160 86
s 46 114 117 42
s 46 119 290 131
s 46 120 183 81
s 46 121 350 174
s 46 123 537 228
s 46 126 183 83
s 46 128 499 238
s 46 129 217 95
s 46 131 269 132
s 46 135 528 253
s 46 136 277 134
s 46 137 224 99
s 46 138 28 11
s 46 145 80 39
s 46 155 76 28
s 47 48 634 317
s 47 49 563 301
s 47 50 230 109
s 47 51 168 83
s 47 52 84 52
s 47 53 444 192
s 47 54 931 481
s 47 55 184 84
s 47 56 169 81
s 47 57 93 35
s 47 58 89 54
s 47 59 111 44
s 47 60 339 174
s 47 61 63 34
s 47 62 365 195
s 47 63 219 105
s 47 64 388 176
s 47 65 27 10
s 47 66 15 8
s 47 67 473 265
s 47 68 496 246
s 47 69 255 122
s 47 70 353 186
s 47 71 874 438
s 47 72 180 82
s 47 73 115 60
s 47 74 750 420
s 47 75 461 220
s 47 76 468 229
s 47 77 42 27
s 47 78 82 38
s 47 79 83 38
s 47 80 130 60
s 47 81 131 65
s 47 82 44 27
s 47 83 139 68
s 47 84 825 417
s 47 85 830 424
s 47 86 1155 580
s 47 87 515 235
s 47 88 572 298
s 47 89 33 13
s 47 90 168 76
s 47 91 199 105
s 47 92 52 33
s 47 93 789 376
s 47 94 105 51
s 47 95 80 41
s 47 96 225 120
s 47 97 510 256
s 47 98 170 83
s 47 99 136 64
s 47 100 338 170
s 47 101 480 246
s 47 102 151 75
s 47 103 36 23
s 47 104 642 339
s 47 105 579 303
s 47 106 293 154
s 47 107 216 116
s 47 108 273 125
s 47 109 353 168
s 47 110 227 116
s 47 111 305 166
s 47 112 397 213
s 47 113 124 61
s 47 114 210 91
s 47 119 367 179
s 47 120 129 53
s 47 121 354 170
s 47 123 556 250
s 47 126 137 64
s 47 128 474 235
s 47 129 159 68
s 47 131 277 136
s 47 135 424 228
s 47 136 324 172
s 47 137 129 64
s 47 138 114 50
s 47 145 167 67
s 47 155 78 30
s 48 49 1780 968
s 48 50 678 352
s 48 51 379 201
s 48 52 233 126
s 48 53 692 323
s 48 54 150 78
s 48 55 705 365
s 48 56 189 110
s 48 57 298 165
s 48 58 246 121
s 48 59 429 211
s 48 60 1286 734
s 48 61 290 144
s 48 62 950 520
s 48 63 364 184
s 48 64 891 416
s 48 65 105 51
s 48 66 42 23
s 48 67 67 26
s 48 68 1096 536
s 48 69 717 337
s 48 70 132 68
s 48 71 2225 1232
s 48 72 300 139
s 48 73 203 93
s 48 74 2824 1439
s 48 75 1021 488
s 48 76 1708 950
s 48 77 193 104
s 48 78 329 176
s 48 79 278 127
s 48 80 130 69
s 48 81 301 163
s 48 82 219 122
s 48 83 416 175
s 48 84 1813 930
s 48 85 2056 1000
s 48 86 3096 1566
s 48 87 1188 625
s 48 88 1471 799
s 48 89 25 9
s 48 90 710 349
s 48 91 657 334
s 48 92 229 144
s 48 93 498 244
s 48 94 27 13
s 48 95 38 20
s 48 96 706 326
s 48 97 1659 834
s 48 98 594 293
s 48 99 466 209
s 48 100 927 492
s 48 101 1322 643
s 48 102 333 176
s 48 103 129 79
s 48 104 2159 1155
s 48 105 1930 995
s 48 106 1003 516
s 48 107 642 369
s 48 108 637 304
s 48 109 68 28
s 48 110 821 422
s 48 111 926 464
s 48 112 1015 502
s 48 113 644 367
s 48 114 290 139
s 48 119 904 442
s 48 120 531 249
s 48 121 1003 534
s 48 123 1625 793
s 48 126 625 325
s 48 128 1487 748
s 48 129 649 320
s 48 131 853 431
s 48 135 1501 790
s 48 136 945 490
s 48 137 640 328
s 48 138 88 43
s 48 145 262 129
s 48 155 198 104
s 49 50 704 395
s 49 51 337 184
s 49 52 252 136
s 49 53 1043 485
s 49 54 1901 1074
s 49 55 396 204
s 49 56 445 233
s 49 57 210 100
s 49 58 255 126
s 49 59 249 125
s 49 60 541 311
s 49 61 181 95
s 49 62 1074 592
s 49 63 518 284
s 49 64 984 479
s 49 65 93 51
s 49 66 45 23
s 49 67 1156 702
s 49 68 1319 696
s 49 69 380 185
s 49 70 813 444
s 49 71 1989 1085
s 49 72 498 244
s 49 73 230 113
s 49 74 2176 1160
s 49 75 1129 581
s 49 76 1314 751
s 49 77 93 53
s 49 78 180 106
s 49 79 228 113
s 49 80 321 172
s 49 81 193 111
s 49 82 130 64
s 49 83 387 167
s 49 84 1657 862
s 49 85 1910 1020
s 49 86 3299 1711
s 49 87 1314 682
s 49 88 1370 776
s 49 89 94 47
s 49 90 542 307
s 49 91 576 318
s 49 92 137 82
s 49 93 1729 925
s 49 94 269 147
s 49 95 243 133
s 49 96 337 188
s 49 97 1156 628
s 49 98 296 155
s 49 99 215 96
s 49 100 757 384
s 49 101 1411 743
s 49 102 258 141
s 49 103 90 53
s 49 104 945 536
s 49 105 1812 1009
s 49 106 757 394
s 49 107 530 294
s 49 108 367 180
s 49 109 1027 487
s 49 110 686 411
s 49 111 923 492
s 49 112 1058 583
s 49 113 394 214
s 49 114 497 241
s 49 119 1129 599
s 49 120 320 154
s 49 121 1194 643
s 49 123 1699 839
s 49 126 456 245
s 49 128 1435 760
s 49 129 260 136
s 49 131 896 491
s 49 135 773 451
s 49 136 739 361
s 49 137 288 166
s 49 138 302 147
s 49 145 447 227
s 49 155 197 112
s 50 51 87 35
s 50 52 107 61
s 50 53 418 185
s 50 54 790 446
s 50 55 248 138
s 50 56 160 88
s 50 57 83 42
s 50 58 54 28
s 50 59 186 99
s 50 60 461 268
s 50 61 137 74
s 50 62 265 145
s 50 63 139 64
s 50 64 146 75
s 50 65 32 16
s 50 66 15 8
s 50 67 433 247
s 50 68 198 107
s 50 69 256 120
s 50 70 347 184
s 50 71 625 323
s 50 72 113 63
s 50 73 83 39
s 50 74 1092 605
s 50 75 208 119
s 50 76 668 380
s 50 77 76 47
s 50 78 145 72
s 50 79 43 23
s 50 80 132 66
s 50 81 109 59
s 50 82 82 55
s 50 83 46 21
s 50 84 418 223
s 50 85 466 256
s 50 86 875 479
s 50 87 171 81
s 50 88 470 276
s 50 89 42 21
s 50 90 232 126
s 50 91 125 73
s 50 92 81 46
s 50 93 690 368
s 50 94 100 44
s 50 95 82 53
s 50 96 261 118
s 50 97 501 281
s 50 98 228 107
s 50 99 172 94
s 50 100 189 104
s 50 101 343 186
s 50 102 68 38
s 50 103 21 6
s 50 104 871 485
s 50 105 444 245
s 50 106 388 200
s 50 107 216 124
s 50 108 243 121
s 50 109 408 199
s 50 110 214 111
s 50 111 104 48
s 50 112 162 95
s 50 113 242 143
s 50 114 203 103
s 50 119 197 97
s 50 120 210 118
s 50 121 210 125
s 50 123 354 178
s 50 126 222 116
s 50 128 408 192
s 50 129 218 102
s 50 131 138 63
s 50 135 574 309
s 50 136 312 161
s 50 137 217 117
s 50 138 99 49
s 50 145 205 91
s 50 155 46 28
s 51 52 47 23
s 51 53 229 94
s 51 54 378 194
s 51 55 183 90
s 51 56 103 55
s 51 57 39 23
s 51 58 37 22
s 51 59 82 42
s 51 60 220 100
s 51 61 39 21
s 51 62 95 52
s 51 63 115 44
s 51 64 124 47
s 51 65 12 7
s 51 66 9 7
s 51 67 227 109
s 51 68 192 92
s 51 69 145 68
s 51 70 199 99
s 51 71 281 128
s 51 72 75 37
s 51 73 46 18
s 51 74 536 262
s 51 75 183 93
s 51 76 403 188
s 51 77 26 13
s 51 78 62 28
s 51 79 35 14
s 51 80 73 31
s 51 81 48 27
s 51 82 25 11
s 51 83 32 12
s 51 84 241 125
s 51 85 271 127
s 51 86 497 219
s 51 87 167 90
s 51 88 216 109
s 51 89 13 4
s 51 90 102 50
s 51 91 77 39
s 51 92 47 26
s 51 93 387 172
s 51 94 65 38
s 51 95 41 21
s 51 96 152 73
s 51 97 259 116
s 51 98 110 52
s 51 99 81 37
s 51 100 91 49
s 51 101 217 102
s 51 102 37 19
s 51 103 22 13
s 51 104 349 174
s 51 105 222 105
s 51 106 214 101
s 51 107 99 55
s 51 108 152 69
s 51 109 208 75
s 51 110 121 71
s 51 111 86 44
s 51 112 101 42
s 51 113 105 48
s 51 114 115 55
s 51 119 138 58
s 51 120 105 52
s 51 121 102 47
s 51 123 196 91
s 51 126 147 73
s 51 128 270 132
s 51 129 116 52
s 51 131 101 53
s 51 135 252 139
s 51 136 145 55
s 51 137 98 47
s 51 138 61 16
s 51 145 103 40
s 51 155 36 10
s 52 53 123 63
s 52 54 251 151
s 52 55 121 70
s 52 56 51 26
s 52 57 42 18
s 52 58 21 14
s 52 59 55 34
s 52 60 181 101
s 52 61 29 13
s 52 62 178 99
s 52 63 60 28
s 52 64 124 59
s 52 65 17 11
s 52 66 8 5
s 52 67 142 75
s 52 68 151 78
s 52 69 108 58
s 52 70 120 56
s 52 71 322 176
s 52 72 57 20
s 52 73 32 15
s 52 74 258 138
s 52 75 170 91
s 52 76 121 73
s 52 77 31 16
s 52 78 58 32
s 52 79 35 20
s 52 80 41 20
s 52 81 55 24
s 52 82 22 17
s 52 83 48 18
s 52 84 242 134
s 52 85 266 128
s 52 86 443 242
s 52 87 175 89
s 52 88 209 116
s 52 89 15 8
s 52 90 84 50
s 52 91 975 589
s 52 92 42 28
s 52 93 272 134
s 52 94 33 18
s 52 95 42 23
s 52 96 109 58
s 52 97 202 107
s 52 98 97 43
s 52 99 58 28
s 52 100 136 73
s 52 101 175 89
s 52 102 50 27
s 52 103 15 9
s 52 104 334 174
s 52 105 244 143
s 52 106 54 32
s 52 107 85 45
s 52 108 103 52
s 52 109 129 55
s 52 110 101 56
s 52 111 114 66
s 52 112 136 75
s 52 113 48 31
s 52 114 69 33
s 52 119 144 69
s 52 120 54 24
s 52 121 114 58
s 52 123 201 104
s 52 126 52 22
s 52 128 186 90
s 52 129 107 61
s 52 131 120 68
s 52 135 248 140
s 52 136 125 63
s 52 137 78 40
s 52 138 28 14
s 52 145 54 24
s 52 155 48 27
s 53 54 882 381
s 53 55 424 196
s 53 56 171 77
s 53 57 169 75
s 53 58 163 65
s 53 59 248 93
s 53 60 690 333
s 53 61 109 47
s 53 62 498 233
s 53 63 278 116
s 53 64 524 229
s 53 65 56 25
s 53 66 28 12
s 53 67 543 267
s 53 68 616 282
s 53 69 516 205
s 53 70 441 207
s 53 71 1490 703
s 53 72 259 113
s 53 73 169 59
s 53 74 1408 641
s 53 75 614 250
s 53 76 847 401
s 53 77 103 42
s 53 78 207 98
s 53 79 138 58
s 53 80 160 56
s 53 81 255 113
s 53 82 98 54
s 53 83 192 75
s 53 84 1137 508
s 53 85 1083 425
s 53 86 1811 773
s 53 87 782 348
s 53 88 867 415
s 53 89 45 18
s 53 90 259 110
s 53 91 220 99
s 53 92 84 37
s 53 93 965 421
s 53 94 115 49
s 53 95 132 63
s 53 96 448 176
s 53 97 941 401
s 53 98 375 159
s 53 99 327 122
s 53 100 575 258
s 53 101 674 279
s 53 102 210 84
s 53 103 69 30
s 53 104 1350 626
s 53 105 890 387
s 53 106 556 246
s 53 107 412 188
s 53 108 557 215
s 53 109 380 148
s 53 110 366 168
s 53 111 421 183
s 53 112 535 225
s 53 113 279 124
s 53 114 319 129
s 53 119 502 236
s 53 120 321 131
s 53 121 420 197
s 53 123 825 331
s 53 126 371 168
s 53 128 808 339
s 53 129 424 195
s 53 131 409 172
s 53 135 901 399
s 53 136 422 183
s 53 137 304 123
s 53 138 124 51
s 53 145 224 80
s 53 155 129 47
s 54 55 813 433
s 54 56 257 118
s 54 57 266 127
s 54 58 262 145
s 54 59 480 228
s 54 60 1331 727
s 54 61 221 110
s 54 62 1142 672
s 54 63 423 194
s 54 64 1140 571
s 54 65 99 56
s 54 66 42 21
s 54 67 63 31
s 54 68 1519 832
s 54 69 885 451
s 54 70 150 73
s 54 71 2704 1509
s 54 72 405 199
s 54 73 201 100
s 54 74 3144 1736
s 54 75 1378 724
s 54 76 2076 1218
s 54 77 187 101
s 54 78 376 200
s 54 79 279 121
s 54 80 133 64
s 54 81 329 179
s 54 82 167 91
s 54 83 410 193
s 54 84 2093 1098
s 54 85 2119 1114
s 54 86 4035 2162
s 54 87 1574 860
s 54 88 1807 1029
s 54 89 17 10
s 54 90 660 356
s 54 91 475 259
s 54 92 246 136
s 54 93 561 292
s 54 94 33 16
s 54 95 41 22
s 54 96 827 425
s 54 97 1829 967
s 54 98 743 373
s 54 99 525 258
s 54 100 902 469
s 54 101 1747 915
s 54 102 343 201
s 54 103 111 60
s 54 104 2572 1472
s 54 105 1867 1039
s 54 106 1236 608
s 54 107 749 422
s 54 108 943 478
s 54 109 71 31
s 54 110 892 487
s 54 111 984 487
s 54 112 1188 648
s 54 113 635 353
s 54 114 323 163
s 54 119 1136 595
s 54 120 632 316
s 54 121 1281 700
s 54 123 1855 945
s 54 126 765 409
s 54 128 1852 1013
s 54 129 705 366
s 54 131 907 505
s 54 135 1684 924
s 54 136 920 462
s 54 137 636 337
s 54 138 108 48
s 54 145 245 109
s 54 155 226 121
s 55 56 156 79
s 55 57 47 20
s 55 58 87 36
s 55 59 153 71
s 55 60 54 31
s 55 61 82 46
s 55 62 836 493
s 55 63 153 73
s 55 64 364 173
s 55 65 28 11
s 55 66 21 7
s 55 67 444 236
s 55 68 410 182
s 55 69 59 19
s 55 70 324 176
s 55 71 1146 615
s 55 72 146 65
s 55 73 102 48
s 55 74 1023 510
s 55 75 395 197
s 55 76 742 413
s 55 77 23 7
s 55 78 20 5
s 55 79 98 40
s 55 80 128 63
s 55 81 49 14
s 55 82 77 44
s 55 83 127 56
s 55 84 511 243
s 55 85 560 265
s 55 86 1128 580
s 55 87 491 268
s 55 88 657 377
s 55 89 57 21
s 55 90 227 118
s 55 91 197 103
s 55 92 59 37
s 55 93 740 387
s 55 94 114 59
s 55 95 71 36
s 55 96 27 12
s 55 97 342 165
s 55 98 65 25
s 55 99 27 11
s 55 100 351 168
s 55 101 430 230
s 55 102 98 43
s 55 103 32 15
s 55 104 126 75
s 55 105 608 318
s 55 106 479 239
s 55 107 274 150
s 55 108 45 22
s 55 109 401 180
s 55 110 236 125
s 55 111 285 137
s 55 112 441 202
s 55 113 218 119
s 55 114 228 98
s 55 119 333 164
s 55 120 163 75
s 55 121 374 194
s 55 123 548 250
s 55 126 223 127
s 55 128 528 258
s 55 129 39 20
s 55 131 272 138
s 55 135 104 49
s 55 136 333 151
s 55 137 82 34
s 55 138 128 63
s 55 145 196 87
s 55 155 66 45
s 56 57 82 47
s 56 58 55 24
s 56 59 77 34
s 56 60 312 167
s 56 61 44 19
s 56 62 199 99
s 56 63 85 35
s 56 64 237 113
s 56 65 19 9
s 56 66 11 4
s 56 67 137 72
s 56 68 247 118
s 56 69 178 67
s 56 70 128 55
s 56 71 527 279
s 56 72 108 43
s 56 73 52 27
s 56 74 497 251
s 56 75 309 160
s 56 76 258 148
s 56 77 47 26
s 56 78 92 49
s 56 79 58 28
s 56 80 47 29
s 56 81 99 45
s 56 82 22 13
s 56 83 134 67
s 56 84 517 282
s 56 85 520 257
s 56 86 733 372
s 56 87 351 196
s 56 88 371 204
s 56 89 10 5
s 56 90 134 60
s 56 91 98 45
s 56 92 37 21
s 56 93 259 123
s 56 94 44 17
s 56 95 38 21
s 56 96 211 90
s 56 97 338 183
s 56 98 141 71
s 56 99 117 54
s 56 100 242 131
s 56 101 285 166
s 56 102 82 44
s 56 103 24 14
s 56 104 540 295
s 56 105 366 190
s 56 106 179 89
s 56 107 161 85
s 56 108 208 86
s 56 109 89 39
s 56 110 169 91
s 56 111 190 103
s 56 112 226 115
s 56 113 100 45
s 56 114 88 40
s 56 119 231 104
s 56 120 100 44
s 56 121 221 117
s 56 123 379 186
s 56 126 121 63
s 56 128 319 157
s 56 129 150 80
s 56 131 176 86
s 56 135 363 183
s 56 136 198 101
s 56 137 146 66
s 56 138 34 20
s 56 145 65 33
s 56 155 68 31
s 57 58 18 9
s 57 59 52 19
s 57 60 101 55
s 57 61 31 13
s 57 62 108 50
s 57 63 71 37
s 57 64 124 69
s 57 65 16 10
s 57 66 5 2
s 57 67 141 83
s 57 68 146 78
s 57 69 63 34
s 57 70 113 59
s 57 71 239 123
s 57 72 63 34
s 57 73 37 16
s 57 74 386 219
s 57 75 122 64
s 57 76 244 135
s 57 77 16 8
s 57 78 21 12
s 57 79 35 14
s 57 80 49 27
s 57 81 54 32
s 57 82 20 11
s 57 83 37 10
s 57 84 208 110
s 57 85 219 123
s 57 86 419 230
s 57 87 150 76
s 57 88 181 96
s 57 89 22 9
s 57 90 101 52
s 57 91 66 30
s 57 92 22 9
s 57 93 286 132
s 57 94 40 21
s 57 95 37 25
s 57 96 69 38
s 57 97 172 88
s 57 98 55 25
s 57 99 44 20
s 57 100 93 35
s 57 101 146 80
s 57 102 42 19
s 57 103 8 6
s 57 104 195 117
s 57 105 198 103
s 57 106 133 63
s 57 107 66 30
s 57 108 65 34
s 57 109 156 64
s 57 110 91 53
s 57 111 100 37
s 57 112 111 67
s 57 113 78 44
s 57 114 85 49
s 57 119 82 44
s 57 120 66 32
s 57 121 108 62
s 57 123 179 75
s 57 126 98 45
s 57 128 183 100
s 57 129 60 27
s 57 131 94 55
s 57 135 143 69
s 57 136 115 59
s 57 137 60 33
s 57 138 39 18
s 57 145 78 39
s 57 155 24 12
s 58 59 57 23
s 58 60 161 72
s 58 61 42 23
s 58 62 108 54
s 58 63 54 26
s 58 64 71 34
s 58 65 10 7
s 58 66 5 3
s 58 67 168 78
s 58 68 92 45
s 58 69 98 47
s 58 70 102 51
s 58 71 264 133
s 58 72 39 13
s 58 73 32 13
s 58 74 276 139
s 58 75 117 57
s 58 76 243 128
s 58 77 31 16
s 58 78 32 18
s 58 79 17 7
s 58 80 44 24
s 58 81 58 30
s 58 82 23 15
s 58 83 36 11
s 58 84 186 94
s 58 85 183 100
s 58 86 297 151
s 58 87 107 51
s 58 88 175 87
s 58 89 28 18
s 58 90 68 36
s 58 91 50 25
s 58 92 26 13
s 58 93 245 108
s 58 94 31 11
s 58 95 39 21
s 58 96 89 45
s 58 97 165 83
s 58 98 75 25
s 58 99 48 22
s 58 100 78 38
s 58 101 119 52
s 58 102 29 9
s 58 103 13 9
s 58 104 265 139
s 58 105 141 72
s 58 106 142 64
s 58 107 85 43
s 58 108 95 37
s 58 109 130 53
s 58 110 92 50
s 58 111 73 32
s 58 112 90 41
s 58 113 66 30
s 58 114 77 32
s 58 119 95 41
s 58 120 78 37
s 58 121 66 36
s 58 123 124 58
s 58 126 74 32
s 58 128 133 64
s 58 129 83 42
s 58 131 67 32
s 58 135 182 80
s 58 136 92 42
s 58 137 68 28
s 58 138 29 12
s 58 145 65 23
s 58 155 19 7
s 59 60 176 85
s 59 61 40 18
s 59 62 228 118
s 59 63 106 41
s 59 64 195 76
s 59 65 15 6
s 59 66 10 6
s 59 67 218 94
s 59 68 254 124
s 59 69 113 50
s 59 70 189 90
s 59 71 457 193
s 59 72 103 45
s 59 73 54 21
s 59 74 360 162
s 59 75 196 84
s 59 76 166 66
s 59 77 36 14
s 59 78 60 27
s 59 79 50 26
s 59 80 97 41
s 59 81 77 35
s 59 82 29 13
s 59 83 80 37
s 59 84 390 179
s 59 85 381 159
s 59 86 599 287
s 59 87 264 131
s 59 88 317 156
s 59 89 18 9
s 59 90 74 34
s 59 91 129 62
s 59 92 28 16
s 59 93 427 191
s 59 94 48 20
s 59 95 56 28
s 59 96 138 65
s 59 97 300 144
s 59 98 128 55
s 59 99 81 29
s 59 100 186 77
s 59 101 278 121
s 59 102 58 26
s 59 103 34 17
s 59 104 356 165
s 59 105 373 186
s 59 106 114 49
s 59 107 116 53
s 59 108 126 55
s 59 109 227 84
s 59 110 127 51
s 59 111 210 96
s 59 112 213 112
s 59 113 60 31
s 59 114 128 54
s 59 119 204 83
s 59 120 53 20
s 59 121 199 96
s 59 123 340 126
s 59 126 58 29
s 59 128 260 121
s 59 129 104 55
s 59 131 187 93
s 59 135 264 130
s 59 136 152 65
s 59 137 87 39
s 59 138 37 11
s 59 145 100 33
s 59 155 36 13
s 60 61 126 74
s 60 62 589 334
s 60 63 289 146
s 60 64 693 336
s 60 65 54 24
s 60 66 22 13
s 60 67 772 442
s 60 68 720 384
s 60 69 69 31
s 60 70 527 257
s 60 71 1246 727
s 60 72 273 134
s 60 73 134 70
s 60 74 1686 927
s 60 75 700 337
s 60 76 1138 663
s 60 77 27 14
s 60 78 33 16
s 60 79 164 86
s 60 80 243 117
s 60 81 84 54
s 60 82 128 79
s 60 83 224 107
s 60 84 996 524
s 60 85 1034 544
s 60 86 2068 1083
s 60 87 778 416
s 60 88 890 484
s 60 89 66 39
s 60 90 384 219
s 60 91 431 241
s 60 92 90 50
s 60 93 1149 598
s 60 94 171 95
s 60 95 131 78
s 60 96 40 20
s 60 97 548 284
s 60 98 67 25
s 60 99 34 14
s 60 100 515 266
s 60 101 862 466
s 60 102 159 86
s 60 103 47 32
s 60 104 167 81
s 60 105 1120 595
s 60 106 670 345
s 60 107 381 208
s 60 108 46 22
s 60 109 608 284
s 60 110 285 153
s 60 111 514 259
s 60 112 711 405
s 60 113 357 193
s 60 114 346 160
s 60 119 668 356
s 60 120 230 122
s 60 121 729 392
s 60 123 1105 542
s 60 126 383 192
s 60 128 920 479
s 60 129 44 28
s 60 131 576 297
s 60 135 102 50
s 60 136 517 245
s 60 137 99 51
s 60 138 195 96
s 60 145 299 143
s 60 155 77 39
s 61 62 132 66
s 61 63 56 24
s 61 64 111 63
s 61 65 9 3
s 61 66 8 2
s 61 67 95 34
s 61 68 139 62
s 61 69 71 38
s 61 70 108 63
s 61 71 292 175
s 61 72 41 19
s 61 73 29 10
s 61 74 180 91
s 61 75 110 43
s 61 76 95 40
s 61 77 26 14
s 61 78 39 21
s 61 79 27 7
s 61 80 39 20
s 61 81 46 28
s 61 82 13 6
s 61 83 65 33
s 61 84 221 99
s 61 85 269 134
s 61 86 323 151
s 61 87 146 77
s 61 88 143 83
s 61 89 22 9
s 61 90 63 28
s 61 91 102 53
s 61 92 31 16
s 61 93 153 78
s 61 94 28 14
s 61 95 23 15
s 61 96 68 34
s 61 97 178 86
s 61 98 53 29
s 61 99 57 19
s 61 100 136 62
s 61 101 143 73
s 61 102 38 22
s 61 103 15 8
s 61 104 223 110
s 61 105 301 150
s 61 106 45 22
s 61 107 63 30
s 61 108 67 36
s 61 109 174 73
s 61 110 106 54
s 61 111 130 66
s 61 112 139 73
s 61 113 55 24
s 61 114 43 21
s 61 119 109 47
s 61 120 32 17
s 61 121 145 76
s 61 123 209 104
s 61 126 32 14
s 61 128 180 80
s 61 129 63 26
s 61 131 130 60
s 61 135 184 104
s 61 136 101 42
s 61 137 82 39
s 61 138 40 20
s 61 145 55 27
s 61 155 32 13
s 62 63 176 76
s 62 64 346 165
s 62 65 61 35
s 62 66 19 9
s 62 67 614 340
s 62 68 361 204
s 62 69 379 203
s 62 70 456 244
s 62 71 506 262
s 62 72 137 61
s 62 73 108 56
s 62 74 1217 704
s 62 75 372 197
s 62 76 979 569
s 62 77 96 50
s 62 78 158 93
s 62 79 85 37
s 62 80 211 114
s 62 81 180 98
s 62 82 93 44
s 62 83 137 55
s 62 84 577 289
s 62 85 636 329
s 62 86 974 533
s 62 87 553 314
s 62 88 386 215
s 62 89 44 24
s 62 90 291 157
s 62 91 245 138
s 62 92 131 79
s 62 93 956 487
s 62 94 144 75
s 62 95 107 64
s 62 96 401 200
s 62 97 627 337
s 62 98 339 150
s 62 99 249 132
s 62 100 224 111
s 62 101 432 223
s 62 102 128 72
s 62 103 37 21
s 62 104 1071 625
s 62 105 467 245
s 62 106 565 303
s 62 107 265 147
s 62 108 380 186
s 62 109 489 239
s 62 110 275 162
s 62 111 318 168
s 62 112 450 270
s 62 113 252 142
s 62 114 274 137
s 62 119 273 154
s 62 120 317 170
s 62 121 308 192
s 62 123 392 203
s 62 126 295 143
s 62 128 538 280
s 62 129 293 163
s 62 131 265 146
s 62 135 799 466
s 62 136 350 182
s 62 137 283 153
s 62 138 143 73
s 62 145 261 127
s 62 155 78 45
s 63 64 248 109
s 63 65 19 9
s 63 66 10 4
s 63 67 221 120
s 63 68 300 135
s 63 69 189 81
s 63 70 203 82
s 63 71 515 254
s 63 72 129 59
s 63 73 79 29
s 63 74 731 352
s 63 75 268 135
s 63 76 498 257
s 63 77 47 18
s 63 78 93 56
s 63 79 63 29
s 63 80 84 34
s 63 81 119 63
s 63 82 43 21
s 63 83 100 42
s 63 84 543 264
s 63 85 509 241
s 63 86 792 383
s 63 87 338 147
s 63 88 314 149
s 63 89 19 11
s 63 90 153 66
s 63 91 129 64
s 63 92 44 26
s 63 93 387 172
s 63 94 60 27
s 63 95 57 32
s 63 96 248 100
s 63 97 423 201
s 63 98 178 85
s 63 99 147 57
s 63 100 210 98
s 63 101 298 140
s 63 102 91 42
s 63 103 23 14
s 63 104 619 314
s 63 105 353 146
s 63 106 286 126
s 63 107 170 78
s 63 108 214 97
s 63 109 208 79
s 63 110 171 82
s 63 111 202 101
s 63 112 198 99
s 63 113 151 72
s 63 114 134 62
s 63 119 244 124
s 63 120 147 68
s 63 121 230 113
s 63 123 318 136
s 63 126 169 81
s 63 128 360 168
s 63 129 187 73
s 63 131 171 85
s 63 135 454 230
s 63 136 254 115
s 63 137 164 81
s 63 138 63 26
s 63 145 116 51
s 63 155 51 19
s 64 65 39 22
s 64 66 13 5
s 64 67 646 322
s 64 68 337 169
s 64 69 373 169
s 64 70 569 267
s 64 71 921 480
s 64 72 193 84
s 64 73 132 62
s 64 74 1370 663
s 64 75 404 190
s 64 76 887 460
s 64 77 68 30
s 64 78 163 73
s 64 79 71 31
s 64 80 172 90
s 64 81 221 108
s 64 82 117 64
s 64 83 107 41
s 64 84 733 325
s 64 85 771 377
s 64 86 1186 571
s 64 87 319 157
s 64 88 582 291
s 64 89 51 21
s 64 90 234 113
s 64 91 199 98
s 64 92 85 43
s 64 93 1043 505
s 64 94 156 72
s 64 95 124 65
s 64 96 459 203
s 64 97 853 391
s 64 98 322 145
s 64 99 241 118
s 64 100 323 148
s 64 101 504 245
s 64 102 127 51
s 64 103 43 24
s 64 104 1203 602
s 64 105 536 280
s 64 106 495 220
s 64 107 299 151
s 64 108 434 189
s 64 109 461 177
s 64 110 301 146
s 64 111 201 94
s 64 112 200 92
s 64 113 276 127
s 64 114 310 133
s 64 119 274 129
s 64 120 258 119
s 64 121 254 121
s 64 123 487 194
s 64 126 333 177
s 64 128 633 293
s 64 129 379 180
s 64 131 198 88
s 64 135 741 360
s 64 136 354 156
s 64 137 270 118
s 64 138 134 59
s 64 145 260 106
s 64 155 82 38
s 65 66 4 3
s 65 67 47 22
s 65 68 42 19
s 65 69 21 11
s 65 70 53 28
s 65 71 88 53
s 65 72 23 9
s 65 73 11 8
s 65 74 108 62
s 65 75 32 13
s 65 76 55 27
s 65 77 9 3
s 65 78 10 4
s 65 79 8 3
s 65 80 15 9
s 65 81 17 7
s 65 82 10 4
s 65 83 10 3
s 65 84 87 37
s 65 85 84 44
s 65 86 103 46
s 65 87 54 19
s 65 88 71 34
s 65 89 6 3
s 65 90 24 14
s 65 91 32 15
s 65 92 9 5
s 65 93 95 42
s 65 94 12 5
s 65 95 10 5
s 65 96 23 7
s 65 97 59 22
s 65 98 22 7
s 65 99 10 5
s 65 100 42 16
s 65 101 47 21
s 65 102 15 10
s 65 103 4 3
s 65 104 58 28
s 65 105 79 35
s 65 106 35 18
s 65 107 29 11
s 65 108 24 11
s 65 109 67 25
s 65 110 37 21
s 65 111 30 14
s 65 112 56 27
s 65 113 25 12
s 65 114 28 15
s 65 119 35 12
s 65 120 24 10
s 65 121 52 22
s 65 123 55 29
s 65 126 19 10
s 65 128 72 36
s 65 129 24 13
s 65 131 29 11
s 65 135 55 27
s 65 136 50 28
s 65 137 26 12
s 65 138 9 6
s 65 145 27 16
s 65 155 10 6
s 66 67 36 18
s 66 68 14 5
s 66 69 22 6
s 66 70 21 11
s 66 71 44 20
s 66 72 6 2
s 66 73 5 1
s 66 74 75 35
s 66 75 15 7
s 66 76 45 24
s 66 77 7 4
s 66 78 13 5
s 66 79 2 1
s 66 80 17 6
s 66 81 9 4
s 66 82 11 6
s 66 83 8 4
s 66 84 42 25
s 66 85 34 10
s 66 86 60 29
s 66 87 15 6
s 66 88 39 23
s 66 89 1 1
s 66 90 9 4
s 66 91 10 5
s 66 92 8 5
s 66 93 39 22
s 66 94 4 3
s 66 95 9 4
s 66 96 19 9
s 66 97 27 18
s 66 98 16 10
s 66 99 11 4
s 66 100 15 8
s 66 101 18 11
s 66 102 2 2
s 66 103 5 2
s 66 104 60 38
s 66 105 25 11
s 66 106 25 15
s 66 107 23 12
s 66 108 18 6
s 66 109 33 15
s 66 110 15 9
s 66 111 7 4
s 66 112 8 4
s 66 113 17 8
s 66 114 13 4
s 66 119 13 7
s 66 120 17 7
s 66 121 7 3
s 66 123 24 10
s 66 126 23 9
s 66 128 29 10
s 66 129 18 8
s 66 131 10 2
s 66 135 38 16
s 66 136 15 8
s 66 137 11 4
s 66 138 13 8
s 66 145 15 8
s 66 155 2 1
s 67 68 754 404
s 67 69 461 238
s 67 70 68 37
s 67 71 1400 779
s 67 72 220 113
s 67 73 87 38
s 67 74 1745 944
s 67 75 856 485
s 67 76 1096 600
s 67 77 97 45
s 67 78 185 107
s 67 79 182 79
s 67 80 65 30
s 67 81 194 105
s 67 82 93 49
s 67 83 219 90
s 67 84 1141 610
s 67 85 1255 659
s 67 86 2057 1089
s 67 87 861 458
s 67 88 999 551
s 67 89 13 4
s 67 90 419 233
s 67 91 242 123
s 67 92 110 68
s 67 93 307 157
s 67 94 27 15
s 67 95 19 6
s 67 96 504 269
s 67 97 949 506
s 67 98 357 181
s 67 99 253 120
s 67 100 395 207
s 67 101 914 498
s 67 102 178 87
s 67 103 71 46
s 67 104 1420 791
s 67 105 1030 569
s 67 106 631 340
s 67 107 392 211
s 67 108 561 286
s 67 109 33 13
s 67 110 513 297
s 67 111 584 317
s 67 112 619 349
s 67 113 314 169
s 67 114 169 80
s 67 119 626 321
s 67 120 321 158
s 67 121 659 353
s 67 123 981 499
s 67 126 404 212
s 67 128 947 506
s 67 129 369 186
s 67 131 475 251
s 67 135 992 546
s 67 136 550 276
s 67 137 350 186
s 67 138 70 35
s 67 145 163 81
s 67 155 122 67
s 68 69 509 249
s 68 70 594 283
s 68 71 1099 584
s 68 72 203 85
s 68 73 156 74
s 68 74 1661 874
s 68 75 371 187
s 68 76 1067 563
s 68 77 86 50
s 68 78 215 115
s 68 79 75 34
s 68 80 214 112
s 68 81 307 152
s 68 82 113 67
s 68 83 159 68
s 68 84 927 493
s 68 85 909 450
s 68 86 1395 700
s 68 87 394 194
s 68 88 824 449
s 68 89 66 30
s 68 90 285 143
s 68 91 215 94
s 68 92 117 63
s 68 93 1303 671
s 68 94 191 92
s 68 95 165 94
s 68 96 553 286
s 68 97 1013 495
s 68 98 419 197
s 68 99 332 167
s 68 100 316 143
s 68 101 545 277
s 68 102 155 88
s 68 103 64 25
s 68 104 1489 826
s 68 105 633 324
s 68 106 660 350
s 68 107 349 188
s 68 108 547 280
s 68 109 633 284
s 68 110 344 178
s 68 111 268 138
s 68 112 278 148
s 68 113 374 211
s 68 114 369 171
s 68 119 356 181
s 68 120 327 155
s 68 121 300 155
s 68 123 570 261
s 68 126 415 212
s 68 128 696 353
s 68 129 396 181
s 68 131 213 95
s 68 135 921 477
s 68 136 480 235
s 68 137 396 186
s 68 138 148 78
s 68 145 334 155
s 68 155 109 49
s 69 70 317 147
s 69 71 762 381
s 69 72 188 83
s 69 73 106 42
s 69 74 1074 518
s 69 75 495 239
s 69 76 786 407
s 69 77 21 10
s 69 78 18 7
s 69 79 101 41
s 69 80 137 65
s 69 81 55 30
s 69 82 76 41
s 69 83 120 63
s 69 84 667 328
s 69 85 558 272
s 69 86 1516 755
s 69 87 559 274
s 69 88 614 301
s 69 89 35 19
s 69 90 204 90
s 69 91 174 96
s 69 92 53 25
s 69 93 820 406
s 69 94 96 48
s 69 95 94 44
s 69 96 34 16
s 69 97 366 174
s 69 98 55 20
s 69 99 19 14
s 69 100 308 139
s 69 101 564 233
s 69 102 115 57
s 69 103 32 13
s 69 104 131 62
s 69 105 677 356
s 69 106 447 232
s 69 107 233 112
s 69 108 52 20
s 69 109 407 174
s 69 110 224 112
s 69 111 344 162
s 69 112 421 196
s 69 113 212 119
s 69 114 234 96
s 69 119 431 202
s 69 120 180 76
s 69 121 687 350
s 69 123 650 291
s 69 126 234 121
s 69 128 559 264
s 69 129 37 13
s 69 131 316 144
s 69 135 100 49
s 69 136 313 142
s 69 137 86 44
s 69 138 136 63
s 69 145 189 67
s 69 155 59 24
s 70 71 1096 578
s 70 72 180 91
s 70 73 106 63
s 70 74 1513 784
s 70 75 590 275
s 70 76 834 460
s 70 77 99 59
s 70 78 168 96
s 70 79 129 59
s 70 80 82 35
s 70 81 155 75
s 70 82 76 39
s 70 83 156 77
s 70 84 971 497
s 70 85 935 463
s 70 86 1761 859
s 70 87 746 354
s 70 88 722 383
s 70 89 9 5
s 70 90 258 130
s 70 91 244 127
s 70 92 105 66
s 70 93 289 129
s 70 94 37 19
s 70 95 34 15
s 70 96 381 193
s 70 97 881 433
s 70 98 346 150
s 70 99 253 120
s 70 100 471 241
s 70 101 756 357
s 70 102 167 84
s 70 103 42 20
s 70 104 1114 609
s 70 105 857 434
s 70 106 456 225
s 70 107 339 162
s 70 108 382 190
s 70 109 66 27
s 70 110 411 227
s 70 111 462 260
s 70 112 456 252
s 70 113 251 140
s 70 114 167 76
s 70 119 464 225
s 70 120 271 137
s 70 121 543 286
s 70 123 739 356
s 70 126 316 167
s 70 128 853 434
s 70 129 386 178
s 70 131 379 177
s 70 135 833 439
s 70 136 435 202
s 70 137 257 127
s 70 138 64 28
s 70 145 121 47
s 70 155 109 58
s 71 72 389 190
s 71 73 285 137
s 71 74 2943 1617
s 71 75 1086 557
s 71 76 2016 1182
s 71 77 192 103
s 71 78 290 160
s 71 79 225 102
s 71 80 409 197
s 71 81 379 205
s 71 82 242 143
s 71 83 295 124
s 71 84 1531 839
s 71 85 1642 862
s 71 86 2561 1362
s 71 87 1237 664
s 71 88 1050 556
s 71 89 116 63
s 71 90 605 338
s 71 91 686 376
s 71 92 228 131
s 71 93 2314 1168
s 71 94 333 181
s 71 95 313 172
s 71 96 741 377
s 71 97 1401 697
s 71 98 645 336
s 71 99 537 250
s 71 100 618 308
s 71 101 1077 572
s 71 102 307 168
s 71 103 82 49
s 71 104 2159 1150
s 71 105 1395 731
s 71 106 1118 588
s 71 107 551 290
s 71 108 776 392
s 71 109 1171 515
s 71 110 701 391
s 71 111 859 438
s 71 112 917 489
s 71 113 686 373
s 71 114 678 342
s 71 119 686 369
s 71 120 572 286
s 71 121 869 486
s 71 123 1116 513
s 71 126 705 378
s 71 128 1449 772
s 71 129 625 322
s 71 131 637 348
s 71 135 1605 946
s 71 136 827 413
s 71 137 526 274
s 71 138 344 174
s 71 145 588 276
s 71 155 185 88
s 72 73 43 12
s 72 74 608 295
s 72 75 201 92
s 72 76 452 235
s 72 77 39 18
s 72 78 73 38
s 72 79 40 22
s 72 80 61 30
s 72 81 105 55
s 72 82 40 22
s 72 83 63 29
s 72 84 439 190
s 72 85 381 171
s 72 86 628 296
s 72 87 275 130
s 72 88 256 135
s 72 89 15 5
s 72 90 111 51
s 72 91 159 71
s 72 92 44 25
s 72 93 410 199
s 72 94 58 27
s 72 95 44 24
s 72 96 193 76
s 72 97 379 160
s 72 98 162 63
s 72 99 121 52
s 72 100 195 93
s 72 101 251 112
s 72 102 69 34
s 72 103 26 13
s 72 104 510 269
s 72 105 275 120
s 72 106 269 113
s 72 107 143 53
s 72 108 229 95
s 72 109 171 85
s 72 110 142 78
s 72 111 150 73
s 72 112 181 88
s 72 113 105 51
s 72 114 108 58
s 72 119 170 67
s 72 120 156 68
s 72 121 162 75
s 72 123 259 108
s 72 126 189 98
s 72 128 303 119
s 72 129 169 87
s 72 131 142 64
s 72 135 356 196
s 72 136 183 75
s 72 137 121 59
s 72 138 53 23
s 72 145 85 30
s 72 155 62 25
s 73 74 335 153
s 73 75 166 71
s 73 76 209 115
s 73 77 21 9
s 73 78 36 20
s 73 79 41 22
s 73 80 65 26
s 73 81 58 26
s 73 82 31 17
s 73 83 65 27
s 73 84 258 123
s 73 85 235 114
s 73 86 468 207
s 73 87 164 72
s 73 88 214 105
s 73 89 10 4
s 73 90 76 31
s 73 91 76 33
s 73 92 17 11
s 73 93 282 128
s 73 94 34 12
s 73 95 24 13
s 73 96 104 54
s 73 97 182 83
s 73 98 100 52
s 73 99 67 35
s 73 100 112 43
s 73 101 169 81
s 73 102 46 19
s 73 103 8 3
s 73 104 270 142
s 73 105 239 116
s 73 106 136 57
s 73 107 88 41
s 73 108 100 38
s 73 109 102 43
s 73 110 98 52
s 73 111 96 50
s 73 112 106 48
s 73 113 72 35
s 73 114 89 42
s 73 119 115 56
s 73 120 73 31
s 73 121 115 58
s 73 123 217 100
s 73 126 63 32
s 73 128 196 95
s 73 129 84 42
s 73 131 78 34
s 73 135 172 89
s 73 136 121 59
s 73 137 83 38
s 73 138 35 16
s 73 145 79 35
s 73 155 26 11
s 74 75 1543 838
s 74 76 789 427
s 74 77 230 126
s 74 78 473 242
s 74 79 357 163
s 74 80 465 243
s 74 81 574 291
s 74 82 144 94
s 74 83 584 271
s 74 84 2520 1253
s 74 85 2833 1486
s 74 86 4188 2140
s 74 87 1777 898
s 74 88 1823 987
s 74 89 171 98
s 74 90 472 250
s 74 91 703 354
s 74 92 206 113
s 74 93 2670 1330
s 74 94 457 256
s 74 95 365 201
s 74 96 1089 511
s 74 97 2441 1191
s 74 98 925 445
s 74 99 719 348
s 74 100 1199 622
s 74 101 1715 900
s 74 102 502 286
s 74 103 148 73
s 74 104 3812 2108
s 74 105 2334 1271
s 74 106 510 242
s 74 107 692 368
s 74 108 1143 549
s 74 109 1558 713
s 74 110 957 533
s 74 111 1268 616
s 74 112 1408 708
s 74 113 337 162
s 74 114 686 320
s 74 119 1339 703
s 74 120 414 186
s 74 121 1396 746
s 74 123 2175 1042
s 74 126 355 185
s 74 128 1801 938
s 74 129 1092 548
s 74 131 1154 600
s 74 135 2200 1189
s 74 136 1051 507
s 74 137 751 377
s 74 138 462 218
s 74 145 590 251
s 74 155 316 148
s 75 76 919 485
s 75 77 83 41
s 75 78 192 89
s 75 79 102 45
s 75 80 190 90
s 75 81 283 146
s 75 82 94 54
s 75 83 149 65
s 75 84 940 453
s 75 85 919 442
s 75 86 1346 636
s 75 87 455 227
s 75 88 705 374
s 75 89 62 28
s 75 90 258 120
s 75 91 179 92
s 75 92 99 58
s 75 93 1337 671
s 75 94 193 96
s 75 95 160 90
s 75 96 529 254
s 75 97 918 481
s 75 98 361 160
s 75 99 282 123
s 75 100 361 189
s 75 101 568 269
s 75 102 149 79
s 75 103 49 32
s 75 104 1411 763
s 75 105 595 305
s 75 106 557 272
s 75 107 313 160
s 75 108 519 236
s 75 109 535 227
s 75 110 339 177
s 75 111 289 140
s 75 112 331 163
s 75 113 266 142
s 75 114 326 149
s 75 119 368 173
s 75 120 323 159
s 75 121 313 164
s 75 123 531 235
s 75 126 334 170
s 75 128 678 340
s 75 129 381 189
s 75 131 249 123
s 75 135 902 469
s 75 136 427 222
s 75 137 321 146
s 75 138 163 69
s 75 145 260 111
s 75 155 95 47
s 76 77 156 78
s 76 78 337 180
s 76 79 250 120
s 76 80 255 133
s 76 81 346 197
s 76 82 58 37
s 76 83 394 221
s 76 84 1668 930
s 76 85 1954 1032
s 76 86 2876 1558
s 76 87 1293 717
s 76 88 1386 818
s 76 89 98 53
s 76 90 204 98
s 76 91 484 288
s 76 92 143 86
s 76 93 1717 916
s 76 94 261 152
s 76 95 217 134
s 76 96 759 405
s 76 97 1291 722
s 76 98 496 275
s 76 99 468 227
s 76 100 696 356
s 76 101 1146 604
s 76 102 353 207
s 76 103 93 54
s 76 104 1870 1028
s 76 105 1589 879
s 76 106 95 47
s 76 107 380 204
s 76 108 846 456
s 76 109 881 390
s 76 110 613 343
s 76 111 773 383
s 76 112 902 505
s 76 113 86 44
s 76 114 404 203
s 76 119 1025 566
s 76 120 204 100
s 76 121 969 533
s 76 123 1586 821
s 76 126 107 47
s 76 128 1062 555
s 76 129 571 304
s 76 131 781 408
s 76 135 1540 853
s 76 136 584 268
s 76 137 426 214
s 76 138 241 111
s 76 145 322 155
s 76 155 204 106
s 77 78 4 3
s 77 79 33 13
s 77 80 47 16
s 77 81 14 11
s 77 82 19 8
s 77 83 36 17
s 77 84 139 63
s 77 85 157 74
s 77 86 311 158
s 77 87 117 56
s 77 88 128 70
s 77 89 12 6
s 77 90 72 34
s 77 91 54 28
s 77 92 38 22
s 77 93 159 83
s 77 94 27 9
s 77 95 25 12
s 77 96 11 9
s 77 97 100 44
s 77 98 12 5
s 77 99 12 6
s 77 100 95 46
s 77 101 129 63
s 77 102 37 17
s 77 103 12 4
s 77 104 53 24
s 77 105 195 100
s 77 106 92 51
s 77 107 54 26
s 77 108 20 9
s 77 109 94 44
s 77 110 56 38
s 77 111 92 45
s 77 112 127 65
s 77 113 64 35
s 77 114 51 29
s 77 119 101 50
s 77 120 48 25
s 77 121 95 51
s 77 123 163 81
s 77 126 58 23
s 77 128 126 59
s 77 129 9 7
s 77 131 95 49
s 77 135 29 15
s 77 136 86 39
s 77 137 29 13
s 77 138 22 8
s 77 145 66 33
s 77 155 19 9
s 78 79 43 21
s 78 80 60 32
s 78 81 27 10
s 78 82 31 20
s 78 83 50 23
s 78 84 272 139
s 78 85 282 151
s 78 86 603 287
s 78 87 210 115
s 78 88 249 142
s 78 89 24 11
s 78 90 140 74
s 78 91 117 63
s 78 92 27 19
s 78 93 340 175
s 78 94 54 27
s 78 95 31 15
s 78 96 22 12
s 78 97 129 71
s 78 98 21 14
s 78 99 18 11
s 78 100 120 70
s 78 101 238 124
s 78 102 40 23
s 78 103 15 7
s 78 104 60 31
s 78 105 304 156
s 78 106 197 100
s 78 107 101 61
s 78 108 17 9
s 78 109 206 102
s 78 110 141 77
s 78 111 202 85
s 78 112 224 115
s 78 113 121 64
s 78 114 96 40
s 78 119 200 105
s 78 120 97 43
s 78 121 183 91
s 78 123 318 153
s 78 126 111 49
s 78 128 266 133
s 78 129 15 4
s 78 131 168 92
s 78 135 48 28
s 78 136 156 78
s 78 137 29 16
s 78 138 44 21
s 78 145 105 56
s 78 155 20 9
s 79 80 57 27
s 79 81 47 20
s 79 82 27 17
s 79 83 30 20
s 79 84 156 73
s 79 85 194 88
s 79 86 310 139
s 79 87 77 33
s 79 88 135 59
s 79 89 12 5
s 79 90 84 41
s 79 91 49 22
s 79 92 18 7
s 79 93 236 110
s 79 94 45 23
s 79 95 29 13
s 79 96 116 55
s 79 97 212 86
s 79 98 85 32
s 79 99 85 33
s 79 100 94 29
s 79 101 108 48
s 79 102 35 13
s 79 103 5 3
s 79 104 283 125
s 79 105 135 63
s 79 106 133 65
s 79 107 79 42
s 79 108 117 60
s 79 109 144 63
s 79 110 93 43
s 79 111 50 20
s 79 112 81 36
s 79 113 86 41
s 79 114 68 25
s 79 119 66 35
s 79 120 89 40
s 79 121 79 37
s 79 123 124 50
s 79 126 80 28
s 79 128 148 68
s 79 129 85 43
s 79 131 48 21
s 79 135 216 97
s 79 136 97 40
s 79 137 78 39
s 79 138 35 19
s 79 145 91 35
s 79 155 28 15
s 80 81 71 26
s 80 82 33 18
s 80 83 58 27
s 80 84 347 179
s 80 85 329 150
s 80 86 589 292
s 80 87 251 120
s 80 88 271 154
s 80 89 7 3
s 80 90 95 45
s 80 91 104 46
s 80 92 30 15
s 80 93 156 78
s 80 94 13 6
s 80 95 17 8
s 80 96 143 61
s 80 97 288 126
s 80 98 114 48
s 80 99 77 49
s 80 100 245 112
s 80 101 245 121
s 80 102 55 26
s 80 103 14 9
s 80 104 376 185
s 80 105 445 233
s 80 106 172 90
s 80 107 121 54
s 80 108 153 69
s 80 109 85 36
s 80 110 140 77
s 80 111 178 89
s 80 112 214 116
s 80 113 89 48
s 80 114 58 27
s 80 119 189 99
s 80 120 89 44
s 80 121 229 121
s 80 123 313 140
s 80 126 99 57
s 80 128 291 140
s 80 129 121 57
s 80 131 147 69
s 80 135 256 133
s 80 136 164 83
s 80 137 88 37
s 80 138 28 11
s 80 145 61 32
s 80 155 38 20
s 81 82 39 26
s 81 83 78 35
s 81 84 370 175
s 81 85 340 171
s 81 86 695 364
s 81 87 293 159
s 81 88 299 156
s 81 89 9 2
s 81 90 118 53
s 81 91 123 59
s 81 92 41 24
s 81 93 321 148
s 81 94 49 22
s 81 95 39 21
s 81 96 65 32
s 81 97 253 137
s 81 98 56 37
s 81 99 40 23
s 81 100 167 79
s 81 101 286 145
s 81 102 61 32
s 81 103 13 9
s 81 104 158 90
s 81 105 355 177
s 81 106 184 97
s 81 107 98 49
s 81 108 66 30
s 81 109 147 62
s 81 110 131 67
s 81 111 148 76
s 81 112 203 105
s 81 113 116 70
s 81 114 101 59
s 81 119 217 114
s 81 120 97 42
s 81 121 244 142
s 81 123 301 139
s 81 126 140 63
s 81 128 327 177
s 81 129 53 24
s 81 131 147 74
s 81 135 111 53
s 81 136 162 79
s 81 137 58 23
s 81 138 48 22
s 81 145 91 42
s 81 155 29 17
s 82 83 32 22
s 82 84 185 102
s 82 85 194 98
s 82 86 298 176
s 82 87 128 74
s 82 88 141 85
s 82 89 8 2
s 82 90 41 17
s 82 91 53 24
s 82 92 17 10
s 82 93 150 83
s 82 94 21 14
s 82 95 15 7
s 82 96 69 38
s 82 97 152 80
s 82 98 65 35
s 82 99 49 30
s 82 100 87 50
s 82 101 118 71
s 82 102 32 16
s 82 103 9 7
s 82 104 239 133
s 82 105 200 93
s 82 106 19 12
s 82 107 47 30
s 82 108 74 41
s 82 109 96 52
s 82 110 69 37
s 82 111 87 49
s 82 112 120 72
s 82 113 28 14
s 82 114 38 18
s 82 119 97 57
s 82 120 19 9
s 82 121 110 67
s 82 123 149 88
s 82 126 23 15
s 82 128 141 73
s 82 129 67 33
s 82 131 84 44
s 82 135 169 103
s 82 136 67 31
s 82 137 39 24
s 82 138 15 7
s 82 145 39 16
s 82 155 20 13
s 83 84 231 122
s 83 85 271 115
s 83 86 475 216
s 83 87 137 68
s 83 88 205 111
s 83 89 23 9
s 83 90 94 40
s 83 91 57 23
s 83 92 54 28
s 83 93 347 148
s 83 94 56 20
s 83 95 49 22
s 83 96 161 77
s 83 97 270 108
s 83 98 109 50
s 83 99 110 50
s 83 100 112 52
s 83 101 190 82
s 83 102 47 27
s 83 103 14 8
s 83 104 447 202
s 83 105 222 92
s 83 106 234 106
s 83 107 137 71
s 83 108 146 67
s 83 109 229 88
s 83 110 151 69
s 83 111 77 40
s 83 112 100 41
s 83 113 128 72
s 83 114 125 48
s 83 119 98 46
s 83 120 139 61
s 83 121 121 58
s 83 123 208 101
s 83 126 139 57
s 83 128 220 106
s 83 129 129 60
s 83 131 84 37
s 83 135 311 143
s 83 136 174 89
s 83 137 122 48
s 83 138 60 24
s 83 145 124 48
s 83 155 46 18
s 84 85 1442 744
s 84 86 2516 1249
s 84 87 864 434
s 84 88 1108 590
s 84 89 87 40
s 84 90 508 273
s 84 91 389 177
s 84 92 146 83
s 84 93 1946 978
s 84 94 338 176
s 84 95 247 131
s 84 96 715 355
s 84 97 1388 724
s 84 98 541 246
s 84 99 470 224
s 84 100 551 274
s 84 101 1088 538
s 84 102 258 141
s 84 103 68 40
s 84 104 2028 1045
s 84 105 1143 574
s 84 106 910 433
s 84 107 488 247
s 84 108 681 326
s 84 109 914 384
s 84 110 607 324
s 84 111 492 235
s 84 112 601 302
s 84 113 512 293
s 84 114 623 297
s 84 119 657 330
s 84 120 442 196
s 84 121 752 396
s 84 123 1006 490
s 84 126 601 297
s 84 128 1211 597
s 84 129 550 278
s 84 131 482 250
s 84 135 1258 700
s 84 136 652 307
s 84 137 427 202
s 84 138 310 162
s 84 145 486 224
s 84 155 149 69
s 85 86 2761 1336
s 85 87 1004 524
s 85 88 1226 638
s 85 89 103 48
s 85 90 715 377
s 85 91 479 234
s 85 92 216 117
s 85 93 1925 909
s 85 94 329 153
s 85 95 265 139
s 85 96 602 288
s 85 97 1432 683
s 85 98 509 232
s 85 99 399 189
s 85 100 655 303
s 85 101 1093 519
s 85 102 198 104
s 85 103 75 41
s 85 104 1777 915
s 85 105 1359 666
s 85 106 1095 539
s 85 107 632 302
s 85 108 602 278
s 85 109 1038 431
s 85 110 721 366
s 85 111 621 291
s 85 112 680 361
s 85 113 657 369
s 85 114 538 236
s 85 119 801 375
s 85 120 563 255
s 85 121 718 380
s 85 123 1183 554
s 85 126 701 385
s 85 128 1306 647
s 85 129 523 271
s 85 131 558 255
s 85 135 1266 636
s 85 136 794 389
s 85 137 537 287
s 85 138 308 149
s 85 145 541 220
s 85 155 183 90
s 86 87 1683 844
s 86 88 1832 956
s 86 89 179 94
s 86 90 754 383
s 86 91 726 372
s 86 92 273 157
s 86 93 3424 1674
s 86 94 523 271
s 86 95 479 233
s 86 96 1484 730
s 86 97 2861 1462
s 86 98 1194 616
s 86 99 877 429
s 86 100 1165 564
s 86 101 1540 739
s 86 102 544 266
s 86 103 174 95
s 86 104 3766 1989
s 86 105 1840 940
s 86 106 1610 810
s 86 107 986 494
s 86 108 1656 797
s 86 109 1762 783
s 86 110 1050 548
s 86 111 1037 517
s 86 112 1324 667
s 86 113 825 438
s 86 114 1054 491
s 86 119 1057 535
s 86 120 968 471
s 86 121 1201 651
s 86 123 1603 735
s 86 126 998 500
s 86 128 1978 958
s 86 129 1222 627
s 86 131 921 451
s 86 135 2733 1456
s 86 136 1297 615
s 86 137 990 474
s 86 138 493 233
s 86 145 861 372
s 86 155 331 161
s 87 88 817 444
s 87 89 55 22
s 87 90 315 172
s 87 91 195 105
s 87 92 118 78
s 87 93 1508 757
s 87 94 202 95
s 87 95 191 79
s 87 96 605 304
s 87 97 1080 528
s 87 98 444 210
s 87 99 360 182
s 87 100 399 210
s 87 101 606 301
s 87 102 149 70
s 87 103 52 23
s 87 104 1450 766
s 87 105 644 318
s 87 106 732 362
s 87 107 384 195
s 87 108 608 279
s 87 109 694 337
s 87 110 449 216
s 87 111 215 103
s 87 112 293 146
s 87 113 333 179
s 87 114 419 205
s 87 119 354 180
s 87 120 376 186
s 87 121 265 137
s 87 123 569 250
s 87 126 460 227
s 87 128 878 441
s 87 129 534 239
s 87 131 220 108
s 87 135 1144 593
s 87 136 473 239
s 87 137 361 178
s 87 138 176 78
s 87 145 356 161
s 87 155 124 64
s 88 89 83 42
s 88 90 350 189
s 88 91 368 196
s 88 92 116 62
s 88 93 1640 851
s 88 94 247 132
s 88 95 186 101
s 88 96 578 304
s 88 97 1093 610
s 88 98 495 242
s 88 99 358 190
s 88 100 417 223
s 88 101 788 382
s 88 102 207 110
s 88 103 72 39
s 88 104 1762 960
s 88 105 889 497
s 88 106 722 405
s 88 107 411 226
s 88 108 643 330
s 88 109 813 384
s 88 110 453 269
s 88 111 541 273
s 88 112 656 336
s 88 113 339 201
s 88 114 486 255
s 88 119 568 290
s 88 120 381 200
s 88 121 545 300
s 88 123 791 392
s 88 126 415 220
s 88 128 956 494
s 88 129 482 236
s 88 131 448 251
s 88 135 1150 649
s 88 136 571 298
s 88 137 446 216
s 88 138 220 123
s 88 145 381 173
s 88 155 137 71
s 89 90 32 16
s 89 91 27 14
s 89 92 12 8
s 89 93 49 25
s 89 94 3 1
s 89 95 1 1
s 89 96 40 13
s 89 97 93 40
s 89 98 26 17
s 89 99 25 12
s 89 100 36 17
s 89 101 67 38
s 89 102 13 5
s 89 103 7 2
s 89 104 105 48
s 89 105 122 57
s 89 106 59 22
s 89 107 40 19
s 89 108 36 20
s 89 109 12 6
s 89 110 35 21
s 89 111 51 24
s 89 112 53 34
s 89 113 37 23
s 89 114 26 13
s 89 119 68 37
s 89 120 34 19
s 89 121 53 22
s 89 123 88 40
s 89 126 31 16
s 89 128 82 45
s 89 129 28 14
s 89 131 33 17
s 89 135 88 54
s 89 136 48 25
s 89 137 36 18
s 89 138 3 0
s 89 145 21 11
s 89 155 13 5
s 90 91 179 96
s 90 92 68 39
s 90 93 519 267
s 90 94 117 59
s 90 95 68 38
s 90 96 234 108
s 90 97 495 242
s 90 98 189 99
s 90 99 184 96
s 90 100 279 149
s 90 101 319 152
s 90 102 95 41
s 90 103 26 14
s 90 104 678 363
s 90 105 554 262
s 90 106 156 79
s 90 107 149 81
s 90 108 224 111
s 90 109 416 190
s 90 110 201 103
s 90 111 263 142
s 90 112 323 176
s 90 113 78 35
s 90 114 153 75
s 90 119 267 116
s 90 120 111 61
s 90 121 285 154
s 90 123 436 215
s 90 126 94 51
s 90 128 340 160
s 90 129 190 84
s 90 131 251 119
s 90 135 485 266
s 90 136 218 116
s 90 137 189 96
s 90 138 63 30
s 90 145 143 72
s 90 155 83 46
s 91 92 65 42
s 91 93 596 320
s 91 94 80 28
s 91 95 54 32
s 91 96 202 96
s 91 97 429 215
s 91 98 188 94
s 91 99 173 90
s 91 100 193 93
s 91 101 327 173
s 91 102 85 44
s 91 103 23 16
s 91 104 575 287
s 91 105 458 242
s 91 106 243 128
s 91 107 178 86
s 91 108 184 102
s 91 109 300 128
s 91 110 183 97
s 91 111 171 88
s 91 112 195 103
s 91 113 180 106
s 91 114 142 70
s 91 119 215 114
s 91 120 143 71
s 91 121 208 113
s 91 123 419 198
s 91 126 142 68
s 91 128 349 164
s 91 129 173 68
s 91 131 148 62
s 91 135 456 259
s 91 136 523 275
s 91 137 189 90
s 91 138 132 72
s 91 145 150 71
s 91 155 123 59
s 92 93 202 108
s 92 94 43 23
s 92 95 20 12
s 92 96 52 26
s 92 97 130 67
s 92 98 42 23
s 92 99 41 21
s 92 100 90 46
s 92 101 126 88
s 92 102 23 8
s 92 103 13 6
s 92 104 148 84
s 92 105 220 121
s 92 106 100 58
s 92 107 62 41
s 92 108 51 25
s 92 109 139 59
s 92 110 92 50
s 92 111 106 55
s 92 112 105 58
s 92 113 51 25
s 92 114 41 26
s 92 119 100 58
s 92 120 48 21
s 92 121 130 67
s 92 123 145 91
s 92 126 39 18
s 92 128 136 84
s 92 129 39 18
s 92 131 91 54
s 92 135 110 62
s 92 136 87 46
s 92 137 43 29
s 92 138 31 14
s 92 145 62 26
s 92 155 19 10
s 93 94 106 58
s 93 95 89 47
s 93 96 841 403
s 93 97 1608 779
s 93 98 687 289
s 93 99 524 252
s 93 100 821 387
s 93 101 1444 726
s 93 102 344 170
s 93 103 103 60
s 93 104 2191 1137
s 93 105 1682 813
s 93 106 900 454
s 93 107 651 334
s 93 108 902 420
s 93 109 262 116
s 93 110 775 396
s 93 111 810 370
s 93 112 1044 552
s 93 113 428 219
s 93 114 361 182
s 93 119 1056 532
s 93 120 525 240
s 93 121 1086 553
s 93 123 1541 723
s 93 126 591 307
s 93 128 1619 799
s 93 129 654 317
s 93 131 761 365
s 93 135 1431 750
s 93 136 834 368
s 93 137 537 235
s 93 138 129 63
s 93 145 235 117
s 93 155 214 103
s 94 95 9 3
s 94 96 118 58
s 94 97 239 116
s 94 98 90 40
s 94 99 92 43
s 94 100 118 64
s 94 101 214 111
s 94 102 59 30
s 94 103 14 8
s 94 104 312 156
s 94 105 293 160
s 94 106 152 67
s 94 107 113 57
s 94 108 134 68
s 94 109 16 5
s 94 110 125 64
s 94 111 125 68
s 94 112 119 49
s 94 113 71 32
s 94 114 45 19
s 94 119 158 72
s 94 120 78 40
s 94 121 147 77
s 94 123 241 119
s 94 126 106 49
s 94 128 215 106
s 94 129 84 50
s 94 131 125 67
s 94 135 208 101
s 94 136 130 63
s 94 137 81 32
s 94 138 14 6
s 94 145 31 13
s 94 155 37 17
s 95 96 102 67
s 95 97 240 133
s 95 98 80 38
s 95 99 69 35
s 95 100 135 69
s 95 101 169 93
s 95 102 36 22
s 95 103 8 4
s 95 104 281 165
s 95 105 219 114
s 95 106 112 60
s 95 107 91 50
s 95 108 102 53
s 95 109 17 5
s 95 110 96 62
s 95 111 112 61
s 95 112 127 66
s 95 113 64 43
s 95 114 41 24
s 95 119 134 67
s 95 120 62 27
s 95 121 130 61
s 95 123 183 85
s 95 126 65 44
s 95 128 178 94
s 95 129 87 47
s 95 131 107 68
s 95 135 194 105
s 95 136 96 43
s 95 137 58 31
s 95 138 12 5
s 95 145 24 9
s 95 155 31 9
s 96 97 385 187
s 96 98 38 16
s 96 99 21 8
s 96 100 323 145
s 96 101 656 312
s 96 102 99 56
s 96 103 23 13
s 96 104 105 51
s 96 105 647 328
s 96 106 394 189
s 96 107 238 124
s 96 108 26 11
s 96 109 414 173
s 96 110 273 124
s 96 111 333 163
s 96 112 416 207
s 96 113 216 124
s 96 114 266 111
s 96 119 408 208
s 96 120 169 69
s 96 121 429 235
s 96 123 660 301
s 96 126 263 120
s 96 128 588 269
s 96 129 29 16
s 96 131 310 154
s 96 135 85 39
s 96 136 315 130
s 96 137 51 15
s 96 138 134 62
s 96 145 196 81
s 96 155 51 19
s 97 98 346 161
s 97 99 243 114
s 97 100 674 334
s 97 101 1069 544
s 97 102 266 121
s 97 103 59 35
s 97 104 1111 594
s 97 105 2293 1169
s 97 106 744 350
s 97 107 511 231
s 97 108 366 171
s 97 109 906 383
s 97 110 639 342
s 97 111 713 368
s 97 112 827 400
s 97 113 443 224
s 97 114 524 259
s 97 119 740 371
s 97 120 364 175
s 97 121 737 421
s 97 123 1198 533
s 97 126 470 230
s 97 128 1379 682
s 97 129 323 155
s 97 131 635 305
s 97 135 792 434
s 97 136 716 328
s 97 137 316 157
s 97 138 300 146
s 97 145 448 188
s 97 155 128 63
s 98 99 33 13
s 98 100 308 153
s 98 101 494 212
s 98 102 106 49
s 98 103 24 17
s 98 104 161 87
s 98 105 585 289
s 98 106 308 150
s 98 107 192 100
s 98 108 45 20
s 98 109 370 162
s 98 110 209 113
s 98 111 305 151
s 98 112 379 187
s 98 113 182 97
s 98 114 226 95
s 98 119 380 175
s 98 120 151 66
s 98 121 350 166
s 98 123 515 219
s 98 126 197 90
s 98 128 476 225
s 98 129 55 25
s 98 131 282 127
s 98 135 96 51
s 98 136 267 124
s 98 137 70 26
s 98 138 101 42
s 98 145 168 72
s 98 155 49 24
s 99 100 200 95
s 99 101 352 163
s 99 102 78 36
s 99 103 12 7
s 99 104 103 54
s 99 105 427 203
s 99 106 224 104
s 99 107 176 88
s 99 108 12 4
s 99 109 228 87
s 99 110 147 76
s 99 111 206 92
s 99 112 257 144
s 99 113 158 78
s 99 114 145 60
s 99 119 280 134
s 99 120 103 52
s 99 121 242 140
s 99 123 473 211
s 99 126 158 75
s 99 128 377 181
s 99 129 30 14
s 99 131 213 93
s 99 135 52 17
s 99 136 192 87
s 99 137 38 18
s 99 138 80 35
s 99 145 121 52
s 99 155 35 21
s 100 101 430 204
s 100 102 89 47
s 100 103 33 15
s 100 104 895 446
s 100 105 594 299
s 100 106 464 220
s 100 107 266 118
s 100 108 307 153
s 100 109 532 243
s 100 110 274 149
s 100 111 243 125
s 100 112 300 156
s 100 113 262 142
s 100 114 280 137
s 100 119 230 102
s 100 120 281 134
s 100 121 301 153
s 100 123 455 214
s 100 126 303 147
s 100 128 616 309
s 100 129 316 171
s 100 131 260 139
s 100 135 730 404
s 100 136 320 144
s 100 137 226 106
s 100 138 148 74
s 100 145 237 99
s 100 155 81 43
s 101 102 156 77
s 101 103 59 32
s 101 104 2952 1563
s 101 105 798 394
s 101 106 713 359
s 101 107 387 212
s 101 108 588 280
s 101 109 709 299
s 101 110 429 228
s 101 111 405 200
s 101 112 455 234
s 101 113 339 154
s 101 114 446 193
s 101 119 482 239
s 101 120 344 148
s 101 121 464 207
s 101 123 703 351
s 101 126 427 206
s 101 128 818 413
s 101 129 440 215
s 101 131 351 181
s 101 135 1024 504
s 101 136 512 248
s 101 137 431 213
s 101 138 212 91
s 101 145 359 157
s 101 155 125 63
s 102 103 12 6
s 102 104 334 178
s 102 105 220 119
s 102 106 159 76
s 102 107 113 56
s 102 108 104 39
s 102 109 191 88
s 102 110 111 59
s 102 111 90 39
s 102 112 110 59
s 102 113 98 51
s 102 114 105 53
s 102 119 128 77
s 102 120 92 39
s 102 121 132 68
s 102 123 216 98
s 102 126 109 52
s 102 128 232 112
s 102 129 98 58
s 102 131 82 36
s 102 135 183 92
s 102 136 138 68
s 102 137 111 54
s 102 138 49 27
s 102 145 91 42
s 102 155 33 15
s 103 104 72 43
s 103 105 84 43
s 103 106 55 35
s 103 107 23 11
s 103 108 28 13
s 103 109 65 34
s 103 110 32 22
s 103 111 38 23
s 103 112 27 12
s 103 113 37 22
s 103 114 29 13
s 103 119 38 22
s 103 120 30 17
s 103 121 38 18
s 103 123 66 38
s 103 126 45 27
s 103 128 79 39
s 103 129 23 10
s 103 131 33 18
s 103 135 51 32
s 103 136 31 14
s 103 137 31 16
s 103 138 14 8
s 103 145 33 18
s 103 155 8 5
s 104 105 2171 1177
s 104 106 1042 561
s 104 107 607 318
s 104 108 141 74
s 104 109 1130 525
s 104 110 744 431
s 104 111 1060 556
s 104 112 1067 571
s 104 113 666 407
s 104 114 650 298
s 104 119 1060 539
s 104 120 423 214
s 104 121 1224 659
s 104 123 1890 1007
s 104 126 664 329
s 104 128 1782 970
s 104 129 128 55
s 104 131 943 490
s 104 135 294 151
s 104 136 943 480
s 104 137 193 104
s 104 138 360 177
s 104 145 578 269
s 104 155 152 90
s 105 106 974 501
s 105 107 498 226
s 105 108 617 294
s 105 109 1111 462
s 105 110 520 274
s 105 111 576 306
s 105 112 591 309
s 105 113 647 367
s 105 114 479 212
s 105 119 540 272
s 105 120 491 234
s 105 121 559 288
s 105 123 901 422
s 105 126 574 306
s 105 128 1021 522
s 105 129 575 249
s 105 131 513 250
s 105 135 1376 723
s 105 136 759 360
s 105 137 555 286
s 105 138 227 112
s 105 145 486 221
s 105 155 169 89
s 106 107 232 119
s 106 108 444 200
s 106 109 605 280
s 106 110 399 195
s 106 111 488 239
s 106 112 601 302
s 106 113 53 23
s 106 114 239 120
s 106 119 589 271
s 106 120 102 50
s 106 121 624 335
s 106 123 921 460
s 106 126 55 27
s 106 128 676 342
s 106 129 351 150
s 106 131 455 217
s 106 135 881 458
s 106 136 358 162
s 106 137 271 117
s 106 138 165 88
s 106 145 180 85
s 106 155 161 89
s 107 108 244 113
s 107 109 393 178
s 107 110 237 123
s 107 111 312 156
s 107 112 315 156
s 107 113 147 76
s 107 114 190 81
s 107 119 273 137
s 107 120 147 67
s 107 121 310 181
s 107 123 481 205
s 107 126 144 67
s 107 128 428 223
s 107 129 203 94
s 107 131 251 139
s 107 135 514 267
s 107 136 243 105
s 107 137 172 92
s 107 138 91 48
s 107 145 157 73
s 107 155 79 38
s 108 109 381 145
s 108 110 205 100
s 108 111 281 143
s 108 112 383 181
s 108 113 194 93
s 108 114 254 113
s 108 119 426 196
s 108 120 155 78
s 108 121 378 178
s 108 123 597 251
s 108 126 257 110
s 108 128 587 275
s 108 129 43 24
s 108 131 304 138
s 108 135 94 46
s 108 136 276 130
s 108 137 50 23
s 108 138 109 58
s 108 145 208 84
s 108 155 67 28
s 109 110 455 205
s 109 111 558 259
s 109 112 615 257
s 109 113 345 166
s 109 114 172 78
s 109 119 509 225
s 109 120 321 132
s 109 121 576 256
s 109 123 899 373
s 109 126 367 154
s 109 128 797 346
s 109 129 354 149
s 109 131 461 206
s 109 135 852 390
s 109 136 490 196
s 109 137 348 139
s 109 138 40 18
s 109 145 147 60
s 109 155 134 48
s 110 111 303 157
s 110 112 323 185
s 110 113 245 150
s 110 114 221 112
s 110 119 325 166
s 110 120 212 104
s 110 121 384 203
s 110 123 502 228
s 110 126 217 114
s 110 128 496 252
s 110 129 235 129
s 110 131 247 114
s 110 135 532 299
s 110 136 347 183
s 110 137 207 98
s 110 138 111 55
s 110 145 205 94
s 110 155 80 38
s 111 112 205 91
s 111 113 352 186
s 111 114 216 106
s 111 119 243 111
s 111 120 267 118
s 111 121 210 105
s 111 123 445 221
s 111 126 310 153
s 111 128 512 251
s 111 129 269 122
s 111 131 170 80
s 111 135 719 380
s 111 136 356 166
s 111 137 355 176
s 111 138 142 54
s 111 145 253 131
s 111 155 72 36
s 112 113 361 206
s 112 114 332 192
s 112 119 362 191
s 112 120 315 145
s 112 121 239 130
s 112 123 505 235
s 112 126 363 184
s 112 128 599 297
s 112 129 324 173
s 112 131 236 128
s 112 135 834 445
s 112 136 399 199
s 112 137 306 149
s 112 138 163 65
s 112 145 307 126
s 112 155 104 50
s 113 114 95 52
s 113 119 264 143
s 113 120 70 40
s 113 121 365 201
s 113 123 512 272
s 113 126 33 19
s 113 128 370 208
s 113 129 191 86
s 113 131 275 140
s 113 135 501 288
s 113 136 233 114
s 113 137 165 84
s 113 138 78 39
s 113 145 102 50
s 113 155 70 29
s 114 119 345 154
s 114 120 152 78
s 114 121 277 122
s 114 123 486 218
s 114 126 164 80
s 114 128 466 205
s 114 129 226 96
s 114 131 236 96
s 114 135 460 234
s 114 136 251 96
s 114 137 159 72
s 114 138 56 24
s 114 145 88 41
s 114 155 71 28
s 119 120 291 136
s 119 121 271 147
s 119 123 476 199
s 119 126 343 168
s 119 128 621 312
s 119 129 358 176
s 119 131 229 118
s 119 135 885 477
s 119 136 370 184
s 119 137 343 172
s 119 138 143 66
s 119 145 262 114
s 119 155 100 46
s 120 121 308 164
s 120 123 461 202
s 120 126 87 41
s 120 128 401 176
s 120 129 133 57
s 120 131 267 122
s 120 135 325 153
s 120 136 175 84
s 120 137 98 37
s 120 138 94 53
s 120 145 130 49
s 120 155 52 27
s 121 123 488 239
s 121 126 344 194
s 121 128 536 292
s 121 129 330 172
s 121 131 241 123
s 121 135 816 449
s 121 136 503 263
s 121 137 449 241
s 121 138 133 67
s 121 145 344 169
s 121 155 84 37
s 123 126 585 281
s 123 128 879 420
s 123 129 504 215
s 123 131 376 173
s 123 135 1248 623
s 123 136 654 297
s 123 137 506 211
s 123 138 217 95
s 123 145 429 171
s 123 155 161 77
s 126 128 455 227
s 126 129 222 108
s 126 131 278 142
s 126 135 495 251
s 126 136 239 101
s 126 137 154 79
s 126 138 98 56
s 126 145 123 48
s 126 155 64 24
s 128 129 669 318
s 128 131 497 234
s 128 135 1186 605
s 128 136 610 284
s 128 137 460 207
s 128 138 226 97
s 128 145 428 195
s 128 155 154 64
s 129 131 295 137
s 129 135 122 67
s 129 136 241 106
s 129 137 65 35
s 129 138 111 58
s 129 145 179 69
s 129 155 39 17
s 131 135 678 344
s 131 136 335 183
s 131 137 258 114
s 131 138 94 41
s 131 145 235 108
s 131 155 70 30
s 135 136 653 330
s 135 137 157 92
s 135 138 250 126
s 135 145 378 172
s 135 155 125 70
s 136 137 265 118
s 136 138 148 72
s 136 145 208 95
s 136 155 89 37
s 137 138 90 41
s 137 145 155 70
s 137 155 61 32
s 138 145 40 14
s 138 155 37 22
s 145 155 66 28
v 1 2 1838 810
v 1 3 371 194
v 1 4 371 172
v 1 5 1888 920
v 1 6 2572 1416
v 1 7 2012 948
v 1 8 2573 1251
v 1 9 1513 727
v 1 10 586 320
v 1 11 1148 627
v 1 12 1696 866
v 1 13 462 253
v 1 14 3340 1728
v 1 15 813 444
v 1 16 440 242
v 1 17 853 482
v 1 18 1443 659
v 1 19 880 533
v 1 20 1312 637
v 1 21 2314 1223
v 1 22 2082 1091
v 1 23 576 268
v 1 25 2228 1221
v 1 26 3655 1807
v 1 27 2188 1080
v 1 28 775 395
v 1 29 2200 1206
v 1 30 2194 1091
v 1 31 1820 902
v 1 32 581 283
v 1 33 441 207
v 1 34 927 521
v 1 35 2120 1084
v 1 36 2148 1139
v 1 37 724 386
v 1 38 249 132
v 1 39 1213 662
v 1 40 734 384
v 1 41 1125 607
v 1 42 1806 900
v 1 43 767 420
v 1 44 1627 756
v 1 45 614 317
v 1 46 685 348
v 1 47 743 343
v 1 48 2092 1013
v 1 49 1847 952
v 1 50 708 351
v 1 51 325 180
v 1 52 344 177
v 1 53 1183 700
v 1 54 2288 1171
v 1 55 754 385
v 1 56 486 234
v 1 57 266 116
v 1 58 198 99
v 1 59 481 215
v 1 60 1053 481
v 1 61 274 138
v 1 62 844 406
v 1 63 571 316
v 1 64 949 489
v 1 65 94 54
v 1 66 35 15
v 1 67 1207 609
v 1 68 1385 718
v 1 69 845 435
v 1 70 1034 496
v 1 71 1860 872
v 1 72 453 263
v 1 73 275 144
v 1 74 3405 1755
v 1 75 1327 697
v 1 76 2104 1010
v 1 77 187 92
v 1 78 371 217
v 1 79 285 160
v 1 80 376 190
v 1 81 392 213
v 1 82 245 106
v 1 83 352 193
v 1 84 2368 1274
v 1 85 1919 1008
v 1 86 3605 1867
v 1 87 1202 563
v 1 88 1389 634
v 1 89 109 56
v 1 90 735 397
v 1 91 645 335
v 1 92 192 83
v 1 93 2076 1050
v 1 94 347 208
v 1 95 301 116
v 1 96 671 332
v 1 97 1694 820
v 1 98 640 350
v 1 99 488 286
v 1 100 827 437
v 1 101 2017 1098
v 1 102 336 185
v 1 103 71 31
v 1 104 2090 920
v 1 105 1765 866
v 1 106 946 495
v 1 107 664 324
v 1 108 745 399
v 1 109 1129 685
v 1 110 674 310
v 1 111 1107 585
v 1 112 1205 625
v 1 113 629 305
v 1 114 578 281
v 1 119 908 477
v 1 120 592 329
v 1 121 1169 574
v 1 123 1401 741
v 1 126 673 348
v 1 128 1462 741
v 1 129 707 370
v 1 131 735 388
v 1 135 1589 756
v 1 136 800 408
v 1 137 572 315
v 1 138 304 159
v 1 145 532 295
v 1 155 260 155
v 2 3 409 179
v 2 4 352 166
v 2 5 2076 987
v 2 6 3059 1666
v 2 7 2647 1289
v 2 8 2743 1336
v 2 9 1964 980
v 2 10 495 276
v 2 11 1572 906
v 2 12 1489 755
v 2 13 456 257
v 2 14 4379 2054
v 2 15 1020 517
v 2 16 558 279
v 2 17 853 445
v 2 18 1704 776
v 2 19 1227 679
v 2 20 1569 734
v 2 21 3025 1648
v 2 22 2018 1003
v 2 23 824 405
v 2 25 2490 1392
v 2 26 4328 2252
v 2 27 2861 1369
v 2 28 1088 545
v 2 29 2993 1534
v 2 30 2425 1135
v 2 31 1845 880
v 2 32 698 305
v 2 33 617 279
v 2 34 765 388
v 2 35 2794 1510
v 2 36 2736 1323
v 2 37 801 420
v 2 38 253 136
v 2 39 1514 772
v 2 40 855 416
v 2 41 1072 575
v 2 42 2132 963
v 2 43 932 493
v 2 44 1424 756
v 2 45 575 273
v 2 46 790 409
v 2 47 1046 523
v 2 48 2182 1036
v 2 49 2441 1106
v 2 50 1537 734
v 2 51 480 247
v 2 52 338 156
v 2 53 1556 900
v 2 54 3285 1485
v 2 55 853 438
v 2 56 596 306
v 2 57 351 179
v 2 58 301 138
v 2 59 462 263
v 2 60 1571 732
v 2 61 266 149
v 2 62 1145 504
v 2 63 673 347
v 2 64 1153 592
v 2 65 122 61
v 2 66 70 34
v 2 67 1612 687
v 2 68 1469 742
v 2 69 991 515
v 2 70 1560 768
v 2 71 2817 1301
v 2 72 570 314
v 2 73 360 203
v 2 74 3593 1742
v 2 75 1426 743
v 2 76 2256 1041
v 2 77 218 113
v 2 78 489 229
v 2 79 296 142
v 2 80 454 215
v 2 81 529 261
v 2 82 227 94
v 2 83 434 246
v 2 84 2340 1145
v 2 85 2544 1254
v 2 86 4116 2067
v 2 87 1484 771
v 2 88 1922 907
v 2 89 104 60
v 2 90 708 337
v 2 91 704 372
v 2 92 260 122
v 2 93 2273 1149
v 2 94 376 181
v 2 95 263 121
v 2 96 1045 493
v 2 97 2265 1152
v 2 98 974 495
v 2 99 674 364
v 2 100 1058 525
v 2 101 1666 819
v 2 102 401 201
v 2 103 120 54
v 2 104 3140 1454
v 2 105 2019 988
v 2 106 1269 615
v 2 107 798 373
v 2 108 1071 561
v 2 109 1089 661
v 2 110 951 416
v 2 111 1364 672
v 2 112 1203 601
v 2 113 682 323
v 2 114 944 497
v 2 119 1209 632
v 2 120 621 317
v 2 121 1210 602
v 2 123 1812 963
v 2 126 866 447
v 2 128 1864 941
v 2 129 864 432
v 2 131 910 467
v 2 135 2099 982
v 2 136 1148 644
v 2 137 776 399
v 2 138 287 170
v 2 145 639 331
v 2 155 269 147
v 3 4 58 31
v 3 5 337 164
v 3 6 493 269
v 3 7 419 209
v 3 8 381 170
v 3 9 314 165
v 3 10 90 51
v 3 11 196 106
v 3 12 399 174
v 3 13 87 47
v 3 14 812 385
v 3 15 124 60
v 3 16 74 43
v 3 17 125 71
v 3 18 291 139
v 3 19 195 108
v 3 20 227 108
v 3 21 414 219
v 3 22 290 151
v 3 23 126 65
v 3 25 413 214
v 3 26 657 329
v 3 27 419 206
v 3 28 143 79
v 3 29 476 220
v 3 30 425 207
v 3 31 292 141
v 3 32 109 42
v 3 33 82 35
v 3 34 122 61
v 3 35 410 224
v 3 36 367 182
v 3 37 119 58
v 3 38 49 19
v 3 39 196 108
v 3 40 129 85
v 3 41 149 79
v 3 42 291 126
v 3 43 130 74
v 3 44 199 106
v 3 45 96 45
v 3 46 125 63
v 3 47 147 82
v 3 48 360 186
v 3 49 373 162
v 3 50 128 60
v 3 51 66 36
v 3 52 69 32
v 3 53 191 109
v 3 54 318 173
v 3 55 148 79
v 3 56 88 51
v 3 57 60 24
v 3 58 44 20
v 3 59 72 37
v 3 60 253 115
v 3 61 48 25
v 3 62 183 96
v 3 63 94 51
v 3 64 197 100
v 3 65 20 12
v 3 66 5 4
v 3 67 240 117
v 3 68 229 128
v 3 69 143 85
v 3 70 220 105
v 3 71 446 193
v 3 72 78 46
v 3 73 64 37
v 3 74 590 281
v 3 75 251 119
v 3 76 371 183
v 3 77 42 17
v 3 78 69 29
v 3 79 56 33
v 3 80 72 30
v 3 81 90 43
v 3 82 54 21
v 3 83 74 40
v 3 84 332 160
v 3 85 400 191
v 3 86 650 315
v 3 87 233 119
v 3 88 302 145
v 3 89 17 6
v 3 90 121 57
v 3 91 125 60
v 3 92 44 17
v 3 93 362 166
v 3 94 62 30
v 3 95 29 11
v 3 96 131 72
v 3 97 354 192
v 3 98 96 49
v 3 99 81 43
v 3 100 162 82
v 3 101 291 140
v 3 102 76 32
v 3 103 19 9
v 3 104 383 180
v 3 105 357 185
v 3 106 186 84
v 3 107 123 61
v 3 108 135 59
v 3 109 230 132
v 3 110 144 83
v 3 111 198 109
v 3 112 233 101
v 3 113 155 77
v 3 114 108 55
v 3 119 207 100
v 3 120 92 54
v 3 121 210 106
v 3 123 311 160
v 3 126 127 73
v 3 128 304 157
v 3 129 110 64
v 3 131 170 81
v 3 135 309 161
v 3 136 177 94
v 3 137 111 61
v 3 138 63 36
v 3 145 91 50
v 3 155 56 30
v 4 5 275 138
v 4 6 334 196
v 4 7 348 187
v 4 8 362 156
v 4 9 273 145
v 4 10 75 46
v 4 11 200 116
v 4 12 261 124
v 4 13 66 46
v 4 14 557 290
v 4 15 141 83
v 4 16 72 35
v 4 17 111 60
v 4 18 186 101
v 4 19 126 71
v 4 20 189 98
v 4 21 460 243
v 4 22 265 151
v 4 23 118 53
v 4 25 364 201
v 4 26 564 306
v 4 27 398 213
v 4 28 139 75
v 4 29 343 194
v 4 30 307 152
v 4 31 242 116
v 4 32 131 65
v 4 33 80 34
v 4 34 103 53
v 4 35 324 161
v 4 36 319 184
v 4 37 95 53
v 4 38 26 16
v 4 39 194 116
v 4 40 112 55
v 4 41 135 76
v 4 42 260 130
v 4 43 123 62
v 4 44 208 104
v 4 45 90 38
v 4 46 92 43
v 4 47 119 57
v 4 48 243 112
v 4 49 244 136
v 4 50 96 46
v 4 51 57 30
v 4 52 35 19
v 4 53 175 88
v 4 54 360 197
v 4 55 147 82
v 4 56 73 33
v 4 57 40 18
v 4 58 37 14
v 4 59 56 37
v 4 60 219 110
v 4 61 33 20
v 4 62 181 90
v 4 63 139 80
v 4 64 203 109
v 4 65 14 11
v 4 66 7 3
v 4 67 181 103
v 4 68 169 84
v 4 69 103 50
v 4 70 158 86
v 4 71 464 214
v 4 72 75 48
v 4 73 49 26
v 4 74 444 203
v 4 75 201 111
v 4 76 261 129
v 4 77 37 22
v 4 78 37 21
v 4 79 39 21
v 4 80 44 23
v 4 81 56 25
v 4 82 37 20
v 4 83 62 42
v 4 84 283 143
v 4 85 324 171
v 4 86 506 281
v 4 87 212 115
v 4 88 248 107
v 4 89 11 5
v 4 90 88 46
v 4 91 69 33
v 4 92 30 13
v 4 93 658 364
v 4 94 65 29
v 4 95 41 19
v 4 96 149 83
v 4 97 281 144
v 4 98 107 66
v 4 99 90 47
v 4 100 117 71
v 4 101 214 124
v 4 102 67 36
v 4 103 9 5
v 4 104 349 171
v 4 105 230 119
v 4 106 148 89
v 4 107 129 73
v 4 108 135 79
v 4 109 138 87
v 4 110 127 81
v 4 111 95 50
v 4 112 149 75
v 4 113 84 42
v 4 114 94 40
v 4 119 120 62
v 4 120 169 103
v 4 121 148 81
v 4 123 232 118
v 4 126 103 50
v 4 128 248 136
v 4 129 103 53
v 4 131 122 80
v 4 135 234 111
v 4 136 130 69
v 4 137 100 58
v 4 138 42 22
v 4 145 74 42
v 4 155 44 24
v 5 6 2510 1393
v 5 7 2084 1042
v 5 8 2514 1150
v 5 9 1629 835
v 5 10 468 246
v 5 11 1115 620
v 5 12 1213 630
v 5 13 415 230
v 5 14 3852 1835
v 5 15 778 398
v 5 16 393 206
v 5 17 654 363
v 5 18 1363 685
v 5 19 927 529
v 5 20 1221 591
v 5 21 2301 1227
v 5 22 1623 849
v 5 23 590 301
v 5 25 1946 1028
v 5 26 3596 1901
v 5 27 2341 1174
v 5 28 743 402
v 5 29 2145 1119
v 5 30 2179 1043
v 5 31 1577 771
v 5 32 596 284
v 5 33 473 201
v 5 34 618 314
v 5 35 2112 1098
v 5 36 1840 954
v 5 37 676 367
v 5 38 208 121
v 5 39 1203 660
v 5 40 729 384
v 5 41 936 476
v 5 42 1387 664
v 5 43 717 388
v 5 44 1193 610
v 5 45 484 239
v 5 46 516 298
v 5 47 781 424
v 5 48 1588 757
v 5 49 1658 812
v 5 50 592 292
v 5 51 349 191
v 5 52 299 133
v 5 53 1147 652
v 5 54 2116 1019
v 5 55 651 367
v 5 56 439 225
v 5 57 236 124
v 5 58 250 132
v 5 59 425 247
v 5 60 1133 557
v 5 61 201 105
v 5 62 922 455
v 5 63 539 295
v 5 64 977 529
v 5 65 98 51
v 5 66 49 24
v 5 67 968 482
v 5 68 1180 586
v 5 69 720 397
v 5 70 825 410
v 5 71 2122 1028
v 5 72 467 265
v 5 73 268 140
v 5 74 2618 1297
v 5 75 1232 621
v 5 76 1708 850
v 5 77 143 66
v 5 78 300 139
v 5 79 216 116
v 5 80 323 149
v 5 81 394 208
v 5 82 168 85
v 5 83 374 213
v 5 84 1906 966
v 5 85 1963 1014
v 5 86 3475 1714
v 5 87 1385 681
v 5 88 1600 760
v 5 89 87 42
v 5 90 507 265
v 5 91 488 260
v 5 92 188 84
v 5 93 1871 987
v 5 94 260 147
v 5 95 201 110
v 5 96 746 415
v 5 97 1609 849
v 5 98 500 305
v 5 99 471 241
v 5 100 832 430
v 5 101 1400 746
v 5 102 332 151
v 5 103 99 45
v 5 104 2373 1112
v 5 105 1576 811
v 5 106 935 487
v 5 107 645 305
v 5 108 778 415
v 5 109 817 494
v 5 110 711 325
v 5 111 794 437
v 5 112 888 481
v 5 113 445 223
v 5 114 536 282
v 5 119 953 492
v 5 120 526 285
v 5 121 977 437
v 5 123 1551 865
v 5 126 613 317
v 5 128 1430 761
v 5 129 590 344
v 5 131 707 349
v 5 135 1463 665
v 5 136 817 427
v 5 137 530 283
v 5 138 307 156
v 5 145 470 262
v 5 155 241 127
v 6 7 2751 1214
v 6 8 3637 1578
v 6 9 2289 1008
v 6 10 663 330
v 6 11 1624 861
v 6 12 2362 962
v 6 13 533 262
v 6 14 4576 1945
v 6 15 1073 488
v 6 16 513 231
v 6 17 1027 478
v 6 18 1917 786
v 6 19 1283 669
v 6 20 1666 728
v 6 21 3392 1616
v 6 22 2133 900
v 6 23 761 339
v 6 25 2747 1323
v 6 26 4594 2181
v 6 27 2924 1292
v 6 28 1028 486
v 6 29 3205 1428
v 6 30 2966 1266
v 6 31 2204 889
v 6 32 734 321
v 6 33 646 261
v 6 34 840 402
v 6 35 3066 1338
v 6 36 2636 1264
v 6 37 917 412
v 6 38 297 146
v 6 39 1637 790
v 6 40 1077 484
v 6 41 1361 609
v 6 42 1938 794
v 6 43 1079 545
v 6 44 1905 909
v 6 45 754 337
v 6 46 781 392
v 6 47 1222 560
v 6 48 2606 1159
v 6 49 2719 1090
v 6 50 931 413
v 6 51 440 200
v 6 52 391 150
v 6 53 1589 784
v 6 54 3095 1319
v 6 55 964 388
v 6 56 661 279
v 6 57 366 158
v 6 58 391 198
v 6 59 548 275
v 6 60 1511 620
v 6 61 309 153
v 6 62 1239 533
v 6 63 714 350
v 6 64 1275 596
v 6 65 118 55
v 6 66 54 30
v 6 67 2368 944
v 6 68 1672 713
v 6 69 977 494
v 6 70 1221 563
v 6 71 2762 1220
v 6 72 631 310
v 6 73 364 179
v 6 74 3749 1582
v 6 75 1642 735
v 6 76 2478 965
v 6 77 221 103
v 6 78 405 164
v 6 79 327 156
v 6 80 466 231
v 6 81 493 215
v 6 82 286 111
v 6 83 501 259
v 6 84 2329 1036
v 6 85 2721 1179
v 6 86 4477 2072
v 6 87 1667 756
v 6 88 1968 853
v 6 89 136 65
v 6 90 760 326
v 6 91 773 378
v 6 92 276 115
v 6 93 2690 1327
v 6 94 391 168
v 6 95 255 118
v 6 96 1114 482
v 6 97 2133 922
v 6 98 834 414
v 6 99 759 384
v 6 100 922 404
v 6 101 1878 828
v 6 102 482 227
v 6 103 134 52
v 6 104 2796 1218
v 6 105 2285 1042
v 6 106 1345 606
v 6 107 838 328
v 6 108 1143 553
v 6 109 1516 784
v 6 110 1117 470
v 6 111 1206 567
v 6 112 1340 589
v 6 113 786 307
v 6 114 807 406
v 6 119 1332 607
v 6 120 698 364
v 6 121 1442 626
v 6 123 2267 1078
v 6 126 874 399
v 6 128 2014 913
v 6 129 775 343
v 6 131 1055 476
v 6 135 1990 842
v 6 136 1213 581
v 6 137 736 311
v 6 138 429 214
v 6 145 710 386
v 6 155 282 133
v 7 8 2782 1248
v 7 9 1949 947
v 7 10 540 268
v 7 11 1410 839
v 7 12 1918 981
v 7 13 519 296
v 7 14 3972 2028
v 7 15 897 456
v 7 16 507 252
v 7 17 791 438
v 7 18 1809 860
v 7 19 1169 645
v 7 20 1510 754
v 7 21 2759 1480
v 7 22 1904 923
v 7 23 741 378
v 7 25 2367 1268
v 7 26 4133 2145
v 7 27 2720 1302
v 7 28 989 531
v 7 29 2605 1319
v 7 30 2637 1343
v 7 31 1791 854
v 7 32 611 316
v 7 33 573 288
v 7 34 820 433
v 7 35 2539 1259
v 7 36 2433 1236
v 7 37 824 417
v 7 38 273 163
v 7 39 1445 772
v 7 40 836 451
v 7 41 1148 606
v 7 42 1727 808
v 7 43 873 451
v 7 44 1477 723
v 7 45 562 276
v 7 46 740 388
v 7 47 904 441
v 7 48 2048 989
v 7 49 2311 1090
v 7 50 664 316
v 7 51 462 225
v 7 52 373 174
v 7 53 1485 839
v 7 54 2617 1195
v 7 55 794 428
v 7 56 533 261
v 7 57 329 152
v 7 58 256 136
v 7 59 535 276
v 7 60 1425 668
v 7 61 299 184
v 7 62 1067 513
v 7 63 657 362
v 7 64 1140 596
v 7 65 115 61
v 7 66 84 47
v 7 67 1321 614
v 7 68 1476 735
v 7 69 912 492
v 7 70 1100 534
v 7 71 2687 1267
v 7 72 569 309
v 7 73 346 188
v 7 74 3517 1736
v 7 75 1417 699
v 7 76 2120 972
v 7 77 210 106
v 7 78 404 202
v 7 79 321 161
v 7 80 398 224
v 7 81 494 243
v 7 82 242 123
v 7 83 452 237
v 7 84 2195 1131
v 7 85 2441 1282
v 7 86 4066 2027
v 7 87 1516 749
v 7 88 1801 874
v 7 89 91 48
v 7 90 727 366
v 7 91 671 340
v 7 92 245 121
v 7 93 2283 1172
v 7 94 358 172
v 7 95 282 150
v 7 96 964 501
v 7 97 2080 1083
v 7 98 803 422
v 7 99 558 299
v 7 100 1027 577
v 7 101 1626 791
v 7 102 362 192
v 7 103 129 55
v 7 104 2630 1280
v 7 105 2000 990
v 7 106 1355 668
v 7 107 806 419
v 7 108 1021 548
v 7 109 1015 585
v 7 110 921 424
v 7 111 1005 525
v 7 112 1169 567
v 7 113 630 294
v 7 114 727 396
v 7 119 1204 626
v 7 120 628 327
v 7 121 1178 550
v 7 123 1877 967
v 7 126 730 375
v 7 128 1896 956
v 7 129 821 423
v 7 131 989 495
v 7 135 1780 827
v 7 136 1024 570
v 7 137 674 360
v 7 138 301 154
v 7 145 592 313
v 7 155 252 125
v 8 9 2204 1146
v 8 10 628 317
v 8 11 1548 972
v 8 12 1936 940
v 8 13 501 278
v 8 14 4665 2454
v 8 15 1034 531
v 8 16 556 311
v 8 17 893 502
v 8 18 1824 930
v 8 19 1271 746
v 8 20 1640 828
v 8 21 3041 1698
v 8 22 2139 1139
v 8 23 844 471
v 8 25 2598 1417
v 8 26 4273 2323
v 8 27 2604 1284
v 8 28 1105 631
v 8 29 2921 1719
v 8 30 2757 1410
v 8 31 1941 1011
v 8 32 840 391
v 8 33 593 297
v 8 34 786 449
v 8 35 2855 1582
v 8 36 2708 1407
v 8 37 848 432
v 8 38 260 136
v 8 39 1698 959
v 8 40 1100 646
v 8 41 1305 682
v 8 42 2140 1014
v 8 43 989 500
v 8 44 1893 1009
v 8 45 557 283
v 8 46 810 425
v 8 47 1108 612
v 8 48 2319 1236
v 8 49 2373 1233
v 8 50 710 351
v 8 51 518 288
v 8 52 339 169
v 8 53 1659 1009
v 8 54 3115 1574
v 8 55 897 459
v 8 56 623 305
v 8 57 268 132
v 8 58 315 185
v 8 59 537 297
v 8 60 1401 663
v 8 61 229 126
v 8 62 1219 601
v 8 63 644 368
v 8 64 1391 799
v 8 65 108 49
v 8 66 43 20
v 8 67 1570 783
v 8 68 1600 826
v 8 69 1036 570
v 8 70 1387 706
v 8 71 2853 1353
v 8 72 621 378
v 8 73 332 188
v 8 74 3803 2023
v 8 75 1718 937
v 8 76 2283 1100
v 8 77 199 112
v 8 78 400 225
v 8 79 281 169
v 8 80 454 228
v 8 81 525 286
v 8 82 207 107
v 8 83 487 284
v 8 84 2575 1401
v 8 85 2576 1347
v 8 86 4160 2209
v 8 87 1913 1026
v 8 88 2221 1132
v 8 89 113 66
v 8 90 750 387
v 8 91 618 315
v 8 92 216 89
v 8 93 3080 1625
v 8 94 376 208
v 8 95 364 187
v 8 96 1078 615
v 8 97 2140 1220
v 8 98 759 426
v 8 99 615 363
v 8 100 976 524
v 8 101 1807 976
v 8 102 434 212
v 8 103 133 67
v 8 104 2722 1331
v 8 105 2498 1360
v 8 106 1236 668
v 8 107 858 467
v 8 108 1229 730
v 8 109 1201 712
v 8 110 1274 648
v 8 111 901 478
v 8 112 931 462
v 8 113 650 349
v 8 114 841 482
v 8 119 1353 740
v 8 120 686 391
v 8 121 1182 615
v 8 123 1989 1147
v 8 126 877 446
v 8 128 2109 1108
v 8 129 909 502
v 8 131 802 428
v 8 135 1928 948
v 8 136 1160 651
v 8 137 682 359
v 8 138 399 227
v 8 145 653 382
v 8 155 262 145
v 9 10 472 249
v 9 11 1063 643
v 9 12 1462 650
v 9 13 426 229
v 9 14 3732 1873
v 9 15 742 402
v 9 16 353 186
v 9 17 742 401
v 9 18 1323 627
v 9 19 848 484
v 9 20 1141 568
v 9 21 2354 1245
v 9 22 1735 838
v 9 23 543 267
v 9 25 1914 1059
v 9 26 3277 1730
v 9 27 2047 1049
v 9 28 856 459
v 9 29 2047 1050
v 9 30 1971 948
v 9 31 1448 713
v 9 32 534 264
v 9 33 456 213
v 9 34 567 276
v 9 35 1920 1020
v 9 36 2005 977
v 9 37 604 298
v 9 38 191 95
v 9 39 1209 657
v 9 40 681 363
v 9 41 823 436
v 9 42 1376 619
v 9 43 686 380
v 9 44 1185 604
v 9 45 491 242
v 9 46 514 282
v 9 47 704 367
v 9 48 1588 828
v 9 49 1809 881
v 9 50 579 288
v 9 51 370 196
v 9 52 296 128
v 9 53 1069 605
v 9 54 1806 866
v 9 55 709 355
v 9 56 458 221
v 9 57 229 116
v 9 58 221 123
v 9 59 368 212
v 9 60 1069 509
v 9 61 212 112
v 9 62 1014 451
v 9 63 489 254
v 9 64 877 484
v 9 65 91 48
v 9 66 35 16
v 9 67 1045 518
v 9 68 1155 590
v 9 69 744 383
v 9 70 763 371
v 9 71 2058 934
v 9 72 436 238
v 9 73 254 145
v 9 74 2546 1281
v 9 75 1174 632
v 9 76 1728 809
v 9 77 139 64
v 9 78 310 157
v 9 79 213 125
v 9 80 340 165
v 9 81 352 188
v 9 82 163 70
v 9 83 354 186
v 9 84 1773 891
v 9 85 1805 921
v 9 86 3262 1633
v 9 87 1223 616
v 9 88 1517 706
v 9 89 93 39
v 9 90 468 232
v 9 91 493 224
v 9 92 174 75
v 9 93 1929 1036
v 9 94 284 133
v 9 95 204 100
v 9 96 725 381
v 9 97 1497 779
v 9 98 541 309
v 9 99 399 226
v 9 100 750 404
v 9 101 1390 686
v 9 102 278 131
v 9 103 81 39
v 9 104 2047 961
v 9 105 1588 796
v 9 106 1031 536
v 9 107 665 348
v 9 108 821 434
v 9 109 897 490
v 9 110 711 351
v 9 111 732 362
v 9 112 951 484
v 9 113 448 216
v 9 114 534 305
v 9 119 972 517
v 9 120 456 258
v 9 121 927 432
v 9 123 1496 831
v 9 126 568 297
v 9 128 1319 691
v 9 129 580 305
v 9 131 697 368
v 9 135 1276 621
v 9 136 845 446
v 9 137 511 265
v 9 138 253 125
v 9 145 445 267
v 9 155 234 124
v 10 11 325 179
v 10 12 374 160
v 10 13 107 57
v 10 14 1074 530
v 10 15 247 146
v 10 16 127 63
v 10 17 178 85
v 10 18 361 178
v 10 19 251 157
v 10 20 326 166
v 10 21 616 308
v 10 22 359 196
v 10 23 175 97
v 10 25 543 263
v 10 26 770 368
v 10 27 564 267
v 10 28 205 101
v 10 29 607 312
v 10 30 616 277
v 10 31 459 213
v 10 32 160 71
v 10 33 144 59
v 10 34 199 95
v 10 35 607 320
v 10 36 486 260
v 10 37 196 98
v 10 38 48 22
v 10 39 341 184
v 10 40 208 103
v 10 41 235 113
v 10 42 419 181
v 10 43 190 97
v 10 44 338 162
v 10 45 136 73
v 10 46 168 88
v 10 47 180 101
v 10 48 626 303
v 10 49 496 224
v 10 50 217 92
v 10 51 105 53
v 10 52 73 28
v 10 53 345 211
v 10 54 632 317
v 10 55 215 108
v 10 56 135 75
v 10 57 70 35
v 10 58 69 35
v 10 59 124 62
v 10 60 257 118
v 10 61 93 39
v 10 62 264 108
v 10 63 161 79
v 10 64 315 157
v 10 65 31 20
v 10 66 13 9
v 10 67 265 126
v 10 68 209 97
v 10 69 173 75
v 10 70 254 129
v 10 71 698 331
v 10 72 147 84
v 10 73 85 45
v 10 74 746 365
v 10 75 269 144
v 10 76 463 193
v 10 77 56 23
v 10 78 81 34
v 10 79 81 49
v 10 80 101 58
v 10 81 103 42
v 10 82 64 24
v 10 83 113 67
v 10 84 477 218
v 10 85 587 320
v 10 86 835 394
v 10 87 327 145
v 10 88 271 112
v 10 89 29 8
v 10 90 185 85
v 10 91 201 102
v 10 92 56 24
v 10 93 537 246
v 10 94 71 35
v 10 95 56 26
v 10 96 186 91
v 10 97 504 266
v 10 98 155 93
v 10 99 135 78
v 10 100 257 136
v 10 101 308 139
v 10 102 101 47
v 10 103 26 12
v 10 104 560 243
v 10 105 405 178
v 10 106 301 158
v 10 107 190 98
v 10 108 226 129
v 10 109 331 178
v 10 110 254 134
v 10 111 285 136
v 10 112 329 157
v 10 113 185 74
v 10 114 168 77
v 10 119 272 141
v 10 120 154 90
v 10 121 245 111
v 10 123 428 231
v 10 126 171 95
v 10 128 439 215
v 10 129 191 102
v 10 131 210 107
v 10 135 477 223
v 10 136 287 144
v 10 137 160 88
v 10 138 75 41
v 10 145 133 74
v 10 155 70 31
v 11 12 1015 366
v 11 13 247 106
v 11 14 2249 959
v 11 15 483 201
v 11 16 251 120
v 11 17 450 205
v 11 18 899 373
v 11 19 585 303
v 11 20 835 345
v 11 21 1555 673
v 11 22 1031 426
v 11 23 420 172
v 11 25 1522 707
v 11 26 2244 970
v 11 27 1414 558
v 11 28 486 219
v 11 29 1527 667
v 11 30 1456 610
v 11 31 1059 400
v 11 32 386 161
v 11 33 343 132
v 11 34 489 237
v 11 35 1460 628
v 11 36 1403 624
v 11 37 454 206
v 11 38 132 72
v 11 39 791 366
v 11 40 496 201
v 11 41 553 228
v 11 42 924 355
v 11 43 477 202
v 11 44 832 338
v 11 45 317 124
v 11 46 469 188
v 11 47 519 216
v 11 48 1260 521
v 11 49 1228 480
v 11 50 461 184
v 11 51 270 119
v 11 52 198 81
v 11 53 800 425
v 11 54 1470 564
v 11 55 444 198
v 11 56 310 125
v 11 57 178 73
v 11 58 158 79
v 11 59 291 143
v 11 60 767 280
v 11 61 179 76
v 11 62 587 217
v 11 63 402 185
v 11 64 650 293
v 11 65 70 26
v 11 66 27 15
v 11 67 728 297
v 11 68 831 338
v 11 69 447 215
v 11 70 645 277
v 11 71 1329 513
v 11 72 303 151
v 11 73 207 92
v 11 74 2064 821
v 11 75 781 331
v 11 76 1204 441
v 11 77 91 31
v 11 78 196 74
v 11 79 141 56
v 11 80 238 108
v 11 81 262 107
v 11 82 103 36
v 11 83 231 110
v 11 84 1202 490
v 11 85 1424 596
v 11 86 2229 976
v 11 87 796 346
v 11 88 954 383
v 11 89 74 35
v 11 90 448 196
v 11 91 431 178
v 11 92 135 42
v 11 93 1232 541
v 11 94 200 80
v 11 95 157 64
v 11 96 517 250
v 11 97 1125 475
v 11 98 459 218
v 11 99 359 156
v 11 100 552 256
v 11 101 940 399
v 11 102 208 90
v 11 103 74 27
v 11 104 1462 587
v 11 105 1171 471
v 11 106 689 301
v 11 107 384 156
v 11 108 539 237
v 11 109 731 380
v 11 110 554 219
v 11 111 606 257
v 11 112 641 251
v 11 113 472 189
v 11 114 398 187
v 11 119 592 263
v 11 120 325 161
v 11 121 715 288
v 11 123 937 415
v 11 126 398 157
v 11 128 1066 421
v 11 129 402 178
v 11 131 514 220
v 11 135 1012 398
v 11 136 637 283
v 11 137 375 140
v 11 138 211 96
v 11 145 361 188
v 11 155 147 82
v 12 13 326 169
v 12 14 2956 1506
v 12 15 582 334
v 12 16 387 189
v 12 17 596 328
v 12 18 2694 1263
v 12 19 784 445
v 12 20 1220 691
v 12 21 2026 1170
v 12 22 1266 698
v 12 23 510 270
v 12 25 1604 923
v 12 26 2897 1580
v 12 27 2185 1207
v 12 28 731 438
v 12 29 1703 857
v 12 30 1860 984
v 12 31 1372 721
v 12 32 447 207
v 12 33 418 230
v 12 34 555 310
v 12 35 1752 1022
v 12 36 1707 870
v 12 37 550 298
v 12 38 228 128
v 12 39 1063 629
v 12 40 680 388
v 12 41 726 377
v 12 42 1411 791
v 12 43 597 333
v 12 44 1069 569
v 12 45 401 194
v 12 46 515 296
v 12 47 626 371
v 12 48 2041 1061
v 12 49 1794 901
v 12 50 634 298
v 12 51 319 173
v 12 52 388 189
v 12 53 983 578
v 12 54 1707 910
v 12 55 574 289
v 12 56 387 230
v 12 57 241 120
v 12 58 204 109
v 12 59 342 198
v 12 60 1023 559
v 12 61 217 123
v 12 62 917 448
v 12 63 513 307
v 12 64 802 456
v 12 65 85 51
v 12 66 39 20
v 12 67 873 470
v 12 68 1038 615
v 12 69 686 361
v 12 70 698 378
v 12 71 1853 926
v 12 72 409 228
v 12 73 233 124
v 12 74 2532 1344
v 12 75 1069 643
v 12 76 1488 786
v 12 77 198 128
v 12 78 317 183
v 12 79 229 142
v 12 80 302 135
v 12 81 377 200
v 12 82 183 71
v 12 83 371 220
v 12 84 1694 977
v 12 85 1789 999
v 12 86 2831 1435
v 12 87 1145 591
v 12 88 1353 683
v 12 89 103 59
v 12 90 560 287
v 12 91 559 280
v 12 92 228 110
v 12 93 1511 815
v 12 94 493 255
v 12 95 181 98
v 12 96 620 320
v 12 97 1536 802
v 12 98 482 250
v 12 99 410 224
v 12 100 810 437
v 12 101 1215 633
v 12 102 265 137
v 12 103 91 50
v 12 104 1973 983
v 12 105 1562 824
v 12 106 1037 559
v 12 107 574 292
v 12 108 578 299
v 12 109 926 621
v 12 110 699 341
v 12 111 776 426
v 12 112 939 482
v 12 113 572 300
v 12 114 452 266
v 12 119 868 478
v 12 120 441 251
v 12 121 941 505
v 12 123 1443 836
v 12 126 504 261
v 12 128 1271 655
v 12 129 550 333
v 12 131 701 390
v 12 135 1300 647
v 12 136 871 455
v 12 137 500 272
v 12 138 201 110
v 12 145 441 257
v 12 155 194 98
v 13 14 824 398
v 13 15 181 81
v 13 16 85 35
v 13 17 188 95
v 13 18 348 148
v 13 19 237 126
v 13 20 332 155
v 13 21 564 285
v 13 22 328 151
v 13 23 140 64
v 13 25 508 232
v 13 26 615 280
v 13 27 456 213
v 13 28 181 90
v 13 29 497 240
v 13 30 479 231
v 13 31 359 160
v 13 32 127 45
v 13 33 124 48
v 13 34 149 69
v 13 35 410 197
v 13 36 407 203
v 13 37 146 68
v 13 38 49 18
v 13 39 425 218
v 13 40 156 77
v 13 41 243 127
v 13 42 307 128
v 13 43 158 84
v 13 44 263 131
v 13 45 121 51
v 13 46 120 58
v 13 47 180 70
v 13 48 358 166
v 13 49 381 153
v 13 50 184 88
v 13 51 96 44
v 13 52 67 30
v 13 53 316 155
v 13 54 451 199
v 13 55 195 94
v 13 56 101 42
v 13 57 71 42
v 13 58 58 27
v 13 59 89 45
v 13 60 209 77
v 13 61 44 23
v 13 62 230 111
v 13 63 132 69
v 13 64 238 107
v 13 65 29 16
v 13 66 8 3
v 13 67 258 98
v 13 68 323 175
v 13 69 201 96
v 13 70 228 104
v 13 71 618 258
v 13 72 111 51
v 13 73 57 22
v 13 74 819 390
v 13 75 224 109
v 13 76 378 166
v 13 77 38 19
v 13 78 107 56
v 13 79 64 27
v 13 80 91 50
v 13 81 75 35
v 13 82 43 16
v 13 83 85 52
v 13 84 383 192
v 13 85 446 197
v 13 86 765 342
v 13 87 295 128
v 13 88 279 121
v 13 89 19 8
v 13 90 123 48
v 13 91 117 57
v 13 92 33 15
v 13 93 468 224
v 13 94 68 31
v 13 95 61 31
v 13 96 187 105
v 13 97 441 201
v 13 98 154 88
v 13 99 113 65
v 13 100 226 112
v 13 101 264 121
v 13 102 86 38
v 13 103 22 8
v 13 104 447 185
v 13 105 416 202
v 13 106 252 120
v 13 107 138 54
v 13 108 168 88
v 13 109 225 120
v 13 110 181 83
v 13 111 247 97
v 13 112 270 120
v 13 113 125 55
v 13 114 124 57
v 13 119 244 113
v 13 120 121 53
v 13 121 214 94
v 13 123 354 170
v 13 126 196 97
v 13 128 381 184
v 13 129 155 69
v 13 131 184 89
v 13 135 355 154
v 13 136 202 110
v 13 137 135 59
v 13 138 57 24
v 13 145 129 60
v 13 155 66 30
v 14 15 1582 819
v 14 16 737 380
v 14 17 1472 770
v 14 18 3068 1405
v 14 19 1721 959
v 14 20 2562 1234
v 14 21 4682 2465
v 14 22 3089 1578
v 14 23 1176 573
v 14 25 4128 2227
v 14 26 6989 3600
v 14 27 4781 2368
v 14 28 1718 824
v 14 29 4927 2538
v 14 30 4643 2243
v 14 31 3541 1712
v 14 32 1069 534
v 14 33 971 467
v 14 34 1397 745
v 14 35 3685 1965
v 14 36 4178 2199
v 14 37 1563 801
v 14 38 460 226
v 14 39 2575 1339
v 14 40 1464 771
v 14 41 1716 910
v 14 42 3183 1366
v 14 43 1542 817
v 14 44 2265 1180
v 14 45 1009 517
v 14 46 1100 582
v 14 47 1607 836
v 14 48 3493 1767
v 14 49 3984 1953
v 14 50 1511 714
v 14 51 766 389
v 14 52 659 284
v 14 53 2256 1291
v 14 54 4879 2303
v 14 55 1565 777
v 14 56 885 434
v 14 57 512 249
v 14 58 568 302
v 14 59 796 444
v 14 60 2147 993
v 14 61 500 267
v 14 62 2173 1013
v 14 63 1181 604
v 14 64 2060 1105
v 14 65 184 95
v 14 66 108 52
v 14 67 2095 1050
v 14 68 2502 1218
v 14 69 1650 822
v 14 70 2209 1025
v 14 71 4384 2152
v 14 72 905 492
v 14 73 524 306
v 14 74 6034 2928
v 14 75 2252 1088
v 14 76 3942 1821
v 14 77 393 196
v 14 78 736 361
v 14 79 513 289
v 14 80 737 371
v 14 81 892 462
v 14 82 421 165
v 14 83 729 408
v 14 84 3800 1892
v 14 85 4638 2320
v 14 86 7122 3591
v 14 87 2798 1384
v 14 88 2894 1390
v 14 89 190 84
v 14 90 1357 655
v 14 91 1354 650
v 14 92 473 213
v 14 93 4334 2169
v 14 94 584 297
v 14 95 530 236
v 14 96 1695 902
v 14 97 3303 1627
v 14 98 1870 1005
v 14 99 1083 575
v 14 100 1649 848
v 14 101 3146 1577
v 14 102 756 360
v 14 103 222 92
v 14 104 4164 2072
v 14 105 3568 1768
v 14 106 2138 1091
v 14 107 1479 727
v 14 108 1695 928
v 14 109 2197 1205
v 14 110 1685 816
v 14 111 1846 932
v 14 112 2245 1111
v 14 113 1188 537
v 14 114 1364 721
v 14 119 2272 1195
v 14 120 1121 577
v 14 121 2298 1033
v 14 123 3413 1778
v 14 126 1322 642
v 14 128 2991 1506
v 14 129 1159 598
v 14 131 1693 832
v 14 135 3399 1542
v 14 136 1900 991
v 14 137 1145 559
v 14 138 509 270
v 14 145 1133 635
v 14 155 450 229
v 15 16 163 75
v 15 17 363 189
v 15 18 553 275
v 15 19 361 208
v 15 20 496 252
v 15 21 1034 549
v 15 22 721 371
v 15 23 239 117
v 15 25 828 446
v 15 26 1400 728
v 15 27 862 386
v 15 28 356 185
v 15 29 1033 546
v 15 30 810 381
v 15 31 628 312
v 15 32 264 117
v 15 33 152 69
v 15 34 206 104
v 15 35 952 460
v 15 36 949 469
v 15 37 275 127
v 15 38 83 46
v 15 39 641 317
v 15 40 314 153
v 15 41 442 214
v 15 42 686 292
v 15 43 317 153
v 15 44 486 244
v 15 45 214 95
v 15 46 203 112
v 15 47 383 186
v 15 48 632 321
v 15 49 793 346
v 15 50 227 111
v 15 51 153 86
v 15 52 117 56
v 15 53 532 256
v 15 54 967 481
v 15 55 256 119
v 15 56 213 108
v 15 57 96 49
v 15 58 112 60
v 15 59 169 108
v 15 60 472 216
v 15 61 66 27
v 15 62 431 197
v 15 63 270 134
v 15 64 479 250
v 15 65 34 19
v 15 66 19 11
v 15 67 487 215
v 15 68 503 254
v 15 69 349 184
v 15 70 350 196
v 15 71 961 466
v 15 72 197 102
v 15 73 119 62
v 15 74 1071 516
v 15 75 568 289
v 15 76 795 359
v 15 77 48 25
v 15 78 112 53
v 15 79 109 55
v 15 80 142 81
v 15 81 165 73
v 15 82 74 29
v 15 83 170 95
v 15 84 871 432
v 15 85 813 423
v 15 86 1426 753
v 15 87 542 259
v 15 88 712 328
v 15 89 36 13
v 15 90 205 91
v 15 91 166 85
v 15 92 75 35
v 15 93 805 413
v 15 94 108 54
v 15 95 94 45
v 15 96 343 192
v 15 97 668 316
v 15 98 253 121
v 15 99 194 80
v 15 100 344 178
v 15 101 599 319
v 15 102 170 89
v 15 103 48 20
v 15 104 1022 504
v 15 105 569 255
v 15 106 472 224
v 15 107 241 115
v 15 108 394 209
v 15 109 315 165
v 15 110 276 121
v 15 111 300 181
v 15 112 368 178
v 15 113 179 78
v 15 114 252 128
v 15 119 429 200
v 15 120 210 117
v 15 121 387 182
v 15 123 602 317
v 15 126 268 113
v 15 128 641 329
v 15 129 249 138
v 15 131 290 141
v 15 135 551 249
v 15 136 371 194
v 15 137 226 115
v 15 138 111 65
v 15 145 209 123
v 15 155 77 44
v 16 17 163 81
v 16 18 290 139
v 16 19 218 130
v 16 20 284 134
v 16 21 506 271
v 16 22 333 168
v 16 23 137 61
v 16 25 491 241
v 16 26 850 449
v 16 27 543 281
v 16 28 212 103
v 16 29 488 249
v 16 30 503 225
v 16 31 352 167
v 16 32 145 70
v 16 33 111 61
v 16 34 127 65
v 16 35 461 228
v 16 36 482 235
v 16 37 162 86
v 16 38 59 31
v 16 39 262 125
v 16 40 176 92
v 16 41 213 112
v 16 42 361 158
v 16 43 174 73
v 16 44 310 149
v 16 45 135 50
v 16 46 153 84
v 16 47 172 92
v 16 48 380 190
v 16 49 401 183
v 16 50 126 63
v 16 51 90 60
v 16 52 65 34
v 16 53 308 173
v 16 54 479 222
v 16 55 154 72
v 16 56 110 52
v 16 57 57 28
v 16 58 52 18
v 16 59 100 52
v 16 60 262 116
v 16 61 49 24
v 16 62 185 84
v 16 63 114 54
v 16 64 226 123
v 16 65 24 11
v 16 66 15 7
v 16 67 255 109
v 16 68 268 134
v 16 69 182 85
v 16 70 209 105
v 16 71 503 253
v 16 72 127 79
v 16 73 81 39
v 16 74 666 333
v 16 75 236 120
v 16 76 416 207
v 16 77 48 27
v 16 78 64 29
v 16 79 59 34
v 16 80 79 35
v 16 81 98 59
v 16 82 42 17
v 16 83 84 46
v 16 84 485 237
v 16 85 435 212
v 16 86 781 370
v 16 87 290 150
v 16 88 351 167
v 16 89 17 8
v 16 90 126 60
v 16 91 124 61
v 16 92 31 15
v 16 93 422 208
v 16 94 65 36
v 16 95 59 17
v 16 96 183 86
v 16 97 408 201
v 16 98 138 62
v 16 99 122 68
v 16 100 185 94
v 16 101 325 172
v 16 102 72 34
v 16 103 23 10
v 16 104 561 265
v 16 105 399 185
v 16 106 231 116
v 16 107 138 69
v 16 108 200 97
v 16 109 226 132
v 16 110 159 67
v 16 111 180 85
v 16 112 214 107
v 16 113 134 61
v 16 114 123 68
v 16 119 213 106
v 16 120 123 66
v 16 121 220 104
v 16 123 333 154
v 16 126 144 68
v 16 128 348 173
v 16 129 150 76
v 16 131 166 71
v 16 135 319 132
v 16 136 193 102
v 16 137 129 67
v 16 138 51 24
v 16 145 118 60
v 16 155 38 16
v 17 18 558 256
v 17 19 358 186
v 17 20 526 254
v 17 21 917 431
v 17 22 732 354
v 17 23 228 91
v 17 25 857 417
v 17 26 1178 564
v 17 27 744 326
v 17 28 317 156
v 17 29 830 414
v 17 30 863 375
v 17 31 612 277
v 17 32 187 78
v 17 33 213 102
v 17 34 380 180
v 17 35 1020 545
v 17 36 756 355
v 17 37 311 149
v 17 38 100 54
v 17 39 513 267
v 17 40 378 195
v 17 41 371 178
v 17 42 604 251
v 17 43 287 126
v 17 44 499 243
v 17 45 179 93
v 17 46 217 103
v 17 47 293 141
v 17 48 687 318
v 17 49 713 309
v 17 50 275 124
v 17 51 150 88
v 17 52 122 51
v 17 53 546 313
v 17 54 830 365
v 17 55 333 157
v 17 56 208 105
v 17 57 105 37
v 17 58 108 50
v 17 59 164 96
v 17 60 433 183
v 17 61 75 34
v 17 62 429 198
v 17 63 231 115
v 17 64 390 202
v 17 65 39 17
v 17 66 19 10
v 17 67 476 206
v 17 68 584 282
v 17 69 313 146
v 17 70 360 187
v 17 71 904 394
v 17 72 201 113
v 17 73 126 65
v 17 74 1221 580
v 17 75 344 155
v 17 76 681 291
v 17 77 66 30
v 17 78 149 74
v 17 79 134 77
v 17 80 156 81
v 17 81 139 63
v 17 82 68 24
v 17 83 138 62
v 17 84 752 335
v 17 85 835 372
v 17 86 1366 661
v 17 87 412 201
v 17 88 488 212
v 17 89 29 12
v 17 90 288 146
v 17 91 224 101
v 17 92 76 27
v 17 93 756 359
v 17 94 114 51
v 17 95 90 40
v 17 96 337 160
v 17 97 691 320
v 17 98 258 118
v 17 99 176 97
v 17 100 370 189
v 17 101 461 230
v 17 102 126 60
v 17 103 47 27
v 17 104 824 364
v 17 105 673 311
v 17 106 439 202
v 17 107 257 120
v 17 108 328 165
v 17 109 377 190
v 17 110 306 131
v 17 111 347 162
v 17 112 438 202
v 17 113 228 95
v 17 114 250 125
v 17 119 391 206
v 17 120 233 116
v 17 121 349 152
v 17 123 620 316
v 17 126 265 120
v 17 128 652 330
v 17 129 283 138
v 17 131 323 159
v 17 135 606 286
v 17 136 317 148
v 17 137 218 116
v 17 138 103 46
v 17 145 198 93
v 17 155 85 45
v 18 19 726 423
v 18 20 878 428
v 18 21 1747 945
v 18 22 1204 638
v 18 23 453 231
v 18 25 1597 883
v 18 26 2716 1450
v 18 27 1590 785
v 18 28 606 281
v 18 29 1506 839
v 18 30 1649 856
v 18 31 1219 615
v 18 32 430 216
v 18 33 381 199
v 18 34 469 246
v 18 35 1546 829
v 18 36 1529 827
v 18 37 565 311
v 18 38 195 111
v 18 39 1005 565
v 18 40 521 289
v 18 41 709 398
v 18 42 1162 538
v 18 43 580 323
v 18 44 879 457
v 18 45 375 181
v 18 46 470 250
v 18 47 617 327
v 18 48 1326 668
v 18 49 1457 709
v 18 50 490 241
v 18 51 317 181
v 18 52 223 127
v 18 53 904 549
v 18 54 1675 810
v 18 55 706 404
v 18 56 343 168
v 18 57 211 106
v 18 58 170 90
v 18 59 340 189
v 18 60 1007 498
v 18 61 253 138
v 18 62 727 352
v 18 63 404 204
v 18 64 733 398
v 18 65 74 43
v 18 66 55 32
v 18 67 756 368
v 18 68 954 487
v 18 69 632 324
v 18 70 798 390
v 18 71 1790 868
v 18 72 378 204
v 18 73 227 116
v 18 74 2107 1076
v 18 75 852 434
v 18 76 1433 675
v 18 77 170 85
v 18 78 313 156
v 18 79 190 102
v 18 80 250 125
v 18 81 477 259
v 18 82 206 109
v 18 83 256 143
v 18 84 1329 636
v 18 85 1449 781
v 18 86 2624 1346
v 18 87 1134 591
v 18 88 1326 670
v 18 89 105 56
v 18 90 429 217
v 18 91 474 235
v 18 92 188 79
v 18 93 1608 869
v 18 94 214 115
v 18 95 215 91
v 18 96 543 315
v 18 97 1241 658
v 18 98 509 263
v 18 99 352 191
v 18 100 665 350
v 18 101 1258 709
v 18 102 279 155
v 18 103 105 40
v 18 104 1853 922
v 18 105 1247 631
v 18 106 903 470
v 18 107 538 307
v 18 108 628 361
v 18 109 775 429
v 18 110 463 214
v 18 111 617 337
v 18 112 649 315
v 18 113 467 220
v 18 114 451 235
v 18 119 772 411
v 18 120 432 225
v 18 121 786 429
v 18 123 1210 693
v 18 126 528 302
v 18 128 1294 702
v 18 129 468 269
v 18 131 670 367
v 18 135 1224 624
v 18 136 716 406
v 18 137 489 283
v 18 138 222 118
v 18 145 400 240
v 18 155 187 103
v 19 20 705 286
v 19 21 1270 573
v 19 22 835 362
v 19 23 309 129
v 19 25 1047 472
v 19 26 1981 863
v 19 27 1183 473
v 19 28 430 185
v 19 29 1166 517
v 19 30 1108 467
v 19 31 805 315
v 19 32 286 112
v 19 33 305 126
v 19 34 377 143
v 19 35 1105 486
v 19 36 1103 457
v 19 37 348 148
v 19 38 142 69
v 19 39 624 282
v 19 40 383 157
v 19 41 485 232
v 19 42 699 270
v 19 43 375 164
v 19 44 655 279
v 19 45 274 112
v 19 46 325 137
v 19 47 414 175
v 19 48 922 380
v 19 49 1013 386
v 19 50 301 114
v 19 51 200 95
v 19 52 160 65
v 19 53 614 271
v 19 54 1260 477
v 19 55 370 160
v 19 56 242 106
v 19 57 135 60
v 19 58 139 63
v 19 59 216 107
v 19 60 623 259
v 19 61 133 61
v 19 62 490 185
v 19 63 288 136
v 19 64 501 248
v 19 65 52 29
v 19 66 24 8
v 19 67 587 231
v 19 68 659 282
v 19 69 428 195
v 19 70 547 244
v 19 71 1230 506
v 19 72 291 116
v 19 73 150 68
v 19 74 1629 669
v 19 75 579 247
v 19 76 960 387
v 19 77 107 45
v 19 78 167 73
v 19 79 126 60
v 19 80 188 83
v 19 81 216 89
v 19 82 100 41
v 19 83 195 97
v 19 84 937 419
v 19 85 959 404
v 19 86 1840 794
v 19 87 732 302
v 19 88 806 318
v 19 89 47 16
v 19 90 305 126
v 19 91 270 120
v 19 92 111 53
v 19 93 1061 477
v 19 94 142 66
v 19 95 124 54
v 19 96 396 164
v 19 97 954 449
v 19 98 448 198
v 19 99 274 137
v 19 100 502 219
v 19 101 771 354
v 19 102 182 82
v 19 103 55 16
v 19 104 1194 477
v 19 105 910 392
v 19 106 585 250
v 19 107 346 131
v 19 108 433 189
v 19 109 546 275
v 19 110 391 161
v 19 111 423 196
v 19 112 472 184
v 19 113 287 110
v 19 114 333 153
v 19 119 497 228
v 19 120 309 137
v 19 121 542 206
v 19 123 800 378
v 19 126 359 165
v 19 128 895 407
v 19 129 357 166
v 19 131 449 196
v 19 135 741 319
v 19 136 489 223
v 19 137 299 140
v 19 138 153 67
v 19 145 264 122
v 19 155 127 50
v 20 21 1594 842
v 20 22 1062 544
v 20 23 428 228
v 20 25 1433 815
v 20 26 2458 1334
v 20 27 1609 755
v 20 28 575 336
v 20 29 1506 753
v 20 30 1524 753
v 20 31 1099 545
v 20 32 385 190
v 20 33 350 155
v 20 34 410 235
v 20 35 1540 818
v 20 36 1425 716
v 20 37 475 255
v 20 38 146 74
v 20 39 864 493
v 20 40 470 227
v 20 41 622 338
v 20 42 1023 468
v 20 43 517 268
v 20 44 920 466
v 20 45 346 181
v 20 46 430 238
v 20 47 554 268
v 20 48 1151 592
v 20 49 1342 603
v 20 50 469 230
v 20 51 296 167
v 20 52 191 91
v 20 53 799 468
v 20 54 1356 628
v 20 55 476 244
v 20 56 321 190
v 20 57 184 87
v 20 58 159 86
v 20 59 260 164
v 20 60 756 382
v 20 61 159 75
v 20 62 605 310
v 20 63 378 205
v 20 64 698 368
v 20 65 73 36
v 20 66 38 22
v 20 67 823 376
v 20 68 922 470
v 20 69 539 290
v 20 70 609 320
v 20 71 1563 791
v 20 72 298 156
v 20 73 179 96
v 20 74 2010 1016
v 20 75 783 410
v 20 76 1183 600
v 20 77 109 58
v 20 78 198 96
v 20 79 171 107
v 20 80 248 143
v 20 81 262 125
v 20 82 119 54
v 20 83 266 151
v 20 84 1266 661
v 20 85 1332 678
v 20 86 2303 1141
v 20 87 969 489
v 20 88 1081 525
v 20 89 75 39
v 20 90 403 205
v 20 91 356 196
v 20 92 129 60
v 20 93 1392 724
v 20 94 191 99
v 20 95 166 87
v 20 96 527 287
v 20 97 1289 683
v 20 98 402 214
v 20 99 336 172
v 20 100 586 318
v 20 101 956 511
v 20 102 196 103
v 20 103 68 32
v 20 104 1506 756
v 20 105 1140 571
v 20 106 701 384
v 20 107 422 200
v 20 108 571 302
v 20 109 680 387
v 20 110 510 245
v 20 111 610 338
v 20 112 642 312
v 20 113 405 179
v 20 114 414 222
v 20 119 646 328
v 20 120 363 200
v 20 121 675 337
v 20 123 1043 589
v 20 126 442 217
v 20 128 1050 511
v 20 129 464 239
v 20 131 488 261
v 20 135 1069 514
v 20 136 607 326
v 20 137 361 200
v 20 138 189 111
v 20 145 338 195
v 20 155 134 77
v 21 22 2202 1037
v 21 23 785 374
v 21 25 2876 1531
v 21 26 4599 2218
v 21 27 3020 1375
v 21 28 1023 509
v 21 29 2863 1394
v 21 30 2704 1253
v 21 31 2030 889
v 21 32 807 345
v 21 33 687 294
v 21 34 852 424
v 21 35 2998 1463
v 21 36 2749 1299
v 21 37 842 419
v 21 38 300 152
v 21 39 1780 876
v 21 40 974 485
v 21 41 1322 635
v 21 42 1917 875
v 21 43 968 528
v 21 44 1643 750
v 21 45 692 323
v 21 46 759 392
v 21 47 1138 594
v 21 48 2374 1097
v 21 49 2536 1120
v 21 50 820 372
v 21 51 545 270
v 21 52 397 199
v 21 53 1571 836
v 21 54 2586 1165
v 21 55 967 489
v 21 56 581 282
v 21 57 309 146
v 21 58 379 204
v 21 59 524 272
v 21 60 1414 641
v 21 61 290 137
v 21 62 1291 582
v 21 63 720 373
v 21 64 1268 676
v 21 65 90 44
v 21 66 40 16
v 21 67 1481 654
v 21 68 1591 798
v 21 69 1077 532
v 21 70 1118 541
v 21 71 3050 1356
v 21 72 644 353
v 21 73 397 218
v 21 74 3726 1741
v 21 75 1566 794
v 21 76 2399 1027
v 21 77 192 85
v 21 78 444 202
v 21 79 356 182
v 21 80 458 224
v 21 81 493 247
v 21 82 231 95
v 21 83 526 300
v 21 84 2476 1136
v 21 85 2607 1342
v 21 86 4478 2150
v 21 87 1768 847
v 21 88 2084 903
v 21 89 121 69
v 21 90 747 369
v 21 91 700 332
v 21 92 239 97
v 21 93 2548 1262
v 21 94 328 157
v 21 95 327 150
v 21 96 1226 607
v 21 97 2251 1120
v 21 98 752 396
v 21 99 600 304
v 21 100 1135 559
v 21 101 1890 938
v 21 102 435 206
v 21 103 146 62
v 21 104 2898 1293
v 21 105 2190 1001
v 21 106 1416 660
v 21 107 870 406
v 21 108 1062 552
v 21 109 1188 626
v 21 110 1052 470
v 21 111 1044 491
v 21 112 1212 585
v 21 113 712 307
v 21 114 745 394
v 21 119 1288 603
v 21 120 759 398
v 21 121 1322 593
v 21 123 1996 1070
v 21 126 868 405
v 21 128 2031 996
v 21 129 802 367
v 21 131 928 475
v 21 135 1932 893
v 21 136 1271 649
v 21 137 740 363
v 21 138 419 236
v 21 145 646 337
v 21 155 279 150
v 22 23 535 260
v 22 25 1937 1000
v 22 26 3232 1629
v 22 27 2065 1009
v 22 28 732 396
v 22 29 1934 969
v 22 30 1864 861
v 22 31 1385 642
v 22 32 530 275
v 22 33 439 204
v 22 34 557 269
v 22 35 2135 1131
v 22 36 1753 859
v 22 37 625 305
v 22 38 181 82
v 22 39 1218 652
v 22 40 745 400
v 22 41 850 413
v 22 42 1401 609
v 22 43 643 327
v 22 44 1175 556
v 22 45 482 228
v 22 46 528 268
v 22 47 785 372
v 22 48 1391 700
v 22 49 1643 774
v 22 50 549 247
v 22 51 357 183
v 22 52 240 113
v 22 53 1085 636
v 22 54 1863 817
v 22 55 605 301
v 22 56 395 206
v 22 57 223 93
v 22 58 213 97
v 22 59 372 202
v 22 60 1058 496
v 22 61 223 107
v 22 62 1000 451
v 22 63 460 247
v 22 64 904 461
v 22 65 75 33
v 22 66 37 20
v 22 67 1151 542
v 22 68 1074 537
v 22 69 722 376
v 22 70 786 416
v 22 71 2068 952
v 22 72 448 240
v 22 73 222 122
v 22 74 2610 1257
v 22 75 1142 552
v 22 76 1614 738
v 22 77 175 90
v 22 78 282 141
v 22 79 214 109
v 22 80 332 171
v 22 81 390 188
v 22 82 195 82
v 22 83 362 198
v 22 84 1787 882
v 22 85 1660 830
v 22 86 3034 1541
v 22 87 1249 604
v 22 88 1417 668
v 22 89 90 46
v 22 90 488 248
v 22 91 437 203
v 22 92 172 73
v 22 93 1626 843
v 22 94 255 111
v 22 95 224 112
v 22 96 699 340
v 22 97 1459 728
v 22 98 522 289
v 22 99 434 223
v 22 100 758 373
v 22 101 1347 669
v 22 102 288 130
v 22 103 76 37
v 22 104 1990 959
v 22 105 1472 739
v 22 106 955 473
v 22 107 558 249
v 22 108 735 402
v 22 109 789 452
v 22 110 685 334
v 22 111 672 324
v 22 112 791 388
v 22 113 455 203
v 22 114 507 271
v 22 119 853 414
v 22 120 456 233
v 22 121 859 413
v 22 123 1343 751
v 22 126 618 289
v 22 128 1398 714
v 22 129 544 272
v 22 131 655 340
v 22 135 1304 596
v 22 136 751 375
v 22 137 490 266
v 22 138 237 134
v 22 145 474 268
v 22 155 170 82
v 23 25 710 383
v 23 26 1250 655
v 23 27 800 423
v 23 28 319 166
v 23 29 740 390
v 23 30 742 366
v 23 31 536 245
v 23 32 198 94
v 23 33 174 81
v 23 34 213 111
v 23 35 775 383
v 23 36 786 379
v 23 37 233 117
v 23 38 82 49
v 23 39 428 221
v 23 40 237 110
v 23 41 369 189
v 23 42 543 269
v 23 43 242 123
v 23 44 450 233
v 23 45 191 96
v 23 46 232 133
v 23 47 243 114
v 23 48 584 288
v 23 49 621 285
v 23 50 208 92
v 23 51 128 79
v 23 52 88 48
v 23 53 393 236
v 23 54 763 335
v 23 55 220 110
v 23 56 160 73
v 23 57 84 39
v 23 58 102 62
v 23 59 136 70
v 23 60 379 179
v 23 61 71 39
v 23 62 291 136
v 23 63 199 112
v 23 64 351 184
v 23 65 33 15
v 23 66 11 3
v 23 67 391 191
v 23 68 410 192
v 23 69 267 131
v 23 70 355 176
v 23 71 814 349
v 23 72 177 93
v 23 73 105 64
v 23 74 1076 532
v 23 75 420 235
v 23 76 618 262
v 23 77 51 30
v 23 78 95 47
v 23 79 87 51
v 23 80 101 54
v 23 81 132 71
v 23 82 61 33
v 23 83 125 72
v 23 84 677 339
v 23 85 633 319
v 23 86 1115 553
v 23 87 528 269
v 23 88 551 268
v 23 89 25 12
v 23 90 176 78
v 23 91 173 101
v 23 92 78 40
v 23 93 735 372
v 23 94 93 44
v 23 95 99 45
v 23 96 263 130
v 23 97 629 313
v 23 98 236 112
v 23 99 168 85
v 23 100 351 182
v 23 101 491 263
v 23 102 122 60
v 23 103 38 17
v 23 104 832 398
v 23 105 548 265
v 23 106 338 162
v 23 107 215 105
v 23 108 287 140
v 23 109 359 216
v 23 110 241 106
v 23 111 255 112
v 23 112 312 160
v 23 113 167 83
v 23 114 225 129
v 23 119 277 139
v 23 120 184 103
v 23 121 324 134
v 23 123 464 232
v 23 126 217 94
v 23 128 535 268
v 23 129 264 143
v 23 131 272 124
v 23 135 518 252
v 23 136 301 152
v 23 137 167 91
v 23 138 87 47
v 23 145 179 105
v 23 155 88 51
v 25 26 3992 1874
v 25 27 2567 1226
v 25 28 874 433
v 25 29 2475 1172
v 25 30 2509 1115
v 25 31 1791 787
v 25 32 608 274
v 25 33 590 240
v 25 34 766 363
v 25 35 2867 1322
v 25 36 2520 1214
v 25 37 777 380
v 25 38 250 119
v 25 39 1489 745
v 25 40 837 401
v 25 41 1104 518
v 25 42 1714 738
v 25 43 977 515
v 25 44 1492 682
v 25 45 643 281
v 25 46 774 391
v 25 47 1010 497
v 25 48 2081 956
v 25 49 2241 958
v 25 50 755 304
v 25 51 402 209
v 25 52 329 147
v 25 53 1301 702
v 25 54 2277 971
v 25 55 764 366
v 25 56 517 222
v 25 57 291 116
v 25 58 292 127
v 25 59 442 231
v 25 60 1290 566
v 25 61 258 128
v 25 62 1018 452
v 25 63 626 305
v 25 64 1134 562
v 25 65 100 42
v 25 66 52 30
v 25 67 1297 584
v 25 68 1403 652
v 25 69 880 482
v 25 70 1072 492
v 25 71 2296 995
v 25 72 570 281
v 25 73 341 173
v 25 74 3540 1528
v 25 75 1307 617
v 25 76 2412 1016
v 25 77 214 104
v 25 78 338 165
v 25 79 294 154
v 25 80 367 187
v 25 81 489 218
v 25 82 165 67
v 25 83 440 220
v 25 84 2176 1017
v 25 85 2380 1162
v 25 86 3819 1845
v 25 87 1504 707
v 25 88 1699 767
v 25 89 105 50
v 25 90 722 358
v 25 91 620 293
v 25 92 247 108
v 25 93 2040 996
v 25 94 332 154
v 25 95 275 120
v 25 96 882 439
v 25 97 1954 922
v 25 98 673 339
v 25 99 550 279
v 25 100 929 444
v 25 101 1637 760
v 25 102 397 190
v 25 103 106 41
v 25 104 2419 1081
v 25 105 2089 1022
v 25 106 1158 580
v 25 107 726 339
v 25 108 948 473
v 25 109 1084 568
v 25 110 983 467
v 25 111 888 425
v 25 112 1101 501
v 25 113 703 291
v 25 114 645 342
v 25 119 1137 552
v 25 120 624 320
v 25 121 1191 539
v 25 123 1670 870
v 25 126 771 338
v 25 128 1776 834
v 25 129 732 344
v 25 131 818 390
v 25 135 1729 791
v 25 136 1038 497
v 25 137 648 330
v 25 138 301 164
v 25 145 555 290
v 25 155 255 135
v 26 27 4612 2170
v 26 28 1531 751
v 26 29 4247 2061
v 26 30 4241 2027
v 26 31 3103 1422
v 26 32 1137 496
v 26 33 924 458
v 26 34 1259 607
v 26 35 4413 2159
v 26 36 3459 1683
v 26 37 1376 686
v 26 38 403 213
v 26 39 2255 1183
v 26 40 1450 722
v 26 41 1708 885
v 26 42 2784 1198
v 26 43 1342 670
v 26 44 2577 1205
v 26 45 1050 500
v 26 46 1342 671
v 26 47 1519 744
v 26 48 3278 1572
v 26 49 3632 1614
v 26 50 1353 599
v 26 51 790 406
v 26 52 566 281
v 26 53 2459 1384
v 26 54 4104 1881
v 26 55 1254 603
v 26 56 799 379
v 26 57 541 241
v 26 58 472 221
v 26 59 812 451
v 26 60 2238 1023
v 26 61 466 251
v 26 62 1779 832
v 26 63 1094 584
v 26 64 1932 1000
v 26 65 177 83
v 26 66 91 44
v 26 67 2247 939
v 26 68 2371 1121
v 26 69 1318 657
v 26 70 1832 886
v 26 71 4515 2110
v 26 72 987 520
v 26 73 570 298
v 26 74 5872 2819
v 26 75 2380 1157
v 26 76 3323 1410
v 26 77 341 168
v 26 78 558 273
v 26 79 504 246
v 26 80 685 339
v 26 81 765 346
v 26 82 357 156
v 26 83 780 398
v 26 84 3823 1800
v 26 85 3912 1958
v 26 86 7049 3294
v 26 87 2599 1249
v 26 88 3023 1423
v 26 89 188 98
v 26 90 1207 585
v 26 91 1078 533
v 26 92 393 159
v 26 93 3606 1793
v 26 94 428 209
v 26 95 425 187
v 26 96 1542 750
v 26 97 3444 1720
v 26 98 1042 581
v 26 99 879 450
v 26 100 1842 917
v 26 101 2776 1380
v 26 102 662 309
v 26 103 236 115
v 26 104 4336 2141
v 26 105 3431 1661
v 26 106 1930 887
v 26 107 1282 639
v 26 108 1525 757
v 26 109 1762 969
v 26 110 1444 637
v 26 111 1628 792
v 26 112 1872 865
v 26 113 1085 469
v 26 114 1179 598
v 26 119 1887 945
v 26 120 1078 548
v 26 121 1994 943
v 26 123 3079 1601
v 26 126 1233 631
v 26 128 3190 1598
v 26 129 1359 669
v 26 131 1517 752
v 26 135 2890 1292
v 26 136 1741 861
v 26 137 997 514
v 26 138 527 279
v 26 145 913 517
v 26 155 415 210
v 27 28 895 499
v 27 29 2894 1498
v 27 30 2894 1430
v 27 31 2014 976
v 27 32 699 358
v 27 33 646 300
v 27 34 760 422
v 27 35 2857 1445
v 27 36 2684 1361
v 27 37 919 458
v 27 38 288 152
v 27 39 1537 871
v 27 40 910 493
v 27 41 1024 584
v 27 42 2056 949
v 27 43 972 509
v 27 44 1571 803
v 27 45 610 279
v 27 46 698 410
v 27 47 965 493
v 27 48 2156 1034
v 27 49 2281 1081
v 27 50 878 434
v 27 51 479 251
v 27 52 360 174
v 27 53 1639 954
v 27 54 2699 1305
v 27 55 853 389
v 27 56 535 273
v 27 57 330 152
v 27 58 280 149
v 27 59 525 291
v 27 60 1358 633
v 27 61 266 138
v 27 62 1085 534
v 27 63 650 361
v 27 64 1346 712
v 27 65 125 74
v 27 66 65 40
v 27 67 1644 781
v 27 68 1624 835
v 27 69 876 440
v 27 70 1130 634
v 27 71 2847 1372
v 27 72 589 335
v 27 73 366 198
v 27 74 3764 1850
v 27 75 1620 779
v 27 76 2074 1020
v 27 77 211 109
v 27 78 401 207
v 27 79 315 175
v 27 80 446 227
v 27 81 524 260
v 27 82 265 118
v 27 83 499 276
v 27 84 2625 1332
v 27 85 2546 1349
v 27 86 4547 2371
v 27 87 1718 850
v 27 88 1802 906
v 27 89 143 75
v 27 90 734 370
v 27 91 655 344
v 27 92 226 101
v 27 93 2395 1258
v 27 94 364 172
v 27 95 279 138
v 27 96 972 548
v 27 97 2124 1117
v 27 98 704 383
v 27 99 660 371
v 27 100 1138 608
v 27 101 1814 959
v 27 102 487 242
v 27 103 131 63
v 27 104 2698 1331
v 27 105 2192 1168
v 27 106 1256 665
v 27 107 816 426
v 27 108 1017 556
v 27 109 1280 700
v 27 110 944 487
v 27 111 982 519
v 27 112 1199 624
v 27 113 683 333
v 27 114 784 419
v 27 119 1236 630
v 27 120 720 398
v 27 121 1297 636
v 27 123 1939 1043
v 27 126 803 399
v 27 128 1961 1009
v 27 129 823 423
v 27 131 981 506
v 27 135 1978 956
v 27 136 1097 558
v 27 137 648 367
v 27 138 377 196
v 27 145 563 349
v 27 155 267 144
v 28 29 1103 533
v 28 30 917 423
v 28 31 655 306
v 28 32 349 151
v 28 33 213 102
v 28 34 286 146
v 28 35 922 458
v 28 36 868 416
v 28 37 332 176
v 28 38 86 34
v 28 39 544 294
v 28 40 311 146
v 28 41 373 200
v 28 42 676 297
v 28 43 298 130
v 28 44 576 273
v 28 45 217 102
v 28 46 243 135
v 28 47 342 176
v 28 48 775 347
v 28 49 879 374
v 28 50 251 109
v 28 51 178 89
v 28 52 117 48
v 28 53 522 295
v 28 54 868 432
v 28 55 309 150
v 28 56 206 105
v 28 57 137 62
v 28 58 80 32
v 28 59 165 89
v 28 60 536 266
v 28 61 92 40
v 28 62 694 306
v 28 63 297 158
v 28 64 449 238
v 28 65 26 16
v 28 66 31 15
v 28 67 483 238
v 28 68 579 275
v 28 69 333 152
v 28 70 378 183
v 28 71 964 431
v 28 72 192 97
v 28 73 118 59
v 28 74 1299 630
v 28 75 542 257
v 28 76 772 350
v 28 77 79 39
v 28 78 121 61
v 28 79 93 53
v 28 80 168 83
v 28 81 177 77
v 28 82 82 35
v 28 83 204 110
v 28 84 797 379
v 28 85 858 460
v 28 86 1525 767
v 28 87 575 269
v 28 88 806 381
v 28 89 53 22
v 28 90 253 136
v 28 91 232 115
v 28 92 88 37
v 28 93 882 427
v 28 94 146 66
v 28 95 117 49
v 28 96 395 196
v 28 97 775 355
v 28 98 284 162
v 28 99 242 124
v 28 100 389 202
v 28 101 618 301
v 28 102 141 61
v 28 103 62 32
v 28 104 989 457
v 28 105 694 315
v 28 106 493 226
v 28 107 303 144
v 28 108 394 198
v 28 109 465 240
v 28 110 292 128
v 28 111 341 167
v 28 112 336 148
v 28 113 211 93
v 28 114 258 130
v 28 119 368 182
v 28 120 237 133
v 28 121 436 200
v 28 123 629 308
v 28 126 273 143
v 28 128 694 355
v 28 129 288 136
v 28 131 342 172
v 28 135 701 312
v 28 136 376 200
v 28 137 238 114
v 28 138 123 58
v 28 145 215 105
v 28 155 92 49
v 29 30 2515 1151
v 29 31 1969 859
v 29 32 620 263
v 29 33 676 303
v 29 34 813 383
v 29 35 2670 1315
v 29 36 2684 1252
v 29 37 847 449
v 29 38 252 126
v 29 39 1492 793
v 29 40 924 458
v 29 41 921 470
v 29 42 1893 915
v 29 43 936 455
v 29 44 1489 742
v 29 45 600 262
v 29 46 693 379
v 29 47 1172 530
v 29 48 2030 1015
v 29 49 2450 1109
v 29 50 829 371
v 29 51 466 222
v 29 52 342 138
v 29 53 1378 742
v 29 54 2658 1089
v 29 55 942 428
v 29 56 562 270
v 29 57 304 135
v 29 58 304 151
v 29 59 537 277
v 29 60 1541 687
v 29 61 302 165
v 29 62 1177 566
v 29 63 653 307
v 29 64 1131 574
v 29 65 134 67
v 29 66 53 22
v 29 67 1371 667
v 29 68 1476 721
v 29 69 1015 513
v 29 70 1443 685
v 29 71 2843 1311
v 29 72 523 270
v 29 73 358 173
v 29 74 3305 1531
v 29 75 1525 794
v 29 76 2279 971
v 29 77 237 121
v 29 78 461 213
v 29 79 291 140
v 29 80 419 186
v 29 81 453 239
v 29 82 211 96
v 29 83 449 232
v 29 84 2354 1145
v 29 85 2430 1171
v 29 86 3950 1915
v 29 87 1601 752
v 29 88 2039 914
v 29 89 90 50
v 29 90 662 336
v 29 91 642 279
v 29 92 227 100
v 29 93 3144 1431
v 29 94 305 151
v 29 95 261 121
v 29 96 1030 521
v 29 97 2239 1094
v 29 98 991 503
v 29 99 695 359
v 29 100 1078 530
v 29 101 1841 924
v 29 102 418 177
v 29 103 122 53
v 29 104 3008 1403
v 29 105 2095 1005
v 29 106 1198 613
v 29 107 818 406
v 29 108 1013 514
v 29 109 1127 633
v 29 110 910 413
v 29 111 1009 492
v 29 112 1212 590
v 29 113 708 331
v 29 114 711 359
v 29 119 1207 580
v 29 120 666 335
v 29 121 1270 525
v 29 123 1873 927
v 29 126 736 358
v 29 128 1823 893
v 29 129 805 396
v 29 131 989 488
v 29 135 2028 931
v 29 136 1120 571
v 29 137 821 385
v 29 138 362 169
v 29 145 551 309
v 29 155 252 117
v 30 31 1973 975
v 30 32 688 331
v 30 33 646 300
v 30 34 701 365
v 30 35 2633 1342
v 30 36 2419 1263
v 30 37 845 450
v 30 38 267 135
v 30 39 1356 768
v 30 40 885 468
v 30 41 1126 587
v 30 42 1779 857
v 30 43 902 494
v 30 44 1579 837
v 30 45 687 338
v 30 46 748 394
v 30 47 914 499
v 30 48 2008 1004
v 30 49 1997 1015
v 30 50 889 404
v 30 51 445 246
v 30 52 349 168
v 30 53 1348 766
v 30 54 2254 1136
v 30 55 792 418
v 30 56 547 257
v 30 57 345 191
v 30 58 292 171
v 30 59 425 231
v 30 60 1462 738
v 30 61 290 148
v 30 62 1091 521
v 30 63 672 364
v 30 64 1231 669
v 30 65 113 67
v 30 66 47 23
v 30 67 1256 611
v 30 68 1548 738
v 30 69 816 464
v 30 70 1101 548
v 30 71 2620 1319
v 30 72 490 272
v 30 73 325 178
v 30 74 3521 1759
v 30 75 1517 768
v 30 76 2084 981
v 30 77 201 109
v 30 78 377 171
v 30 79 267 153
v 30 80 407 223
v 30 81 428 215
v 30 82 210 88
v 30 83 485 276
v 30 84 2390 1250
v 30 85 2446 1281
v 30 86 4024 2116
v 30 87 1610 807
v 30 88 1713 815
v 30 89 118 67
v 30 90 703 366
v 30 91 649 331
v 30 92 235 103
v 30 93 2198 1172
v 30 94 410 201
v 30 95 296 139
v 30 96 855 496
v 30 97 2041 1053
v 30 98 572 297
v 30 99 632 338
v 30 100 986 535
v 30 101 1718 859
v 30 102 422 223
v 30 103 125 48
v 30 104 2766 1356
v 30 105 2092 1071
v 30 106 1180 634
v 30 107 781 409
v 30 108 865 450
v 30 109 1117 641
v 30 110 914 455
v 30 111 1086 593
v 30 112 1210 620
v 30 113 692 342
v 30 114 720 410
v 30 119 1108 592
v 30 120 602 321
v 30 121 1302 654
v 30 123 1914 1009
v 30 126 720 382
v 30 128 1780 948
v 30 129 779 410
v 30 131 922 474
v 30 135 1854 907
v 30 136 1090 600
v 30 137 674 379
v 30 138 345 172
v 30 145 633 345
v 30 155 240 131
v 31 32 429 217
v 31 33 424 202
v 31 34 565 297
v 31 35 1851 990
v 31 36 1635 859
v 31 37 619 336
v 31 38 181 82
v 31 39 1043 572
v 31 40 621 329
v 31 41 730 391
v 31 42 1289 617
v 31 43 638 349
v 31 44 1088 550
v 31 45 439 200
v 31 46 535 305
v 31 47 671 349
v 31 48 1533 782
v 31 49 1593 787
v 31 50 598 284
v 31 51 310 168
v 31 52 260 116
v 31 53 922 531
v 31 54 1757 866
v 31 55 611 327
v 31 56 405 197
v 31 57 210 112
v 31 58 211 114
v 31 59 338 210
v 31 60 1058 520
v 31 61 207 99
v 31 62 781 369
v 31 63 440 225
v 31 64 913 506
v 31 65 77 38
v 31 66 38 25
v 31 67 955 474
v 31 68 1055 528
v 31 69 670 351
v 31 70 720 369
v 31 71 1953 1043
v 31 72 364 197
v 31 73 218 117
v 31 74 2548 1272
v 31 75 1006 529
v 31 76 1663 774
v 31 77 157 79
v 31 78 287 135
v 31 79 214 111
v 31 80 305 165
v 31 81 269 148
v 31 82 137 61
v 31 83 337 197
v 31 84 1698 861
v 31 85 1752 939
v 31 86 2967 1520
v 31 87 1172 611
v 31 88 1306 660
v 31 89 74 38
v 31 90 514 269
v 31 91 480 256
v 31 92 170 76
v 31 93 1661 887
v 31 94 210 109
v 31 95 241 125
v 31 96 655 354
v 31 97 1476 801
v 31 98 491 258
v 31 99 430 213
v 31 100 744 406
v 31 101 1254 655
v 31 102 268 151
v 31 103 86 39
v 31 104 1827 959
v 31 105 1564 814
v 31 106 898 446
v 31 107 570 289
v 31 108 697 405
v 31 109 750 457
v 31 110 676 316
v 31 111 777 388
v 31 112 876 445
v 31 113 495 232
v 31 114 476 266
v 31 119 902 459
v 31 120 432 234
v 31 121 903 435
v 31 123 1369 751
v 31 126 543 286
v 31 128 1409 744
v 31 129 531 300
v 31 131 679 351
v 31 135 1294 625
v 31 136 723 423
v 31 137 496 263
v 31 138 224 123
v 31 145 409 211
v 31 155 202 108
v 32 33 155 87
v 32 34 205 101
v 32 35 704 394
v 32 36 618 314
v 32 37 219 120
v 32 38 52 30
v 32 39 448 265
v 32 40 247 138
v 32 41 305 178
v 32 42 557 266
v 32 43 239 129
v 32 44 418 208
v 32 45 168 86
v 32 46 191 119
v 32 47 239 149
v 32 48 521 267
v 32 49 619 310
v 32 50 213 116
v 32 51 108 69
v 32 52 107 55
v 32 53 376 235
v 32 54 648 325
v 32 55 231 120
v 32 56 151 91
v 32 57 74 35
v 32 58 78 55
v 32 59 129 74
v 32 60 354 179
v 32 61 61 29
v 32 62 284 143
v 32 63 178 105
v 32 64 303 160
v 32 65 21 13
v 32 66 19 9
v 32 67 389 189
v 32 68 411 221
v 32 69 250 125
v 32 70 281 157
v 32 71 724 368
v 32 72 132 75
v 32 73 89 50
v 32 74 970 544
v 32 75 415 209
v 32 76 562 284
v 32 77 46 25
v 32 78 100 48
v 32 79 104 63
v 32 80 115 61
v 32 81 109 59
v 32 82 52 25
v 32 83 120 78
v 32 84 573 300
v 32 85 535 299
v 32 86 1103 566
v 32 87 424 213
v 32 88 571 307
v 32 89 27 11
v 32 90 189 108
v 32 91 148 70
v 32 92 58 32
v 32 93 678 378
v 32 94 81 47
v 32 95 71 29
v 32 96 243 126
v 32 97 495 254
v 32 98 156 87
v 32 99 141 73
v 32 100 235 136
v 32 101 518 299
v 32 102 114 70
v 32 103 33 19
v 32 104 744 405
v 32 105 466 223
v 32 106 296 165
v 32 107 206 104
v 32 108 248 123
v 32 109 261 143
v 32 110 231 116
v 32 111 277 156
v 32 112 268 142
v 32 113 165 81
v 32 114 184 108
v 32 119 314 172
v 32 120 135 74
v 32 121 286 151
v 32 123 438 243
v 32 126 185 97
v 32 128 445 241
v 32 129 209 108
v 32 131 201 108
v 32 135 447 224
v 32 136 226 123
v 32 137 156 85
v 32 138 91 47
v 32 145 149 97
v 32 155 65 36
v 33 34 195 100
v 33 35 519 252
v 33 36 516 274
v 33 37 172 89
v 33 38 78 44
v 33 39 296 173
v 33 40 178 101
v 33 41 265 145
v 33 42 426 177
v 33 43 187 112
v 33 44 334 163
v 33 45 152 80
v 33 46 195 107
v 33 47 158 74
v 33 48 535 285
v 33 49 538 302
v 33 50 227 109
v 33 51 98 49
v 33 52 94 51
v 33 53 321 182
v 33 54 442 239
v 33 55 213 113
v 33 56 124 63
v 33 57 85 40
v 33 58 72 35
v 33 59 104 59
v 33 60 306 159
v 33 61 65 37
v 33 62 248 138
v 33 63 145 86
v 33 64 249 125
v 33 65 26 14
v 33 66 24 19
v 33 67 332 150
v 33 68 326 180
v 33 69 246 137
v 33 70 229 120
v 33 71 607 302
v 33 72 285 161
v 33 73 82 46
v 33 74 815 415
v 33 75 469 250
v 33 76 504 247
v 33 77 52 30
v 33 78 108 55
v 33 79 90 51
v 33 80 101 56
v 33 81 99 52
v 33 82 50 28
v 33 83 97 46
v 33 84 540 287
v 33 85 607 313
v 33 86 806 387
v 33 87 365 193
v 33 88 375 193
v 33 89 35 18
v 33 90 196 100
v 33 91 190 97
v 33 92 63 35
v 33 93 436 238
v 33 94 94 44
v 33 95 64 29
v 33 96 210 112
v 33 97 483 268
v 33 98 164 80
v 33 99 141 69
v 33 100 255 139
v 33 101 386 195
v 33 102 71 34
v 33 103 29 13
v 33 104 636 299
v 33 105 561 318
v 33 106 275 141
v 33 107 179 93
v 33 108 181 106
v 33 109 259 141
v 33 110 217 101
v 33 111 287 150
v 33 112 253 128
v 33 113 168 83
v 33 114 150 93
v 33 119 307 181
v 33 120 190 108
v 33 121 287 145
v 33 123 458 245
v 33 126 183 106
v 33 128 410 223
v 33 129 170 105
v 33 131 265 139
v 33 135 549 253
v 33 136 271 149
v 33 137 159 94
v 33 138 56 26
v 33 145 175 103
v 33 155 63 36
v 34 35 778 384
v 34 36 633 337
v 34 37 246 115
v 34 38 96 50
v 34 39 424 224
v 34 40 262 141
v 34 41 328 157
v 34 42 481 196
v 34 43 267 131
v 34 44 443 203
v 34 45 184 84
v 34 46 239 141
v 34 47 247 118
v 34 48 680 344
v 34 49 693 327
v 34 50 288 141
v 34 51 142 61
v 34 52 125 49
v 34 53 421 226
v 34 54 709 323
v 34 55 245 127
v 34 56 182 75
v 34 57 101 42
v 34 58 95 48
v 34 59 166 86
v 34 60 439 215
v 34 61 108 48
v 34 62 354 178
v 34 63 214 117
v 34 64 329 169
v 34 65 37 20
v 34 66 32 21
v 34 67 528 272
v 34 68 424 203
v 34 69 264 128
v 34 70 332 158
v 34 71 754 329
v 34 72 158 82
v 34 73 107 54
v 34 74 1249 569
v 34 75 375 177
v 34 76 683 328
v 34 77 85 42
v 34 78 126 60
v 34 79 107 66
v 34 80 150 74
v 34 81 162 75
v 34 82 74 36
v 34 83 140 75
v 34 84 673 323
v 34 85 769 375
v 34 86 1263 613
v 34 87 418 201
v 34 88 488 207
v 34 89 49 22
v 34 90 255 128
v 34 91 258 114
v 34 92 92 45
v 34 93 669 329
v 34 94 97 51
v 34 95 64 33
v 34 96 268 145
v 34 97 659 326
v 34 98 249 142
v 34 99 198 102
v 34 100 338 171
v 34 101 478 245
v 34 102 128 63
v 34 103 50 21
v 34 104 822 404
v 34 105 725 361
v 34 106 387 195
v 34 107 258 111
v 34 108 268 144
v 34 109 380 221
v 34 110 295 151
v 34 111 400 181
v 34 112 383 197
v 34 113 264 118
v 34 114 201 97
v 34 119 376 182
v 34 120 202 98
v 34 121 394 183
v 34 123 603 299
v 34 126 249 136
v 34 128 596 314
v 34 129 254 125
v 34 131 319 161
v 34 135 543 251
v 34 136 354 177
v 34 137 230 122
v 34 138 124 64
v 34 145 198 108
v 34 155 98 49
v 35 36 2413 1287
v 35 37 871 456
v 35 38 249 133
v 35 39 1551 807
v 35 40 1013 549
v 35 41 1208 615
v 35 42 1819 852
v 35 43 953 504
v 35 44 1895 891
v 35 45 599 302
v 35 46 674 383
v 35 47 1172 594
v 35 48 1898 902
v 35 49 2100 997
v 35 50 776 366
v 35 51 422 209
v 35 52 327 161
v 35 53 1439 769
v 35 54 2279 1036
v 35 55 761 358
v 35 56 524 253
v 35 57 324 162
v 35 58 277 123
v 35 59 510 286
v 35 60 1224 569
v 35 61 245 119
v 35 62 1002 432
v 35 63 647 315
v 35 64 1204 640
v 35 65 98 49
v 35 66 58 24
v 35 67 2037 832
v 35 68 1539 724
v 35 69 920 470
v 35 70 1069 511
v 35 71 2297 1095
v 35 72 544 300
v 35 73 354 173
v 35 74 3507 1681
v 35 75 1601 824
v 35 76 2428 1087
v 35 77 193 82
v 35 78 326 124
v 35 79 319 179
v 35 80 395 207
v 35 81 531 253
v 35 82 228 83
v 35 83 462 262
v 35 84 2524 1213
v 35 85 2511 1279
v 35 86 4208 2107
v 35 87 1569 792
v 35 88 1612 707
v 35 89 121 67
v 35 90 640 316
v 35 91 553 256
v 35 92 200 81
v 35 93 2208 1119
v 35 94 285 147
v 35 95 271 127
v 35 96 947 444
v 35 97 2004 1018
v 35 98 687 364
v 35 99 606 310
v 35 100 879 418
v 35 101 1808 903
v 35 102 443 220
v 35 103 133 69
v 35 104 2649 1163
v 35 105 1898 908
v 35 106 1130 557
v 35 107 653 299
v 35 108 1051 572
v 35 109 956 572
v 35 110 965 463
v 35 111 961 506
v 35 112 1067 507
v 35 113 663 297
v 35 114 643 333
v 35 119 1114 571
v 35 120 587 312
v 35 121 1259 593
v 35 123 1712 896
v 35 126 770 365
v 35 128 1836 895
v 35 129 789 399
v 35 131 897 441
v 35 135 1686 781
v 35 136 1009 478
v 35 137 672 323
v 35 138 347 180
v 35 145 556 304
v 35 155 224 105
v 36 37 790 387
v 36 38 232 117
v 36 39 1512 790
v 36 40 744 365
v 36 41 980 501
v 36 42 1735 850
v 36 43 831 411
v 36 44 1443 696
v 36 45 571 240
v 36 46 673 355
v 36 47 941 422
v 36 48 1842 907
v 36 49 2214 1135
v 36 50 590 307
v 36 51 468 261
v 36 52 370 158
v 36 53 1379 776
v 36 54 2199 1099
v 36 55 762 349
v 36 56 555 289
v 36 57 304 166
v 36 58 344 199
v 36 59 486 271
v 36 60 1157 555
v 36 61 233 124
v 36 62 1115 506
v 36 63 629 337
v 36 64 1106 583
v 36 65 111 64
v 36 66 51 25
v 36 67 1211 597
v 36 68 937 409
v 36 69 901 441
v 36 70 924 487
v 36 71 2877 1444
v 36 72 542 276
v 36 73 312 167
v 36 74 2966 1501
v 36 75 1266 597
v 36 76 1990 921
v 36 77 187 99
v 36 78 316 144
v 36 79 270 141
v 36 80 407 207
v 36 81 455 242
v 36 82 215 95
v 36 83 425 234
v 36 84 2242 1084
v 36 85 2317 1191
v 36 86 3744 1791
v 36 87 1363 667
v 36 88 1657 748
v 36 89 107 67
v 36 90 595 282
v 36 91 565 290
v 36 92 223 86
v 36 93 2104 1130
v 36 94 342 143
v 36 95 235 110
v 36 96 924 479
v 36 97 1896 969
v 36 98 642 371
v 36 99 537 280
v 36 100 1032 520
v 36 101 1335 604
v 36 102 387 184
v 36 103 111 53
v 36 104 2563 1207
v 36 105 1762 919
v 36 106 1221 619
v 36 107 774 402
v 36 108 903 463
v 36 109 1016 561
v 36 110 833 394
v 36 111 661 320
v 36 112 1145 624
v 36 113 545 242
v 36 114 636 366
v 36 119 1064 522
v 36 120 543 279
v 36 121 982 428
v 36 123 1593 856
v 36 126 689 340
v 36 128 1701 848
v 36 129 739 401
v 36 131 776 378
v 36 135 1563 753
v 36 136 1045 543
v 36 137 615 308
v 36 138 880 435
v 36 145 525 291
v 36 155 241 124
v 37 38 80 42
v 37 39 471 245
v 37 40 296 148
v 37 41 368 188
v 37 42 528 255
v 37 43 289 145
v 37 44 552 253
v 37 45 185 82
v 37 46 216 107
v 37 47 295 143
v 37 48 670 314
v 37 49 710 326
v 37 50 233 115
v 37 51 148 81
v 37 52 90 47
v 37 53 469 252
v 37 54 758 352
v 37 55 250 119
v 37 56 181 82
v 37 57 122 60
v 37 58 86 44
v 37 59 168 92
v 37 60 448 206
v 37 61 100 52
v 37 62 336 154
v 37 63 197 85
v 37 64 379 192
v 37 65 36 15
v 37 66 20 8
v 37 67 408 202
v 37 68 502 237
v 37 69 268 139
v 37 70 403 195
v 37 71 822 372
v 37 72 193 108
v 37 73 104 58
v 37 74 1028 507
v 37 75 440 225
v 37 76 634 255
v 37 77 77 44
v 37 78 113 57
v 37 79 77 39
v 37 80 142 64
v 37 81 129 69
v 37 82 74 31
v 37 83 127 72
v 37 84 737 375
v 37 85 767 394
v 37 86 1328 662
v 37 87 490 240
v 37 88 542 242
v 37 89 34 18
v 37 90 232 114
v 37 91 196 95
v 37 92 67 33
v 37 93 750 344
v 37 94 122 62
v 37 95 105 47
v 37 96 267 141
v 37 97 640 321
v 37 98 225 107
v 37 99 202 97
v 37 100 284 138
v 37 101 549 298
v 37 102 142 63
v 37 103 38 18
v 37 104 888 415
v 37 105 616 290
v 37 106 364 180
v 37 107 236 107
v 37 108 297 145
v 37 109 330 207
v 37 110 300 115
v 37 111 333 158
v 37 112 373 173
v 37 113 211 102
v 37 114 236 107
v 37 119 301 149
v 37 120 168 89
v 37 121 396 187
v 37 123 600 316
v 37 126 225 122
v 37 128 581 288
v 37 129 219 116
v 37 131 274 144
v 37 135 574 266
v 37 136 343 164
v 37 137 200 99
v 37 138 105 51
v 37 145 199 105
v 37 155 76 40
v 38 39 162 92
v 38 40 68 28
v 38 41 90 46
v 38 42 168 72
v 38 43 82 39
v 38 44 137 69
v 38 45 54 17
v 38 46 74 47
v 38 47 79 37
v 38 48 242 103
v 38 49 246 109
v 38 50 99 45
v 38 51 51 29
v 38 52 42 16
v 38 53 156 84
v 38 54 243 95
v 38 55 90 46
v 38 56 76 32
v 38 57 34 16
v 38 58 31 15
v 38 59 50 28
v 38 60 155 74
v 38 61 51 30
v 38 62 101 51
v 38 63 68 37
v 38 64 104 44
v 38 65 10 4
v 38 66 4 1
v 38 67 131 62
v 38 68 140 53
v 38 69 110 65
v 38 70 114 55
v 38 71 302 130
v 38 72 70 31
v 38 73 35 20
v 38 74 424 196
v 38 75 154 72
v 38 76 237 112
v 38 77 21 11
v 38 78 49 23
v 38 79 34 20
v 38 80 44 26
v 38 81 38 12
v 38 82 26 10
v 38 83 51 27
v 38 84 241 122
v 38 85 256 117
v 38 86 408 175
v 38 87 164 71
v 38 88 201 94
v 38 89 17 7
v 38 90 71 34
v 38 91 86 39
v 38 92 29 13
v 38 93 246 122
v 38 94 42 12
v 38 95 29 11
v 38 96 89 45
v 38 97 220 108
v 38 98 86 51
v 38 99 74 39
v 38 100 120 55
v 38 101 187 89
v 38 102 43 19
v 38 103 14 7
v 38 104 255 117
v 38 105 224 115
v 38 106 128 61
v 38 107 79 33
v 38 108 89 35
v 38 109 129 76
v 38 110 90 35
v 38 111 113 47
v 38 112 128 54
v 38 113 67 32
v 38 114 73 40
v 38 119 119 65
v 38 120 76 38
v 38 121 124 54
v 38 123 193 95
v 38 126 82 37
v 38 128 191 92
v 38 129 79 35
v 38 131 97 49
v 38 135 206 88
v 38 136 118 59
v 38 137 85 45
v 38 138 37 20
v 38 145 70 38
v 38 155 33 14
v 39 40 603 294
v 39 41 609 297
v 39 42 1110 490
v 39 43 524 260
v 39 44 843 401
v 39 45 338 127
v 39 46 385 182
v 39 47 602 271
v 39 48 1084 482
v 39 49 1340 601
v 39 50 407 166
v 39 51 288 116
v 39 52 202 93
v 39 53 879 491
v 39 54 1360 587
v 39 55 476 220
v 39 56 309 148
v 39 57 191 94
v 39 58 194 100
v 39 59 330 163
v 39 60 700 291
v 39 61 123 64
v 39 62 669 278
v 39 63 329 159
v 39 64 670 332
v 39 65 65 31
v 39 66 21 10
v 39 67 736 317
v 39 68 918 426
v 39 69 553 257
v 39 70 599 265
v 39 71 1558 692
v 39 72 315 163
v 39 73 178 77
v 39 74 1903 836
v 39 75 779 356
v 39 76 1296 515
v 39 77 118 55
v 39 78 210 98
v 39 79 158 93
v 39 80 247 127
v 39 81 303 146
v 39 82 142 53
v 39 83 219 104
v 39 84 1272 580
v 39 85 1327 594
v 39 86 2274 1101
v 39 87 833 371
v 39 88 1056 443
v 39 89 65 34
v 39 90 388 195
v 39 91 347 171
v 39 92 122 51
v 39 93 1466 676
v 39 94 183 65
v 39 95 174 68
v 39 96 525 273
v 39 97 1153 545
v 39 98 410 204
v 39 99 317 143
v 39 100 577 261
v 39 101 910 433
v 39 102 219 102
v 39 103 84 32
v 39 104 1455 600
v 39 105 1104 484
v 39 106 824 347
v 39 107 467 197
v 39 108 576 302
v 39 109 632 333
v 39 110 465 199
v 39 111 537 248
v 39 112 642 302
v 39 113 368 165
v 39 114 423 227
v 39 119 654 308
v 39 120 344 172
v 39 121 599 283
v 39 123 1038 540
v 39 126 400 175
v 39 128 1053 517
v 39 129 438 216
v 39 131 428 199
v 39 135 1006 419
v 39 136 616 304
v 39 137 358 192
v 39 138 184 96
v 39 145 328 175
v 39 155 147 68
v 40 41 341 169
v 40 42 644 291
v 40 43 314 157
v 40 44 511 251
v 40 45 241 101
v 40 46 216 117
v 40 47 357 174
v 40 48 603 299
v 40 49 627 297
v 40 50 236 107
v 40 51 139 87
v 40 52 102 44
v 40 53 511 288
v 40 54 852 404
v 40 55 312 145
v 40 56 214 94
v 40 57 113 56
v 40 58 111 59
v 40 59 159 77
v 40 60 468 213
v 40 61 101 41
v 40 62 414 183
v 40 63 231 114
v 40 64 439 233
v 40 65 32 18
v 40 66 23 13
v 40 67 421 197
v 40 68 530 250
v 40 69 288 155
v 40 70 306 156
v 40 71 908 447
v 40 72 184 107
v 40 73 121 66
v 40 74 1074 498
v 40 75 539 274
v 40 76 694 314
v 40 77 70 40
v 40 78 106 53
v 40 79 83 44
v 40 80 113 60
v 40 81 182 95
v 40 82 61 31
v 40 83 158 81
v 40 84 830 388
v 40 85 814 424
v 40 86 1330 629
v 40 87 522 255
v 40 88 640 296
v 40 89 46 19
v 40 90 204 101
v 40 91 195 91
v 40 92 69 40
v 40 93 953 433
v 40 94 127 53
v 40 95 90 41
v 40 96 319 159
v 40 97 705 324
v 40 98 227 109
v 40 99 219 122
v 40 100 330 179
v 40 101 602 279
v 40 102 185 76
v 40 103 43 20
v 40 104 1093 470
v 40 105 695 318
v 40 106 358 176
v 40 107 247 114
v 40 108 358 183
v 40 109 346 195
v 40 110 321 152
v 40 111 347 165
v 40 112 342 170
v 40 113 218 96
v 40 114 196 104
v 40 119 417 206
v 40 120 209 104
v 40 121 396 188
v 40 123 607 331
v 40 126 244 115
v 40 128 639 327
v 40 129 226 112
v 40 131 271 134
v 40 135 562 263
v 40 136 338 176
v 40 137 225 117
v 40 138 111 55
v 40 145 199 113
v 40 155 92 41
v 41 42 800 342
v 41 43 354 186
v 41 44 727 348
v 41 45 243 119
v 41 46 242 130
v 41 47 407 192
v 41 48 773 384
v 41 49 843 415
v 41 50 288 138
v 41 51 226 118
v 41 52 128 63
v 41 53 639 342
v 41 54 1126 548
v 41 55 391 202
v 41 56 244 134
v 41 57 140 66
v 41 58 113 54
v 41 59 212 114
v 41 60 521 223
v 41 61 126 72
v 41 62 445 212
v 41 63 353 183
v 41 64 492 262
v 41 65 42 14
v 41 66 19 10
v 41 67 557 249
v 41 68 583 283
v 41 69 389 187
v 41 70 528 243
v 41 71 1277 593
v 41 72 219 109
v 41 73 144 73
v 41 74 1239 601
v 41 75 535 258
v 41 76 937 421
v 41 77 71 28
v 41 78 137 71
v 41 79 122 65
v 41 80 181 81
v 41 81 220 98
v 41 82 67 25
v 41 83 155 82
v 41 84 935 429
v 41 85 937 482
v 41 86 1565 735
v 41 87 553 276
v 41 88 780 390
v 41 89 37 17
v 41 90 283 144
v 41 91 274 142
v 41 92 100 46
v 41 93 1179 542
v 41 94 113 50
v 41 95 142 64
v 41 96 400 201
v 41 97 907 476
v 41 98 327 173
v 41 99 242 117
v 41 100 507 263
v 41 101 667 303
v 41 102 177 96
v 41 103 48 25
v 41 104 1103 505
v 41 105 820 406
v 41 106 506 234
v 41 107 335 171
v 41 108 409 221
v 41 109 460 253
v 41 110 351 162
v 41 111 376 181
v 41 112 436 196
v 41 113 232 94
v 41 114 323 156
v 41 119 467 238
v 41 120 258 106
v 41 121 449 196
v 41 123 713 397
v 41 126 341 168
v 41 128 788 388
v 41 129 383 205
v 41 131 338 161
v 41 135 722 334
v 41 136 439 233
v 41 137 282 157
v 41 138 146 73
v 41 145 220 102
v 41 155 100 55
v 42 43 625 346
v 42 44 1035 552
v 42 45 403 226
v 42 46 493 287
v 42 47 644 341
v 42 48 1374 764
v 42 49 1567 796
v 42 50 483 238
v 42 51 284 156
v 42 52 230 114
v 42 53 929 548
v 42 54 1696 832
v 42 55 549 266
v 42 56 396 216
v 42 57 197 96
v 42 58 208 115
v 42 59 339 212
v 42 60 1063 569
v 42 61 181 88
v 42 62 750 365
v 42 63 443 248
v 42 64 768 414
v 42 65 85 54
v 42 66 30 11
v 42 67 1016 523
v 42 68 1181 635
v 42 69 796 476
v 42 70 705 418
v 42 71 1994 1046
v 42 72 376 215
v 42 73 251 128
v 42 74 2180 1131
v 42 75 1121 624
v 42 76 1387 742
v 42 77 155 84
v 42 78 237 118
v 42 79 220 140
v 42 80 295 161
v 42 81 349 174
v 42 82 175 67
v 42 83 288 181
v 42 84 1687 907
v 42 85 1531 767
v 42 86 2656 1422
v 42 87 1087 599
v 42 88 1415 782
v 42 89 92 43
v 42 90 421 208
v 42 91 367 198
v 42 92 147 77
v 42 93 1724 905
v 42 94 246 145
v 42 95 194 114
v 42 96 727 409
v 42 97 1424 815
v 42 98 489 256
v 42 99 417 204
v 42 100 610 342
v 42 101 1269 714
v 42 102 286 144
v 42 103 79 44
v 42 104 2260 1218
v 42 105 1485 799
v 42 106 812 419
v 42 107 505 277
v 42 108 719 386
v 42 109 748 450
v 42 110 593 278
v 42 111 646 344
v 42 112 714 370
v 42 113 446 216
v 42 114 458 280
v 42 119 797 432
v 42 120 455 247
v 42 121 794 431
v 42 123 1196 686
v 42 126 492 293
v 42 128 1224 638
v 42 129 490 275
v 42 131 554 298
v 42 135 1204 608
v 42 136 710 419
v 42 137 441 246
v 42 138 202 106
v 42 145 380 249
v 42 155 128 63
v 43 44 476 230
v 43 45 222 100
v 43 46 238 110
v 43 47 358 187
v 43 48 719 322
v 43 49 771 358
v 43 50 265 117
v 43 51 151 75
v 43 52 121 57
v 43 53 490 265
v 43 54 838 424
v 43 55 279 136
v 43 56 212 90
v 43 57 120 57
v 43 58 94 52
v 43 59 166 95
v 43 60 465 192
v 43 61 88 44
v 43 62 402 175
v 43 63 184 101
v 43 64 399 210
v 43 65 36 18
v 43 66 19 8
v 43 67 452 198
v 43 68 419 183
v 43 69 361 187
v 43 70 364 174
v 43 71 886 386
v 43 72 184 98
v 43 73 113 63
v 43 74 1166 514
v 43 75 504 251
v 43 76 735 336
v 43 77 70 28
v 43 78 139 60
v 43 79 103 52
v 43 80 130 68
v 43 81 150 66
v 43 82 68 37
v 43 83 159 83
v 43 84 775 397
v 43 85 833 388
v 43 86 1315 626
v 43 87 555 263
v 43 88 664 291
v 43 89 41 19
v 43 90 232 99
v 43 91 178 79
v 43 92 86 32
v 43 93 767 384
v 43 94 106 54
v 43 95 101 47
v 43 96 337 176
v 43 97 674 312
v 43 98 260 145
v 43 99 201 88
v 43 100 367 167
v 43 101 548 285
v 43 102 142 75
v 43 103 41 23
v 43 104 904 399
v 43 105 631 306
v 43 106 422 217
v 43 107 295 155
v 43 108 315 158
v 43 109 396 195
v 43 110 334 146
v 43 111 326 145
v 43 112 410 203
v 43 113 217 91
v 43 114 254 121
v 43 119 376 183
v 43 120 222 127
v 43 121 434 203
v 43 123 622 318
v 43 126 249 124
v 43 128 667 308
v 43 129 273 128
v 43 131 289 159
v 43 135 577 257
v 43 136 350 154
v 43 137 220 110
v 43 138 128 49
v 43 145 198 112
v 43 155 89 45
v 44 45 348 163
v 44 46 451 236
v 44 47 536 244
v 44 48 1259 603
v 44 49 1245 589
v 44 50 485 209
v 44 51 277 150
v 44 52 212 99
v 44 53 935 551
v 44 54 1581 763
v 44 55 469 236
v 44 56 337 173
v 44 57 169 83
v 44 58 165 89
v 44 59 305 212
v 44 60 828 415
v 44 61 176 88
v 44 62 625 282
v 44 63 428 216
v 44 64 760 413
v 44 65 75 37
v 44 66 39 23
v 44 67 859 446
v 44 68 924 479
v 44 69 479 244
v 44 70 713 351
v 44 71 1624 752
v 44 72 370 207
v 44 73 200 120
v 44 74 2067 1054
v 44 75 835 406
v 44 76 1202 570
v 44 77 123 56
v 44 78 217 111
v 44 79 191 95
v 44 80 246 129
v 44 81 313 162
v 44 82 125 55
v 44 83 293 161
v 44 84 1330 636
v 44 85 1371 749
v 44 86 2484 1289
v 44 87 941 488
v 44 88 917 425
v 44 89 52 27
v 44 90 409 214
v 44 91 377 192
v 44 92 156 74
v 44 93 1329 665
v 44 94 190 90
v 44 95 184 87
v 44 96 537 274
v 44 97 1140 594
v 44 98 434 234
v 44 99 416 216
v 44 100 626 330
v 44 101 1048 542
v 44 102 227 112
v 44 103 69 31
v 44 104 1529 714
v 44 105 1032 497
v 44 106 700 338
v 44 107 432 205
v 44 108 597 339
v 44 109 639 364
v 44 110 432 195
v 44 111 600 311
v 44 112 683 338
v 44 113 396 195
v 44 114 420 241
v 44 119 595 293
v 44 120 322 166
v 44 121 699 356
v 44 123 1063 541
v 44 126 407 210
v 44 128 1078 578
v 44 129 466 247
v 44 131 528 267
v 44 135 1062 456
v 44 136 645 352
v 44 137 347 172
v 44 138 212 116
v 44 145 346 210
v 44 155 131 68
v 45 46 186 94
v 45 47 223 125
v 45 48 547 288
v 45 49 532 286
v 45 50 223 121
v 45 51 104 44
v 45 52 96 58
v 45 53 331 197
v 45 54 544 269
v 45 55 175 78
v 45 56 135 74
v 45 57 73 42
v 45 58 63 35
v 45 59 117 57
v 45 60 377 178
v 45 61 61 28
v 45 62 255 121
v 45 63 147 87
v 45 64 271 143
v 45 65 20 8
v 45 66 11 5
v 45 67 337 157
v 45 68 343 185
v 45 69 256 129
v 45 70 249 114
v 45 71 633 288
v 45 72 146 86
v 45 73 69 40
v 45 74 820 407
v 45 75 380 203
v 45 76 537 254
v 45 77 39 24
v 45 78 107 56
v 45 79 86 60
v 45 80 96 54
v 45 81 105 56
v 45 82 62 27
v 45 83 105 52
v 45 84 561 304
v 45 85 581 318
v 45 86 985 514
v 45 87 374 223
v 45 88 463 213
v 45 89 24 15
v 45 90 159 80
v 45 91 152 72
v 45 92 63 22
v 45 93 529 293
v 45 94 107 60
v 45 95 63 34
v 45 96 237 133
v 45 97 462 230
v 45 98 158 98
v 45 99 132 80
v 45 100 215 103
v 45 101 524 265
v 45 102 99 49
v 45 103 32 15
v 45 104 620 341
v 45 105 486 252
v 45 106 307 157
v 45 107 194 106
v 45 108 231 125
v 45 109 246 147
v 45 110 229 102
v 45 111 228 117
v 45 112 286 158
v 45 113 163 76
v 45 114 151 80
v 45 119 256 148
v 45 120 149 85
v 45 121 307 164
v 45 123 438 247
v 45 126 183 97
v 45 128 432 220
v 45 129 190 97
v 45 131 217 108
v 45 135 414 182
v 45 136 233 128
v 45 137 178 83
v 45 138 218 116
v 45 145 148 89
v 45 155 51 27
v 46 47 273 137
v 46 48 726 319
v 46 49 666 286
v 46 50 222 98
v 46 51 129 66
v 46 52 103 57
v 46 53 394 218
v 46 54 779 353
v 46 55 222 99
v 46 56 159 60
v 46 57 106 44
v 46 58 62 34
v 46 59 156 84
v 46 60 415 209
v 46 61 93 54
v 46 62 296 129
v 46 63 199 101
v 46 64 311 159
v 46 65 42 19
v 46 66 18 11
v 46 67 409 155
v 46 68 439 192
v 46 69 243 130
v 46 70 344 170
v 46 71 739 327
v 46 72 132 65
v 46 73 93 47
v 46 74 1054 509
v 46 75 402 185
v 46 76 578 260
v 46 77 53 23
v 46 78 103 45
v 46 79 83 42
v 46 80 121 59
v 46 81 117 48
v 46 82 72 29
v 46 83 126 65
v 46 84 592 277
v 46 85 719 342
v 46 86 1182 578
v 46 87 433 208
v 46 88 627 294
v 46 89 46 21
v 46 90 216 105
v 46 91 213 108
v 46 92 70 30
v 46 93 606 250
v 46 94 88 42
v 46 95 85 37
v 46 96 267 127
v 46 97 639 308
v 46 98 205 111
v 46 99 155 73
v 46 100 315 149
v 46 101 547 270
v 46 102 95 46
v 46 103 43 17
v 46 104 839 391
v 46 105 797 386
v 46 106 372 170
v 46 107 211 101
v 46 108 237 108
v 46 109 357 169
v 46 110 251 105
v 46 111 294 136
v 46 112 315 149
v 46 113 216 90
v 46 114 192 95
v 46 119 316 137
v 46 120 179 88
v 46 121 363 163
v 46 123 515 256
v 46 126 222 103
v 46 128 514 237
v 46 129 209 106
v 46 131 253 115
v 46 135 487 217
v 46 136 329 163
v 46 137 193 94
v 46 138 87 49
v 46 145 172 95
v 46 155 70 35
v 47 48 764 334
v 47 49 868 438
v 47 50 286 134
v 47 51 146 82
v 47 52 130 61
v 47 53 558 296
v 47 54 868 438
v 47 55 285 131
v 47 56 270 109
v 47 57 120 63
v 47 58 133 72
v 47 59 295 171
v 47 60 490 238
v 47 61 89 42
v 47 62 432 181
v 47 63 258 124
v 47 64 460 258
v 47 65 39 18
v 47 66 21 10
v 47 67 503 238
v 47 68 488 230
v 47 69 328 167
v 47 70 378 196
v 47 71 1021 495
v 47 72 220 120
v 47 73 109 67
v 47 74 1182 557
v 47 75 513 272
v 47 76 927 419
v 47 77 74 39
v 47 78 131 61
v 47 79 110 55
v 47 80 144 77
v 47 81 166 76
v 47 82 70 35
v 47 83 147 82
v 47 84 840 437
v 47 85 913 454
v 47 86 1457 717
v 47 87 573 304
v 47 88 731 333
v 47 89 39 14
v 47 90 231 119
v 47 91 237 123
v 47 92 64 28
v 47 93 816 440
v 47 94 114 47
v 47 95 109 55
v 47 96 369 179
v 47 97 667 349
v 47 98 319 176
v 47 99 290 161
v 47 100 321 178
v 47 101 676 331
v 47 102 162 68
v 47 103 49 23
v 47 104 957 442
v 47 105 656 321
v 47 106 409 207
v 47 107 302 136
v 47 108 388 201
v 47 109 400 213
v 47 110 334 145
v 47 111 326 167
v 47 112 405 194
v 47 113 236 94
v 47 114 252 142
v 47 119 412 219
v 47 120 207 97
v 47 121 399 206
v 47 123 602 301
v 47 126 246 113
v 47 128 700 343
v 47 129 253 130
v 47 131 308 150
v 47 135 586 267
v 47 136 352 194
v 47 137 213 102
v 47 138 111 64
v 47 145 198 101
v 47 155 89 53
v 48 49 1937 893
v 48 50 762 373
v 48 51 386 204
v 48 52 329 159
v 48 53 1104 624
v 48 54 2224 993
v 48 55 667 327
v 48 56 439 219
v 48 57 312 162
v 48 58 277 137
v 48 59 389 228
v 48 60 1216 588
v 48 61 302 150
v 48 62 967 447
v 48 63 518 285
v 48 64 900 464
v 48 65 110 58
v 48 66 46 23
v 48 67 1156 563
v 48 68 1163 564
v 48 69 700 383
v 48 70 918 463
v 48 71 2143 978
v 48 72 407 218
v 48 73 274 169
v 48 74 2923 1412
v 48 75 1059 563
v 48 76 1776 843
v 48 77 207 106
v 48 78 382 173
v 48 79 253 142
v 48 80 372 211
v 48 81 436 224
v 48 82 206 101
v 48 83 413 234
v 48 84 1606 794
v 48 85 2171 1173
v 48 86 3083 1543
v 48 87 1183 584
v 48 88 1436 645
v 48 89 115 49
v 48 90 625 304
v 48 91 663 352
v 48 92 221 108
v 48 93 1944 981
v 48 94 323 158
v 48 95 231 105
v 48 96 731 382
v 48 97 1737 921
v 48 98 630 365
v 48 99 437 250
v 48 100 887 470
v 48 101 1250 633
v 48 102 337 172
v 48 103 103 54
v 48 104 2051 975
v 48 105 1759 838
v 48 106 1052 530
v 48 107 719 380
v 48 108 643 356
v 48 109 1252 711
v 48 110 819 407
v 48 111 861 433
v 48 112 1111 568
v 48 113 667 320
v 48 114 576 310
v 48 119 956 478
v 48 120 557 310
v 48 121 1163 603
v 48 123 1558 836
v 48 126 660 342
v 48 128 1596 828
v 48 129 592 302
v 48 131 889 469
v 48 135 1606 793
v 48 136 972 541
v 48 137 614 299
v 48 138 298 161
v 48 145 546 306
v 48 155 203 106
v 49 50 696 345
v 49 51 390 209
v 49 52 357 171
v 49 53 1174 688
v 49 54 2300 1125
v 49 55 873 444
v 49 56 497 272
v 49 57 291 155
v 49 58 230 128
v 49 59 460 274
v 49 60 1400 747
v 49 61 256 158
v 49 62 1066 538
v 49 63 579 341
v 49 64 1006 559
v 49 65 112 64
v 49 66 58 39
v 49 67 1180 567
v 49 68 1123 593
v 49 69 832 459
v 49 70 984 539
v 49 71 2308 1114
v 49 72 466 247
v 49 73 260 155
v 49 74 3084 1609
v 49 75 1285 684
v 49 76 2055 989
v 49 77 201 116
v 49 78 366 196
v 49 79 283 168
v 49 80 354 194
v 49 81 372 200
v 49 82 200 94
v 49 83 382 227
v 49 84 1898 987
v 49 85 2025 1042
v 49 86 3477 1803
v 49 87 1482 791
v 49 88 1787 915
v 49 89 106 57
v 49 90 680 342
v 49 91 582 320
v 49 92 234 109
v 49 93 2239 1212
v 49 94 281 160
v 49 95 234 114
v 49 96 836 462
v 49 97 1818 973
v 49 98 817 442
v 49 99 474 270
v 49 100 903 501
v 49 101 1502 828
v 49 102 351 168
v 49 103 131 60
v 49 104 2559 1300
v 49 105 1905 1051
v 49 106 1137 629
v 49 107 717 389
v 49 108 841 476
v 49 109 1090 656
v 49 110 839 408
v 49 111 885 472
v 49 112 1121 585
v 49 113 617 293
v 49 114 656 375
v 49 119 1097 598
v 49 120 547 313
v 49 121 1125 583
v 49 123 1712 965
v 49 126 663 360
v 49 128 1641 888
v 49 129 688 382
v 49 131 880 495
v 49 135 1723 882
v 49 136 1023 557
v 49 137 633 362
v 49 138 316 185
v 49 145 570 345
v 49 155 287 147
v 50 51 137 71
v 50 52 132 53
v 50 53 400 234
v 50 54 712 375
v 50 55 234 122
v 50 56 166 105
v 50 57 95 48
v 50 58 82 49
v 50 59 140 68
v 50 60 527 275
v 50 61 119 62
v 50 62 326 156
v 50 63 210 116
v 50 64 377 196
v 50 65 24 12
v 50 66 25 13
v 50 67 507 252
v 50 68 487 244
v 50 69 258 128
v 50 70 306 157
v 50 71 782 406
v 50 72 148 78
v 50 73 103 66
v 50 74 1068 564
v 50 75 379 196
v 50 76 696 337
v 50 77 86 41
v 50 78 132 66
v 50 79 108 56
v 50 80 133 76
v 50 81 133 67
v 50 82 98 47
v 50 83 136 89
v 50 84 668 340
v 50 85 783 405
v 50 86 1179 655
v 50 87 464 248
v 50 88 530 279
v 50 89 34 25
v 50 90 262 127
v 50 91 266 124
v 50 92 85 38
v 50 93 645 322
v 50 94 101 52
v 50 95 87 45
v 50 96 238 135
v 50 97 604 333
v 50 98 214 132
v 50 99 170 91
v 50 100 316 172
v 50 101 555 308
v 50 102 137 75
v 50 103 35 23
v 50 104 606 327
v 50 105 710 373
v 50 106 383 215
v 50 107 246 126
v 50 108 239 121
v 50 109 422 263
v 50 110 303 154
v 50 111 355 197
v 50 112 416 210
v 50 113 263 122
v 50 114 187 98
v 50 119 376 190
v 50 120 175 107
v 50 121 398 199
v 50 123 616 356
v 50 126 223 110
v 50 128 554 285
v 50 129 225 124
v 50 131 328 178
v 50 135 536 269
v 50 136 359 197
v 50 137 234 133
v 50 138 98 60
v 50 145 184 103
v 50 155 76 41
v 51 52 66 26
v 51 53 236 137
v 51 54 443 199
v 51 55 150 76
v 51 56 108 52
v 51 57 58 27
v 51 58 46 22
v 51 59 94 44
v 51 60 238 107
v 51 61 65 31
v 51 62 183 85
v 51 63 97 45
v 51 64 212 112
v 51 65 18 7
v 51 66 11 7
v 51 67 237 98
v 51 68 253 109
v 51 69 167 84
v 51 70 207 99
v 51 71 517 241
v 51 72 90 39
v 51 73 67 32
v 51 74 604 286
v 51 75 242 118
v 51 76 407 164
v 51 77 34 12
v 51 78 61 35
v 51 79 45 23
v 51 80 73 38
v 51 81 86 31
v 51 82 44 16
v 51 83 93 46
v 51 84 424 201
v 51 85 395 180
v 51 86 713 356
v 51 87 258 122
v 51 88 316 133
v 51 89 14 7
v 51 90 128 71
v 51 91 101 41
v 51 92 45 14
v 51 93 392 205
v 51 94 37 15
v 51 95 49 26
v 51 96 179 88
v 51 97 354 176
v 51 98 155 71
v 51 99 102 56
v 51 100 205 109
v 51 101 297 137
v 51 102 57 25
v 51 103 21 8
v 51 104 491 219
v 51 105 355 153
v 51 106 235 118
v 51 107 142 68
v 51 108 193 101
v 51 109 215 119
v 51 110 151 70
v 51 111 171 83
v 51 112 233 96
v 51 113 121 50
v 51 114 144 69
v 51 119 176 81
v 51 120 110 62
v 51 121 236 106
v 51 123 332 188
v 51 126 159 74
v 51 128 317 163
v 51 129 130 64
v 51 131 157 76
v 51 135 299 140
v 51 136 177 93
v 51 137 88 50
v 51 138 67 32
v 51 145 101 57
v 51 155 48 24
v 52 53 213 123
v 52 54 315 165
v 52 55 127 72
v 52 56 66 37
v 52 57 48 22
v 52 58 39 22
v 52 59 52 29
v 52 60 185 93
v 52 61 50 28
v 52 62 190 82
v 52 63 72 42
v 52 64 133 70
v 52 65 17 10
v 52 66 7 3
v 52 67 157 86
v 52 68 200 111
v 52 69 156 81
v 52 70 135 76
v 52 71 375 190
v 52 72 71 40
v 52 73 44 25
v 52 74 494 270
v 52 75 177 93
v 52 76 317 147
v 52 77 31 18
v 52 78 68 35
v 52 79 35 22
v 52 80 53 31
v 52 81 62 38
v 52 82 36 21
v 52 83 62 43
v 52 84 282 146
v 52 85 313 162
v 52 86 510 278
v 52 87 197 92
v 52 88 236 112
v 52 89 20 13
v 52 90 104 49
v 52 91 80 46
v 52 92 42 23
v 52 93 376 210
v 52 94 49 22
v 52 95 35 15
v 52 96 121 71
v 52 97 296 151
v 52 98 117 71
v 52 99 67 30
v 52 100 168 98
v 52 101 211 93
v 52 102 54 30
v 52 103 15 6
v 52 104 349 175
v 52 105 313 170
v 52 106 197 105
v 52 107 116 75
v 52 108 119 65
v 52 109 181 100
v 52 110 128 61
v 52 111 146 79
v 52 112 184 104
v 52 113 90 48
v 52 114 83 47
v 52 119 197 100
v 52 120 86 52
v 52 121 185 107
v 52 123 273 153
v 52 126 112 54
v 52 128 260 147
v 52 129 108 59
v 52 131 123 58
v 52 135 265 132
v 52 136 135 73
v 52 137 108 76
v 52 138 42 27
v 52 145 87 54
v 52 155 45 26
v 53 54 1286 544
v 53 55 457 199
v 53 56 292 126
v 53 57 146 65
v 53 58 140 66
v 53 59 297 151
v 53 60 692 258
v 53 61 140 57
v 53 62 637 245
v 53 63 394 175
v 53 64 689 318
v 53 65 53 20
v 53 66 35 14
v 53 67 908 358
v 53 68 833 355
v 53 69 495 234
v 53 70 707 320
v 53 71 1304 544
v 53 72 314 148
v 53 73 227 108
v 53 74 1962 838
v 53 75 719 339
v 53 76 1148 470
v 53 77 117 47
v 53 78 210 80
v 53 79 170 74
v 53 80 226 102
v 53 81 260 107
v 53 82 139 57
v 53 83 232 119
v 53 84 1194 484
v 53 85 1298 521
v 53 86 2275 977
v 53 87 889 430
v 53 88 1035 416
v 53 89 58 23
v 53 90 357 156
v 53 91 335 144
v 53 92 107 41
v 53 93 1272 534
v 53 94 147 65
v 53 95 142 51
v 53 96 519 241
v 53 97 1114 478
v 53 98 491 210
v 53 99 321 142
v 53 100 571 236
v 53 101 906 416
v 53 102 203 99
v 53 103 61 19
v 53 104 1486 606
v 53 105 1156 493
v 53 106 686 287
v 53 107 445 174
v 53 108 551 264
v 53 109 597 268
v 53 110 477 199
v 53 111 518 236
v 53 112 604 262
v 53 113 323 126
v 53 114 434 203
v 53 119 667 298
v 53 120 366 149
v 53 121 640 289
v 53 123 995 451
v 53 126 420 179
v 53 128 1031 473
v 53 129 414 178
v 53 131 478 204
v 53 135 1062 394
v 53 136 544 232
v 53 137 340 155
v 53 138 199 104
v 53 145 329 161
v 53 155 140 54
v 54 55 712 397
v 54 56 576 299
v 54 57 283 129
v 54 58 276 165
v 54 59 412 244
v 54 60 1266 594
v 54 61 267 134
v 54 62 1022 507
v 54 63 573 327
v 54 64 1242 697
v 54 65 95 46
v 54 66 46 20
v 54 67 1510 781
v 54 68 1131 573
v 54 69 821 404
v 54 70 1214 632
v 54 71 2437 1205
v 54 72 492 270
v 54 73 331 198
v 54 74 3576 1894
v 54 75 1276 651
v 54 76 2042 1000
v 54 77 191 106
v 54 78 396 209
v 54 79 277 158
v 54 80 425 214
v 54 81 407 193
v 54 82 195 90
v 54 83 413 230
v 54 84 2360 1247
v 54 85 2333 1224
v 54 86 3594 1931
v 54 87 1613 838
v 54 88 1846 941
v 54 89 129 71
v 54 90 708 366
v 54 91 646 334
v 54 92 201 93
v 54 93 2441 1303
v 54 94 382 184
v 54 95 344 163
v 54 96 1186 724
v 54 97 1898 942
v 54 98 686 392
v 54 99 520 283
v 54 100 932 460
v 54 101 1579 795
v 54 102 387 205
v 54 103 101 47
v 54 104 2695 1381
v 54 105 2490 1374
v 54 106 1138 633
v 54 107 842 439
v 54 108 1097 601
v 54 109 1290 784
v 54 110 1034 532
v 54 111 880 458
v 54 112 1015 521
v 54 113 631 301
v 54 114 747 410
v 54 119 1203 658
v 54 120 615 341
v 54 121 1119 552
v 54 123 1693 973
v 54 126 699 351
v 54 128 1764 988
v 54 129 764 418
v 54 131 860 449
v 54 135 1687 874
v 54 136 963 513
v 54 137 695 387
v 54 138 323 176
v 54 145 579 309
v 54 155 260 160
v 55 56 205 94
v 55 57 111 50
v 55 58 98 48
v 55 59 156 90
v 55 60 449 207
v 55 61 104 51
v 55 62 379 177
v 55 63 227 106
v 55 64 361 188
v 55 65 32 14
v 55 66 14 10
v 55 67 387 188
v 55 68 439 202
v 55 69 325 170
v 55 70 321 164
v 55 71 763 378
v 55 72 170 93
v 55 73 98 54
v 55 74 1136 525
v 55 75 424 214
v 55 76 705 310
v 55 77 86 43
v 55 78 138 62
v 55 79 100 48
v 55 80 166 79
v 55 81 132 69
v 55 82 62 25
v 55 83 127 72
v 55 84 705 358
v 55 85 762 399
v 55 86 1321 658
v 55 87 502 242
v 55 88 579 262
v 55 89 33 18
v 55 90 244 125
v 55 91 251 122
v 55 92 92 43
v 55 93 740 401
v 55 94 71 40
v 55 95 89 39
v 55 96 281 137
v 55 97 655 338
v 55 98 255 126
v 55 99 185 83
v 55 100 340 180
v 55 101 527 261
v 55 102 137 74
v 55 103 42 16
v 55 104 931 453
v 55 105 698 357
v 55 106 459 231
v 55 107 279 140
v 55 108 333 191
v 55 109 398 225
v 55 110 330 162
v 55 111 290 129
v 55 112 452 233
v 55 113 221 107
v 55 114 209 124
v 55 119 419 225
v 55 120 191 103
v 55 121 416 202
v 55 123 652 341
v 55 126 266 141
v 55 128 639 322
v 55 129 250 121
v 55 131 347 163
v 55 135 660 291
v 55 136 357 189
v 55 137 223 121
v 55 138 112 67
v 55 145 225 114
v 55 155 105 54
v 56 57 70 34
v 56 58 76 42
v 56 59 110 60
v 56 60 321 164
v 56 61 54 20
v 56 62 171 64
v 56 63 148 81
v 56 64 255 139
v 56 65 30 19
v 56 66 12 5
v 56 67 291 140
v 56 68 340 186
v 56 69 214 116
v 56 70 221 106
v 56 71 482 224
v 56 72 118 67
v 56 73 81 44
v 56 74 724 355
v 56 75 313 156
v 56 76 480 243
v 56 77 37 22
v 56 78 87 38
v 56 79 70 28
v 56 80 95 49
v 56 81 99 47
v 56 82 59 30
v 56 83 108 59
v 56 84 483 240
v 56 85 568 308
v 56 86 839 435
v 56 87 325 167
v 56 88 427 201
v 56 89 21 13
v 56 90 176 90
v 56 91 147 71
v 56 92 49 25
v 56 93 531 252
v 56 94 63 30
v 56 95 57 25
v 56 96 187 106
v 56 97 397 224
v 56 98 151 79
v 56 99 147 71
v 56 100 196 105
v 56 101 416 225
v 56 102 81 45
v 56 103 33 13
v 56 104 561 275
v 56 105 392 201
v 56 106 263 128
v 56 107 181 93
v 56 108 212 116
v 56 109 229 125
v 56 110 220 100
v 56 111 229 121
v 56 112 227 120
v 56 113 151 67
v 56 114 144 75
v 56 119 260 143
v 56 120 138 88
v 56 121 290 129
v 56 123 405 225
v 56 126 172 80
v 56 128 383 207
v 56 129 143 73
v 56 131 203 106
v 56 135 384 199
v 56 136 230 126
v 56 137 174 92
v 56 138 71 36
v 56 145 134 88
v 56 155 52 23
v 57 58 39 16
v 57 59 64 31
v 57 60 175 87
v 57 61 45 22
v 57 62 147 73
v 57 63 76 51
v 57 64 130 75
v 57 65 18 11
v 57 66 12 6
v 57 67 173 75
v 57 68 170 85
v 57 69 124 57
v 57 70 149 77
v 57 71 309 148
v 57 72 55 33
v 57 73 43 23
v 57 74 455 229
v 57 75 145 78
v 57 76 278 127
v 57 77 27 13
v 57 78 49 24
v 57 79 56 38
v 57 80 53 19
v 57 81 49 28
v 57 82 25 8
v 57 83 46 26
v 57 84 263 120
v 57 85 296 152
v 57 86 495 237
v 57 87 194 98
v 57 88 222 115
v 57 89 17 9
v 57 90 99 55
v 57 91 82 35
v 57 92 27 11
v 57 93 263 126
v 57 94 47 26
v 57 95 28 15
v 57 96 119 61
v 57 97 269 147
v 57 98 84 40
v 57 99 81 39
v 57 100 148 72
v 57 101 219 102
v 57 102 60 31
v 57 103 19 10
v 57 104 317 156
v 57 105 298 150
v 57 106 158 81
v 57 107 97 44
v 57 108 94 47
v 57 109 148 70
v 57 110 120 60
v 57 111 145 84
v 57 112 163 77
v 57 113 95 53
v 57 114 83 45
v 57 119 153 80
v 57 120 90 44
v 57 121 167 73
v 57 123 228 121
v 57 126 94 50
v 57 128 234 118
v 57 129 86 47
v 57 131 119 67
v 57 135 256 122
v 57 136 147 96
v 57 137 95 59
v 57 138 76 43
v 57 145 80 41
v 57 155 27 11
v 58 59 62 35
v 58 60 154 67
v 58 61 38 18
v 58 62 154 59
v 58 63 77 36
v 58 64 130 65
v 58 65 10 6
v 58 66 12 5
v 58 67 147 66
v 58 68 169 77
v 58 69 124 57
v 58 70 141 69
v 58 71 300 143
v 58 72 59 33
v 58 73 37 15
v 58 74 392 186
v 58 75 158 87
v 58 76 252 104
v 58 77 23 15
v 58 78 45 19
v 58 79 46 29
v 58 80 47 26
v 58 81 60 30
v 58 82 28 12
v 58 83 43 19
v 58 84 262 120
v 58 85 282 143
v 58 86 450 216
v 58 87 192 95
v 58 88 215 94
v 58 89 17 6
v 58 90 83 40
v 58 91 77 34
v 58 92 33 17
v 58 93 275 135
v 58 94 40 19
v 58 95 40 12
v 58 96 85 42
v 58 97 256 138
v 58 98 116 57
v 58 99 64 28
v 58 100 129 71
v 58 101 184 85
v 58 102 48 20
v 58 103 19 7
v 58 104 292 133
v 58 105 236 104
v 58 106 148 78
v 58 107 98 41
v 58 108 96 43
v 58 109 125 77
v 58 110 116 53
v 58 111 104 53
v 58 112 125 58
v 58 113 72 24
v 58 114 76 37
v 58 119 143 67
v 58 120 89 48
v 58 121 139 70
v 58 123 229 122
v 58 126 82 40
v 58 128 197 97
v 58 129 69 29
v 58 131 105 47
v 58 135 206 87
v 58 136 142 65
v 58 137 117 57
v 58 138 39 17
v 58 145 81 46
v 58 155 40 22
v 59 60 284 132
v 59 61 50 23
v 59 62 233 95
v 59 63 135 58
v 59 64 223 113
v 59 65 19 9
v 59 66 13 4
v 59 67 242 99
v 59 68 212 80
v 59 69 172 80
v 59 70 211 103
v 59 71 536 233
v 59 72 115 50
v 59 73 61 30
v 59 74 629 261
v 59 75 320 149
v 59 76 503 202
v 59 77 48 25
v 59 78 80 34
v 59 79 50 30
v 59 80 89 40
v 59 81 101 41
v 59 82 49 20
v 59 83 107 56
v 59 84 443 201
v 59 85 442 223
v 59 86 831 385
v 59 87 303 130
v 59 88 354 148
v 59 89 22 9
v 59 90 140 76
v 59 91 149 66
v 59 92 51 18
v 59 93 432 205
v 59 94 75 33
v 59 95 65 25
v 59 96 180 83
v 59 97 389 183
v 59 98 182 83
v 59 99 105 51
v 59 100 200 79
v 59 101 325 149
v 59 102 78 31
v 59 103 30 14
v 59 104 501 210
v 59 105 425 183
v 59 106 269 132
v 59 107 158 75
v 59 108 184 95
v 59 109 253 115
v 59 110 174 87
v 59 111 199 80
v 59 112 251 105
v 59 113 130 44
v 59 114 142 70
v 59 119 224 102
v 59 120 125 70
v 59 121 234 91
v 59 123 307 147
v 59 126 148 68
v 59 128 339 170
v 59 129 157 81
v 59 131 166 80
v 59 135 348 164
v 59 136 215 97
v 59 137 118 50
v 59 138 56 28
v 59 145 126 64
v 59 155 54 30
v 60 61 191 75
v 60 62 487 225
v 60 63 326 167
v 60 64 612 345
v 60 65 47 32
v 60 66 21 14
v 60 67 801 374
v 60 68 928 502
v 60 69 559 333
v 60 70 590 304
v 60 71 1240 565
v 60 72 251 131
v 60 73 173 95
v 60 74 1933 971
v 60 75 808 433
v 60 76 1162 596
v 60 77 144 71
v 60 78 232 118
v 60 79 173 103
v 60 80 243 138
v 60 81 289 142
v 60 82 129 49
v 60 83 225 129
v 60 84 1075 574
v 60 85 1251 669
v 60 86 2383 1291
v 60 87 855 436
v 60 88 1052 522
v 60 89 84 36
v 60 90 381 199
v 60 91 364 176
v 60 92 138 60
v 60 93 1107 629
v 60 94 194 108
v 60 95 187 83
v 60 96 514 278
v 60 97 1150 603
v 60 98 398 214
v 60 99 316 163
v 60 100 538 288
v 60 101 985 536
v 60 102 195 100
v 60 103 72 26
v 60 104 1506 764
v 60 105 1098 570
v 60 106 637 335
v 60 107 424 211
v 60 108 522 279
v 60 109 730 386
v 60 110 497 240
v 60 111 772 429
v 60 112 743 401
v 60 113 364 178
v 60 114 419 240
v 60 119 632 313
v 60 120 370 216
v 60 121 769 409
v 60 123 990 568
v 60 126 423 237
v 60 128 1003 528
v 60 129 444 239
v 60 131 547 285
v 60 135 1030 473
v 60 136 550 288
v 60 137 412 215
v 60 138 158 86
v 60 145 357 216
v 60 155 148 83
v 61 62 132 62
v 61 63 69 39
v 61 64 137 69
v 61 65 14 8
v 61 66 11 3
v 61 67 139 64
v 61 68 158 82
v 61 69 87 51
v 61 70 116 60
v 61 71 259 106
v 61 72 55 29
v 61 73 38 23
v 61 74 491 230
v 61 75 169 85
v 61 76 239 107
v 61 77 41 22
v 61 78 46 23
v 61 79 42 21
v 61 80 64 39
v 61 81 50 30
v 61 82 33 12
v 61 83 57 36
v 61 84 237 124
v 61 85 268 126
v 61 86 421 199
v 61 87 160 75
v 61 88 200 89
v 61 89 10 4
v 61 90 110 49
v 61 91 121 59
v 61 92 45 21
v 61 93 229 109
v 61 94 41 22
v 61 95 25 10
v 61 96 79 37
v 61 97 229 118
v 61 98 84 47
v 61 99 65 35
v 61 100 108 50
v 61 101 197 104
v 61 102 46 24
v 61 103 15 9
v 61 104 321 134
v 61 105 269 122
v 61 106 130 61
v 61 107 94 49
v 61 108 70 39
v 61 109 153 86
v 61 110 108 46
v 61 111 149 82
v 61 112 117 55
v 61 113 147 82
v 61 114 79 44
v 61 119 125 65
v 61 120 66 32
v 61 121 146 65
v 61 123 233 111
v 61 126 74 27
v 61 128 195 96
v 61 129 66 29
v 61 131 123 56
v 61 135 209 96
v 61 136 156 91
v 61 137 70 34
v 61 138 39 15
v 61 145 70 36
v 61 155 23 14
v 62 63 278 166
v 62 64 470 269
v 62 65 46 25
v 62 66 18 9
v 62 67 550 306
v 62 68 577 319
v 62 69 429 249
v 62 70 470 243
v 62 71 1245 610
v 62 72 273 153
v 62 73 170 81
v 62 74 1488 788
v 62 75 575 303
v 62 76 1024 526
v 62 77 96 42
v 62 78 196 110
v 62 79 125 72
v 62 80 188 112
v 62 81 211 99
v 62 82 95 34
v 62 83 211 125
v 62 84 967 499
v 62 85 1053 570
v 62 86 1720 917
v 62 87 652 329
v 62 88 950 505
v 62 89 68 36
v 62 90 327 182
v 62 91 318 162
v 62 92 127 57
v 62 93 1327 668
v 62 94 160 83
v 62 95 165 72
v 62 96 387 216
v 62 97 898 486
v 62 98 283 161
v 62 99 235 138
v 62 100 429 236
v 62 101 775 420
v 62 102 215 115
v 62 103 58 29
v 62 104 1210 609
v 62 105 993 532
v 62 106 589 345
v 62 107 381 204
v 62 108 407 239
v 62 109 562 356
v 62 110 412 234
v 62 111 465 267
v 62 112 590 314
v 62 113 299 142
v 62 114 332 189
v 62 119 562 297
v 62 120 300 182
v 62 121 550 297
v 62 123 857 479
v 62 126 357 177
v 62 128 827 441
v 62 129 318 181
v 62 131 379 208
v 62 135 775 407
v 62 136 479 256
v 62 137 299 156
v 62 138 149 84
v 62 145 290 168
v 62 155 138 77
v 63 64 307 149
v 63 65 39 19
v 63 66 12 4
v 63 67 322 139
v 63 68 376 167
v 63 69 216 105
v 63 70 274 136
v 63 71 703 317
v 63 72 158 84
v 63 73 90 42
v 63 74 851 410
v 63 75 325 151
v 63 76 504 213
v 63 77 43 23
v 63 78 116 51
v 63 79 84 48
v 63 80 108 51
v 63 81 126 50
v 63 82 64 21
v 63 83 123 69
v 63 84 600 268
v 63 85 646 333
v 63 86 996 411
v 63 87 380 174
v 63 88 447 191
v 63 89 30 8
v 63 90 175 91
v 63 91 164 74
v 63 92 59 20
v 63 93 606 292
v 63 94 97 50
v 63 95 66 35
v 63 96 252 122
v 63 97 551 262
v 63 98 159 81
v 63 99 145 70
v 63 100 297 148
v 63 101 397 196
v 63 102 109 50
v 63 103 42 17
v 63 104 687 274
v 63 105 466 190
v 63 106 320 158
v 63 107 176 77
v 63 108 261 127
v 63 109 300 153
v 63 110 238 107
v 63 111 232 124
v 63 112 280 139
v 63 113 150 64
v 63 114 198 93
v 63 119 235 96
v 63 120 146 69
v 63 121 327 151
v 63 123 438 222
v 63 126 203 84
v 63 128 439 220
v 63 129 198 96
v 63 131 229 110
v 63 135 430 192
v 63 136 296 154
v 63 137 156 78
v 63 138 73 40
v 63 145 120 50
v 63 155 69 37
v 64 65 49 27
v 64 66 20 10
v 64 67 562 241
v 64 68 640 288
v 64 69 426 212
v 64 70 493 236
v 64 71 1239 552
v 64 72 264 119
v 64 73 134 68
v 64 74 1573 729
v 64 75 666 305
v 64 76 952 427
v 64 77 80 34
v 64 78 152 74
v 64 79 135 70
v 64 80 182 81
v 64 81 226 121
v 64 82 74 32
v 64 83 212 115
v 64 84 1095 528
v 64 85 1207 580
v 64 86 1905 813
v 64 87 713 344
v 64 88 868 382
v 64 89 42 19
v 64 90 273 124
v 64 91 284 140
v 64 92 110 49
v 64 93 1041 502
v 64 94 151 66
v 64 95 138 56
v 64 96 466 223
v 64 97 955 454
v 64 98 312 171
v 64 99 291 151
v 64 100 467 239
v 64 101 783 385
v 64 102 201 82
v 64 103 53 19
v 64 104 1331 558
v 64 105 921 410
v 64 106 541 248
v 64 107 358 156
v 64 108 437 197
v 64 109 503 271
v 64 110 409 173
v 64 111 449 220
v 64 112 463 231
v 64 113 265 113
v 64 114 314 157
v 64 119 529 260
v 64 120 276 137
v 64 121 543 226
v 64 123 773 411
v 64 126 362 186
v 64 128 873 423
v 64 129 358 162
v 64 131 435 199
v 64 135 781 364
v 64 136 498 256
v 64 137 280 131
v 64 138 138 62
v 64 145 281 140
v 64 155 107 53
v 65 66 1 0
v 65 67 55 22
v 65 68 64 31
v 65 69 45 28
v 65 70 53 23
v 65 71 110 49
v 65 72 18 10
v 65 73 12 8
v 65 74 148 53
v 65 75 46 18
v 65 76 86 44
v 65 77 9 5
v 65 78 18 13
v 65 79 18 6
v 65 80 21 10
v 65 81 16 10
v 65 82 9 5
v 65 83 23 15
v 65 84 96 51
v 65 85 85 36
v 65 86 176 91
v 65 87 71 26
v 65 88 80 35
v 65 89 2 1
v 65 90 34 14
v 65 91 36 17
v 65 92 13 6
v 65 93 86 41
v 65 94 17 6
v 65 95 9 5
v 65 96 46 24
v 65 97 90 36
v 65 98 32 15
v 65 99 19 12
v 65 100 55 26
v 65 101 65 35
v 65 102 11 4
v 65 103 7 1
v 65 104 104 42
v 65 105 92 47
v 65 106 65 28
v 65 107 43 17
v 65 108 34 14
v 65 109 54 30
v 65 110 45 22
v 65 111 38 17
v 65 112 62 27
v 65 113 26 11
v 65 114 29 22
v 65 119 43 20
v 65 120 32 15
v 65 121 52 20
v 65 123 90 44
v 65 126 39 19
v 65 128 70 39
v 65 129 40 22
v 65 131 40 17
v 65 135 72 33
v 65 136 62 30
v 65 137 34 20
v 65 138 16 6
v 65 145 25 9
v 65 155 13 6
v 66 67 31 15
v 66 68 37 14
v 66 69 26 18
v 66 70 17 10
v 66 71 63 31
v 66 72 15 9
v 66 73 10 6
v 66 74 76 41
v 66 75 28 12
v 66 76 45 16
v 66 77 2 1
v 66 78 10 6
v 66 79 6 3
v 66 80 10 4
v 66 81 8 3
v 66 82 4 4
v 66 83 6 3
v 66 84 34 18
v 66 85 49 22
v 66 86 91 41
v 66 87 33 17
v 66 88 28 15
v 66 89 1 0
v 66 90 18 5
v 66 91 22 12
v 66 92 5 1
v 66 93 50 25
v 66 94 6 1
v 66 95 8 3
v 66 96 17 8
v 66 97 41 18
v 66 98 16 7
v 66 99 14 7
v 66 100 28 13
v 66 101 34 13
v 66 102 8 5
v 66 103 6 3
v 66 104 53 23
v 66 105 53 30
v 66 106 22 13
v 66 107 23 9
v 66 108 21 10
v 66 109 31 16
v 66 110 20 12
v 66 111 21 14
v 66 112 31 18
v 66 113 18 7
v 66 114 14 5
v 66 119 16 9
v 66 120 16 11
v 66 121 23 8
v 66 123 36 16
v 66 126 13 4
v 66 128 45 25
v 66 129 15 9
v 66 131 25 12
v 66 135 33 14
v 66 136 20 9
v 66 137 14 6
v 66 138 4 2
v 66 145 15 9
v 66 155 5 1
v 67 68 968 554
v 67 69 504 297
v 67 70 597 351
v 67 71 1489 755
v 67 72 262 146
v 67 73 178 115
v 67 74 1543 724
v 67 75 819 468
v 67 76 1154 577
v 67 77 94 45
v 67 78 194 95
v 67 79 148 78
v 67 80 189 94
v 67 81 250 128
v 67 82 121 41
v 67 83 243 139
v 67 84 1135 610
v 67 85 1000 478
v 67 86 2052 1095
v 67 87 883 464
v 67 88 910 449
v 67 89 55 29
v 67 90 332 170
v 67 91 260 120
v 67 92 131 55
v 67 93 1272 652
v 67 94 188 100
v 67 95 156 81
v 67 96 475 252
v 67 97 1093 588
v 67 98 332 190
v 67 99 253 133
v 67 100 585 321
v 67 101 924 474
v 67 102 173 77
v 67 103 61 38
v 67 104 1498 784
v 67 105 1010 511
v 67 106 630 329
v 67 107 330 167
v 67 108 480 250
v 67 109 564 318
v 67 110 392 184
v 67 111 578 306
v 67 112 778 425
v 67 113 380 187
v 67 114 353 201
v 67 119 574 304
v 67 120 315 164
v 67 121 713 357
v 67 123 964 542
v 67 126 403 230
v 67 128 931 507
v 67 129 353 208
v 67 131 474 252
v 67 135 889 434
v 67 136 519 273
v 67 137 346 180
v 67 138 176 95
v 67 145 290 167
v 67 155 105 62
v 68 69 482 248
v 68 70 662 306
v 68 71 1473 671
v 68 72 307 166
v 68 73 192 104
v 68 74 1850 878
v 68 75 824 432
v 68 76 1254 590
v 68 77 162 87
v 68 78 204 100
v 68 79 198 105
v 68 80 254 128
v 68 81 271 143
v 68 82 108 49
v 68 83 265 158
v 68 84 1313 671
v 68 85 1403 747
v 68 86 2261 1153
v 68 87 896 443
v 68 88 987 496
v 68 89 68 30
v 68 90 367 172
v 68 91 404 192
v 68 92 140 73
v 68 93 1006 539
v 68 94 288 141
v 68 95 149 76
v 68 96 479 253
v 68 97 1165 598
v 68 98 316 169
v 68 99 297 158
v 68 100 564 287
v 68 101 929 464
v 68 102 242 123
v 68 103 76 40
v 68 104 1618 756
v 68 105 1144 556
v 68 106 699 382
v 68 107 458 241
v 68 108 541 291
v 68 109 621 362
v 68 110 546 260
v 68 111 634 298
v 68 112 664 341
v 68 113 401 186
v 68 114 338 192
v 68 119 655 323
v 68 120 367 206
v 68 121 672 325
v 68 123 984 517
v 68 126 446 223
v 68 128 1068 506
v 68 129 439 227
v 68 131 496 237
v 68 135 894 432
v 68 136 589 314
v 68 137 390 189
v 68 138 185 100
v 68 145 362 215
v 68 155 117 62
v 69 70 329 170
v 69 71 915 413
v 69 72 183 90
v 69 73 137 67
v 69 74 1167 535
v 69 75 493 244
v 69 76 816 352
v 69 77 67 24
v 69 78 168 77
v 69 79 118 56
v 69 80 162 74
v 69 81 162 72
v 69 82 77 31
v 69 83 152 86
v 69 84 741 357
v 69 85 841 423
v 69 86 1279 625
v 69 87 606 289
v 69 88 721 334
v 69 89 38 12
v 69 90 236 112
v 69 91 274 130
v 69 92 88 29
v 69 93 823 401
v 69 94 206 90
v 69 95 92 46
v 69 96 358 180
v 69 97 661 310
v 69 98 296 162
v 69 99 172 81
v 69 100 336 156
v 69 101 633 318
v 69 102 179 94
v 69 103 36 11
v 69 104 993 463
v 69 105 673 319
v 69 106 449 227
v 69 107 313 148
v 69 108 349 178
v 69 109 386 190
v 69 110 349 148
v 69 111 375 179
v 69 112 462 194
v 69 113 225 89
v 69 114 242 124
v 69 119 457 193
v 69 120 253 122
v 69 121 399 182
v 69 123 632 325
v 69 126 289 146
v 69 128 662 315
v 69 129 272 134
v 69 131 332 154
v 69 135 645 294
v 69 136 371 170
v 69 137 241 117
v 69 138 117 56
v 69 145 204 106
v 69 155 114 65
v 70 71 1232 592
v 70 72 237 126
v 70 73 174 104
v 70 74 1517 721
v 70 75 654 301
v 70 76 889 413
v 70 77 70 36
v 70 78 132 53
v 70 79 158 88
v 70 80 202 114
v 70 81 183 86
v 70 82 96 37
v 70 83 185 105
v 70 84 925 434
v 70 85 1181 583
v 70 86 1737 889
v 70 87 607 289
v 70 88 750 360
v 70 89 48 25
v 70 90 282 145
v 70 91 290 135
v 70 92 92 36
v 70 93 1042 526
v 70 94 138 68
v 70 95 172 88
v 70 96 436 249
v 70 97 1057 541
v 70 98 403 243
v 70 99 282 135
v 70 100 510 245
v 70 101 611 319
v 70 102 153 71
v 70 103 60 25
v 70 104 1276 620
v 70 105 915 417
v 70 106 531 262
v 70 107 357 193
v 70 108 387 212
v 70 109 459 252
v 70 110 589 276
v 70 111 445 210
v 70 112 453 233
v 70 113 283 140
v 70 114 350 179
v 70 119 474 245
v 70 120 284 159
v 70 121 528 239
v 70 123 719 375
v 70 126 339 167
v 70 128 896 463
v 70 129 371 177
v 70 131 403 208
v 70 135 709 329
v 70 136 517 281
v 70 137 294 152
v 70 138 169 87
v 70 145 259 135
v 70 155 115 62
v 71 72 590 320
v 71 73 384 210
v 71 74 3604 1781
v 71 75 1380 757
v 71 76 2371 1134
v 71 77 189 93
v 71 78 397 211
v 71 79 353 213
v 71 80 432 242
v 71 81 537 285
v 71 82 251 125
v 71 83 470 276
v 71 84 2516 1293
v 71 85 2518 1343
v 71 86 4339 2266
v 71 87 1612 816
v 71 88 1997 952
v 71 89 122 69
v 71 90 683 357
v 71 91 653 332
v 71 92 262 120
v 71 93 2496 1311
v 71 94 382 207
v 71 95 363 170
v 71 96 912 494
v 71 97 2177 1158
v 71 98 1024 553
v 71 99 613 352
v 71 100 1103 578
v 71 101 1800 989
v 71 102 404 206
v 71 103 130 60
v 71 104 2636 1328
v 71 105 2237 1170
v 71 106 1435 732
v 71 107 793 410
v 71 108 1327 685
v 71 109 1217 683
v 71 110 1018 501
v 71 111 1026 541
v 71 112 1161 571
v 71 113 672 331
v 71 114 774 443
v 71 119 1180 607
v 71 120 631 375
v 71 121 1258 644
v 71 123 1953 1103
v 71 126 846 452
v 71 128 1836 959
v 71 129 951 511
v 71 131 964 514
v 71 135 1895 906
v 71 136 1109 635
v 71 137 691 389
v 71 138 376 202
v 71 145 606 354
v 71 155 300 146
v 72 73 99 45
v 72 74 719 333
v 72 75 338 152
v 72 76 451 188
v 72 77 38 18
v 72 78 82 38
v 72 79 78 36
v 72 80 81 43
v 72 81 99 45
v 72 82 44 18
v 72 83 102 59
v 72 84 484 228
v 72 85 549 277
v 72 86 887 391
v 72 87 333 143
v 72 88 426 178
v 72 89 26 11
v 72 90 150 73
v 72 91 128 71
v 72 92 35 10
v 72 93 513 208
v 72 94 59 38
v 72 95 73 34
v 72 96 209 92
v 72 97 464 221
v 72 98 157 80
v 72 99 125 55
v 72 100 229 106
v 72 101 350 159
v 72 102 114 51
v 72 103 22 7
v 72 104 569 230
v 72 105 377 175
v 72 106 251 110
v 72 107 182 87
v 72 108 227 118
v 72 109 246 128
v 72 110 192 77
v 72 111 182 75
v 72 112 233 120
v 72 113 102 40
v 72 114 171 89
v 72 119 257 108
v 72 120 136 65
v 72 121 260 129
v 72 123 366 198
v 72 126 187 92
v 72 128 366 175
v 72 129 172 84
v 72 131 200 83
v 72 135 372 171
v 72 136 224 101
v 72 137 123 67
v 72 138 101 45
v 72 145 140 71
v 72 155 51 27
v 73 74 455 203
v 73 75 191 91
v 73 76 271 109
v 73 77 23 13
v 73 78 46 21
v 73 79 38 20
v 73 80 47 24
v 73 81 72 42
v 73 82 25 7
v 73 83 65 38
v 73 84 277 122
v 73 85 300 139
v 73 86 587 276
v 73 87 198 89
v 73 88 236 102
v 73 89 11 5
v 73 90 97 54
v 73 91 90 36
v 73 92 26 4
v 73 93 338 152
v 73 94 49 28
v 73 95 46 15
v 73 96 137 69
v 73 97 299 152
v 73 98 115 53
v 73 99 76 32
v 73 100 155 71
v 73 101 213 93
v 73 102 68 34
v 73 103 18 10
v 73 104 388 173
v 73 105 267 111
v 73 106 158 75
v 73 107 123 56
v 73 108 115 52
v 73 109 159 74
v 73 110 125 54
v 73 111 132 68
v 73 112 170 70
v 73 113 88 46
v 73 114 108 57
v 73 119 129 62
v 73 120 92 44
v 73 121 131 55
v 73 123 228 110
v 73 126 113 63
v 73 128 256 121
v 73 129 110 57
v 73 131 118 47
v 73 135 201 82
v 73 136 132 63
v 73 137 80 41
v 73 138 47 21
v 73 145 71 41
v 73 155 37 16
v 74 75 1781 934
v 74 76 3012 1393
v 74 77 274 137
v 74 78 538 268
v 74 79 416 227
v 74 80 641 348
v 74 81 564 297
v 74 82 353 151
v 74 83 647 366
v 74 84 2886 1478
v 74 85 3195 1589
v 74 86 5436 2801
v 74 87 1975 1014
v 74 88 2266 1128
v 74 89 150 73
v 74 90 1046 509
v 74 91 1027 506
v 74 92 341 151
v 74 93 2941 1577
v 74 94 371 198
v 74 95 359 197
v 74 96 1180 666
v 74 97 2813 1449
v 74 98 927 494
v 74 99 791 413
v 74 100 1449 718
v 74 101 2210 1117
v 74 102 539 261
v 74 103 165 69
v 74 104 3533 1709
v 74 105 3028 1590
v 74 106 1721 897
v 74 107 1144 588
v 74 108 1179 641
v 74 109 1520 936
v 74 110 1325 608
v 74 111 1447 714
v 74 112 1671 836
v 74 113 999 494
v 74 114 927 534
v 74 119 1535 806
v 74 120 1125 570
v 74 121 1769 870
v 74 123 2538 1358
v 74 126 1337 624
v 74 128 2615 1337
v 74 129 1061 557
v 74 131 1244 672
v 74 135 2449 1167
v 74 136 1564 865
v 74 137 936 516
v 74 138 421 243
v 74 145 913 513
v 74 155 370 193
v 75 76 1150 554
v 75 77 132 62
v 75 78 208 94
v 75 79 157 75
v 75 80 214 108
v 75 81 275 140
v 75 82 97 48
v 75 83 235 135
v 75 84 1302 627
v 75 85 1261 639
v 75 86 2369 1214
v 75 87 917 439
v 75 88 1084 480
v 75 89 73 40
v 75 90 334 166
v 75 91 325 172
v 75 92 107 47
v 75 93 1349 627
v 75 94 201 94
v 75 95 181 83
v 75 96 513 263
v 75 97 1107 538
v 75 98 348 207
v 75 99 348 201
v 75 100 518 278
v 75 101 1043 521
v 75 102 256 129
v 75 103 64 24
v 75 104 1486 650
v 75 105 1025 480
v 75 106 630 312
v 75 107 383 192
v 75 108 589 317
v 75 109 632 357
v 75 110 470 219
v 75 111 603 277
v 75 112 595 294
v 75 113 327 137
v 75 114 427 238
v 75 119 656 325
v 75 120 361 194
v 75 121 653 349
v 75 123 913 478
v 75 126 426 195
v 75 128 1013 535
v 75 129 383 205
v 75 131 494 251
v 75 135 868 443
v 75 136 563 312
v 75 137 365 200
v 75 138 191 96
v 75 145 305 170
v 75 155 132 70
v 76 77 188 95
v 76 78 353 190
v 76 79 251 151
v 76 80 339 190
v 76 81 374 171
v 76 82 171 83
v 76 83 378 238
v 76 84 1870 977
v 76 85 1904 1020
v 76 86 2952 1535
v 76 87 1367 765
v 76 88 1754 799
v 76 89 90 46
v 76 90 604 300
v 76 91 547 274
v 76 92 207 94
v 76 93 1826 1064
v 76 94 252 139
v 76 95 225 140
v 76 96 770 451
v 76 97 1672 911
v 76 98 665 406
v 76 99 505 295
v 76 100 814 451
v 76 101 1374 775
v 76 102 395 235
v 76 103 114 53
v 76 104 2522 1348
v 76 105 1721 898
v 76 106 996 564
v 76 107 639 338
v 76 108 780 467
v 76 109 953 569
v 76 110 777 392
v 76 111 871 479
v 76 112 1071 577
v 76 113 598 276
v 76 114 572 359
v 76 119 1011 547
v 76 120 516 261
v 76 121 1017 498
v 76 123 1524 889
v 76 126 582 338
v 76 128 1616 914
v 76 129 597 350
v 76 131 823 439
v 76 135 1452 734
v 76 136 938 499
v 76 137 550 312
v 76 138 277 159
v 76 145 472 271
v 76 155 219 128
v 77 78 52 27
v 77 79 21 12
v 77 80 42 21
v 77 81 30 18
v 77 82 30 16
v 77 83 26 13
v 77 84 167 84
v 77 85 222 122
v 77 86 357 182
v 77 87 145 69
v 77 88 130 60
v 77 89 23 9
v 77 90 82 41
v 77 91 61 28
v 77 92 22 7
v 77 93 173 80
v 77 94 19 11
v 77 95 37 22
v 77 96 83 37
v 77 97 148 75
v 77 98 56 31
v 77 99 39 20
v 77 100 68 25
v 77 101 144 75
v 77 102 31 12
v 77 103 9 4
v 77 104 191 93
v 77 105 188 80
v 77 106 104 46
v 77 107 52 31
v 77 108 70 37
v 77 109 116 60
v 77 110 71 35
v 77 111 91 48
v 77 112 97 50
v 77 113 76 44
v 77 114 53 28
v 77 119 88 48
v 77 120 51 28
v 77 121 129 58
v 77 123 157 76
v 77 126 49 23
v 77 128 139 69
v 77 129 63 31
v 77 131 76 50
v 77 135 149 69
v 77 136 88 52
v 77 137 52 28
v 77 138 28 14
v 77 145 43 26
v 77 155 15 6
v 78 79 36 24
v 78 80 65 40
v 78 81 56 31
v 78 82 40 20
v 78 83 64 37
v 78 84 280 157
v 78 85 378 199
v 78 86 629 342
v 78 87 231 122
v 78 88 278 132
v 78 89 18 11
v 78 90 101 45
v 78 91 123 67
v 78 92 52 22
v 78 93 331 169
v 78 94 59 30
v 78 95 39 15
v 78 96 135 61
v 78 97 305 166
v 78 98 118 63
v 78 99 61 34
v 78 100 160 84
v 78 101 266 141
v 78 102 65 33
v 78 103 26 14
v 78 104 388 200
v 78 105 338 178
v 78 106 237 119
v 78 107 135 63
v 78 108 131 69
v 78 109 180 95
v 78 110 130 65
v 78 111 172 84
v 78 112 202 100
v 78 113 109 56
v 78 114 98 52
v 78 119 191 98
v 78 120 109 59
v 78 121 221 115
v 78 123 269 151
v 78 126 125 52
v 78 128 311 170
v 78 129 110 64
v 78 131 145 73
v 78 135 298 161
v 78 136 183 103
v 78 137 83 46
v 78 138 58 29
v 78 145 87 50
v 78 155 42 23
v 79 80 61 26
v 79 81 65 27
v 79 82 26 13
v 79 83 64 32
v 79 84 241 101
v 79 85 252 112
v 79 86 428 188
v 79 87 203 90
v 79 88 202 82
v 79 89 15 7
v 79 90 108 45
v 79 91 81 38
v 79 92 22 8
v 79 93 247 112
v 79 94 45 15
v 79 95 35 11
v 79 96 119 45
v 79 97 254 119
v 79 98 90 36
v 79 99 64 35
v 79 100 138 59
v 79 101 196 91
v 79 102 53 28
v 79 103 9 4
v 79 104 350 153
v 79 105 271 130
v 79 106 140 60
v 79 107 87 37
v 79 108 113 52
v 79 109 135 63
v 79 110 115 47
v 79 111 115 59
v 79 112 178 84
v 79 113 63 28
v 79 114 70 32
v 79 119 119 56
v 79 120 89 46
v 79 121 167 70
v 79 123 215 106
v 79 126 80 37
v 79 128 216 88
v 79 129 98 49
v 79 131 128 48
v 79 135 210 81
v 79 136 132 64
v 79 137 81 34
v 79 138 46 23
v 79 145 69 31
v 79 155 29 16
v 80 81 74 26
v 80 82 41 18
v 80 83 87 45
v 80 84 352 155
v 80 85 385 189
v 80 86 642 319
v 80 87 257 131
v 80 88 269 127
v 80 89 24 15
v 80 90 134 66
v 80 91 110 46
v 80 92 44 13
v 80 93 399 192
v 80 94 50 22
v 80 95 63 28
v 80 96 154 81
v 80 97 358 187
v 80 98 116 51
v 80 99 92 43
v 80 100 170 79
v 80 101 268 138
v 80 102 67 34
v 80 103 22 11
v 80 104 425 202
v 80 105 341 160
v 80 106 205 96
v 80 107 125 63
v 80 108 123 56
v 80 109 218 108
v 80 110 155 70
v 80 111 170 88
v 80 112 203 89
v 80 113 121 56
v 80 114 109 56
v 80 119 168 84
v 80 120 109 50
v 80 121 231 108
v 80 123 291 137
v 80 126 110 60
v 80 128 308 149
v 80 129 141 73
v 80 131 165 82
v 80 135 305 130
v 80 136 189 105
v 80 137 133 75
v 80 138 53 25
v 80 145 112 56
v 80 155 42 17
v 81 82 57 26
v 81 83 83 42
v 81 84 465 272
v 81 85 440 236
v 81 86 715 412
v 81 87 299 142
v 81 88 339 160
v 81 89 19 5
v 81 90 116 46
v 81 91 131 65
v 81 92 44 19
v 81 93 386 180
v 81 94 75 38
v 81 95 54 25
v 81 96 192 105
v 81 97 369 202
v 81 98 150 61
v 81 99 115 65
v 81 100 174 88
v 81 101 341 177
v 81 102 65 35
v 81 103 26 13
v 81 104 571 293
v 81 105 372 179
v 81 106 230 113
v 81 107 117 61
v 81 108 199 104
v 81 109 183 97
v 81 110 133 64
v 81 111 194 123
v 81 112 172 85
v 81 113 131 65
v 81 114 117 63
v 81 119 209 103
v 81 120 126 69
v 81 121 231 125
v 81 123 325 168
v 81 126 118 73
v 81 128 307 148
v 81 129 139 69
v 81 131 159 75
v 81 135 310 139
v 81 136 199 102
v 81 137 109 62
v 81 138 72 45
v 81 145 108 66
v 81 155 45 30
v 82 83 55 30
v 82 84 185 108
v 82 85 261 150
v 82 86 389 214
v 82 87 104 44
v 82 88 165 90
v 82 89 14 10
v 82 90 67 33
v 82 91 82 47
v 82 92 27 11
v 82 93 180 111
v 82 94 37 15
v 82 95 33 11
v 82 96 68 35
v 82 97 181 102
v 82 98 61 30
v 82 99 47 25
v 82 100 93 50
v 82 101 156 96
v 82 102 53 32
v 82 103 12 3
v 82 104 252 131
v 82 105 182 105
v 82 106 121 68
v 82 107 73 37
v 82 108 66 31
v 82 109 117 73
v 82 110 95 44
v 82 111 121 71
v 82 112 68 30
v 82 113 92 57
v 82 114 62 35
v 82 119 84 46
v 82 120 59 37
v 82 121 116 59
v 82 123 176 96
v 82 126 64 41
v 82 128 153 84
v 82 129 68 40
v 82 131 91 49
v 82 135 136 66
v 82 136 112 60
v 82 137 76 38
v 82 138 33 11
v 82 145 70 41
v 82 155 25 12
v 83 84 371 165
v 83 85 382 175
v 83 86 709 308
v 83 87 239 112
v 83 88 295 134
v 83 89 23 10
v 83 90 150 53
v 83 91 125 48
v 83 92 44 19
v 83 93 380 182
v 83 94 67 36
v 83 95 66 27
v 83 96 143 70
v 83 97 390 177
v 83 98 258 117
v 83 99 90 38
v 83 100 182 81
v 83 101 281 139
v 83 102 75 34
v 83 103 17 4
v 83 104 473 187
v 83 105 394 176
v 83 106 175 84
v 83 107 133 62
v 83 108 156 81
v 83 109 230 112
v 83 110 182 72
v 83 111 190 89
v 83 112 241 90
v 83 113 111 46
v 83 114 120 53
v 83 119 180 76
v 83 120 102 42
v 83 121 215 94
v 83 123 298 142
v 83 126 116 45
v 83 128 321 141
v 83 129 136 43
v 83 131 164 63
v 83 135 315 126
v 83 136 214 101
v 83 137 144 62
v 83 138 56 30
v 83 145 128 65
v 83 155 47 28
v 84 85 2121 1058
v 84 86 3636 1808
v 84 87 1383 707
v 84 88 1604 768
v 84 89 104 52
v 84 90 556 273
v 84 91 525 271
v 84 92 185 82
v 84 93 2241 1125
v 84 94 278 157
v 84 95 280 153
v 84 96 855 440
v 84 97 1904 975
v 84 98 797 438
v 84 99 595 312
v 84 100 918 443
v 84 101 1574 809
v 84 102 364 183
v 84 103 87 45
v 84 104 2617 1208
v 84 105 1737 826
v 84 106 1027 535
v 84 107 649 315
v 84 108 876 457
v 84 109 1001 554
v 84 110 771 374
v 84 111 822 408
v 84 112 950 452
v 84 113 561 253
v 84 114 624 340
v 84 119 1018 507
v 84 120 582 318
v 84 121 1017 459
v 84 123 1525 824
v 84 126 656 309
v 84 128 1671 819
v 84 129 628 344
v 84 131 733 369
v 84 135 1497 723
v 84 136 892 461
v 84 137 559 287
v 84 138 313 164
v 84 145 453 256
v 84 155 255 125
v 85 86 3808 1836
v 85 87 1421 743
v 85 88 1652 748
v 85 89 119 57
v 85 90 633 312
v 85 91 675 328
v 85 92 220 98
v 85 93 2055 992
v 85 94 416 177
v 85 95 291 134
v 85 96 805 432
v 85 97 1876 889
v 85 98 983 508
v 85 99 536 285
v 85 100 946 468
v 85 101 1544 787
v 85 102 394 214
v 85 103 125 57
v 85 104 2550 1148
v 85 105 2050 1031
v 85 106 1058 494
v 85 107 693 355
v 85 108 873 470
v 85 109 1164 659
v 85 110 968 462
v 85 111 964 511
v 85 112 1158 572
v 85 113 652 307
v 85 114 672 338
v 85 119 1101 521
v 85 120 592 303
v 85 121 1215 582
v 85 123 1693 917
v 85 126 676 332
v 85 128 2577 1302
v 85 129 673 337
v 85 131 838 419
v 85 135 1686 796
v 85 136 1067 530
v 85 137 623 289
v 85 138 323 159
v 85 145 574 309
v 85 155 214 123
v 86 87 2525 1272
v 86 88 2861 1352
v 86 89 170 93
v 86 90 1102 509
v 86 91 954 466
v 86 92 361 160
v 86 93 3676 1810
v 86 94 477 264
v 86 95 443 207
v 86 96 1470 760
v 86 97 3147 1669
v 86 98 1067 601
v 86 99 906 493
v 86 100 1676 787
v 86 101 2664 1336
v 86 102 601 300
v 86 103 199 94
v 86 104 4307 1969
v 86 105 3309 1687
v 86 106 2138 1052
v 86 107 1325 645
v 86 108 1324 818
v 86 109 1889 1071
v 86 110 1477 680
v 86 111 1490 762
v 86 112 1873 891
v 86 113 977 465
v 86 114 1223 672
v 86 119 1800 887
v 86 120 1014 532
v 86 121 1953 944
v 86 123 2941 1527
v 86 126 1231 595
v 86 128 2992 1517
v 86 129 1255 679
v 86 131 1424 760
v 86 135 2701 1228
v 86 136 1658 846
v 86 137 1014 512
v 86 138 548 297
v 86 145 923 479
v 86 155 384 194
v 87 88 1133 550
v 87 89 60 22
v 87 90 408 214
v 87 91 376 200
v 87 92 130 56
v 87 93 1172 667
v 87 94 235 118
v 87 95 171 74
v 87 96 564 276
v 87 97 1177 614
v 87 98 404 224
v 87 99 339 183
v 87 100 680 350
v 87 101 1043 534
v 87 102 273 133
v 87 103 82 49
v 87 104 1631 751
v 87 105 1212 634
v 87 106 716 384
v 87 107 475 244
v 87 108 626 318
v 87 109 664 379
v 87 110 560 268
v 87 111 548 269
v 87 112 707 331
v 87 113 347 162
v 87 114 460 249
v 87 119 716 330
v 87 120 446 239
v 87 121 792 383
v 87 123 1111 592
v 87 126 532 275
v 87 128 1108 557
v 87 129 447 254
v 87 131 552 285
v 87 135 992 514
v 87 136 612 303
v 87 137 374 218
v 87 138 186 86
v 87 145 359 200
v 87 155 125 68
v 88 89 83 50
v 88 90 473 257
v 88 91 416 216
v 88 92 153 85
v 88 93 1798 964
v 88 94 181 109
v 88 95 214 97
v 88 96 737 388
v 88 97 1443 714
v 88 98 439 262
v 88 99 365 210
v 88 100 739 403
v 88 101 1362 719
v 88 102 266 137
v 88 103 93 50
v 88 104 1946 960
v 88 105 1532 836
v 88 106 923 470
v 88 107 638 331
v 88 108 721 415
v 88 109 817 501
v 88 110 631 301
v 88 111 706 391
v 88 112 794 416
v 88 113 399 199
v 88 114 552 321
v 88 119 905 483
v 88 120 489 236
v 88 121 860 436
v 88 123 1319 724
v 88 126 577 317
v 88 128 1243 648
v 88 129 525 291
v 88 131 631 312
v 88 135 1200 646
v 88 136 712 397
v 88 137 470 274
v 88 138 232 134
v 88 145 401 228
v 88 155 166 86
v 89 90 37 19
v 89 91 39 20
v 89 92 19 8
v 89 93 115 60
v 89 94 18 11
v 89 95 10 3
v 89 96 36 16
v 89 97 93 50
v 89 98 35 18
v 89 99 30 19
v 89 100 41 27
v 89 101 85 45
v 89 102 25 11
v 89 103 6 3
v 89 104 125 54
v 89 105 103 56
v 89 106 76 41
v 89 107 43 20
v 89 108 32 18
v 89 109 57 35
v 89 110 37 11
v 89 111 61 32
v 89 112 56 32
v 89 113 40 17
v 89 114 32 23
v 89 119 49 28
v 89 120 30 19
v 89 121 47 23
v 89 123 86 41
v 89 126 34 19
v 89 128 85 38
v 89 129 25 13
v 89 131 56 29
v 89 135 70 28
v 89 136 44 24
v 89 137 26 15
v 89 138 10 3
v 89 145 31 11
v 89 155 11 6
v 90 91 234 113
v 90 92 96 40
v 90 93 567 279
v 90 94 87 40
v 90 95 61 34
v 90 96 230 125
v 90 97 565 275
v 90 98 196 108
v 90 99 162 86
v 90 100 265 123
v 90 101 441 209
v 90 102 106 51
v 90 103 36 16
v 90 104 746 347
v 90 105 652 337
v 90 106 377 198
v 90 107 224 116
v 90 108 235 122
v 90 109 359 204
v 90 110 249 120
v 90 111 280 153
v 90 112 381 190
v 90 113 229 110
v 90 114 145 80
v 90 119 288 159
v 90 120 159 89
v 90 121 348 179
v 90 123 575 302
v 90 126 217 108
v 90 128 489 235
v 90 129 192 103
v 90 131 269 141
v 90 135 480 251
v 90 136 314 162
v 90 137 192 97
v 90 138 72 46
v 90 145 176 109
v 90 155 69 43
v 91 92 101 48
v 91 93 507 257
v 91 94 98 58
v 91 95 86 38
v 91 96 215 123
v 91 97 568 279
v 91 98 208 116
v 91 99 153 84
v 91 100 294 148
v 91 101 424 210
v 91 102 115 58
v 91 103 35 18
v 91 104 703 337
v 91 105 646 322
v 91 106 347 178
v 91 107 222 117
v 91 108 191 93
v 91 109 404 226
v 91 110 253 120
v 91 111 316 162
v 91 112 362 184
v 91 113 238 110
v 91 114 144 81
v 91 119 281 146
v 91 120 164 82
v 91 121 436 203
v 91 123 545 281
v 91 126 197 98
v 91 128 492 245
v 91 129 190 93
v 91 131 281 131
v 91 135 486 219
v 91 136 315 159
v 91 137 210 106
v 91 138 89 51
v 91 145 181 95
v 91 155 71 48
v 92 93 164 95
v 92 94 52 23
v 92 95 23 11
v 92 96 87 56
v 92 97 201 120
v 92 98 64 42
v 92 99 45 30
v 92 100 90 45
v 92 101 171 96
v 92 102 37 23
v 92 103 11 6
v 92 104 238 120
v 92 105 195 104
v 92 106 110 62
v 92 107 73 43
v 92 108 78 45
v 92 109 126 79
v 92 110 103 59
v 92 111 98 56
v 92 112 109 64
v 92 113 72 49
v 92 114 59 28
v 92 119 113 61
v 92 120 61 35
v 92 121 143 76
v 92 123 188 110
v 92 126 75 46
v 92 128 179 117
v 92 129 68 32
v 92 131 97 52
v 92 135 193 105
v 92 136 103 51
v 92 137 80 50
v 92 138 31 21
v 92 145 56 36
v 92 155 25 15
v 93 94 277 155
v 93 95 269 118
v 93 96 850 436
v 93 97 1836 904
v 93 98 772 387
v 93 99 687 426
v 93 100 966 481
v 93 101 1402 684
v 93 102 390 203
v 93 103 123 46
v 93 104 2300 1065
v 93 105 1469 628
v 93 106 1331 737
v 93 107 770 397
v 93 108 876 449
v 93 109 981 563
v 93 110 706 328
v 93 111 899 450
v 93 112 1127 552
v 93 113 516 249
v 93 114 714 401
v 93 119 1027 492
v 93 120 612 321
v 93 121 933 370
v 93 123 1573 821
v 93 126 798 424
v 93 128 1689 814
v 93 129 710 344
v 93 131 778 377
v 93 135 1491 640
v 93 136 936 469
v 93 137 581 291
v 93 138 320 148
v 93 145 569 314
v 93 155 241 114
v 94 95 40 16
v 94 96 124 60
v 94 97 243 126
v 94 98 103 57
v 94 99 75 36
v 94 100 128 62
v 94 101 246 144
v 94 102 59 28
v 94 103 14 8
v 94 104 440 202
v 94 105 300 159
v 94 106 182 85
v 94 107 102 51
v 94 108 106 55
v 94 109 166 90
v 94 110 130 61
v 94 111 128 74
v 94 112 149 68
v 94 113 105 40
v 94 114 89 38
v 94 119 151 71
v 94 120 82 44
v 94 121 156 64
v 94 123 249 134
v 94 126 93 48
v 94 128 223 109
v 94 129 77 39
v 94 131 119 60
v 94 135 237 110
v 94 136 132 63
v 94 137 83 41
v 94 138 40 21
v 94 145 87 50
v 94 155 28 15
v 95 96 82 35
v 95 97 226 113
v 95 98 68 40
v 95 99 70 38
v 95 100 135 74
v 95 101 176 84
v 95 102 56 24
v 95 103 20 9
v 95 104 450 242
v 95 105 200 109
v 95 106 130 71
v 95 107 111 66
v 95 108 96 52
v 95 109 113 70
v 95 110 120 64
v 95 111 96 48
v 95 112 104 53
v 95 113 62 29
v 95 114 85 52
v 95 119 121 65
v 95 120 71 40
v 95 121 133 69
v 95 123 176 91
v 95 126 79 43
v 95 128 193 104
v 95 129 82 40
v 95 131 86 46
v 95 135 228 116
v 95 136 156 90
v 95 137 64 40
v 95 138 46 23
v 95 145 63 48
v 95 155 24 12
v 96 97 713 340
v 96 98 273 142
v 96 99 205 96
v 96 100 373 192
v 96 101 626 308
v 96 102 157 65
v 96 103 43 17
v 96 104 1136 527
v 96 105 780 383
v 96 106 452 215
v 96 107 281 127
v 96 108 405 184
v 96 109 378 211
v 96 110 324 153
v 96 111 337 159
v 96 112 359 171
v 96 113 218 98
v 96 114 300 156
v 96 119 425 198
v 96 120 241 128
v 96 121 444 189
v 96 123 623 330
v 96 126 274 123
v 96 128 710 340
v 96 129 300 159
v 96 131 331 172
v 96 135 633 298
v 96 136 381 183
v 96 137 239 118
v 96 138 115 54
v 96 145 208 117
v 96 155 93 44
v 97 98 645 327
v 97 99 446 229
v 97 100 829 431
v 97 101 1249 625
v 97 102 314 152
v 97 103 107 43
v 97 104 2194 1052
v 97 105 1580 770
v 97 106 1050 493
v 97 107 708 340
v 97 108 738 408
v 97 109 957 560
v 97 110 714 362
v 97 111 844 463
v 97 112 935 444
v 97 113 523 258
v 97 114 558 298
v 97 119 940 451
v 97 120 512 258
v 97 121 1040 493
v 97 123 1490 817
v 97 126 624 309
v 97 128 1519 768
v 97 129 692 343
v 97 131 803 409
v 97 135 1505 690
v 97 136 934 508
v 97 137 525 277
v 97 138 242 124
v 97 145 503 272
v 97 155 221 109
v 98 99 215 111
v 98 100 381 191
v 98 101 379 184
v 98 102 103 42
v 98 103 38 15
v 98 104 783 342
v 98 105 556 233
v 98 106 394 169
v 98 107 296 150
v 98 108 272 123
v 98 109 357 213
v 98 110 276 129
v 98 111 255 130
v 98 112 360 188
v 98 113 197 83
v 98 114 198 113
v 98 119 302 157
v 98 120 176 103
v 98 121 242 100
v 98 123 563 309
v 98 126 209 100
v 98 128 555 275
v 98 129 216 103
v 98 131 261 125
v 98 135 494 239
v 98 136 329 163
v 98 137 222 102
v 98 138 133 70
v 98 145 165 80
v 98 155 88 47
v 99 100 243 111
v 99 101 420 215
v 99 102 106 52
v 99 103 28 12
v 99 104 703 281
v 99 105 503 251
v 99 106 247 123
v 99 107 159 72
v 99 108 241 118
v 99 109 249 145
v 99 110 194 85
v 99 111 199 87
v 99 112 242 117
v 99 113 138 59
v 99 114 181 88
v 99 119 222 86
v 99 120 128 73
v 99 121 291 144
v 99 123 376 157
v 99 126 154 79
v 99 128 411 211
v 99 129 183 94
v 99 131 207 90
v 99 135 411 197
v 99 136 262 128
v 99 137 165 69
v 99 138 86 40
v 99 145 113 69
v 99 155 54 27
v 100 101 672 346
v 100 102 148 79
v 100 103 49 23
v 100 104 1014 516
v 100 105 851 403
v 100 106 495 239
v 100 107 372 180
v 100 108 345 177
v 100 109 571 313
v 100 110 406 167
v 100 111 415 221
v 100 112 476 227
v 100 113 275 138
v 100 114 323 155
v 100 119 470 230
v 100 120 293 154
v 100 121 523 257
v 100 123 760 400
v 100 126 362 184
v 100 128 832 405
v 100 129 370 195
v 100 131 413 213
v 100 135 801 368
v 100 136 442 249
v 100 137 241 127
v 100 138 161 85
v 100 145 242 137
v 100 155 106 42
v 101 102 324 168
v 101 103 74 37
v 101 104 1638 745
v 101 105 1342 665
v 101 106 778 411
v 101 107 532 270
v 101 108 660 358
v 101 109 705 411
v 101 110 574 269
v 101 111 622 293
v 101 112 730 361
v 101 113 466 234
v 101 114 461 252
v 101 119 797 404
v 101 120 449 239
v 101 121 790 353
v 101 123 1223 653
v 101 126 483 237
v 101 128 1274 659
v 101 129 516 254
v 101 131 595 293
v 101 135 1216 575
v 101 136 732 379
v 101 137 460 260
v 101 138 185 100
v 101 145 385 214
v 101 155 170 89
v 102 103 21 12
v 102 104 452 204
v 102 105 340 154
v 102 106 170 89
v 102 107 117 65
v 102 108 144 76
v 102 109 189 118
v 102 110 148 72
v 102 111 125 66
v 102 112 190 92
v 102 113 104 49
v 102 114 125 70
v 102 119 149 78
v 102 120 123 63
v 102 121 174 89
v 102 123 270 132
v 102 126 132 73
v 102 128 271 131
v 102 129 124 78
v 102 131 153 98
v 102 135 308 145
v 102 136 178 106
v 102 137 101 41
v 102 138 50 29
v 102 145 99 63
v 102 155 34 22
v 103 104 131 56
v 103 105 84 47
v 103 106 58 33
v 103 107 25 12
v 103 108 48 26
v 103 109 57 30
v 103 110 50 29
v 103 111 50 29
v 103 112 59 32
v 103 113 36 17
v 103 114 31 16
v 103 119 52 30
v 103 120 24 12
v 103 121 59 37
v 103 123 98 61
v 103 126 35 21
v 103 128 80 45
v 103 129 43 24
v 103 131 44 26
v 103 135 88 53
v 103 136 41 25
v 103 137 34 19
v 103 138 23 11
v 103 145 38 20
v 103 155 16 7
v 104 105 1991 980
v 104 106 1174 659
v 104 107 813 424
v 104 108 1009 598
v 104 109 1180 732
v 104 110 1073 547
v 104 111 790 395
v 104 112 971 475
v 104 113 686 378
v 104 114 905 501
v 104 119 1165 668
v 104 120 649 383
v 104 121 1269 644
v 104 123 1884 1040
v 104 126 750 398
v 104 128 2028 1045
v 104 129 887 482
v 104 131 782 396
v 104 135 2090 1002
v 104 136 1126 618
v 104 137 698 385
v 104 138 340 181
v 104 145 630 383
v 104 155 250 144
v 105 106 1071 569
v 105 107 641 312
v 105 108 656 349
v 105 109 941 572
v 105 110 803 373
v 105 111 972 488
v 105 112 1032 535
v 105 113 618 292
v 105 114 491 274
v 105 119 901 480
v 105 120 557 296
v 105 121 1091 501
v 105 123 1634 885
v 105 126 615 340
v 105 128 1429 749
v 105 129 575 318
v 105 131 855 452
v 105 135 1501 774
v 105 136 890 503
v 105 137 611 312
v 105 138 260 141
v 105 145 512 314
v 105 155 217 116
v 106 107 457 252
v 106 108 483 250
v 106 109 564 333
v 106 110 396 180
v 106 111 416 157
v 106 112 633 289
v 106 113 325 132
v 106 114 448 205
v 106 119 584 286
v 106 120 395 214
v 106 121 525 241
v 106 123 935 512
v 106 126 425 220
v 106 128 913 448
v 106 129 390 208
v 106 131 499 269
v 106 135 875 425
v 106 136 549 286
v 106 137 331 166
v 106 138 152 75
v 106 145 316 179
v 106 155 142 76
v 107 108 301 162
v 107 109 359 201
v 107 110 286 140
v 107 111 341 161
v 107 112 357 167
v 107 113 203 103
v 107 114 279 157
v 107 119 397 191
v 107 120 208 111
v 107 121 376 182
v 107 123 592 333
v 107 126 268 141
v 107 128 616 317
v 107 129 238 135
v 107 131 283 135
v 107 135 560 267
v 107 136 377 207
v 107 137 244 129
v 107 138 95 56
v 107 145 226 136
v 107 155 120 60
v 108 109 371 212
v 108 110 317 139
v 108 111 311 157
v 108 112 396 180
v 108 113 200 95
v 108 114 251 135
v 108 119 420 182
v 108 120 260 142
v 108 121 439 195
v 108 123 632 325
v 108 126 303 152
v 108 128 688 341
v 108 129 334 169
v 108 131 285 141
v 108 135 677 313
v 108 136 325 158
v 108 137 218 119
v 108 138 123 58
v 108 145 194 98
v 108 155 91 42
v 109 110 412 143
v 109 111 567 245
v 109 112 455 183
v 109 113 333 125
v 109 114 343 182
v 109 119 511 209
v 109 120 291 140
v 109 121 563 209
v 109 123 848 378
v 109 126 331 155
v 109 128 823 374
v 109 129 326 140
v 109 131 511 210
v 109 135 881 397
v 109 136 574 273
v 109 137 346 159
v 109 138 184 81
v 109 145 310 147
v 109 155 126 59
v 110 111 368 193
v 110 112 482 280
v 110 113 242 118
v 110 114 222 137
v 110 119 391 213
v 110 120 212 118
v 110 121 443 212
v 110 123 663 357
v 110 126 258 121
v 110 128 1144 578
v 110 129 242 141
v 110 131 344 165
v 110 135 679 378
v 110 136 471 246
v 110 137 243 144
v 110 138 135 69
v 110 145 200 122
v 110 155 94 57
v 111 112 532 253
v 111 113 317 161
v 111 114 263 139
v 111 119 432 230
v 111 120 305 142
v 111 121 552 259
v 111 123 766 424
v 111 126 327 180
v 111 128 680 339
v 111 129 242 114
v 111 131 383 180
v 111 135 729 332
v 111 136 474 223
v 111 137 279 155
v 111 138 125 66
v 111 145 248 125
v 111 155 108 59
v 112 113 334 168
v 112 114 313 160
v 112 119 546 272
v 112 120 285 158
v 112 121 642 314
v 112 123 856 422
v 112 126 341 156
v 112 128 888 439
v 112 129 343 176
v 112 131 438 219
v 112 135 799 414
v 112 136 526 316
v 112 137 361 174
v 112 138 236 127
v 112 145 270 144
v 112 155 129 70
v 113 114 164 103
v 113 119 287 152
v 113 120 172 101
v 113 121 388 212
v 113 123 504 301
v 113 126 216 103
v 113 128 514 273
v 113 129 185 103
v 113 131 287 163
v 113 135 505 271
v 113 136 336 182
v 113 137 198 120
v 113 138 74 43
v 113 145 177 104
v 113 155 70 34
v 114 119 310 128
v 114 120 198 116
v 114 121 315 143
v 114 123 455 216
v 114 126 246 121
v 114 128 534 225
v 114 129 233 117
v 114 131 240 108
v 114 135 450 201
v 114 136 336 176
v 114 137 175 87
v 114 138 109 48
v 114 145 164 89
v 114 155 68 31
v 119 120 332 181
v 119 121 593 289
v 119 123 895 468
v 119 126 363 190
v 119 128 842 408
v 119 129 337 174
v 119 131 408 196
v 119 135 795 368
v 119 136 447 242
v 119 137 309 163
v 119 138 135 61
v 119 145 266 140
v 119 155 125 57
v 120 121 276 121
v 120 123 489 248
v 120 126 202 108
v 120 128 539 244
v 120 129 194 94
v 120 131 243 125
v 120 135 500 230
v 120 136 281 136
v 120 137 191 87
v 120 138 60 26
v 120 145 147 85
v 120 155 87 39
v 121 123 955 510
v 121 126 354 205
v 121 128 966 484
v 121 129 383 209
v 121 131 501 239
v 121 135 874 414
v 121 136 515 269
v 121 137 341 208
v 121 138 145 72
v 121 145 324 196
v 121 155 111 64
v 123 126 570 261
v 123 128 1329 632
v 123 129 584 265
v 123 131 728 330
v 123 135 1326 579
v 123 136 837 418
v 123 137 495 217
v 123 138 225 114
v 123 145 448 245
v 123 155 201 105
v 126 128 573 285
v 126 129 265 151
v 126 131 324 159
v 126 135 575 261
v 126 136 298 146
v 126 137 210 101
v 126 138 104 52
v 126 145 203 120
v 126 155 80 42
v 128 129 662 334
v 128 131 662 342
v 128 135 1338 678
v 128 136 808 416
v 128 137 464 223
v 128 138 257 137
v 128 145 410 240
v 128 155 208 106
v 129 131 302 138
v 129 135 592 273
v 129 136 297 159
v 129 137 186 100
v 129 138 108 52
v 129 145 182 110
v 129 155 87 38
v 131 135 684 339
v 131 136 398 194
v 131 137 270 131
v 131 138 136 69
v 131 145 245 134
v 131 155 99 48
v 135 136 795 443
v 135 137 517 287
v 135 138 202 104
v 135 145 426 233
v 135 155 212 112
v 136 137 312 150
v 136 138 111 59
v 136 145 262 132
v 136 155 112 60
v 137 138 93 56
v 137 145 195 98
v 137 155 70 34
v 138 145 94 53
v 138 155 39 20
v 145 155 72 33
