n 200000
h 1 25021 12673
h 2 31837 15643
h 3 5403 2758
h 4 3683 1885
h 5 25432 12862
h 6 34567 15293
h 7 31244 15863
h 8 34700 18671
h 9 27685 13984
h 10 7592 3733
h 11 15953 6526
h 12 22937 12187
h 13 6970 3337
h 14 54142 27216
h 15 11745 5902
h 16 5449 2635
h 17 11919 5690
h 18 22960 12041
h 19 15193 6603
h 20 17001 8732
h 21 36061 17488
h 22 22991 11346
h 23 9043 4533
h 25 29498 13821
h 26 48036 23389
h 27 30399 15621
h 28 11161 5383
h 29 33359 15942
h 30 27308 14001
h 31 24207 12599
h 32 8314 4379
h 33 7921 4291
h 34 9876 4888
h 35 25544 12365
h 36 29139 14501
h 37 8845 4232
h 38 3488 1692
h 39 18507 8658
h 40 9551 4669
h 41 12301 6093
h 42 20003 10675
h 43 11034 5274
h 44 14945 7464
h 45 7776 4089
h 46 8792 4128
h 47 11201 5546
h 48 27337 13800
h 49 30510 16189
h 50 9262 4845
h 51 6322 3029
h 52 4970 2649
h 53 17051 7531
h 54 31332 16556
h 55 12758 6526
h 56 6842 3530
h 57 3949 2063
h 58 4301 2100
h 59 6708 3064
h 60 18909 9983
h 61 3241 1617
h 62 16792 9242
h 63 7495 3513
h 64 12965 6123
h 65 1463 711
h 66 731 355
h 67 15933 8417
h 68 16541 8313
h 69 13370 6490
h 70 13913 7080
h 71 33068 17354
h 72 6937 3268
h 73 3814 1772
h 74 42337 21731
h 75 16503 8211
h 76 29124 15798
h 77 2879 1455
h 78 5880 3074
h 79 4071 1854
h 80 5477 2718
h 81 5159 2629
h 82 2843 1570
h 83 5083 2281
h 84 24376 11997
h 85 28901 14278
h 86 52589 26328
h 87 21160 10819
h 88 24788 13198
h 89 1316 671
h 90 8648 4508
h 91 8459 4370
h 92 3285 1820
h 93 30609 15379
h 94 3525 1729
h 95 3555 1852
h 96 11535 5587
h 97 25588 12754
h 98 10427 4880
h 99 5653 2628
h 100 14692 7389
h 101 20229 9810
h 102 4865 2488
h 103 1719 913
h 104 30329 15768
h 105 24804 12644
h 106 17999 9065
h 107 11693 5901
h 108 11621 5388
h 109 15024 6651
h 110 12441 6575
h 111 12899 6490
h 112 16191 8339
h 113 7764 4208
h 114 9328 4357
h 119 16406 8209
h 120 9695 4499
h 121 15922 8325
h 123 23800 11268
h 126 11080 5476
h 128 24940 12362
h 129 10311 4968
h 131 12460 6149
h 135 24070 12781
h 136 13307 6426
h 137 8712 4178
h 138 4609 2215
h 145 8098 3618
h 155 3975 2000
s 1 2 2042 1042
s 1 3 367 212
s 1 4 72 30
s 1 5 1517 745
s 1 6 216 98
s 1 7 1788 952
s 1 8 144 69
s 1 9 1685 878
s 1 10 49 18
s 1 11 712 306
s 1 12 89 43
s 1 13 434 220
s 1 14 3333 1644
s 1 15 522 276
s 1 16 316 147
s 1 17 754 352
s 1 18 116 48
s 1 19 725 300
s 1 20 813 431
s 1 21 1952 927
s 1 22 1349 653
s 1 23 542 282
s 1 25 1836 847
s 1 26 2960 1425
s 1 27 1829 959
s 1 28 651 321
s 1 29 2068 1034
s 1 30 1670 868
s 1 31 1571 849
s 1 32 316 166
s 1 33 483 272
s 1 34 587 282
s 1 35 1421 702
s 1 36 1481 694
s 1 37 586 299
s 1 38 235 116
s 1 39 1082 515
s 1 40 652 337
s 1 41 68 34
s 1 42 844 466
s 1 43 681 334
s 1 44 94 44
s 1 45 481 267
s 1 46 136 59
s 1 47 659 329
s 1 48 152 74
s 1 49 1852 996
s 1 50 665 375
s 1 51 343 172
s 1 52 257 132
s 1 53 561 261
s 1 54 160 77
s 1 55 745 386
s 1 56 161 77
s 1 57 238 130
s 1 58 265 134
s 1 59 418 189
s 1 60 1212 632
s 1 61 214 123
s 1 62 1010 576
s 1 63 346 167
s 1 64 824 388
s 1 65 97 40
s 1 66 46 18
s 1 67 86 42
s 1 68 1039 523
s 1 69 756 390
s 1 70 127 69
s 1 71 2114 1092
s 1 72 347 170
s 1 73 164 87
s 1 74 2568 1365
s 1 75 1018 507
s 1 76 1701 920
s 1 77 210 114
s 1 78 358 183
s 1 79 264 122
s 1 80 119 70
s 1 81 242 124
s 1 82 167 92
s 1 83 340 165
s 1 84 1361 665
s 1 85 1824 932
s 1 86 3146 1606
s 1 87 1302 645
s 1 88 1453 796
s 1 89 15 7
s 1 90 554 300
s 1 91 405 220
s 1 92 217 114
s 1 93 475 235
s 1 94 46 23
s 1 95 34 15
s 1 96 634 306
s 1 97 1577 800
s 1 98 595 264
s 1 99 352 171
s 1 100 770 366
s 1 101 1224 576
s 1 102 318 180
s 1 103 85 49
s 1 104 1917 998
s 1 105 1664 856
s 1 106 1021 524
s 1 107 677 347
s 1 108 620 310
s 1 109 81 33
s 1 110 819 427
s 1 111 843 450
s 1 112 1142 613
s 1 113 467 267
s 1 114 291 145
s 1 119 992 512
s 1 120 582 285
s 1 121 1106 595
s 1 123 1510 744
s 1 126 612 289
s 1 128 1506 752
s 1 129 609 312
s 1 131 784 393
s 1 135 1435 787
s 1 136 820 401
s 1 137 567 275
s 1 138 83 33
s 1 145 206 85
s 1 155 229 115
s 2 3 410 202
s 2 4 264 131
s 2 5 2091 1048
s 2 6 2825 1190
s 2 7 1656 828
s 2 8 2915 1555
s 2 9 2288 1162
s 2 10 636 321
s 2 11 1268 505
s 2 12 1922 1032
s 2 13 523 233
s 2 14 3210 1539
s 2 15 478 232
s 2 16 157 75
s 2 17 930 412
s 2 18 1666 866
s 2 19 883 373
s 2 20 1192 603
s 2 21 2565 1218
s 2 22 1904 953
s 2 23 341 178
s 2 25 2321 1040
s 2 26 3804 1756
s 2 27 2304 1147
s 2 28 155 74
s 2 29 308 130
s 2 30 2411 1202
s 2 31 1908 964
s 2 32 663 337
s 2 33 230 118
s 2 34 805 416
s 2 35 2061 971
s 2 36 1503 727
s 2 37 737 353
s 2 38 86 54
s 2 39 1479 666
s 2 40 807 391
s 2 41 913 417
s 2 42 543 279
s 2 43 568 265
s 2 44 1278 616
s 2 45 562 297
s 2 46 682 336
s 2 47 594 282
s 2 48 2139 1051
s 2 49 1015 508
s 2 50 910 482
s 2 51 434 200
s 2 52 329 175
s 2 53 1301 562
s 2 54 2377 1294
s 2 55 133 58
s 2 56 513 270
s 2 57 166 101
s 2 58 296 149
s 2 59 406 199
s 2 60 165 85
s 2 61 197 92
s 2 62 1164 638
s 2 63 629 283
s 2 64 1091 542
s 2 65 72 30
s 2 66 43 20
s 2 67 1217 650
s 2 68 1319 683
s 2 69 140 58
s 2 70 1024 491
s 2 71 2073 1018
s 2 72 561 278
s 2 73 260 113
s 2 74 3292 1667
s 2 75 1353 722
s 2 76 2115 1109
s 2 77 43 19
s 2 78 58 25
s 2 79 306 133
s 2 80 344 173
s 2 81 170 75
s 2 82 203 112
s 2 83 369 166
s 2 84 1621 813
s 2 85 1714 878
s 2 86 4003 1961
s 2 87 1673 850
s 2 88 1697 904
s 2 89 99 53
s 2 90 653 330
s 2 91 549 296
s 2 92 158 88
s 2 93 2393 1151
s 2 94 261 131
s 2 95 275 147
s 2 96 77 36
s 2 97 998 453
s 2 98 160 73
s 2 99 60 26
s 2 100 937 464
s 2 101 1740 836
s 2 102 314 163
s 2 103 85 40
s 2 104 318 129
s 2 105 1854 898
s 2 106 1287 644
s 2 107 775 399
s 2 108 98 38
s 2 109 1171 523
s 2 110 860 471
s 2 111 963 486
s 2 112 1190 601
s 2 113 586 321
s 2 114 686 320
s 2 119 1193 568
s 2 120 513 217
s 2 121 1189 620
s 2 123 1950 903
s 2 126 763 366
s 2 128 1864 904
s 2 129 94 47
s 2 131 941 475
s 2 135 293 144
s 2 136 824 392
s 2 137 216 101
s 2 138 393 204
s 2 145 582 261
s 2 155 163 80
s 3 4 40 19
s 3 5 115 74
s 3 6 409 172
s 3 7 383 191
s 3 8 437 225
s 3 9 317 155
s 3 10 109 47
s 3 11 222 96
s 3 12 317 173
s 3 13 89 47
s 3 14 563 282
s 3 15 121 67
s 3 16 65 39
s 3 17 151 78
s 3 18 358 197
s 3 19 199 88
s 3 20 142 71
s 3 21 379 174
s 3 22 206 101
s 3 23 105 52
s 3 25 370 167
s 3 26 323 165
s 3 27 164 77
s 3 28 118 57
s 3 29 420 216
s 3 30 166 87
s 3 31 140 74
s 3 32 88 45
s 3 33 95 64
s 3 34 128 64
s 3 35 265 145
s 3 36 323 161
s 3 37 48 28
s 3 38 57 27
s 3 39 200 105
s 3 40 68 29
s 3 41 161 78
s 3 42 255 135
s 3 43 156 76
s 3 44 195 102
s 3 45 43 24
s 3 46 100 51
s 3 47 108 56
s 3 48 416 200
s 3 49 385 207
s 3 50 52 32
s 3 51 61 39
s 3 52 69 40
s 3 53 170 70
s 3 54 443 234
s 3 55 154 86
s 3 56 89 44
s 3 57 48 22
s 3 58 43 19
s 3 59 81 39
s 3 60 279 146
s 3 61 52 23
s 3 62 163 99
s 3 63 68 33
s 3 64 100 50
s 3 65 23 7
s 3 66 9 4
s 3 67 219 121
s 3 68 126 59
s 3 69 178 87
s 3 70 209 115
s 3 71 299 154
s 3 72 64 35
s 3 73 38 15
s 3 74 587 311
s 3 75 89 46
s 3 76 396 218
s 3 77 42 23
s 3 78 103 61
s 3 79 18 5
s 3 80 62 34
s 3 81 65 30
s 3 82 42 29
s 3 83 33 7
s 3 84 185 96
s 3 85 246 127
s 3 86 453 212
s 3 87 122 57
s 3 88 235 126
s 3 89 17 13
s 3 90 125 65
s 3 91 79 49
s 3 92 40 26
s 3 93 366 200
s 3 94 60 36
s 3 95 46 20
s 3 96 147 71
s 3 97 285 147
s 3 98 118 47
s 3 99 73 36
s 3 100 112 62
s 3 101 160 84
s 3 102 38 16
s 3 103 16 9
s 3 104 354 181
s 3 105 216 117
s 3 106 243 131
s 3 107 136 73
s 3 108 148 74
s 3 109 189 87
s 3 110 128 60
s 3 111 101 54
s 3 112 101 42
s 3 113 111 58
s 3 114 102 58
s 3 119 124 69
s 3 120 152 69
s 3 121 137 78
s 3 123 169 82
s 3 126 152 75
s 3 128 233 123
s 3 129 143 71
s 3 131 92 44
s 3 135 365 199
s 3 136 153 85
s 3 137 127 62
s 3 138 71 23
s 3 145 131 61
s 3 155 41 18
s 4 5 257 151
s 4 6 132 75
s 4 7 256 144
s 4 8 125 67
s 4 9 238 115
s 4 10 22 10
s 4 11 82 33
s 4 12 72 41
s 4 13 48 20
s 4 14 490 250
s 4 15 95 42
s 4 16 54 27
s 4 17 88 34
s 4 18 73 39
s 4 19 98 46
s 4 20 142 78
s 4 21 295 141
s 4 22 235 124
s 4 23 88 50
s 4 25 258 115
s 4 26 444 216
s 4 27 330 180
s 4 28 77 38
s 4 29 265 117
s 4 30 244 123
s 4 31 225 119
s 4 32 52 32
s 4 33 74 41
s 4 34 68 47
s 4 35 225 111
s 4 36 194 87
s 4 37 86 38
s 4 38 20 11
s 4 39 142 61
s 4 40 96 52
s 4 41 43 20
s 4 42 148 85
s 4 43 82 41
s 4 44 67 28
s 4 45 80 43
s 4 46 32 12
s 4 47 59 34
s 4 48 97 44
s 4 49 222 125
s 4 50 57 31
s 4 51 63 26
s 4 52 34 19
s 4 53 123 51
s 4 54 104 60
s 4 55 84 43
s 4 56 23 9
s 4 57 30 23
s 4 58 24 12
s 4 59 57 29
s 4 60 125 69
s 4 61 16 11
s 4 62 130 66
s 4 63 55 29
s 4 64 129 69
s 4 65 12 4
s 4 66 4 3
s 4 67 56 32
s 4 68 141 73
s 4 69 108 50
s 4 70 60 34
s 4 71 277 169
s 4 72 62 21
s 4 73 23 11
s 4 74 348 185
s 4 75 151 67
s 4 76 204 115
s 4 77 15 8
s 4 78 41 24
s 4 79 34 22
s 4 80 22 13
s 4 81 38 14
s 4 82 19 7
s 4 83 39 15
s 4 84 222 112
s 4 85 253 125
s 4 86 489 242
s 4 87 199 98
s 4 88 188 92
s 4 89 6 3
s 4 90 66 32
s 4 91 59 30
s 4 92 11 4
s 4 93 135 74
s 4 94 8 5
s 4 95 18 13
s 4 96 89 48
s 4 97 194 104
s 4 98 74 32
s 4 99 49 20
s 4 100 140 75
s 4 101 158 84
s 4 102 40 22
s 4 103 14 9
s 4 104 236 138
s 4 105 181 96
s 4 106 119 69
s 4 107 89 39
s 4 108 82 43
s 4 109 39 22
s 4 110 117 67
s 4 111 115 54
s 4 112 124 62
s 4 113 59 32
s 4 114 52 26
s 4 119 137 69
s 4 120 77 33
s 4 121 160 84
s 4 123 192 90
s 4 126 78 44
s 4 128 224 117
s 4 129 106 68
s 4 131 99 59
s 4 135 189 93
s 4 136 97 47
s 4 137 52 24
s 4 138 18 8
s 4 145 39 16
s 4 155 35 15
s 5 6 2064 955
s 5 7 1661 858
s 5 8 2716 1499
s 5 9 1210 621
s 5 10 434 210
s 5 11 984 421
s 5 12 1414 739
s 5 13 458 221
s 5 14 2705 1388
s 5 15 814 420
s 5 16 353 160
s 5 17 814 387
s 5 18 1473 755
s 5 19 791 332
s 5 20 765 384
s 5 21 1928 958
s 5 22 1113 518
s 5 23 559 295
s 5 25 1687 785
s 5 26 1382 642
s 5 27 731 357
s 5 28 761 357
s 5 29 2126 1014
s 5 30 689 377
s 5 31 542 284
s 5 32 551 322
s 5 33 402 220
s 5 34 489 240
s 5 35 1571 781
s 5 36 1904 945
s 5 37 210 111
s 5 38 203 108
s 5 39 1170 544
s 5 40 315 137
s 5 41 813 408
s 5 42 1396 784
s 5 43 679 344
s 5 44 942 464
s 5 45 284 159
s 5 46 502 244
s 5 47 716 352
s 5 48 1407 702
s 5 49 1840 968
s 5 50 174 82
s 5 51 258 133
s 5 52 259 136
s 5 53 913 385
s 5 54 1953 1056
s 5 55 725 390
s 5 56 441 233
s 5 57 145 68
s 5 58 157 86
s 5 59 414 186
s 5 60 1203 639
s 5 61 156 79
s 5 62 793 434
s 5 63 361 183
s 5 64 364 174
s 5 65 78 42
s 5 66 15 8
s 5 67 1066 582
s 5 68 458 232
s 5 69 890 472
s 5 70 883 465
s 5 71 1633 852
s 5 72 341 167
s 5 73 215 101
s 5 74 2254 1171
s 5 75 681 374
s 5 76 1885 1045
s 5 77 170 87
s 5 78 354 183
s 5 79 102 49
s 5 80 335 187
s 5 81 304 153
s 5 82 170 90
s 5 83 158 57
s 5 84 995 493
s 5 85 1285 648
s 5 86 2271 1171
s 5 87 488 239
s 5 88 1288 689
s 5 89 73 35
s 5 90 384 201
s 5 91 242 121
s 5 92 153 87
s 5 93 2100 1076
s 5 94 220 112
s 5 95 228 127
s 5 96 774 342
s 5 97 1436 739
s 5 98 676 328
s 5 99 368 163
s 5 100 577 310
s 5 101 897 427
s 5 102 173 102
s 5 103 87 39
s 5 104 1944 1042
s 5 105 792 416
s 5 106 1180 609
s 5 107 612 316
s 5 108 795 353
s 5 109 875 392
s 5 110 588 306
s 5 111 265 122
s 5 112 342 176
s 5 113 406 212
s 5 114 627 294
s 5 119 528 267
s 5 120 593 277
s 5 121 438 222
s 5 123 822 392
s 5 126 713 373
s 5 128 1144 588
s 5 129 645 313
s 5 131 291 150
s 5 135 1501 857
s 5 136 628 313
s 5 137 539 241
s 5 138 260 124
s 5 145 470 208
s 5 155 159 67
s 6 7 2717 1209
s 6 8 100 40
s 6 9 2295 1080
s 6 10 38 12
s 6 11 776 275
s 6 12 58 31
s 6 13 548 222
s 6 14 5178 2415
s 6 15 833 366
s 6 16 489 205
s 6 17 983 442
s 6 18 110 57
s 6 19 942 336
s 6 20 1273 616
s 6 21 2254 927
s 6 22 1886 803
s 6 23 780 335
s 6 25 2255 862
s 6 26 3736 1524
s 6 27 2519 1154
s 6 28 1017 435
s 6 29 3266 1405
s 6 30 2202 997
s 6 31 1908 865
s 6 32 488 228
s 6 33 644 312
s 6 34 808 364
s 6 35 1591 673
s 6 36 2266 1043
s 6 37 732 314
s 6 38 269 130
s 6 39 1596 637
s 6 40 855 383
s 6 41 87 35
s 6 42 1461 750
s 6 43 983 400
s 6 44 85 35
s 6 45 683 328
s 6 46 158 64
s 6 47 919 381
s 6 48 107 47
s 6 49 2592 1218
s 6 50 740 365
s 6 51 677 294
s 6 52 317 148
s 6 53 784 311
s 6 54 126 58
s 6 55 1041 473
s 6 56 208 100
s 6 57 343 187
s 6 58 382 162
s 6 59 568 231
s 6 60 1610 751
s 6 61 251 104
s 6 62 1417 681
s 6 63 355 160
s 6 64 1072 431
s 6 65 125 55
s 6 66 66 27
s 6 67 68 31
s 6 68 1343 580
s 6 69 1092 473
s 6 70 140 55
s 6 71 2978 1419
s 6 72 434 198
s 6 73 252 120
s 6 74 3389 1542
s 6 75 1412 628
s 6 76 2495 1210
s 6 77 228 109
s 6 78 512 244
s 6 79 333 143
s 6 80 131 59
s 6 81 335 140
s 6 82 218 109
s 6 83 592 261
s 6 84 2493 1080
s 6 85 3079 1348
s 6 86 4292 1844
s 6 87 1662 710
s 6 88 2353 1096
s 6 89 15 3
s 6 90 690 315
s 6 91 566 271
s 6 92 299 141
s 6 93 687 305
s 6 94 31 15
s 6 95 33 14
s 6 96 1140 482
s 6 97 2126 904
s 6 98 819 320
s 6 99 456 196
s 6 100 1626 703
s 6 101 1688 723
s 6 102 507 242
s 6 103 168 69
s 6 104 2594 1177
s 6 105 2000 909
s 6 106 1551 705
s 6 107 1084 472
s 6 108 1052 424
s 6 109 69 23
s 6 110 970 438
s 6 111 1053 495
s 6 112 1319 599
s 6 113 632 299
s 6 114 400 171
s 6 119 1369 588
s 6 120 805 326
s 6 121 1112 512
s 6 123 1873 745
s 6 126 872 382
s 6 128 1983 855
s 6 129 862 366
s 6 131 977 397
s 6 135 2058 991
s 6 136 1245 547
s 6 137 783 344
s 6 138 103 48
s 6 145 301 140
s 6 155 304 134
s 7 8 2510 1396
s 7 9 1678 877
s 7 10 587 306
s 7 11 1081 437
s 7 12 2347 1259
s 7 13 443 216
s 7 14 3011 1520
s 7 15 919 499
s 7 16 287 121
s 7 17 651 312
s 7 18 1558 816
s 7 19 968 434
s 7 20 1193 615
s 7 21 2446 1214
s 7 22 1391 684
s 7 23 444 232
s 7 25 1736 806
s 7 26 3115 1542
s 7 27 2049 1065
s 7 28 597 293
s 7 29 1650 779
s 7 30 1778 928
s 7 31 1576 825
s 7 32 553 306
s 7 33 512 276
s 7 34 527 252
s 7 35 1611 768
s 7 36 1987 1015
s 7 37 617 279
s 7 38 190 98
s 7 39 1165 540
s 7 40 618 308
s 7 41 856 428
s 7 42 1180 651
s 7 43 774 373
s 7 44 1161 610
s 7 45 485 266
s 7 46 634 302
s 7 47 722 363
s 7 48 2176 1112
s 7 49 1694 922
s 7 50 650 358
s 7 51 371 196
s 7 52 271 152
s 7 53 1210 548
s 7 54 2251 1187
s 7 55 817 438
s 7 56 495 265
s 7 57 230 128
s 7 58 270 133
s 7 59 398 156
s 7 60 1060 573
s 7 61 239 128
s 7 62 871 498
s 7 63 544 254
s 7 64 893 404
s 7 65 86 47
s 7 66 52 26
s 7 67 1204 653
s 7 68 1158 580
s 7 69 779 381
s 7 70 1031 543
s 7 71 1673 903
s 7 72 469 225
s 7 73 244 117
s 7 74 2362 1223
s 7 75 1146 582
s 7 76 1664 950
s 7 77 143 78
s 7 78 318 174
s 7 79 286 133
s 7 80 370 195
s 7 81 311 161
s 7 82 193 108
s 7 83 301 141
s 7 84 1447 730
s 7 85 1768 917
s 7 86 3353 1699
s 7 87 1489 781
s 7 88 1333 732
s 7 89 105 59
s 7 90 498 236
s 7 91 556 276
s 7 92 164 87
s 7 93 2205 1136
s 7 94 282 144
s 7 95 263 153
s 7 96 587 285
s 7 97 1497 704
s 7 98 621 304
s 7 99 344 173
s 7 100 888 470
s 7 101 1217 601
s 7 102 325 168
s 7 103 109 59
s 7 104 1639 862
s 7 105 1542 796
s 7 106 955 483
s 7 107 626 307
s 7 108 616 281
s 7 109 1185 525
s 7 110 837 466
s 7 111 908 480
s 7 112 1068 541
s 7 113 413 233
s 7 114 612 298
s 7 119 984 489
s 7 120 499 220
s 7 121 972 501
s 7 123 1464 723
s 7 126 681 332
s 7 128 1514 770
s 7 129 574 266
s 7 131 823 419
s 7 135 1396 766
s 7 136 754 378
s 7 137 413 195
s 7 138 361 166
s 7 145 555 253
s 7 155 236 123
s 8 9 2534 1375
s 8 10 45 16
s 8 11 744 331
s 8 12 39 22
s 8 13 597 317
s 8 14 4534 2429
s 8 15 959 520
s 8 16 489 274
s 8 17 1089 568
s 8 18 75 36
s 8 19 829 389
s 8 20 1106 605
s 8 21 2625 1322
s 8 22 2119 1149
s 8 23 718 384
s 8 25 2518 1309
s 8 26 4466 2379
s 8 27 2957 1629
s 8 28 959 488
s 8 29 3015 1577
s 8 30 2454 1359
s 8 31 2361 1356
s 8 32 524 307
s 8 33 602 339
s 8 34 760 388
s 8 35 2082 1075
s 8 36 2285 1175
s 8 37 719 358
s 8 38 246 135
s 8 39 1724 918
s 8 40 920 487
s 8 41 56 20
s 8 42 1287 705
s 8 43 1029 559
s 8 44 72 26
s 8 45 693 384
s 8 46 155 68
s 8 47 1009 587
s 8 48 84 45
s 8 49 2361 1327
s 8 50 651 330
s 8 51 516 275
s 8 52 363 195
s 8 53 838 344
s 8 54 62 28
s 8 55 1064 594
s 8 56 218 115
s 8 57 247 124
s 8 58 399 222
s 8 59 546 252
s 8 60 1601 890
s 8 61 203 104
s 8 62 1473 839
s 8 63 385 195
s 8 64 1117 579
s 8 65 112 63
s 8 66 46 20
s 8 67 44 20
s 8 68 1381 735
s 8 69 1235 644
s 8 70 114 56
s 8 71 2797 1558
s 8 72 469 257
s 8 73 277 153
s 8 74 3261 1835
s 8 75 1460 777
s 8 76 2663 1564
s 8 77 187 92
s 8 78 457 260
s 8 79 309 144
s 8 80 120 61
s 8 81 345 182
s 8 82 191 110
s 8 83 352 175
s 8 84 2193 1156
s 8 85 2292 1241
s 8 86 4603 2524
s 8 87 1843 1021
s 8 88 2251 1322
s 8 89 15 7
s 8 90 607 336
s 8 91 376 204
s 8 92 239 135
s 8 93 674 345
s 8 94 26 10
s 8 95 28 13
s 8 96 1022 534
s 8 97 2473 1423
s 8 98 868 462
s 8 99 452 216
s 8 100 1062 586
s 8 101 1883 976
s 8 102 349 188
s 8 103 158 89
s 8 104 2696 1492
s 8 105 1901 1062
s 8 106 1506 819
s 8 107 950 538
s 8 108 1111 534
s 8 109 41 21
s 8 110 950 529
s 8 111 1044 562
s 8 112 1202 659
s 8 113 539 326
s 8 114 348 173
s 8 119 1466 799
s 8 120 726 346
s 8 121 1483 820
s 8 123 2060 1067
s 8 126 937 496
s 8 128 2098 1097
s 8 129 860 425
s 8 131 972 516
s 8 135 1856 1027
s 8 136 979 514
s 8 137 739 369
s 8 138 111 55
s 8 145 226 112
s 8 155 295 158
s 9 10 527 262
s 9 11 949 397
s 9 12 1499 799
s 9 13 504 257
s 9 14 2558 1308
s 9 15 786 404
s 9 16 353 178
s 9 17 867 451
s 9 18 1709 958
s 9 19 919 395
s 9 20 892 447
s 9 21 1904 923
s 9 22 1029 506
s 9 23 588 305
s 9 25 1813 854
s 9 26 2081 1082
s 9 27 1346 697
s 9 28 770 378
s 9 29 2469 1179
s 9 30 1144 577
s 9 31 967 523
s 9 32 489 249
s 9 33 389 230
s 9 34 539 278
s 9 35 1412 678
s 9 36 1945 969
s 9 37 346 163
s 9 38 224 111
s 9 39 1170 539
s 9 40 397 198
s 9 41 838 451
s 9 42 1519 805
s 9 43 689 324
s 9 44 924 481
s 9 45 325 168
s 9 46 514 242
s 9 47 723 362
s 9 48 1734 876
s 9 49 2416 1336
s 9 50 333 163
s 9 51 303 134
s 9 52 321 185
s 9 53 980 450
s 9 54 2323 1222
s 9 55 806 400
s 9 56 445 220
s 9 57 188 85
s 9 58 225 112
s 9 59 438 201
s 9 60 1305 695
s 9 61 146 74
s 9 62 606 309
s 9 63 330 150
s 9 64 510 237
s 9 65 90 52
s 9 66 16 5
s 9 67 1132 598
s 9 68 590 288
s 9 69 1047 536
s 9 70 875 433
s 9 71 1303 689
s 9 72 282 138
s 9 73 210 105
s 9 74 2333 1166
s 9 75 632 313
s 9 76 2127 1176
s 9 77 189 94
s 9 78 427 224
s 9 79 218 97
s 9 80 341 168
s 9 81 365 183
s 9 82 186 101
s 9 83 209 94
s 9 84 1141 584
s 9 85 1341 639
s 9 86 1985 1010
s 9 87 911 459
s 9 88 1174 610
s 9 89 81 45
s 9 90 420 227
s 9 91 364 188
s 9 92 159 78
s 9 93 2241 1140
s 9 94 233 106
s 9 95 258 134
s 9 96 852 439
s 9 97 1401 718
s 9 98 738 341
s 9 99 312 151
s 9 100 599 324
s 9 101 787 383
s 9 102 222 120
s 9 103 83 51
s 9 104 1990 1083
s 9 105 885 439
s 9 106 1332 681
s 9 107 633 333
s 9 108 899 430
s 9 109 939 387
s 9 110 542 293
s 9 111 527 268
s 9 112 683 372
s 9 113 469 267
s 9 114 599 253
s 9 119 658 321
s 9 120 675 317
s 9 121 527 281
s 9 123 910 451
s 9 126 749 373
s 9 128 1065 512
s 9 129 570 266
s 9 131 506 262
s 9 135 1561 773
s 9 136 683 331
s 9 137 630 318
s 9 138 282 116
s 9 145 576 270
s 9 155 205 92
s 10 11 195 83
s 10 12 26 13
s 10 13 132 65
s 10 14 1011 506
s 10 15 150 73
s 10 16 98 54
s 10 17 217 104
s 10 18 37 16
s 10 19 186 89
s 10 20 241 112
s 10 21 528 253
s 10 22 398 187
s 10 23 154 75
s 10 25 524 243
s 10 26 889 432
s 10 27 552 287
s 10 28 200 112
s 10 29 628 286
s 10 30 445 223
s 10 31 417 228
s 10 32 83 43
s 10 33 129 65
s 10 34 216 111
s 10 35 332 162
s 10 36 496 221
s 10 37 178 81
s 10 38 75 43
s 10 39 316 147
s 10 40 181 86
s 10 41 20 7
s 10 42 252 128
s 10 43 196 100
s 10 44 26 10
s 10 45 142 66
s 10 46 27 12
s 10 47 202 88
s 10 48 27 10
s 10 49 512 257
s 10 50 194 95
s 10 51 119 49
s 10 52 77 37
s 10 53 196 74
s 10 54 41 19
s 10 55 239 120
s 10 56 41 22
s 10 57 72 36
s 10 58 87 43
s 10 59 135 74
s 10 60 366 203
s 10 61 66 31
s 10 62 315 177
s 10 63 88 38
s 10 64 244 122
s 10 65 22 11
s 10 66 10 4
s 10 67 19 11
s 10 68 311 161
s 10 69 263 131
s 10 70 47 23
s 10 71 630 318
s 10 72 92 39
s 10 73 43 19
s 10 74 764 394
s 10 75 293 129
s 10 76 522 273
s 10 77 46 19
s 10 78 135 60
s 10 79 66 31
s 10 80 42 19
s 10 81 79 41
s 10 82 54 34
s 10 83 100 33
s 10 84 442 216
s 10 85 560 272
s 10 86 952 489
s 10 87 392 195
s 10 88 511 264
s 10 89 8 2
s 10 90 172 89
s 10 91 151 60
s 10 92 65 42
s 10 93 174 90
s 10 94 8 2
s 10 95 18 8
s 10 96 222 100
s 10 97 478 243
s 10 98 241 116
s 10 99 90 43
s 10 100 289 150
s 10 101 402 191
s 10 102 86 41
s 10 103 42 24
s 10 104 559 298
s 10 105 532 264
s 10 106 349 178
s 10 107 214 98
s 10 108 203 91
s 10 109 22 8
s 10 110 261 142
s 10 111 262 119
s 10 112 311 166
s 10 113 143 73
s 10 114 78 40
s 10 119 285 136
s 10 120 190 68
s 10 121 295 161
s 10 123 422 198
s 10 126 215 103
s 10 128 498 254
s 10 129 185 90
s 10 131 249 115
s 10 135 465 239
s 10 136 274 119
s 10 137 173 78
s 10 138 30 9
s 10 145 79 40
s 10 155 68 38
s 11 12 620 268
s 11 13 130 54
s 11 14 1955 822
s 11 15 309 118
s 11 16 179 73
s 11 17 212 87
s 11 18 526 250
s 11 19 537 187
s 11 20 594 261
s 11 21 1092 421
s 11 22 743 290
s 11 23 294 116
s 11 25 635 226
s 11 26 1833 790
s 11 27 1285 563
s 11 28 461 192
s 11 29 1314 536
s 11 30 1018 413
s 11 31 878 372
s 11 32 182 76
s 11 33 331 141
s 11 34 207 85
s 11 35 634 244
s 11 36 771 311
s 11 37 342 123
s 11 38 118 40
s 11 39 413 147
s 11 40 368 148
s 11 41 299 131
s 11 42 676 302
s 11 43 303 118
s 11 44 378 166
s 11 45 251 117
s 11 46 204 77
s 11 47 318 109
s 11 48 737 271
s 11 49 965 418
s 11 50 351 156
s 11 51 223 96
s 11 52 124 71
s 11 53 474 125
s 11 54 801 367
s 11 55 469 203
s 11 56 136 54
s 11 57 167 71
s 11 58 128 51
s 11 59 194 74
s 11 60 692 317
s 11 61 74 30
s 11 62 603 295
s 11 63 242 90
s 11 64 489 195
s 11 65 54 20
s 11 66 30 11
s 11 67 374 169
s 11 68 556 231
s 11 69 456 194
s 11 70 335 142
s 11 71 1397 617
s 11 72 244 95
s 11 73 115 39
s 11 74 1020 384
s 11 75 556 203
s 11 76 496 205
s 11 77 90 36
s 11 78 209 101
s 11 79 194 69
s 11 80 125 41
s 11 81 194 80
s 11 82 53 24
s 11 83 222 69
s 11 84 1015 422
s 11 85 1197 454
s 11 86 1883 760
s 11 87 751 310
s 11 88 767 343
s 11 89 43 12
s 11 90 199 74
s 11 91 252 90
s 11 92 92 41
s 11 93 767 327
s 11 94 97 42
s 11 95 74 33
s 11 96 459 192
s 11 97 1083 450
s 11 98 344 122
s 11 99 222 99
s 11 100 707 332
s 11 101 687 245
s 11 102 180 71
s 11 103 56 30
s 11 104 1157 509
s 11 105 971 407
s 11 106 330 132
s 11 107 337 145
s 11 108 420 122
s 11 109 367 111
s 11 110 375 153
s 11 111 453 204
s 11 112 570 216
s 11 113 161 71
s 11 114 242 109
s 11 119 596 242
s 11 120 257 91
s 11 121 558 246
s 11 123 896 346
s 11 126 252 109
s 11 128 883 321
s 11 129 478 196
s 11 131 498 183
s 11 135 912 406
s 11 136 447 166
s 11 137 307 125
s 11 138 127 51
s 11 145 196 60
s 11 155 135 62
s 12 13 396 199
s 12 14 3023 1527
s 12 15 498 271
s 12 16 288 159
s 12 17 599 307
s 12 18 44 14
s 12 19 562 263
s 12 20 698 354
s 12 21 1627 838
s 12 22 1256 684
s 12 23 489 278
s 12 25 1632 853
s 12 26 2755 1442
s 12 27 1544 857
s 12 28 576 285
s 12 29 1967 983
s 12 30 1662 936
s 12 31 1347 744
s 12 32 277 160
s 12 33 483 289
s 12 34 586 296
s 12 35 1200 642
s 12 36 1338 685
s 12 37 530 270
s 12 38 225 110
s 12 39 994 509
s 12 40 502 269
s 12 41 38 21
s 12 42 701 377
s 12 43 612 302
s 12 44 42 20
s 12 45 472 265
s 12 46 110 53
s 12 47 561 310
s 12 48 57 24
s 12 49 1771 986
s 12 50 602 335
s 12 51 319 167
s 12 52 201 107
s 12 53 511 216
s 12 54 41 13
s 12 55 792 380
s 12 56 155 82
s 12 57 234 125
s 12 58 255 125
s 12 59 364 172
s 12 60 1110 613
s 12 61 219 117
s 12 62 954 575
s 12 63 261 132
s 12 64 757 379
s 12 65 94 42
s 12 66 55 39
s 12 67 26 9
s 12 68 992 558
s 12 69 696 364
s 12 70 71 40
s 12 71 1838 996
s 12 72 320 162
s 12 73 135 78
s 12 74 2447 1328
s 12 75 902 478
s 12 76 1595 900
s 12 77 161 78
s 12 78 313 170
s 12 79 243 116
s 12 80 97 55
s 12 81 185 94
s 12 82 134 73
s 12 83 282 139
s 12 84 1222 637
s 12 85 1674 909
s 12 86 3044 1635
s 12 87 1200 657
s 12 88 1288 703
s 12 89 9 4
s 12 90 631 349
s 12 91 328 162
s 12 92 201 109
s 12 93 349 176
s 12 94 14 7
s 12 95 20 13
s 12 96 604 297
s 12 97 1319 686
s 12 98 606 301
s 12 99 330 167
s 12 100 691 362
s 12 101 1127 604
s 12 102 247 135
s 12 103 79 44
s 12 104 1644 906
s 12 105 1712 943
s 12 106 1050 577
s 12 107 701 369
s 12 108 660 357
s 12 109 38 18
s 12 110 831 483
s 12 111 807 405
s 12 112 1116 633
s 12 113 486 272
s 12 114 216 110
s 12 119 918 491
s 12 120 549 279
s 12 121 1047 565
s 12 123 1353 671
s 12 126 576 283
s 12 128 1393 794
s 12 129 500 255
s 12 131 810 447
s 12 135 1376 783
s 12 136 721 371
s 12 137 559 293
s 12 138 64 34
s 12 145 182 83
s 12 155 230 110
s 13 14 852 423
s 13 15 172 87
s 13 16 72 29
s 13 17 13 8
s 13 18 396 202
s 13 19 230 98
s 13 20 249 131
s 13 21 503 215
s 13 22 273 150
s 13 23 99 51
s 13 25 107 42
s 13 26 808 354
s 13 27 533 261
s 13 28 149 76
s 13 29 523 237
s 13 30 476 237
s 13 31 430 216
s 13 32 75 35
s 13 33 110 59
s 13 34 14 6
s 13 35 137 54
s 13 36 287 138
s 13 37 135 73
s 13 38 61 27
s 13 39 50 20
s 13 40 145 73
s 13 41 180 89
s 13 42 293 143
s 13 43 105 45
s 13 44 223 119
s 13 45 99 50
s 13 46 145 58
s 13 47 97 38
s 13 48 469 216
s 13 49 338 182
s 13 50 154 69
s 13 51 117 60
s 13 52 21 16
s 13 53 260 117
s 13 54 533 264
s 13 55 225 115
s 13 56 86 46
s 13 57 58 31
s 13 58 73 38
s 13 59 41 15
s 13 60 339 174
s 13 61 22 12
s 13 62 300 172
s 13 63 127 55
s 13 64 196 94
s 13 65 18 9
s 13 66 13 7
s 13 67 263 122
s 13 68 248 120
s 13 69 230 110
s 13 70 230 116
s 13 71 519 245
s 13 72 116 45
s 13 73 54 28
s 13 74 218 108
s 13 75 230 97
s 13 76 32 10
s 13 77 51 23
s 13 78 100 49
s 13 79 69 29
s 13 80 80 35
s 13 81 89 49
s 13 82 12 9
s 13 83 83 36
s 13 84 352 145
s 13 85 503 204
s 13 86 777 365
s 13 87 345 170
s 13 88 328 165
s 13 89 24 14
s 13 90 55 25
s 13 91 102 47
s 13 92 43 22
s 13 93 479 253
s 13 94 61 27
s 13 95 56 22
s 13 96 203 94
s 13 97 337 160
s 13 98 160 80
s 13 99 96 37
s 13 100 242 106
s 13 101 262 129
s 13 102 80 42
s 13 103 18 10
s 13 104 431 215
s 13 105 403 201
s 13 106 12 5
s 13 107 148 75
s 13 108 207 84
s 13 109 278 113
s 13 110 154 81
s 13 111 174 89
s 13 112 290 145
s 13 113 10 3
s 13 114 118 56
s 13 119 297 145
s 13 120 69 27
s 13 121 227 109
s 13 123 479 228
s 13 126 42 20
s 13 128 317 146
s 13 129 200 94
s 13 131 217 116
s 13 135 390 209
s 13 136 146 63
s 13 137 124 52
s 13 138 69 29
s 13 145 125 55
s 13 155 73 33
s 14 15 1541 781
s 14 16 625 310
s 14 17 1514 712
s 14 18 2935 1563
s 14 19 1538 650
s 14 20 1961 966
s 14 21 4152 2057
s 14 22 2364 1210
s 14 23 959 492
s 14 25 3527 1688
s 14 26 4950 2430
s 14 27 2876 1501
s 14 28 1201 570
s 14 29 3452 1607
s 14 30 2637 1348
s 14 31 2636 1399
s 14 32 1023 549
s 14 33 928 530
s 14 34 1189 603
s 14 35 3171 1624
s 14 36 3623 1843
s 14 37 905 431
s 14 38 354 170
s 14 39 2187 1033
s 14 40 1025 501
s 14 41 1590 792
s 14 42 2263 1179
s 14 43 1411 698
s 14 44 2040 993
s 14 45 863 465
s 14 46 1147 572
s 14 47 1498 755
s 14 48 3690 1862
s 14 49 3426 1789
s 14 50 996 530
s 14 51 515 256
s 14 52 627 350
s 14 53 2077 899
s 14 54 3906 2096
s 14 55 1588 801
s 14 56 936 476
s 14 57 453 233
s 14 58 473 211
s 14 59 788 357
s 14 60 2034 1033
s 14 61 364 175
s 14 62 1365 735
s 14 63 842 388
s 14 64 1357 690
s 14 65 163 72
s 14 66 68 30
s 14 67 2049 1093
s 14 68 1870 999
s 14 69 1495 691
s 14 70 1684 885
s 14 71 2542 1269
s 14 72 703 336
s 14 73 448 203
s 14 74 4827 2552
s 14 75 1898 993
s 14 76 3525 1947
s 14 77 300 153
s 14 78 650 345
s 14 79 453 205
s 14 80 659 306
s 14 81 614 307
s 14 82 352 198
s 14 83 411 183
s 14 84 2167 1094
s 14 85 2495 1215
s 14 86 5410 2804
s 14 87 2193 1153
s 14 88 2364 1240
s 14 89 169 82
s 14 90 968 548
s 14 91 927 474
s 14 92 377 222
s 14 93 3722 1883
s 14 94 497 246
s 14 95 441 242
s 14 96 1211 605
s 14 97 2461 1187
s 14 98 1022 471
s 14 99 612 299
s 14 100 1208 573
s 14 101 2089 1052
s 14 102 513 251
s 14 103 182 92
s 14 104 3091 1567
s 14 105 2360 1231
s 14 106 2252 1112
s 14 107 1173 597
s 14 108 1313 625
s 14 109 1916 859
s 14 110 1403 776
s 14 111 1462 739
s 14 112 1687 899
s 14 113 948 512
s 14 114 1127 541
s 14 119 1660 819
s 14 120 1129 504
s 14 121 1766 951
s 14 123 2329 1089
s 14 126 1314 626
s 14 128 2750 1415
s 14 129 1030 493
s 14 131 1219 633
s 14 135 2583 1355
s 14 136 1361 641
s 14 137 891 423
s 14 138 670 345
s 14 145 1020 447
s 14 155 430 209
s 15 16 87 38
s 15 17 311 152
s 15 18 597 306
s 15 19 406 192
s 15 20 421 218
s 15 21 911 453
s 15 22 628 291
s 15 23 161 83
s 15 25 673 309
s 15 26 1322 680
s 15 27 937 485
s 15 28 164 77
s 15 29 441 212
s 15 30 728 366
s 15 31 689 343
s 15 32 227 123
s 15 33 112 56
s 15 34 211 104
s 15 35 657 311
s 15 36 653 311
s 15 37 220 104
s 15 38 46 18
s 15 39 485 236
s 15 40 278 131
s 15 41 360 191
s 15 42 433 235
s 15 43 213 81
s 15 44 324 168
s 15 45 176 93
s 15 46 158 70
s 15 47 228 129
s 15 48 524 257
s 15 49 521 271
s 15 50 220 105
s 15 51 235 119
s 15 52 94 53
s 15 53 399 193
s 15 54 839 441
s 15 55 154 76
s 15 56 160 81
s 15 57 94 49
s 15 58 108 53
s 15 59 121 59
s 15 60 242 127
s 15 61 43 26
s 15 62 552 300
s 15 63 149 74
s 15 64 338 149
s 15 65 30 13
s 15 66 19 6
s 15 67 450 237
s 15 68 425 219
s 15 69 226 99
s 15 70 321 153
s 15 71 998 538
s 15 72 180 80
s 15 73 106 51
s 15 74 938 489
s 15 75 483 249
s 15 76 678 372
s 15 77 35 18
s 15 78 66 45
s 15 79 90 39
s 15 80 115 58
s 15 81 96 49
s 15 82 56 32
s 15 83 149 65
s 15 84 732 364
s 15 85 712 348
s 15 86 1362 652
s 15 87 633 325
s 15 88 840 462
s 15 89 23 14
s 15 90 164 88
s 15 91 212 117
s 15 92 59 37
s 15 93 836 424
s 15 94 78 43
s 15 95 99 47
s 15 96 177 81
s 15 97 489 248
s 15 98 130 45
s 15 99 70 36
s 15 100 414 212
s 15 101 531 268
s 15 102 129 66
s 15 103 30 21
s 15 104 386 197
s 15 105 602 299
s 15 106 462 238
s 15 107 332 170
s 15 108 170 76
s 15 109 260 108
s 15 110 231 115
s 15 111 311 169
s 15 112 363 195
s 15 113 119 70
s 15 114 245 123
s 15 119 474 228
s 15 120 220 110
s 15 121 348 173
s 15 123 614 267
s 15 126 257 139
s 15 128 599 293
s 15 129 145 68
s 15 131 270 138
s 15 135 339 190
s 15 136 312 142
s 15 137 127 70
s 15 138 97 47
s 15 145 178 72
s 15 155 91 46
s 16 17 106 55
s 16 18 308 152
s 16 19 149 57
s 16 20 214 107
s 16 21 444 200
s 16 22 310 164
s 16 23 71 35
s 16 25 287 139
s 16 26 607 294
s 16 27 422 220
s 16 28 37 17
s 16 29 155 61
s 16 30 344 172
s 16 31 313 154
s 16 32 86 46
s 16 33 71 35
s 16 34 84 42
s 16 35 345 144
s 16 36 268 121
s 16 37 110 50
s 16 38 19 9
s 16 39 190 80
s 16 40 116 53
s 16 41 176 87
s 16 42 174 93
s 16 43 94 45
s 16 44 200 99
s 16 45 107 53
s 16 46 108 51
s 16 47 96 55
s 16 48 331 163
s 16 49 223 115
s 16 50 94 53
s 16 51 88 39
s 16 52 40 16
s 16 53 215 102
s 16 54 385 206
s 16 55 76 37
s 16 56 86 46
s 16 57 39 20
s 16 58 51 18
s 16 59 79 40
s 16 60 113 57
s 16 61 33 16
s 16 62 180 83
s 16 63 112 48
s 16 64 164 67
s 16 65 15 7
s 16 66 8 3
s 16 67 207 108
s 16 68 223 103
s 16 69 69 34
s 16 70 196 96
s 16 71 378 207
s 16 72 68 25
s 16 73 45 17
s 16 74 439 212
s 16 75 225 105
s 16 76 299 146
s 16 77 24 9
s 16 78 35 22
s 16 79 57 24
s 16 80 73 31
s 16 81 37 20
s 16 82 17 10
s 16 83 60 22
s 16 84 291 131
s 16 85 286 137
s 16 86 718 337
s 16 87 280 150
s 16 88 292 154
s 16 89 20 10
s 16 90 84 34
s 16 91 95 44
s 16 92 21 12
s 16 93 402 204
s 16 94 42 22
s 16 95 45 19
s 16 96 65 38
s 16 97 240 110
s 16 98 57 28
s 16 99 24 15
s 16 100 178 81
s 16 101 250 107
s 16 102 57 34
s 16 103 17 9
s 16 104 166 85
s 16 105 301 149
s 16 106 167 75
s 16 107 127 54
s 16 108 58 24
s 16 109 205 101
s 16 110 125 63
s 16 111 144 71
s 16 112 209 97
s 16 113 82 56
s 16 114 102 43
s 16 119 203 88
s 16 120 70 30
s 16 121 182 97
s 16 123 300 150
s 16 126 125 63
s 16 128 299 142
s 16 129 65 25
s 16 131 176 91
s 16 135 142 78
s 16 136 142 67
s 16 137 42 18
s 16 138 56 27
s 16 145 99 45
s 16 155 38 19
s 17 18 683 344
s 17 19 384 142
s 17 20 432 194
s 17 21 880 399
s 17 22 438 213
s 17 23 158 80
s 17 25 190 86
s 17 26 1315 614
s 17 27 845 427
s 17 28 285 135
s 17 29 1015 489
s 17 30 772 388
s 17 31 706 340
s 17 32 138 69
s 17 33 207 123
s 17 34 21 7
s 17 35 264 105
s 17 36 437 202
s 17 37 242 108
s 17 38 86 37
s 17 39 113 50
s 17 40 279 139
s 17 41 318 144
s 17 42 583 318
s 17 43 157 72
s 17 44 420 192
s 17 45 169 90
s 17 46 210 96
s 17 47 168 86
s 17 48 715 369
s 17 49 566 285
s 17 50 254 136
s 17 51 192 90
s 17 52 43 27
s 17 53 449 191
s 17 54 957 484
s 17 55 394 195
s 17 56 158 79
s 17 57 100 49
s 17 58 127 61
s 17 59 72 30
s 17 60 551 269
s 17 61 29 10
s 17 62 548 299
s 17 63 220 102
s 17 64 328 152
s 17 65 39 23
s 17 66 11 5
s 17 67 458 227
s 17 68 470 220
s 17 69 441 209
s 17 70 351 168
s 17 71 1002 498
s 17 72 191 90
s 17 73 75 33
s 17 74 339 155
s 17 75 460 213
s 17 76 56 23
s 17 77 70 34
s 17 78 182 95
s 17 79 111 45
s 17 80 116 54
s 17 81 125 59
s 17 82 22 12
s 17 83 123 58
s 17 84 609 282
s 17 85 822 398
s 17 86 1300 628
s 17 87 685 320
s 17 88 617 291
s 17 89 35 12
s 17 90 120 59
s 17 91 182 82
s 17 92 65 32
s 17 93 859 394
s 17 94 80 41
s 17 95 104 54
s 17 96 357 161
s 17 97 570 277
s 17 98 256 107
s 17 99 157 66
s 17 100 390 170
s 17 101 543 231
s 17 102 132 74
s 17 103 34 22
s 17 104 821 406
s 17 105 588 280
s 17 106 41 22
s 17 107 205 87
s 17 108 340 179
s 17 109 433 178
s 17 110 292 145
s 17 111 367 154
s 17 112 441 210
s 17 113 29 8
s 17 114 180 77
s 17 119 498 244
s 17 120 103 43
s 17 121 434 227
s 17 123 722 331
s 17 126 58 34
s 17 128 499 227
s 17 129 243 111
s 17 131 350 170
s 17 135 676 358
s 17 136 262 108
s 17 137 193 84
s 17 138 124 55
s 17 145 172 72
s 17 155 129 50
s 18 19 586 292
s 18 20 724 368
s 18 21 1849 929
s 18 22 1376 701
s 18 23 446 232
s 18 25 1656 811
s 18 26 2613 1308
s 18 27 1617 888
s 18 28 622 322
s 18 29 1804 887
s 18 30 1520 805
s 18 31 1394 754
s 18 32 361 221
s 18 33 503 259
s 18 34 544 267
s 18 35 1247 606
s 18 36 1552 868
s 18 37 527 268
s 18 38 191 108
s 18 39 1136 551
s 18 40 545 284
s 18 41 49 19
s 18 42 727 403
s 18 43 664 317
s 18 44 40 18
s 18 45 432 225
s 18 46 95 32
s 18 47 642 329
s 18 48 77 25
s 18 49 1627 915
s 18 50 518 281
s 18 51 337 169
s 18 52 226 120
s 18 53 582 248
s 18 54 59 27
s 18 55 840 448
s 18 56 146 75
s 18 57 239 124
s 18 58 278 139
s 18 59 337 169
s 18 60 1056 581
s 18 61 141 71
s 18 62 1077 644
s 18 63 262 140
s 18 64 721 355
s 18 65 90 48
s 18 66 41 21
s 18 67 46 27
s 18 68 975 506
s 18 69 793 407
s 18 70 88 44
s 18 71 1814 1046
s 18 72 313 154
s 18 73 120 48
s 18 74 2399 1308
s 18 75 995 529
s 18 76 1703 973
s 18 77 194 104
s 18 78 345 184
s 18 79 238 121
s 18 80 102 48
s 18 81 191 103
s 18 82 146 90
s 18 83 242 119
s 18 84 1362 701
s 18 85 1581 842
s 18 86 3137 1633
s 18 87 1218 665
s 18 88 1387 792
s 18 89 11 8
s 18 90 480 244
s 18 91 388 209
s 18 92 205 125
s 18 93 463 248
s 18 94 23 9
s 18 95 24 11
s 18 96 660 345
s 18 97 1621 821
s 18 98 576 286
s 18 99 283 136
s 18 100 632 350
s 18 101 1181 597
s 18 102 232 129
s 18 103 101 61
s 18 104 1550 841
s 18 105 1436 779
s 18 106 1060 569
s 18 107 674 353
s 18 108 614 307
s 18 109 46 16
s 18 110 749 420
s 18 111 805 423
s 18 112 1013 535
s 18 113 447 267
s 18 114 235 113
s 18 119 1005 520
s 18 120 583 296
s 18 121 993 543
s 18 123 1374 667
s 18 126 574 280
s 18 128 1326 662
s 18 129 528 257
s 18 131 769 393
s 18 135 1367 767
s 18 136 693 366
s 18 137 473 244
s 18 138 64 24
s 18 145 161 78
s 18 155 252 130
s 19 20 561 255
s 19 21 1226 500
s 19 22 738 305
s 19 23 287 125
s 19 25 931 376
s 19 26 1583 662
s 19 27 1037 466
s 19 28 312 124
s 19 29 920 352
s 19 30 858 384
s 19 31 818 374
s 19 32 220 88
s 19 33 285 127
s 19 34 323 149
s 19 35 798 305
s 19 36 924 423
s 19 37 318 132
s 19 38 119 52
s 19 39 568 245
s 19 40 307 129
s 19 41 322 144
s 19 42 516 240
s 19 43 359 152
s 19 44 427 199
s 19 45 285 127
s 19 46 286 119
s 19 47 374 151
s 19 48 664 287
s 19 49 873 412
s 19 50 313 131
s 19 51 188 83
s 19 52 154 72
s 19 53 554 212
s 19 54 713 332
s 19 55 457 214
s 19 56 188 91
s 19 57 131 59
s 19 58 125 60
s 19 59 213 82
s 19 60 555 249
s 19 61 89 36
s 19 62 523 254
s 19 63 236 94
s 19 64 445 186
s 19 65 37 13
s 19 66 14 5
s 19 67 367 165
s 19 68 577 252
s 19 69 376 162
s 19 70 378 170
s 19 71 904 414
s 19 72 242 98
s 19 73 110 42
s 19 74 1339 625
s 19 75 546 247
s 19 76 916 432
s 19 77 128 64
s 19 78 186 87
s 19 79 152 56
s 19 80 152 64
s 19 81 138 62
s 19 82 75 37
s 19 83 172 66
s 19 84 804 353
s 19 85 926 412
s 19 86 1766 766
s 19 87 697 305
s 19 88 752 334
s 19 89 35 16
s 19 90 274 132
s 19 91 285 118
s 19 92 100 47
s 19 93 794 349
s 19 94 83 28
s 19 95 116 50
s 19 96 333 128
s 19 97 905 394
s 19 98 322 138
s 19 99 188 72
s 19 100 510 239
s 19 101 620 251
s 19 102 139 65
s 19 103 48 25
s 19 104 825 394
s 19 105 817 357
s 19 106 515 219
s 19 107 355 148
s 19 108 309 141
s 19 109 417 165
s 19 110 357 154
s 19 111 458 210
s 19 112 578 264
s 19 113 257 137
s 19 114 255 115
s 19 119 534 238
s 19 120 317 135
s 19 121 506 222
s 19 123 821 330
s 19 126 345 138
s 19 128 875 368
s 19 129 333 129
s 19 131 469 208
s 19 135 758 373
s 19 136 416 169
s 19 137 226 88
s 19 138 127 54
s 19 145 204 88
s 19 155 137 63
s 20 21 1191 597
s 20 22 817 404
s 20 23 347 178
s 20 25 1117 547
s 20 26 1499 755
s 20 27 886 451
s 20 28 445 240
s 20 29 1266 631
s 20 30 814 422
s 20 31 686 380
s 20 32 328 173
s 20 33 253 138
s 20 34 397 207
s 20 35 1050 553
s 20 36 1110 565
s 20 37 271 141
s 20 38 125 69
s 20 39 750 364
s 20 40 317 139
s 20 41 418 205
s 20 42 781 430
s 20 43 443 206
s 20 44 559 280
s 20 45 245 132
s 20 46 298 163
s 20 47 402 209
s 20 48 921 505
s 20 49 1124 637
s 20 50 217 122
s 20 51 190 93
s 20 52 163 95
s 20 53 593 269
s 20 54 1065 547
s 20 55 393 193
s 20 56 229 129
s 20 57 163 103
s 20 58 130 68
s 20 59 240 109
s 20 60 701 408
s 20 61 112 58
s 20 62 540 290
s 20 63 246 132
s 20 64 385 189
s 20 65 41 22
s 20 66 22 9
s 20 67 504 262
s 20 68 556 282
s 20 69 445 197
s 20 70 462 243
s 20 71 1113 577
s 20 72 224 119
s 20 73 171 86
s 20 74 1569 822
s 20 75 545 281
s 20 76 1123 588
s 20 77 120 66
s 20 78 215 101
s 20 79 98 50
s 20 80 173 87
s 20 81 192 98
s 20 82 87 46
s 20 83 168 88
s 20 84 831 437
s 20 85 1078 569
s 20 86 1697 879
s 20 87 633 347
s 20 88 857 469
s 20 89 36 21
s 20 90 278 133
s 20 91 243 133
s 20 92 127 74
s 20 93 947 495
s 20 94 108 55
s 20 95 138 69
s 20 96 412 213
s 20 97 968 503
s 20 98 360 162
s 20 99 226 101
s 20 100 482 255
s 20 101 682 347
s 20 102 184 87
s 20 103 74 42
s 20 104 1128 604
s 20 105 756 411
s 20 106 664 330
s 20 107 428 232
s 20 108 440 210
s 20 109 466 216
s 20 110 442 251
s 20 111 352 173
s 20 112 406 199
s 20 113 274 151
s 20 114 330 160
s 20 119 460 245
s 20 120 372 181
s 20 121 486 271
s 20 123 706 345
s 20 126 410 205
s 20 128 832 462
s 20 129 394 200
s 20 131 346 176
s 20 135 878 472
s 20 136 480 236
s 20 137 325 140
s 20 138 171 89
s 20 145 289 134
s 20 155 140 78
s 21 22 1623 759
s 21 23 663 305
s 21 25 1930 875
s 21 26 3466 1641
s 21 27 2136 1049
s 21 28 933 450
s 21 29 2761 1325
s 21 30 1960 970
s 21 31 1681 849
s 21 32 675 349
s 21 33 533 281
s 21 34 642 308
s 21 35 1647 755
s 21 36 2234 1091
s 21 37 636 310
s 21 38 286 129
s 21 39 1336 589
s 21 40 602 284
s 21 41 920 449
s 21 42 1664 850
s 21 43 808 364
s 21 44 1071 483
s 21 45 512 256
s 21 46 668 325
s 21 47 812 400
s 21 48 1813 880
s 21 49 2482 1268
s 21 50 666 365
s 21 51 474 210
s 21 52 354 197
s 21 53 1296 513
s 21 54 2509 1317
s 21 55 926 453
s 21 56 493 242
s 21 57 313 164
s 21 58 296 147
s 21 59 505 220
s 21 60 1494 742
s 21 61 226 112
s 21 62 1157 635
s 21 63 484 224
s 21 64 928 412
s 21 65 80 39
s 21 66 57 29
s 21 67 1204 629
s 21 68 1165 607
s 21 69 1099 507
s 21 70 1064 525
s 21 71 2419 1226
s 21 72 486 199
s 21 73 273 117
s 21 74 2857 1402
s 21 75 1163 565
s 21 76 2108 1101
s 21 77 209 87
s 21 78 451 242
s 21 79 295 132
s 21 80 442 229
s 21 81 435 229
s 21 82 198 114
s 21 83 423 184
s 21 84 1870 894
s 21 85 2263 1117
s 21 86 3602 1716
s 21 87 1559 806
s 21 88 1809 962
s 21 89 78 43
s 21 90 539 280
s 21 91 600 326
s 21 92 235 127
s 21 93 2322 1180
s 21 94 249 119
s 21 95 285 146
s 21 96 939 464
s 21 97 1899 937
s 21 98 864 396
s 21 99 500 228
s 21 100 1240 618
s 21 101 1275 604
s 21 102 409 210
s 21 103 112 54
s 21 104 2387 1207
s 21 105 1602 798
s 21 106 1416 698
s 21 107 842 438
s 21 108 1007 439
s 21 109 1073 411
s 21 110 891 466
s 21 111 907 436
s 21 112 1164 559
s 21 113 486 256
s 21 114 684 304
s 21 119 1112 536
s 21 120 747 341
s 21 121 1009 514
s 21 123 1581 717
s 21 126 837 394
s 21 128 1709 804
s 21 129 856 415
s 21 131 833 383
s 21 135 1822 961
s 21 136 916 412
s 21 137 682 299
s 21 138 342 168
s 21 145 594 256
s 21 155 302 137
s 22 23 468 228
s 22 25 1128 532
s 22 26 2090 1021
s 22 27 1339 682
s 22 28 633 291
s 22 29 1930 873
s 22 30 1163 605
s 22 31 990 499
s 22 32 437 236
s 22 33 337 179
s 22 34 362 163
s 22 35 1054 485
s 22 36 1359 622
s 22 37 370 161
s 22 38 164 81
s 22 39 755 390
s 22 40 384 171
s 22 41 791 395
s 22 42 1288 709
s 22 43 511 247
s 22 44 899 468
s 22 45 297 153
s 22 46 434 200
s 22 47 507 252
s 22 48 1445 737
s 22 49 1534 779
s 22 50 367 196
s 22 51 258 119
s 22 52 176 90
s 22 53 822 375
s 22 54 1802 931
s 22 55 577 281
s 22 56 380 199
s 22 57 188 102
s 22 58 167 88
s 22 59 334 143
s 22 60 1085 556
s 22 61 143 76
s 22 62 608 333
s 22 63 339 152
s 22 64 534 234
s 22 65 59 31
s 22 66 28 18
s 22 67 1018 529
s 22 68 660 337
s 22 69 716 352
s 22 70 772 390
s 22 71 1407 725
s 22 72 303 135
s 22 73 202 87
s 22 74 1592 843
s 22 75 647 309
s 22 76 1076 611
s 22 77 145 74
s 22 78 303 149
s 22 79 164 73
s 22 80 266 136
s 22 81 305 152
s 22 82 118 61
s 22 83 201 112
s 22 84 1097 525
s 22 85 1260 587
s 22 86 1957 1021
s 22 87 935 462
s 22 88 1001 519
s 22 89 73 35
s 22 90 311 160
s 22 91 303 156
s 22 92 130 67
s 22 93 1705 840
s 22 94 199 90
s 22 95 214 117
s 22 96 698 334
s 22 97 1227 626
s 22 98 548 256
s 22 99 341 164
s 22 100 609 279
s 22 101 674 331
s 22 102 218 104
s 22 103 77 41
s 22 104 1960 1015
s 22 105 897 453
s 22 106 700 361
s 22 107 493 237
s 22 108 666 312
s 22 109 787 298
s 22 110 443 219
s 22 111 503 249
s 22 112 633 318
s 22 113 268 150
s 22 114 464 196
s 22 119 591 279
s 22 120 428 196
s 22 121 566 304
s 22 123 850 350
s 22 126 428 203
s 22 128 965 481
s 22 129 582 289
s 22 131 462 224
s 22 135 1273 682
s 22 136 580 271
s 22 137 449 216
s 22 138 223 119
s 22 145 368 162
s 22 155 181 79
s 23 25 494 221
s 23 26 1110 550
s 23 27 740 392
s 23 28 115 47
s 23 29 318 144
s 23 30 641 340
s 23 31 515 267
s 23 32 156 89
s 23 33 108 53
s 23 34 142 69
s 23 35 468 215
s 23 36 396 195
s 23 37 192 92
s 23 38 30 18
s 23 39 306 149
s 23 40 213 111
s 23 41 289 140
s 23 42 286 152
s 23 43 152 76
s 23 44 364 190
s 23 45 166 88
s 23 46 197 89
s 23 47 150 77
s 23 48 616 321
s 23 49 329 170
s 23 50 202 122
s 23 51 125 52
s 23 52 73 31
s 23 53 372 174
s 23 54 636 346
s 23 55 100 48
s 23 56 131 65
s 23 57 69 39
s 23 58 71 34
s 23 59 107 49
s 23 60 187 104
s 23 61 54 32
s 23 62 338 187
s 23 63 170 83
s 23 64 282 134
s 23 65 28 14
s 23 66 14 5
s 23 67 356 208
s 23 68 357 187
s 23 69 158 82
s 23 70 316 158
s 23 71 613 336
s 23 72 151 72
s 23 73 80 27
s 23 74 754 386
s 23 75 326 172
s 23 76 378 197
s 23 77 29 17
s 23 78 47 23
s 23 79 91 40
s 23 80 96 50
s 23 81 78 41
s 23 82 59 28
s 23 83 114 44
s 23 84 519 298
s 23 85 542 264
s 23 86 1105 525
s 23 87 516 247
s 23 88 435 249
s 23 89 24 14
s 23 90 145 78
s 23 91 134 73
s 23 92 44 22
s 23 93 662 335
s 23 94 76 42
s 23 95 98 46
s 23 96 102 50
s 23 97 393 184
s 23 98 129 58
s 23 99 55 22
s 23 100 308 152
s 23 101 406 194
s 23 102 110 62
s 23 103 37 16
s 23 104 329 165
s 23 105 510 236
s 23 106 281 126
s 23 107 163 88
s 23 108 128 60
s 23 109 349 156
s 23 110 231 120
s 23 111 267 146
s 23 112 348 171
s 23 113 109 58
s 23 114 188 88
s 23 119 321 162
s 23 120 125 55
s 23 121 319 161
s 23 123 496 217
s 23 126 180 81
s 23 128 498 243
s 23 129 126 58
s 23 131 265 150
s 23 135 255 131
s 23 136 206 97
s 23 137 80 33
s 23 138 115 56
s 23 145 155 75
s 23 155 72 35
s 25 26 3071 1471
s 25 27 2087 1021
s 25 28 764 357
s 25 29 2352 1073
s 25 30 1898 930
s 25 31 1686 771
s 25 32 399 210
s 25 33 525 260
s 25 34 152 64
s 25 35 803 352
s 25 36 1258 591
s 25 37 577 283
s 25 38 228 98
s 25 39 411 168
s 25 40 662 312
s 25 41 890 437
s 25 42 1541 781
s 25 43 470 200
s 25 44 1083 536
s 25 45 478 243
s 25 46 491 208
s 25 47 476 233
s 25 48 1958 924
s 25 49 1625 800
s 25 50 677 328
s 25 51 429 183
s 25 52 161 84
s 25 53 899 359
s 25 54 2326 1231
s 25 55 814 396
s 25 56 341 176
s 25 57 288 150
s 25 58 264 109
s 25 59 222 95
s 25 60 1371 686
s 25 61 108 62
s 25 62 1182 622
s 25 63 514 230
s 25 64 876 381
s 25 65 73 27
s 25 66 47 21
s 25 67 1159 581
s 25 68 1039 482
s 25 69 951 434
s 25 70 966 430
s 25 71 2334 1193
s 25 72 447 184
s 25 73 227 100
s 25 74 1134 516
s 25 75 1048 512
s 25 76 423 205
s 25 77 161 82
s 25 78 405 188
s 25 79 281 125
s 25 80 348 155
s 25 81 404 176
s 25 82 62 31
s 25 83 372 149
s 25 84 1679 747
s 25 85 2003 884
s 25 86 3174 1452
s 25 87 1475 711
s 25 88 1405 704
s 25 89 91 46
s 25 90 260 127
s 25 91 508 247
s 25 92 144 83
s 25 93 1983 933
s 25 94 233 98
s 25 95 233 134
s 25 96 833 393
s 25 97 1568 715
s 25 98 656 279
s 25 99 395 179
s 25 100 960 472
s 25 101 1141 501
s 25 102 349 156
s 25 103 117 58
s 25 104 2240 1106
s 25 105 1550 739
s 25 106 270 112
s 25 107 529 236
s 25 108 902 374
s 25 109 1079 415
s 25 110 656 306
s 25 111 907 426
s 25 112 1065 517
s 25 113 124 63
s 25 114 461 191
s 25 119 1091 516
s 25 120 285 130
s 25 121 1160 557
s 25 123 1611 722
s 25 126 248 102
s 25 128 1346 629
s 25 129 714 343
s 25 131 862 382
s 25 135 1656 826
s 25 136 638 295
s 25 137 547 234
s 25 138 286 109
s 25 145 428 164
s 25 155 267 132
s 26 27 1808 856
s 26 28 1341 638
s 26 29 3823 1759
s 26 30 1754 856
s 26 31 1417 710
s 26 32 924 467
s 26 33 833 473
s 26 34 1059 517
s 26 35 2753 1331
s 26 36 3429 1628
s 26 37 609 294
s 26 38 396 175
s 26 39 1938 881
s 26 40 756 353
s 26 41 1521 740
s 26 42 2488 1299
s 26 43 1106 511
s 26 44 1843 885
s 26 45 631 315
s 26 46 1001 458
s 26 47 1166 591
s 26 48 3140 1579
s 26 49 3122 1559
s 26 50 592 280
s 26 51 487 237
s 26 52 452 241
s 26 53 1727 737
s 26 54 3862 1982
s 26 55 1304 653
s 26 56 765 386
s 26 57 352 177
s 26 58 321 157
s 26 59 666 304
s 26 60 2213 1109
s 26 61 276 129
s 26 62 1349 727
s 26 63 749 340
s 26 64 871 418
s 26 65 119 56
s 26 66 42 18
s 26 67 1913 988
s 26 68 1167 571
s 26 69 1586 727
s 26 70 1821 929
s 26 71 2905 1467
s 26 72 643 291
s 26 73 443 206
s 26 74 4199 2095
s 26 75 1384 677
s 26 76 2992 1553
s 26 77 318 167
s 26 78 645 338
s 26 79 292 122
s 26 80 603 289
s 26 81 622 308
s 26 82 301 156
s 26 83 350 153
s 26 84 2047 986
s 26 85 2544 1247
s 26 86 4261 2092
s 26 87 1275 599
s 26 88 2097 1041
s 26 89 146 67
s 26 90 777 394
s 26 91 664 335
s 26 92 297 164
s 26 93 3701 1785
s 26 94 444 208
s 26 95 489 263
s 26 96 1375 638
s 26 97 2778 1327
s 26 98 1373 662
s 26 99 786 375
s 26 100 1286 637
s 26 101 1638 772
s 26 102 451 209
s 26 103 145 81
s 26 104 3827 1886
s 26 105 1861 922
s 26 106 1812 892
s 26 107 1087 521
s 26 108 1362 640
s 26 109 1811 834
s 26 110 1184 646
s 26 111 836 407
s 26 112 1063 519
s 26 113 750 375
s 26 114 1086 506
s 26 119 1038 528
s 26 120 1059 456
s 26 121 1267 665
s 26 123 1635 727
s 26 126 1235 602
s 26 128 2205 1070
s 26 129 1293 589
s 26 131 815 409
s 26 135 2928 1564
s 26 136 1227 570
s 26 137 965 471
s 26 138 490 243
s 26 145 946 413
s 26 155 377 181
s 27 28 905 451
s 27 29 2407 1191
s 27 30 858 460
s 27 31 696 357
s 27 32 574 321
s 27 33 489 273
s 27 34 755 393
s 27 35 1898 997
s 27 36 2181 1123
s 27 37 325 143
s 27 38 253 115
s 27 39 1331 674
s 27 40 418 227
s 27 41 996 490
s 27 42 1448 797
s 27 43 779 394
s 27 44 1237 653
s 27 45 421 223
s 27 46 679 313
s 27 47 771 390
s 27 48 1837 959
s 27 49 2139 1156
s 27 50 273 149
s 27 51 254 123
s 27 52 305 167
s 27 53 1234 583
s 27 54 2238 1198
s 27 55 777 418
s 27 56 517 265
s 27 57 225 112
s 27 58 197 97
s 27 59 460 205
s 27 60 1428 725
s 27 61 198 107
s 27 62 834 475
s 27 63 512 254
s 27 64 511 243
s 27 65 75 33
s 27 66 16 8
s 27 67 1135 577
s 27 68 660 343
s 27 69 880 436
s 27 70 1392 712
s 27 71 1763 894
s 27 72 390 175
s 27 73 260 126
s 27 74 2931 1541
s 27 75 783 415
s 27 76 2087 1138
s 27 77 217 122
s 27 78 408 228
s 27 79 140 63
s 27 80 394 190
s 27 81 383 208
s 27 82 178 96
s 27 83 161 68
s 27 84 1251 613
s 27 85 1557 814
s 27 86 2741 1395
s 27 87 623 328
s 27 88 1342 714
s 27 89 92 49
s 27 90 525 293
s 27 91 356 174
s 27 92 213 123
s 27 93 2464 1227
s 27 94 254 130
s 27 95 282 146
s 27 96 912 476
s 27 97 1794 975
s 27 98 909 454
s 27 99 443 202
s 27 100 763 402
s 27 101 1042 508
s 27 102 251 136
s 27 103 85 45
s 27 104 2339 1193
s 27 105 1062 563
s 27 106 1283 660
s 27 107 709 377
s 27 108 957 476
s 27 109 1147 558
s 27 110 699 398
s 27 111 424 225
s 27 112 489 277
s 27 113 517 282
s 27 114 776 389
s 27 119 619 324
s 27 120 730 348
s 27 121 534 293
s 27 123 922 429
s 27 126 859 448
s 27 128 1404 738
s 27 129 829 434
s 27 131 451 234
s 27 135 1921 1095
s 27 136 786 420
s 27 137 578 281
s 27 138 340 164
s 27 145 603 287
s 27 155 233 122
s 28 29 219 110
s 28 30 754 365
s 28 31 719 364
s 28 32 200 100
s 28 33 93 52
s 28 34 251 106
s 28 35 641 309
s 28 36 524 254
s 28 37 265 132
s 28 38 26 14
s 28 39 442 186
s 28 40 287 141
s 28 41 319 146
s 28 42 232 126
s 28 43 190 90
s 28 44 477 229
s 28 45 191 96
s 28 46 270 120
s 28 47 195 85
s 28 48 701 343
s 28 49 448 217
s 28 50 259 145
s 28 51 147 64
s 28 52 119 57
s 28 53 463 208
s 28 54 901 424
s 28 55 74 40
s 28 56 194 107
s 28 57 60 29
s 28 58 109 68
s 28 59 121 49
s 28 60 86 39
s 28 61 54 26
s 28 62 367 191
s 28 63 207 90
s 28 64 388 189
s 28 65 19 8
s 28 66 28 11
s 28 67 386 197
s 28 68 430 182
s 28 69 75 32
s 28 70 357 196
s 28 71 706 350
s 28 72 187 74
s 28 73 88 43
s 28 74 1081 507
s 28 75 482 234
s 28 76 677 348
s 28 77 21 11
s 28 78 31 11
s 28 79 111 49
s 28 80 142 63
s 28 81 66 33
s 28 82 61 31
s 28 83 149 60
s 28 84 609 288
s 28 85 659 318
s 28 86 1428 672
s 28 87 612 313
s 28 88 559 318
s 28 89 38 21
s 28 90 193 93
s 28 91 263 120
s 28 92 40 17
s 28 93 758 351
s 28 94 95 48
s 28 95 82 39
s 28 96 52 23
s 28 97 353 175
s 28 98 75 33
s 28 99 26 10
s 28 100 382 180
s 28 101 558 258
s 28 102 114 64
s 28 103 38 19
s 28 104 160 92
s 28 105 621 310
s 28 106 451 224
s 28 107 247 119
s 28 108 61 24
s 28 109 409 162
s 28 110 258 133
s 28 111 361 169
s 28 112 435 214
s 28 113 182 98
s 28 114 241 107
s 28 119 456 235
s 28 120 193 93
s 28 121 414 217
s 28 123 663 326
s 28 126 270 129
s 28 128 612 302
s 28 129 63 35
s 28 131 323 159
s 28 135 137 77
s 28 136 325 139
s 28 137 78 42
s 28 138 111 52
s 28 145 232 106
s 28 155 69 32
s 29 30 2210 1061
s 29 31 2028 960
s 29 32 607 288
s 29 33 250 111
s 29 34 746 356
s 29 35 2069 968
s 29 36 1561 705
s 29 37 715 361
s 29 38 67 28
s 29 39 1540 670
s 29 40 768 354
s 29 41 925 443
s 29 42 700 361
s 29 43 588 271
s 29 44 1178 563
s 29 45 694 334
s 29 46 711 302
s 29 47 619 298
s 29 48 2189 1014
s 29 49 1112 557
s 29 50 720 408
s 29 51 450 203
s 29 52 383 209
s 29 53 1197 496
s 29 54 2430 1240
s 29 55 151 58
s 29 56 601 307
s 29 57 195 102
s 29 58 323 146
s 29 59 407 189
s 29 60 202 102
s 29 61 214 104
s 29 62 1303 683
s 29 63 585 272
s 29 64 1056 468
s 29 65 98 48
s 29 66 59 27
s 29 67 1337 666
s 29 68 1487 717
s 29 69 148 61
s 29 70 978 509
s 29 71 2109 1096
s 29 72 525 259
s 29 73 278 116
s 29 74 4017 1974
s 29 75 1468 685
s 29 76 2426 1283
s 29 77 40 20
s 29 78 78 42
s 29 79 361 161
s 29 80 436 212
s 29 81 180 77
s 29 82 187 95
s 29 83 398 160
s 29 84 1629 756
s 29 85 1884 937
s 29 86 4491 2211
s 29 87 1698 834
s 29 88 1950 1009
s 29 89 91 39
s 29 90 701 364
s 29 91 617 313
s 29 92 151 81
s 29 93 2198 1027
s 29 94 339 148
s 29 95 291 143
s 29 96 84 30
s 29 97 959 451
s 29 98 165 75
s 29 99 61 23
s 29 100 970 485
s 29 101 1686 759
s 29 102 304 138
s 29 103 91 46
s 29 104 353 168
s 29 105 1910 938
s 29 106 1441 685
s 29 107 782 374
s 29 108 92 32
s 29 109 1251 543
s 29 110 943 477
s 29 111 1093 524
s 29 112 1275 605
s 29 113 648 325
s 29 114 697 318
s 29 119 1247 563
s 29 120 502 234
s 29 121 1252 649
s 29 123 2040 950
s 29 126 822 393
s 29 128 2046 961
s 29 129 108 52
s 29 131 1001 467
s 29 135 314 159
s 29 136 926 456
s 29 137 205 98
s 29 138 380 171
s 29 145 625 273
s 29 155 137 77
s 30 31 679 349
s 30 32 544 283
s 30 33 435 248
s 30 34 649 302
s 30 35 1767 865
s 30 36 1920 966
s 30 37 265 128
s 30 38 247 131
s 30 39 1186 586
s 30 40 386 192
s 30 41 808 413
s 30 42 1506 868
s 30 43 670 320
s 30 44 1155 589
s 30 45 326 175
s 30 46 606 270
s 30 47 726 351
s 30 48 1826 930
s 30 49 2217 1242
s 30 50 244 129
s 30 51 296 157
s 30 52 260 145
s 30 53 965 438
s 30 54 2192 1207
s 30 55 745 398
s 30 56 418 246
s 30 57 185 90
s 30 58 154 77
s 30 59 459 208
s 30 60 1331 744
s 30 61 209 97
s 30 62 774 456
s 30 63 442 207
s 30 64 395 185
s 30 65 83 42
s 30 66 17 10
s 30 67 1233 666
s 30 68 471 249
s 30 69 858 440
s 30 70 936 491
s 30 71 1744 950
s 30 72 338 147
s 30 73 207 106
s 30 74 2552 1338
s 30 75 652 294
s 30 76 1929 1097
s 30 77 169 83
s 30 78 387 208
s 30 79 140 72
s 30 80 362 180
s 30 81 367 186
s 30 82 191 112
s 30 83 144 63
s 30 84 1028 535
s 30 85 1335 667
s 30 86 2293 1168
s 30 87 549 296
s 30 88 1192 676
s 30 89 88 47
s 30 90 493 263
s 30 91 369 196
s 30 92 182 94
s 30 93 1989 1021
s 30 94 247 124
s 30 95 228 117
s 30 96 818 402
s 30 97 1529 784
s 30 98 696 331
s 30 99 374 165
s 30 100 612 309
s 30 101 864 446
s 30 102 198 97
s 30 103 66 35
s 30 104 2109 1148
s 30 105 988 500
s 30 106 1215 645
s 30 107 656 343
s 30 108 863 409
s 30 109 976 422
s 30 110 631 325
s 30 111 346 180
s 30 112 404 205
s 30 113 500 293
s 30 114 617 317
s 30 119 608 314
s 30 120 665 298
s 30 121 557 291
s 30 123 887 436
s 30 126 734 377
s 30 128 1264 626
s 30 129 730 370
s 30 131 388 200
s 30 135 1593 849
s 30 136 710 362
s 30 137 564 285
s 30 138 287 132
s 30 145 538 265
s 30 155 215 114
s 31 32 535 283
s 31 33 355 191
s 31 34 519 265
s 31 35 1397 700
s 31 36 1753 926
s 31 37 214 102
s 31 38 199 105
s 31 39 1049 491
s 31 40 290 147
s 31 41 773 406
s 31 42 1246 677
s 31 43 592 288
s 31 44 907 482
s 31 45 294 156
s 31 46 461 225
s 31 47 601 300
s 31 48 1550 849
s 31 49 1835 1024
s 31 50 206 107
s 31 51 202 97
s 31 52 265 149
s 31 53 762 369
s 31 54 2061 1151
s 31 55 774 435
s 31 56 393 215
s 31 57 176 91
s 31 58 154 86
s 31 59 350 178
s 31 60 1209 673
s 31 61 186 96
s 31 62 759 426
s 31 63 346 165
s 31 64 314 163
s 31 65 66 42
s 31 66 10 3
s 31 67 992 535
s 31 68 420 212
s 31 69 810 391
s 31 70 921 483
s 31 71 1438 785
s 31 72 266 125
s 31 73 202 107
s 31 74 2185 1150
s 31 75 527 286
s 31 76 1845 1023
s 31 77 194 99
s 31 78 307 146
s 31 79 121 60
s 31 80 341 194
s 31 81 330 187
s 31 82 178 99
s 31 83 128 53
s 31 84 893 452
s 31 85 1105 549
s 31 86 2037 1045
s 31 87 461 232
s 31 88 1142 640
s 31 89 68 43
s 31 90 422 225
s 31 91 268 133
s 31 92 195 111
s 31 93 1932 1021
s 31 94 198 104
s 31 95 206 116
s 31 96 722 371
s 31 97 1378 720
s 31 98 616 294
s 31 99 310 152
s 31 100 510 260
s 31 101 713 362
s 31 102 165 110
s 31 103 91 50
s 31 104 1837 1023
s 31 105 787 411
s 31 106 1082 562
s 31 107 598 294
s 31 108 706 298
s 31 109 894 398
s 31 110 541 309
s 31 111 256 127
s 31 112 322 168
s 31 113 437 250
s 31 114 549 250
s 31 119 567 303
s 31 120 575 288
s 31 121 1348 783
s 31 123 763 401
s 31 126 629 324
s 31 128 1059 552
s 31 129 616 314
s 31 131 343 161
s 31 135 1486 822
s 31 136 642 361
s 31 137 533 281
s 31 138 232 118
s 31 145 478 222
s 31 155 185 99
s 32 33 108 60
s 32 34 105 55
s 32 35 403 225
s 32 36 526 289
s 32 37 183 86
s 32 38 54 27
s 32 39 228 113
s 32 40 224 123
s 32 41 143 73
s 32 42 397 240
s 32 43 178 98
s 32 44 196 110
s 32 45 153 77
s 32 46 100 39
s 32 47 212 111
s 32 48 352 165
s 32 49 492 254
s 32 50 150 88
s 32 51 100 47
s 32 52 75 37
s 32 53 310 135
s 32 54 461 249
s 32 55 247 148
s 32 56 82 34
s 32 57 60 29
s 32 58 96 44
s 32 59 95 41
s 32 60 303 160
s 32 61 45 20
s 32 62 264 150
s 32 63 110 62
s 32 64 273 142
s 32 65 16 6
s 32 66 6 3
s 32 67 216 122
s 32 68 333 189
s 32 69 290 141
s 32 70 166 79
s 32 71 666 363
s 32 72 136 74
s 32 73 52 27
s 32 74 512 259
s 32 75 349 196
s 32 76 325 177
s 32 77 42 22
s 32 78 92 57
s 32 79 72 38
s 32 80 70 36
s 32 81 103 55
s 32 82 34 19
s 32 83 87 34
s 32 84 468 252
s 32 85 518 289
s 32 86 954 470
s 32 87 412 226
s 32 88 427 234
s 32 89 24 11
s 32 90 116 62
s 32 91 99 54
s 32 92 67 39
s 32 93 414 206
s 32 94 62 30
s 32 95 60 38
s 32 96 256 130
s 32 97 392 200
s 32 98 182 86
s 32 99 100 47
s 32 100 223 122
s 32 101 364 198
s 32 102 93 49
s 32 103 28 15
s 32 104 553 298
s 32 105 447 251
s 32 106 211 111
s 32 107 163 84
s 32 108 217 125
s 32 109 190 93
s 32 110 246 146
s 32 111 214 117
s 32 112 279 159
s 32 113 99 53
s 32 114 124 57
s 32 119 303 168
s 32 120 119 55
s 32 121 318 172
s 32 123 444 224
s 32 126 140 60
s 32 128 426 231
s 32 129 172 89
s 32 131 224 112
s 32 135 484 257
s 32 136 188 91
s 32 137 149 77
s 32 138 58 27
s 32 145 104 46
s 32 155 58 26
s 33 34 193 106
s 33 35 414 208
s 33 36 348 195
s 33 37 153 75
s 33 38 29 10
s 33 39 288 149
s 33 40 146 72
s 33 41 182 94
s 33 42 199 121
s 33 43 129 68
s 33 44 291 155
s 33 45 124 68
s 33 46 168 89
s 33 47 119 64
s 33 48 634 357
s 33 49 418 243
s 33 50 144 81
s 33 51 113 65
s 33 52 93 51
s 33 53 287 159
s 33 54 595 343
s 33 55 100 49
s 33 56 109 68
s 33 57 65 39
s 33 58 75 38
s 33 59 100 52
s 33 60 124 72
s 33 61 49 21
s 33 62 382 220
s 33 63 103 48
s 33 64 198 108
s 33 65 22 9
s 33 66 15 10
s 33 67 273 174
s 33 68 264 146
s 33 69 78 39
s 33 70 276 159
s 33 71 578 330
s 33 72 122 66
s 33 73 55 21
s 33 74 887 483
s 33 75 324 183
s 33 76 539 329
s 33 77 22 14
s 33 78 39 18
s 33 79 60 32
s 33 80 125 64
s 33 81 56 32
s 33 82 66 32
s 33 83 105 53
s 33 84 360 191
s 33 85 459 246
s 33 86 1029 555
s 33 87 355 190
s 33 88 427 254
s 33 89 25 16
s 33 90 143 79
s 33 91 161 78
s 33 92 56 35
s 33 93 604 322
s 33 94 77 43
s 33 95 73 33
s 33 96 65 28
s 33 97 303 139
s 33 98 87 37
s 33 99 35 15
s 33 100 335 165
s 33 101 243 131
s 33 102 81 43
s 33 103 21 5
s 33 104 204 104
s 33 105 430 245
s 33 106 353 190
s 33 107 237 123
s 33 108 77 50
s 33 109 330 148
s 33 110 190 118
s 33 111 213 118
s 33 112 344 177
s 33 113 145 93
s 33 114 182 102
s 33 119 298 165
s 33 120 171 85
s 33 121 227 116
s 33 123 400 205
s 33 126 237 122
s 33 128 408 232
s 33 129 78 40
s 33 131 225 125
s 33 135 168 99
s 33 136 240 139
s 33 137 103 54
s 33 138 63 32
s 33 145 175 88
s 33 155 60 32
s 34 35 217 87
s 34 36 384 194
s 34 37 196 88
s 34 38 76 39
s 34 39 104 45
s 34 40 191 92
s 34 41 274 136
s 34 42 470 241
s 34 43 141 54
s 34 44 334 170
s 34 45 146 65
s 34 46 220 111
s 34 47 152 73
s 34 48 734 373
s 34 49 512 278
s 34 50 249 136
s 34 51 163 81
s 34 52 54 28
s 34 53 345 164
s 34 54 742 390
s 34 55 280 141
s 34 56 135 69
s 34 57 90 42
s 34 58 85 48
s 34 59 85 45
s 34 60 483 267
s 34 61 42 18
s 34 62 441 236
s 34 63 189 93
s 34 64 271 128
s 34 65 25 15
s 34 66 20 10
s 34 67 332 183
s 34 68 325 155
s 34 69 275 131
s 34 70 366 184
s 34 71 836 455
s 34 72 157 78
s 34 73 86 41
s 34 74 354 180
s 34 75 349 172
s 34 76 58 30
s 34 77 67 34
s 34 78 173 79
s 34 79 91 49
s 34 80 121 59
s 34 81 107 47
s 34 82 21 8
s 34 83 128 52
s 34 84 510 246
s 34 85 719 382
s 34 86 1069 519
s 34 87 477 229
s 34 88 442 238
s 34 89 29 16
s 34 90 84 47
s 34 91 193 93
s 34 92 75 38
s 34 93 614 288
s 34 94 89 39
s 34 95 67 39
s 34 96 267 136
s 34 97 503 233
s 34 98 232 106
s 34 99 172 85
s 34 100 367 177
s 34 101 426 210
s 34 102 126 58
s 34 103 58 23
s 34 104 686 364
s 34 105 679 366
s 34 106 46 24
s 34 107 161 85
s 34 108 235 116
s 34 109 397 174
s 34 110 238 118
s 34 111 312 149
s 34 112 390 200
s 34 113 34 11
s 34 114 176 77
s 34 119 361 172
s 34 120 86 39
s 34 121 375 172
s 34 123 583 288
s 34 126 55 28
s 34 128 481 223
s 34 129 213 101
s 34 131 328 158
s 34 135 599 310
s 34 136 243 106
s 34 137 182 81
s 34 138 91 51
s 34 145 151 66
s 34 155 109 65
s 35 36 1395 675
s 35 37 501 227
s 35 38 163 74
s 35 39 566 249
s 35 40 568 272
s 35 41 856 404
s 35 42 1454 763
s 35 43 402 189
s 35 44 876 436
s 35 45 398 213
s 35 46 418 181
s 35 47 450 219
s 35 48 1316 685
s 35 49 1346 702
s 35 50 495 238
s 35 51 386 201
s 35 52 157 88
s 35 53 767 302
s 35 54 1958 997
s 35 55 653 318
s 35 56 275 143
s 35 57 265 145
s 35 58 208 93
s 35 59 234 93
s 35 60 1129 588
s 35 61 87 42
s 35 62 914 511
s 35 63 415 189
s 35 64 778 352
s 35 65 55 28
s 35 66 48 24
s 35 67 921 473
s 35 68 938 433
s 35 69 799 377
s 35 70 858 395
s 35 71 2035 1062
s 35 72 402 194
s 35 73 187 87
s 35 74 1330 628
s 35 75 927 439
s 35 76 572 287
s 35 77 152 64
s 35 78 339 182
s 35 79 230 97
s 35 80 252 126
s 35 81 336 162
s 35 82 82 45
s 35 83 321 130
s 35 84 1583 764
s 35 85 1624 787
s 35 86 2691 1267
s 35 87 1269 647
s 35 88 1269 680
s 35 89 61 25
s 35 90 274 131
s 35 91 387 197
s 35 92 110 55
s 35 93 1699 814
s 35 94 207 99
s 35 95 193 88
s 35 96 829 387
s 35 97 1325 629
s 35 98 613 287
s 35 99 389 160
s 35 100 901 445
s 35 101 1032 505
s 35 102 328 152
s 35 103 121 66
s 35 104 1994 1020
s 35 105 1237 599
s 35 106 385 177
s 35 107 515 258
s 35 108 762 341
s 35 109 729 286
s 35 110 614 325
s 35 111 688 355
s 35 112 843 393
s 35 113 162 87
s 35 114 460 180
s 35 119 858 412
s 35 120 315 124
s 35 121 822 400
s 35 123 1167 550
s 35 126 282 139
s 35 128 1122 534
s 35 129 687 330
s 35 131 645 283
s 35 135 1357 709
s 35 136 603 269
s 35 137 404 179
s 35 138 229 107
s 35 145 352 150
s 35 155 220 95
s 36 37 595 276
s 36 38 140 76
s 36 39 817 377
s 36 40 693 328
s 36 41 849 422
s 36 42 1075 527
s 36 43 444 198
s 36 44 980 486
s 36 45 498 266
s 36 46 507 238
s 36 47 546 269
s 36 48 1586 803
s 36 49 1415 779
s 36 50 571 295
s 36 51 513 249
s 36 52 207 114
s 36 53 1059 458
s 36 54 2013 991
s 36 55 566 267
s 36 56 392 199
s 36 57 240 119
s 36 58 238 116
s 36 59 318 136
s 36 60 834 460
s 36 61 130 58
s 36 62 1191 633
s 36 63 538 246
s 36 64 877 390
s 36 65 68 37
s 36 66 46 26
s 36 67 938 494
s 36 68 1270 608
s 36 69 691 323
s 36 70 899 465
s 36 71 2341 1263
s 36 72 532 239
s 36 73 198 87
s 36 74 1967 1022
s 36 75 1214 579
s 36 76 1122 625
s 36 77 95 44
s 36 78 258 135
s 36 79 267 130
s 36 80 349 169
s 36 81 282 154
s 36 82 133 66
s 36 83 395 170
s 36 84 1749 843
s 36 85 1794 873
s 36 86 3460 1733
s 36 87 1578 875
s 36 88 1659 886
s 36 89 72 34
s 36 90 407 213
s 36 91 442 232
s 36 92 143 60
s 36 93 2079 1046
s 36 94 208 88
s 36 95 259 121
s 36 96 558 274
s 36 97 1321 688
s 36 98 506 243
s 36 99 249 109
s 36 100 1032 547
s 36 101 1292 613
s 36 102 322 173
s 36 103 114 63
s 36 104 1393 754
s 36 105 1560 796
s 36 106 737 361
s 36 107 699 345
s 36 108 535 247
s 36 109 867 374
s 36 110 659 332
s 36 111 890 461
s 36 112 982 519
s 36 113 288 150
s 36 114 608 291
s 36 119 1098 583
s 36 120 437 207
s 36 121 1070 552
s 36 123 1651 797
s 36 126 529 254
s 36 128 1410 698
s 36 129 482 251
s 36 131 775 387
s 36 135 1103 582
s 36 136 730 347
s 36 137 340 159
s 36 138 270 129
s 36 145 461 208
s 36 155 226 136
s 37 38 61 32
s 37 39 371 173
s 37 40 106 54
s 37 41 279 142
s 37 42 454 233
s 37 43 221 92
s 37 44 343 168
s 37 45 89 38
s 37 46 176 75
s 37 47 218 91
s 37 48 628 296
s 37 49 698 352
s 37 50 63 28
s 37 51 90 44
s 37 52 67 34
s 37 53 301 124
s 37 54 692 334
s 37 55 257 121
s 37 56 147 60
s 37 57 54 31
s 37 58 53 25
s 37 59 126 55
s 37 60 427 232
s 37 61 74 36
s 37 62 225 111
s 37 63 138 52
s 37 64 130 55
s 37 65 24 11
s 37 66 8 6
s 37 67 433 235
s 37 68 156 83
s 37 69 286 152
s 37 70 326 167
s 37 71 578 300
s 37 72 106 47
s 37 73 77 36
s 37 74 887 440
s 37 75 207 109
s 37 76 667 359
s 37 77 73 37
s 37 78 119 53
s 37 79 46 19
s 37 80 115 47
s 37 81 100 42
s 37 82 53 28
s 37 83 45 14
s 37 84 321 155
s 37 85 412 182
s 37 86 787 393
s 37 87 165 93
s 37 88 399 200
s 37 89 27 15
s 37 90 134 55
s 37 91 103 52
s 37 92 67 43
s 37 93 667 332
s 37 94 75 36
s 37 95 87 40
s 37 96 247 116
s 37 97 540 236
s 37 98 220 100
s 37 99 134 50
s 37 100 198 105
s 37 101 262 133
s 37 102 56 22
s 37 103 11 9
s 37 104 684 334
s 37 105 334 181
s 37 106 383 190
s 37 107 228 113
s 37 108 246 89
s 37 109 317 137
s 37 110 209 101
s 37 111 98 44
s 37 112 118 63
s 37 113 181 97
s 37 114 193 87
s 37 119 203 93
s 37 120 209 97
s 37 121 166 63
s 37 123 266 126
s 37 126 217 106
s 37 128 380 171
s 37 129 263 120
s 37 131 97 44
s 37 135 492 248
s 37 136 236 104
s 37 137 176 64
s 37 138 91 33
s 37 145 175 71
s 37 155 57 30
s 38 39 121 67
s 38 40 72 31
s 38 41 92 40
s 38 42 69 33
s 38 43 55 25
s 38 44 118 42
s 38 45 74 36
s 38 46 78 35
s 38 47 49 25
s 38 48 276 127
s 38 49 128 69
s 38 50 110 56
s 38 51 46 21
s 38 52 32 22
s 38 53 152 69
s 38 54 253 126
s 38 55 33 17
s 38 56 61 33
s 38 57 24 14
s 38 58 30 10
s 38 59 37 20
s 38 60 54 26
s 38 61 31 17
s 38 62 150 89
s 38 63 72 34
s 38 64 130 68
s 38 65 19 9
s 38 66 10 5
s 38 67 122 65
s 38 68 137 67
s 38 69 26 12
s 38 70 123 60
s 38 71 235 108
s 38 72 49 19
s 38 73 29 8
s 38 74 290 138
s 38 75 124 63
s 38 76 199 112
s 38 77 14 6
s 38 78 11 3
s 38 79 41 17
s 38 80 46 24
s 38 81 16 4
s 38 82 19 12
s 38 83 27 10
s 38 84 146 63
s 38 85 205 106
s 38 86 462 214
s 38 87 157 64
s 38 88 165 78
s 38 89 19 10
s 38 90 103 49
s 38 91 95 42
s 38 92 19 11
s 38 93 209 113
s 38 94 21 11
s 38 95 29 13
s 38 96 15 9
s 38 97 144 69
s 38 98 29 11
s 38 99 18 7
s 38 100 143 64
s 38 101 155 77
s 38 102 36 21
s 38 103 14 7
s 38 104 72 35
s 38 105 226 114
s 38 106 122 56
s 38 107 79 45
s 38 108 18 6
s 38 109 149 69
s 38 110 73 39
s 38 111 124 66
s 38 112 160 86
s 38 113 61 33
s 38 114 84 41
s 38 119 148 72
s 38 120 68 38
s 38 121 150 77
s 38 123 218 89
s 38 126 75 30
s 38 128 183 88
s 38 129 19 4
s 38 131 130 69
s 38 135 72 35
s 38 136 114 47
s 38 137 43 16
s 38 138 45 17
s 38 145 63 25
s 38 155 20 13
s 39 40 460 210
s 39 41 573 247
s 39 42 1026 543
s 39 43 235 104
s 39 44 664 300
s 39 45 306 154
s 39 46 310 142
s 39 47 327 150
s 39 48 1080 510
s 39 49 945 450
s 39 50 346 167
s 39 51 264 112
s 39 52 86 35
s 39 53 636 263
s 39 54 1500 728
s 39 55 526 227
s 39 56 221 106
s 39 57 141 75
s 39 58 180 83
s 39 59 157 63
s 39 60 829 421
s 39 61 56 29
s 39 62 722 393
s 39 63 297 130
s 39 64 529 231
s 39 65 35 17
s 39 66 31 13
s 39 67 757 373
s 39 68 676 311
s 39 69 623 289
s 39 70 590 297
s 39 71 1426 712
s 39 72 287 122
s 39 73 156 63
s 39 74 644 275
s 39 75 697 312
s 39 76 290 152
s 39 77 102 57
s 39 78 242 116
s 39 79 147 55
s 39 80 198 82
s 39 81 221 112
s 39 82 50 24
s 39 83 216 94
s 39 84 1039 481
s 39 85 1242 582
s 39 86 2032 924
s 39 87 936 419
s 39 88 973 508
s 39 89 51 26
s 39 90 156 68
s 39 91 248 117
s 39 92 95 54
s 39 93 1298 632
s 39 94 140 69
s 39 95 162 70
s 39 96 541 233
s 39 97 877 399
s 39 98 430 193
s 39 99 244 109
s 39 100 581 279
s 39 101 782 352
s 39 102 191 101
s 39 103 78 43
s 39 104 1308 663
s 39 105 847 370
s 39 106 169 78
s 39 107 310 152
s 39 108 550 231
s 39 109 621 278
s 39 110 423 225
s 39 111 501 230
s 39 112 608 292
s 39 113 84 36
s 39 114 376 167
s 39 119 739 343
s 39 120 198 87
s 39 121 626 313
s 39 123 995 447
s 39 126 164 69
s 39 128 840 402
s 39 129 438 205
s 39 131 455 210
s 39 135 960 465
s 39 136 343 139
s 39 137 278 111
s 39 138 164 70
s 39 145 266 97
s 39 155 146 80
s 40 41 314 154
s 40 42 505 281
s 40 43 244 121
s 40 44 349 171
s 40 45 93 45
s 40 46 165 63
s 40 47 455 198
s 40 48 575 287
s 40 49 723 360
s 40 50 91 41
s 40 51 96 44
s 40 52 114 50
s 40 53 299 125
s 40 54 747 377
s 40 55 237 113
s 40 56 154 76
s 40 57 50 29
s 40 58 63 32
s 40 59 158 68
s 40 60 424 217
s 40 61 78 45
s 40 62 187 94
s 40 63 117 60
s 40 64 169 76
s 40 65 26 10
s 40 66 8 3
s 40 67 375 198
s 40 68 206 108
s 40 69 308 143
s 40 70 323 163
s 40 71 493 264
s 40 72 92 50
s 40 73 80 30
s 40 74 821 416
s 40 75 230 110
s 40 76 708 375
s 40 77 70 36
s 40 78 125 67
s 40 79 58 25
s 40 80 126 60
s 40 81 129 63
s 40 82 57 34
s 40 83 72 27
s 40 84 447 232
s 40 85 467 224
s 40 86 754 370
s 40 87 259 126
s 40 88 468 235
s 40 89 33 15
s 40 90 122 60
s 40 91 125 61
s 40 92 70 34
s 40 93 799 390
s 40 94 76 40
s 40 95 71 30
s 40 96 277 148
s 40 97 476 225
s 40 98 224 102
s 40 99 122 59
s 40 100 184 85
s 40 101 292 119
s 40 102 72 37
s 40 103 38 15
s 40 104 689 379
s 40 105 285 142
s 40 106 402 200
s 40 107 220 104
s 40 108 279 124
s 40 109 281 126
s 40 110 167 82
s 40 111 149 79
s 40 112 154 72
s 40 113 140 69
s 40 114 254 117
s 40 119 215 125
s 40 120 185 93
s 40 121 216 103
s 40 123 285 138
s 40 126 247 127
s 40 128 357 171
s 40 129 222 107
s 40 131 137 73
s 40 135 475 247
s 40 136 246 109
s 40 137 178 80
s 40 138 86 50
s 40 145 162 68
s 40 155 66 27
s 41 42 426 237
s 41 43 334 160
s 41 44 49 18
s 41 45 248 135
s 41 46 60 22
s 41 47 279 152
s 41 48 80 37
s 41 49 714 381
s 41 50 208 107
s 41 51 190 93
s 41 52 124 67
s 41 53 376 173
s 41 54 58 26
s 41 55 345 178
s 41 56 107 53
s 41 57 93 44
s 41 58 133 62
s 41 59 166 70
s 41 60 497 253
s 41 61 49 21
s 41 62 494 262
s 41 63 149 67
s 41 64 432 199
s 41 65 39 20
s 41 66 12 6
s 41 67 40 16
s 41 68 621 313
s 41 69 389 189
s 41 70 59 28
s 41 71 844 395
s 41 72 169 92
s 41 73 102 40
s 41 74 2285 1193
s 41 75 564 267
s 41 76 755 435
s 41 77 71 34
s 41 78 149 84
s 41 79 118 65
s 41 80 55 28
s 41 81 119 70
s 41 82 43 23
s 41 83 131 55
s 41 84 759 373
s 41 85 859 430
s 41 86 1622 782
s 41 87 693 324
s 41 88 698 367
s 41 89 8 4
s 41 90 224 118
s 41 91 146 72
s 41 92 74 46
s 41 93 232 121
s 41 94 20 11
s 41 95 18 8
s 41 96 328 152
s 41 97 650 291
s 41 98 276 124
s 41 99 179 87
s 41 100 391 210
s 41 101 732 367
s 41 102 130 65
s 41 103 52 29
s 41 104 828 417
s 41 105 698 360
s 41 106 452 211
s 41 107 299 133
s 41 108 395 182
s 41 109 28 11
s 41 110 431 227
s 41 111 336 181
s 41 112 429 212
s 41 113 178 93
s 41 114 142 63
s 41 119 500 257
s 41 120 214 96
s 41 121 415 225
s 41 123 654 305
s 41 126 294 144
s 41 128 1053 520
s 41 129 347 177
s 41 131 390 193
s 41 135 709 380
s 41 136 309 134
s 41 137 208 105
s 41 138 46 24
s 41 145 81 33
s 41 155 102 46
s 42 43 440 232
s 42 44 480 239
s 42 45 378 219
s 42 46 295 137
s 42 47 478 251
s 42 48 870 461
s 42 49 828 472
s 42 50 394 216
s 42 51 279 126
s 42 52 200 109
s 42 53 756 352
s 42 54 933 500
s 42 55 213 102
s 42 56 310 179
s 42 57 126 58
s 42 58 227 122
s 42 59 271 130
s 42 60 330 193
s 42 61 128 71
s 42 62 800 488
s 42 63 364 184
s 42 64 673 326
s 42 65 48 22
s 42 66 31 16
s 42 67 538 290
s 42 68 938 502
s 42 69 277 134
s 42 70 426 240
s 42 71 1443 796
s 42 72 320 167
s 42 73 145 60
s 42 74 1936 1085
s 42 75 907 453
s 42 76 1486 838
s 42 77 62 36
s 42 78 96 63
s 42 79 184 102
s 42 80 188 107
s 42 81 136 71
s 42 82 98 59
s 42 83 236 105
s 42 84 1119 563
s 42 85 1230 669
s 42 86 2555 1355
s 42 87 1104 631
s 42 88 1253 713
s 42 89 50 29
s 42 90 391 218
s 42 91 333 165
s 42 92 102 63
s 42 93 1210 629
s 42 94 166 90
s 42 95 124 68
s 42 96 254 139
s 42 97 828 443
s 42 98 225 104
s 42 99 106 54
s 42 100 538 268
s 42 101 1086 531
s 42 102 199 109
s 42 103 52 29
s 42 104 604 340
s 42 105 1054 588
s 42 106 803 413
s 42 107 448 226
s 42 108 225 106
s 42 109 413 195
s 42 110 574 313
s 42 111 618 322
s 42 112 697 398
s 42 113 318 170
s 42 114 377 201
s 42 119 838 464
s 42 120 357 191
s 42 121 770 468
s 42 123 1116 558
s 42 126 474 255
s 42 128 1129 613
s 42 129 216 118
s 42 131 571 307
s 42 135 486 265
s 42 136 490 269
s 42 137 193 106
s 42 138 174 90
s 42 145 252 124
s 42 155 116 70
s 43 44 379 194
s 43 45 168 85
s 43 46 193 107
s 43 47 179 80
s 43 48 696 321
s 43 49 551 297
s 43 50 209 99
s 43 51 175 73
s 43 52 87 43
s 43 53 362 162
s 43 54 866 419
s 43 55 165 88
s 43 56 179 92
s 43 57 94 48
s 43 58 83 38
s 43 59 103 57
s 43 60 272 133
s 43 61 54 24
s 43 62 491 278
s 43 63 169 74
s 43 64 325 148
s 43 65 23 13
s 43 66 28 13
s 43 67 478 233
s 43 68 438 198
s 43 69 256 125
s 43 70 354 166
s 43 71 912 465
s 43 72 159 61
s 43 73 96 42
s 43 74 632 333
s 43 75 396 165
s 43 76 421 214
s 43 77 54 28
s 43 78 97 46
s 43 79 85 42
s 43 80 119 63
s 43 81 110 66
s 43 82 43 26
s 43 83 147 66
s 43 84 636 308
s 43 85 753 345
s 43 86 1213 584
s 43 87 549 297
s 43 88 641 344
s 43 89 33 18
s 43 90 144 70
s 43 91 201 93
s 43 92 41 20
s 43 93 777 384
s 43 94 80 41
s 43 95 78 35
s 43 96 232 112
s 43 97 516 248
s 43 98 169 77
s 43 99 105 33
s 43 100 385 194
s 43 101 474 206
s 43 102 135 76
s 43 103 30 20
s 43 104 552 272
s 43 105 561 281
s 43 106 243 108
s 43 107 237 113
s 43 108 200 84
s 43 109 354 141
s 43 110 245 117
s 43 111 329 145
s 43 112 407 186
s 43 113 124 61
s 43 114 208 89
s 43 119 451 208
s 43 120 149 66
s 43 121 349 169
s 43 123 568 253
s 43 126 170 80
s 43 128 496 230
s 43 129 166 83
s 43 131 326 143
s 43 135 398 196
s 43 136 316 150
s 43 137 151 63
s 43 138 137 64
s 43 145 189 73
s 43 155 83 37
s 44 45 297 157
s 44 46 86 41
s 44 47 407 227
s 44 48 68 30
s 44 49 991 503
s 44 50 428 247
s 44 51 200 102
s 44 52 168 72
s 44 53 371 150
s 44 54 60 25
s 44 55 376 198
s 44 56 100 44
s 44 57 134 72
s 44 58 129 55
s 44 59 263 117
s 44 60 665 371
s 44 61 83 46
s 44 62 556 291
s 44 63 203 95
s 44 64 513 233
s 44 65 53 28
s 44 66 38 13
s 44 67 36 18
s 44 68 641 313
s 44 69 455 197
s 44 70 85 44
s 44 71 1204 636
s 44 72 224 109
s 44 73 94 42
s 44 74 1584 802
s 44 75 643 337
s 44 76 956 515
s 44 77 100 53
s 44 78 187 95
s 44 79 147 72
s 44 80 62 27
s 44 81 138 76
s 44 82 89 49
s 44 83 177 83
s 44 84 900 451
s 44 85 1027 515
s 44 86 1848 945
s 44 87 798 416
s 44 88 819 441
s 44 89 7 3
s 44 90 290 148
s 44 91 199 102
s 44 92 98 67
s 44 93 280 144
s 44 94 17 10
s 44 95 20 11
s 44 96 407 200
s 44 97 1141 603
s 44 98 364 160
s 44 99 211 99
s 44 100 510 244
s 44 101 748 364
s 44 102 199 92
s 44 103 69 35
s 44 104 1201 599
s 44 105 946 450
s 44 106 609 305
s 44 107 379 203
s 44 108 458 207
s 44 109 24 10
s 44 110 447 244
s 44 111 500 240
s 44 112 581 272
s 44 113 291 151
s 44 114 139 61
s 44 119 595 290
s 44 120 348 164
s 44 121 641 348
s 44 123 778 355
s 44 126 421 214
s 44 128 932 493
s 44 129 382 178
s 44 131 419 196
s 44 135 921 509
s 44 136 438 219
s 44 137 297 125
s 44 138 53 27
s 44 145 98 40
s 44 155 149 84
s 45 46 150 66
s 45 47 166 90
s 45 48 552 293
s 45 49 595 361
s 45 50 100 56
s 45 51 81 34
s 45 52 66 33
s 45 53 269 126
s 45 54 588 316
s 45 55 182 92
s 45 56 137 72
s 45 57 64 35
s 45 58 65 35
s 45 59 109 50
s 45 60 312 177
s 45 61 59 30
s 45 62 199 119
s 45 63 111 64
s 45 64 209 112
s 45 65 17 9
s 45 66 9 5
s 45 67 335 181
s 45 68 207 113
s 45 69 233 120
s 45 70 236 136
s 45 71 431 247
s 45 72 115 64
s 45 73 64 29
s 45 74 670 368
s 45 75 182 87
s 45 76 477 264
s 45 77 47 24
s 45 78 135 77
s 45 79 36 19
s 45 80 95 41
s 45 81 101 55
s 45 82 49 29
s 45 83 52 27
s 45 84 367 187
s 45 85 402 206
s 45 86 662 363
s 45 87 251 126
s 45 88 351 195
s 45 89 19 12
s 45 90 138 67
s 45 91 98 51
s 45 92 52 32
s 45 93 547 284
s 45 94 63 34
s 45 95 44 20
s 45 96 227 117
s 45 97 457 253
s 45 98 200 76
s 45 99 94 43
s 45 100 171 100
s 45 101 234 109
s 45 102 61 34
s 45 103 20 10
s 45 104 557 317
s 45 105 278 146
s 45 106 288 142
s 45 107 164 97
s 45 108 221 109
s 45 109 261 122
s 45 110 187 109
s 45 111 140 73
s 45 112 191 101
s 45 113 116 62
s 45 114 147 70
s 45 119 202 110
s 45 120 150 59
s 45 121 194 114
s 45 123 240 117
s 45 126 154 76
s 45 128 347 190
s 45 129 180 96
s 45 131 129 60
s 45 135 451 258
s 45 136 211 114
s 45 137 159 80
s 45 138 119 58
s 45 145 135 57
s 45 155 61 28
s 46 47 193 83
s 46 48 138 70
s 46 49 623 308
s 46 50 234 118
s 46 51 153 72
s 46 52 82 39
s 46 53 222 102
s 46 54 148 77
s 46 55 245 130
s 46 56 44 17
s 46 57 90 38
s 46 58 88 32
s 46 59 128 57
s 46 60 407 203
s 46 61 76 30
s 46 62 363 184
s 46 63 121 58
s 46 64 303 144
s 46 65 28 18
s 46 66 17 9
s 46 67 65 33
s 46 68 352 172
s 46 69 258 131
s 46 70 101 47
s 46 71 703 334
s 46 72 110 48
s 46 73 54 21
s 46 74 832 382
s 46 75 329 153
s 46 76 484 248
s 46 77 62 23
s 46 78 125 66
s 46 79 102 44
s 46 80 56 28
s 46 81 88 39
s 46 82 53 23
s 46 83 111 47
s 46 84 550 258
s 46 85 688 321
s 46 86 1218 557
s 46 87 491 245
s 46 88 451 230
s 46 89 10 3
s 46 90 191 96
s 46 91 148 58
s 46 92 89 58
s 46 93 248 121
s 46 94 13 5
s 46 95 31 21
s 46 96 255 109
s 46 97 555 236
s 46 98 251 118
s 46 99 136 62
s 46 100 397 197
s 46 101 393 181
s 46 102 99 52
s 46 103 42 16
s 46 104 629 320
s 46 105 560 267
s 46 106 305 153
s 46 107 243 105
s 46 108 229 99
s 46 109 72 31
s 46 110 264 134
s 46 111 294 128
s 46 112 375 194
s 46 113 152 85
s 46 114 118 53
s 46 119 331 162
s 46 120 211 100
s 46 121 287 140
s 46 123 556 247
s 46 126 247 120
s 46 128 542 245
s 46 129 231 107
s 46 131 289 140
s 46 135 543 278
s 46 136 304 136
s 46 137 199 83
s 46 138 26 7
s 46 145 72 30
s 46 155 100 39
s 47 48 669 335
s 47 49 565 298
s 47 50 220 119
s 47 51 187 96
s 47 52 84 49
s 47 53 399 181
s 47 54 877 458
s 47 55 202 94
s 47 56 157 75
s 47 57 100 43
s 47 58 90 51
s 47 59 122 50
s 47 60 345 180
s 47 61 51 26
s 47 62 456 255
s 47 63 172 85
s 47 64 336 157
s 47 65 27 12
s 47 66 17 9
s 47 67 415 228
s 47 68 419 206
s 47 69 281 137
s 47 70 356 188
s 47 71 915 471
s 47 72 163 80
s 47 73 87 37
s 47 74 681 362
s 47 75 396 189
s 47 76 447 228
s 47 77 37 16
s 47 78 105 54
s 47 79 93 42
s 47 80 138 62
s 47 81 127 60
s 47 82 44 25
s 47 83 145 64
s 47 84 626 316
s 47 85 756 382
s 47 86 1207 599
s 47 87 561 267
s 47 88 648 353
s 47 89 26 17
s 47 90 153 75
s 47 91 196 98
s 47 92 44 21
s 47 93 816 392
s 47 94 86 35
s 47 95 86 46
s 47 96 193 85
s 47 97 520 269
s 47 98 171 72
s 47 99 110 44
s 47 100 374 209
s 47 101 452 220
s 47 102 129 63
s 47 103 35 21
s 47 104 589 309
s 47 105 579 279
s 47 106 322 169
s 47 107 273 138
s 47 108 225 101
s 47 109 369 154
s 47 110 239 117
s 47 111 304 153
s 47 112 378 206
s 47 113 105 52
s 47 114 216 87
s 47 119 408 200
s 47 120 155 71
s 47 121 335 166
s 47 123 528 224
s 47 126 166 77
s 47 128 521 249
s 47 129 169 72
s 47 131 279 132
s 47 135 421 223
s 47 136 285 145
s 47 137 124 54
s 47 138 108 48
s 47 145 161 60
s 47 155 83 27
s 48 49 2124 1141
s 48 50 707 382
s 48 51 466 226
s 48 52 265 131
s 48 53 615 279
s 48 54 112 64
s 48 55 876 441
s 48 56 176 91
s 48 57 321 171
s 48 58 261 125
s 48 59 505 251
s 48 60 1445 808
s 48 61 264 127
s 48 62 1172 654
s 48 63 349 179
s 48 64 777 369
s 48 65 112 53
s 48 66 50 26
s 48 67 47 16
s 48 68 1042 505
s 48 69 849 410
s 48 70 119 62
s 48 71 2329 1275
s 48 72 325 154
s 48 73 170 71
s 48 74 2887 1468
s 48 75 997 472
s 48 76 1971 1087
s 48 77 220 120
s 48 78 438 234
s 48 79 345 150
s 48 80 126 64
s 48 81 260 121
s 48 82 203 116
s 48 83 379 163
s 48 84 1613 789
s 48 85 2124 1054
s 48 86 3415 1747
s 48 87 1380 725
s 48 88 1668 890
s 48 89 16 8
s 48 90 701 365
s 48 91 744 369
s 48 92 286 171
s 48 93 522 255
s 48 94 22 9
s 48 95 36 17
s 48 96 754 371
s 48 97 1792 897
s 48 98 690 333
s 48 99 381 174
s 48 100 1148 617
s 48 101 1359 653
s 48 102 342 194
s 48 103 141 85
s 48 104 2037 1090
s 48 105 1877 974
s 48 106 1187 613
s 48 107 802 425
s 48 108 683 317
s 48 109 66 22
s 48 110 901 449
s 48 111 1018 523
s 48 112 1212 606
s 48 113 591 325
s 48 114 307 157
s 48 119 1036 492
s 48 120 668 321
s 48 121 1081 581
s 48 123 1683 811
s 48 126 719 363
s 48 128 1640 790
s 48 129 720 356
s 48 131 930 462
s 48 135 1673 866
s 48 136 951 475
s 48 137 683 341
s 48 138 79 37
s 48 145 258 112
s 48 155 255 137
s 49 50 760 426
s 49 51 432 232
s 49 52 310 188
s 49 53 1122 542
s 49 54 2136 1199
s 49 55 541 285
s 49 56 523 288
s 49 57 215 113
s 49 58 349 170
s 49 59 298 144
s 49 60 656 392
s 49 61 190 99
s 49 62 1316 746
s 49 63 530 272
s 49 64 930 464
s 49 65 92 47
s 49 66 60 30
s 49 67 1184 677
s 49 68 1295 708
s 49 69 486 241
s 49 70 910 494
s 49 71 2128 1164
s 49 72 531 268
s 49 73 203 108
s 49 74 2308 1239
s 49 75 1150 605
s 49 76 1494 874
s 49 77 118 70
s 49 78 226 135
s 49 79 292 132
s 49 80 359 198
s 49 81 206 117
s 49 82 152 79
s 49 83 403 192
s 49 84 1527 787
s 49 85 2004 1085
s 49 86 3786 1976
s 49 87 1489 792
s 49 88 1589 893
s 49 89 91 45
s 49 90 615 344
s 49 91 686 381
s 49 92 167 101
s 49 93 1989 1067
s 49 94 242 128
s 49 95 223 114
s 49 96 357 178
s 49 97 1237 676
s 49 98 366 186
s 49 99 165 77
s 49 100 943 511
s 49 101 1496 800
s 49 102 341 188
s 49 103 113 67
s 49 104 964 544
s 49 105 2000 1094
s 49 106 907 467
s 49 107 656 362
s 49 108 387 193
s 49 109 1183 570
s 49 110 797 453
s 49 111 1063 576
s 49 112 1290 682
s 49 113 419 221
s 49 114 510 247
s 49 119 1356 721
s 49 120 436 200
s 49 121 1368 764
s 49 123 1909 946
s 49 126 575 308
s 49 128 1625 845
s 49 129 300 142
s 49 131 1020 541
s 49 135 923 535
s 49 136 779 369
s 49 137 354 203
s 49 138 311 155
s 49 145 504 257
s 49 155 239 133
s 50 51 99 43
s 50 52 113 66
s 50 53 374 170
s 50 54 703 364
s 50 55 283 160
s 50 56 140 78
s 50 57 71 35
s 50 58 55 24
s 50 59 163 81
s 50 60 453 260
s 50 61 112 55
s 50 62 298 168
s 50 63 107 63
s 50 64 105 56
s 50 65 30 13
s 50 66 11 5
s 50 67 367 195
s 50 68 165 93
s 50 69 253 118
s 50 70 351 179
s 50 71 583 295
s 50 72 104 51
s 50 73 75 33
s 50 74 997 551
s 50 75 159 87
s 50 76 675 374
s 50 77 69 43
s 50 78 163 80
s 50 79 50 25
s 50 80 136 61
s 50 81 98 54
s 50 82 74 51
s 50 83 36 15
s 50 84 305 149
s 50 85 403 215
s 50 86 867 460
s 50 87 158 83
s 50 88 487 291
s 50 89 42 23
s 50 90 188 96
s 50 91 136 77
s 50 92 98 55
s 50 93 658 356
s 50 94 72 34
s 50 95 72 46
s 50 96 259 125
s 50 97 522 294
s 50 98 256 121
s 50 99 139 71
s 50 100 195 101
s 50 101 281 138
s 50 102 44 31
s 50 103 32 12
s 50 104 691 377
s 50 105 405 205
s 50 106 371 190
s 50 107 244 139
s 50 108 200 96
s 50 109 395 175
s 50 110 218 116
s 50 111 92 43
s 50 112 136 70
s 50 113 227 135
s 50 114 213 100
s 50 119 205 103
s 50 120 225 127
s 50 121 196 110
s 50 123 340 152
s 50 126 231 111
s 50 128 397 190
s 50 129 209 95
s 50 131 120 58
s 50 135 548 276
s 50 136 278 136
s 50 137 209 95
s 50 138 97 53
s 50 145 219 106
s 50 155 66 38
s 51 52 67 29
s 51 53 275 132
s 51 54 409 203
s 51 55 224 113
s 51 56 127 63
s 51 57 49 32
s 51 58 51 30
s 51 59 90 44
s 51 60 232 105
s 51 61 41 23
s 51 62 109 56
s 51 63 107 43
s 51 64 126 56
s 51 65 19 8
s 51 66 9 6
s 51 67 251 121
s 51 68 162 72
s 51 69 212 109
s 51 70 218 117
s 51 71 260 127
s 51 72 83 42
s 51 73 45 16
s 51 74 575 282
s 51 75 183 98
s 51 76 469 244
s 51 77 41 21
s 51 78 89 43
s 51 79 38 19
s 51 80 86 38
s 51 81 62 27
s 51 82 29 15
s 51 83 35 15
s 51 84 222 104
s 51 85 279 138
s 51 86 560 251
s 51 87 205 111
s 51 88 252 132
s 51 89 19 10
s 51 90 118 55
s 51 91 99 54
s 51 92 52 22
s 51 93 445 183
s 51 94 55 27
s 51 95 59 31
s 51 96 159 77
s 51 97 280 117
s 51 98 147 66
s 51 99 74 32
s 51 100 111 56
s 51 101 234 102
s 51 102 43 20
s 51 103 26 15
s 51 104 382 198
s 51 105 230 108
s 51 106 257 125
s 51 107 131 72
s 51 108 178 72
s 51 109 260 107
s 51 110 157 86
s 51 111 107 56
s 51 112 138 63
s 51 113 116 62
s 51 114 147 72
s 51 119 158 65
s 51 120 142 65
s 51 121 111 44
s 51 123 234 101
s 51 126 194 96
s 51 128 333 164
s 51 129 142 64
s 51 131 110 52
s 51 135 313 167
s 51 136 152 63
s 51 137 121 57
s 51 138 85 33
s 51 145 125 54
s 51 155 49 22
s 52 53 150 70
s 52 54 298 163
s 52 55 172 98
s 52 56 62 34
s 52 57 48 25
s 52 58 29 14
s 52 59 48 26
s 52 60 210 129
s 52 61 22 10
s 52 62 235 128
s 52 63 68 36
s 52 64 111 48
s 52 65 18 10
s 52 66 8 5
s 52 67 144 72
s 52 68 146 77
s 52 69 138 70
s 52 70 110 53
s 52 71 365 230
s 52 72 57 23
s 52 73 35 17
s 52 74 254 128
s 52 75 184 100
s 52 76 113 72
s 52 77 37 16
s 52 78 79 45
s 52 79 40 25
s 52 80 47 25
s 52 81 58 30
s 52 82 22 15
s 52 83 38 16
s 52 84 235 121
s 52 85 307 148
s 52 86 518 276
s 52 87 208 99
s 52 88 271 149
s 52 89 11 6
s 52 90 77 41
s 52 91 1002 621
s 52 92 50 31
s 52 93 318 163
s 52 94 27 16
s 52 95 44 22
s 52 96 117 60
s 52 97 237 113
s 52 98 113 51
s 52 99 67 30
s 52 100 173 90
s 52 101 200 103
s 52 102 56 29
s 52 103 19 9
s 52 104 304 165
s 52 105 260 137
s 52 106 70 34
s 52 107 114 58
s 52 108 135 74
s 52 109 152 64
s 52 110 126 69
s 52 111 130 71
s 52 112 186 95
s 52 113 42 25
s 52 114 66 32
s 52 119 195 110
s 52 120 67 31
s 52 121 138 79
s 52 123 272 139
s 52 126 63 31
s 52 128 220 101
s 52 129 124 70
s 52 131 160 81
s 52 135 292 151
s 52 136 123 66
s 52 137 97 46
s 52 138 33 17
s 52 145 72 34
s 52 155 54 27
s 53 54 832 342
s 53 55 485 222
s 53 56 169 77
s 53 57 157 69
s 53 58 177 74
s 53 59 260 109
s 53 60 755 369
s 53 61 101 39
s 53 62 631 332
s 53 63 237 103
s 53 64 479 207
s 53 65 46 27
s 53 66 31 12
s 53 67 447 214
s 53 68 556 267
s 53 69 562 236
s 53 70 378 171
s 53 71 1502 686
s 53 72 243 116
s 53 73 118 49
s 53 74 1401 617
s 53 75 579 252
s 53 76 905 431
s 53 77 112 50
s 53 78 226 98
s 53 79 141 51
s 53 80 149 58
s 53 81 231 106
s 53 82 94 44
s 53 83 185 68
s 53 84 959 425
s 53 85 1093 453
s 53 86 1867 862
s 53 87 827 393
s 53 88 899 442
s 53 89 42 23
s 53 90 258 114
s 53 91 214 88
s 53 92 106 49
s 53 93 920 425
s 53 94 100 32
s 53 95 118 62
s 53 96 480 205
s 53 97 921 428
s 53 98 419 183
s 53 99 228 69
s 53 100 623 302
s 53 101 625 257
s 53 102 177 74
s 53 103 79 37
s 53 104 1194 526
s 53 105 849 369
s 53 106 625 298
s 53 107 461 206
s 53 108 511 198
s 53 109 355 134
s 53 110 399 169
s 53 111 425 191
s 53 112 540 246
s 53 113 255 128
s 53 114 306 128
s 53 119 618 294
s 53 120 377 163
s 53 121 451 190
s 53 123 865 381
s 53 126 437 189
s 53 128 907 412
s 53 129 459 202
s 53 131 440 213
s 53 135 925 429
s 53 136 442 179
s 53 137 315 124
s 53 138 141 62
s 53 145 237 94
s 53 155 152 62
s 54 55 1035 576
s 54 56 207 108
s 54 57 273 140
s 54 58 341 178
s 54 59 496 241
s 54 60 1484 827
s 54 61 183 92
s 54 62 1370 800
s 54 63 436 211
s 54 64 971 495
s 54 65 116 63
s 54 66 52 28
s 54 67 38 18
s 54 68 1384 738
s 54 69 1122 594
s 54 70 131 72
s 54 71 2719 1518
s 54 72 379 196
s 54 73 185 90
s 54 74 3132 1736
s 54 75 1294 702
s 54 76 2284 1333
s 54 77 185 102
s 54 78 427 222
s 54 79 313 145
s 54 80 120 50
s 54 81 294 152
s 54 82 171 87
s 54 83 374 174
s 54 84 1848 973
s 54 85 2078 1071
s 54 86 4367 2346
s 54 87 1676 914
s 54 88 1987 1118
s 54 89 9 4
s 54 90 665 357
s 54 91 494 267
s 54 92 248 124
s 54 93 570 289
s 54 94 28 12
s 54 95 37 22
s 54 96 829 439
s 54 97 1912 1020
s 54 98 859 429
s 54 99 416 192
s 54 100 964 478
s 54 101 1739 902
s 54 102 313 165
s 54 103 118 66
s 54 104 2428 1347
s 54 105 1772 977
s 54 106 1384 703
s 54 107 867 481
s 54 108 948 461
s 54 109 56 17
s 54 110 941 507
s 54 111 999 489
s 54 112 1360 759
s 54 113 577 314
s 54 114 326 165
s 54 119 1289 674
s 54 120 769 378
s 54 121 1319 739
s 54 123 1949 1013
s 54 126 874 465
s 54 128 2001 1091
s 54 129 742 382
s 54 131 984 524
s 54 135 1816 1015
s 54 136 943 467
s 54 137 636 340
s 54 138 91 49
s 54 145 236 105
s 54 155 271 156
s 55 56 187 96
s 55 57 57 31
s 55 58 127 59
s 55 59 185 90
s 55 60 60 26
s 55 61 77 41
s 55 62 1300 743
s 55 63 169 84
s 55 64 362 169
s 55 65 39 16
s 55 66 25 7
s 55 67 513 277
s 55 68 454 214
s 55 69 58 25
s 55 70 425 236
s 55 71 1573 859
s 55 72 188 85
s 55 73 95 47
s 55 74 1154 582
s 55 75 432 231
s 55 76 974 541
s 55 77 29 12
s 55 78 30 12
s 55 79 117 59
s 55 80 184 90
s 55 81 57 18
s 55 82 85 48
s 55 83 136 55
s 55 84 567 288
s 55 85 665 330
s 55 86 1442 742
s 55 87 674 357
s 55 88 904 513
s 55 89 47 20
s 55 90 288 158
s 55 91 245 134
s 55 92 68 38
s 55 93 981 538
s 55 94 107 55
s 55 95 79 36
s 55 96 32 18
s 55 97 417 210
s 55 98 57 22
s 55 99 19 8
s 55 100 456 218
s 55 101 499 250
s 55 102 117 60
s 55 103 37 20
s 55 104 116 67
s 55 105 711 367
s 55 106 659 353
s 55 107 415 218
s 55 108 31 12
s 55 109 501 246
s 55 110 311 169
s 55 111 361 179
s 55 112 588 301
s 55 113 239 139
s 55 114 283 121
s 55 119 469 250
s 55 120 236 108
s 55 121 445 233
s 55 123 697 325
s 55 126 324 189
s 55 128 666 329
s 55 129 40 15
s 55 131 364 179
s 55 135 115 56
s 55 136 383 173
s 55 137 101 46
s 55 138 146 78
s 55 145 266 116
s 55 155 91 59
s 56 57 83 54
s 56 58 70 30
s 56 59 87 47
s 56 60 356 188
s 56 61 51 25
s 56 62 223 118
s 56 63 86 36
s 56 64 223 121
s 56 65 21 11
s 56 66 10 3
s 56 67 118 67
s 56 68 233 107
s 56 69 235 101
s 56 70 116 58
s 56 71 523 295
s 56 72 104 51
s 56 73 46 22
s 56 74 533 266
s 56 75 264 127
s 56 76 331 177
s 56 77 45 21
s 56 78 99 53
s 56 79 69 28
s 56 80 39 20
s 56 81 72 42
s 56 82 39 25
s 56 83 120 58
s 56 84 457 245
s 56 85 520 254
s 56 86 779 399
s 56 87 392 219
s 56 88 383 215
s 56 89 6 3
s 56 90 124 62
s 56 91 93 48
s 56 92 42 26
s 56 93 268 131
s 56 94 25 10
s 56 95 31 16
s 56 96 217 108
s 56 97 372 183
s 56 98 161 88
s 56 99 74 37
s 56 100 281 153
s 56 101 306 157
s 56 102 78 40
s 56 103 32 17
s 56 104 517 271
s 56 105 379 208
s 56 106 245 124
s 56 107 185 97
s 56 108 201 100
s 56 109 78 36
s 56 110 181 107
s 56 111 209 99
s 56 112 226 121
s 56 113 80 42
s 56 114 79 35
s 56 119 274 139
s 56 120 116 52
s 56 121 229 118
s 56 123 403 205
s 56 126 133 73
s 56 128 348 182
s 56 129 150 78
s 56 131 205 121
s 56 135 409 213
s 56 136 195 93
s 56 137 154 78
s 56 138 28 15
s 56 145 84 39
s 56 155 75 35
s 57 58 21 10
s 57 59 56 20
s 57 60 110 59
s 57 61 34 18
s 57 62 124 69
s 57 63 58 26
s 57 64 92 51
s 57 65 7 4
s 57 66 5 1
s 57 67 137 81
s 57 68 117 59
s 57 69 71 39
s 57 70 127 69
s 57 71 236 123
s 57 72 62 33
s 57 73 34 15
s 57 74 390 211
s 57 75 100 53
s 57 76 243 138
s 57 77 26 13
s 57 78 31 17
s 57 79 30 13
s 57 80 61 34
s 57 81 45 25
s 57 82 25 11
s 57 83 36 12
s 57 84 168 82
s 57 85 191 108
s 57 86 455 241
s 57 87 151 83
s 57 88 181 97
s 57 89 14 10
s 57 90 89 45
s 57 91 72 36
s 57 92 18 8
s 57 93 283 143
s 57 94 39 19
s 57 95 37 20
s 57 96 62 34
s 57 97 194 110
s 57 98 59 32
s 57 99 37 16
s 57 100 110 52
s 57 101 140 76
s 57 102 37 17
s 57 103 15 11
s 57 104 173 103
s 57 105 213 115
s 57 106 162 83
s 57 107 85 40
s 57 108 57 26
s 57 109 154 65
s 57 110 98 63
s 57 111 101 44
s 57 112 119 70
s 57 113 73 44
s 57 114 71 42
s 57 119 99 48
s 57 120 79 42
s 57 121 115 65
s 57 123 190 103
s 57 126 101 48
s 57 128 204 103
s 57 129 64 30
s 57 131 95 45
s 57 135 163 83
s 57 136 110 58
s 57 137 67 42
s 57 138 65 32
s 57 145 85 46
s 57 155 23 13
s 58 59 66 31
s 58 60 180 92
s 58 61 42 23
s 58 62 161 81
s 58 63 65 31
s 58 64 79 38
s 58 65 15 9
s 58 66 9 3
s 58 67 172 80
s 58 68 84 40
s 58 69 136 69
s 58 70 128 62
s 58 71 325 168
s 58 72 48 19
s 58 73 36 11
s 58 74 324 175
s 58 75 111 66
s 58 76 307 159
s 58 77 30 13
s 58 78 48 22
s 58 79 17 8
s 58 80 65 31
s 58 81 61 30
s 58 82 20 9
s 58 83 30 12
s 58 84 199 109
s 58 85 201 103
s 58 86 362 174
s 58 87 139 78
s 58 88 232 126
s 58 89 18 10
s 58 90 57 31
s 58 91 56 27
s 58 92 29 17
s 58 93 315 148
s 58 94 34 17
s 58 95 45 27
s 58 96 118 56
s 58 97 178 81
s 58 98 97 29
s 58 99 43 21
s 58 100 97 46
s 58 101 136 59
s 58 102 36 16
s 58 103 11 6
s 58 104 270 144
s 58 105 165 86
s 58 106 191 90
s 58 107 113 53
s 58 108 104 38
s 58 109 141 58
s 58 110 96 52
s 58 111 80 40
s 58 112 97 48
s 58 113 66 34
s 58 114 104 39
s 58 119 146 69
s 58 120 118 59
s 58 121 81 46
s 58 123 162 85
s 58 126 100 47
s 58 128 199 94
s 58 129 74 34
s 58 131 77 38
s 58 135 216 110
s 58 136 114 61
s 58 137 105 45
s 58 138 36 19
s 58 145 86 34
s 58 155 25 11
s 59 60 206 109
s 59 61 37 18
s 59 62 297 163
s 59 63 105 40
s 59 64 193 81
s 59 65 22 10
s 59 66 11 4
s 59 67 212 94
s 59 68 245 119
s 59 69 166 71
s 59 70 209 91
s 59 71 524 247
s 59 72 124 56
s 59 73 44 16
s 59 74 375 158
s 59 75 195 79
s 59 76 177 79
s 59 77 40 18
s 59 78 84 31
s 59 79 65 32
s 59 80 106 37
s 59 81 68 34
s 59 82 24 10
s 59 83 93 35
s 59 84 348 147
s 59 85 386 153
s 59 86 718 350
s 59 87 327 165
s 59 88 351 180
s 59 89 22 10
s 59 90 79 36
s 59 91 128 69
s 59 92 31 21
s 59 93 444 213
s 59 94 40 14
s 59 95 56 20
s 59 96 146 63
s 59 97 331 157
s 59 98 131 66
s 59 99 72 28
s 59 100 223 108
s 59 101 277 116
s 59 102 54 24
s 59 103 29 14
s 59 104 337 161
s 59 105 384 200
s 59 106 117 49
s 59 107 143 66
s 59 108 155 64
s 59 109 265 102
s 59 110 147 67
s 59 111 253 126
s 59 112 276 142
s 59 113 54 24
s 59 114 148 49
s 59 119 242 110
s 59 120 81 34
s 59 121 235 118
s 59 123 393 161
s 59 126 86 42
s 59 128 290 131
s 59 129 121 58
s 59 131 196 100
s 59 135 314 152
s 59 136 178 76
s 59 137 88 36
s 59 138 57 26
s 59 145 138 65
s 59 155 52 20
s 60 61 113 68
s 60 62 711 394
s 60 63 305 148
s 60 64 674 335
s 60 65 58 30
s 60 66 23 15
s 60 67 801 456
s 60 68 718 367
s 60 69 86 40
s 60 70 580 282
s 60 71 1364 767
s 60 72 289 136
s 60 73 137 81
s 60 74 1789 976
s 60 75 772 387
s 60 76 1336 787
s 60 77 28 15
s 60 78 32 19
s 60 79 181 86
s 60 80 278 130
s 60 81 84 51
s 60 82 137 81
s 60 83 215 112
s 60 84 994 517
s 60 85 1109 584
s 60 86 2389 1263
s 60 87 960 514
s 60 88 1023 556
s 60 89 66 29
s 60 90 421 237
s 60 91 501 291
s 60 92 108 63
s 60 93 1313 719
s 60 94 137 71
s 60 95 146 86
s 60 96 54 24
s 60 97 601 318
s 60 98 90 31
s 60 99 41 15
s 60 100 625 327
s 60 101 901 444
s 60 102 199 110
s 60 103 63 39
s 60 104 170 81
s 60 105 1171 613
s 60 106 820 417
s 60 107 471 264
s 60 108 60 33
s 60 109 649 313
s 60 110 269 142
s 60 111 585 289
s 60 112 882 520
s 60 113 372 206
s 60 114 396 191
s 60 119 838 459
s 60 120 301 150
s 60 121 810 438
s 60 123 1243 649
s 60 126 429 213
s 60 128 1024 547
s 60 129 60 34
s 60 131 629 324
s 60 135 127 69
s 60 136 552 266
s 60 137 133 72
s 60 138 238 115
s 60 145 352 167
s 60 155 96 51
s 61 62 130 61
s 61 63 58 22
s 61 64 82 52
s 61 65 5 2
s 61 66 8 3
s 61 67 93 42
s 61 68 122 58
s 61 69 67 32
s 61 70 83 47
s 61 71 256 146
s 61 72 38 18
s 61 73 26 9
s 61 74 173 89
s 61 75 109 49
s 61 76 96 48
s 61 77 24 12
s 61 78 37 24
s 61 79 33 10
s 61 80 41 21
s 61 81 48 33
s 61 82 9 6
s 61 83 52 29
s 61 84 174 89
s 61 85 254 131
s 61 86 321 155
s 61 87 167 91
s 61 88 143 82
s 61 89 18 9
s 61 90 50 22
s 61 91 98 50
s 61 92 26 14
s 61 93 151 67
s 61 94 23 12
s 61 95 18 12
s 61 96 58 23
s 61 97 173 85
s 61 98 56 25
s 61 99 29 14
s 61 100 138 59
s 61 101 140 74
s 61 102 38 19
s 61 103 14 5
s 61 104 180 94
s 61 105 279 141
s 61 106 50 25
s 61 107 81 37
s 61 108 62 28
s 61 109 121 53
s 61 110 98 51
s 61 111 124 62
s 61 112 146 83
s 61 113 45 20
s 61 114 45 25
s 61 119 111 50
s 61 120 37 18
s 61 121 158 82
s 61 123 197 99
s 61 126 27 12
s 61 128 162 71
s 61 129 52 27
s 61 131 130 62
s 61 135 182 100
s 61 136 106 51
s 61 137 74 32
s 61 138 31 16
s 61 145 66 32
s 61 155 28 13
s 62 63 176 80
s 62 64 367 191
s 62 65 71 38
s 62 66 23 11
s 62 67 674 371
s 62 68 416 237
s 62 69 562 301
s 62 70 507 306
s 62 71 514 268
s 62 72 171 91
s 62 73 112 54
s 62 74 1446 797
s 62 75 414 222
s 62 76 1225 737
s 62 77 114 56
s 62 78 209 127
s 62 79 102 44
s 62 80 254 130
s 62 81 164 98
s 62 82 121 65
s 62 83 136 68
s 62 84 569 298
s 62 85 706 382
s 62 86 1134 652
s 62 87 701 422
s 62 88 465 251
s 62 89 52 25
s 62 90 314 171
s 62 91 264 153
s 62 92 154 93
s 62 93 1160 610
s 62 94 138 73
s 62 95 136 79
s 62 96 442 225
s 62 97 707 395
s 62 98 429 204
s 62 99 190 99
s 62 100 270 136
s 62 101 468 257
s 62 102 124 68
s 62 103 58 35
s 62 104 1174 680
s 62 105 534 299
s 62 106 764 436
s 62 107 357 209
s 62 108 418 220
s 62 109 632 331
s 62 110 370 211
s 62 111 393 219
s 62 112 616 380
s 62 113 291 160
s 62 114 368 187
s 62 119 368 207
s 62 120 399 208
s 62 121 389 223
s 62 123 521 274
s 62 126 405 206
s 62 128 698 363
s 62 129 328 180
s 62 131 347 194
s 62 135 1051 633
s 62 136 397 212
s 62 137 322 171
s 62 138 175 100
s 62 145 308 152
s 62 155 117 67
s 63 64 198 87
s 63 65 26 9
s 63 66 10 2
s 63 67 189 103
s 63 68 245 115
s 63 69 198 89
s 63 70 192 86
s 63 71 487 235
s 63 72 106 50
s 63 73 64 25
s 63 74 700 338
s 63 75 221 96
s 63 76 497 246
s 63 77 51 19
s 63 78 100 50
s 63 79 57 26
s 63 80 81 31
s 63 81 87 44
s 63 82 52 29
s 63 83 72 40
s 63 84 400 187
s 63 85 481 228
s 63 86 793 364
s 63 87 361 174
s 63 88 313 150
s 63 89 21 12
s 63 90 122 56
s 63 91 117 54
s 63 92 44 27
s 63 93 404 185
s 63 94 49 22
s 63 95 48 19
s 63 96 202 84
s 63 97 429 199
s 63 98 198 83
s 63 99 91 30
s 63 100 226 110
s 63 101 241 107
s 63 102 76 33
s 63 103 20 15
s 63 104 536 269
s 63 105 330 150
s 63 106 323 132
s 63 107 185 82
s 63 108 188 85
s 63 109 219 91
s 63 110 180 97
s 63 111 175 89
s 63 112 222 105
s 63 113 129 60
s 63 114 152 71
s 63 119 229 107
s 63 120 163 74
s 63 121 196 98
s 63 123 265 127
s 63 126 189 97
s 63 128 397 178
s 63 129 165 56
s 63 131 177 84
s 63 135 418 213
s 63 136 195 92
s 63 137 130 65
s 63 138 56 23
s 63 145 101 45
s 63 155 61 24
s 64 65 36 13
s 64 66 15 5
s 64 67 549 272
s 64 68 271 125
s 64 69 400 180
s 64 70 498 229
s 64 71 799 410
s 64 72 160 71
s 64 73 111 58
s 64 74 1237 609
s 64 75 308 132
s 64 76 848 442
s 64 77 83 34
s 64 78 185 94
s 64 79 64 23
s 64 80 168 77
s 64 81 168 88
s 64 82 97 53
s 64 83 89 37
s 64 84 528 221
s 64 85 661 319
s 64 86 1162 557
s 64 87 278 138
s 64 88 603 295
s 64 89 40 18
s 64 90 208 105
s 64 91 159 76
s 64 92 86 41
s 64 93 973 478
s 64 94 110 47
s 64 95 106 47
s 64 96 389 174
s 64 97 762 360
s 64 98 302 123
s 64 99 185 80
s 64 100 354 163
s 64 101 420 197
s 64 102 100 35
s 64 103 31 18
s 64 104 986 515
s 64 105 434 208
s 64 106 495 257
s 64 107 311 147
s 64 108 365 165
s 64 109 436 164
s 64 110 303 148
s 64 111 182 82
s 64 112 190 89
s 64 113 241 133
s 64 114 327 141
s 64 119 270 111
s 64 120 282 119
s 64 121 225 103
s 64 123 447 194
s 64 126 343 175
s 64 128 584 279
s 64 129 382 172
s 64 131 171 73
s 64 135 717 347
s 64 136 303 135
s 64 137 238 108
s 64 138 140 65
s 64 145 264 108
s 64 155 87 42
s 65 66 3 3
s 65 67 54 22
s 65 68 32 11
s 65 69 34 15
s 65 70 50 24
s 65 71 102 50
s 65 72 23 11
s 65 73 16 14
s 65 74 114 62
s 65 75 35 15
s 65 76 61 36
s 65 77 12 7
s 65 78 15 6
s 65 79 8 3
s 65 80 20 14
s 65 81 14 7
s 65 82 11 4
s 65 83 12 7
s 65 84 79 37
s 65 85 89 42
s 65 86 137 61
s 65 87 73 27
s 65 88 76 37
s 65 89 7 2
s 65 90 22 10
s 65 91 33 16
s 65 92 6 3
s 65 93 96 46
s 65 94 10 4
s 65 95 10 5
s 65 96 19 7
s 65 97 58 23
s 65 98 24 10
s 65 99 17 5
s 65 100 46 19
s 65 101 66 28
s 65 102 15 10
s 65 103 2 1
s 65 104 67 28
s 65 105 77 42
s 65 106 49 19
s 65 107 31 13
s 65 108 25 10
s 65 109 64 28
s 65 110 41 27
s 65 111 43 20
s 65 112 57 32
s 65 113 20 10
s 65 114 24 14
s 65 119 49 21
s 65 120 30 14
s 65 121 66 31
s 65 123 72 36
s 65 126 33 14
s 65 128 86 49
s 65 129 22 11
s 65 131 37 21
s 65 135 63 41
s 65 136 57 28
s 65 137 29 12
s 65 138 11 5
s 65 145 29 16
s 65 155 13 11
s 66 67 37 23
s 66 68 12 6
s 66 69 28 11
s 66 70 22 5
s 66 71 48 27
s 66 72 13 5
s 66 73 5 1
s 66 74 85 45
s 66 75 13 5
s 66 76 53 32
s 66 77 9 4
s 66 78 15 8
s 66 79 3 1
s 66 80 15 7
s 66 81 8 3
s 66 82 10 6
s 66 83 6 3
s 66 84 29 15
s 66 85 35 12
s 66 86 60 31
s 66 87 14 6
s 66 88 37 24
s 66 89 2 0
s 66 90 9 3
s 66 91 11 6
s 66 92 8 5
s 66 93 44 26
s 66 94 4 1
s 66 95 7 3
s 66 96 16 8
s 66 97 37 26
s 66 98 18 8
s 66 99 9 3
s 66 100 15 9
s 66 101 27 15
s 66 102 1 1
s 66 103 3 2
s 66 104 59 38
s 66 105 31 17
s 66 106 36 20
s 66 107 26 15
s 66 108 19 8
s 66 109 33 15
s 66 110 18 9
s 66 111 8 4
s 66 112 14 8
s 66 113 15 8
s 66 114 17 11
s 66 119 22 12
s 66 120 24 11
s 66 121 12 8
s 66 123 34 13
s 66 126 20 7
s 66 128 30 6
s 66 129 18 6
s 66 131 13 5
s 66 135 34 14
s 66 136 15 10
s 66 137 14 5
s 66 138 9 4
s 66 145 17 7
s 66 155 5 2
s 67 68 669 346
s 67 69 546 285
s 67 70 55 35
s 67 71 1325 753
s 67 72 189 92
s 67 73 84 40
s 67 74 1620 881
s 67 75 797 436
s 67 76 1148 661
s 67 77 99 50
s 67 78 215 115
s 67 79 166 80
s 67 80 44 24
s 67 81 153 85
s 67 82 67 46
s 67 83 188 87
s 67 84 894 484
s 67 85 1060 579
s 67 86 2032 1066
s 67 87 867 474
s 67 88 1046 559
s 67 89 15 7
s 67 90 370 218
s 67 91 178 88
s 67 92 107 68
s 67 93 307 165
s 67 94 13 6
s 67 95 21 7
s 67 96 478 257
s 67 97 909 461
s 67 98 363 172
s 67 99 194 98
s 67 100 446 244
s 67 101 804 412
s 67 102 173 92
s 67 103 71 36
s 67 104 1304 706
s 67 105 929 510
s 67 106 699 369
s 67 107 437 226
s 67 108 502 238
s 67 109 30 14
s 67 110 533 310
s 67 111 558 310
s 67 112 629 362
s 67 113 297 165
s 67 114 162 72
s 67 119 699 360
s 67 120 391 186
s 67 121 633 321
s 67 123 970 471
s 67 126 436 225
s 67 128 937 515
s 67 129 378 188
s 67 131 493 250
s 67 135 977 528
s 67 136 491 246
s 67 137 346 180
s 67 138 55 28
s 67 145 116 52
s 67 155 128 75
s 68 69 525 243
s 68 70 547 279
s 68 71 1004 537
s 68 72 186 80
s 68 73 125 60
s 68 74 1578 824
s 68 75 343 181
s 68 76 1106 602
s 68 77 88 49
s 68 78 245 129
s 68 79 69 39
s 68 80 226 122
s 68 81 278 130
s 68 82 115 66
s 68 83 116 49
s 68 84 706 356
s 68 85 764 370
s 68 86 1487 727
s 68 87 366 183
s 68 88 785 420
s 68 89 44 17
s 68 90 284 142
s 68 91 187 86
s 68 92 125 67
s 68 93 1294 686
s 68 94 138 66
s 68 95 170 105
s 68 96 505 259
s 68 97 973 490
s 68 98 409 193
s 68 99 227 103
s 68 100 355 182
s 68 101 489 234
s 68 102 122 65
s 68 103 68 34
s 68 104 1247 678
s 68 105 586 318
s 68 106 709 366
s 68 107 392 210
s 68 108 495 252
s 68 109 639 292
s 68 110 311 167
s 68 111 234 107
s 68 112 251 119
s 68 113 291 160
s 68 114 386 171
s 68 119 364 190
s 68 120 364 171
s 68 121 305 150
s 68 123 582 265
s 68 126 419 215
s 68 128 691 349
s 68 129 432 203
s 68 131 213 97
s 68 135 867 453
s 68 136 457 225
s 68 137 388 171
s 68 138 147 73
s 68 145 323 144
s 68 155 119 59
s 69 70 370 167
s 69 71 932 486
s 69 72 217 97
s 69 73 132 66
s 69 74 1204 579
s 69 75 527 262
s 69 76 1022 516
s 69 77 29 14
s 69 78 18 10
s 69 79 109 51
s 69 80 158 80
s 69 81 64 32
s 69 82 69 36
s 69 83 146 63
s 69 84 680 315
s 69 85 650 326
s 69 86 1842 921
s 69 87 722 377
s 69 88 788 398
s 69 89 38 20
s 69 90 224 122
s 69 91 193 106
s 69 92 68 34
s 69 93 1016 510
s 69 94 103 51
s 69 95 120 63
s 69 96 42 17
s 69 97 392 175
s 69 98 60 27
s 69 99 21 13
s 69 100 369 182
s 69 101 640 301
s 69 102 111 53
s 69 103 50 20
s 69 104 156 78
s 69 105 764 414
s 69 106 613 313
s 69 107 352 173
s 69 108 43 19
s 69 109 451 192
s 69 110 308 151
s 69 111 375 169
s 69 112 519 256
s 69 113 249 140
s 69 114 264 110
s 69 119 578 292
s 69 120 247 118
s 69 121 857 427
s 69 123 790 346
s 69 126 338 162
s 69 128 694 335
s 69 129 62 26
s 69 131 369 175
s 69 135 147 73
s 69 136 331 154
s 69 137 106 59
s 69 138 156 77
s 69 145 260 106
s 69 155 70 35
s 70 71 1088 577
s 70 72 180 95
s 70 73 95 52
s 70 74 1546 781
s 70 75 517 270
s 70 76 895 477
s 70 77 110 64
s 70 78 217 124
s 70 79 128 52
s 70 80 64 32
s 70 81 130 65
s 70 82 69 33
s 70 83 158 74
s 70 84 824 422
s 70 85 886 433
s 70 86 1819 925
s 70 87 857 427
s 70 88 763 412
s 70 89 4 2
s 70 90 261 134
s 70 91 233 130
s 70 92 116 68
s 70 93 309 159
s 70 94 23 13
s 70 95 28 12
s 70 96 367 192
s 70 97 865 396
s 70 98 384 189
s 70 99 212 99
s 70 100 558 292
s 70 101 715 340
s 70 102 148 75
s 70 103 51 27
s 70 104 982 529
s 70 105 838 443
s 70 106 566 294
s 70 107 381 194
s 70 108 384 198
s 70 109 54 23
s 70 110 436 230
s 70 111 456 257
s 70 112 546 307
s 70 113 231 130
s 70 114 154 77
s 70 119 511 236
s 70 120 317 163
s 70 121 562 286
s 70 123 779 376
s 70 126 333 182
s 70 128 934 450
s 70 129 421 210
s 70 131 441 225
s 70 135 859 465
s 70 136 459 222
s 70 137 249 116
s 70 138 60 29
s 70 145 118 56
s 70 155 142 73
s 71 72 390 194
s 71 73 277 128
s 71 74 2920 1580
s 71 75 1027 536
s 71 76 2247 1292
s 71 77 188 100
s 71 78 352 194
s 71 79 212 96
s 71 80 424 205
s 71 81 357 190
s 71 82 240 132
s 71 83 275 130
s 71 84 1351 676
s 71 85 1556 822
s 71 86 2612 1370
s 71 87 1449 797
s 71 88 1112 607
s 71 89 118 61
s 71 90 584 350
s 71 91 697 394
s 71 92 257 144
s 71 93 2437 1240
s 71 94 333 168
s 71 95 296 156
s 71 96 747 382
s 71 97 1414 700
s 71 98 742 389
s 71 99 404 199
s 71 100 684 352
s 71 101 1067 550
s 71 102 282 153
s 71 103 98 56
s 71 104 1899 1029
s 71 105 1260 654
s 71 106 1340 735
s 71 107 638 321
s 71 108 773 386
s 71 109 1233 580
s 71 110 770 418
s 71 111 868 476
s 71 112 1084 613
s 71 113 621 353
s 71 114 682 354
s 71 119 778 426
s 71 120 706 364
s 71 121 904 498
s 71 123 1160 548
s 71 126 775 398
s 71 128 1564 827
s 71 129 687 345
s 71 131 739 395
s 71 135 1749 1020
s 71 136 791 394
s 71 137 551 289
s 71 138 336 166
s 71 145 638 313
s 71 155 231 126
s 72 73 35 13
s 72 74 621 315
s 72 75 178 89
s 72 76 462 219
s 72 77 49 27
s 72 78 112 51
s 72 79 47 22
s 72 80 66 31
s 72 81 73 38
s 72 82 36 19
s 72 83 65 26
s 72 84 350 162
s 72 85 382 170
s 72 86 675 309
s 72 87 281 125
s 72 88 311 162
s 72 89 9 6
s 72 90 116 62
s 72 91 181 80
s 72 92 50 28
s 72 93 403 199
s 72 94 51 25
s 72 95 38 23
s 72 96 185 81
s 72 97 368 170
s 72 98 182 73
s 72 99 86 34
s 72 100 228 111
s 72 101 223 85
s 72 102 66 37
s 72 103 28 16
s 72 104 510 249
s 72 105 254 107
s 72 106 304 141
s 72 107 170 81
s 72 108 229 101
s 72 109 188 85
s 72 110 141 74
s 72 111 146 73
s 72 112 196 98
s 72 113 99 47
s 72 114 124 55
s 72 119 166 80
s 72 120 187 80
s 72 121 179 81
s 72 123 248 113
s 72 126 211 102
s 72 128 356 157
s 72 129 188 91
s 72 131 152 67
s 72 135 374 192
s 72 136 193 87
s 72 137 125 61
s 72 138 65 33
s 72 145 106 39
s 72 155 69 33
s 73 74 308 137
s 73 75 132 58
s 73 76 199 110
s 73 77 18 12
s 73 78 32 16
s 73 79 36 19
s 73 80 55 20
s 73 81 54 25
s 73 82 26 14
s 73 83 46 15
s 73 84 205 99
s 73 85 201 91
s 73 86 447 202
s 73 87 167 79
s 73 88 187 89
s 73 89 9 3
s 73 90 67 34
s 73 91 71 26
s 73 92 22 14
s 73 93 249 121
s 73 94 25 10
s 73 95 25 10
s 73 96 93 48
s 73 97 192 84
s 73 98 101 51
s 73 99 47 24
s 73 100 113 48
s 73 101 159 68
s 73 102 40 20
s 73 103 8 4
s 73 104 223 110
s 73 105 179 79
s 73 106 147 63
s 73 107 82 36
s 73 108 93 45
s 73 109 93 40
s 73 110 106 55
s 73 111 87 42
s 73 112 117 53
s 73 113 53 23
s 73 114 77 30
s 73 119 108 51
s 73 120 89 37
s 73 121 108 47
s 73 123 189 94
s 73 126 67 32
s 73 128 199 97
s 73 129 78 39
s 73 131 71 31
s 73 135 179 98
s 73 136 112 62
s 73 137 87 40
s 73 138 34 16
s 73 145 79 38
s 73 155 33 11
s 74 75 1439 803
s 74 76 816 446
s 74 77 244 125
s 74 78 575 309
s 74 79 431 212
s 74 80 477 254
s 74 81 480 255
s 74 82 144 88
s 74 83 514 247
s 74 84 2223 1110
s 74 85 2819 1456
s 74 86 4456 2297
s 74 87 1964 1022
s 74 88 2034 1078
s 74 89 167 90
s 74 90 408 226
s 74 91 749 394
s 74 92 231 123
s 74 93 2769 1418
s 74 94 398 223
s 74 95 357 180
s 74 96 1076 517
s 74 97 2452 1219
s 74 98 1015 469
s 74 99 569 278
s 74 100 1458 758
s 74 101 1615 819
s 74 102 479 269
s 74 103 161 84
s 74 104 3516 1886
s 74 105 2324 1231
s 74 106 525 267
s 74 107 756 401
s 74 108 1129 541
s 74 109 1678 784
s 74 110 1049 576
s 74 111 1363 708
s 74 112 1564 823
s 74 113 290 147
s 74 114 659 291
s 74 119 1446 741
s 74 120 484 227
s 74 121 1520 796
s 74 123 2224 1085
s 74 126 422 210
s 74 128 1957 1003
s 74 129 1161 587
s 74 131 1228 618
s 74 135 2321 1302
s 74 136 1040 513
s 74 137 766 376
s 74 138 446 209
s 74 145 612 263
s 74 155 370 184
s 75 76 1063 575
s 75 77 85 36
s 75 78 243 122
s 75 79 92 43
s 75 80 203 113
s 75 81 198 104
s 75 82 117 67
s 75 83 114 49
s 75 84 729 323
s 75 85 771 361
s 75 86 1302 643
s 75 87 424 211
s 75 88 766 395
s 75 89 47 21
s 75 90 252 129
s 75 91 179 91
s 75 92 99 59
s 75 93 1243 640
s 75 94 150 82
s 75 95 143 68
s 75 96 537 259
s 75 97 871 450
s 75 98 353 171
s 75 99 201 94
s 75 100 371 204
s 75 101 488 238
s 75 102 125 59
s 75 103 44 23
s 75 104 1194 621
s 75 105 550 266
s 75 106 633 308
s 75 107 348 169
s 75 108 498 212
s 75 109 569 234
s 75 110 322 170
s 75 111 244 115
s 75 112 312 159
s 75 113 244 126
s 75 114 374 169
s 75 119 427 207
s 75 120 374 181
s 75 121 328 153
s 75 123 571 264
s 75 126 353 176
s 75 128 694 338
s 75 129 402 200
s 75 131 247 110
s 75 135 967 494
s 75 136 394 213
s 75 137 327 164
s 75 138 166 70
s 75 145 271 110
s 75 155 120 69
s 76 77 188 103
s 76 78 479 265
s 76 79 265 128
s 76 80 286 159
s 76 81 326 191
s 76 82 69 36
s 76 83 367 201
s 76 84 1540 815
s 76 85 2111 1135
s 76 86 3433 1851
s 76 87 1535 854
s 76 88 1731 1014
s 76 89 94 54
s 76 90 214 104
s 76 91 490 286
s 76 92 174 103
s 76 93 1978 1080
s 76 94 228 125
s 76 95 218 122
s 76 96 840 458
s 76 97 1381 784
s 76 98 614 334
s 76 99 352 173
s 76 100 854 460
s 76 101 1183 608
s 76 102 348 199
s 76 103 109 61
s 76 104 1932 1079
s 76 105 1680 929
s 76 106 107 58
s 76 107 519 278
s 76 108 858 466
s 76 109 1006 474
s 76 110 667 384
s 76 111 903 467
s 76 112 1152 644
s 76 113 71 37
s 76 114 445 218
s 76 119 1309 701
s 76 120 222 111
s 76 121 1125 607
s 76 123 1797 923
s 76 126 137 61
s 76 128 1163 604
s 76 129 630 332
s 76 131 912 482
s 76 135 1720 934
s 76 136 631 315
s 76 137 494 259
s 76 138 286 140
s 76 145 412 192
s 76 155 252 139
s 77 78 6 3
s 77 79 32 12
s 77 80 48 25
s 77 81 11 8
s 77 82 19 7
s 77 83 37 21
s 77 84 134 63
s 77 85 176 88
s 77 86 372 199
s 77 87 159 84
s 77 88 160 75
s 77 89 14 8
s 77 90 68 30
s 77 91 57 31
s 77 92 25 13
s 77 93 193 96
s 77 94 16 6
s 77 95 22 11
s 77 96 9 6
s 77 97 113 56
s 77 98 22 9
s 77 99 11 3
s 77 100 103 54
s 77 101 131 70
s 77 102 33 17
s 77 103 15 6
s 77 104 53 27
s 77 105 214 112
s 77 106 117 63
s 77 107 74 36
s 77 108 16 4
s 77 109 115 55
s 77 110 74 41
s 77 111 106 54
s 77 112 152 71
s 77 113 55 27
s 77 114 56 31
s 77 119 126 67
s 77 120 69 36
s 77 121 106 55
s 77 123 189 97
s 77 126 73 35
s 77 128 144 73
s 77 129 14 7
s 77 131 108 54
s 77 135 32 17
s 77 136 97 47
s 77 137 29 16
s 77 138 26 11
s 77 145 73 29
s 77 155 22 10
s 78 79 57 26
s 78 80 81 51
s 78 81 31 16
s 78 82 34 24
s 78 83 58 27
s 78 84 268 132
s 78 85 343 175
s 78 86 729 364
s 78 87 299 168
s 78 88 333 192
s 78 89 23 12
s 78 90 151 84
s 78 91 123 61
s 78 92 28 14
s 78 93 418 221
s 78 94 48 24
s 78 95 43 19
s 78 96 17 6
s 78 97 186 93
s 78 98 27 17
s 78 99 14 6
s 78 100 172 96
s 78 101 286 146
s 78 102 47 33
s 78 103 19 12
s 78 104 64 27
s 78 105 385 213
s 78 106 279 145
s 78 107 135 74
s 78 108 12 7
s 78 109 269 133
s 78 110 160 93
s 78 111 207 115
s 78 112 296 158
s 78 113 125 75
s 78 114 114 53
s 78 119 265 141
s 78 120 110 58
s 78 121 218 97
s 78 123 428 231
s 78 126 147 63
s 78 128 326 169
s 78 129 19 7
s 78 131 224 114
s 78 135 57 31
s 78 136 165 82
s 78 137 35 16
s 78 138 58 26
s 78 145 112 65
s 78 155 30 19
s 79 80 52 28
s 79 81 54 27
s 79 82 25 18
s 79 83 40 19
s 79 84 147 66
s 79 85 204 86
s 79 86 337 143
s 79 87 101 47
s 79 88 167 84
s 79 89 15 6
s 79 90 84 44
s 79 91 50 26
s 79 92 25 13
s 79 93 256 105
s 79 94 44 21
s 79 95 28 17
s 79 96 129 68
s 79 97 229 101
s 79 98 104 47
s 79 99 64 24
s 79 100 93 40
s 79 101 119 53
s 79 102 28 13
s 79 103 13 5
s 79 104 289 134
s 79 105 153 70
s 79 106 152 81
s 79 107 93 43
s 79 108 132 61
s 79 109 162 66
s 79 110 103 51
s 79 111 50 18
s 79 112 77 38
s 79 113 92 47
s 79 114 84 26
s 79 119 72 35
s 79 120 107 41
s 79 121 96 47
s 79 123 133 52
s 79 126 106 39
s 79 128 171 73
s 79 129 113 60
s 79 131 66 30
s 79 135 240 109
s 79 136 101 41
s 79 137 83 35
s 79 138 38 19
s 79 145 99 40
s 79 155 41 21
s 80 81 59 27
s 80 82 31 19
s 80 83 61 28
s 80 84 318 154
s 80 85 351 160
s 80 86 707 354
s 80 87 264 134
s 80 88 296 161
s 80 89 6 4
s 80 90 103 51
s 80 91 103 51
s 80 92 31 17
s 80 93 173 86
s 80 94 14 5
s 80 95 19 9
s 80 96 156 67
s 80 97 290 141
s 80 98 133 68
s 80 99 64 37
s 80 100 277 142
s 80 101 256 143
s 80 102 65 29
s 80 103 20 9
s 80 104 346 171
s 80 105 386 212
s 80 106 209 103
s 80 107 134 65
s 80 108 138 68
s 80 109 69 31
s 80 110 161 91
s 80 111 173 82
s 80 112 260 142
s 80 113 78 42
s 80 114 75 34
s 80 119 225 112
s 80 120 131 59
s 80 121 230 118
s 80 123 350 157
s 80 126 129 72
s 80 128 351 186
s 80 129 126 64
s 80 131 166 83
s 80 135 300 142
s 80 136 185 96
s 80 137 93 39
s 80 138 29 13
s 80 145 69 33
s 80 155 56 22
s 81 82 31 18
s 81 83 60 27
s 81 84 278 132
s 81 85 311 163
s 81 86 646 333
s 81 87 287 158
s 81 88 268 142
s 81 89 11 6
s 81 90 95 43
s 81 91 114 62
s 81 92 26 15
s 81 93 307 129
s 81 94 39 15
s 81 95 28 16
s 81 96 53 25
s 81 97 233 130
s 81 98 57 29
s 81 99 28 13
s 81 100 174 80
s 81 101 254 133
s 81 102 57 29
s 81 103 12 6
s 81 104 137 85
s 81 105 293 151
s 81 106 209 113
s 81 107 129 75
s 81 108 62 26
s 81 109 118 51
s 81 110 131 70
s 81 111 129 63
s 81 112 202 110
s 81 113 88 50
s 81 114 86 43
s 81 119 196 101
s 81 120 102 49
s 81 121 237 137
s 81 123 280 149
s 81 126 122 62
s 81 128 285 150
s 81 129 53 25
s 81 131 137 63
s 81 135 122 65
s 81 136 124 60
s 81 137 61 27
s 81 138 53 30
s 81 145 74 38
s 81 155 30 17
s 82 83 30 15
s 82 84 179 98
s 82 85 189 102
s 82 86 318 191
s 82 87 138 79
s 82 88 145 76
s 82 89 5 3
s 82 90 34 12
s 82 91 46 16
s 82 92 18 10
s 82 93 161 92
s 82 94 13 8
s 82 95 22 12
s 82 96 71 37
s 82 97 136 77
s 82 98 73 47
s 82 99 37 22
s 82 100 96 57
s 82 101 117 69
s 82 102 30 17
s 82 103 11 7
s 82 104 211 113
s 82 105 192 89
s 82 106 30 17
s 82 107 60 43
s 82 108 76 39
s 82 109 94 48
s 82 110 68 41
s 82 111 96 53
s 82 112 144 90
s 82 113 26 13
s 82 114 49 27
s 82 119 100 59
s 82 120 26 16
s 82 121 103 58
s 82 123 176 94
s 82 126 24 15
s 82 128 155 82
s 82 129 68 37
s 82 131 93 46
s 82 135 171 102
s 82 136 70 45
s 82 137 49 29
s 82 138 21 10
s 82 145 39 22
s 82 155 31 20
s 83 84 149 69
s 83 85 219 101
s 83 86 481 229
s 83 87 113 54
s 83 88 185 94
s 83 89 19 6
s 83 90 78 36
s 83 91 63 27
s 83 92 47 23
s 83 93 339 150
s 83 94 41 16
s 83 95 36 13
s 83 96 147 63
s 83 97 264 114
s 83 98 95 48
s 83 99 76 44
s 83 100 101 41
s 83 101 177 79
s 83 102 44 29
s 83 103 10 6
s 83 104 345 154
s 83 105 219 93
s 83 106 228 97
s 83 107 136 69
s 83 108 133 53
s 83 109 220 95
s 83 110 131 61
s 83 111 66 30
s 83 112 111 58
s 83 113 118 77
s 83 114 110 40
s 83 119 102 38
s 83 120 124 46
s 83 121 112 58
s 83 123 198 96
s 83 126 125 47
s 83 128 219 100
s 83 129 121 58
s 83 131 88 37
s 83 135 286 137
s 83 136 149 68
s 83 137 135 53
s 83 138 58 21
s 83 145 113 50
s 83 155 39 21
s 84 85 1140 592
s 84 86 2348 1187
s 84 87 820 413
s 84 88 1041 538
s 84 89 64 30
s 84 90 429 235
s 84 91 357 166
s 84 92 139 80
s 84 93 1788 897
s 84 94 238 133
s 84 95 206 101
s 84 96 598 282
s 84 97 1231 607
s 84 98 526 236
s 84 99 330 142
s 84 100 565 288
s 84 101 918 439
s 84 102 200 111
s 84 103 58 33
s 84 104 1651 864
s 84 105 986 492
s 84 106 944 458
s 84 107 538 256
s 84 108 603 270
s 84 109 786 318
s 84 110 545 275
s 84 111 448 227
s 84 112 518 265
s 84 113 405 208
s 84 114 576 277
s 84 119 647 321
s 84 120 478 222
s 84 121 640 330
s 84 123 969 454
s 84 126 611 315
s 84 128 1179 563
s 84 129 518 248
s 84 131 441 217
s 84 135 1178 632
s 84 136 610 293
s 84 137 417 192
s 84 138 316 154
s 84 145 457 203
s 84 155 164 77
s 85 86 2895 1413
s 85 87 1000 508
s 85 88 1305 658
s 85 89 86 49
s 85 90 686 364
s 85 91 447 229
s 85 92 224 125
s 85 93 1983 955
s 85 94 289 130
s 85 95 231 127
s 85 96 604 303
s 85 97 1407 727
s 85 98 536 241
s 85 99 293 140
s 85 100 709 325
s 85 101 1042 471
s 85 102 180 91
s 85 103 85 47
s 85 104 1622 818
s 85 105 1238 615
s 85 106 1282 590
s 85 107 662 318
s 85 108 561 248
s 85 109 1040 415
s 85 110 712 363
s 85 111 599 299
s 85 112 680 329
s 85 113 587 342
s 85 114 557 251
s 85 119 928 444
s 85 120 619 286
s 85 121 679 353
s 85 123 1246 585
s 85 126 781 431
s 85 128 1359 659
s 85 129 568 276
s 85 131 581 290
s 85 135 1283 658
s 85 136 740 360
s 85 137 526 272
s 85 138 333 152
s 85 145 553 204
s 85 155 204 93
s 86 87 1926 966
s 86 88 2039 1068
s 86 89 185 92
s 86 90 813 409
s 86 91 756 382
s 86 92 312 173
s 86 93 3890 1980
s 86 94 469 238
s 86 95 507 259
s 86 96 1534 765
s 86 97 3151 1610
s 86 98 1401 703
s 86 99 723 327
s 86 100 1428 726
s 86 101 1600 774
s 86 102 545 267
s 86 103 195 105
s 86 104 3704 1900
s 86 105 1886 938
s 86 106 1987 1003
s 86 107 1182 593
s 86 108 1855 883
s 86 109 1933 868
s 86 110 1122 586
s 86 111 1154 570
s 86 112 1545 815
s 86 113 863 483
s 86 114 1180 554
s 86 119 1261 657
s 86 120 1239 581
s 86 121 1290 701
s 86 123 1715 812
s 86 126 1321 650
s 86 128 2275 1106
s 86 129 1410 729
s 86 131 1041 502
s 86 135 3128 1668
s 86 136 1355 659
s 86 137 1098 510
s 86 138 530 263
s 86 145 991 434
s 86 155 454 228
s 87 88 1042 552
s 87 89 66 29
s 87 90 376 212
s 87 91 212 112
s 87 92 131 87
s 87 93 1748 894
s 87 94 177 97
s 87 95 194 90
s 87 96 624 325
s 87 97 1176 581
s 87 98 528 263
s 87 99 303 150
s 87 100 498 265
s 87 101 665 316
s 87 102 163 83
s 87 103 60 22
s 87 104 1442 732
s 87 105 688 352
s 87 106 954 484
s 87 107 535 278
s 87 108 623 295
s 87 109 807 399
s 87 110 519 273
s 87 111 217 111
s 87 112 301 145
s 87 113 347 198
s 87 114 487 252
s 87 119 431 213
s 87 120 502 250
s 87 121 271 130
s 87 123 663 301
s 87 126 557 281
s 87 128 1021 525
s 87 129 581 276
s 87 131 245 127
s 87 135 1345 712
s 87 136 522 268
s 87 137 433 213
s 87 138 199 102
s 87 145 425 193
s 87 155 169 77
s 88 89 83 41
s 88 90 386 209
s 88 91 402 205
s 88 92 142 78
s 88 93 1899 1006
s 88 94 223 117
s 88 95 200 113
s 88 96 633 329
s 88 97 1176 635
s 88 98 555 281
s 88 99 309 158
s 88 100 510 264
s 88 101 798 403
s 88 102 214 113
s 88 103 84 52
s 88 104 1758 970
s 88 105 915 505
s 88 106 882 489
s 88 107 529 293
s 88 108 642 320
s 88 109 887 437
s 88 110 514 286
s 88 111 593 322
s 88 112 815 436
s 88 113 360 199
s 88 114 538 281
s 88 119 690 364
s 88 120 473 232
s 88 121 604 326
s 88 123 930 468
s 88 126 533 286
s 88 128 1107 589
s 88 129 537 266
s 88 131 531 298
s 88 135 1410 818
s 88 136 570 317
s 88 137 478 251
s 88 138 252 140
s 88 145 436 213
s 88 155 189 95
s 89 90 27 15
s 89 91 28 13
s 89 92 13 9
s 89 93 35 24
s 89 94 3 2
s 89 95 1 0
s 89 96 34 16
s 89 97 79 34
s 89 98 30 18
s 89 99 19 8
s 89 100 37 21
s 89 101 60 33
s 89 102 12 6
s 89 103 4 2
s 89 104 76 39
s 89 105 112 63
s 89 106 60 21
s 89 107 39 18
s 89 108 27 14
s 89 109 7 5
s 89 110 40 24
s 89 111 40 20
s 89 112 54 33
s 89 113 22 13
s 89 114 22 13
s 89 119 66 39
s 89 120 42 21
s 89 121 52 25
s 89 123 81 40
s 89 126 31 15
s 89 128 73 40
s 89 129 31 15
s 89 131 34 19
s 89 135 79 40
s 89 136 40 20
s 89 137 34 17
s 89 138 1 0
s 89 145 18 10
s 89 155 14 7
s 90 91 171 93
s 90 92 62 36
s 90 93 546 298
s 90 94 96 48
s 90 95 75 35
s 90 96 205 106
s 90 97 439 230
s 90 98 210 117
s 90 99 142 72
s 90 100 290 166
s 90 101 304 157
s 90 102 90 45
s 90 103 33 16
s 90 104 581 313
s 90 105 500 250
s 90 106 205 109
s 90 107 177 97
s 90 108 231 116
s 90 109 402 179
s 90 110 223 124
s 90 111 269 141
s 90 112 398 232
s 90 113 73 32
s 90 114 154 75
s 90 119 280 141
s 90 120 134 67
s 90 121 315 177
s 90 123 442 219
s 90 126 89 49
s 90 128 357 178
s 90 129 191 89
s 90 131 282 143
s 90 135 507 275
s 90 136 237 134
s 90 137 157 68
s 90 138 80 34
s 90 145 157 79
s 90 155 115 69
s 91 92 74 48
s 91 93 676 373
s 91 94 60 25
s 91 95 57 34
s 91 96 188 89
s 91 97 430 223
s 91 98 196 90
s 91 99 143 67
s 91 100 247 125
s 91 101 308 153
s 91 102 77 41
s 91 103 23 14
s 91 104 525 282
s 91 105 497 265
s 91 106 275 143
s 91 107 203 102
s 91 108 185 94
s 91 109 261 114
s 91 110 195 115
s 91 111 170 98
s 91 112 218 112
s 91 113 159 95
s 91 114 130 67
s 91 119 259 145
s 91 120 185 98
s 91 121 243 127
s 91 123 412 218
s 91 126 174 90
s 91 128 397 204
s 91 129 197 89
s 91 131 200 91
s 91 135 527 290
s 91 136 439 230
s 91 137 192 104
s 91 138 166 85
s 91 145 158 76
s 91 155 134 63
s 92 93 239 128
s 92 94 38 23
s 92 95 21 9
s 92 96 51 30
s 92 97 150 78
s 92 98 46 26
s 92 99 25 12
s 92 100 123 66
s 92 101 105 65
s 92 102 32 15
s 92 103 10 2
s 92 104 130 74
s 92 105 225 124
s 92 106 113 69
s 92 107 92 56
s 92 108 52 29
s 92 109 161 81
s 92 110 98 58
s 92 111 111 58
s 92 112 146 88
s 92 113 53 29
s 92 114 59 37
s 92 119 122 66
s 92 120 67 35
s 92 121 144 75
s 92 123 171 98
s 92 126 53 25
s 92 128 148 84
s 92 129 42 22
s 92 131 96 56
s 92 135 128 73
s 92 136 103 53
s 92 137 47 26
s 92 138 33 17
s 92 145 76 32
s 92 155 29 15
s 93 94 85 46
s 93 95 85 45
s 93 96 866 407
s 93 97 1659 852
s 93 98 805 357
s 93 99 403 199
s 93 100 953 457
s 93 101 1480 732
s 93 102 328 175
s 93 103 126 75
s 93 104 2176 1142
s 93 105 1755 899
s 93 106 1156 597
s 93 107 794 417
s 93 108 880 423
s 93 109 292 127
s 93 110 896 457
s 93 111 900 438
s 93 112 1181 629
s 93 113 440 233
s 93 114 383 180
s 93 119 1284 656
s 93 120 652 287
s 93 121 1224 659
s 93 123 1801 876
s 93 126 722 371
s 93 128 1817 885
s 93 129 752 359
s 93 131 871 417
s 93 135 1699 937
s 93 136 868 406
s 93 137 608 266
s 93 138 143 81
s 93 145 293 157
s 93 155 274 135
s 94 95 8 1
s 94 96 91 45
s 94 97 219 107
s 94 98 71 32
s 94 99 61 31
s 94 100 117 52
s 94 101 164 82
s 94 102 50 23
s 94 103 16 9
s 94 104 240 116
s 94 105 243 131
s 94 106 151 73
s 94 107 107 59
s 94 108 91 41
s 94 109 14 5
s 94 110 110 59
s 94 111 104 51
s 94 112 110 40
s 94 113 60 29
s 94 114 37 15
s 94 119 160 78
s 94 120 75 32
s 94 121 116 65
s 94 123 202 104
s 94 126 84 44
s 94 128 170 86
s 94 129 75 39
s 94 131 101 45
s 94 135 184 84
s 94 136 114 57
s 94 137 73 26
s 94 138 8 4
s 94 145 25 11
s 94 155 40 18
s 95 96 88 54
s 95 97 237 134
s 95 98 82 40
s 95 99 57 32
s 95 100 145 75
s 95 101 184 105
s 95 102 34 19
s 95 103 10 6
s 95 104 255 141
s 95 105 231 119
s 95 106 119 66
s 95 107 114 57
s 95 108 97 50
s 95 109 12 3
s 95 110 104 58
s 95 111 98 53
s 95 112 131 67
s 95 113 54 39
s 95 114 29 13
s 95 119 132 72
s 95 120 84 47
s 95 121 145 72
s 95 123 203 98
s 95 126 95 57
s 95 128 204 113
s 95 129 104 62
s 95 131 110 58
s 95 135 210 98
s 95 136 90 51
s 95 137 63 34
s 95 138 10 3
s 95 145 16 6
s 95 155 38 13
s 96 97 364 181
s 96 98 42 16
s 96 99 13 6
s 96 100 339 150
s 96 101 635 294
s 96 102 106 55
s 96 103 27 17
s 96 104 87 40
s 96 105 639 316
s 96 106 498 262
s 96 107 269 132
s 96 108 25 5
s 96 109 414 164
s 96 110 291 131
s 96 111 333 159
s 96 112 439 218
s 96 113 221 120
s 96 114 265 118
s 96 119 480 231
s 96 120 178 73
s 96 121 442 226
s 96 123 714 339
s 96 126 261 128
s 96 128 605 264
s 96 129 28 17
s 96 131 326 153
s 96 135 93 47
s 96 136 329 144
s 96 137 68 25
s 96 138 133 66
s 96 145 235 102
s 96 155 52 24
s 97 98 358 167
s 97 99 186 95
s 97 100 753 385
s 97 101 1013 507
s 97 102 253 118
s 97 103 70 36
s 97 104 993 504
s 97 105 2304 1216
s 97 106 851 426
s 97 107 544 261
s 97 108 361 159
s 97 109 938 422
s 97 110 744 408
s 97 111 757 372
s 97 112 949 464
s 97 113 434 210
s 97 114 546 256
s 97 119 912 461
s 97 120 442 207
s 97 121 774 424
s 97 123 1243 544
s 97 126 531 255
s 97 128 1494 730
s 97 129 352 167
s 97 131 712 347
s 97 135 850 462
s 97 136 684 343
s 97 137 330 155
s 97 138 295 148
s 97 145 511 226
s 97 155 138 83
s 98 99 19 13
s 98 100 388 188
s 98 101 483 221
s 98 102 100 36
s 98 103 31 18
s 98 104 171 74
s 98 105 667 314
s 98 106 380 181
s 98 107 239 114
s 98 108 54 21
s 98 109 410 182
s 98 110 226 114
s 98 111 366 182
s 98 112 455 223
s 98 113 185 97
s 98 114 257 108
s 98 119 458 224
s 98 120 165 74
s 98 121 385 178
s 98 123 595 247
s 98 126 249 108
s 98 128 580 263
s 98 129 61 27
s 98 131 341 152
s 98 135 136 66
s 98 136 284 121
s 98 137 86 38
s 98 138 119 49
s 98 145 206 87
s 98 155 67 29
s 99 100 185 88
s 99 101 265 118
s 99 102 60 31
s 99 103 14 6
s 99 104 74 40
s 99 105 326 150
s 99 106 192 93
s 99 107 142 73
s 99 108 17 7
s 99 109 214 77
s 99 110 106 60
s 99 111 162 77
s 99 112 217 115
s 99 113 111 56
s 99 114 138 61
s 99 119 233 101
s 99 120 105 51
s 99 121 185 108
s 99 123 369 160
s 99 126 136 67
s 99 128 329 159
s 99 129 31 13
s 99 131 190 82
s 99 135 51 20
s 99 136 151 73
s 99 137 42 19
s 99 138 58 19
s 99 145 114 51
s 99 155 26 14
s 100 101 455 221
s 100 102 93 54
s 100 103 45 23
s 100 104 940 487
s 100 105 604 323
s 100 106 589 299
s 100 107 321 152
s 100 108 351 173
s 100 109 667 336
s 100 110 344 185
s 100 111 281 149
s 100 112 372 195
s 100 113 286 158
s 100 114 319 137
s 100 119 325 146
s 100 120 359 164
s 100 121 353 176
s 100 123 489 225
s 100 126 410 192
s 100 128 757 374
s 100 129 361 179
s 100 131 316 161
s 100 135 921 523
s 100 136 397 196
s 100 137 272 123
s 100 138 187 91
s 100 145 266 111
s 100 155 127 69
s 101 102 148 72
s 101 103 58 27
s 101 104 2697 1408
s 101 105 714 349
s 101 106 809 396
s 101 107 416 208
s 101 108 516 231
s 101 109 688 278
s 101 110 434 234
s 101 111 370 179
s 101 112 503 260
s 101 113 303 145
s 101 114 464 215
s 101 119 525 240
s 101 120 399 176
s 101 121 463 216
s 101 123 696 331
s 101 126 491 233
s 101 128 912 454
s 101 129 473 205
s 101 131 360 170
s 101 135 1010 519
s 101 136 494 221
s 101 137 423 210
s 101 138 208 103
s 101 145 357 152
s 101 155 136 71
s 102 103 17 7
s 102 104 310 174
s 102 105 198 108
s 102 106 206 107
s 102 107 126 68
s 102 108 106 46
s 102 109 165 77
s 102 110 107 62
s 102 111 82 34
s 102 112 99 53
s 102 113 89 47
s 102 114 88 43
s 102 119 130 55
s 102 120 100 41
s 102 121 125 68
s 102 123 194 95
s 102 126 127 62
s 102 128 247 121
s 102 129 83 44
s 102 131 89 41
s 102 135 199 104
s 102 136 124 54
s 102 137 94 51
s 102 138 55 23
s 102 145 95 42
s 102 155 40 18
s 103 104 81 47
s 103 105 76 40
s 103 106 86 43
s 103 107 34 15
s 103 108 32 15
s 103 109 73 35
s 103 110 45 27
s 103 111 38 22
s 103 112 39 18
s 103 113 32 17
s 103 114 27 12
s 103 119 56 30
s 103 120 36 20
s 103 121 37 19
s 103 123 67 38
s 103 126 49 28
s 103 128 81 37
s 103 129 25 11
s 103 131 39 25
s 103 135 72 37
s 103 136 28 13
s 103 137 38 22
s 103 138 18 11
s 103 145 32 16
s 103 155 10 6
s 104 105 1832 962
s 104 106 1171 624
s 104 107 668 362
s 104 108 93 53
s 104 109 1057 480
s 104 110 751 442
s 104 111 1005 515
s 104 112 1067 556
s 104 113 504 307
s 104 114 649 306
s 104 119 1101 566
s 104 120 444 206
s 104 121 1228 636
s 104 123 1830 909
s 104 126 694 334
s 104 128 1789 926
s 104 129 122 53
s 104 131 925 464
s 104 135 312 163
s 104 136 819 413
s 104 137 198 99
s 104 138 336 165
s 104 145 528 255
s 104 155 157 85
s 105 106 1085 588
s 105 107 554 276
s 105 108 606 264
s 105 109 1079 478
s 105 110 529 273
s 105 111 580 305
s 105 112 676 352
s 105 113 596 326
s 105 114 458 215
s 105 119 537 270
s 105 120 582 282
s 105 121 588 300
s 105 123 849 422
s 105 126 632 343
s 105 128 1028 514
s 105 129 603 274
s 105 131 551 276
s 105 135 1454 774
s 105 136 716 347
s 105 137 561 287
s 105 138 251 117
s 105 145 521 230
s 105 155 215 116
s 106 107 306 142
s 106 108 513 233
s 106 109 714 339
s 106 110 474 232
s 106 111 541 262
s 106 112 739 389
s 106 113 52 32
s 106 114 279 126
s 106 119 787 368
s 106 120 132 54
s 106 121 667 342
s 106 123 1146 566
s 106 126 70 40
s 106 128 821 436
s 106 129 395 172
s 106 131 588 293
s 106 135 1002 537
s 106 136 382 166
s 106 137 267 128
s 106 138 212 112
s 106 145 232 102
s 106 155 226 125
s 107 108 257 116
s 107 109 472 217
s 107 110 314 152
s 107 111 339 169
s 107 112 439 229
s 107 113 155 81
s 107 114 239 103
s 107 119 400 219
s 107 120 190 80
s 107 121 377 212
s 107 123 574 262
s 107 126 194 95
s 107 128 540 284
s 107 129 236 109
s 107 131 313 161
s 107 135 627 319
s 107 136 293 122
s 107 137 195 112
s 107 138 130 64
s 107 145 228 107
s 107 155 118 63
s 108 109 400 148
s 108 110 227 110
s 108 111 301 147
s 108 112 400 190
s 108 113 178 88
s 108 114 275 135
s 108 119 508 234
s 108 120 176 78
s 108 121 381 170
s 108 123 696 307
s 108 126 249 104
s 108 128 616 282
s 108 129 47 24
s 108 131 355 158
s 108 135 79 35
s 108 136 266 129
s 108 137 51 29
s 108 138 137 63
s 108 145 217 82
s 108 155 76 33
s 109 110 510 266
s 109 111 595 283
s 109 112 699 342
s 109 113 304 150
s 109 114 165 72
s 109 119 631 279
s 109 120 405 180
s 109 121 572 260
s 109 123 983 404
s 109 126 434 200
s 109 128 880 384
s 109 129 396 164
s 109 131 538 247
s 109 135 928 441
s 109 136 494 211
s 109 137 377 164
s 109 138 47 21
s 109 145 138 52
s 109 155 144 60
s 110 111 337 186
s 110 112 395 226
s 110 113 234 137
s 110 114 246 131
s 110 119 384 197
s 110 120 279 136
s 110 121 382 205
s 110 123 506 233
s 110 126 256 130
s 110 128 558 278
s 110 129 292 155
s 110 131 297 131
s 110 135 596 329
s 110 136 343 180
s 110 137 217 109
s 110 138 115 60
s 110 145 211 91
s 110 155 100 51
s 111 112 225 108
s 111 113 324 192
s 111 114 242 109
s 111 119 272 143
s 111 120 270 118
s 111 121 241 137
s 111 123 482 241
s 111 126 318 156
s 111 128 547 270
s 111 129 300 142
s 111 131 181 75
s 111 135 772 413
s 111 136 361 178
s 111 137 336 172
s 111 138 127 61
s 111 145 273 144
s 111 155 102 54
s 112 113 371 197
s 112 114 359 190
s 112 119 449 242
s 112 120 421 190
s 112 121 293 168
s 112 123 587 267
s 112 126 441 218
s 112 128 718 352
s 112 129 391 195
s 112 131 291 159
s 112 135 948 508
s 112 136 432 230
s 112 137 362 172
s 112 138 175 67
s 112 145 383 167
s 112 155 137 77
s 113 114 102 55
s 113 119 297 173
s 113 120 72 38
s 113 121 348 203
s 113 123 458 236
s 113 126 36 14
s 113 128 347 185
s 113 129 191 96
s 113 131 289 152
s 113 135 497 293
s 113 136 205 97
s 113 137 132 65
s 113 138 68 32
s 113 145 109 51
s 113 155 86 45
s 114 119 375 166
s 114 120 190 98
s 114 121 327 165
s 114 123 542 255
s 114 126 209 100
s 114 128 516 235
s 114 129 280 117
s 114 131 252 105
s 114 135 488 244
s 114 136 261 99
s 114 137 158 65
s 114 138 65 31
s 114 145 81 34
s 114 155 96 45
s 119 120 376 163
s 119 121 276 134
s 119 123 496 231
s 119 126 438 211
s 119 128 676 346
s 119 129 438 207
s 119 131 270 135
s 119 135 1054 579
s 119 136 411 222
s 119 137 409 204
s 119 138 154 85
s 119 145 339 164
s 119 155 142 73
s 120 121 356 185
s 120 123 591 257
s 120 126 122 53
s 120 128 500 231
s 120 129 175 74
s 120 131 309 141
s 120 135 404 190
s 120 136 218 90
s 120 137 135 48
s 120 138 118 60
s 120 145 144 58
s 120 155 75 40
s 121 123 486 259
s 121 126 385 205
s 121 128 571 309
s 121 129 332 159
s 121 131 240 131
s 121 135 950 529
s 121 136 520 268
s 121 137 495 260
s 121 138 132 64
s 121 145 362 174
s 121 155 91 54
s 123 126 632 300
s 123 128 947 457
s 123 129 567 237
s 123 131 435 196
s 123 135 1322 640
s 123 136 619 285
s 123 137 525 240
s 123 138 243 114
s 123 145 474 203
s 123 155 205 107
s 126 128 554 273
s 126 129 260 122
s 126 131 335 169
s 126 135 609 314
s 126 136 278 115
s 126 137 150 79
s 126 138 136 69
s 126 145 163 67
s 126 155 81 40
s 128 129 764 373
s 128 131 565 269
s 128 135 1336 701
s 128 136 664 327
s 128 137 484 221
s 128 138 269 132
s 128 145 484 211
s 128 155 186 87
s 129 131 341 164
s 129 135 131 68
s 129 136 251 115
s 129 137 65 38
s 129 138 118 49
s 129 145 203 88
s 129 155 55 24
s 131 135 782 401
s 131 136 337 170
s 131 137 293 138
s 131 138 110 61
s 131 145 266 124
s 131 155 99 42
s 135 136 688 351
s 135 137 190 103
s 135 138 272 125
s 135 145 459 205
s 135 155 139 73
s 136 137 251 113
s 136 138 163 83
s 136 145 221 92
s 136 155 104 51
s 137 138 99 49
s 137 145 176 87
s 137 155 78 39
s 138 145 53 19
s 138 155 52 30
s 145 155 90 42
v 1 2 1549 682
v 1 3 368 194
v 1 4 252 127
v 1 5 1661 796
v 1 6 2174 1204
v 1 7 1761 825
v 1 8 2302 1096
v 1 9 1512 733
v 1 10 569 310
v 1 11 954 535
v 1 12 1584 806
v 1 13 507 255
v 1 14 2968 1526
v 1 15 754 402
v 1 16 355 187
v 1 17 778 421
v 1 18 1404 639
v 1 19 849 484
v 1 20 1105 520
v 1 21 2074 1110
v 1 22 1907 978
v 1 23 520 249
v 1 25 1973 1107
v 1 26 3143 1569
v 1 27 1903 938
v 1 28 678 339
v 1 29 2119 1177
v 1 30 1674 846
v 1 31 1770 868
v 1 32 527 264
v 1 33 452 210
v 1 34 834 478
v 1 35 1468 722
v 1 36 1810 993
v 1 37 577 297
v 1 38 228 120
v 1 39 1125 599
v 1 40 556 306
v 1 41 928 478
v 1 42 1484 746
v 1 43 674 377
v 1 44 1186 545
v 1 45 578 297
v 1 46 599 290
v 1 47 644 315
v 1 48 1979 944
v 1 49 1856 925
v 1 50 618 296
v 1 51 333 183
v 1 52 340 176
v 1 53 1050 611
v 1 54 2020 1012
v 1 55 850 423
v 1 56 397 195
v 1 57 239 112
v 1 58 212 95
v 1 59 502 231
v 1 60 987 437
v 1 61 210 110
v 1 62 875 419
v 1 63 478 257
v 1 64 741 375
v 1 65 84 48
v 1 66 33 14
v 1 67 986 505
v 1 68 1173 603
v 1 69 887 440
v 1 70 947 428
v 1 71 1602 740
v 1 72 430 251
v 1 73 226 122
v 1 74 3037 1510
v 1 75 1080 550
v 1 76 2080 1028
v 1 77 162 83
v 1 78 402 231
v 1 79 261 140
v 1 80 376 184
v 1 81 282 143
v 1 82 240 102
v 1 83 265 150
v 1 84 1926 1068
v 1 85 1726 903
v 1 86 3515 1811
v 1 87 1157 539
v 1 88 1374 618
v 1 89 86 53
v 1 90 687 352
v 1 91 569 279
v 1 92 202 94
v 1 93 2053 1020
v 1 94 262 145
v 1 95 257 104
v 1 96 606 297
v 1 97 1499 681
v 1 98 679 369
v 1 99 340 213
v 1 100 847 412
v 1 101 1759 951
v 1 102 313 164
v 1 103 88 37
v 1 104 1745 790
v 1 105 1583 758
v 1 106 962 486
v 1 107 645 315
v 1 108 677 365
v 1 109 1054 621
v 1 110 646 289
v 1 111 1051 534
v 1 112 1257 651
v 1 113 534 257
v 1 114 507 245
v 1 119 954 513
v 1 120 602 333
v 1 121 1122 569
v 1 123 1275 671
v 1 126 693 363
v 1 128 1431 698
v 1 129 685 369
v 1 131 756 403
v 1 135 1539 729
v 1 136 705 365
v 1 137 561 299
v 1 138 291 162
v 1 145 529 284
v 1 155 279 153
v 2 3 401 193
v 2 4 299 142
v 2 5 2024 978
v 2 6 2779 1503
v 2 7 2569 1257
v 2 8 2641 1275
v 2 9 2100 1023
v 2 10 529 293
v 2 11 1295 755
v 2 12 1417 718
v 2 13 524 280
v 2 14 4040 1921
v 2 15 1025 491
v 2 16 481 251
v 2 17 946 496
v 2 18 1839 807
v 2 19 1274 684
v 2 20 1450 647
v 2 21 3017 1604
v 2 22 1843 875
v 2 23 802 385
v 2 25 2253 1229
v 2 26 3908 2006
v 2 27 2589 1248
v 2 28 936 458
v 2 29 2909 1472
v 2 30 2057 954
v 2 31 1880 889
v 2 32 646 277
v 2 33 605 261
v 2 34 752 382
v 2 35 2099 1135
v 2 36 2628 1229
v 2 37 680 373
v 2 38 274 136
v 2 39 1511 766
v 2 40 708 323
v 2 41 954 471
v 2 42 1782 809
v 2 43 917 469
v 2 44 1150 618
v 2 45 573 266
v 2 46 720 365
v 2 47 924 460
v 2 48 2076 1013
v 2 49 2584 1122
v 2 50 1514 734
v 2 51 505 262
v 2 52 341 153
v 2 53 1436 798
v 2 54 3108 1351
v 2 55 1029 493
v 2 56 567 268
v 2 57 313 153
v 2 58 359 176
v 2 59 441 246
v 2 60 1643 725
v 2 61 223 118
v 2 62 1306 546
v 2 63 630 341
v 2 64 963 495
v 2 65 102 45
v 2 66 69 32
v 2 67 1393 569
v 2 68 1260 613
v 2 69 1096 563
v 2 70 1457 705
v 2 71 2574 1234
v 2 72 545 303
v 2 73 300 159
v 2 74 3394 1592
v 2 75 1282 636
v 2 76 2452 1062
v 2 77 216 111
v 2 78 508 233
v 2 79 284 132
v 2 80 456 207
v 2 81 445 232
v 2 82 200 92
v 2 83 378 207
v 2 84 2034 994
v 2 85 2272 1103
v 2 86 4315 2199
v 2 87 1548 772
v 2 88 2046 926
v 2 89 83 46
v 2 90 648 300
v 2 91 646 319
v 2 92 262 121
v 2 93 2352 1153
v 2 94 310 160
v 2 95 259 111
v 2 96 998 470
v 2 97 2187 1096
v 2 98 996 509
v 2 99 482 274
v 2 100 1162 560
v 2 101 1520 735
v 2 102 367 166
v 2 103 126 60
v 2 104 2684 1262
v 2 105 1795 849
v 2 106 1447 699
v 2 107 936 429
v 2 108 991 554
v 2 109 1016 606
v 2 110 978 438
v 2 111 1301 624
v 2 112 1184 576
v 2 113 566 248
v 2 114 946 517
v 2 119 1289 663
v 2 120 712 380
v 2 121 1177 549
v 2 123 1847 964
v 2 126 950 502
v 2 128 2006 998
v 2 129 903 445
v 2 131 915 448
v 2 135 2123 968
v 2 136 1119 630
v 2 137 733 375
v 2 138 284 166
v 2 145 617 330
v 2 155 305 159
v 3 4 51 23
v 3 5 316 163
v 3 6 486 264
v 3 7 448 235
v 3 8 383 172
v 3 9 377 196
v 3 10 89 49
v 3 11 187 102
v 3 12 409 185
v 3 13 82 45
v 3 14 838 423
v 3 15 131 69
v 3 16 64 36
v 3 17 147 84
v 3 18 294 135
v 3 19 229 126
v 3 20 216 114
v 3 21 474 258
v 3 22 302 166
v 3 23 128 72
v 3 25 384 203
v 3 26 642 330
v 3 27 396 195
v 3 28 123 74
v 3 29 486 244
v 3 30 402 199
v 3 31 286 141
v 3 32 105 42
v 3 33 105 52
v 3 34 127 69
v 3 35 314 165
v 3 36 361 174
v 3 37 98 47
v 3 38 70 33
v 3 39 200 111
v 3 40 120 78
v 3 41 125 77
v 3 42 264 131
v 3 43 136 81
v 3 44 172 96
v 3 45 100 49
v 3 46 122 62
v 3 47 127 70
v 3 48 389 211
v 3 49 401 185
v 3 50 128 56
v 3 51 79 45
v 3 52 77 36
v 3 53 205 105
v 3 54 313 165
v 3 55 183 93
v 3 56 76 45
v 3 57 63 27
v 3 58 51 22
v 3 59 84 49
v 3 60 273 128
v 3 61 46 20
v 3 62 232 113
v 3 63 106 56
v 3 64 187 114
v 3 65 22 15
v 3 66 7 4
v 3 67 268 132
v 3 68 238 134
v 3 69 185 102
v 3 70 227 109
v 3 71 429 182
v 3 72 94 54
v 3 73 52 30
v 3 74 601 304
v 3 75 243 122
v 3 76 426 204
v 3 77 56 22
v 3 78 79 30
v 3 79 84 49
v 3 80 87 46
v 3 81 87 37
v 3 82 62 27
v 3 83 63 36
v 3 84 272 143
v 3 85 383 186
v 3 86 729 349
v 3 87 274 137
v 3 88 327 145
v 3 89 23 10
v 3 90 140 75
v 3 91 130 63
v 3 92 56 15
v 3 93 418 194
v 3 94 54 32
v 3 95 26 11
v 3 96 134 75
v 3 97 368 201
v 3 98 102 67
v 3 99 60 32
v 3 100 209 106
v 3 101 304 158
v 3 102 86 42
v 3 103 20 13
v 3 104 353 179
v 3 105 347 179
v 3 106 221 112
v 3 107 171 87
v 3 108 164 78
v 3 109 287 158
v 3 110 160 88
v 3 111 196 105
v 3 112 278 131
v 3 113 150 74
v 3 114 112 61
v 3 119 224 112
v 3 120 130 66
v 3 121 225 115
v 3 123 350 187
v 3 126 169 101
v 3 128 316 162
v 3 129 112 62
v 3 131 184 93
v 3 135 350 166
v 3 136 168 98
v 3 137 114 66
v 3 138 68 38
v 3 145 110 61
v 3 155 53 26
v 4 5 246 129
v 4 6 244 133
v 4 7 292 146
v 4 8 325 142
v 4 9 260 127
v 4 10 64 37
v 4 11 142 88
v 4 12 208 93
v 4 13 76 47
v 4 14 460 237
v 4 15 117 59
v 4 16 49 28
v 4 17 128 61
v 4 18 179 96
v 4 19 115 63
v 4 20 155 80
v 4 21 401 202
v 4 22 233 122
v 4 23 101 55
v 4 25 271 152
v 4 26 462 255
v 4 27 294 155
v 4 28 115 58
v 4 29 259 146
v 4 30 238 106
v 4 31 200 110
v 4 32 101 51
v 4 33 76 33
v 4 34 83 32
v 4 35 240 131
v 4 36 251 122
v 4 37 57 28
v 4 38 22 10
v 4 39 154 90
v 4 40 92 49
v 4 41 103 46
v 4 42 187 87
v 4 43 97 50
v 4 44 137 73
v 4 45 86 34
v 4 46 60 26
v 4 47 94 45
v 4 48 225 110
v 4 49 225 132
v 4 50 73 36
v 4 51 61 31
v 4 52 37 21
v 4 53 148 74
v 4 54 264 134
v 4 55 155 76
v 4 56 55 19
v 4 57 33 14
v 4 58 32 16
v 4 59 41 25
v 4 60 230 119
v 4 61 24 12
v 4 62 186 90
v 4 63 112 62
v 4 64 116 65
v 4 65 10 7
v 4 66 5 2
v 4 67 131 76
v 4 68 120 58
v 4 69 92 45
v 4 70 127 71
v 4 71 380 172
v 4 72 67 38
v 4 73 36 19
v 4 74 361 163
v 4 75 160 91
v 4 76 239 125
v 4 77 38 19
v 4 78 47 21
v 4 79 39 23
v 4 80 43 24
v 4 81 40 17
v 4 82 27 14
v 4 83 52 29
v 4 84 215 109
v 4 85 256 127
v 4 86 448 225
v 4 87 209 117
v 4 88 228 98
v 4 89 11 6
v 4 90 72 37
v 4 91 66 30
v 4 92 37 15
v 4 93 629 323
v 4 94 58 26
v 4 95 36 19
v 4 96 125 64
v 4 97 234 119
v 4 98 96 59
v 4 99 59 32
v 4 100 120 68
v 4 101 155 82
v 4 102 44 26
v 4 103 16 6
v 4 104 287 127
v 4 105 191 85
v 4 106 147 74
v 4 107 102 52
v 4 108 114 66
v 4 109 121 76
v 4 110 99 54
v 4 111 91 46
v 4 112 156 72
v 4 113 59 26
v 4 114 104 50
v 4 119 118 55
v 4 120 192 120
v 4 121 117 59
v 4 123 204 99
v 4 126 110 51
v 4 128 227 122
v 4 129 90 45
v 4 131 115 68
v 4 135 218 105
v 4 136 124 66
v 4 137 72 48
v 4 138 35 18
v 4 145 63 38
v 4 155 38 21
v 5 6 2301 1289
v 5 7 2031 987
v 5 8 2584 1132
v 5 9 1890 915
v 5 10 475 237
v 5 11 992 573
v 5 12 1150 608
v 5 13 488 254
v 5 14 3711 1759
v 5 15 826 412
v 5 16 352 180
v 5 17 763 434
v 5 18 1440 711
v 5 19 1004 568
v 5 20 1120 562
v 5 21 2357 1238
v 5 22 1507 765
v 5 23 517 264
v 5 25 1890 999
v 5 26 3329 1711
v 5 27 2142 1065
v 5 28 709 380
v 5 29 2187 1144
v 5 30 1824 899
v 5 31 1712 836
v 5 32 596 271
v 5 33 473 201
v 5 34 599 285
v 5 35 1683 887
v 5 36 1830 969
v 5 37 584 313
v 5 38 203 115
v 5 39 1237 665
v 5 40 647 345
v 5 41 821 425
v 5 42 1202 573
v 5 43 776 402
v 5 44 921 474
v 5 45 460 219
v 5 46 479 275
v 5 47 747 389
v 5 48 1567 777
v 5 49 1783 875
v 5 50 533 270
v 5 51 369 201
v 5 52 307 142
v 5 53 1118 596
v 5 54 2157 1002
v 5 55 816 413
v 5 56 435 208
v 5 57 229 118
v 5 58 293 157
v 5 59 446 241
v 5 60 1248 579
v 5 61 164 86
v 5 62 1076 499
v 5 63 461 251
v 5 64 819 420
v 5 65 89 39
v 5 66 40 26
v 5 67 926 472
v 5 68 1064 550
v 5 69 875 467
v 5 70 832 390
v 5 71 2118 1011
v 5 72 455 231
v 5 73 246 123
v 5 74 2615 1289
v 5 75 1174 589
v 5 76 1904 880
v 5 77 154 77
v 5 78 354 169
v 5 79 256 134
v 5 80 348 178
v 5 81 315 167
v 5 82 144 82
v 5 83 310 180
v 5 84 1670 845
v 5 85 1855 967
v 5 86 3761 1861
v 5 87 1500 730
v 5 88 1734 781
v 5 89 71 35
v 5 90 494 234
v 5 91 459 244
v 5 92 192 85
v 5 93 2056 1042
v 5 94 215 120
v 5 95 197 107
v 5 96 668 358
v 5 97 1543 780
v 5 98 513 287
v 5 99 352 176
v 5 100 905 452
v 5 101 1341 703
v 5 102 302 149
v 5 103 104 51
v 5 104 2172 1025
v 5 105 1494 760
v 5 106 1070 568
v 5 107 740 360
v 5 108 743 404
v 5 109 831 479
v 5 110 755 353
v 5 111 799 417
v 5 112 908 464
v 5 113 405 193
v 5 114 596 319
v 5 119 1102 563
v 5 120 631 338
v 5 121 978 439
v 5 123 1552 891
v 5 126 663 356
v 5 128 1584 841
v 5 129 645 368
v 5 131 757 374
v 5 135 1528 711
v 5 136 791 407
v 5 137 513 274
v 5 138 282 149
v 5 145 545 298
v 5 155 298 152
v 6 7 2700 1168
v 6 8 3525 1474
v 6 9 2490 1104
v 6 10 684 306
v 6 11 1365 744
v 6 12 2170 852
v 6 13 605 272
v 6 14 4382 1813
v 6 15 1166 509
v 6 16 465 213
v 6 17 1097 466
v 6 18 2104 857
v 6 19 1310 653
v 6 20 1505 643
v 6 21 3400 1575
v 6 22 1979 842
v 6 23 752 329
v 6 25 2668 1282
v 6 26 4255 1957
v 6 27 2576 1128
v 6 28 942 447
v 6 29 3093 1370
v 6 30 2501 1094
v 6 31 2228 909
v 6 32 757 329
v 6 33 618 246
v 6 34 801 364
v 6 35 2447 1084
v 6 36 2488 1195
v 6 37 782 354
v 6 38 281 143
v 6 39 1605 780
v 6 40 866 393
v 6 41 1162 495
v 6 42 1670 676
v 6 43 1064 501
v 6 44 1455 700
v 6 45 707 318
v 6 46 685 344
v 6 47 1056 504
v 6 48 2516 1150
v 6 49 2807 1120
v 6 50 830 364
v 6 51 497 219
v 6 52 401 162
v 6 53 1546 776
v 6 54 3001 1272
v 6 55 1131 426
v 6 56 669 292
v 6 57 359 152
v 6 58 407 198
v 6 59 596 312
v 6 60 1602 639
v 6 61 255 112
v 6 62 1431 566
v 6 63 642 316
v 6 64 1127 525
v 6 65 123 59
v 6 66 52 21
v 6 67 2180 864
v 6 68 1457 638
v 6 69 1132 565
v 6 70 1170 520
v 6 71 2580 1124
v 6 72 560 270
v 6 73 306 148
v 6 74 3460 1454
v 6 75 1476 643
v 6 76 2586 971
v 6 77 221 97
v 6 78 487 186
v 6 79 354 161
v 6 80 505 233
v 6 81 452 194
v 6 82 227 97
v 6 83 433 220
v 6 84 2004 870
v 6 85 2522 1063
v 6 86 4643 2087
v 6 87 1706 758
v 6 88 2013 836
v 6 89 106 54
v 6 90 709 297
v 6 91 753 330
v 6 92 276 123
v 6 93 2797 1328
v 6 94 277 118
v 6 95 247 112
v 6 96 1045 458
v 6 97 2089 892
v 6 98 873 429
v 6 99 524 250
v 6 100 1001 461
v 6 101 1733 795
v 6 102 443 193
v 6 103 118 50
v 6 104 2495 1122
v 6 105 2108 921
v 6 106 1544 676
v 6 107 942 368
v 6 108 1120 523
v 6 109 1500 793
v 6 110 1133 467
v 6 111 1186 544
v 6 112 1368 583
v 6 113 681 248
v 6 114 752 365
v 6 119 1450 629
v 6 120 785 397
v 6 121 1437 611
v 6 123 2189 1027
v 6 126 959 434
v 6 128 2137 992
v 6 129 780 331
v 6 131 1097 490
v 6 135 2051 859
v 6 136 1119 509
v 6 137 718 287
v 6 138 417 202
v 6 145 712 361
v 6 155 308 132
v 7 8 2774 1292
v 7 9 2113 1066
v 7 10 548 289
v 7 11 1274 768
v 7 12 1896 958
v 7 13 554 311
v 7 14 3983 2051
v 7 15 849 429
v 7 16 474 250
v 7 17 867 479
v 7 18 1943 941
v 7 19 1241 672
v 7 20 1337 677
v 7 21 2847 1471
v 7 22 1832 899
v 7 23 717 359
v 7 25 2306 1236
v 7 26 3928 2042
v 7 27 2509 1249
v 7 28 903 472
v 7 29 2626 1364
v 7 30 2260 1140
v 7 31 1824 862
v 7 32 590 304
v 7 33 651 319
v 7 34 812 423
v 7 35 2050 1040
v 7 36 2393 1231
v 7 37 714 377
v 7 38 275 167
v 7 39 1467 791
v 7 40 726 376
v 7 41 1108 562
v 7 42 1557 746
v 7 43 837 421
v 7 44 1161 578
v 7 45 590 289
v 7 46 726 365
v 7 47 805 381
v 7 48 2087 1055
v 7 49 2518 1176
v 7 50 641 300
v 7 51 483 258
v 7 52 409 188
v 7 53 1379 750
v 7 54 2634 1199
v 7 55 964 511
v 7 56 506 228
v 7 57 315 148
v 7 58 323 167
v 7 59 574 298
v 7 60 1519 704
v 7 61 271 162
v 7 62 1295 614
v 7 63 593 307
v 7 64 995 519
v 7 65 134 70
v 7 66 83 52
v 7 67 1284 585
v 7 68 1354 688
v 7 69 1038 532
v 7 70 1108 537
v 7 71 2743 1335
v 7 72 560 303
v 7 73 296 163
v 7 74 3433 1711
v 7 75 1295 644
v 7 76 2235 1063
v 7 77 213 114
v 7 78 461 233
v 7 79 328 184
v 7 80 427 227
v 7 81 436 206
v 7 82 235 121
v 7 83 409 216
v 7 84 1948 1011
v 7 85 2323 1183
v 7 86 4301 2165
v 7 87 1666 784
v 7 88 1992 965
v 7 89 81 46
v 7 90 712 345
v 7 91 654 329
v 7 92 253 122
v 7 93 2322 1215
v 7 94 316 169
v 7 95 252 136
v 7 96 922 474
v 7 97 2164 1138
v 7 98 887 471
v 7 99 453 260
v 7 100 1202 654
v 7 101 1541 760
v 7 102 389 202
v 7 103 136 64
v 7 104 2413 1196
v 7 105 1888 955
v 7 106 1530 742
v 7 107 946 471
v 7 108 944 525
v 7 109 1032 614
v 7 110 929 443
v 7 111 1060 546
v 7 112 1286 591
v 7 113 598 285
v 7 114 762 403
v 7 119 1332 703
v 7 120 766 425
v 7 121 1257 628
v 7 123 1937 965
v 7 126 791 408
v 7 128 2016 1049
v 7 129 904 472
v 7 131 1006 509
v 7 135 1838 844
v 7 136 1058 600
v 7 137 681 390
v 7 138 308 141
v 7 145 646 353
v 7 155 332 166
v 8 9 2463 1281
v 8 10 626 332
v 8 11 1353 872
v 8 12 1930 951
v 8 13 605 347
v 8 14 4657 2490
v 8 15 1070 579
v 8 16 462 260
v 8 17 1084 611
v 8 18 2044 1073
v 8 19 1349 818
v 8 20 1499 805
v 8 21 3187 1761
v 8 22 2082 1118
v 8 23 804 457
v 8 25 2487 1387
v 8 26 4039 2191
v 8 27 2310 1131
v 8 28 970 576
v 8 29 2973 1755
v 8 30 2389 1223
v 8 31 2112 1098
v 8 32 852 396
v 8 33 605 294
v 8 34 747 427
v 8 35 2302 1328
v 8 36 2641 1414
v 8 37 742 401
v 8 38 271 139
v 8 39 1768 1016
v 8 40 993 578
v 8 41 1234 652
v 8 42 1967 972
v 8 43 1024 545
v 8 44 1473 805
v 8 45 567 282
v 8 46 806 422
v 8 47 1020 572
v 8 48 2383 1291
v 8 49 2538 1315
v 8 50 640 327
v 8 51 577 321
v 8 52 357 179
v 8 53 1589 948
v 8 54 3205 1614
v 8 55 1129 579
v 8 56 682 327
v 8 57 242 117
v 8 58 404 220
v 8 59 579 316
v 8 60 1512 719
v 8 61 219 116
v 8 62 1426 704
v 8 63 538 303
v 8 64 1286 752
v 8 65 106 57
v 8 66 54 29
v 8 67 1504 779
v 8 68 1521 803
v 8 69 1217 663
v 8 70 1394 715
v 8 71 2758 1368
v 8 72 615 353
v 8 73 336 177
v 8 74 3799 2063
v 8 75 1665 891
v 8 76 2536 1217
v 8 77 215 122
v 8 78 457 253
v 8 79 289 173
v 8 80 458 220
v 8 81 482 248
v 8 82 218 111
v 8 83 415 235
v 8 84 2239 1231
v 8 85 2485 1341
v 8 86 4428 2360
v 8 87 2094 1127
v 8 88 2518 1286
v 8 89 100 56
v 8 90 713 358
v 8 91 616 317
v 8 92 247 105
v 8 93 3226 1713
v 8 94 314 166
v 8 95 344 169
v 8 96 1078 607
v 8 97 2181 1238
v 8 98 796 470
v 8 99 446 261
v 8 100 1088 566
v 8 101 1774 964
v 8 102 394 190
v 8 103 111 62
v 8 104 2555 1269
v 8 105 2543 1446
v 8 106 1482 787
v 8 107 1017 550
v 8 108 1205 709
v 8 109 1227 715
v 8 110 1492 801
v 8 111 905 464
v 8 112 947 459
v 8 113 623 326
v 8 114 894 506
v 8 119 1549 873
v 8 120 779 471
v 8 121 1196 622
v 8 123 2088 1187
v 8 126 1021 540
v 8 128 2228 1214
v 8 129 967 513
v 8 131 875 502
v 8 135 2074 1056
v 8 136 1093 613
v 8 137 719 392
v 8 138 429 225
v 8 145 682 409
v 8 155 332 184
v 9 10 539 283
v 9 11 1061 642
v 9 12 1631 756
v 9 13 547 286
v 9 14 4145 2109
v 9 15 889 481
v 9 16 372 208
v 9 17 951 491
v 9 18 1680 820
v 9 19 1016 556
v 9 20 1188 607
v 9 21 2630 1368
v 9 22 1797 883
v 9 23 565 285
v 9 25 1989 1100
v 9 26 3441 1787
v 9 27 2044 1045
v 9 28 876 460
v 9 29 2366 1255
v 9 30 1898 943
v 9 31 1727 871
v 9 32 597 289
v 9 33 562 243
v 9 34 605 303
v 9 35 1661 877
v 9 36 2295 1091
v 9 37 614 309
v 9 38 221 99
v 9 39 1404 743
v 9 40 726 363
v 9 41 830 426
v 9 42 1306 601
v 9 43 809 431
v 9 44 1059 564
v 9 45 521 245
v 9 46 530 280
v 9 47 801 415
v 9 48 1814 908
v 9 49 2075 1001
v 9 50 625 300
v 9 51 443 227
v 9 52 378 165
v 9 53 1190 665
v 9 54 2059 995
v 9 55 996 472
v 9 56 498 233
v 9 57 251 123
v 9 58 308 169
v 9 59 436 237
v 9 60 1332 631
v 9 61 212 109
v 9 62 1382 612
v 9 63 491 281
v 9 64 875 472
v 9 65 100 50
v 9 66 39 21
v 9 67 1120 548
v 9 68 1204 610
v 9 69 1034 533
v 9 70 806 372
v 9 71 2454 1117
v 9 72 477 242
v 9 73 245 144
v 9 74 2725 1355
v 9 75 1237 674
v 9 76 2150 990
v 9 77 180 81
v 9 78 411 199
v 9 79 263 147
v 9 80 367 182
v 9 81 328 175
v 9 82 214 96
v 9 83 359 188
v 9 84 1782 929
v 9 85 1963 965
v 9 86 3901 1952
v 9 87 1510 764
v 9 88 1874 851
v 9 89 104 36
v 9 90 563 263
v 9 91 550 241
v 9 92 218 96
v 9 93 2314 1183
v 9 94 251 122
v 9 95 225 102
v 9 96 850 446
v 9 97 1680 864
v 9 98 649 349
v 9 99 345 187
v 9 100 936 467
v 9 101 1493 780
v 9 102 310 147
v 9 103 97 45
v 9 104 2178 1042
v 9 105 1686 847
v 9 106 1347 669
v 9 107 881 456
v 9 108 819 425
v 9 109 1044 584
v 9 110 877 435
v 9 111 821 399
v 9 112 1141 565
v 9 113 496 231
v 9 114 645 372
v 9 119 1290 655
v 9 120 587 331
v 9 121 1096 514
v 9 123 1810 956
v 9 126 727 373
v 9 128 1601 851
v 9 129 651 332
v 9 131 813 422
v 9 135 1549 775
v 9 136 883 437
v 9 137 573 286
v 9 138 291 133
v 9 145 517 287
v 9 155 311 155
v 10 11 324 181
v 10 12 377 162
v 10 13 127 65
v 10 14 1054 528
v 10 15 263 143
v 10 16 89 43
v 10 17 183 89
v 10 18 385 180
v 10 19 273 156
v 10 20 328 169
v 10 21 694 337
v 10 22 379 202
v 10 23 193 110
v 10 25 523 255
v 10 26 715 364
v 10 27 507 227
v 10 28 223 106
v 10 29 647 337
v 10 30 590 285
v 10 31 503 234
v 10 32 150 71
v 10 33 153 63
v 10 34 190 99
v 10 35 522 267
v 10 36 519 268
v 10 37 211 105
v 10 38 50 22
v 10 39 364 194
v 10 40 169 84
v 10 41 175 88
v 10 42 379 174
v 10 43 190 102
v 10 44 321 157
v 10 45 156 72
v 10 46 189 105
v 10 47 191 109
v 10 48 635 301
v 10 49 583 258
v 10 50 209 105
v 10 51 116 65
v 10 52 78 34
v 10 53 358 215
v 10 54 682 358
v 10 55 275 130
v 10 56 127 67
v 10 57 82 38
v 10 58 84 43
v 10 59 133 67
v 10 60 323 150
v 10 61 76 36
v 10 62 343 147
v 10 63 154 68
v 10 64 293 141
v 10 65 30 22
v 10 66 14 8
v 10 67 266 126
v 10 68 175 83
v 10 69 204 90
v 10 70 266 130
v 10 71 827 381
v 10 72 162 79
v 10 73 83 40
v 10 74 806 391
v 10 75 288 146
v 10 76 518 219
v 10 77 61 25
v 10 78 121 54
v 10 79 93 50
v 10 80 106 52
v 10 81 81 36
v 10 82 52 23
v 10 83 116 68
v 10 84 427 220
v 10 85 608 323
v 10 86 966 437
v 10 87 373 160
v 10 88 311 144
v 10 89 33 17
v 10 90 177 78
v 10 91 204 106
v 10 92 62 24
v 10 93 624 292
v 10 94 60 26
v 10 95 59 31
v 10 96 184 93
v 10 97 508 263
v 10 98 178 98
v 10 99 112 63
v 10 100 306 151
v 10 101 280 129
v 10 102 105 48
v 10 103 32 12
v 10 104 499 243
v 10 105 422 201
v 10 106 364 192
v 10 107 227 117
v 10 108 216 120
v 10 109 339 169
v 10 110 258 125
v 10 111 298 152
v 10 112 375 171
v 10 113 171 80
v 10 114 187 87
v 10 119 342 162
v 10 120 181 113
v 10 121 249 109
v 10 123 450 236
v 10 126 221 107
v 10 128 510 256
v 10 129 231 124
v 10 131 267 140
v 10 135 502 240
v 10 136 293 151
v 10 137 159 83
v 10 138 82 44
v 10 145 165 98
v 10 155 94 44
v 11 12 895 327
v 11 13 257 100
v 11 14 2087 853
v 11 15 453 179
v 11 16 195 101
v 11 17 449 193
v 11 18 886 349
v 11 19 554 279
v 11 20 637 244
v 11 21 1438 609
v 11 22 869 387
v 11 23 370 145
v 11 25 1348 601
v 11 26 1987 831
v 11 27 1186 454
v 11 28 405 161
v 11 29 1452 631
v 11 30 1156 452
v 11 31 954 346
v 11 32 325 149
v 11 33 311 115
v 11 34 474 200
v 11 35 1097 469
v 11 36 1253 525
v 11 37 363 159
v 11 38 112 58
v 11 39 732 347
v 11 40 367 151
v 11 41 482 217
v 11 42 760 286
v 11 43 423 186
v 11 44 622 244
v 11 45 318 117
v 11 46 404 165
v 11 47 464 196
v 11 48 1203 474
v 11 49 1224 443
v 11 50 358 130
v 11 51 243 95
v 11 52 187 83
v 11 53 694 336
v 11 54 1318 507
v 11 55 491 193
v 11 56 241 93
v 11 57 158 68
v 11 58 164 67
v 11 59 268 124
v 11 60 746 280
v 11 61 154 72
v 11 62 592 196
v 11 63 314 137
v 11 64 530 239
v 11 65 67 29
v 11 66 26 15
v 11 67 624 258
v 11 68 728 297
v 11 69 470 208
v 11 70 602 245
v 11 71 1200 448
v 11 72 295 123
v 11 73 156 65
v 11 74 1866 684
v 11 75 648 250
v 11 76 1145 407
v 11 77 109 43
v 11 78 223 89
v 11 79 158 65
v 11 80 232 86
v 11 81 201 80
v 11 82 99 30
v 11 83 186 89
v 11 84 975 421
v 11 85 1219 491
v 11 86 2137 920
v 11 87 828 330
v 11 88 901 323
v 11 89 49 20
v 11 90 380 144
v 11 91 394 165
v 11 92 140 47
v 11 93 1217 537
v 11 94 133 44
v 11 95 133 47
v 11 96 430 202
v 11 97 995 409
v 11 98 440 210
v 11 99 273 118
v 11 100 569 234
v 11 101 810 323
v 11 102 184 78
v 11 103 80 35
v 11 104 1210 487
v 11 105 967 382
v 11 106 729 314
v 11 107 463 190
v 11 108 473 197
v 11 109 675 313
v 11 110 544 195
v 11 111 544 227
v 11 112 613 224
v 11 113 366 115
v 11 114 392 169
v 11 119 599 247
v 11 120 385 173
v 11 121 715 283
v 11 123 868 361
v 11 126 421 178
v 11 128 1037 414
v 11 129 414 184
v 11 131 525 231
v 11 135 967 357
v 11 136 563 249
v 11 137 363 147
v 11 138 196 87
v 11 145 338 167
v 11 155 159 80
v 12 13 381 202
v 12 14 2835 1409
v 12 15 562 317
v 12 16 350 169
v 12 17 632 347
v 12 18 2836 1335
v 12 19 816 470
v 12 20 1114 624
v 12 21 2013 1139
v 12 22 1180 671
v 12 23 494 246
v 12 25 1511 882
v 12 26 2636 1414
v 12 27 2013 1092
v 12 28 653 406
v 12 29 1632 803
v 12 30 1532 795
v 12 31 1351 730
v 12 32 416 204
v 12 33 483 275
v 12 34 550 299
v 12 35 1329 780
v 12 36 1689 887
v 12 37 466 245
v 12 38 233 124
v 12 39 1038 608
v 12 40 571 318
v 12 41 656 335
v 12 42 1271 719
v 12 43 592 332
v 12 44 811 401
v 12 45 405 208
v 12 46 481 283
v 12 47 558 349
v 12 48 2100 1084
v 12 49 1932 940
v 12 50 599 302
v 12 51 412 222
v 12 52 525 249
v 12 53 886 515
v 12 54 1638 846
v 12 55 648 307
v 12 56 350 211
v 12 57 259 140
v 12 58 228 132
v 12 59 372 205
v 12 60 1165 632
v 12 61 199 110
v 12 62 1066 509
v 12 63 480 291
v 12 64 706 390
v 12 65 99 48
v 12 66 47 26
v 12 67 784 422
v 12 68 952 552
v 12 69 797 412
v 12 70 688 357
v 12 71 1817 898
v 12 72 411 229
v 12 73 223 128
v 12 74 2507 1371
v 12 75 999 558
v 12 76 1515 777
v 12 77 215 133
v 12 78 377 199
v 12 79 246 149
v 12 80 280 126
v 12 81 320 181
v 12 82 177 72
v 12 83 323 188
v 12 84 1484 865
v 12 85 1780 954
v 12 86 3041 1554
v 12 87 1195 586
v 12 88 1415 674
v 12 89 90 43
v 12 90 535 276
v 12 91 563 264
v 12 92 246 124
v 12 93 1600 817
v 12 94 449 236
v 12 95 173 97
v 12 96 592 307
v 12 97 1487 785
v 12 98 515 265
v 12 99 334 186
v 12 100 920 486
v 12 101 1112 614
v 12 102 263 132
v 12 103 119 69
v 12 104 1695 835
v 12 105 1494 771
v 12 106 1115 556
v 12 107 639 330
v 12 108 547 273
v 12 109 928 618
v 12 110 689 360
v 12 111 822 445
v 12 112 998 528
v 12 113 512 272
v 12 114 473 273
v 12 119 980 521
v 12 120 540 307
v 12 121 973 498
v 12 123 1467 815
v 12 126 532 289
v 12 128 1323 667
v 12 129 554 333
v 12 131 740 415
v 12 135 1398 697
v 12 136 849 448
v 12 137 526 294
v 12 138 212 122
v 12 145 435 244
v 12 155 232 110
v 13 14 967 466
v 13 15 215 99
v 13 16 77 37
v 13 17 251 136
v 13 18 420 173
v 13 19 250 127
v 13 20 350 160
v 13 21 639 345
v 13 22 365 165
v 13 23 143 74
v 13 25 575 288
v 13 26 645 300
v 13 27 424 196
v 13 28 179 85
v 13 29 547 275
v 13 30 474 226
v 13 31 428 200
v 13 32 143 59
v 13 33 144 63
v 13 34 182 89
v 13 35 366 176
v 13 36 470 240
v 13 37 138 69
v 13 38 60 33
v 13 39 481 249
v 13 40 162 84
v 13 41 243 123
v 13 42 335 154
v 13 43 185 104
v 13 44 242 119
v 13 45 132 53
v 13 46 121 50
v 13 47 185 76
v 13 48 428 185
v 13 49 467 204
v 13 50 197 93
v 13 51 124 61
v 13 52 98 50
v 13 53 304 161
v 13 54 521 246
v 13 55 280 133
v 13 56 110 43
v 13 57 79 42
v 13 58 76 35
v 13 59 103 53
v 13 60 215 79
v 13 61 44 22
v 13 62 297 137
v 13 63 146 76
v 13 64 211 94
v 13 65 45 22
v 13 66 13 6
v 13 67 257 114
v 13 68 325 174
v 13 69 242 111
v 13 70 221 106
v 13 71 718 320
v 13 72 129 65
v 13 73 54 25
v 13 74 978 496
v 13 75 235 111
v 13 76 472 208
v 13 77 42 24
v 13 78 141 83
v 13 79 74 35
v 13 80 94 49
v 13 81 66 28
v 13 82 60 22
v 13 83 86 43
v 13 84 384 199
v 13 85 471 219
v 13 86 902 420
v 13 87 392 176
v 13 88 336 160
v 13 89 21 7
v 13 90 152 64
v 13 91 142 72
v 13 92 41 22
v 13 93 548 258
v 13 94 52 24
v 13 95 72 31
v 13 96 186 90
v 13 97 489 231
v 13 98 209 124
v 13 99 80 48
v 13 100 285 142
v 13 101 271 141
v 13 102 84 34
v 13 103 31 13
v 13 104 492 216
v 13 105 463 215
v 13 106 332 156
v 13 107 186 79
v 13 108 201 109
v 13 109 256 144
v 13 110 217 101
v 13 111 293 132
v 13 112 340 150
v 13 113 118 55
v 13 114 171 83
v 13 119 318 157
v 13 120 166 81
v 13 121 241 108
v 13 123 415 212
v 13 126 235 120
v 13 128 465 223
v 13 129 188 94
v 13 131 241 119
v 13 135 431 189
v 13 136 230 121
v 13 137 152 73
v 13 138 72 26
v 13 145 149 72
v 13 155 87 37
v 14 15 1696 869
v 14 16 694 388
v 14 17 1680 887
v 14 18 3289 1488
v 14 19 1794 988
v 14 20 2340 1094
v 14 21 4970 2569
v 14 22 2927 1555
v 14 23 1124 542
v 14 25 3991 2155
v 14 26 6527 3372
v 14 27 4320 2173
v 14 28 1623 796
v 14 29 5012 2593
v 14 30 3903 1936
v 14 31 3705 1777
v 14 32 1021 525
v 14 33 1066 486
v 14 34 1330 713
v 14 35 2867 1538
v 14 36 4130 2227
v 14 37 1354 704
v 14 38 461 232
v 14 39 2654 1363
v 14 40 1290 670
v 14 41 1524 781
v 14 42 2811 1230
v 14 43 1605 840
v 14 44 1791 949
v 14 45 1018 523
v 14 46 973 510
v 14 47 1498 775
v 14 48 3589 1791
v 14 49 4300 2102
v 14 50 1417 667
v 14 51 899 475
v 14 52 754 322
v 14 53 2205 1232
v 14 54 4865 2318
v 14 55 1961 955
v 14 56 889 433
v 14 57 490 242
v 14 58 660 349
v 14 59 859 480
v 14 60 2396 1131
v 14 61 452 230
v 14 62 2600 1181
v 14 63 1083 561
v 14 64 1833 1026
v 14 65 197 106
v 14 66 122 62
v 14 67 1957 965
v 14 68 2264 1111
v 14 69 1930 957
v 14 70 2250 1038
v 14 71 4435 2213
v 14 72 895 472
v 14 73 474 270
v 14 74 5999 2909
v 14 75 2105 1015
v 14 76 4229 1962
v 14 77 438 213
v 14 78 906 457
v 14 79 562 318
v 14 80 764 383
v 14 81 784 394
v 14 82 402 164
v 14 83 656 373
v 14 84 3333 1691
v 14 85 4422 2235
v 14 86 7627 3828
v 14 87 3127 1519
v 14 88 3301 1588
v 14 89 163 73
v 14 90 1323 641
v 14 91 1352 601
v 14 92 507 215
v 14 93 4655 2302
v 14 94 482 238
v 14 95 486 245
v 14 96 1584 825
v 14 97 3240 1574
v 14 98 2205 1197
v 14 99 798 412
v 14 100 1866 939
v 14 101 2959 1466
v 14 102 718 344
v 14 103 265 124
v 14 104 3773 1876
v 14 105 3475 1694
v 14 106 2451 1220
v 14 107 1701 865
v 14 108 1635 894
v 14 109 2238 1229
v 14 110 1864 893
v 14 111 1794 899
v 14 112 2469 1249
v 14 113 1081 507
v 14 114 1465 771
v 14 119 2644 1336
v 14 120 1325 690
v 14 121 2390 1097
v 14 123 3513 1845
v 14 126 1477 735
v 14 128 3166 1574
v 14 129 1230 628
v 14 131 1835 910
v 14 135 3635 1621
v 14 136 1894 960
v 14 137 1249 659
v 14 138 539 290
v 14 145 1189 663
v 14 155 529 251
v 15 16 162 78
v 15 17 460 210
v 15 18 626 306
v 15 19 418 238
v 15 20 489 251
v 15 21 1100 585
v 15 22 762 393
v 15 23 253 141
v 15 25 913 482
v 15 26 1411 762
v 15 27 847 372
v 15 28 365 188
v 15 29 1147 619
v 15 30 698 333
v 15 31 716 359
v 15 32 289 126
v 15 33 176 81
v 15 34 220 109
v 15 35 799 364
v 15 36 925 462
v 15 37 233 110
v 15 38 75 37
v 15 39 743 372
v 15 40 308 140
v 15 41 431 211
v 15 42 659 317
v 15 43 365 190
v 15 44 398 198
v 15 45 227 108
v 15 46 180 105
v 15 47 382 192
v 15 48 657 337
v 15 49 848 411
v 15 50 198 103
v 15 51 186 96
v 15 52 140 71
v 15 53 525 266
v 15 54 1115 539
v 15 55 362 184
v 15 56 248 120
v 15 57 104 54
v 15 58 137 77
v 15 59 185 114
v 15 60 598 287
v 15 61 57 26
v 15 62 517 222
v 15 63 245 139
v 15 64 378 221
v 15 65 36 20
v 15 66 17 10
v 15 67 473 219
v 15 68 485 255
v 15 69 462 236
v 15 70 343 187
v 15 71 999 478
v 15 72 233 117
v 15 73 121 67
v 15 74 1078 539
v 15 75 586 319
v 15 76 894 441
v 15 77 70 41
v 15 78 157 76
v 15 79 104 52
v 15 80 155 86
v 15 81 136 60
v 15 82 72 32
v 15 83 133 76
v 15 84 788 388
v 15 85 831 447
v 15 86 1599 852
v 15 87 636 306
v 15 88 819 380
v 15 89 33 13
v 15 90 207 93
v 15 91 167 81
v 15 92 82 36
v 15 93 896 450
v 15 94 85 50
v 15 95 105 55
v 15 96 374 198
v 15 97 741 371
v 15 98 281 156
v 15 99 143 68
v 15 100 355 180
v 15 101 634 344
v 15 102 165 91
v 15 103 67 27
v 15 104 978 503
v 15 105 563 267
v 15 106 554 255
v 15 107 294 126
v 15 108 399 210
v 15 109 363 191
v 15 110 301 140
v 15 111 301 160
v 15 112 433 213
v 15 113 186 88
v 15 114 293 143
v 15 119 525 249
v 15 120 254 143
v 15 121 422 229
v 15 123 672 358
v 15 126 307 141
v 15 128 708 360
v 15 129 251 139
v 15 131 331 170
v 15 135 650 280
v 15 136 387 203
v 15 137 232 122
v 15 138 132 62
v 15 145 243 131
v 15 155 91 46
v 16 17 143 70
v 16 18 287 136
v 16 19 203 120
v 16 20 237 115
v 16 21 476 225
v 16 22 265 138
v 16 23 137 69
v 16 25 428 198
v 16 26 715 349
v 16 27 463 212
v 16 28 182 82
v 16 29 429 234
v 16 30 401 191
v 16 31 340 151
v 16 32 122 63
v 16 33 99 48
v 16 34 122 54
v 16 35 338 178
v 16 36 407 207
v 16 37 114 60
v 16 38 64 33
v 16 39 250 113
v 16 40 142 64
v 16 41 185 88
v 16 42 269 118
v 16 43 173 77
v 16 44 208 108
v 16 45 118 54
v 16 46 139 66
v 16 47 149 76
v 16 48 361 162
v 16 49 391 195
v 16 50 115 53
v 16 51 94 52
v 16 52 59 34
v 16 53 256 133
v 16 54 457 208
v 16 55 163 81
v 16 56 95 43
v 16 57 59 27
v 16 58 52 24
v 16 59 78 40
v 16 60 239 96
v 16 61 44 21
v 16 62 183 81
v 16 63 100 46
v 16 64 186 90
v 16 65 17 10
v 16 66 14 9
v 16 67 226 97
v 16 68 237 118
v 16 69 192 100
v 16 70 202 105
v 16 71 444 220
v 16 72 102 54
v 16 73 63 29
v 16 74 584 299
v 16 75 181 84
v 16 76 392 201
v 16 77 38 22
v 16 78 68 30
v 16 79 71 42
v 16 80 68 27
v 16 81 87 54
v 16 82 40 17
v 16 83 60 26
v 16 84 352 164
v 16 85 366 186
v 16 86 726 361
v 16 87 282 131
v 16 88 340 144
v 16 89 13 6
v 16 90 98 44
v 16 91 97 41
v 16 92 33 13
v 16 93 421 210
v 16 94 47 22
v 16 95 51 17
v 16 96 152 70
v 16 97 379 178
v 16 98 128 54
v 16 99 84 43
v 16 100 186 95
v 16 101 262 133
v 16 102 82 36
v 16 103 23 8
v 16 104 463 218
v 16 105 306 144
v 16 106 251 127
v 16 107 158 74
v 16 108 169 83
v 16 109 215 119
v 16 110 147 69
v 16 111 163 72
v 16 112 221 121
v 16 113 98 37
v 16 114 127 66
v 16 119 245 121
v 16 120 134 75
v 16 121 200 85
v 16 123 326 155
v 16 126 164 71
v 16 128 348 182
v 16 129 142 72
v 16 131 167 90
v 16 135 314 137
v 16 136 168 91
v 16 137 109 57
v 16 138 62 29
v 16 145 115 64
v 16 155 47 21
v 17 18 686 318
v 17 19 422 203
v 17 20 561 268
v 17 21 1069 501
v 17 22 801 402
v 17 23 248 112
v 17 25 877 419
v 17 26 1187 565
v 17 27 728 321
v 17 28 328 182
v 17 29 992 497
v 17 30 835 382
v 17 31 751 337
v 17 32 206 86
v 17 33 212 102
v 17 34 404 182
v 17 35 916 499
v 17 36 910 437
v 17 37 297 152
v 17 38 95 47
v 17 39 611 331
v 17 40 381 203
v 17 41 414 192
v 17 42 610 259
v 17 43 334 157
v 17 44 417 197
v 17 45 185 97
v 17 46 243 115
v 17 47 325 162
v 17 48 780 351
v 17 49 893 391
v 17 50 252 106
v 17 51 218 124
v 17 52 153 65
v 17 53 621 356
v 17 54 942 409
v 17 55 448 219
v 17 56 206 95
v 17 57 112 43
v 17 58 121 51
v 17 59 198 101
v 17 60 468 188
v 17 61 67 25
v 17 62 603 282
v 17 63 216 112
v 17 64 395 201
v 17 65 44 19
v 17 66 31 17
v 17 67 488 225
v 17 68 598 293
v 17 69 447 197
v 17 70 431 205
v 17 71 1016 457
v 17 72 235 129
v 17 73 110 54
v 17 74 1303 612
v 17 75 360 171
v 17 76 837 378
v 17 77 85 39
v 17 78 177 81
v 17 79 163 88
v 17 80 160 77
v 17 81 142 67
v 17 82 67 22
v 17 83 126 59
v 17 84 748 355
v 17 85 902 426
v 17 86 1593 749
v 17 87 495 250
v 17 88 548 238
v 17 89 37 18
v 17 90 312 155
v 17 91 262 114
v 17 92 100 39
v 17 93 892 389
v 17 94 86 33
v 17 95 113 52
v 17 96 367 167
v 17 97 774 367
v 17 98 322 161
v 17 99 152 84
v 17 100 445 226
v 17 101 483 245
v 17 102 141 70
v 17 103 55 33
v 17 104 866 409
v 17 105 732 324
v 17 106 587 270
v 17 107 361 167
v 17 108 347 178
v 17 109 436 230
v 17 110 364 176
v 17 111 379 167
v 17 112 528 252
v 17 113 206 84
v 17 114 289 146
v 17 119 523 273
v 17 120 275 140
v 17 121 388 169
v 17 123 763 394
v 17 126 334 177
v 17 128 750 381
v 17 129 305 155
v 17 131 365 169
v 17 135 733 348
v 17 136 395 180
v 17 137 255 134
v 17 138 114 48
v 17 145 229 121
v 17 155 127 69
v 18 19 854 500
v 18 20 878 425
v 18 21 2038 1069
v 18 22 1257 659
v 18 23 449 225
v 18 25 1677 926
v 18 26 2852 1546
v 18 27 1518 761
v 18 28 598 302
v 18 29 1658 914
v 18 30 1589 821
v 18 31 1392 704
v 18 32 456 242
v 18 33 464 237
v 18 34 513 249
v 18 35 1379 733
v 18 36 1647 882
v 18 37 561 326
v 18 38 212 124
v 18 39 1086 595
v 18 40 469 257
v 18 41 698 381
v 18 42 1173 536
v 18 43 614 348
v 18 44 739 397
v 18 45 435 209
v 18 46 487 254
v 18 47 648 312
v 18 48 1573 820
v 18 49 1716 814
v 18 50 479 237
v 18 51 378 214
v 18 52 252 135
v 18 53 932 541
v 18 54 1942 930
v 18 55 939 520
v 18 56 356 166
v 18 57 197 107
v 18 58 224 111
v 18 59 364 204
v 18 60 1228 590
v 18 61 230 123
v 18 62 1024 480
v 18 63 401 209
v 18 64 698 358
v 18 65 78 43
v 18 66 46 28
v 18 67 814 402
v 18 68 955 499
v 18 69 800 416
v 18 70 867 428
v 18 71 2035 983
v 18 72 381 206
v 18 73 214 114
v 18 74 2307 1162
v 18 75 893 461
v 18 76 1722 810
v 18 77 192 101
v 18 78 407 209
v 18 79 218 132
v 18 80 293 152
v 18 81 409 227
v 18 82 200 104
v 18 83 235 120
v 18 84 1258 608
v 18 85 1521 805
v 18 86 3017 1551
v 18 87 1289 653
v 18 88 1610 820
v 18 89 93 48
v 18 90 496 256
v 18 91 536 265
v 18 92 201 91
v 18 93 1841 967
v 18 94 189 103
v 18 95 229 112
v 18 96 626 347
v 18 97 1365 706
v 18 98 637 349
v 18 99 306 161
v 18 100 788 414
v 18 101 1316 750
v 18 102 280 154
v 18 103 108 46
v 18 104 1847 981
v 18 105 1272 613
v 18 106 1100 574
v 18 107 720 396
v 18 108 653 380
v 18 109 832 472
v 18 110 544 242
v 18 111 673 362
v 18 112 762 374
v 18 113 424 209
v 18 114 493 256
v 18 119 947 511
v 18 120 557 292
v 18 121 992 523
v 18 123 1452 800
v 18 126 627 365
v 18 128 1481 813
v 18 129 551 325
v 18 131 772 439
v 18 135 1376 685
v 18 136 779 438
v 18 137 545 321
v 18 138 259 144
v 18 145 488 279
v 18 155 266 137
v 19 20 685 286
v 19 21 1431 659
v 19 22 869 370
v 19 23 339 159
v 19 25 1100 489
v 19 26 2001 892
v 19 27 1143 443
v 19 28 415 171
v 19 29 1202 548
v 19 30 1013 409
v 19 31 874 355
v 19 32 296 117
v 19 33 346 137
v 19 34 386 142
v 19 35 957 437
v 19 36 1191 500
v 19 37 336 150
v 19 38 143 66
v 19 39 714 334
v 19 40 329 123
v 19 41 442 215
v 19 42 680 275
v 19 43 419 183
v 19 44 550 239
v 19 45 331 129
v 19 46 330 141
v 19 47 402 175
v 19 48 1031 430
v 19 49 1121 447
v 19 50 298 112
v 19 51 241 113
v 19 52 196 83
v 19 53 690 324
v 19 54 1419 532
v 19 55 474 210
v 19 56 243 110
v 19 57 139 59
v 19 58 160 72
v 19 59 283 128
v 19 60 734 296
v 19 61 120 63
v 19 62 630 233
v 19 63 278 130
v 19 64 475 231
v 19 65 59 30
v 19 66 36 15
v 19 67 613 243
v 19 68 622 259
v 19 69 530 235
v 19 70 595 257
v 19 71 1397 584
v 19 72 314 141
v 19 73 133 61
v 19 74 1767 767
v 19 75 601 263
v 19 76 1093 432
v 19 77 116 50
v 19 78 206 82
v 19 79 173 82
v 19 80 199 92
v 19 81 207 86
v 19 82 105 33
v 19 83 189 95
v 19 84 899 404
v 19 85 957 413
v 19 86 2130 930
v 19 87 846 359
v 19 88 968 409
v 19 89 53 22
v 19 90 327 134
v 19 91 302 131
v 19 92 113 49
v 19 93 1181 549
v 19 94 139 61
v 19 95 123 49
v 19 96 429 174
v 19 97 983 464
v 19 98 533 232
v 19 99 229 124
v 19 100 623 273
v 19 101 824 368
v 19 102 184 85
v 19 103 72 19
v 19 104 1221 512
v 19 105 964 426
v 19 106 724 297
v 19 107 416 169
v 19 108 431 194
v 19 109 599 283
v 19 110 448 171
v 19 111 463 186
v 19 112 559 223
v 19 113 278 106
v 19 114 375 178
v 19 119 612 289
v 19 120 381 173
v 19 121 585 217
v 19 123 904 456
v 19 126 437 191
v 19 128 1011 451
v 19 129 418 191
v 19 131 509 225
v 19 135 866 360
v 19 136 483 237
v 19 137 333 157
v 19 138 180 75
v 19 145 317 150
v 19 155 154 59
v 20 21 1513 822
v 20 22 976 507
v 20 23 397 197
v 20 25 1278 728
v 20 26 2149 1159
v 20 27 1346 649
v 20 28 498 295
v 20 29 1365 708
v 20 30 1219 617
v 20 31 1073 521
v 20 32 374 180
v 20 33 360 174
v 20 34 396 226
v 20 35 1111 608
v 20 36 1315 658
v 20 37 402 211
v 20 38 157 87
v 20 39 754 434
v 20 40 364 176
v 20 41 541 289
v 20 42 832 391
v 20 43 450 241
v 20 44 723 374
v 20 45 336 170
v 20 46 353 182
v 20 47 492 247
v 20 48 1134 572
v 20 49 1268 560
v 20 50 416 212
v 20 51 293 157
v 20 52 171 81
v 20 53 743 438
v 20 54 1274 606
v 20 55 560 259
v 20 56 264 147
v 20 57 162 71
v 20 58 160 87
v 20 59 271 165
v 20 60 745 377
v 20 61 130 57
v 20 62 687 346
v 20 63 311 170
v 20 64 586 313
v 20 65 60 32
v 20 66 30 13
v 20 67 711 318
v 20 68 807 413
v 20 69 651 338
v 20 70 536 288
v 20 71 1468 729
v 20 72 286 156
v 20 73 149 89
v 20 74 1794 912
v 20 75 727 368
v 20 76 1202 583
v 20 77 124 60
v 20 78 213 98
v 20 79 158 97
v 20 80 234 133
v 20 81 226 105
v 20 82 115 55
v 20 83 223 123
v 20 84 1018 543
v 20 85 1226 629
v 20 86 2321 1172
v 20 87 1003 496
v 20 88 1082 517
v 20 89 61 32
v 20 90 333 151
v 20 91 304 163
v 20 92 129 58
v 20 93 1364 693
v 20 94 149 83
v 20 95 150 69
v 20 96 500 265
v 20 97 1144 591
v 20 98 411 246
v 20 99 229 116
v 20 100 634 327
v 20 101 877 475
v 20 102 184 90
v 20 103 65 32
v 20 104 1310 670
v 20 105 1031 512
v 20 106 748 370
v 20 107 470 227
v 20 108 536 281
v 20 109 636 355
v 20 110 512 251
v 20 111 550 288
v 20 112 668 315
v 20 113 319 128
v 20 114 379 203
v 20 119 642 330
v 20 120 414 230
v 20 121 661 330
v 20 123 1009 558
v 20 126 460 227
v 20 128 1067 526
v 20 129 434 222
v 20 131 468 249
v 20 135 1092 538
v 20 136 565 292
v 20 137 309 163
v 20 138 200 110
v 20 145 337 181
v 20 155 147 74
v 21 22 2198 1043
v 21 23 818 403
v 21 25 2922 1519
v 21 26 4495 2179
v 21 27 2833 1316
v 21 28 970 507
v 21 29 3020 1451
v 21 30 2500 1171
v 21 31 2231 1011
v 21 32 814 361
v 21 33 792 313
v 21 34 912 435
v 21 35 2457 1235
v 21 36 2900 1428
v 21 37 778 411
v 21 38 296 146
v 21 39 1913 987
v 21 40 904 447
v 21 41 1263 587
v 21 42 1795 824
v 21 43 1028 556
v 21 44 1359 661
v 21 45 711 313
v 21 46 771 390
v 21 47 1095 566
v 21 48 2579 1207
v 21 49 2764 1260
v 21 50 732 340
v 21 51 618 316
v 21 52 464 222
v 21 53 1602 841
v 21 54 2693 1250
v 21 55 1222 595
v 21 56 583 292
v 21 57 337 158
v 21 58 459 232
v 21 59 581 320
v 21 60 1643 771
v 21 61 257 116
v 21 62 1609 691
v 21 63 735 364
v 21 64 1118 603
v 21 65 128 65
v 21 66 55 23
v 21 67 1487 643
v 21 68 1520 758
v 21 69 1242 645
v 21 70 1147 562
v 21 71 3144 1406
v 21 72 667 366
v 21 73 367 197
v 21 74 3847 1808
v 21 75 1477 736
v 21 76 2624 1157
v 21 77 201 93
v 21 78 555 257
v 21 79 359 189
v 21 80 515 257
v 21 81 414 208
v 21 82 233 109
v 21 83 471 274
v 21 84 2201 1037
v 21 85 2621 1374
v 21 86 4947 2444
v 21 87 2038 991
v 21 88 2311 992
v 21 89 120 68
v 21 90 754 359
v 21 91 754 350
v 21 92 282 114
v 21 93 2780 1404
v 21 94 291 139
v 21 95 320 160
v 21 96 1306 637
v 21 97 2281 1118
v 21 98 843 443
v 21 99 483 234
v 21 100 1326 657
v 21 101 1892 956
v 21 102 437 213
v 21 103 144 57
v 21 104 2686 1218
v 21 105 2166 987
v 21 106 1703 810
v 21 107 1046 488
v 21 108 1052 573
v 21 109 1293 653
v 21 110 1162 529
v 21 111 1126 547
v 21 112 1449 692
v 21 113 667 294
v 21 114 822 454
v 21 119 1502 760
v 21 120 884 459
v 21 121 1382 644
v 21 123 2156 1168
v 21 126 1037 483
v 21 128 2237 1096
v 21 129 948 462
v 21 131 1055 547
v 21 135 2185 1046
v 21 136 1250 641
v 21 137 798 405
v 21 138 460 235
v 21 145 757 409
v 21 155 359 181
v 22 23 521 263
v 22 25 1743 909
v 22 26 2900 1464
v 22 27 1854 904
v 22 28 643 330
v 22 29 1858 946
v 22 30 1572 735
v 22 31 1416 635
v 22 32 510 263
v 22 33 439 193
v 22 34 567 274
v 22 35 1648 880
v 22 36 1638 788
v 22 37 498 248
v 22 38 182 90
v 22 39 1223 667
v 22 40 633 324
v 22 41 753 348
v 22 42 1198 534
v 22 43 628 313
v 22 44 879 428
v 22 45 511 247
v 22 46 487 238
v 22 47 708 346
v 22 48 1386 695
v 22 49 1701 751
v 22 50 459 206
v 22 51 361 173
v 22 52 260 125
v 22 53 987 562
v 22 54 1831 809
v 22 55 691 329
v 22 56 406 217
v 22 57 227 97
v 22 58 273 116
v 22 59 352 198
v 22 60 1149 545
v 22 61 183 99
v 22 62 1142 480
v 22 63 438 249
v 22 64 792 395
v 22 65 60 22
v 22 66 43 22
v 22 67 1072 495
v 22 68 1000 484
v 22 69 839 437
v 22 70 746 384
v 22 71 2040 940
v 22 72 413 199
v 22 73 200 104
v 22 74 2474 1208
v 22 75 1015 492
v 22 76 1758 812
v 22 77 171 88
v 22 78 329 168
v 22 79 219 125
v 22 80 303 149
v 22 81 306 150
v 22 82 181 77
v 22 83 303 150
v 22 84 1522 781
v 22 85 1566 771
v 22 86 3193 1628
v 22 87 1303 627
v 22 88 1535 727
v 22 89 63 28
v 22 90 491 231
v 22 91 406 188
v 22 92 167 63
v 22 93 1699 830
v 22 94 209 98
v 22 95 208 100
v 22 96 663 328
v 22 97 1428 717
v 22 98 517 287
v 22 99 333 166
v 22 100 825 417
v 22 101 1230 631
v 22 102 279 123
v 22 103 89 42
v 22 104 1753 842
v 22 105 1358 691
v 22 106 1092 527
v 22 107 612 278
v 22 108 703 383
v 22 109 756 414
v 22 110 652 328
v 22 111 675 335
v 22 112 846 399
v 22 113 424 188
v 22 114 505 279
v 22 119 913 456
v 22 120 502 261
v 22 121 854 404
v 22 123 1339 732
v 22 126 679 328
v 22 128 1367 682
v 22 129 614 295
v 22 131 640 328
v 22 135 1365 622
v 22 136 722 344
v 22 137 466 227
v 22 138 253 137
v 22 145 482 270
v 22 155 208 88
v 23 25 684 372
v 23 26 1216 633
v 23 27 751 374
v 23 28 270 142
v 23 29 770 415
v 23 30 620 298
v 23 31 554 244
v 23 32 189 100
v 23 33 179 89
v 23 34 233 121
v 23 35 611 316
v 23 36 735 357
v 23 37 190 110
v 23 38 74 29
v 23 39 392 221
v 23 40 201 111
v 23 41 314 154
v 23 42 486 262
v 23 43 255 133
v 23 44 359 183
v 23 45 195 86
v 23 46 227 135
v 23 47 226 108
v 23 48 586 298
v 23 49 671 301
v 23 50 183 85
v 23 51 164 92
v 23 52 103 44
v 23 53 377 219
v 23 54 765 334
v 23 55 254 130
v 23 56 142 70
v 23 57 75 32
v 23 58 100 59
v 23 59 162 82
v 23 60 419 200
v 23 61 67 32
v 23 62 323 145
v 23 63 180 110
v 23 64 308 158
v 23 65 27 16
v 23 66 13 7
v 23 67 370 170
v 23 68 378 180
v 23 69 303 153
v 23 70 354 172
v 23 71 803 358
v 23 72 165 76
v 23 73 97 62
v 23 74 1095 562
v 23 75 354 200
v 23 76 622 272
v 23 77 57 27
v 23 78 113 46
v 23 79 98 57
v 23 80 107 55
v 23 81 113 62
v 23 82 62 35
v 23 83 122 66
v 23 84 558 276
v 23 85 631 324
v 23 86 1171 562
v 23 87 555 272
v 23 88 565 275
v 23 89 18 9
v 23 90 173 71
v 23 91 201 107
v 23 92 72 39
v 23 93 750 374
v 23 94 69 39
v 23 95 78 35
v 23 96 255 136
v 23 97 628 300
v 23 98 257 134
v 23 99 141 63
v 23 100 362 194
v 23 101 471 246
v 23 102 126 61
v 23 103 37 19
v 23 104 756 370
v 23 105 535 261
v 23 106 396 187
v 23 107 253 123
v 23 108 286 140
v 23 109 353 199
v 23 110 250 113
v 23 111 255 116
v 23 112 327 164
v 23 113 159 77
v 23 114 225 121
v 23 119 313 149
v 23 120 206 118
v 23 121 348 181
v 23 123 484 248
v 23 126 268 125
v 23 128 581 281
v 23 129 276 148
v 23 131 261 126
v 23 135 502 239
v 23 136 287 150
v 23 137 169 93
v 23 138 97 52
v 23 145 173 91
v 23 155 82 46
v 25 26 3608 1717
v 25 27 2285 1106
v 25 28 798 378
v 25 29 2487 1186
v 25 30 2099 944
v 25 31 1760 771
v 25 32 614 277
v 25 33 560 209
v 25 34 718 337
v 25 35 2256 1046
v 25 36 2460 1180
v 25 37 647 341
v 25 38 236 108
v 25 39 1410 717
v 25 40 704 327
v 25 41 940 452
v 25 42 1467 642
v 25 43 955 493
v 25 44 1154 547
v 25 45 570 259
v 25 46 701 348
v 25 47 950 476
v 25 48 2100 998
v 25 49 2426 1036
v 25 50 687 281
v 25 51 448 234
v 25 52 322 150
v 25 53 1232 633
v 25 54 2193 978
v 25 55 898 434
v 25 56 484 214
v 25 57 281 129
v 25 58 343 163
v 25 59 497 249
v 25 60 1310 588
v 25 61 216 108
v 25 62 1174 480
v 25 63 539 260
v 25 64 973 466
v 25 65 104 46
v 25 66 51 35
v 25 67 1170 486
v 25 68 1304 616
v 25 69 996 537
v 25 70 1018 450
v 25 71 2158 942
v 25 72 513 247
v 25 73 282 139
v 25 74 3427 1467
v 25 75 1206 576
v 25 76 2567 1101
v 25 77 209 105
v 25 78 396 175
v 25 79 291 145
v 25 80 419 201
v 25 81 400 167
v 25 82 167 66
v 25 83 378 189
v 25 84 1820 863
v 25 85 2294 1115
v 25 86 4034 1925
v 25 87 1583 746
v 25 88 1761 791
v 25 89 85 42
v 25 90 675 323
v 25 91 624 283
v 25 92 243 90
v 25 93 2120 1040
v 25 94 270 129
v 25 95 253 120
v 25 96 865 405
v 25 97 1908 885
v 25 98 723 346
v 25 99 419 229
v 25 100 967 421
v 25 101 1566 760
v 25 102 350 161
v 25 103 113 46
v 25 104 2179 979
v 25 105 1933 944
v 25 106 1285 629
v 25 107 818 385
v 25 108 868 432
v 25 109 1076 545
v 25 110 1030 483
v 25 111 871 399
v 25 112 1178 529
v 25 113 643 262
v 25 114 631 336
v 25 119 1201 554
v 25 120 729 377
v 25 121 1213 528
v 25 123 1788 900
v 25 126 812 363
v 25 128 1874 874
v 25 129 782 369
v 25 131 901 441
v 25 135 1801 811
v 25 136 1005 479
v 25 137 637 333
v 25 138 324 156
v 25 145 596 317
v 25 155 293 135
v 26 27 3983 1865
v 26 28 1334 651
v 26 29 4116 2042
v 26 30 3489 1706
v 26 31 3122 1428
v 26 32 1021 473
v 26 33 950 442
v 26 34 1220 607
v 26 35 3380 1667
v 26 36 3202 1560
v 26 37 1145 575
v 26 38 412 200
v 26 39 2133 1108
v 26 40 1205 597
v 26 41 1461 770
v 26 42 2419 1052
v 26 43 1315 666
v 26 44 1968 912
v 26 45 1023 476
v 26 46 1179 592
v 26 47 1369 681
v 26 48 3229 1557
v 26 49 3638 1596
v 26 50 1161 510
v 26 51 821 441
v 26 52 587 278
v 26 53 2201 1221
v 26 54 3821 1827
v 26 55 1397 669
v 26 56 831 385
v 26 57 494 213
v 26 58 503 245
v 26 59 759 406
v 26 60 2300 1050
v 26 61 392 212
v 26 62 1899 826
v 26 63 960 518
v 26 64 1607 819
v 26 65 171 83
v 26 66 90 41
v 26 67 2025 867
v 26 68 2142 1021
v 26 69 1431 701
v 26 70 1720 837
v 26 71 4261 1990
v 26 72 901 467
v 26 73 528 258
v 26 74 5385 2575
v 26 75 2111 1052
v 26 76 3322 1465
v 26 77 339 157
v 26 78 614 297
v 26 79 500 258
v 26 80 662 329
v 26 81 667 306
v 26 82 301 137
v 26 83 651 337
v 26 84 3221 1569
v 26 85 3614 1828
v 26 86 7201 3316
v 26 87 2682 1274
v 26 88 3097 1445
v 26 89 156 73
v 26 90 1080 475
v 26 91 1004 472
v 26 92 372 157
v 26 93 3523 1727
v 26 94 347 171
v 26 95 411 187
v 26 96 1430 700
v 26 97 3253 1624
v 26 98 1054 570
v 26 99 673 352
v 26 100 1979 937
v 26 101 2501 1285
v 26 102 574 254
v 26 103 210 102
v 26 104 3716 1831
v 26 105 3092 1480
v 26 106 2153 984
v 26 107 1464 750
v 26 108 1445 751
v 26 109 1710 943
v 26 110 1488 720
v 26 111 1611 787
v 26 112 1943 876
v 26 113 940 398
v 26 114 1160 600
v 26 119 2023 991
v 26 120 1234 653
v 26 121 1909 874
v 26 123 2961 1535
v 26 126 1372 704
v 26 128 3202 1602
v 26 129 1413 718
v 26 131 1536 766
v 26 135 2892 1299
v 26 136 1625 815
v 26 137 964 505
v 26 138 524 277
v 26 145 904 521
v 26 155 459 230
v 27 28 744 424
v 27 29 2686 1427
v 27 30 2232 1133
v 27 31 1917 936
v 27 32 640 345
v 27 33 626 280
v 27 34 709 380
v 27 35 2115 1128
v 27 36 2408 1238
v 27 37 719 377
v 27 38 262 137
v 27 39 1371 805
v 27 40 726 387
v 27 41 839 463
v 27 42 1765 813
v 27 43 856 452
v 27 44 1105 556
v 27 45 572 259
v 27 46 594 351
v 27 47 828 432
v 27 48 2040 989
v 27 49 2229 1062
v 27 50 710 344
v 27 51 495 263
v 27 52 352 164
v 27 53 1384 791
v 27 54 2468 1195
v 27 55 931 420
v 27 56 508 246
v 27 57 329 153
v 27 58 301 155
v 27 59 498 290
v 27 60 1346 641
v 27 61 208 113
v 27 62 1152 544
v 27 63 566 310
v 27 64 1072 583
v 27 65 101 53
v 27 66 70 40
v 27 67 1436 664
v 27 68 1312 676
v 27 69 907 457
v 27 70 1007 563
v 27 71 2590 1261
v 27 72 549 310
v 27 73 303 151
v 27 74 3410 1698
v 27 75 1395 666
v 27 76 2017 961
v 27 77 219 113
v 27 78 442 219
v 27 79 320 186
v 27 80 412 203
v 27 81 457 233
v 27 82 248 102
v 27 83 435 231
v 27 84 2069 1041
v 27 85 2216 1194
v 27 86 4414 2331
v 27 87 1699 836
v 27 88 1857 944
v 27 89 122 52
v 27 90 620 316
v 27 91 561 275
v 27 92 227 95
v 27 93 2332 1191
v 27 94 271 138
v 27 95 239 130
v 27 96 820 459
v 27 97 2047 1041
v 27 98 655 356
v 27 99 387 227
v 27 100 1244 640
v 27 101 1516 796
v 27 102 436 229
v 27 103 121 52
v 27 104 2261 1098
v 27 105 1949 999
v 27 106 1277 639
v 27 107 875 437
v 27 108 912 505
v 27 109 1221 642
v 27 110 918 462
v 27 111 912 489
v 27 112 1231 641
v 27 113 580 251
v 27 114 718 382
v 27 119 1250 641
v 27 120 797 449
v 27 121 1240 620
v 27 123 1763 949
v 27 126 872 453
v 27 128 1914 969
v 27 129 844 444
v 27 131 946 482
v 27 135 1963 958
v 27 136 970 519
v 27 137 636 349
v 27 138 341 177
v 27 145 558 333
v 27 155 297 156
v 28 29 983 479
v 28 30 769 347
v 28 31 604 288
v 28 32 380 169
v 28 33 210 104
v 28 34 268 130
v 28 35 750 384
v 28 36 830 398
v 28 37 256 128
v 28 38 83 31
v 28 39 512 252
v 28 40 253 120
v 28 41 323 170
v 28 42 545 243
v 28 43 292 140
v 28 44 432 218
v 28 45 212 98
v 28 46 214 115
v 28 47 285 140
v 28 48 743 323
v 28 49 881 389
v 28 50 199 86
v 28 51 170 91
v 28 52 126 54
v 28 53 482 259
v 28 54 820 408
v 28 55 343 155
v 28 56 210 107
v 28 57 114 51
v 28 58 90 32
v 28 59 165 84
v 28 60 524 239
v 28 61 73 33
v 28 62 794 339
v 28 63 254 135
v 28 64 363 193
v 28 65 36 16
v 28 66 26 16
v 28 67 422 191
v 28 68 549 276
v 28 69 388 187
v 28 70 351 170
v 28 71 879 408
v 28 72 183 88
v 28 73 91 47
v 28 74 1195 568
v 28 75 508 258
v 28 76 744 327
v 28 77 73 33
v 28 78 157 80
v 28 79 101 54
v 28 80 161 83
v 28 81 145 61
v 28 82 74 30
v 28 83 145 82
v 28 84 623 288
v 28 85 766 395
v 28 86 1578 798
v 28 87 598 290
v 28 88 891 404
v 28 89 45 22
v 28 90 216 106
v 28 91 232 112
v 28 92 95 38
v 28 93 847 424
v 28 94 113 55
v 28 95 106 45
v 28 96 388 193
v 28 97 731 355
v 28 98 287 152
v 28 99 154 79
v 28 100 398 205
v 28 101 596 285
v 28 102 117 54
v 28 103 60 37
v 28 104 942 415
v 28 105 599 289
v 28 106 517 238
v 28 107 314 154
v 28 108 345 170
v 28 109 472 248
v 28 110 291 135
v 28 111 356 173
v 28 112 356 168
v 28 113 205 100
v 28 114 253 117
v 28 119 404 201
v 28 120 262 140
v 28 121 428 197
v 28 123 609 282
v 28 126 299 142
v 28 128 687 341
v 28 129 292 136
v 28 131 350 176
v 28 135 708 335
v 28 136 334 170
v 28 137 228 111
v 28 138 121 57
v 28 145 212 107
v 28 155 120 59
v 29 30 2256 1035
v 29 31 2046 918
v 29 32 682 313
v 29 33 652 302
v 29 34 819 385
v 29 35 2204 1051
v 29 36 2707 1283
v 29 37 731 390
v 29 38 259 124
v 29 39 1611 815
v 29 40 825 407
v 29 41 844 448
v 29 42 1734 837
v 29 43 962 441
v 29 44 1179 581
v 29 45 608 260
v 29 46 639 352
v 29 47 1135 528
v 29 48 2148 1091
v 29 49 2634 1153
v 29 50 732 326
v 29 51 494 227
v 29 52 374 153
v 29 53 1315 693
v 29 54 2745 1131
v 29 55 1173 553
v 29 56 563 250
v 29 57 317 142
v 29 58 358 172
v 29 59 603 302
v 29 60 1700 765
v 29 61 264 135
v 29 62 1394 625
v 29 63 568 246
v 29 64 1023 514
v 29 65 109 60
v 29 66 54 27
v 29 67 1259 593
v 29 68 1393 690
v 29 69 1184 584
v 29 70 1472 698
v 29 71 2918 1362
v 29 72 510 262
v 29 73 302 148
v 29 74 3361 1577
v 29 75 1488 755
v 29 76 2593 1092
v 29 77 249 129
v 29 78 548 236
v 29 79 340 167
v 29 80 433 204
v 29 81 420 213
v 29 82 214 97
v 29 83 376 198
v 29 84 2105 1076
v 29 85 2359 1123
v 29 86 4153 1942
v 29 87 1737 781
v 29 88 2271 985
v 29 89 90 45
v 29 90 643 326
v 29 91 618 253
v 29 92 242 111
v 29 93 3467 1445
v 29 94 222 108
v 29 95 245 116
v 29 96 1043 529
v 29 97 2267 1102
v 29 98 1109 535
v 29 99 526 261
v 29 100 1218 587
v 29 101 1768 914
v 29 102 371 165
v 29 103 117 56
v 29 104 2721 1248
v 29 105 2029 985
v 29 106 1402 720
v 29 107 950 492
v 29 108 1034 514
v 29 109 1120 610
v 29 110 980 441
v 29 111 1060 501
v 29 112 1271 602
v 29 113 626 285
v 29 114 772 392
v 29 119 1417 634
v 29 120 807 400
v 29 121 1340 561
v 29 123 1935 940
v 29 126 829 403
v 29 128 1987 934
v 29 129 872 450
v 29 131 1048 506
v 29 135 2173 974
v 29 136 1122 577
v 29 137 850 374
v 29 138 376 177
v 29 145 643 363
v 29 155 318 138
v 30 31 1788 885
v 30 32 585 260
v 30 33 614 276
v 30 34 641 313
v 30 35 1809 951
v 30 36 2088 1071
v 30 37 596 314
v 30 38 232 115
v 30 39 1220 685
v 30 40 702 372
v 30 41 937 472
v 30 42 1379 642
v 30 43 770 411
v 30 44 1080 578
v 30 45 552 273
v 30 46 623 325
v 30 47 715 386
v 30 48 1802 896
v 30 49 1924 950
v 30 50 695 320
v 30 51 448 220
v 30 52 329 160
v 30 53 1096 604
v 30 54 1989 1016
v 30 55 855 435
v 30 56 483 235
v 30 57 257 139
v 30 58 296 159
v 30 59 404 223
v 30 60 1385 679
v 30 61 240 115
v 30 62 1094 515
v 30 63 484 242
v 30 64 931 510
v 30 65 91 45
v 30 66 45 24
v 30 67 981 511
v 30 68 1231 607
v 30 69 845 464
v 30 70 959 475
v 30 71 2233 1125
v 30 72 425 233
v 30 73 262 142
v 30 74 2974 1448
v 30 75 1265 649
v 30 76 1957 906
v 30 77 197 103
v 30 78 404 173
v 30 79 259 153
v 30 80 384 200
v 30 81 360 180
v 30 82 156 69
v 30 83 363 192
v 30 84 1815 943
v 30 85 2053 1056
v 30 86 3750 1952
v 30 87 1527 739
v 30 88 1616 762
v 30 89 84 48
v 30 90 609 303
v 30 91 561 286
v 30 92 227 104
v 30 93 2022 1029
v 30 94 280 135
v 30 95 243 120
v 30 96 724 411
v 30 97 1832 946
v 30 98 512 280
v 30 99 392 218
v 30 100 1018 544
v 30 101 1390 710
v 30 102 351 187
v 30 103 114 49
v 30 104 2204 1086
v 30 105 1730 876
v 30 106 1210 630
v 30 107 789 417
v 30 108 739 411
v 30 109 988 530
v 30 110 820 388
v 30 111 981 529
v 30 112 1139 590
v 30 113 553 265
v 30 114 635 344
v 30 119 1136 584
v 30 120 596 323
v 30 121 1158 589
v 30 123 1720 899
v 30 126 736 362
v 30 128 1648 884
v 30 129 700 359
v 30 131 901 449
v 30 135 1729 834
v 30 136 938 486
v 30 137 625 329
v 30 138 325 151
v 30 145 538 315
v 30 155 258 137
v 31 32 476 233
v 31 33 500 229
v 31 34 555 292
v 31 35 1596 865
v 31 36 1703 922
v 31 37 531 302
v 31 38 207 95
v 31 39 1127 591
v 31 40 591 310
v 31 41 711 364
v 31 42 1252 610
v 31 43 684 377
v 31 44 896 471
v 31 45 477 233
v 31 46 525 299
v 31 47 644 332
v 31 48 1659 834
v 31 49 1777 889
v 31 50 600 298
v 31 51 378 209
v 31 52 288 137
v 31 53 970 565
v 31 54 1834 933
v 31 55 821 411
v 31 56 431 220
v 31 57 247 140
v 31 58 280 144
v 31 59 414 252
v 31 60 1177 566
v 31 61 183 90
v 31 62 1041 480
v 31 63 439 217
v 31 64 770 413
v 31 65 82 44
v 31 66 32 20
v 31 67 948 486
v 31 68 1020 525
v 31 69 774 412
v 31 70 702 335
v 31 71 2060 1054
v 31 72 393 220
v 31 73 220 118
v 31 74 2629 1294
v 31 75 1006 538
v 31 76 1874 871
v 31 77 185 96
v 31 78 358 168
v 31 79 237 119
v 31 80 328 177
v 31 81 263 141
v 31 82 144 76
v 31 83 300 173
v 31 84 1501 790
v 31 85 1798 970
v 31 86 3421 1767
v 31 87 1298 656
v 31 88 1614 777
v 31 89 76 41
v 31 90 507 257
v 31 91 510 271
v 31 92 194 90
v 31 93 1880 983
v 31 94 195 93
v 31 95 235 123
v 31 96 729 378
v 31 97 1620 856
v 31 98 538 268
v 31 99 336 169
v 31 100 898 476
v 31 101 1279 672
v 31 102 322 187
v 31 103 112 47
v 31 104 1882 960
v 31 105 1568 802
v 31 106 1027 501
v 31 107 678 347
v 31 108 672 410
v 31 109 769 461
v 31 110 739 336
v 31 111 803 408
v 31 112 998 501
v 31 113 458 213
v 31 114 525 296
v 31 119 1068 538
v 31 120 550 303
v 31 121 918 459
v 31 123 1490 783
v 31 126 645 329
v 31 128 1537 798
v 31 129 579 332
v 31 131 768 387
v 31 135 1398 677
v 31 136 778 433
v 31 137 527 282
v 31 138 268 139
v 31 145 484 266
v 31 155 240 123
v 32 33 140 74
v 32 34 201 102
v 32 35 563 310
v 32 36 635 328
v 32 37 181 106
v 32 38 54 26
v 32 39 415 251
v 32 40 236 138
v 32 41 286 166
v 32 42 529 261
v 32 43 234 121
v 32 44 334 164
v 32 45 154 73
v 32 46 177 98
v 32 47 232 139
v 32 48 486 247
v 32 49 623 311
v 32 50 186 93
v 32 51 111 63
v 32 52 110 49
v 32 53 355 208
v 32 54 646 333
v 32 55 265 125
v 32 56 148 72
v 32 57 74 34
v 32 58 101 58
v 32 59 122 74
v 32 60 379 195
v 32 61 63 27
v 32 62 292 139
v 32 63 154 90
v 32 64 249 134
v 32 65 35 15
v 32 66 17 6
v 32 67 330 178
v 32 68 371 201
v 32 69 310 158
v 32 70 302 163
v 32 71 642 318
v 32 72 143 75
v 32 73 74 43
v 32 74 921 520
v 32 75 386 188
v 32 76 638 320
v 32 77 60 34
v 32 78 121 58
v 32 79 107 64
v 32 80 95 47
v 32 81 101 49
v 32 82 56 20
v 32 83 111 67
v 32 84 494 255
v 32 85 523 277
v 32 86 1156 596
v 32 87 460 229
v 32 88 630 336
v 32 89 23 13
v 32 90 178 98
v 32 91 138 71
v 32 92 61 26
v 32 93 715 382
v 32 94 60 34
v 32 95 68 26
v 32 96 233 113
v 32 97 508 265
v 32 98 169 95
v 32 99 126 70
v 32 100 280 155
v 32 101 531 316
v 32 102 105 64
v 32 103 39 20
v 32 104 684 371
v 32 105 433 211
v 32 106 354 189
v 32 107 241 131
v 32 108 251 129
v 32 109 269 145
v 32 110 267 147
v 32 111 320 166
v 32 112 319 155
v 32 113 136 69
v 32 114 196 107
v 32 119 338 176
v 32 120 183 100
v 32 121 306 157
v 32 123 460 249
v 32 126 210 103
v 32 128 470 242
v 32 129 222 118
v 32 131 208 114
v 32 135 481 218
v 32 136 217 118
v 32 137 146 78
v 32 138 92 51
v 32 145 173 104
v 32 155 62 32
v 33 34 195 104
v 33 35 446 225
v 33 36 561 307
v 33 37 169 97
v 33 38 108 58
v 33 39 302 184
v 33 40 168 93
v 33 41 267 140
v 33 42 427 204
v 33 43 173 100
v 33 44 303 158
v 33 45 136 78
v 33 46 190 115
v 33 47 181 105
v 33 48 618 322
v 33 49 609 337
v 33 50 208 106
v 33 51 122 67
v 33 52 118 57
v 33 53 317 176
v 33 54 489 269
v 33 55 286 147
v 33 56 134 72
v 33 57 96 51
v 33 58 86 47
v 33 59 124 69
v 33 60 369 204
v 33 61 56 30
v 33 62 341 175
v 33 63 149 87
v 33 64 231 127
v 33 65 30 16
v 33 66 27 18
v 33 67 315 166
v 33 68 314 178
v 33 69 297 166
v 33 70 226 126
v 33 71 661 346
v 33 72 327 182
v 33 73 84 47
v 33 74 845 447
v 33 75 439 229
v 33 76 583 306
v 33 77 66 32
v 33 78 126 67
v 33 79 107 54
v 33 80 128 77
v 33 81 90 43
v 33 82 54 33
v 33 83 80 43
v 33 84 473 282
v 33 85 645 356
v 33 86 859 398
v 33 87 417 223
v 33 88 429 225
v 33 89 36 22
v 33 90 203 100
v 33 91 207 105
v 33 92 78 43
v 33 93 453 254
v 33 94 97 55
v 33 95 65 33
v 33 96 203 114
v 33 97 510 290
v 33 98 201 108
v 33 99 99 55
v 33 100 310 159
v 33 101 395 225
v 33 102 71 36
v 33 103 41 16
v 33 104 591 283
v 33 105 613 336
v 33 106 353 187
v 33 107 232 126
v 33 108 197 115
v 33 109 273 160
v 33 110 243 117
v 33 111 294 157
v 33 112 275 124
v 33 113 168 78
v 33 114 141 90
v 33 119 347 201
v 33 120 230 139
v 33 121 318 156
v 33 123 506 275
v 33 126 221 126
v 33 128 516 298
v 33 129 183 115
v 33 131 276 146
v 33 135 628 294
v 33 136 291 176
v 33 137 182 109
v 33 138 70 34
v 33 145 196 114
v 33 155 68 41
v 34 35 581 294
v 34 36 628 329
v 34 37 223 103
v 34 38 91 48
v 34 39 437 233
v 34 40 236 122
v 34 41 291 154
v 34 42 443 194
v 34 43 255 128
v 34 44 348 163
v 34 45 190 96
v 34 46 242 144
v 34 47 256 132
v 34 48 731 369
v 34 49 782 370
v 34 50 266 125
v 34 51 159 74
v 34 52 118 53
v 34 53 418 245
v 34 54 759 351
v 34 55 309 158
v 34 56 160 70
v 34 57 110 46
v 34 58 102 54
v 34 59 171 89
v 34 60 492 232
v 34 61 97 41
v 34 62 405 194
v 34 63 202 119
v 34 64 306 158
v 34 65 41 22
v 34 66 31 19
v 34 67 509 247
v 34 68 393 182
v 34 69 315 162
v 34 70 318 163
v 34 71 724 328
v 34 72 153 84
v 34 73 101 46
v 34 74 1207 548
v 34 75 344 161
v 34 76 716 332
v 34 77 90 46
v 34 78 132 57
v 34 79 115 62
v 34 80 157 72
v 34 81 137 65
v 34 82 66 27
v 34 83 126 72
v 34 84 587 305
v 34 85 708 341
v 34 86 1380 666
v 34 87 473 233
v 34 88 560 235
v 34 89 39 19
v 34 90 227 110
v 34 91 255 112
v 34 92 97 41
v 34 93 687 327
v 34 94 81 40
v 34 95 77 33
v 34 96 250 135
v 34 97 677 343
v 34 98 264 142
v 34 99 145 77
v 34 100 388 192
v 34 101 438 227
v 34 102 118 54
v 34 103 53 26
v 34 104 716 351
v 34 105 692 350
v 34 106 408 215
v 34 107 301 132
v 34 108 286 159
v 34 109 398 219
v 34 110 313 156
v 34 111 380 185
v 34 112 455 238
v 34 113 266 111
v 34 114 213 108
v 34 119 399 203
v 34 120 235 120
v 34 121 426 192
v 34 123 584 284
v 34 126 279 147
v 34 128 669 340
v 34 129 261 131
v 34 131 368 196
v 34 135 570 285
v 34 136 354 171
v 34 137 237 119
v 34 138 112 64
v 34 145 202 113
v 34 155 104 50
v 35 36 1911 987
v 35 37 597 314
v 35 38 206 102
v 35 39 1233 657
v 35 40 723 387
v 35 41 866 434
v 35 42 1356 599
v 35 43 782 438
v 35 44 1161 546
v 35 45 508 251
v 35 46 513 289
v 35 47 949 468
v 35 48 1642 782
v 35 49 1806 808
v 35 50 554 259
v 35 51 403 200
v 35 52 279 134
v 35 53 1136 588
v 35 54 1845 778
v 35 55 708 331
v 35 56 415 194
v 35 57 272 123
v 35 58 246 112
v 35 59 437 238
v 35 60 1084 501
v 35 61 187 88
v 35 62 876 360
v 35 63 486 231
v 35 64 876 465
v 35 65 80 29
v 35 66 51 17
v 35 67 1452 586
v 35 68 1143 515
v 35 69 844 412
v 35 70 854 402
v 35 71 1713 809
v 35 72 437 235
v 35 73 256 133
v 35 74 2787 1340
v 35 75 1249 628
v 35 76 2255 1043
v 35 77 171 69
v 35 78 309 116
v 35 79 264 146
v 35 80 338 175
v 35 81 341 161
v 35 82 155 63
v 35 83 337 192
v 35 84 1671 782
v 35 85 2055 1047
v 35 86 3718 1849
v 35 87 1423 714
v 35 88 1424 647
v 35 89 81 41
v 35 90 489 235
v 35 91 442 192
v 35 92 177 82
v 35 93 1906 957
v 35 94 200 104
v 35 95 260 113
v 35 96 817 379
v 35 97 1623 766
v 35 98 597 320
v 35 99 379 201
v 35 100 850 388
v 35 101 1455 756
v 35 102 347 174
v 35 103 116 61
v 35 104 1971 854
v 35 105 1495 700
v 35 106 1069 491
v 35 107 620 284
v 35 108 783 429
v 35 109 840 483
v 35 110 863 398
v 35 111 838 415
v 35 112 916 428
v 35 113 511 216
v 35 114 576 314
v 35 119 1042 501
v 35 120 551 301
v 35 121 1075 499
v 35 123 1429 750
v 35 126 720 333
v 35 128 1609 762
v 35 129 712 354
v 35 131 769 388
v 35 135 1519 667
v 35 136 783 341
v 35 137 537 259
v 35 138 300 165
v 35 145 454 235
v 35 155 254 124
v 36 37 705 385
v 36 38 229 113
v 36 39 1494 756
v 36 40 664 320
v 36 41 915 444
v 36 42 1651 828
v 36 43 881 436
v 36 44 1108 541
v 36 45 611 267
v 36 46 600 327
v 36 47 909 433
v 36 48 1905 942
v 36 49 2359 1193
v 36 50 508 249
v 36 51 488 268
v 36 52 396 168
v 36 53 1302 711
v 36 54 2160 1075
v 36 55 933 441
v 36 56 529 270
v 36 57 294 141
v 36 58 374 216
v 36 59 506 294
v 36 60 1311 598
v 36 61 173 87
v 36 62 1312 580
v 36 63 620 337
v 36 64 955 503
v 36 65 133 71
v 36 66 50 30
v 36 67 1161 589
v 36 68 803 352
v 36 69 1006 485
v 36 70 943 482
v 36 71 2887 1465
v 36 72 519 257
v 36 73 283 152
v 36 74 2889 1428
v 36 75 1193 585
v 36 76 2134 978
v 36 77 204 97
v 36 78 408 192
v 36 79 272 126
v 36 80 400 189
v 36 81 383 213
v 36 82 194 85
v 36 83 388 227
v 36 84 1824 920
v 36 85 2215 1076
v 36 86 3932 1935
v 36 87 1462 700
v 36 88 1707 781
v 36 89 89 48
v 36 90 619 270
v 36 91 562 288
v 36 92 226 89
v 36 93 2216 1171
v 36 94 272 124
v 36 95 251 113
v 36 96 945 510
v 36 97 1961 980
v 36 98 724 397
v 36 99 417 229
v 36 100 1087 546
v 36 101 1243 606
v 36 102 370 177
v 36 103 135 61
v 36 104 2281 1103
v 36 105 1574 794
v 36 106 1389 678
v 36 107 835 423
v 36 108 828 454
v 36 109 1033 584
v 36 110 810 385
v 36 111 676 298
v 36 112 1268 667
v 36 113 498 218
v 36 114 676 383
v 36 119 1254 592
v 36 120 622 331
v 36 121 926 410
v 36 123 1683 880
v 36 126 794 397
v 36 128 1821 905
v 36 129 758 407
v 36 131 850 432
v 36 135 1716 819
v 36 136 1046 531
v 36 137 614 297
v 36 138 947 448
v 36 145 567 322
v 36 155 271 128
v 37 38 73 34
v 37 39 401 211
v 37 40 224 115
v 37 41 273 129
v 37 42 393 187
v 37 43 234 116
v 37 44 381 165
v 37 45 166 76
v 37 46 172 92
v 37 47 236 122
v 37 48 614 272
v 37 49 670 328
v 37 50 191 98
v 37 51 138 66
v 37 52 98 48
v 37 53 374 209
v 37 54 643 292
v 37 55 258 117
v 37 56 154 68
v 37 57 102 50
v 37 58 85 40
v 37 59 152 82
v 37 60 407 191
v 37 61 73 33
v 37 62 345 149
v 37 63 157 67
v 37 64 300 149
v 37 65 38 18
v 37 66 17 4
v 37 67 331 156
v 37 68 398 189
v 37 69 296 149
v 37 70 349 158
v 37 71 703 313
v 37 72 163 87
v 37 73 81 48
v 37 74 932 455
v 37 75 377 177
v 37 76 614 254
v 37 77 72 36
v 37 78 138 63
v 37 79 85 46
v 37 80 135 64
v 37 81 91 43
v 37 82 70 33
v 37 83 104 61
v 37 84 515 260
v 37 85 623 302
v 37 86 1197 582
v 37 87 466 231
v 37 88 534 242
v 37 89 22 12
v 37 90 188 93
v 37 91 184 90
v 37 92 67 29
v 37 93 712 310
v 37 94 86 44
v 37 95 85 27
v 37 96 253 133
v 37 97 578 271
v 37 98 215 114
v 37 99 141 67
v 37 100 296 141
v 37 101 418 221
v 37 102 118 54
v 37 103 38 13
v 37 104 724 333
v 37 105 560 246
v 37 106 410 198
v 37 107 246 110
v 37 108 258 123
v 37 109 293 181
v 37 110 279 99
v 37 111 290 142
v 37 112 368 157
v 37 113 166 78
v 37 114 192 87
v 37 119 315 150
v 37 120 177 83
v 37 121 381 172
v 37 123 559 276
v 37 126 233 134
v 37 128 553 261
v 37 129 199 96
v 37 131 276 143
v 37 135 550 265
v 37 136 299 146
v 37 137 188 86
v 37 138 102 52
v 37 145 189 103
v 37 155 85 45
v 38 39 159 84
v 38 40 79 34
v 38 41 99 52
v 38 42 161 68
v 38 43 96 49
v 38 44 115 51
v 38 45 57 26
v 38 46 92 49
v 38 47 90 48
v 38 48 247 107
v 38 49 284 131
v 38 50 90 38
v 38 51 69 39
v 38 52 41 13
v 38 53 160 82
v 38 54 245 116
v 38 55 127 62
v 38 56 77 38
v 38 57 32 18
v 38 58 33 18
v 38 59 59 33
v 38 60 170 82
v 38 61 43 24
v 38 62 137 65
v 38 63 65 31
v 38 64 92 39
v 38 65 15 7
v 38 66 3 0
v 38 67 117 68
v 38 68 143 65
v 38 69 121 70
v 38 70 127 61
v 38 71 308 141
v 38 72 75 32
v 38 73 32 17
v 38 74 437 220
v 38 75 136 71
v 38 76 273 123
v 38 77 29 14
v 38 78 55 26
v 38 79 42 24
v 38 80 53 24
v 38 81 48 20
v 38 82 27 7
v 38 83 46 20
v 38 84 236 114
v 38 85 294 141
v 38 86 427 182
v 38 87 185 77
v 38 88 216 103
v 38 89 15 6
v 38 90 75 36
v 38 91 91 42
v 38 92 44 22
v 38 93 274 143
v 38 94 35 15
v 38 95 36 14
v 38 96 103 54
v 38 97 216 105
v 38 98 74 45
v 38 99 50 24
v 38 100 145 74
v 38 101 190 90
v 38 102 44 19
v 38 103 14 5
v 38 104 252 108
v 38 105 214 105
v 38 106 175 86
v 38 107 109 49
v 38 108 89 32
v 38 109 151 91
v 38 110 110 52
v 38 111 105 45
v 38 112 134 59
v 38 113 69 35
v 38 114 61 37
v 38 119 137 73
v 38 120 80 36
v 38 121 152 67
v 38 123 182 86
v 38 126 95 51
v 38 128 225 103
v 38 129 93 41
v 38 131 130 71
v 38 135 223 99
v 38 136 127 61
v 38 137 90 46
v 38 138 48 30
v 38 145 70 30
v 38 155 38 19
v 39 40 521 266
v 39 41 526 230
v 39 42 1001 444
v 39 43 520 256
v 39 44 706 348
v 39 45 355 139
v 39 46 401 191
v 39 47 557 269
v 39 48 1106 502
v 39 49 1402 658
v 39 50 377 169
v 39 51 325 154
v 39 52 229 110
v 39 53 872 470
v 39 54 1465 673
v 39 55 589 269
v 39 56 323 141
v 39 57 158 66
v 39 58 223 113
v 39 59 331 160
v 39 60 793 334
v 39 61 109 65
v 39 62 802 320
v 39 63 330 162
v 39 64 594 288
v 39 65 84 45
v 39 66 23 8
v 39 67 692 289
v 39 68 826 386
v 39 69 682 330
v 39 70 592 280
v 39 71 1530 677
v 39 72 307 145
v 39 73 167 81
v 39 74 1934 900
v 39 75 736 348
v 39 76 1378 530
v 39 77 116 54
v 39 78 284 130
v 39 79 179 109
v 39 80 231 111
v 39 81 259 123
v 39 82 138 63
v 39 83 216 104
v 39 84 1191 556
v 39 85 1272 599
v 39 86 2445 1163
v 39 87 878 400
v 39 88 1112 495
v 39 89 59 28
v 39 90 424 208
v 39 91 346 169
v 39 92 134 59
v 39 93 1575 731
v 39 94 148 64
v 39 95 159 71
v 39 96 540 266
v 39 97 1158 510
v 39 98 448 224
v 39 99 231 108
v 39 100 712 331
v 39 101 862 401
v 39 102 221 93
v 39 103 83 34
v 39 104 1395 607
v 39 105 1096 500
v 39 106 997 433
v 39 107 554 248
v 39 108 583 319
v 39 109 629 330
v 39 110 534 220
v 39 111 533 243
v 39 112 765 340
v 39 113 330 150
v 39 114 439 230
v 39 119 784 374
v 39 120 438 209
v 39 121 595 276
v 39 123 1101 558
v 39 126 499 237
v 39 128 1203 587
v 39 129 453 224
v 39 131 492 223
v 39 135 1068 459
v 39 136 618 332
v 39 137 407 229
v 39 138 222 118
v 39 145 385 211
v 39 155 177 87
v 40 41 274 139
v 40 42 520 263
v 40 43 249 128
v 40 44 355 161
v 40 45 213 88
v 40 46 167 83
v 40 47 288 149
v 40 48 543 275
v 40 49 569 266
v 40 50 169 70
v 40 51 165 86
v 40 52 88 37
v 40 53 430 225
v 40 54 836 399
v 40 55 343 156
v 40 56 188 77
v 40 57 99 37
v 40 58 108 55
v 40 59 147 72
v 40 60 386 179
v 40 61 73 30
v 40 62 392 169
v 40 63 188 112
v 40 64 360 189
v 40 65 28 15
v 40 66 16 14
v 40 67 342 173
v 40 68 428 210
v 40 69 296 162
v 40 70 274 143
v 40 71 808 384
v 40 72 168 80
v 40 73 100 49
v 40 74 907 419
v 40 75 414 200
v 40 76 733 322
v 40 77 62 30
v 40 78 141 61
v 40 79 69 32
v 40 80 100 59
v 40 81 136 62
v 40 82 62 32
v 40 83 110 65
v 40 84 606 312
v 40 85 697 353
v 40 86 1258 622
v 40 87 482 234
v 40 88 638 301
v 40 89 35 13
v 40 90 187 93
v 40 91 170 82
v 40 92 65 32
v 40 93 905 424
v 40 94 89 40
v 40 95 93 42
v 40 96 274 130
v 40 97 623 308
v 40 98 213 99
v 40 99 137 76
v 40 100 318 163
v 40 101 489 253
v 40 102 170 84
v 40 103 44 23
v 40 104 922 395
v 40 105 559 263
v 40 106 382 175
v 40 107 236 101
v 40 108 285 161
v 40 109 321 180
v 40 110 297 142
v 40 111 299 136
v 40 112 316 167
v 40 113 177 72
v 40 114 183 94
v 40 119 417 197
v 40 120 217 113
v 40 121 351 176
v 40 123 545 277
v 40 126 255 120
v 40 128 623 332
v 40 129 222 120
v 40 131 274 143
v 40 135 555 247
v 40 136 290 159
v 40 137 194 102
v 40 138 111 56
v 40 145 194 103
v 40 155 112 50
v 41 42 684 303
v 41 43 355 191
v 41 44 505 245
v 41 45 232 112
v 41 46 239 128
v 41 47 341 161
v 41 48 697 337
v 41 49 808 413
v 41 50 235 110
v 41 51 223 122
v 41 52 129 64
v 41 53 575 322
v 41 54 1102 545
v 41 55 427 220
v 41 56 195 93
v 41 57 129 59
v 41 58 137 69
v 41 59 191 105
v 41 60 532 239
v 41 61 81 48
v 41 62 489 230
v 41 63 305 161
v 41 64 414 230
v 41 65 43 18
v 41 66 12 6
v 41 67 460 222
v 41 68 486 230
v 41 69 407 196
v 41 70 495 226
v 41 71 1254 603
v 41 72 229 120
v 41 73 120 64
v 41 74 1222 590
v 41 75 474 238
v 41 76 861 379
v 41 77 67 30
v 41 78 196 95
v 41 79 115 56
v 41 80 178 81
v 41 81 178 79
v 41 82 74 27
v 41 83 131 66
v 41 84 761 374
v 41 85 853 456
v 41 86 1577 770
v 41 87 519 243
v 41 88 829 419
v 41 89 29 14
v 41 90 243 131
v 41 91 235 113
v 41 92 91 48
v 41 93 1141 530
v 41 94 86 35
v 41 95 133 67
v 41 96 360 185
v 41 97 854 463
v 41 98 310 170
v 41 99 165 92
v 41 100 524 263
v 41 101 590 296
v 41 102 156 83
v 41 103 67 34
v 41 104 926 400
v 41 105 731 359
v 41 106 552 256
v 41 107 385 209
v 41 108 355 190
v 41 109 444 253
v 41 110 315 136
v 41 111 339 164
v 41 112 420 203
v 41 113 216 91
v 41 114 301 135
v 41 119 453 228
v 41 120 311 154
v 41 121 416 190
v 41 123 750 398
v 41 126 383 182
v 41 128 839 433
v 41 129 383 201
v 41 131 340 162
v 41 135 699 327
v 41 136 403 194
v 41 137 264 144
v 41 138 156 85
v 41 145 229 122
v 41 155 107 60
v 42 43 572 319
v 42 44 759 434
v 42 45 358 186
v 42 46 403 234
v 42 47 537 281
v 42 48 1307 738
v 42 49 1490 737
v 42 50 383 172
v 42 51 311 184
v 42 52 235 121
v 42 53 832 499
v 42 54 1566 757
v 42 55 582 288
v 42 56 350 192
v 42 57 162 72
v 42 58 226 114
v 42 59 326 183
v 42 60 1070 569
v 42 61 123 57
v 42 62 721 334
v 42 63 362 195
v 42 64 605 344
v 42 65 76 54
v 42 66 25 11
v 42 67 822 428
v 42 68 1006 538
v 42 69 954 546
v 42 70 609 343
v 42 71 1807 915
v 42 72 319 187
v 42 73 213 108
v 42 74 1984 985
v 42 75 1007 559
v 42 76 1405 712
v 42 77 135 66
v 42 78 245 117
v 42 79 210 130
v 42 80 248 132
v 42 81 247 125
v 42 82 149 70
v 42 83 237 138
v 42 84 1301 731
v 42 85 1244 644
v 42 86 2513 1337
v 42 87 1151 617
v 42 88 1389 734
v 42 89 61 27
v 42 90 363 186
v 42 91 299 156
v 42 92 148 75
v 42 93 1622 834
v 42 94 190 112
v 42 95 185 96
v 42 96 648 344
v 42 97 1305 718
v 42 98 495 267
v 42 99 290 164
v 42 100 625 336
v 42 101 1162 658
v 42 102 233 106
v 42 103 89 49
v 42 104 1899 1013
v 42 105 1300 670
v 42 106 874 452
v 42 107 574 299
v 42 108 625 333
v 42 109 638 358
v 42 110 534 235
v 42 111 581 315
v 42 112 716 358
v 42 113 350 167
v 42 114 431 249
v 42 119 795 413
v 42 120 498 270
v 42 121 782 386
v 42 123 1111 633
v 42 126 512 307
v 42 128 1179 605
v 42 129 473 255
v 42 131 536 298
v 42 135 1133 548
v 42 136 637 361
v 42 137 411 263
v 42 138 203 111
v 42 145 387 256
v 42 155 142 62
v 43 44 401 192
v 43 45 229 108
v 43 46 244 117
v 43 47 336 176
v 43 48 737 330
v 43 49 825 375
v 43 50 246 108
v 43 51 184 84
v 43 52 151 73
v 43 53 458 229
v 43 54 834 438
v 43 55 334 153
v 43 56 215 97
v 43 57 116 50
v 43 58 139 70
v 43 59 175 86
v 43 60 565 238
v 43 61 84 39
v 43 62 483 202
v 43 63 169 85
v 43 64 337 169
v 43 65 47 27
v 43 66 12 6
v 43 67 428 198
v 43 68 365 171
v 43 69 417 205
v 43 70 337 170
v 43 71 884 379
v 43 72 183 99
v 43 73 101 55
v 43 74 1199 528
v 43 75 489 238
v 43 76 841 386
v 43 77 70 29
v 43 78 159 66
v 43 79 124 65
v 43 80 139 57
v 43 81 158 63
v 43 82 60 27
v 43 83 123 66
v 43 84 672 338
v 43 85 780 349
v 43 86 1433 685
v 43 87 635 301
v 43 88 699 313
v 43 89 33 10
v 43 90 241 96
v 43 91 183 89
v 43 92 93 37
v 43 93 773 375
v 43 94 101 44
v 43 95 105 62
v 43 96 357 170
v 43 97 690 331
v 43 98 276 157
v 43 99 141 63
v 43 100 427 200
v 43 101 530 272
v 43 102 139 66
v 43 103 43 24
v 43 104 829 370
v 43 105 653 306
v 43 106 483 238
v 43 107 342 168
v 43 108 336 179
v 43 109 422 209
v 43 110 344 150
v 43 111 350 175
v 43 112 450 216
v 43 113 200 88
v 43 114 245 121
v 43 119 414 200
v 43 120 265 134
v 43 121 431 199
v 43 123 653 333
v 43 126 263 144
v 43 128 709 351
v 43 129 271 130
v 43 131 341 172
v 43 135 615 276
v 43 136 336 151
v 43 137 221 107
v 43 138 132 62
v 43 145 226 122
v 43 155 110 54
v 44 45 289 126
v 44 46 349 178
v 44 47 403 176
v 44 48 1065 494
v 44 49 1108 504
v 44 50 343 135
v 44 51 226 127
v 44 52 180 82
v 44 53 716 424
v 44 54 1299 610
v 44 55 443 214
v 44 56 249 126
v 44 57 119 55
v 44 58 151 79
v 44 59 242 145
v 44 60 725 350
v 44 61 121 57
v 44 62 547 249
v 44 63 294 160
v 44 64 534 286
v 44 65 63 31
v 44 66 44 32
v 44 67 595 293
v 44 68 695 341
v 44 69 409 224
v 44 70 510 245
v 44 71 1290 589
v 44 72 288 150
v 44 73 153 81
v 44 74 1655 825
v 44 75 624 292
v 44 76 1044 502
v 44 77 99 49
v 44 78 194 97
v 44 79 170 93
v 44 80 196 102
v 44 81 218 108
v 44 82 95 41
v 44 83 210 122
v 44 84 880 436
v 44 85 1056 549
v 44 86 2162 1126
v 44 87 871 432
v 44 88 770 359
v 44 89 47 23
v 44 90 326 158
v 44 91 317 159
v 44 92 118 49
v 44 93 1095 529
v 44 94 150 86
v 44 95 158 75
v 44 96 400 204
v 44 97 982 485
v 44 98 387 194
v 44 99 229 128
v 44 100 612 315
v 44 101 786 411
v 44 102 184 94
v 44 103 71 24
v 44 104 1045 516
v 44 105 791 382
v 44 106 636 289
v 44 107 388 186
v 44 108 422 238
v 44 109 532 299
v 44 110 337 165
v 44 111 524 262
v 44 112 595 293
v 44 113 286 144
v 44 114 356 195
v 44 119 546 248
v 44 120 324 178
v 44 121 642 326
v 44 123 895 476
v 44 126 407 196
v 44 128 891 430
v 44 129 412 208
v 44 131 467 242
v 44 135 923 398
v 44 136 491 276
v 44 137 278 149
v 44 138 170 88
v 44 145 264 161
v 44 155 124 61
v 45 46 168 76
v 45 47 220 118
v 45 48 582 306
v 45 49 588 301
v 45 50 193 99
v 45 51 133 60
v 45 52 105 53
v 45 53 356 210
v 45 54 526 269
v 45 55 239 126
v 45 56 124 60
v 45 57 72 41
v 45 58 104 46
v 45 59 123 58
v 45 60 406 196
v 45 61 62 23
v 45 62 305 135
v 45 63 146 94
v 45 64 253 135
v 45 65 26 12
v 45 66 8 4
v 45 67 305 134
v 45 68 320 164
v 45 69 286 153
v 45 70 258 127
v 45 71 620 299
v 45 72 140 89
v 45 73 57 34
v 45 74 822 450
v 45 75 337 174
v 45 76 580 276
v 45 77 40 24
v 45 78 137 63
v 45 79 89 56
v 45 80 113 59
v 45 81 99 48
v 45 82 52 28
v 45 83 97 52
v 45 84 502 258
v 45 85 547 292
v 45 86 1056 552
v 45 87 432 226
v 45 88 537 262
v 45 89 21 14
v 45 90 182 90
v 45 91 155 68
v 45 92 70 31
v 45 93 528 278
v 45 94 93 51
v 45 95 68 42
v 45 96 220 111
v 45 97 467 232
v 45 98 150 100
v 45 99 109 63
v 45 100 239 129
v 45 101 513 283
v 45 102 91 54
v 45 103 34 17
v 45 104 533 283
v 45 105 509 283
v 45 106 375 194
v 45 107 232 108
v 45 108 234 140
v 45 109 251 150
v 45 110 241 120
v 45 111 249 135
v 45 112 308 166
v 45 113 142 72
v 45 114 151 87
v 45 119 299 158
v 45 120 164 109
v 45 121 312 173
v 45 123 468 259
v 45 126 220 119
v 45 128 496 248
v 45 129 186 91
v 45 131 255 134
v 45 135 435 216
v 45 136 245 138
v 45 137 198 101
v 45 138 275 137
v 45 145 151 77
v 45 155 74 39
v 46 47 228 114
v 46 48 708 304
v 46 49 655 272
v 46 50 230 101
v 46 51 129 59
v 46 52 99 48
v 46 53 351 192
v 46 54 708 303
v 46 55 272 120
v 46 56 158 63
v 46 57 96 40
v 46 58 71 37
v 46 59 160 77
v 46 60 432 224
v 46 61 79 44
v 46 62 294 115
v 46 63 176 88
v 46 64 259 125
v 46 65 37 18
v 46 66 17 10
v 46 67 365 139
v 46 68 395 176
v 46 69 283 156
v 46 70 330 167
v 46 71 752 355
v 46 72 136 60
v 46 73 81 45
v 46 74 1066 509
v 46 75 347 151
v 46 76 650 312
v 46 77 63 28
v 46 78 106 42
v 46 79 92 42
v 46 80 125 56
v 46 81 92 40
v 46 82 65 25
v 46 83 110 59
v 46 84 491 232
v 46 85 625 309
v 46 86 1225 572
v 46 87 490 237
v 46 88 637 281
v 46 89 43 21
v 46 90 209 89
v 46 91 207 104
v 46 92 80 30
v 46 93 621 251
v 46 94 70 35
v 46 95 85 36
v 46 96 248 113
v 46 97 636 297
v 46 98 240 129
v 46 99 123 62
v 46 100 355 162
v 46 101 503 259
v 46 102 76 38
v 46 103 47 26
v 46 104 766 341
v 46 105 791 387
v 46 106 391 175
v 46 107 247 112
v 46 108 218 101
v 46 109 375 184
v 46 110 230 100
v 46 111 318 147
v 46 112 366 182
v 46 113 187 77
v 46 114 189 89
v 46 119 329 131
v 46 120 224 111
v 46 121 404 170
v 46 123 476 225
v 46 126 240 101
v 46 128 546 275
v 46 129 233 114
v 46 131 282 115
v 46 135 523 224
v 46 136 309 150
v 46 137 188 84
v 46 138 88 48
v 46 145 196 92
v 46 155 72 33
v 47 48 715 343
v 47 49 871 471
v 47 50 237 112
v 47 51 152 86
v 47 52 144 72
v 47 53 515 281
v 47 54 838 402
v 47 55 319 147
v 47 56 249 105
v 47 57 105 51
v 47 58 168 87
v 47 59 304 190
v 47 60 535 265
v 47 61 75 31
v 47 62 510 216
v 47 63 220 92
v 47 64 378 194
v 47 65 30 13
v 47 66 19 10
v 47 67 470 223
v 47 68 457 212
v 47 69 375 206
v 47 70 380 189
v 47 71 936 468
v 47 72 207 112
v 47 73 88 46
v 47 74 1093 542
v 47 75 520 274
v 47 76 1003 449
v 47 77 65 32
v 47 78 147 71
v 47 79 101 48
v 47 80 140 66
v 47 81 140 65
v 47 82 70 25
v 47 83 114 68
v 47 84 700 356
v 47 85 775 395
v 47 86 1493 720
v 47 87 602 309
v 47 88 786 363
v 47 89 36 20
v 47 90 220 118
v 47 91 240 116
v 47 92 63 24
v 47 93 809 431
v 47 94 84 46
v 47 95 93 47
v 47 96 339 162
v 47 97 642 334
v 47 98 332 175
v 47 99 199 110
v 47 100 345 174
v 47 101 612 320
v 47 102 138 54
v 47 103 44 21
v 47 104 848 372
v 47 105 618 282
v 47 106 463 232
v 47 107 333 152
v 47 108 356 198
v 47 109 409 216
v 47 110 333 159
v 47 111 315 153
v 47 112 436 212
v 47 113 208 76
v 47 114 267 139
v 47 119 493 258
v 47 120 233 116
v 47 121 403 208
v 47 123 628 310
v 47 126 275 133
v 47 128 695 354
v 47 129 266 134
v 47 131 291 139
v 47 135 622 292
v 47 136 344 171
v 47 137 213 102
v 47 138 143 76
v 47 145 234 112
v 47 155 107 51
v 48 49 2217 1014
v 48 50 732 359
v 48 51 427 222
v 48 52 366 170
v 48 53 1124 612
v 48 54 2357 1059
v 48 55 883 431
v 48 56 451 229
v 48 57 333 159
v 48 58 318 166
v 48 59 437 254
v 48 60 1341 650
v 48 61 303 133
v 48 62 1158 492
v 48 63 523 293
v 48 64 824 427
v 48 65 110 57
v 48 66 55 24
v 48 67 1133 523
v 48 68 1167 573
v 48 69 839 446
v 48 70 957 484
v 48 71 2285 1067
v 48 72 449 249
v 48 73 266 165
v 48 74 3174 1488
v 48 75 1011 530
v 48 76 2063 939
v 48 77 231 111
v 48 78 474 238
v 48 79 285 153
v 48 80 414 226
v 48 81 392 191
v 48 82 199 76
v 48 83 386 208
v 48 84 1452 696
v 48 85 2149 1133
v 48 86 3471 1715
v 48 87 1416 711
v 48 88 1572 723
v 48 89 117 54
v 48 90 643 294
v 48 91 715 355
v 48 92 248 112
v 48 93 2177 1074
v 48 94 274 147
v 48 95 235 112
v 48 96 754 399
v 48 97 1819 971
v 48 98 697 370
v 48 99 377 218
v 48 100 1044 538
v 48 101 1278 662
v 48 102 343 181
v 48 103 116 63
v 48 104 1971 966
v 48 105 1781 865
v 48 106 1245 652
v 48 107 819 426
v 48 108 651 373
v 48 109 1356 753
v 48 110 861 416
v 48 111 907 437
v 48 112 1326 657
v 48 113 601 276
v 48 114 592 309
v 48 119 1073 530
v 48 120 663 361
v 48 121 1270 659
v 48 123 1693 849
v 48 126 727 384
v 48 128 1745 901
v 48 129 624 313
v 48 131 1006 535
v 48 135 1879 928
v 48 136 995 540
v 48 137 649 311
v 48 138 327 167
v 48 145 595 346
v 48 155 246 122
v 49 50 727 373
v 49 51 465 250
v 49 52 387 192
v 49 53 1225 687
v 49 54 2484 1248
v 49 55 1068 529
v 49 56 515 274
v 49 57 312 155
v 49 58 317 164
v 49 59 553 325
v 49 60 1676 900
v 49 61 286 176
v 49 62 1329 642
v 49 63 567 316
v 49 64 927 501
v 49 65 120 66
v 49 66 60 40
v 49 67 1176 564
v 49 68 1128 573
v 49 69 1064 579
v 49 70 1011 528
v 49 71 2608 1268
v 49 72 509 280
v 49 73 254 148
v 49 74 3370 1765
v 49 75 1284 663
v 49 76 2367 1140
v 49 77 249 148
v 49 78 500 250
v 49 79 327 196
v 49 80 432 220
v 49 81 367 201
v 49 82 236 106
v 49 83 363 205
v 49 84 1734 924
v 49 85 2100 1096
v 49 86 4034 2133
v 49 87 1728 908
v 49 88 2132 1077
v 49 89 100 57
v 49 90 672 318
v 49 91 637 333
v 49 92 306 151
v 49 93 2627 1363
v 49 94 256 136
v 49 95 233 105
v 49 96 841 460
v 49 97 2019 1070
v 49 98 1010 554
v 49 99 384 232
v 49 100 1105 592
v 49 101 1518 819
v 49 102 341 170
v 49 103 149 72
v 49 104 2523 1318
v 49 105 2026 1095
v 49 106 1422 720
v 49 107 898 479
v 49 108 871 510
v 49 109 1198 724
v 49 110 931 453
v 49 111 984 512
v 49 112 1397 723
v 49 113 663 313
v 49 114 739 435
v 49 119 1338 723
v 49 120 730 440
v 49 121 1268 672
v 49 123 1943 1080
v 49 126 787 430
v 49 128 1885 1015
v 49 129 731 396
v 49 131 1005 551
v 49 135 1992 998
v 49 136 1095 589
v 49 137 722 397
v 49 138 371 221
v 49 145 653 385
v 49 155 348 175
v 50 51 155 79
v 50 52 128 47
v 50 53 372 209
v 50 54 658 327
v 50 55 274 140
v 50 56 163 93
v 50 57 95 45
v 50 58 95 54
v 50 59 148 80
v 50 60 514 269
v 50 61 119 60
v 50 62 364 179
v 50 63 196 101
v 50 64 287 148
v 50 65 26 13
v 50 66 22 15
v 50 67 395 202
v 50 68 435 220
v 50 69 272 132
v 50 70 289 148
v 50 71 749 360
v 50 72 146 78
v 50 73 79 51
v 50 74 1007 497
v 50 75 349 174
v 50 76 718 340
v 50 77 84 36
v 50 78 149 75
v 50 79 97 52
v 50 80 144 78
v 50 81 95 51
v 50 82 72 36
v 50 83 126 77
v 50 84 512 271
v 50 85 744 359
v 50 86 1147 609
v 50 87 479 254
v 50 88 486 242
v 50 89 25 16
v 50 90 241 112
v 50 91 259 113
v 50 92 84 39
v 50 93 716 347
v 50 94 92 40
v 50 95 82 41
v 50 96 226 118
v 50 97 577 297
v 50 98 202 118
v 50 99 124 66
v 50 100 359 191
v 50 101 470 251
v 50 102 138 69
v 50 103 39 24
v 50 104 464 256
v 50 105 689 357
v 50 106 379 198
v 50 107 266 135
v 50 108 187 98
v 50 109 428 237
v 50 110 311 157
v 50 111 348 185
v 50 112 435 226
v 50 113 255 121
v 50 114 177 90
v 50 119 398 203
v 50 120 198 116
v 50 121 427 223
v 50 123 578 320
v 50 126 243 121
v 50 128 537 274
v 50 129 206 107
v 50 131 343 187
v 50 135 534 274
v 50 136 318 162
v 50 137 215 125
v 50 138 83 54
v 50 145 196 106
v 50 155 98 52
v 51 52 88 43
v 51 53 267 146
v 51 54 552 243
v 51 55 202 79
v 51 56 106 52
v 51 57 57 25
v 51 58 57 36
v 51 59 105 46
v 51 60 277 135
v 51 61 56 17
v 51 62 242 96
v 51 63 111 58
v 51 64 213 117
v 51 65 22 12
v 51 66 12 7
v 51 67 213 95
v 51 68 250 103
v 51 69 227 110
v 51 70 214 111
v 51 71 554 258
v 51 72 114 50
v 51 73 76 41
v 51 74 670 295
v 51 75 232 123
v 51 76 503 215
v 51 77 42 15
v 51 78 91 47
v 51 79 61 32
v 51 80 76 40
v 51 81 75 32
v 51 82 50 18
v 51 83 88 43
v 51 84 385 197
v 51 85 441 210
v 51 86 849 408
v 51 87 319 161
v 51 88 400 182
v 51 89 14 7
v 51 90 149 71
v 51 91 121 53
v 51 92 55 20
v 51 93 458 241
v 51 94 36 18
v 51 95 52 24
v 51 96 162 68
v 51 97 379 186
v 51 98 171 79
v 51 99 95 54
v 51 100 270 135
v 51 101 303 137
v 51 102 74 34
v 51 103 28 15
v 51 104 478 233
v 51 105 388 173
v 51 106 318 161
v 51 107 195 102
v 51 108 216 119
v 51 109 250 119
v 51 110 190 85
v 51 111 182 93
v 51 112 276 112
v 51 113 103 45
v 51 114 152 83
v 51 119 242 123
v 51 120 135 68
v 51 121 247 115
v 51 123 399 211
v 51 126 183 87
v 51 128 380 189
v 51 129 165 80
v 51 131 175 87
v 51 135 383 178
v 51 136 190 94
v 51 137 114 61
v 51 138 72 36
v 51 145 119 72
v 51 155 61 23
v 52 53 216 118
v 52 54 346 179
v 52 55 159 85
v 52 56 82 42
v 52 57 64 23
v 52 58 57 37
v 52 59 63 39
v 52 60 245 113
v 52 61 50 20
v 52 62 232 99
v 52 63 82 51
v 52 64 136 77
v 52 65 20 13
v 52 66 5 1
v 52 67 163 88
v 52 68 212 114
v 52 69 196 109
v 52 70 154 79
v 52 71 391 198
v 52 72 78 44
v 52 73 48 28
v 52 74 558 304
v 52 75 181 88
v 52 76 350 162
v 52 77 34 19
v 52 78 84 38
v 52 79 43 25
v 52 80 68 43
v 52 81 57 33
v 52 82 33 18
v 52 83 64 36
v 52 84 279 147
v 52 85 326 171
v 52 86 611 310
v 52 87 264 127
v 52 88 245 100
v 52 89 18 11
v 52 90 112 48
v 52 91 100 54
v 52 92 46 28
v 52 93 453 254
v 52 94 47 24
v 52 95 47 20
v 52 96 147 84
v 52 97 339 179
v 52 98 149 88
v 52 99 54 25
v 52 100 221 123
v 52 101 219 108
v 52 102 46 24
v 52 103 22 13
v 52 104 364 189
v 52 105 369 210
v 52 106 263 147
v 52 107 158 98
v 52 108 143 80
v 52 109 202 111
v 52 110 139 67
v 52 111 157 82
v 52 112 253 144
v 52 113 105 60
v 52 114 94 52
v 52 119 259 138
v 52 120 129 75
v 52 121 250 136
v 52 123 320 178
v 52 126 124 66
v 52 128 300 171
v 52 129 123 70
v 52 131 166 90
v 52 135 296 143
v 52 136 158 85
v 52 137 111 71
v 52 138 44 25
v 52 145 101 62
v 52 155 52 30
v 53 54 1227 538
v 53 55 551 246
v 53 56 275 100
v 53 57 164 66
v 53 58 166 74
v 53 59 287 140
v 53 60 727 284
v 53 61 147 60
v 53 62 745 290
v 53 63 324 153
v 53 64 568 262
v 53 65 67 30
v 53 66 24 6
v 53 67 793 312
v 53 68 733 322
v 53 69 588 258
v 53 70 643 270
v 53 71 1190 485
v 53 72 298 139
v 53 73 186 92
v 53 74 1892 802
v 53 75 667 318
v 53 76 1213 517
v 53 77 122 46
v 53 78 220 82
v 53 79 182 88
v 53 80 234 110
v 53 81 210 97
v 53 82 126 51
v 53 83 186 95
v 53 84 1017 431
v 53 85 1251 531
v 53 86 2489 1130
v 53 87 969 426
v 53 88 1069 427
v 53 89 58 24
v 53 90 329 142
v 53 91 351 165
v 53 92 101 35
v 53 93 1293 524
v 53 94 107 55
v 53 95 159 75
v 53 96 486 206
v 53 97 1150 509
v 53 98 543 245
v 53 99 247 118
v 53 100 643 264
v 53 101 885 403
v 53 102 191 85
v 53 103 66 26
v 53 104 1290 542
v 53 105 1050 448
v 53 106 796 350
v 53 107 500 209
v 53 108 514 235
v 53 109 640 294
v 53 110 502 220
v 53 111 543 233
v 53 112 634 273
v 53 113 282 104
v 53 114 441 208
v 53 119 716 323
v 53 120 420 189
v 53 121 649 302
v 53 123 983 468
v 53 126 496 225
v 53 128 1081 464
v 53 129 449 205
v 53 131 500 221
v 53 135 1111 409
v 53 136 539 242
v 53 137 333 162
v 53 138 194 100
v 53 145 369 175
v 53 155 172 79
v 54 55 836 437
v 54 56 556 290
v 54 57 296 138
v 54 58 317 177
v 54 59 477 283
v 54 60 1348 638
v 54 61 243 124
v 54 62 1202 581
v 54 63 549 301
v 54 64 1156 653
v 54 65 84 44
v 54 66 49 21
v 54 67 1421 725
v 54 68 1063 554
v 54 69 941 456
v 54 70 1200 628
v 54 71 2465 1195
v 54 72 525 287
v 54 73 282 172
v 54 74 3515 1895
v 54 75 1183 633
v 54 76 2265 1085
v 54 77 193 104
v 54 78 451 237
v 54 79 303 170
v 54 80 431 230
v 54 81 374 175
v 54 82 204 98
v 54 83 405 232
v 54 84 1995 1066
v 54 85 2253 1222
v 54 86 3755 1990
v 54 87 1737 900
v 54 88 2109 1071
v 54 89 115 60
v 54 90 648 339
v 54 91 610 309
v 54 92 216 95
v 54 93 2668 1359
v 54 94 281 132
v 54 95 342 162
v 54 96 1170 690
v 54 97 1923 971
v 54 98 785 438
v 54 99 381 203
v 54 100 1134 564
v 54 101 1477 752
v 54 102 399 189
v 54 103 121 49
v 54 104 2477 1244
v 54 105 2468 1345
v 54 106 1316 697
v 54 107 989 536
v 54 108 1071 632
v 54 109 1295 752
v 54 110 1164 589
v 54 111 881 444
v 54 112 1098 573
v 54 113 567 266
v 54 114 824 443
v 54 119 1403 743
v 54 120 748 399
v 54 121 1163 562
v 54 123 1813 1015
v 54 126 805 427
v 54 128 1860 1059
v 54 129 879 513
v 54 131 904 474
v 54 135 1858 942
v 54 136 946 525
v 54 137 726 417
v 54 138 352 193
v 54 145 621 348
v 54 155 301 168
v 55 56 248 114
v 55 57 134 64
v 55 58 135 66
v 55 59 222 129
v 55 60 665 321
v 55 61 106 57
v 55 62 538 248
v 55 63 244 123
v 55 64 371 180
v 55 65 50 22
v 55 66 17 9
v 55 67 397 192
v 55 68 505 242
v 55 69 443 227
v 55 70 409 197
v 55 71 940 451
v 55 72 211 108
v 55 73 119 67
v 55 74 1350 674
v 55 75 504 253
v 55 76 923 453
v 55 77 98 49
v 55 78 225 103
v 55 79 107 57
v 55 80 180 82
v 55 81 144 84
v 55 82 84 36
v 55 83 145 81
v 55 84 724 400
v 55 85 956 523
v 55 86 1671 836
v 55 87 636 302
v 55 88 785 369
v 55 89 42 22
v 55 90 292 140
v 55 91 301 151
v 55 92 132 62
v 55 93 932 495
v 55 94 57 36
v 55 95 119 59
v 55 96 365 180
v 55 97 810 402
v 55 98 306 158
v 55 99 166 81
v 55 100 461 261
v 55 101 619 320
v 55 102 156 84
v 55 103 61 28
v 55 104 1026 497
v 55 105 800 406
v 55 106 693 345
v 55 107 409 198
v 55 108 382 224
v 55 109 479 284
v 55 110 412 190
v 55 111 342 148
v 55 112 611 320
v 55 113 255 128
v 55 114 265 148
v 55 119 570 315
v 55 120 292 156
v 55 121 527 266
v 55 123 846 444
v 55 126 352 181
v 55 128 794 399
v 55 129 305 158
v 55 131 428 196
v 55 135 821 386
v 55 136 384 208
v 55 137 288 139
v 55 138 129 68
v 55 145 282 142
v 55 155 147 69
v 56 57 55 26
v 56 58 87 51
v 56 59 111 57
v 56 60 346 187
v 56 61 58 24
v 56 62 182 67
v 56 63 137 81
v 56 64 226 131
v 56 65 23 14
v 56 66 11 4
v 56 67 272 139
v 56 68 368 195
v 56 69 269 142
v 56 70 228 117
v 56 71 494 244
v 56 72 100 52
v 56 73 81 37
v 56 74 701 356
v 56 75 295 142
v 56 76 536 271
v 56 77 43 26
v 56 78 97 43
v 56 79 63 29
v 56 80 108 50
v 56 81 95 43
v 56 82 47 17
v 56 83 87 52
v 56 84 428 216
v 56 85 548 321
v 56 86 897 479
v 56 87 372 181
v 56 88 498 230
v 56 89 19 10
v 56 90 155 83
v 56 91 157 77
v 56 92 49 26
v 56 93 553 276
v 56 94 45 23
v 56 95 45 24
v 56 96 191 100
v 56 97 390 216
v 56 98 173 91
v 56 99 91 48
v 56 100 207 113
v 56 101 393 204
v 56 102 77 37
v 56 103 30 6
v 56 104 482 232
v 56 105 392 206
v 56 106 304 151
v 56 107 221 113
v 56 108 237 133
v 56 109 260 140
v 56 110 221 93
v 56 111 218 113
v 56 112 230 116
v 56 113 136 56
v 56 114 157 87
v 56 119 258 135
v 56 120 180 101
v 56 121 308 150
v 56 123 371 198
v 56 126 189 79
v 56 128 427 230
v 56 129 141 66
v 56 131 214 103
v 56 135 422 217
v 56 136 206 107
v 56 137 165 86
v 56 138 70 36
v 56 145 167 95
v 56 155 77 41
v 57 58 42 19
v 57 59 64 31
v 57 60 177 97
v 57 61 37 19
v 57 62 157 77
v 57 63 74 44
v 57 64 112 68
v 57 65 23 14
v 57 66 8 4
v 57 67 168 77
v 57 68 143 69
v 57 69 162 86
v 57 70 146 83
v 57 71 295 150
v 57 72 60 35
v 57 73 33 18
v 57 74 462 228
v 57 75 132 71
v 57 76 302 144
v 57 77 25 14
v 57 78 62 25
v 57 79 48 32
v 57 80 63 27
v 57 81 39 21
v 57 82 24 9
v 57 83 51 30
v 57 84 225 110
v 57 85 275 142
v 57 86 491 248
v 57 87 238 120
v 57 88 243 125
v 57 89 13 8
v 57 90 93 42
v 57 91 82 37
v 57 92 29 18
v 57 93 285 161
v 57 94 41 22
v 57 95 33 16
v 57 96 111 55
v 57 97 286 156
v 57 98 99 53
v 57 99 65 27
v 57 100 166 87
v 57 101 228 110
v 57 102 59 32
v 57 103 18 11
v 57 104 295 157
v 57 105 292 150
v 57 106 165 88
v 57 107 115 60
v 57 108 85 47
v 57 109 150 69
v 57 110 122 56
v 57 111 132 74
v 57 112 178 79
v 57 113 80 39
v 57 114 74 37
v 57 119 155 73
v 57 120 96 46
v 57 121 169 76
v 57 123 236 122
v 57 126 112 69
v 57 128 247 127
v 57 129 90 49
v 57 131 148 76
v 57 135 274 134
v 57 136 137 90
v 57 137 97 57
v 57 138 85 44
v 57 145 78 44
v 57 155 35 15
v 58 59 76 37
v 58 60 183 86
v 58 61 35 20
v 58 62 204 84
v 58 63 91 45
v 58 64 131 65
v 58 65 13 9
v 58 66 12 5
v 58 67 144 69
v 58 68 170 88
v 58 69 174 84
v 58 70 164 79
v 58 71 351 141
v 58 72 82 49
v 58 73 35 12
v 58 74 452 233
v 58 75 172 89
v 58 76 327 160
v 58 77 18 11
v 58 78 52 31
v 58 79 54 31
v 58 80 49 31
v 58 81 49 26
v 58 82 35 16
v 58 83 42 19
v 58 84 268 135
v 58 85 309 159
v 58 86 546 275
v 58 87 225 114
v 58 88 270 125
v 58 89 13 5
v 58 90 99 47
v 58 91 88 37
v 58 92 39 23
v 58 93 338 159
v 58 94 30 15
v 58 95 47 22
v 58 96 98 46
v 58 97 281 143
v 58 98 134 59
v 58 99 57 34
v 58 100 155 84
v 58 101 215 109
v 58 102 45 19
v 58 103 22 10
v 58 104 291 133
v 58 105 235 105
v 58 106 173 94
v 58 107 140 63
v 58 108 107 61
v 58 109 137 68
v 58 110 150 63
v 58 111 125 65
v 58 112 165 77
v 58 113 75 30
v 58 114 95 53
v 58 119 170 72
v 58 120 124 67
v 58 121 174 84
v 58 123 286 143
v 58 126 110 58
v 58 128 238 115
v 58 129 107 42
v 58 131 122 60
v 58 135 239 98
v 58 136 144 66
v 58 137 128 58
v 58 138 36 21
v 58 145 87 41
v 58 155 50 24
v 59 60 332 166
v 59 61 45 18
v 59 62 302 111
v 59 63 112 56
v 59 64 219 118
v 59 65 31 13
v 59 66 7 3
v 59 67 259 104
v 59 68 183 70
v 59 69 182 80
v 59 70 229 101
v 59 71 540 232
v 59 72 119 61
v 59 73 67 38
v 59 74 653 291
v 59 75 317 155
v 59 76 601 251
v 59 77 60 30
v 59 78 120 54
v 59 79 57 38
v 59 80 104 54
v 59 81 88 41
v 59 82 46 16
v 59 83 110 53
v 59 84 424 196
v 59 85 503 244
v 59 86 947 434
v 59 87 374 163
v 59 88 426 185
v 59 89 21 7
v 59 90 145 66
v 59 91 161 74
v 59 92 59 22
v 59 93 491 224
v 59 94 66 29
v 59 95 65 25
v 59 96 214 102
v 59 97 448 213
v 59 98 184 88
v 59 99 83 31
v 59 100 255 104
v 59 101 356 166
v 59 102 86 36
v 59 103 29 13
v 59 104 480 195
v 59 105 446 190
v 59 106 354 175
v 59 107 235 112
v 59 108 197 96
v 59 109 274 128
v 59 110 221 99
v 59 111 206 92
v 59 112 304 120
v 59 113 122 47
v 59 114 176 85
v 59 119 288 137
v 59 120 155 89
v 59 121 279 116
v 59 123 331 153
v 59 126 174 82
v 59 128 398 203
v 59 129 173 83
v 59 131 208 110
v 59 135 414 193
v 59 136 214 96
v 59 137 141 69
v 59 138 61 27
v 59 145 141 71
v 59 155 67 33
v 60 61 216 96
v 60 62 601 269
v 60 63 358 187
v 60 64 572 331
v 60 65 59 25
v 60 66 26 13
v 60 67 847 403
v 60 68 980 545
v 60 69 683 392
v 60 70 613 329
v 60 71 1352 619
v 60 72 284 160
v 60 73 179 96
v 60 74 2055 1095
v 60 75 868 456
v 60 76 1368 680
v 60 77 173 76
v 60 78 295 150
v 60 79 197 110
v 60 80 257 142
v 60 81 257 126
v 60 82 135 47
v 60 83 215 113
v 60 84 982 520
v 60 85 1293 696
v 60 86 2744 1490
v 60 87 999 487
v 60 88 1275 648
v 60 89 94 40
v 60 90 397 210
v 60 91 414 209
v 60 92 173 81
v 60 93 1256 692
v 60 94 178 90
v 60 95 210 90
v 60 96 545 300
v 60 97 1248 673
v 60 98 447 258
v 60 99 291 148
v 60 100 624 323
v 60 101 1076 589
v 60 102 206 108
v 60 103 69 31
v 60 104 1549 804
v 60 105 1156 585
v 60 106 773 398
v 60 107 528 272
v 60 108 601 323
v 60 109 872 480
v 60 110 555 269
v 60 111 927 531
v 60 112 919 475
v 60 113 381 189
v 60 114 455 261
v 60 119 788 399
v 60 120 469 269
v 60 121 854 436
v 60 123 1152 658
v 60 126 498 266
v 60 128 1117 592
v 60 129 490 258
v 60 131 660 346
v 60 135 1190 564
v 60 136 596 311
v 60 137 476 267
v 60 138 185 101
v 60 145 417 250
v 60 155 183 99
v 61 62 150 77
v 61 63 59 33
v 61 64 105 61
v 61 65 7 4
v 61 66 6 1
v 61 67 130 67
v 61 68 120 64
v 61 69 89 56
v 61 70 111 52
v 61 71 220 87
v 61 72 46 27
v 61 73 37 24
v 61 74 425 217
v 61 75 129 64
v 61 76 230 105
v 61 77 38 18
v 61 78 69 29
v 61 79 51 28
v 61 80 56 30
v 61 81 45 32
v 61 82 31 10
v 61 83 49 30
v 61 84 185 105
v 61 85 215 111
v 61 86 445 212
v 61 87 148 71
v 61 88 209 91
v 61 89 10 3
v 61 90 98 40
v 61 91 107 52
v 61 92 44 20
v 61 93 213 98
v 61 94 32 20
v 61 95 28 12
v 61 96 64 32
v 61 97 194 105
v 61 98 98 57
v 61 99 51 32
v 61 100 107 52
v 61 101 166 81
v 61 102 43 23
v 61 103 12 9
v 61 104 267 125
v 61 105 227 103
v 61 106 129 63
v 61 107 94 46
v 61 108 65 34
v 61 109 152 87
v 61 110 108 40
v 61 111 144 74
v 61 112 114 55
v 61 113 113 59
v 61 114 68 36
v 61 119 139 77
v 61 120 73 40
v 61 121 141 54
v 61 123 203 113
v 61 126 78 28
v 61 128 176 87
v 61 129 67 37
v 61 131 131 65
v 61 135 195 79
v 61 136 137 77
v 61 137 75 37
v 61 138 41 16
v 61 145 78 44
v 61 155 38 18
v 62 63 286 182
v 62 64 515 297
v 62 65 50 28
v 62 66 36 17
v 62 67 571 323
v 62 68 630 344
v 62 69 595 347
v 62 70 572 324
v 62 71 1476 745
v 62 72 331 199
v 62 73 166 90
v 62 74 1745 980
v 62 75 627 352
v 62 76 1334 703
v 62 77 129 64
v 62 78 271 144
v 62 79 148 92
v 62 80 211 115
v 62 81 251 122
v 62 82 128 55
v 62 83 247 146
v 62 84 992 539
v 62 85 1182 668
v 62 86 2175 1226
v 62 87 857 439
v 62 88 1176 616
v 62 89 69 33
v 62 90 388 207
v 62 91 393 213
v 62 92 139 58
v 62 93 1655 820
v 62 94 136 71
v 62 95 202 99
v 62 96 471 270
v 62 97 1088 580
v 62 98 362 212
v 62 99 238 136
v 62 100 583 326
v 62 101 847 485
v 62 102 235 126
v 62 103 84 47
v 62 104 1324 678
v 62 105 1101 577
v 62 106 786 437
v 62 107 510 269
v 62 108 461 260
v 62 109 696 431
v 62 110 513 281
v 62 111 525 290
v 62 112 722 370
v 62 113 308 157
v 62 114 394 239
v 62 119 749 411
v 62 120 435 259
v 62 121 648 360
v 62 123 1075 618
v 62 126 454 237
v 62 128 1069 569
v 62 129 387 219
v 62 131 526 289
v 62 135 956 499
v 62 136 540 297
v 62 137 381 200
v 62 138 195 107
v 62 145 388 228
v 62 155 196 104
v 63 64 246 111
v 63 65 33 17
v 63 66 15 5
v 63 67 285 126
v 63 68 352 151
v 63 69 242 113
v 63 70 260 125
v 63 71 625 295
v 63 72 136 72
v 63 73 79 36
v 63 74 801 396
v 63 75 290 138
v 63 76 489 191
v 63 77 39 21
v 63 78 124 53
v 63 79 83 44
v 63 80 100 49
v 63 81 112 46
v 63 82 58 24
v 63 83 107 53
v 63 84 456 208
v 63 85 584 309
v 63 86 975 407
v 63 87 380 172
v 63 88 437 187
v 63 89 29 12
v 63 90 167 77
v 63 91 154 66
v 63 92 59 19
v 63 93 601 283
v 63 94 67 34
v 63 95 67 36
v 63 96 224 109
v 63 97 528 243
v 63 98 166 94
v 63 99 93 54
v 63 100 303 148
v 63 101 352 154
v 63 102 95 45
v 63 103 34 16
v 63 104 568 231
v 63 105 432 184
v 63 106 334 160
v 63 107 212 91
v 63 108 243 124
v 63 109 266 137
v 63 110 267 113
v 63 111 231 119
v 63 112 293 146
v 63 113 138 64
v 63 114 183 93
v 63 119 243 116
v 63 120 158 81
v 63 121 282 114
v 63 123 424 215
v 63 126 221 95
v 63 128 491 231
v 63 129 208 91
v 63 131 257 123
v 63 135 421 185
v 63 136 243 131
v 63 137 153 76
v 63 138 80 39
v 63 145 130 56
v 63 155 72 32
v 64 65 50 22
v 64 66 24 12
v 64 67 450 189
v 64 68 551 273
v 64 69 436 226
v 64 70 437 191
v 64 71 1147 519
v 64 72 239 113
v 64 73 125 68
v 64 74 1390 635
v 64 75 568 267
v 64 76 951 415
v 64 77 76 30
v 64 78 177 83
v 64 79 138 70
v 64 80 156 68
v 64 81 187 101
v 64 82 64 29
v 64 83 158 86
v 64 84 802 370
v 64 85 1039 529
v 64 86 1883 819
v 64 87 696 334
v 64 88 809 376
v 64 89 36 18
v 64 90 257 120
v 64 91 257 124
v 64 92 115 52
v 64 93 972 454
v 64 94 112 51
v 64 95 126 55
v 64 96 370 187
v 64 97 869 390
v 64 98 307 167
v 64 99 190 100
v 64 100 492 231
v 64 101 664 331
v 64 102 164 68
v 64 103 43 15
v 64 104 1140 469
v 64 105 789 358
v 64 106 576 256
v 64 107 361 162
v 64 108 394 186
v 64 109 464 250
v 64 110 371 172
v 64 111 448 202
v 64 112 493 236
v 64 113 245 117
v 64 114 297 156
v 64 119 530 261
v 64 120 288 135
v 64 121 488 230
v 64 123 752 405
v 64 126 375 183
v 64 128 841 412
v 64 129 367 174
v 64 131 393 190
v 64 135 741 343
v 64 136 451 222
v 64 137 252 115
v 64 138 143 65
v 64 145 256 135
v 64 155 135 62
v 65 66 2 1
v 65 67 52 19
v 65 68 65 38
v 65 69 52 29
v 65 70 61 29
v 65 71 123 57
v 65 72 22 12
v 65 73 10 4
v 65 74 145 59
v 65 75 39 18
v 65 76 109 44
v 65 77 12 7
v 65 78 23 13
v 65 79 19 7
v 65 80 25 11
v 65 81 19 6
v 65 82 5 2
v 65 83 20 14
v 65 84 97 50
v 65 85 100 50
v 65 86 189 90
v 65 87 71 32
v 65 88 81 34
v 65 89 2 1
v 65 90 31 12
v 65 91 31 11
v 65 92 18 8
v 65 93 106 52
v 65 94 15 6
v 65 95 13 9
v 65 96 47 26
v 65 97 94 43
v 65 98 42 23
v 65 99 15 7
v 65 100 75 37
v 65 101 68 36
v 65 102 18 8
v 65 103 10 6
v 65 104 107 47
v 65 105 84 37
v 65 106 74 33
v 65 107 49 19
v 65 108 34 14
v 65 109 62 34
v 65 110 56 29
v 65 111 39 16
v 65 112 79 38
v 65 113 30 13
v 65 114 55 36
v 65 119 66 31
v 65 120 47 27
v 65 121 68 29
v 65 123 102 47
v 65 126 31 18
v 65 128 71 37
v 65 129 39 22
v 65 131 45 22
v 65 135 91 43
v 65 136 68 36
v 65 137 30 17
v 65 138 13 6
v 65 145 28 12
v 65 155 16 11
v 66 67 30 13
v 66 68 33 16
v 66 69 30 19
v 66 70 22 11
v 66 71 67 23
v 66 72 16 7
v 66 73 8 4
v 66 74 78 40
v 66 75 22 11
v 66 76 42 16
v 66 77 2 1
v 66 78 18 11
v 66 79 9 6
v 66 80 13 4
v 66 81 4 2
v 66 82 4 4
v 66 83 10 6
v 66 84 37 22
v 66 85 67 26
v 66 86 95 45
v 66 87 34 17
v 66 88 35 15
v 66 89 1 0
v 66 90 22 9
v 66 91 20 10
v 66 92 8 6
v 66 93 49 22
v 66 94 5 0
v 66 95 6 2
v 66 96 22 10
v 66 97 48 20
v 66 98 15 7
v 66 99 10 6
v 66 100 26 15
v 66 101 42 20
v 66 102 8 5
v 66 103 4 4
v 66 104 51 22
v 66 105 52 30
v 66 106 33 15
v 66 107 25 13
v 66 108 17 8
v 66 109 28 18
v 66 110 29 16
v 66 111 26 17
v 66 112 34 20
v 66 113 14 8
v 66 114 16 8
v 66 119 27 15
v 66 120 21 13
v 66 121 30 10
v 66 123 37 19
v 66 126 18 7
v 66 128 49 25
v 66 129 21 12
v 66 131 27 13
v 66 135 39 17
v 66 136 28 12
v 66 137 15 10
v 66 138 6 2
v 66 145 23 16
v 66 155 7 2
v 67 68 847 485
v 67 69 535 314
v 67 70 521 308
v 67 71 1394 707
v 67 72 243 132
v 67 73 130 74
v 67 74 1423 684
v 67 75 736 409
v 67 76 1213 595
v 67 77 102 52
v 67 78 208 97
v 67 79 151 86
v 67 80 202 101
v 67 81 186 104
v 67 82 114 40
v 67 83 178 111
v 67 84 906 489
v 67 85 874 400
v 67 86 2156 1190
v 67 87 961 500
v 67 88 922 431
v 67 89 44 20
v 67 90 302 157
v 67 91 228 117
v 67 92 130 67
v 67 93 1222 632
v 67 94 142 68
v 67 95 144 63
v 67 96 463 227
v 67 97 1047 568
v 67 98 392 223
v 67 99 186 104
v 67 100 563 295
v 67 101 835 444
v 67 102 169 79
v 67 103 55 31
v 67 104 1348 698
v 67 105 853 439
v 67 106 723 351
v 67 107 397 187
v 67 108 418 215
v 67 109 553 295
v 67 110 391 180
v 67 111 553 291
v 67 112 870 457
v 67 113 307 139
v 67 114 356 204
v 67 119 573 300
v 67 120 359 197
v 67 121 708 369
v 67 123 903 500
v 67 126 459 241
v 67 128 984 538
v 67 129 406 228
v 67 131 489 260
v 67 135 877 419
v 67 136 486 244
v 67 137 350 181
v 67 138 178 100
v 67 145 306 165
v 67 155 126 59
v 68 69 533 272
v 68 70 620 282
v 68 71 1342 613
v 68 72 266 142
v 68 73 134 64
v 68 74 1730 865
v 68 75 691 368
v 68 76 1259 587
v 68 77 161 79
v 68 78 238 107
v 68 79 183 100
v 68 80 240 113
v 68 81 220 108
v 68 82 94 37
v 68 83 218 121
v 68 84 1070 598
v 68 85 1248 619
v 68 86 2172 1103
v 68 87 868 431
v 68 88 971 485
v 68 89 52 28
v 68 90 344 174
v 68 91 415 200
v 68 92 149 62
v 68 93 923 496
v 68 94 237 124
v 68 95 114 57
v 68 96 413 213
v 68 97 1120 574
v 68 98 287 148
v 68 99 192 91
v 68 100 575 285
v 68 101 812 401
v 68 102 221 107
v 68 103 74 26
v 68 104 1335 640
v 68 105 1003 478
v 68 106 785 394
v 68 107 468 241
v 68 108 425 250
v 68 109 577 328
v 68 110 540 264
v 68 111 621 298
v 68 112 699 367
v 68 113 329 136
v 68 114 320 185
v 68 119 665 315
v 68 120 437 233
v 68 121 674 329
v 68 123 922 480
v 68 126 474 209
v 68 128 1059 526
v 68 129 433 223
v 68 131 486 243
v 68 135 857 401
v 68 136 546 275
v 68 137 347 179
v 68 138 186 102
v 68 145 331 188
v 68 155 134 68
v 69 70 386 187
v 69 71 1035 464
v 69 72 230 109
v 69 73 148 69
v 69 74 1347 614
v 69 75 550 285
v 69 76 1072 479
v 69 77 99 37
v 69 78 228 104
v 69 79 121 59
v 69 80 200 112
v 69 81 166 74
v 69 82 88 40
v 69 83 148 81
v 69 84 786 398
v 69 85 938 468
v 69 86 1518 748
v 69 87 733 362
v 69 88 942 428
v 69 89 36 11
v 69 90 282 139
v 69 91 325 144
v 69 92 92 33
v 69 93 1029 520
v 69 94 213 91
v 69 95 100 50
v 69 96 422 212
v 69 97 787 365
v 69 98 375 210
v 69 99 176 82
v 69 100 431 202
v 69 101 705 346
v 69 102 189 92
v 69 103 43 19
v 69 104 1133 548
v 69 105 723 337
v 69 106 601 294
v 69 107 441 216
v 69 108 400 225
v 69 109 464 217
v 69 110 444 205
v 69 111 432 216
v 69 112 578 256
v 69 113 226 93
v 69 114 318 169
v 69 119 566 252
v 69 120 343 172
v 69 121 452 219
v 69 123 798 423
v 69 126 373 199
v 69 128 829 427
v 69 129 355 185
v 69 131 423 216
v 69 135 747 348
v 69 136 381 166
v 69 137 300 148
v 69 138 141 78
v 69 145 248 129
v 69 155 154 82
v 70 71 1230 593
v 70 72 235 124
v 70 73 142 82
v 70 74 1471 726
v 70 75 551 261
v 70 76 895 430
v 70 77 76 42
v 70 78 166 63
v 70 79 164 96
v 70 80 199 100
v 70 81 160 86
v 70 82 101 39
v 70 83 167 95
v 70 84 805 391
v 70 85 1155 555
v 70 86 1884 993
v 70 87 652 325
v 70 88 836 397
v 70 89 56 25
v 70 90 277 140
v 70 91 311 141
v 70 92 116 45
v 70 93 1115 569
v 70 94 113 60
v 70 95 137 83
v 70 96 415 229
v 70 97 1047 542
v 70 98 453 263
v 70 99 209 113
v 70 100 560 276
v 70 101 551 291
v 70 102 140 72
v 70 103 58 30
v 70 104 1126 566
v 70 105 832 396
v 70 106 636 326
v 70 107 402 221
v 70 108 380 211
v 70 109 467 258
v 70 110 621 309
v 70 111 449 223
v 70 112 479 234
v 70 113 266 134
v 70 114 369 202
v 70 119 488 245
v 70 120 323 191
v 70 121 490 243
v 70 123 744 394
v 70 126 423 214
v 70 128 931 492
v 70 129 387 197
v 70 131 449 216
v 70 135 747 358
v 70 136 482 252
v 70 137 318 172
v 70 138 174 88
v 70 145 293 159
v 70 155 146 73
v 71 72 598 318
v 71 73 326 191
v 71 74 3622 1765
v 71 75 1270 667
v 71 76 2617 1261
v 71 77 213 111
v 71 78 483 247
v 71 79 352 206
v 71 80 444 242
v 71 81 428 223
v 71 82 253 109
v 71 83 414 248
v 71 84 2134 1083
v 71 85 2433 1282
v 71 86 4637 2409
v 71 87 1722 860
v 71 88 2172 1057
v 71 89 120 70
v 71 90 651 311
v 71 91 698 345
v 71 92 263 122
v 71 93 2676 1383
v 71 94 305 166
v 71 95 352 178
v 71 96 920 496
v 71 97 2198 1179
v 71 98 1106 586
v 71 99 466 257
v 71 100 1235 627
v 71 101 1778 992
v 71 102 341 173
v 71 103 143 71
v 71 104 2438 1318
v 71 105 2099 1086
v 71 106 1625 819
v 71 107 1011 553
v 71 108 1395 731
v 71 109 1253 702
v 71 110 1064 514
v 71 111 1037 512
v 71 112 1364 691
v 71 113 604 289
v 71 114 796 448
v 71 119 1413 707
v 71 120 743 433
v 71 121 1324 671
v 71 123 2025 1134
v 71 126 985 523
v 71 128 2007 1037
v 71 129 1013 536
v 71 131 1117 615
v 71 135 1983 939
v 71 136 1061 611
v 71 137 698 405
v 71 138 396 218
v 71 145 678 392
v 71 155 369 179
v 72 73 65 27
v 72 74 732 351
v 72 75 290 141
v 72 76 480 214
v 72 77 40 16
v 72 78 90 40
v 72 79 89 48
v 72 80 95 50
v 72 81 73 31
v 72 82 50 22
v 72 83 98 59
v 72 84 420 194
v 72 85 534 251
v 72 86 977 448
v 72 87 349 150
v 72 88 401 183
v 72 89 24 11
v 72 90 139 64
v 72 91 132 73
v 72 92 34 14
v 72 93 528 229
v 72 94 62 41
v 72 95 71 32
v 72 96 169 78
v 72 97 478 225
v 72 98 172 93
v 72 99 92 41
v 72 100 267 126
v 72 101 334 159
v 72 102 95 41
v 72 103 31 15
v 72 104 550 262
v 72 105 403 186
v 72 106 294 138
v 72 107 195 95
v 72 108 211 110
v 72 109 259 142
v 72 110 200 80
v 72 111 206 89
v 72 112 282 135
v 72 113 104 34
v 72 114 182 89
v 72 119 325 126
v 72 120 158 82
v 72 121 257 114
v 72 123 422 220
v 72 126 209 96
v 72 128 397 178
v 72 129 194 95
v 72 131 231 104
v 72 135 402 182
v 72 136 242 119
v 72 137 155 78
v 72 138 95 47
v 72 145 143 76
v 72 155 62 25
v 73 74 417 188
v 73 75 146 66
v 73 76 259 94
v 73 77 21 8
v 73 78 53 23
v 73 79 32 17
v 73 80 40 21
v 73 81 58 32
v 73 82 28 13
v 73 83 60 34
v 73 84 227 112
v 73 85 260 122
v 73 86 538 253
v 73 87 216 96
v 73 88 216 101
v 73 89 8 4
v 73 90 77 42
v 73 91 72 31
v 73 92 33 13
v 73 93 300 127
v 73 94 33 17
v 73 95 39 13
v 73 96 104 52
v 73 97 260 122
v 73 98 120 52
v 73 99 54 26
v 73 100 175 83
v 73 101 198 89
v 73 102 50 19
v 73 103 21 12
v 73 104 305 134
v 73 105 221 99
v 73 106 168 82
v 73 107 102 47
v 73 108 107 47
v 73 109 145 70
v 73 110 125 50
v 73 111 117 60
v 73 112 159 63
v 73 113 82 34
v 73 114 114 60
v 73 119 142 59
v 73 120 95 45
v 73 121 131 59
v 73 123 230 110
v 73 126 111 54
v 73 128 269 133
v 73 129 113 53
v 73 131 119 53
v 73 135 198 91
v 73 136 102 47
v 73 137 91 48
v 73 138 47 18
v 73 145 72 36
v 73 155 49 25
v 74 75 1590 802
v 74 76 3250 1475
v 74 77 276 131
v 74 78 637 318
v 74 79 428 235
v 74 80 658 345
v 74 81 536 266
v 74 82 324 150
v 74 83 582 323
v 74 84 2585 1373
v 74 85 3092 1566
v 74 86 5871 3052
v 74 87 2167 1101
v 74 88 2465 1207
v 74 89 122 57
v 74 90 981 467
v 74 91 1019 503
v 74 92 365 159
v 74 93 3011 1610
v 74 94 307 155
v 74 95 336 177
v 74 96 1170 626
v 74 97 2850 1482
v 74 98 980 536
v 74 99 614 326
v 74 100 1640 817
v 74 101 2097 1121
v 74 102 530 255
v 74 103 183 80
v 74 104 3195 1581
v 74 105 2870 1490
v 74 106 1982 1041
v 74 107 1244 642
v 74 108 1127 643
v 74 109 1599 952
v 74 110 1369 646
v 74 111 1449 727
v 74 112 1794 905
v 74 113 932 443
v 74 114 968 551
v 74 119 1683 860
v 74 120 1324 716
v 74 121 1824 915
v 74 123 2561 1360
v 74 126 1584 734
v 74 128 2812 1452
v 74 129 1203 618
v 74 131 1322 698
v 74 135 2632 1258
v 74 136 1545 830
v 74 137 934 514
v 74 138 407 241
v 74 145 939 533
v 74 155 424 231
v 75 76 1182 550
v 75 77 152 75
v 75 78 236 98
v 75 79 159 93
v 75 80 193 95
v 75 81 234 117
v 75 82 90 36
v 75 83 191 103
v 75 84 1059 536
v 75 85 1116 577
v 75 86 2407 1202
v 75 87 1004 503
v 75 88 1104 497
v 75 89 67 37
v 75 90 303 148
v 75 91 256 134
v 75 92 113 61
v 75 93 1356 621
v 75 94 133 65
v 75 95 162 79
v 75 96 486 259
v 75 97 1026 506
v 75 98 347 196
v 75 99 225 136
v 75 100 564 288
v 75 101 966 492
v 75 102 230 110
v 75 103 55 19
v 75 104 1351 618
v 75 105 959 479
v 75 106 703 350
v 75 107 453 231
v 75 108 542 279
v 75 109 579 321
v 75 110 494 221
v 75 111 553 268
v 75 112 616 286
v 75 113 311 118
v 75 114 452 239
v 75 119 664 323
v 75 120 393 213
v 75 121 609 319
v 75 123 929 480
v 75 126 480 231
v 75 128 1024 546
v 75 129 376 210
v 75 131 441 226
v 75 135 875 443
v 75 136 466 218
v 75 137 360 202
v 75 138 184 87
v 75 145 304 178
v 75 155 155 75
v 76 77 209 101
v 76 78 430 217
v 76 79 305 177
v 76 80 390 221
v 76 81 342 170
v 76 82 199 94
v 76 83 365 210
v 76 84 1734 942
v 76 85 2007 1101
v 76 86 3314 1754
v 76 87 1613 869
v 76 88 2062 926
v 76 89 110 65
v 76 90 697 348
v 76 91 569 280
v 76 92 238 114
v 76 93 2224 1261
v 76 94 241 130
v 76 95 221 142
v 76 96 858 507
v 76 97 1801 965
v 76 98 793 505
v 76 99 422 230
v 76 100 959 518
v 76 101 1509 837
v 76 102 409 238
v 76 103 139 67
v 76 104 2526 1363
v 76 105 1843 974
v 76 106 1243 697
v 76 107 824 450
v 76 108 848 493
v 76 109 1054 631
v 76 110 900 474
v 76 111 960 544
v 76 112 1337 717
v 76 113 589 265
v 76 114 650 407
v 76 119 1272 686
v 76 120 637 353
v 76 121 1153 559
v 76 123 1800 1034
v 76 126 685 388
v 76 128 1811 1030
v 76 129 619 355
v 76 131 968 525
v 76 135 1666 847
v 76 136 955 505
v 76 137 634 374
v 76 138 303 175
v 76 145 587 336
v 76 155 265 150
v 77 78 53 24
v 77 79 25 16
v 77 80 40 19
v 77 81 31 13
v 77 82 29 9
v 77 83 33 19
v 77 84 170 90
v 77 85 215 114
v 77 86 420 207
v 77 87 177 89
v 77 88 168 81
v 77 89 27 11
v 77 90 86 41
v 77 91 74 36
v 77 92 36 15
v 77 93 232 112
v 77 94 16 11
v 77 95 42 21
v 77 96 68 36
v 77 97 164 78
v 77 98 79 49
v 77 99 35 18
v 77 100 70 28
v 77 101 164 85
v 77 102 34 12
v 77 103 14 9
v 77 104 218 107
v 77 105 189 92
v 77 106 133 63
v 77 107 64 35
v 77 108 78 38
v 77 109 116 56
v 77 110 82 35
v 77 111 120 58
v 77 112 113 54
v 77 113 89 49
v 77 114 66 31
v 77 119 99 53
v 77 120 63 33
v 77 121 144 65
v 77 123 167 85
v 77 126 68 37
v 77 128 171 87
v 77 129 76 39
v 77 131 98 64
v 77 135 193 92
v 77 136 98 56
v 77 137 53 35
v 77 138 29 16
v 77 145 62 37
v 77 155 33 13
v 78 79 45 27
v 78 80 86 49
v 78 81 57 30
v 78 82 46 19
v 78 83 75 43
v 78 84 320 171
v 78 85 401 208
v 78 86 788 406
v 78 87 297 142
v 78 88 346 170
v 78 89 26 12
v 78 90 127 56
v 78 91 141 76
v 78 92 53 24
v 78 93 432 217
v 78 94 48 23
v 78 95 39 18
v 78 96 145 76
v 78 97 362 200
v 78 98 144 76
v 78 99 61 37
v 78 100 209 107
v 78 101 292 157
v 78 102 76 36
v 78 103 38 18
v 78 104 441 221
v 78 105 385 205
v 78 106 276 149
v 78 107 187 84
v 78 108 150 87
v 78 109 203 113
v 78 110 174 88
v 78 111 203 101
v 78 112 268 130
v 78 113 106 57
v 78 114 122 67
v 78 119 268 137
v 78 120 164 88
v 78 121 248 124
v 78 123 359 198
v 78 126 168 81
v 78 128 373 218
v 78 129 146 79
v 78 131 193 100
v 78 135 387 187
v 78 136 215 121
v 78 137 116 61
v 78 138 65 34
v 78 145 118 57
v 78 155 71 42
v 79 80 62 28
v 79 81 55 24
v 79 82 35 16
v 79 83 51 27
v 79 84 216 103
v 79 85 245 121
v 79 86 503 219
v 79 87 237 104
v 79 88 246 101
v 79 89 14 5
v 79 90 83 37
v 79 91 85 40
v 79 92 31 15
v 79 93 290 134
v 79 94 38 15
v 79 95 34 10
v 79 96 144 54
v 79 97 295 131
v 79 98 94 43
v 79 99 55 29
v 79 100 164 79
v 79 101 221 102
v 79 102 43 20
v 79 103 13 6
v 79 104 312 147
v 79 105 259 122
v 79 106 158 67
v 79 107 125 58
v 79 108 116 44
v 79 109 150 72
v 79 110 119 49
v 79 111 141 64
v 79 112 215 104
v 79 113 84 35
v 79 114 84 43
v 79 119 152 74
v 79 120 113 61
v 79 121 186 87
v 79 123 240 116
v 79 126 113 63
v 79 128 255 116
v 79 129 109 51
v 79 131 163 57
v 79 135 242 94
v 79 136 135 66
v 79 137 94 44
v 79 138 55 30
v 79 145 79 38
v 79 155 33 15
v 80 81 67 25
v 80 82 51 28
v 80 83 87 44
v 80 84 286 135
v 80 85 379 188
v 80 86 727 357
v 80 87 320 172
v 80 88 300 152
v 80 89 24 14
v 80 90 127 65
v 80 91 118 54
v 80 92 44 14
v 80 93 443 204
v 80 94 38 20
v 80 95 53 21
v 80 96 150 82
v 80 97 371 191
v 80 98 138 64
v 80 99 75 36
v 80 100 196 91
v 80 101 305 156
v 80 102 63 36
v 80 103 32 20
v 80 104 404 211
v 80 105 358 173
v 80 106 252 111
v 80 107 164 89
v 80 108 157 65
v 80 109 240 131
v 80 110 162 74
v 80 111 172 92
v 80 112 233 105
v 80 113 112 49
v 80 114 134 64
v 80 119 222 112
v 80 120 130 64
v 80 121 203 93
v 80 123 302 157
v 80 126 126 71
v 80 128 329 160
v 80 129 136 70
v 80 131 191 91
v 80 135 299 138
v 80 136 186 103
v 80 137 128 63
v 80 138 61 30
v 80 145 117 55
v 80 155 51 27
v 81 82 40 23
v 81 83 65 40
v 81 84 346 192
v 81 85 344 181
v 81 86 682 360
v 81 87 308 148
v 81 88 352 176
v 81 89 21 8
v 81 90 109 55
v 81 91 105 49
v 81 92 36 15
v 81 93 381 174
v 81 94 48 25
v 81 95 43 20
v 81 96 153 86
v 81 97 324 173
v 81 98 138 62
v 81 99 82 42
v 81 100 177 83
v 81 101 280 160
v 81 102 52 19
v 81 103 28 10
v 81 104 446 236
v 81 105 303 139
v 81 106 218 109
v 81 107 124 62
v 81 108 157 94
v 81 109 185 112
v 81 110 131 63
v 81 111 153 86
v 81 112 148 68
v 81 113 95 48
v 81 114 117 68
v 81 119 190 94
v 81 120 132 78
v 81 121 209 114
v 81 123 308 154
v 81 126 120 64
v 81 128 297 145
v 81 129 145 77
v 81 131 153 80
v 81 135 308 123
v 81 136 164 79
v 81 137 98 51
v 81 138 68 45
v 81 145 101 57
v 81 155 49 34
v 82 83 45 26
v 82 84 166 99
v 82 85 275 143
v 82 86 401 216
v 82 87 145 67
v 82 88 178 97
v 82 89 11 5
v 82 90 66 37
v 82 91 75 40
v 82 92 42 13
v 82 93 213 127
v 82 94 37 17
v 82 95 31 9
v 82 96 65 30
v 82 97 181 104
v 82 98 69 42
v 82 99 43 24
v 82 100 107 53
v 82 101 147 87
v 82 102 55 30
v 82 103 16 8
v 82 104 233 115
v 82 105 179 90
v 82 106 145 75
v 82 107 91 46
v 82 108 59 28
v 82 109 115 75
v 82 110 94 52
v 82 111 115 75
v 82 112 80 43
v 82 113 81 51
v 82 114 59 30
v 82 119 106 52
v 82 120 74 37
v 82 121 119 57
v 82 123 209 120
v 82 126 62 40
v 82 128 141 73
v 82 129 63 39
v 82 131 106 58
v 82 135 152 71
v 82 136 108 60
v 82 137 77 37
v 82 138 30 14
v 82 145 71 41
v 82 155 32 14
v 83 84 310 133
v 83 85 348 158
v 83 86 661 295
v 83 87 266 141
v 83 88 275 120
v 83 89 14 5
v 83 90 124 47
v 83 91 123 53
v 83 92 41 16
v 83 93 387 174
v 83 94 41 17
v 83 95 58 28
v 83 96 132 61
v 83 97 350 149
v 83 98 269 130
v 83 99 73 27
v 83 100 211 85
v 83 101 244 127
v 83 102 67 23
v 83 103 20 6
v 83 104 413 186
v 83 105 367 165
v 83 106 200 92
v 83 107 145 65
v 83 108 161 80
v 83 109 245 127
v 83 110 169 58
v 83 111 192 90
v 83 112 217 84
v 83 113 110 50
v 83 114 117 51
v 83 119 177 80
v 83 120 114 50
v 83 121 228 97
v 83 123 259 116
v 83 126 124 51
v 83 128 281 129
v 83 129 142 49
v 83 131 158 60
v 83 135 315 128
v 83 136 197 96
v 83 137 118 51
v 83 138 54 26
v 83 145 107 60
v 83 155 54 30
v 84 85 1751 863
v 84 86 3405 1657
v 84 87 1317 637
v 84 88 1527 730
v 84 89 71 33
v 84 90 484 229
v 84 91 449 212
v 84 92 176 71
v 84 93 2070 962
v 84 94 180 95
v 84 95 231 112
v 84 96 744 372
v 84 97 1643 829
v 84 98 771 426
v 84 99 367 185
v 84 100 932 438
v 84 101 1314 666
v 84 102 335 158
v 84 103 92 50
v 84 104 2102 967
v 84 105 1454 686
v 84 106 1050 519
v 84 107 653 311
v 84 108 758 382
v 84 109 950 517
v 84 110 734 336
v 84 111 756 353
v 84 112 886 420
v 84 113 430 190
v 84 114 566 296
v 84 119 978 485
v 84 120 591 329
v 84 121 906 425
v 84 123 1375 698
v 84 126 645 329
v 84 128 1528 754
v 84 129 633 353
v 84 131 668 334
v 84 135 1416 648
v 84 136 818 396
v 84 137 491 246
v 84 138 295 148
v 84 145 433 252
v 84 155 276 132
v 85 86 3920 1900
v 85 87 1540 779
v 85 88 1733 806
v 85 89 96 38
v 85 90 619 291
v 85 91 627 305
v 85 92 230 108
v 85 93 2172 1048
v 85 94 312 133
v 85 95 277 121
v 85 96 791 434
v 85 97 1865 867
v 85 98 1096 553
v 85 99 406 218
v 85 100 1051 522
v 85 101 1427 744
v 85 102 345 176
v 85 103 122 53
v 85 104 2199 1039
v 85 105 1894 924
v 85 106 1199 560
v 85 107 833 430
v 85 108 813 423
v 85 109 1135 635
v 85 110 984 491
v 85 111 957 484
v 85 112 1245 608
v 85 113 607 290
v 85 114 674 335
v 85 119 1157 576
v 85 120 717 349
v 85 121 1218 576
v 85 123 1755 918
v 85 126 656 322
v 85 128 2715 1379
v 85 129 664 356
v 85 131 944 470
v 85 135 1778 844
v 85 136 1035 488
v 85 137 646 317
v 85 138 356 186
v 85 145 584 312
v 85 155 243 133
v 86 87 2897 1427
v 86 88 3487 1665
v 86 89 161 72
v 86 90 1201 554
v 86 91 1010 483
v 86 92 439 205
v 86 93 4066 1992
v 86 94 420 231
v 86 95 450 226
v 86 96 1568 813
v 86 97 3263 1726
v 86 98 1257 709
v 86 99 809 442
v 86 100 2101 957
v 86 101 2689 1396
v 86 102 625 316
v 86 103 245 108
v 86 104 4246 1961
v 86 105 3422 1691
v 86 106 2568 1265
v 86 107 1657 790
v 86 108 1282 794
v 86 109 2056 1153
v 86 110 1698 746
v 86 111 1639 819
v 86 112 2157 1019
v 86 113 1003 469
v 86 114 1351 700
v 86 119 2167 1054
v 86 120 1297 674
v 86 121 2181 1034
v 86 123 3192 1649
v 86 126 1520 778
v 86 128 3375 1692
v 86 129 1412 763
v 86 131 1587 855
v 86 135 3148 1437
v 86 136 1828 939
v 86 137 1115 559
v 86 138 620 338
v 86 145 1042 541
v 86 155 506 238
v 87 88 1316 633
v 87 89 59 26
v 87 90 458 235
v 87 91 421 215
v 87 92 158 75
v 87 93 1272 715
v 87 94 206 113
v 87 95 189 89
v 87 96 621 305
v 87 97 1340 699
v 87 98 478 267
v 87 99 296 159
v 87 100 808 410
v 87 101 1124 606
v 87 102 236 112
v 87 103 101 58
v 87 104 1651 781
v 87 105 1278 666
v 87 106 951 498
v 87 107 620 302
v 87 108 660 347
v 87 109 772 442
v 87 110 626 313
v 87 111 640 313
v 87 112 873 409
v 87 113 356 176
v 87 114 508 283
v 87 119 904 423
v 87 120 578 319
v 87 121 904 430
v 87 123 1266 677
v 87 126 683 365
v 87 128 1317 679
v 87 129 556 316
v 87 131 692 373
v 87 135 1130 562
v 87 136 661 331
v 87 137 443 238
v 87 138 228 113
v 87 145 427 242
v 87 155 166 87
v 88 89 95 53
v 88 90 477 259
v 88 91 438 244
v 88 92 191 93
v 88 93 2048 1070
v 88 94 141 89
v 88 95 238 120
v 88 96 770 430
v 88 97 1605 831
v 88 98 546 321
v 88 99 324 192
v 88 100 889 453
v 88 101 1490 802
v 88 102 297 159
v 88 103 110 55
v 88 104 1975 972
v 88 105 1622 871
v 88 106 1150 595
v 88 107 753 377
v 88 108 771 436
v 88 109 853 534
v 88 110 713 365
v 88 111 789 438
v 88 112 905 469
v 88 113 419 206
v 88 114 610 349
v 88 119 1062 569
v 88 120 656 341
v 88 121 943 483
v 88 123 1530 841
v 88 126 755 419
v 88 128 1422 773
v 88 129 610 346
v 88 131 715 376
v 88 135 1334 735
v 88 136 786 424
v 88 137 495 288
v 88 138 262 152
v 88 145 489 279
v 88 155 234 120
v 89 90 40 20
v 89 91 23 8
v 89 92 19 8
v 89 93 108 58
v 89 94 9 6
v 89 95 7 5
v 89 96 24 7
v 89 97 72 45
v 89 98 27 12
v 89 99 23 17
v 89 100 64 40
v 89 101 71 39
v 89 102 15 6
v 89 103 6 3
v 89 104 76 30
v 89 105 97 46
v 89 106 68 37
v 89 107 49 22
v 89 108 30 17
v 89 109 51 27
v 89 110 39 13
v 89 111 61 30
v 89 112 53 27
v 89 113 40 25
v 89 114 32 19
v 89 119 53 35
v 89 120 35 23
v 89 121 48 16
v 89 123 71 36
v 89 126 37 19
v 89 128 80 35
v 89 129 31 18
v 89 131 49 24
v 89 135 71 25
v 89 136 44 24
v 89 137 24 20
v 89 138 6 2
v 89 145 24 12
v 89 155 10 4
v 90 91 233 126
v 90 92 95 47
v 90 93 601 313
v 90 94 70 33
v 90 95 54 34
v 90 96 212 118
v 90 97 559 296
v 90 98 207 116
v 90 99 121 70
v 90 100 299 157
v 90 101 382 192
v 90 102 110 55
v 90 103 40 20
v 90 104 676 315
v 90 105 614 319
v 90 106 414 205
v 90 107 241 129
v 90 108 227 116
v 90 109 365 210
v 90 110 281 153
v 90 111 280 151
v 90 112 421 228
v 90 113 205 96
v 90 114 163 86
v 90 119 336 168
v 90 120 210 127
v 90 121 353 187
v 90 123 566 314
v 90 126 244 124
v 90 128 522 249
v 90 129 213 116
v 90 131 300 149
v 90 135 556 290
v 90 136 301 164
v 90 137 230 117
v 90 138 74 49
v 90 145 166 108
v 90 155 87 49
v 91 92 102 42
v 91 93 568 281
v 91 94 69 40
v 91 95 84 34
v 91 96 220 135
v 91 97 546 279
v 91 98 220 125
v 91 99 114 60
v 91 100 363 189
v 91 101 356 186
v 91 102 102 48
v 91 103 45 24
v 91 104 621 318
v 91 105 670 353
v 91 106 431 217
v 91 107 267 144
v 91 108 189 96
v 91 109 432 241
v 91 110 270 136
v 91 111 339 170
v 91 112 436 219
v 91 113 207 105
v 91 114 170 89
v 91 119 333 175
v 91 120 201 108
v 91 121 463 230
v 91 123 567 311
v 91 126 206 107
v 91 128 522 266
v 91 129 199 99
v 91 131 317 159
v 91 135 537 239
v 91 136 345 177
v 91 137 237 122
v 91 138 100 59
v 91 145 187 103
v 91 155 87 51
v 92 93 204 122
v 92 94 40 25
v 92 95 30 13
v 92 96 97 58
v 92 97 225 132
v 92 98 77 49
v 92 99 39 21
v 92 100 105 54
v 92 101 184 97
v 92 102 42 23
v 92 103 11 5
v 92 104 236 119
v 92 105 215 108
v 92 106 141 79
v 92 107 87 52
v 92 108 75 42
v 92 109 143 84
v 92 110 125 66
v 92 111 119 69
v 92 112 158 80
v 92 113 80 50
v 92 114 68 33
v 92 119 147 71
v 92 120 89 48
v 92 121 154 83
v 92 123 204 108
v 92 126 86 53
v 92 128 207 118
v 92 129 80 40
v 92 131 120 60
v 92 135 227 110
v 92 136 120 63
v 92 137 84 50
v 92 138 36 21
v 92 145 66 40
v 92 155 28 16
v 93 94 252 148
v 93 95 282 136
v 93 96 861 454
v 93 97 1890 932
v 93 98 814 421
v 93 99 547 336
v 93 100 1078 547
v 93 101 1456 740
v 93 102 408 220
v 93 103 139 57
v 93 104 2245 1051
v 93 105 1456 614
v 93 106 1706 961
v 93 107 975 504
v 93 108 910 512
v 93 109 1092 627
v 93 110 840 389
v 93 111 952 468
v 93 112 1397 708
v 93 113 511 247
v 93 114 759 425
v 93 119 1279 654
v 93 120 780 405
v 93 121 954 384
v 93 123 1749 920
v 93 126 927 487
v 93 128 1900 912
v 93 129 780 386
v 93 131 846 431
v 93 135 1747 796
v 93 136 1013 504
v 93 137 629 323
v 93 138 382 184
v 93 145 606 349
v 93 155 311 149
v 94 95 29 11
v 94 96 80 37
v 94 97 220 112
v 94 98 91 50
v 94 99 50 23
v 94 100 119 56
v 94 101 194 115
v 94 102 35 15
v 94 103 8 3
v 94 104 300 135
v 94 105 231 104
v 94 106 173 82
v 94 107 104 52
v 94 108 115 53
v 94 109 128 57
v 94 110 126 60
v 94 111 115 60
v 94 112 145 64
v 94 113 69 24
v 94 114 68 30
v 94 119 149 74
v 94 120 83 40
v 94 121 140 62
v 94 123 219 107
v 94 126 86 39
v 94 128 200 107
v 94 129 74 33
v 94 131 102 47
v 94 135 190 87
v 94 136 115 53
v 94 137 70 37
v 94 138 35 19
v 94 145 62 32
v 94 155 35 19
v 95 96 78 37
v 95 97 262 129
v 95 98 86 49
v 95 99 43 24
v 95 100 156 75
v 95 101 166 84
v 95 102 43 17
v 95 103 21 11
v 95 104 376 198
v 95 105 174 87
v 95 106 158 88
v 95 107 118 66
v 95 108 93 58
v 95 109 129 66
v 95 110 132 61
v 95 111 94 44
v 95 112 111 58
v 95 113 55 25
v 95 114 86 52
v 95 119 116 61
v 95 120 93 58
v 95 121 133 72
v 95 123 179 84
v 95 126 91 50
v 95 128 226 135
v 95 129 86 39
v 95 131 107 56
v 95 135 247 115
v 95 136 141 85
v 95 137 68 41
v 95 138 53 25
v 95 145 68 42
v 95 155 32 13
v 96 97 686 322
v 96 98 315 153
v 96 99 176 81
v 96 100 412 202
v 96 101 587 296
v 96 102 136 60
v 96 103 52 26
v 96 104 985 484
v 96 105 738 375
v 96 106 523 247
v 96 107 323 149
v 96 108 368 173
v 96 109 385 205
v 96 110 322 147
v 96 111 358 167
v 96 112 411 192
v 96 113 208 91
v 96 114 307 156
v 96 119 461 209
v 96 120 283 146
v 96 121 442 198
v 96 123 627 299
v 96 126 310 152
v 96 128 731 348
v 96 129 325 166
v 96 131 363 168
v 96 135 684 328
v 96 136 383 185
v 96 137 243 128
v 96 138 102 53
v 96 145 219 122
v 96 155 96 45
v 97 98 713 370
v 97 99 376 199
v 97 100 1020 531
v 97 101 1197 629
v 97 102 300 161
v 97 103 115 45
v 97 104 1978 949
v 97 105 1587 772
v 97 106 1171 542
v 97 107 778 384
v 97 108 733 387
v 97 109 1016 581
v 97 110 743 368
v 97 111 834 440
v 97 112 1041 490
v 97 113 494 244
v 97 114 571 296
v 97 119 983 462
v 97 120 599 318
v 97 121 1110 526
v 97 123 1536 846
v 97 126 733 366
v 97 128 1650 842
v 97 129 708 345
v 97 131 881 454
v 97 135 1726 812
v 97 136 947 499
v 97 137 555 285
v 97 138 244 125
v 97 145 544 289
v 97 155 255 121
v 98 99 188 97
v 98 100 489 230
v 98 101 383 176
v 98 102 109 45
v 98 103 48 23
v 98 104 756 330
v 98 105 594 271
v 98 106 516 245
v 98 107 378 182
v 98 108 301 147
v 98 109 377 206
v 98 110 337 148
v 98 111 285 136
v 98 112 466 238
v 98 113 208 83
v 98 114 262 136
v 98 119 402 198
v 98 120 239 135
v 98 121 287 119
v 98 123 690 375
v 98 126 278 142
v 98 128 647 300
v 98 129 295 142
v 98 131 324 150
v 98 135 643 305
v 98 136 361 186
v 98 137 250 113
v 98 138 131 71
v 98 145 192 100
v 98 155 115 54
v 99 100 234 104
v 99 101 306 166
v 99 102 72 27
v 99 103 24 9
v 99 104 475 207
v 99 105 396 184
v 99 106 253 114
v 99 107 149 59
v 99 108 176 81
v 99 109 204 109
v 99 110 184 79
v 99 111 186 81
v 99 112 218 107
v 99 113 106 44
v 99 114 128 68
v 99 119 224 100
v 99 120 106 60
v 99 121 246 111
v 99 123 289 122
v 99 126 143 64
v 99 128 345 152
v 99 129 163 69
v 99 131 174 78
v 99 135 360 166
v 99 136 187 83
v 99 137 129 60
v 99 138 64 27
v 99 145 104 68
v 99 155 43 22
v 100 101 732 378
v 100 102 172 89
v 100 103 71 35
v 100 104 1017 557
v 100 105 952 475
v 100 106 668 336
v 100 107 439 220
v 100 108 424 213
v 100 109 686 366
v 100 110 480 209
v 100 111 480 242
v 100 112 598 272
v 100 113 299 160
v 100 114 394 191
v 100 119 603 298
v 100 120 403 221
v 100 121 597 303
v 100 123 911 464
v 100 126 452 244
v 100 128 1039 519
v 100 129 470 255
v 100 131 485 249
v 100 135 1031 498
v 100 136 488 253
v 100 137 294 160
v 100 138 184 87
v 100 145 301 162
v 100 155 142 56
v 101 102 281 136
v 101 103 81 40
v 101 104 1439 637
v 101 105 1215 564
v 101 106 888 454
v 101 107 571 286
v 101 108 589 323
v 101 109 708 389
v 101 110 588 276
v 101 111 646 291
v 101 112 773 372
v 101 113 394 184
v 101 114 472 240
v 101 119 850 414
v 101 120 523 284
v 101 121 736 333
v 101 123 1249 645
v 101 126 556 280
v 101 128 1256 603
v 101 129 539 280
v 101 131 600 284
v 101 135 1232 561
v 101 136 684 339
v 101 137 433 226
v 101 138 195 110
v 101 145 400 217
v 101 155 201 96
v 102 103 22 14
v 102 104 358 161
v 102 105 324 148
v 102 106 163 90
v 102 107 110 57
v 102 108 135 70
v 102 109 194 109
v 102 110 148 72
v 102 111 140 74
v 102 112 191 98
v 102 113 115 53
v 102 114 118 61
v 102 119 179 98
v 102 120 126 69
v 102 121 197 100
v 102 123 275 153
v 102 126 128 67
v 102 128 259 126
v 102 129 110 65
v 102 131 138 91
v 102 135 327 147
v 102 136 156 84
v 102 137 101 46
v 102 138 50 31
v 102 145 87 55
v 102 155 41 21
v 103 104 125 53
v 103 105 83 41
v 103 106 62 33
v 103 107 38 19
v 103 108 49 28
v 103 109 67 34
v 103 110 45 23
v 103 111 55 28
v 103 112 81 38
v 103 113 34 17
v 103 114 39 21
v 103 119 72 32
v 103 120 29 15
v 103 121 84 45
v 103 123 110 63
v 103 126 45 26
v 103 128 104 55
v 103 129 48 30
v 103 131 61 33
v 103 135 104 64
v 103 136 46 24
v 103 137 51 27
v 103 138 21 10
v 103 145 36 22
v 103 155 25 14
v 104 105 1760 871
v 104 106 1234 673
v 104 107 866 475
v 104 108 930 536
v 104 109 1049 617
v 104 110 1065 551
v 104 111 675 322
v 104 112 901 392
v 104 113 583 280
v 104 114 860 451
v 104 119 1256 685
v 104 120 729 415
v 104 121 1258 622
v 104 123 1764 971
v 104 126 814 406
v 104 128 1943 1024
v 104 129 876 485
v 104 131 708 347
v 104 135 2090 956
v 104 136 988 529
v 104 137 641 345
v 104 138 309 171
v 104 145 602 359
v 104 155 269 144
v 105 106 1137 606
v 105 107 755 384
v 105 108 684 363
v 105 109 979 573
v 105 110 809 388
v 105 111 979 501
v 105 112 1195 606
v 105 113 563 279
v 105 114 493 282
v 105 119 942 505
v 105 120 661 362
v 105 121 1137 499
v 105 123 1635 876
v 105 126 658 368
v 105 128 1520 770
v 105 129 609 325
v 105 131 912 490
v 105 135 1568 774
v 105 136 861 497
v 105 137 597 291
v 105 138 244 129
v 105 145 499 282
v 105 155 272 140
v 106 107 602 307
v 106 108 495 266
v 106 109 703 405
v 106 110 483 222
v 106 111 479 185
v 106 112 792 365
v 106 113 292 123
v 106 114 489 222
v 106 119 746 357
v 106 120 526 275
v 106 121 649 295
v 106 123 1148 619
v 106 126 533 305
v 106 128 1109 576
v 106 129 467 256
v 106 131 591 320
v 106 135 1121 535
v 106 136 636 343
v 106 137 396 204
v 106 138 199 98
v 106 145 361 207
v 106 155 201 104
v 107 108 355 192
v 107 109 457 260
v 107 110 364 180
v 107 111 374 180
v 107 112 464 215
v 107 113 233 110
v 107 114 325 176
v 107 119 518 262
v 107 120 296 160
v 107 121 456 217
v 107 123 717 406
v 107 126 317 174
v 107 128 748 365
v 107 129 280 160
v 107 131 363 190
v 107 135 721 343
v 107 136 413 214
v 107 137 294 145
v 107 138 132 71
v 107 145 275 160
v 107 155 147 72
v 108 109 395 216
v 108 110 327 137
v 108 111 302 132
v 108 112 425 192
v 108 113 192 86
v 108 114 256 122
v 108 119 468 214
v 108 120 295 147
v 108 121 450 193
v 108 123 657 332
v 108 126 352 176
v 108 128 720 352
v 108 129 332 169
v 108 131 300 140
v 108 135 706 318
v 108 136 336 159
v 108 137 222 117
v 108 138 127 63
v 108 145 213 109
v 108 155 115 60
v 109 110 435 153
v 109 111 606 265
v 109 112 532 209
v 109 113 364 149
v 109 114 346 194
v 109 119 553 239
v 109 120 387 189
v 109 121 605 231
v 109 123 901 406
v 109 126 427 206
v 109 128 949 403
v 109 129 366 173
v 109 131 560 240
v 109 135 998 438
v 109 136 605 274
v 109 137 342 154
v 109 138 199 90
v 109 145 376 199
v 109 155 165 76
v 110 111 378 185
v 110 112 575 307
v 110 113 251 129
v 110 114 220 131
v 110 119 482 252
v 110 120 276 158
v 110 121 507 258
v 110 123 751 414
v 110 126 321 157
v 110 128 1348 668
v 110 129 266 156
v 110 131 396 182
v 110 135 739 409
v 110 136 464 236
v 110 137 283 153
v 110 138 142 77
v 110 145 258 158
v 110 155 111 67
v 111 112 575 258
v 111 113 312 145
v 111 114 261 137
v 111 119 504 268
v 111 120 377 183
v 111 121 572 255
v 111 123 798 429
v 111 126 379 203
v 111 128 784 403
v 111 129 280 144
v 111 131 442 226
v 111 135 827 361
v 111 136 490 245
v 111 137 281 163
v 111 138 118 65
v 111 145 257 136
v 111 155 131 62
v 112 113 354 176
v 112 114 329 164
v 112 119 712 355
v 112 120 369 211
v 112 121 717 360
v 112 123 1023 509
v 112 126 441 211
v 112 128 1008 526
v 112 129 354 197
v 112 131 568 294
v 112 135 957 489
v 112 136 534 331
v 112 137 394 202
v 112 138 317 177
v 112 145 330 177
v 112 155 174 100
v 113 114 152 83
v 113 119 276 143
v 113 120 184 104
v 113 121 365 200
v 113 123 472 277
v 113 126 231 116
v 113 128 454 242
v 113 129 196 101
v 113 131 284 153
v 113 135 481 251
v 113 136 277 156
v 113 137 192 113
v 113 138 73 43
v 113 145 181 109
v 113 155 82 45
v 114 119 353 152
v 114 120 230 119
v 114 121 355 152
v 114 123 513 245
v 114 126 319 155
v 114 128 598 260
v 114 129 246 124
v 114 131 267 120
v 114 135 493 216
v 114 136 320 175
v 114 137 195 98
v 114 138 102 49
v 114 145 181 98
v 114 155 88 36
v 119 120 454 237
v 119 121 671 319
v 119 123 1147 589
v 119 126 432 212
v 119 128 988 492
v 119 129 392 207
v 119 131 512 245
v 119 135 951 459
v 119 136 498 271
v 119 137 318 165
v 119 138 183 89
v 119 145 331 180
v 119 155 197 85
v 120 121 320 137
v 120 123 570 277
v 120 126 282 140
v 120 128 678 325
v 120 129 259 123
v 120 131 311 146
v 120 135 607 272
v 120 136 321 154
v 120 137 241 104
v 120 138 86 36
v 120 145 193 108
v 120 155 107 44
v 121 123 1036 545
v 121 126 434 253
v 121 128 1025 520
v 121 129 395 205
v 121 131 560 269
v 121 135 1028 479
v 121 136 592 324
v 121 137 394 237
v 121 138 160 83
v 121 145 356 205
v 121 155 140 66
v 123 126 672 310
v 123 128 1442 677
v 123 129 589 251
v 123 131 839 396
v 123 135 1489 655
v 123 136 833 406
v 123 137 537 261
v 123 138 266 127
v 123 145 497 264
v 123 155 256 117
v 126 128 701 364
v 126 129 339 187
v 126 131 366 184
v 126 135 734 309
v 126 136 338 171
v 126 137 234 128
v 126 138 124 63
v 126 145 256 143
v 126 155 121 59
v 128 129 753 382
v 128 131 774 389
v 128 135 1522 735
v 128 136 877 429
v 128 137 522 259
v 128 138 269 140
v 128 145 496 278
v 128 155 261 131
v 129 131 317 148
v 129 135 678 322
v 129 136 341 164
v 129 137 202 106
v 129 138 112 57
v 129 145 207 124
v 129 155 113 51
v 131 135 828 403
v 131 136 422 220
v 131 137 295 148
v 131 138 146 77
v 131 145 268 135
v 131 155 134 71
v 135 136 812 441
v 135 137 565 300
v 135 138 249 129
v 135 145 503 271
v 135 155 249 128
v 136 137 327 158
v 136 138 134 78
v 136 145 265 134
v 136 155 147 61
v 137 138 97 53
v 137 145 199 99
v 137 155 78 34
v 138 145 87 50
v 138 155 59 32
v 145 155 87 44
