n 200000
h 1 23809 12090
h 2 28916 14115
h 3 6171 3167
h 4 3225 1659
h 5 23325 11727
h 6 31749 13848
h 7 29925 15185
h 8 32537 17444
h 9 30004 15021
h 10 8406 4136
h 11 14270 5736
h 12 23887 12601
h 13 7873 3848
h 14 55763 28146
h 15 10971 5552
h 16 4788 2276
h 17 12591 6075
h 18 25655 13491
h 19 17692 7737
h 20 14495 7435
h 21 37294 18347
h 22 21589 10577
h 23 8178 4050
h 25 28317 13221
h 26 43765 21309
h 27 27345 13878
h 28 9952 4710
h 29 32345 15318
h 30 23944 12062
h 31 24061 12557
h 32 7410 3920
h 33 9550 5322
h 34 10092 5080
h 35 19203 9157
h 36 28303 13989
h 37 7944 3839
h 38 3817 1884
h 39 17471 8212
h 40 7793 3725
h 41 11350 5696
h 42 15874 8515
h 43 12108 5886
h 44 11669 5814
h 45 7399 3910
h 46 8810 4099
h 47 10276 4983
h 48 30148 15082
h 49 33688 17735
h 50 9264 4897
h 51 6754 3316
h 52 5799 3136
h 53 16340 7377
h 54 30877 16042
h 55 16214 8322
h 56 7199 3728
h 57 4193 2255
h 58 4945 2425
h 59 7277 3412
h 60 19830 10472
h 61 3420 1674
h 62 20904 11648
h 63 7293 3535
h 64 10997 5134
h 65 1784 839
h 66 813 388
h 67 14694 7851
h 68 15755 7689
h 69 15168 7475
h 70 13369 6778
h 71 33197 17256
h 72 6789 3188
h 73 3496 1587
h 74 41907 21632
h 75 14752 7286
h 76 31055 16829
h 77 3120 1645
h 78 7380 3879
h 79 4394 2009
h 80 5920 2979
h 81 4512 2293
h 82 2937 1638
h 83 5011 2299
h 84 19742 9565
h 85 29535 14290
h 86 53257 26830
h 87 22423 11486
h 88 26024 13766
h 89 1414 689
h 90 9694 5041
h 91 9414 4920
h 92 3980 2208
h 93 30385 15411
h 94 2885 1362
h 95 3321 1680
h 96 10339 5020
h 97 24511 12277
h 98 11652 5402
h 99 4391 2007
h 100 16193 7981
h 101 19518 9527
h 102 4514 2323
h 103 1983 1056
h 104 27755 14342
h 105 24687 12604
h 106 21066 10502
h 107 13442 6895
h 108 10481 4841
h 109 18206 8247
h 110 13885 7232
h 111 13943 7043
h 112 19004 9861
h 113 7912 4199
h 114 9424 4542
h 119 18208 9272
h 120 11487 5359
h 121 16693 8705
h 123 25248 11925
h 126 12513 6135
h 128 25535 12662
h 129 10478 4967
h 131 14289 7036
h 135 25042 13138
h 136 14568 7157
h 137 10197 5049
h 138 4589 2241
h 145 8243 3686
h 155 4824 2440
s 1 2 1801 938
s 1 3 403 217
s 1 4 57 25
s 1 5 1295 652
s 1 6 175 79
s 1 7 1683 886
s 1 8 113 51
s 1 9 1722 889
s 1 10 43 16
s 1 11 550 219
s 1 12 69 33
s 1 13 414 192
s 1 14 3353 1708
s 1 15 499 262
s 1 16 280 145
s 1 17 699 337
s 1 18 106 45
s 1 19 683 297
s 1 20 643 340
s 1 21 1840 885
s 1 22 1187 566
s 1 23 499 272
s 1 25 1608 740
s 1 26 2522 1189
s 1 27 1595 792
s 1 28 560 266
s 1 29 1844 902
s 1 30 1402 740
s 1 31 1509 808
s 1 32 268 143
s 1 33 547 304
s 1 34 563 273
s 1 35 1020 487
s 1 36 1297 639
s 1 37 511 258
s 1 38 273 141
s 1 39 995 486
s 1 40 473 235
s 1 41 52 20
s 1 42 626 368
s 1 43 719 363
s 1 44 61 23
s 1 45 453 270
s 1 46 115 45
s 1 47 585 302
s 1 48 132 66
s 1 49 1906 1040
s 1 50 652 365
s 1 51 355 192
s 1 52 282 154
s 1 53 468 224
s 1 54 117 61
s 1 55 863 438
s 1 56 143 68
s 1 57 229 129
s 1 58 318 149
s 1 59 402 172
s 1 60 1220 674
s 1 61 205 113
s 1 62 1184 696
s 1 63 319 152
s 1 64 639 303
s 1 65 115 42
s 1 66 45 21
s 1 67 65 30
s 1 68 909 439
s 1 69 834 409
s 1 70 101 54
s 1 71 1972 1000
s 1 72 309 152
s 1 73 154 80
s 1 74 2425 1312
s 1 75 845 444
s 1 76 1782 974
s 1 77 188 100
s 1 78 422 212
s 1 79 267 111
s 1 80 110 58
s 1 81 186 99
s 1 82 155 85
s 1 83 309 147
s 1 84 1066 526
s 1 85 1748 887
s 1 86 3159 1625
s 1 87 1277 646
s 1 88 1497 787
s 1 89 12 5
s 1 90 586 309
s 1 91 467 244
s 1 92 261 137
s 1 93 490 243
s 1 94 38 15
s 1 95 32 16
s 1 96 545 268
s 1 97 1469 740
s 1 98 588 254
s 1 99 269 122
s 1 100 795 388
s 1 101 1107 533
s 1 102 268 131
s 1 103 102 53
s 1 104 1675 859
s 1 105 1648 874
s 1 106 1205 582
s 1 107 771 384
s 1 108 575 281
s 1 109 96 33
s 1 110 837 447
s 1 111 836 434
s 1 112 1308 730
s 1 113 447 259
s 1 114 285 148
s 1 119 1046 543
s 1 120 619 288
s 1 121 1166 624
s 1 123 1530 741
s 1 126 709 338
s 1 128 1471 735
s 1 129 553 290
s 1 131 886 444
s 1 135 1442 780
s 1 136 880 438
s 1 137 587 296
s 1 138 77 36
s 1 145 195 84
s 1 155 277 150
s 2 3 407 195
s 2 4 223 104
s 2 5 1715 843
s 2 6 2386 1035
s 2 7 1510 713
s 2 8 2423 1274
s 2 9 2293 1143
s 2 10 639 299
s 2 11 1043 402
s 2 12 1781 937
s 2 13 559 267
s 2 14 2973 1433
s 2 15 376 181
s 2 16 154 62
s 2 17 912 422
s 2 18 1736 902
s 2 19 975 410
s 2 20 893 459
s 2 21 2381 1123
s 2 22 1656 841
s 2 23 252 127
s 2 25 1946 877
s 2 26 3161 1495
s 2 27 1922 924
s 2 28 127 59
s 2 29 241 94
s 2 30 1896 973
s 2 31 1760 910
s 2 32 515 270
s 2 33 175 91
s 2 34 680 337
s 2 35 1459 700
s 2 36 1388 678
s 2 37 627 320
s 2 38 66 32
s 2 39 1266 583
s 2 40 609 297
s 2 41 779 376
s 2 42 446 226
s 2 43 519 268
s 2 44 865 438
s 2 45 541 287
s 2 46 587 269
s 2 47 537 243
s 2 48 2071 982
s 2 49 1054 532
s 2 50 833 433
s 2 51 388 180
s 2 52 381 205
s 2 53 1150 510
s 2 54 2206 1146
s 2 55 112 50
s 2 56 536 267
s 2 57 173 94
s 2 58 311 143
s 2 59 394 189
s 2 60 147 83
s 2 61 191 87
s 2 62 1288 691
s 2 63 494 246
s 2 64 794 360
s 2 65 92 42
s 2 66 49 25
s 2 67 1046 542
s 2 68 1163 574
s 2 69 156 66
s 2 70 879 415
s 2 71 1836 864
s 2 72 473 225
s 2 73 207 95
s 2 74 3080 1548
s 2 75 1114 587
s 2 76 2095 1123
s 2 77 38 21
s 2 78 64 33
s 2 79 301 125
s 2 80 347 174
s 2 81 152 70
s 2 82 206 117
s 2 83 336 154
s 2 84 1185 568
s 2 85 1549 756
s 2 86 3730 1818
s 2 87 1684 832
s 2 88 1577 815
s 2 89 101 51
s 2 90 635 308
s 2 91 560 296
s 2 92 158 82
s 2 93 2100 1053
s 2 94 202 93
s 2 95 228 116
s 2 96 59 23
s 2 97 819 386
s 2 98 157 59
s 2 99 43 16
s 2 100 991 461
s 2 101 1649 780
s 2 102 254 131
s 2 103 93 40
s 2 104 238 110
s 2 105 1645 806
s 2 106 1337 635
s 2 107 775 411
s 2 108 69 18
s 2 109 1260 561
s 2 110 904 467
s 2 111 934 470
s 2 112 1282 635
s 2 113 590 316
s 2 114 633 287
s 2 119 1243 601
s 2 120 567 247
s 2 121 1098 569
s 2 123 1912 915
s 2 126 796 367
s 2 128 1716 824
s 2 129 101 53
s 2 131 978 469
s 2 135 274 139
s 2 136 845 407
s 2 137 227 98
s 2 138 386 191
s 2 145 558 251
s 2 155 165 74
s 3 4 54 29
s 3 5 126 66
s 3 6 413 191
s 3 7 407 210
s 3 8 460 243
s 3 9 414 201
s 3 10 125 55
s 3 11 232 90
s 3 12 355 199
s 3 13 125 63
s 3 14 691 346
s 3 15 125 71
s 3 16 70 44
s 3 17 203 113
s 3 18 457 243
s 3 19 257 125
s 3 20 129 61
s 3 21 437 221
s 3 22 226 113
s 3 23 112 60
s 3 25 380 182
s 3 26 299 154
s 3 27 162 84
s 3 28 135 70
s 3 29 441 232
s 3 30 149 76
s 3 31 121 63
s 3 32 94 53
s 3 33 124 76
s 3 34 150 74
s 3 35 247 119
s 3 36 383 186
s 3 37 38 20
s 3 38 67 34
s 3 39 205 105
s 3 40 62 28
s 3 41 130 71
s 3 42 213 121
s 3 43 181 86
s 3 44 186 97
s 3 45 62 36
s 3 46 120 53
s 3 47 120 66
s 3 48 527 255
s 3 49 552 289
s 3 50 54 31
s 3 51 59 37
s 3 52 87 52
s 3 53 223 110
s 3 54 508 266
s 3 55 229 129
s 3 56 101 51
s 3 57 59 32
s 3 58 50 27
s 3 59 105 51
s 3 60 314 160
s 3 61 71 38
s 3 62 226 134
s 3 63 93 46
s 3 64 78 38
s 3 65 26 10
s 3 66 7 3
s 3 67 219 122
s 3 68 97 40
s 3 69 224 102
s 3 70 227 117
s 3 71 322 173
s 3 72 87 44
s 3 73 41 16
s 3 74 660 353
s 3 75 97 48
s 3 76 465 266
s 3 77 56 32
s 3 78 154 92
s 3 79 25 9
s 3 80 80 39
s 3 81 74 35
s 3 82 48 32
s 3 83 37 16
s 3 84 170 89
s 3 85 277 122
s 3 86 543 268
s 3 87 123 70
s 3 88 290 159
s 3 89 29 18
s 3 90 151 75
s 3 91 102 62
s 3 92 59 34
s 3 93 410 220
s 3 94 52 24
s 3 95 60 27
s 3 96 175 76
s 3 97 356 189
s 3 98 186 70
s 3 99 49 30
s 3 100 135 70
s 3 101 182 92
s 3 102 41 15
s 3 103 20 9
s 3 104 350 168
s 3 105 243 139
s 3 106 348 181
s 3 107 192 103
s 3 108 139 77
s 3 109 288 138
s 3 110 176 93
s 3 111 84 42
s 3 112 134 68
s 3 113 110 59
s 3 114 126 76
s 3 119 150 83
s 3 120 191 89
s 3 121 178 103
s 3 123 209 105
s 3 126 173 87
s 3 128 289 142
s 3 129 171 80
s 3 131 97 46
s 3 135 443 255
s 3 136 152 75
s 3 137 152 81
s 3 138 77 24
s 3 145 158 68
s 3 155 65 30
s 4 5 194 91
s 4 6 86 45
s 4 7 222 117
s 4 8 90 54
s 4 9 226 111
s 4 10 26 9
s 4 11 73 30
s 4 12 54 28
s 4 13 45 20
s 4 14 423 215
s 4 15 80 39
s 4 16 30 17
s 4 17 86 41
s 4 18 77 45
s 4 19 108 52
s 4 20 102 53
s 4 21 261 131
s 4 22 207 113
s 4 23 79 46
s 4 25 183 82
s 4 26 381 188
s 4 27 264 143
s 4 28 64 32
s 4 29 211 90
s 4 30 182 93
s 4 31 180 92
s 4 32 48 26
s 4 33 74 43
s 4 34 63 39
s 4 35 128 60
s 4 36 202 92
s 4 37 65 31
s 4 38 19 9
s 4 39 136 64
s 4 40 73 34
s 4 41 30 12
s 4 42 96 51
s 4 43 87 43
s 4 44 36 16
s 4 45 76 36
s 4 46 26 11
s 4 47 66 38
s 4 48 89 47
s 4 49 213 110
s 4 50 57 31
s 4 51 61 34
s 4 52 35 18
s 4 53 96 40
s 4 54 74 38
s 4 55 88 52
s 4 56 27 14
s 4 57 30 20
s 4 58 25 14
s 4 59 62 22
s 4 60 126 76
s 4 61 20 11
s 4 62 162 87
s 4 63 49 23
s 4 64 82 45
s 4 65 18 10
s 4 66 2 1
s 4 67 41 23
s 4 68 103 52
s 4 69 113 55
s 4 70 52 31
s 4 71 253 160
s 4 72 41 17
s 4 73 23 11
s 4 74 325 161
s 4 75 142 74
s 4 76 203 102
s 4 77 19 11
s 4 78 50 26
s 4 79 25 15
s 4 80 22 12
s 4 81 21 10
s 4 82 20 8
s 4 83 33 14
s 4 84 150 83
s 4 85 231 119
s 4 86 435 227
s 4 87 190 100
s 4 88 172 94
s 4 89 2 1
s 4 90 60 28
s 4 91 66 34
s 4 92 20 9
s 4 93 111 60
s 4 94 8 3
s 4 95 7 4
s 4 96 62 33
s 4 97 159 87
s 4 98 80 39
s 4 99 33 17
s 4 100 111 55
s 4 101 144 69
s 4 102 40 22
s 4 103 11 8
s 4 104 188 103
s 4 105 160 89
s 4 106 122 74
s 4 107 98 49
s 4 108 81 44
s 4 109 42 20
s 4 110 124 66
s 4 111 104 61
s 4 112 122 52
s 4 113 53 31
s 4 114 42 21
s 4 119 120 64
s 4 120 69 32
s 4 121 139 71
s 4 123 181 91
s 4 126 77 39
s 4 128 196 103
s 4 129 84 52
s 4 131 98 51
s 4 135 170 84
s 4 136 95 53
s 4 137 58 30
s 4 138 23 14
s 4 145 29 18
s 4 155 38 17
s 5 6 1721 780
s 5 7 1446 735
s 5 8 2402 1333
s 5 9 1180 606
s 5 10 430 192
s 5 11 760 333
s 5 12 1358 709
s 5 13 471 231
s 5 14 2585 1346
s 5 15 652 325
s 5 16 279 122
s 5 17 869 430
s 5 18 1420 718
s 5 19 897 392
s 5 20 637 317
s 5 21 1882 924
s 5 22 970 458
s 5 23 463 240
s 5 25 1494 702
s 5 26 1157 542
s 5 27 591 316
s 5 28 611 296
s 5 29 1929 917
s 5 30 488 261
s 5 31 432 206
s 5 32 473 275
s 5 33 478 265
s 5 34 479 236
s 5 35 1084 528
s 5 36 1743 829
s 5 37 155 82
s 5 38 202 96
s 5 39 996 471
s 5 40 247 105
s 5 41 674 328
s 5 42 1036 550
s 5 43 694 358
s 5 44 675 348
s 5 45 239 137
s 5 46 478 199
s 5 47 618 298
s 5 48 1415 740
s 5 49 1851 985
s 5 50 138 76
s 5 51 241 117
s 5 52 270 139
s 5 53 857 377
s 5 54 1796 922
s 5 55 884 441
s 5 56 413 212
s 5 57 142 60
s 5 58 170 84
s 5 59 397 200
s 5 60 1127 599
s 5 61 141 61
s 5 62 976 549
s 5 63 336 178
s 5 64 248 119
s 5 65 83 45
s 5 66 16 10
s 5 67 909 501
s 5 68 352 171
s 5 69 941 504
s 5 70 793 406
s 5 71 1513 771
s 5 72 307 155
s 5 73 185 72
s 5 74 2106 1076
s 5 75 516 277
s 5 76 1855 1020
s 5 77 167 81
s 5 78 397 213
s 5 79 113 54
s 5 80 319 169
s 5 81 263 141
s 5 82 143 84
s 5 83 132 61
s 5 84 661 319
s 5 85 1102 547
s 5 86 2121 1064
s 5 87 443 227
s 5 88 1267 676
s 5 89 72 35
s 5 90 401 205
s 5 91 253 136
s 5 92 183 105
s 5 93 1927 993
s 5 94 156 71
s 5 95 202 97
s 5 96 640 294
s 5 97 1235 637
s 5 98 667 316
s 5 99 260 108
s 5 100 552 290
s 5 101 791 381
s 5 102 156 88
s 5 103 80 38
s 5 104 1657 891
s 5 105 705 369
s 5 106 1268 617
s 5 107 710 377
s 5 108 691 299
s 5 109 994 456
s 5 110 603 301
s 5 111 244 111
s 5 112 339 155
s 5 113 352 196
s 5 114 647 319
s 5 119 555 288
s 5 120 651 295
s 5 121 385 194
s 5 123 811 370
s 5 126 764 408
s 5 128 1063 565
s 5 129 615 296
s 5 131 286 133
s 5 135 1423 785
s 5 136 645 322
s 5 137 581 262
s 5 138 245 117
s 5 145 468 203
s 5 155 192 94
s 6 7 2495 1096
s 6 8 72 27
s 6 9 2310 1043
s 6 10 23 7
s 6 11 635 214
s 6 12 55 25
s 6 13 611 277
s 6 14 4854 2227
s 6 15 718 309
s 6 16 368 152
s 6 17 927 423
s 6 18 85 46
s 6 19 929 321
s 6 20 980 453
s 6 21 2105 848
s 6 22 1625 685
s 6 23 640 279
s 6 25 2059 790
s 6 26 3248 1335
s 6 27 2054 946
s 6 28 825 330
s 6 29 2847 1158
s 6 30 1824 812
s 6 31 1703 775
s 6 32 422 202
s 6 33 685 355
s 6 34 708 335
s 6 35 1112 459
s 6 36 2027 932
s 6 37 594 222
s 6 38 263 120
s 6 39 1350 550
s 6 40 583 237
s 6 41 79 36
s 6 42 1040 509
s 6 43 928 391
s 6 44 41 15
s 6 45 591 256
s 6 46 115 44
s 6 47 767 307
s 6 48 74 27
s 6 49 2592 1186
s 6 50 632 303
s 6 51 679 288
s 6 52 373 180
s 6 53 614 230
s 6 54 78 30
s 6 55 1224 565
s 6 56 151 71
s 6 57 338 177
s 6 58 374 162
s 6 59 543 227
s 6 60 1668 763
s 6 61 223 84
s 6 62 1608 782
s 6 63 362 150
s 6 64 877 328
s 6 65 141 61
s 6 66 67 31
s 6 67 44 21
s 6 68 1136 423
s 6 69 1206 528
s 6 70 101 40
s 6 71 2710 1230
s 6 72 341 148
s 6 73 191 77
s 6 74 3028 1396
s 6 75 1073 446
s 6 76 2450 1165
s 6 77 229 106
s 6 78 578 268
s 6 79 334 130
s 6 80 126 52
s 6 81 241 95
s 6 82 189 89
s 6 83 568 248
s 6 84 1991 838
s 6 85 3033 1298
s 6 86 3948 1734
s 6 87 1616 692
s 6 88 2272 1014
s 6 89 12 5
s 6 90 700 326
s 6 91 563 263
s 6 92 321 160
s 6 93 629 289
s 6 94 19 9
s 6 95 37 21
s 6 96 959 381
s 6 97 1855 817
s 6 98 877 318
s 6 99 313 124
s 6 100 1666 715
s 6 101 1446 599
s 6 102 415 210
s 6 103 192 90
s 6 104 2261 1036
s 6 105 1783 783
s 6 106 1677 748
s 6 107 1081 462
s 6 108 934 338
s 6 109 61 24
s 6 110 1076 465
s 6 111 1060 492
s 6 112 1359 624
s 6 113 589 260
s 6 114 352 172
s 6 119 1346 603
s 6 120 911 368
s 6 121 1081 486
s 6 123 1901 735
s 6 126 981 427
s 6 128 1872 813
s 6 129 835 326
s 6 131 1014 411
s 6 135 1908 896
s 6 136 1216 531
s 6 137 904 418
s 6 138 88 35
s 6 145 251 94
s 6 155 350 157
s 7 8 2253 1248
s 7 9 1762 919
s 7 10 651 334
s 7 11 946 379
s 7 12 2234 1251
s 7 13 419 196
s 7 14 3034 1574
s 7 15 821 449
s 7 16 240 111
s 7 17 645 301
s 7 18 1675 871
s 7 19 994 446
s 7 20 999 532
s 7 21 2453 1232
s 7 22 1290 643
s 7 23 416 205
s 7 25 1496 701
s 7 26 2689 1300
s 7 27 1820 919
s 7 28 524 262
s 7 29 1615 754
s 7 30 1525 774
s 7 31 1534 788
s 7 32 425 243
s 7 33 606 331
s 7 34 519 258
s 7 35 1150 572
s 7 36 1840 912
s 7 37 592 263
s 7 38 225 120
s 7 39 997 473
s 7 40 535 255
s 7 41 768 380
s 7 42 908 513
s 7 43 773 399
s 7 44 879 455
s 7 45 451 256
s 7 46 616 294
s 7 47 658 338
s 7 48 2268 1130
s 7 49 1704 918
s 7 50 616 330
s 7 51 353 174
s 7 52 293 157
s 7 53 1081 489
s 7 54 2146 1116
s 7 55 973 512
s 7 56 542 304
s 7 57 259 156
s 7 58 310 162
s 7 59 388 172
s 7 60 1053 568
s 7 61 228 118
s 7 62 1045 619
s 7 63 492 246
s 7 64 747 322
s 7 65 108 54
s 7 66 56 25
s 7 67 1090 604
s 7 68 1153 577
s 7 69 816 396
s 7 70 946 471
s 7 71 1515 818
s 7 72 413 198
s 7 73 232 106
s 7 74 2239 1142
s 7 75 988 503
s 7 76 1564 899
s 7 77 147 80
s 7 78 369 200
s 7 79 294 130
s 7 80 413 205
s 7 81 271 144
s 7 82 180 102
s 7 83 318 156
s 7 84 1172 603
s 7 85 1792 901
s 7 86 3217 1675
s 7 87 1438 752
s 7 88 1345 745
s 7 89 93 53
s 7 90 519 257
s 7 91 591 299
s 7 92 191 112
s 7 93 2054 1083
s 7 94 215 111
s 7 95 246 137
s 7 96 491 238
s 7 97 1362 638
s 7 98 669 312
s 7 99 251 124
s 7 100 943 491
s 7 101 1128 569
s 7 102 301 155
s 7 103 120 65
s 7 104 1454 754
s 7 105 1491 732
s 7 106 1080 539
s 7 107 651 332
s 7 108 561 251
s 7 109 1424 657
s 7 110 908 489
s 7 111 923 463
s 7 112 1252 688
s 7 113 390 217
s 7 114 572 271
s 7 119 1008 526
s 7 120 582 255
s 7 121 960 484
s 7 123 1445 707
s 7 126 689 317
s 7 128 1552 757
s 7 129 577 289
s 7 131 915 470
s 7 135 1402 749
s 7 136 790 399
s 7 137 480 238
s 7 138 322 150
s 7 145 522 239
s 7 155 262 136
s 8 9 2490 1362
s 8 10 38 11
s 8 11 591 253
s 8 12 19 9
s 8 13 673 365
s 8 14 4421 2378
s 8 15 852 455
s 8 16 406 222
s 8 17 1043 549
s 8 18 57 25
s 8 19 834 388
s 8 20 875 490
s 8 21 2375 1213
s 8 22 1838 957
s 8 23 639 328
s 8 25 2345 1222
s 8 26 3898 2071
s 8 27 2540 1353
s 8 28 807 393
s 8 29 2780 1432
s 8 30 2150 1115
s 8 31 2325 1317
s 8 32 462 259
s 8 33 730 436
s 8 34 740 389
s 8 35 1472 710
s 8 36 2028 1021
s 8 37 592 314
s 8 38 247 128
s 8 39 1533 778
s 8 40 713 360
s 8 41 52 22
s 8 42 933 537
s 8 43 1082 598
s 8 44 59 22
s 8 45 633 349
s 8 46 125 57
s 8 47 841 460
s 8 48 60 30
s 8 49 2476 1424
s 8 50 612 334
s 8 51 486 269
s 8 52 397 221
s 8 53 730 326
s 8 54 30 13
s 8 55 1268 694
s 8 56 175 91
s 8 57 268 155
s 8 58 429 217
s 8 59 587 292
s 8 60 1611 881
s 8 61 184 94
s 8 62 1739 1027
s 8 63 396 189
s 8 64 890 445
s 8 65 129 71
s 8 66 42 19
s 8 67 28 10
s 8 68 1207 636
s 8 69 1251 663
s 8 70 94 45
s 8 71 2733 1503
s 8 72 417 222
s 8 73 197 97
s 8 74 3040 1693
s 8 75 1266 664
s 8 76 2627 1525
s 8 77 217 117
s 8 78 525 301
s 8 79 339 165
s 8 80 110 53
s 8 81 257 131
s 8 82 171 99
s 8 83 344 184
s 8 84 1604 858
s 8 85 2119 1126
s 8 86 4323 2336
s 8 87 1856 1003
s 8 88 2187 1253
s 8 89 17 9
s 8 90 672 369
s 8 91 429 230
s 8 92 285 163
s 8 93 572 288
s 8 94 23 10
s 8 95 33 16
s 8 96 822 429
s 8 97 2281 1300
s 8 98 918 462
s 8 99 315 157
s 8 100 1010 524
s 8 101 1720 898
s 8 102 293 158
s 8 103 146 81
s 8 104 2371 1315
s 8 105 1752 974
s 8 106 1646 918
s 8 107 1050 603
s 8 108 936 472
s 8 109 41 19
s 8 110 1020 582
s 8 111 1039 551
s 8 112 1359 734
s 8 113 524 291
s 8 114 331 171
s 8 119 1508 807
s 8 120 884 433
s 8 121 1462 811
s 8 123 1944 1010
s 8 126 993 541
s 8 128 2059 1068
s 8 129 834 435
s 8 131 1016 538
s 8 135 1950 1089
s 8 136 977 522
s 8 137 802 413
s 8 138 103 46
s 8 145 215 112
s 8 155 324 173
s 9 10 615 309
s 9 11 957 364
s 9 12 1758 896
s 9 13 625 311
s 9 14 2787 1412
s 9 15 808 401
s 9 16 320 156
s 9 17 1007 494
s 9 18 1966 1042
s 9 19 1222 546
s 9 20 791 398
s 9 21 2067 1028
s 9 22 1001 494
s 9 23 599 292
s 9 25 1913 859
s 9 26 1960 959
s 9 27 1348 724
s 9 28 722 333
s 9 29 2589 1227
s 9 30 1004 480
s 9 31 1049 553
s 9 32 550 265
s 9 33 569 334
s 9 34 610 317
s 9 35 1215 595
s 9 36 2064 1037
s 9 37 345 173
s 9 38 276 132
s 9 39 1258 611
s 9 40 329 161
s 9 41 835 448
s 9 42 1370 714
s 9 43 854 437
s 9 44 785 396
s 9 45 316 146
s 9 46 561 233
s 9 47 712 359
s 9 48 2106 1045
s 9 49 3018 1648
s 9 50 374 187
s 9 51 318 159
s 9 52 367 212
s 9 53 1054 487
s 9 54 2431 1287
s 9 55 1048 533
s 9 56 506 262
s 9 57 204 96
s 9 58 273 137
s 9 59 492 229
s 9 60 1504 754
s 9 61 203 98
s 9 62 774 399
s 9 63 318 160
s 9 64 486 226
s 9 65 110 59
s 9 66 27 12
s 9 67 1203 658
s 9 68 604 280
s 9 69 1263 644
s 9 70 914 441
s 9 71 1393 715
s 9 72 307 155
s 9 73 218 96
s 9 74 2483 1250
s 9 75 604 303
s 9 76 2532 1398
s 9 77 226 123
s 9 78 601 321
s 9 79 236 107
s 9 80 423 213
s 9 81 352 166
s 9 82 199 105
s 9 83 246 111
s 9 84 1030 503
s 9 85 1523 723
s 9 86 2117 1103
s 9 87 1016 514
s 9 88 1296 660
s 9 89 98 50
s 9 90 542 293
s 9 91 421 229
s 9 92 225 122
s 9 93 2363 1187
s 9 94 217 89
s 9 95 254 143
s 9 96 845 400
s 9 97 1384 700
s 9 98 894 399
s 9 99 285 147
s 9 100 733 402
s 9 101 819 399
s 9 102 223 114
s 9 103 110 62
s 9 104 1990 1046
s 9 105 956 478
s 9 106 1779 886
s 9 107 818 421
s 9 108 832 396
s 9 109 1237 565
s 9 110 603 325
s 9 111 600 293
s 9 112 873 435
s 9 113 502 286
s 9 114 662 300
s 9 119 803 403
s 9 120 845 411
s 9 121 556 271
s 9 123 1056 493
s 9 126 918 441
s 9 128 1239 610
s 9 129 711 331
s 9 131 603 292
s 9 135 1704 878
s 9 136 799 392
s 9 137 792 403
s 9 138 290 120
s 9 145 575 249
s 9 155 307 134
s 10 11 183 71
s 10 12 20 13
s 10 13 167 78
s 10 14 1152 594
s 10 15 167 73
s 10 16 94 50
s 10 17 237 112
s 10 18 22 11
s 10 19 249 108
s 10 20 232 106
s 10 21 601 294
s 10 22 421 207
s 10 23 181 86
s 10 25 575 268
s 10 26 922 462
s 10 27 555 288
s 10 28 207 105
s 10 29 678 307
s 10 30 475 247
s 10 31 480 242
s 10 32 106 54
s 10 33 182 100
s 10 34 218 112
s 10 35 267 128
s 10 36 504 220
s 10 37 184 87
s 10 38 88 43
s 10 39 352 163
s 10 40 145 68
s 10 41 26 13
s 10 42 208 119
s 10 43 277 134
s 10 44 21 7
s 10 45 151 77
s 10 46 29 12
s 10 47 190 93
s 10 48 26 10
s 10 49 698 365
s 10 50 213 112
s 10 51 133 62
s 10 52 85 39
s 10 53 169 60
s 10 54 27 10
s 10 55 296 136
s 10 56 36 20
s 10 57 89 51
s 10 58 103 64
s 10 59 163 79
s 10 60 448 240
s 10 61 64 33
s 10 62 396 213
s 10 63 82 37
s 10 64 231 108
s 10 65 41 14
s 10 66 12 3
s 10 67 15 7
s 10 68 343 166
s 10 69 337 183
s 10 70 46 21
s 10 71 697 341
s 10 72 103 51
s 10 73 32 14
s 10 74 845 442
s 10 75 293 121
s 10 76 647 347
s 10 77 58 28
s 10 78 173 90
s 10 79 70 29
s 10 80 41 22
s 10 81 58 34
s 10 82 63 39
s 10 83 118 51
s 10 84 411 218
s 10 85 645 320
s 10 86 1104 553
s 10 87 468 225
s 10 88 578 280
s 10 89 9 5
s 10 90 188 97
s 10 91 170 82
s 10 92 77 48
s 10 93 176 99
s 10 94 6 2
s 10 95 17 9
s 10 96 221 100
s 10 97 453 233
s 10 98 277 136
s 10 99 92 38
s 10 100 384 198
s 10 101 434 231
s 10 102 95 47
s 10 103 47 21
s 10 104 589 299
s 10 105 565 288
s 10 106 474 223
s 10 107 246 118
s 10 108 211 96
s 10 109 25 7
s 10 110 292 154
s 10 111 309 130
s 10 112 416 215
s 10 113 158 77
s 10 114 95 48
s 10 119 357 180
s 10 120 228 97
s 10 121 329 182
s 10 123 481 214
s 10 126 259 113
s 10 128 550 275
s 10 129 197 96
s 10 131 307 145
s 10 135 521 272
s 10 136 319 135
s 10 137 221 102
s 10 138 35 18
s 10 145 75 38
s 10 155 106 54
s 11 12 520 229
s 11 13 132 54
s 11 14 1792 747
s 11 15 289 138
s 11 16 141 55
s 11 17 199 88
s 11 18 524 222
s 11 19 503 158
s 11 20 457 187
s 11 21 1007 373
s 11 22 629 223
s 11 23 254 93
s 11 25 511 186
s 11 26 1480 611
s 11 27 1016 412
s 11 28 389 159
s 11 29 1135 474
s 11 30 799 326
s 11 31 793 325
s 11 32 160 62
s 11 33 308 139
s 11 34 177 77
s 11 35 396 160
s 11 36 702 254
s 11 37 269 104
s 11 38 123 49
s 11 39 341 127
s 11 40 264 108
s 11 41 248 95
s 11 42 465 190
s 11 43 315 120
s 11 44 266 110
s 11 45 195 78
s 11 46 183 66
s 11 47 256 94
s 11 48 709 276
s 11 49 953 400
s 11 50 305 124
s 11 51 250 102
s 11 52 107 60
s 11 53 397 113
s 11 54 641 304
s 11 55 544 208
s 11 56 140 57
s 11 57 162 71
s 11 58 138 56
s 11 59 186 77
s 11 60 632 276
s 11 61 72 24
s 11 62 673 325
s 11 63 216 101
s 11 64 407 155
s 11 65 56 23
s 11 66 36 12
s 11 67 301 132
s 11 68 521 192
s 11 69 471 164
s 11 70 301 124
s 11 71 1263 550
s 11 72 179 60
s 11 73 96 36
s 11 74 866 314
s 11 75 486 197
s 11 76 449 195
s 11 77 89 47
s 11 78 242 106
s 11 79 180 62
s 11 80 117 34
s 11 81 134 50
s 11 82 61 32
s 11 83 217 75
s 11 84 776 297
s 11 85 1100 427
s 11 86 1750 698
s 11 87 753 335
s 11 88 780 349
s 11 89 40 11
s 11 90 204 79
s 11 91 239 87
s 11 92 104 39
s 11 93 637 253
s 11 94 63 22
s 11 95 69 27
s 11 96 399 170
s 11 97 977 408
s 11 98 346 126
s 11 99 145 60
s 11 100 779 329
s 11 101 611 231
s 11 102 169 62
s 11 103 55 25
s 11 104 1034 441
s 11 105 818 340
s 11 106 321 127
s 11 107 356 143
s 11 108 376 123
s 11 109 375 122
s 11 110 382 161
s 11 111 473 208
s 11 112 623 261
s 11 113 128 65
s 11 114 221 92
s 11 119 576 242
s 11 120 300 103
s 11 121 498 209
s 11 123 820 327
s 11 126 257 111
s 11 128 777 291
s 11 129 437 166
s 11 131 483 176
s 11 135 833 344
s 11 136 463 193
s 11 137 301 119
s 11 138 116 46
s 11 145 170 61
s 11 155 141 56
s 12 13 517 258
s 12 14 3319 1681
s 12 15 494 268
s 12 16 265 141
s 12 17 698 359
s 12 18 37 16
s 12 19 669 317
s 12 20 629 337
s 12 21 1650 836
s 12 22 1274 692
s 12 23 482 253
s 12 25 1674 840
s 12 26 2509 1288
s 12 27 1513 835
s 12 28 515 248
s 12 29 2046 1031
s 12 30 1522 819
s 12 31 1359 755
s 12 32 255 138
s 12 33 575 333
s 12 34 608 312
s 12 35 937 506
s 12 36 1317 681
s 12 37 502 252
s 12 38 239 120
s 12 39 972 496
s 12 40 463 247
s 12 41 31 19
s 12 42 582 323
s 12 43 734 382
s 12 44 27 12
s 12 45 467 260
s 12 46 78 36
s 12 47 572 280
s 12 48 37 15
s 12 49 2092 1109
s 12 50 657 364
s 12 51 365 193
s 12 52 248 132
s 12 53 497 224
s 12 54 29 9
s 12 55 1013 530
s 12 56 122 57
s 12 57 255 147
s 12 58 283 152
s 12 59 433 211
s 12 60 1169 629
s 12 61 202 104
s 12 62 1175 669
s 12 63 289 144
s 12 64 648 327
s 12 65 122 59
s 12 66 51 35
s 12 67 15 8
s 12 68 1031 578
s 12 69 834 424
s 12 70 62 38
s 12 71 1943 1027
s 12 72 335 173
s 12 73 131 62
s 12 74 2547 1385
s 12 75 797 433
s 12 76 1765 961
s 12 77 163 79
s 12 78 422 236
s 12 79 270 134
s 12 80 79 49
s 12 81 157 75
s 12 82 119 73
s 12 83 282 132
s 12 84 1059 534
s 12 85 1789 922
s 12 86 3190 1698
s 12 87 1343 790
s 12 88 1500 804
s 12 89 9 3
s 12 90 663 364
s 12 91 360 177
s 12 92 239 124
s 12 93 384 198
s 12 94 11 3
s 12 95 15 10
s 12 96 592 285
s 12 97 1293 672
s 12 98 676 337
s 12 99 280 135
s 12 100 844 427
s 12 101 1159 595
s 12 102 218 122
s 12 103 129 80
s 12 104 1620 877
s 12 105 1699 949
s 12 106 1297 723
s 12 107 777 422
s 12 108 570 303
s 12 109 38 18
s 12 110 874 475
s 12 111 857 425
s 12 112 1319 765
s 12 113 497 278
s 12 114 240 123
s 12 119 1044 569
s 12 120 684 348
s 12 121 1178 640
s 12 123 1522 755
s 12 126 725 358
s 12 128 1501 814
s 12 129 540 267
s 12 131 966 511
s 12 135 1473 807
s 12 136 825 425
s 12 137 586 310
s 12 138 72 37
s 12 145 200 100
s 12 155 298 148
s 13 14 977 489
s 13 15 162 87
s 13 16 56 25
s 13 17 16 12
s 13 18 532 274
s 13 19 307 137
s 13 20 246 134
s 13 21 618 280
s 13 22 307 158
s 13 23 91 44
s 13 25 78 34
s 13 26 800 394
s 13 27 518 248
s 13 28 146 76
s 13 29 558 258
s 13 30 476 237
s 13 31 454 234
s 13 32 73 39
s 13 33 151 80
s 13 34 17 8
s 13 35 85 33
s 13 36 344 171
s 13 37 159 76
s 13 38 78 36
s 13 39 65 18
s 13 40 140 75
s 13 41 188 90
s 13 42 264 132
s 13 43 116 50
s 13 44 206 110
s 13 45 106 56
s 13 46 163 66
s 13 47 104 40
s 13 48 587 277
s 13 49 435 229
s 13 50 173 91
s 13 51 145 75
s 13 52 33 18
s 13 53 282 128
s 13 54 600 304
s 13 55 325 163
s 13 56 114 55
s 13 57 65 33
s 13 58 90 46
s 13 59 60 23
s 13 60 394 202
s 13 61 26 16
s 13 62 444 261
s 13 63 120 54
s 13 64 201 93
s 13 65 20 11
s 13 66 18 8
s 13 67 264 135
s 13 68 271 138
s 13 69 293 140
s 13 70 249 125
s 13 71 564 283
s 13 72 142 56
s 13 73 59 36
s 13 74 193 88
s 13 75 244 102
s 13 76 40 19
s 13 77 56 25
s 13 78 144 66
s 13 79 106 46
s 13 80 117 47
s 13 81 83 44
s 13 82 18 11
s 13 83 78 35
s 13 84 343 152
s 13 85 583 267
s 13 86 885 436
s 13 87 427 202
s 13 88 429 221
s 13 89 16 11
s 13 90 75 35
s 13 91 132 70
s 13 92 60 29
s 13 93 518 269
s 13 94 45 20
s 13 95 56 22
s 13 96 203 97
s 13 97 362 186
s 13 98 213 107
s 13 99 85 46
s 13 100 306 147
s 13 101 325 172
s 13 102 76 45
s 13 103 42 22
s 13 104 470 238
s 13 105 468 233
s 13 106 12 5
s 13 107 173 89
s 13 108 217 86
s 13 109 342 153
s 13 110 210 104
s 13 111 228 118
s 13 112 374 189
s 13 113 15 2
s 13 114 149 65
s 13 119 381 209
s 13 120 80 32
s 13 121 270 125
s 13 123 560 255
s 13 126 48 25
s 13 128 344 165
s 13 129 199 94
s 13 131 271 133
s 13 135 461 238
s 13 136 192 76
s 13 137 128 62
s 13 138 81 43
s 13 145 119 56
s 13 155 107 45
s 14 15 1523 763
s 14 16 565 285
s 14 17 1571 734
s 14 18 3384 1765
s 14 19 1897 838
s 14 20 1810 903
s 14 21 4419 2201
s 14 22 2234 1117
s 14 23 909 456
s 14 25 3625 1727
s 14 26 4585 2253
s 14 27 2674 1363
s 14 28 1097 503
s 14 29 3371 1609
s 14 30 2467 1242
s 14 31 2598 1404
s 14 32 957 512
s 14 33 1207 673
s 14 34 1270 641
s 14 35 2461 1272
s 14 36 3674 1862
s 14 37 831 397
s 14 38 420 209
s 14 39 2120 990
s 14 40 815 408
s 14 41 1490 758
s 14 42 1860 981
s 14 43 1566 825
s 14 44 1586 804
s 14 45 826 441
s 14 46 1276 620
s 14 47 1424 706
s 14 48 4275 2167
s 14 49 3904 2057
s 14 50 1031 536
s 14 51 548 274
s 14 52 734 397
s 14 53 2043 925
s 14 54 3865 2046
s 14 55 2104 1051
s 14 56 1008 503
s 14 57 497 269
s 14 58 511 248
s 14 59 898 419
s 14 60 2201 1117
s 14 61 423 189
s 14 62 1688 936
s 14 63 854 424
s 14 64 1185 593
s 14 65 224 106
s 14 66 78 44
s 14 67 1882 1042
s 14 68 1758 902
s 14 69 1743 820
s 14 70 1733 873
s 14 71 2509 1297
s 14 72 744 351
s 14 73 411 192
s 14 74 5053 2707
s 14 75 1727 895
s 14 76 4018 2215
s 14 77 362 190
s 14 78 826 441
s 14 79 510 228
s 14 80 744 362
s 14 81 516 268
s 14 82 368 198
s 14 83 441 194
s 14 84 1794 902
s 14 85 2669 1243
s 14 86 5588 2935
s 14 87 2335 1205
s 14 88 2421 1270
s 14 89 186 99
s 14 90 1145 613
s 14 91 1112 586
s 14 92 503 295
s 14 93 3763 1882
s 14 94 414 206
s 14 95 427 228
s 14 96 1060 517
s 14 97 2394 1139
s 14 98 1185 550
s 14 99 499 241
s 14 100 1365 643
s 14 101 2045 1051
s 14 102 488 245
s 14 103 217 113
s 14 104 2933 1471
s 14 105 2440 1284
s 14 106 2641 1316
s 14 107 1342 702
s 14 108 1154 526
s 14 109 2459 1151
s 14 110 1626 905
s 14 111 1668 861
s 14 112 2024 1061
s 14 113 1048 555
s 14 114 1148 580
s 14 119 1901 994
s 14 120 1378 615
s 14 121 1965 1058
s 14 123 2562 1233
s 14 126 1582 771
s 14 128 2910 1505
s 14 129 1075 531
s 14 131 1520 743
s 14 135 2714 1415
s 14 136 1598 771
s 14 137 1157 580
s 14 138 695 363
s 14 145 1074 486
s 14 155 539 256
s 15 16 73 36
s 15 17 318 151
s 15 18 638 325
s 15 19 453 214
s 15 20 321 170
s 15 21 791 397
s 15 22 532 277
s 15 23 169 78
s 15 25 578 273
s 15 26 1173 574
s 15 27 797 421
s 15 28 129 54
s 15 29 428 204
s 15 30 612 309
s 15 31 640 323
s 15 32 189 95
s 15 33 107 58
s 15 34 202 99
s 15 35 441 220
s 15 36 566 282
s 15 37 192 85
s 15 38 43 22
s 15 39 427 197
s 15 40 228 101
s 15 41 304 168
s 15 42 309 172
s 15 43 206 90
s 15 44 253 112
s 15 45 164 89
s 15 46 144 71
s 15 47 189 94
s 15 48 545 264
s 15 49 552 276
s 15 50 220 109
s 15 51 205 108
s 15 52 104 63
s 15 53 361 172
s 15 54 730 371
s 15 55 174 85
s 15 56 161 76
s 15 57 86 51
s 15 58 112 53
s 15 59 122 64
s 15 60 234 129
s 15 61 47 26
s 15 62 625 343
s 15 63 150 71
s 15 64 280 129
s 15 65 35 23
s 15 66 13 6
s 15 67 336 184
s 15 68 359 183
s 15 69 226 101
s 15 70 285 156
s 15 71 1015 554
s 15 72 177 78
s 15 73 97 47
s 15 74 856 451
s 15 75 441 218
s 15 76 726 394
s 15 77 40 20
s 15 78 89 49
s 15 79 76 32
s 15 80 122 69
s 15 81 70 43
s 15 82 59 33
s 15 83 145 69
s 15 84 575 274
s 15 85 634 285
s 15 86 1326 690
s 15 87 633 324
s 15 88 810 441
s 15 89 36 17
s 15 90 189 99
s 15 91 246 137
s 15 92 76 46
s 15 93 743 374
s 15 94 73 38
s 15 95 84 50
s 15 96 146 72
s 15 97 417 227
s 15 98 124 47
s 15 99 53 25
s 15 100 451 247
s 15 101 465 236
s 15 102 128 64
s 15 103 45 28
s 15 104 340 184
s 15 105 532 271
s 15 106 490 266
s 15 107 374 195
s 15 108 133 61
s 15 109 299 128
s 15 110 266 145
s 15 111 312 169
s 15 112 364 190
s 15 113 128 70
s 15 114 251 115
s 15 119 483 219
s 15 120 246 111
s 15 121 349 177
s 15 123 591 265
s 15 126 263 124
s 15 128 516 263
s 15 129 124 70
s 15 131 290 160
s 15 135 306 168
s 15 136 365 181
s 15 137 142 81
s 15 138 86 43
s 15 145 196 83
s 15 155 127 66
s 16 17 88 52
s 16 18 259 119
s 16 19 140 56
s 16 20 163 69
s 16 21 412 197
s 16 22 279 146
s 16 23 56 24
s 16 25 256 115
s 16 26 480 220
s 16 27 346 167
s 16 28 43 18
s 16 29 130 57
s 16 30 270 121
s 16 31 294 151
s 16 32 70 32
s 16 33 56 30
s 16 34 72 28
s 16 35 215 92
s 16 36 228 103
s 16 37 92 42
s 16 38 24 15
s 16 39 161 72
s 16 40 111 47
s 16 41 147 66
s 16 42 143 78
s 16 43 94 47
s 16 44 132 53
s 16 45 98 50
s 16 46 110 52
s 16 47 81 44
s 16 48 345 177
s 16 49 220 108
s 16 50 90 45
s 16 51 70 31
s 16 52 30 15
s 16 53 189 87
s 16 54 365 194
s 16 55 74 37
s 16 56 89 34
s 16 57 38 15
s 16 58 48 18
s 16 59 65 29
s 16 60 93 51
s 16 61 26 8
s 16 62 181 92
s 16 63 88 45
s 16 64 146 61
s 16 65 19 9
s 16 66 11 4
s 16 67 186 95
s 16 68 188 84
s 16 69 69 32
s 16 70 183 74
s 16 71 320 167
s 16 72 64 28
s 16 73 35 15
s 16 74 346 171
s 16 75 175 78
s 16 76 233 125
s 16 77 23 11
s 16 78 50 35
s 16 79 55 23
s 16 80 65 26
s 16 81 30 15
s 16 82 16 10
s 16 83 50 25
s 16 84 210 85
s 16 85 284 139
s 16 86 664 325
s 16 87 231 119
s 16 88 246 127
s 16 89 14 3
s 16 90 104 46
s 16 91 84 41
s 16 92 29 15
s 16 93 346 164
s 16 94 25 10
s 16 95 36 14
s 16 96 45 21
s 16 97 192 72
s 16 98 49 25
s 16 99 26 15
s 16 100 214 109
s 16 101 216 100
s 16 102 37 23
s 16 103 19 8
s 16 104 116 50
s 16 105 245 110
s 16 106 156 79
s 16 107 141 59
s 16 108 47 18
s 16 109 204 105
s 16 110 134 64
s 16 111 165 75
s 16 112 229 112
s 16 113 54 31
s 16 114 96 36
s 16 119 192 94
s 16 120 86 34
s 16 121 161 84
s 16 123 274 123
s 16 126 117 57
s 16 128 282 116
s 16 129 58 22
s 16 131 174 87
s 16 135 130 66
s 16 136 109 53
s 16 137 50 19
s 16 138 63 31
s 16 145 91 38
s 16 155 41 20
s 17 18 775 400
s 17 19 472 194
s 17 20 386 177
s 17 21 980 469
s 17 22 473 233
s 17 23 163 70
s 17 25 131 61
s 17 26 1274 592
s 17 27 845 409
s 17 28 251 118
s 17 29 1009 464
s 17 30 733 381
s 17 31 788 409
s 17 32 137 61
s 17 33 257 134
s 17 34 25 10
s 17 35 173 82
s 17 36 509 235
s 17 37 234 116
s 17 38 105 50
s 17 39 102 40
s 17 40 266 118
s 17 41 318 150
s 17 42 549 298
s 17 43 187 86
s 17 44 357 160
s 17 45 171 88
s 17 46 219 91
s 17 47 154 83
s 17 48 830 406
s 17 49 641 322
s 17 50 251 115
s 17 51 198 102
s 17 52 49 35
s 17 53 474 212
s 17 54 1010 487
s 17 55 516 246
s 17 56 183 93
s 17 57 114 55
s 17 58 165 70
s 17 59 80 37
s 17 60 616 310
s 17 61 25 13
s 17 62 656 377
s 17 63 241 118
s 17 64 317 156
s 17 65 41 25
s 17 66 19 5
s 17 67 463 222
s 17 68 405 201
s 17 69 508 264
s 17 70 375 173
s 17 71 1040 506
s 17 72 195 92
s 17 73 74 29
s 17 74 320 162
s 17 75 448 204
s 17 76 62 31
s 17 77 70 37
s 17 78 230 127
s 17 79 100 40
s 17 80 128 69
s 17 81 137 66
s 17 82 22 9
s 17 83 140 66
s 17 84 538 260
s 17 85 937 433
s 17 86 1410 705
s 17 87 755 337
s 17 88 719 346
s 17 89 44 16
s 17 90 158 83
s 17 91 211 107
s 17 92 65 33
s 17 93 891 412
s 17 94 74 31
s 17 95 97 53
s 17 96 340 157
s 17 97 552 257
s 17 98 302 120
s 17 99 120 48
s 17 100 463 214
s 17 101 559 239
s 17 102 112 57
s 17 103 53 39
s 17 104 796 395
s 17 105 660 340
s 17 106 28 14
s 17 107 241 117
s 17 108 338 153
s 17 109 593 279
s 17 110 331 170
s 17 111 383 170
s 17 112 544 253
s 17 113 31 11
s 17 114 217 101
s 17 119 620 313
s 17 120 127 55
s 17 121 483 254
s 17 123 829 370
s 17 126 70 33
s 17 128 530 252
s 17 129 276 127
s 17 131 411 210
s 17 135 723 379
s 17 136 305 141
s 17 137 231 105
s 17 138 136 70
s 17 145 191 82
s 17 155 166 80
s 18 19 698 321
s 18 20 701 368
s 18 21 2033 1044
s 18 22 1431 750
s 18 23 426 215
s 18 25 1762 882
s 18 26 2766 1378
s 18 27 1608 863
s 18 28 634 330
s 18 29 1975 969
s 18 30 1516 786
s 18 31 1494 805
s 18 32 350 215
s 18 33 692 383
s 18 34 621 312
s 18 35 1068 549
s 18 36 1574 866
s 18 37 552 309
s 18 38 237 126
s 18 39 1160 564
s 18 40 488 254
s 18 41 48 19
s 18 42 634 354
s 18 43 822 425
s 18 44 33 16
s 18 45 451 252
s 18 46 109 46
s 18 47 659 323
s 18 48 71 28
s 18 49 1970 1101
s 18 50 589 314
s 18 51 408 218
s 18 52 280 148
s 18 53 604 266
s 18 54 37 16
s 18 55 1214 652
s 18 56 159 90
s 18 57 272 156
s 18 58 373 180
s 18 59 428 226
s 18 60 1217 683
s 18 61 162 79
s 18 62 1521 933
s 18 63 305 152
s 18 64 678 327
s 18 65 123 58
s 18 66 54 25
s 18 67 28 9
s 18 68 1035 520
s 18 69 922 503
s 18 70 65 29
s 18 71 2112 1191
s 18 72 323 160
s 18 73 126 58
s 18 74 2585 1380
s 18 75 1006 526
s 18 76 2065 1164
s 18 77 266 160
s 18 78 482 266
s 18 79 299 151
s 18 80 94 47
s 18 81 173 90
s 18 82 163 94
s 18 83 249 113
s 18 84 1231 633
s 18 85 1828 945
s 18 86 3492 1844
s 18 87 1458 774
s 18 88 1625 926
s 18 89 13 9
s 18 90 648 346
s 18 91 464 239
s 18 92 239 136
s 18 93 501 250
s 18 94 12 5
s 18 95 27 9
s 18 96 612 305
s 18 97 1683 856
s 18 98 752 380
s 18 99 267 131
s 18 100 795 426
s 18 101 1291 649
s 18 102 272 150
s 18 103 110 69
s 18 104 1686 897
s 18 105 1643 888
s 18 106 1377 709
s 18 107 843 458
s 18 108 618 332
s 18 109 44 15
s 18 110 961 534
s 18 111 1025 583
s 18 112 1364 746
s 18 113 482 271
s 18 114 283 158
s 18 119 1234 641
s 18 120 721 348
s 18 121 1161 653
s 18 123 1640 837
s 18 126 790 403
s 18 128 1521 788
s 18 129 616 293
s 18 131 931 478
s 18 135 1550 844
s 18 136 841 468
s 18 137 619 323
s 18 138 85 37
s 18 145 187 97
s 18 155 328 175
s 19 20 572 268
s 19 21 1521 633
s 19 22 729 306
s 19 23 310 124
s 19 25 1023 413
s 19 26 1696 719
s 19 27 1080 488
s 19 28 334 138
s 19 29 1140 462
s 19 30 976 430
s 19 31 948 441
s 19 32 245 111
s 19 33 452 211
s 19 34 372 164
s 19 35 744 278
s 19 36 1037 454
s 19 37 318 136
s 19 38 141 64
s 19 39 621 259
s 19 40 309 134
s 19 41 306 143
s 19 42 472 232
s 19 43 489 207
s 19 44 365 181
s 19 45 313 139
s 19 46 287 123
s 19 47 386 172
s 19 48 868 358
s 19 49 1103 539
s 19 50 359 151
s 19 51 233 87
s 19 52 216 116
s 19 53 624 263
s 19 54 766 371
s 19 55 657 280
s 19 56 235 112
s 19 57 176 103
s 19 58 162 68
s 19 59 292 112
s 19 60 661 285
s 19 61 100 41
s 19 62 782 397
s 19 63 261 103
s 19 64 457 195
s 19 65 71 24
s 19 66 33 9
s 19 67 404 195
s 19 68 701 307
s 19 69 530 242
s 19 70 361 162
s 19 71 1056 470
s 19 72 272 117
s 19 73 123 57
s 19 74 1541 711
s 19 75 549 240
s 19 76 1097 497
s 19 77 136 71
s 19 78 314 151
s 19 79 196 71
s 19 80 193 87
s 19 81 155 66
s 19 82 98 55
s 19 83 209 92
s 19 84 741 334
s 19 85 1145 472
s 19 86 2048 887
s 19 87 916 381
s 19 88 873 372
s 19 89 47 19
s 19 90 341 165
s 19 91 333 149
s 19 92 176 79
s 19 93 906 404
s 19 94 85 29
s 19 95 111 36
s 19 96 336 137
s 19 97 987 449
s 19 98 419 180
s 19 99 154 55
s 19 100 587 253
s 19 101 687 284
s 19 102 167 78
s 19 103 70 36
s 19 104 958 439
s 19 105 960 418
s 19 106 734 337
s 19 107 469 208
s 19 108 338 134
s 19 109 523 204
s 19 110 551 263
s 19 111 587 246
s 19 112 786 386
s 19 113 288 141
s 19 114 295 136
s 19 119 678 308
s 19 120 431 177
s 19 121 609 256
s 19 123 981 388
s 19 126 461 202
s 19 128 1032 469
s 19 129 404 151
s 19 131 620 272
s 19 135 1007 457
s 19 136 550 223
s 19 137 347 149
s 19 138 145 61
s 19 145 228 87
s 19 155 193 82
s 20 21 1011 490
s 20 22 661 341
s 20 23 256 131
s 20 25 925 470
s 20 26 1207 595
s 20 27 706 372
s 20 28 343 182
s 20 29 1055 526
s 20 30 602 325
s 20 31 595 313
s 20 32 245 132
s 20 33 255 149
s 20 34 347 179
s 20 35 666 324
s 20 36 956 466
s 20 37 225 113
s 20 38 123 65
s 20 39 609 280
s 20 40 216 82
s 20 41 334 157
s 20 42 546 292
s 20 43 384 184
s 20 44 353 185
s 20 45 177 101
s 20 46 277 155
s 20 47 326 184
s 20 48 892 477
s 20 49 1030 571
s 20 50 200 110
s 20 51 164 89
s 20 52 189 112
s 20 53 490 226
s 20 54 840 431
s 20 55 397 218
s 20 56 218 116
s 20 57 140 76
s 20 58 127 63
s 20 59 234 112
s 20 60 570 306
s 20 61 88 48
s 20 62 580 318
s 20 63 211 107
s 20 64 284 142
s 20 65 33 20
s 20 66 26 8
s 20 67 357 187
s 20 68 428 231
s 20 69 453 208
s 20 70 359 167
s 20 71 976 519
s 20 72 167 79
s 20 73 127 62
s 20 74 1309 695
s 20 75 442 219
s 20 76 1005 555
s 20 77 102 54
s 20 78 214 105
s 20 79 103 55
s 20 80 153 71
s 20 81 153 91
s 20 82 80 54
s 20 83 130 65
s 20 84 606 287
s 20 85 932 476
s 20 86 1452 735
s 20 87 581 329
s 20 88 768 418
s 20 89 32 18
s 20 90 265 132
s 20 91 238 124
s 20 92 109 52
s 20 93 814 419
s 20 94 74 35
s 20 95 108 48
s 20 96 310 154
s 20 97 802 429
s 20 98 345 152
s 20 99 132 65
s 20 100 482 239
s 20 101 561 274
s 20 102 167 86
s 20 103 69 35
s 20 104 886 467
s 20 105 650 348
s 20 106 638 332
s 20 107 433 233
s 20 108 338 159
s 20 109 509 246
s 20 110 414 228
s 20 111 344 157
s 20 112 406 204
s 20 113 253 135
s 20 114 290 144
s 20 119 433 248
s 20 120 355 188
s 20 121 399 244
s 20 123 623 307
s 20 126 419 213
s 20 128 778 414
s 20 129 315 152
s 20 131 335 170
s 20 135 797 420
s 20 136 445 227
s 20 137 299 148
s 20 138 126 61
s 20 145 263 130
s 20 155 148 76
s 21 22 1537 731
s 21 23 614 285
s 21 25 2016 918
s 21 26 3297 1521
s 21 27 2022 999
s 21 28 829 392
s 21 29 2669 1294
s 21 30 1778 894
s 21 31 1828 933
s 21 32 638 343
s 21 33 677 361
s 21 34 743 386
s 21 35 1371 654
s 21 36 2281 1115
s 21 37 624 304
s 21 38 291 145
s 21 39 1340 608
s 21 40 534 251
s 21 41 896 439
s 21 42 1327 719
s 21 43 906 421
s 21 44 861 410
s 21 45 528 294
s 21 46 662 303
s 21 47 815 380
s 21 48 2077 1018
s 21 49 2775 1430
s 21 50 685 355
s 21 51 590 280
s 21 52 404 223
s 21 53 1282 548
s 21 54 2518 1277
s 21 55 1157 598
s 21 56 501 252
s 21 57 319 173
s 21 58 367 169
s 21 59 557 255
s 21 60 1577 827
s 21 61 245 123
s 21 62 1489 829
s 21 63 509 253
s 21 64 808 381
s 21 65 109 53
s 21 66 65 27
s 21 67 1146 590
s 21 68 1140 555
s 21 69 1340 639
s 21 70 1058 536
s 21 71 2543 1299
s 21 72 528 232
s 21 73 264 103
s 21 74 3041 1545
s 21 75 1123 553
s 21 76 2403 1278
s 21 77 246 119
s 21 78 564 315
s 21 79 339 139
s 21 80 482 258
s 21 81 406 217
s 21 82 231 131
s 21 83 418 196
s 21 84 1644 773
s 21 85 2517 1219
s 21 86 3710 1808
s 21 87 1702 897
s 21 88 1929 1021
s 21 89 100 61
s 21 90 627 323
s 21 91 640 339
s 21 92 304 173
s 21 93 2359 1227
s 21 94 191 92
s 21 95 235 116
s 21 96 799 399
s 21 97 1917 953
s 21 98 965 428
s 21 99 386 170
s 21 100 1497 753
s 21 101 1331 694
s 21 102 384 212
s 21 103 143 64
s 21 104 2270 1160
s 21 105 1632 817
s 21 106 1739 875
s 21 107 1086 569
s 21 108 889 385
s 21 109 1304 542
s 21 110 995 519
s 21 111 1051 524
s 21 112 1400 685
s 21 113 561 291
s 21 114 751 359
s 21 119 1287 662
s 21 120 940 425
s 21 121 1065 551
s 21 123 1675 807
s 21 126 1045 524
s 21 128 1781 847
s 21 129 858 389
s 21 131 992 477
s 21 135 2000 1051
s 21 136 1083 512
s 21 137 839 407
s 21 138 325 155
s 21 145 621 264
s 21 155 373 174
s 22 23 402 196
s 22 25 1042 459
s 22 26 1777 862
s 22 27 1107 558
s 22 28 540 245
s 22 29 1775 796
s 22 30 964 492
s 22 31 947 491
s 22 32 364 202
s 22 33 380 201
s 22 34 400 198
s 22 35 720 342
s 22 36 1320 589
s 22 37 333 156
s 22 38 168 75
s 22 39 656 300
s 22 40 288 122
s 22 41 694 357
s 22 42 976 508
s 22 43 521 256
s 22 44 667 330
s 22 45 244 131
s 22 46 428 208
s 22 47 483 234
s 22 48 1521 713
s 22 49 1584 808
s 22 50 352 182
s 22 51 271 122
s 22 52 193 109
s 22 53 778 350
s 22 54 1740 864
s 22 55 667 293
s 22 56 385 208
s 22 57 170 88
s 22 58 184 84
s 22 59 303 141
s 22 60 1106 574
s 22 61 137 70
s 22 62 658 365
s 22 63 282 132
s 22 64 444 178
s 22 65 66 34
s 22 66 36 15
s 22 67 913 480
s 22 68 599 263
s 22 69 812 413
s 22 70 718 380
s 22 71 1270 666
s 22 72 284 138
s 22 73 190 82
s 22 74 1549 819
s 22 75 514 245
s 22 76 1204 677
s 22 77 151 81
s 22 78 378 185
s 22 79 170 76
s 22 80 267 137
s 22 81 247 127
s 22 82 121 61
s 22 83 194 96
s 22 84 805 388
s 22 85 1262 585
s 22 86 1821 918
s 22 87 875 442
s 22 88 939 486
s 22 89 85 39
s 22 90 320 167
s 22 91 323 156
s 22 92 154 81
s 22 93 1534 778
s 22 94 124 69
s 22 95 180 100
s 22 96 613 293
s 22 97 1135 558
s 22 98 539 256
s 22 99 236 105
s 22 100 626 286
s 22 101 616 298
s 22 102 188 88
s 22 103 67 39
s 22 104 1689 871
s 22 105 798 409
s 22 106 793 381
s 22 107 534 271
s 22 108 577 254
s 22 109 923 379
s 22 110 485 239
s 22 111 488 237
s 22 112 643 314
s 22 113 280 157
s 22 114 450 201
s 22 119 578 266
s 22 120 488 217
s 22 121 599 314
s 22 123 869 365
s 22 126 522 246
s 22 128 933 443
s 22 129 555 279
s 22 131 485 231
s 22 135 1193 601
s 22 136 562 269
s 22 137 480 233
s 22 138 213 102
s 22 145 418 193
s 22 155 198 89
s 23 25 424 184
s 23 26 905 429
s 23 27 603 315
s 23 28 106 46
s 23 29 295 133
s 23 30 490 256
s 23 31 458 244
s 23 32 114 69
s 23 33 111 70
s 23 34 128 54
s 23 35 313 152
s 23 36 376 186
s 23 37 171 76
s 23 38 26 13
s 23 39 236 105
s 23 40 162 77
s 23 41 259 134
s 23 42 236 127
s 23 43 180 89
s 23 44 242 118
s 23 45 191 98
s 23 46 165 83
s 23 47 148 66
s 23 48 597 307
s 23 49 304 165
s 23 50 162 87
s 23 51 128 59
s 23 52 81 45
s 23 53 364 167
s 23 54 550 293
s 23 55 125 55
s 23 56 116 54
s 23 57 79 46
s 23 58 75 35
s 23 59 104 52
s 23 60 182 102
s 23 61 43 23
s 23 62 341 198
s 23 63 152 79
s 23 64 199 102
s 23 65 21 12
s 23 66 11 6
s 23 67 293 165
s 23 68 310 143
s 23 69 167 86
s 23 70 285 152
s 23 71 564 267
s 23 72 128 66
s 23 73 73 27
s 23 74 660 375
s 23 75 268 124
s 23 76 369 192
s 23 77 31 17
s 23 78 50 25
s 23 79 100 46
s 23 80 95 45
s 23 81 63 33
s 23 82 55 28
s 23 83 107 44
s 23 84 352 187
s 23 85 529 268
s 23 86 1046 512
s 23 87 455 212
s 23 88 413 211
s 23 89 25 11
s 23 90 136 75
s 23 91 150 84
s 23 92 46 26
s 23 93 591 298
s 23 94 69 37
s 23 95 61 33
s 23 96 88 44
s 23 97 346 164
s 23 98 118 47
s 23 99 31 16
s 23 100 313 163
s 23 101 341 159
s 23 102 94 50
s 23 103 44 18
s 23 104 284 141
s 23 105 458 213
s 23 106 259 109
s 23 107 182 99
s 23 108 101 49
s 23 109 368 166
s 23 110 234 118
s 23 111 284 148
s 23 112 353 176
s 23 113 106 67
s 23 114 167 91
s 23 119 335 156
s 23 120 145 67
s 23 121 301 159
s 23 123 476 220
s 23 126 142 65
s 23 128 453 221
s 23 129 117 53
s 23 131 269 138
s 23 135 239 114
s 23 136 198 94
s 23 137 90 36
s 23 138 93 41
s 23 145 134 57
s 23 155 73 37
s 25 26 2780 1291
s 25 27 1814 851
s 25 28 605 265
s 25 29 2266 1017
s 25 30 1599 750
s 25 31 1615 751
s 25 32 313 154
s 25 33 632 318
s 25 34 144 61
s 25 35 477 207
s 25 36 1194 573
s 25 37 530 241
s 25 38 254 118
s 25 39 311 139
s 25 40 528 256
s 25 41 745 369
s 25 42 1194 625
s 25 43 479 200
s 25 44 785 386
s 25 45 445 228
s 25 46 479 203
s 25 47 399 189
s 25 48 2074 953
s 25 49 1708 825
s 25 50 652 323
s 25 51 481 219
s 25 52 156 79
s 25 53 852 352
s 25 54 2215 1102
s 25 55 1046 513
s 25 56 386 188
s 25 57 325 163
s 25 58 319 142
s 25 59 216 86
s 25 60 1423 708
s 25 61 102 52
s 25 62 1465 764
s 25 63 449 191
s 25 64 702 322
s 25 65 72 18
s 25 66 62 28
s 25 67 1031 507
s 25 68 990 450
s 25 69 1018 492
s 25 70 920 411
s 25 71 2340 1179
s 25 72 443 198
s 25 73 190 83
s 25 74 989 487
s 25 75 920 440
s 25 76 334 155
s 25 77 188 106
s 25 78 477 213
s 25 79 288 130
s 25 80 347 152
s 25 81 322 132
s 25 82 64 36
s 25 83 358 148
s 25 84 1290 583
s 25 85 2056 927
s 25 86 3143 1469
s 25 87 1492 737
s 25 88 1468 702
s 25 89 103 54
s 25 90 279 111
s 25 91 543 269
s 25 92 166 100
s 25 93 1870 917
s 25 94 193 83
s 25 95 218 109
s 25 96 721 335
s 25 97 1385 630
s 25 98 713 322
s 25 99 317 130
s 25 100 1105 542
s 25 101 1030 474
s 25 102 314 143
s 25 103 130 67
s 25 104 1964 968
s 25 105 1532 730
s 25 106 242 97
s 25 107 565 259
s 25 108 726 299
s 25 109 1241 516
s 25 110 710 326
s 25 111 969 467
s 25 112 1216 585
s 25 113 110 50
s 25 114 448 189
s 25 119 1181 569
s 25 120 330 145
s 25 121 1199 572
s 25 123 1659 696
s 25 126 243 100
s 25 128 1232 524
s 25 129 706 318
s 25 131 1004 466
s 25 135 1647 767
s 25 136 709 327
s 25 137 570 251
s 25 138 255 118
s 25 145 428 172
s 25 155 290 145
s 26 27 1400 659
s 26 28 1124 523
s 26 29 3405 1567
s 26 30 1314 652
s 26 31 1241 643
s 26 32 767 385
s 26 33 865 488
s 26 34 980 484
s 26 35 2002 956
s 26 36 3014 1436
s 26 37 504 245
s 26 38 401 199
s 26 39 1763 827
s 26 40 561 268
s 26 41 1309 653
s 26 42 1822 953
s 26 43 1149 541
s 26 44 1366 694
s 26 45 589 299
s 26 46 961 449
s 26 47 915 442
s 26 48 3028 1516
s 26 49 3172 1567
s 26 50 516 273
s 26 51 490 247
s 26 52 477 256
s 26 53 1578 682
s 26 54 3410 1738
s 26 55 1415 685
s 26 56 747 372
s 26 57 352 192
s 26 58 373 178
s 26 59 686 326
s 26 60 2200 1121
s 26 61 294 135
s 26 62 1496 788
s 26 63 693 322
s 26 64 637 294
s 26 65 141 59
s 26 66 45 17
s 26 67 1580 825
s 26 68 1000 488
s 26 69 1614 743
s 26 70 1604 818
s 26 71 2544 1286
s 26 72 585 272
s 26 73 363 168
s 26 74 3982 2004
s 26 75 1101 529
s 26 76 2864 1471
s 26 77 307 172
s 26 78 728 372
s 26 79 281 116
s 26 80 625 332
s 26 81 519 248
s 26 82 291 144
s 26 83 319 140
s 26 84 1473 701
s 26 85 2403 1158
s 26 86 3856 1902
s 26 87 1274 613
s 26 88 1970 989
s 26 89 160 79
s 26 90 839 432
s 26 91 639 312
s 26 92 346 198
s 26 93 3299 1578
s 26 94 340 150
s 26 95 424 221
s 26 96 1159 547
s 26 97 2431 1198
s 26 98 1380 651
s 26 99 520 234
s 26 100 1205 584
s 26 101 1480 694
s 26 102 386 168
s 26 103 135 73
s 26 104 3211 1607
s 26 105 1548 769
s 26 106 1897 935
s 26 107 1159 573
s 26 108 1161 543
s 26 109 1870 860
s 26 110 1253 649
s 26 111 869 445
s 26 112 1097 558
s 26 113 688 374
s 26 114 1062 506
s 26 119 1003 500
s 26 120 1164 514
s 26 121 1147 594
s 26 123 1505 664
s 26 126 1256 583
s 26 128 2130 1029
s 26 129 1227 575
s 26 131 804 399
s 26 135 2784 1470
s 26 136 1230 610
s 26 137 1021 501
s 26 138 492 239
s 26 145 865 376
s 26 155 423 200
s 27 28 744 366
s 27 29 2129 1041
s 27 30 635 336
s 27 31 639 322
s 27 32 485 272
s 27 33 527 283
s 27 34 690 385
s 27 35 1324 685
s 27 36 1899 965
s 27 37 238 102
s 27 38 263 132
s 27 39 1197 585
s 27 40 294 143
s 27 41 803 398
s 27 42 1127 634
s 27 43 742 366
s 27 44 851 458
s 27 45 384 200
s 27 46 639 286
s 27 47 674 315
s 27 48 1807 896
s 27 49 2090 1108
s 27 50 245 128
s 27 51 253 118
s 27 52 331 178
s 27 53 1005 472
s 27 54 2080 1099
s 27 55 923 489
s 27 56 505 266
s 27 57 199 94
s 27 58 193 89
s 27 59 465 220
s 27 60 1365 702
s 27 61 200 104
s 27 62 966 542
s 27 63 411 186
s 27 64 363 183
s 27 65 84 42
s 27 66 21 11
s 27 67 992 544
s 27 68 571 288
s 27 69 980 484
s 27 70 1150 586
s 27 71 1576 776
s 27 72 341 149
s 27 73 203 102
s 27 74 2760 1452
s 27 75 608 322
s 27 76 2014 1090
s 27 77 202 117
s 27 78 449 248
s 27 79 123 62
s 27 80 385 193
s 27 81 294 153
s 27 82 196 106
s 27 83 152 64
s 27 84 839 395
s 27 85 1445 702
s 27 86 2410 1197
s 27 87 577 300
s 27 88 1225 660
s 27 89 96 54
s 27 90 514 277
s 27 91 312 153
s 27 92 226 127
s 27 93 2182 1113
s 27 94 183 92
s 27 95 239 112
s 27 96 723 365
s 27 97 1566 821
s 27 98 888 440
s 27 99 303 132
s 27 100 706 354
s 27 101 892 439
s 27 102 180 97
s 27 103 101 50
s 27 104 1895 960
s 27 105 937 465
s 27 106 1365 706
s 27 107 752 402
s 27 108 801 415
s 27 109 1269 597
s 27 110 726 400
s 27 111 415 211
s 27 112 506 269
s 27 113 441 222
s 27 114 686 348
s 27 119 609 340
s 27 120 758 338
s 27 121 531 272
s 27 123 824 391
s 27 126 861 433
s 27 128 1336 717
s 27 129 728 351
s 27 131 444 219
s 27 135 1764 978
s 27 136 798 427
s 27 137 626 301
s 27 138 275 124
s 27 145 494 229
s 27 155 246 131
s 28 29 176 87
s 28 30 604 289
s 28 31 647 315
s 28 32 162 79
s 28 33 77 50
s 28 34 234 100
s 28 35 425 193
s 28 36 422 203
s 28 37 199 94
s 28 38 22 9
s 28 39 377 152
s 28 40 211 101
s 28 41 253 137
s 28 42 175 99
s 28 43 182 78
s 28 44 335 165
s 28 45 173 75
s 28 46 252 112
s 28 47 165 69
s 28 48 692 336
s 28 49 423 217
s 28 50 236 131
s 28 51 145 77
s 28 52 126 58
s 28 53 399 176
s 28 54 784 375
s 28 55 87 54
s 28 56 206 104
s 28 57 55 24
s 28 58 132 79
s 28 59 129 50
s 28 60 81 42
s 28 61 64 30
s 28 62 403 197
s 28 63 194 81
s 28 64 305 127
s 28 65 24 10
s 28 66 25 12
s 28 67 298 152
s 28 68 352 143
s 28 69 84 43
s 28 70 283 141
s 28 71 675 334
s 28 72 157 66
s 28 73 80 31
s 28 74 958 447
s 28 75 391 190
s 28 76 646 329
s 28 77 20 12
s 28 78 37 16
s 28 79 110 52
s 28 80 147 68
s 28 81 58 27
s 28 82 62 31
s 28 83 126 50
s 28 84 453 208
s 28 85 629 297
s 28 86 1277 624
s 28 87 584 306
s 28 88 499 269
s 28 89 42 14
s 28 90 202 98
s 28 91 261 117
s 28 92 39 20
s 28 93 672 302
s 28 94 66 26
s 28 95 76 41
s 28 96 41 20
s 28 97 296 143
s 28 98 73 35
s 28 99 17 6
s 28 100 377 179
s 28 101 442 191
s 28 102 81 40
s 28 103 42 22
s 28 104 147 75
s 28 105 554 272
s 28 106 445 211
s 28 107 284 126
s 28 108 37 11
s 28 109 436 181
s 28 110 252 125
s 28 111 333 160
s 28 112 431 221
s 28 113 166 90
s 28 114 224 103
s 28 119 456 211
s 28 120 221 95
s 28 121 373 181
s 28 123 648 300
s 28 126 262 124
s 28 128 560 255
s 28 129 47 28
s 28 131 344 155
s 28 135 154 82
s 28 136 290 127
s 28 137 71 32
s 28 138 100 49
s 28 145 244 109
s 28 155 64 31
s 29 30 1880 891
s 29 31 1899 941
s 29 32 542 285
s 29 33 202 92
s 29 34 711 348
s 29 35 1589 712
s 29 36 1510 678
s 29 37 636 311
s 29 38 67 32
s 29 39 1393 616
s 29 40 601 259
s 29 41 855 417
s 29 42 571 296
s 29 43 634 293
s 29 44 915 436
s 29 45 641 318
s 29 46 684 302
s 29 47 590 261
s 29 48 2413 1149
s 29 49 1195 601
s 29 50 680 348
s 29 51 469 221
s 29 52 445 231
s 29 53 1133 445
s 29 54 2368 1176
s 29 55 145 63
s 29 56 591 314
s 29 57 210 114
s 29 58 333 144
s 29 59 458 215
s 29 60 162 90
s 29 61 205 99
s 29 62 1482 802
s 29 63 561 259
s 29 64 854 396
s 29 65 107 52
s 29 66 76 36
s 29 67 1194 613
s 29 68 1427 653
s 29 69 168 68
s 29 70 912 446
s 29 71 2053 1019
s 29 72 519 232
s 29 73 267 112
s 29 74 3835 1848
s 29 75 1204 529
s 29 76 2407 1226
s 29 77 55 33
s 29 78 93 54
s 29 79 374 152
s 29 80 446 207
s 29 81 192 82
s 29 82 207 118
s 29 83 371 145
s 29 84 1254 561
s 29 85 1837 858
s 29 86 4412 2154
s 29 87 1752 849
s 29 88 1961 1000
s 29 89 97 32
s 29 90 733 373
s 29 91 675 328
s 29 92 150 71
s 29 93 2218 1061
s 29 94 253 101
s 29 95 239 113
s 29 96 66 22
s 29 97 834 388
s 29 98 208 91
s 29 99 42 14
s 29 100 1050 508
s 29 101 1588 765
s 29 102 301 132
s 29 103 105 54
s 29 104 298 121
s 29 105 1926 945
s 29 106 1622 751
s 29 107 848 417
s 29 108 79 35
s 29 109 1422 630
s 29 110 979 506
s 29 111 1231 569
s 29 112 1392 656
s 29 113 616 304
s 29 114 681 300
s 29 119 1386 670
s 29 120 617 286
s 29 121 1290 632
s 29 123 2175 986
s 29 126 873 399
s 29 128 1937 896
s 29 129 107 51
s 29 131 1137 509
s 29 135 303 143
s 29 136 1023 489
s 29 137 256 119
s 29 138 395 178
s 29 145 566 232
s 29 155 178 91
s 30 31 512 277
s 30 32 430 214
s 30 33 481 278
s 30 34 565 259
s 30 35 1140 524
s 30 36 1664 835
s 30 37 177 81
s 30 38 220 110
s 30 39 1006 482
s 30 40 247 117
s 30 41 671 343
s 30 42 994 549
s 30 43 685 314
s 30 44 747 381
s 30 45 273 137
s 30 46 512 224
s 30 47 594 275
s 30 48 1699 851
s 30 49 2091 1161
s 30 50 186 104
s 30 51 257 128
s 30 52 244 127
s 30 53 828 358
s 30 54 1870 992
s 30 55 905 473
s 30 56 383 206
s 30 57 144 82
s 30 58 174 84
s 30 59 444 202
s 30 60 1229 684
s 30 61 190 89
s 30 62 932 519
s 30 63 331 166
s 30 64 254 100
s 30 65 95 43
s 30 66 12 4
s 30 67 989 523
s 30 68 398 181
s 30 69 902 465
s 30 70 807 394
s 30 71 1553 839
s 30 72 298 135
s 30 73 166 83
s 30 74 2199 1152
s 30 75 479 225
s 30 76 1856 1037
s 30 77 160 86
s 30 78 440 239
s 30 79 135 62
s 30 80 349 178
s 30 81 318 157
s 30 82 167 103
s 30 83 117 53
s 30 84 722 359
s 30 85 1122 540
s 30 86 2112 1036
s 30 87 469 251
s 30 88 1144 593
s 30 89 80 39
s 30 90 524 274
s 30 91 353 175
s 30 92 191 112
s 30 93 1774 941
s 30 94 169 85
s 30 95 175 87
s 30 96 642 321
s 30 97 1302 663
s 30 98 718 310
s 30 99 232 107
s 30 100 579 264
s 30 101 748 400
s 30 102 132 70
s 30 103 62 33
s 30 104 1652 833
s 30 105 848 454
s 30 106 1320 683
s 30 107 684 359
s 30 108 658 297
s 30 109 1035 451
s 30 110 592 284
s 30 111 266 137
s 30 112 381 201
s 30 113 460 252
s 30 114 552 289
s 30 119 590 304
s 30 120 726 344
s 30 121 491 270
s 30 123 849 397
s 30 126 710 364
s 30 128 1125 555
s 30 129 636 298
s 30 131 387 203
s 30 135 1489 745
s 30 136 722 370
s 30 137 570 275
s 30 138 209 96
s 30 145 506 227
s 30 155 217 108
s 31 32 464 253
s 31 33 460 268
s 31 34 531 262
s 31 35 1019 518
s 31 36 1655 857
s 31 37 157 79
s 31 38 206 99
s 31 39 1061 524
s 31 40 242 121
s 31 41 717 403
s 31 42 1045 578
s 31 43 650 331
s 31 44 704 369
s 31 45 277 157
s 31 46 464 223
s 31 47 557 288
s 31 48 1679 885
s 31 49 1906 1048
s 31 50 159 85
s 31 51 201 99
s 31 52 331 190
s 31 53 740 363
s 31 54 1970 1078
s 31 55 940 514
s 31 56 411 208
s 31 57 174 84
s 31 58 180 84
s 31 59 389 206
s 31 60 1287 672
s 31 61 193 103
s 31 62 969 565
s 31 63 364 182
s 31 64 261 117
s 31 65 88 49
s 31 66 14 7
s 31 67 956 535
s 31 68 347 166
s 31 69 946 499
s 31 70 838 451
s 31 71 1391 762
s 31 72 258 124
s 31 73 170 84
s 31 74 2194 1129
s 31 75 416 215
s 31 76 1940 1073
s 31 77 196 105
s 31 78 390 192
s 31 79 125 66
s 31 80 369 194
s 31 81 275 145
s 31 82 183 109
s 31 83 120 55
s 31 84 639 325
s 31 85 1030 542
s 31 86 2132 1117
s 31 87 444 247
s 31 88 1204 654
s 31 89 69 30
s 31 90 499 280
s 31 91 300 160
s 31 92 217 134
s 31 93 1954 1050
s 31 94 169 96
s 31 95 213 110
s 31 96 633 347
s 31 97 1386 720
s 31 98 719 345
s 31 99 252 135
s 31 100 510 283
s 31 101 709 329
s 31 102 157 90
s 31 103 86 49
s 31 104 1647 904
s 31 105 756 397
s 31 106 1316 675
s 31 107 783 392
s 31 108 627 293
s 31 109 1087 513
s 31 110 565 329
s 31 111 259 129
s 31 112 362 181
s 31 113 436 246
s 31 114 576 288
s 31 119 575 296
s 31 120 676 343
s 31 121 1527 839
s 31 123 805 379
s 31 126 696 366
s 31 128 1082 568
s 31 129 630 293
s 31 131 336 146
s 31 135 1543 869
s 31 136 649 355
s 31 137 605 317
s 31 138 221 109
s 31 145 487 230
s 31 155 255 124
s 32 33 114 61
s 32 34 114 65
s 32 35 252 133
s 32 36 449 235
s 32 37 159 84
s 32 38 47 24
s 32 39 195 101
s 32 40 172 99
s 32 41 125 62
s 32 42 312 180
s 32 43 189 98
s 32 44 112 59
s 32 45 130 64
s 32 46 80 38
s 32 47 158 79
s 32 48 310 157
s 32 49 426 233
s 32 50 122 71
s 32 51 107 56
s 32 52 93 58
s 32 53 264 140
s 32 54 409 218
s 32 55 274 155
s 32 56 70 36
s 32 57 55 31
s 32 58 83 40
s 32 59 91 39
s 32 60 304 160
s 32 61 30 17
s 32 62 266 153
s 32 63 98 50
s 32 64 217 108
s 32 65 18 6
s 32 66 8 3
s 32 67 171 97
s 32 68 235 122
s 32 69 284 153
s 32 70 153 69
s 32 71 606 333
s 32 72 139 73
s 32 73 56 35
s 32 74 437 223
s 32 75 278 159
s 32 76 331 194
s 32 77 41 24
s 32 78 101 53
s 32 79 72 43
s 32 80 71 34
s 32 81 68 35
s 32 82 31 19
s 32 83 82 43
s 32 84 325 163
s 32 85 477 249
s 32 86 863 438
s 32 87 399 226
s 32 88 396 221
s 32 89 10 4
s 32 90 119 57
s 32 91 109 55
s 32 92 62 38
s 32 93 401 205
s 32 94 40 19
s 32 95 59 32
s 32 96 204 105
s 32 97 349 194
s 32 98 180 91
s 32 99 73 33
s 32 100 209 111
s 32 101 315 160
s 32 102 78 46
s 32 103 24 12
s 32 104 464 243
s 32 105 342 187
s 32 106 198 96
s 32 107 190 101
s 32 108 212 118
s 32 109 168 68
s 32 110 221 123
s 32 111 200 115
s 32 112 289 151
s 32 113 96 54
s 32 114 116 61
s 32 119 324 165
s 32 120 131 63
s 32 121 330 193
s 32 123 452 230
s 32 126 129 62
s 32 128 413 230
s 32 129 164 90
s 32 131 239 126
s 32 135 404 220
s 32 136 180 86
s 32 137 156 80
s 32 138 38 18
s 32 145 95 44
s 32 155 65 32
s 33 34 250 150
s 33 35 372 200
s 33 36 404 237
s 33 37 180 104
s 33 38 39 18
s 33 39 313 164
s 33 40 118 58
s 33 41 190 110
s 33 42 185 109
s 33 43 189 93
s 33 44 272 153
s 33 45 135 80
s 33 46 208 112
s 33 47 150 82
s 33 48 789 423
s 33 49 554 336
s 33 50 202 115
s 33 51 181 101
s 33 52 143 81
s 33 53 313 172
s 33 54 725 437
s 33 55 68 40
s 33 56 155 89
s 33 57 67 46
s 33 58 100 58
s 33 59 114 60
s 33 60 124 83
s 33 61 71 34
s 33 62 550 320
s 33 63 123 69
s 33 64 224 116
s 33 65 30 12
s 33 66 20 13
s 33 67 333 194
s 33 68 354 214
s 33 69 89 40
s 33 70 328 189
s 33 71 745 430
s 33 72 135 68
s 33 73 69 29
s 33 74 986 584
s 33 75 359 202
s 33 76 710 436
s 33 77 23 16
s 33 78 62 30
s 33 79 86 49
s 33 80 157 85
s 33 81 52 31
s 33 82 81 49
s 33 83 125 62
s 33 84 357 181
s 33 85 589 336
s 33 86 1322 738
s 33 87 484 267
s 33 88 598 360
s 33 89 39 22
s 33 90 181 96
s 33 91 215 116
s 33 92 66 39
s 33 93 700 394
s 33 94 63 29
s 33 95 76 42
s 33 96 55 24
s 33 97 367 195
s 33 98 105 59
s 33 99 27 11
s 33 100 401 210
s 33 101 289 164
s 33 102 96 56
s 33 103 30 7
s 33 104 173 92
s 33 105 536 300
s 33 106 514 290
s 33 107 328 182
s 33 108 68 40
s 33 109 484 237
s 33 110 229 139
s 33 111 299 172
s 33 112 486 276
s 33 113 184 115
s 33 114 231 117
s 33 119 398 242
s 33 120 225 115
s 33 121 298 174
s 33 123 530 269
s 33 126 271 165
s 33 128 482 286
s 33 129 76 36
s 33 131 346 192
s 33 135 151 83
s 33 136 317 168
s 33 137 114 68
s 33 138 98 51
s 33 145 211 110
s 33 155 83 45
s 34 35 142 55
s 34 36 396 204
s 34 37 189 97
s 34 38 79 41
s 34 39 84 28
s 34 40 170 78
s 34 41 258 147
s 34 42 415 231
s 34 43 154 67
s 34 44 278 139
s 34 45 135 69
s 34 46 211 109
s 34 47 137 68
s 34 48 828 408
s 34 49 577 300
s 34 50 245 127
s 34 51 182 91
s 34 52 65 32
s 34 53 311 133
s 34 54 792 404
s 34 55 338 175
s 34 56 114 60
s 34 57 92 45
s 34 58 83 45
s 34 59 88 50
s 34 60 512 274
s 34 61 47 26
s 34 62 581 329
s 34 63 173 92
s 34 64 252 117
s 34 65 26 14
s 34 66 19 6
s 34 67 324 185
s 34 68 359 178
s 34 69 319 158
s 34 70 388 204
s 34 71 822 429
s 34 72 157 78
s 34 73 78 39
s 34 74 283 141
s 34 75 338 173
s 34 76 65 27
s 34 77 70 35
s 34 78 196 100
s 34 79 107 60
s 34 80 137 70
s 34 81 121 57
s 34 82 25 11
s 34 83 121 51
s 34 84 422 211
s 34 85 722 376
s 34 86 1159 573
s 34 87 537 287
s 34 88 551 288
s 34 89 37 24
s 34 90 86 36
s 34 91 216 107
s 34 92 84 44
s 34 93 626 325
s 34 94 75 31
s 34 95 83 48
s 34 96 260 126
s 34 97 512 261
s 34 98 249 109
s 34 99 132 65
s 34 100 416 193
s 34 101 407 196
s 34 102 125 55
s 34 103 68 34
s 34 104 641 350
s 34 105 670 361
s 34 106 42 20
s 34 107 196 98
s 34 108 245 125
s 34 109 453 197
s 34 110 307 146
s 34 111 353 180
s 34 112 465 253
s 34 113 35 17
s 34 114 156 70
s 34 119 390 204
s 34 120 97 54
s 34 121 487 241
s 34 123 604 297
s 34 126 65 25
s 34 128 483 237
s 34 129 228 115
s 34 131 396 185
s 34 135 627 328
s 34 136 257 124
s 34 137 185 86
s 34 138 104 54
s 34 145 169 79
s 34 155 132 76
s 35 36 1010 491
s 35 37 354 160
s 35 38 146 65
s 35 39 347 151
s 35 40 376 161
s 35 41 603 277
s 35 42 891 478
s 35 43 331 149
s 35 44 492 213
s 35 45 272 136
s 35 46 327 125
s 35 47 293 123
s 35 48 1079 544
s 35 49 1130 561
s 35 50 360 160
s 35 51 334 162
s 35 52 151 78
s 35 53 599 238
s 35 54 1438 708
s 35 55 622 288
s 35 56 198 107
s 35 57 210 113
s 35 58 187 87
s 35 59 174 68
s 35 60 904 481
s 35 61 92 43
s 35 62 891 490
s 35 63 312 134
s 35 64 502 216
s 35 65 50 14
s 35 66 29 16
s 35 67 699 351
s 35 68 698 310
s 35 69 663 322
s 35 70 588 272
s 35 71 1523 762
s 35 72 291 130
s 35 73 141 49
s 35 74 909 436
s 35 75 663 317
s 35 76 399 199
s 35 77 107 51
s 35 78 296 160
s 35 79 166 79
s 35 80 232 116
s 35 81 245 113
s 35 82 43 23
s 35 83 233 101
s 35 84 1018 504
s 35 85 1310 608
s 35 86 2119 990
s 35 87 994 495
s 35 88 959 506
s 35 89 61 26
s 35 90 186 86
s 35 91 342 172
s 35 92 95 46
s 35 93 1332 658
s 35 94 112 54
s 35 95 155 72
s 35 96 532 260
s 35 97 974 471
s 35 98 483 214
s 35 99 219 92
s 35 100 748 360
s 35 101 752 346
s 35 102 235 101
s 35 103 95 54
s 35 104 1343 674
s 35 105 957 446
s 35 106 317 139
s 35 107 434 208
s 35 108 554 211
s 35 109 651 266
s 35 110 527 275
s 35 111 593 295
s 35 112 733 335
s 35 113 106 58
s 35 114 344 147
s 35 119 778 362
s 35 120 273 108
s 35 121 668 320
s 35 123 987 452
s 35 126 220 107
s 35 128 880 402
s 35 129 526 234
s 35 131 543 231
s 35 135 1071 535
s 35 136 491 204
s 35 137 358 173
s 35 138 187 95
s 35 145 280 118
s 35 155 184 85
s 36 37 507 240
s 36 38 150 85
s 36 39 781 389
s 36 40 524 224
s 36 41 754 376
s 36 42 796 389
s 36 43 466 216
s 36 44 744 368
s 36 45 484 259
s 36 46 486 221
s 36 47 507 241
s 36 48 1661 780
s 36 49 1503 796
s 36 50 562 283
s 36 51 559 264
s 36 52 218 112
s 36 53 1024 445
s 36 54 1790 869
s 36 55 691 328
s 36 56 424 216
s 36 57 248 130
s 36 58 284 137
s 36 59 309 139
s 36 60 804 436
s 36 61 136 61
s 36 62 1419 782
s 36 63 503 250
s 36 64 746 328
s 36 65 77 35
s 36 66 50 29
s 36 67 793 423
s 36 68 1088 501
s 36 69 771 364
s 36 70 832 443
s 36 71 2414 1269
s 36 72 494 222
s 36 73 189 74
s 36 74 1828 935
s 36 75 1057 503
s 36 76 1249 660
s 36 77 99 48
s 36 78 329 156
s 36 79 281 136
s 36 80 342 166
s 36 81 266 132
s 36 82 132 68
s 36 83 345 161
s 36 84 1312 624
s 36 85 1853 870
s 36 86 3451 1781
s 36 87 1582 865
s 36 88 1869 997
s 36 89 73 40
s 36 90 435 229
s 36 91 460 227
s 36 92 172 76
s 36 93 1958 971
s 36 94 148 61
s 36 95 219 117
s 36 96 473 241
s 36 97 1339 695
s 36 98 512 238
s 36 99 176 86
s 36 100 1071 538
s 36 101 1200 557
s 36 102 307 160
s 36 103 135 79
s 36 104 1225 645
s 36 105 1521 779
s 36 106 900 451
s 36 107 827 438
s 36 108 510 233
s 36 109 935 408
s 36 110 687 336
s 36 111 970 501
s 36 112 1086 539
s 36 113 314 158
s 36 114 566 271
s 36 119 1241 668
s 36 120 507 244
s 36 121 1127 560
s 36 123 1690 807
s 36 126 561 257
s 36 128 1473 727
s 36 129 447 207
s 36 131 898 457
s 36 135 1122 575
s 36 136 759 364
s 36 137 433 206
s 36 138 266 128
s 36 145 437 181
s 36 155 272 151
s 37 38 67 36
s 37 39 313 144
s 37 40 69 28
s 37 41 245 126
s 37 42 326 161
s 37 43 236 115
s 37 44 267 135
s 37 45 71 30
s 37 46 175 80
s 37 47 166 71
s 37 48 616 297
s 37 49 718 359
s 37 50 47 19
s 37 51 90 39
s 37 52 74 37
s 37 53 223 97
s 37 54 629 298
s 37 55 267 135
s 37 56 139 60
s 37 57 40 25
s 37 58 59 26
s 37 59 117 53
s 37 60 380 200
s 37 61 82 40
s 37 62 273 148
s 37 63 113 48
s 37 64 88 39
s 37 65 27 7
s 37 66 5 3
s 37 67 349 191
s 37 68 126 63
s 37 69 285 140
s 37 70 285 141
s 37 71 547 288
s 37 72 90 37
s 37 73 63 27
s 37 74 800 405
s 37 75 137 59
s 37 76 625 354
s 37 77 70 37
s 37 78 129 69
s 37 79 44 23
s 37 80 98 46
s 37 81 66 35
s 37 82 48 22
s 37 83 34 14
s 37 84 236 127
s 37 85 354 146
s 37 86 754 365
s 37 87 133 68
s 37 88 421 217
s 37 89 22 11
s 37 90 146 67
s 37 91 110 41
s 37 92 69 38
s 37 93 559 288
s 37 94 58 28
s 37 95 56 35
s 37 96 209 87
s 37 97 478 230
s 37 98 224 104
s 37 99 95 37
s 37 100 207 106
s 37 101 231 111
s 37 102 45 23
s 37 103 26 11
s 37 104 524 264
s 37 105 282 154
s 37 106 367 173
s 37 107 235 120
s 37 108 186 66
s 37 109 365 151
s 37 110 189 101
s 37 111 99 42
s 37 112 118 67
s 37 113 164 81
s 37 114 169 80
s 37 119 208 86
s 37 120 209 91
s 37 121 144 77
s 37 123 257 109
s 37 126 232 116
s 37 128 355 169
s 37 129 226 111
s 37 131 107 54
s 37 135 431 205
s 37 136 240 107
s 37 137 182 86
s 37 138 86 28
s 37 145 155 58
s 37 155 60 39
s 38 39 115 57
s 38 40 66 26
s 38 41 95 49
s 38 42 42 21
s 38 43 58 26
s 38 44 101 33
s 38 45 79 49
s 38 46 91 43
s 38 47 59 29
s 38 48 313 154
s 38 49 170 86
s 38 50 112 60
s 38 51 44 21
s 38 52 46 23
s 38 53 156 77
s 38 54 271 138
s 38 55 41 23
s 38 56 67 35
s 38 57 27 16
s 38 58 37 15
s 38 59 49 22
s 38 60 48 24
s 38 61 37 24
s 38 62 177 100
s 38 63 66 33
s 38 64 114 55
s 38 65 18 6
s 38 66 12 5
s 38 67 134 73
s 38 68 144 66
s 38 69 39 21
s 38 70 128 70
s 38 71 232 128
s 38 72 57 20
s 38 73 36 9
s 38 74 320 146
s 38 75 129 68
s 38 76 229 138
s 38 77 15 8
s 38 78 18 8
s 38 79 55 28
s 38 80 59 32
s 38 81 23 10
s 38 82 26 11
s 38 83 40 21
s 38 84 147 67
s 38 85 223 117
s 38 86 529 253
s 38 87 208 103
s 38 88 198 106
s 38 89 14 9
s 38 90 131 67
s 38 91 91 42
s 38 92 23 11
s 38 93 241 115
s 38 94 23 9
s 38 95 41 24
s 38 96 13 5
s 38 97 135 65
s 38 98 37 10
s 38 99 15 3
s 38 100 168 76
s 38 101 160 76
s 38 102 36 17
s 38 103 16 11
s 38 104 66 31
s 38 105 221 109
s 38 106 175 87
s 38 107 89 41
s 38 108 18 7
s 38 109 183 88
s 38 110 105 60
s 38 111 145 79
s 38 112 219 127
s 38 113 73 39
s 38 114 75 37
s 38 119 166 79
s 38 120 74 40
s 38 121 164 85
s 38 123 265 112
s 38 126 96 46
s 38 128 210 103
s 38 129 24 6
s 38 131 155 76
s 38 135 72 37
s 38 136 124 48
s 38 137 47 23
s 38 138 52 25
s 38 145 74 30
s 38 155 27 16
s 39 40 353 147
s 39 41 492 211
s 39 42 752 403
s 39 43 275 129
s 39 44 538 263
s 39 45 314 162
s 39 46 316 143
s 39 47 259 112
s 39 48 1104 531
s 39 49 954 462
s 39 50 326 160
s 39 51 263 113
s 39 52 99 50
s 39 53 599 269
s 39 54 1364 676
s 39 55 626 281
s 39 56 232 121
s 39 57 131 74
s 39 58 193 87
s 39 59 141 51
s 39 60 812 401
s 39 61 60 29
s 39 62 850 468
s 39 63 285 125
s 39 64 469 210
s 39 65 43 18
s 39 66 40 18
s 39 67 662 333
s 39 68 621 272
s 39 69 647 294
s 39 70 587 283
s 39 71 1369 692
s 39 72 277 119
s 39 73 144 59
s 39 74 569 257
s 39 75 566 249
s 39 76 275 148
s 39 77 99 53
s 39 78 252 121
s 39 79 143 71
s 39 80 214 97
s 39 81 181 90
s 39 82 45 24
s 39 83 192 83
s 39 84 783 362
s 39 85 1155 513
s 39 86 2007 918
s 39 87 928 441
s 39 88 986 516
s 39 89 56 24
s 39 90 144 64
s 39 91 288 154
s 39 92 110 59
s 39 93 1251 575
s 39 94 112 48
s 39 95 135 58
s 39 96 461 202
s 39 97 864 382
s 39 98 420 192
s 39 99 165 56
s 39 100 629 300
s 39 101 759 352
s 39 102 191 94
s 39 103 76 42
s 39 104 1208 624
s 39 105 794 370
s 39 106 142 67
s 39 107 339 164
s 39 108 496 213
s 39 109 726 310
s 39 110 465 243
s 39 111 503 236
s 39 112 707 331
s 39 113 64 29
s 39 114 330 142
s 39 119 769 370
s 39 120 205 85
s 39 121 612 299
s 39 123 1003 445
s 39 126 161 67
s 39 128 763 355
s 39 129 449 199
s 39 131 529 241
s 39 135 976 497
s 39 136 353 142
s 39 137 287 137
s 39 138 172 88
s 39 145 243 89
s 39 155 181 95
s 40 41 218 104
s 40 42 357 190
s 40 43 198 103
s 40 44 242 109
s 40 45 69 35
s 40 46 158 57
s 40 47 263 113
s 40 48 499 225
s 40 49 631 302
s 40 50 56 25
s 40 51 98 51
s 40 52 113 55
s 40 53 254 105
s 40 54 589 305
s 40 55 241 119
s 40 56 152 84
s 40 57 43 24
s 40 58 57 28
s 40 59 112 44
s 40 60 379 199
s 40 61 59 24
s 40 62 241 124
s 40 63 97 54
s 40 64 125 55
s 40 65 33 9
s 40 66 10 3
s 40 67 271 137
s 40 68 167 68
s 40 69 278 136
s 40 70 272 135
s 40 71 413 204
s 40 72 68 31
s 40 73 82 28
s 40 74 691 350
s 40 75 142 63
s 40 76 640 342
s 40 77 67 38
s 40 78 123 64
s 40 79 49 21
s 40 80 116 55
s 40 81 95 39
s 40 82 48 28
s 40 83 50 18
s 40 84 279 134
s 40 85 382 182
s 40 86 589 297
s 40 87 217 110
s 40 88 399 213
s 40 89 30 14
s 40 90 132 69
s 40 91 101 49
s 40 92 74 34
s 40 93 616 312
s 40 94 51 21
s 40 95 63 26
s 40 96 236 120
s 40 97 388 193
s 40 98 198 87
s 40 99 73 31
s 40 100 175 79
s 40 101 244 102
s 40 102 39 20
s 40 103 36 9
s 40 104 514 274
s 40 105 274 144
s 40 106 361 174
s 40 107 205 100
s 40 108 206 89
s 40 109 305 143
s 40 110 153 62
s 40 111 131 64
s 40 112 150 66
s 40 113 118 49
s 40 114 207 90
s 40 119 182 88
s 40 120 232 117
s 40 121 190 101
s 40 123 256 117
s 40 126 224 111
s 40 128 313 142
s 40 129 200 102
s 40 131 125 68
s 40 135 398 202
s 40 136 218 108
s 40 137 172 76
s 40 138 53 30
s 40 145 138 52
s 40 155 74 36
s 41 42 306 182
s 41 43 314 153
s 41 44 35 14
s 41 45 225 130
s 41 46 53 25
s 41 47 264 135
s 41 48 96 46
s 41 49 738 386
s 41 50 197 99
s 41 51 185 88
s 41 52 140 78
s 41 53 328 150
s 41 54 55 23
s 41 55 408 213
s 41 56 93 47
s 41 57 92 43
s 41 58 135 61
s 41 59 164 82
s 41 60 455 231
s 41 61 63 29
s 41 62 502 282
s 41 63 131 54
s 41 64 351 162
s 41 65 34 17
s 41 66 13 6
s 41 67 30 12
s 41 68 578 297
s 41 69 379 195
s 41 70 50 23
s 41 71 752 377
s 41 72 139 77
s 41 73 88 36
s 41 74 2158 1151
s 41 75 487 242
s 41 76 809 475
s 41 77 65 30
s 41 78 165 91
s 41 79 113 60
s 41 80 38 10
s 41 81 81 45
s 41 82 47 27
s 41 83 102 54
s 41 84 579 276
s 41 85 776 383
s 41 86 1528 742
s 41 87 662 316
s 41 88 742 412
s 41 89 4 3
s 41 90 216 108
s 41 91 159 79
s 41 92 98 60
s 41 93 214 103
s 41 94 15 10
s 41 95 21 9
s 41 96 283 136
s 41 97 600 290
s 41 98 306 142
s 41 99 134 53
s 41 100 379 169
s 41 101 702 371
s 41 102 117 61
s 41 103 45 20
s 41 104 728 364
s 41 105 593 311
s 41 106 441 215
s 41 107 339 161
s 41 108 351 174
s 41 109 45 21
s 41 110 470 242
s 41 111 338 155
s 41 112 416 206
s 41 113 162 91
s 41 114 118 58
s 41 119 503 256
s 41 120 243 103
s 41 121 385 228
s 41 123 697 323
s 41 126 298 138
s 41 128 1034 495
s 41 129 283 132
s 41 131 399 186
s 41 135 734 400
s 41 136 327 130
s 41 137 229 124
s 41 138 38 23
s 41 145 63 28
s 41 155 107 56
s 42 43 381 204
s 42 44 314 154
s 42 45 295 166
s 42 46 213 104
s 42 47 347 168
s 42 48 727 395
s 42 49 735 402
s 42 50 317 177
s 42 51 242 116
s 42 52 179 100
s 42 53 562 273
s 42 54 697 350
s 42 55 216 119
s 42 56 251 135
s 42 57 107 53
s 42 58 173 93
s 42 59 240 134
s 42 60 329 190
s 42 61 87 40
s 42 62 757 455
s 42 63 287 152
s 42 64 451 236
s 42 65 49 31
s 42 66 23 15
s 42 67 379 209
s 42 68 692 353
s 42 69 236 128
s 42 70 328 190
s 42 71 1087 606
s 42 72 211 117
s 42 73 98 37
s 42 74 1501 875
s 42 75 677 348
s 42 76 1281 743
s 42 77 48 25
s 42 78 138 78
s 42 79 151 79
s 42 80 147 75
s 42 81 90 47
s 42 82 66 41
s 42 83 183 92
s 42 84 732 387
s 42 85 1048 548
s 42 86 2097 1143
s 42 87 934 531
s 42 88 1062 584
s 42 89 41 15
s 42 90 324 187
s 42 91 274 155
s 42 92 101 60
s 42 93 909 472
s 42 94 94 44
s 42 95 73 38
s 42 96 183 105
s 42 97 616 329
s 42 98 185 82
s 42 99 67 31
s 42 100 473 252
s 42 101 852 432
s 42 102 159 91
s 42 103 49 28
s 42 104 427 228
s 42 105 868 478
s 42 106 791 415
s 42 107 414 218
s 42 108 180 71
s 42 109 358 162
s 42 110 499 276
s 42 111 500 260
s 42 112 614 324
s 42 113 246 124
s 42 114 320 170
s 42 119 735 408
s 42 120 341 173
s 42 121 606 349
s 42 123 912 453
s 42 126 434 244
s 42 128 937 496
s 42 129 165 87
s 42 131 472 254
s 42 135 430 247
s 42 136 441 237
s 42 137 212 118
s 42 138 137 75
s 42 145 231 114
s 42 155 112 68
s 43 44 345 171
s 43 45 184 94
s 43 46 244 107
s 43 47 187 95
s 43 48 844 402
s 43 49 661 323
s 43 50 236 103
s 43 51 218 90
s 43 52 102 56
s 43 53 416 167
s 43 54 900 439
s 43 55 254 142
s 43 56 189 98
s 43 57 81 45
s 43 58 118 55
s 43 59 138 65
s 43 60 295 154
s 43 61 57 28
s 43 62 694 388
s 43 63 192 91
s 43 64 280 128
s 43 65 26 12
s 43 66 27 13
s 43 67 459 246
s 43 68 437 187
s 43 69 301 132
s 43 70 368 189
s 43 71 1022 511
s 43 72 152 62
s 43 73 94 33
s 43 74 702 367
s 43 75 370 168
s 43 76 476 245
s 43 77 70 33
s 43 78 129 64
s 43 79 114 57
s 43 80 155 81
s 43 81 107 57
s 43 82 57 26
s 43 83 152 72
s 43 84 553 270
s 43 85 840 388
s 43 86 1398 692
s 43 87 699 347
s 43 88 785 414
s 43 89 38 18
s 43 90 186 102
s 43 91 220 108
s 43 92 68 32
s 43 93 845 395
s 43 94 59 33
s 43 95 79 35
s 43 96 205 107
s 43 97 576 292
s 43 98 207 96
s 43 99 84 28
s 43 100 480 236
s 43 101 444 199
s 43 102 125 69
s 43 103 54 33
s 43 104 483 263
s 43 105 593 278
s 43 106 349 163
s 43 107 322 150
s 43 108 185 79
s 43 109 509 232
s 43 110 302 142
s 43 111 406 190
s 43 112 527 264
s 43 113 151 76
s 43 114 250 116
s 43 119 518 264
s 43 120 194 83
s 43 121 404 192
s 43 123 662 308
s 43 126 222 108
s 43 128 573 257
s 43 129 170 80
s 43 131 402 198
s 43 135 437 221
s 43 136 408 178
s 43 137 197 89
s 43 138 130 53
s 43 145 184 78
s 43 155 110 57
s 44 45 219 112
s 44 46 44 15
s 44 47 297 161
s 44 48 57 26
s 44 49 897 458
s 44 50 337 194
s 44 51 162 76
s 44 52 153 75
s 44 53 276 106
s 44 54 39 16
s 44 55 384 187
s 44 56 73 34
s 44 57 119 65
s 44 58 116 51
s 44 59 211 89
s 44 60 570 295
s 44 61 64 33
s 44 62 562 297
s 44 63 185 96
s 44 64 364 142
s 44 65 44 22
s 44 66 22 14
s 44 67 26 16
s 44 68 491 234
s 44 69 388 184
s 44 70 51 22
s 44 71 968 465
s 44 72 163 82
s 44 73 55 18
s 44 74 1198 623
s 44 75 437 228
s 44 76 780 434
s 44 77 77 50
s 44 78 191 95
s 44 79 122 59
s 44 80 55 23
s 44 81 94 47
s 44 82 82 48
s 44 83 125 52
s 44 84 522 261
s 44 85 853 401
s 44 86 1550 787
s 44 87 686 342
s 44 88 676 359
s 44 89 1 1
s 44 90 234 126
s 44 91 163 74
s 44 92 96 52
s 44 93 222 109
s 44 94 10 4
s 44 95 14 9
s 44 96 277 135
s 44 97 916 472
s 44 98 314 127
s 44 99 133 60
s 44 100 450 229
s 44 101 539 259
s 44 102 130 61
s 44 103 53 27
s 44 104 813 418
s 44 105 700 357
s 44 106 554 272
s 44 107 331 176
s 44 108 309 150
s 44 109 23 8
s 44 110 428 235
s 44 111 449 203
s 44 112 535 273
s 44 113 215 118
s 44 114 101 39
s 44 119 476 237
s 44 120 331 147
s 44 121 539 280
s 44 123 623 286
s 44 126 355 178
s 44 128 743 383
s 44 129 306 147
s 44 131 396 197
s 44 135 769 421
s 44 136 418 206
s 44 137 293 148
s 44 138 28 16
s 44 145 75 32
s 44 155 130 72
s 45 46 135 65
s 45 47 144 70
s 45 48 565 290
s 45 49 597 344
s 45 50 92 47
s 45 51 108 53
s 45 52 75 44
s 45 53 256 127
s 45 54 534 280
s 45 55 214 117
s 45 56 131 69
s 45 57 62 34
s 45 58 70 37
s 45 59 108 57
s 45 60 329 189
s 45 61 50 21
s 45 62 219 121
s 45 63 87 51
s 45 64 141 74
s 45 65 20 10
s 45 66 13 8
s 45 67 282 169
s 45 68 172 83
s 45 69 261 135
s 45 70 226 121
s 45 71 405 223
s 45 72 85 41
s 45 73 66 30
s 45 74 639 365
s 45 75 142 66
s 45 76 473 273
s 45 77 36 15
s 45 78 125 72
s 45 79 40 16
s 45 80 94 46
s 45 81 90 56
s 45 82 46 26
s 45 83 45 22
s 45 84 275 155
s 45 85 395 207
s 45 86 621 346
s 45 87 257 125
s 45 88 338 195
s 45 89 30 17
s 45 90 120 59
s 45 91 107 61
s 45 92 58 36
s 45 93 535 264
s 45 94 56 33
s 45 95 52 31
s 45 96 207 108
s 45 97 426 235
s 45 98 199 81
s 45 99 71 39
s 45 100 183 93
s 45 101 218 102
s 45 102 51 27
s 45 103 28 17
s 45 104 485 264
s 45 105 293 154
s 45 106 314 152
s 45 107 191 108
s 45 108 192 100
s 45 109 314 153
s 45 110 217 122
s 45 111 112 69
s 45 112 167 90
s 45 113 112 62
s 45 114 160 77
s 45 119 199 115
s 45 120 165 67
s 45 121 190 113
s 45 123 278 143
s 45 126 182 100
s 45 128 317 154
s 45 129 183 98
s 45 131 148 79
s 45 135 465 264
s 45 136 186 97
s 45 137 161 74
s 45 138 111 57
s 45 145 140 66
s 45 155 72 37
s 46 47 180 68
s 46 48 121 55
s 46 49 719 352
s 46 50 199 98
s 46 51 165 76
s 46 52 103 51
s 46 53 202 79
s 46 54 124 50
s 46 55 332 168
s 46 56 38 12
s 46 57 117 52
s 46 58 91 39
s 46 59 142 57
s 46 60 446 218
s 46 61 76 34
s 46 62 423 210
s 46 63 121 66
s 46 64 270 130
s 46 65 39 16
s 46 66 21 11
s 46 67 38 18
s 46 68 356 169
s 46 69 314 147
s 46 70 74 30
s 46 71 702 334
s 46 72 127 49
s 46 73 45 22
s 46 74 841 401
s 46 75 270 120
s 46 76 557 301
s 46 77 66 31
s 46 78 148 73
s 46 79 95 43
s 46 80 45 25
s 46 81 84 41
s 46 82 58 26
s 46 83 120 50
s 46 84 482 225
s 46 85 706 321
s 46 86 1203 570
s 46 87 506 256
s 46 88 480 241
s 46 89 11 3
s 46 90 184 94
s 46 91 137 64
s 46 92 110 68
s 46 93 217 101
s 46 94 9 3
s 46 95 25 13
s 46 96 253 123
s 46 97 517 226
s 46 98 248 111
s 46 99 95 46
s 46 100 419 190
s 46 101 356 171
s 46 102 86 42
s 46 103 39 11
s 46 104 570 271
s 46 105 551 275
s 46 106 406 200
s 46 107 300 151
s 46 108 202 80
s 46 109 82 30
s 46 110 298 134
s 46 111 327 144
s 46 112 432 217
s 46 113 150 84
s 46 114 95 42
s 46 119 410 203
s 46 120 284 135
s 46 121 285 124
s 46 123 557 259
s 46 126 269 132
s 46 128 560 245
s 46 129 261 123
s 46 131 346 169
s 46 135 540 265
s 46 136 294 134
s 46 137 220 96
s 46 138 39 14
s 46 145 93 43
s 46 155 112 45
s 47 48 703 351
s 47 49 608 315
s 47 50 210 118
s 47 51 197 90
s 47 52 104 54
s 47 53 374 172
s 47 54 743 372
s 47 55 228 94
s 47 56 160 82
s 47 57 90 41
s 47 58 118 57
s 47 59 101 44
s 47 60 314 168
s 47 61 41 22
s 47 62 535 284
s 47 63 165 83
s 47 64 239 104
s 47 65 39 15
s 47 66 20 11
s 47 67 373 192
s 47 68 317 143
s 47 69 257 121
s 47 70 321 174
s 47 71 875 437
s 47 72 156 70
s 47 73 83 41
s 47 74 598 300
s 47 75 330 142
s 47 76 410 208
s 47 77 48 25
s 47 78 123 54
s 47 79 99 44
s 47 80 127 66
s 47 81 113 59
s 47 82 43 28
s 47 83 123 52
s 47 84 506 251
s 47 85 657 306
s 47 86 1135 553
s 47 87 536 258
s 47 88 617 345
s 47 89 25 14
s 47 90 161 82
s 47 91 192 95
s 47 92 70 37
s 47 93 725 339
s 47 94 61 29
s 47 95 73 32
s 47 96 171 79
s 47 97 480 247
s 47 98 180 72
s 47 99 69 30
s 47 100 397 196
s 47 101 396 195
s 47 102 94 53
s 47 103 46 28
s 47 104 492 254
s 47 105 519 262
s 47 106 301 149
s 47 107 269 145
s 47 108 175 79
s 47 109 448 186
s 47 110 232 97
s 47 111 277 144
s 47 112 432 218
s 47 113 94 42
s 47 114 195 86
s 47 119 433 230
s 47 120 169 75
s 47 121 349 177
s 47 123 503 221
s 47 126 153 65
s 47 128 456 216
s 47 129 149 66
s 47 131 298 138
s 47 135 374 190
s 47 136 288 133
s 47 137 156 67
s 47 138 83 42
s 47 145 184 71
s 47 155 103 47
s 48 49 2631 1359
s 48 50 755 423
s 48 51 552 265
s 48 52 362 175
s 48 53 602 256
s 48 54 65 33
s 48 55 1247 627
s 48 56 177 83
s 48 57 363 200
s 48 58 347 169
s 48 59 587 289
s 48 60 1654 883
s 48 61 269 131
s 48 62 1588 883
s 48 63 383 190
s 48 64 775 372
s 48 65 144 67
s 48 66 71 35
s 48 67 39 19
s 48 68 1119 534
s 48 69 1085 528
s 48 70 97 46
s 48 71 2542 1376
s 48 72 363 166
s 48 73 140 55
s 48 74 3106 1582
s 48 75 1005 475
s 48 76 2277 1249
s 48 77 271 147
s 48 78 607 339
s 48 79 419 200
s 48 80 149 82
s 48 81 214 109
s 48 82 219 127
s 48 83 439 194
s 48 84 1548 738
s 48 85 2374 1178
s 48 86 3866 1936
s 48 87 1627 814
s 48 88 1904 1023
s 48 89 13 8
s 48 90 833 454
s 48 91 896 450
s 48 92 379 238
s 48 93 538 265
s 48 94 23 7
s 48 95 32 13
s 48 96 716 339
s 48 97 1938 982
s 48 98 841 382
s 48 99 332 143
s 48 100 1334 696
s 48 101 1467 706
s 48 102 366 184
s 48 103 162 87
s 48 104 2019 1080
s 48 105 2101 1048
s 48 106 1559 785
s 48 107 1040 535
s 48 108 663 302
s 48 109 66 25
s 48 110 1058 522
s 48 111 1209 621
s 48 112 1555 789
s 48 113 629 312
s 48 114 351 181
s 48 119 1291 660
s 48 120 858 407
s 48 121 1235 652
s 48 123 1950 936
s 48 126 911 468
s 48 128 1798 883
s 48 129 839 404
s 48 131 1215 612
s 48 135 1932 997
s 48 136 1116 571
s 48 137 827 396
s 48 138 97 58
s 48 145 246 110
s 48 155 349 178
s 49 50 865 491
s 49 51 524 289
s 49 52 368 212
s 49 53 1144 556
s 49 54 2375 1296
s 49 55 735 389
s 49 56 605 337
s 49 57 264 134
s 49 58 433 213
s 49 59 378 185
s 49 60 787 454
s 49 61 194 99
s 49 62 1810 1047
s 49 63 568 310
s 49 64 801 386
s 49 65 106 52
s 49 66 74 34
s 49 67 1181 657
s 49 68 1463 805
s 49 69 659 341
s 49 70 954 542
s 49 71 2348 1240
s 49 72 526 267
s 49 73 219 114
s 49 74 2494 1340
s 49 75 1137 580
s 49 76 1713 970
s 49 77 145 78
s 49 78 332 198
s 49 79 369 167
s 49 80 448 261
s 49 81 222 127
s 49 82 192 98
s 49 83 392 185
s 49 84 1390 718
s 49 85 2289 1195
s 49 86 4231 2214
s 49 87 1723 913
s 49 88 1759 970
s 49 89 122 55
s 49 90 722 384
s 49 91 816 425
s 49 92 230 142
s 49 93 2102 1125
s 49 94 237 123
s 49 95 230 106
s 49 96 390 205
s 49 97 1306 719
s 49 98 497 242
s 49 99 168 80
s 49 100 1194 627
s 49 101 1546 806
s 49 102 316 179
s 49 103 132 80
s 49 104 927 483
s 49 105 2320 1236
s 49 106 1155 603
s 49 107 826 457
s 49 108 391 192
s 49 109 1620 805
s 49 110 989 529
s 49 111 1294 713
s 49 112 1677 877
s 49 113 473 260
s 49 114 573 281
s 49 119 1511 803
s 49 120 531 237
s 49 121 1582 878
s 49 123 2291 1128
s 49 126 637 339
s 49 128 1777 915
s 49 129 354 183
s 49 131 1309 707
s 49 135 1104 636
s 49 136 965 488
s 49 137 480 259
s 49 138 369 195
s 49 145 599 285
s 49 155 312 176
s 50 51 96 45
s 50 52 123 74
s 50 53 349 158
s 50 54 754 399
s 50 55 357 196
s 50 56 150 76
s 50 57 64 41
s 50 58 51 25
s 50 59 187 104
s 50 60 457 263
s 50 61 105 48
s 50 62 404 254
s 50 63 112 67
s 50 64 91 44
s 50 65 37 19
s 50 66 5 3
s 50 67 317 171
s 50 68 141 75
s 50 69 301 169
s 50 70 386 206
s 50 71 631 339
s 50 72 99 47
s 50 73 60 22
s 50 74 990 528
s 50 75 119 62
s 50 76 688 404
s 50 77 89 50
s 50 78 205 107
s 50 79 53 28
s 50 80 150 79
s 50 81 90 55
s 50 82 83 53
s 50 83 53 30
s 50 84 252 129
s 50 85 355 189
s 50 86 898 483
s 50 87 148 76
s 50 88 518 308
s 50 89 51 25
s 50 90 199 98
s 50 91 142 74
s 50 92 119 69
s 50 93 671 365
s 50 94 47 22
s 50 95 90 52
s 50 96 205 99
s 50 97 523 296
s 50 98 262 131
s 50 99 138 62
s 50 100 195 93
s 50 101 281 141
s 50 102 33 17
s 50 103 32 17
s 50 104 610 346
s 50 105 411 208
s 50 106 453 240
s 50 107 271 154
s 50 108 181 101
s 50 109 467 217
s 50 110 233 132
s 50 111 78 35
s 50 112 140 73
s 50 113 224 130
s 50 114 210 111
s 50 119 254 123
s 50 120 255 136
s 50 121 206 121
s 50 123 379 188
s 50 126 245 129
s 50 128 401 209
s 50 129 232 118
s 50 131 133 76
s 50 135 571 297
s 50 136 312 164
s 50 137 268 130
s 50 138 75 47
s 50 145 228 117
s 50 155 94 52
s 51 52 95 49
s 51 53 280 153
s 51 54 449 231
s 51 55 340 176
s 51 56 142 75
s 51 57 50 30
s 51 58 65 39
s 51 59 113 53
s 51 60 287 150
s 51 61 49 27
s 51 62 162 83
s 51 63 106 51
s 51 64 107 50
s 51 65 31 13
s 51 66 17 7
s 51 67 219 108
s 51 68 154 73
s 51 69 222 101
s 51 70 209 110
s 51 71 255 125
s 51 72 93 53
s 51 73 46 20
s 51 74 626 335
s 51 75 168 83
s 51 76 514 285
s 51 77 50 31
s 51 78 121 65
s 51 79 32 13
s 51 80 101 49
s 51 81 64 32
s 51 82 46 31
s 51 83 32 16
s 51 84 186 80
s 51 85 307 152
s 51 86 602 279
s 51 87 221 120
s 51 88 243 128
s 51 89 25 18
s 51 90 142 71
s 51 91 120 67
s 51 92 83 47
s 51 93 492 204
s 51 94 47 21
s 51 95 62 42
s 51 96 129 60
s 51 97 299 147
s 51 98 194 94
s 51 99 73 30
s 51 100 129 59
s 51 101 243 120
s 51 102 40 21
s 51 103 26 12
s 51 104 389 193
s 51 105 225 109
s 51 106 321 150
s 51 107 146 72
s 51 108 191 81
s 51 109 276 116
s 51 110 187 101
s 51 111 139 68
s 51 112 165 85
s 51 113 103 48
s 51 114 167 80
s 51 119 193 85
s 51 120 167 81
s 51 121 117 50
s 51 123 253 118
s 51 126 211 114
s 51 128 353 187
s 51 129 182 81
s 51 131 117 54
s 51 135 358 184
s 51 136 169 76
s 51 137 153 75
s 51 138 83 38
s 51 145 140 61
s 51 155 52 21
s 52 53 172 89
s 52 54 362 190
s 52 55 255 154
s 52 56 55 30
s 52 57 50 28
s 52 58 52 26
s 52 59 68 32
s 52 60 253 156
s 52 61 35 13
s 52 62 298 172
s 52 63 93 53
s 52 64 122 53
s 52 65 26 18
s 52 66 9 5
s 52 67 144 78
s 52 68 154 69
s 52 69 207 102
s 52 70 127 67
s 52 71 475 284
s 52 72 80 32
s 52 73 38 20
s 52 74 260 141
s 52 75 160 85
s 52 76 146 75
s 52 77 42 18
s 52 78 83 42
s 52 79 55 28
s 52 80 66 34
s 52 81 53 31
s 52 82 30 23
s 52 83 56 26
s 52 84 238 125
s 52 85 351 169
s 52 86 640 346
s 52 87 234 119
s 52 88 280 156
s 52 89 15 6
s 52 90 103 53
s 52 91 1162 731
s 52 92 50 30
s 52 93 365 184
s 52 94 21 13
s 52 95 42 24
s 52 96 132 73
s 52 97 289 149
s 52 98 146 65
s 52 99 55 31
s 52 100 202 107
s 52 101 232 132
s 52 102 68 40
s 52 103 22 11
s 52 104 329 190
s 52 105 316 166
s 52 106 109 65
s 52 107 135 76
s 52 108 141 74
s 52 109 219 89
s 52 110 164 94
s 52 111 168 91
s 52 112 265 141
s 52 113 43 22
s 52 114 92 53
s 52 119 270 148
s 52 120 83 49
s 52 121 199 107
s 52 123 330 158
s 52 126 75 37
s 52 128 257 142
s 52 129 154 82
s 52 131 203 116
s 52 135 358 202
s 52 136 157 86
s 52 137 107 52
s 52 138 46 23
s 52 145 83 45
s 52 155 66 35
s 53 54 727 319
s 53 55 617 296
s 53 56 172 89
s 53 57 134 60
s 53 58 183 79
s 53 59 273 108
s 53 60 742 384
s 53 61 90 42
s 53 62 786 416
s 53 63 232 105
s 53 64 404 171
s 53 65 52 25
s 53 66 32 10
s 53 67 360 175
s 53 68 513 237
s 53 69 624 285
s 53 70 353 140
s 53 71 1464 707
s 53 72 259 114
s 53 73 126 52
s 53 74 1321 611
s 53 75 548 235
s 53 76 922 460
s 53 77 105 46
s 53 78 258 118
s 53 79 133 53
s 53 80 149 70
s 53 81 170 73
s 53 82 88 43
s 53 83 192 88
s 53 84 760 334
s 53 85 1038 431
s 53 86 1780 851
s 53 87 831 381
s 53 88 923 457
s 53 89 46 21
s 53 90 307 146
s 53 91 219 108
s 53 92 122 64
s 53 93 833 402
s 53 94 67 24
s 53 95 94 47
s 53 96 450 210
s 53 97 802 370
s 53 98 443 194
s 53 99 172 63
s 53 100 720 338
s 53 101 605 274
s 53 102 149 73
s 53 103 85 44
s 53 104 1079 489
s 53 105 790 361
s 53 106 727 353
s 53 107 483 220
s 53 108 449 193
s 53 109 355 124
s 53 110 453 209
s 53 111 394 193
s 53 112 602 267
s 53 113 245 112
s 53 114 301 131
s 53 119 702 326
s 53 120 446 179
s 53 121 448 193
s 53 123 904 390
s 53 126 474 214
s 53 128 858 396
s 53 129 451 201
s 53 131 441 206
s 53 135 903 404
s 53 136 479 200
s 53 137 338 149
s 53 138 122 58
s 53 145 199 84
s 53 155 176 69
s 54 55 1294 703
s 54 56 192 84
s 54 57 288 141
s 54 58 372 182
s 54 59 537 273
s 54 60 1489 822
s 54 61 183 97
s 54 62 1668 962
s 54 63 429 214
s 54 64 827 398
s 54 65 139 66
s 54 66 58 28
s 54 67 33 13
s 54 68 1312 675
s 54 69 1199 617
s 54 70 94 46
s 54 71 2676 1436
s 54 72 370 198
s 54 73 176 83
s 54 74 3139 1740
s 54 75 1167 615
s 54 76 2462 1394
s 54 77 215 109
s 54 78 522 267
s 54 79 336 158
s 54 80 115 64
s 54 81 253 144
s 54 82 165 97
s 54 83 328 155
s 54 84 1444 766
s 54 85 2063 999
s 54 86 4385 2385
s 54 87 1783 968
s 54 88 2043 1141
s 54 89 17 3
s 54 90 756 409
s 54 91 538 269
s 54 92 285 143
s 54 93 547 287
s 54 94 13 7
s 54 95 30 19
s 54 96 766 403
s 54 97 1875 981
s 54 98 986 463
s 54 99 319 147
s 54 100 1052 518
s 54 101 1544 767
s 54 102 304 157
s 54 103 146 79
s 54 104 2127 1180
s 54 105 1770 942
s 54 106 1603 785
s 54 107 1014 533
s 54 108 802 373
s 54 109 56 28
s 54 110 1049 568
s 54 111 1019 511
s 54 112 1618 890
s 54 113 602 332
s 54 114 272 141
s 54 119 1397 710
s 54 120 896 430
s 54 121 1321 686
s 54 123 2130 1036
s 54 126 923 480
s 54 128 2048 1088
s 54 129 794 395
s 54 131 1152 588
s 54 135 1886 1027
s 54 136 1005 513
s 54 137 741 393
s 54 138 98 54
s 54 145 259 123
s 54 155 360 203
s 55 56 290 167
s 55 57 111 66
s 55 58 156 81
s 55 59 226 108
s 55 60 76 34
s 55 61 112 57
s 55 62 1968 1135
s 55 63 207 98
s 55 64 383 176
s 55 65 64 31
s 55 66 33 11
s 55 67 584 308
s 55 68 523 241
s 55 69 77 29
s 55 70 526 285
s 55 71 2257 1240
s 55 72 222 110
s 55 73 111 46
s 55 74 1455 748
s 55 75 481 240
s 55 76 1292 750
s 55 77 31 11
s 55 78 33 16
s 55 79 144 75
s 55 80 221 110
s 55 81 81 32
s 55 82 117 77
s 55 83 201 90
s 55 84 598 315
s 55 85 863 434
s 55 86 1687 880
s 55 87 963 528
s 55 88 1267 686
s 55 89 59 32
s 55 90 399 213
s 55 91 356 202
s 55 92 74 45
s 55 93 1275 691
s 55 94 122 61
s 55 95 122 62
s 55 96 25 11
s 55 97 463 251
s 55 98 79 30
s 55 99 26 10
s 55 100 689 326
s 55 101 555 258
s 55 102 154 78
s 55 103 63 40
s 55 104 113 55
s 55 105 844 440
s 55 106 960 479
s 55 107 633 346
s 55 108 28 9
s 55 109 792 374
s 55 110 419 211
s 55 111 534 278
s 55 112 841 429
s 55 113 315 171
s 55 114 354 166
s 55 119 662 347
s 55 120 381 205
s 55 121 564 293
s 55 123 881 437
s 55 126 437 237
s 55 128 829 419
s 55 129 40 20
s 55 131 510 244
s 55 135 140 75
s 55 136 531 262
s 55 137 155 75
s 55 138 170 90
s 55 145 336 162
s 55 155 104 57
s 56 57 105 66
s 56 58 78 36
s 56 59 92 44
s 56 60 359 194
s 56 61 49 27
s 56 62 300 161
s 56 63 86 33
s 56 64 187 99
s 56 65 34 16
s 56 66 17 9
s 56 67 97 50
s 56 68 245 125
s 56 69 283 121
s 56 70 106 43
s 56 71 596 327
s 56 72 96 41
s 56 73 52 25
s 56 74 562 289
s 56 75 249 134
s 56 76 437 247
s 56 77 56 29
s 56 78 130 79
s 56 79 67 36
s 56 80 37 20
s 56 81 62 39
s 56 82 45 31
s 56 83 104 46
s 56 84 375 200
s 56 85 547 277
s 56 86 858 452
s 56 87 402 229
s 56 88 402 198
s 56 89 12 4
s 56 90 150 77
s 56 91 100 44
s 56 92 65 44
s 56 93 255 118
s 56 94 22 9
s 56 95 21 15
s 56 96 202 99
s 56 97 367 183
s 56 98 182 97
s 56 99 60 26
s 56 100 375 205
s 56 101 321 168
s 56 102 89 52
s 56 103 42 17
s 56 104 501 258
s 56 105 396 214
s 56 106 292 157
s 56 107 247 133
s 56 108 189 101
s 56 109 93 47
s 56 110 219 132
s 56 111 244 116
s 56 112 290 155
s 56 113 100 52
s 56 114 96 54
s 56 119 304 171
s 56 120 148 73
s 56 121 255 134
s 56 123 467 241
s 56 126 178 95
s 56 128 385 194
s 56 129 175 92
s 56 131 240 138
s 56 135 430 215
s 56 136 237 123
s 56 137 185 101
s 56 138 36 20
s 56 145 76 27
s 56 155 76 37
s 57 58 24 12
s 57 59 53 27
s 57 60 139 74
s 57 61 36 22
s 57 62 173 110
s 57 63 65 36
s 57 64 88 44
s 57 65 6 3
s 57 66 5 2
s 57 67 105 53
s 57 68 123 64
s 57 69 69 35
s 57 70 141 70
s 57 71 244 128
s 57 72 58 30
s 57 73 36 16
s 57 74 390 207
s 57 75 118 64
s 57 76 302 181
s 57 77 26 13
s 57 78 51 28
s 57 79 25 13
s 57 80 68 42
s 57 81 46 26
s 57 82 29 14
s 57 83 29 15
s 57 84 138 66
s 57 85 182 97
s 57 86 507 283
s 57 87 136 72
s 57 88 215 116
s 57 89 13 9
s 57 90 95 47
s 57 91 88 44
s 57 92 40 30
s 57 93 307 167
s 57 94 35 19
s 57 95 40 25
s 57 96 57 30
s 57 97 214 123
s 57 98 65 33
s 57 99 30 16
s 57 100 111 52
s 57 101 145 86
s 57 102 41 23
s 57 103 17 12
s 57 104 174 110
s 57 105 238 141
s 57 106 212 112
s 57 107 108 55
s 57 108 70 29
s 57 109 197 87
s 57 110 113 69
s 57 111 99 45
s 57 112 131 81
s 57 113 89 48
s 57 114 81 51
s 57 119 134 65
s 57 120 106 54
s 57 121 133 74
s 57 123 242 141
s 57 126 112 57
s 57 128 226 120
s 57 129 63 33
s 57 131 104 50
s 57 135 192 101
s 57 136 137 72
s 57 137 79 45
s 57 138 70 36
s 57 145 79 40
s 57 155 25 16
s 58 59 81 41
s 58 60 179 86
s 58 61 36 15
s 58 62 220 129
s 58 63 69 42
s 58 64 78 36
s 58 65 15 7
s 58 66 9 3
s 58 67 185 99
s 58 68 95 46
s 58 69 182 82
s 58 70 160 70
s 58 71 362 181
s 58 72 69 28
s 58 73 43 20
s 58 74 378 191
s 58 75 124 61
s 58 76 382 203
s 58 77 34 20
s 58 78 68 38
s 58 79 26 11
s 58 80 72 36
s 58 81 47 27
s 58 82 21 12
s 58 83 41 20
s 58 84 176 87
s 58 85 220 107
s 58 86 458 225
s 58 87 179 102
s 58 88 265 144
s 58 89 19 5
s 58 90 76 38
s 58 91 78 40
s 58 92 33 18
s 58 93 366 179
s 58 94 28 18
s 58 95 48 24
s 58 96 101 47
s 58 97 197 94
s 58 98 132 56
s 58 99 40 22
s 58 100 135 74
s 58 101 140 65
s 58 102 33 15
s 58 103 15 10
s 58 104 299 145
s 58 105 189 115
s 58 106 274 139
s 58 107 164 79
s 58 108 112 41
s 58 109 210 92
s 58 110 122 65
s 58 111 84 47
s 58 112 118 69
s 58 113 71 39
s 58 114 122 56
s 58 119 198 106
s 58 120 149 74
s 58 121 104 48
s 58 123 207 107
s 58 126 127 54
s 58 128 245 119
s 58 129 98 50
s 58 131 87 47
s 58 135 241 122
s 58 136 143 77
s 58 137 130 63
s 58 138 56 30
s 58 145 103 44
s 58 155 45 19
s 59 60 279 140
s 59 61 51 29
s 59 62 372 196
s 59 63 117 56
s 59 64 191 92
s 59 65 24 11
s 59 66 15 8
s 59 67 216 99
s 59 68 262 116
s 59 69 203 91
s 59 70 232 110
s 59 71 543 269
s 59 72 118 46
s 59 73 42 15
s 59 74 383 184
s 59 75 204 96
s 59 76 193 88
s 59 77 37 18
s 59 78 113 56
s 59 79 65 29
s 59 80 97 45
s 59 81 76 40
s 59 82 37 14
s 59 83 98 48
s 59 84 278 107
s 59 85 464 190
s 59 86 778 381
s 59 87 380 187
s 59 88 420 207
s 59 89 23 10
s 59 90 111 48
s 59 91 164 86
s 59 92 54 25
s 59 93 530 257
s 59 94 33 14
s 59 95 57 24
s 59 96 138 68
s 59 97 329 168
s 59 98 160 73
s 59 99 57 22
s 59 100 296 130
s 59 101 282 123
s 59 102 57 30
s 59 103 31 14
s 59 104 334 158
s 59 105 414 206
s 59 106 144 58
s 59 107 169 71
s 59 108 154 76
s 59 109 346 143
s 59 110 174 84
s 59 111 321 153
s 59 112 360 171
s 59 113 59 23
s 59 114 154 58
s 59 119 312 155
s 59 120 87 41
s 59 121 280 132
s 59 123 468 207
s 59 126 92 48
s 59 128 326 162
s 59 129 129 58
s 59 131 266 134
s 59 135 351 176
s 59 136 195 83
s 59 137 116 56
s 59 138 60 23
s 59 145 136 66
s 59 155 75 32
s 60 61 130 67
s 60 62 925 527
s 60 63 334 160
s 60 64 600 303
s 60 65 56 26
s 60 66 35 18
s 60 67 771 446
s 60 68 767 388
s 60 69 93 46
s 60 70 556 268
s 60 71 1450 806
s 60 72 312 157
s 60 73 144 69
s 60 74 1832 1034
s 60 75 721 364
s 60 76 1552 893
s 60 77 39 19
s 60 78 35 25
s 60 79 209 100
s 60 80 331 163
s 60 81 79 48
s 60 82 151 91
s 60 83 236 118
s 60 84 870 458
s 60 85 1119 565
s 60 86 2562 1377
s 60 87 1106 593
s 60 88 1120 626
s 60 89 59 32
s 60 90 484 274
s 60 91 611 349
s 60 92 134 77
s 60 93 1343 725
s 60 94 134 65
s 60 95 150 80
s 60 96 48 20
s 60 97 534 291
s 60 98 95 38
s 60 99 31 13
s 60 100 683 357
s 60 101 899 461
s 60 102 188 100
s 60 103 78 45
s 60 104 159 89
s 60 105 1279 691
s 60 106 1008 506
s 60 107 612 305
s 60 108 36 22
s 60 109 867 418
s 60 110 302 169
s 60 111 644 349
s 60 112 1000 566
s 60 113 375 220
s 60 114 413 200
s 60 119 976 536
s 60 120 409 202
s 60 121 879 474
s 60 123 1405 709
s 60 126 546 266
s 60 128 1065 583
s 60 129 65 34
s 60 131 735 393
s 60 135 129 63
s 60 136 604 316
s 60 137 171 97
s 60 138 245 122
s 60 145 361 169
s 60 155 106 56
s 61 62 172 88
s 61 63 58 23
s 61 64 83 48
s 61 65 9 5
s 61 66 12 4
s 61 67 93 45
s 61 68 131 50
s 61 69 90 41
s 61 70 86 38
s 61 71 278 140
s 61 72 44 14
s 61 73 23 8
s 61 74 185 95
s 61 75 93 44
s 61 76 123 64
s 61 77 34 19
s 61 78 51 30
s 61 79 38 13
s 61 80 26 14
s 61 81 36 25
s 61 82 14 9
s 61 83 56 25
s 61 84 155 73
s 61 85 248 127
s 61 86 369 167
s 61 87 175 86
s 61 88 168 93
s 61 89 16 6
s 61 90 68 34
s 61 91 95 52
s 61 92 30 15
s 61 93 182 96
s 61 94 23 11
s 61 95 13 9
s 61 96 61 24
s 61 97 151 75
s 61 98 72 31
s 61 99 28 13
s 61 100 159 74
s 61 101 150 76
s 61 102 38 24
s 61 103 28 15
s 61 104 201 103
s 61 105 280 144
s 61 106 69 33
s 61 107 91 50
s 61 108 49 26
s 61 109 155 63
s 61 110 119 63
s 61 111 147 59
s 61 112 207 112
s 61 113 37 16
s 61 114 51 20
s 61 119 152 73
s 61 120 58 28
s 61 121 157 79
s 61 123 218 106
s 61 126 40 15
s 61 128 179 92
s 61 129 59 31
s 61 131 151 73
s 61 135 203 118
s 61 136 124 60
s 61 137 80 36
s 61 138 32 18
s 61 145 60 29
s 61 155 32 14
s 62 63 192 90
s 62 64 374 182
s 62 65 94 48
s 62 66 24 11
s 62 67 803 488
s 62 68 502 306
s 62 69 800 454
s 62 70 626 343
s 62 71 588 300
s 62 72 206 104
s 62 73 139 65
s 62 74 1771 997
s 62 75 441 234
s 62 76 1678 1019
s 62 77 164 96
s 62 78 326 193
s 62 79 111 56
s 62 80 324 182
s 62 81 195 103
s 62 82 155 95
s 62 83 156 84
s 62 84 637 337
s 62 85 874 446
s 62 86 1359 795
s 62 87 974 560
s 62 88 519 282
s 62 89 77 40
s 62 90 414 234
s 62 91 400 239
s 62 92 224 125
s 62 93 1467 799
s 62 94 159 88
s 62 95 144 62
s 62 96 478 261
s 62 97 929 540
s 62 98 623 299
s 62 99 200 104
s 62 100 355 171
s 62 101 548 306
s 62 102 145 81
s 62 103 71 43
s 62 104 1269 742
s 62 105 656 367
s 62 106 1144 624
s 62 107 478 278
s 62 108 532 297
s 62 109 925 462
s 62 110 504 287
s 62 111 563 308
s 62 112 922 552
s 62 113 386 223
s 62 114 454 256
s 62 119 512 292
s 62 120 562 307
s 62 121 495 288
s 62 123 670 373
s 62 126 593 324
s 62 128 868 474
s 62 129 467 266
s 62 131 507 289
s 62 135 1282 769
s 62 136 544 303
s 62 137 482 280
s 62 138 220 123
s 62 145 413 209
s 62 155 192 106
s 63 64 172 84
s 63 65 30 14
s 63 66 12 4
s 63 67 159 71
s 63 68 197 94
s 63 69 212 109
s 63 70 167 78
s 63 71 475 218
s 63 72 79 39
s 63 73 58 22
s 63 74 707 353
s 63 75 216 100
s 63 76 536 280
s 63 77 45 17
s 63 78 118 52
s 63 79 58 27
s 63 80 67 34
s 63 81 75 41
s 63 82 50 31
s 63 83 71 38
s 63 84 321 151
s 63 85 463 224
s 63 86 761 357
s 63 87 341 181
s 63 88 337 156
s 63 89 20 8
s 63 90 114 51
s 63 91 130 70
s 63 92 55 31
s 63 93 441 220
s 63 94 48 28
s 63 95 46 24
s 63 96 184 75
s 63 97 384 186
s 63 98 196 87
s 63 99 84 30
s 63 100 246 117
s 63 101 237 117
s 63 102 64 26
s 63 103 21 11
s 63 104 460 243
s 63 105 297 130
s 63 106 339 145
s 63 107 177 81
s 63 108 168 70
s 63 109 242 109
s 63 110 216 128
s 63 111 204 116
s 63 112 248 111
s 63 113 147 69
s 63 114 145 78
s 63 119 224 99
s 63 120 202 96
s 63 121 200 114
s 63 123 297 139
s 63 126 240 133
s 63 128 368 178
s 63 129 179 71
s 63 131 194 94
s 63 135 405 206
s 63 136 203 104
s 63 137 161 80
s 63 138 60 34
s 63 145 123 52
s 63 155 65 31
s 64 65 38 17
s 64 66 12 4
s 64 67 421 210
s 64 68 182 80
s 64 69 377 163
s 64 70 407 193
s 64 71 709 356
s 64 72 137 62
s 64 73 82 38
s 64 74 1060 511
s 64 75 212 91
s 64 76 772 387
s 64 77 80 40
s 64 78 201 99
s 64 79 55 21
s 64 80 161 74
s 64 81 134 67
s 64 82 77 40
s 64 83 63 27
s 64 84 363 176
s 64 85 553 258
s 64 86 1007 488
s 64 87 234 112
s 64 88 559 288
s 64 89 29 11
s 64 90 197 104
s 64 91 142 54
s 64 92 88 42
s 64 93 832 412
s 64 94 83 41
s 64 95 105 46
s 64 96 279 128
s 64 97 645 319
s 64 98 308 133
s 64 99 120 49
s 64 100 291 135
s 64 101 362 157
s 64 102 73 34
s 64 103 39 24
s 64 104 732 369
s 64 105 387 188
s 64 106 519 253
s 64 107 300 133
s 64 108 289 121
s 64 109 470 191
s 64 110 305 136
s 64 111 152 70
s 64 112 196 93
s 64 113 209 121
s 64 114 251 104
s 64 119 233 109
s 64 120 281 123
s 64 121 185 87
s 64 123 381 186
s 64 126 338 152
s 64 128 493 228
s 64 129 319 137
s 64 131 169 74
s 64 135 674 325
s 64 136 302 124
s 64 137 254 107
s 64 138 112 54
s 64 145 232 85
s 64 155 98 45
s 65 66 4 3
s 65 67 67 41
s 65 68 52 24
s 65 69 34 16
s 65 70 58 31
s 65 71 139 55
s 65 72 22 10
s 65 73 11 9
s 65 74 140 68
s 65 75 47 22
s 65 76 72 37
s 65 77 12 7
s 65 78 30 14
s 65 79 18 6
s 65 80 23 11
s 65 81 14 9
s 65 82 18 6
s 65 83 19 11
s 65 84 73 39
s 65 85 109 49
s 65 86 182 76
s 65 87 78 33
s 65 88 95 48
s 65 89 5 1
s 65 90 36 16
s 65 91 39 20
s 65 92 12 6
s 65 93 121 52
s 65 94 10 5
s 65 95 14 7
s 65 96 23 9
s 65 97 87 36
s 65 98 34 13
s 65 99 15 3
s 65 100 85 34
s 65 101 66 37
s 65 102 14 8
s 65 103 6 4
s 65 104 80 32
s 65 105 94 44
s 65 106 52 22
s 65 107 39 18
s 65 108 22 10
s 65 109 75 30
s 65 110 59 32
s 65 111 46 21
s 65 112 80 45
s 65 113 24 13
s 65 114 35 20
s 65 119 61 33
s 65 120 38 14
s 65 121 89 44
s 65 123 95 42
s 65 126 45 19
s 65 128 93 49
s 65 129 26 14
s 65 131 56 28
s 65 135 82 52
s 65 136 58 27
s 65 137 30 10
s 65 138 21 10
s 65 145 41 18
s 65 155 19 13
s 66 67 46 27
s 66 68 12 3
s 66 69 27 9
s 66 70 26 11
s 66 71 54 30
s 66 72 15 6
s 66 73 3 0
s 66 74 82 50
s 66 75 11 5
s 66 76 57 31
s 66 77 9 5
s 66 78 27 12
s 66 79 2 1
s 66 80 18 7
s 66 81 11 1
s 66 82 9 5
s 66 83 2 1
s 66 84 25 13
s 66 85 32 15
s 66 86 75 36
s 66 87 13 5
s 66 88 35 19
s 66 89 5 0
s 66 90 9 6
s 66 91 9 6
s 66 92 8 4
s 66 93 46 24
s 66 94 6 1
s 66 95 7 3
s 66 96 24 10
s 66 97 47 30
s 66 98 20 9
s 66 99 8 4
s 66 100 19 8
s 66 101 19 7
s 66 102 5 3
s 66 103 3 1
s 66 104 48 27
s 66 105 33 20
s 66 106 49 26
s 66 107 29 14
s 66 108 14 4
s 66 109 53 18
s 66 110 19 12
s 66 111 2 1
s 66 112 9 8
s 66 113 18 10
s 66 114 11 6
s 66 119 24 13
s 66 120 25 10
s 66 121 15 6
s 66 123 48 23
s 66 126 26 13
s 66 128 33 12
s 66 129 19 12
s 66 131 19 8
s 66 135 49 22
s 66 136 20 13
s 66 137 21 8
s 66 138 9 3
s 66 145 20 9
s 66 155 8 4
s 67 68 621 323
s 67 69 564 311
s 67 70 46 25
s 67 71 1176 670
s 67 72 213 98
s 67 73 61 31
s 67 74 1542 857
s 67 75 624 345
s 67 76 1191 693
s 67 77 126 68
s 67 78 254 132
s 67 79 150 68
s 67 80 42 20
s 67 81 122 61
s 67 82 69 36
s 67 83 179 87
s 67 84 652 321
s 67 85 1022 520
s 67 86 1891 1016
s 67 87 855 479
s 67 88 993 551
s 67 89 10 5
s 67 90 346 195
s 67 91 207 117
s 67 92 121 65
s 67 93 293 163
s 67 94 5 2
s 67 95 18 10
s 67 96 389 212
s 67 97 788 415
s 67 98 381 181
s 67 99 142 69
s 67 100 434 224
s 67 101 745 411
s 67 102 150 86
s 67 103 70 40
s 67 104 1088 584
s 67 105 816 450
s 67 106 749 396
s 67 107 461 249
s 67 108 388 188
s 67 109 22 9
s 67 110 560 310
s 67 111 521 287
s 67 112 672 377
s 67 113 279 156
s 67 114 145 73
s 67 119 703 368
s 67 120 449 220
s 67 121 634 352
s 67 123 954 475
s 67 126 458 239
s 67 128 861 460
s 67 129 381 191
s 67 131 484 249
s 67 135 952 524
s 67 136 542 293
s 67 137 386 212
s 67 138 44 27
s 67 145 116 50
s 67 155 168 93
s 68 69 527 236
s 68 70 460 225
s 68 71 996 525
s 68 72 167 79
s 68 73 111 56
s 68 74 1520 793
s 68 75 229 110
s 68 76 1151 599
s 68 77 111 57
s 68 78 258 141
s 68 79 60 31
s 68 80 258 126
s 68 81 235 109
s 68 82 101 51
s 68 83 108 48
s 68 84 507 250
s 68 85 741 339
s 68 86 1398 674
s 68 87 307 156
s 68 88 767 388
s 68 89 45 21
s 68 90 333 156
s 68 91 211 102
s 68 92 148 80
s 68 93 1217 609
s 68 94 129 64
s 68 95 143 77
s 68 96 431 204
s 68 97 885 422
s 68 98 447 211
s 68 99 172 74
s 68 100 381 206
s 68 101 421 202
s 68 102 100 42
s 68 103 61 33
s 68 104 1099 596
s 68 105 572 301
s 68 106 741 364
s 68 107 452 227
s 68 108 395 165
s 68 109 720 333
s 68 110 365 179
s 68 111 227 108
s 68 112 264 132
s 68 113 322 156
s 68 114 337 160
s 68 119 382 189
s 68 120 465 226
s 68 121 306 157
s 68 123 630 283
s 68 126 496 236
s 68 128 773 387
s 68 129 424 175
s 68 131 236 115
s 68 135 879 455
s 68 136 518 261
s 68 137 418 201
s 68 138 134 59
s 68 145 296 121
s 68 155 132 62
s 69 70 450 218
s 69 71 1051 556
s 69 72 234 109
s 69 73 109 49
s 69 74 1336 661
s 69 75 501 242
s 69 76 1212 651
s 69 77 29 16
s 69 78 30 13
s 69 79 144 65
s 69 80 211 99
s 69 81 60 34
s 69 82 93 39
s 69 83 159 70
s 69 84 589 285
s 69 85 796 376
s 69 86 2089 1032
s 69 87 867 454
s 69 88 924 500
s 69 89 47 21
s 69 90 364 190
s 69 91 259 143
s 69 92 87 45
s 69 93 1146 586
s 69 94 97 46
s 69 95 111 65
s 69 96 34 18
s 69 97 445 218
s 69 98 77 38
s 69 99 19 9
s 69 100 470 212
s 69 101 721 341
s 69 102 115 48
s 69 103 57 23
s 69 104 141 79
s 69 105 854 449
s 69 106 809 414
s 69 107 449 227
s 69 108 44 14
s 69 109 662 294
s 69 110 399 190
s 69 111 478 227
s 69 112 676 330
s 69 113 262 140
s 69 114 312 130
s 69 119 696 382
s 69 120 305 141
s 69 121 990 510
s 69 123 987 462
s 69 126 413 189
s 69 128 825 417
s 69 129 68 31
s 69 131 518 235
s 69 135 165 89
s 69 136 402 185
s 69 137 140 80
s 69 138 184 93
s 69 145 304 137
s 69 155 89 47
s 70 71 1022 565
s 70 72 184 91
s 70 73 95 50
s 70 74 1515 781
s 70 75 453 230
s 70 76 922 504
s 70 77 107 71
s 70 78 265 146
s 70 79 145 64
s 70 80 59 31
s 70 81 114 55
s 70 82 68 33
s 70 83 144 71
s 70 84 611 290
s 70 85 877 430
s 70 86 1745 905
s 70 87 792 426
s 70 88 805 441
s 70 89 8 3
s 70 90 319 175
s 70 91 246 142
s 70 92 149 79
s 70 93 263 135
s 70 94 15 7
s 70 95 20 8
s 70 96 304 152
s 70 97 808 381
s 70 98 372 180
s 70 99 154 86
s 70 100 569 277
s 70 101 691 329
s 70 102 154 83
s 70 103 58 35
s 70 104 851 441
s 70 105 797 407
s 70 106 660 324
s 70 107 425 243
s 70 108 333 173
s 70 109 56 21
s 70 110 447 232
s 70 111 487 269
s 70 112 651 356
s 70 113 260 151
s 70 114 191 89
s 70 119 569 292
s 70 120 372 181
s 70 121 553 292
s 70 123 769 383
s 70 126 374 188
s 70 128 933 458
s 70 129 387 188
s 70 131 491 236
s 70 135 838 450
s 70 136 448 213
s 70 137 291 139
s 70 138 55 23
s 70 145 91 37
s 70 155 147 73
s 71 72 373 182
s 71 73 231 107
s 71 74 2997 1619
s 71 75 988 537
s 71 76 2428 1383
s 71 77 207 114
s 71 78 476 263
s 71 79 225 107
s 71 80 461 230
s 71 81 279 132
s 71 82 223 119
s 71 83 279 128
s 71 84 1102 547
s 71 85 1544 788
s 71 86 2498 1290
s 71 87 1619 883
s 71 88 1124 610
s 71 89 104 52
s 71 90 676 393
s 71 91 789 430
s 71 92 320 185
s 71 93 2415 1262
s 71 94 254 128
s 71 95 276 134
s 71 96 702 362
s 71 97 1370 682
s 71 98 871 442
s 71 99 330 154
s 71 100 701 342
s 71 101 956 487
s 71 102 250 134
s 71 103 93 49
s 71 104 1817 942
s 71 105 1175 615
s 71 106 1595 858
s 71 107 756 395
s 71 108 671 328
s 71 109 1416 686
s 71 110 922 495
s 71 111 954 516
s 71 112 1243 702
s 71 113 662 361
s 71 114 699 359
s 71 119 857 457
s 71 120 869 428
s 71 121 960 508
s 71 123 1181 551
s 71 126 935 449
s 71 128 1649 873
s 71 129 674 328
s 71 131 838 444
s 71 135 1844 1032
s 71 136 847 441
s 71 137 649 357
s 71 138 383 202
s 71 145 699 352
s 71 155 268 143
s 72 73 54 17
s 72 74 635 298
s 72 75 169 77
s 72 76 504 230
s 72 77 57 24
s 72 78 136 74
s 72 79 69 31
s 72 80 82 41
s 72 81 72 32
s 72 82 44 18
s 72 83 62 30
s 72 84 242 106
s 72 85 352 154
s 72 86 629 307
s 72 87 285 150
s 72 88 325 180
s 72 89 15 9
s 72 90 131 65
s 72 91 203 101
s 72 92 66 38
s 72 93 397 192
s 72 94 40 18
s 72 95 50 28
s 72 96 181 87
s 72 97 357 177
s 72 98 197 90
s 72 99 64 26
s 72 100 229 101
s 72 101 196 93
s 72 102 60 38
s 72 103 38 23
s 72 104 438 218
s 72 105 238 95
s 72 106 356 170
s 72 107 209 96
s 72 108 205 88
s 72 109 230 95
s 72 110 172 83
s 72 111 156 76
s 72 112 223 107
s 72 113 103 50
s 72 114 135 67
s 72 119 182 75
s 72 120 197 78
s 72 121 160 69
s 72 123 237 105
s 72 126 229 104
s 72 128 370 160
s 72 129 206 91
s 72 131 160 71
s 72 135 405 209
s 72 136 214 93
s 72 137 142 66
s 72 138 58 25
s 72 145 94 38
s 72 155 79 36
s 73 74 287 145
s 73 75 124 55
s 73 76 170 76
s 73 77 22 11
s 73 78 35 17
s 73 79 27 13
s 73 80 47 18
s 73 81 32 19
s 73 82 32 17
s 73 83 36 17
s 73 84 140 70
s 73 85 204 92
s 73 86 417 187
s 73 87 141 68
s 73 88 172 94
s 73 89 7 0
s 73 90 49 26
s 73 91 68 30
s 73 92 25 14
s 73 93 219 106
s 73 94 23 7
s 73 95 17 6
s 73 96 73 30
s 73 97 169 76
s 73 98 88 45
s 73 99 42 18
s 73 100 119 51
s 73 101 172 72
s 73 102 42 19
s 73 103 13 6
s 73 104 183 86
s 73 105 180 82
s 73 106 157 75
s 73 107 94 48
s 73 108 71 25
s 73 109 78 27
s 73 110 101 48
s 73 111 87 32
s 73 112 101 50
s 73 113 47 21
s 73 114 69 25
s 73 119 123 59
s 73 120 95 42
s 73 121 111 57
s 73 123 182 89
s 73 126 90 44
s 73 128 199 93
s 73 129 88 42
s 73 131 83 37
s 73 135 183 91
s 73 136 114 59
s 73 137 90 51
s 73 138 23 9
s 73 145 72 35
s 73 155 29 8
s 74 75 1349 708
s 74 76 725 382
s 74 77 259 139
s 74 78 728 395
s 74 79 493 247
s 74 80 504 264
s 74 81 425 237
s 74 82 171 104
s 74 83 528 259
s 74 84 1792 862
s 74 85 2907 1453
s 74 86 4507 2334
s 74 87 2087 1130
s 74 88 2162 1142
s 74 89 166 93
s 74 90 400 197
s 74 91 779 434
s 74 92 282 160
s 74 93 2788 1465
s 74 94 342 171
s 74 95 353 177
s 74 96 988 469
s 74 97 2258 1137
s 74 98 1123 543
s 74 99 431 201
s 74 100 1662 857
s 74 101 1534 753
s 74 102 462 250
s 74 103 169 90
s 74 104 3173 1727
s 74 105 2293 1215
s 74 106 515 248
s 74 107 864 453
s 74 108 1046 520
s 74 109 1920 865
s 74 110 1163 647
s 74 111 1452 758
s 74 112 1824 961
s 74 113 277 147
s 74 114 664 327
s 74 119 1618 848
s 74 120 527 239
s 74 121 1551 849
s 74 123 2296 1140
s 74 126 417 210
s 74 128 2013 1028
s 74 129 1191 560
s 74 131 1406 711
s 74 135 2407 1329
s 74 136 1100 560
s 74 137 839 405
s 74 138 447 206
s 74 145 611 272
s 74 155 453 238
s 75 76 1028 562
s 75 77 67 33
s 75 78 295 150
s 75 79 93 41
s 75 80 207 110
s 75 81 166 86
s 75 82 94 54
s 75 83 89 45
s 75 84 541 244
s 75 85 694 316
s 75 86 1211 576
s 75 87 366 181
s 75 88 781 415
s 75 89 49 26
s 75 90 273 142
s 75 91 192 102
s 75 92 119 75
s 75 93 1125 577
s 75 94 101 43
s 75 95 134 66
s 75 96 463 221
s 75 97 753 368
s 75 98 361 165
s 75 99 118 52
s 75 100 400 193
s 75 101 437 215
s 75 102 98 53
s 75 103 50 24
s 75 104 986 519
s 75 105 474 220
s 75 106 680 331
s 75 107 370 179
s 75 108 397 164
s 75 109 617 265
s 75 110 314 147
s 75 111 219 113
s 75 112 330 187
s 75 113 217 112
s 75 114 341 151
s 75 119 382 197
s 75 120 354 172
s 75 121 279 138
s 75 123 532 233
s 75 126 399 205
s 75 128 670 328
s 75 129 363 170
s 75 131 239 96
s 75 135 923 485
s 75 136 399 224
s 75 137 369 181
s 75 138 147 66
s 75 145 269 114
s 75 155 116 60
s 76 77 219 118
s 76 78 628 346
s 76 79 312 143
s 76 80 334 193
s 76 81 307 176
s 76 82 73 40
s 76 83 363 195
s 76 84 1356 716
s 76 85 2290 1215
s 76 86 3792 2044
s 76 87 1694 893
s 76 88 1921 1118
s 76 89 112 57
s 76 90 249 128
s 76 91 576 329
s 76 92 226 141
s 76 93 2056 1118
s 76 94 188 106
s 76 95 206 104
s 76 96 821 438
s 76 97 1396 777
s 76 98 746 391
s 76 99 294 148
s 76 100 1021 527
s 76 101 1271 638
s 76 102 339 198
s 76 103 154 97
s 76 104 1917 1056
s 76 105 1775 985
s 76 106 110 52
s 76 107 593 321
s 76 108 797 418
s 76 109 1345 633
s 76 110 862 478
s 76 111 981 527
s 76 112 1480 827
s 76 113 77 36
s 76 114 475 220
s 76 119 1499 841
s 76 120 265 132
s 76 121 1223 665
s 76 123 2051 1051
s 76 126 149 71
s 76 128 1250 659
s 76 129 675 363
s 76 131 1015 552
s 76 135 1862 1025
s 76 136 717 359
s 76 137 566 297
s 76 138 325 173
s 76 145 458 232
s 76 155 334 172
s 77 78 10 5
s 77 79 33 13
s 77 80 45 29
s 77 81 11 8
s 77 82 17 11
s 77 83 29 21
s 77 84 143 65
s 77 85 185 90
s 77 86 413 225
s 77 87 175 94
s 77 88 165 82
s 77 89 13 6
s 77 90 75 38
s 77 91 64 36
s 77 92 26 14
s 77 93 198 106
s 77 94 19 7
s 77 95 19 8
s 77 96 12 10
s 77 97 101 58
s 77 98 26 13
s 77 99 8 2
s 77 100 121 57
s 77 101 155 80
s 77 102 34 15
s 77 103 19 10
s 77 104 47 27
s 77 105 228 124
s 77 106 156 84
s 77 107 84 48
s 77 108 17 7
s 77 109 139 64
s 77 110 75 46
s 77 111 115 62
s 77 112 191 96
s 77 113 62 35
s 77 114 68 40
s 77 119 168 90
s 77 120 86 39
s 77 121 142 77
s 77 123 212 113
s 77 126 80 30
s 77 128 158 86
s 77 129 15 9
s 77 131 122 61
s 77 135 33 14
s 77 136 108 60
s 77 137 39 22
s 77 138 29 14
s 77 145 63 27
s 77 155 30 18
s 78 79 83 40
s 78 80 114 63
s 78 81 38 20
s 78 82 59 38
s 78 83 78 39
s 78 84 290 139
s 78 85 409 212
s 78 86 941 479
s 78 87 372 186
s 78 88 423 246
s 78 89 27 10
s 78 90 178 108
s 78 91 155 77
s 78 92 42 23
s 78 93 556 303
s 78 94 53 29
s 78 95 53 26
s 78 96 17 3
s 78 97 203 104
s 78 98 31 13
s 78 99 9 5
s 78 100 243 130
s 78 101 354 185
s 78 102 62 34
s 78 103 26 16
s 78 104 64 29
s 78 105 494 263
s 78 106 406 218
s 78 107 235 127
s 78 108 20 9
s 78 109 379 187
s 78 110 228 111
s 78 111 260 148
s 78 112 431 254
s 78 113 154 85
s 78 114 138 69
s 78 119 372 200
s 78 120 180 98
s 78 121 297 138
s 78 123 592 303
s 78 126 193 89
s 78 128 393 207
s 78 129 22 10
s 78 131 318 173
s 78 135 75 40
s 78 136 216 108
s 78 137 63 36
s 78 138 74 37
s 78 145 152 79
s 78 155 45 25
s 79 80 61 32
s 79 81 42 21
s 79 82 27 14
s 79 83 29 10
s 79 84 130 65
s 79 85 217 86
s 79 86 355 152
s 79 87 100 42
s 79 88 213 106
s 79 89 11 3
s 79 90 106 49
s 79 91 69 32
s 79 92 35 18
s 79 93 275 114
s 79 94 44 23
s 79 95 39 19
s 79 96 117 54
s 79 97 234 116
s 79 98 119 56
s 79 99 53 22
s 79 100 116 54
s 79 101 137 55
s 79 102 26 13
s 79 103 9 4
s 79 104 270 128
s 79 105 161 78
s 79 106 179 91
s 79 107 133 54
s 79 108 122 54
s 79 109 236 96
s 79 110 120 68
s 79 111 67 23
s 79 112 114 59
s 79 113 91 44
s 79 114 94 31
s 79 119 86 43
s 79 120 132 55
s 79 121 93 44
s 79 123 144 56
s 79 126 147 50
s 79 128 201 91
s 79 129 127 66
s 79 131 77 37
s 79 135 242 115
s 79 136 132 62
s 79 137 104 49
s 79 138 37 15
s 79 145 114 52
s 79 155 59 31
s 80 81 47 20
s 80 82 33 18
s 80 83 75 36
s 80 84 295 141
s 80 85 402 187
s 80 86 748 374
s 80 87 335 173
s 80 88 343 181
s 80 89 6 4
s 80 90 124 61
s 80 91 111 54
s 80 92 40 24
s 80 93 182 97
s 80 94 13 4
s 80 95 10 4
s 80 96 149 71
s 80 97 310 149
s 80 98 169 87
s 80 99 61 28
s 80 100 366 173
s 80 101 254 132
s 80 102 60 31
s 80 103 33 19
s 80 104 363 191
s 80 105 435 234
s 80 106 296 142
s 80 107 156 75
s 80 108 146 62
s 80 109 83 40
s 80 110 192 110
s 80 111 183 88
s 80 112 289 155
s 80 113 82 44
s 80 114 83 39
s 80 119 272 121
s 80 120 157 69
s 80 121 242 122
s 80 123 380 197
s 80 126 145 70
s 80 128 365 190
s 80 129 140 81
s 80 131 209 105
s 80 135 348 179
s 80 136 188 102
s 80 137 135 75
s 80 138 27 13
s 80 145 76 33
s 80 155 72 29
s 81 82 27 11
s 81 83 53 28
s 81 84 183 86
s 81 85 280 133
s 81 86 617 340
s 81 87 229 128
s 81 88 279 150
s 81 89 11 8
s 81 90 88 44
s 81 91 108 63
s 81 92 29 15
s 81 93 229 104
s 81 94 30 13
s 81 95 25 14
s 81 96 50 21
s 81 97 185 99
s 81 98 70 40
s 81 99 24 13
s 81 100 160 68
s 81 101 212 109
s 81 102 49 28
s 81 103 17 10
s 81 104 116 63
s 81 105 271 136
s 81 106 214 99
s 81 107 125 72
s 81 108 54 23
s 81 109 126 51
s 81 110 132 66
s 81 111 125 59
s 81 112 207 108
s 81 113 69 37
s 81 114 75 34
s 81 119 206 116
s 81 120 98 47
s 81 121 208 120
s 81 123 255 122
s 81 126 97 53
s 81 128 264 132
s 81 129 63 29
s 81 131 126 56
s 81 135 145 82
s 81 136 118 64
s 81 137 57 35
s 81 138 33 19
s 81 145 58 25
s 81 155 26 12
s 82 83 36 19
s 82 84 120 64
s 82 85 193 111
s 82 86 367 207
s 82 87 144 77
s 82 88 163 93
s 82 89 3 1
s 82 90 39 19
s 82 91 52 24
s 82 92 16 9
s 82 93 148 83
s 82 94 7 2
s 82 95 14 5
s 82 96 49 25
s 82 97 135 66
s 82 98 80 44
s 82 99 23 10
s 82 100 120 63
s 82 101 118 67
s 82 102 33 20
s 82 103 13 9
s 82 104 187 108
s 82 105 186 104
s 82 106 51 29
s 82 107 64 43
s 82 108 58 35
s 82 109 118 58
s 82 110 91 57
s 82 111 114 64
s 82 112 182 115
s 82 113 17 9
s 82 114 50 31
s 82 119 130 79
s 82 120 33 19
s 82 121 120 71
s 82 123 185 109
s 82 126 32 15
s 82 128 136 78
s 82 129 79 39
s 82 131 109 52
s 82 135 190 119
s 82 136 78 43
s 82 137 49 28
s 82 138 26 10
s 82 145 46 26
s 82 155 34 20
s 83 84 111 57
s 83 85 217 104
s 83 86 491 232
s 83 87 106 50
s 83 88 214 91
s 83 89 14 4
s 83 90 110 56
s 83 91 75 33
s 83 92 60 26
s 83 93 357 155
s 83 94 41 13
s 83 95 42 16
s 83 96 116 42
s 83 97 253 117
s 83 98 121 59
s 83 99 48 19
s 83 100 115 52
s 83 101 180 76
s 83 102 33 20
s 83 103 10 4
s 83 104 348 167
s 83 105 203 101
s 83 106 250 120
s 83 107 133 68
s 83 108 112 43
s 83 109 273 109
s 83 110 152 70
s 83 111 60 21
s 83 112 98 49
s 83 113 119 72
s 83 114 104 44
s 83 119 119 50
s 83 120 142 58
s 83 121 104 49
s 83 123 187 88
s 83 126 152 64
s 83 128 224 85
s 83 129 119 56
s 83 131 92 43
s 83 135 306 137
s 83 136 149 70
s 83 137 122 53
s 83 138 51 22
s 83 145 121 46
s 83 155 39 18
s 84 85 925 444
s 84 86 1997 959
s 84 87 660 332
s 84 88 921 449
s 84 89 65 33
s 84 90 364 178
s 84 91 294 140
s 84 92 162 88
s 84 93 1440 722
s 84 94 135 67
s 84 95 180 98
s 84 96 426 200
s 84 97 951 450
s 84 98 503 223
s 84 99 187 82
s 84 100 494 243
s 84 101 704 326
s 84 102 144 67
s 84 103 55 31
s 84 104 1233 627
s 84 105 817 402
s 84 106 849 393
s 84 107 466 230
s 84 108 482 210
s 84 109 773 305
s 84 110 538 262
s 84 111 388 196
s 84 112 475 245
s 84 113 344 154
s 84 114 458 224
s 84 119 613 303
s 84 120 509 224
s 84 121 552 266
s 84 123 804 367
s 84 126 578 268
s 84 128 1038 502
s 84 129 448 209
s 84 131 407 208
s 84 135 917 477
s 84 136 573 284
s 84 137 368 155
s 84 138 247 113
s 84 145 375 159
s 84 155 166 84
s 85 86 3039 1468
s 85 87 1003 513
s 85 88 1420 752
s 85 89 91 48
s 85 90 771 398
s 85 91 505 242
s 85 92 258 132
s 85 93 2029 981
s 85 94 229 103
s 85 95 211 103
s 85 96 593 302
s 85 97 1412 695
s 85 98 568 247
s 85 99 218 95
s 85 100 757 362
s 85 101 951 436
s 85 102 187 87
s 85 103 89 43
s 85 104 1563 808
s 85 105 1316 654
s 85 106 1506 687
s 85 107 777 402
s 85 108 571 251
s 85 109 1328 560
s 85 110 797 411
s 85 111 613 291
s 85 112 826 399
s 85 113 605 322
s 85 114 575 259
s 85 119 989 492
s 85 120 781 345
s 85 121 779 387
s 85 123 1367 613
s 85 126 867 438
s 85 128 1441 704
s 85 129 602 281
s 85 131 650 308
s 85 135 1409 713
s 85 136 886 416
s 85 137 646 340
s 85 138 330 151
s 85 145 554 209
s 85 155 235 105
s 86 87 2009 979
s 86 88 2078 1109
s 86 89 208 107
s 86 90 949 489
s 86 91 882 450
s 86 92 411 227
s 86 93 3906 2010
s 86 94 387 186
s 86 95 463 239
s 86 96 1413 722
s 86 97 3116 1565
s 86 98 1570 784
s 86 99 560 252
s 86 100 1582 798
s 86 101 1450 692
s 86 102 520 270
s 86 103 221 120
s 86 104 3484 1754
s 86 105 1880 987
s 86 106 2386 1238
s 86 107 1299 668
s 86 108 1701 821
s 86 109 2316 1053
s 86 110 1286 683
s 86 111 1259 635
s 86 112 1894 965
s 86 113 900 489
s 86 114 1251 602
s 86 119 1390 729
s 86 120 1407 659
s 86 121 1328 714
s 86 123 1765 830
s 86 126 1516 746
s 86 128 2363 1175
s 86 129 1427 696
s 86 131 1243 622
s 86 135 3400 1784
s 86 136 1503 776
s 86 137 1323 639
s 86 138 547 263
s 86 145 974 429
s 86 155 565 273
s 87 88 1165 620
s 87 89 67 30
s 87 90 467 258
s 87 91 264 139
s 87 92 185 104
s 87 93 1864 955
s 87 94 151 72
s 87 95 201 90
s 87 96 599 300
s 87 97 1202 607
s 87 98 632 311
s 87 99 269 138
s 87 100 592 306
s 87 101 752 373
s 87 102 135 80
s 87 103 68 29
s 87 104 1438 755
s 87 105 749 376
s 87 106 1245 636
s 87 107 662 336
s 87 108 601 279
s 87 109 1063 529
s 87 110 597 319
s 87 111 229 106
s 87 112 342 160
s 87 113 408 233
s 87 114 570 299
s 87 119 534 270
s 87 120 637 305
s 87 121 329 163
s 87 123 807 375
s 87 126 693 361
s 87 128 1105 560
s 87 129 594 277
s 87 131 337 156
s 87 135 1475 812
s 87 136 616 306
s 87 137 529 264
s 87 138 208 98
s 87 145 488 233
s 87 155 200 103
s 88 89 89 47
s 88 90 486 286
s 88 91 482 258
s 88 92 192 103
s 88 93 1944 1056
s 88 94 198 105
s 88 95 214 114
s 88 96 608 314
s 88 97 1156 602
s 88 98 664 325
s 88 99 266 134
s 88 100 554 276
s 88 101 821 407
s 88 102 219 123
s 88 103 114 68
s 88 104 1621 858
s 88 105 894 472
s 88 106 1118 611
s 88 107 539 296
s 88 108 662 322
s 88 109 1110 545
s 88 110 636 353
s 88 111 731 386
s 88 112 1021 580
s 88 113 391 222
s 88 114 559 287
s 88 119 749 409
s 88 120 583 291
s 88 121 703 385
s 88 123 992 498
s 88 126 622 324
s 88 128 1236 648
s 88 129 544 282
s 88 131 609 346
s 88 135 1569 881
s 88 136 634 327
s 88 137 641 333
s 88 138 264 147
s 88 145 502 238
s 88 155 248 125
s 89 90 25 9
s 89 91 29 12
s 89 92 9 6
s 89 93 46 23
s 89 94 1 1
s 89 95 2 1
s 89 96 28 13
s 89 97 69 37
s 89 98 55 30
s 89 99 15 4
s 89 100 43 22
s 89 101 71 34
s 89 102 13 8
s 89 103 4 1
s 89 104 79 35
s 89 105 105 54
s 89 106 85 32
s 89 107 54 31
s 89 108 35 21
s 89 109 11 3
s 89 110 48 20
s 89 111 60 31
s 89 112 61 27
s 89 113 22 11
s 89 114 20 10
s 89 119 77 41
s 89 120 42 19
s 89 121 36 16
s 89 123 90 42
s 89 126 34 8
s 89 128 77 36
s 89 129 30 17
s 89 131 41 15
s 89 135 83 48
s 89 136 51 22
s 89 137 47 20
s 89 138 3 1
s 89 145 14 7
s 89 155 16 10
s 90 91 235 124
s 90 92 76 40
s 90 93 665 360
s 90 94 100 42
s 90 95 81 31
s 90 96 209 103
s 90 97 477 243
s 90 98 274 125
s 90 99 134 71
s 90 100 408 221
s 90 101 331 177
s 90 102 95 54
s 90 103 46 23
s 90 104 585 324
s 90 105 564 296
s 90 106 249 139
s 90 107 200 96
s 90 108 218 100
s 90 109 568 269
s 90 110 241 134
s 90 111 299 170
s 90 112 494 285
s 90 113 87 48
s 90 114 159 86
s 90 119 355 182
s 90 120 166 81
s 90 121 358 203
s 90 123 482 230
s 90 126 132 59
s 90 128 382 185
s 90 129 218 114
s 90 131 357 188
s 90 135 592 321
s 90 136 288 160
s 90 137 211 100
s 90 138 89 43
s 90 145 169 77
s 90 155 141 75
s 91 92 87 49
s 91 93 805 443
s 91 94 52 24
s 91 95 56 35
s 91 96 188 86
s 91 97 435 224
s 91 98 253 116
s 91 99 143 75
s 91 100 335 171
s 91 101 320 177
s 91 102 78 42
s 91 103 37 22
s 91 104 532 286
s 91 105 530 297
s 91 106 362 201
s 91 107 233 117
s 91 108 156 80
s 91 109 330 142
s 91 110 222 135
s 91 111 206 122
s 91 112 303 156
s 91 113 168 86
s 91 114 155 81
s 91 119 311 188
s 91 120 225 132
s 91 121 280 144
s 91 123 467 250
s 91 126 208 112
s 91 128 448 216
s 91 129 231 112
s 91 131 245 132
s 91 135 581 304
s 91 136 467 257
s 91 137 200 105
s 91 138 221 126
s 91 145 183 85
s 91 155 222 122
s 92 93 261 166
s 92 94 38 25
s 92 95 33 14
s 92 96 39 22
s 92 97 154 82
s 92 98 55 28
s 92 99 15 8
s 92 100 178 99
s 92 101 124 73
s 92 102 43 29
s 92 103 19 10
s 92 104 155 94
s 92 105 233 130
s 92 106 167 102
s 92 107 120 72
s 92 108 61 33
s 92 109 215 107
s 92 110 120 64
s 92 111 135 72
s 92 112 190 115
s 92 113 66 35
s 92 114 75 47
s 92 119 154 84
s 92 120 92 39
s 92 121 171 86
s 92 123 237 132
s 92 126 74 40
s 92 128 193 114
s 92 129 44 28
s 92 131 135 79
s 92 135 141 77
s 92 136 152 87
s 92 137 58 29
s 92 138 33 21
s 92 145 78 31
s 92 155 31 11
s 93 94 57 31
s 93 95 74 36
s 93 96 769 386
s 93 97 1550 787
s 93 98 908 421
s 93 99 299 144
s 93 100 1023 485
s 93 101 1449 728
s 93 102 302 163
s 93 103 147 86
s 93 104 1974 1041
s 93 105 1779 932
s 93 106 1323 681
s 93 107 958 508
s 93 108 785 379
s 93 109 349 156
s 93 110 988 498
s 93 111 986 492
s 93 112 1349 724
s 93 113 460 244
s 93 114 403 208
s 93 119 1437 729
s 93 120 708 331
s 93 121 1268 701
s 93 123 1912 955
s 93 126 834 413
s 93 128 1856 922
s 93 129 746 340
s 93 131 985 483
s 93 135 1745 930
s 93 136 945 474
s 93 137 724 345
s 93 138 130 70
s 93 145 295 153
s 93 155 347 174
s 94 95 6 1
s 94 96 61 30
s 94 97 182 100
s 94 98 72 31
s 94 99 30 12
s 94 100 118 63
s 94 101 134 61
s 94 102 35 11
s 94 103 15 7
s 94 104 204 97
s 94 105 178 79
s 94 106 154 69
s 94 107 97 51
s 94 108 71 29
s 94 109 10 4
s 94 110 88 39
s 94 111 94 42
s 94 112 121 58
s 94 113 43 20
s 94 114 22 10
s 94 119 127 55
s 94 120 85 34
s 94 121 124 66
s 94 123 179 71
s 94 126 75 42
s 94 128 174 75
s 94 129 63 33
s 94 131 113 42
s 94 135 147 67
s 94 136 118 57
s 94 137 75 32
s 94 138 5 4
s 94 145 21 9
s 94 155 37 18
s 95 96 81 47
s 95 97 226 117
s 95 98 93 47
s 95 99 43 20
s 95 100 131 69
s 95 101 155 76
s 95 102 30 13
s 95 103 13 8
s 95 104 209 112
s 95 105 200 107
s 95 106 146 78
s 95 107 122 66
s 95 108 89 43
s 95 109 14 1
s 95 110 113 64
s 95 111 98 42
s 95 112 123 66
s 95 113 48 28
s 95 114 30 16
s 95 119 134 75
s 95 120 92 46
s 95 121 127 65
s 95 123 191 90
s 95 126 90 48
s 95 128 197 102
s 95 129 94 53
s 95 131 121 61
s 95 135 180 78
s 95 136 114 56
s 95 137 78 33
s 95 138 12 6
s 95 145 22 8
s 95 155 40 20
s 96 97 279 131
s 96 98 40 15
s 96 99 11 3
s 96 100 333 145
s 96 101 508 239
s 96 102 94 51
s 96 103 43 27
s 96 104 71 34
s 96 105 610 308
s 96 106 527 276
s 96 107 278 131
s 96 108 9 3
s 96 109 482 222
s 96 110 292 128
s 96 111 351 172
s 96 112 448 228
s 96 113 212 117
s 96 114 254 120
s 96 119 493 250
s 96 120 215 87
s 96 121 410 215
s 96 123 648 290
s 96 126 278 128
s 96 128 562 258
s 96 129 23 12
s 96 131 332 161
s 96 135 78 39
s 96 136 316 140
s 96 137 73 36
s 96 138 116 64
s 96 145 214 91
s 96 155 69 31
s 97 98 407 194
s 97 99 155 66
s 97 100 811 394
s 97 101 954 468
s 97 102 208 90
s 97 103 73 30
s 97 104 821 412
s 97 105 2094 1115
s 97 106 944 464
s 97 107 615 313
s 97 108 300 155
s 97 109 1158 534
s 97 110 823 450
s 97 111 763 409
s 97 112 1016 518
s 97 113 437 223
s 97 114 513 242
s 97 119 998 475
s 97 120 476 224
s 97 121 839 457
s 97 123 1201 545
s 97 126 551 275
s 97 128 1490 745
s 97 129 333 162
s 97 131 794 365
s 97 135 845 425
s 97 136 710 331
s 97 137 369 192
s 97 138 258 126
s 97 145 492 222
s 97 155 191 108
s 98 99 18 7
s 98 100 431 206
s 98 101 469 200
s 98 102 93 44
s 98 103 36 17
s 98 104 163 72
s 98 105 773 367
s 98 106 546 251
s 98 107 334 169
s 98 108 57 29
s 98 109 565 257
s 98 110 287 134
s 98 111 402 190
s 98 112 631 316
s 98 113 229 111
s 98 114 268 115
s 98 119 567 282
s 98 120 203 91
s 98 121 485 242
s 98 123 711 303
s 98 126 291 126
s 98 128 670 295
s 98 129 70 27
s 98 131 447 203
s 98 135 164 75
s 98 136 344 153
s 98 137 108 55
s 98 138 133 54
s 98 145 219 79
s 98 155 94 44
s 99 100 178 87
s 99 101 218 109
s 99 102 50 27
s 99 103 18 12
s 99 104 40 18
s 99 105 247 116
s 99 106 198 82
s 99 107 123 64
s 99 108 7 6
s 99 109 201 72
s 99 110 104 44
s 99 111 163 71
s 99 112 196 99
s 99 113 98 45
s 99 114 106 50
s 99 119 212 99
s 99 120 96 41
s 99 121 154 84
s 99 123 279 128
s 99 126 127 60
s 99 128 240 108
s 99 129 23 10
s 99 131 161 61
s 99 135 53 16
s 99 136 146 69
s 99 137 34 20
s 99 138 41 18
s 99 145 78 28
s 99 155 27 15
s 100 101 530 270
s 100 102 101 59
s 100 103 51 23
s 100 104 932 480
s 100 105 647 338
s 100 106 742 366
s 100 107 396 202
s 100 108 369 180
s 100 109 869 431
s 100 110 416 222
s 100 111 309 161
s 100 112 436 236
s 100 113 332 173
s 100 114 377 169
s 100 119 437 207
s 100 120 454 206
s 100 121 343 184
s 100 123 592 262
s 100 126 478 222
s 100 128 862 423
s 100 129 400 164
s 100 131 360 166
s 100 135 1016 552
s 100 136 475 232
s 100 137 337 152
s 100 138 208 107
s 100 145 289 109
s 100 155 170 91
s 101 102 146 72
s 101 103 70 42
s 101 104 2588 1350
s 101 105 693 344
s 101 106 892 437
s 101 107 447 234
s 101 108 486 202
s 101 109 821 369
s 101 110 419 222
s 101 111 417 190
s 101 112 539 287
s 101 113 336 167
s 101 114 457 206
s 101 119 467 228
s 101 120 471 217
s 101 121 460 221
s 101 123 706 316
s 101 126 525 228
s 101 128 828 414
s 101 129 484 211
s 101 131 390 186
s 101 135 1076 537
s 101 136 534 283
s 101 137 526 263
s 101 138 215 106
s 101 145 395 178
s 101 155 167 82
s 102 103 13 5
s 102 104 272 153
s 102 105 184 100
s 102 106 210 114
s 102 107 151 79
s 102 108 82 41
s 102 109 179 90
s 102 110 109 63
s 102 111 78 37
s 102 112 93 52
s 102 113 83 45
s 102 114 96 49
s 102 119 133 65
s 102 120 106 41
s 102 121 95 49
s 102 123 215 103
s 102 126 115 58
s 102 128 228 109
s 102 129 90 41
s 102 131 91 51
s 102 135 223 123
s 102 136 131 67
s 102 137 105 54
s 102 138 52 24
s 102 145 100 43
s 102 155 34 20
s 103 104 92 54
s 103 105 87 44
s 103 106 110 49
s 103 107 47 18
s 103 108 36 15
s 103 109 88 36
s 103 110 58 37
s 103 111 50 31
s 103 112 43 19
s 103 113 32 16
s 103 114 37 19
s 103 119 71 42
s 103 120 46 22
s 103 121 48 32
s 103 123 96 56
s 103 126 62 33
s 103 128 82 39
s 103 129 31 21
s 103 131 51 29
s 103 135 88 46
s 103 136 51 27
s 103 137 48 25
s 103 138 27 16
s 103 145 34 17
s 103 155 11 5
s 104 105 1701 898
s 104 106 1271 675
s 104 107 727 388
s 104 108 70 36
s 104 109 1135 518
s 104 110 726 424
s 104 111 1001 502
s 104 112 1155 609
s 104 113 471 265
s 104 114 640 324
s 104 119 1117 557
s 104 120 458 229
s 104 121 1181 620
s 104 123 1807 876
s 104 126 727 378
s 104 128 1739 889
s 104 129 108 41
s 104 131 938 489
s 104 135 291 144
s 104 136 778 391
s 104 137 232 125
s 104 138 287 134
s 104 145 483 214
s 104 155 158 86
s 105 106 1296 668
s 105 107 676 351
s 105 108 549 261
s 105 109 1292 590
s 105 110 565 276
s 105 111 599 322
s 105 112 793 420
s 105 113 575 325
s 105 114 485 244
s 105 119 616 320
s 105 120 668 313
s 105 121 592 293
s 105 123 876 420
s 105 126 712 353
s 105 128 1040 519
s 105 129 626 269
s 105 131 598 293
s 105 135 1493 781
s 105 136 743 375
s 105 137 645 327
s 105 138 257 116
s 105 145 552 247
s 105 155 261 139
s 106 107 371 165
s 106 108 491 235
s 106 109 1024 452
s 106 110 594 282
s 106 111 713 350
s 106 112 1090 582
s 106 113 53 28
s 106 114 275 134
s 106 119 1029 496
s 106 120 181 75
s 106 121 807 418
s 106 123 1413 673
s 106 126 94 45
s 106 128 913 462
s 106 129 489 201
s 106 131 793 392
s 106 135 1240 656
s 106 136 465 203
s 106 137 380 174
s 106 138 230 107
s 106 145 289 127
s 106 155 291 155
s 107 108 256 122
s 107 109 654 310
s 107 110 386 200
s 107 111 389 211
s 107 112 583 321
s 107 113 183 90
s 107 114 253 120
s 107 119 540 285
s 107 120 251 115
s 107 121 438 247
s 107 123 705 359
s 107 126 240 105
s 107 128 647 339
s 107 129 246 118
s 107 131 436 217
s 107 135 722 399
s 107 136 370 170
s 107 137 243 136
s 107 138 147 78
s 107 145 250 123
s 107 155 145 79
s 108 109 422 149
s 108 110 247 112
s 108 111 304 149
s 108 112 432 207
s 108 113 171 88
s 108 114 269 122
s 108 119 451 216
s 108 120 200 95
s 108 121 356 162
s 108 123 662 291
s 108 126 292 132
s 108 128 588 266
s 108 129 38 16
s 108 131 353 157
s 108 135 73 33
s 108 136 243 114
s 108 137 75 44
s 108 138 102 44
s 108 145 175 64
s 108 155 67 29
s 109 110 635 301
s 109 111 721 344
s 109 112 1047 503
s 109 113 370 177
s 109 114 189 81
s 109 119 833 390
s 109 120 576 275
s 109 121 758 363
s 109 123 1197 513
s 109 126 587 295
s 109 128 1108 498
s 109 129 474 217
s 109 131 754 356
s 109 135 1143 562
s 109 136 713 316
s 109 137 548 240
s 109 138 52 20
s 109 145 155 64
s 109 155 225 102
s 110 111 337 180
s 110 112 496 286
s 110 113 224 117
s 110 114 251 134
s 110 119 478 246
s 110 120 343 179
s 110 121 406 206
s 110 123 620 284
s 110 126 350 175
s 110 128 651 329
s 110 129 361 196
s 110 131 390 183
s 110 135 680 360
s 110 136 407 206
s 110 137 280 156
s 110 138 133 75
s 110 145 258 121
s 110 155 129 72
s 111 112 240 131
s 111 113 350 205
s 111 114 297 144
s 111 119 335 162
s 111 120 367 182
s 111 121 278 150
s 111 123 571 273
s 111 126 385 182
s 111 128 629 333
s 111 129 296 129
s 111 131 207 96
s 111 135 845 440
s 111 136 448 235
s 111 137 398 207
s 111 138 132 72
s 111 145 305 147
s 111 155 125 72
s 112 113 417 224
s 112 114 387 208
s 112 119 546 298
s 112 120 582 271
s 112 121 370 198
s 112 123 797 389
s 112 126 602 312
s 112 128 867 434
s 112 129 471 221
s 112 131 380 193
s 112 135 1193 631
s 112 136 582 312
s 112 137 494 263
s 112 138 192 87
s 112 145 452 222
s 112 155 213 122
s 113 114 100 48
s 113 119 331 192
s 113 120 86 44
s 113 121 362 206
s 113 123 505 261
s 113 126 49 20
s 113 128 358 183
s 113 129 191 97
s 113 131 302 150
s 113 135 523 292
s 113 136 235 105
s 113 137 162 78
s 113 138 78 34
s 113 145 123 55
s 113 155 92 45
s 114 119 403 187
s 114 120 223 108
s 114 121 347 171
s 114 123 570 261
s 114 126 200 93
s 114 128 554 265
s 114 129 231 95
s 114 131 298 143
s 114 135 517 271
s 114 136 275 122
s 114 137 201 99
s 114 138 72 34
s 114 145 99 37
s 114 155 97 48
s 119 120 557 270
s 119 121 324 155
s 119 123 584 284
s 119 126 556 261
s 119 128 784 395
s 119 129 522 242
s 119 131 362 187
s 119 135 1188 663
s 119 136 537 276
s 119 137 534 262
s 119 138 173 92
s 119 145 394 191
s 119 155 208 109
s 120 121 424 205
s 120 123 752 342
s 120 126 148 67
s 120 128 587 273
s 120 129 225 91
s 120 131 448 209
s 120 135 500 264
s 120 136 298 128
s 120 137 175 76
s 120 138 121 63
s 120 145 174 76
s 120 155 102 61
s 121 123 509 241
s 121 126 444 239
s 121 128 651 357
s 121 129 339 163
s 121 131 295 153
s 121 135 1024 564
s 121 136 551 303
s 121 137 622 332
s 121 138 150 72
s 121 145 358 176
s 121 155 132 76
s 123 126 789 383
s 123 128 1083 524
s 123 129 573 240
s 123 131 544 239
s 123 135 1405 631
s 123 136 654 291
s 123 137 601 286
s 123 138 234 109
s 123 145 516 234
s 123 155 261 138
s 126 128 647 317
s 126 129 327 157
s 126 131 422 203
s 126 135 714 374
s 126 136 342 150
s 126 137 216 111
s 126 138 142 68
s 126 145 172 71
s 126 155 116 60
s 128 129 819 393
s 128 131 651 320
s 128 135 1411 710
s 128 136 733 360
s 128 137 573 282
s 128 138 274 151
s 128 145 480 199
s 128 155 236 117
s 129 131 397 190
s 129 135 111 61
s 129 136 261 115
s 129 137 62 30
s 129 138 123 57
s 129 145 203 94
s 129 155 67 45
s 131 135 933 481
s 131 136 457 226
s 131 137 406 195
s 131 138 139 75
s 131 145 308 134
s 131 155 143 64
s 135 136 739 388
s 135 137 268 156
s 135 138 276 129
s 135 145 510 239
s 135 155 152 77
s 136 137 335 167
s 136 138 167 77
s 136 145 199 72
s 136 155 119 65
s 137 138 116 57
s 137 145 206 103
s 137 155 85 39
s 138 145 40 15
s 138 155 71 40
s 145 155 101 45
v 1 2 1378 596
v 1 3 382 195
v 1 4 180 97
v 1 5 1453 702
v 1 6 1888 1050
v 1 7 1610 733
v 1 8 1958 972
v 1 9 1540 772
v 1 10 600 311
v 1 11 819 483
v 1 12 1556 810
v 1 13 582 293
v 1 14 2945 1493
v 1 15 614 347
v 1 16 295 161
v 1 17 696 395
v 1 18 1521 705
v 1 19 970 542
v 1 20 929 458
v 1 21 2059 1077
v 1 22 1704 903
v 1 23 498 248
v 1 25 1674 935
v 1 26 2628 1285
v 1 27 1595 788
v 1 28 563 271
v 1 29 1975 1100
v 1 30 1442 725
v 1 31 1654 777
v 1 32 457 218
v 1 33 504 213
v 1 34 817 442
v 1 35 1064 559
v 1 36 1668 928
v 1 37 518 282
v 1 38 221 112
v 1 39 977 533
v 1 40 441 237
v 1 41 759 393
v 1 42 1119 567
v 1 43 778 432
v 1 44 904 423
v 1 45 520 254
v 1 46 547 285
v 1 47 513 267
v 1 48 2089 1008
v 1 49 2045 1039
v 1 50 653 325
v 1 51 352 185
v 1 52 367 173
v 1 53 943 532
v 1 54 1864 935
v 1 55 1074 516
v 1 56 440 208
v 1 57 250 116
v 1 58 212 102
v 1 59 546 254
v 1 60 1005 439
v 1 61 215 111
v 1 62 1062 477
v 1 63 424 225
v 1 64 602 326
v 1 65 109 61
v 1 66 35 20
v 1 67 865 441
v 1 68 1082 545
v 1 69 929 478
v 1 70 875 400
v 1 71 1487 725
v 1 72 440 248
v 1 73 193 109
v 1 74 2838 1403
v 1 75 912 448
v 1 76 2108 1040
v 1 77 162 78
v 1 78 474 263
v 1 79 265 143
v 1 80 348 160
v 1 81 232 117
v 1 82 254 101
v 1 83 284 142
v 1 84 1446 810
v 1 85 1613 860
v 1 86 3363 1763
v 1 87 1175 557
v 1 88 1330 604
v 1 89 74 42
v 1 90 738 360
v 1 91 637 312
v 1 92 237 105
v 1 93 2038 976
v 1 94 212 138
v 1 95 222 97
v 1 96 537 261
v 1 97 1416 689
v 1 98 722 390
v 1 99 275 172
v 1 100 930 480
v 1 101 1609 846
v 1 102 283 154
v 1 103 101 47
v 1 104 1511 679
v 1 105 1503 754
v 1 106 1126 593
v 1 107 719 358
v 1 108 550 298
v 1 109 1253 690
v 1 110 683 321
v 1 111 1091 592
v 1 112 1473 755
v 1 113 539 274
v 1 114 535 256
v 1 119 980 485
v 1 120 707 388
v 1 121 1092 570
v 1 123 1287 678
v 1 126 707 375
v 1 128 1432 690
v 1 129 662 380
v 1 131 837 438
v 1 135 1407 679
v 1 136 759 359
v 1 137 586 299
v 1 138 271 156
v 1 145 502 270
v 1 155 325 188
v 2 3 394 193
v 2 4 222 106
v 2 5 1756 853
v 2 6 2265 1251
v 2 7 2302 1151
v 2 8 2331 1082
v 2 9 2105 1012
v 2 10 522 282
v 2 11 1048 619
v 2 12 1393 704
v 2 13 520 248
v 2 14 3798 1762
v 2 15 884 413
v 2 16 372 194
v 2 17 879 442
v 2 18 1840 795
v 2 19 1320 699
v 2 20 1055 473
v 2 21 2921 1513
v 2 22 1526 723
v 2 23 618 288
v 2 25 2076 1139
v 2 26 3295 1698
v 2 27 2147 1051
v 2 28 755 367
v 2 29 2600 1358
v 2 30 1649 753
v 2 31 1665 755
v 2 32 543 245
v 2 33 669 282
v 2 34 696 323
v 2 35 1390 747
v 2 36 2362 1094
v 2 37 518 285
v 2 38 274 130
v 2 39 1309 670
v 2 40 511 244
v 2 41 787 393
v 2 42 1358 629
v 2 43 887 451
v 2 44 824 456
v 2 45 468 228
v 2 46 625 324
v 2 47 803 398
v 2 48 2069 967
v 2 49 2548 1120
v 2 50 1489 686
v 2 51 490 247
v 2 52 377 169
v 2 53 1213 641
v 2 54 2713 1190
v 2 55 1206 601
v 2 56 551 266
v 2 57 282 134
v 2 58 387 193
v 2 59 440 233
v 2 60 1511 660
v 2 61 211 125
v 2 62 1520 638
v 2 63 599 324
v 2 64 750 378
v 2 65 111 52
v 2 66 47 26
v 2 67 1235 507
v 2 68 1060 513
v 2 69 1161 583
v 2 70 1228 601
v 2 71 2375 1113
v 2 72 437 244
v 2 73 281 160
v 2 74 2951 1413
v 2 75 1037 503
v 2 76 2303 980
v 2 77 233 98
v 2 78 540 243
v 2 79 272 135
v 2 80 444 198
v 2 81 340 166
v 2 82 191 81
v 2 83 329 192
v 2 84 1480 767
v 2 85 2113 1055
v 2 86 4051 1985
v 2 87 1559 755
v 2 88 1991 908
v 2 89 74 40
v 2 90 616 280
v 2 91 590 275
v 2 92 267 117
v 2 93 2140 1028
v 2 94 254 127
v 2 95 192 96
v 2 96 793 396
v 2 97 1917 955
v 2 98 921 469
v 2 99 340 194
v 2 100 1117 571
v 2 101 1351 670
v 2 102 307 143
v 2 103 138 63
v 2 104 2305 1085
v 2 105 1603 763
v 2 106 1631 804
v 2 107 920 438
v 2 108 811 427
v 2 109 1100 633
v 2 110 944 440
v 2 111 1178 530
v 2 112 1224 587
v 2 113 542 251
v 2 114 844 441
v 2 119 1345 670
v 2 120 793 426
v 2 121 1107 493
v 2 123 1811 944
v 2 126 947 487
v 2 128 1875 939
v 2 129 859 429
v 2 131 908 426
v 2 135 2022 934
v 2 136 1080 555
v 2 137 761 391
v 2 138 265 143
v 2 145 588 322
v 2 155 315 138
v 3 4 42 22
v 3 5 329 165
v 3 6 505 276
v 3 7 498 250
v 3 8 403 188
v 3 9 477 245
v 3 10 99 48
v 3 11 222 137
v 3 12 484 235
v 3 13 120 63
v 3 14 895 425
v 3 15 140 80
v 3 16 66 39
v 3 17 175 102
v 3 18 381 186
v 3 19 307 173
v 3 20 239 134
v 3 21 547 293
v 3 22 331 172
v 3 23 131 76
v 3 25 427 238
v 3 26 657 335
v 3 27 395 201
v 3 28 134 77
v 3 29 588 306
v 3 30 349 188
v 3 31 349 172
v 3 32 89 41
v 3 33 164 73
v 3 34 159 80
v 3 35 294 158
v 3 36 359 179
v 3 37 121 63
v 3 38 96 45
v 3 39 216 127
v 3 40 126 76
v 3 41 105 56
v 3 42 204 100
v 3 43 188 116
v 3 44 153 90
v 3 45 102 46
v 3 46 127 68
v 3 47 119 65
v 3 48 501 265
v 3 49 486 243
v 3 50 162 83
v 3 51 115 63
v 3 52 82 42
v 3 53 246 131
v 3 54 320 188
v 3 55 250 128
v 3 56 92 42
v 3 57 77 39
v 3 58 67 40
v 3 59 101 53
v 3 60 334 159
v 3 61 71 37
v 3 62 354 163
v 3 63 106 54
v 3 64 183 92
v 3 65 34 21
v 3 66 11 4
v 3 67 324 140
v 3 68 258 145
v 3 69 223 126
v 3 70 250 122
v 3 71 537 270
v 3 72 93 51
v 3 73 46 27
v 3 74 643 323
v 3 75 265 135
v 3 76 545 234
v 3 77 80 35
v 3 78 122 52
v 3 79 95 53
v 3 80 112 64
v 3 81 84 36
v 3 82 65 29
v 3 83 80 38
v 3 84 265 151
v 3 85 459 241
v 3 86 825 408
v 3 87 338 171
v 3 88 371 169
v 3 89 33 21
v 3 90 158 94
v 3 91 149 75
v 3 92 83 31
v 3 93 507 232
v 3 94 47 21
v 3 95 31 14
v 3 96 149 78
v 3 97 412 217
v 3 98 137 77
v 3 99 57 30
v 3 100 274 152
v 3 101 278 149
v 3 102 92 57
v 3 103 22 10
v 3 104 382 199
v 3 105 383 207
v 3 106 261 127
v 3 107 229 121
v 3 108 158 87
v 3 109 398 217
v 3 110 202 106
v 3 111 232 109
v 3 112 385 179
v 3 113 154 68
v 3 114 118 60
v 3 119 258 127
v 3 120 155 74
v 3 121 275 130
v 3 123 406 211
v 3 126 213 123
v 3 128 373 195
v 3 129 137 82
v 3 131 259 124
v 3 135 421 201
v 3 136 233 132
v 3 137 153 75
v 3 138 60 32
v 3 145 141 86
v 3 155 80 41
v 4 5 193 98
v 4 6 239 127
v 4 7 230 122
v 4 8 259 114
v 4 9 239 112
v 4 10 56 33
v 4 11 106 60
v 4 12 189 94
v 4 13 79 44
v 4 14 434 206
v 4 15 78 44
v 4 16 38 17
v 4 17 106 47
v 4 18 158 82
v 4 19 136 87
v 4 20 123 70
v 4 21 362 195
v 4 22 189 106
v 4 23 92 49
v 4 25 231 120
v 4 26 371 205
v 4 27 239 124
v 4 28 73 40
v 4 29 243 135
v 4 30 186 83
v 4 31 169 87
v 4 32 85 37
v 4 33 70 31
v 4 34 79 38
v 4 35 173 99
v 4 36 214 101
v 4 37 50 24
v 4 38 16 7
v 4 39 145 77
v 4 40 64 35
v 4 41 88 43
v 4 42 127 67
v 4 43 99 56
v 4 44 85 47
v 4 45 65 24
v 4 46 51 17
v 4 47 77 36
v 4 48 233 119
v 4 49 245 138
v 4 50 48 21
v 4 51 64 42
v 4 52 40 19
v 4 53 126 68
v 4 54 221 110
v 4 55 157 73
v 4 56 48 24
v 4 57 27 15
v 4 58 34 15
v 4 59 53 37
v 4 60 242 116
v 4 61 26 12
v 4 62 189 92
v 4 63 88 48
v 4 64 88 50
v 4 65 17 10
v 4 66 4 1
v 4 67 118 66
v 4 68 93 54
v 4 69 106 51
v 4 70 113 66
v 4 71 331 148
v 4 72 49 26
v 4 73 39 20
v 4 74 300 141
v 4 75 125 64
v 4 76 209 111
v 4 77 31 16
v 4 78 43 15
v 4 79 28 17
v 4 80 46 26
v 4 81 38 21
v 4 82 26 15
v 4 83 39 19
v 4 84 163 96
v 4 85 226 115
v 4 86 399 198
v 4 87 197 101
v 4 88 203 95
v 4 89 10 5
v 4 90 72 39
v 4 91 75 33
v 4 92 26 10
v 4 93 587 293
v 4 94 34 19
v 4 95 22 13
v 4 96 91 53
v 4 97 178 92
v 4 98 101 61
v 4 99 35 20
v 4 100 135 66
v 4 101 120 65
v 4 102 35 23
v 4 103 12 7
v 4 104 214 96
v 4 105 143 68
v 4 106 154 82
v 4 107 103 55
v 4 108 82 45
v 4 109 116 61
v 4 110 86 42
v 4 111 87 56
v 4 112 153 79
v 4 113 54 26
v 4 114 76 38
v 4 119 134 52
v 4 120 201 127
v 4 121 125 63
v 4 123 226 110
v 4 126 107 55
v 4 128 227 117
v 4 129 85 49
v 4 131 120 71
v 4 135 189 98
v 4 136 97 51
v 4 137 66 36
v 4 138 24 11
v 4 145 53 32
v 4 155 48 26
v 5 6 1979 1160
v 5 7 1777 882
v 5 8 2338 1012
v 5 9 1876 938
v 5 10 525 272
v 5 11 799 481
v 5 12 1037 541
v 5 13 518 262
v 5 14 3342 1597
v 5 15 693 358
v 5 16 269 135
v 5 17 690 386
v 5 18 1510 735
v 5 19 1042 606
v 5 20 850 416
v 5 21 2207 1131
v 5 22 1373 678
v 5 23 447 215
v 5 25 1662 870
v 5 26 2762 1401
v 5 27 1799 880
v 5 28 541 294
v 5 29 1924 1037
v 5 30 1491 731
v 5 31 1525 760
v 5 32 506 234
v 5 33 540 236
v 5 34 572 276
v 5 35 1154 624
v 5 36 1682 899
v 5 37 437 243
v 5 38 181 96
v 5 39 1024 529
v 5 40 488 264
v 5 41 675 330
v 5 42 905 415
v 5 43 750 367
v 5 44 670 320
v 5 45 458 223
v 5 46 444 252
v 5 47 564 287
v 5 48 1511 730
v 5 49 1776 856
v 5 50 487 232
v 5 51 425 244
v 5 52 339 161
v 5 53 975 525
v 5 54 2016 915
v 5 55 934 469
v 5 56 387 186
v 5 57 208 93
v 5 58 299 169
v 5 59 422 222
v 5 60 1140 568
v 5 61 135 70
v 5 62 1257 576
v 5 63 395 199
v 5 64 661 341
v 5 65 105 51
v 5 66 42 23
v 5 67 814 410
v 5 68 948 486
v 5 69 889 469
v 5 70 712 324
v 5 71 1869 937
v 5 72 395 205
v 5 73 194 100
v 5 74 2380 1154
v 5 75 946 473
v 5 76 1833 875
v 5 77 159 74
v 5 78 406 175
v 5 79 245 122
v 5 80 336 173
v 5 81 262 148
v 5 82 149 85
v 5 83 294 163
v 5 84 1223 643
v 5 85 1832 934
v 5 86 3441 1657
v 5 87 1462 727
v 5 88 1657 778
v 5 89 75 49
v 5 90 516 250
v 5 91 441 223
v 5 92 206 104
v 5 93 1931 977
v 5 94 132 66
v 5 95 190 96
v 5 96 559 277
v 5 97 1378 685
v 5 98 524 302
v 5 99 265 130
v 5 100 927 492
v 5 101 1187 579
v 5 102 248 118
v 5 103 115 60
v 5 104 1976 922
v 5 105 1382 647
v 5 106 1168 608
v 5 107 792 391
v 5 108 596 341
v 5 109 937 544
v 5 110 737 354
v 5 111 746 400
v 5 112 994 481
v 5 113 395 185
v 5 114 533 265
v 5 119 1107 539
v 5 120 717 397
v 5 121 986 452
v 5 123 1519 845
v 5 126 719 378
v 5 128 1486 751
v 5 129 615 331
v 5 131 826 416
v 5 135 1491 695
v 5 136 806 405
v 5 137 592 291
v 5 138 273 139
v 5 145 489 265
v 5 155 332 157
v 6 7 2267 991
v 6 8 2937 1135
v 6 9 2420 1066
v 6 10 709 308
v 6 11 1076 591
v 6 12 2175 872
v 6 13 556 232
v 6 14 4115 1705
v 6 15 964 415
v 6 16 364 158
v 6 17 1120 488
v 6 18 2169 840
v 6 19 1421 671
v 6 20 1165 478
v 6 21 3301 1502
v 6 22 1700 720
v 6 23 608 253
v 6 25 2378 1143
v 6 26 3551 1631
v 6 27 2158 918
v 6 28 732 366
v 6 29 2854 1288
v 6 30 1904 839
v 6 31 2007 817
v 6 32 585 251
v 6 33 704 275
v 6 34 744 325
v 6 35 1773 778
v 6 36 2193 1045
v 6 37 657 292
v 6 38 274 123
v 6 39 1442 674
v 6 40 670 310
v 6 41 1003 401
v 6 42 1253 484
v 6 43 1023 468
v 6 44 976 450
v 6 45 577 240
v 6 46 620 283
v 6 47 886 430
v 6 48 2595 1182
v 6 49 2782 1103
v 6 50 737 322
v 6 51 479 212
v 6 52 429 187
v 6 53 1380 673
v 6 54 2716 1214
v 6 55 1311 491
v 6 56 603 276
v 6 57 334 151
v 6 58 401 171
v 6 59 530 259
v 6 60 1501 588
v 6 61 247 114
v 6 62 1589 601
v 6 63 597 285
v 6 64 872 412
v 6 65 138 75
v 6 66 56 26
v 6 67 2000 782
v 6 68 1328 594
v 6 69 1169 561
v 6 70 1042 451
v 6 71 2489 1062
v 6 72 510 258
v 6 73 237 115
v 6 74 3304 1360
v 6 75 1215 527
v 6 76 2469 948
v 6 77 230 87
v 6 78 548 209
v 6 79 363 169
v 6 80 462 209
v 6 81 338 146
v 6 82 204 88
v 6 83 423 209
v 6 84 1510 635
v 6 85 2484 1105
v 6 86 4291 1912
v 6 87 1689 738
v 6 88 1915 784
v 6 89 95 49
v 6 90 689 278
v 6 91 741 321
v 6 92 322 125
v 6 93 2498 1136
v 6 94 171 79
v 6 95 205 102
v 6 96 894 393
v 6 97 1836 783
v 6 98 891 428
v 6 99 369 188
v 6 100 1014 471
v 6 101 1624 716
v 6 102 400 182
v 6 103 112 42
v 6 104 2131 969
v 6 105 1971 850
v 6 106 1627 689
v 6 107 1039 394
v 6 108 919 435
v 6 109 1634 860
v 6 110 1135 452
v 6 111 1217 526
v 6 112 1434 626
v 6 113 633 241
v 6 114 692 316
v 6 119 1514 619
v 6 120 878 438
v 6 121 1399 592
v 6 123 2065 978
v 6 126 1010 451
v 6 128 2020 911
v 6 129 756 314
v 6 131 1106 493
v 6 135 2058 841
v 6 136 1106 482
v 6 137 788 309
v 6 138 363 165
v 6 145 623 311
v 6 155 342 126
v 7 8 2497 1178
v 7 9 2165 1108
v 7 10 588 294
v 7 11 1077 659
v 7 12 1953 1026
v 7 13 560 296
v 7 14 3951 1996
v 7 15 761 378
v 7 16 393 204
v 7 17 883 462
v 7 18 2021 972
v 7 19 1414 762
v 7 20 1124 574
v 7 21 2753 1413
v 7 22 1694 822
v 7 23 591 317
v 7 25 2182 1146
v 7 26 3586 1867
v 7 27 2080 1037
v 7 28 756 410
v 7 29 2430 1256
v 7 30 1839 937
v 7 31 1799 871
v 7 32 547 264
v 7 33 735 359
v 7 34 747 381
v 7 35 1530 795
v 7 36 2179 1082
v 7 37 613 299
v 7 38 276 158
v 7 39 1315 714
v 7 40 539 279
v 7 41 913 508
v 7 42 1132 537
v 7 43 882 440
v 7 44 928 462
v 7 45 546 254
v 7 46 696 344
v 7 47 711 343
v 7 48 2282 1137
v 7 49 2569 1213
v 7 50 606 289
v 7 51 509 264
v 7 52 438 200
v 7 53 1248 707
v 7 54 2571 1211
v 7 55 1211 614
v 7 56 540 258
v 7 57 321 142
v 7 58 313 166
v 7 59 628 343
v 7 60 1498 662
v 7 61 308 191
v 7 62 1554 669
v 7 63 510 274
v 7 64 818 426
v 7 65 156 79
v 7 66 97 56
v 7 67 1152 519
v 7 68 1198 614
v 7 69 1102 570
v 7 70 1004 488
v 7 71 2703 1345
v 7 72 553 294
v 7 73 252 148
v 7 74 3377 1635
v 7 75 1139 574
v 7 76 2256 1050
v 7 77 203 106
v 7 78 584 293
v 7 79 334 203
v 7 80 444 229
v 7 81 350 190
v 7 82 220 111
v 7 83 368 191
v 7 84 1509 813
v 7 85 2182 1179
v 7 86 4179 2116
v 7 87 1662 821
v 7 88 2015 971
v 7 89 89 49
v 7 90 761 386
v 7 91 697 348
v 7 92 309 145
v 7 93 2153 1090
v 7 94 238 121
v 7 95 227 115
v 7 96 806 430
v 7 97 2049 1082
v 7 98 977 532
v 7 99 337 189
v 7 100 1231 672
v 7 101 1453 734
v 7 102 324 161
v 7 103 133 62
v 7 104 2164 1085
v 7 105 1789 893
v 7 106 1680 794
v 7 107 1014 503
v 7 108 792 434
v 7 109 1240 706
v 7 110 1015 498
v 7 111 1134 559
v 7 112 1428 693
v 7 113 554 255
v 7 114 732 388
v 7 119 1409 717
v 7 120 839 446
v 7 121 1314 635
v 7 123 1886 971
v 7 126 910 478
v 7 128 1988 1038
v 7 129 846 472
v 7 131 1072 560
v 7 135 1849 903
v 7 136 1143 616
v 7 137 716 369
v 7 138 306 151
v 7 145 622 354
v 7 155 366 171
v 8 9 2476 1247
v 8 10 696 348
v 8 11 1133 730
v 8 12 1889 962
v 8 13 652 338
v 8 14 4297 2251
v 8 15 955 499
v 8 16 363 211
v 8 17 1162 654
v 8 18 2145 1144
v 8 19 1433 860
v 8 20 1199 619
v 8 21 3062 1622
v 8 22 1842 1023
v 8 23 712 399
v 8 25 2249 1241
v 8 26 3538 1904
v 8 27 1960 984
v 8 28 797 488
v 8 29 2706 1636
v 8 30 1972 1066
v 8 31 1998 1045
v 8 32 681 340
v 8 33 660 305
v 8 34 737 402
v 8 35 1574 881
v 8 36 2366 1253
v 8 37 634 337
v 8 38 280 143
v 8 39 1537 864
v 8 40 743 445
v 8 41 1138 621
v 8 42 1490 722
v 8 43 1065 563
v 8 44 1020 577
v 8 45 501 250
v 8 46 794 415
v 8 47 863 492
v 8 48 2527 1376
v 8 49 2579 1348
v 8 50 588 294
v 8 51 537 276
v 8 52 355 163
v 8 53 1414 855
v 8 54 3003 1503
v 8 55 1262 646
v 8 56 698 347
v 8 57 229 107
v 8 58 456 244
v 8 59 537 284
v 8 60 1460 684
v 8 61 215 123
v 8 62 1628 793
v 8 63 530 283
v 8 64 1028 581
v 8 65 113 70
v 8 66 46 27
v 8 67 1300 639
v 8 68 1367 741
v 8 69 1265 669
v 8 70 1253 620
v 8 71 2380 1169
v 8 72 572 321
v 8 73 272 159
v 8 74 3680 1969
v 8 75 1350 736
v 8 76 2598 1257
v 8 77 212 106
v 8 78 539 269
v 8 79 317 177
v 8 80 486 241
v 8 81 389 202
v 8 82 189 88
v 8 83 387 215
v 8 84 1661 932
v 8 85 2410 1322
v 8 86 4145 2142
v 8 87 2161 1142
v 8 88 2556 1328
v 8 89 116 78
v 8 90 751 371
v 8 91 587 292
v 8 92 279 119
v 8 93 2995 1588
v 8 94 221 141
v 8 95 303 136
v 8 96 899 517
v 8 97 2048 1144
v 8 98 804 472
v 8 99 341 196
v 8 100 1158 599
v 8 101 1600 875
v 8 102 317 154
v 8 103 131 69
v 8 104 2177 1098
v 8 105 2419 1332
v 8 106 1622 860
v 8 107 1084 598
v 8 108 1070 655
v 8 109 1437 817
v 8 110 1666 930
v 8 111 905 478
v 8 112 967 486
v 8 113 581 317
v 8 114 832 462
v 8 119 1669 914
v 8 120 885 546
v 8 121 1226 617
v 8 123 2099 1208
v 8 126 1111 590
v 8 128 2172 1187
v 8 129 978 529
v 8 131 950 527
v 8 135 2063 1036
v 8 136 1153 635
v 8 137 844 451
v 8 138 393 208
v 8 145 697 411
v 8 155 399 206
v 9 10 635 322
v 9 11 1020 633
v 9 12 1916 898
v 9 13 690 337
v 9 14 4524 2261
v 9 15 902 454
v 9 16 341 192
v 9 17 1060 532
v 9 18 2099 978
v 9 19 1258 716
v 9 20 1042 509
v 9 21 2920 1465
v 9 22 1743 867
v 9 23 543 273
v 9 25 2083 1112
v 9 26 3335 1738
v 9 27 2039 1032
v 9 28 850 440
v 9 29 2433 1317
v 9 30 1858 939
v 9 31 1965 936
v 9 32 592 271
v 9 33 783 328
v 9 34 722 359
v 9 35 1343 748
v 9 36 2317 1151
v 9 37 587 283
v 9 38 250 120
v 9 39 1449 792
v 9 40 639 344
v 9 41 848 425
v 9 42 1258 555
v 9 43 936 485
v 9 44 861 443
v 9 45 532 251
v 9 46 560 286
v 9 47 772 421
v 9 48 2193 1078
v 9 49 2521 1198
v 9 50 674 330
v 9 51 489 247
v 9 52 465 200
v 9 53 1233 702
v 9 54 2181 1048
v 9 55 1339 644
v 9 56 537 266
v 9 57 287 126
v 9 58 391 196
v 9 59 530 274
v 9 60 1490 696
v 9 61 230 124
v 9 62 1879 809
v 9 63 543 289
v 9 64 800 431
v 9 65 116 71
v 9 66 47 28
v 9 67 1100 497
v 9 68 1152 606
v 9 69 1248 629
v 9 70 821 390
v 9 71 2661 1214
v 9 72 515 271
v 9 73 239 125
v 9 74 2887 1395
v 9 75 1162 626
v 9 76 2555 1147
v 9 77 208 95
v 9 78 527 261
v 9 79 311 161
v 9 80 410 210
v 9 81 308 153
v 9 82 236 96
v 9 83 383 200
v 9 84 1561 802
v 9 85 2176 1122
v 9 86 4265 2095
v 9 87 1773 881
v 9 88 2133 977
v 9 89 128 47
v 9 90 694 334
v 9 91 663 314
v 9 92 289 117
v 9 93 2487 1226
v 9 94 199 99
v 9 95 239 134
v 9 96 788 387
v 9 97 1693 854
v 9 98 762 415
v 9 99 285 175
v 9 100 1130 601
v 9 101 1606 831
v 9 102 328 151
v 9 103 162 67
v 9 104 2227 1052
v 9 105 1851 889
v 9 106 1776 898
v 9 107 1063 517
v 9 108 823 460
v 9 109 1441 782
v 9 110 1097 544
v 9 111 975 465
v 9 112 1472 710
v 9 113 569 280
v 9 114 653 362
v 9 119 1563 786
v 9 120 805 455
v 9 121 1254 576
v 9 123 2083 1131
v 9 126 918 448
v 9 128 1800 937
v 9 129 702 346
v 9 131 1075 537
v 9 135 1717 850
v 9 136 1045 518
v 9 137 776 389
v 9 138 300 152
v 9 145 608 340
v 9 155 395 208
v 10 11 329 185
v 10 12 422 186
v 10 13 167 84
v 10 14 1251 606
v 10 15 275 152
v 10 16 77 43
v 10 17 223 109
v 10 18 471 222
v 10 19 335 171
v 10 20 328 174
v 10 21 828 415
v 10 22 392 205
v 10 23 199 109
v 10 25 566 285
v 10 26 702 344
v 10 27 465 216
v 10 28 209 119
v 10 29 696 369
v 10 30 587 301
v 10 31 563 289
v 10 32 155 71
v 10 33 176 70
v 10 34 214 98
v 10 35 429 243
v 10 36 561 283
v 10 37 193 96
v 10 38 86 35
v 10 39 376 205
v 10 40 155 76
v 10 41 203 99
v 10 42 336 155
v 10 43 236 123
v 10 44 294 137
v 10 45 152 63
v 10 46 183 100
v 10 47 223 114
v 10 48 740 380
v 10 49 703 321
v 10 50 230 119
v 10 51 165 78
v 10 52 96 51
v 10 53 388 210
v 10 54 798 413
v 10 55 357 188
v 10 56 149 70
v 10 57 108 52
v 10 58 123 60
v 10 59 153 82
v 10 60 369 149
v 10 61 84 48
v 10 62 412 176
v 10 63 153 72
v 10 64 258 133
v 10 65 45 28
v 10 66 15 8
v 10 67 268 113
v 10 68 165 85
v 10 69 255 111
v 10 70 285 126
v 10 71 1034 485
v 10 72 166 73
v 10 73 90 50
v 10 74 851 404
v 10 75 297 156
v 10 76 658 274
v 10 77 67 30
v 10 78 170 74
v 10 79 115 55
v 10 80 123 58
v 10 81 94 39
v 10 82 64 26
v 10 83 123 65
v 10 84 379 193
v 10 85 680 354
v 10 86 1087 478
v 10 87 402 174
v 10 88 319 143
v 10 89 30 10
v 10 90 209 99
v 10 91 247 129
v 10 92 76 33
v 10 93 668 306
v 10 94 58 24
v 10 95 57 23
v 10 96 200 98
v 10 97 524 255
v 10 98 245 145
v 10 99 99 62
v 10 100 377 202
v 10 101 315 158
v 10 102 108 47
v 10 103 35 13
v 10 104 487 230
v 10 105 449 215
v 10 106 449 213
v 10 107 275 139
v 10 108 231 122
v 10 109 407 209
v 10 110 310 148
v 10 111 335 179
v 10 112 478 235
v 10 113 200 109
v 10 114 204 102
v 10 119 417 189
v 10 120 237 146
v 10 121 294 131
v 10 123 500 256
v 10 126 271 115
v 10 128 545 276
v 10 129 253 129
v 10 131 361 177
v 10 135 590 293
v 10 136 355 179
v 10 137 208 105
v 10 138 94 51
v 10 145 185 101
v 10 155 122 59
v 11 12 845 305
v 11 13 258 92
v 11 14 1903 808
v 11 15 382 146
v 11 16 163 81
v 11 17 410 182
v 11 18 884 333
v 11 19 603 285
v 11 20 508 203
v 11 21 1313 536
v 11 22 753 314
v 11 23 317 131
v 11 25 1088 470
v 11 26 1580 658
v 11 27 971 368
v 11 28 331 139
v 11 29 1241 526
v 11 30 854 338
v 11 31 830 285
v 11 32 237 100
v 11 33 315 116
v 11 34 398 164
v 11 35 779 306
v 11 36 1200 498
v 11 37 304 127
v 11 38 122 56
v 11 39 629 288
v 11 40 276 122
v 11 41 377 175
v 11 42 508 174
v 11 43 452 204
v 11 44 476 197
v 11 45 291 104
v 11 46 330 129
v 11 47 365 164
v 11 48 1158 451
v 11 49 1206 414
v 11 50 314 113
v 11 51 235 98
v 11 52 192 74
v 11 53 588 282
v 11 54 1117 438
v 11 55 546 206
v 11 56 245 95
v 11 57 151 63
v 11 58 186 73
v 11 59 264 125
v 11 60 680 258
v 11 61 142 60
v 11 62 696 218
v 11 63 262 115
v 11 64 406 174
v 11 65 68 20
v 11 66 31 16
v 11 67 507 191
v 11 68 587 239
v 11 69 481 206
v 11 70 511 193
v 11 71 1080 395
v 11 72 270 110
v 11 73 141 65
v 11 74 1540 590
v 11 75 520 212
v 11 76 1128 394
v 11 77 93 35
v 11 78 231 101
v 11 79 173 80
v 11 80 232 88
v 11 81 146 63
v 11 82 105 31
v 11 83 176 93
v 11 84 734 299
v 11 85 1083 454
v 11 86 1945 808
v 11 87 828 325
v 11 88 849 310
v 11 89 42 13
v 11 90 383 145
v 11 91 359 144
v 11 92 137 42
v 11 93 1132 479
v 11 94 106 47
v 11 95 107 37
v 11 96 359 151
v 11 97 893 380
v 11 98 442 205
v 11 99 170 79
v 11 100 592 244
v 11 101 687 277
v 11 102 153 65
v 11 103 83 28
v 11 104 959 371
v 11 105 890 327
v 11 106 785 359
v 11 107 471 179
v 11 108 401 168
v 11 109 746 319
v 11 110 553 202
v 11 111 497 205
v 11 112 633 225
v 11 113 320 119
v 11 114 359 154
v 11 119 611 243
v 11 120 419 186
v 11 121 693 272
v 11 123 824 348
v 11 126 444 171
v 11 128 984 379
v 11 129 387 171
v 11 131 543 219
v 11 135 903 324
v 11 136 515 199
v 11 137 378 164
v 11 138 167 61
v 11 145 285 149
v 11 155 169 80
v 12 13 463 242
v 12 14 3041 1503
v 12 15 565 304
v 12 16 338 164
v 12 17 674 366
v 12 18 3101 1462
v 12 19 1011 571
v 12 20 947 514
v 12 21 2164 1191
v 12 22 1193 707
v 12 23 445 224
v 12 25 1445 833
v 12 26 2543 1374
v 12 27 1852 1031
v 12 28 636 405
v 12 29 1626 801
v 12 30 1386 730
v 12 31 1472 772
v 12 32 372 185
v 12 33 602 316
v 12 34 591 323
v 12 35 1002 602
v 12 36 1732 882
v 12 37 439 224
v 12 38 252 134
v 12 39 1003 582
v 12 40 521 306
v 12 41 672 337
v 12 42 1011 554
v 12 43 664 370
v 12 44 665 338
v 12 45 423 197
v 12 46 504 307
v 12 47 560 335
v 12 48 2340 1210
v 12 49 2183 1086
v 12 50 606 294
v 12 51 436 239
v 12 52 703 338
v 12 53 896 528
v 12 54 1655 881
v 12 55 873 402
v 12 56 392 229
v 12 57 303 142
v 12 58 270 154
v 12 59 381 220
v 12 60 1279 699
v 12 61 224 120
v 12 62 1334 615
v 12 63 488 276
v 12 64 607 341
v 12 65 118 58
v 12 66 39 17
v 12 67 739 405
v 12 68 953 557
v 12 69 930 488
v 12 70 660 351
v 12 71 1869 902
v 12 72 436 249
v 12 73 199 113
v 12 74 2503 1379
v 12 75 927 521
v 12 76 1608 843
v 12 77 205 113
v 12 78 496 267
v 12 79 315 183
v 12 80 321 155
v 12 81 283 153
v 12 82 199 88
v 12 83 343 197
v 12 84 1217 715
v 12 85 1930 1074
v 12 86 3229 1665
v 12 87 1271 647
v 12 88 1581 745
v 12 89 88 49
v 12 90 595 298
v 12 91 613 279
v 12 92 277 147
v 12 93 1603 826
v 12 94 382 216
v 12 95 191 109
v 12 96 543 271
v 12 97 1440 755
v 12 98 666 339
v 12 99 258 151
v 12 100 1076 593
v 12 101 1130 635
v 12 102 271 131
v 12 103 137 73
v 12 104 1585 748
v 12 105 1549 781
v 12 106 1352 667
v 12 107 769 378
v 12 108 534 264
v 12 109 1141 727
v 12 110 781 396
v 12 111 925 482
v 12 112 1210 593
v 12 113 535 297
v 12 114 517 281
v 12 119 1137 604
v 12 120 688 382
v 12 121 1037 538
v 12 123 1620 912
v 12 126 634 325
v 12 128 1364 690
v 12 129 645 387
v 12 131 918 491
v 12 135 1535 797
v 12 136 962 483
v 12 137 632 328
v 12 138 234 126
v 12 145 471 250
v 12 155 275 135
v 13 14 1076 531
v 13 15 223 96
v 13 16 76 40
v 13 17 298 166
v 13 18 525 238
v 13 19 324 163
v 13 20 316 152
v 13 21 783 414
v 13 22 408 185
v 13 23 120 67
v 13 25 585 298
v 13 26 625 297
v 13 27 395 182
v 13 28 178 90
v 13 29 616 326
v 13 30 493 229
v 13 31 455 221
v 13 32 124 46
v 13 33 210 74
v 13 34 219 114
v 13 35 343 163
v 13 36 507 249
v 13 37 150 72
v 13 38 67 39
v 13 39 499 271
v 13 40 158 86
v 13 41 280 135
v 13 42 281 120
v 13 43 211 106
v 13 44 225 103
v 13 45 135 57
v 13 46 150 69
v 13 47 190 83
v 13 48 495 232
v 13 49 593 266
v 13 50 190 95
v 13 51 149 80
v 13 52 113 57
v 13 53 341 166
v 13 54 614 296
v 13 55 402 175
v 13 56 117 48
v 13 57 93 42
v 13 58 103 58
v 13 59 139 64
v 13 60 257 93
v 13 61 48 21
v 13 62 394 167
v 13 63 172 89
v 13 64 204 109
v 13 65 46 26
v 13 66 14 6
v 13 67 265 112
v 13 68 356 186
v 13 69 319 148
v 13 70 256 114
v 13 71 850 407
v 13 72 167 102
v 13 73 55 26
v 13 74 1131 592
v 13 75 190 91
v 13 76 555 244
v 13 77 71 33
v 13 78 173 102
v 13 79 98 46
v 13 80 111 51
v 13 81 65 27
v 13 82 45 17
v 13 83 95 39
v 13 84 358 178
v 13 85 525 248
v 13 86 1037 499
v 13 87 425 202
v 13 88 384 183
v 13 89 22 13
v 13 90 190 72
v 13 91 152 74
v 13 92 82 35
v 13 93 623 292
v 13 94 49 21
v 13 95 80 43
v 13 96 197 103
v 13 97 529 276
v 13 98 263 147
v 13 99 72 41
v 13 100 348 189
v 13 101 289 146
v 13 102 87 40
v 13 103 35 14
v 13 104 458 197
v 13 105 523 253
v 13 106 469 244
v 13 107 264 123
v 13 108 221 116
v 13 109 366 211
v 13 110 294 134
v 13 111 356 164
v 13 112 440 203
v 13 113 152 76
v 13 114 183 83
v 13 119 423 212
v 13 120 236 126
v 13 121 272 130
v 13 123 524 263
v 13 126 322 147
v 13 128 494 234
v 13 129 235 115
v 13 131 317 156
v 13 135 531 265
v 13 136 293 160
v 13 137 184 93
v 13 138 88 44
v 13 145 150 76
v 13 155 127 56
v 14 15 1572 787
v 14 16 625 338
v 14 17 1826 931
v 14 18 3777 1723
v 14 19 2244 1279
v 14 20 2004 955
v 14 21 5160 2657
v 14 22 2914 1542
v 14 23 1029 505
v 14 25 3936 2142
v 14 26 6128 3169
v 14 27 4026 2073
v 14 28 1489 719
v 14 29 5035 2651
v 14 30 3473 1720
v 14 31 3782 1831
v 14 32 968 481
v 14 33 1415 652
v 14 34 1440 776
v 14 35 2201 1195
v 14 36 3968 2151
v 14 37 1239 638
v 14 38 554 262
v 14 39 2622 1378
v 14 40 1064 579
v 14 41 1414 746
v 14 42 2235 990
v 14 43 1801 924
v 14 44 1415 742
v 14 45 1021 538
v 14 46 1008 559
v 14 47 1357 731
v 14 48 4171 2103
v 14 49 4815 2350
v 14 50 1428 648
v 14 51 961 483
v 14 52 903 400
v 14 53 2034 1153
v 14 54 4996 2372
v 14 55 2464 1210
v 14 56 926 461
v 14 57 585 284
v 14 58 787 419
v 14 59 939 510
v 14 60 2587 1217
v 14 61 493 267
v 14 62 3448 1542
v 14 63 1110 560
v 14 64 1580 839
v 14 65 268 136
v 14 66 163 85
v 14 67 1753 852
v 14 68 2168 1112
v 14 69 2224 1116
v 14 70 2333 1089
v 14 71 4764 2376
v 14 72 916 484
v 14 73 426 241
v 14 74 6169 3006
v 14 75 1953 988
v 14 76 4509 2095
v 14 77 486 221
v 14 78 1061 540
v 14 79 582 337
v 14 80 859 426
v 14 81 695 324
v 14 82 470 195
v 14 83 618 353
v 14 84 2729 1453
v 14 85 4613 2307
v 14 86 8026 4095
v 14 87 3458 1678
v 14 88 3525 1689
v 14 89 172 88
v 14 90 1553 770
v 14 91 1565 724
v 14 92 599 258
v 14 93 4830 2426
v 14 94 420 208
v 14 95 454 236
v 14 96 1458 752
v 14 97 3408 1627
v 14 98 2499 1303
v 14 99 663 364
v 14 100 2123 1085
v 14 101 2958 1489
v 14 102 675 327
v 14 103 301 126
v 14 104 3610 1827
v 14 105 3707 1807
v 14 106 2906 1524
v 14 107 1989 957
v 14 108 1455 839
v 14 109 2825 1504
v 14 110 2121 1048
v 14 111 2077 1029
v 14 112 3076 1550
v 14 113 1165 553
v 14 114 1555 785
v 14 119 2846 1407
v 14 120 1641 833
v 14 121 2651 1243
v 14 123 3830 1975
v 14 126 1623 817
v 14 128 3297 1685
v 14 129 1326 715
v 14 131 2148 1078
v 14 135 3837 1753
v 14 136 2141 1080
v 14 137 1548 792
v 14 138 571 318
v 14 145 1249 707
v 14 155 634 313
v 15 16 137 66
v 15 17 434 201
v 15 18 677 327
v 15 19 455 257
v 15 20 384 187
v 15 21 1099 586
v 15 22 628 336
v 15 23 191 115
v 15 25 795 398
v 15 26 1236 705
v 15 27 767 369
v 15 28 298 160
v 15 29 1028 572
v 15 30 595 308
v 15 31 692 337
v 15 32 280 139
v 15 33 216 88
v 15 34 239 109
v 15 35 615 287
v 15 36 854 428
v 15 37 210 102
v 15 38 93 46
v 15 39 678 360
v 15 40 220 103
v 15 41 420 190
v 15 42 502 242
v 15 43 385 206
v 15 44 308 165
v 15 45 178 95
v 15 46 189 106
v 15 47 333 163
v 15 48 665 326
v 15 49 887 428
v 15 50 174 79
v 15 51 184 88
v 15 52 147 68
v 15 53 472 242
v 15 54 1039 542
v 15 55 416 209
v 15 56 229 118
v 15 57 104 52
v 15 58 137 77
v 15 59 218 129
v 15 60 560 274
v 15 61 69 31
v 15 62 601 269
v 15 63 209 113
v 15 64 323 177
v 15 65 46 26
v 15 66 16 11
v 15 67 355 168
v 15 68 433 227
v 15 69 505 273
v 15 70 297 154
v 15 71 928 438
v 15 72 199 106
v 15 73 94 51
v 15 74 1029 536
v 15 75 498 260
v 15 76 888 426
v 15 77 61 31
v 15 78 173 84
v 15 79 101 54
v 15 80 152 77
v 15 81 118 62
v 15 82 73 37
v 15 83 132 72
v 15 84 599 316
v 15 85 837 451
v 15 86 1544 791
v 15 87 623 296
v 15 88 779 366
v 15 89 43 19
v 15 90 196 92
v 15 91 175 92
v 15 92 76 35
v 15 93 820 390
v 15 94 69 39
v 15 95 92 52
v 15 96 303 162
v 15 97 605 291
v 15 98 291 156
v 15 99 122 63
v 15 100 336 167
v 15 101 618 354
v 15 102 147 82
v 15 103 63 21
v 15 104 809 393
v 15 105 532 250
v 15 106 535 269
v 15 107 336 172
v 15 108 330 161
v 15 109 423 221
v 15 110 335 162
v 15 111 357 191
v 15 112 435 216
v 15 113 178 84
v 15 114 291 138
v 15 119 501 237
v 15 120 273 148
v 15 121 399 196
v 15 123 685 368
v 15 126 349 179
v 15 128 659 321
v 15 129 289 163
v 15 131 368 194
v 15 135 678 309
v 15 136 374 194
v 15 137 256 124
v 15 138 114 57
v 15 145 217 118
v 15 155 118 57
v 16 17 136 73
v 16 18 293 141
v 16 19 214 123
v 16 20 166 80
v 16 21 421 212
v 16 22 260 140
v 16 23 105 56
v 16 25 371 170
v 16 26 590 271
v 16 27 399 184
v 16 28 132 61
v 16 29 393 189
v 16 30 301 139
v 16 31 258 120
v 16 32 96 52
v 16 33 98 44
v 16 34 113 50
v 16 35 213 93
v 16 36 352 162
v 16 37 103 55
v 16 38 49 24
v 16 39 209 102
v 16 40 88 44
v 16 41 154 72
v 16 42 184 88
v 16 43 133 61
v 16 44 149 72
v 16 45 101 52
v 16 46 133 66
v 16 47 102 52
v 16 48 350 146
v 16 49 391 172
v 16 50 101 44
v 16 51 90 49
v 16 52 68 34
v 16 53 208 100
v 16 54 383 167
v 16 55 172 93
v 16 56 89 40
v 16 57 53 27
v 16 58 65 27
v 16 59 78 44
v 16 60 223 89
v 16 61 34 17
v 16 62 182 73
v 16 63 82 38
v 16 64 138 65
v 16 65 19 5
v 16 66 16 8
v 16 67 182 82
v 16 68 190 86
v 16 69 213 91
v 16 70 164 80
v 16 71 398 192
v 16 72 81 43
v 16 73 57 23
v 16 74 536 266
v 16 75 154 85
v 16 76 382 186
v 16 77 37 25
v 16 78 94 53
v 16 79 78 36
v 16 80 56 33
v 16 81 66 36
v 16 82 33 13
v 16 83 51 19
v 16 84 264 127
v 16 85 362 172
v 16 86 625 299
v 16 87 258 120
v 16 88 312 147
v 16 89 10 5
v 16 90 92 42
v 16 91 93 45
v 16 92 41 18
v 16 93 370 175
v 16 94 43 22
v 16 95 40 19
v 16 96 117 49
v 16 97 298 145
v 16 98 127 51
v 16 99 61 31
v 16 100 202 104
v 16 101 214 104
v 16 102 58 26
v 16 103 25 10
v 16 104 381 180
v 16 105 268 125
v 16 106 259 114
v 16 107 170 67
v 16 108 122 63
v 16 109 222 118
v 16 110 159 69
v 16 111 147 62
v 16 112 238 120
v 16 113 91 34
v 16 114 103 53
v 16 119 197 97
v 16 120 136 67
v 16 121 204 89
v 16 123 286 146
v 16 126 154 67
v 16 128 307 151
v 16 129 156 75
v 16 131 155 81
v 16 135 313 133
v 16 136 184 96
v 16 137 114 54
v 16 138 50 27
v 16 145 112 52
v 16 155 53 20
v 17 18 791 354
v 17 19 504 259
v 17 20 508 249
v 17 21 1157 559
v 17 22 832 420
v 17 23 216 109
v 17 25 874 454
v 17 26 1090 509
v 17 27 677 306
v 17 28 335 177
v 17 29 1057 504
v 17 30 796 408
v 17 31 827 374
v 17 32 213 84
v 17 33 257 119
v 17 34 389 187
v 17 35 721 380
v 17 36 914 426
v 17 37 288 144
v 17 38 106 47
v 17 39 650 354
v 17 40 344 185
v 17 41 397 188
v 17 42 503 216
v 17 43 348 164
v 17 44 362 170
v 17 45 196 99
v 17 46 250 133
v 17 47 304 149
v 17 48 950 469
v 17 49 1042 448
v 17 50 304 142
v 17 51 249 139
v 17 52 196 80
v 17 53 633 362
v 17 54 985 476
v 17 55 581 291
v 17 56 231 104
v 17 57 134 51
v 17 58 167 78
v 17 59 211 99
v 17 60 494 204
v 17 61 83 34
v 17 62 790 343
v 17 63 217 107
v 17 64 372 203
v 17 65 52 27
v 17 66 29 17
v 17 67 482 213
v 17 68 622 301
v 17 69 479 223
v 17 70 403 192
v 17 71 1053 482
v 17 72 240 129
v 17 73 100 53
v 17 74 1351 612
v 17 75 355 170
v 17 76 953 457
v 17 77 83 38
v 17 78 271 146
v 17 79 168 89
v 17 80 170 81
v 17 81 125 63
v 17 82 85 27
v 17 83 156 82
v 17 84 669 326
v 17 85 1018 507
v 17 86 1848 891
v 17 87 561 267
v 17 88 540 229
v 17 89 42 26
v 17 90 379 180
v 17 91 287 126
v 17 92 113 51
v 17 93 932 400
v 17 94 83 46
v 17 95 75 39
v 17 96 321 156
v 17 97 730 339
v 17 98 423 233
v 17 99 118 63
v 17 100 492 247
v 17 101 483 253
v 17 102 155 63
v 17 103 76 44
v 17 104 857 393
v 17 105 755 347
v 17 106 800 376
v 17 107 412 194
v 17 108 330 183
v 17 109 548 293
v 17 110 439 219
v 17 111 419 180
v 17 112 662 306
v 17 113 224 101
v 17 114 332 172
v 17 119 573 290
v 17 120 376 206
v 17 121 426 189
v 17 123 840 428
v 17 126 407 204
v 17 128 829 395
v 17 129 336 186
v 17 131 410 190
v 17 135 805 381
v 17 136 461 212
v 17 137 334 165
v 17 138 116 54
v 17 145 266 153
v 17 155 159 77
v 18 19 1114 637
v 18 20 868 427
v 18 21 2266 1182
v 18 22 1315 715
v 18 23 463 244
v 18 25 1842 1035
v 18 26 2903 1554
v 18 27 1541 777
v 18 28 552 274
v 18 29 1831 991
v 18 30 1564 793
v 18 31 1532 780
v 18 32 493 233
v 18 33 671 320
v 18 34 607 303
v 18 35 1145 613
v 18 36 1791 952
v 18 37 575 336
v 18 38 263 150
v 18 39 1109 606
v 18 40 422 219
v 18 41 632 331
v 18 42 1064 493
v 18 43 769 425
v 18 44 652 356
v 18 45 452 220
v 18 46 576 284
v 18 47 636 342
v 18 48 1886 1001
v 18 49 2139 1040
v 18 50 583 283
v 18 51 429 250
v 18 52 350 161
v 18 53 1083 635
v 18 54 2122 1015
v 18 55 1353 738
v 18 56 460 205
v 18 57 244 123
v 18 58 299 167
v 18 59 432 242
v 18 60 1414 721
v 18 61 244 136
v 18 62 1392 626
v 18 63 413 218
v 18 64 647 333
v 18 65 113 67
v 18 66 75 42
v 18 67 820 398
v 18 68 1040 548
v 18 69 1016 535
v 18 70 952 490
v 18 71 2269 1112
v 18 72 422 234
v 18 73 216 118
v 18 74 2596 1313
v 18 75 938 497
v 18 76 2111 997
v 18 77 219 108
v 18 78 605 310
v 18 79 292 177
v 18 80 386 201
v 18 81 401 206
v 18 82 224 117
v 18 83 255 148
v 18 84 1165 616
v 18 85 1667 923
v 18 86 3461 1810
v 18 87 1550 807
v 18 88 1857 950
v 18 89 107 62
v 18 90 617 320
v 18 91 674 348
v 18 92 241 114
v 18 93 2011 1036
v 18 94 176 92
v 18 95 268 133
v 18 96 624 357
v 18 97 1424 762
v 18 98 756 396
v 18 99 253 129
v 18 100 962 504
v 18 101 1418 798
v 18 102 281 156
v 18 103 146 76
v 18 104 1818 957
v 18 105 1410 665
v 18 106 1492 808
v 18 107 931 490
v 18 108 631 344
v 18 109 1228 702
v 18 110 642 292
v 18 111 810 430
v 18 112 990 455
v 18 113 453 224
v 18 114 588 315
v 18 119 1078 552
v 18 120 725 380
v 18 121 1163 583
v 18 123 1768 974
v 18 126 818 485
v 18 128 1654 892
v 18 129 611 369
v 18 131 972 539
v 18 135 1574 810
v 18 136 967 544
v 18 137 686 396
v 18 138 284 154
v 18 145 527 303
v 18 155 346 173
v 19 20 641 262
v 19 21 1738 791
v 19 22 952 404
v 19 23 391 177
v 19 25 1266 607
v 19 26 2237 1019
v 19 27 1210 519
v 19 28 453 207
v 19 29 1373 622
v 19 30 1016 414
v 19 31 964 396
v 19 32 313 120
v 19 33 493 196
v 19 34 463 196
v 19 35 834 365
v 19 36 1349 559
v 19 37 345 150
v 19 38 170 82
v 19 39 752 352
v 19 40 278 106
v 19 41 523 239
v 19 42 613 263
v 19 43 522 207
v 19 44 530 216
v 19 45 357 148
v 19 46 379 165
v 19 47 438 197
v 19 48 1415 588
v 19 49 1440 584
v 19 50 359 135
v 19 51 296 146
v 19 52 231 96
v 19 53 729 329
v 19 54 1555 589
v 19 55 746 310
v 19 56 326 132
v 19 57 165 75
v 19 58 206 90
v 19 59 333 156
v 19 60 877 378
v 19 61 138 79
v 19 62 927 341
v 19 63 325 157
v 19 64 448 223
v 19 65 81 44
v 19 66 45 21
v 19 67 644 263
v 19 68 756 322
v 19 69 687 283
v 19 70 638 279
v 19 71 1591 722
v 19 72 339 149
v 19 73 151 71
v 19 74 1987 846
v 19 75 671 312
v 19 76 1362 539
v 19 77 137 62
v 19 78 314 136
v 19 79 198 89
v 19 80 226 100
v 19 81 212 94
v 19 82 131 58
v 19 83 186 100
v 19 84 864 397
v 19 85 1104 504
v 19 86 2433 1075
v 19 87 1006 415
v 19 88 1263 506
v 19 89 60 29
v 19 90 409 160
v 19 91 405 165
v 19 92 180 70
v 19 93 1343 630
v 19 94 137 54
v 19 95 135 63
v 19 96 421 179
v 19 97 1116 492
v 19 98 675 314
v 19 99 176 85
v 19 100 790 364
v 19 101 938 450
v 19 102 182 79
v 19 103 105 37
v 19 104 1322 586
v 19 105 1074 478
v 19 106 1003 408
v 19 107 598 241
v 19 108 456 203
v 19 109 896 430
v 19 110 576 229
v 19 111 581 244
v 19 112 826 330
v 19 113 347 147
v 19 114 429 190
v 19 119 818 360
v 19 120 465 206
v 19 121 702 280
v 19 123 1147 548
v 19 126 533 220
v 19 128 1200 539
v 19 129 498 241
v 19 131 655 298
v 19 135 1085 459
v 19 136 680 304
v 19 137 439 196
v 19 138 215 87
v 19 145 402 200
v 19 155 194 72
v 20 21 1393 739
v 20 22 797 448
v 20 23 278 141
v 20 25 1061 598
v 20 26 1690 933
v 20 27 1010 504
v 20 28 379 239
v 20 29 1159 588
v 20 30 914 464
v 20 31 892 428
v 20 32 292 130
v 20 33 358 164
v 20 34 349 197
v 20 35 696 386
v 20 36 1108 546
v 20 37 324 177
v 20 38 144 75
v 20 39 611 322
v 20 40 281 149
v 20 41 449 243
v 20 42 571 269
v 20 43 447 218
v 20 44 440 242
v 20 45 250 117
v 20 46 296 166
v 20 47 353 176
v 20 48 1077 524
v 20 49 1161 554
v 20 50 329 161
v 20 51 256 131
v 20 52 154 78
v 20 53 576 337
v 20 54 1067 505
v 20 55 599 275
v 20 56 226 122
v 20 57 147 66
v 20 58 152 89
v 20 59 237 132
v 20 60 652 327
v 20 61 131 59
v 20 62 733 371
v 20 63 260 137
v 20 64 447 238
v 20 65 61 38
v 20 66 28 15
v 20 67 588 265
v 20 68 684 385
v 20 69 647 348
v 20 70 441 217
v 20 71 1189 586
v 20 72 241 120
v 20 73 128 76
v 20 74 1521 775
v 20 75 545 289
v 20 76 1063 508
v 20 77 110 57
v 20 78 244 111
v 20 79 146 94
v 20 80 208 121
v 20 81 173 82
v 20 82 136 63
v 20 83 189 106
v 20 84 727 376
v 20 85 1063 538
v 20 86 2041 1010
v 20 87 911 451
v 20 88 968 448
v 20 89 56 27
v 20 90 330 154
v 20 91 287 144
v 20 92 119 55
v 20 93 1178 588
v 20 94 87 51
v 20 95 117 53
v 20 96 376 212
v 20 97 972 460
v 20 98 381 217
v 20 99 150 90
v 20 100 558 293
v 20 101 709 363
v 20 102 165 79
v 20 103 56 24
v 20 104 1072 547
v 20 105 877 432
v 20 106 759 400
v 20 107 490 241
v 20 108 386 211
v 20 109 698 395
v 20 110 521 264
v 20 111 503 248
v 20 112 686 321
v 20 113 290 124
v 20 114 338 173
v 20 119 612 301
v 20 120 416 232
v 20 121 580 310
v 20 123 917 497
v 20 126 432 232
v 20 128 936 502
v 20 129 392 197
v 20 131 491 251
v 20 135 950 452
v 20 136 494 265
v 20 137 329 166
v 20 138 156 82
v 20 145 282 154
v 20 155 133 62
v 21 22 2068 977
v 21 23 769 417
v 21 25 2842 1500
v 21 26 4176 2076
v 21 27 2640 1265
v 21 28 875 466
v 21 29 3120 1550
v 21 30 2309 1137
v 21 31 2344 1113
v 21 32 725 336
v 21 33 913 371
v 21 34 929 425
v 21 35 1931 1025
v 21 36 2943 1485
v 21 37 706 381
v 21 38 345 177
v 21 39 1873 987
v 21 40 772 373
v 21 41 1313 606
v 21 42 1482 670
v 21 43 1203 625
v 21 44 1130 551
v 21 45 672 315
v 21 46 861 437
v 21 47 1069 592
v 21 48 2923 1375
v 21 49 3162 1463
v 21 50 802 356
v 21 51 663 350
v 21 52 545 247
v 21 53 1646 889
v 21 54 2805 1367
v 21 55 1590 790
v 21 56 668 338
v 21 57 339 159
v 21 58 544 290
v 21 59 646 371
v 21 60 1845 876
v 21 61 281 139
v 21 62 2102 903
v 21 63 705 356
v 21 64 1055 582
v 21 65 145 79
v 21 66 68 33
v 21 67 1410 654
v 21 68 1541 808
v 21 69 1431 737
v 21 70 1109 558
v 21 71 3179 1479
v 21 72 681 377
v 21 73 341 179
v 21 74 3957 1869
v 21 75 1411 703
v 21 76 2951 1305
v 21 77 251 116
v 21 78 709 314
v 21 79 387 190
v 21 80 547 261
v 21 81 411 198
v 21 82 259 107
v 21 83 457 241
v 21 84 1870 914
v 21 85 2796 1478
v 21 86 5245 2586
v 21 87 2152 1041
v 21 88 2548 1160
v 21 89 129 74
v 21 90 899 427
v 21 91 843 372
v 21 92 359 157
v 21 93 2820 1440
v 21 94 228 101
v 21 95 317 150
v 21 96 1185 574
v 21 97 2242 1099
v 21 98 986 523
v 21 99 390 211
v 21 100 1534 749
v 21 101 1801 900
v 21 102 391 202
v 21 103 171 68
v 21 104 2516 1162
v 21 105 2256 1041
v 21 106 2097 1037
v 21 107 1230 573
v 21 108 989 521
v 21 109 1626 847
v 21 110 1315 626
v 21 111 1249 603
v 21 112 1710 832
v 21 113 694 307
v 21 114 814 423
v 21 119 1690 866
v 21 120 1051 563
v 21 121 1566 717
v 21 123 2410 1281
v 21 126 1149 600
v 21 128 2411 1231
v 21 129 1030 487
v 21 131 1297 666
v 21 135 2394 1151
v 21 136 1419 727
v 21 137 965 487
v 21 138 430 227
v 21 145 763 419
v 21 155 463 238
v 22 23 454 232
v 22 25 1613 834
v 22 26 2523 1225
v 22 27 1631 752
v 22 28 508 264
v 22 29 1655 862
v 22 30 1270 586
v 22 31 1342 602
v 22 32 476 239
v 22 33 465 193
v 22 34 538 260
v 22 35 1156 649
v 22 36 1493 717
v 22 37 400 186
v 22 38 204 101
v 22 39 1047 551
v 22 40 445 234
v 22 41 667 320
v 22 42 922 392
v 22 43 648 329
v 22 44 638 312
v 22 45 422 196
v 22 46 513 256
v 22 47 575 295
v 22 48 1512 774
v 22 49 1760 790
v 22 50 461 212
v 22 51 353 176
v 22 52 287 137
v 22 53 887 467
v 22 54 1678 802
v 22 55 819 380
v 22 56 371 173
v 22 57 221 104
v 22 58 274 119
v 22 59 361 191
v 22 60 1097 511
v 22 61 169 86
v 22 62 1301 549
v 22 63 409 231
v 22 64 606 328
v 22 65 70 31
v 22 66 47 16
v 22 67 966 418
v 22 68 871 459
v 22 69 867 434
v 22 70 702 370
v 22 71 1848 881
v 22 72 384 184
v 22 73 188 94
v 22 74 2335 1134
v 22 75 880 419
v 22 76 1749 769
v 22 77 180 86
v 22 78 382 182
v 22 79 232 130
v 22 80 319 145
v 22 81 261 129
v 22 82 185 80
v 22 83 266 138
v 22 84 1129 576
v 22 85 1504 751
v 22 86 3025 1530
v 22 87 1219 565
v 22 88 1481 703
v 22 89 70 32
v 22 90 508 237
v 22 91 413 186
v 22 92 203 83
v 22 93 1573 766
v 22 94 144 80
v 22 95 169 85
v 22 96 560 290
v 22 97 1269 636
v 22 98 531 271
v 22 99 240 134
v 22 100 862 429
v 22 101 1096 526
v 22 102 243 117
v 22 103 109 67
v 22 104 1610 775
v 22 105 1318 642
v 22 106 1159 553
v 22 107 660 300
v 22 108 635 324
v 22 109 866 473
v 22 110 701 343
v 22 111 710 343
v 22 112 939 451
v 22 113 398 184
v 22 114 428 235
v 22 119 957 444
v 22 120 621 324
v 22 121 852 393
v 22 123 1348 713
v 22 126 699 354
v 22 128 1381 697
v 22 129 582 294
v 22 131 741 394
v 22 135 1274 578
v 22 136 782 376
v 22 137 514 247
v 22 138 228 113
v 22 145 452 256
v 22 155 225 92
v 23 25 595 310
v 23 26 1020 512
v 23 27 572 294
v 23 28 239 144
v 23 29 676 362
v 23 30 446 214
v 23 31 537 237
v 23 32 153 81
v 23 33 197 102
v 23 34 212 103
v 23 35 431 220
v 23 36 617 320
v 23 37 166 83
v 23 38 80 40
v 23 39 350 192
v 23 40 158 78
v 23 41 242 116
v 23 42 317 162
v 23 43 242 127
v 23 44 250 124
v 23 45 161 70
v 23 46 201 105
v 23 47 188 96
v 23 48 626 331
v 23 49 662 304
v 23 50 163 67
v 23 51 151 75
v 23 52 117 48
v 23 53 329 182
v 23 54 724 320
v 23 55 300 147
v 23 56 139 58
v 23 57 76 25
v 23 58 91 52
v 23 59 150 81
v 23 60 414 190
v 23 61 68 36
v 23 62 358 154
v 23 63 148 72
v 23 64 229 122
v 23 65 43 23
v 23 66 16 7
v 23 67 287 158
v 23 68 314 149
v 23 69 298 128
v 23 70 296 144
v 23 71 709 313
v 23 72 128 59
v 23 73 71 41
v 23 74 1015 488
v 23 75 300 171
v 23 76 584 259
v 23 77 51 23
v 23 78 158 64
v 23 79 113 67
v 23 80 111 64
v 23 81 108 53
v 23 82 42 17
v 23 83 111 74
v 23 84 425 204
v 23 85 549 298
v 23 86 1148 550
v 23 87 568 286
v 23 88 532 261
v 23 89 30 11
v 23 90 174 81
v 23 91 205 101
v 23 92 71 41
v 23 93 622 300
v 23 94 54 32
v 23 95 63 27
v 23 96 196 100
v 23 97 543 245
v 23 98 273 143
v 23 99 82 42
v 23 100 343 176
v 23 101 376 180
v 23 102 99 53
v 23 103 42 22
v 23 104 621 313
v 23 105 503 251
v 23 106 424 204
v 23 107 270 135
v 23 108 223 109
v 23 109 376 201
v 23 110 246 99
v 23 111 263 141
v 23 112 380 174
v 23 113 148 75
v 23 114 213 107
v 23 119 329 150
v 23 120 228 128
v 23 121 327 164
v 23 123 484 266
v 23 126 306 157
v 23 128 540 264
v 23 129 244 131
v 23 131 269 128
v 23 135 535 262
v 23 136 287 136
v 23 137 190 102
v 23 138 84 43
v 23 145 143 75
v 23 155 95 52
v 25 26 3224 1538
v 25 27 2048 956
v 25 28 708 349
v 25 29 2193 1065
v 25 30 1746 800
v 25 31 1671 747
v 25 32 496 200
v 25 33 657 254
v 25 34 738 351
v 25 35 1641 787
v 25 36 2278 1110
v 25 37 564 287
v 25 38 263 116
v 25 39 1343 676
v 25 40 523 267
v 25 41 844 378
v 25 42 1047 424
v 25 43 978 501
v 25 44 888 414
v 25 45 526 245
v 25 46 663 353
v 25 47 837 397
v 25 48 2243 1078
v 25 49 2502 1065
v 25 50 633 281
v 25 51 445 225
v 25 52 376 151
v 25 53 1149 594
v 25 54 2189 1008
v 25 55 1105 516
v 25 56 508 233
v 25 57 289 121
v 25 58 355 178
v 25 59 522 251
v 25 60 1366 611
v 25 61 189 103
v 25 62 1368 536
v 25 63 516 238
v 25 64 789 407
v 25 65 135 65
v 25 66 52 32
v 25 67 1019 423
v 25 68 1189 579
v 25 69 1075 538
v 25 70 995 451
v 25 71 2032 888
v 25 72 489 238
v 25 73 264 135
v 25 74 3306 1409
v 25 75 1044 513
v 25 76 2593 1071
v 25 77 195 95
v 25 78 504 217
v 25 79 322 165
v 25 80 452 207
v 25 81 317 140
v 25 82 161 68
v 25 83 388 187
v 25 84 1391 635
v 25 85 2279 1123
v 25 86 3919 1821
v 25 87 1598 736
v 25 88 1694 737
v 25 89 96 48
v 25 90 730 317
v 25 91 670 308
v 25 92 283 113
v 25 93 2021 941
v 25 94 206 107
v 25 95 228 105
v 25 96 738 327
v 25 97 1757 843
v 25 98 791 392
v 25 99 305 153
v 25 100 1095 519
v 25 101 1434 722
v 25 102 337 156
v 25 103 129 52
v 25 104 1858 847
v 25 105 1863 857
v 25 106 1476 709
v 25 107 938 434
v 25 108 721 354
v 25 109 1283 657
v 25 110 1174 561
v 25 111 856 393
v 25 112 1355 602
v 25 113 641 265
v 25 114 598 312
v 25 119 1304 589
v 25 120 777 384
v 25 121 1290 565
v 25 123 1786 879
v 25 126 843 388
v 25 128 1845 871
v 25 129 710 356
v 25 131 969 447
v 25 135 1802 807
v 25 136 1043 503
v 25 137 709 343
v 25 138 319 166
v 25 145 593 311
v 25 155 338 155
v 26 27 3267 1577
v 26 28 1131 566
v 26 29 3679 1853
v 26 30 2794 1357
v 26 31 2746 1231
v 26 32 847 399
v 26 33 1058 455
v 26 34 1112 530
v 26 35 2271 1111
v 26 36 2923 1466
v 26 37 927 463
v 26 38 449 214
v 26 39 1883 971
v 26 40 940 474
v 26 41 1212 645
v 26 42 1798 777
v 26 43 1289 670
v 26 44 1437 675
v 26 45 901 434
v 26 46 1067 527
v 26 47 1143 564
v 26 48 3170 1541
v 26 49 3576 1582
v 26 50 1030 448
v 26 51 742 372
v 26 52 611 270
v 26 53 1958 1045
v 26 54 3457 1661
v 26 55 1693 784
v 26 56 805 362
v 26 57 484 221
v 26 58 537 272
v 26 59 772 419
v 26 60 2177 1013
v 26 61 331 171
v 26 62 2209 980
v 26 63 859 471
v 26 64 1294 687
v 26 65 171 82
v 26 66 85 47
v 26 67 1820 789
v 26 68 1826 923
v 26 69 1573 747
v 26 70 1449 705
v 26 71 3731 1766
v 26 72 775 407
v 26 73 446 222
v 26 74 4873 2316
v 26 75 1747 863
v 26 76 3305 1481
v 26 77 336 154
v 26 78 753 337
v 26 79 507 273
v 26 80 656 328
v 26 81 545 246
v 26 82 289 120
v 26 83 585 300
v 26 84 2342 1167
v 26 85 3240 1622
v 26 86 6681 3056
v 26 87 2617 1239
v 26 88 3018 1441
v 26 89 140 68
v 26 90 1041 460
v 26 91 990 446
v 26 92 398 167
v 26 93 3093 1531
v 26 94 259 118
v 26 95 340 166
v 26 96 1114 537
v 26 97 2868 1415
v 26 98 1051 568
v 26 99 473 245
v 26 100 1964 932
v 26 101 2271 1141
v 26 102 481 216
v 26 103 224 100
v 26 104 3185 1545
v 26 105 2786 1359
v 26 106 2253 1068
v 26 107 1523 760
v 26 108 1219 657
v 26 109 1856 984
v 26 110 1518 755
v 26 111 1600 789
v 26 112 2034 945
v 26 113 921 410
v 26 114 1088 555
v 26 119 1959 940
v 26 120 1300 649
v 26 121 1822 821
v 26 123 2775 1418
v 26 126 1421 722
v 26 128 2981 1485
v 26 129 1341 692
v 26 131 1560 760
v 26 135 2713 1248
v 26 136 1563 769
v 26 137 984 507
v 26 138 459 240
v 26 145 828 487
v 26 155 490 239
v 27 28 582 340
v 27 29 2364 1264
v 27 30 1704 858
v 27 31 1777 871
v 27 32 518 249
v 27 33 693 305
v 27 34 625 339
v 27 35 1491 767
v 27 36 2136 1064
v 27 37 590 292
v 27 38 288 134
v 27 39 1137 647
v 27 40 546 282
v 27 41 736 411
v 27 42 1291 604
v 27 43 840 438
v 27 44 779 411
v 27 45 480 220
v 27 46 539 285
v 27 47 705 354
v 27 48 2016 985
v 27 49 2255 1075
v 27 50 632 296
v 27 51 462 235
v 27 52 395 176
v 27 53 1209 658
v 27 54 2094 1003
v 27 55 1106 525
v 27 56 467 235
v 27 57 300 140
v 27 58 308 158
v 27 59 474 276
v 27 60 1266 606
v 27 61 205 101
v 27 62 1321 614
v 27 63 451 235
v 27 64 823 466
v 27 65 113 57
v 27 66 63 34
v 27 67 1170 513
v 27 68 1117 585
v 27 69 955 494
v 27 70 876 484
v 27 71 2364 1131
v 27 72 496 256
v 27 73 271 148
v 27 74 2957 1422
v 27 75 1147 553
v 27 76 1954 957
v 27 77 222 110
v 27 78 473 227
v 27 79 313 162
v 27 80 406 187
v 27 81 373 179
v 27 82 205 90
v 27 83 349 175
v 27 84 1476 754
v 27 85 2022 1083
v 27 86 4081 2073
v 27 87 1654 838
v 27 88 1834 944
v 27 89 113 44
v 27 90 601 297
v 27 91 565 283
v 27 92 279 112
v 27 93 2105 1068
v 27 94 211 97
v 27 95 187 86
v 27 96 744 382
v 27 97 1699 865
v 27 98 628 350
v 27 99 258 144
v 27 100 1164 609
v 27 101 1349 726
v 27 102 361 195
v 27 103 135 57
v 27 104 1755 845
v 27 105 1671 834
v 27 106 1389 688
v 27 107 889 446
v 27 108 715 388
v 27 109 1302 653
v 27 110 888 453
v 27 111 907 455
v 27 112 1288 631
v 27 113 502 223
v 27 114 707 380
v 27 119 1216 624
v 27 120 859 470
v 27 121 1140 566
v 27 123 1698 906
v 27 126 875 447
v 27 128 1851 952
v 27 129 765 408
v 27 131 960 507
v 27 135 1846 884
v 27 136 957 497
v 27 137 653 323
v 27 138 317 165
v 27 145 518 323
v 27 155 279 137
v 28 29 837 392
v 28 30 575 242
v 28 31 547 240
v 28 32 335 143
v 28 33 215 87
v 28 34 233 117
v 28 35 437 210
v 28 36 695 335
v 28 37 208 108
v 28 38 73 32
v 28 39 428 216
v 28 40 193 96
v 28 41 296 148
v 28 42 383 158
v 28 43 282 147
v 28 44 307 151
v 28 45 189 78
v 28 46 226 127
v 28 47 249 129
v 28 48 751 333
v 28 49 838 350
v 28 50 166 75
v 28 51 164 80
v 28 52 141 70
v 28 53 426 223
v 28 54 753 385
v 28 55 403 178
v 28 56 171 86
v 28 57 86 34
v 28 58 89 40
v 28 59 159 76
v 28 60 507 223
v 28 61 65 40
v 28 62 834 346
v 28 63 251 137
v 28 64 271 149
v 28 65 43 18
v 28 66 21 12
v 28 67 371 165
v 28 68 478 243
v 28 69 394 191
v 28 70 297 143
v 28 71 728 325
v 28 72 162 77
v 28 73 94 57
v 28 74 1048 486
v 28 75 411 204
v 28 76 753 314
v 28 77 54 24
v 28 78 183 85
v 28 79 98 52
v 28 80 154 74
v 28 81 111 48
v 28 82 75 31
v 28 83 124 72
v 28 84 479 229
v 28 85 667 354
v 28 86 1449 679
v 28 87 601 260
v 28 88 896 411
v 28 89 33 17
v 28 90 246 123
v 28 91 240 126
v 28 92 108 41
v 28 93 730 345
v 28 94 59 29
v 28 95 112 49
v 28 96 289 144
v 28 97 604 306
v 28 98 247 120
v 28 99 119 62
v 28 100 393 199
v 28 101 500 246
v 28 102 97 39
v 28 103 51 27
v 28 104 780 344
v 28 105 479 217
v 28 106 521 230
v 28 107 344 149
v 28 108 296 150
v 28 109 485 252
v 28 110 301 136
v 28 111 358 164
v 28 112 351 154
v 28 113 158 76
v 28 114 218 107
v 28 119 374 181
v 28 120 291 163
v 28 121 410 180
v 28 123 594 276
v 28 126 307 154
v 28 128 637 320
v 28 129 280 127
v 28 131 360 179
v 28 135 657 312
v 28 136 323 180
v 28 137 238 105
v 28 138 124 60
v 28 145 204 107
v 28 155 132 55
v 29 30 1839 867
v 29 31 1982 896
v 29 32 563 246
v 29 33 792 358
v 29 34 799 372
v 29 35 1597 794
v 29 36 2578 1216
v 29 37 661 328
v 29 38 272 137
v 29 39 1451 732
v 29 40 685 322
v 29 41 771 383
v 29 42 1293 617
v 29 43 1045 454
v 29 44 865 429
v 29 45 581 244
v 29 46 647 352
v 29 47 985 470
v 29 48 2226 1107
v 29 49 2869 1281
v 29 50 702 310
v 29 51 507 246
v 29 52 468 190
v 29 53 1231 622
v 29 54 2607 1096
v 29 55 1460 682
v 29 56 553 254
v 29 57 314 127
v 29 58 408 208
v 29 59 636 301
v 29 60 1788 835
v 29 61 272 143
v 29 62 1704 757
v 29 63 543 254
v 29 64 918 489
v 29 65 125 70
v 29 66 63 31
v 29 67 1140 499
v 29 68 1221 621
v 29 69 1364 624
v 29 70 1428 629
v 29 71 2789 1266
v 29 72 457 216
v 29 73 267 136
v 29 74 3265 1500
v 29 75 1185 587
v 29 76 2731 1129
v 29 77 248 125
v 29 78 626 286
v 29 79 330 176
v 29 80 453 190
v 29 81 341 177
v 29 82 219 96
v 29 83 400 212
v 29 84 1605 828
v 29 85 2372 1118
v 29 86 4081 1850
v 29 87 1778 768
v 29 88 2238 977
v 29 89 87 44
v 29 90 733 359
v 29 91 682 283
v 29 92 311 145
v 29 93 3352 1460
v 29 94 154 73
v 29 95 210 104
v 29 96 897 459
v 29 97 2080 995
v 29 98 1234 601
v 29 99 383 193
v 29 100 1246 613
v 29 101 1669 809
v 29 102 355 156
v 29 103 151 67
v 29 104 2532 1148
v 29 105 1919 909
v 29 106 1526 762
v 29 107 1019 538
v 29 108 925 465
v 29 109 1377 735
v 29 110 1040 495
v 29 111 1113 514
v 29 112 1513 712
v 29 113 593 260
v 29 114 769 391
v 29 119 1560 710
v 29 120 898 418
v 29 121 1306 551
v 29 123 1963 1002
v 29 126 923 494
v 29 128 1944 914
v 29 129 809 438
v 29 131 1135 542
v 29 135 2183 968
v 29 136 1175 563
v 29 137 989 433
v 29 138 355 157
v 29 145 597 321
v 29 155 348 147
v 30 31 1499 728
v 30 32 482 220
v 30 33 638 273
v 30 34 592 316
v 30 35 1250 659
v 30 36 1811 923
v 30 37 506 262
v 30 38 230 112
v 30 39 1012 557
v 30 40 490 262
v 30 41 739 353
v 30 42 1001 450
v 30 43 779 391
v 30 44 750 378
v 30 45 463 223
v 30 46 574 301
v 30 47 589 306
v 30 48 1751 901
v 30 49 1881 935
v 30 50 588 276
v 30 51 410 199
v 30 52 339 161
v 30 53 944 517
v 30 54 1726 848
v 30 55 987 481
v 30 56 439 216
v 30 57 258 136
v 30 58 307 156
v 30 59 400 230
v 30 60 1246 588
v 30 61 247 109
v 30 62 1226 526
v 30 63 434 200
v 30 64 680 370
v 30 65 89 48
v 30 66 58 28
v 30 67 755 381
v 30 68 1048 532
v 30 69 828 446
v 30 70 808 377
v 30 71 2012 993
v 30 72 385 217
v 30 73 205 112
v 30 74 2492 1177
v 30 75 974 533
v 30 76 1848 834
v 30 77 209 100
v 30 78 459 197
v 30 79 267 141
v 30 80 344 168
v 30 81 273 135
v 30 82 145 63
v 30 83 318 178
v 30 84 1271 650
v 30 85 1862 953
v 30 86 3331 1649
v 30 87 1428 675
v 30 88 1557 705
v 30 89 79 44
v 30 90 627 312
v 30 91 561 272
v 30 92 237 100
v 30 93 1777 883
v 30 94 193 105
v 30 95 190 96
v 30 96 545 298
v 30 97 1536 789
v 30 98 487 280
v 30 99 271 135
v 30 100 965 514
v 30 101 1191 613
v 30 102 266 128
v 30 103 120 58
v 30 104 1760 866
v 30 105 1502 763
v 30 106 1234 611
v 30 107 754 398
v 30 108 563 313
v 30 109 1089 595
v 30 110 807 374
v 30 111 862 418
v 30 112 1220 584
v 30 113 521 228
v 30 114 555 306
v 30 119 1080 541
v 30 120 623 336
v 30 121 1066 527
v 30 123 1613 855
v 30 126 758 380
v 30 128 1434 739
v 30 129 623 314
v 30 131 918 444
v 30 135 1555 737
v 30 136 885 424
v 30 137 637 337
v 30 138 292 134
v 30 145 452 262
v 30 155 286 156
v 31 32 437 203
v 31 33 571 258
v 31 34 584 292
v 31 35 1147 638
v 31 36 1583 868
v 31 37 487 292
v 31 38 218 107
v 31 39 1055 574
v 31 40 474 260
v 31 41 644 331
v 31 42 994 470
v 31 43 725 399
v 31 44 676 347
v 31 45 464 237
v 31 46 480 264
v 31 47 650 336
v 31 48 1797 938
v 31 49 2020 1012
v 31 50 569 280
v 31 51 410 225
v 31 52 340 150
v 31 53 943 544
v 31 54 1846 951
v 31 55 975 478
v 31 56 435 214
v 31 57 269 139
v 31 58 316 161
v 31 59 450 254
v 31 60 1234 595
v 31 61 196 112
v 31 62 1220 569
v 31 63 425 226
v 31 64 637 344
v 31 65 98 56
v 31 66 39 21
v 31 67 837 414
v 31 68 1016 528
v 31 69 889 475
v 31 70 727 387
v 31 71 2063 1032
v 31 72 360 204
v 31 73 190 109
v 31 74 2494 1273
v 31 75 967 498
v 31 76 1974 957
v 31 77 203 95
v 31 78 451 217
v 31 79 264 152
v 31 80 327 185
v 31 81 220 125
v 31 82 136 60
v 31 83 334 185
v 31 84 1265 665
v 31 85 1833 984
v 31 86 3422 1788
v 31 87 1353 705
v 31 88 1648 813
v 31 89 79 41
v 31 90 592 299
v 31 91 580 299
v 31 92 240 94
v 31 93 1876 970
v 31 94 158 80
v 31 95 189 90
v 31 96 660 372
v 31 97 1473 756
v 31 98 566 304
v 31 99 257 132
v 31 100 967 504
v 31 101 1290 664
v 31 102 321 163
v 31 103 113 51
v 31 104 1675 869
v 31 105 1520 790
v 31 106 1291 662
v 31 107 763 375
v 31 108 619 358
v 31 109 940 547
v 31 110 831 404
v 31 111 873 434
v 31 112 1163 550
v 31 113 457 219
v 31 114 550 290
v 31 119 1163 588
v 31 120 700 386
v 31 121 925 447
v 31 123 1611 888
v 31 126 744 404
v 31 128 1485 777
v 31 129 584 311
v 31 131 847 453
v 31 135 1472 753
v 31 136 872 454
v 31 137 618 326
v 31 138 253 137
v 31 145 505 285
v 31 155 259 138
v 32 33 141 79
v 32 34 165 88
v 32 35 359 205
v 32 36 546 275
v 32 37 153 86
v 32 38 64 38
v 32 39 330 197
v 32 40 162 82
v 32 41 251 145
v 32 42 332 154
v 32 43 244 126
v 32 44 222 114
v 32 45 141 74
v 32 46 148 81
v 32 47 179 97
v 32 48 474 233
v 32 49 595 270
v 32 50 176 88
v 32 51 101 58
v 32 52 118 59
v 32 53 320 173
v 32 54 568 297
v 32 55 278 146
v 32 56 151 87
v 32 57 66 32
v 32 58 104 61
v 32 59 134 73
v 32 60 384 186
v 32 61 45 20
v 32 62 314 164
v 32 63 139 71
v 32 64 181 87
v 32 65 36 15
v 32 66 16 8
v 32 67 269 131
v 32 68 335 183
v 32 69 328 176
v 32 70 225 123
v 32 71 558 277
v 32 72 103 49
v 32 73 75 40
v 32 74 813 441
v 32 75 333 172
v 32 76 560 282
v 32 77 50 25
v 32 78 137 67
v 32 79 97 55
v 32 80 108 53
v 32 81 67 37
v 32 82 59 28
v 32 83 95 65
v 32 84 340 173
v 32 85 511 274
v 32 86 1016 537
v 32 87 433 238
v 32 88 594 310
v 32 89 31 17
v 32 90 154 82
v 32 91 123 61
v 32 92 60 28
v 32 93 685 379
v 32 94 52 33
v 32 95 66 34
v 32 96 218 105
v 32 97 399 207
v 32 98 175 101
v 32 99 94 58
v 32 100 278 156
v 32 101 482 288
v 32 102 86 47
v 32 103 27 12
v 32 104 598 324
v 32 105 378 180
v 32 106 367 190
v 32 107 231 113
v 32 108 195 112
v 32 109 281 152
v 32 110 273 140
v 32 111 301 163
v 32 112 311 166
v 32 113 107 48
v 32 114 197 103
v 32 119 306 152
v 32 120 196 113
v 32 121 293 142
v 32 123 438 234
v 32 126 231 121
v 32 128 442 241
v 32 129 198 107
v 32 131 217 115
v 32 135 449 204
v 32 136 215 106
v 32 137 164 85
v 32 138 96 48
v 32 145 155 86
v 32 155 78 40
v 33 34 207 120
v 33 35 454 265
v 33 36 662 366
v 33 37 162 98
v 33 38 108 52
v 33 39 353 213
v 33 40 169 110
v 33 41 246 140
v 33 42 389 184
v 33 43 233 137
v 33 44 294 154
v 33 45 168 90
v 33 46 225 132
v 33 47 222 139
v 33 48 777 434
v 33 49 844 464
v 33 50 248 127
v 33 51 150 82
v 33 52 156 81
v 33 53 406 238
v 33 54 586 369
v 33 55 450 242
v 33 56 179 97
v 33 57 121 66
v 33 58 107 56
v 33 59 172 106
v 33 60 474 264
v 33 61 77 34
v 33 62 558 265
v 33 63 162 85
v 33 64 244 150
v 33 65 43 24
v 33 66 37 22
v 33 67 356 165
v 33 68 365 209
v 33 69 403 232
v 33 70 261 151
v 33 71 797 443
v 33 72 425 233
v 33 73 86 49
v 33 74 996 528
v 33 75 415 227
v 33 76 727 397
v 33 77 84 44
v 33 78 209 115
v 33 79 116 66
v 33 80 161 94
v 33 81 89 41
v 33 82 58 33
v 33 83 92 48
v 33 84 481 283
v 33 85 822 452
v 33 86 897 448
v 33 87 526 312
v 33 88 539 283
v 33 89 53 29
v 33 90 269 138
v 33 91 282 146
v 33 92 118 62
v 33 93 579 339
v 33 94 97 49
v 33 95 69 36
v 33 96 216 135
v 33 97 572 351
v 33 98 283 169
v 33 99 100 52
v 33 100 451 262
v 33 101 459 255
v 33 102 85 44
v 33 103 45 18
v 33 104 613 316
v 33 105 684 373
v 33 106 536 302
v 33 107 330 174
v 33 108 204 120
v 33 109 416 249
v 33 110 320 164
v 33 111 401 235
v 33 112 376 190
v 33 113 204 111
v 33 114 173 104
v 33 119 464 278
v 33 120 291 164
v 33 121 413 222
v 33 123 659 370
v 33 126 311 166
v 33 128 625 334
v 33 129 224 135
v 33 131 395 238
v 33 135 784 407
v 33 136 371 222
v 33 137 237 132
v 33 138 102 62
v 33 145 223 129
v 33 155 148 85
v 34 35 449 240
v 34 36 654 360
v 34 37 202 104
v 34 38 97 50
v 34 39 412 233
v 34 40 208 118
v 34 41 271 143
v 34 42 348 170
v 34 43 308 155
v 34 44 272 128
v 34 45 220 116
v 34 46 206 111
v 34 47 222 125
v 34 48 847 439
v 34 49 917 456
v 34 50 260 130
v 34 51 136 65
v 34 52 162 71
v 34 53 396 224
v 34 54 735 354
v 34 55 398 197
v 34 56 204 93
v 34 57 118 53
v 34 58 106 54
v 34 59 181 89
v 34 60 560 267
v 34 61 108 54
v 34 62 509 220
v 34 63 206 116
v 34 64 290 160
v 34 65 54 28
v 34 66 22 11
v 34 67 515 258
v 34 68 389 195
v 34 69 382 187
v 34 70 310 172
v 34 71 747 367
v 34 72 157 81
v 34 73 80 40
v 34 74 1186 553
v 34 75 331 170
v 34 76 791 388
v 34 77 81 39
v 34 78 185 79
v 34 79 133 71
v 34 80 162 75
v 34 81 120 58
v 34 82 64 27
v 34 83 133 75
v 34 84 497 274
v 34 85 745 375
v 34 86 1383 679
v 34 87 540 268
v 34 88 554 253
v 34 89 41 19
v 34 90 283 144
v 34 91 262 109
v 34 92 129 45
v 34 93 668 325
v 34 94 69 37
v 34 95 79 38
v 34 96 241 131
v 34 97 652 340
v 34 98 296 162
v 34 99 124 66
v 34 100 418 218
v 34 101 431 224
v 34 102 126 51
v 34 103 54 24
v 34 104 686 342
v 34 105 711 360
v 34 106 479 256
v 34 107 349 152
v 34 108 257 150
v 34 109 496 278
v 34 110 357 167
v 34 111 432 235
v 34 112 548 291
v 34 113 266 116
v 34 114 216 104
v 34 119 439 215
v 34 120 285 149
v 34 121 449 208
v 34 123 624 296
v 34 126 310 168
v 34 128 674 324
v 34 129 270 137
v 34 131 399 211
v 34 135 624 308
v 34 136 401 216
v 34 137 278 152
v 34 138 116 61
v 34 145 209 118
v 34 155 120 62
v 35 36 1418 717
v 35 37 412 205
v 35 38 177 84
v 35 39 882 446
v 35 40 430 213
v 35 41 586 261
v 35 42 812 371
v 35 43 657 336
v 35 44 654 274
v 35 45 416 191
v 35 46 378 207
v 35 47 676 333
v 35 48 1373 664
v 35 49 1516 647
v 35 50 432 186
v 35 51 303 146
v 35 52 248 115
v 35 53 782 428
v 35 54 1481 670
v 35 55 686 309
v 35 56 292 134
v 35 57 212 97
v 35 58 218 104
v 35 59 406 226
v 35 60 842 376
v 35 61 153 69
v 35 62 842 349
v 35 63 357 156
v 35 64 565 297
v 35 65 84 42
v 35 66 32 10
v 35 67 962 378
v 35 68 866 427
v 35 69 751 372
v 35 70 635 298
v 35 71 1167 519
v 35 72 327 170
v 35 73 194 103
v 35 74 2028 928
v 35 75 924 460
v 35 76 1976 875
v 35 77 125 46
v 35 78 290 109
v 35 79 222 122
v 35 80 278 136
v 35 81 208 93
v 35 82 106 47
v 35 83 271 150
v 35 84 1063 498
v 35 85 1604 813
v 35 86 2884 1404
v 35 87 1170 585
v 35 88 1127 488
v 35 89 62 34
v 35 90 431 199
v 35 91 328 156
v 35 92 176 84
v 35 93 1362 632
v 35 94 120 61
v 35 95 155 69
v 35 96 536 237
v 35 97 1143 530
v 35 98 512 261
v 35 99 202 115
v 35 100 707 351
v 35 101 1094 544
v 35 102 234 121
v 35 103 90 44
v 35 104 1341 592
v 35 105 1084 498
v 35 106 880 417
v 35 107 520 221
v 35 108 545 321
v 35 109 802 413
v 35 110 760 336
v 35 111 710 341
v 35 112 744 315
v 35 113 349 146
v 35 114 451 245
v 35 119 850 411
v 35 120 451 249
v 35 121 840 386
v 35 123 1095 561
v 35 126 615 299
v 35 128 1229 598
v 35 129 521 251
v 35 131 637 326
v 35 135 1169 531
v 35 136 633 284
v 35 137 438 198
v 35 138 236 132
v 35 145 350 193
v 35 155 226 104
v 36 37 636 330
v 36 38 259 133
v 36 39 1409 729
v 36 40 545 245
v 36 41 820 405
v 36 42 1300 646
v 36 43 908 424
v 36 44 834 405
v 36 45 538 223
v 36 46 588 329
v 36 47 863 428
v 36 48 1944 933
v 36 49 2563 1277
v 36 50 498 245
v 36 51 522 257
v 36 52 449 201
v 36 53 1235 638
v 36 54 2176 1058
v 36 55 1132 535
v 36 56 511 252
v 36 57 311 137
v 36 58 380 206
v 36 59 486 286
v 36 60 1311 607
v 36 61 206 113
v 36 62 1666 754
v 36 63 604 308
v 36 64 774 407
v 36 65 139 71
v 36 66 55 37
v 36 67 1080 527
v 36 68 658 311
v 36 69 1095 529
v 36 70 812 402
v 36 71 2752 1403
v 36 72 487 239
v 36 73 250 150
v 36 74 2892 1400
v 36 75 1120 549
v 36 76 2188 968
v 36 77 210 104
v 36 78 528 247
v 36 79 234 121
v 36 80 419 193
v 36 81 338 177
v 36 82 201 95
v 36 83 381 214
v 36 84 1491 781
v 36 85 2189 1101
v 36 86 3831 1855
v 36 87 1533 728
v 36 88 1639 757
v 36 89 105 61
v 36 90 607 270
v 36 91 640 316
v 36 92 263 100
v 36 93 2214 1120
v 36 94 251 115
v 36 95 238 122
v 36 96 865 457
v 36 97 1731 861
v 36 98 857 472
v 36 99 335 187
v 36 100 1242 624
v 36 101 1188 564
v 36 102 331 159
v 36 103 155 75
v 36 104 2023 987
v 36 105 1513 748
v 36 106 1573 789
v 36 107 922 436
v 36 108 686 338
v 36 109 1222 675
v 36 110 910 424
v 36 111 648 313
v 36 112 1441 711
v 36 113 507 230
v 36 114 614 320
v 36 119 1342 637
v 36 120 727 366
v 36 121 949 428
v 36 123 1786 934
v 36 126 904 436
v 36 128 1805 875
v 36 129 741 376
v 36 131 853 423
v 36 135 1780 869
v 36 136 1102 560
v 36 137 706 311
v 36 138 891 410
v 36 145 529 301
v 36 155 316 152
v 37 38 66 27
v 37 39 354 169
v 37 40 150 72
v 37 41 230 118
v 37 42 256 120
v 37 43 247 120
v 37 44 262 123
v 37 45 145 59
v 37 46 169 94
v 37 47 178 92
v 37 48 595 287
v 37 49 648 317
v 37 50 192 96
v 37 51 142 69
v 37 52 116 51
v 37 53 318 176
v 37 54 565 272
v 37 55 294 146
v 37 56 141 66
v 37 57 101 45
v 37 58 82 41
v 37 59 134 70
v 37 60 379 168
v 37 61 56 31
v 37 62 372 153
v 37 63 134 58
v 37 64 227 100
v 37 65 42 21
v 37 66 19 4
v 37 67 298 134
v 37 68 335 164
v 37 69 295 133
v 37 70 283 131
v 37 71 643 277
v 37 72 122 58
v 37 73 71 38
v 37 74 861 414
v 37 75 283 135
v 37 76 566 246
v 37 77 76 32
v 37 78 140 64
v 37 79 73 34
v 37 80 115 56
v 37 81 60 28
v 37 82 50 21
v 37 83 95 58
v 37 84 354 174
v 37 85 626 288
v 37 86 1064 553
v 37 87 464 219
v 37 88 486 215
v 37 89 15 5
v 37 90 189 97
v 37 91 188 89
v 37 92 70 30
v 37 93 646 284
v 37 94 47 22
v 37 95 83 31
v 37 96 190 98
v 37 97 482 231
v 37 98 206 108
v 37 99 104 55
v 37 100 298 152
v 37 101 399 203
v 37 102 107 50
v 37 103 45 19
v 37 104 641 303
v 37 105 522 231
v 37 106 427 216
v 37 107 262 120
v 37 108 199 99
v 37 109 326 185
v 37 110 266 125
v 37 111 290 152
v 37 112 397 182
v 37 113 148 78
v 37 114 192 95
v 37 119 343 170
v 37 120 218 110
v 37 121 366 175
v 37 123 494 264
v 37 126 235 112
v 37 128 470 222
v 37 129 210 111
v 37 131 259 133
v 37 135 505 239
v 37 136 285 139
v 37 137 171 86
v 37 138 83 43
v 37 145 170 88
v 37 155 113 55
v 38 39 182 80
v 38 40 65 28
v 38 41 101 46
v 38 42 131 53
v 38 43 100 48
v 38 44 96 46
v 38 45 77 26
v 38 46 88 45
v 38 47 91 53
v 38 48 326 167
v 38 49 338 165
v 38 50 104 41
v 38 51 84 42
v 38 52 48 14
v 38 53 151 78
v 38 54 241 124
v 38 55 187 95
v 38 56 114 48
v 38 57 46 27
v 38 58 37 21
v 38 59 65 29
v 38 60 213 112
v 38 61 34 16
v 38 62 205 103
v 38 63 61 33
v 38 64 93 48
v 38 65 19 10
v 38 66 7 5
v 38 67 125 63
v 38 68 155 70
v 38 69 164 96
v 38 70 147 78
v 38 71 298 139
v 38 72 84 41
v 38 73 27 14
v 38 74 439 218
v 38 75 139 78
v 38 76 299 133
v 38 77 35 15
v 38 78 86 39
v 38 79 38 19
v 38 80 65 31
v 38 81 42 20
v 38 82 31 9
v 38 83 62 28
v 38 84 187 94
v 38 85 292 137
v 38 86 495 230
v 38 87 215 103
v 38 88 253 119
v 38 89 12 8
v 38 90 103 45
v 38 91 96 37
v 38 92 57 29
v 38 93 282 142
v 38 94 32 20
v 38 95 30 9
v 38 96 103 52
v 38 97 241 109
v 38 98 108 60
v 38 99 41 19
v 38 100 161 85
v 38 101 189 96
v 38 102 37 13
v 38 103 17 8
v 38 104 262 120
v 38 105 215 100
v 38 106 203 95
v 38 107 142 67
v 38 108 87 42
v 38 109 184 108
v 38 110 125 56
v 38 111 139 57
v 38 112 168 75
v 38 113 79 34
v 38 114 74 45
v 38 119 164 78
v 38 120 115 57
v 38 121 187 101
v 38 123 200 105
v 38 126 106 60
v 38 128 242 118
v 38 129 87 38
v 38 131 154 81
v 38 135 239 107
v 38 136 157 74
v 38 137 106 63
v 38 138 54 31
v 38 145 87 46
v 38 155 51 24
v 39 40 384 204
v 39 41 480 214
v 39 42 804 329
v 39 43 568 288
v 39 44 524 261
v 39 45 302 117
v 39 46 336 157
v 39 47 473 233
v 39 48 1200 577
v 39 49 1407 645
v 39 50 334 136
v 39 51 377 186
v 39 52 249 116
v 39 53 772 393
v 39 54 1362 633
v 39 55 724 351
v 39 56 291 122
v 39 57 184 78
v 39 58 233 115
v 39 59 341 166
v 39 60 775 326
v 39 61 113 56
v 39 62 966 381
v 39 63 313 145
v 39 64 469 225
v 39 65 97 54
v 39 66 29 13
v 39 67 694 311
v 39 68 715 354
v 39 69 682 325
v 39 70 544 245
v 39 71 1441 679
v 39 72 289 142
v 39 73 142 77
v 39 74 1820 879
v 39 75 624 273
v 39 76 1347 546
v 39 77 129 54
v 39 78 331 138
v 39 79 169 88
v 39 80 227 108
v 39 81 193 71
v 39 82 140 58
v 39 83 199 94
v 39 84 918 427
v 39 85 1281 632
v 39 86 2355 1105
v 39 87 891 405
v 39 88 1069 469
v 39 89 57 25
v 39 90 441 219
v 39 91 376 170
v 39 92 153 65
v 39 93 1434 645
v 39 94 113 52
v 39 95 141 69
v 39 96 470 219
v 39 97 1055 484
v 39 98 449 243
v 39 99 161 70
v 39 100 797 370
v 39 101 714 326
v 39 102 172 75
v 39 103 78 31
v 39 104 1205 533
v 39 105 965 452
v 39 106 1039 477
v 39 107 586 268
v 39 108 477 258
v 39 109 714 386
v 39 110 526 235
v 39 111 544 237
v 39 112 814 389
v 39 113 317 137
v 39 114 420 216
v 39 119 834 397
v 39 120 516 258
v 39 121 599 288
v 39 123 1110 573
v 39 126 543 255
v 39 128 1199 582
v 39 129 475 253
v 39 131 519 248
v 39 135 1070 490
v 39 136 642 319
v 39 137 491 263
v 39 138 212 108
v 39 145 364 187
v 39 155 203 104
v 40 41 242 116
v 40 42 345 163
v 40 43 224 106
v 40 44 251 134
v 40 45 168 68
v 40 46 120 64
v 40 47 207 108
v 40 48 496 246
v 40 49 502 233
v 40 50 143 67
v 40 51 140 73
v 40 52 83 33
v 40 53 334 160
v 40 54 669 328
v 40 55 337 157
v 40 56 153 73
v 40 57 84 28
v 40 58 108 50
v 40 59 131 56
v 40 60 328 163
v 40 61 58 30
v 40 62 405 172
v 40 63 157 78
v 40 64 242 120
v 40 65 32 19
v 40 66 19 11
v 40 67 280 123
v 40 68 326 156
v 40 69 252 130
v 40 70 213 112
v 40 71 649 308
v 40 72 126 58
v 40 73 73 40
v 40 74 745 306
v 40 75 326 165
v 40 76 602 262
v 40 77 55 31
v 40 78 123 57
v 40 79 72 35
v 40 80 114 62
v 40 81 103 51
v 40 82 36 19
v 40 83 87 45
v 40 84 405 217
v 40 85 563 307
v 40 86 1065 497
v 40 87 466 224
v 40 88 515 220
v 40 89 27 11
v 40 90 166 85
v 40 91 162 80
v 40 92 69 33
v 40 93 730 306
v 40 94 49 23
v 40 95 65 38
v 40 96 195 91
v 40 97 476 222
v 40 98 185 85
v 40 99 67 40
v 40 100 303 157
v 40 101 400 201
v 40 102 148 72
v 40 103 47 18
v 40 104 761 305
v 40 105 445 213
v 40 106 349 183
v 40 107 248 97
v 40 108 231 125
v 40 109 312 170
v 40 110 273 119
v 40 111 262 113
v 40 112 295 137
v 40 113 138 57
v 40 114 150 74
v 40 119 348 156
v 40 120 226 122
v 40 121 269 128
v 40 123 516 271
v 40 126 243 112
v 40 128 512 231
v 40 129 191 101
v 40 131 256 118
v 40 135 471 214
v 40 136 275 129
v 40 137 196 97
v 40 138 91 45
v 40 145 164 75
v 40 155 113 52
v 41 42 560 231
v 41 43 344 176
v 41 44 322 152
v 41 45 209 119
v 41 46 233 126
v 41 47 295 135
v 41 48 741 373
v 41 49 792 426
v 41 50 212 112
v 41 51 223 119
v 41 52 119 55
v 41 53 534 292
v 41 54 1020 508
v 41 55 492 261
v 41 56 188 94
v 41 57 120 41
v 41 58 135 76
v 41 59 204 104
v 41 60 518 229
v 41 61 77 39
v 41 62 567 248
v 41 63 314 178
v 41 64 340 198
v 41 65 45 24
v 41 66 12 4
v 41 67 414 189
v 41 68 430 231
v 41 69 403 194
v 41 70 410 205
v 41 71 1157 583
v 41 72 211 114
v 41 73 100 56
v 41 74 1161 542
v 41 75 405 201
v 41 76 873 396
v 41 77 70 35
v 41 78 224 110
v 41 79 113 59
v 41 80 164 85
v 41 81 130 59
v 41 82 76 27
v 41 83 141 77
v 41 84 576 282
v 41 85 816 458
v 41 86 1435 682
v 41 87 521 239
v 41 88 835 420
v 41 89 32 15
v 41 90 286 145
v 41 91 200 99
v 41 92 113 51
v 41 93 1001 486
v 41 94 46 18
v 41 95 91 49
v 41 96 291 149
v 41 97 731 374
v 41 98 313 175
v 41 99 108 60
v 41 100 537 274
v 41 101 509 242
v 41 102 123 52
v 41 103 71 39
v 41 104 835 358
v 41 105 630 320
v 41 106 564 278
v 41 107 428 223
v 41 108 294 164
v 41 109 478 271
v 41 110 304 137
v 41 111 318 147
v 41 112 400 217
v 41 113 198 86
v 41 114 273 130
v 41 119 499 275
v 41 120 347 186
v 41 121 361 169
v 41 123 711 394
v 41 126 404 213
v 41 128 824 422
v 41 129 377 198
v 41 131 365 184
v 41 135 685 346
v 41 136 406 196
v 41 137 296 168
v 41 138 137 82
v 41 145 216 118
v 41 155 139 82
v 42 43 477 267
v 42 44 470 250
v 42 45 279 141
v 42 46 331 196
v 42 47 384 199
v 42 48 1064 606
v 42 49 1253 617
v 42 50 309 147
v 42 51 260 145
v 42 52 186 90
v 42 53 649 392
v 42 54 1218 608
v 42 55 546 269
v 42 56 302 164
v 42 57 139 64
v 42 58 180 91
v 42 59 255 137
v 42 60 946 519
v 42 61 124 54
v 42 62 726 322
v 42 63 273 151
v 42 64 414 233
v 42 65 60 44
v 42 66 17 8
v 42 67 599 285
v 42 68 773 425
v 42 69 881 503
v 42 70 463 267
v 42 71 1448 789
v 42 72 252 145
v 42 73 164 89
v 42 74 1509 789
v 42 75 756 423
v 42 76 1219 636
v 42 77 95 54
v 42 78 261 122
v 42 79 153 81
v 42 80 214 118
v 42 81 188 104
v 42 82 109 46
v 42 83 163 93
v 42 84 810 449
v 42 85 984 494
v 42 86 2105 1108
v 42 87 1024 554
v 42 88 1142 596
v 42 89 35 15
v 42 90 330 156
v 42 91 274 144
v 42 92 134 57
v 42 93 1271 662
v 42 94 129 80
v 42 95 131 69
v 42 96 430 234
v 42 97 1004 544
v 42 98 423 236
v 42 99 151 85
v 42 100 532 267
v 42 101 1014 579
v 42 102 149 70
v 42 103 85 47
v 42 104 1466 801
v 42 105 1025 541
v 42 106 787 402
v 42 107 518 250
v 42 108 461 252
v 42 109 593 343
v 42 110 451 227
v 42 111 531 289
v 42 112 619 310
v 42 113 266 136
v 42 114 384 210
v 42 119 715 354
v 42 120 481 267
v 42 121 655 339
v 42 123 980 545
v 42 126 431 237
v 42 128 962 501
v 42 129 376 224
v 42 131 491 268
v 42 135 953 448
v 42 136 500 266
v 42 137 388 215
v 42 138 153 81
v 42 145 323 206
v 42 155 136 60
v 43 44 355 173
v 43 45 228 108
v 43 46 264 121
v 43 47 328 176
v 43 48 912 426
v 43 49 1036 488
v 43 50 274 143
v 43 51 223 106
v 43 52 179 86
v 43 53 485 255
v 43 54 899 466
v 43 55 446 203
v 43 56 223 104
v 43 57 109 51
v 43 58 186 96
v 43 59 218 109
v 43 60 657 270
v 43 61 102 50
v 43 62 618 245
v 43 63 191 98
v 43 64 315 163
v 43 65 55 29
v 43 66 17 8
v 43 67 437 218
v 43 68 390 184
v 43 69 511 255
v 43 70 355 190
v 43 71 1013 439
v 43 72 191 93
v 43 73 92 54
v 43 74 1319 580
v 43 75 454 219
v 43 76 1010 464
v 43 77 82 29
v 43 78 214 92
v 43 79 147 78
v 43 80 178 73
v 43 81 136 50
v 43 82 79 37
v 43 83 144 76
v 43 84 587 286
v 43 85 927 450
v 43 86 1587 746
v 43 87 699 343
v 43 88 808 347
v 43 89 43 20
v 43 90 307 129
v 43 91 242 126
v 43 92 131 59
v 43 93 808 403
v 43 94 81 47
v 43 95 103 50
v 43 96 330 154
v 43 97 693 319
v 43 98 336 196
v 43 99 139 69
v 43 100 485 240
v 43 101 610 296
v 43 102 133 64
v 43 103 57 31
v 43 104 886 435
v 43 105 706 330
v 43 106 642 328
v 43 107 396 206
v 43 108 319 184
v 43 109 592 275
v 43 110 434 208
v 43 111 438 214
v 43 112 554 275
v 43 113 242 109
v 43 114 258 132
v 43 119 538 248
v 43 120 340 187
v 43 121 503 240
v 43 123 747 374
v 43 126 326 176
v 43 128 770 388
v 43 129 287 136
v 43 131 430 228
v 43 135 763 367
v 43 136 435 210
v 43 137 307 154
v 43 138 134 69
v 43 145 249 135
v 43 155 149 75
v 44 45 193 91
v 44 46 307 157
v 44 47 306 137
v 44 48 925 435
v 44 49 959 411
v 44 50 266 119
v 44 51 216 112
v 44 52 164 65
v 44 53 531 311
v 44 54 1010 492
v 44 55 415 195
v 44 56 210 114
v 44 57 94 47
v 44 58 163 80
v 44 59 201 126
v 44 60 596 295
v 44 61 123 64
v 44 62 567 248
v 44 63 243 125
v 44 64 327 173
v 44 65 55 31
v 44 66 41 24
v 44 67 432 222
v 44 68 546 276
v 44 69 337 166
v 44 70 403 191
v 44 71 1018 477
v 44 72 189 91
v 44 73 113 57
v 44 74 1310 661
v 44 75 394 178
v 44 76 817 386
v 44 77 94 45
v 44 78 187 96
v 44 79 137 71
v 44 80 159 78
v 44 81 143 76
v 44 82 92 37
v 44 83 154 79
v 44 84 587 280
v 44 85 829 441
v 44 86 1718 851
v 44 87 743 357
v 44 88 625 269
v 44 89 40 18
v 44 90 300 148
v 44 91 293 146
v 44 92 114 60
v 44 93 826 402
v 44 94 85 44
v 44 95 122 67
v 44 96 283 141
v 44 97 730 353
v 44 98 308 158
v 44 99 171 99
v 44 100 481 252
v 44 101 569 288
v 44 102 142 72
v 44 103 79 33
v 44 104 777 387
v 44 105 570 259
v 44 106 563 268
v 44 107 320 154
v 44 108 334 196
v 44 109 500 272
v 44 110 281 123
v 44 111 456 238
v 44 112 549 286
v 44 113 238 112
v 44 114 275 149
v 44 119 458 205
v 44 120 325 173
v 44 121 545 272
v 44 123 719 385
v 44 126 362 190
v 44 128 749 373
v 44 129 327 165
v 44 131 429 230
v 44 135 732 327
v 44 136 389 209
v 44 137 272 119
v 44 138 145 72
v 44 145 223 128
v 44 155 112 59
v 45 46 152 74
v 45 47 197 110
v 45 48 646 341
v 45 49 593 305
v 45 50 171 84
v 45 51 151 65
v 45 52 111 50
v 45 53 292 169
v 45 54 504 246
v 45 55 284 149
v 45 56 126 62
v 45 57 73 42
v 45 58 103 52
v 45 59 140 68
v 45 60 429 207
v 45 61 72 31
v 45 62 354 155
v 45 63 168 95
v 45 64 206 114
v 45 65 30 13
v 45 66 16 10
v 45 67 246 116
v 45 68 288 159
v 45 69 325 170
v 45 70 231 106
v 45 71 569 285
v 45 72 125 72
v 45 73 56 29
v 45 74 792 420
v 45 75 287 143
v 45 76 570 286
v 45 77 49 23
v 45 78 163 76
v 45 79 98 57
v 45 80 101 56
v 45 81 77 34
v 45 82 49 26
v 45 83 77 36
v 45 84 370 203
v 45 85 554 311
v 45 86 1088 570
v 45 87 406 203
v 45 88 474 238
v 45 89 25 17
v 45 90 203 104
v 45 91 154 75
v 45 92 64 36
v 45 93 500 268
v 45 94 70 42
v 45 95 69 37
v 45 96 200 100
v 45 97 486 229
v 45 98 168 107
v 45 99 77 49
v 45 100 245 133
v 45 101 481 271
v 45 102 82 37
v 45 103 38 24
v 45 104 428 221
v 45 105 474 275
v 45 106 394 216
v 45 107 236 110
v 45 108 216 138
v 45 109 275 172
v 45 110 270 136
v 45 111 259 150
v 45 112 326 193
v 45 113 154 77
v 45 114 148 92
v 45 119 310 156
v 45 120 177 105
v 45 121 297 150
v 45 123 467 250
v 45 126 265 144
v 45 128 478 265
v 45 129 183 100
v 45 131 289 158
v 45 135 444 234
v 45 136 242 132
v 45 137 225 117
v 45 138 255 124
v 45 145 146 82
v 45 155 94 40
v 46 47 223 96
v 46 48 778 345
v 46 49 696 271
v 46 50 223 101
v 46 51 149 70
v 46 52 116 46
v 46 53 350 176
v 46 54 688 287
v 46 55 322 122
v 46 56 146 68
v 46 57 101 44
v 46 58 83 42
v 46 59 161 87
v 46 60 453 220
v 46 61 70 30
v 46 62 397 153
v 46 63 181 81
v 46 64 237 113
v 46 65 67 35
v 46 66 26 14
v 46 67 303 105
v 46 68 454 203
v 46 69 309 167
v 46 70 321 162
v 46 71 771 361
v 46 72 173 86
v 46 73 83 46
v 46 74 1018 477
v 46 75 280 129
v 46 76 666 293
v 46 77 63 28
v 46 78 153 60
v 46 79 84 39
v 46 80 133 61
v 46 81 90 36
v 46 82 75 34
v 46 83 90 49
v 46 84 371 170
v 46 85 624 289
v 46 86 1196 565
v 46 87 482 223
v 46 88 688 304
v 46 89 24 11
v 46 90 250 103
v 46 91 213 109
v 46 92 98 40
v 46 93 618 254
v 46 94 60 23
v 46 95 89 44
v 46 96 217 102
v 46 97 589 268
v 46 98 278 162
v 46 99 97 44
v 46 100 396 181
v 46 101 507 244
v 46 102 91 37
v 46 103 51 23
v 46 104 726 342
v 46 105 802 376
v 46 106 509 218
v 46 107 269 116
v 46 108 190 85
v 46 109 455 198
v 46 110 224 99
v 46 111 350 156
v 46 112 428 190
v 46 113 175 70
v 46 114 180 77
v 46 119 352 141
v 46 120 247 127
v 46 121 398 177
v 46 123 521 248
v 46 126 288 130
v 46 128 620 300
v 46 129 247 122
v 46 131 321 144
v 46 135 589 255
v 46 136 340 169
v 46 137 212 121
v 46 138 102 54
v 46 145 168 86
v 46 155 87 42
v 47 48 734 363
v 47 49 909 481
v 47 50 208 90
v 47 51 165 78
v 47 52 167 74
v 47 53 471 244
v 47 54 750 349
v 47 55 395 174
v 47 56 230 90
v 47 57 109 49
v 47 58 167 75
v 47 59 324 191
v 47 60 544 276
v 47 61 68 28
v 47 62 569 239
v 47 63 205 92
v 47 64 278 148
v 47 65 36 17
v 47 66 21 9
v 47 67 395 181
v 47 68 408 210
v 47 69 404 222
v 47 70 292 151
v 47 71 822 411
v 47 72 185 95
v 47 73 78 42
v 47 74 981 447
v 47 75 421 228
v 47 76 957 432
v 47 77 78 31
v 47 78 171 76
v 47 79 119 69
v 47 80 152 65
v 47 81 121 55
v 47 82 72 35
v 47 83 119 75
v 47 84 524 270
v 47 85 732 359
v 47 86 1406 636
v 47 87 592 286
v 47 88 773 371
v 47 89 37 19
v 47 90 226 116
v 47 91 224 99
v 47 92 88 37
v 47 93 771 376
v 47 94 71 37
v 47 95 85 40
v 47 96 276 123
v 47 97 600 280
v 47 98 329 173
v 47 99 129 71
v 47 100 335 155
v 47 101 543 257
v 47 102 122 51
v 47 103 41 20
v 47 104 659 301
v 47 105 599 289
v 47 106 495 244
v 47 107 340 162
v 47 108 282 137
v 47 109 454 234
v 47 110 382 173
v 47 111 319 158
v 47 112 481 233
v 47 113 189 75
v 47 114 258 129
v 47 119 464 221
v 47 120 274 133
v 47 121 420 193
v 47 123 611 277
v 47 126 278 142
v 47 128 626 329
v 47 129 252 119
v 47 131 375 171
v 47 135 585 287
v 47 136 360 175
v 47 137 224 97
v 47 138 111 51
v 47 145 203 107
v 47 155 107 52
v 48 49 2680 1222
v 48 50 757 353
v 48 51 493 247
v 48 52 438 202
v 48 53 1197 613
v 48 54 2540 1183
v 48 55 1177 568
v 48 56 566 277
v 48 57 382 173
v 48 58 372 207
v 48 59 546 312
v 48 60 1628 772
v 48 61 363 170
v 48 62 1611 670
v 48 63 549 294
v 48 64 747 394
v 48 65 145 74
v 48 66 68 35
v 48 67 1113 482
v 48 68 1169 591
v 48 69 1031 537
v 48 70 1038 532
v 48 71 2604 1244
v 48 72 512 287
v 48 73 285 168
v 48 74 3313 1556
v 48 75 1009 516
v 48 76 2413 1073
v 48 77 276 138
v 48 78 652 295
v 48 79 333 195
v 48 80 503 258
v 48 81 366 174
v 48 82 215 80
v 48 83 409 220
v 48 84 1358 714
v 48 85 2365 1314
v 48 86 3909 1913
v 48 87 1731 883
v 48 88 1798 838
v 48 89 130 70
v 48 90 750 366
v 48 91 865 405
v 48 92 352 162
v 48 93 2404 1170
v 48 94 252 133
v 48 95 244 122
v 48 96 719 382
v 48 97 1903 984
v 48 98 879 481
v 48 99 329 185
v 48 100 1289 655
v 48 101 1326 690
v 48 102 343 158
v 48 103 150 74
v 48 104 1978 940
v 48 105 1893 934
v 48 106 1646 871
v 48 107 1020 490
v 48 108 659 352
v 48 109 1844 1003
v 48 110 1046 503
v 48 111 1106 534
v 48 112 1730 827
v 48 113 719 343
v 48 114 686 350
v 48 119 1299 629
v 48 120 825 440
v 48 121 1410 713
v 48 123 1963 1005
v 48 126 909 460
v 48 128 1988 978
v 48 129 700 346
v 48 131 1214 619
v 48 135 2083 971
v 48 136 1146 613
v 48 137 814 381
v 48 138 359 179
v 48 145 673 384
v 48 155 340 164
v 49 50 765 386
v 49 51 566 291
v 49 52 544 257
v 49 53 1238 702
v 49 54 2758 1402
v 49 55 1426 717
v 49 56 641 340
v 49 57 334 157
v 49 58 394 211
v 49 59 686 364
v 49 60 2006 1054
v 49 61 323 189
v 49 62 1804 836
v 49 63 619 354
v 49 64 841 461
v 49 65 169 79
v 49 66 74 36
v 49 67 1261 607
v 49 68 1134 609
v 49 69 1355 722
v 49 70 1116 591
v 49 71 2867 1416
v 49 72 524 289
v 49 73 262 152
v 49 74 3660 1890
v 49 75 1185 614
v 49 76 2813 1329
v 49 77 324 174
v 49 78 709 325
v 49 79 394 228
v 49 80 520 264
v 49 81 366 197
v 49 82 255 114
v 49 83 403 227
v 49 84 1484 795
v 49 85 2384 1333
v 49 86 4434 2316
v 49 87 2056 1073
v 49 88 2578 1315
v 49 89 124 63
v 49 90 816 391
v 49 91 804 392
v 49 92 440 216
v 49 93 2747 1390
v 49 94 238 127
v 49 95 242 114
v 49 96 822 440
v 49 97 2091 1092
v 49 98 1250 659
v 49 99 347 197
v 49 100 1366 748
v 49 101 1623 852
v 49 102 348 173
v 49 103 183 86
v 49 104 2513 1269
v 49 105 2224 1168
v 49 106 1929 972
v 49 107 1143 567
v 49 108 872 496
v 49 109 1655 978
v 49 110 1131 533
v 49 111 1172 592
v 49 112 1839 930
v 49 113 754 359
v 49 114 780 424
v 49 119 1625 842
v 49 120 964 552
v 49 121 1543 800
v 49 123 2277 1278
v 49 126 1002 554
v 49 128 2134 1137
v 49 129 797 447
v 49 131 1327 725
v 49 135 2287 1175
v 49 136 1353 725
v 49 137 957 513
v 49 138 373 209
v 49 145 745 434
v 49 155 447 229
v 50 51 151 84
v 50 52 168 86
v 50 53 311 175
v 50 54 598 308
v 50 55 343 173
v 50 56 150 88
v 50 57 113 46
v 50 58 99 57
v 50 59 172 100
v 50 60 518 269
v 50 61 109 61
v 50 62 461 218
v 50 63 178 79
v 50 64 241 129
v 50 65 35 25
v 50 66 25 17
v 50 67 380 187
v 50 68 399 211
v 50 69 328 172
v 50 70 268 134
v 50 71 748 388
v 50 72 154 92
v 50 73 69 42
v 50 74 997 491
v 50 75 342 183
v 50 76 758 358
v 50 77 79 38
v 50 78 185 90
v 50 79 108 59
v 50 80 148 79
v 50 81 89 46
v 50 82 73 29
v 50 83 143 91
v 50 84 419 228
v 50 85 749 390
v 50 86 1160 610
v 50 87 507 261
v 50 88 544 270
v 50 89 32 23
v 50 90 266 128
v 50 91 285 129
v 50 92 96 43
v 50 93 766 371
v 50 94 62 32
v 50 95 74 49
v 50 96 186 98
v 50 97 570 300
v 50 98 214 120
v 50 99 100 54
v 50 100 400 212
v 50 101 408 218
v 50 102 103 57
v 50 103 47 26
v 50 104 393 223
v 50 105 709 378
v 50 106 465 254
v 50 107 299 150
v 50 108 182 100
v 50 109 503 286
v 50 110 340 175
v 50 111 387 204
v 50 112 537 271
v 50 113 207 105
v 50 114 194 116
v 50 119 435 219
v 50 120 236 125
v 50 121 461 239
v 50 123 614 334
v 50 126 303 157
v 50 128 542 293
v 50 129 179 106
v 50 131 416 224
v 50 135 526 269
v 50 136 367 207
v 50 137 254 142
v 50 138 96 44
v 50 145 223 124
v 50 155 144 83
v 51 52 94 46
v 51 53 270 143
v 51 54 556 246
v 51 55 263 114
v 51 56 124 67
v 51 57 75 36
v 51 58 82 41
v 51 59 146 79
v 51 60 303 141
v 51 61 62 26
v 51 62 348 148
v 51 63 118 59
v 51 64 196 108
v 51 65 33 16
v 51 66 18 7
v 51 67 233 119
v 51 68 275 125
v 51 69 276 132
v 51 70 225 120
v 51 71 624 306
v 51 72 115 60
v 51 73 69 39
v 51 74 726 359
v 51 75 253 131
v 51 76 552 240
v 51 77 58 25
v 51 78 122 61
v 51 79 79 36
v 51 80 93 50
v 51 81 73 43
v 51 82 47 19
v 51 83 92 47
v 51 84 339 177
v 51 85 495 246
v 51 86 931 467
v 51 87 369 178
v 51 88 456 208
v 51 89 22 10
v 51 90 177 85
v 51 91 126 68
v 51 92 59 25
v 51 93 479 259
v 51 94 32 13
v 51 95 48 19
v 51 96 167 78
v 51 97 398 199
v 51 98 210 108
v 51 99 66 36
v 51 100 292 160
v 51 101 311 152
v 51 102 66 36
v 51 103 34 18
v 51 104 449 221
v 51 105 409 191
v 51 106 381 200
v 51 107 236 113
v 51 108 215 125
v 51 109 319 154
v 51 110 223 100
v 51 111 200 99
v 51 112 320 143
v 51 113 123 58
v 51 114 157 85
v 51 119 279 131
v 51 120 154 79
v 51 121 283 134
v 51 123 448 229
v 51 126 232 110
v 51 128 408 190
v 51 129 207 106
v 51 131 231 113
v 51 135 410 190
v 51 136 241 133
v 51 137 123 59
v 51 138 86 52
v 51 145 127 71
v 51 155 63 33
v 52 53 215 114
v 52 54 414 227
v 52 55 256 131
v 52 56 110 50
v 52 57 64 34
v 52 58 76 43
v 52 59 89 47
v 52 60 304 156
v 52 61 69 25
v 52 62 331 152
v 52 63 85 47
v 52 64 140 76
v 52 65 19 14
v 52 66 9 6
v 52 67 177 91
v 52 68 224 127
v 52 69 253 142
v 52 70 190 99
v 52 71 476 243
v 52 72 99 50
v 52 73 42 20
v 52 74 623 317
v 52 75 190 96
v 52 76 425 209
v 52 77 43 28
v 52 78 126 52
v 52 79 66 40
v 52 80 104 62
v 52 81 74 45
v 52 82 46 22
v 52 83 72 37
v 52 84 228 122
v 52 85 351 174
v 52 86 726 368
v 52 87 328 155
v 52 88 277 128
v 52 89 20 10
v 52 90 130 64
v 52 91 129 64
v 52 92 49 28
v 52 93 542 308
v 52 94 29 18
v 52 95 43 17
v 52 96 136 76
v 52 97 338 188
v 52 98 188 106
v 52 99 63 32
v 52 100 295 169
v 52 101 246 133
v 52 102 54 30
v 52 103 36 18
v 52 104 366 191
v 52 105 421 251
v 52 106 359 193
v 52 107 207 118
v 52 108 146 84
v 52 109 263 162
v 52 110 183 93
v 52 111 180 101
v 52 112 351 201
v 52 113 121 69
v 52 114 108 55
v 52 119 379 207
v 52 120 186 112
v 52 121 286 159
v 52 123 375 213
v 52 126 158 76
v 52 128 356 198
v 52 129 151 94
v 52 131 220 129
v 52 135 349 175
v 52 136 212 111
v 52 137 158 94
v 52 138 63 36
v 52 145 125 74
v 52 155 74 44
v 53 54 1135 522
v 53 55 620 266
v 53 56 250 98
v 53 57 176 66
v 53 58 196 79
v 53 59 326 169
v 53 60 718 291
v 53 61 128 52
v 53 62 885 368
v 53 63 285 131
v 53 64 455 228
v 53 65 73 34
v 53 66 28 13
v 53 67 694 269
v 53 68 674 322
v 53 69 602 295
v 53 70 557 252
v 53 71 1179 505
v 53 72 261 125
v 53 73 152 79
v 53 74 1814 765
v 53 75 599 297
v 53 76 1285 565
v 53 77 127 45
v 53 78 281 105
v 53 79 196 102
v 53 80 277 161
v 53 81 195 90
v 53 82 109 54
v 53 83 179 95
v 53 84 842 378
v 53 85 1237 537
v 53 86 2417 1096
v 53 87 1007 466
v 53 88 1086 457
v 53 89 57 23
v 53 90 346 156
v 53 91 342 148
v 53 92 136 57
v 53 93 1267 558
v 53 94 82 47
v 53 95 124 65
v 53 96 445 205
v 53 97 1070 496
v 53 98 545 261
v 53 99 165 72
v 53 100 704 306
v 53 101 794 389
v 53 102 167 72
v 53 103 79 30
v 53 104 1140 524
v 53 105 973 406
v 53 106 935 435
v 53 107 562 241
v 53 108 469 230
v 53 109 746 313
v 53 110 544 237
v 53 111 536 230
v 53 112 713 302
v 53 113 270 111
v 53 114 449 211
v 53 119 751 318
v 53 120 466 228
v 53 121 661 302
v 53 123 967 472
v 53 126 543 254
v 53 128 1091 458
v 53 129 441 209
v 53 131 579 263
v 53 135 1094 421
v 53 136 546 244
v 53 137 407 186
v 53 138 178 70
v 53 145 360 172
v 53 155 206 94
v 54 55 1115 558
v 54 56 612 307
v 54 57 294 123
v 54 58 362 195
v 54 59 507 253
v 54 60 1450 679
v 54 61 247 132
v 54 62 1401 652
v 54 63 526 267
v 54 64 947 527
v 54 65 100 49
v 54 66 52 29
v 54 67 1222 635
v 54 68 939 510
v 54 69 1038 522
v 54 70 1176 583
v 54 71 2317 1100
v 54 72 516 304
v 54 73 259 152
v 54 74 3399 1823
v 54 75 1058 539
v 54 76 2338 1070
v 54 77 209 96
v 54 78 527 267
v 54 79 345 189
v 54 80 452 216
v 54 81 309 152
v 54 82 209 97
v 54 83 372 217
v 54 84 1540 824
v 54 85 2241 1199
v 54 86 3774 1942
v 54 87 1824 934
v 54 88 2175 1077
v 54 89 105 48
v 54 90 698 369
v 54 91 724 358
v 54 92 267 108
v 54 93 2609 1302
v 54 94 246 117
v 54 95 316 139
v 54 96 1051 604
v 54 97 1809 891
v 54 98 809 457
v 54 99 328 181
v 54 100 1161 566
v 54 101 1514 717
v 54 102 363 181
v 54 103 160 75
v 54 104 2214 1118
v 54 105 2549 1412
v 54 106 1437 764
v 54 107 1103 583
v 54 108 969 583
v 54 109 1582 890
v 54 110 1303 701
v 54 111 934 459
v 54 112 1211 593
v 54 113 562 248
v 54 114 793 434
v 54 119 1571 807
v 54 120 859 463
v 54 121 1192 592
v 54 123 1930 1070
v 54 126 902 481
v 54 128 1957 1080
v 54 129 886 510
v 54 131 1023 532
v 54 135 1877 928
v 54 136 1038 533
v 54 137 865 483
v 54 138 326 180
v 54 145 632 343
v 54 155 370 201
v 55 56 370 166
v 55 57 165 91
v 55 58 187 91
v 55 59 337 211
v 55 60 844 403
v 55 61 137 76
v 55 62 795 361
v 55 63 291 132
v 55 64 421 210
v 55 65 82 42
v 55 66 32 16
v 55 67 462 217
v 55 68 627 310
v 55 69 682 323
v 55 70 513 259
v 55 71 1223 591
v 55 72 274 145
v 55 73 129 76
v 55 74 1671 824
v 55 75 573 317
v 55 76 1249 581
v 55 77 118 60
v 55 78 358 181
v 55 79 155 83
v 55 80 253 118
v 55 81 158 87
v 55 82 127 54
v 55 83 190 106
v 55 84 808 443
v 55 85 1266 695
v 55 86 2194 1089
v 55 87 807 407
v 55 88 1019 482
v 55 89 45 24
v 55 90 373 174
v 55 91 379 178
v 55 92 197 99
v 55 93 1174 604
v 55 94 61 42
v 55 95 154 74
v 55 96 409 207
v 55 97 969 507
v 55 98 499 250
v 55 99 144 82
v 55 100 682 382
v 55 101 764 394
v 55 102 192 96
v 55 103 87 36
v 55 104 1156 572
v 55 105 1027 510
v 55 106 1031 489
v 55 107 566 278
v 55 108 444 251
v 55 109 717 411
v 55 110 579 297
v 55 111 426 184
v 55 112 911 463
v 55 113 328 170
v 55 114 373 191
v 55 119 818 418
v 55 120 466 265
v 55 121 672 345
v 55 123 1156 614
v 55 126 550 292
v 55 128 1019 531
v 55 129 417 229
v 55 131 641 300
v 55 135 1057 514
v 55 136 565 294
v 55 137 430 221
v 55 138 191 104
v 55 145 352 185
v 55 155 255 127
v 56 57 52 24
v 56 58 112 52
v 56 59 127 69
v 56 60 350 177
v 56 61 57 30
v 56 62 250 105
v 56 63 128 69
v 56 64 216 122
v 56 65 28 12
v 56 66 12 6
v 56 67 289 133
v 56 68 354 193
v 56 69 343 180
v 56 70 220 126
v 56 71 546 281
v 56 72 108 56
v 56 73 76 39
v 56 74 766 380
v 56 75 265 129
v 56 76 599 314
v 56 77 48 26
v 56 78 133 65
v 56 79 82 45
v 56 80 104 54
v 56 81 78 39
v 56 82 45 22
v 56 83 74 45
v 56 84 355 184
v 56 85 597 332
v 56 86 982 527
v 56 87 452 241
v 56 88 569 283
v 56 89 20 8
v 56 90 181 101
v 56 91 177 94
v 56 92 74 33
v 56 93 550 275
v 56 94 45 27
v 56 95 47 21
v 56 96 199 104
v 56 97 385 205
v 56 98 188 108
v 56 99 84 49
v 56 100 245 132
v 56 101 365 189
v 56 102 77 41
v 56 103 41 13
v 56 104 453 231
v 56 105 398 192
v 56 106 395 197
v 56 107 227 121
v 56 108 213 130
v 56 109 308 158
v 56 110 315 151
v 56 111 257 129
v 56 112 294 134
v 56 113 152 65
v 56 114 179 101
v 56 119 306 166
v 56 120 224 117
v 56 121 336 173
v 56 123 407 208
v 56 126 225 109
v 56 128 466 257
v 56 129 158 77
v 56 131 250 138
v 56 135 453 233
v 56 136 230 123
v 56 137 192 94
v 56 138 73 38
v 56 145 167 93
v 56 155 96 46
v 57 58 47 22
v 57 59 80 39
v 57 60 191 94
v 57 61 36 20
v 57 62 213 108
v 57 63 70 40
v 57 64 115 72
v 57 65 24 18
v 57 66 7 3
v 57 67 154 90
v 57 68 154 68
v 57 69 176 87
v 57 70 134 66
v 57 71 318 175
v 57 72 59 33
v 57 73 32 16
v 57 74 489 266
v 57 75 161 88
v 57 76 329 158
v 57 77 25 12
v 57 78 74 35
v 57 79 52 31
v 57 80 72 32
v 57 81 31 20
v 57 82 27 14
v 57 83 61 34
v 57 84 193 100
v 57 85 292 158
v 57 86 535 280
v 57 87 262 130
v 57 88 287 151
v 57 89 15 9
v 57 90 111 52
v 57 91 94 52
v 57 92 52 28
v 57 93 323 182
v 57 94 28 13
v 57 95 36 25
v 57 96 134 64
v 57 97 291 161
v 57 98 137 80
v 57 99 63 37
v 57 100 186 101
v 57 101 204 110
v 57 102 57 35
v 57 103 28 15
v 57 104 279 161
v 57 105 295 156
v 57 106 203 115
v 57 107 144 86
v 57 108 79 46
v 57 109 203 110
v 57 110 158 88
v 57 111 151 84
v 57 112 232 122
v 57 113 93 45
v 57 114 97 48
v 57 119 173 83
v 57 120 113 62
v 57 121 194 98
v 57 123 256 120
v 57 126 134 83
v 57 128 279 150
v 57 129 106 59
v 57 131 184 108
v 57 135 282 149
v 57 136 126 70
v 57 137 109 63
v 57 138 96 52
v 57 145 91 47
v 57 155 48 22
v 58 59 99 53
v 58 60 209 107
v 58 61 37 22
v 58 62 289 126
v 58 63 97 50
v 58 64 122 60
v 58 65 25 17
v 58 66 14 6
v 58 67 115 58
v 58 68 187 98
v 58 69 235 111
v 58 70 179 99
v 58 71 428 199
v 58 72 93 48
v 58 73 45 21
v 58 74 506 265
v 58 75 187 107
v 58 76 390 185
v 58 77 21 12
v 58 78 104 52
v 58 79 42 22
v 58 80 57 31
v 58 81 52 19
v 58 82 41 18
v 58 83 44 25
v 58 84 217 111
v 58 85 332 176
v 58 86 671 325
v 58 87 286 143
v 58 88 347 152
v 58 89 21 9
v 58 90 133 56
v 58 91 100 47
v 58 92 51 24
v 58 93 388 190
v 58 94 33 17
v 58 95 52 17
v 58 96 128 62
v 58 97 291 154
v 58 98 156 70
v 58 99 62 34
v 58 100 201 108
v 58 101 277 128
v 58 102 44 20
v 58 103 28 13
v 58 104 325 153
v 58 105 286 140
v 58 106 244 136
v 58 107 180 80
v 58 108 120 63
v 58 109 193 105
v 58 110 169 68
v 58 111 162 83
v 58 112 238 114
v 58 113 99 39
v 58 114 122 69
v 58 119 215 105
v 58 120 154 96
v 58 121 203 96
v 58 123 349 175
v 58 126 149 72
v 58 128 264 118
v 58 129 111 51
v 58 131 171 91
v 58 135 336 154
v 58 136 188 85
v 58 137 180 88
v 58 138 46 20
v 58 145 118 60
v 58 155 64 34
v 59 60 380 204
v 59 61 64 29
v 59 62 418 169
v 59 63 150 78
v 59 64 196 107
v 59 65 36 14
v 59 66 13 8
v 59 67 267 110
v 59 68 151 67
v 59 69 239 98
v 59 70 257 128
v 59 71 624 278
v 59 72 114 61
v 59 73 70 41
v 59 74 678 315
v 59 75 294 139
v 59 76 699 328
v 59 77 62 33
v 59 78 164 74
v 59 79 69 42
v 59 80 146 67
v 59 81 77 30
v 59 82 57 23
v 59 83 102 45
v 59 84 391 194
v 59 85 509 240
v 59 86 1088 529
v 59 87 436 205
v 59 88 420 194
v 59 89 24 12
v 59 90 184 85
v 59 91 199 83
v 59 92 78 25
v 59 93 545 255
v 59 94 50 18
v 59 95 72 35
v 59 96 200 102
v 59 97 446 217
v 59 98 208 101
v 59 99 73 36
v 59 100 311 133
v 59 101 369 183
v 59 102 79 33
v 59 103 39 20
v 59 104 428 175
v 59 105 501 240
v 59 106 425 224
v 59 107 276 130
v 59 108 214 117
v 59 109 345 146
v 59 110 269 120
v 59 111 245 103
v 59 112 367 157
v 59 113 122 43
v 59 114 204 104
v 59 119 331 158
v 59 120 213 121
v 59 121 323 141
v 59 123 364 187
v 59 126 225 107
v 59 128 444 235
v 59 129 185 99
v 59 131 250 134
v 59 135 450 201
v 59 136 250 116
v 59 137 173 89
v 59 138 92 39
v 59 145 147 67
v 59 155 84 40
v 60 61 218 87
v 60 62 794 347
v 60 63 350 174
v 60 64 482 277
v 60 65 89 39
v 60 66 41 21
v 60 67 778 373
v 60 68 1014 557
v 60 69 789 455
v 60 70 629 338
v 60 71 1345 647
v 60 72 269 145
v 60 73 167 97
v 60 74 2007 1049
v 60 75 897 501
v 60 76 1529 743
v 60 77 204 84
v 60 78 398 211
v 60 79 252 151
v 60 80 299 165
v 60 81 250 122
v 60 82 150 63
v 60 83 212 114
v 60 84 823 426
v 60 85 1396 775
v 60 86 2927 1629
v 60 87 1079 500
v 60 88 1484 762
v 60 89 112 64
v 60 90 482 251
v 60 91 436 204
v 60 92 176 80
v 60 93 1312 701
v 60 94 168 88
v 60 95 205 105
v 60 96 579 332
v 60 97 1278 682
v 60 98 525 308
v 60 99 251 137
v 60 100 673 361
v 60 101 1122 627
v 60 102 196 89
v 60 103 80 41
v 60 104 1493 767
v 60 105 1151 602
v 60 106 954 511
v 60 107 670 332
v 60 108 539 302
v 60 109 1075 591
v 60 110 599 299
v 60 111 1055 581
v 60 112 1194 609
v 60 113 382 178
v 60 114 501 282
v 60 119 899 461
v 60 120 573 314
v 60 121 1004 524
v 60 123 1272 723
v 60 126 606 336
v 60 128 1182 613
v 60 129 519 279
v 60 131 794 418
v 60 135 1348 649
v 60 136 663 345
v 60 137 567 297
v 60 138 179 98
v 60 145 407 243
v 60 155 234 122
v 61 62 196 93
v 61 63 72 38
v 61 64 84 43
v 61 65 8 3
v 61 66 11 5
v 61 67 113 47
v 61 68 130 70
v 61 69 123 76
v 61 70 110 46
v 61 71 251 102
v 61 72 54 31
v 61 73 37 17
v 61 74 450 217
v 61 75 126 58
v 61 76 271 131
v 61 77 43 21
v 61 78 78 33
v 61 79 46 23
v 61 80 43 22
v 61 81 40 24
v 61 82 30 7
v 61 83 55 30
v 61 84 186 103
v 61 85 289 153
v 61 86 489 251
v 61 87 175 79
v 61 88 206 101
v 61 89 11 7
v 61 90 105 47
v 61 91 126 61
v 61 92 50 21
v 61 93 232 105
v 61 94 33 18
v 61 95 16 7
v 61 96 77 38
v 61 97 206 99
v 61 98 107 57
v 61 99 40 25
v 61 100 138 71
v 61 101 172 86
v 61 102 36 14
v 61 103 19 11
v 61 104 224 116
v 61 105 216 92
v 61 106 156 76
v 61 107 95 44
v 61 108 56 32
v 61 109 179 100
v 61 110 124 41
v 61 111 176 103
v 61 112 144 63
v 61 113 111 72
v 61 114 73 40
v 61 119 146 70
v 61 120 84 49
v 61 121 182 82
v 61 123 206 99
v 61 126 76 31
v 61 128 202 97
v 61 129 68 36
v 61 131 150 72
v 61 135 213 101
v 61 136 156 80
v 61 137 99 47
v 61 138 44 20
v 61 145 89 48
v 61 155 40 18
v 62 63 340 206
v 62 64 531 302
v 62 65 86 47
v 62 66 43 24
v 62 67 662 364
v 62 68 754 424
v 62 69 844 474
v 62 70 659 368
v 62 71 1911 964
v 62 72 402 236
v 62 73 178 106
v 62 74 2170 1222
v 62 75 711 423
v 62 76 1753 907
v 62 77 144 82
v 62 78 399 222
v 62 79 196 116
v 62 80 297 161
v 62 81 250 130
v 62 82 168 75
v 62 83 243 136
v 62 84 989 563
v 62 85 1513 880
v 62 86 2795 1603
v 62 87 1154 608
v 62 88 1490 827
v 62 89 87 46
v 62 90 483 260
v 62 91 531 272
v 62 92 216 104
v 62 93 2024 1023
v 62 94 136 81
v 62 95 230 107
v 62 96 517 305
v 62 97 1264 696
v 62 98 509 324
v 62 99 212 119
v 62 100 818 453
v 62 101 1009 581
v 62 102 270 146
v 62 103 121 68
v 62 104 1475 757
v 62 105 1345 731
v 62 106 1128 640
v 62 107 783 425
v 62 108 528 313
v 62 109 1044 622
v 62 110 700 371
v 62 111 753 403
v 62 112 1045 539
v 62 113 389 207
v 62 114 492 264
v 62 119 1010 558
v 62 120 588 326
v 62 121 893 470
v 62 123 1418 830
v 62 126 664 365
v 62 128 1324 720
v 62 129 460 264
v 62 131 732 405
v 62 135 1245 645
v 62 136 753 409
v 62 137 565 314
v 62 138 247 141
v 62 145 480 298
v 62 155 335 170
v 63 64 196 87
v 63 65 27 15
v 63 66 11 5
v 63 67 231 109
v 63 68 328 169
v 63 69 284 137
v 63 70 251 127
v 63 71 620 300
v 63 72 123 63
v 63 73 54 26
v 63 74 781 396
v 63 75 273 137
v 63 76 549 257
v 63 77 51 25
v 63 78 156 68
v 63 79 88 47
v 63 80 120 64
v 63 81 85 40
v 63 82 56 24
v 63 83 109 48
v 63 84 363 177
v 63 85 606 327
v 63 86 925 408
v 63 87 370 179
v 63 88 422 204
v 63 89 31 14
v 63 90 181 84
v 63 91 168 69
v 63 92 67 24
v 63 93 558 260
v 63 94 53 28
v 63 95 66 45
v 63 96 182 88
v 63 97 464 223
v 63 98 179 100
v 63 99 68 40
v 63 100 322 159
v 63 101 328 143
v 63 102 100 39
v 63 103 41 20
v 63 104 505 232
v 63 105 429 189
v 63 106 368 179
v 63 107 257 122
v 63 108 200 103
v 63 109 328 171
v 63 110 316 142
v 63 111 251 139
v 63 112 319 162
v 63 113 124 55
v 63 114 173 86
v 63 119 303 163
v 63 120 184 89
v 63 121 305 134
v 63 123 411 198
v 63 126 234 111
v 63 128 498 239
v 63 129 198 95
v 63 131 263 127
v 63 135 421 199
v 63 136 262 131
v 63 137 174 89
v 63 138 68 34
v 63 145 123 61
v 63 155 74 31
v 64 65 43 19
v 64 66 21 15
v 64 67 359 160
v 64 68 429 221
v 64 69 422 187
v 64 70 398 171
v 64 71 925 403
v 64 72 180 98
v 64 73 100 58
v 64 74 1177 535
v 64 75 410 209
v 64 76 856 372
v 64 77 62 32
v 64 78 155 64
v 64 79 135 76
v 64 80 166 77
v 64 81 122 56
v 64 82 56 21
v 64 83 136 74
v 64 84 588 288
v 64 85 886 431
v 64 86 1620 723
v 64 87 568 249
v 64 88 679 302
v 64 89 30 15
v 64 90 244 114
v 64 91 238 111
v 64 92 107 44
v 64 93 795 365
v 64 94 72 34
v 64 95 107 46
v 64 96 286 137
v 64 97 675 313
v 64 98 259 129
v 64 99 116 58
v 64 100 485 222
v 64 101 545 268
v 64 102 149 62
v 64 103 45 16
v 64 104 935 406
v 64 105 705 307
v 64 106 566 249
v 64 107 365 152
v 64 108 318 145
v 64 109 505 263
v 64 110 337 161
v 64 111 388 173
v 64 112 520 227
v 64 113 195 101
v 64 114 272 126
v 64 119 535 246
v 64 120 306 155
v 64 121 460 217
v 64 123 685 361
v 64 126 321 151
v 64 128 737 349
v 64 129 305 167
v 64 131 390 178
v 64 135 659 292
v 64 136 392 207
v 64 137 293 134
v 64 138 139 60
v 64 145 210 95
v 64 155 135 62
v 65 66 3 2
v 65 67 71 28
v 65 68 89 49
v 65 69 63 31
v 65 70 72 38
v 65 71 156 77
v 65 72 32 17
v 65 73 9 6
v 65 74 175 69
v 65 75 54 24
v 65 76 139 50
v 65 77 13 7
v 65 78 29 13
v 65 79 23 9
v 65 80 30 15
v 65 81 17 8
v 65 82 8 4
v 65 83 17 10
v 65 84 99 43
v 65 85 123 54
v 65 86 244 111
v 65 87 86 39
v 65 88 98 43
v 65 89 6 4
v 65 90 39 16
v 65 91 61 24
v 65 92 27 14
v 65 93 151 67
v 65 94 18 5
v 65 95 15 10
v 65 96 48 28
v 65 97 108 57
v 65 98 60 31
v 65 99 23 8
v 65 100 84 44
v 65 101 65 28
v 65 102 24 10
v 65 103 10 6
v 65 104 109 42
v 65 105 110 57
v 65 106 91 42
v 65 107 66 25
v 65 108 42 19
v 65 109 81 39
v 65 110 76 38
v 65 111 39 18
v 65 112 114 46
v 65 113 32 11
v 65 114 55 35
v 65 119 95 45
v 65 120 62 35
v 65 121 75 27
v 65 123 147 65
v 65 126 50 27
v 65 128 105 51
v 65 129 43 20
v 65 131 65 35
v 65 135 117 53
v 65 136 68 36
v 65 137 43 22
v 65 138 16 7
v 65 145 43 16
v 65 155 23 9
v 66 67 23 13
v 66 68 31 16
v 66 69 36 21
v 66 70 30 15
v 66 71 73 34
v 66 72 19 10
v 66 73 7 5
v 66 74 84 38
v 66 75 21 10
v 66 76 60 20
v 66 77 5 1
v 66 78 22 8
v 66 79 10 5
v 66 80 15 5
v 66 81 7 4
v 66 82 6 3
v 66 83 10 5
v 66 84 29 16
v 66 85 65 30
v 66 86 99 48
v 66 87 42 21
v 66 88 43 18
v 66 89 3 1
v 66 90 25 11
v 66 91 23 11
v 66 92 4 3
v 66 93 61 31
v 66 94 3 1
v 66 95 8 4
v 66 96 12 6
v 66 97 53 20
v 66 98 16 8
v 66 99 12 3
v 66 100 30 12
v 66 101 41 20
v 66 102 7 4
v 66 103 5 1
v 66 104 49 23
v 66 105 51 21
v 66 106 43 23
v 66 107 40 17
v 66 108 14 8
v 66 109 49 26
v 66 110 28 13
v 66 111 29 19
v 66 112 54 30
v 66 113 15 12
v 66 114 21 10
v 66 119 30 13
v 66 120 32 19
v 66 121 31 11
v 66 123 47 23
v 66 126 28 15
v 66 128 52 27
v 66 129 20 12
v 66 131 28 12
v 66 135 44 17
v 66 136 30 14
v 66 137 23 12
v 66 138 4 1
v 66 145 21 13
v 66 155 6 1
v 67 68 766 431
v 67 69 591 321
v 67 70 479 261
v 67 71 1277 674
v 67 72 201 116
v 67 73 111 64
v 67 74 1270 630
v 67 75 633 353
v 67 76 1191 596
v 67 77 110 53
v 67 78 227 116
v 67 79 152 93
v 67 80 205 103
v 67 81 131 64
v 67 82 95 30
v 67 83 169 87
v 67 84 674 363
v 67 85 797 382
v 67 86 2032 1107
v 67 87 853 441
v 67 88 908 451
v 67 89 59 29
v 67 90 315 174
v 67 91 239 129
v 67 92 137 70
v 67 93 1118 563
v 67 94 102 48
v 67 95 113 50
v 67 96 379 182
v 67 97 970 545
v 67 98 434 252
v 67 99 151 83
v 67 100 579 296
v 67 101 737 405
v 67 102 152 73
v 67 103 51 29
v 67 104 1124 597
v 67 105 787 421
v 67 106 785 388
v 67 107 429 208
v 67 108 343 189
v 67 109 616 328
v 67 110 375 181
v 67 111 597 296
v 67 112 906 483
v 67 113 317 159
v 67 114 324 187
v 67 119 603 325
v 67 120 366 208
v 67 121 703 383
v 67 123 881 484
v 67 126 463 236
v 67 128 955 528
v 67 129 368 217
v 67 131 524 294
v 67 135 843 396
v 67 136 501 262
v 67 137 363 179
v 67 138 139 73
v 67 145 328 198
v 67 155 127 51
v 68 69 563 282
v 68 70 582 263
v 68 71 1270 598
v 68 72 249 137
v 68 73 121 59
v 68 74 1632 756
v 68 75 558 284
v 68 76 1274 586
v 68 77 161 71
v 68 78 338 150
v 68 79 158 100
v 68 80 234 103
v 68 81 177 87
v 68 82 90 39
v 68 83 221 113
v 68 84 835 447
v 68 85 1242 635
v 68 86 2197 1084
v 68 87 873 428
v 68 88 986 480
v 68 89 61 26
v 68 90 376 173
v 68 91 475 232
v 68 92 157 69
v 68 93 776 385
v 68 94 187 95
v 68 95 92 45
v 68 96 341 172
v 68 97 1009 513
v 68 98 305 164
v 68 99 137 56
v 68 100 618 302
v 68 101 731 329
v 68 102 191 94
v 68 103 61 28
v 68 104 1170 545
v 68 105 965 465
v 68 106 907 439
v 68 107 521 245
v 68 108 409 228
v 68 109 728 400
v 68 110 590 290
v 68 111 653 305
v 68 112 754 367
v 68 113 348 153
v 68 114 294 161
v 68 119 666 317
v 68 120 480 248
v 68 121 680 332
v 68 123 933 493
v 68 126 509 220
v 68 128 960 456
v 68 129 442 223
v 68 131 564 266
v 68 135 886 428
v 68 136 609 300
v 68 137 429 205
v 68 138 190 87
v 68 145 318 175
v 68 155 170 88
v 69 70 424 219
v 69 71 1238 574
v 69 72 257 135
v 69 73 131 63
v 69 74 1505 718
v 69 75 546 278
v 69 76 1288 618
v 69 77 133 60
v 69 78 314 146
v 69 79 143 79
v 69 80 252 121
v 69 81 184 83
v 69 82 105 45
v 69 83 165 91
v 69 84 700 364
v 69 85 1101 548
v 69 86 1701 835
v 69 87 882 431
v 69 88 1169 557
v 69 89 61 31
v 69 90 371 169
v 69 91 455 210
v 69 92 132 49
v 69 93 1138 577
v 69 94 218 98
v 69 95 111 64
v 69 96 466 232
v 69 97 850 405
v 69 98 459 246
v 69 99 161 80
v 69 100 513 237
v 69 101 790 396
v 69 102 201 105
v 69 103 79 39
v 69 104 1131 538
v 69 105 890 434
v 69 106 813 412
v 69 107 540 265
v 69 108 431 237
v 69 109 682 364
v 69 110 514 230
v 69 111 469 244
v 69 112 824 397
v 69 113 292 125
v 69 114 315 162
v 69 119 737 360
v 69 120 425 218
v 69 121 518 249
v 69 123 975 525
v 69 126 456 240
v 69 128 887 447
v 69 129 383 200
v 69 131 522 271
v 69 135 933 430
v 69 136 480 217
v 69 137 366 166
v 69 138 163 84
v 69 145 308 163
v 69 155 226 111
v 70 71 1214 589
v 70 72 197 110
v 70 73 148 93
v 70 74 1397 685
v 70 75 448 226
v 70 76 944 455
v 70 77 95 44
v 70 78 186 76
v 70 79 132 79
v 70 80 232 114
v 70 81 141 63
v 70 82 106 39
v 70 83 157 92
v 70 84 608 296
v 70 85 1088 531
v 70 86 1817 953
v 70 87 690 341
v 70 88 882 432
v 70 89 45 20
v 70 90 278 133
v 70 91 299 155
v 70 92 121 48
v 70 93 1049 524
v 70 94 85 37
v 70 95 141 75
v 70 96 362 195
v 70 97 1014 514
v 70 98 496 258
v 70 99 137 78
v 70 100 585 288
v 70 101 555 291
v 70 102 137 71
v 70 103 55 22
v 70 104 977 460
v 70 105 801 399
v 70 106 661 317
v 70 107 451 234
v 70 108 356 198
v 70 109 568 297
v 70 110 686 331
v 70 111 441 235
v 70 112 539 260
v 70 113 265 130
v 70 114 333 170
v 70 119 531 280
v 70 120 371 207
v 70 121 525 253
v 70 123 705 349
v 70 126 451 236
v 70 128 941 486
v 70 129 366 202
v 70 131 477 249
v 70 135 791 402
v 70 136 499 258
v 70 137 338 183
v 70 138 158 78
v 70 145 273 152
v 70 155 163 74
v 71 72 602 321
v 71 73 312 182
v 71 74 3629 1750
v 71 75 1137 613
v 71 76 2805 1325
v 71 77 220 116
v 71 78 617 297
v 71 79 418 246
v 71 80 468 251
v 71 81 357 177
v 71 82 245 108
v 71 83 412 214
v 71 84 1678 886
v 71 85 2613 1414
v 71 86 4830 2466
v 71 87 1815 899
v 71 88 2285 1107
v 71 89 144 82
v 71 90 775 383
v 71 91 778 396
v 71 92 333 168
v 71 93 2739 1385
v 71 94 253 135
v 71 95 304 147
v 71 96 837 448
v 71 97 2100 1102
v 71 98 1279 681
v 71 99 314 180
v 71 100 1404 728
v 71 101 1671 917
v 71 102 351 183
v 71 103 152 68
v 71 104 2162 1169
v 71 105 2122 1058
v 71 106 2040 1052
v 71 107 1137 591
v 71 108 1356 709
v 71 109 1501 847
v 71 110 1146 553
v 71 111 1152 573
v 71 112 1612 785
v 71 113 587 317
v 71 114 805 433
v 71 119 1626 777
v 71 120 861 501
v 71 121 1430 744
v 71 123 2184 1203
v 71 126 1114 590
v 71 128 2020 1039
v 71 129 1035 548
v 71 131 1224 651
v 71 135 2111 1045
v 71 136 1157 642
v 71 137 856 491
v 71 138 389 207
v 71 145 654 372
v 71 155 431 211
v 72 73 59 31
v 72 74 688 327
v 72 75 252 124
v 72 76 522 238
v 72 77 56 21
v 72 78 130 49
v 72 79 71 37
v 72 80 98 40
v 72 81 76 30
v 72 82 58 23
v 72 83 93 51
v 72 84 327 151
v 72 85 553 250
v 72 86 970 463
v 72 87 386 169
v 72 88 422 200
v 72 89 16 9
v 72 90 155 66
v 72 91 172 82
v 72 92 52 22
v 72 93 514 224
v 72 94 49 30
v 72 95 64 34
v 72 96 156 64
v 72 97 414 195
v 72 98 177 101
v 72 99 86 44
v 72 100 295 135
v 72 101 269 117
v 72 102 84 32
v 72 103 39 19
v 72 104 494 220
v 72 105 381 177
v 72 106 318 148
v 72 107 222 107
v 72 108 178 99
v 72 109 311 163
v 72 110 216 104
v 72 111 201 92
v 72 112 342 158
v 72 113 127 49
v 72 114 160 85
v 72 119 327 132
v 72 120 177 93
v 72 121 262 122
v 72 123 444 222
v 72 126 233 105
v 72 128 438 202
v 72 129 194 92
v 72 131 261 116
v 72 135 416 200
v 72 136 254 111
v 72 137 177 78
v 72 138 90 48
v 72 145 126 71
v 72 155 75 38
v 73 74 387 179
v 73 75 133 65
v 73 76 248 94
v 73 77 30 15
v 73 78 60 25
v 73 79 24 10
v 73 80 51 17
v 73 81 49 27
v 73 82 32 11
v 73 83 51 30
v 73 84 182 94
v 73 85 271 127
v 73 86 493 235
v 73 87 206 82
v 73 88 223 100
v 73 89 10 6
v 73 90 86 37
v 73 91 67 33
v 73 92 37 15
v 73 93 302 132
v 73 94 24 10
v 73 95 31 13
v 73 96 80 35
v 73 97 213 97
v 73 98 122 53
v 73 99 42 19
v 73 100 170 75
v 73 101 171 87
v 73 102 41 16
v 73 103 13 5
v 73 104 233 112
v 73 105 206 82
v 73 106 170 88
v 73 107 114 55
v 73 108 100 51
v 73 109 159 81
v 73 110 120 47
v 73 111 113 50
v 73 112 171 74
v 73 113 72 30
v 73 114 121 63
v 73 119 155 52
v 73 120 86 35
v 73 121 125 51
v 73 123 211 111
v 73 126 109 44
v 73 128 227 107
v 73 129 109 47
v 73 131 130 67
v 73 135 197 83
v 73 136 115 55
v 73 137 88 38
v 73 138 33 15
v 73 145 64 33
v 73 155 48 24
v 74 75 1383 715
v 74 76 3427 1608
v 74 77 309 149
v 74 78 800 410
v 74 79 444 255
v 74 80 663 350
v 74 81 444 239
v 74 82 312 136
v 74 83 548 308
v 74 84 2127 1163
v 74 85 3054 1598
v 74 86 5960 3057
v 74 87 2373 1179
v 74 88 2577 1263
v 74 89 130 74
v 74 90 1159 552
v 74 91 1102 531
v 74 92 420 198
v 74 93 2925 1567
v 74 94 251 142
v 74 95 315 177
v 74 96 1039 532
v 74 97 2858 1496
v 74 98 1022 572
v 74 99 509 261
v 74 100 1819 929
v 74 101 1917 1026
v 74 102 481 235
v 74 103 217 103
v 74 104 2920 1448
v 74 105 2865 1491
v 74 106 2189 1162
v 74 107 1439 714
v 74 108 1023 582
v 74 109 1891 1114
v 74 110 1429 690
v 74 111 1449 771
v 74 112 2100 1057
v 74 113 869 414
v 74 114 919 511
v 74 119 1895 966
v 74 120 1592 859
v 74 121 1792 898
v 74 123 2621 1401
v 74 126 1900 927
v 74 128 2821 1448
v 74 129 1260 665
v 74 131 1575 807
v 74 135 2701 1330
v 74 136 1623 853
v 74 137 1067 584
v 74 138 380 214
v 74 145 951 549
v 74 155 499 291
v 75 76 1111 471
v 75 77 142 62
v 75 78 271 126
v 75 79 157 90
v 75 80 195 85
v 75 81 193 92
v 75 82 94 47
v 75 83 156 91
v 75 84 767 382
v 75 85 1017 552
v 75 86 2150 1113
v 75 87 898 436
v 75 88 1020 455
v 75 89 55 29
v 75 90 305 155
v 75 91 257 129
v 75 92 126 56
v 75 93 1243 563
v 75 94 95 50
v 75 95 130 66
v 75 96 403 218
v 75 97 888 469
v 75 98 330 196
v 75 99 171 99
v 75 100 500 250
v 75 101 788 396
v 75 102 195 99
v 75 103 67 29
v 75 104 1219 568
v 75 105 842 425
v 75 106 716 360
v 75 107 456 225
v 75 108 442 227
v 75 109 642 350
v 75 110 491 211
v 75 111 585 284
v 75 112 634 297
v 75 113 295 119
v 75 114 396 193
v 75 119 644 333
v 75 120 409 228
v 75 121 576 277
v 75 123 826 423
v 75 126 459 243
v 75 128 961 479
v 75 129 360 181
v 75 131 439 236
v 75 135 766 391
v 75 136 450 227
v 75 137 378 205
v 75 138 176 91
v 75 145 287 164
v 75 155 132 69
v 76 77 251 124
v 76 78 546 281
v 76 79 325 197
v 76 80 467 256
v 76 81 317 166
v 76 82 215 99
v 76 83 395 214
v 76 84 1535 856
v 76 85 2163 1210
v 76 86 3411 1817
v 76 87 1782 929
v 76 88 2269 1062
v 76 89 121 66
v 76 90 859 419
v 76 91 717 363
v 76 92 281 128
v 76 93 2431 1404
v 76 94 198 104
v 76 95 214 140
v 76 96 808 460
v 76 97 1836 967
v 76 98 926 591
v 76 99 360 198
v 76 100 1175 626
v 76 101 1591 914
v 76 102 408 233
v 76 103 161 76
v 76 104 2591 1392
v 76 105 1905 993
v 76 106 1574 869
v 76 107 1054 559
v 76 108 776 437
v 76 109 1387 784
v 76 110 1087 581
v 76 111 1147 643
v 76 112 1601 849
v 76 113 653 304
v 76 114 684 415
v 76 119 1471 784
v 76 120 815 413
v 76 121 1322 671
v 76 123 2025 1161
v 76 126 833 470
v 76 128 1998 1120
v 76 129 674 380
v 76 131 1166 649
v 76 135 1901 989
v 76 136 1168 584
v 76 137 804 464
v 76 138 348 197
v 76 145 621 366
v 76 155 388 203
v 77 78 68 35
v 77 79 31 19
v 77 80 49 20
v 77 81 32 16
v 77 82 26 14
v 77 83 23 15
v 77 84 139 83
v 77 85 257 136
v 77 86 486 265
v 77 87 202 112
v 77 88 195 94
v 77 89 30 12
v 77 90 88 46
v 77 91 84 45
v 77 92 43 21
v 77 93 235 115
v 77 94 14 10
v 77 95 35 15
v 77 96 75 51
v 77 97 187 98
v 77 98 94 55
v 77 99 30 19
v 77 100 100 53
v 77 101 193 109
v 77 102 36 20
v 77 103 18 13
v 77 104 207 111
v 77 105 194 92
v 77 106 150 78
v 77 107 82 46
v 77 108 70 36
v 77 109 184 100
v 77 110 94 37
v 77 111 155 86
v 77 112 126 65
v 77 113 80 46
v 77 114 65 32
v 77 119 95 46
v 77 120 87 44
v 77 121 183 97
v 77 123 176 84
v 77 126 94 57
v 77 128 181 100
v 77 129 86 49
v 77 131 138 81
v 77 135 213 98
v 77 136 108 63
v 77 137 87 44
v 77 138 34 20
v 77 145 63 36
v 77 155 47 20
v 78 79 70 42
v 78 80 110 60
v 78 81 68 38
v 78 82 58 23
v 78 83 95 50
v 78 84 315 165
v 78 85 515 276
v 78 86 983 526
v 78 87 389 187
v 78 88 470 245
v 78 89 33 15
v 78 90 186 94
v 78 91 207 105
v 78 92 81 28
v 78 93 545 261
v 78 94 43 19
v 78 95 53 31
v 78 96 181 92
v 78 97 446 235
v 78 98 213 121
v 78 99 63 37
v 78 100 294 141
v 78 101 338 181
v 78 102 74 35
v 78 103 46 25
v 78 104 494 235
v 78 105 479 249
v 78 106 377 210
v 78 107 261 125
v 78 108 180 101
v 78 109 307 182
v 78 110 241 115
v 78 111 273 145
v 78 112 404 206
v 78 113 142 79
v 78 114 141 77
v 78 119 345 182
v 78 120 246 142
v 78 121 349 181
v 78 123 449 237
v 78 126 217 102
v 78 128 489 265
v 78 129 173 99
v 78 131 275 128
v 78 135 467 235
v 78 136 260 143
v 78 137 167 97
v 78 138 73 45
v 78 145 156 82
v 78 155 115 66
v 79 80 75 32
v 79 81 62 32
v 79 82 39 16
v 79 83 61 36
v 79 84 206 98
v 79 85 298 150
v 79 86 525 231
v 79 87 290 120
v 79 88 283 131
v 79 89 18 11
v 79 90 111 57
v 79 91 97 48
v 79 92 51 22
v 79 93 308 145
v 79 94 30 17
v 79 95 29 10
v 79 96 134 52
v 79 97 294 146
v 79 98 111 46
v 79 99 52 29
v 79 100 191 81
v 79 101 238 100
v 79 102 44 26
v 79 103 12 3
v 79 104 324 151
v 79 105 275 127
v 79 106 204 94
v 79 107 143 72
v 79 108 91 42
v 79 109 204 106
v 79 110 161 71
v 79 111 159 64
v 79 112 267 123
v 79 113 85 37
v 79 114 105 47
v 79 119 177 87
v 79 120 126 61
v 79 121 207 98
v 79 123 247 128
v 79 126 139 75
v 79 128 288 133
v 79 129 117 54
v 79 131 196 87
v 79 135 286 121
v 79 136 156 71
v 79 137 116 56
v 79 138 46 22
v 79 145 108 55
v 79 155 54 33
v 80 81 67 28
v 80 82 47 21
v 80 83 81 44
v 80 84 250 128
v 80 85 452 238
v 80 86 796 389
v 80 87 339 180
v 80 88 352 176
v 80 89 31 15
v 80 90 145 67
v 80 91 149 69
v 80 92 57 22
v 80 93 494 239
v 80 94 30 14
v 80 95 60 30
v 80 96 141 72
v 80 97 374 193
v 80 98 169 89
v 80 99 66 28
v 80 100 226 110
v 80 101 310 165
v 80 102 67 35
v 80 103 32 16
v 80 104 435 222
v 80 105 371 178
v 80 106 322 145
v 80 107 200 109
v 80 108 141 54
v 80 109 300 169
v 80 110 217 102
v 80 111 193 109
v 80 112 252 122
v 80 113 118 50
v 80 114 166 82
v 80 119 248 117
v 80 120 164 91
v 80 121 268 131
v 80 123 377 202
v 80 126 155 90
v 80 128 336 168
v 80 129 145 59
v 80 131 226 99
v 80 135 354 178
v 80 136 222 108
v 80 137 149 76
v 80 138 77 41
v 80 145 124 54
v 80 155 56 29
v 81 82 32 14
v 81 83 65 40
v 81 84 255 128
v 81 85 325 173
v 81 86 621 316
v 81 87 287 144
v 81 88 328 167
v 81 89 20 5
v 81 90 121 66
v 81 91 89 48
v 81 92 52 23
v 81 93 309 142
v 81 94 37 21
v 81 95 41 22
v 81 96 133 68
v 81 97 326 165
v 81 98 139 67
v 81 99 48 20
v 81 100 177 85
v 81 101 200 108
v 81 102 51 18
v 81 103 24 8
v 81 104 363 196
v 81 105 270 123
v 81 106 248 128
v 81 107 156 69
v 81 108 101 61
v 81 109 190 97
v 81 110 114 51
v 81 111 178 99
v 81 112 146 58
v 81 113 85 44
v 81 114 138 73
v 81 119 175 78
v 81 120 139 72
v 81 121 169 90
v 81 123 276 130
v 81 126 127 62
v 81 128 285 144
v 81 129 123 83
v 81 131 150 76
v 81 135 272 127
v 81 136 156 87
v 81 137 107 50
v 81 138 51 36
v 81 145 81 41
v 81 155 59 37
v 82 83 49 31
v 82 84 146 90
v 82 85 265 145
v 82 86 397 210
v 82 87 161 82
v 82 88 214 109
v 82 89 17 9
v 82 90 83 51
v 82 91 86 42
v 82 92 41 19
v 82 93 217 128
v 82 94 27 16
v 82 95 27 11
v 82 96 61 30
v 82 97 175 89
v 82 98 78 44
v 82 99 29 17
v 82 100 115 61
v 82 101 148 80
v 82 102 45 28
v 82 103 16 6
v 82 104 210 112
v 82 105 179 83
v 82 106 199 117
v 82 107 119 65
v 82 108 55 27
v 82 109 144 89
v 82 110 102 61
v 82 111 124 76
v 82 112 90 45
v 82 113 94 54
v 82 114 72 39
v 82 119 140 74
v 82 120 83 40
v 82 121 136 70
v 82 123 212 133
v 82 126 94 58
v 82 128 155 80
v 82 129 77 46
v 82 131 124 61
v 82 135 170 90
v 82 136 109 60
v 82 137 85 42
v 82 138 23 13
v 82 145 63 33
v 82 155 38 18
v 83 84 237 107
v 83 85 351 171
v 83 86 669 296
v 83 87 276 125
v 83 88 304 139
v 83 89 16 6
v 83 90 122 57
v 83 91 125 51
v 83 92 49 12
v 83 93 383 173
v 83 94 37 14
v 83 95 62 24
v 83 96 117 59
v 83 97 351 159
v 83 98 304 139
v 83 99 60 25
v 83 100 214 85
v 83 101 225 115
v 83 102 73 27
v 83 103 25 9
v 83 104 350 166
v 83 105 341 137
v 83 106 260 130
v 83 107 177 75
v 83 108 132 64
v 83 109 272 136
v 83 110 191 72
v 83 111 173 88
v 83 112 227 104
v 83 113 95 52
v 83 114 111 55
v 83 119 201 98
v 83 120 115 48
v 83 121 213 101
v 83 123 315 164
v 83 126 135 67
v 83 128 301 131
v 83 129 138 58
v 83 131 185 81
v 83 135 329 156
v 83 136 214 105
v 83 137 135 65
v 83 138 60 27
v 83 145 107 63
v 83 155 68 29
v 84 85 1468 707
v 84 86 2656 1263
v 84 87 1151 542
v 84 88 1325 626
v 84 89 85 53
v 84 90 428 194
v 84 91 397 174
v 84 92 169 62
v 84 93 1656 747
v 84 94 151 81
v 84 95 174 82
v 84 96 555 276
v 84 97 1305 646
v 84 98 716 377
v 84 99 242 127
v 84 100 859 418
v 84 101 996 501
v 84 102 264 102
v 84 103 92 53
v 84 104 1511 681
v 84 105 1176 544
v 84 106 1009 521
v 84 107 603 289
v 84 108 554 288
v 84 109 899 484
v 84 110 672 321
v 84 111 652 314
v 84 112 837 378
v 84 113 375 157
v 84 114 506 268
v 84 119 837 407
v 84 120 543 293
v 84 121 780 366
v 84 123 1202 615
v 84 126 581 281
v 84 128 1302 616
v 84 129 534 294
v 84 131 649 336
v 84 135 1196 536
v 84 136 710 352
v 84 137 482 263
v 84 138 241 125
v 84 145 357 204
v 84 155 244 107
v 85 86 4064 1903
v 85 87 1591 782
v 85 88 1877 840
v 85 89 108 44
v 85 90 731 334
v 85 91 730 327
v 85 92 264 128
v 85 93 2182 1038
v 85 94 280 143
v 85 95 289 133
v 85 96 676 364
v 85 97 1855 831
v 85 98 1305 648
v 85 99 334 177
v 85 100 1171 568
v 85 101 1336 683
v 85 102 318 162
v 85 103 154 69
v 85 104 1892 879
v 85 105 1898 923
v 85 106 1497 702
v 85 107 921 438
v 85 108 704 368
v 85 109 1429 768
v 85 110 1077 512
v 85 111 1084 539
v 85 112 1504 704
v 85 113 612 275
v 85 114 741 372
v 85 119 1333 634
v 85 120 840 410
v 85 121 1283 603
v 85 123 1887 956
v 85 126 802 367
v 85 128 2858 1434
v 85 129 662 355
v 85 131 1153 594
v 85 135 1885 864
v 85 136 1219 544
v 85 137 778 364
v 85 138 350 175
v 85 145 572 317
v 85 155 303 150
v 86 87 3142 1566
v 86 88 3721 1812
v 86 89 185 93
v 86 90 1315 602
v 86 91 1209 561
v 86 92 535 228
v 86 93 4100 2027
v 86 94 392 219
v 86 95 464 240
v 86 96 1418 755
v 86 97 2966 1542
v 86 98 1413 814
v 86 99 650 366
v 86 100 2363 1121
v 86 101 2653 1413
v 86 102 600 297
v 86 103 287 137
v 86 104 4115 1892
v 86 105 3465 1735
v 86 106 2922 1424
v 86 107 1912 941
v 86 108 1034 645
v 86 109 2553 1410
v 86 110 1912 897
v 86 111 1847 893
v 86 112 2547 1202
v 86 113 1050 497
v 86 114 1357 698
v 86 119 2437 1191
v 86 120 1484 764
v 86 121 2362 1127
v 86 123 3461 1801
v 86 126 1791 936
v 86 128 3471 1777
v 86 129 1449 798
v 86 131 1836 977
v 86 135 3297 1514
v 86 136 2075 1026
v 86 137 1344 672
v 86 138 596 308
v 86 145 1106 620
v 86 155 629 301
v 87 88 1471 704
v 87 89 74 37
v 87 90 499 241
v 87 91 489 236
v 87 92 214 108
v 87 93 1305 759
v 87 94 173 100
v 87 95 200 95
v 87 96 578 290
v 87 97 1345 687
v 87 98 543 294
v 87 99 246 130
v 87 100 982 507
v 87 101 1199 611
v 87 102 219 96
v 87 103 99 55
v 87 104 1673 791
v 87 105 1328 682
v 87 106 1170 590
v 87 107 774 390
v 87 108 599 340
v 87 109 948 546
v 87 110 732 354
v 87 111 806 398
v 87 112 1058 497
v 87 113 425 201
v 87 114 599 327
v 87 119 1109 573
v 87 120 728 399
v 87 121 953 481
v 87 123 1398 730
v 87 126 809 435
v 87 128 1423 733
v 87 129 582 322
v 87 131 798 421
v 87 135 1238 584
v 87 136 759 399
v 87 137 519 261
v 87 138 237 129
v 87 145 464 266
v 87 155 243 125
v 88 89 101 59
v 88 90 526 278
v 88 91 545 283
v 88 92 271 113
v 88 93 2040 1041
v 88 94 117 80
v 88 95 233 125
v 88 96 739 410
v 88 97 1635 871
v 88 98 615 375
v 88 99 235 148
v 88 100 1034 528
v 88 101 1492 800
v 88 102 297 155
v 88 103 128 61
v 88 104 1952 971
v 88 105 1656 913
v 88 106 1387 718
v 88 107 921 463
v 88 108 737 389
v 88 109 1094 655
v 88 110 897 459
v 88 111 901 497
v 88 112 1154 583
v 88 113 449 224
v 88 114 678 357
v 88 119 1210 636
v 88 120 906 503
v 88 121 1059 507
v 88 123 1669 917
v 88 126 926 502
v 88 128 1594 879
v 88 129 625 364
v 88 131 873 475
v 88 135 1377 767
v 88 136 927 501
v 88 137 630 348
v 88 138 252 144
v 88 145 563 315
v 88 155 301 145
v 89 90 40 15
v 89 91 35 11
v 89 92 27 12
v 89 93 148 76
v 89 94 11 7
v 89 95 15 7
v 89 96 22 6
v 89 97 81 48
v 89 98 33 13
v 89 99 16 11
v 89 100 67 37
v 89 101 78 46
v 89 102 20 9
v 89 103 8 5
v 89 104 75 35
v 89 105 96 43
v 89 106 82 49
v 89 107 41 15
v 89 108 30 22
v 89 109 75 41
v 89 110 42 24
v 89 111 38 15
v 89 112 66 28
v 89 113 42 22
v 89 114 32 20
v 89 119 73 38
v 89 120 44 28
v 89 121 55 16
v 89 123 84 45
v 89 126 44 23
v 89 128 72 25
v 89 129 24 12
v 89 131 50 20
v 89 135 87 31
v 89 136 46 22
v 89 137 37 24
v 89 138 16 9
v 89 145 26 13
v 89 155 16 5
v 90 91 289 149
v 90 92 127 61
v 90 93 654 324
v 90 94 76 35
v 90 95 57 32
v 90 96 222 117
v 90 97 613 308
v 90 98 257 146
v 90 99 107 60
v 90 100 405 209
v 90 101 437 223
v 90 102 96 47
v 90 103 41 24
v 90 104 667 327
v 90 105 687 378
v 90 106 513 225
v 90 107 326 180
v 90 108 262 143
v 90 109 466 270
v 90 110 361 173
v 90 111 319 155
v 90 112 570 302
v 90 113 233 113
v 90 114 182 87
v 90 119 444 219
v 90 120 267 145
v 90 121 442 224
v 90 123 686 378
v 90 126 324 172
v 90 128 583 295
v 90 129 273 140
v 90 131 382 197
v 90 135 623 321
v 90 136 364 191
v 90 137 262 148
v 90 138 88 58
v 90 145 204 116
v 90 155 119 60
v 91 92 133 66
v 91 93 622 320
v 91 94 64 42
v 91 95 87 33
v 91 96 237 146
v 91 97 579 291
v 91 98 293 172
v 91 99 106 56
v 91 100 443 255
v 91 101 385 194
v 91 102 101 45
v 91 103 48 24
v 91 104 622 311
v 91 105 738 393
v 91 106 595 288
v 91 107 348 188
v 91 108 173 81
v 91 109 583 332
v 91 110 347 177
v 91 111 383 196
v 91 112 593 301
v 91 113 227 112
v 91 114 179 90
v 91 119 442 228
v 91 120 254 139
v 91 121 527 266
v 91 123 668 365
v 91 126 269 146
v 91 128 564 295
v 91 129 211 107
v 91 131 365 190
v 91 135 572 258
v 91 136 413 217
v 91 137 313 160
v 91 138 114 64
v 91 145 226 130
v 91 155 104 60
v 92 93 248 138
v 92 94 33 18
v 92 95 21 8
v 92 96 103 52
v 92 97 221 132
v 92 98 118 64
v 92 99 31 18
v 92 100 162 83
v 92 101 189 103
v 92 102 45 24
v 92 103 25 14
v 92 104 273 149
v 92 105 248 132
v 92 106 202 124
v 92 107 131 71
v 92 108 101 53
v 92 109 226 128
v 92 110 165 87
v 92 111 176 101
v 92 112 218 108
v 92 113 82 47
v 92 114 86 42
v 92 119 176 84
v 92 120 138 82
v 92 121 191 96
v 92 123 265 142
v 92 126 115 69
v 92 128 252 147
v 92 129 90 50
v 92 131 161 89
v 92 135 285 152
v 92 136 146 75
v 92 137 105 59
v 92 138 48 24
v 92 145 87 44
v 92 155 44 24
v 93 94 192 120
v 93 95 261 120
v 93 96 782 398
v 93 97 1862 908
v 93 98 918 514
v 93 99 396 241
v 93 100 1197 643
v 93 101 1358 691
v 93 102 397 206
v 93 103 151 66
v 93 104 2026 984
v 93 105 1454 601
v 93 106 1972 1123
v 93 107 1156 607
v 93 108 820 457
v 93 109 1331 740
v 93 110 923 468
v 93 111 1033 520
v 93 112 1713 862
v 93 113 544 264
v 93 114 748 396
v 93 119 1352 685
v 93 120 942 510
v 93 121 1037 451
v 93 123 1868 984
v 93 126 1001 553
v 93 128 1895 950
v 93 129 745 377
v 93 131 1005 519
v 93 135 1813 850
v 93 136 1107 565
v 93 137 729 370
v 93 138 365 177
v 93 145 631 363
v 93 155 383 188
v 94 95 17 10
v 94 96 65 25
v 94 97 180 80
v 94 98 76 45
v 94 99 28 13
v 94 100 109 54
v 94 101 168 84
v 94 102 23 10
v 94 103 12 7
v 94 104 230 95
v 94 105 202 90
v 94 106 153 68
v 94 107 92 39
v 94 108 82 40
v 94 109 133 60
v 94 110 129 54
v 94 111 103 49
v 94 112 159 78
v 94 113 59 18
v 94 114 58 22
v 94 119 136 57
v 94 120 78 29
v 94 121 105 44
v 94 123 197 96
v 94 126 76 32
v 94 128 179 78
v 94 129 49 17
v 94 131 114 50
v 94 135 172 82
v 94 136 99 46
v 94 137 61 27
v 94 138 24 8
v 94 145 62 41
v 94 155 29 16
v 95 96 72 41
v 95 97 241 120
v 95 98 89 45
v 95 99 32 19
v 95 100 179 80
v 95 101 148 75
v 95 102 50 23
v 95 103 20 9
v 95 104 297 166
v 95 105 168 75
v 95 106 172 104
v 95 107 119 59
v 95 108 86 49
v 95 109 124 62
v 95 110 128 58
v 95 111 97 44
v 95 112 129 70
v 95 113 64 24
v 95 114 78 41
v 95 119 145 68
v 95 120 87 41
v 95 121 134 59
v 95 123 170 88
v 95 126 88 45
v 95 128 230 118
v 95 129 114 52
v 95 131 93 49
v 95 135 236 122
v 95 136 163 97
v 95 137 86 37
v 95 138 45 20
v 95 145 66 38
v 95 155 48 25
v 96 97 606 288
v 96 98 304 153
v 96 99 116 58
v 96 100 407 199
v 96 101 521 259
v 96 102 107 54
v 96 103 46 28
v 96 104 743 346
v 96 105 671 315
v 96 106 563 252
v 96 107 328 151
v 96 108 294 149
v 96 109 405 212
v 96 110 345 163
v 96 111 351 156
v 96 112 419 189
v 96 113 192 97
v 96 114 242 114
v 96 119 457 206
v 96 120 290 156
v 96 121 414 180
v 96 123 594 292
v 96 126 298 162
v 96 128 689 319
v 96 129 324 160
v 96 131 377 184
v 96 135 666 331
v 96 136 367 170
v 96 137 234 128
v 96 138 115 50
v 96 145 202 112
v 96 155 105 55
v 97 98 734 392
v 97 99 303 158
v 97 100 1023 533
v 97 101 1134 603
v 97 102 270 142
v 97 103 123 57
v 97 104 1794 902
v 97 105 1583 786
v 97 106 1318 649
v 97 107 841 414
v 97 108 601 307
v 97 109 1135 619
v 97 110 801 397
v 97 111 920 472
v 97 112 1136 536
v 97 113 509 264
v 97 114 549 290
v 97 119 1049 504
v 97 120 706 366
v 97 121 1131 524
v 97 123 1595 876
v 97 126 785 396
v 97 128 1589 822
v 97 129 683 344
v 97 131 929 474
v 97 135 1696 816
v 97 136 967 498
v 97 137 621 316
v 97 138 251 118
v 97 145 571 302
v 97 155 284 142
v 98 99 150 83
v 98 100 627 295
v 98 101 386 170
v 98 102 146 62
v 98 103 77 33
v 98 104 758 356
v 98 105 695 330
v 98 106 628 271
v 98 107 464 211
v 98 108 313 156
v 98 109 478 258
v 98 110 407 180
v 98 111 382 182
v 98 112 647 310
v 98 113 243 111
v 98 114 309 148
v 98 119 553 257
v 98 120 323 173
v 98 121 307 124
v 98 123 827 428
v 98 126 355 160
v 98 128 754 341
v 98 129 330 161
v 98 131 412 192
v 98 135 737 328
v 98 136 435 221
v 98 137 346 134
v 98 138 151 68
v 98 145 220 109
v 98 155 163 78
v 99 100 200 96
v 99 101 213 106
v 99 102 40 18
v 99 103 25 7
v 99 104 328 141
v 99 105 308 140
v 99 106 201 91
v 99 107 134 65
v 99 108 138 61
v 99 109 199 108
v 99 110 156 66
v 99 111 170 84
v 99 112 190 77
v 99 113 84 32
v 99 114 93 51
v 99 119 195 77
v 99 120 113 55
v 99 121 200 83
v 99 123 214 96
v 99 126 131 57
v 99 128 317 145
v 99 129 135 60
v 99 131 166 78
v 99 135 267 116
v 99 136 151 62
v 99 137 134 54
v 99 138 46 19
v 99 145 93 57
v 99 155 36 20
v 100 101 788 418
v 100 102 162 88
v 100 103 80 42
v 100 104 1023 541
v 100 105 1069 499
v 100 106 877 404
v 100 107 539 246
v 100 108 450 200
v 100 109 865 455
v 100 110 625 267
v 100 111 577 285
v 100 112 784 344
v 100 113 305 152
v 100 114 419 214
v 100 119 716 334
v 100 120 496 258
v 100 121 640 306
v 100 123 1004 509
v 100 126 508 257
v 100 128 1169 571
v 100 129 511 272
v 100 131 644 314
v 100 135 1161 532
v 100 136 562 282
v 100 137 388 189
v 100 138 202 102
v 100 145 339 189
v 100 155 206 98
v 101 102 243 112
v 101 103 107 57
v 101 104 1285 603
v 101 105 1150 535
v 101 106 1026 531
v 101 107 646 314
v 101 108 550 290
v 101 109 805 416
v 101 110 649 325
v 101 111 656 317
v 101 112 846 416
v 101 113 385 174
v 101 114 464 223
v 101 119 906 420
v 101 120 600 322
v 101 121 759 351
v 101 123 1263 660
v 101 126 591 288
v 101 128 1239 617
v 101 129 540 294
v 101 131 676 332
v 101 135 1210 579
v 101 136 713 361
v 101 137 486 225
v 101 138 167 79
v 101 145 400 221
v 101 155 239 105
v 102 103 17 10
v 102 104 310 146
v 102 105 283 125
v 102 106 172 96
v 102 107 123 67
v 102 108 103 57
v 102 109 236 127
v 102 110 162 81
v 102 111 155 77
v 102 112 191 102
v 102 113 103 46
v 102 114 120 63
v 102 119 178 88
v 102 120 135 72
v 102 121 212 100
v 102 123 247 138
v 102 126 125 73
v 102 128 256 136
v 102 129 100 56
v 102 131 134 78
v 102 135 329 152
v 102 136 146 84
v 102 137 115 56
v 102 138 56 32
v 102 145 73 48
v 102 155 50 22
v 103 104 151 68
v 103 105 116 56
v 103 106 93 55
v 103 107 58 28
v 103 108 43 28
v 103 109 83 46
v 103 110 61 33
v 103 111 64 32
v 103 112 100 50
v 103 113 42 24
v 103 114 43 30
v 103 119 82 44
v 103 120 34 18
v 103 121 89 45
v 103 123 141 80
v 103 126 61 38
v 103 128 140 72
v 103 129 46 23
v 103 131 76 45
v 103 135 119 68
v 103 136 59 30
v 103 137 59 28
v 103 138 31 15
v 103 145 37 22
v 103 155 33 19
v 104 105 1525 736
v 104 106 1350 743
v 104 107 970 514
v 104 108 799 468
v 104 109 1155 676
v 104 110 1071 555
v 104 111 607 298
v 104 112 814 351
v 104 113 545 262
v 104 114 792 407
v 104 119 1283 662
v 104 120 816 466
v 104 121 1163 588
v 104 123 1708 923
v 104 126 828 431
v 104 128 1771 915
v 104 129 796 443
v 104 131 661 327
v 104 135 2015 894
v 104 136 1012 540
v 104 137 717 373
v 104 138 266 146
v 104 145 537 306
v 104 155 317 171
v 105 106 1286 705
v 105 107 832 430
v 105 108 598 312
v 105 109 1063 609
v 105 110 885 436
v 105 111 1044 514
v 105 112 1465 742
v 105 113 551 263
v 105 114 454 271
v 105 119 1133 602
v 105 120 779 435
v 105 121 1167 538
v 105 123 1692 922
v 105 126 710 381
v 105 128 1577 796
v 105 129 607 331
v 105 131 989 479
v 105 135 1600 785
v 105 136 902 496
v 105 137 694 334
v 105 138 255 133
v 105 145 501 264
v 105 155 352 176
v 106 107 818 408
v 106 108 540 281
v 106 109 982 537
v 106 110 607 287
v 106 111 553 231
v 106 112 1116 519
v 106 113 371 177
v 106 114 599 272
v 106 119 950 446
v 106 120 701 383
v 106 121 778 340
v 106 123 1467 807
v 106 126 718 385
v 106 128 1323 673
v 106 129 535 293
v 106 131 788 416
v 106 135 1280 620
v 106 136 809 443
v 106 137 558 289
v 106 138 237 120
v 106 145 433 224
v 106 155 259 131
v 107 108 388 211
v 107 109 662 383
v 107 110 455 246
v 107 111 430 207
v 107 112 674 332
v 107 113 248 118
v 107 114 364 182
v 107 119 624 300
v 107 120 400 232
v 107 121 552 273
v 107 123 881 506
v 107 126 421 232
v 107 128 866 444
v 107 129 383 227
v 107 131 479 259
v 107 135 892 440
v 107 136 484 244
v 107 137 371 186
v 107 138 166 94
v 107 145 284 154
v 107 155 194 112
v 108 109 404 201
v 108 110 369 162
v 108 111 304 142
v 108 112 467 217
v 108 113 165 83
v 108 114 248 120
v 108 119 524 233
v 108 120 310 149
v 108 121 416 193
v 108 123 623 316
v 108 126 324 165
v 108 128 712 342
v 108 129 287 142
v 108 131 333 150
v 108 135 659 285
v 108 136 333 166
v 108 137 245 126
v 108 138 123 59
v 108 145 190 105
v 108 155 127 59
v 109 110 569 220
v 109 111 766 323
v 109 112 699 277
v 109 113 392 170
v 109 114 404 196
v 109 119 817 361
v 109 120 537 266
v 109 121 757 293
v 109 123 1167 556
v 109 126 540 269
v 109 128 1080 478
v 109 129 416 214
v 109 131 745 323
v 109 135 1225 572
v 109 136 826 401
v 109 137 467 193
v 109 138 276 122
v 109 145 410 221
v 109 155 223 108
v 110 111 431 198
v 110 112 728 416
v 110 113 301 154
v 110 114 269 159
v 110 119 627 318
v 110 120 352 209
v 110 121 561 293
v 110 123 891 491
v 110 126 389 176
v 110 128 1644 822
v 110 129 326 189
v 110 131 497 258
v 110 135 857 446
v 110 136 563 292
v 110 137 353 181
v 110 138 159 80
v 110 145 297 186
v 110 155 146 83
v 111 112 697 330
v 111 113 338 174
v 111 114 280 144
v 111 119 672 320
v 111 120 510 247
v 111 121 644 307
v 111 123 878 446
v 111 126 470 252
v 111 128 797 417
v 111 129 325 178
v 111 131 529 270
v 111 135 929 436
v 111 136 580 274
v 111 137 340 171
v 111 138 128 76
v 111 145 304 176
v 111 155 175 96
v 112 113 434 214
v 112 114 381 202
v 112 119 917 466
v 112 120 441 257
v 112 121 899 452
v 112 123 1266 671
v 112 126 567 288
v 112 128 1191 621
v 112 129 425 247
v 112 131 794 429
v 112 135 1199 626
v 112 136 692 400
v 112 137 513 266
v 112 138 360 185
v 112 145 424 234
v 112 155 260 139
v 113 114 162 76
v 113 119 330 166
v 113 120 232 140
v 113 121 381 203
v 113 123 491 296
v 113 126 259 130
v 113 128 505 263
v 113 129 190 109
v 113 131 326 166
v 113 135 539 272
v 113 136 297 156
v 113 137 229 104
v 113 138 74 42
v 113 145 172 95
v 113 155 95 55
v 114 119 392 192
v 114 120 290 159
v 114 121 378 191
v 114 123 521 253
v 114 126 331 172
v 114 128 600 293
v 114 129 245 123
v 114 131 306 149
v 114 135 570 264
v 114 136 376 204
v 114 137 244 124
v 114 138 115 54
v 114 145 195 106
v 114 155 126 58
v 119 120 611 327
v 119 121 766 394
v 119 123 1411 758
v 119 126 550 292
v 119 128 1094 528
v 119 129 412 204
v 119 131 705 351
v 119 135 1119 571
v 119 136 592 329
v 119 137 390 200
v 119 138 187 94
v 119 145 376 203
v 119 155 242 115
v 120 121 392 168
v 120 123 729 342
v 120 126 375 181
v 120 128 817 386
v 120 129 343 167
v 120 131 436 203
v 120 135 731 325
v 120 136 413 218
v 120 137 323 158
v 120 138 111 57
v 120 145 237 125
v 120 155 154 75
v 121 123 1136 596
v 121 126 518 292
v 121 128 1028 548
v 121 129 431 220
v 121 131 663 331
v 121 135 1026 502
v 121 136 641 336
v 121 137 398 209
v 121 138 170 88
v 121 145 341 194
v 121 155 160 85
v 123 126 808 373
v 123 128 1583 757
v 123 129 632 302
v 123 131 1035 492
v 123 135 1648 713
v 123 136 968 454
v 123 137 661 316
v 123 138 285 135
v 123 145 563 290
v 123 155 324 149
v 126 128 822 422
v 126 129 399 234
v 126 131 421 203
v 126 135 823 383
v 126 136 434 223
v 126 137 310 155
v 126 138 126 68
v 126 145 276 149
v 126 155 161 77
v 128 129 758 355
v 128 131 889 461
v 128 135 1683 792
v 128 136 955 478
v 128 137 611 295
v 128 138 286 154
v 128 145 510 276
v 128 155 328 155
v 129 131 371 181
v 129 135 688 323
v 129 136 393 197
v 129 137 244 118
v 129 138 108 47
v 129 145 223 120
v 129 155 123 65
v 131 135 941 455
v 131 136 561 287
v 131 137 374 192
v 131 138 157 81
v 131 145 309 135
v 131 155 203 96
v 135 136 948 506
v 135 137 619 339
v 135 138 267 136
v 135 145 500 275
v 135 155 308 154
v 136 137 407 205
v 136 138 175 82
v 136 145 291 147
v 136 155 186 83
v 137 138 103 59
v 137 145 235 123
v 137 155 114 59
v 138 145 118 65
v 138 155 69 33
v 145 155 122 57
