n 51607
h 1 2253 1083
h 2 8715 4100
h 3 3114 1601
h 4 715 369
h 5 2682 1350
h 6 5128 2326
h 7 3655 1830
h 8 4477 2396
h 9 6789 3657
h 10 1405 735
h 11 10153 5020
h 12 4203 2134
h 13 2813 1409
h 14 7346 3662
h 15 2763 1354
h 16 1517 696
h 17 3554 1791
h 18 4354 2255
h 19 4422 2099
h 20 6258 2996
h 21 8422 4405
h 22 3695 1788
h 23 1946 961
h 25 10134 5070
h 26 12484 5678
h 27 5590 2646
h 28 6616 3364
h 29 5332 2590
h 30 5530 2621
h 31 8765 4352
h 32 752 360
h 33 1807 1072
h 34 1814 895
h 35 2982 1379
h 36 6600 3375
h 37 1675 754
h 38 2137 1115
h 39 3932 1853
h 40 852 390
h 41 2455 1182
h 42 2117 1036
h 43 2295 1075
h 44 1568 749
h 45 759 400
h 46 2417 1135
h 47 3118 1536
h 48 6428 3275
h 49 4426 2418
h 50 1759 849
h 51 4183 2159
h 52 1117 558
h 53 3485 1690
h 54 11278 5812
h 55 4514 2437
h 56 1875 918
h 57 643 314
h 58 1153 605
h 59 1227 556
h 60 7418 3714
h 61 476 239
h 62 3273 1975
h 63 1284 615
h 64 4509 2152
h 65 863 449
h 66 286 142
h 67 4504 2272
h 68 1587 709
h 69 5226 2649
h 70 4301 2019
h 71 7331 3782
h 72 1115 519
h 73 982 507
h 74 8268 4267
h 75 4145 1934
h 76 4046 2078
h 77 1156 670
h 78 1906 1004
h 79 2795 1329
h 80 2504 1290
h 81 790 363
h 82 561 269
h 83 3934 2211
h 84 5173 2502
h 85 11387 5686
h 86 13763 7187
h 87 6475 3216
h 88 2637 1426
h 89 473 239
h 90 4088 2292
h 91 2343 1214
h 92 732 387
h 93 3696 1976
h 94 1430 660
h 95 832 411
h 96 7454 3686
h 97 3649 1733
h 98 4238 1964
h 99 1524 656
h 100 8291 4185
h 101 4813 2337
h 102 1104 515
h 103 411 223
h 104 2449 1230
h 105 5225 2700
h 106 8289 4412
h 107 5516 2895
h 108 9007 4123
h 109 3550 1789
h 110 4218 2128
h 111 2574 1246
h 112 5580 3023
h 113 1128 538
h 114 1686 830
h 119 7374 3740
h 120 4824 2363
h 121 5649 2793
h 123 11914 5757
h 126 3691 1823
h 128 11067 5332
h 129 3543 1643
h 131 6005 3007
h 135 9822 5039
h 136 1647 847
h 137 2245 1225
h 138 1781 847
h 145 2938 1452
h 155 2377 1365
s 1 2 233 109
s 1 3 55 31
s 1 4 1 1
s 1 5 62 27
s 1 6 6 0
s 1 7 75 36
s 1 8 7 3
s 1 9 96 44
s 1 11 90 41
s 1 12 12 5
s 1 13 59 26
s 1 14 146 69
s 1 15 36 16
s 1 16 46 27
s 1 17 63 37
s 1 18 4 4
s 1 19 36 20
s 1 20 92 39
s 1 21 118 45
s 1 22 78 37
s 1 23 47 23
s 1 25 176 92
s 1 26 303 134
s 1 27 126 67
s 1 28 93 42
s 1 29 128 64
s 1 30 125 60
s 1 31 230 115
s 1 32 7 4
s 1 33 35 22
s 1 34 37 20
s 1 35 58 21
s 1 36 94 40
s 1 37 58 23
s 1 38 34 15
s 1 39 88 41
s 1 40 29 14
s 1 41 4 1
s 1 42 23 14
s 1 43 48 25
s 1 44 4 1
s 1 45 22 10
s 1 46 6 3
s 1 47 64 33
s 1 48 6 2
s 1 49 94 48
s 1 50 44 26
s 1 51 64 37
s 1 52 25 11
s 1 53 32 11
s 1 54 22 12
s 1 55 61 34
s 1 56 8 5
s 1 57 14 10
s 1 58 18 10
s 1 59 29 15
s 1 60 172 76
s 1 61 15 9
s 1 62 61 31
s 1 63 18 6
s 1 64 112 45
s 1 65 23 9
s 1 66 11 6
s 1 67 11 3
s 1 68 45 21
s 1 69 118 60
s 1 70 5 1
s 1 71 182 91
s 1 72 8 3
s 1 73 7 2
s 1 74 189 110
s 1 75 95 42
s 1 76 82 40
s 1 77 16 9
s 1 78 45 23
s 1 79 52 22
s 1 80 7 5
s 1 81 9 3
s 1 82 9 1
s 1 83 58 33
s 1 84 126 49
s 1 85 235 115
s 1 86 294 138
s 1 87 137 59
s 1 88 65 35
s 1 90 69 39
s 1 91 33 15
s 1 92 16 5
s 1 93 24 9
s 1 94 4 1
s 1 96 135 62
s 1 97 89 50
s 1 98 73 30
s 1 99 30 12
s 1 100 130 64
s 1 101 122 63
s 1 102 32 10
s 1 103 13 7
s 1 104 63 28
s 1 105 116 65
s 1 106 156 76
s 1 107 91 49
s 1 108 169 82
s 1 109 3 2
s 1 110 97 45
s 1 111 87 36
s 1 112 136 66
s 1 113 21 8
s 1 114 22 9
s 1 119 139 73
s 1 120 102 51
s 1 121 129 71
s 1 123 245 113
s 1 126 69 28
s 1 128 239 107
s 1 129 76 30
s 1 131 124 58
s 1 135 218 113
s 1 136 30 11
s 1 137 50 26
s 1 138 2 1
s 1 145 29 12
s 1 155 51 36
s 2 3 281 134
s 2 4 48 23
s 2 5 261 132
s 2 6 475 205
s 2 7 186 84
s 2 8 425 211
s 2 9 607 329
s 2 10 141 69
s 2 11 816 376
s 2 12 399 184
s 2 13 232 118
s 2 14 414 175
s 2 15 174 79
s 2 16 61 28
s 2 17 285 138
s 2 18 308 148
s 2 19 259 109
s 2 20 479 203
s 2 21 666 331
s 2 22 357 156
s 2 23 84 43
s 2 25 860 423
s 2 26 1091 457
s 2 27 470 188
s 2 28 103 50
s 2 29 16 5
s 2 30 589 265
s 2 31 771 353
s 2 32 77 32
s 2 33 31 14
s 2 34 138 66
s 2 35 273 116
s 2 36 437 220
s 2 37 140 62
s 2 38 40 18
s 2 39 402 170
s 2 40 68 27
s 2 41 213 100
s 2 42 123 50
s 2 43 152 63
s 2 44 165 70
s 2 45 57 29
s 2 46 202 91
s 2 47 215 95
s 2 48 535 272
s 2 49 198 102
s 2 50 200 89
s 2 51 278 127
s 2 52 90 40
s 2 53 257 104
s 2 54 948 489
s 2 55 37 19
s 2 56 157 65
s 2 57 33 15
s 2 58 97 51
s 2 59 81 42
s 2 60 37 16
s 2 61 43 23
s 2 62 189 104
s 2 63 124 66
s 2 64 394 179
s 2 65 42 24
s 2 66 15 7
s 2 67 405 194
s 2 68 148 59
s 2 69 58 30
s 2 70 353 148
s 2 71 432 182
s 2 72 61 30
s 2 73 62 34
s 2 74 778 380
s 2 75 348 154
s 2 76 334 161
s 2 77 17 7
s 2 78 25 11
s 2 79 233 98
s 2 80 185 80
s 2 81 44 20
s 2 82 35 14
s 2 83 345 201
s 2 84 365 160
s 2 85 822 398
s 2 86 1050 531
s 2 87 558 270
s 2 88 183 82
s 2 89 44 26
s 2 90 278 145
s 2 91 154 76
s 2 92 31 18
s 2 93 305 141
s 2 94 122 58
s 2 95 82 37
s 2 96 39 18
s 2 97 113 30
s 2 98 85 35
s 2 99 23 8
s 2 100 538 237
s 2 101 665 337
s 2 102 74 34
s 2 103 33 12
s 2 104 19 7
s 2 105 470 217
s 2 106 593 311
s 2 107 371 187
s 2 108 22 8
s 2 109 313 153
s 2 110 351 184
s 2 111 227 110
s 2 112 409 195
s 2 113 99 52
s 2 114 126 51
s 2 119 549 273
s 2 120 296 132
s 2 121 454 201
s 2 123 1067 498
s 2 126 282 136
s 2 128 937 434
s 2 129 9 5
s 2 131 510 244
s 2 135 83 37
s 2 136 109 54
s 2 137 78 40
s 2 138 177 84
s 2 145 238 110
s 2 155 65 39
s 3 4 30 16
s 3 5 16 9
s 3 6 120 42
s 3 7 96 49
s 3 8 100 51
s 3 9 310 169
s 3 10 34 22
s 3 11 408 212
s 3 12 152 73
s 3 13 94 57
s 3 14 156 77
s 3 15 64 33
s 3 16 49 24
s 3 17 113 53
s 3 18 151 89
s 3 19 148 76
s 3 20 98 38
s 3 21 221 106
s 3 22 56 29
s 3 23 53 26
s 3 25 333 178
s 3 26 126 56
s 3 27 37 14
s 3 28 180 90
s 3 29 143 71
s 3 30 49 19
s 3 31 54 26
s 3 32 18 6
s 3 33 55 34
s 3 34 53 27
s 3 35 60 24
s 3 36 192 105
s 3 37 9 3
s 3 38 63 31
s 3 39 89 38
s 3 40 14 6
s 3 41 76 37
s 3 42 42 19
s 3 43 55 28
s 3 44 33 14
s 3 45 9 5
s 3 46 62 27
s 3 47 83 47
s 3 48 172 92
s 3 49 124 64
s 3 50 21 8
s 3 51 64 34
s 3 52 31 13
s 3 53 86 45
s 3 54 343 176
s 3 55 159 87
s 3 56 70 40
s 3 57 7 5
s 3 58 21 11
s 3 59 28 12
s 3 60 225 118
s 3 61 19 7
s 3 62 96 57
s 3 63 16 9
s 3 64 48 19
s 3 65 38 22
s 3 66 7 4
s 3 67 118 53
s 3 68 18 8
s 3 69 193 97
s 3 70 120 66
s 3 71 118 59
s 3 72 26 8
s 3 73 19 11
s 3 74 264 138
s 3 75 56 28
s 3 76 93 45
s 3 77 52 27
s 3 78 73 36
s 3 79 32 12
s 3 80 78 37
s 3 81 24 11
s 3 82 16 8
s 3 83 17 11
s 3 84 50 19
s 3 85 189 101
s 3 86 274 162
s 3 87 51 28
s 3 88 47 32
s 3 89 19 12
s 3 90 145 98
s 3 91 59 33
s 3 92 23 11
s 3 93 92 55
s 3 94 27 14
s 3 95 14 10
s 3 96 268 119
s 3 97 74 41
s 3 98 151 87
s 3 99 38 22
s 3 100 106 58
s 3 101 75 33
s 3 102 14 3
s 3 103 11 6
s 3 104 48 22
s 3 105 112 64
s 3 106 297 161
s 3 107 198 108
s 3 108 262 135
s 3 109 123 66
s 3 110 72 40
s 3 111 26 9
s 3 112 45 20
s 3 113 24 7
s 3 114 37 18
s 3 119 207 113
s 3 120 191 108
s 3 121 136 65
s 3 123 272 132
s 3 126 97 45
s 3 128 221 114
s 3 129 73 33
s 3 131 108 54
s 3 135 283 147
s 3 136 33 19
s 3 137 68 34
s 3 138 52 21
s 3 145 110 61
s 3 155 102 65
s 4 5 21 11
s 4 6 4 3
s 4 7 16 10
s 4 8 10 6
s 4 9 32 15
s 4 10 3 2
s 4 11 28 12
s 4 12 6 3
s 4 13 11 3
s 4 14 59 32
s 4 15 8 1
s 4 16 11 5
s 4 17 26 13
s 4 18 6 4
s 4 19 18 7
s 4 20 40 22
s 4 21 36 22
s 4 22 34 17
s 4 23 16 9
s 4 25 58 28
s 4 26 76 33
s 4 27 51 27
s 4 28 33 21
s 4 29 53 27
s 4 30 43 22
s 4 31 63 30
s 4 32 5 4
s 4 33 11 10
s 4 34 9 3
s 4 35 21 13
s 4 36 40 21
s 4 37 14 5
s 4 38 7 6
s 4 39 34 22
s 4 40 15 5
s 4 41 5 3
s 4 42 10 6
s 4 43 18 9
s 4 44 4 2
s 4 45 6 4
s 4 46 5 3
s 4 47 24 11
s 4 48 10 6
s 4 49 23 12
s 4 50 17 11
s 4 51 22 10
s 4 52 6 2
s 4 53 13 9
s 4 54 8 5
s 4 55 26 15
s 4 56 5 1
s 4 57 6 2
s 4 58 8 5
s 4 59 6 1
s 4 60 44 22
s 4 61 3 2
s 4 62 16 9
s 4 63 12 4
s 4 64 44 21
s 4 65 5 1
s 4 66 6 4
s 4 67 9 4
s 4 68 16 6
s 4 69 24 14
s 4 70 3 3
s 4 71 45 31
s 4 72 6 3
s 4 73 3 1
s 4 74 48 29
s 4 75 35 18
s 4 76 23 9
s 4 77 8 5
s 4 78 15 10
s 4 79 25 15
s 4 80 5 3
s 4 81 2 1
s 4 82 4 4
s 4 83 26 13
s 4 84 32 17
s 4 85 52 27
s 4 86 87 52
s 4 87 43 18
s 4 88 15 11
s 4 89 2 0
s 4 90 23 11
s 4 91 21 11
s 4 92 2 1
s 4 93 8 3
s 4 94 1 1
s 4 95 2 0
s 4 96 23 11
s 4 97 31 13
s 4 98 32 16
s 4 99 20 7
s 4 100 39 16
s 4 101 28 16
s 4 102 12 8
s 4 103 3 1
s 4 104 21 12
s 4 105 27 16
s 4 106 54 26
s 4 107 30 21
s 4 108 69 26
s 4 109 2 2
s 4 110 23 12
s 4 111 27 13
s 4 112 30 15
s 4 113 7 3
s 4 114 11 6
s 4 119 42 21
s 4 120 21 14
s 4 121 40 21
s 4 123 65 29
s 4 126 13 6
s 4 128 73 33
s 4 129 31 12
s 4 131 37 20
s 4 135 60 36
s 4 136 9 5
s 4 137 17 10
s 4 138 4 1
s 4 145 5 3
s 4 155 20 10
s 5 6 111 47
s 5 7 86 42
s 5 8 203 115
s 5 9 127 71
s 5 10 36 15
s 5 11 257 130
s 5 12 83 40
s 5 13 63 27
s 5 14 202 113
s 5 15 96 52
s 5 16 28 10
s 5 17 107 46
s 5 18 127 74
s 5 19 110 43
s 5 20 103 56
s 5 21 206 119
s 5 22 82 39
s 5 23 50 24
s 5 25 248 131
s 5 26 181 87
s 5 27 47 21
s 5 28 159 83
s 5 29 135 70
s 5 30 35 11
s 5 31 59 21
s 5 32 27 13
s 5 33 43 24
s 5 34 37 16
s 5 35 82 43
s 5 36 182 99
s 5 37 6 4
s 5 38 54 29
s 5 39 104 55
s 5 40 21 10
s 5 41 60 32
s 5 42 59 29
s 5 43 59 29
s 5 44 43 18
s 5 45 12 3
s 5 46 73 36
s 5 47 70 32
s 5 48 160 65
s 5 49 100 60
s 5 50 8 2
s 5 51 63 31
s 5 52 25 15
s 5 53 110 52
s 5 54 252 138
s 5 55 102 62
s 5 56 44 24
s 5 57 7 4
s 5 58 19 13
s 5 59 31 10
s 5 60 151 78
s 5 61 13 8
s 5 62 83 54
s 5 63 24 12
s 5 64 41 19
s 5 65 15 11
s 5 66 10 1
s 5 67 108 56
s 5 68 14 7
s 5 69 141 79
s 5 70 121 57
s 5 71 189 108
s 5 72 29 12
s 5 73 27 17
s 5 74 186 94
s 5 75 49 21
s 5 76 107 57
s 5 77 23 14
s 5 78 39 21
s 5 79 42 16
s 5 80 80 43
s 5 81 28 14
s 5 82 14 6
s 5 83 21 12
s 5 84 70 34
s 5 85 153 75
s 5 86 283 155
s 5 87 41 19
s 5 88 74 44
s 5 89 11 6
s 5 90 63 36
s 5 91 36 17
s 5 92 17 8
s 5 93 142 68
s 5 94 34 17
s 5 95 37 20
s 5 96 185 84
s 5 97 99 49
s 5 98 94 41
s 5 99 48 17
s 5 100 112 49
s 5 101 117 58
s 5 102 27 15
s 5 103 7 5
s 5 104 64 25
s 5 105 68 37
s 5 106 169 92
s 5 107 121 71
s 5 108 227 99
s 5 109 64 30
s 5 110 85 45
s 5 111 26 14
s 5 112 21 11
s 5 113 41 19
s 5 114 54 27
s 5 119 103 45
s 5 120 109 48
s 5 121 48 21
s 5 123 191 91
s 5 126 95 47
s 5 128 227 105
s 5 129 103 46
s 5 131 59 22
s 5 135 248 136
s 5 136 47 23
s 5 137 58 30
s 5 138 34 14
s 5 145 67 30
s 5 155 40 24
s 6 7 180 70
s 6 8 2 1
s 6 9 274 132
s 6 10 4 0
s 6 11 149 73
s 6 12 2 2
s 6 13 120 50
s 6 14 438 210
s 6 15 72 33
s 6 16 67 22
s 6 17 164 77
s 6 18 4 2
s 6 19 82 32
s 6 20 227 107
s 6 21 257 109
s 6 22 182 87
s 6 23 116 45
s 6 25 357 157
s 6 26 595 231
s 6 27 277 113
s 6 28 365 179
s 6 29 289 123
s 6 30 223 97
s 6 31 374 179
s 6 32 32 10
s 6 33 60 34
s 6 34 73 34
s 6 35 102 35
s 6 36 237 114
s 6 37 70 27
s 6 38 109 57
s 6 39 218 79
s 6 40 36 10
s 6 41 3 2
s 6 42 51 22
s 6 43 122 58
s 6 44 4 2
s 6 45 35 13
s 6 46 18 10
s 6 47 154 63
s 6 49 129 61
s 6 50 65 25
s 6 51 271 128
s 6 52 47 28
s 6 53 58 24
s 6 54 9 4
s 6 55 162 80
s 6 56 8 5
s 6 57 45 23
s 6 58 43 22
s 6 59 51 22
s 6 60 410 187
s 6 61 8 4
s 6 62 111 71
s 6 63 25 12
s 6 64 194 78
s 6 65 35 13
s 6 66 5 1
s 6 67 2 0
s 6 68 74 33
s 6 69 222 102
s 6 70 9 2
s 6 71 361 155
s 6 72 13 7
s 6 73 22 13
s 6 74 388 200
s 6 75 194 85
s 6 76 169 75
s 6 77 42 24
s 6 78 96 46
s 6 79 127 58
s 6 80 10 4
s 6 81 17 8
s 6 82 22 7
s 6 83 369 196
s 6 84 335 153
s 6 85 849 397
s 6 86 656 322
s 6 87 257 102
s 6 88 119 57
s 6 89 7 2
s 6 90 200 94
s 6 91 88 43
s 6 92 34 15
s 6 93 53 29
s 6 94 1 0
s 6 95 6 2
s 6 96 453 201
s 6 97 184 81
s 6 98 193 89
s 6 99 68 25
s 6 100 557 284
s 6 101 214 99
s 6 102 78 35
s 6 103 26 15
s 6 104 110 51
s 6 105 242 107
s 6 106 410 192
s 6 107 287 152
s 6 108 473 192
s 6 109 2 1
s 6 110 203 91
s 6 111 115 52
s 6 112 174 80
s 6 113 40 18
s 6 114 42 22
s 6 119 328 149
s 6 120 231 88
s 6 121 203 93
s 6 123 499 224
s 6 126 204 82
s 6 128 558 262
s 6 129 200 74
s 6 131 255 114
s 6 135 494 234
s 6 136 98 42
s 6 137 131 55
s 6 138 10 7
s 6 145 39 25
s 6 155 113 51
s 7 8 167 91
s 7 9 204 113
s 7 10 56 31
s 7 11 286 138
s 7 12 167 88
s 7 13 48 25
s 7 14 230 115
s 7 15 86 47
s 7 16 20 7
s 7 17 50 23
s 7 18 139 68
s 7 19 83 47
s 7 20 224 112
s 7 21 262 140
s 7 22 92 46
s 7 23 39 16
s 7 25 187 89
s 7 26 409 188
s 7 27 193 85
s 7 28 140 67
s 7 29 132 56
s 7 30 212 107
s 7 31 274 123
s 7 32 23 9
s 7 33 47 34
s 7 34 41 22
s 7 35 77 40
s 7 36 169 89
s 7 37 64 25
s 7 38 47 22
s 7 39 65 35
s 7 40 36 17
s 7 41 82 36
s 7 42 62 28
s 7 43 51 22
s 7 44 61 36
s 7 45 40 24
s 7 46 82 28
s 7 47 74 45
s 7 48 243 122
s 7 49 74 42
s 7 50 75 38
s 7 51 95 54
s 7 52 25 9
s 7 53 110 57
s 7 54 398 213
s 7 55 169 91
s 7 56 69 39
s 7 57 24 13
s 7 58 38 22
s 7 59 39 13
s 7 60 194 93
s 7 61 12 7
s 7 62 69 39
s 7 63 39 19
s 7 64 145 59
s 7 65 25 13
s 7 66 9 6
s 7 67 172 93
s 7 68 67 31
s 7 69 150 71
s 7 70 156 74
s 7 71 173 92
s 7 72 46 18
s 7 73 22 10
s 7 74 177 88
s 7 75 136 72
s 7 76 83 51
s 7 77 42 20
s 7 78 56 24
s 7 79 80 44
s 7 80 78 43
s 7 81 30 14
s 7 82 11 4
s 7 83 114 64
s 7 84 147 67
s 7 85 339 170
s 7 86 409 209
s 7 87 223 118
s 7 88 62 32
s 7 89 19 7
s 7 90 110 62
s 7 91 70 32
s 7 92 18 11
s 7 93 111 64
s 7 94 46 21
s 7 95 34 14
s 7 96 192 96
s 7 97 98 47
s 7 98 140 68
s 7 99 57 18
s 7 100 227 124
s 7 101 135 59
s 7 102 32 14
s 7 103 8 3
s 7 104 70 30
s 7 105 170 86
s 7 106 114 56
s 7 107 86 47
s 7 108 227 109
s 7 109 145 79
s 7 110 152 86
s 7 111 89 41
s 7 112 197 115
s 7 113 27 10
s 7 114 47 28
s 7 119 211 108
s 7 120 68 34
s 7 121 151 78
s 7 123 339 161
s 7 126 52 24
s 7 128 315 150
s 7 129 95 47
s 7 131 228 111
s 7 135 279 152
s 7 136 30 14
s 7 137 54 27
s 7 138 57 25
s 7 145 71 39
s 7 155 64 40
s 8 9 252 145
s 8 10 5 3
s 8 11 100 50
s 8 12 5 2
s 8 13 126 65
s 8 14 305 162
s 8 15 99 50
s 8 16 68 30
s 8 17 150 81
s 8 19 68 32
s 8 20 199 100
s 8 21 263 149
s 8 22 153 70
s 8 23 81 44
s 8 25 385 205
s 8 26 600 298
s 8 27 302 154
s 8 28 252 126
s 8 29 244 147
s 8 30 338 172
s 8 31 547 318
s 8 32 24 12
s 8 33 64 35
s 8 34 84 54
s 8 35 101 48
s 8 36 178 102
s 8 37 70 27
s 8 38 74 46
s 8 39 198 96
s 8 40 36 19
s 8 41 2 0
s 8 42 41 28
s 8 43 128 69
s 8 44 3 1
s 8 45 34 19
s 8 46 18 11
s 8 47 123 58
s 8 48 6 1
s 8 49 192 113
s 8 50 63 27
s 8 51 121 66
s 8 52 50 28
s 8 53 48 22
s 8 54 3 1
s 8 55 186 112
s 8 56 9 4
s 8 57 21 10
s 8 58 45 27
s 8 59 61 29
s 8 60 353 190
s 8 61 16 7
s 8 62 149 91
s 8 63 28 14
s 8 64 237 116
s 8 65 30 17
s 8 66 10 7
s 8 67 4 2
s 8 68 73 29
s 8 69 194 112
s 8 70 5 2
s 8 71 348 199
s 8 72 15 11
s 8 73 21 7
s 8 74 333 175
s 8 75 177 92
s 8 76 223 124
s 8 77 29 15
s 8 78 73 33
s 8 79 110 58
s 8 80 10 6
s 8 81 12 6
s 8 82 20 8
s 8 83 95 52
s 8 84 198 101
s 8 85 382 206
s 8 86 600 340
s 8 87 331 185
s 8 88 123 67
s 8 90 153 87
s 8 91 32 19
s 8 92 29 20
s 8 93 46 29
s 8 94 5 2
s 8 95 1 1
s 8 96 264 146
s 8 97 277 150
s 8 98 167 78
s 8 99 58 25
s 8 100 242 113
s 8 101 241 119
s 8 102 27 14
s 8 103 15 11
s 8 104 131 72
s 8 105 188 112
s 8 106 327 192
s 8 107 220 121
s 8 108 365 176
s 8 109 3 2
s 8 110 177 95
s 8 111 119 64
s 8 112 218 126
s 8 113 48 26
s 8 114 19 8
s 8 119 300 162
s 8 120 181 94
s 8 121 316 186
s 8 123 482 254
s 8 126 140 81
s 8 128 460 252
s 8 129 163 77
s 8 131 205 105
s 8 135 403 212
s 8 136 55 27
s 8 137 100 61
s 8 138 8 5
s 8 145 29 16
s 8 155 56 26
s 9 10 93 61
s 9 11 573 298
s 9 12 265 162
s 9 13 193 99
s 9 14 276 148
s 9 15 140 76
s 9 16 117 53
s 9 17 228 132
s 9 18 366 210
s 9 19 401 211
s 9 20 235 112
s 9 21 479 278
s 9 22 80 48
s 9 23 140 77
s 9 25 573 306
s 9 26 409 189
s 9 27 190 92
s 9 28 435 248
s 9 29 304 161
s 9 30 178 97
s 9 31 269 147
s 9 32 45 25
s 9 33 149 86
s 9 34 90 45
s 9 35 111 54
s 9 36 410 231
s 9 37 37 17
s 9 38 130 71
s 9 39 206 101
s 9 40 20 8
s 9 41 121 62
s 9 42 118 57
s 9 43 113 59
s 9 44 79 42
s 9 45 17 12
s 9 46 168 75
s 9 47 145 78
s 9 48 396 219
s 9 49 510 290
s 9 50 70 36
s 9 51 260 133
s 9 52 61 38
s 9 53 249 153
s 9 54 793 419
s 9 55 311 172
s 9 56 110 49
s 9 57 17 5
s 9 58 50 29
s 9 59 69 31
s 9 60 472 258
s 9 61 33 16
s 9 62 209 132
s 9 63 44 16
s 9 64 120 60
s 9 65 37 22
s 9 66 8 2
s 9 67 295 160
s 9 68 35 26
s 9 69 404 231
s 9 70 201 115
s 9 71 240 143
s 9 72 48 22
s 9 73 60 30
s 9 74 458 245
s 9 75 94 55
s 9 76 320 177
s 9 77 99 54
s 9 78 111 69
s 9 79 175 86
s 9 80 192 93
s 9 81 50 31
s 9 82 26 10
s 9 83 208 128
s 9 84 189 93
s 9 85 465 234
s 9 86 419 218
s 9 87 238 126
s 9 88 102 60
s 9 89 37 22
s 9 90 189 113
s 9 91 103 57
s 9 92 33 16
s 9 93 225 129
s 9 94 74 42
s 9 95 50 27
s 9 96 633 341
s 9 97 158 78
s 9 98 319 174
s 9 99 65 34
s 9 100 403 233
s 9 101 110 55
s 9 102 32 14
s 9 103 30 18
s 9 104 126 63
s 9 105 195 101
s 9 106 846 490
s 9 107 372 226
s 9 108 680 313
s 9 109 275 147
s 9 110 114 60
s 9 111 99 54
s 9 112 284 166
s 9 113 52 27
s 9 114 84 39
s 9 119 300 162
s 9 120 361 192
s 9 121 125 63
s 9 123 436 218
s 9 126 228 121
s 9 128 408 213
s 9 129 174 86
s 9 131 193 122
s 9 135 540 272
s 9 136 77 37
s 9 137 149 83
s 9 138 104 49
s 9 145 216 120
s 9 155 204 119
s 10 11 32 17
s 10 12 2 2
s 10 13 45 21
s 10 14 93 60
s 10 15 26 15
s 10 16 22 13
s 10 17 42 23
s 10 18 1 1
s 10 19 23 10
s 10 20 51 28
s 10 21 81 44
s 10 22 52 24
s 10 23 20 9
s 10 25 122 61
s 10 26 161 65
s 10 27 80 44
s 10 28 82 43
s 10 29 66 28
s 10 30 58 32
s 10 31 101 59
s 10 32 7 2
s 10 33 27 13
s 10 34 21 14
s 10 35 21 11
s 10 36 63 31
s 10 37 21 8
s 10 38 35 18
s 10 39 46 26
s 10 40 12 6
s 10 41 5 3
s 10 42 7 3
s 10 43 22 13
s 10 44 2 2
s 10 45 13 10
s 10 46 7 2
s 10 47 42 18
s 10 48 1 1
s 10 49 47 31
s 10 50 22 9
s 10 51 59 33
s 10 52 14 6
s 10 53 14 11
s 10 54 5 1
s 10 55 76 46
s 10 56 4 1
s 10 57 5 0
s 10 58 13 7
s 10 59 23 12
s 10 60 106 57
s 10 61 4 2
s 10 62 50 33
s 10 63 6 2
s 10 64 50 21
s 10 65 13 12
s 10 66 4 1
s 10 67 1 1
s 10 68 19 12
s 10 69 65 37
s 10 70 2 0
s 10 71 100 62
s 10 72 6 3
s 10 73 5 2
s 10 74 120 61
s 10 75 51 27
s 10 76 41 24
s 10 77 11 8
s 10 78 22 8
s 10 79 31 14
s 10 80 5 2
s 10 81 5 1
s 10 82 5 3
s 10 83 44 21
s 10 84 69 33
s 10 85 169 97
s 10 86 196 100
s 10 87 92 57
s 10 88 36 21
s 10 89 2 1
s 10 90 56 28
s 10 91 25 13
s 10 92 6 3
s 10 93 22 11
s 10 94 1 1
s 10 95 1 1
s 10 96 105 54
s 10 97 26 13
s 10 98 62 31
s 10 99 22 12
s 10 100 145 72
s 10 101 79 36
s 10 102 15 6
s 10 103 2 1
s 10 104 26 15
s 10 105 74 39
s 10 106 90 50
s 10 107 77 35
s 10 108 145 68
s 10 109 3 1
s 10 110 45 26
s 10 111 37 17
s 10 112 59 28
s 10 113 5 0
s 10 114 10 5
s 10 119 114 66
s 10 120 70 35
s 10 121 72 35
s 10 123 162 86
s 10 126 70 37
s 10 128 150 68
s 10 129 47 20
s 10 131 87 46
s 10 135 122 66
s 10 136 22 12
s 10 137 26 12
s 10 138 3 0
s 10 145 20 10
s 10 155 21 18
s 11 12 149 64
s 11 13 229 118
s 11 14 718 340
s 11 15 158 70
s 11 16 112 48
s 11 17 267 130
s 11 18 123 54
s 11 19 215 95
s 11 20 477 220
s 11 21 478 261
s 11 22 321 159
s 11 23 188 90
s 11 25 614 306
s 11 26 1198 514
s 11 27 542 248
s 11 28 1095 583
s 11 29 591 285
s 11 30 370 181
s 11 31 674 310
s 11 32 43 23
s 11 33 162 94
s 11 34 148 67
s 11 35 154 72
s 11 36 382 188
s 11 37 139 58
s 11 38 195 104
s 11 39 254 117
s 11 40 72 31
s 11 41 57 25
s 11 42 97 41
s 11 43 173 78
s 11 44 54 24
s 11 45 66 34
s 11 46 81 35
s 11 47 235 114
s 11 48 175 74
s 11 49 246 118
s 11 50 136 66
s 11 51 544 296
s 11 52 85 37
s 11 53 158 82
s 11 54 321 163
s 11 55 388 198
s 11 56 49 31
s 11 57 90 53
s 11 58 90 46
s 11 59 125 59
s 11 60 634 305
s 11 61 28 13
s 11 62 288 167
s 11 63 71 25
s 11 64 341 168
s 11 65 65 37
s 11 66 17 11
s 11 67 134 69
s 11 68 108 49
s 11 69 448 215
s 11 70 117 57
s 11 71 689 359
s 11 72 42 23
s 11 73 37 15
s 11 74 582 295
s 11 75 337 161
s 11 76 249 119
s 11 77 96 60
s 11 78 145 78
s 11 79 289 131
s 11 80 55 30
s 11 81 49 20
s 11 82 46 21
s 11 83 600 332
s 11 84 753 387
s 11 85 1205 590
s 11 86 1348 691
s 11 87 545 262
s 11 88 199 108
s 11 89 20 9
s 11 90 376 221
s 11 91 179 82
s 11 92 58 34
s 11 93 168 89
s 11 94 46 18
s 11 95 30 10
s 11 96 855 428
s 11 97 347 168
s 11 98 374 178
s 11 99 132 52
s 11 100 1297 670
s 11 101 470 244
s 11 102 98 41
s 11 103 45 24
s 11 104 201 97
s 11 105 406 210
s 11 106 749 433
s 11 107 510 252
s 11 108 960 444
s 11 109 73 30
s 11 110 368 184
s 11 111 210 113
s 11 112 481 249
s 11 113 80 47
s 11 114 75 33
s 11 119 651 318
s 11 120 464 237
s 11 121 422 187
s 11 123 1064 526
s 11 126 301 147
s 11 128 966 462
s 11 129 387 177
s 11 131 607 281
s 11 135 846 418
s 11 136 195 85
s 11 137 200 119
s 11 138 66 30
s 11 145 96 42
s 11 155 245 142
s 12 13 95 46
s 12 14 302 154
s 12 15 85 49
s 12 16 59 32
s 12 17 133 56
s 12 18 3 3
s 12 19 71 33
s 12 20 167 84
s 12 21 229 116
s 12 22 130 64
s 12 23 66 41
s 12 25 363 184
s 12 26 518 248
s 12 27 211 97
s 12 28 218 115
s 12 29 207 91
s 12 30 194 98
s 12 31 358 194
s 12 32 17 8
s 12 33 77 45
s 12 34 71 36
s 12 35 65 31
s 12 36 189 92
s 12 37 75 30
s 12 38 73 40
s 12 39 154 73
s 12 40 36 17
s 12 41 4 1
s 12 42 28 17
s 12 43 74 43
s 12 44 4 2
s 12 45 28 15
s 12 46 13 8
s 12 47 111 61
s 12 48 4 3
s 12 49 203 119
s 12 50 97 52
s 12 51 122 59
s 12 52 33 18
s 12 53 45 15
s 12 54 3 2
s 12 55 176 99
s 12 56 13 7
s 12 57 12 6
s 12 58 59 27
s 12 59 44 25
s 12 60 284 154
s 12 61 15 4
s 12 62 146 80
s 12 63 27 19
s 12 64 223 109
s 12 65 41 20
s 12 66 13 7
s 12 67 1 0
s 12 68 72 39
s 12 69 222 129
s 12 70 5 1
s 12 71 304 148
s 12 72 12 7
s 12 73 20 11
s 12 74 335 167
s 12 75 178 93
s 12 76 140 64
s 12 77 38 24
s 12 78 79 42
s 12 79 98 35
s 12 80 16 7
s 12 81 12 5
s 12 82 14 3
s 12 83 149 93
s 12 84 150 65
s 12 85 453 223
s 12 86 614 308
s 12 87 252 125
s 12 88 101 49
s 12 89 1 0
s 12 90 176 103
s 12 91 62 33
s 12 92 32 19
s 12 93 39 24
s 12 94 2 0
s 12 95 1 0
s 12 96 292 152
s 12 97 131 62
s 12 98 180 74
s 12 99 52 27
s 12 100 241 112
s 12 101 193 90
s 12 102 30 14
s 12 103 11 7
s 12 104 97 39
s 12 105 231 116
s 12 106 322 162
s 12 107 215 113
s 12 108 404 184
s 12 109 4 3
s 12 110 195 104
s 12 111 107 52
s 12 112 276 169
s 12 113 36 10
s 12 114 26 13
s 12 119 272 146
s 12 120 192 96
s 12 121 273 150
s 12 123 495 244
s 12 126 163 89
s 12 128 483 252
s 12 129 111 49
s 12 131 278 145
s 12 135 411 211
s 12 136 51 32
s 12 137 100 56
s 12 138 13 4
s 12 145 42 21
s 12 155 77 47
s 13 14 109 49
s 13 15 53 32
s 13 16 18 7
s 13 17 4 3
s 13 18 113 58
s 13 19 129 61
s 13 20 128 63
s 13 21 191 100
s 13 22 84 52
s 13 23 25 11
s 13 25 51 30
s 13 26 313 147
s 13 27 115 52
s 13 28 129 67
s 13 29 136 71
s 13 30 155 71
s 13 31 219 107
s 13 32 13 10
s 13 33 59 32
s 13 34 1 0
s 13 35 18 10
s 13 36 117 62
s 13 37 46 23
s 13 38 59 36
s 13 39 3 2
s 13 40 25 10
s 13 41 61 28
s 13 42 55 23
s 13 43 22 11
s 13 44 32 12
s 13 45 15 9
s 13 46 58 28
s 13 47 21 10
s 13 48 161 86
s 13 49 40 17
s 13 50 38 21
s 13 51 135 76
s 13 52 3 0
s 13 53 77 36
s 13 54 280 144
s 13 55 117 66
s 13 56 47 24
s 13 57 13 4
s 13 58 46 24
s 13 59 6 3
s 13 60 184 88
s 13 61 14 5
s 13 62 86 51
s 13 63 28 14
s 13 64 122 57
s 13 65 15 8
s 13 66 11 7
s 13 67 117 69
s 13 68 37 19
s 13 69 143 71
s 13 70 84 38
s 13 71 181 92
s 13 72 42 23
s 13 73 22 11
s 13 74 20 7
s 13 75 115 56
s 13 76 3 1
s 13 77 40 24
s 13 78 49 21
s 13 79 81 46
s 13 80 84 47
s 13 81 16 5
s 13 82 6 5
s 13 83 132 84
s 13 84 125 59
s 13 85 323 158
s 13 86 325 159
s 13 87 159 78
s 13 88 67 34
s 13 89 12 3
s 13 90 48 29
s 13 91 47 23
s 13 92 13 7
s 13 93 78 39
s 13 94 32 14
s 13 95 21 8
s 13 96 234 120
s 13 97 43 17
s 13 98 117 60
s 13 99 41 19
s 13 100 253 115
s 13 101 118 54
s 13 102 25 14
s 13 103 17 9
s 13 104 51 23
s 13 105 141 77
s 13 106 4 3
s 13 107 60 25
s 13 108 225 100
s 13 109 100 47
s 13 110 110 48
s 13 111 55 24
s 13 112 142 66
s 13 113 9 4
s 13 114 28 11
s 13 119 217 102
s 13 120 37 16
s 13 121 123 64
s 13 123 363 187
s 13 126 4 2
s 13 128 203 107
s 13 129 80 43
s 13 131 159 80
s 13 135 259 125
s 13 136 32 11
s 13 137 41 22
s 13 138 49 26
s 13 145 80 50
s 13 155 95 62
s 14 15 210 101
s 14 16 85 40
s 14 17 176 85
s 14 18 247 128
s 14 19 216 88
s 14 20 448 215
s 14 21 578 297
s 14 22 256 124
s 14 23 129 70
s 14 25 655 334
s 14 26 819 361
s 14 27 357 161
s 14 28 290 151
s 14 29 218 96
s 14 30 360 169
s 14 31 560 297
s 14 32 58 28
s 14 33 105 58
s 14 34 140 72
s 14 35 298 134
s 14 36 441 223
s 14 37 107 45
s 14 38 98 53
s 14 39 264 139
s 14 40 68 35
s 14 41 178 84
s 14 42 148 76
s 14 43 150 76
s 14 44 119 57
s 14 45 68 34
s 14 46 188 78
s 14 47 238 131
s 14 48 425 211
s 14 49 191 97
s 14 50 91 53
s 14 51 146 70
s 14 52 72 33
s 14 53 208 106
s 14 54 644 334
s 14 55 223 123
s 14 56 110 61
s 14 57 50 29
s 14 58 62 34
s 14 59 101 47
s 14 60 384 180
s 14 61 39 19
s 14 62 96 59
s 14 63 92 43
s 14 64 280 134
s 14 65 34 19
s 14 66 20 11
s 14 67 264 133
s 14 68 133 58
s 14 69 244 112
s 14 70 348 154
s 14 71 282 134
s 14 72 88 41
s 14 73 75 37
s 14 74 584 302
s 14 75 276 136
s 14 76 265 147
s 14 77 43 18
s 14 78 86 40
s 14 79 162 80
s 14 80 146 75
s 14 81 45 25
s 14 82 42 21
s 14 83 166 93
s 14 84 280 130
s 14 85 486 250
s 14 86 740 386
s 14 87 382 191
s 14 88 132 64
s 14 89 27 12
s 14 90 203 106
s 14 91 191 109
s 14 92 49 24
s 14 93 260 133
s 14 94 96 44
s 14 95 69 30
s 14 96 257 126
s 14 97 219 97
s 14 98 194 76
s 14 99 85 35
s 14 100 364 185
s 14 101 291 155
s 14 102 81 36
s 14 103 21 12
s 14 104 172 87
s 14 105 290 147
s 14 106 417 230
s 14 107 269 143
s 14 108 409 186
s 14 109 192 96
s 14 110 256 130
s 14 111 206 105
s 14 112 272 150
s 14 113 106 54
s 14 114 108 52
s 14 119 324 165
s 14 120 229 117
s 14 121 408 218
s 14 123 559 284
s 14 126 224 104
s 14 128 648 325
s 14 129 188 96
s 14 131 287 146
s 14 135 499 257
s 14 136 93 48
s 14 137 114 52
s 14 138 173 86
s 14 145 164 82
s 14 155 113 74
s 15 16 29 15
s 15 17 65 40
s 15 18 103 58
s 15 19 116 55
s 15 20 113 54
s 15 21 176 86
s 15 22 89 46
s 15 23 46 23
s 15 25 212 103
s 15 26 344 150
s 15 27 151 74
s 15 28 96 48
s 15 29 92 43
s 15 30 160 81
s 15 31 228 102
s 15 32 24 6
s 15 33 24 16
s 15 34 42 19
s 15 35 75 35
s 15 36 130 75
s 15 37 36 19
s 15 38 34 17
s 15 39 73 34
s 15 40 21 6
s 15 41 60 28
s 15 42 51 26
s 15 43 40 13
s 15 44 28 10
s 15 45 18 9
s 15 46 26 15
s 15 47 71 36
s 15 48 93 43
s 15 49 98 54
s 15 50 35 13
s 15 51 123 60
s 15 52 22 11
s 15 53 52 26
s 15 54 179 87
s 15 55 66 35
s 15 56 28 12
s 15 57 11 6
s 15 58 24 12
s 15 59 30 13
s 15 60 127 67
s 15 61 2 2
s 15 62 88 57
s 15 63 25 10
s 15 64 113 48
s 15 65 10 5
s 15 66 4 2
s 15 67 87 48
s 15 68 38 16
s 15 69 77 38
s 15 70 77 35
s 15 71 243 124
s 15 72 20 7
s 15 73 12 7
s 15 74 162 82
s 15 75 83 39
s 15 76 86 40
s 15 77 12 7
s 15 78 28 14
s 15 79 50 22
s 15 80 44 23
s 15 81 26 12
s 15 82 6 0
s 15 83 105 60
s 15 84 146 66
s 15 85 240 116
s 15 86 327 163
s 15 87 193 104
s 15 88 95 52
s 15 89 9 4
s 15 90 77 36
s 15 91 72 37
s 15 92 17 3
s 15 93 89 50
s 15 94 21 9
s 15 95 22 11
s 15 96 152 61
s 15 97 63 32
s 15 98 66 28
s 15 99 20 6
s 15 100 235 123
s 15 101 141 62
s 15 102 29 12
s 15 103 11 7
s 15 104 43 17
s 15 105 120 57
s 15 106 161 82
s 15 107 128 57
s 15 108 180 82
s 15 109 40 16
s 15 110 123 55
s 15 111 71 35
s 15 112 105 53
s 15 113 26 15
s 15 114 33 14
s 15 119 217 111
s 15 120 81 36
s 15 121 128 57
s 15 123 301 149
s 15 126 78 42
s 15 128 244 119
s 15 129 75 35
s 15 131 123 60
s 15 135 156 80
s 15 136 60 35
s 15 137 60 38
s 15 138 19 11
s 15 145 46 24
s 15 155 43 21
s 16 17 27 16
s 16 18 65 25
s 16 19 46 16
s 16 20 84 34
s 16 21 89 42
s 16 22 50 24
s 16 23 11 7
s 16 25 74 35
s 16 26 177 71
s 16 27 84 37
s 16 28 60 28
s 16 29 39 14
s 16 30 88 44
s 16 31 118 51
s 16 32 7 2
s 16 33 26 16
s 16 34 11 8
s 16 35 17 9
s 16 36 67 31
s 16 37 38 17
s 16 38 19 11
s 16 39 24 9
s 16 40 9 3
s 16 41 28 13
s 16 42 32 11
s 16 43 23 8
s 16 44 27 13
s 16 45 10 8
s 16 46 36 16
s 16 47 38 18
s 16 48 103 59
s 16 49 39 20
s 16 50 34 12
s 16 51 71 28
s 16 52 12 7
s 16 53 28 11
s 16 54 190 99
s 16 55 58 26
s 16 56 24 7
s 16 57 10 5
s 16 58 12 5
s 16 59 8 2
s 16 60 62 33
s 16 61 4 4
s 16 62 38 20
s 16 63 20 15
s 16 64 71 35
s 16 65 9 4
s 16 66 4 4
s 16 67 70 32
s 16 68 40 18
s 16 69 53 20
s 16 70 76 38
s 16 71 99 46
s 16 72 22 11
s 16 73 14 9
s 16 74 57 27
s 16 75 75 30
s 16 76 25 11
s 16 77 13 7
s 16 78 21 13
s 16 79 54 19
s 16 80 30 16
s 16 81 17 12
s 16 82 7 1
s 16 83 58 30
s 16 84 53 25
s 16 85 160 72
s 16 86 183 103
s 16 87 76 34
s 16 88 49 21
s 16 89 6 5
s 16 90 44 21
s 16 91 26 11
s 16 92 6 2
s 16 93 42 25
s 16 94 21 8
s 16 95 13 9
s 16 96 64 35
s 16 97 40 12
s 16 98 39 17
s 16 99 13 9
s 16 100 85 41
s 16 101 78 39
s 16 102 14 6
s 16 103 9 4
s 16 104 14 6
s 16 105 68 23
s 16 106 41 19
s 16 107 33 11
s 16 108 58 25
s 16 109 54 17
s 16 110 31 15
s 16 111 36 15
s 16 112 70 37
s 16 113 7 2
s 16 114 19 6
s 16 119 106 51
s 16 120 34 17
s 16 121 78 28
s 16 123 162 72
s 16 126 22 7
s 16 128 143 64
s 16 129 35 11
s 16 131 84 38
s 16 135 73 27
s 16 136 12 6
s 16 137 19 12
s 16 138 33 12
s 16 145 32 12
s 16 155 39 18
s 17 18 134 81
s 17 19 146 62
s 17 20 167 86
s 17 21 252 139
s 17 22 83 43
s 17 23 29 10
s 17 25 55 32
s 17 26 381 171
s 17 27 160 86
s 17 28 183 89
s 17 29 162 79
s 17 30 172 85
s 17 31 294 152
s 17 32 11 6
s 17 33 63 34
s 17 34 6 5
s 17 35 27 12
s 17 36 168 81
s 17 37 60 31
s 17 38 72 52
s 17 39 7 4
s 17 40 21 6
s 17 41 76 40
s 17 42 73 40
s 17 43 30 9
s 17 44 43 21
s 17 45 14 5
s 17 46 63 29
s 17 47 33 16
s 17 48 218 108
s 17 49 63 33
s 17 50 44 25
s 17 51 164 86
s 17 52 4 1
s 17 53 99 43
s 17 54 377 188
s 17 55 144 68
s 17 56 71 38
s 17 57 12 7
s 17 58 31 19
s 17 59 10 4
s 17 60 277 119
s 17 61 9 2
s 17 62 113 70
s 17 63 33 13
s 17 64 147 72
s 17 65 13 2
s 17 66 13 6
s 17 67 138 71
s 17 68 43 25
s 17 69 189 103
s 17 70 135 60
s 17 71 230 107
s 17 72 37 13
s 17 73 23 11
s 17 74 24 9
s 17 75 135 62
s 17 76 14 5
s 17 77 53 34
s 17 78 41 23
s 17 79 86 37
s 17 80 97 50
s 17 81 23 13
s 17 82 5 3
s 17 83 127 73
s 17 84 137 55
s 17 85 403 198
s 17 86 392 221
s 17 87 211 116
s 17 88 101 57
s 17 89 22 11
s 17 90 174 101
s 17 91 64 33
s 17 92 10 4
s 17 93 87 46
s 17 94 47 20
s 17 95 23 12
s 17 96 222 120
s 17 97 83 42
s 17 98 132 58
s 17 99 47 24
s 17 100 240 126
s 17 101 194 89
s 17 102 28 15
s 17 103 19 8
s 17 104 69 32
s 17 105 168 86
s 17 106 11 9
s 17 107 78 41
s 17 108 289 143
s 17 109 131 68
s 17 110 119 61
s 17 111 76 35
s 17 112 181 99
s 17 113 4 2
s 17 114 28 18
s 17 119 262 140
s 17 120 37 16
s 17 121 200 100
s 17 123 476 234
s 17 126 14 8
s 17 128 302 144
s 17 129 106 46
s 17 131 201 90
s 17 135 367 204
s 17 136 33 16
s 17 137 44 24
s 17 138 45 21
s 17 145 89 42
s 17 155 123 67
s 18 19 52 27
s 18 20 184 86
s 18 21 287 162
s 18 22 149 74
s 18 23 69 36
s 18 25 403 187
s 18 26 462 203
s 18 27 220 105
s 18 28 229 115
s 18 29 221 100
s 18 30 262 129
s 18 31 406 196
s 18 32 18 7
s 18 33 92 60
s 18 34 63 27
s 18 35 85 29
s 18 36 194 101
s 18 37 76 36
s 18 38 89 43
s 18 39 159 86
s 18 40 28 13
s 18 41 1 0
s 18 42 28 14
s 18 43 92 37
s 18 44 1 1
s 18 45 32 16
s 18 46 13 8
s 18 47 133 76
s 18 48 3 3
s 18 49 226 123
s 18 50 89 44
s 18 51 142 83
s 18 52 45 25
s 18 53 59 36
s 18 54 8 5
s 18 55 250 137
s 18 56 12 5
s 18 57 15 3
s 18 58 63 32
s 18 59 41 24
s 18 60 324 159
s 18 61 8 5
s 18 62 194 130
s 18 63 20 9
s 18 64 172 74
s 18 65 40 20
s 18 66 8 2
s 18 67 4 1
s 18 68 62 30
s 18 69 224 121
s 18 70 5 4
s 18 71 297 151
s 18 72 13 6
s 18 73 8 5
s 18 74 354 192
s 18 75 191 91
s 18 76 216 118
s 18 77 62 33
s 18 78 100 60
s 18 79 113 56
s 18 80 8 4
s 18 81 13 7
s 18 82 9 5
s 18 83 70 42
s 18 84 183 102
s 18 85 377 188
s 18 86 590 291
s 18 87 317 158
s 18 88 124 68
s 18 89 1 1
s 18 90 186 114
s 18 91 66 39
s 18 92 27 16
s 18 93 63 36
s 18 95 2 0
s 18 96 256 119
s 18 97 184 88
s 18 98 158 88
s 18 99 49 20
s 18 100 230 115
s 18 101 222 111
s 18 102 36 13
s 18 103 13 7
s 18 104 84 53
s 18 105 272 158
s 18 106 379 196
s 18 107 264 155
s 18 108 330 162
s 18 109 2 2
s 18 110 187 105
s 18 111 129 59
s 18 112 298 173
s 18 113 36 16
s 18 114 30 17
s 18 119 408 221
s 18 120 186 85
s 18 121 228 123
s 18 123 510 257
s 18 126 133 72
s 18 128 405 213
s 18 129 125 62
s 18 131 251 136
s 18 135 432 230
s 18 136 48 27
s 18 137 62 33
s 18 138 5 1
s 18 145 32 16
s 18 155 86 48
s 19 20 161 65
s 19 21 282 140
s 19 22 148 63
s 19 23 60 28
s 19 25 416 207
s 19 26 427 190
s 19 27 177 84
s 19 28 228 112
s 19 29 171 81
s 19 30 220 103
s 19 31 329 157
s 19 32 14 5
s 19 33 97 61
s 19 34 81 39
s 19 35 87 42
s 19 36 224 106
s 19 37 67 29
s 19 38 89 41
s 19 39 127 55
s 19 40 30 18
s 19 41 35 14
s 19 42 35 16
s 19 43 88 34
s 19 44 14 6
s 19 45 37 21
s 19 46 58 17
s 19 47 115 60
s 19 48 90 37
s 19 49 127 68
s 19 50 67 33
s 19 51 184 74
s 19 52 31 18
s 19 53 87 41
s 19 54 147 80
s 19 55 213 104
s 19 56 28 11
s 19 57 20 9
s 19 58 63 31
s 19 59 39 18
s 19 60 259 112
s 19 61 13 8
s 19 62 135 84
s 19 63 35 19
s 19 64 184 73
s 19 65 38 19
s 19 66 6 3
s 19 67 60 29
s 19 68 74 42
s 19 69 228 110
s 19 70 75 31
s 19 71 219 107
s 19 72 30 14
s 19 73 17 4
s 19 74 274 138
s 19 75 171 84
s 19 76 131 62
s 19 77 88 50
s 19 78 79 41
s 19 79 125 57
s 19 80 33 14
s 19 81 7 1
s 19 82 19 10
s 19 83 136 68
s 19 84 175 92
s 19 85 465 239
s 19 86 546 246
s 19 87 248 112
s 19 88 80 38
s 19 89 7 3
s 19 90 212 112
s 19 91 106 47
s 19 92 23 10
s 19 93 86 42
s 19 94 28 12
s 19 95 14 8
s 19 96 265 124
s 19 97 127 62
s 19 98 196 87
s 19 99 66 28
s 19 100 246 112
s 19 101 152 61
s 19 102 30 16
s 19 103 16 8
s 19 104 82 42
s 19 105 262 128
s 19 106 311 157
s 19 107 177 85
s 19 108 362 158
s 19 109 61 20
s 19 110 194 95
s 19 111 117 59
s 19 112 272 140
s 19 113 44 23
s 19 114 47 25
s 19 119 372 204
s 19 120 181 86
s 19 121 192 90
s 19 123 556 253
s 19 126 102 44
s 19 128 481 227
s 19 129 132 60
s 19 131 316 132
s 19 135 414 208
s 19 136 47 19
s 19 137 76 33
s 19 138 53 26
s 19 145 58 31
s 19 155 123 70
s 20 21 319 168
s 20 22 186 78
s 20 23 134 62
s 20 25 577 267
s 20 26 579 236
s 20 27 215 103
s 20 28 469 208
s 20 29 335 164
s 20 30 268 117
s 20 31 381 183
s 20 32 48 28
s 20 33 67 42
s 20 34 125 54
s 20 35 222 104
s 20 36 323 166
s 20 37 71 33
s 20 38 104 45
s 20 39 231 113
s 20 40 46 18
s 20 41 114 49
s 20 42 141 67
s 20 43 129 59
s 20 44 93 51
s 20 45 35 12
s 20 46 121 51
s 20 47 188 97
s 20 48 252 121
s 20 49 209 107
s 20 50 78 37
s 20 51 216 113
s 20 52 50 23
s 20 53 140 59
s 20 54 531 263
s 20 55 188 89
s 20 56 86 36
s 20 57 51 22
s 20 58 34 18
s 20 59 59 24
s 20 60 476 220
s 20 61 18 5
s 20 62 124 73
s 20 63 57 25
s 20 64 241 113
s 20 65 29 16
s 20 66 9 4
s 20 67 182 81
s 20 68 89 34
s 20 69 231 117
s 20 70 231 102
s 20 71 352 167
s 20 72 50 21
s 20 73 58 30
s 20 74 502 250
s 20 75 223 108
s 20 76 245 121
s 20 77 56 26
s 20 78 84 35
s 20 79 113 60
s 20 80 86 44
s 20 81 34 14
s 20 82 30 9
s 20 83 185 103
s 20 84 244 103
s 20 85 645 327
s 20 86 667 338
s 20 87 278 137
s 20 88 140 66
s 20 89 18 6
s 20 90 201 110
s 20 91 103 49
s 20 92 53 27
s 20 93 160 68
s 20 94 68 29
s 20 95 42 19
s 20 96 415 188
s 20 97 239 113
s 20 98 217 98
s 20 99 108 44
s 20 100 415 199
s 20 101 228 118
s 20 102 68 33
s 20 103 13 8
s 20 104 138 72
s 20 105 218 105
s 20 106 427 215
s 20 107 298 131
s 20 108 496 233
s 20 109 137 58
s 20 110 209 109
s 20 111 99 48
s 20 112 168 92
s 20 113 80 45
s 20 114 80 45
s 20 119 236 109
s 20 120 276 133
s 20 121 285 141
s 20 123 459 235
s 20 126 199 97
s 20 128 563 250
s 20 129 195 106
s 20 131 232 119
s 20 135 614 317
s 20 136 90 43
s 20 137 117 68
s 20 138 79 37
s 20 145 118 58
s 20 155 100 49
s 21 22 223 125
s 21 23 139 71
s 21 25 568 305
s 21 26 763 342
s 21 27 367 176
s 21 28 468 241
s 21 29 411 196
s 21 30 387 194
s 21 31 610 315
s 21 32 45 23
s 21 33 121 67
s 21 34 98 51
s 21 35 142 71
s 21 36 463 235
s 21 37 119 55
s 21 38 139 67
s 21 39 243 126
s 21 40 57 28
s 21 41 119 55
s 21 42 127 70
s 21 43 139 63
s 21 44 71 35
s 21 45 46 26
s 21 46 116 53
s 21 47 200 96
s 21 48 322 179
s 21 49 386 222
s 21 50 104 50
s 21 51 380 215
s 21 52 72 39
s 21 53 217 117
s 21 54 719 396
s 21 55 290 167
s 21 56 87 47
s 21 57 62 37
s 21 58 77 43
s 21 59 94 37
s 21 60 580 322
s 21 61 26 10
s 21 62 225 152
s 21 63 67 29
s 21 64 318 167
s 21 65 61 31
s 21 66 14 7
s 21 67 225 109
s 21 68 91 41
s 21 69 400 201
s 21 70 236 114
s 21 71 520 307
s 21 72 66 34
s 21 73 51 33
s 21 74 480 251
s 21 75 298 152
s 21 76 289 165
s 21 77 90 48
s 21 78 151 79
s 21 79 161 76
s 21 80 159 93
s 21 81 49 23
s 21 82 29 18
s 21 83 321 186
s 21 84 404 190
s 21 85 943 484
s 21 86 779 407
s 21 87 463 221
s 21 88 193 118
s 21 89 19 9
s 21 90 253 166
s 21 91 144 82
s 21 92 48 27
s 21 93 233 125
s 21 94 64 28
s 21 95 39 17
s 21 96 573 312
s 21 97 218 101
s 21 98 366 180
s 21 99 109 58
s 21 100 791 418
s 21 101 312 150
s 21 102 73 42
s 21 103 41 23
s 21 104 170 89
s 21 105 351 182
s 21 106 602 337
s 21 107 443 259
s 21 108 653 286
s 21 109 192 105
s 21 110 294 160
s 21 111 173 92
s 21 112 402 243
s 21 113 47 23
s 21 114 104 48
s 21 119 471 263
s 21 120 343 184
s 21 121 301 143
s 21 123 711 351
s 21 126 252 125
s 21 128 689 345
s 21 129 222 109
s 21 131 380 204
s 21 135 754 396
s 21 136 116 68
s 21 137 153 73
s 21 138 71 38
s 21 145 160 84
s 21 155 201 118
s 22 23 47 21
s 22 25 223 124
s 22 26 381 172
s 22 27 184 81
s 22 28 217 100
s 22 29 220 116
s 22 30 172 76
s 22 31 261 137
s 22 32 30 19
s 22 33 38 23
s 22 34 27 12
s 22 35 90 44
s 22 36 205 101
s 22 37 68 31
s 22 38 55 27
s 22 39 88 39
s 22 40 27 16
s 22 41 121 69
s 22 42 91 45
s 22 43 57 23
s 22 44 60 27
s 22 45 11 5
s 22 46 85 41
s 22 47 73 33
s 22 48 224 105
s 22 49 73 45
s 22 50 37 22
s 22 51 156 75
s 22 52 32 14
s 22 53 88 43
s 22 54 380 185
s 22 55 66 26
s 22 56 62 33
s 22 57 26 10
s 22 58 32 15
s 22 59 40 21
s 22 60 314 149
s 22 61 14 4
s 22 62 48 27
s 22 63 47 21
s 22 64 137 54
s 22 65 16 5
s 22 66 9 1
s 22 67 228 121
s 22 68 40 14
s 22 69 187 90
s 22 70 162 74
s 22 71 230 117
s 22 72 36 8
s 22 73 39 15
s 22 74 150 67
s 22 75 126 49
s 22 76 53 21
s 22 77 44 27
s 22 78 76 42
s 22 79 57 27
s 22 80 80 41
s 22 81 31 19
s 22 82 14 5
s 22 83 156 95
s 22 84 183 80
s 22 85 334 166
s 22 86 298 147
s 22 87 175 85
s 22 88 81 39
s 22 89 14 4
s 22 90 90 48
s 22 91 56 16
s 22 92 20 12
s 22 93 144 75
s 22 94 57 21
s 22 95 24 11
s 22 96 276 141
s 22 97 128 47
s 22 98 136 65
s 22 99 70 31
s 22 100 256 138
s 22 101 105 53
s 22 102 31 15
s 22 103 11 3
s 22 104 116 63
s 22 105 114 49
s 22 106 167 88
s 22 107 122 61
s 22 108 277 117
s 22 109 98 41
s 22 110 96 46
s 22 111 63 30
s 22 112 100 53
s 22 113 31 14
s 22 114 64 35
s 22 119 121 60
s 22 120 92 42
s 22 121 118 57
s 22 123 199 83
s 22 126 94 45
s 22 128 281 130
s 22 129 111 51
s 22 131 142 73
s 22 135 332 176
s 22 136 45 21
s 22 137 78 31
s 22 138 63 24
s 22 145 69 42
s 22 155 72 49
s 23 25 121 60
s 23 26 229 117
s 23 27 124 64
s 23 28 67 29
s 23 29 46 20
s 23 30 118 63
s 23 31 182 89
s 23 32 9 3
s 23 33 19 7
s 23 34 17 5
s 23 35 50 24
s 23 36 80 37
s 23 37 37 19
s 23 38 24 8
s 23 39 41 17
s 23 40 17 9
s 23 41 42 20
s 23 42 36 16
s 23 43 24 14
s 23 44 29 14
s 23 45 19 8
s 23 46 47 22
s 23 47 41 22
s 23 48 144 65
s 23 49 49 29
s 23 50 27 15
s 23 51 80 36
s 23 52 10 7
s 23 53 53 26
s 23 54 171 91
s 23 55 46 26
s 23 56 41 20
s 23 57 10 6
s 23 58 23 15
s 23 59 4 1
s 23 60 63 37
s 23 61 5 3
s 23 62 49 36
s 23 63 29 16
s 23 64 92 40
s 23 65 14 8
s 23 66 7 1
s 23 67 76 38
s 23 68 42 18
s 23 69 59 34
s 23 70 78 29
s 23 71 122 60
s 23 72 32 14
s 23 73 16 4
s 23 74 97 54
s 23 75 63 18
s 23 76 44 29
s 23 77 8 5
s 23 78 25 10
s 23 79 79 33
s 23 80 30 14
s 23 81 10 3
s 23 82 4 3
s 23 83 86 51
s 23 84 113 54
s 23 85 163 80
s 23 86 244 113
s 23 87 113 52
s 23 88 32 17
s 23 89 10 4
s 23 90 53 36
s 23 91 34 19
s 23 92 10 8
s 23 93 46 29
s 23 94 29 12
s 23 95 11 6
s 23 96 60 27
s 23 97 56 26
s 23 98 34 11
s 23 99 18 7
s 23 100 122 57
s 23 101 70 29
s 23 102 17 9
s 23 103 8 4
s 23 104 16 6
s 23 105 72 32
s 23 106 61 28
s 23 107 69 41
s 23 108 86 47
s 23 109 70 36
s 23 110 67 38
s 23 111 47 19
s 23 112 106 54
s 23 113 24 14
s 23 114 26 10
s 23 119 119 62
s 23 120 43 19
s 23 121 96 46
s 23 123 208 110
s 23 126 37 20
s 23 128 190 84
s 23 129 41 16
s 23 131 101 53
s 23 135 114 63
s 23 136 28 13
s 23 137 21 8
s 23 138 32 17
s 23 145 36 18
s 23 155 35 22
s 25 26 1125 521
s 25 27 527 256
s 25 28 521 257
s 25 29 536 283
s 25 30 503 241
s 25 31 813 373
s 25 32 40 15
s 25 33 164 102
s 25 34 20 10
s 25 35 77 34
s 25 36 405 213
s 25 37 162 78
s 25 38 192 107
s 25 39 74 33
s 25 40 64 31
s 25 41 258 132
s 25 42 195 112
s 25 43 94 37
s 25 44 169 86
s 25 45 65 30
s 25 46 195 91
s 25 47 127 66
s 25 48 583 274
s 25 49 207 110
s 25 50 146 76
s 25 51 472 248
s 25 52 22 12
s 25 53 224 118
s 25 54 966 523
s 25 55 415 201
s 25 56 132 72
s 25 57 56 29
s 25 58 110 62
s 25 59 54 24
s 25 60 763 393
s 25 61 28 10
s 25 62 291 186
s 25 63 88 49
s 25 64 417 195
s 25 65 67 34
s 25 66 27 16
s 25 67 449 229
s 25 68 137 67
s 25 69 483 246
s 25 70 373 171
s 25 71 716 364
s 25 72 90 30
s 25 73 69 35
s 25 74 149 76
s 25 75 390 182
s 25 76 48 24
s 25 77 94 63
s 25 78 165 78
s 25 79 262 112
s 25 80 195 84
s 25 81 71 34
s 25 82 31 11
s 25 83 449 259
s 25 84 468 224
s 25 85 1184 583
s 25 86 1156 618
s 25 87 607 304
s 25 88 256 134
s 25 89 47 30
s 25 90 174 104
s 25 91 137 78
s 25 92 47 22
s 25 93 271 152
s 25 94 126 63
s 25 95 81 40
s 25 96 898 445
s 25 97 268 133
s 25 98 390 184
s 25 99 145 60
s 25 100 939 495
s 25 101 418 197
s 25 102 106 40
s 25 103 29 17
s 25 104 242 127
s 25 105 445 219
s 25 106 149 76
s 25 107 255 127
s 25 108 936 434
s 25 109 287 137
s 25 110 319 184
s 25 111 248 112
s 25 112 540 284
s 25 113 26 14
s 25 114 111 47
s 25 119 726 353
s 25 120 163 70
s 25 121 625 301
s 25 123 1145 540
s 25 126 98 53
s 25 128 690 338
s 25 129 324 143
s 25 131 603 309
s 25 135 855 427
s 25 136 111 50
s 25 137 159 87
s 25 138 121 54
s 25 145 226 121
s 25 155 189 101
s 26 27 231 103
s 26 28 801 371
s 26 29 748 321
s 26 30 335 146
s 26 31 534 243
s 26 32 88 40
s 26 33 138 85
s 26 34 212 94
s 26 35 372 146
s 26 36 767 357
s 26 37 121 58
s 26 38 239 114
s 26 39 464 208
s 26 40 92 36
s 26 41 299 125
s 26 42 283 134
s 26 43 250 99
s 26 44 220 92
s 26 45 66 31
s 26 46 305 137
s 26 47 373 157
s 26 48 719 364
s 26 49 410 193
s 26 50 142 59
s 26 51 248 112
s 26 52 135 62
s 26 53 347 161
s 26 54 1516 698
s 26 55 357 171
s 26 56 217 101
s 26 57 78 31
s 26 58 72 32
s 26 59 125 45
s 26 60 934 420
s 26 61 54 28
s 26 62 187 97
s 26 63 171 77
s 26 64 330 140
s 26 65 71 30
s 26 66 23 8
s 26 67 520 233
s 26 68 135 63
s 26 69 521 235
s 26 70 636 273
s 26 71 541 239
s 26 72 131 50
s 26 73 106 55
s 26 74 1010 487
s 26 75 396 181
s 26 76 497 236
s 26 77 108 59
s 26 78 199 115
s 26 79 201 93
s 26 80 282 148
s 26 81 102 41
s 26 82 67 22
s 26 83 269 128
s 26 84 465 216
s 26 85 1202 596
s 26 86 992 470
s 26 87 407 183
s 26 88 221 110
s 26 89 58 26
s 26 90 339 177
s 26 91 208 91
s 26 92 73 33
s 26 93 451 209
s 26 94 198 81
s 26 95 122 54
s 26 96 828 373
s 26 97 451 186
s 26 98 585 251
s 26 99 253 118
s 26 100 626 267
s 26 101 405 188
s 26 102 143 67
s 26 103 36 19
s 26 104 360 153
s 26 105 317 135
s 26 106 821 416
s 26 107 481 225
s 26 108 1007 440
s 26 109 436 223
s 26 110 461 217
s 26 111 214 93
s 26 112 378 175
s 26 113 136 57
s 26 114 211 101
s 26 119 319 146
s 26 120 474 207
s 26 121 461 206
s 26 123 573 239
s 26 126 436 199
s 26 128 991 437
s 26 129 517 215
s 26 131 393 180
s 26 135 1308 628
s 26 136 144 78
s 26 137 206 102
s 26 138 205 87
s 26 145 335 159
s 26 155 227 114
s 27 28 321 154
s 27 29 304 130
s 27 30 144 67
s 27 31 199 93
s 27 32 39 20
s 27 33 59 36
s 27 34 135 72
s 27 35 196 85
s 27 36 365 185
s 27 37 60 26
s 27 38 104 54
s 27 39 236 96
s 27 40 33 6
s 27 41 144 67
s 27 42 170 82
s 27 43 150 68
s 27 44 123 58
s 27 45 43 22
s 27 46 126 61
s 27 47 171 79
s 27 48 311 152
s 27 49 168 87
s 27 50 49 25
s 27 51 86 40
s 27 52 68 24
s 27 53 157 70
s 27 54 609 294
s 27 55 150 88
s 27 56 103 45
s 27 57 28 15
s 27 58 25 9
s 27 59 68 30
s 27 60 457 198
s 27 61 21 12
s 27 62 70 44
s 27 63 63 31
s 27 64 115 56
s 27 65 30 18
s 27 66 8 6
s 27 67 266 129
s 27 68 81 38
s 27 69 237 111
s 27 70 395 155
s 27 71 316 154
s 27 72 56 18
s 27 73 40 15
s 27 74 527 283
s 27 75 153 50
s 27 76 239 105
s 27 77 49 30
s 27 78 108 51
s 27 79 73 32
s 27 80 99 59
s 27 81 56 25
s 27 82 27 11
s 27 83 65 40
s 27 84 156 64
s 27 85 454 223
s 27 86 500 246
s 27 87 158 72
s 27 88 112 51
s 27 89 16 9
s 27 90 165 81
s 27 91 76 36
s 27 92 42 21
s 27 93 216 110
s 27 94 78 26
s 27 95 56 23
s 27 96 339 154
s 27 97 226 99
s 27 98 247 104
s 27 99 110 41
s 27 100 216 91
s 27 101 239 124
s 27 102 54 25
s 27 103 12 6
s 27 104 165 80
s 27 105 148 79
s 27 106 336 166
s 27 107 221 119
s 27 108 503 240
s 27 109 170 88
s 27 110 199 92
s 27 111 69 36
s 27 112 112 60
s 27 113 52 26
s 27 114 117 56
s 27 119 164 73
s 27 120 175 94
s 27 121 141 63
s 27 123 279 134
s 27 126 216 107
s 27 128 491 243
s 27 129 235 97
s 27 131 135 66
s 27 135 583 302
s 27 136 58 24
s 27 137 106 53
s 27 138 88 44
s 27 145 130 56
s 27 155 62 37
s 28 29 66 39
s 28 30 340 173
s 28 31 563 315
s 28 32 44 27
s 28 33 40 21
s 28 34 80 39
s 28 35 169 88
s 28 36 253 126
s 28 37 86 45
s 28 38 47 23
s 28 39 220 105
s 28 40 43 22
s 28 41 125 63
s 28 42 82 44
s 28 43 110 53
s 28 44 121 59
s 28 45 43 24
s 28 46 225 111
s 28 47 118 59
s 28 48 352 177
s 28 49 167 83
s 28 50 105 64
s 28 51 239 117
s 28 52 61 32
s 28 53 214 105
s 28 54 806 421
s 28 55 78 43
s 28 56 175 85
s 28 57 28 14
s 28 58 50 26
s 28 59 56 17
s 28 60 96 49
s 28 61 19 10
s 28 62 150 75
s 28 63 106 44
s 28 64 291 140
s 28 65 26 14
s 28 66 14 8
s 28 67 227 122
s 28 68 84 43
s 28 69 104 61
s 28 70 246 122
s 28 71 312 168
s 28 72 78 32
s 28 73 47 28
s 28 74 406 223
s 28 75 228 108
s 28 76 205 101
s 28 77 31 16
s 28 78 38 26
s 28 79 205 92
s 28 80 149 84
s 28 81 16 5
s 28 82 27 16
s 28 83 277 165
s 28 84 361 169
s 28 85 718 367
s 28 86 887 469
s 28 87 476 237
s 28 88 99 55
s 28 89 19 10
s 28 90 209 122
s 28 91 135 80
s 28 92 33 13
s 28 93 189 97
s 28 94 88 38
s 28 95 30 14
s 28 96 114 57
s 28 97 98 47
s 28 98 102 49
s 28 99 24 8
s 28 100 603 311
s 28 101 260 145
s 28 102 52 27
s 28 103 24 12
s 28 104 31 12
s 28 105 316 172
s 28 106 400 211
s 28 107 233 128
s 28 108 161 78
s 28 109 192 95
s 28 110 244 112
s 28 111 142 70
s 28 112 394 208
s 28 113 57 25
s 28 114 85 48
s 28 119 489 244
s 28 120 271 140
s 28 121 393 205
s 28 123 839 402
s 28 126 158 75
s 28 128 662 327
s 28 129 66 27
s 28 131 383 201
s 28 135 195 94
s 28 136 90 48
s 28 137 44 27
s 28 138 96 48
s 28 145 202 105
s 28 155 78 38
s 29 30 332 154
s 29 31 486 213
s 29 32 40 15
s 29 33 21 15
s 29 34 85 43
s 29 35 160 66
s 29 36 239 113
s 29 37 108 48
s 29 38 26 12
s 29 39 177 83
s 29 40 34 15
s 29 41 117 52
s 29 42 79 34
s 29 43 95 44
s 29 44 72 31
s 29 45 35 19
s 29 46 110 53
s 29 47 124 55
s 29 48 344 159
s 29 49 145 81
s 29 50 109 44
s 29 51 209 114
s 29 52 53 29
s 29 53 153 70
s 29 54 593 305
s 29 55 6 1
s 29 56 92 44
s 29 57 29 15
s 29 58 56 35
s 29 59 46 20
s 29 60 21 11
s 29 61 17 7
s 29 62 149 78
s 29 63 77 29
s 29 64 222 115
s 29 65 30 13
s 29 66 7 4
s 29 67 240 115
s 29 68 82 28
s 29 69 20 5
s 29 70 203 89
s 29 71 270 134
s 29 72 56 27
s 29 73 54 29
s 29 74 699 350
s 29 75 229 109
s 29 76 206 93
s 29 77 7 3
s 29 78 11 7
s 29 79 142 55
s 29 80 108 47
s 29 81 22 8
s 29 82 31 14
s 29 83 197 111
s 29 84 253 140
s 29 85 503 238
s 29 86 739 393
s 29 87 322 158
s 29 88 117 65
s 29 89 29 17
s 29 90 208 111
s 29 91 109 56
s 29 92 20 13
s 29 93 169 89
s 29 94 69 34
s 29 95 47 25
s 29 96 7 4
s 29 97 49 20
s 29 98 37 14
s 29 99 14 5
s 29 100 386 185
s 29 101 209 97
s 29 102 56 34
s 29 103 18 8
s 29 104 11 6
s 29 105 241 122
s 29 106 346 184
s 29 107 188 94
s 29 108 6 5
s 29 109 180 88
s 29 110 222 117
s 29 111 130 68
s 29 112 202 115
s 29 113 55 22
s 29 114 92 42
s 29 119 373 182
s 29 120 173 82
s 29 121 235 108
s 29 123 665 329
s 29 126 154 76
s 29 128 619 303
s 29 129 9 3
s 29 131 336 145
s 29 135 43 21
s 29 136 66 32
s 29 137 31 21
s 29 138 115 49
s 29 145 131 64
s 29 155 56 32
s 30 31 156 69
s 30 32 45 22
s 30 33 76 41
s 30 34 94 45
s 30 35 182 81
s 30 36 358 159
s 30 37 43 15
s 30 38 78 43
s 30 39 241 109
s 30 40 21 10
s 30 41 137 63
s 30 42 178 85
s 30 43 126 53
s 30 44 131 50
s 30 45 26 11
s 30 46 83 34
s 30 47 180 76
s 30 48 325 151
s 30 49 218 118
s 30 50 42 26
s 30 51 121 62
s 30 52 55 27
s 30 53 136 59
s 30 54 645 334
s 30 55 191 109
s 30 56 87 35
s 30 57 27 13
s 30 58 33 19
s 30 59 65 33
s 30 60 368 177
s 30 61 21 12
s 30 62 121 68
s 30 63 70 39
s 30 64 103 36
s 30 65 31 16
s 30 66 3 1
s 30 67 328 154
s 30 68 43 20
s 30 69 270 124
s 30 70 255 94
s 30 71 313 162
s 30 72 42 20
s 30 73 56 32
s 30 74 467 216
s 30 75 107 31
s 30 76 251 128
s 30 77 49 29
s 30 78 132 71
s 30 79 78 39
s 30 80 128 63
s 30 81 63 31
s 30 82 21 8
s 30 83 34 16
s 30 84 128 48
s 30 85 312 145
s 30 86 544 258
s 30 87 107 44
s 30 88 127 75
s 30 89 29 17
s 30 90 167 90
s 30 91 82 39
s 30 92 22 12
s 30 93 217 99
s 30 94 75 28
s 30 95 44 22
s 30 96 375 165
s 30 97 187 76
s 30 98 191 81
s 30 99 111 47
s 30 100 191 100
s 30 101 206 94
s 30 102 44 18
s 30 103 12 3
s 30 104 147 65
s 30 105 164 84
s 30 106 409 207
s 30 107 281 150
s 30 108 419 180
s 30 109 164 86
s 30 110 171 83
s 30 111 62 24
s 30 112 87 42
s 30 113 69 29
s 30 114 92 45
s 30 119 276 127
s 30 120 213 98
s 30 121 160 64
s 30 123 395 191
s 30 126 179 86
s 30 128 433 194
s 30 129 179 80
s 30 131 132 67
s 30 135 449 221
s 30 136 70 34
s 30 137 126 59
s 30 138 88 45
s 30 145 196 95
s 30 155 104 54
s 31 32 92 42
s 31 33 107 54
s 31 34 150 74
s 31 35 258 116
s 31 36 541 282
s 31 37 38 11
s 31 38 149 76
s 31 39 371 171
s 31 40 22 12
s 31 41 263 123
s 31 42 270 133
s 31 43 230 114
s 31 44 185 92
s 31 45 38 18
s 31 46 180 76
s 31 47 246 124
s 31 48 541 263
s 31 49 350 195
s 31 50 36 18
s 31 51 161 80
s 31 52 101 56
s 31 53 201 88
s 31 54 1114 564
s 31 55 349 197
s 31 56 124 64
s 31 57 35 13
s 31 58 43 24
s 31 59 86 41
s 31 60 734 383
s 31 61 28 18
s 31 62 222 133
s 31 63 111 53
s 31 64 137 68
s 31 65 57 32
s 31 66 11 2
s 31 67 481 248
s 31 68 53 15
s 31 69 434 219
s 31 70 479 213
s 31 71 495 267
s 31 72 66 30
s 31 73 71 39
s 31 74 637 319
s 31 75 160 75
s 31 76 367 189
s 31 77 79 36
s 31 78 146 73
s 31 79 114 50
s 31 80 207 113
s 31 81 86 39
s 31 82 43 22
s 31 83 88 48
s 31 84 169 85
s 31 85 476 238
s 31 86 844 425
s 31 87 133 65
s 31 88 181 92
s 31 89 30 15
s 31 90 272 152
s 31 91 106 52
s 31 92 53 28
s 31 93 331 187
s 31 94 125 59
s 31 95 88 41
s 31 96 621 322
s 31 97 324 170
s 31 98 333 158
s 31 99 132 51
s 31 100 332 165
s 31 101 316 143
s 31 102 68 36
s 31 103 13 7
s 31 104 233 122
s 31 105 228 110
s 31 106 632 328
s 31 107 402 207
s 31 108 687 308
s 31 109 260 121
s 31 110 247 117
s 31 111 59 29
s 31 112 113 61
s 31 113 86 41
s 31 114 137 63
s 31 119 376 197
s 31 120 341 157
s 31 121 872 456
s 31 123 636 298
s 31 126 324 164
s 31 128 637 301
s 31 129 310 150
s 31 131 207 104
s 31 135 867 433
s 31 136 114 55
s 31 137 230 119
s 31 138 100 36
s 31 145 206 104
s 31 155 109 64
s 32 33 14 8
s 32 34 6 3
s 32 35 22 6
s 32 36 40 21
s 32 37 13 5
s 32 38 12 5
s 32 39 27 12
s 32 40 10 4
s 32 41 3 1
s 32 42 20 12
s 32 43 14 7
s 32 44 5 2
s 32 45 4 2
s 32 46 7 4
s 32 47 24 9
s 32 48 20 16
s 32 49 24 13
s 32 50 9 5
s 32 51 25 13
s 32 52 8 3
s 32 53 19 7
s 32 54 46 26
s 32 55 46 25
s 32 56 5 2
s 32 57 4 3
s 32 58 9 2
s 32 59 5 2
s 32 60 38 22
s 32 61 3 1
s 32 62 17 8
s 32 63 4 3
s 32 64 29 14
s 32 65 4 3
s 32 66 4 2
s 32 67 19 14
s 32 68 14 5
s 32 69 28 12
s 32 70 22 12
s 32 71 50 23
s 32 72 5 1
s 32 73 5 3
s 32 74 37 14
s 32 75 35 17
s 32 76 14 8
s 32 77 4 3
s 32 78 18 11
s 32 79 16 7
s 32 80 7 4
s 32 81 5 2
s 32 82 4 2
s 32 83 24 9
s 32 84 38 17
s 32 85 78 34
s 32 86 78 33
s 32 87 50 30
s 32 88 11 5
s 32 89 5 3
s 32 90 17 10
s 32 91 6 4
s 32 92 2 1
s 32 93 16 8
s 32 94 10 6
s 32 95 6 2
s 32 96 45 23
s 32 97 24 11
s 32 98 23 6
s 32 99 8 1
s 32 100 44 23
s 32 101 41 18
s 32 102 6 2
s 32 103 4 1
s 32 104 20 10
s 32 105 26 11
s 32 106 24 14
s 32 107 24 11
s 32 108 66 28
s 32 109 13 7
s 32 110 33 17
s 32 111 19 5
s 32 112 26 13
s 32 113 6 2
s 32 114 10 4
s 32 119 48 24
s 32 120 17 6
s 32 121 33 17
s 32 123 72 36
s 32 126 12 6
s 32 128 51 22
s 32 129 19 9
s 32 131 28 17
s 32 135 56 29
s 32 136 9 6
s 32 137 19 9
s 32 138 6 2
s 32 145 15 8
s 32 155 7 5
s 33 34 20 10
s 33 35 33 20
s 33 36 87 60
s 33 37 24 15
s 33 38 16 5
s 33 39 40 23
s 33 40 11 8
s 33 41 22 15
s 33 42 27 17
s 33 43 26 14
s 33 44 20 14
s 33 45 14 11
s 33 46 39 24
s 33 47 37 18
s 33 48 107 61
s 33 49 97 67
s 33 50 37 27
s 33 51 114 66
s 33 52 11 7
s 33 53 87 61
s 33 54 191 113
s 33 55 13 8
s 33 56 40 26
s 33 57 12 5
s 33 58 28 14
s 33 59 17 9
s 33 60 32 12
s 33 61 12 7
s 33 62 112 81
s 33 63 16 8
s 33 64 62 29
s 33 65 9 6
s 33 66 9 6
s 33 67 55 29
s 33 68 20 10
s 33 69 32 21
s 33 70 68 34
s 33 71 170 107
s 33 72 25 14
s 33 73 19 12
s 33 74 120 63
s 33 75 51 26
s 33 76 76 49
s 33 77 12 8
s 33 78 2 1
s 33 79 24 12
s 33 80 53 33
s 33 81 9 3
s 33 82 11 5
s 33 83 86 58
s 33 84 82 54
s 33 85 156 100
s 33 86 205 130
s 33 87 91 53
s 33 88 70 44
s 33 89 10 2
s 33 90 63 30
s 33 91 50 27
s 33 92 8 5
s 33 93 62 37
s 33 94 18 10
s 33 95 8 5
s 33 96 30 20
s 33 97 36 23
s 33 98 26 12
s 33 99 10 4
s 33 100 186 102
s 33 101 41 22
s 33 102 12 8
s 33 103 9 5
s 33 104 9 4
s 33 105 81 53
s 33 106 143 89
s 33 107 143 87
s 33 108 31 19
s 33 109 57 38
s 33 110 51 25
s 33 111 42 31
s 33 112 126 74
s 33 113 13 8
s 33 114 24 13
s 33 119 140 95
s 33 120 93 55
s 33 121 58 33
s 33 123 168 97
s 33 126 56 28
s 33 128 134 68
s 33 129 12 3
s 33 131 112 60
s 33 135 37 25
s 33 136 32 20
s 33 137 17 13
s 33 138 33 19
s 33 145 67 46
s 33 155 30 17
s 34 35 12 3
s 34 36 49 20
s 34 37 28 18
s 34 38 24 10
s 34 39 1 0
s 34 40 15 1
s 34 41 45 18
s 34 42 35 20
s 34 43 9 2
s 34 44 39 20
s 34 45 7 4
s 34 46 36 17
s 34 47 21 11
s 34 48 87 40
s 34 49 35 20
s 34 50 39 21
s 34 51 64 31
s 34 52 2 2
s 34 53 41 22
s 34 54 193 109
s 34 55 88 50
s 34 56 18 11
s 34 57 19 11
s 34 58 18 10
s 34 59 8 0
s 34 60 173 92
s 34 61 6 1
s 34 62 57 35
s 34 63 32 16
s 34 64 63 37
s 34 65 9 6
s 34 66 6 1
s 34 67 76 34
s 34 68 23 8
s 34 69 70 34
s 34 70 85 39
s 34 71 145 77
s 34 72 11 6
s 34 73 23 13
s 34 74 20 10
s 34 75 74 37
s 34 76 9 5
s 34 77 21 12
s 34 78 39 23
s 34 79 71 41
s 34 80 31 14
s 34 81 17 9
s 34 82 8 1
s 34 83 74 41
s 34 84 78 39
s 34 85 215 104
s 34 86 168 95
s 34 87 110 45
s 34 88 36 18
s 34 89 5 3
s 34 90 30 9
s 34 91 21 8
s 34 92 12 6
s 34 93 54 30
s 34 94 25 14
s 34 95 12 6
s 34 96 137 57
s 34 97 60 24
s 34 98 51 24
s 34 99 34 15
s 34 100 148 71
s 34 101 72 32
s 34 102 24 11
s 34 103 9 4
s 34 104 59 27
s 34 105 87 45
s 34 106 5 4
s 34 107 41 17
s 34 108 147 69
s 34 109 51 25
s 34 110 64 32
s 34 111 51 26
s 34 112 79 38
s 34 113 7 1
s 34 114 18 12
s 34 119 87 42
s 34 120 16 7
s 34 121 136 74
s 34 123 186 85
s 34 126 8 4
s 34 128 128 58
s 34 129 73 32
s 34 131 98 45
s 34 135 159 84
s 34 136 18 8
s 34 137 28 22
s 34 138 37 14
s 34 145 50 24
s 34 155 31 21
s 35 36 146 68
s 35 37 68 29
s 35 38 54 27
s 35 39 34 19
s 35 40 28 16
s 35 41 86 49
s 35 42 95 38
s 35 43 36 7
s 35 44 40 11
s 35 45 24 8
s 35 46 52 21
s 35 47 30 14
s 35 48 131 51
s 35 49 83 43
s 35 50 55 24
s 35 51 120 59
s 35 52 10 4
s 35 53 38 17
s 35 54 317 161
s 35 55 88 41
s 35 56 25 10
s 35 57 20 12
s 35 58 16 9
s 35 59 13 6
s 35 60 207 93
s 35 61 3 2
s 35 62 69 38
s 35 63 37 18
s 35 64 155 61
s 35 65 17 11
s 35 66 5 1
s 35 67 111 53
s 35 68 59 21
s 35 69 138 72
s 35 70 126 59
s 35 71 229 110
s 35 72 35 13
s 35 73 23 14
s 35 74 101 49
s 35 75 142 64
s 35 76 31 13
s 35 77 23 10
s 35 78 42 20
s 35 79 64 36
s 35 80 48 22
s 35 81 22 8
s 35 82 10 6
s 35 83 93 36
s 35 84 184 81
s 35 85 314 161
s 35 86 332 176
s 35 87 191 94
s 35 88 63 29
s 35 89 11 5
s 35 90 43 27
s 35 91 60 26
s 35 92 10 8
s 35 93 101 49
s 35 94 30 9
s 35 95 30 13
s 35 96 237 116
s 35 97 102 39
s 35 98 70 34
s 35 99 60 26
s 35 100 211 94
s 35 101 139 67
s 35 102 47 21
s 35 103 10 4
s 35 104 77 32
s 35 105 117 58
s 35 106 55 29
s 35 107 77 40
s 35 108 268 117
s 35 109 71 27
s 35 110 103 50
s 35 111 66 30
s 35 112 126 61
s 35 113 10 2
s 35 114 40 21
s 35 119 139 62
s 35 120 39 14
s 35 121 166 83
s 35 123 255 114
s 35 126 29 16
s 35 128 227 99
s 35 129 118 49
s 35 131 134 68
s 35 135 268 128
s 35 136 32 15
s 35 137 35 17
s 35 138 33 17
s 35 145 52 29
s 35 155 30 18
s 36 37 116 56
s 36 38 118 68
s 36 39 137 68
s 36 40 50 24
s 36 41 130 63
s 36 42 89 42
s 36 43 83 33
s 36 44 68 35
s 36 45 33 21
s 36 46 78 39
s 36 47 128 59
s 36 48 263 128
s 36 49 202 115
s 36 50 98 58
s 36 51 339 182
s 36 52 47 21
s 36 53 186 98
s 36 54 447 214
s 36 55 206 112
s 36 56 81 41
s 36 57 41 30
s 36 58 69 34
s 36 59 52 26
s 36 60 371 206
s 36 61 23 14
s 36 62 214 135
s 36 63 81 43
s 36 64 272 115
s 36 65 46 25
s 36 66 18 9
s 36 67 161 82
s 36 68 100 46
s 36 69 277 127
s 36 70 184 94
s 36 71 554 298
s 36 72 52 23
s 36 73 39 20
s 36 74 274 155
s 36 75 239 104
s 36 76 135 76
s 36 77 57 34
s 36 78 107 48
s 36 79 166 84
s 36 80 124 66
s 36 81 65 37
s 36 82 24 15
s 36 83 303 174
s 36 84 332 156
s 36 85 661 315
s 36 86 766 432
s 36 87 392 203
s 36 88 197 118
s 36 89 20 10
s 36 90 169 101
s 36 91 126 59
s 36 92 26 13
s 36 93 215 117
s 36 94 51 23
s 36 95 36 16
s 36 96 401 210
s 36 97 170 81
s 36 98 163 73
s 36 99 70 27
s 36 100 513 285
s 36 101 286 145
s 36 102 66 34
s 36 103 27 16
s 36 104 122 64
s 36 105 288 135
s 36 106 355 201
s 36 107 292 169
s 36 108 414 184
s 36 109 144 70
s 36 110 213 105
s 36 111 159 65
s 36 112 311 178
s 36 113 40 23
s 36 114 87 37
s 36 119 467 238
s 36 120 188 94
s 36 121 318 160
s 36 123 731 364
s 36 126 140 63
s 36 128 638 307
s 36 129 170 83
s 36 131 359 184
s 36 135 537 281
s 36 136 95 53
s 36 137 126 73
s 36 138 49 22
s 36 145 125 73
s 36 155 163 89
s 37 38 31 13
s 37 39 74 20
s 37 40 4 2
s 37 41 46 20
s 37 42 44 17
s 37 43 29 9
s 37 44 32 12
s 37 45 8 5
s 37 46 36 15
s 37 47 55 23
s 37 48 123 58
s 37 49 71 35
s 37 50 11 4
s 37 51 14 5
s 37 52 17 7
s 37 53 70 34
s 37 54 178 88
s 37 55 53 25
s 37 56 23 9
s 37 57 9 3
s 37 58 7 2
s 37 59 15 6
s 37 60 112 44
s 37 61 6 3
s 37 62 33 16
s 37 63 22 12
s 37 64 36 10
s 37 65 18 6
s 37 66 6 1
s 37 67 110 50
s 37 68 7 2
s 37 69 61 28
s 37 70 80 44
s 37 71 107 55
s 37 72 22 11
s 37 73 24 12
s 37 74 107 50
s 37 75 33 14
s 37 76 57 30
s 37 77 17 11
s 37 78 35 16
s 37 79 21 6
s 37 80 25 12
s 37 81 11 3
s 37 82 7 2
s 37 83 18 11
s 37 84 44 18
s 37 85 81 31
s 37 86 165 80
s 37 87 29 11
s 37 88 35 18
s 37 89 13 5
s 37 90 56 29
s 37 91 21 11
s 37 92 11 8
s 37 93 59 34
s 37 94 17 7
s 37 95 23 14
s 37 96 122 50
s 37 97 55 26
s 37 98 49 16
s 37 99 25 9
s 37 100 63 31
s 37 101 69 30
s 37 102 13 3
s 37 103 5 1
s 37 104 44 21
s 37 105 50 27
s 37 106 117 54
s 37 107 75 38
s 37 108 141 57
s 37 109 32 16
s 37 110 58 26
s 37 111 15 3
s 37 112 14 6
s 37 113 12 3
s 37 114 24 9
s 37 119 76 44
s 37 120 65 25
s 37 121 53 21
s 37 123 120 49
s 37 126 68 28
s 37 128 133 65
s 37 129 70 33
s 37 131 40 13
s 37 135 162 78
s 37 136 25 17
s 37 137 35 17
s 37 138 27 10
s 37 145 42 18
s 37 155 27 14
s 38 39 55 28
s 38 40 16 7
s 38 41 45 20
s 38 42 21 9
s 38 43 24 17
s 38 44 28 14
s 38 45 15 11
s 38 46 60 30
s 38 47 55 31
s 38 48 126 70
s 38 49 54 29
s 38 50 26 12
s 38 51 94 50
s 38 52 18 10
s 38 53 88 45
s 38 54 163 83
s 38 55 16 7
s 38 56 35 19
s 38 57 17 5
s 38 58 31 20
s 38 59 23 10
s 38 60 31 14
s 38 61 9 6
s 38 62 48 34
s 38 63 24 12
s 38 64 110 62
s 38 65 12 5
s 38 66 6 4
s 38 67 84 42
s 38 68 30 9
s 38 69 36 11
s 38 70 87 46
s 38 71 120 53
s 38 72 24 14
s 38 73 14 5
s 38 74 132 74
s 38 75 105 57
s 38 76 42 23
s 38 77 18 10
s 38 78 13 6
s 38 79 62 34
s 38 80 67 38
s 38 81 4 1
s 38 82 8 5
s 38 83 68 37
s 38 84 118 62
s 38 85 204 108
s 38 86 263 133
s 38 87 126 67
s 38 88 37 18
s 38 89 10 6
s 38 90 213 117
s 38 91 33 20
s 38 92 12 5
s 38 93 71 39
s 38 94 32 13
s 38 95 15 9
s 38 96 34 14
s 38 97 33 20
s 38 98 34 15
s 38 99 13 6
s 38 100 181 94
s 38 101 95 44
s 38 102 22 10
s 38 103 12 11
s 38 104 13 9
s 38 105 107 67
s 38 106 145 79
s 38 107 104 64
s 38 108 50 22
s 38 109 93 47
s 38 110 87 50
s 38 111 51 23
s 38 112 115 61
s 38 113 18 11
s 38 114 32 15
s 38 119 162 89
s 38 120 96 40
s 38 121 122 66
s 38 123 258 141
s 38 126 54 32
s 38 128 201 103
s 38 129 26 13
s 38 131 127 51
s 38 135 62 32
s 38 136 34 14
s 38 137 18 5
s 38 138 28 12
s 38 145 60 39
s 38 155 30 21
s 39 40 39 16
s 39 41 112 54
s 39 42 104 50
s 39 43 31 14
s 39 44 68 32
s 39 45 22 9
s 39 46 79 34
s 39 47 39 17
s 39 48 233 105
s 39 49 63 39
s 39 50 70 23
s 39 51 171 79
s 39 52 1 1
s 39 53 90 37
s 39 54 441 217
s 39 55 138 67
s 39 56 46 18
s 39 57 19 10
s 39 58 26 8
s 39 59 10 4
s 39 60 317 149
s 39 61 10 2
s 39 62 94 57
s 39 63 45 21
s 39 64 182 77
s 39 65 19 8
s 39 66 7 4
s 39 67 187 97
s 39 68 75 33
s 39 69 178 92
s 39 70 173 77
s 39 71 293 153
s 39 72 32 16
s 39 73 48 29
s 39 74 34 20
s 39 75 154 66
s 39 76 14 2
s 39 77 30 17
s 39 78 63 34
s 39 79 80 34
s 39 80 68 36
s 39 81 28 13
s 39 82 6 1
s 39 83 144 71
s 39 84 230 101
s 39 85 415 198
s 39 86 501 247
s 39 87 262 120
s 39 88 92 47
s 39 89 16 8
s 39 90 45 22
s 39 91 41 22
s 39 92 13 8
s 39 93 104 46
s 39 94 60 20
s 39 95 30 16
s 39 96 273 140
s 39 97 103 55
s 39 98 120 49
s 39 99 59 22
s 39 100 298 144
s 39 101 179 89
s 39 102 46 18
s 39 103 8 4
s 39 104 89 52
s 39 105 162 84
s 39 106 20 12
s 39 107 82 45
s 39 108 341 135
s 39 109 115 65
s 39 110 131 64
s 39 111 85 40
s 39 112 157 86
s 39 113 12 4
s 39 114 63 34
s 39 119 254 103
s 39 120 46 23
s 39 121 177 84
s 39 123 419 199
s 39 126 16 6
s 39 128 284 131
s 39 129 172 68
s 39 131 210 87
s 39 135 331 159
s 39 136 39 29
s 39 137 53 31
s 39 138 77 36
s 39 145 71 26
s 39 155 75 38
s 40 41 28 12
s 40 42 25 13
s 40 43 19 10
s 40 44 23 10
s 40 45 4 3
s 40 46 19 11
s 40 47 56 26
s 40 48 49 22
s 40 49 19 10
s 40 50 9 3
s 40 51 20 11
s 40 52 7 4
s 40 53 22 11
s 40 54 79 36
s 40 55 27 14
s 40 56 8 6
s 40 57 3 2
s 40 58 1 0
s 40 59 22 12
s 40 60 60 21
s 40 61 4 2
s 40 62 13 4
s 40 63 16 7
s 40 64 15 7
s 40 65 5 2
s 40 66 3 3
s 40 67 32 16
s 40 68 11 2
s 40 69 38 20
s 40 70 33 16
s 40 71 45 23
s 40 72 9 4
s 40 73 12 5
s 40 74 52 27
s 40 75 17 5
s 40 76 32 18
s 40 77 10 4
s 40 78 16 10
s 40 79 3 1
s 40 80 14 8
s 40 81 4 3
s 40 82 7 4
s 40 83 14 7
s 40 84 30 10
s 40 85 38 16
s 40 86 70 33
s 40 87 30 21
s 40 88 14 7
s 40 89 2 1
s 40 90 22 8
s 40 91 18 7
s 40 92 6 3
s 40 93 38 20
s 40 94 10 2
s 40 95 7 1
s 40 96 49 21
s 40 97 38 16
s 40 98 34 16
s 40 99 13 2
s 40 100 46 20
s 40 101 22 10
s 40 102 8 4
s 40 103 3 1
s 40 104 24 14
s 40 105 21 8
s 40 106 60 27
s 40 107 40 20
s 40 108 47 18
s 40 109 16 9
s 40 110 24 11
s 40 111 13 7
s 40 112 15 5
s 40 113 11 6
s 40 114 20 8
s 40 119 27 9
s 40 120 42 20
s 40 121 29 15
s 40 123 47 21
s 40 126 27 10
s 40 128 78 33
s 40 129 41 23
s 40 131 20 6
s 40 135 75 45
s 40 136 20 12
s 40 137 21 13
s 40 138 18 8
s 40 145 25 10
s 40 155 18 6
s 41 42 23 15
s 41 43 45 21
s 41 44 2 1
s 41 45 18 9
s 41 46 5 1
s 41 47 67 39
s 41 48 7 5
s 41 49 66 36
s 41 50 28 16
s 41 51 68 27
s 41 52 23 11
s 41 53 36 17
s 41 54 2 0
s 41 55 78 40
s 41 56 11 4
s 41 57 7 4
s 41 58 24 12
s 41 59 19 8
s 41 60 172 81
s 41 61 2 1
s 41 62 37 21
s 41 63 17 9
s 41 64 137 70
s 41 65 18 9
s 41 66 3 2
s 41 67 4 0
s 41 68 60 31
s 41 69 99 39
s 41 70 2 1
s 41 71 158 69
s 41 72 9 2
s 41 73 9 6
s 41 74 403 202
s 41 75 125 57
s 41 76 88 45
s 41 77 18 6
s 41 78 41 18
s 41 79 48 32
s 41 80 5 3
s 41 81 2 0
s 41 82 5 1
s 41 83 70 35
s 41 84 110 50
s 41 85 233 112
s 41 86 323 160
s 41 87 156 72
s 41 88 55 36
s 41 90 78 48
s 41 91 23 12
s 41 92 21 13
s 41 93 11 6
s 41 94 4 3
s 41 95 2 1
s 41 96 166 88
s 41 97 83 36
s 41 98 111 43
s 41 99 31 14
s 41 100 127 54
s 41 101 180 82
s 41 102 25 9
s 41 103 13 10
s 41 104 52 26
s 41 105 119 64
s 41 106 149 73
s 41 107 96 33
s 41 108 209 102
s 41 109 1 1
s 41 110 164 93
s 41 111 50 25
s 41 112 104 53
s 41 113 25 8
s 41 114 12 7
s 41 119 142 68
s 41 120 64 29
s 41 121 127 57
s 41 123 251 114
s 41 126 73 29
s 41 128 457 212
s 41 129 71 32
s 41 131 144 71
s 41 135 232 122
s 41 136 28 17
s 41 137 49 24
s 41 138 3 0
s 41 145 12 4
s 41 155 46 30
s 42 43 52 21
s 42 44 15 7
s 42 45 18 8
s 42 46 17 8
s 42 47 72 33
s 42 48 47 25
s 42 49 76 41
s 42 50 33 12
s 42 51 50 20
s 42 52 13 10
s 42 53 52 28
s 42 54 66 35
s 42 55 45 19
s 42 56 19 9
s 42 57 14 6
s 42 58 26 16
s 42 59 14 7
s 42 60 90 46
s 42 61 6 4
s 42 62 49 28
s 42 63 19 12
s 42 64 107 60
s 42 65 10 5
s 42 66 5 4
s 42 67 45 20
s 42 68 52 15
s 42 69 42 21
s 42 70 41 13
s 42 71 134 66
s 42 72 10 2
s 42 73 10 8
s 42 74 191 92
s 42 75 96 45
s 42 76 116 56
s 42 77 17 11
s 42 78 34 20
s 42 79 43 22
s 42 80 15 6
s 42 81 17 5
s 42 82 10 5
s 42 83 39 23
s 42 84 100 50
s 42 85 197 92
s 42 86 270 145
s 42 87 140 76
s 42 88 60 26
s 42 89 1 0
s 42 90 59 33
s 42 91 22 7
s 42 92 14 5
s 42 93 36 17
s 42 94 13 6
s 42 95 8 4
s 42 96 85 35
s 42 97 66 34
s 42 98 60 33
s 42 99 31 14
s 42 100 99 46
s 42 101 122 56
s 42 102 25 9
s 42 103 7 2
s 42 104 37 18
s 42 105 90 47
s 42 106 114 53
s 42 107 68 32
s 42 108 97 46
s 42 109 12 6
s 42 110 85 45
s 42 111 59 26
s 42 112 85 45
s 42 113 27 16
s 42 114 20 9
s 42 119 132 63
s 42 120 79 41
s 42 121 149 73
s 42 123 235 117
s 42 126 59 30
s 42 128 244 109
s 42 129 50 27
s 42 131 85 35
s 42 135 161 83
s 42 136 28 16
s 42 137 30 16
s 42 138 21 9
s 42 145 18 12
s 42 155 23 11
s 43 44 46 20
s 43 45 13 6
s 43 46 46 14
s 43 47 31 10
s 43 48 139 73
s 43 49 63 28
s 43 50 27 12
s 43 51 114 47
s 43 52 15 8
s 43 53 71 28
s 43 54 259 120
s 43 55 62 36
s 43 56 38 23
s 43 57 17 8
s 43 58 16 6
s 43 59 14 6
s 43 60 104 48
s 43 61 6 3
s 43 62 67 42
s 43 63 27 13
s 43 64 108 53
s 43 65 15 8
s 43 66 3 2
s 43 67 105 50
s 43 68 32 8
s 43 69 63 37
s 43 70 112 54
s 43 71 235 121
s 43 72 26 9
s 43 73 10 3
s 43 74 65 29
s 43 75 88 32
s 43 76 39 23
s 43 77 11 5
s 43 78 33 14
s 43 79 55 18
s 43 80 43 20
s 43 81 25 11
s 43 82 10 5
s 43 83 82 50
s 43 84 125 61
s 43 85 222 94
s 43 86 275 145
s 43 87 165 81
s 43 88 68 34
s 43 89 9 5
s 43 90 31 14
s 43 91 33 17
s 43 92 14 5
s 43 93 74 35
s 43 94 25 10
s 43 95 20 7
s 43 96 115 63
s 43 97 61 31
s 43 98 60 29
s 43 99 20 8
s 43 100 218 100
s 43 101 103 53
s 43 102 18 8
s 43 103 4 3
s 43 104 37 20
s 43 105 70 40
s 43 106 74 46
s 43 107 89 45
s 43 108 135 49
s 43 109 75 38
s 43 110 74 24
s 43 111 55 27
s 43 112 94 53
s 43 113 12 4
s 43 114 17 9
s 43 119 134 60
s 43 120 62 31
s 43 121 93 40
s 43 123 207 95
s 43 126 38 19
s 43 128 192 89
s 43 129 56 24
s 43 131 110 56
s 43 135 160 72
s 43 136 31 18
s 43 137 28 14
s 43 138 36 18
s 43 145 46 21
s 43 155 28 16
s 44 45 19 12
s 44 46 5 1
s 44 47 46 28
s 44 48 4 2
s 44 49 50 31
s 44 50 29 15
s 44 51 42 24
s 44 52 11 5
s 44 53 14 4
s 44 54 6 4
s 44 55 44 26
s 44 56 2 0
s 44 57 13 7
s 44 58 12 7
s 44 59 20 6
s 44 60 112 53
s 44 61 5 5
s 44 62 33 18
s 44 63 15 8
s 44 64 71 32
s 44 65 8 6
s 44 66 2 1
s 44 67 3 0
s 44 68 32 12
s 44 69 52 26
s 44 70 4 2
s 44 71 102 50
s 44 72 3 1
s 44 73 13 2
s 44 74 138 69
s 44 75 81 38
s 44 76 68 34
s 44 77 8 3
s 44 78 31 16
s 44 79 32 17
s 44 80 2 1
s 44 81 7 3
s 44 82 13 6
s 44 83 40 23
s 44 84 75 33
s 44 85 136 69
s 44 86 186 101
s 44 87 106 52
s 44 88 39 21
s 44 90 40 24
s 44 91 15 3
s 44 92 11 6
s 44 93 10 8
s 44 95 1 1
s 44 96 101 51
s 44 97 109 47
s 44 98 52 27
s 44 99 25 10
s 44 100 76 33
s 44 101 70 39
s 44 102 19 9
s 44 103 7 3
s 44 104 54 22
s 44 105 64 29
s 44 106 96 50
s 44 107 62 31
s 44 108 133 56
s 44 109 3 1
s 44 110 73 43
s 44 111 52 23
s 44 112 68 33
s 44 113 18 8
s 44 114 5 1
s 44 119 84 38
s 44 120 59 30
s 44 121 120 52
s 44 123 156 68
s 44 126 54 27
s 44 128 182 83
s 44 129 60 35
s 44 131 65 33
s 44 135 128 53
s 44 136 22 8
s 44 137 30 13
s 44 138 3 1
s 44 145 11 4
s 44 155 20 12
s 45 46 22 10
s 45 47 17 9
s 45 48 45 22
s 45 49 34 18
s 45 50 5 3
s 45 51 18 12
s 45 52 14 11
s 45 53 28 16
s 45 54 76 40
s 45 55 25 11
s 45 56 13 8
s 45 57 5 2
s 45 58 2 1
s 45 59 5 2
s 45 60 50 26
s 45 61 4 2
s 45 62 9 8
s 45 63 7 2
s 45 64 50 33
s 45 65 3 1
s 45 66 4 1
s 45 67 26 13
s 45 68 4 0
s 45 69 29 15
s 45 70 29 16
s 45 71 47 28
s 45 72 3 0
s 45 73 9 4
s 45 74 60 30
s 45 75 16 7
s 45 76 28 17
s 45 77 12 8
s 45 78 14 11
s 45 79 6 4
s 45 80 19 11
s 45 81 6 2
s 45 82 4 2
s 45 83 24 13
s 45 84 33 15
s 45 85 49 29
s 45 86 54 28
s 45 87 24 15
s 45 88 20 11
s 45 89 2 0
s 45 90 17 12
s 45 91 9 7
s 45 92 5 3
s 45 93 37 19
s 45 94 8 3
s 45 95 5 4
s 45 96 63 28
s 45 97 28 11
s 45 98 21 11
s 45 99 12 4
s 45 100 38 21
s 45 101 26 16
s 45 102 5 3
s 45 103 2 2
s 45 104 21 12
s 45 105 29 18
s 45 106 46 30
s 45 107 31 18
s 45 108 45 21
s 45 109 28 16
s 45 110 11 6
s 45 111 9 7
s 45 112 16 6
s 45 113 10 3
s 45 114 13 5
s 45 119 28 13
s 45 120 25 14
s 45 121 21 11
s 45 123 60 29
s 45 126 23 12
s 45 128 52 25
s 45 129 22 6
s 45 131 22 6
s 45 135 59 39
s 45 136 13 8
s 45 137 15 10
s 45 138 14 7
s 45 145 21 15
s 45 155 13 7
s 46 47 45 27
s 46 48 19 7
s 46 49 102 52
s 46 50 36 16
s 46 51 112 59
s 46 52 20 11
s 46 53 45 23
s 46 54 26 15
s 46 55 115 56
s 46 56 7 3
s 46 57 13 4
s 46 58 20 7
s 46 59 25 10
s 46 60 171 87
s 46 61 7 2
s 46 62 84 53
s 46 63 14 6
s 46 64 114 54
s 46 65 17 10
s 46 66 8 4
s 46 67 8 1
s 46 68 31 12
s 46 69 96 47
s 46 70 17 8
s 46 71 159 75
s 46 72 9 5
s 46 73 9 4
s 46 74 172 76
s 46 75 104 44
s 46 76 80 36
s 46 77 26 12
s 46 78 35 15
s 46 79 55 24
s 46 80 8 1
s 46 81 9 3
s 46 82 9 3
s 46 83 89 46
s 46 84 158 78
s 46 85 256 115
s 46 86 344 171
s 46 87 159 82
s 46 88 50 27
s 46 89 4 2
s 46 90 120 70
s 46 91 46 19
s 46 92 14 9
s 46 93 25 12
s 46 94 3 0
s 46 95 8 6
s 46 96 150 63
s 46 97 71 39
s 46 98 77 32
s 46 99 33 16
s 46 100 217 103
s 46 101 92 41
s 46 102 18 9
s 46 103 11 4
s 46 104 52 20
s 46 105 130 55
s 46 106 162 84
s 46 107 127 68
s 46 108 218 92
s 46 109 10 5
s 46 110 89 45
s 46 111 60 31
s 46 112 139 78
s 46 113 24 13
s 46 114 25 8
s 46 119 150 83
s 46 120 103 51
s 46 121 92 42
s 46 123 272 123
s 46 126 86 37
s 46 128 258 119
s 46 129 100 48
s 46 131 128 55
s 46 135 241 112
s 46 136 42 21
s 46 137 36 14
s 46 138 5 3
s 46 145 23 6
s 46 155 53 32
s 47 48 176 93
s 47 49 96 55
s 47 50 50 26
s 47 51 146 77
s 47 52 11 5
s 47 53 80 41
s 47 54 297 133
s 47 55 95 54
s 47 56 54 24
s 47 57 15 11
s 47 58 26 15
s 47 59 18 10
s 47 60 159 78
s 47 61 5 2
s 47 62 117 66
s 47 63 33 14
s 47 64 158 77
s 47 65 18 9
s 47 66 6 3
s 47 67 132 68
s 47 68 50 27
s 47 69 129 71
s 47 70 122 63
s 47 71 249 120
s 47 72 23 9
s 47 73 21 10
s 47 74 72 37
s 47 75 129 54
s 47 76 33 21
s 47 77 29 18
s 47 78 56 30
s 47 79 58 23
s 47 80 65 33
s 47 81 29 16
s 47 82 7 3
s 47 83 123 65
s 47 84 184 81
s 47 85 362 183
s 47 86 346 178
s 47 87 178 83
s 47 88 83 42
s 47 89 12 7
s 47 90 59 28
s 47 91 59 38
s 47 92 20 10
s 47 93 89 46
s 47 94 37 20
s 47 95 16 11
s 47 96 187 81
s 47 97 76 26
s 47 98 80 38
s 47 99 39 16
s 47 100 265 134
s 47 101 120 56
s 47 102 41 22
s 47 103 13 6
s 47 104 41 25
s 47 105 131 70
s 47 106 102 57
s 47 107 115 63
s 47 108 230 102
s 47 109 93 45
s 47 110 79 42
s 47 111 69 28
s 47 112 149 81
s 47 113 19 9
s 47 114 34 13
s 47 119 201 104
s 47 120 66 34
s 47 121 140 69
s 47 123 309 151
s 47 126 43 23
s 47 128 220 98
s 47 129 87 45
s 47 131 163 76
s 47 135 228 103
s 47 136 41 19
s 47 137 36 17
s 47 138 48 23
s 47 145 75 31
s 47 155 47 29
s 48 49 264 157
s 48 50 101 47
s 48 51 281 142
s 48 52 53 24
s 48 53 79 32
s 48 54 4 1
s 48 55 312 173
s 48 56 15 9
s 48 57 45 23
s 48 58 79 42
s 48 59 55 22
s 48 60 535 279
s 48 61 23 13
s 48 62 197 126
s 48 63 36 23
s 48 64 235 122
s 48 65 59 32
s 48 66 20 13
s 48 67 3 1
s 48 68 74 36
s 48 69 345 169
s 48 70 11 5
s 48 71 497 258
s 48 72 18 12
s 48 73 30 17
s 48 74 451 246
s 48 75 234 104
s 48 76 237 125
s 48 77 72 35
s 48 78 95 56
s 48 79 231 107
s 48 80 18 10
s 48 81 22 11
s 48 82 23 14
s 48 83 297 176
s 48 84 448 236
s 48 85 780 403
s 48 86 887 480
s 48 87 372 195
s 48 88 166 88
s 48 89 3 0
s 48 90 276 156
s 48 91 143 70
s 48 92 52 30
s 48 93 79 51
s 48 94 3 2
s 48 95 2 1
s 48 96 443 219
s 48 97 207 91
s 48 98 254 118
s 48 99 83 34
s 48 100 485 255
s 48 101 288 145
s 48 102 55 29
s 48 103 28 17
s 48 104 120 59
s 48 105 324 167
s 48 106 568 343
s 48 107 335 174
s 48 108 554 242
s 48 109 4 2
s 48 110 246 117
s 48 111 155 66
s 48 112 345 172
s 48 113 55 20
s 48 114 39 22
s 48 119 449 245
s 48 120 307 152
s 48 121 307 153
s 48 123 742 368
s 48 126 222 117
s 48 128 683 333
s 48 129 240 117
s 48 131 372 187
s 48 135 607 334
s 48 136 92 44
s 48 137 137 79
s 48 138 12 7
s 48 145 58 31
s 48 155 140 75
s 49 50 87 43
s 49 51 122 64
s 49 52 24 15
s 49 53 142 76
s 49 54 477 269
s 49 55 199 126
s 49 56 57 25
s 49 57 21 9
s 49 58 62 33
s 49 59 24 14
s 49 60 201 106
s 49 61 20 13
s 49 62 203 130
s 49 63 40 19
s 49 64 194 109
s 49 65 22 12
s 49 66 15 9
s 49 67 152 81
s 49 68 61 25
s 49 69 202 115
s 49 70 156 88
s 49 71 274 162
s 49 72 47 22
s 49 73 28 9
s 49 74 149 84
s 49 75 135 52
s 49 76 112 55
s 49 77 31 14
s 49 78 72 41
s 49 79 109 61
s 49 80 101 57
s 49 81 20 11
s 49 82 11 7
s 49 83 108 59
s 49 84 174 99
s 49 85 422 231
s 49 86 558 309
s 49 87 309 163
s 49 88 121 71
s 49 89 20 8
s 49 90 120 77
s 49 91 92 54
s 49 92 19 15
s 49 93 153 87
s 49 94 54 25
s 49 95 36 22
s 49 96 170 91
s 49 97 81 36
s 49 98 138 69
s 49 99 31 17
s 49 100 302 161
s 49 101 203 92
s 49 102 28 17
s 49 103 12 9
s 49 104 49 28
s 49 105 272 166
s 49 106 111 60
s 49 107 107 49
s 49 108 262 119
s 49 109 148 81
s 49 110 148 87
s 49 111 127 68
s 49 112 325 197
s 49 113 25 10
s 49 114 55 35
s 49 119 384 216
s 49 120 84 41
s 49 121 277 145
s 49 123 599 308
s 49 126 53 30
s 49 128 362 184
s 49 129 65 36
s 49 131 285 176
s 49 135 366 228
s 49 136 52 32
s 49 137 70 38
s 49 138 64 34
s 49 145 98 48
s 49 155 90 57
s 50 51 41 18
s 50 52 24 8
s 50 53 97 49
s 50 54 201 98
s 50 55 63 32
s 50 56 29 13
s 50 57 2 0
s 50 58 11 6
s 50 59 25 13
s 50 60 122 59
s 50 61 16 9
s 50 62 56 34
s 50 63 14 6
s 50 64 28 16
s 50 65 15 5
s 50 66 1 1
s 50 67 99 45
s 50 68 18 6
s 50 69 64 33
s 50 70 78 39
s 50 71 77 37
s 50 72 11 7
s 50 73 22 11
s 50 74 148 73
s 50 75 27 12
s 50 76 69 32
s 50 77 18 12
s 50 78 40 20
s 50 79 19 9
s 50 80 46 22
s 50 81 17 5
s 50 82 12 7
s 50 83 17 7
s 50 84 45 13
s 50 85 87 39
s 50 86 160 87
s 50 87 32 12
s 50 88 32 19
s 50 89 10 7
s 50 90 65 41
s 50 91 33 15
s 50 92 22 12
s 50 93 63 28
s 50 94 25 8
s 50 95 14 8
s 50 96 124 55
s 50 97 70 33
s 50 98 68 31
s 50 99 35 12
s 50 100 63 27
s 50 101 57 27
s 50 102 9 4
s 50 103 6 3
s 50 104 45 29
s 50 105 84 34
s 50 106 141 59
s 50 107 85 42
s 50 108 110 48
s 50 109 70 35
s 50 110 46 24
s 50 111 10 6
s 50 112 24 11
s 50 113 29 13
s 50 114 27 13
s 50 119 80 44
s 50 120 99 41
s 50 121 43 22
s 50 123 161 75
s 50 126 44 24
s 50 128 120 52
s 50 129 41 23
s 50 131 41 17
s 50 135 153 73
s 50 136 33 19
s 50 137 48 22
s 50 138 29 8
s 50 145 55 27
s 50 155 30 17
s 51 52 39 14
s 51 53 175 83
s 51 54 371 197
s 51 55 317 182
s 51 56 85 50
s 51 57 25 12
s 51 58 27 14
s 51 59 51 22
s 51 60 232 121
s 51 61 10 5
s 51 62 33 20
s 51 63 43 18
s 51 64 82 38
s 51 65 39 18
s 51 66 2 2
s 51 67 154 87
s 51 68 37 16
s 51 69 169 83
s 51 70 106 50
s 51 71 83 35
s 51 72 44 19
s 51 73 25 12
s 51 74 296 162
s 51 75 86 45
s 51 76 121 64
s 51 77 49 30
s 51 78 69 39
s 51 79 66 33
s 51 80 97 52
s 51 81 20 9
s 51 82 23 13
s 51 83 39 24
s 51 84 57 27
s 51 85 182 87
s 51 86 463 258
s 51 87 130 70
s 51 88 38 26
s 51 89 16 12
s 51 90 195 108
s 51 91 80 48
s 51 92 31 13
s 51 93 119 65
s 51 94 60 27
s 51 95 20 10
s 51 96 284 142
s 51 97 90 48
s 51 98 189 100
s 51 99 41 19
s 51 100 66 41
s 51 101 127 71
s 51 102 18 11
s 51 103 8 5
s 51 104 64 30
s 51 105 135 77
s 51 106 351 181
s 51 107 213 113
s 51 108 385 167
s 51 109 144 78
s 51 110 148 92
s 51 111 52 28
s 51 112 134 77
s 51 113 26 17
s 51 114 65 30
s 51 119 214 105
s 51 120 207 108
s 51 121 95 47
s 51 123 340 161
s 51 126 156 82
s 51 128 414 203
s 51 129 112 55
s 51 131 170 99
s 51 135 392 216
s 51 136 43 26
s 51 137 88 52
s 51 138 89 36
s 51 145 119 64
s 51 155 96 52
s 52 53 37 16
s 52 54 126 51
s 52 55 48 30
s 52 56 9 7
s 52 57 8 3
s 52 58 7 4
s 52 59 2 1
s 52 60 85 43
s 52 61 3 1
s 52 62 30 18
s 52 63 9 7
s 52 64 53 30
s 52 65 7 3
s 52 66 2 0
s 52 67 46 23
s 52 68 17 6
s 52 69 52 24
s 52 70 43 22
s 52 71 84 43
s 52 72 17 12
s 52 73 11 4
s 52 74 25 12
s 52 75 38 18
s 52 76 10 6
s 52 77 15 5
s 52 78 11 7
s 52 79 27 14
s 52 80 26 14
s 52 81 6 3
s 52 82 2 1
s 52 83 49 28
s 52 84 45 23
s 52 85 119 58
s 52 86 116 52
s 52 87 63 34
s 52 88 24 14
s 52 89 1 0
s 52 90 23 14
s 52 91 114 67
s 52 92 11 6
s 52 93 32 16
s 52 94 11 5
s 52 95 9 6
s 52 96 78 39
s 52 97 37 19
s 52 98 32 9
s 52 99 23 13
s 52 100 72 37
s 52 101 47 23
s 52 102 17 7
s 52 103 8 3
s 52 104 25 15
s 52 105 30 14
s 52 106 15 13
s 52 107 21 9
s 52 108 85 31
s 52 109 31 13
s 52 110 31 18
s 52 111 17 9
s 52 112 49 24
s 52 113 10 5
s 52 114 13 3
s 52 119 71 41
s 52 120 12 5
s 52 121 47 19
s 52 123 118 53
s 52 126 6 2
s 52 128 80 39
s 52 129 42 21
s 52 131 58 32
s 52 135 111 64
s 52 136 21 10
s 52 137 13 9
s 52 138 19 10
s 52 145 18 11
s 52 155 30 15
s 53 54 151 61
s 53 55 151 70
s 53 56 26 6
s 53 57 15 4
s 53 58 43 17
s 53 59 37 16
s 53 60 209 94
s 53 61 22 12
s 53 62 170 97
s 53 63 33 14
s 53 64 142 64
s 53 65 24 13
s 53 66 11 7
s 53 67 67 27
s 53 68 41 21
s 53 69 182 84
s 53 70 66 33
s 53 71 275 136
s 53 72 21 12
s 53 73 14 6
s 53 74 206 111
s 53 75 116 41
s 53 76 82 42
s 53 77 44 29
s 53 78 64 36
s 53 79 82 41
s 53 80 41 18
s 53 81 15 7
s 53 82 15 10
s 53 83 139 75
s 53 84 223 102
s 53 85 355 158
s 53 86 379 192
s 53 87 161 71
s 53 88 77 41
s 53 89 12 7
s 53 90 106 56
s 53 91 57 25
s 53 92 16 6
s 53 93 75 43
s 53 94 10 2
s 53 95 11 4
s 53 96 248 116
s 53 97 83 36
s 53 98 139 60
s 53 99 34 11
s 53 100 343 173
s 53 101 134 68
s 53 102 30 15
s 53 103 11 3
s 53 104 62 24
s 53 105 181 102
s 53 106 263 126
s 53 107 163 82
s 53 108 344 161
s 53 109 48 26
s 53 110 101 50
s 53 111 55 22
s 53 112 216 115
s 53 113 26 12
s 53 114 48 23
s 53 119 281 133
s 53 120 153 83
s 53 121 123 55
s 53 123 402 169
s 53 126 84 44
s 53 128 283 135
s 53 129 99 47
s 53 131 201 111
s 53 135 277 132
s 53 136 56 28
s 53 137 56 38
s 53 138 36 18
s 53 145 63 30
s 53 155 94 56
s 54 55 550 322
s 54 56 35 16
s 54 57 56 31
s 54 58 110 59
s 54 59 112 47
s 54 60 878 448
s 54 61 40 20
s 54 62 388 237
s 54 63 66 38
s 54 64 539 273
s 54 65 72 39
s 54 66 31 16
s 54 67 4 2
s 54 68 201 101
s 54 69 580 287
s 54 70 14 6
s 54 71 875 473
s 54 72 49 24
s 54 73 43 17
s 54 74 876 496
s 54 75 459 211
s 54 76 485 263
s 54 77 128 89
s 54 78 194 94
s 54 79 329 155
s 54 80 21 6
s 54 81 38 22
s 54 82 25 12
s 54 83 298 170
s 54 84 432 228
s 54 85 1146 588
s 54 86 1455 792
s 54 87 773 397
s 54 88 290 176
s 54 89 2 0
s 54 90 387 225
s 54 91 144 74
s 54 92 75 46
s 54 93 126 68
s 54 94 4 4
s 54 95 3 1
s 54 96 763 353
s 54 97 382 207
s 54 98 505 248
s 54 99 130 60
s 54 100 650 344
s 54 101 497 242
s 54 102 93 35
s 54 103 36 21
s 54 104 290 128
s 54 105 572 308
s 54 106 781 388
s 54 107 552 299
s 54 108 879 431
s 54 109 5 2
s 54 110 424 227
s 54 111 285 153
s 54 112 777 429
s 54 113 115 51
s 54 114 59 30
s 54 119 847 415
s 54 120 570 295
s 54 121 736 383
s 54 123 1325 662
s 54 126 407 205
s 54 128 1232 629
s 54 129 350 174
s 54 131 709 373
s 54 135 1035 521
s 54 136 154 78
s 54 137 234 131
s 54 138 21 12
s 54 145 86 40
s 54 155 181 96
s 55 56 73 41
s 55 57 18 9
s 55 58 40 16
s 55 59 52 28
s 55 60 23 13
s 55 61 19 11
s 55 62 557 353
s 55 63 47 19
s 55 64 199 98
s 55 65 25 9
s 55 66 10 5
s 55 67 176 97
s 55 68 53 33
s 55 69 24 8
s 55 70 178 95
s 55 71 867 475
s 55 72 46 17
s 55 73 47 23
s 55 74 299 178
s 55 75 138 70
s 55 76 183 109
s 55 77 7 2
s 55 78 5 1
s 55 79 101 48
s 55 80 115 64
s 55 81 17 10
s 55 82 20 10
s 55 83 163 94
s 55 84 170 96
s 55 85 349 179
s 55 86 390 198
s 55 87 299 162
s 55 88 195 116
s 55 89 24 12
s 55 90 155 89
s 55 91 81 45
s 55 92 8 4
s 55 93 167 109
s 55 94 71 32
s 55 95 28 16
s 55 96 15 10
s 55 97 52 26
s 55 98 37 15
s 55 99 12 6
s 55 100 417 224
s 55 101 116 59
s 55 102 35 15
s 55 103 18 14
s 55 104 9 3
s 55 105 186 93
s 55 106 417 238
s 55 107 348 195
s 55 108 15 9
s 55 109 210 109
s 55 110 132 65
s 55 111 93 50
s 55 112 308 174
s 55 113 32 14
s 55 114 57 33
s 55 119 269 136
s 55 120 187 100
s 55 121 178 107
s 55 123 467 232
s 55 126 148 74
s 55 128 354 187
s 55 129 10 3
s 55 131 250 126
s 55 135 29 17
s 55 136 80 45
s 55 137 48 27
s 55 138 59 27
s 55 145 142 71
s 55 155 48 32
s 56 57 15 7
s 56 58 22 12
s 56 59 9 4
s 56 60 127 67
s 56 61 2 2
s 56 62 55 25
s 56 63 5 2
s 56 64 84 34
s 56 65 21 8
s 56 66 4 3
s 56 67 15 7
s 56 68 26 10
s 56 69 90 43
s 56 70 11 6
s 56 71 150 69
s 56 72 11 8
s 56 73 8 4
s 56 74 137 70
s 56 75 62 25
s 56 76 64 28
s 56 77 25 13
s 56 78 34 18
s 56 79 46 21
s 56 80 7 3
s 56 81 9 3
s 56 82 7 3
s 56 83 103 63
s 56 84 103 54
s 56 85 226 112
s 56 86 244 124
s 56 87 71 32
s 56 88 49 21
s 56 89 3 2
s 56 90 68 30
s 56 91 24 10
s 56 92 17 8
s 56 93 24 12
s 56 94 5 3
s 56 95 5 1
s 56 96 164 94
s 56 97 49 21
s 56 98 46 16
s 56 99 24 11
s 56 100 208 108
s 56 101 68 25
s 56 102 18 13
s 56 103 7 6
s 56 104 42 25
s 56 105 123 65
s 56 106 156 83
s 56 107 121 58
s 56 108 174 74
s 56 109 9 2
s 56 110 80 45
s 56 111 49 16
s 56 112 104 59
s 56 113 12 3
s 56 114 16 8
s 56 119 125 60
s 56 120 90 45
s 56 121 77 38
s 56 123 218 99
s 56 126 59 25
s 56 128 168 86
s 56 129 49 22
s 56 131 104 53
s 56 135 176 83
s 56 136 35 16
s 56 137 39 19
s 56 138 12 6
s 56 145 14 4
s 56 155 50 26
s 57 58 4 2
s 57 59 10 3
s 57 60 30 15
s 57 61 4 0
s 57 62 7 2
s 57 63 5 3
s 57 64 14 7
s 57 65 6 2
s 57 66 3 1
s 57 67 29 16
s 57 68 8 3
s 57 69 17 7
s 57 70 24 9
s 57 71 35 20
s 57 72 6 3
s 57 73 7 4
s 57 74 56 31
s 57 75 16 5
s 57 76 32 21
s 57 77 3 0
s 57 78 10 6
s 57 79 11 5
s 57 80 13 3
s 57 81 5 2
s 57 82 6 4
s 57 83 7 5
s 57 84 23 10
s 57 85 31 15
s 57 86 88 49
s 57 87 21 13
s 57 88 11 5
s 57 89 5 0
s 57 90 23 13
s 57 91 17 10
s 57 92 3 1
s 57 93 17 7
s 57 94 13 7
s 57 95 4 2
s 57 96 33 15
s 57 97 20 9
s 57 98 10 4
s 57 99 5 0
s 57 100 26 12
s 57 101 16 8
s 57 102 4 1
s 57 103 1 1
s 57 104 16 8
s 57 105 26 17
s 57 106 38 15
s 57 107 37 17
s 57 108 32 16
s 57 109 17 5
s 57 110 13 1
s 57 111 12 6
s 57 112 13 9
s 57 113 6 5
s 57 114 10 2
s 57 119 34 16
s 57 120 22 12
s 57 121 21 9
s 57 123 56 25
s 57 126 23 11
s 57 128 60 25
s 57 129 10 4
s 57 131 23 10
s 57 135 44 20
s 57 136 5 3
s 57 137 16 10
s 57 138 13 9
s 57 145 6 2
s 57 155 5 3
s 58 59 12 4
s 58 60 55 29
s 58 61 7 5
s 58 62 41 26
s 58 63 8 6
s 58 64 24 14
s 58 65 12 8
s 58 66 4 2
s 58 67 51 29
s 58 68 7 3
s 58 69 70 41
s 58 70 38 17
s 58 71 55 30
s 58 72 11 7
s 58 73 19 12
s 58 74 96 53
s 58 75 25 11
s 58 76 44 25
s 58 77 20 10
s 58 78 20 11
s 58 79 9 3
s 58 80 28 18
s 58 81 7 4
s 58 82 6 4
s 58 83 28 16
s 58 84 24 14
s 58 85 60 28
s 58 86 103 59
s 58 87 40 26
s 58 88 19 11
s 58 89 6 4
s 58 90 39 20
s 58 91 15 9
s 58 92 9 5
s 58 93 47 33
s 58 94 8 2
s 58 95 14 5
s 58 96 92 42
s 58 97 36 19
s 58 98 38 15
s 58 99 17 8
s 58 100 54 27
s 58 101 38 15
s 58 102 6 1
s 58 103 2 1
s 58 104 20 10
s 58 105 41 21
s 58 106 101 51
s 58 107 81 43
s 58 108 92 42
s 58 109 39 16
s 58 110 23 12
s 58 111 11 3
s 58 112 22 11
s 58 113 6 2
s 58 114 23 12
s 58 119 80 46
s 58 120 71 33
s 58 121 24 12
s 58 123 86 45
s 58 126 30 13
s 58 128 83 47
s 58 129 35 15
s 58 131 33 14
s 58 135 102 58
s 58 136 16 11
s 58 137 39 28
s 58 138 17 9
s 58 145 43 19
s 58 155 37 22
s 59 60 71 27
s 59 61 5 2
s 59 62 41 26
s 59 63 20 9
s 59 64 46 23
s 59 65 8 3
s 59 66 9 6
s 59 67 43 13
s 59 68 20 9
s 59 69 56 23
s 59 70 42 21
s 59 71 90 47
s 59 72 13 5
s 59 73 17 7
s 59 74 25 14
s 59 75 52 21
s 59 76 13 7
s 59 77 8 6
s 59 78 13 4
s 59 79 36 15
s 59 80 32 13
s 59 81 9 4
s 59 82 6 3
s 59 83 43 19
s 59 84 64 32
s 59 85 131 59
s 59 86 149 63
s 59 87 78 26
s 59 88 19 8
s 59 89 7 5
s 59 90 17 7
s 59 91 27 11
s 59 92 10 8
s 59 93 36 18
s 59 94 14 5
s 59 95 10 5
s 59 96 82 41
s 59 97 29 15
s 59 98 38 17
s 59 99 15 7
s 59 100 123 66
s 59 101 51 23
s 59 102 13 9
s 59 103 2 1
s 59 104 30 11
s 59 105 62 27
s 59 106 14 8
s 59 107 28 14
s 59 108 83 34
s 59 109 39 16
s 59 110 43 18
s 59 111 50 25
s 59 112 62 37
s 59 113 6 3
s 59 114 18 4
s 59 119 81 44
s 59 120 30 9
s 59 121 43 21
s 59 123 128 54
s 59 126 9 5
s 59 128 75 32
s 59 129 38 11
s 59 131 46 19
s 59 135 107 54
s 59 136 12 8
s 59 137 27 18
s 59 138 11 4
s 59 145 21 12
s 59 155 24 10
s 60 61 26 13
s 60 62 197 128
s 60 63 83 37
s 60 64 321 161
s 60 65 48 28
s 60 66 16 9
s 60 67 367 185
s 60 68 90 36
s 60 69 51 24
s 60 70 327 163
s 60 71 458 245
s 60 72 67 28
s 60 73 50 26
s 60 74 539 294
s 60 75 353 166
s 60 76 280 154
s 60 77 13 6
s 60 78 24 8
s 60 79 219 109
s 60 80 158 83
s 60 81 32 16
s 60 82 41 22
s 60 83 278 147
s 60 84 326 149
s 60 85 747 381
s 60 86 950 506
s 60 87 487 246
s 60 88 159 88
s 60 89 22 11
s 60 90 279 163
s 60 91 209 116
s 60 92 34 18
s 60 93 229 118
s 60 94 121 62
s 60 95 49 25
s 60 96 31 14
s 60 97 112 56
s 60 98 89 45
s 60 99 19 11
s 60 100 546 270
s 60 101 321 139
s 60 102 62 21
s 60 103 20 13
s 60 104 14 9
s 60 105 358 181
s 60 106 554 273
s 60 107 317 168
s 60 108 39 13
s 60 109 209 97
s 60 110 53 24
s 60 111 196 90
s 60 112 409 214
s 60 113 94 48
s 60 114 95 43
s 60 119 549 275
s 60 120 246 117
s 60 121 492 254
s 60 123 905 435
s 60 126 234 133
s 60 128 775 388
s 60 129 12 9
s 60 131 440 224
s 60 135 25 13
s 60 136 100 58
s 60 137 62 36
s 60 138 113 53
s 60 145 202 86
s 60 155 57 31
s 61 62 17 9
s 61 63 8 3
s 61 64 14 5
s 61 65 4 1
s 61 66 1 0
s 61 67 8 2
s 61 68 13 6
s 61 69 15 9
s 61 70 18 11
s 61 71 29 12
s 61 72 3 0
s 61 73 2 0
s 61 74 25 14
s 61 75 17 6
s 61 76 6 4
s 61 77 6 4
s 61 78 7 3
s 61 79 15 6
s 61 80 10 7
s 61 81 2 0
s 61 82 5 1
s 61 83 24 10
s 61 84 23 13
s 61 85 50 32
s 61 86 43 27
s 61 87 27 14
s 61 88 10 5
s 61 89 4 0
s 61 90 13 7
s 61 91 12 7
s 61 92 9 4
s 61 93 12 7
s 61 94 5 1
s 61 95 1 0
s 61 96 25 9
s 61 97 17 11
s 61 98 5 2
s 61 99 9 3
s 61 100 30 13
s 61 101 25 12
s 61 102 4 1
s 61 103 3 2
s 61 104 7 3
s 61 105 25 14
s 61 106 23 19
s 61 107 14 5
s 61 108 24 10
s 61 109 16 10
s 61 110 24 12
s 61 111 8 2
s 61 112 37 20
s 61 113 7 2
s 61 114 4 2
s 61 119 37 16
s 61 120 13 5
s 61 121 23 15
s 61 123 61 31
s 61 126 4 4
s 61 128 33 20
s 61 129 9 4
s 61 131 27 14
s 61 135 35 15
s 61 136 10 5
s 61 137 4 2
s 61 138 6 2
s 61 145 10 6
s 61 155 10 6
s 62 63 20 6
s 62 64 111 68
s 62 65 35 24
s 62 66 10 7
s 62 67 130 68
s 62 68 33 21
s 62 69 148 95
s 62 70 115 61
s 62 71 47 23
s 62 72 25 13
s 62 73 19 10
s 62 74 246 153
s 62 75 57 35
s 62 76 146 83
s 62 77 39 27
s 62 78 52 34
s 62 79 55 29
s 62 80 90 57
s 62 81 23 18
s 62 82 11 5
s 62 83 71 53
s 62 84 93 60
s 62 85 174 100
s 62 86 119 76
s 62 87 195 119
s 62 88 15 10
s 62 89 15 11
s 62 90 101 61
s 62 91 81 53
s 62 92 20 12
s 62 93 131 80
s 62 94 38 22
s 62 95 31 21
s 62 96 228 129
s 62 97 66 38
s 62 98 135 72
s 62 99 37 13
s 62 100 107 65
s 62 101 66 37
s 62 102 15 6
s 62 103 5 3
s 62 104 38 22
s 62 105 104 69
s 62 106 311 184
s 62 107 137 88
s 62 108 261 143
s 62 109 122 74
s 62 110 78 55
s 62 111 78 47
s 62 112 232 151
s 62 113 33 19
s 62 114 48 27
s 62 119 106 52
s 62 120 173 104
s 62 121 85 54
s 62 123 166 107
s 62 126 104 65
s 62 128 211 125
s 62 129 57 35
s 62 131 142 89
s 62 135 273 168
s 62 136 30 15
s 62 137 62 39
s 62 138 31 19
s 62 145 102 55
s 62 155 55 33
s 63 64 38 15
s 63 65 12 5
s 63 66 3 0
s 63 67 22 13
s 63 68 20 7
s 63 69 59 34
s 63 70 24 10
s 63 71 64 32
s 63 72 16 10
s 63 73 12 5
s 63 74 89 40
s 63 75 55 25
s 63 76 45 22
s 63 77 17 10
s 63 78 17 5
s 63 79 21 7
s 63 80 17 8
s 63 81 9 5
s 63 82 1 1
s 63 83 41 17
s 63 84 67 29
s 63 85 122 55
s 63 86 122 63
s 63 87 80 47
s 63 88 32 15
s 63 89 5 2
s 63 90 39 19
s 63 91 31 18
s 63 92 8 6
s 63 93 27 11
s 63 94 20 8
s 63 95 7 3
s 63 96 72 35
s 63 97 43 21
s 63 98 60 30
s 63 99 31 10
s 63 100 93 43
s 63 101 32 18
s 63 102 17 12
s 63 103 8 5
s 63 104 39 22
s 63 105 36 20
s 63 106 88 50
s 63 107 68 31
s 63 108 99 48
s 63 109 17 11
s 63 110 37 23
s 63 111 22 8
s 63 112 38 18
s 63 113 15 6
s 63 114 21 6
s 63 119 67 34
s 63 120 42 12
s 63 121 67 30
s 63 123 100 44
s 63 126 45 18
s 63 128 105 47
s 63 129 47 20
s 63 131 52 24
s 63 135 114 63
s 63 136 23 11
s 63 137 23 15
s 63 138 12 5
s 63 145 24 9
s 63 155 18 10
s 64 65 37 15
s 64 66 6 5
s 64 67 169 87
s 64 68 30 13
s 64 69 187 91
s 64 70 205 92
s 64 71 245 116
s 64 72 50 29
s 64 73 49 27
s 64 74 350 172
s 64 75 76 33
s 64 76 180 84
s 64 77 57 39
s 64 78 104 54
s 64 79 75 44
s 64 80 105 47
s 64 81 30 12
s 64 82 19 10
s 64 83 60 24
s 64 84 123 51
s 64 85 259 127
s 64 86 475 250
s 64 87 103 43
s 64 88 105 58
s 64 89 21 9
s 64 90 123 65
s 64 91 56 33
s 64 92 33 17
s 64 93 188 99
s 64 94 65 35
s 64 95 24 14
s 64 96 287 125
s 64 97 170 75
s 64 98 172 65
s 64 99 67 27
s 64 100 199 94
s 64 101 126 67
s 64 102 35 15
s 64 103 10 5
s 64 104 111 54
s 64 105 113 55
s 64 106 314 184
s 64 107 205 101
s 64 108 409 180
s 64 109 160 77
s 64 110 139 58
s 64 111 52 25
s 64 112 66 30
s 64 113 57 29
s 64 114 96 43
s 64 119 178 92
s 64 120 213 90
s 64 121 77 34
s 64 123 302 139
s 64 126 160 70
s 64 128 384 176
s 64 129 197 80
s 64 131 120 58
s 64 135 397 206
s 64 136 52 22
s 64 137 73 35
s 64 138 62 25
s 64 145 123 61
s 64 155 67 37
s 65 66 5 3
s 65 67 41 25
s 65 68 8 3
s 65 69 34 21
s 65 70 29 14
s 65 71 44 24
s 65 72 11 6
s 65 73 13 6
s 65 74 39 28
s 65 75 35 14
s 65 76 10 3
s 65 77 8 4
s 65 78 14 8
s 65 79 18 8
s 65 80 28 16
s 65 81 7 3
s 65 82 4 4
s 65 83 42 33
s 65 84 41 21
s 65 85 88 54
s 65 86 110 70
s 65 87 46 27
s 65 88 30 9
s 65 89 5 2
s 65 90 27 17
s 65 91 16 6
s 65 92 3 2
s 65 93 25 12
s 65 94 7 1
s 65 95 7 4
s 65 96 50 20
s 65 97 18 9
s 65 98 29 16
s 65 99 5 1
s 65 100 82 41
s 65 101 23 13
s 65 102 7 3
s 65 103 3 1
s 65 104 15 7
s 65 105 43 26
s 65 106 38 14
s 65 107 35 15
s 65 108 41 21
s 65 109 43 20
s 65 110 22 16
s 65 111 21 11
s 65 112 45 23
s 65 113 5 1
s 65 114 12 8
s 65 119 40 22
s 65 120 37 18
s 65 121 38 19
s 65 123 68 29
s 65 126 15 7
s 65 128 64 32
s 65 129 15 11
s 65 131 40 22
s 65 135 59 32
s 65 136 21 6
s 65 137 20 14
s 65 138 13 5
s 65 145 29 12
s 65 155 27 13
s 66 67 9 5
s 66 68 7 1
s 66 69 16 9
s 66 70 6 4
s 66 71 10 4
s 66 72 3 1
s 66 73 4 0
s 66 74 20 9
s 66 75 6 3
s 66 76 5 3
s 66 77 7 7
s 66 78 6 4
s 66 79 11 5
s 66 80 8 4
s 66 81 3 2
s 66 82 10 3
s 66 83 4 0
s 66 84 9 6
s 66 85 12 2
s 66 86 28 20
s 66 87 14 4
s 66 88 8 4
s 66 90 8 5
s 66 91 20 6
s 66 92 3 1
s 66 93 8 3
s 66 94 7 2
s 66 96 12 6
s 66 97 12 7
s 66 98 12 9
s 66 99 4 1
s 66 100 11 7
s 66 101 13 6
s 66 102 4 1
s 66 104 7 4
s 66 105 11 3
s 66 106 15 6
s 66 107 17 10
s 66 108 26 16
s 66 109 20 14
s 66 110 6 2
s 66 111 10 2
s 66 112 7 5
s 66 113 8 3
s 66 114 5 2
s 66 119 8 4
s 66 120 4 1
s 66 121 15 3
s 66 123 15 9
s 66 126 10 4
s 66 128 22 14
s 66 129 4 2
s 66 131 10 3
s 66 135 17 8
s 66 136 6 1
s 66 137 3 3
s 66 138 2 1
s 66 145 6 3
s 66 155 9 4
s 67 68 75 33
s 67 69 197 115
s 67 70 5 2
s 67 71 330 188
s 67 72 10 5
s 67 73 11 4
s 67 74 341 187
s 67 75 204 96
s 67 76 180 85
s 67 77 47 22
s 67 78 79 45
s 67 79 110 53
s 67 80 9 3
s 67 81 19 7
s 67 82 16 7
s 67 83 152 90
s 67 84 141 59
s 67 85 524 276
s 67 86 527 285
s 67 87 288 152
s 67 88 118 61
s 67 89 1 0
s 67 90 175 77
s 67 91 61 35
s 67 92 25 10
s 67 93 33 18
s 67 94 1 0
s 67 95 4 1
s 67 96 314 175
s 67 97 145 63
s 67 98 170 62
s 67 99 71 37
s 67 100 233 117
s 67 101 216 126
s 67 102 46 23
s 67 103 21 8
s 67 104 121 73
s 67 105 212 96
s 67 106 338 186
s 67 107 231 127
s 67 108 404 172
s 67 109 1 0
s 67 110 207 105
s 67 111 124 54
s 67 112 254 138
s 67 113 49 25
s 67 114 25 15
s 67 119 311 140
s 67 120 176 83
s 67 121 287 133
s 67 123 562 289
s 67 126 160 83
s 67 128 516 246
s 67 129 165 70
s 67 131 284 154
s 67 135 455 248
s 67 136 48 21
s 67 137 105 56
s 67 138 9 5
s 67 145 30 12
s 67 155 78 51
s 68 69 58 29
s 68 70 64 30
s 68 71 116 55
s 68 72 15 4
s 68 73 17 12
s 68 74 107 40
s 68 75 31 13
s 68 76 63 27
s 68 77 10 7
s 68 78 15 8
s 68 79 16 7
s 68 80 25 10
s 68 81 26 12
s 68 82 8 4
s 68 83 18 7
s 68 84 48 25
s 68 85 71 31
s 68 86 133 65
s 68 87 39 19
s 68 88 35 17
s 68 89 12 4
s 68 90 39 21
s 68 91 24 10
s 68 92 13 4
s 68 93 52 23
s 68 94 24 10
s 68 95 7 3
s 68 96 106 48
s 68 97 79 33
s 68 98 51 22
s 68 99 22 6
s 68 100 75 32
s 68 101 28 13
s 68 102 11 4
s 68 103 5 3
s 68 104 37 19
s 68 105 48 17
s 68 106 97 54
s 68 107 61 31
s 68 108 144 56
s 68 109 47 18
s 68 110 50 21
s 68 111 15 5
s 68 112 23 10
s 68 113 16 11
s 68 114 25 13
s 68 119 59 33
s 68 120 58 18
s 68 121 39 17
s 68 123 124 55
s 68 126 44 20
s 68 128 150 70
s 68 129 82 31
s 68 131 45 16
s 68 135 145 63
s 68 136 24 10
s 68 137 39 19
s 68 138 37 16
s 68 145 33 9
s 68 155 11 7
s 69 70 195 94
s 69 71 312 169
s 69 72 38 18
s 69 73 42 27
s 69 74 340 172
s 69 75 183 91
s 69 76 203 109
s 69 77 9 6
s 69 78 28 18
s 69 79 155 73
s 69 80 132 58
s 69 81 20 12
s 69 82 30 9
s 69 83 184 113
s 69 84 236 114
s 69 85 500 257
s 69 86 696 378
s 69 87 312 153
s 69 88 130 81
s 69 89 22 13
s 69 90 193 108
s 69 91 99 49
s 69 92 13 8
s 69 93 187 109
s 69 94 57 24
s 69 95 39 23
s 69 96 54 24
s 69 97 71 39
s 69 98 66 34
s 69 99 17 7
s 69 100 349 174
s 69 101 207 95
s 69 102 31 11
s 69 103 14 9
s 69 104 14 8
s 69 105 266 142
s 69 106 468 253
s 69 107 243 114
s 69 108 42 19
s 69 109 178 89
s 69 110 177 85
s 69 111 104 52
s 69 112 342 188
s 69 113 45 21
s 69 114 71 27
s 69 119 424 229
s 69 120 232 120
s 69 121 633 296
s 69 123 672 327
s 69 126 187 96
s 69 128 495 216
s 69 129 18 10
s 69 131 298 141
s 69 135 84 45
s 69 136 74 38
s 69 137 43 28
s 69 138 89 49
s 69 145 150 78
s 69 155 64 34
s 70 71 312 161
s 70 72 17 9
s 70 73 15 7
s 70 74 383 176
s 70 75 199 85
s 70 76 181 99
s 70 77 39 21
s 70 78 92 41
s 70 79 105 52
s 70 80 20 9
s 70 81 20 6
s 70 82 16 4
s 70 83 87 56
s 70 84 201 97
s 70 85 350 171
s 70 86 567 273
s 70 87 326 149
s 70 88 113 60
s 70 90 122 61
s 70 91 62 32
s 70 92 36 15
s 70 93 24 12
s 70 94 6 2
s 70 95 3 1
s 70 96 291 132
s 70 97 182 77
s 70 98 176 59
s 70 99 50 19
s 70 100 230 110
s 70 101 211 94
s 70 102 45 18
s 70 103 14 8
s 70 104 140 64
s 70 105 208 110
s 70 106 287 137
s 70 107 189 99
s 70 108 321 152
s 70 109 6 3
s 70 110 165 72
s 70 111 118 45
s 70 112 184 94
s 70 113 50 24
s 70 114 24 11
s 70 119 286 141
s 70 120 173 91
s 70 121 315 155
s 70 123 422 208
s 70 126 130 63
s 70 128 497 221
s 70 129 172 71
s 70 131 223 105
s 70 135 426 186
s 70 136 58 35
s 70 137 91 57
s 70 138 6 3
s 70 145 31 11
s 70 155 56 30
s 71 72 63 31
s 71 73 47 22
s 71 74 521 278
s 71 75 290 146
s 71 76 283 158
s 71 77 68 36
s 71 78 94 50
s 71 79 92 37
s 71 80 152 87
s 71 81 43 24
s 71 82 39 19
s 71 83 159 90
s 71 84 223 110
s 71 85 512 258
s 71 86 475 262
s 71 87 458 249
s 71 88 59 28
s 71 89 29 18
s 71 90 227 149
s 71 91 215 121
s 71 92 56 29
s 71 93 288 156
s 71 94 114 55
s 71 95 52 27
s 71 96 364 182
s 71 97 154 65
s 71 98 278 119
s 71 99 120 58
s 71 100 210 111
s 71 101 204 107
s 71 102 61 25
s 71 103 21 15
s 71 104 148 84
s 71 105 176 94
s 71 106 455 234
s 71 107 254 129
s 71 108 440 226
s 71 109 224 98
s 71 110 250 129
s 71 111 183 88
s 71 112 294 167
s 71 113 75 45
s 71 114 120 71
s 71 119 221 115
s 71 120 274 133
s 71 121 269 131
s 71 123 316 148
s 71 126 219 110
s 71 128 631 313
s 71 129 172 86
s 71 131 242 120
s 71 135 743 377
s 71 136 92 48
s 71 137 115 71
s 71 138 140 73
s 71 145 176 96
s 71 155 79 49
s 72 73 12 11
s 72 74 77 43
s 72 75 41 23
s 72 76 34 18
s 72 77 21 9
s 72 78 23 15
s 72 79 23 12
s 72 80 7 1
s 72 81 6 4
s 72 82 5 4
s 72 83 31 16
s 72 84 63 22
s 72 85 102 44
s 72 86 136 66
s 72 87 74 31
s 72 88 26 14
s 72 89 2 1
s 72 90 41 20
s 72 91 64 33
s 72 92 5 4
s 72 93 28 13
s 72 94 4 0
s 72 95 1 0
s 72 96 65 36
s 72 97 29 15
s 72 98 36 16
s 72 99 21 9
s 72 100 93 39
s 72 101 32 14
s 72 102 13 3
s 72 103 8 2
s 72 104 31 20
s 72 105 36 17
s 72 106 86 41
s 72 107 53 31
s 72 108 93 43
s 72 109 13 5
s 72 110 30 17
s 72 111 26 14
s 72 112 42 28
s 72 113 15 6
s 72 114 11 8
s 72 119 56 29
s 72 120 47 24
s 72 121 48 19
s 72 123 90 32
s 72 126 42 19
s 72 128 130 62
s 72 129 68 32
s 72 131 45 24
s 72 135 111 50
s 72 136 17 8
s 72 137 18 7
s 72 138 6 2
s 72 145 16 6
s 72 155 30 16
s 73 74 59 37
s 73 75 46 23
s 73 76 26 18
s 73 77 8 6
s 73 78 19 12
s 73 79 17 8
s 73 80 20 10
s 73 81 2 1
s 73 82 8 3
s 73 83 18 8
s 73 84 48 23
s 73 85 99 46
s 73 86 121 67
s 73 87 50 27
s 73 88 19 10
s 73 89 2 1
s 73 90 38 22
s 73 91 29 14
s 73 92 6 1
s 73 93 21 11
s 73 94 11 4
s 73 95 4 2
s 73 96 69 37
s 73 97 24 10
s 73 98 37 19
s 73 99 29 12
s 73 100 36 21
s 73 101 53 33
s 73 102 15 6
s 73 103 2 1
s 73 104 15 8
s 73 105 50 29
s 73 106 90 58
s 73 107 34 15
s 73 108 79 36
s 73 109 4 1
s 73 110 40 20
s 73 111 21 10
s 73 112 48 26
s 73 113 10 4
s 73 114 12 8
s 73 119 75 43
s 73 120 46 25
s 73 121 54 27
s 73 123 103 52
s 73 126 32 18
s 73 128 72 34
s 73 129 32 17
s 73 131 57 27
s 73 135 79 37
s 73 136 17 7
s 73 137 48 29
s 73 138 3 2
s 73 145 12 7
s 73 155 24 10
s 74 75 283 129
s 74 76 39 21
s 74 77 63 34
s 74 78 119 68
s 74 79 247 128
s 74 80 171 91
s 74 81 60 25
s 74 82 16 7
s 74 83 290 184
s 74 84 401 189
s 74 85 858 439
s 74 86 920 500
s 74 87 475 253
s 74 88 192 120
s 74 89 40 17
s 74 90 105 64
s 74 91 116 69
s 74 92 43 24
s 74 93 210 101
s 74 94 134 61
s 74 95 58 26
s 74 96 581 288
s 74 97 292 140
s 74 98 250 124
s 74 99 101 45
s 74 100 648 345
s 74 101 281 126
s 74 102 99 49
s 74 103 30 17
s 74 104 262 143
s 74 105 428 227
s 74 106 48 27
s 74 107 169 95
s 74 108 763 367
s 74 109 282 155
s 74 110 291 147
s 74 111 219 112
s 74 112 414 243
s 74 113 23 7
s 74 114 98 47
s 74 119 488 252
s 74 120 69 33
s 74 121 450 242
s 74 123 926 460
s 74 126 48 29
s 74 128 625 281
s 74 129 262 129
s 74 131 459 240
s 74 135 643 331
s 74 136 85 41
s 74 137 121 67
s 74 138 139 68
s 74 145 178 81
s 74 155 125 75
s 75 76 137 60
s 75 77 27 17
s 75 78 71 26
s 75 79 30 9
s 75 80 76 43
s 75 81 36 15
s 75 82 27 17
s 75 83 69 32
s 75 84 137 66
s 75 85 268 122
s 75 86 342 160
s 75 87 77 31
s 75 88 70 40
s 75 89 22 12
s 75 90 111 55
s 75 91 67 33
s 75 92 25 14
s 75 93 164 83
s 75 94 60 29
s 75 95 39 23
s 75 96 282 126
s 75 97 166 72
s 75 98 163 74
s 75 99 68 28
s 75 100 243 130
s 75 101 116 48
s 75 102 32 13
s 75 103 7 5
s 75 104 126 65
s 75 105 104 43
s 75 106 279 152
s 75 107 190 103
s 75 108 334 141
s 75 109 125 50
s 75 110 111 56
s 75 111 45 21
s 75 112 77 37
s 75 113 44 22
s 75 114 59 27
s 75 119 169 88
s 75 120 155 84
s 75 121 89 42
s 75 123 290 116
s 75 126 131 60
s 75 128 327 152
s 75 129 175 75
s 75 131 99 51
s 75 135 420 201
s 75 136 49 21
s 75 137 100 61
s 75 138 64 22
s 75 145 108 49
s 75 155 56 35
s 76 77 24 12
s 76 78 71 33
s 76 79 113 49
s 76 80 92 44
s 76 81 24 13
s 76 82 4 3
s 76 83 128 76
s 76 84 209 95
s 76 85 446 241
s 76 86 471 263
s 76 87 274 136
s 76 88 81 51
s 76 89 9 4
s 76 90 42 21
s 76 91 72 37
s 76 92 22 13
s 76 93 111 64
s 76 94 48 29
s 76 95 31 12
s 76 96 298 145
s 76 97 119 67
s 76 98 133 64
s 76 99 55 21
s 76 100 285 137
s 76 101 148 70
s 76 102 58 31
s 76 103 25 16
s 76 104 99 47
s 76 105 187 98
s 76 106 26 17
s 76 107 97 48
s 76 108 332 148
s 76 109 117 66
s 76 110 147 78
s 76 111 100 43
s 76 112 233 138
s 76 113 8 1
s 76 114 46 22
s 76 119 303 151
s 76 120 44 22
s 76 121 201 99
s 76 123 428 202
s 76 126 14 7
s 76 128 265 142
s 76 129 121 59
s 76 131 193 109
s 76 135 379 198
s 76 136 31 18
s 76 137 52 26
s 76 138 47 18
s 76 145 89 48
s 76 155 52 37
s 77 78 8 3
s 77 79 29 18
s 77 80 40 22
s 77 81 8 5
s 77 82 2 2
s 77 83 55 34
s 77 84 44 26
s 77 85 84 48
s 77 86 146 83
s 77 87 76 50
s 77 88 19 13
s 77 89 1 1
s 77 90 44 27
s 77 91 19 8
s 77 92 3 3
s 77 93 28 16
s 77 94 13 5
s 77 95 10 5
s 77 96 8 4
s 77 97 14 6
s 77 98 14 10
s 77 99 5 2
s 77 100 92 60
s 77 101 40 22
s 77 102 13 10
s 77 103 4 3
s 77 104 9 5
s 77 105 62 40
s 77 106 111 67
s 77 107 74 46
s 77 108 20 9
s 77 109 31 19
s 77 110 39 25
s 77 111 23 18
s 77 112 74 48
s 77 113 11 6
s 77 114 20 14
s 77 119 109 67
s 77 120 58 33
s 77 121 42 22
s 77 123 184 110
s 77 126 39 26
s 77 128 115 68
s 77 129 3 0
s 77 131 68 37
s 77 135 17 13
s 77 136 17 11
s 77 137 10 6
s 77 138 20 9
s 77 145 38 21
s 77 155 16 8
s 78 79 59 37
s 78 80 60 33
s 78 81 6 4
s 78 82 14 7
s 78 83 64 28
s 78 84 89 46
s 78 85 157 94
s 78 86 305 163
s 78 87 125 69
s 78 88 38 18
s 78 89 8 6
s 78 90 51 31
s 78 91 26 9
s 78 92 6 4
s 78 93 69 37
s 78 94 26 17
s 78 95 11 6
s 78 96 13 7
s 78 97 32 16
s 78 98 24 9
s 78 99 9 8
s 78 100 155 84
s 78 101 101 53
s 78 102 20 12
s 78 103 10 7
s 78 104 11 8
s 78 105 111 57
s 78 106 129 75
s 78 107 92 50
s 78 108 15 7
s 78 109 67 35
s 78 110 79 44
s 78 111 51 19
s 78 112 100 60
s 78 113 21 14
s 78 114 36 22
s 78 119 159 78
s 78 120 93 51
s 78 121 79 35
s 78 123 201 97
s 78 126 66 30
s 78 128 168 93
s 78 129 4 2
s 78 131 115 67
s 78 135 40 24
s 78 136 18 5
s 78 137 17 12
s 78 138 30 22
s 78 145 52 25
s 78 155 25 18
s 79 80 64 32
s 79 81 22 11
s 79 82 10 5
s 79 83 68 35
s 79 84 74 25
s 79 85 200 88
s 79 86 195 95
s 79 87 91 40
s 79 88 30 13
s 79 89 7 5
s 79 90 80 47
s 79 91 48 24
s 79 92 25 11
s 79 93 74 35
s 79 94 61 29
s 79 95 24 8
s 79 96 256 130
s 79 97 86 38
s 79 98 90 46
s 79 99 37 14
s 79 100 154 82
s 79 101 56 29
s 79 102 21 7
s 79 103 9 2
s 79 104 36 13
s 79 105 73 36
s 79 106 204 112
s 79 107 168 84
s 79 108 298 138
s 79 109 112 56
s 79 110 75 36
s 79 111 20 12
s 79 112 62 31
s 79 113 36 13
s 79 114 40 17
s 79 119 119 61
s 79 120 140 64
s 79 121 82 41
s 79 123 183 79
s 79 126 100 44
s 79 128 237 103
s 79 129 81 41
s 79 131 57 18
s 79 135 249 142
s 79 136 44 23
s 79 137 41 19
s 79 138 46 23
s 79 145 103 54
s 79 155 62 32
s 80 81 14 4
s 80 82 4 3
s 80 83 95 49
s 80 84 116 65
s 80 85 251 123
s 80 86 337 175
s 80 87 169 90
s 80 88 59 32
s 80 89 1 0
s 80 90 123 73
s 80 91 39 25
s 80 92 17 7
s 80 93 32 19
s 80 94 1 0
s 80 95 5 3
s 80 96 187 101
s 80 97 52 23
s 80 98 87 45
s 80 99 42 18
s 80 100 330 170
s 80 101 109 51
s 80 102 16 10
s 80 103 8 2
s 80 104 46 20
s 80 105 135 63
s 80 106 207 121
s 80 107 131 72
s 80 108 199 101
s 80 109 10 5
s 80 110 91 54
s 80 111 45 21
s 80 112 146 90
s 80 113 22 12
s 80 114 21 10
s 80 119 204 87
s 80 120 118 54
s 80 121 128 68
s 80 123 311 149
s 80 126 85 43
s 80 128 250 133
s 80 129 72 40
s 80 131 137 64
s 80 135 258 130
s 80 136 43 26
s 80 137 56 29
s 80 138 12 5
s 80 145 16 8
s 80 155 70 42
s 81 82 3 0
s 81 83 16 13
s 81 84 40 14
s 81 85 71 30
s 81 86 94 52
s 81 87 54 28
s 81 88 20 11
s 81 89 3 0
s 81 90 20 14
s 81 91 14 5
s 81 92 5 4
s 81 93 23 14
s 81 94 8 3
s 81 95 5 2
s 81 96 33 18
s 81 97 23 9
s 81 98 24 8
s 81 99 6 4
s 81 100 51 16
s 81 101 49 20
s 81 102 9 4
s 81 103 3 2
s 81 104 8 4
s 81 105 29 14
s 81 106 42 19
s 81 107 40 18
s 81 108 45 19
s 81 109 8 2
s 81 110 32 13
s 81 111 13 3
s 81 112 28 13
s 81 113 16 6
s 81 114 13 8
s 81 119 42 17
s 81 120 30 12
s 81 121 50 13
s 81 123 91 37
s 81 126 20 6
s 81 128 84 33
s 81 129 18 5
s 81 131 34 19
s 81 135 61 35
s 81 136 11 6
s 81 137 18 9
s 81 138 7 3
s 81 145 9 2
s 81 155 11 5
s 82 83 16 10
s 82 84 28 14
s 82 85 65 31
s 82 86 75 39
s 82 87 33 17
s 82 88 12 8
s 82 89 2 1
s 82 90 10 5
s 82 91 12 8
s 82 92 6 4
s 82 93 13 6
s 82 94 6 3
s 82 95 6 3
s 82 96 38 23
s 82 97 23 10
s 82 98 23 5
s 82 99 5 2
s 82 100 46 24
s 82 101 25 17
s 82 102 6 3
s 82 103 8 6
s 82 104 15 7
s 82 105 31 15
s 82 106 12 6
s 82 107 18 9
s 82 108 39 21
s 82 109 14 7
s 82 110 18 8
s 82 111 19 13
s 82 112 37 22
s 82 113 4 3
s 82 114 5 4
s 82 119 30 12
s 82 120 14 7
s 82 121 25 10
s 82 123 70 25
s 82 126 10 2
s 82 128 54 26
s 82 129 26 13
s 82 131 33 17
s 82 135 46 23
s 82 136 9 6
s 82 137 7 5
s 82 138 4 1
s 82 145 5 2
s 82 155 9 6
s 83 84 49 23
s 83 85 123 67
s 83 86 494 295
s 83 87 46 29
s 83 88 64 33
s 83 89 17 13
s 83 90 182 108
s 83 91 79 42
s 83 92 28 14
s 83 93 97 60
s 83 94 59 35
s 83 95 23 12
s 83 96 349 195
s 83 97 90 58
s 83 98 123 63
s 83 99 52 22
s 83 100 70 38
s 83 101 160 79
s 83 102 25 14
s 83 103 9 6
s 83 104 68 32
s 83 105 150 90
s 83 106 378 231
s 83 107 185 112
s 83 108 367 190
s 83 109 130 69
s 83 110 169 107
s 83 111 20 8
s 83 112 56 28
s 83 113 47 25
s 83 114 44 22
s 83 119 247 135
s 83 120 200 111
s 83 121 94 55
s 83 123 396 219
s 83 126 135 82
s 83 128 350 196
s 83 129 103 44
s 83 131 166 82
s 83 135 336 187
s 83 136 50 32
s 83 137 103 65
s 83 138 91 46
s 83 145 97 44
s 83 155 96 58
s 84 85 233 119
s 84 86 632 329
s 84 87 143 73
s 84 88 77 32
s 84 89 13 8
s 84 90 167 94
s 84 91 102 47
s 84 92 34 11
s 84 93 167 82
s 84 94 71 33
s 84 95 32 17
s 84 96 307 148
s 84 97 161 74
s 84 98 220 100
s 84 99 82 27
s 84 100 155 87
s 84 101 182 90
s 84 102 35 17
s 84 103 21 15
s 84 104 106 47
s 84 105 181 91
s 84 106 298 145
s 84 107 209 103
s 84 108 427 193
s 84 109 155 65
s 84 110 192 94
s 84 111 51 22
s 84 112 109 60
s 84 113 49 24
s 84 114 69 36
s 84 119 185 79
s 84 120 221 107
s 84 121 206 104
s 84 123 404 209
s 84 126 186 91
s 84 128 444 228
s 84 129 154 80
s 84 131 185 94
s 84 135 491 255
s 84 136 58 27
s 84 137 81 50
s 84 138 109 45
s 84 145 115 47
s 84 155 88 47
s 85 86 1365 728
s 85 87 376 192
s 85 88 198 109
s 85 89 47 20
s 85 90 593 334
s 85 91 233 125
s 85 92 90 51
s 85 93 338 179
s 85 94 154 80
s 85 95 65 39
s 85 96 752 382
s 85 97 323 144
s 85 98 323 134
s 85 99 122 51
s 85 100 432 220
s 85 101 373 183
s 85 102 60 19
s 85 103 18 10
s 85 104 218 132
s 85 105 465 244
s 85 106 953 495
s 85 107 538 288
s 85 108 844 366
s 85 109 366 191
s 85 110 278 131
s 85 111 135 68
s 85 112 301 151
s 85 113 109 60
s 85 114 152 66
s 85 119 687 335
s 85 120 533 264
s 85 121 351 163
s 85 123 1189 588
s 85 126 435 213
s 85 128 920 425
s 85 129 304 137
s 85 131 419 201
s 85 135 863 425
s 85 136 141 76
s 85 137 201 113
s 85 138 233 110
s 85 145 299 145
s 85 155 180 102
s 86 87 668 344
s 86 88 169 90
s 86 89 56 24
s 86 90 308 180
s 86 91 227 117
s 86 92 69 40
s 86 93 450 265
s 86 94 187 94
s 86 95 112 54
s 86 96 956 490
s 86 97 473 260
s 86 98 579 291
s 86 99 168 83
s 86 100 853 459
s 86 101 259 124
s 86 102 122 60
s 86 103 25 15
s 86 104 283 152
s 86 105 344 184
s 86 106 1015 557
s 86 107 584 316
s 86 108 1801 860
s 86 109 471 263
s 86 110 336 165
s 86 111 241 114
s 86 112 590 339
s 86 113 129 66
s 86 114 201 97
s 86 119 414 216
s 86 120 599 303
s 86 121 433 237
s 86 123 655 337
s 86 126 463 232
s 86 128 972 493
s 86 129 547 269
s 86 131 483 250
s 86 135 1242 650
s 86 136 172 106
s 86 137 303 172
s 86 138 236 122
s 86 145 399 191
s 86 155 259 148
s 87 88 174 90
s 87 89 34 19
s 87 90 212 123
s 87 91 76 39
s 87 92 36 19
s 87 93 279 167
s 87 94 103 54
s 87 95 52 29
s 87 96 439 205
s 87 97 232 113
s 87 98 272 119
s 87 99 85 44
s 87 100 271 133
s 87 101 217 101
s 87 102 51 28
s 87 103 12 5
s 87 104 151 74
s 87 105 184 79
s 87 106 449 224
s 87 107 301 161
s 87 108 536 217
s 87 109 253 117
s 87 110 205 108
s 87 111 44 18
s 87 112 84 36
s 87 113 55 27
s 87 114 122 57
s 87 119 284 149
s 87 120 311 152
s 87 121 131 54
s 87 123 489 219
s 87 126 269 123
s 87 128 584 264
s 87 129 269 117
s 87 131 178 95
s 87 135 626 316
s 87 136 83 46
s 87 137 131 83
s 87 138 90 38
s 87 145 165 89
s 87 155 104 55
s 88 89 14 5
s 88 90 72 37
s 88 91 38 20
s 88 92 13 9
s 88 93 96 54
s 88 94 30 10
s 88 95 28 21
s 88 96 151 82
s 88 97 69 31
s 88 98 109 58
s 88 99 49 25
s 88 100 86 52
s 88 101 65 32
s 88 102 17 5
s 88 103 10 4
s 88 104 61 36
s 88 105 58 25
s 88 106 158 89
s 88 107 85 47
s 88 108 178 88
s 88 109 78 43
s 88 110 86 46
s 88 111 63 36
s 88 112 91 57
s 88 113 17 12
s 88 114 55 28
s 88 119 96 52
s 88 120 103 48
s 88 121 82 42
s 88 123 164 100
s 88 126 82 48
s 88 128 197 113
s 88 129 73 35
s 88 131 97 50
s 88 135 275 162
s 88 136 32 19
s 88 137 53 29
s 88 138 46 22
s 88 145 77 48
s 88 155 28 13
s 89 90 24 17
s 89 91 10 8
s 89 92 5 3
s 89 93 6 3
s 89 94 2 0
s 89 95 1 0
s 89 96 36 24
s 89 97 22 12
s 89 98 12 7
s 89 99 8 4
s 89 100 23 11
s 89 101 19 11
s 89 102 7 1
s 89 104 5 3
s 89 105 33 14
s 89 106 43 17
s 89 107 22 12
s 89 108 40 18
s 89 109 5 1
s 89 110 22 12
s 89 111 9 8
s 89 112 26 15
s 89 113 5 2
s 89 114 5 2
s 89 119 30 14
s 89 120 24 11
s 89 121 17 7
s 89 123 73 39
s 89 126 16 7
s 89 128 49 26
s 89 129 19 11
s 89 131 21 14
s 89 135 40 16
s 89 136 7 3
s 89 137 9 4
s 89 138 2 0
s 89 145 8 3
s 89 155 9 4
s 90 91 79 39
s 90 92 20 12
s 90 93 105 60
s 90 94 70 33
s 90 95 30 21
s 90 96 272 160
s 90 97 79 45
s 90 98 165 91
s 90 99 90 46
s 90 100 348 183
s 90 101 90 52
s 90 102 33 15
s 90 103 11 8
s 90 104 75 41
s 90 105 177 100
s 90 106 237 145
s 90 107 153 97
s 90 108 379 199
s 90 109 213 121
s 90 110 102 51
s 90 111 87 50
s 90 112 201 112
s 90 113 11 6
s 90 114 40 23
s 90 119 214 114
s 90 120 185 96
s 90 121 167 80
s 90 123 354 196
s 90 126 60 35
s 90 128 255 138
s 90 129 98 55
s 90 131 216 122
s 90 135 303 172
s 90 136 50 28
s 90 137 66 45
s 90 138 63 36
s 90 145 119 70
s 90 155 117 75
s 91 92 15 7
s 91 93 115 62
s 91 94 33 14
s 91 95 14 8
s 91 96 127 59
s 91 97 67 30
s 91 98 70 30
s 91 99 61 19
s 91 100 178 93
s 91 101 61 24
s 91 102 30 11
s 91 103 13 8
s 91 104 54 29
s 91 105 106 63
s 91 106 113 66
s 91 107 104 57
s 91 108 159 81
s 91 109 49 19
s 91 110 66 34
s 91 111 40 20
s 91 112 104 57
s 91 113 39 17
s 91 114 30 15
s 91 119 128 73
s 91 120 59 35
s 91 121 74 43
s 91 123 217 110
s 91 126 54 35
s 91 128 156 74
s 91 129 86 40
s 91 131 95 47
s 91 135 143 74
s 91 136 65 38
s 91 137 40 21
s 91 138 85 57
s 91 145 56 29
s 91 155 196 116
s 92 93 19 10
s 92 94 14 10
s 92 95 5 1
s 92 96 23 11
s 92 97 22 11
s 92 98 15 5
s 92 99 8 4
s 92 100 84 46
s 92 101 25 15
s 92 102 2 2
s 92 103 6 1
s 92 104 4 1
s 92 105 27 14
s 92 106 35 19
s 92 107 28 17
s 92 108 28 9
s 92 109 29 10
s 92 110 27 19
s 92 111 18 9
s 92 112 35 24
s 92 113 6 2
s 92 114 20 12
s 92 119 34 17
s 92 120 28 12
s 92 121 43 26
s 92 123 63 35
s 92 126 14 5
s 92 128 59 32
s 92 129 11 5
s 92 131 23 14
s 92 135 42 26
s 92 136 15 7
s 92 137 17 7
s 92 138 9 7
s 92 145 20 14
s 92 155 7 3
s 93 94 14 7
s 93 95 8 3
s 93 96 235 115
s 93 97 110 54
s 93 98 150 74
s 93 99 43 22
s 93 100 251 129
s 93 101 194 100
s 93 102 26 13
s 93 103 10 6
s 93 104 95 52
s 93 105 173 103
s 93 106 162 90
s 93 107 163 83
s 93 108 331 174
s 93 109 28 13
s 93 110 146 65
s 93 111 78 48
s 93 112 192 113
s 93 113 33 16
s 93 114 25 14
s 93 119 259 157
s 93 120 132 66
s 93 121 193 109
s 93 123 409 216
s 93 126 89 50
s 93 128 363 193
s 93 129 105 48
s 93 131 190 94
s 93 135 370 222
s 93 136 53 26
s 93 137 76 46
s 93 138 14 7
s 93 145 36 20
s 93 155 72 45
s 94 95 1 0
s 94 96 114 59
s 94 97 66 32
s 94 98 45 20
s 94 99 22 9
s 94 100 116 50
s 94 101 53 25
s 94 102 16 7
s 94 103 6 2
s 94 104 38 20
s 94 105 76 39
s 94 106 98 49
s 94 107 78 36
s 94 108 129 50
s 94 109 3 2
s 94 110 73 29
s 94 111 17 10
s 94 112 63 30
s 94 113 4 1
s 94 114 7 5
s 94 119 70 39
s 94 120 66 30
s 94 121 92 34
s 94 123 145 68
s 94 126 60 32
s 94 128 159 81
s 94 129 49 18
s 94 131 75 34
s 94 135 116 46
s 94 136 12 7
s 94 137 30 12
s 94 138 1 1
s 94 145 12 7
s 94 155 28 15
s 95 96 60 29
s 95 97 30 10
s 95 98 32 16
s 95 99 12 2
s 95 100 55 29
s 95 101 40 19
s 95 102 4 1
s 95 103 2 1
s 95 104 20 8
s 95 105 41 22
s 95 106 45 21
s 95 107 44 25
s 95 108 70 33
s 95 109 1 0
s 95 110 36 20
s 95 111 29 19
s 95 112 54 22
s 95 113 6 2
s 95 114 3 1
s 95 119 63 28
s 95 120 32 13
s 95 121 46 18
s 95 123 81 32
s 95 126 28 19
s 95 128 98 46
s 95 129 38 17
s 95 131 46 22
s 95 135 83 52
s 95 136 9 6
s 95 137 18 11
s 95 138 1 1
s 95 145 12 4
s 95 155 11 9
s 96 97 75 31
s 96 98 69 35
s 96 99 17 9
s 96 100 524 245
s 96 101 349 156
s 96 102 74 35
s 96 103 28 15
s 96 104 9 4
s 96 105 386 199
s 96 106 590 302
s 96 107 366 191
s 96 108 19 10
s 96 109 269 133
s 96 110 273 133
s 96 111 148 72
s 96 112 431 239
s 96 113 56 26
s 96 114 118 65
s 96 119 570 289
s 96 120 277 143
s 96 121 379 185
s 96 123 1065 526
s 96 126 266 125
s 96 128 785 374
s 96 129 11 6
s 96 131 497 252
s 96 135 46 24
s 96 136 77 39
s 96 137 54 28
s 96 138 156 68
s 96 145 201 101
s 96 155 55 29
s 97 98 66 27
s 97 99 34 9
s 97 100 230 115
s 97 101 166 80
s 97 102 32 18
s 97 103 17 7
s 97 104 41 17
s 97 105 383 196
s 97 106 189 86
s 97 107 122 52
s 97 108 116 44
s 97 109 95 55
s 97 110 178 87
s 97 111 112 55
s 97 112 158 88
s 97 113 39 18
s 97 114 66 29
s 97 119 206 94
s 97 120 89 47
s 97 121 171 84
s 97 123 292 142
s 97 126 85 45
s 97 128 359 169
s 97 129 61 29
s 97 131 210 108
s 97 135 172 86
s 97 136 48 16
s 97 137 46 23
s 97 138 56 26
s 97 145 94 33
s 97 155 34 13
s 98 99 15 4
s 98 100 321 152
s 98 101 165 71
s 98 102 27 11
s 98 103 10 4
s 98 104 21 9
s 98 105 235 118
s 98 106 332 174
s 98 107 219 119
s 98 108 76 32
s 98 109 138 70
s 98 110 136 63
s 98 111 93 42
s 98 112 248 125
s 98 113 54 22
s 98 114 67 25
s 98 119 333 173
s 98 120 154 70
s 98 121 194 83
s 98 123 484 193
s 98 126 112 44
s 98 128 452 202
s 98 129 41 22
s 98 131 266 121
s 98 135 106 47
s 98 136 57 24
s 98 137 38 17
s 98 138 57 28
s 98 145 131 67
s 98 155 61 29
s 99 100 101 35
s 99 101 72 30
s 99 102 17 8
s 99 103 8 6
s 99 104 14 6
s 99 105 63 21
s 99 106 91 37
s 99 107 59 25
s 99 108 19 11
s 99 109 44 19
s 99 110 34 15
s 99 111 34 15
s 99 112 50 28
s 99 113 18 4
s 99 114 30 15
s 99 119 74 39
s 99 120 61 25
s 99 121 77 33
s 99 123 171 79
s 99 126 45 18
s 99 128 115 49
s 99 129 11 6
s 99 131 88 37
s 99 135 32 17
s 99 136 29 11
s 99 137 12 7
s 99 138 20 8
s 99 145 29 12
s 99 155 19 10
s 100 101 298 139
s 100 102 41 16
s 100 103 10 2
s 100 104 158 80
s 100 105 301 160
s 100 106 651 350
s 100 107 363 171
s 100 108 671 346
s 100 109 353 176
s 100 110 273 150
s 100 111 110 46
s 100 112 188 103
s 100 113 88 43
s 100 114 130 64
s 100 119 376 198
s 100 120 387 195
s 100 121 248 120
s 100 123 690 351
s 100 126 291 143
s 100 128 754 363
s 100 129 271 119
s 100 131 295 135
s 100 135 943 507
s 100 136 79 34
s 100 137 153 84
s 100 138 191 94
s 100 145 195 91
s 100 155 154 93
s 101 102 53 29
s 101 103 11 9
s 101 104 364 179
s 101 105 89 40
s 101 106 347 169
s 101 107 201 104
s 101 108 308 129
s 101 109 150 58
s 101 110 112 65
s 101 111 73 34
s 101 112 132 68
s 101 113 46 20
s 101 114 104 45
s 101 119 132 62
s 101 120 174 96
s 101 121 124 56
s 101 123 225 97
s 101 126 162 89
s 101 128 321 153
s 101 129 177 76
s 101 131 117 59
s 101 135 383 212
s 101 136 64 36
s 101 137 125 65
s 101 138 92 42
s 101 145 110 57
s 101 155 74 42
s 102 103 1 1
s 102 104 39 18
s 102 105 32 17
s 102 106 56 27
s 102 107 45 22
s 102 108 70 30
s 102 109 26 14
s 102 110 44 24
s 102 111 13 5
s 102 112 26 7
s 102 113 14 5
s 102 114 12 8
s 102 119 39 20
s 102 120 44 18
s 102 121 41 25
s 102 123 94 43
s 102 126 32 14
s 102 128 110 48
s 102 129 37 17
s 102 131 23 9
s 102 135 62 34
s 102 136 17 9
s 102 137 23 12
s 102 138 24 14
s 102 145 23 11
s 102 155 10 7
s 103 104 10 7
s 103 105 14 9
s 103 106 32 18
s 103 107 18 13
s 103 108 24 12
s 103 109 6 2
s 103 110 4 2
s 103 111 6 2
s 103 112 14 7
s 103 113 4 1
s 103 114 5 2
s 103 119 23 9
s 103 120 16 6
s 103 121 16 8
s 103 123 36 14
s 103 126 18 12
s 103 128 32 17
s 103 129 12 6
s 103 131 13 8
s 103 135 25 15
s 103 136 4 4
s 103 137 7 3
s 103 138 12 8
s 103 145 10 6
s 103 155 7 5
s 104 105 124 66
s 104 106 142 74
s 104 107 95 41
s 104 108 17 7
s 104 109 86 49
s 104 110 93 47
s 104 111 59 31
s 104 112 82 37
s 104 113 31 11
s 104 114 46 24
s 104 119 121 72
s 104 120 71 41
s 104 121 151 79
s 104 123 211 97
s 104 126 67 26
s 104 128 234 119
s 104 129 7 3
s 104 131 107 60
s 104 135 55 26
s 104 136 41 20
s 104 137 20 12
s 104 138 37 20
s 104 145 54 23
s 104 155 19 17
s 105 106 437 260
s 105 107 268 133
s 105 108 390 184
s 105 109 186 105
s 105 110 114 57
s 105 111 81 45
s 105 112 219 131
s 105 113 55 29
s 105 114 78 44
s 105 119 164 91
s 105 120 273 139
s 105 121 136 74
s 105 123 284 145
s 105 126 202 110
s 105 128 335 156
s 105 129 138 68
s 105 131 160 88
s 105 135 480 238
s 105 136 51 28
s 105 137 132 65
s 105 138 74 39
s 105 145 172 86
s 105 155 141 88
s 106 107 142 85
s 106 108 761 381
s 106 109 340 196
s 106 110 263 136
s 106 111 184 98
s 106 112 518 289
s 106 113 18 10
s 106 114 67 39
s 106 119 709 374
s 106 120 91 38
s 106 121 396 200
s 106 123 1165 596
s 106 126 13 5
s 106 128 585 305
s 106 129 211 112
s 106 131 556 306
s 106 135 836 427
s 106 136 73 35
s 106 137 124 64
s 106 138 136 69
s 106 145 195 110
s 106 155 276 179
s 107 108 411 194
s 107 109 197 116
s 107 110 176 87
s 107 111 140 77
s 107 112 344 205
s 107 113 26 10
s 107 114 71 41
s 107 119 413 225
s 107 120 99 48
s 107 121 280 144
s 107 123 594 296
s 107 126 55 31
s 107 128 400 186
s 107 129 140 71
s 107 131 335 182
s 107 135 456 249
s 107 136 53 26
s 107 137 88 51
s 107 138 97 40
s 107 145 162 88
s 107 155 161 97
s 108 109 357 164
s 108 110 265 108
s 108 111 222 115
s 108 112 515 252
s 108 113 103 48
s 108 114 154 74
s 108 119 709 309
s 108 120 350 149
s 108 121 339 153
s 108 123 1115 473
s 108 126 353 159
s 108 128 916 385
s 108 129 17 4
s 108 131 537 258
s 108 135 62 26
s 108 136 112 55
s 108 137 67 28
s 108 138 152 68
s 108 145 274 120
s 108 155 97 49
s 109 110 121 56
s 109 111 90 49
s 109 112 217 122
s 109 113 23 10
s 109 114 22 12
s 109 119 275 142
s 109 120 197 95
s 109 121 179 85
s 109 123 437 204
s 109 126 125 66
s 109 128 367 167
s 109 129 142 75
s 109 131 243 132
s 109 135 309 158
s 109 136 48 26
s 109 137 73 47
s 109 138 4 1
s 109 145 29 17
s 109 155 91 48
s 110 111 77 36
s 110 112 138 70
s 110 113 46 23
s 110 114 74 34
s 110 119 195 90
s 110 120 167 80
s 110 121 139 67
s 110 123 284 123
s 110 126 104 56
s 110 128 396 188
s 110 129 238 105
s 110 131 163 92
s 110 135 306 167
s 110 136 58 29
s 110 137 92 43
s 110 138 54 29
s 110 145 81 34
s 110 155 70 45
s 111 112 38 20
s 111 113 37 15
s 111 114 58 23
s 111 119 114 56
s 111 120 94 46
s 111 121 52 24
s 111 123 192 84
s 111 126 96 48
s 111 128 213 95
s 111 129 100 41
s 111 131 48 25
s 111 135 277 138
s 111 136 49 24
s 111 137 71 38
s 111 138 32 16
s 111 145 66 32
s 111 155 36 15
s 112 113 54 27
s 112 114 65 35
s 112 119 408 232
s 112 120 357 197
s 112 121 98 46
s 112 123 561 302
s 112 126 167 99
s 112 128 446 219
s 112 129 127 68
s 112 131 184 97
s 112 135 502 253
s 112 136 53 33
s 112 137 108 65
s 112 138 70 34
s 112 145 270 139
s 112 155 159 86
s 113 114 13 7
s 113 119 62 26
s 113 120 11 6
s 113 121 54 30
s 113 123 117 55
s 113 126 11 6
s 113 128 80 35
s 113 129 35 16
s 113 131 66 36
s 113 135 112 55
s 113 136 12 6
s 113 137 16 7
s 113 138 9 8
s 113 145 26 9
s 113 155 15 11
s 114 119 117 66
s 114 120 56 29
s 114 121 72 33
s 114 123 178 89
s 114 126 46 23
s 114 128 172 95
s 114 129 75 34
s 114 131 71 39
s 114 135 146 78
s 114 136 24 10
s 114 137 29 15
s 114 138 9 3
s 114 145 20 5
s 114 155 30 20
s 119 120 413 222
s 119 121 147 71
s 119 123 347 159
s 119 126 265 140
s 119 128 493 239
s 119 129 278 124
s 119 131 242 113
s 119 135 730 374
s 119 136 89 43
s 119 137 160 90
s 119 138 98 42
s 119 145 246 113
s 119 155 219 135
s 120 121 224 111
s 120 123 648 298
s 120 126 34 17
s 120 128 382 190
s 120 129 107 48
s 120 131 304 119
s 120 135 382 186
s 120 136 56 22
s 120 137 54 26
s 120 138 78 41
s 120 145 100 44
s 120 155 71 45
s 121 123 235 110
s 121 126 202 87
s 121 128 418 188
s 121 129 149 71
s 121 131 148 78
s 121 135 549 301
s 121 136 96 49
s 121 137 215 119
s 121 138 75 31
s 121 145 166 83
s 121 155 91 64
s 123 126 413 201
s 123 128 774 355
s 123 129 313 141
s 123 131 438 186
s 123 135 1066 510
s 123 136 128 73
s 123 137 219 118
s 123 138 212 100
s 123 145 386 177
s 123 155 312 165
s 126 128 299 136
s 126 129 140 66
s 126 131 229 99
s 126 135 387 192
s 126 136 34 18
s 126 137 47 25
s 126 138 50 19
s 126 145 75 29
s 126 155 84 44
s 128 129 543 256
s 128 131 503 244
s 128 135 924 448
s 128 136 138 71
s 128 137 227 118
s 128 138 173 78
s 128 145 236 111
s 128 155 168 89
s 129 131 170 78
s 129 135 41 16
s 129 136 55 26
s 129 137 19 10
s 129 138 70 32
s 129 145 83 31
s 129 155 28 13
s 131 135 586 303
s 131 136 65 37
s 131 137 148 89
s 131 138 110 56
s 131 145 227 124
s 131 155 164 91
s 135 136 105 58
s 135 137 102 54
s 135 138 173 86
s 135 145 252 130
s 135 155 79 42
s 136 137 30 20
s 136 138 35 14
s 136 145 33 20
s 136 155 28 19
s 137 138 33 17
s 137 145 49 23
s 137 155 34 20
s 138 145 14 7
s 138 155 58 43
s 145 155 78 46
v 1 2 97 37
v 1 3 56 35
v 1 4 23 7
v 1 5 69 33
v 1 6 100 48
v 1 7 69 32
v 1 8 115 55
v 1 9 113 46
v 1 10 49 24
v 1 11 159 64
v 1 12 106 53
v 1 13 60 33
v 1 14 178 83
v 1 15 72 46
v 1 16 43 25
v 1 17 166 77
v 1 18 97 37
v 1 19 87 52
v 1 20 135 70
v 1 21 133 63
v 1 22 136 70
v 1 23 30 12
v 1 25 257 127
v 1 26 286 137
v 1 27 137 62
v 1 28 124 55
v 1 29 125 66
v 1 30 127 64
v 1 31 221 124
v 1 32 18 6
v 1 33 26 11
v 1 34 74 37
v 1 35 54 28
v 1 36 137 71
v 1 37 33 20
v 1 38 40 17
v 1 39 90 55
v 1 40 21 10
v 1 41 70 43
v 1 42 77 37
v 1 43 55 24
v 1 44 59 29
v 1 45 25 11
v 1 46 45 15
v 1 47 50 28
v 1 48 140 69
v 1 49 80 40
v 1 50 46 25
v 1 51 83 40
v 1 52 25 13
v 1 53 62 35
v 1 54 220 110
v 1 55 144 70
v 1 56 31 15
v 1 57 12 3
v 1 58 16 9
v 1 59 34 17
v 1 60 79 41
v 1 61 10 6
v 1 62 57 20
v 1 63 30 16
v 1 64 100 45
v 1 65 15 10
v 1 66 5 2
v 1 67 99 50
v 1 68 41 19
v 1 69 157 80
v 1 70 105 55
v 1 71 122 49
v 1 72 29 13
v 1 73 22 16
v 1 74 221 97
v 1 75 110 49
v 1 76 184 82
v 1 77 19 12
v 1 78 48 26
v 1 79 64 44
v 1 80 38 20
v 1 81 12 3
v 1 82 24 12
v 1 83 54 25
v 1 84 121 72
v 1 85 211 101
v 1 86 345 160
v 1 87 116 44
v 1 88 66 25
v 1 89 5 1
v 1 90 120 50
v 1 91 75 32
v 1 92 18 6
v 1 93 90 39
v 1 94 65 35
v 1 95 24 10
v 1 96 89 43
v 1 97 85 36
v 1 98 128 70
v 1 99 31 20
v 1 100 143 69
v 1 101 180 76
v 1 102 30 23
v 1 103 4 0
v 1 104 76 26
v 1 105 125 52
v 1 106 125 55
v 1 107 106 51
v 1 108 151 72
v 1 109 88 38
v 1 110 55 31
v 1 111 83 47
v 1 112 136 54
v 1 113 32 13
v 1 114 47 24
v 1 119 136 72
v 1 120 54 25
v 1 121 158 83
v 1 123 192 90
v 1 126 63 27
v 1 128 228 113
v 1 129 96 49
v 1 131 133 59
v 1 135 204 103
v 1 136 24 6
v 1 137 58 21
v 1 138 24 11
v 1 145 56 24
v 1 155 87 40
v 2 3 219 98
v 2 4 42 15
v 2 5 237 104
v 2 6 511 262
v 2 7 306 123
v 2 8 347 164
v 2 9 535 226
v 2 10 72 35
v 2 11 951 455
v 2 12 228 111
v 2 13 203 89
v 2 14 720 323
v 2 15 318 154
v 2 16 132 60
v 2 17 272 147
v 2 18 325 150
v 2 19 417 197
v 2 20 560 258
v 2 21 707 348
v 2 22 340 154
v 2 23 158 76
v 2 25 928 434
v 2 26 1079 564
v 2 27 492 245
v 2 28 593 264
v 2 29 503 251
v 2 30 494 242
v 2 31 724 358
v 2 32 61 30
v 2 33 158 61
v 2 34 164 79
v 2 35 209 129
v 2 36 738 336
v 2 37 163 76
v 2 38 182 75
v 2 39 344 165
v 2 40 56 31
v 2 41 191 96
v 2 42 165 84
v 2 43 187 98
v 2 44 93 45
v 2 45 61 32
v 2 46 224 103
v 2 47 276 131
v 2 48 495 236
v 2 49 360 143
v 2 50 242 119
v 2 51 371 178
v 2 52 110 43
v 2 53 258 118
v 2 54 1017 430
v 2 55 394 169
v 2 56 156 73
v 2 57 46 22
v 2 58 95 44
v 2 59 85 52
v 2 60 646 287
v 2 61 31 19
v 2 62 278 104
v 2 63 95 48
v 2 64 369 182
v 2 65 72 28
v 2 66 22 8
v 2 67 442 199
v 2 68 142 73
v 2 69 437 203
v 2 70 502 273
v 2 71 548 255
v 2 72 95 46
v 2 73 84 36
v 2 74 724 318
v 2 75 319 146
v 2 76 351 158
v 2 77 94 35
v 2 78 188 69
v 2 79 235 114
v 2 80 234 97
v 2 81 65 32
v 2 82 48 22
v 2 83 348 155
v 2 84 409 176
v 2 85 1002 463
v 2 86 1165 536
v 2 87 519 252
v 2 88 186 78
v 2 89 16 5
v 2 90 331 146
v 2 91 233 103
v 2 92 57 29
v 2 93 216 101
v 2 94 112 61
v 2 95 57 29
v 2 96 680 330
v 2 97 331 172
v 2 98 430 217
v 2 99 141 77
v 2 100 715 324
v 2 101 393 195
v 2 102 116 54
v 2 103 33 14
v 2 104 232 116
v 2 105 409 197
v 2 106 729 316
v 2 107 437 193
v 2 108 810 427
v 2 109 187 89
v 2 110 347 166
v 2 111 290 120
v 2 112 392 173
v 2 113 96 51
v 2 114 226 102
v 2 119 628 298
v 2 120 396 201
v 2 121 451 208
v 2 123 1030 516
v 2 126 331 173
v 2 128 914 459
v 2 129 328 171
v 2 131 502 222
v 2 135 1060 463
v 2 136 158 82
v 2 137 206 87
v 2 138 101 53
v 2 145 225 122
v 2 155 168 61
v 3 4 21 8
v 3 5 66 27
v 3 6 169 93
v 3 7 112 61
v 3 8 92 48
v 3 9 263 124
v 3 10 28 17
v 3 11 264 140
v 3 12 143 76
v 3 13 101 51
v 3 14 190 94
v 3 15 69 38
v 3 16 51 26
v 3 17 118 44
v 3 18 112 49
v 3 19 193 113
v 3 20 182 100
v 3 21 260 130
v 3 22 137 76
v 3 23 52 37
v 3 25 298 154
v 3 26 321 176
v 3 27 117 64
v 3 28 175 96
v 3 29 235 123
v 3 30 152 79
v 3 31 215 106
v 3 32 19 13
v 3 33 82 31
v 3 34 58 38
v 3 35 64 36
v 3 36 186 84
v 3 37 52 28
v 3 38 94 46
v 3 39 82 47
v 3 40 18 9
v 3 41 48 25
v 3 42 53 26
v 3 43 49 26
v 3 44 30 13
v 3 45 16 9
v 3 46 54 34
v 3 47 89 45
v 3 48 183 104
v 3 49 140 64
v 3 50 41 20
v 3 51 134 64
v 3 52 29 17
v 3 53 122 58
v 3 54 317 179
v 3 55 166 83
v 3 56 74 42
v 3 57 15 9
v 3 58 28 14
v 3 59 31 13
v 3 60 229 119
v 3 61 24 10
v 3 62 156 71
v 3 63 28 17
v 3 64 98 48
v 3 65 25 11
v 3 66 8 5
v 3 67 151 60
v 3 68 36 18
v 3 69 151 70
v 3 70 156 81
v 3 71 199 95
v 3 72 24 10
v 3 73 34 16
v 3 74 241 124
v 3 75 214 113
v 3 76 165 81
v 3 77 65 23
v 3 78 71 35
v 3 79 137 75
v 3 80 86 42
v 3 81 25 14
v 3 82 16 9
v 3 83 115 51
v 3 84 94 47
v 3 85 375 203
v 3 86 386 186
v 3 87 157 86
v 3 88 76 27
v 3 89 16 10
v 3 90 172 85
v 3 91 71 37
v 3 92 22 6
v 3 93 132 56
v 3 94 42 20
v 3 95 18 8
v 3 96 233 114
v 3 97 93 54
v 3 98 85 56
v 3 99 34 19
v 3 100 236 134
v 3 101 102 46
v 3 102 49 23
v 3 103 14 9
v 3 104 54 19
v 3 105 192 98
v 3 106 261 124
v 3 107 202 105
v 3 108 265 146
v 3 109 135 71
v 3 110 109 55
v 3 111 80 49
v 3 112 220 96
v 3 113 28 16
v 3 114 35 13
v 3 119 253 126
v 3 120 131 79
v 3 121 162 88
v 3 123 457 249
v 3 126 120 67
v 3 128 296 162
v 3 129 77 48
v 3 131 308 173
v 3 135 306 153
v 3 136 42 24
v 3 137 61 33
v 3 138 39 22
v 3 145 102 53
v 3 155 89 43
v 4 5 26 14
v 4 6 30 16
v 4 7 27 14
v 4 8 24 11
v 4 9 51 17
v 4 10 9 5
v 4 11 63 36
v 4 12 35 13
v 4 13 28 10
v 4 14 49 27
v 4 15 13 6
v 4 16 17 10
v 4 17 24 10
v 4 18 24 10
v 4 19 36 20
v 4 20 39 21
v 4 21 87 37
v 4 22 22 11
v 4 23 17 12
v 4 25 49 23
v 4 26 77 45
v 4 27 42 19
v 4 28 40 15
v 4 29 28 17
v 4 30 34 16
v 4 31 54 27
v 4 32 7 6
v 4 33 10 4
v 4 34 7 4
v 4 35 21 10
v 4 36 36 15
v 4 37 13 9
v 4 38 13 9
v 4 39 32 18
v 4 40 4 3
v 4 41 13 8
v 4 42 17 10
v 4 43 19 14
v 4 44 14 7
v 4 45 7 5
v 4 46 14 9
v 4 47 26 14
v 4 48 33 23
v 4 49 24 15
v 4 50 11 4
v 4 51 34 15
v 4 52 5 3
v 4 53 13 9
v 4 54 61 26
v 4 55 44 24
v 4 56 13 6
v 4 57 6 4
v 4 58 10 7
v 4 59 12 5
v 4 60 98 52
v 4 61 5 4
v 4 62 24 12
v 4 63 11 7
v 4 64 32 17
v 4 65 11 6
v 4 66 7 5
v 4 67 23 15
v 4 68 10 2
v 4 69 17 7
v 4 70 30 11
v 4 71 74 42
v 4 72 11 8
v 4 73 9 5
v 4 74 46 26
v 4 75 33 16
v 4 76 13 9
v 4 77 14 9
v 4 78 12 6
v 4 79 16 9
v 4 80 10 5
v 4 81 6 3
v 4 82 3 2
v 4 83 16 6
v 4 84 39 15
v 4 85 71 38
v 4 86 62 21
v 4 87 56 32
v 4 88 29 14
v 4 89 2 2
v 4 90 25 12
v 4 91 16 8
v 4 92 3 1
v 4 93 133 74
v 4 94 13 7
v 4 95 11 6
v 4 96 45 17
v 4 97 22 11
v 4 98 38 21
v 4 99 9 5
v 4 100 60 28
v 4 101 28 12
v 4 102 7 6
v 4 103 3 0
v 4 104 17 6
v 4 105 32 21
v 4 106 37 17
v 4 107 48 20
v 4 108 34 20
v 4 109 19 11
v 4 110 32 18
v 4 111 15 9
v 4 112 33 14
v 4 113 6 2
v 4 114 10 6
v 4 119 42 23
v 4 120 129 79
v 4 121 39 17
v 4 123 68 41
v 4 126 19 9
v 4 128 67 32
v 4 129 13 7
v 4 131 33 19
v 4 135 62 26
v 4 136 12 6
v 4 137 13 3
v 4 138 15 7
v 4 145 12 7
v 4 155 15 7
v 5 6 114 58
v 5 7 90 42
v 5 8 135 63
v 5 9 187 98
v 5 10 43 29
v 5 11 292 154
v 5 12 96 53
v 5 13 62 34
v 5 14 200 96
v 5 15 79 37
v 5 16 24 11
v 5 17 106 59
v 5 18 121 59
v 5 19 126 72
v 5 20 171 87
v 5 21 238 117
v 5 22 115 55
v 5 23 50 24
v 5 25 259 137
v 5 26 348 180
v 5 27 173 93
v 5 28 154 84
v 5 29 142 78
v 5 30 167 81
v 5 31 245 130
v 5 32 25 15
v 5 33 47 22
v 5 34 36 17
v 5 35 108 52
v 5 36 155 74
v 5 37 93 46
v 5 38 65 30
v 5 39 124 75
v 5 40 22 12
v 5 41 75 38
v 5 42 57 27
v 5 43 64 30
v 5 44 42 26
v 5 45 17 7
v 5 46 63 26
v 5 47 94 53
v 5 48 178 79
v 5 49 114 63
v 5 50 51 28
v 5 51 98 47
v 5 52 36 9
v 5 53 108 60
v 5 54 263 128
v 5 55 104 55
v 5 56 46 28
v 5 57 17 11
v 5 58 53 32
v 5 59 41 22
v 5 60 183 91
v 5 61 8 5
v 5 62 105 43
v 5 63 34 18
v 5 64 121 66
v 5 65 20 13
v 5 66 9 3
v 5 67 110 50
v 5 68 32 15
v 5 69 131 61
v 5 70 91 40
v 5 71 203 88
v 5 72 43 25
v 5 73 37 11
v 5 74 205 97
v 5 75 114 58
v 5 76 108 56
v 5 77 25 13
v 5 78 44 20
v 5 79 51 24
v 5 80 64 32
v 5 81 21 13
v 5 82 14 7
v 5 83 95 39
v 5 84 158 69
v 5 85 245 114
v 5 86 372 180
v 5 87 192 102
v 5 88 78 35
v 5 89 16 11
v 5 90 106 48
v 5 91 55 27
v 5 92 22 14
v 5 93 122 60
v 5 94 29 15
v 5 95 44 22
v 5 96 185 96
v 5 97 90 39
v 5 98 84 47
v 5 99 57 31
v 5 100 200 112
v 5 101 139 76
v 5 102 26 9
v 5 103 6 2
v 5 104 101 42
v 5 105 101 46
v 5 106 208 102
v 5 107 120 60
v 5 108 193 102
v 5 109 81 43
v 5 110 102 51
v 5 111 53 25
v 5 112 121 69
v 5 113 31 9
v 5 114 50 27
v 5 119 172 80
v 5 120 100 57
v 5 121 126 64
v 5 123 325 170
v 5 126 94 48
v 5 128 267 134
v 5 129 105 55
v 5 131 117 61
v 5 135 232 101
v 5 136 46 27
v 5 137 64 29
v 5 138 38 21
v 5 145 72 37
v 5 155 66 30
v 6 7 182 85
v 6 8 161 74
v 6 9 264 102
v 6 10 60 28
v 6 11 675 338
v 6 12 235 101
v 6 13 123 58
v 6 14 341 144
v 6 15 112 53
v 6 16 78 35
v 6 17 177 89
v 6 18 207 85
v 6 19 230 97
v 6 20 301 157
v 6 21 455 206
v 6 22 225 104
v 6 23 87 32
v 6 25 486 219
v 6 26 669 361
v 6 27 297 154
v 6 28 315 154
v 6 29 302 148
v 6 30 264 129
v 6 31 489 222
v 6 32 31 12
v 6 33 73 20
v 6 34 99 41
v 6 35 186 81
v 6 36 321 165
v 6 37 79 47
v 6 38 98 39
v 6 39 203 95
v 6 40 44 19
v 6 41 134 64
v 6 42 104 41
v 6 43 119 64
v 6 44 99 47
v 6 45 33 11
v 6 46 80 39
v 6 47 144 69
v 6 48 369 168
v 6 49 173 68
v 6 50 91 42
v 6 51 205 87
v 6 52 63 36
v 6 53 171 72
v 6 54 615 233
v 6 55 207 70
v 6 56 80 36
v 6 57 37 20
v 6 58 61 28
v 6 59 64 28
v 6 60 276 135
v 6 61 35 14
v 6 62 132 43
v 6 63 59 27
v 6 64 251 113
v 6 65 40 18
v 6 66 20 12
v 6 67 393 171
v 6 68 74 38
v 6 69 216 93
v 6 70 205 109
v 6 71 306 135
v 6 72 41 21
v 6 73 58 24
v 6 74 420 200
v 6 75 201 100
v 6 76 173 84
v 6 77 59 21
v 6 78 77 30
v 6 79 157 68
v 6 80 125 57
v 6 81 32 18
v 6 82 23 9
v 6 83 210 85
v 6 84 260 129
v 6 85 588 258
v 6 86 667 280
v 6 87 292 134
v 6 88 126 51
v 6 89 18 7
v 6 90 214 79
v 6 91 110 45
v 6 92 35 23
v 6 93 169 75
v 6 94 56 23
v 6 95 31 17
v 6 96 391 156
v 6 97 177 78
v 6 98 270 123
v 6 99 118 69
v 6 100 388 176
v 6 101 259 119
v 6 102 68 25
v 6 103 19 10
v 6 104 84 39
v 6 105 231 85
v 6 106 434 165
v 6 107 226 90
v 6 108 470 246
v 6 109 154 64
v 6 110 215 101
v 6 111 156 78
v 6 112 261 103
v 6 113 53 28
v 6 114 83 33
v 6 119 329 126
v 6 120 237 115
v 6 121 296 142
v 6 123 647 309
v 6 126 192 92
v 6 128 556 272
v 6 129 181 92
v 6 131 304 136
v 6 135 487 206
v 6 136 71 34
v 6 137 106 46
v 6 138 110 52
v 6 145 156 71
v 6 155 120 39
v 7 8 153 61
v 7 9 236 92
v 7 10 39 22
v 7 11 323 165
v 7 12 269 126
v 7 13 106 62
v 7 14 274 138
v 7 15 73 39
v 7 16 76 46
v 7 17 109 47
v 7 18 151 81
v 7 19 136 77
v 7 20 241 124
v 7 21 283 139
v 7 22 116 62
v 7 23 66 35
v 7 25 322 157
v 7 26 474 245
v 7 27 228 130
v 7 28 236 116
v 7 29 176 93
v 7 30 191 106
v 7 31 296 138
v 7 32 25 15
v 7 33 80 36
v 7 34 78 37
v 7 35 81 45
v 7 36 217 115
v 7 37 50 29
v 7 38 83 45
v 7 39 139 73
v 7 40 27 16
v 7 41 76 45
v 7 42 76 42
v 7 43 70 36
v 7 44 66 33
v 7 45 28 14
v 7 46 95 53
v 7 47 118 59
v 7 48 232 123
v 7 49 160 67
v 7 50 71 45
v 7 51 127 62
v 7 52 41 19
v 7 53 129 68
v 7 54 382 181
v 7 55 150 69
v 7 56 72 38
v 7 57 26 13
v 7 58 36 16
v 7 59 43 25
v 7 60 256 117
v 7 61 33 17
v 7 62 108 51
v 7 63 53 27
v 7 64 147 80
v 7 65 33 22
v 7 66 21 11
v 7 67 151 69
v 7 68 68 40
v 7 69 188 86
v 7 70 173 88
v 7 71 277 138
v 7 72 36 17
v 7 73 41 18
v 7 74 298 151
v 7 75 136 71
v 7 76 143 57
v 7 77 34 14
v 7 78 65 35
v 7 79 106 63
v 7 80 90 45
v 7 81 49 29
v 7 82 24 14
v 7 83 135 64
v 7 84 194 106
v 7 85 401 205
v 7 86 489 223
v 7 87 230 111
v 7 88 103 46
v 7 89 17 11
v 7 90 127 51
v 7 91 75 37
v 7 92 21 11
v 7 93 120 50
v 7 94 56 32
v 7 95 28 9
v 7 96 227 122
v 7 97 159 87
v 7 98 187 88
v 7 99 60 34
v 7 100 297 156
v 7 101 171 91
v 7 102 35 19
v 7 103 21 9
v 7 104 101 46
v 7 105 168 75
v 7 106 323 142
v 7 107 218 102
v 7 108 292 154
v 7 109 105 47
v 7 110 154 87
v 7 111 101 53
v 7 112 210 105
v 7 113 45 18
v 7 114 67 37
v 7 119 239 117
v 7 120 190 94
v 7 121 232 111
v 7 123 416 208
v 7 126 133 66
v 7 128 369 179
v 7 129 109 52
v 7 131 211 101
v 7 135 373 173
v 7 136 52 30
v 7 137 91 43
v 7 138 65 38
v 7 145 114 62
v 7 155 76 39
v 8 9 277 155
v 8 10 69 34
v 8 11 433 221
v 8 12 159 94
v 8 13 106 57
v 8 14 282 145
v 8 15 99 54
v 8 16 69 41
v 8 17 159 92
v 8 18 177 99
v 8 19 167 90
v 8 20 292 157
v 8 21 368 201
v 8 22 147 68
v 8 23 97 47
v 8 25 460 254
v 8 26 560 316
v 8 27 288 160
v 8 28 223 121
v 8 29 221 118
v 8 30 233 141
v 8 31 425 228
v 8 32 50 31
v 8 33 62 24
v 8 34 67 47
v 8 35 147 84
v 8 36 289 156
v 8 37 74 45
v 8 38 54 21
v 8 39 174 90
v 8 40 48 25
v 8 41 116 59
v 8 42 130 67
v 8 43 90 53
v 8 44 91 57
v 8 45 35 22
v 8 46 127 66
v 8 47 130 62
v 8 48 290 158
v 8 49 181 95
v 8 50 56 30
v 8 51 190 103
v 8 52 45 24
v 8 53 141 89
v 8 54 677 364
v 8 55 154 79
v 8 56 76 40
v 8 57 28 18
v 8 58 55 26
v 8 59 38 23
v 8 60 270 142
v 8 61 21 10
v 8 62 136 62
v 8 63 38 22
v 8 64 214 119
v 8 65 42 22
v 8 66 9 2
v 8 67 199 108
v 8 68 69 33
v 8 69 152 74
v 8 70 211 113
v 8 71 282 134
v 8 72 48 33
v 8 73 38 21
v 8 74 391 211
v 8 75 193 108
v 8 76 162 75
v 8 77 32 15
v 8 78 87 52
v 8 79 100 57
v 8 80 99 54
v 8 81 41 20
v 8 82 21 5
v 8 83 154 60
v 8 84 257 142
v 8 85 461 244
v 8 86 601 308
v 8 87 372 190
v 8 88 150 75
v 8 89 19 9
v 8 90 162 72
v 8 91 85 40
v 8 92 35 15
v 8 93 178 97
v 8 94 60 37
v 8 95 38 19
v 8 96 301 170
v 8 97 168 97
v 8 98 111 59
v 8 99 43 25
v 8 100 272 133
v 8 101 243 128
v 8 102 46 24
v 8 103 20 13
v 8 104 105 51
v 8 105 283 146
v 8 106 340 173
v 8 107 230 116
v 8 108 675 405
v 8 109 108 51
v 8 110 377 201
v 8 111 94 56
v 8 112 133 66
v 8 113 57 28
v 8 114 73 40
v 8 119 331 187
v 8 120 213 124
v 8 121 231 136
v 8 123 520 280
v 8 126 171 91
v 8 128 529 289
v 8 129 278 160
v 8 131 166 86
v 8 135 450 236
v 8 136 69 36
v 8 137 95 40
v 8 138 77 36
v 8 145 120 63
v 8 155 76 32
v 9 10 85 49
v 9 11 633 330
v 9 12 267 152
v 9 13 191 100
v 9 14 466 262
v 9 15 199 115
v 9 16 98 60
v 9 17 274 155
v 9 18 356 197
v 9 19 297 163
v 9 20 326 178
v 9 21 646 332
v 9 22 230 126
v 9 23 90 48
v 9 25 696 359
v 9 26 713 434
v 9 27 305 159
v 9 28 511 270
v 9 29 341 196
v 9 30 363 193
v 9 31 522 288
v 9 32 38 22
v 9 33 167 74
v 9 34 114 65
v 9 35 187 110
v 9 36 431 225
v 9 37 78 44
v 9 38 131 66
v 9 39 230 139
v 9 40 42 23
v 9 41 144 71
v 9 42 105 49
v 9 43 136 68
v 9 44 87 60
v 9 45 38 20
v 9 46 155 81
v 9 47 173 93
v 9 48 418 219
v 9 49 354 184
v 9 50 120 67
v 9 51 325 181
v 9 52 65 30
v 9 53 242 135
v 9 54 748 419
v 9 55 364 174
v 9 56 116 62
v 9 57 39 23
v 9 58 105 51
v 9 59 81 41
v 9 60 460 239
v 9 61 26 16
v 9 62 314 134
v 9 63 84 53
v 9 64 272 147
v 9 65 41 18
v 9 66 18 9
v 9 67 266 136
v 9 68 93 57
v 9 69 373 185
v 9 70 239 144
v 9 71 455 237
v 9 72 68 31
v 9 73 57 31
v 9 74 523 292
v 9 75 215 122
v 9 76 302 154
v 9 77 69 32
v 9 78 99 53
v 9 79 172 94
v 9 80 177 88
v 9 81 42 24
v 9 82 42 26
v 9 83 229 106
v 9 84 261 146
v 9 85 781 438
v 9 86 915 469
v 9 87 446 230
v 9 88 141 72
v 9 89 27 14
v 9 90 289 130
v 9 91 169 94
v 9 92 56 24
v 9 93 303 130
v 9 94 73 39
v 9 95 32 11
v 9 96 534 263
v 9 97 217 126
v 9 98 265 156
v 9 99 75 54
v 9 100 549 295
v 9 101 316 175
v 9 102 69 39
v 9 103 34 24
v 9 104 120 56
v 9 105 389 191
v 9 106 590 277
v 9 107 407 213
v 9 108 673 412
v 9 109 284 160
v 9 110 259 142
v 9 111 162 81
v 9 112 504 255
v 9 113 52 33
v 9 114 120 69
v 9 119 682 367
v 9 120 345 196
v 9 121 342 174
v 9 123 1097 634
v 9 126 193 116
v 9 128 680 391
v 9 129 203 112
v 9 131 499 275
v 9 135 634 352
v 9 136 91 50
v 9 137 163 76
v 9 138 116 67
v 9 145 214 114
v 9 155 170 87
v 10 11 124 74
v 10 12 35 19
v 10 13 31 18
v 10 14 100 45
v 10 15 75 34
v 10 16 23 12
v 10 17 40 23
v 10 18 39 19
v 10 19 59 23
v 10 20 83 46
v 10 21 108 56
v 10 22 31 17
v 10 23 35 21
v 10 25 116 61
v 10 26 126 64
v 10 27 58 29
v 10 28 101 59
v 10 29 75 40
v 10 30 78 44
v 10 31 138 82
v 10 32 12 7
v 10 33 22 11
v 10 34 18 11
v 10 35 44 29
v 10 36 79 40
v 10 37 21 11
v 10 38 22 10
v 10 39 52 26
v 10 40 14 6
v 10 41 26 17
v 10 42 22 13
v 10 43 31 17
v 10 44 13 8
v 10 45 4 0
v 10 46 36 20
v 10 47 37 22
v 10 48 90 43
v 10 49 63 27
v 10 50 31 19
v 10 51 61 27
v 10 52 7 4
v 10 53 40 27
v 10 54 299 160
v 10 55 45 19
v 10 56 30 17
v 10 57 13 7
v 10 58 23 13
v 10 59 19 14
v 10 60 55 25
v 10 61 1 1
v 10 62 41 18
v 10 63 23 14
v 10 64 79 47
v 10 65 19 11
v 10 66 5 2
v 10 67 43 20
v 10 68 23 9
v 10 69 66 26
v 10 70 50 28
v 10 71 164 83
v 10 72 28 16
v 10 73 10 6
v 10 74 102 52
v 10 75 56 33
v 10 76 50 25
v 10 77 18 5
v 10 78 31 14
v 10 79 38 25
v 10 80 34 15
v 10 81 7 3
v 10 82 6 3
v 10 83 56 25
v 10 84 69 35
v 10 85 154 84
v 10 86 227 116
v 10 87 83 38
v 10 88 11 5
v 10 89 3 2
v 10 90 51 23
v 10 91 43 18
v 10 92 11 7
v 10 93 43 22
v 10 94 10 8
v 10 95 12 7
v 10 96 94 47
v 10 97 48 18
v 10 98 50 33
v 10 99 30 21
v 10 100 132 69
v 10 101 49 27
v 10 102 16 8
v 10 103 3 2
v 10 104 23 11
v 10 105 52 27
v 10 106 142 70
v 10 107 61 32
v 10 108 163 97
v 10 109 54 27
v 10 110 72 39
v 10 111 35 15
v 10 112 78 47
v 10 113 21 9
v 10 114 28 17
v 10 119 94 58
v 10 120 76 43
v 10 121 63 33
v 10 123 164 77
v 10 126 57 31
v 10 128 151 85
v 10 129 50 31
v 10 131 64 38
v 10 135 178 86
v 10 136 23 14
v 10 137 25 18
v 10 138 27 11
v 10 145 37 21
v 10 155 40 20
v 11 12 418 193
v 11 13 249 131
v 11 14 779 395
v 11 15 216 110
v 11 16 155 81
v 11 17 360 195
v 11 18 432 203
v 11 19 443 231
v 11 20 618 344
v 11 21 895 401
v 11 22 401 206
v 11 23 201 99
v 11 25 1171 537
v 11 26 1309 710
v 11 27 543 265
v 11 28 507 244
v 11 29 504 288
v 11 30 572 303
v 11 31 885 435
v 11 32 71 38
v 11 33 145 67
v 11 34 183 94
v 11 35 340 150
v 11 36 669 325
v 11 37 206 106
v 11 38 201 100
v 11 39 414 238
v 11 40 80 47
v 11 41 225 124
v 11 42 205 106
v 11 43 225 120
v 11 44 135 74
v 11 45 70 38
v 11 46 310 163
v 11 47 292 152
v 11 48 746 358
v 11 49 310 126
v 11 50 156 83
v 11 51 416 194
v 11 52 110 60
v 11 53 405 213
v 11 54 1269 583
v 11 55 546 241
v 11 56 221 98
v 11 57 49 22
v 11 58 114 54
v 11 59 107 66
v 11 60 693 355
v 11 61 51 28
v 11 62 312 123
v 11 63 111 54
v 11 64 458 233
v 11 65 81 35
v 11 66 34 21
v 11 67 482 248
v 11 68 141 71
v 11 69 472 232
v 11 70 437 236
v 11 71 627 295
v 11 72 101 57
v 11 73 100 48
v 11 74 961 452
v 11 75 410 209
v 11 76 393 188
v 11 77 88 31
v 11 78 142 54
v 11 79 278 137
v 11 80 246 130
v 11 81 78 42
v 11 82 45 22
v 11 83 476 204
v 11 84 482 248
v 11 85 1154 560
v 11 86 1380 622
v 11 87 590 303
v 11 88 192 90
v 11 89 31 11
v 11 90 434 200
v 11 91 267 141
v 11 92 85 43
v 11 93 287 135
v 11 94 163 76
v 11 95 70 41
v 11 96 675 325
v 11 97 334 178
v 11 98 364 211
v 11 99 178 96
v 11 100 766 379
v 11 101 461 261
v 11 102 102 52
v 11 103 37 16
v 11 104 194 100
v 11 105 538 255
v 11 106 806 383
v 11 107 517 241
v 11 108 1034 535
v 11 109 611 275
v 11 110 461 234
v 11 111 248 143
v 11 112 633 296
v 11 113 108 64
v 11 114 154 73
v 11 119 663 323
v 11 120 429 227
v 11 121 553 258
v 11 123 1176 600
v 11 126 322 160
v 11 128 1168 596
v 11 129 382 193
v 11 131 588 295
v 11 135 1018 469
v 11 136 154 73
v 11 137 228 93
v 11 138 180 108
v 11 145 310 167
v 11 155 226 95
v 12 13 119 64
v 12 14 302 153
v 12 15 84 51
v 12 16 121 65
v 12 17 123 61
v 12 18 384 186
v 12 19 143 72
v 12 20 314 177
v 12 21 312 138
v 12 22 126 65
v 12 23 72 32
v 12 25 334 173
v 12 26 463 244
v 12 27 243 132
v 12 28 381 209
v 12 29 208 102
v 12 30 220 127
v 12 31 324 179
v 12 32 25 15
v 12 33 53 25
v 12 34 80 43
v 12 35 103 56
v 12 36 284 140
v 12 37 83 51
v 12 38 100 59
v 12 39 172 100
v 12 40 35 22
v 12 41 97 60
v 12 42 80 36
v 12 43 76 47
v 12 44 61 33
v 12 45 29 13
v 12 46 77 47
v 12 47 105 58
v 12 48 370 180
v 12 49 201 85
v 12 50 88 44
v 12 51 164 93
v 12 52 124 58
v 12 53 124 62
v 12 54 578 287
v 12 55 139 45
v 12 56 65 28
v 12 57 31 17
v 12 58 35 12
v 12 59 45 30
v 12 60 368 198
v 12 61 16 11
v 12 62 144 55
v 12 63 52 27
v 12 64 192 110
v 12 65 38 18
v 12 66 11 8
v 12 67 142 76
v 12 68 56 42
v 12 69 243 120
v 12 70 154 78
v 12 71 302 145
v 12 72 49 26
v 12 73 44 21
v 12 74 327 145
v 12 75 203 120
v 12 76 154 91
v 12 77 55 24
v 12 78 99 48
v 12 79 146 82
v 12 80 74 30
v 12 81 20 15
v 12 82 24 10
v 12 83 158 66
v 12 84 238 120
v 12 85 521 285
v 12 86 509 250
v 12 87 241 114
v 12 88 104 49
v 12 89 21 13
v 12 90 139 58
v 12 91 136 66
v 12 92 32 21
v 12 93 124 54
v 12 94 123 66
v 12 95 22 8
v 12 96 278 133
v 12 97 154 85
v 12 98 173 78
v 12 99 65 29
v 12 100 373 177
v 12 101 177 94
v 12 102 39 24
v 12 103 16 7
v 12 104 92 49
v 12 105 255 104
v 12 106 317 144
v 12 107 210 98
v 12 108 202 98
v 12 109 125 70
v 12 110 150 72
v 12 111 113 46
v 12 112 218 102
v 12 113 55 30
v 12 114 56 33
v 12 119 309 171
v 12 120 186 104
v 12 121 231 125
v 12 123 481 243
v 12 126 118 53
v 12 128 381 201
v 12 129 160 99
v 12 131 264 135
v 12 135 419 211
v 12 136 66 39
v 12 137 111 52
v 12 138 50 24
v 12 145 127 62
v 12 155 75 32
v 13 14 194 96
v 13 15 73 42
v 13 16 32 16
v 13 17 108 61
v 13 18 125 69
v 13 19 175 92
v 13 20 189 99
v 13 21 225 111
v 13 22 107 51
v 13 23 37 21
v 13 25 311 163
v 13 26 289 145
v 13 27 134 67
v 13 28 194 92
v 13 29 129 63
v 13 30 147 80
v 13 31 245 138
v 13 32 53 18
v 13 33 65 26
v 13 34 50 29
v 13 35 59 27
v 13 36 171 101
v 13 37 45 26
v 13 38 59 27
v 13 39 156 99
v 13 40 21 10
v 13 41 86 43
v 13 42 58 25
v 13 43 51 25
v 13 44 46 28
v 13 45 25 9
v 13 46 45 25
v 13 47 66 28
v 13 48 167 79
v 13 49 109 50
v 13 50 37 20
v 13 51 159 81
v 13 52 31 16
v 13 53 76 38
v 13 54 260 132
v 13 55 140 76
v 13 56 53 31
v 13 57 22 9
v 13 58 30 13
v 13 59 27 8
v 13 60 199 90
v 13 61 9 1
v 13 62 74 27
v 13 63 39 16
v 13 64 126 60
v 13 65 19 8
v 13 66 12 8
v 13 67 127 76
v 13 68 39 19
v 13 69 139 56
v 13 70 115 68
v 13 71 234 112
v 13 72 32 15
v 13 73 30 14
v 13 74 294 165
v 13 75 74 34
v 13 76 97 43
v 13 77 35 13
v 13 78 73 35
v 13 79 84 40
v 13 80 77 29
v 13 81 25 14
v 13 82 12 8
v 13 83 125 53
v 13 84 128 63
v 13 85 307 151
v 13 86 356 177
v 13 87 196 98
v 13 88 48 22
v 13 89 18 4
v 13 90 138 57
v 13 91 54 22
v 13 92 18 9
v 13 93 74 32
v 13 94 40 18
v 13 95 15 7
v 13 96 227 109
v 13 97 95 53
v 13 98 102 61
v 13 99 41 27
v 13 100 221 117
v 13 101 86 45
v 13 102 31 17
v 13 103 7 3
v 13 104 60 25
v 13 105 148 74
v 13 106 214 97
v 13 107 120 55
v 13 108 232 138
v 13 109 88 36
v 13 110 120 67
v 13 111 77 40
v 13 112 166 76
v 13 113 38 24
v 13 114 44 22
v 13 119 242 132
v 13 120 107 63
v 13 121 124 67
v 13 123 328 171
v 13 126 234 95
v 13 128 300 183
v 13 129 114 59
v 13 131 173 85
v 13 135 289 141
v 13 136 40 11
v 13 137 55 24
v 13 138 46 19
v 13 145 85 36
v 13 155 69 32
v 14 15 212 97
v 14 16 106 57
v 14 17 206 89
v 14 18 255 120
v 14 19 265 138
v 14 20 444 239
v 14 21 562 263
v 14 22 278 144
v 14 23 171 86
v 14 25 715 361
v 14 26 1075 570
v 14 27 409 229
v 14 28 488 236
v 14 29 368 200
v 14 30 464 229
v 14 31 670 335
v 14 32 68 36
v 14 33 110 44
v 14 34 163 90
v 14 35 231 123
v 14 36 494 254
v 14 37 138 75
v 14 38 119 60
v 14 39 286 144
v 14 40 77 39
v 14 41 169 82
v 14 42 170 77
v 14 43 163 103
v 14 44 129 61
v 14 45 51 23
v 14 46 142 72
v 14 47 197 102
v 14 48 439 212
v 14 49 257 114
v 14 50 136 68
v 14 51 271 126
v 14 52 77 39
v 14 53 217 112
v 14 54 909 454
v 14 55 239 114
v 14 56 128 71
v 14 57 39 15
v 14 58 78 38
v 14 59 89 53
v 14 60 513 238
v 14 61 35 14
v 14 62 213 97
v 14 63 116 55
v 14 64 329 168
v 14 65 43 20
v 14 66 21 9
v 14 67 337 170
v 14 68 130 75
v 14 69 333 182
v 14 70 389 192
v 14 71 568 293
v 14 72 66 39
v 14 73 78 36
v 14 74 664 327
v 14 75 325 170
v 14 76 286 139
v 14 77 64 25
v 14 78 130 70
v 14 79 172 92
v 14 80 177 83
v 14 81 71 42
v 14 82 41 18
v 14 83 249 120
v 14 84 409 201
v 14 85 792 376
v 14 86 1055 495
v 14 87 500 257
v 14 88 159 74
v 14 89 31 16
v 14 90 263 126
v 14 91 164 93
v 14 92 68 26
v 14 93 313 149
v 14 94 108 52
v 14 95 53 27
v 14 96 467 243
v 14 97 341 161
v 14 98 452 243
v 14 99 117 71
v 14 100 579 265
v 14 101 356 181
v 14 102 75 39
v 14 103 27 11
v 14 104 237 114
v 14 105 360 153
v 14 106 563 265
v 14 107 386 160
v 14 108 620 323
v 14 109 235 121
v 14 110 298 150
v 14 111 165 101
v 14 112 406 209
v 14 113 84 50
v 14 114 175 82
v 14 119 429 218
v 14 120 316 161
v 14 121 415 199
v 14 123 793 410
v 14 126 271 123
v 14 128 794 408
v 14 129 271 134
v 14 131 439 204
v 14 135 720 325
v 14 136 107 52
v 14 137 164 69
v 14 138 132 74
v 14 145 205 91
v 14 155 117 66
v 15 16 36 16
v 15 17 120 62
v 15 18 95 45
v 15 19 104 59
v 15 20 149 74
v 15 21 250 113
v 15 22 96 51
v 15 23 41 15
v 15 25 283 133
v 15 26 329 167
v 15 27 129 66
v 15 28 157 75
v 15 29 168 93
v 15 30 140 62
v 15 31 250 120
v 15 32 24 12
v 15 33 33 12
v 15 34 41 20
v 15 35 95 55
v 15 36 159 73
v 15 37 53 27
v 15 38 53 22
v 15 39 151 61
v 15 40 28 14
v 15 41 78 46
v 15 42 47 22
v 15 43 81 43
v 15 44 26 14
v 15 45 23 6
v 15 46 47 26
v 15 47 94 41
v 15 48 144 71
v 15 49 109 49
v 15 50 36 17
v 15 51 122 61
v 15 52 30 18
v 15 53 74 42
v 15 54 701 350
v 15 55 123 62
v 15 56 26 15
v 15 57 22 9
v 15 58 31 12
v 15 59 39 16
v 15 60 237 127
v 15 61 11 5
v 15 62 102 39
v 15 63 55 25
v 15 64 126 60
v 15 65 15 3
v 15 66 5 4
v 15 67 75 30
v 15 68 35 20
v 15 69 151 73
v 15 70 110 60
v 15 71 212 107
v 15 72 28 19
v 15 73 24 8
v 15 74 206 100
v 15 75 117 75
v 15 76 120 52
v 15 77 25 7
v 15 78 46 27
v 15 79 64 38
v 15 80 68 33
v 15 81 31 15
v 15 82 5 4
v 15 83 97 40
v 15 84 124 66
v 15 85 323 156
v 15 86 354 176
v 15 87 182 91
v 15 88 77 34
v 15 89 14 8
v 15 90 96 43
v 15 91 44 22
v 15 92 17 7
v 15 93 84 39
v 15 94 12 4
v 15 95 28 11
v 15 96 187 95
v 15 97 86 46
v 15 98 97 48
v 15 99 35 16
v 15 100 188 91
v 15 101 168 87
v 15 102 20 13
v 15 103 13 5
v 15 104 66 32
v 15 105 106 44
v 15 106 213 90
v 15 107 135 65
v 15 108 233 113
v 15 109 81 38
v 15 110 94 51
v 15 111 66 37
v 15 112 133 50
v 15 113 30 14
v 15 114 38 19
v 15 119 222 113
v 15 120 136 73
v 15 121 148 71
v 15 123 316 162
v 15 126 104 53
v 15 128 322 175
v 15 129 89 47
v 15 131 146 72
v 15 135 257 123
v 15 136 52 30
v 15 137 50 21
v 15 138 31 18
v 15 145 52 28
v 15 155 50 17
v 16 17 50 19
v 16 18 70 30
v 16 19 62 29
v 16 20 102 49
v 16 21 122 50
v 16 22 64 29
v 16 23 35 19
v 16 25 141 63
v 16 26 186 104
v 16 27 81 33
v 16 28 103 51
v 16 29 56 26
v 16 30 76 34
v 16 31 136 58
v 16 32 7 1
v 16 33 28 8
v 16 34 24 11
v 16 35 30 19
v 16 36 99 53
v 16 37 35 14
v 16 38 48 28
v 16 39 61 31
v 16 40 12 7
v 16 41 24 13
v 16 42 29 13
v 16 43 45 22
v 16 44 27 12
v 16 45 18 9
v 16 46 40 24
v 16 47 52 20
v 16 48 96 40
v 16 49 63 27
v 16 50 34 17
v 16 51 72 32
v 16 52 20 8
v 16 53 54 26
v 16 54 155 66
v 16 55 66 19
v 16 56 22 10
v 16 57 13 9
v 16 58 28 13
v 16 59 25 10
v 16 60 94 43
v 16 61 6 3
v 16 62 40 11
v 16 63 19 13
v 16 64 69 36
v 16 65 21 8
v 16 66 9 6
v 16 67 48 20
v 16 68 30 14
v 16 69 93 46
v 16 70 52 24
v 16 71 110 48
v 16 72 22 11
v 16 73 21 8
v 16 74 111 49
v 16 75 53 24
v 16 76 70 32
v 16 77 18 5
v 16 78 31 12
v 16 79 54 26
v 16 80 26 11
v 16 81 15 8
v 16 82 10 4
v 16 83 51 15
v 16 84 71 34
v 16 85 152 76
v 16 86 219 93
v 16 87 75 34
v 16 88 27 12
v 16 89 8 3
v 16 90 59 27
v 16 91 35 14
v 16 92 4 1
v 16 93 54 22
v 16 94 17 8
v 16 95 8 4
v 16 96 98 42
v 16 97 61 28
v 16 98 60 28
v 16 99 17 7
v 16 100 155 78
v 16 101 71 34
v 16 102 19 7
v 16 103 9 4
v 16 104 45 22
v 16 105 64 26
v 16 106 100 44
v 16 107 66 33
v 16 108 124 59
v 16 109 52 28
v 16 110 58 25
v 16 111 37 18
v 16 112 88 37
v 16 113 18 8
v 16 114 13 8
v 16 119 93 43
v 16 120 81 34
v 16 121 75 37
v 16 123 166 82
v 16 126 49 21
v 16 128 146 71
v 16 129 56 24
v 16 131 91 41
v 16 135 147 70
v 16 136 24 7
v 16 137 30 14
v 16 138 24 11
v 16 145 33 12
v 16 155 41 16
v 17 18 114 58
v 17 19 188 99
v 17 20 188 105
v 17 21 294 125
v 17 22 165 77
v 17 23 48 23
v 17 25 350 171
v 17 26 353 169
v 17 27 136 70
v 17 28 238 117
v 17 29 195 101
v 17 30 224 109
v 17 31 317 162
v 17 32 21 11
v 17 33 61 26
v 17 34 81 43
v 17 35 85 49
v 17 36 200 103
v 17 37 63 27
v 17 38 75 39
v 17 39 135 70
v 17 40 26 15
v 17 41 84 45
v 17 42 72 46
v 17 43 86 51
v 17 44 31 14
v 17 45 17 6
v 17 46 73 36
v 17 47 95 48
v 17 48 213 92
v 17 49 151 73
v 17 50 56 28
v 17 51 190 103
v 17 52 44 26
v 17 53 142 80
v 17 54 392 203
v 17 55 190 85
v 17 56 70 39
v 17 57 19 14
v 17 58 40 21
v 17 59 56 36
v 17 60 192 96
v 17 61 9 5
v 17 62 136 61
v 17 63 31 16
v 17 64 134 69
v 17 65 30 15
v 17 66 7 1
v 17 67 160 81
v 17 68 61 30
v 17 69 187 95
v 17 70 119 71
v 17 71 233 125
v 17 72 30 15
v 17 73 47 27
v 17 74 241 107
v 17 75 95 48
v 17 76 112 57
v 17 77 45 23
v 17 78 74 34
v 17 79 123 67
v 17 80 89 43
v 17 81 24 15
v 17 82 23 15
v 17 83 159 63
v 17 84 175 90
v 17 85 381 211
v 17 86 490 233
v 17 87 147 81
v 17 88 89 45
v 17 89 20 10
v 17 90 203 96
v 17 91 77 36
v 17 92 30 16
v 17 93 111 63
v 17 94 48 21
v 17 95 39 19
v 17 96 265 127
v 17 97 113 54
v 17 98 166 99
v 17 99 51 30
v 17 100 274 137
v 17 101 126 63
v 17 102 26 14
v 17 103 14 7
v 17 104 64 31
v 17 105 180 93
v 17 106 392 177
v 17 107 224 121
v 17 108 263 153
v 17 109 125 65
v 17 110 175 96
v 17 111 94 41
v 17 112 232 109
v 17 113 36 21
v 17 114 50 28
v 17 119 273 139
v 17 120 195 94
v 17 121 140 69
v 17 123 464 246
v 17 126 140 70
v 17 128 399 219
v 17 129 121 58
v 17 131 221 104
v 17 135 355 180
v 17 136 47 24
v 17 137 101 46
v 17 138 44 20
v 17 145 137 70
v 17 155 102 53
v 18 19 227 127
v 18 20 244 124
v 18 21 339 163
v 18 22 119 61
v 18 23 75 42
v 18 25 404 237
v 18 26 495 288
v 18 27 214 108
v 18 28 257 118
v 18 29 168 86
v 18 30 199 102
v 18 31 357 176
v 18 32 20 12
v 18 33 80 31
v 18 34 73 43
v 18 35 111 68
v 18 36 235 117
v 18 37 64 39
v 18 38 77 37
v 18 39 140 74
v 18 40 28 16
v 18 41 89 52
v 18 42 93 50
v 18 43 97 53
v 18 44 55 25
v 18 45 28 13
v 18 46 135 65
v 18 47 135 55
v 18 48 333 157
v 18 49 254 121
v 18 50 75 34
v 18 51 192 94
v 18 52 43 18
v 18 53 149 70
v 18 54 409 213
v 18 55 422 243
v 18 56 101 53
v 18 57 28 16
v 18 58 48 27
v 18 59 45 25
v 18 60 379 196
v 18 61 31 14
v 18 62 188 89
v 18 63 44 25
v 18 64 179 92
v 18 65 39 19
v 18 66 13 5
v 18 67 163 73
v 18 68 71 41
v 18 69 200 94
v 18 70 208 111
v 18 71 348 179
v 18 72 50 31
v 18 73 43 18
v 18 74 328 153
v 18 75 187 92
v 18 76 183 81
v 18 77 71 35
v 18 78 168 81
v 18 79 126 72
v 18 80 93 44
v 18 81 60 37
v 18 82 25 14
v 18 83 128 57
v 18 84 220 118
v 18 85 427 219
v 18 86 573 305
v 18 87 302 163
v 18 88 144 74
v 18 89 21 9
v 18 90 165 79
v 18 91 109 55
v 18 92 26 12
v 18 93 139 60
v 18 94 71 39
v 18 95 72 28
v 18 96 339 193
v 18 97 136 75
v 18 98 184 105
v 18 99 51 35
v 18 100 338 196
v 18 101 210 113
v 18 102 34 22
v 18 103 16 7
v 18 104 117 61
v 18 105 197 104
v 18 106 361 191
v 18 107 272 120
v 18 108 293 151
v 18 109 172 105
v 18 110 127 64
v 18 111 102 52
v 18 112 208 95
v 18 113 45 23
v 18 114 64 37
v 18 119 328 172
v 18 120 211 111
v 18 121 266 142
v 18 123 540 300
v 18 126 134 77
v 18 128 463 240
v 18 129 140 71
v 18 131 253 136
v 18 135 368 182
v 18 136 77 40
v 18 137 88 52
v 18 138 70 34
v 18 145 110 60
v 18 155 121 55
v 19 20 249 114
v 19 21 401 171
v 19 22 161 69
v 19 23 63 30
v 19 25 482 202
v 19 26 542 285
v 19 27 206 106
v 19 28 240 108
v 19 29 231 115
v 19 30 183 79
v 19 31 330 150
v 19 32 23 10
v 19 33 112 50
v 19 34 57 38
v 19 35 103 46
v 19 36 310 151
v 19 37 80 41
v 19 38 105 40
v 19 39 173 97
v 19 40 33 21
v 19 41 103 42
v 19 42 88 43
v 19 43 70 36
v 19 44 47 28
v 19 45 24 9
v 19 46 119 66
v 19 47 113 52
v 19 48 307 137
v 19 49 165 70
v 19 50 70 33
v 19 51 179 84
v 19 52 37 15
v 19 53 175 93
v 19 54 401 181
v 19 55 232 108
v 19 56 68 36
v 19 57 29 17
v 19 58 50 21
v 19 59 58 34
v 19 60 380 176
v 19 61 23 14
v 19 62 118 40
v 19 63 54 25
v 19 64 166 83
v 19 65 39 22
v 19 66 10 4
v 19 67 196 101
v 19 68 66 29
v 19 69 243 119
v 19 70 192 85
v 19 71 343 164
v 19 72 48 24
v 19 73 44 21
v 19 74 333 158
v 19 75 165 96
v 19 76 151 82
v 19 77 50 18
v 19 78 66 29
v 19 79 136 67
v 19 80 134 67
v 19 81 39 26
v 19 82 22 15
v 19 83 151 68
v 19 84 195 91
v 19 85 382 196
v 19 86 593 272
v 19 87 281 125
v 19 88 148 73
v 19 89 14 7
v 19 90 202 86
v 19 91 89 46
v 19 92 20 8
v 19 93 121 57
v 19 94 60 32
v 19 95 30 15
v 19 96 323 155
v 19 97 141 76
v 19 98 249 100
v 19 99 71 35
v 19 100 412 208
v 19 101 241 126
v 19 102 43 26
v 19 103 21 12
v 19 104 124 61
v 19 105 229 107
v 19 106 400 154
v 19 107 263 111
v 19 108 304 163
v 19 109 168 72
v 19 110 142 65
v 19 111 108 56
v 19 112 282 122
v 19 113 36 21
v 19 114 83 45
v 19 119 357 141
v 19 120 242 132
v 19 121 231 104
v 19 123 531 263
v 19 126 186 92
v 19 128 474 239
v 19 129 158 74
v 19 131 290 145
v 19 135 397 186
v 19 136 81 33
v 19 137 87 45
v 19 138 70 32
v 19 145 164 67
v 19 155 124 54
v 20 21 466 224
v 20 22 254 132
v 20 23 127 54
v 20 25 644 310
v 20 26 896 474
v 20 27 416 219
v 20 28 401 200
v 20 29 324 146
v 20 30 336 186
v 20 31 638 292
v 20 32 43 24
v 20 33 109 40
v 20 34 106 52
v 20 35 172 88
v 20 36 431 188
v 20 37 89 47
v 20 38 111 46
v 20 39 262 141
v 20 40 58 28
v 20 41 176 75
v 20 42 156 86
v 20 43 157 81
v 20 44 111 65
v 20 45 35 12
v 20 46 143 74
v 20 47 197 100
v 20 48 418 182
v 20 49 244 89
v 20 50 104 46
v 20 51 249 125
v 20 52 68 24
v 20 53 205 93
v 20 54 656 311
v 20 55 212 90
v 20 56 123 70
v 20 57 36 8
v 20 58 47 18
v 20 59 94 61
v 20 60 462 202
v 20 61 25 11
v 20 62 192 67
v 20 63 93 44
v 20 64 329 168
v 20 65 33 17
v 20 66 12 2
v 20 67 311 144
v 20 68 117 59
v 20 69 451 240
v 20 70 280 141
v 20 71 422 180
v 20 72 57 23
v 20 73 47 21
v 20 74 530 253
v 20 75 253 127
v 20 76 234 104
v 20 77 58 17
v 20 78 127 61
v 20 79 159 87
v 20 80 132 68
v 20 81 62 27
v 20 82 34 15
v 20 83 250 97
v 20 84 358 168
v 20 85 715 324
v 20 86 821 369
v 20 87 448 225
v 20 88 170 66
v 20 89 36 10
v 20 90 238 98
v 20 91 103 45
v 20 92 44 21
v 20 93 193 85
v 20 94 103 53
v 20 95 48 33
v 20 96 451 233
v 20 97 262 134
v 20 98 220 112
v 20 99 104 58
v 20 100 470 228
v 20 101 286 151
v 20 102 77 38
v 20 103 19 10
v 20 104 159 83
v 20 105 282 135
v 20 106 445 199
v 20 107 306 146
v 20 108 537 270
v 20 109 227 106
v 20 110 271 124
v 20 111 177 85
v 20 112 326 138
v 20 113 90 51
v 20 114 89 44
v 20 119 380 178
v 20 120 249 123
v 20 121 393 207
v 20 123 688 335
v 20 126 223 103
v 20 128 712 347
v 20 129 220 117
v 20 131 330 166
v 20 135 561 266
v 20 136 101 47
v 20 137 134 61
v 20 138 126 73
v 20 145 167 92
v 20 155 120 43
v 21 22 300 165
v 21 23 183 100
v 21 25 879 457
v 21 26 969 534
v 21 27 407 216
v 21 28 611 323
v 21 29 379 202
v 21 30 473 252
v 21 31 688 357
v 21 32 76 41
v 21 33 131 65
v 21 34 140 70
v 21 35 218 123
v 21 36 516 241
v 21 37 114 74
v 21 38 184 87
v 21 39 362 189
v 21 40 77 46
v 21 41 228 121
v 21 42 143 78
v 21 43 217 121
v 21 44 132 75
v 21 45 57 31
v 21 46 196 96
v 21 47 381 212
v 21 48 584 332
v 21 49 398 191
v 21 50 129 70
v 21 51 357 181
v 21 52 87 38
v 21 53 294 137
v 21 54 947 486
v 21 55 426 218
v 21 56 167 106
v 21 57 42 26
v 21 58 114 60
v 21 59 108 67
v 21 60 597 305
v 21 61 31 17
v 21 62 319 141
v 21 63 97 58
v 21 64 364 195
v 21 65 69 33
v 21 66 26 15
v 21 67 328 158
v 21 68 120 72
v 21 69 412 211
v 21 70 327 183
v 21 71 613 329
v 21 72 99 58
v 21 73 85 41
v 21 74 566 277
v 21 75 337 200
v 21 76 341 178
v 21 77 86 40
v 21 78 146 69
v 21 79 258 126
v 21 80 252 120
v 21 81 65 33
v 21 82 44 22
v 21 83 295 141
v 21 84 410 215
v 21 85 915 474
v 21 86 1242 630
v 21 87 528 271
v 21 88 214 104
v 21 89 46 20
v 21 90 331 148
v 21 91 182 90
v 21 92 53 25
v 21 93 280 140
v 21 94 106 53
v 21 95 64 29
v 21 96 749 386
v 21 97 239 122
v 21 98 309 188
v 21 99 99 61
v 21 100 730 378
v 21 101 378 204
v 21 102 72 35
v 21 103 49 25
v 21 104 177 94
v 21 105 400 203
v 21 106 748 371
v 21 107 443 215
v 21 108 680 382
v 21 109 262 144
v 21 110 330 175
v 21 111 207 109
v 21 112 480 213
v 21 113 101 59
v 21 114 135 77
v 21 119 653 343
v 21 120 414 221
v 21 121 420 235
v 21 123 1076 594
v 21 126 313 165
v 21 128 900 487
v 21 129 337 183
v 21 131 523 270
v 21 135 818 419
v 21 136 139 83
v 21 137 179 87
v 21 138 162 92
v 21 145 280 152
v 21 155 195 81
v 22 23 71 29
v 22 25 407 189
v 22 26 465 241
v 22 27 222 105
v 22 28 242 122
v 22 29 199 99
v 22 30 203 101
v 22 31 304 152
v 22 32 26 14
v 22 33 40 14
v 22 34 71 34
v 22 35 122 57
v 22 36 242 101
v 22 37 90 45
v 22 38 85 34
v 22 39 172 90
v 22 40 41 24
v 22 41 100 45
v 22 42 84 43
v 22 43 89 48
v 22 44 63 28
v 22 45 41 24
v 22 46 92 53
v 22 47 127 66
v 22 48 211 99
v 22 49 115 51
v 22 50 57 24
v 22 51 159 65
v 22 52 38 21
v 22 53 118 60
v 22 54 352 142
v 22 55 128 56
v 22 56 63 34
v 22 57 27 8
v 22 58 42 20
v 22 59 40 22
v 22 60 243 117
v 22 61 22 13
v 22 62 117 50
v 22 63 44 17
v 22 64 171 89
v 22 65 39 17
v 22 66 8 5
v 22 67 201 100
v 22 68 51 25
v 22 69 184 92
v 22 70 143 79
v 22 71 265 125
v 22 72 32 23
v 22 73 45 22
v 22 74 266 127
v 22 75 151 79
v 22 76 123 47
v 22 77 42 16
v 22 78 78 23
v 22 79 107 59
v 22 80 96 45
v 22 81 36 23
v 22 82 27 15
v 22 83 202 73
v 22 84 202 103
v 22 85 362 179
v 22 86 518 245
v 22 87 220 107
v 22 88 94 42
v 22 89 16 8
v 22 90 152 56
v 22 91 80 34
v 22 92 31 13
v 22 93 107 55
v 22 94 50 23
v 22 95 32 12
v 22 96 268 136
v 22 97 123 63
v 22 98 116 61
v 22 99 76 37
v 22 100 289 138
v 22 101 228 108
v 22 102 37 19
v 22 103 16 5
v 22 104 108 52
v 22 105 146 74
v 22 106 277 139
v 22 107 157 67
v 22 108 311 156
v 22 109 103 47
v 22 110 168 83
v 22 111 71 36
v 22 112 145 71
v 22 113 24 7
v 22 114 57 29
v 22 119 229 119
v 22 120 169 82
v 22 121 223 105
v 22 123 420 208
v 22 126 157 80
v 22 128 451 234
v 22 129 147 84
v 22 131 177 83
v 22 135 329 142
v 22 136 63 35
v 22 137 102 46
v 22 138 58 31
v 22 145 87 41
v 22 155 68 27
v 23 25 195 92
v 23 26 302 164
v 23 27 114 64
v 23 28 110 46
v 23 29 125 70
v 23 30 111 64
v 23 31 154 83
v 23 32 17 10
v 23 33 43 20
v 23 34 36 15
v 23 35 64 30
v 23 36 127 68
v 23 37 29 14
v 23 38 41 22
v 23 39 74 41
v 23 40 12 2
v 23 41 55 21
v 23 42 43 18
v 23 43 44 15
v 23 44 34 18
v 23 45 14 11
v 23 46 63 33
v 23 47 55 28
v 23 48 141 61
v 23 49 61 29
v 23 50 24 11
v 23 51 101 46
v 23 52 15 8
v 23 53 56 29
v 23 54 215 91
v 23 55 81 34
v 23 56 40 23
v 23 57 16 7
v 23 58 18 6
v 23 59 32 22
v 23 60 158 85
v 23 61 10 7
v 23 62 60 25
v 23 63 26 13
v 23 64 76 43
v 23 65 13 7
v 23 66 2 0
v 23 67 86 43
v 23 68 22 12
v 23 69 81 35
v 23 70 100 56
v 23 71 138 59
v 23 72 23 12
v 23 73 20 7
v 23 74 243 113
v 23 75 92 52
v 23 76 69 31
v 23 77 30 11
v 23 78 30 17
v 23 79 46 18
v 23 80 35 14
v 23 81 23 7
v 23 82 12 9
v 23 83 57 25
v 23 84 118 60
v 23 85 184 86
v 23 86 274 124
v 23 87 142 63
v 23 88 52 27
v 23 89 8 4
v 23 90 73 31
v 23 91 49 21
v 23 92 13 5
v 23 93 68 31
v 23 94 16 11
v 23 95 14 8
v 23 96 134 70
v 23 97 60 31
v 23 98 108 64
v 23 99 24 15
v 23 100 144 81
v 23 101 111 53
v 23 102 19 10
v 23 103 10 3
v 23 104 56 24
v 23 105 99 51
v 23 106 134 62
v 23 107 99 49
v 23 108 152 80
v 23 109 52 30
v 23 110 59 31
v 23 111 40 21
v 23 112 77 38
v 23 113 15 11
v 23 114 45 18
v 23 119 133 63
v 23 120 84 41
v 23 121 114 59
v 23 123 199 93
v 23 126 65 32
v 23 128 215 106
v 23 129 77 40
v 23 131 116 50
v 23 135 180 93
v 23 136 24 12
v 23 137 30 12
v 23 138 39 22
v 23 145 55 29
v 23 155 30 11
v 25 26 1198 666
v 25 27 533 279
v 25 28 624 299
v 25 29 558 290
v 25 30 527 295
v 25 31 867 437
v 25 32 75 39
v 25 33 168 61
v 25 34 196 100
v 25 35 432 238
v 25 36 594 308
v 25 37 184 104
v 25 38 184 90
v 25 39 371 201
v 25 40 75 45
v 25 41 266 125
v 25 42 231 122
v 25 43 271 146
v 25 44 169 91
v 25 45 76 32
v 25 46 281 147
v 25 47 333 180
v 25 48 580 282
v 25 49 593 256
v 25 50 170 92
v 25 51 409 204
v 25 52 99 60
v 25 53 391 217
v 25 54 1077 510
v 25 55 403 194
v 25 56 211 96
v 25 57 67 30
v 25 58 110 53
v 25 59 112 63
v 25 60 643 311
v 25 61 48 23
v 25 62 296 111
v 25 63 102 51
v 25 64 441 217
v 25 65 93 42
v 25 66 24 19
v 25 67 488 233
v 25 68 127 72
v 25 69 454 233
v 25 70 427 218
v 25 71 672 303
v 25 72 110 71
v 25 73 95 47
v 25 74 973 452
v 25 75 361 205
v 25 76 513 238
v 25 77 135 60
v 25 78 156 71
v 25 79 270 133
v 25 80 254 120
v 25 81 75 40
v 25 82 43 27
v 25 83 405 169
v 25 84 504 258
v 25 85 1183 570
v 25 86 1572 752
v 25 87 640 326
v 25 88 214 94
v 25 89 39 23
v 25 90 501 209
v 25 91 226 111
v 25 92 77 31
v 25 93 266 127
v 25 94 131 72
v 25 95 72 42
v 25 96 788 395
v 25 97 371 201
v 25 98 301 179
v 25 99 135 71
v 25 100 801 382
v 25 101 483 241
v 25 102 119 56
v 25 103 42 21
v 25 104 209 107
v 25 105 505 244
v 25 106 792 346
v 25 107 574 272
v 25 108 966 548
v 25 109 291 140
v 25 110 513 268
v 25 111 240 110
v 25 112 547 245
v 25 113 128 59
v 25 114 147 78
v 25 119 742 354
v 25 120 491 244
v 25 121 570 299
v 25 123 1224 636
v 25 126 290 127
v 25 128 1212 635
v 25 129 395 222
v 25 131 572 298
v 25 135 984 491
v 25 136 212 105
v 25 137 182 80
v 25 138 136 71
v 25 145 254 124
v 25 155 202 94
v 26 27 962 478
v 26 28 852 358
v 26 29 693 311
v 26 30 747 399
v 26 31 1240 570
v 26 32 95 44
v 26 33 208 80
v 26 34 239 100
v 26 35 382 181
v 26 36 701 335
v 26 37 215 109
v 26 38 259 98
v 26 39 465 230
v 26 40 108 55
v 26 41 279 148
v 26 42 295 130
v 26 43 285 138
v 26 44 217 100
v 26 45 100 48
v 26 46 315 149
v 26 47 365 169
v 26 48 813 353
v 26 49 494 211
v 26 50 241 96
v 26 51 490 203
v 26 52 135 66
v 26 53 401 200
v 26 54 1377 612
v 26 55 474 194
v 26 56 197 91
v 26 57 89 43
v 26 58 114 52
v 26 59 132 68
v 26 60 901 399
v 26 61 56 32
v 26 62 353 129
v 26 63 165 85
v 26 64 653 310
v 26 65 97 42
v 26 66 30 12
v 26 67 610 256
v 26 68 193 104
v 26 69 558 249
v 26 70 599 286
v 26 71 976 433
v 26 72 143 72
v 26 73 124 56
v 26 74 1090 475
v 26 75 554 279
v 26 76 453 197
v 26 77 166 69
v 26 78 254 108
v 26 79 334 157
v 26 80 254 128
v 26 81 101 53
v 26 82 63 24
v 26 83 515 208
v 26 84 760 352
v 26 85 1277 590
v 26 86 2095 864
v 26 87 908 421
v 26 88 304 139
v 26 89 56 26
v 26 90 465 168
v 26 91 274 112
v 26 92 80 28
v 26 93 421 188
v 26 94 149 65
v 26 95 106 51
v 26 96 879 422
v 26 97 488 236
v 26 98 394 212
v 26 99 187 109
v 26 100 1069 478
v 26 101 586 269
v 26 102 151 77
v 26 103 45 17
v 26 104 314 148
v 26 105 551 240
v 26 106 967 416
v 26 107 657 283
v 26 108 1068 502
v 26 109 382 166
v 26 110 498 210
v 26 111 317 151
v 26 112 645 260
v 26 113 173 75
v 26 114 205 92
v 26 119 840 366
v 26 120 620 262
v 26 121 732 354
v 26 123 1517 709
v 26 126 417 194
v 26 128 1443 668
v 26 129 497 251
v 26 131 714 319
v 26 135 1201 514
v 26 136 207 101
v 26 137 233 100
v 26 138 217 108
v 26 145 329 167
v 26 155 237 87
v 27 28 315 156
v 27 29 374 175
v 27 30 347 178
v 27 31 550 255
v 27 32 39 21
v 27 33 78 31
v 27 34 97 50
v 27 35 196 94
v 27 36 403 207
v 27 37 98 53
v 27 38 123 58
v 27 39 206 110
v 27 40 53 21
v 27 41 110 53
v 27 42 160 71
v 27 43 144 82
v 27 44 79 42
v 27 45 55 28
v 27 46 132 64
v 27 47 155 74
v 27 48 304 141
v 27 49 217 89
v 27 50 108 58
v 27 51 211 106
v 27 52 69 31
v 27 53 180 90
v 27 54 623 274
v 27 55 217 96
v 27 56 104 56
v 27 57 47 18
v 27 58 36 16
v 27 59 70 39
v 27 60 449 208
v 27 61 20 8
v 27 62 160 65
v 27 63 79 36
v 27 64 317 147
v 27 65 32 14
v 27 66 15 5
v 27 67 268 122
v 27 68 91 42
v 27 69 253 120
v 27 70 270 143
v 27 71 429 196
v 27 72 73 39
v 27 73 68 30
v 27 74 467 189
v 27 75 248 114
v 27 76 217 100
v 27 77 56 22
v 27 78 97 51
v 27 79 128 68
v 27 80 126 56
v 27 81 50 23
v 27 82 35 18
v 27 83 189 78
v 27 84 307 168
v 27 85 624 305
v 27 86 789 352
v 27 87 369 187
v 27 88 156 77
v 27 89 21 8
v 27 90 180 87
v 27 91 104 51
v 27 92 50 21
v 27 93 218 102
v 27 94 95 40
v 27 95 48 25
v 27 96 373 163
v 27 97 221 111
v 27 98 162 90
v 27 99 87 46
v 27 100 438 214
v 27 101 252 121
v 27 102 97 47
v 27 103 27 11
v 27 104 146 63
v 27 105 209 91
v 27 106 406 182
v 27 107 299 135
v 27 108 458 221
v 27 109 199 82
v 27 110 219 99
v 27 111 145 64
v 27 112 220 89
v 27 113 49 26
v 27 114 105 43
v 27 119 320 158
v 27 120 280 140
v 27 121 324 139
v 27 123 580 286
v 27 126 198 96
v 27 128 637 302
v 27 129 222 113
v 27 131 316 137
v 27 135 574 237
v 27 136 72 33
v 27 137 112 47
v 27 138 100 49
v 27 145 127 60
v 27 155 92 47
v 28 29 372 193
v 28 30 339 168
v 28 31 627 327
v 28 32 75 39
v 28 33 91 37
v 28 34 109 65
v 28 35 143 83
v 28 36 421 221
v 28 37 91 61
v 28 38 141 67
v 28 39 287 154
v 28 40 53 24
v 28 41 151 85
v 28 42 117 60
v 28 43 148 85
v 28 44 97 52
v 28 45 41 14
v 28 46 143 78
v 28 47 194 105
v 28 48 395 171
v 28 49 286 120
v 28 50 105 50
v 28 51 253 125
v 28 52 61 25
v 28 53 200 106
v 28 54 786 418
v 28 55 329 143
v 28 56 97 59
v 28 57 35 20
v 28 58 57 25
v 28 59 72 32
v 28 60 569 270
v 28 61 31 14
v 28 62 299 125
v 28 63 87 52
v 28 64 281 141
v 28 65 51 31
v 28 66 16 8
v 28 67 262 141
v 28 68 99 58
v 28 69 325 171
v 28 70 235 138
v 28 71 409 207
v 28 72 46 23
v 28 73 52 30
v 28 74 520 268
v 28 75 332 192
v 28 76 239 116
v 28 77 76 30
v 28 78 120 59
v 28 79 141 71
v 28 80 180 95
v 28 81 57 26
v 28 82 37 20
v 28 83 253 114
v 28 84 312 170
v 28 85 702 368
v 28 86 948 461
v 28 87 461 247
v 28 88 215 105
v 28 89 42 17
v 28 90 247 115
v 28 91 144 76
v 28 92 47 21
v 28 93 190 103
v 28 94 126 74
v 28 95 96 45
v 28 96 535 281
v 28 97 252 133
v 28 98 255 140
v 28 99 83 40
v 28 100 468 227
v 28 101 399 215
v 28 102 51 23
v 28 103 25 18
v 28 104 153 81
v 28 105 328 155
v 28 106 604 286
v 28 107 417 200
v 28 108 715 397
v 28 109 415 189
v 28 110 223 104
v 28 111 192 115
v 28 112 289 140
v 28 113 57 32
v 28 114 86 46
v 28 119 374 190
v 28 120 314 161
v 28 121 368 184
v 28 123 758 385
v 28 126 232 113
v 28 128 735 373
v 28 129 222 123
v 28 131 410 188
v 28 135 698 351
v 28 136 87 41
v 28 137 136 63
v 28 138 144 71
v 28 145 160 83
v 28 155 140 54
v 29 30 274 125
v 29 31 452 220
v 29 32 42 23
v 29 33 71 29
v 29 34 103 51
v 29 35 150 72
v 29 36 328 161
v 29 37 92 53
v 29 38 111 66
v 29 39 205 101
v 29 40 54 38
v 29 41 124 62
v 29 42 116 63
v 29 43 100 44
v 29 44 90 48
v 29 45 44 27
v 29 46 129 58
v 29 47 184 83
v 29 48 306 155
v 29 49 205 83
v 29 50 68 34
v 29 51 185 79
v 29 52 70 33
v 29 53 189 107
v 29 54 454 196
v 29 55 232 111
v 29 56 84 40
v 29 57 27 15
v 29 58 37 15
v 29 59 69 27
v 29 60 405 178
v 29 61 15 13
v 29 62 151 73
v 29 63 83 42
v 29 64 259 149
v 29 65 42 25
v 29 66 13 6
v 29 67 240 115
v 29 68 81 44
v 29 69 205 86
v 29 70 361 171
v 29 71 381 170
v 29 72 51 32
v 29 73 42 19
v 29 74 430 206
v 29 75 264 140
v 29 76 235 114
v 29 77 71 39
v 29 78 93 54
v 29 79 156 72
v 29 80 121 63
v 29 81 32 22
v 29 82 24 14
v 29 83 175 73
v 29 84 246 118
v 29 85 499 239
v 29 86 641 292
v 29 87 337 156
v 29 88 129 55
v 29 89 8 6
v 29 90 230 100
v 29 91 105 45
v 29 92 35 14
v 29 93 336 152
v 29 94 47 23
v 29 95 29 10
v 29 96 445 219
v 29 97 229 111
v 29 98 252 132
v 29 99 70 35
v 29 100 418 210
v 29 101 259 128
v 29 102 51 28
v 29 103 25 13
v 29 104 115 61
v 29 105 265 117
v 29 106 420 205
v 29 107 314 158
v 29 108 521 279
v 29 109 170 91
v 29 110 215 104
v 29 111 109 56
v 29 112 260 104
v 29 113 64 27
v 29 114 85 42
v 29 119 375 194
v 29 120 248 116
v 29 121 332 152
v 29 123 553 282
v 29 126 190 102
v 29 128 594 300
v 29 129 220 112
v 29 131 340 158
v 29 135 560 272
v 29 136 92 44
v 29 137 120 45
v 29 138 96 51
v 29 145 176 101
v 29 155 111 43
v 30 31 584 275
v 30 32 64 32
v 30 33 105 48
v 30 34 97 41
v 30 35 202 104
v 30 36 391 176
v 30 37 110 57
v 30 38 101 44
v 30 39 221 103
v 30 40 48 25
v 30 41 155 71
v 30 42 133 62
v 30 43 130 67
v 30 44 95 47
v 30 45 44 21
v 30 46 125 62
v 30 47 169 78
v 30 48 309 146
v 30 49 287 118
v 30 50 98 42
v 30 51 210 97
v 30 52 67 28
v 30 53 176 85
v 30 54 586 274
v 30 55 226 94
v 30 56 107 53
v 30 57 45 21
v 30 58 66 33
v 30 59 63 32
v 30 60 430 197
v 30 61 25 10
v 30 62 122 41
v 30 63 76 42
v 30 64 248 134
v 30 65 37 20
v 30 66 18 14
v 30 67 227 105
v 30 68 84 46
v 30 69 247 116
v 30 70 242 109
v 30 71 405 195
v 30 72 54 22
v 30 73 53 27
v 30 74 448 204
v 30 75 284 145
v 30 76 220 97
v 30 77 71 34
v 30 78 116 57
v 30 79 112 60
v 30 80 172 77
v 30 81 44 19
v 30 82 22 8
v 30 83 200 74
v 30 84 273 142
v 30 85 645 292
v 30 86 714 347
v 30 87 390 179
v 30 88 141 52
v 30 89 24 7
v 30 90 188 70
v 30 91 134 65
v 30 92 36 14
v 30 93 188 82
v 30 94 99 45
v 30 95 40 24
v 30 96 382 199
v 30 97 194 98
v 30 98 163 80
v 30 99 77 38
v 30 100 398 182
v 30 101 318 155
v 30 102 56 29
v 30 103 19 7
v 30 104 159 74
v 30 105 290 142
v 30 106 406 201
v 30 107 294 143
v 30 108 449 223
v 30 109 155 76
v 30 110 231 105
v 30 111 137 62
v 30 112 283 123
v 30 113 71 34
v 30 114 89 45
v 30 119 434 207
v 30 120 221 110
v 30 121 282 127
v 30 123 658 329
v 30 126 204 93
v 30 128 553 277
v 30 129 177 93
v 30 131 311 149
v 30 135 541 244
v 30 136 74 29
v 30 137 115 42
v 30 138 104 53
v 30 145 161 80
v 30 155 116 51
v 31 32 73 37
v 31 33 126 57
v 31 34 171 84
v 31 35 275 155
v 31 36 505 254
v 31 37 155 79
v 31 38 155 83
v 31 39 373 199
v 31 40 66 40
v 31 41 261 129
v 31 42 206 98
v 31 43 203 104
v 31 44 124 66
v 31 45 71 40
v 31 46 170 96
v 31 47 263 131
v 31 48 537 286
v 31 49 365 147
v 31 50 153 79
v 31 51 290 133
v 31 52 112 64
v 31 53 235 126
v 31 54 1023 501
v 31 55 342 155
v 31 56 149 66
v 31 57 60 25
v 31 58 90 43
v 31 59 124 69
v 31 60 682 343
v 31 61 41 18
v 31 62 268 109
v 31 63 118 55
v 31 64 376 208
v 31 65 55 27
v 31 66 29 16
v 31 67 409 202
v 31 68 119 61
v 31 69 455 236
v 31 70 342 168
v 31 71 637 327
v 31 72 80 41
v 31 73 79 35
v 31 74 713 306
v 31 75 389 212
v 31 76 342 157
v 31 77 105 43
v 31 78 169 76
v 31 79 223 111
v 31 80 207 96
v 31 81 52 29
v 31 82 35 22
v 31 83 343 160
v 31 84 477 243
v 31 85 943 449
v 31 86 1228 588
v 31 87 617 288
v 31 88 206 100
v 31 89 27 16
v 31 90 284 123
v 31 91 186 95
v 31 92 61 28
v 31 93 342 162
v 31 94 119 70
v 31 95 74 32
v 31 96 644 320
v 31 97 303 155
v 31 98 267 162
v 31 99 138 66
v 31 100 723 348
v 31 101 489 258
v 31 102 109 49
v 31 103 33 15
v 31 104 249 134
v 31 105 440 207
v 31 106 722 353
v 31 107 452 204
v 31 108 779 402
v 31 109 229 109
v 31 110 370 192
v 31 111 257 134
v 31 112 401 156
v 31 113 108 58
v 31 114 124 60
v 31 119 642 313
v 31 120 356 183
v 31 121 670 342
v 31 123 1112 567
v 31 126 313 159
v 31 128 900 464
v 31 129 275 131
v 31 131 503 244
v 31 135 836 415
v 31 136 121 55
v 31 137 229 110
v 31 138 150 75
v 31 145 240 118
v 31 155 185 81
v 32 33 9 5
v 32 34 15 6
v 32 35 12 5
v 32 36 44 21
v 32 37 11 5
v 32 38 8 5
v 32 39 26 12
v 32 40 4 2
v 32 41 24 12
v 32 42 18 11
v 32 43 11 6
v 32 44 14 8
v 32 45 14 6
v 32 46 11 6
v 32 47 20 10
v 32 48 53 26
v 32 49 34 18
v 32 50 19 7
v 32 51 16 7
v 32 52 11 2
v 32 53 25 12
v 32 54 81 30
v 32 55 24 9
v 32 56 19 11
v 32 57 7 3
v 32 58 5 2
v 32 59 11 5
v 32 60 53 26
v 32 61 1 0
v 32 62 14 2
v 32 63 14 10
v 32 64 28 12
v 32 65 1 1
v 32 66 3 2
v 32 67 34 16
v 32 68 12 5
v 32 69 36 17
v 32 70 31 14
v 32 71 64 29
v 32 72 8 4
v 32 73 12 6
v 32 74 82 46
v 32 75 32 15
v 32 76 22 12
v 32 77 9 4
v 32 78 12 8
v 32 79 28 15
v 32 80 21 10
v 32 81 6 3
v 32 82 5 4
v 32 83 26 13
v 32 84 25 12
v 32 85 64 35
v 32 86 97 47
v 32 87 51 24
v 32 88 31 10
v 32 89 2 1
v 32 90 25 10
v 32 91 21 12
v 32 92 9 3
v 32 93 32 18
v 32 94 16 10
v 32 95 5 3
v 32 96 57 19
v 32 97 26 11
v 32 98 33 17
v 32 99 9 4
v 32 100 49 26
v 32 101 45 25
v 32 102 11 6
v 32 103 3 2
v 32 104 13 7
v 32 105 36 16
v 32 106 55 26
v 32 107 38 19
v 32 108 50 24
v 32 109 16 6
v 32 110 39 18
v 32 111 37 18
v 32 112 33 17
v 32 113 8 4
v 32 114 14 5
v 32 119 54 25
v 32 120 20 12
v 32 121 36 13
v 32 123 81 36
v 32 126 14 7
v 32 128 74 38
v 32 129 24 14
v 32 131 46 27
v 32 135 67 30
v 32 136 6 3
v 32 137 16 4
v 32 138 15 8
v 32 145 16 7
v 32 155 18 6
v 33 34 32 25
v 33 35 41 21
v 33 36 117 74
v 33 37 57 32
v 33 38 41 21
v 33 39 52 30
v 33 40 16 6
v 33 41 29 17
v 33 42 26 13
v 33 43 29 18
v 33 44 24 14
v 33 45 11 4
v 33 46 45 25
v 33 47 43 29
v 33 48 116 64
v 33 49 106 67
v 33 50 33 18
v 33 51 69 41
v 33 52 24 11
v 33 53 52 31
v 33 54 188 126
v 33 55 104 58
v 33 56 26 11
v 33 57 14 10
v 33 58 26 20
v 33 59 20 13
v 33 60 122 78
v 33 61 10 6
v 33 62 63 38
v 33 63 11 7
v 33 64 60 33
v 33 65 25 18
v 33 66 10 8
v 33 67 70 43
v 33 68 17 13
v 33 69 96 56
v 33 70 61 41
v 33 71 111 69
v 33 72 122 66
v 33 73 21 10
v 33 74 127 73
v 33 75 92 54
v 33 76 82 54
v 33 77 20 14
v 33 78 42 20
v 33 79 31 23
v 33 80 77 43
v 33 81 12 10
v 33 82 11 4
v 33 83 54 30
v 33 84 76 50
v 33 85 279 168
v 33 86 197 105
v 33 87 112 73
v 33 88 35 20
v 33 89 21 11
v 33 90 88 55
v 33 91 56 31
v 33 92 15 10
v 33 93 65 38
v 33 94 28 14
v 33 95 13 10
v 33 96 108 60
v 33 97 41 28
v 33 98 66 43
v 33 99 36 23
v 33 100 142 85
v 33 101 85 56
v 33 102 9 6
v 33 103 11 7
v 33 104 45 28
v 33 105 121 81
v 33 106 143 82
v 33 107 94 61
v 33 108 145 89
v 33 109 56 33
v 33 110 68 32
v 33 111 51 29
v 33 112 91 52
v 33 113 14 7
v 33 114 23 14
v 33 119 163 97
v 33 120 82 47
v 33 121 99 57
v 33 123 254 137
v 33 126 63 34
v 33 128 179 106
v 33 129 45 28
v 33 131 105 65
v 33 135 236 132
v 33 136 25 17
v 33 137 30 17
v 33 138 25 19
v 33 145 60 39
v 33 155 54 31
v 34 35 46 25
v 34 36 130 60
v 34 37 28 14
v 34 38 32 10
v 34 39 51 27
v 34 40 19 9
v 34 41 50 29
v 34 42 39 18
v 34 43 37 22
v 34 44 35 22
v 34 45 19 12
v 34 46 34 19
v 34 47 56 24
v 34 48 97 45
v 34 49 81 35
v 34 50 28 14
v 34 51 58 31
v 34 52 18 6
v 34 53 55 27
v 34 54 175 83
v 34 55 66 33
v 34 56 29 16
v 34 57 13 4
v 34 58 24 9
v 34 59 15 9
v 34 60 135 68
v 34 61 15 7
v 34 62 42 11
v 34 63 26 13
v 34 64 97 58
v 34 65 20 9
v 34 66 5 4
v 34 67 146 76
v 34 68 32 17
v 34 69 100 49
v 34 70 92 52
v 34 71 121 59
v 34 72 21 13
v 34 73 15 12
v 34 74 162 73
v 34 75 64 31
v 34 76 82 40
v 34 77 13 4
v 34 78 27 8
v 34 79 55 31
v 34 80 50 20
v 34 81 10 4
v 34 82 11 8
v 34 83 63 34
v 34 84 83 51
v 34 85 223 95
v 34 86 238 111
v 34 87 111 52
v 34 88 39 13
v 34 89 10 8
v 34 90 68 33
v 34 91 49 24
v 34 92 10 6
v 34 93 44 24
v 34 94 19 12
v 34 95 17 11
v 34 96 152 91
v 34 97 60 33
v 34 98 84 42
v 34 99 26 17
v 34 100 128 64
v 34 101 70 31
v 34 102 23 13
v 34 103 13 5
v 34 104 44 23
v 34 105 105 60
v 34 106 131 74
v 34 107 84 32
v 34 108 148 82
v 34 109 47 26
v 34 110 72 37
v 34 111 53 22
v 34 112 79 40
v 34 113 28 13
v 34 114 21 9
v 34 119 83 41
v 34 120 55 24
v 34 121 118 63
v 34 123 203 93
v 34 126 88 44
v 34 128 202 97
v 34 129 48 25
v 34 131 117 63
v 34 135 154 79
v 34 136 40 15
v 34 137 52 19
v 34 138 30 15
v 34 145 49 22
v 34 155 34 18
v 35 36 210 101
v 35 37 61 39
v 35 38 65 28
v 35 39 94 50
v 35 40 28 12
v 35 41 76 39
v 35 42 72 40
v 35 43 85 33
v 35 44 70 31
v 35 45 19 10
v 35 46 74 40
v 35 47 197 105
v 35 48 189 91
v 35 49 134 48
v 35 50 56 24
v 35 51 83 41
v 35 52 25 12
v 35 53 102 51
v 35 54 338 137
v 35 55 107 33
v 35 56 44 18
v 35 57 25 13
v 35 58 27 8
v 35 59 69 32
v 35 60 168 77
v 35 61 7 3
v 35 62 86 28
v 35 63 47 23
v 35 64 135 57
v 35 65 13 6
v 35 66 11 7
v 35 67 160 64
v 35 68 54 29
v 35 69 163 76
v 35 70 117 62
v 35 71 137 52
v 35 72 28 16
v 35 73 37 17
v 35 74 219 85
v 35 75 170 86
v 35 76 219 107
v 35 77 19 8
v 35 78 55 24
v 35 79 75 37
v 35 80 71 29
v 35 81 31 13
v 35 82 11 6
v 35 83 118 53
v 35 84 185 78
v 35 85 390 175
v 35 86 435 194
v 35 87 218 114
v 35 88 46 23
v 35 89 17 6
v 35 90 94 36
v 35 91 51 20
v 35 92 16 8
v 35 93 95 37
v 35 94 58 34
v 35 95 27 15
v 35 96 192 93
v 35 97 102 42
v 35 98 101 51
v 35 99 53 29
v 35 100 198 84
v 35 101 171 77
v 35 102 35 20
v 35 103 13 4
v 35 104 70 25
v 35 105 139 75
v 35 106 146 55
v 35 107 119 40
v 35 108 291 155
v 35 109 87 43
v 35 110 180 79
v 35 111 86 45
v 35 112 129 61
v 35 113 46 18
v 35 114 40 23
v 35 119 175 83
v 35 120 109 51
v 35 121 200 90
v 35 123 281 121
v 35 126 100 45
v 35 128 299 141
v 35 129 108 56
v 35 131 140 62
v 35 135 281 123
v 35 136 48 19
v 35 137 51 25
v 35 138 49 18
v 35 145 68 34
v 35 155 57 27
v 36 37 125 74
v 36 38 122 67
v 36 39 279 144
v 36 40 44 29
v 36 41 141 71
v 36 42 146 86
v 36 43 208 103
v 36 44 82 44
v 36 45 54 27
v 36 46 146 74
v 36 47 231 119
v 36 48 442 225
v 36 49 341 178
v 36 50 105 58
v 36 51 301 159
v 36 52 111 59
v 36 53 218 110
v 36 54 702 384
v 36 55 313 137
v 36 56 109 44
v 36 57 44 19
v 36 58 56 24
v 36 59 64 39
v 36 60 386 194
v 36 61 16 8
v 36 62 250 107
v 36 63 88 44
v 36 64 252 135
v 36 65 86 40
v 36 66 18 10
v 36 67 305 164
v 36 68 139 63
v 36 69 428 215
v 36 70 234 131
v 36 71 536 289
v 36 72 59 32
v 36 73 72 37
v 36 74 454 220
v 36 75 230 123
v 36 76 254 137
v 36 77 85 43
v 36 78 107 55
v 36 79 221 100
v 36 80 168 95
v 36 81 32 18
v 36 82 31 22
v 36 83 284 143
v 36 84 334 173
v 36 85 779 395
v 36 86 911 443
v 36 87 381 202
v 36 88 132 67
v 36 89 26 17
v 36 90 265 112
v 36 91 146 74
v 36 92 52 24
v 36 93 207 107
v 36 94 90 50
v 36 95 59 31
v 36 96 531 291
v 36 97 215 110
v 36 98 280 181
v 36 99 109 59
v 36 100 566 287
v 36 101 314 142
v 36 102 89 53
v 36 103 35 11
v 36 104 120 62
v 36 105 275 141
v 36 106 579 304
v 36 107 353 188
v 36 108 538 288
v 36 109 176 96
v 36 110 238 134
v 36 111 101 49
v 36 112 426 200
v 36 113 63 35
v 36 114 85 42
v 36 119 487 252
v 36 120 288 139
v 36 121 289 144
v 36 123 753 399
v 36 126 212 110
v 36 128 692 347
v 36 129 183 106
v 36 131 384 202
v 36 135 608 311
v 36 136 102 60
v 36 137 151 56
v 36 138 559 283
v 36 145 175 91
v 36 155 153 52
v 37 38 41 17
v 37 39 69 39
v 37 40 23 8
v 37 41 35 19
v 37 42 38 18
v 37 43 29 13
v 37 44 31 15
v 37 45 16 7
v 37 46 44 28
v 37 47 49 18
v 37 48 107 50
v 37 49 70 30
v 37 50 31 18
v 37 51 58 25
v 37 52 21 10
v 37 53 79 37
v 37 54 131 62
v 37 55 64 33
v 37 56 30 7
v 37 57 6 2
v 37 58 20 9
v 37 59 26 9
v 37 60 106 45
v 37 61 11 5
v 37 62 38 13
v 37 63 23 7
v 37 64 83 36
v 37 65 17 7
v 37 66 11 4
v 37 67 68 30
v 37 68 31 16
v 37 69 70 27
v 37 70 56 27
v 37 71 118 38
v 37 72 18 10
v 37 73 20 7
v 37 74 114 55
v 37 75 77 43
v 37 76 56 21
v 37 77 22 6
v 37 78 23 11
v 37 79 35 18
v 37 80 28 9
v 37 81 15 9
v 37 82 14 7
v 37 83 77 30
v 37 84 84 44
v 37 85 154 66
v 37 86 223 90
v 37 87 102 47
v 37 88 40 14
v 37 89 10 5
v 37 90 71 31
v 37 91 49 24
v 37 92 14 6
v 37 93 72 30
v 37 94 24 12
v 37 95 18 10
v 37 96 107 51
v 37 97 64 26
v 37 98 49 25
v 37 99 30 15
v 37 100 112 54
v 37 101 114 46
v 37 102 31 14
v 37 103 10 4
v 37 104 54 21
v 37 105 102 46
v 37 106 122 53
v 37 107 81 31
v 37 108 116 58
v 37 109 52 26
v 37 110 62 26
v 37 111 47 17
v 37 112 65 33
v 37 113 23 10
v 37 114 23 10
v 37 119 91 42
v 37 120 70 33
v 37 121 94 34
v 37 123 162 81
v 37 126 41 26
v 37 128 168 79
v 37 129 67 38
v 37 131 96 40
v 37 135 133 58
v 37 136 27 10
v 37 137 38 13
v 37 138 35 20
v 37 145 53 28
v 37 155 54 17
v 38 39 77 40
v 38 40 15 7
v 38 41 45 28
v 38 42 35 15
v 38 43 44 27
v 38 44 34 18
v 38 45 14 12
v 38 46 34 18
v 38 47 48 26
v 38 48 156 77
v 38 49 66 36
v 38 50 31 18
v 38 51 125 61
v 38 52 33 16
v 38 53 87 56
v 38 54 221 114
v 38 55 90 36
v 38 56 121 59
v 38 57 12 8
v 38 58 30 11
v 38 59 20 8
v 38 60 181 94
v 38 61 8 3
v 38 62 64 22
v 38 63 21 13
v 38 64 88 39
v 38 65 24 10
v 38 66 5 4
v 38 67 70 42
v 38 68 26 13
v 38 69 106 56
v 38 70 83 44
v 38 71 171 85
v 38 72 115 58
v 38 73 18 8
v 38 74 150 76
v 38 75 85 51
v 38 76 96 45
v 38 77 21 7
v 38 78 58 23
v 38 79 58 39
v 38 80 45 19
v 38 81 16 6
v 38 82 10 6
v 38 83 75 30
v 38 84 105 67
v 38 85 220 115
v 38 86 276 132
v 38 87 144 82
v 38 88 71 41
v 38 89 8 6
v 38 90 60 26
v 38 91 44 22
v 38 92 12 7
v 38 93 60 27
v 38 94 31 14
v 38 95 20 13
v 38 96 141 70
v 38 97 80 48
v 38 98 84 39
v 38 99 34 17
v 38 100 165 88
v 38 101 99 57
v 38 102 27 12
v 38 103 15 10
v 38 104 47 20
v 38 105 89 38
v 38 106 203 109
v 38 107 127 58
v 38 108 174 100
v 38 109 64 33
v 38 110 79 41
v 38 111 48 27
v 38 112 94 48
v 38 113 22 13
v 38 114 25 14
v 38 119 185 92
v 38 120 106 60
v 38 121 125 64
v 38 123 248 129
v 38 126 80 45
v 38 128 253 139
v 38 129 80 44
v 38 131 127 62
v 38 135 220 128
v 38 136 39 23
v 38 137 43 20
v 38 138 28 16
v 38 145 58 27
v 38 155 70 38
v 39 40 30 16
v 39 41 74 33
v 39 42 85 44
v 39 43 113 64
v 39 44 61 30
v 39 45 28 7
v 39 46 73 40
v 39 47 121 59
v 39 48 241 108
v 39 49 184 87
v 39 50 57 25
v 39 51 192 90
v 39 52 54 28
v 39 53 116 60
v 39 54 414 200
v 39 55 180 71
v 39 56 62 29
v 39 57 26 15
v 39 58 36 13
v 39 59 41 20
v 39 60 215 99
v 39 61 10 6
v 39 62 140 53
v 39 63 56 27
v 39 64 180 79
v 39 65 45 26
v 39 66 7 3
v 39 67 197 96
v 39 68 78 47
v 39 69 143 64
v 39 70 172 87
v 39 71 268 121
v 39 72 50 26
v 39 73 33 15
v 39 74 356 159
v 39 75 121 60
v 39 76 136 64
v 39 77 49 20
v 39 78 91 50
v 39 79 127 60
v 39 80 89 39
v 39 81 23 12
v 39 82 25 14
v 39 83 156 60
v 39 84 187 96
v 39 85 458 214
v 39 86 500 226
v 39 87 214 99
v 39 88 98 46
v 39 89 19 12
v 39 90 172 73
v 39 91 75 40
v 39 92 40 18
v 39 93 136 59
v 39 94 49 24
v 39 95 37 13
v 39 96 271 131
v 39 97 148 68
v 39 98 170 98
v 39 99 45 25
v 39 100 361 179
v 39 101 165 87
v 39 102 46 26
v 39 103 19 8
v 39 104 102 41
v 39 105 168 78
v 39 106 285 116
v 39 107 204 93
v 39 108 312 145
v 39 109 141 68
v 39 110 152 75
v 39 111 81 43
v 39 112 196 93
v 39 113 46 27
v 39 114 75 38
v 39 119 299 141
v 39 120 197 96
v 39 121 162 78
v 39 123 448 210
v 39 126 153 66
v 39 128 468 231
v 39 129 154 89
v 39 131 209 93
v 39 135 378 166
v 39 136 66 30
v 39 137 105 45
v 39 138 73 38
v 39 145 120 48
v 39 155 97 43
v 40 41 14 6
v 40 42 15 9
v 40 43 16 7
v 40 44 14 10
v 40 45 10 3
v 40 46 12 7
v 40 47 25 11
v 40 48 48 25
v 40 49 35 11
v 40 50 13 4
v 40 51 38 17
v 40 52 12 3
v 40 53 34 17
v 40 54 85 31
v 40 55 33 15
v 40 56 18 10
v 40 57 10 6
v 40 58 14 9
v 40 59 12 5
v 40 60 63 32
v 40 61 7 3
v 40 62 15 9
v 40 63 33 17
v 40 64 46 19
v 40 65 12 6
v 40 66 6 2
v 40 67 29 15
v 40 68 15 10
v 40 69 45 24
v 40 70 39 20
v 40 71 58 24
v 40 72 14 7
v 40 73 15 5
v 40 74 61 28
v 40 75 36 15
v 40 76 24 12
v 40 77 15 4
v 40 78 14 7
v 40 79 31 14
v 40 80 21 8
v 40 81 13 7
v 40 82 8 5
v 40 83 40 14
v 40 84 50 20
v 40 85 90 43
v 40 86 123 51
v 40 87 53 24
v 40 88 19 12
v 40 89 2 2
v 40 90 44 15
v 40 91 14 2
v 40 92 7 4
v 40 93 49 17
v 40 94 15 11
v 40 95 4 3
v 40 96 62 37
v 40 97 28 13
v 40 98 25 13
v 40 99 9 6
v 40 100 74 31
v 40 101 43 15
v 40 102 25 13
v 40 103 5 2
v 40 104 41 17
v 40 105 27 14
v 40 106 65 32
v 40 107 38 17
v 40 108 58 29
v 40 109 28 11
v 40 110 42 17
v 40 111 31 16
v 40 112 29 11
v 40 113 11 7
v 40 114 13 6
v 40 119 38 18
v 40 120 43 22
v 40 121 41 18
v 40 123 86 38
v 40 126 30 16
v 40 128 78 37
v 40 129 22 9
v 40 131 39 20
v 40 135 65 27
v 40 136 17 6
v 40 137 15 2
v 40 138 20 7
v 40 145 34 19
v 40 155 30 9
v 41 42 74 40
v 41 43 65 38
v 41 44 31 17
v 41 45 17 7
v 41 46 39 23
v 41 47 65 31
v 41 48 126 61
v 41 49 96 44
v 41 50 33 15
v 41 51 101 37
v 41 52 26 16
v 41 53 73 42
v 41 54 404 197
v 41 55 125 60
v 41 56 36 18
v 41 57 13 8
v 41 58 24 12
v 41 59 32 16
v 41 60 144 57
v 41 61 10 4
v 41 62 88 36
v 41 63 46 26
v 41 64 128 71
v 41 65 32 19
v 41 66 11 4
v 41 67 95 54
v 41 68 35 21
v 41 69 89 43
v 41 70 119 59
v 41 71 216 86
v 41 72 31 11
v 41 73 27 10
v 41 74 156 75
v 41 75 99 45
v 41 76 102 49
v 41 77 26 9
v 41 78 37 15
v 41 79 73 38
v 41 80 45 14
v 41 81 14 8
v 41 82 11 4
v 41 83 103 50
v 41 84 116 61
v 41 85 277 120
v 41 86 333 144
v 41 87 129 61
v 41 88 70 32
v 41 89 19 7
v 41 90 109 48
v 41 91 47 18
v 41 92 21 8
v 41 93 99 39
v 41 94 32 21
v 41 95 18 8
v 41 96 160 76
v 41 97 89 39
v 41 98 98 54
v 41 99 41 25
v 41 100 243 128
v 41 101 101 39
v 41 102 29 15
v 41 103 10 1
v 41 104 85 35
v 41 105 112 43
v 41 106 211 95
v 41 107 118 53
v 41 108 165 91
v 41 109 63 23
v 41 110 93 43
v 41 111 47 25
v 41 112 88 34
v 41 113 30 18
v 41 114 33 12
v 41 119 163 75
v 41 120 118 54
v 41 121 119 52
v 41 123 269 133
v 41 126 122 59
v 41 128 266 145
v 41 129 106 54
v 41 131 128 60
v 41 135 275 160
v 41 136 38 22
v 41 137 58 33
v 41 138 51 26
v 41 145 70 27
v 41 155 48 25
v 42 43 54 26
v 42 44 43 23
v 42 45 21 11
v 42 46 43 20
v 42 47 49 23
v 42 48 150 73
v 42 49 104 52
v 42 50 43 19
v 42 51 82 36
v 42 52 24 12
v 42 53 64 35
v 42 54 194 92
v 42 55 53 23
v 42 56 48 32
v 42 57 9 4
v 42 58 22 10
v 42 59 18 12
v 42 60 210 116
v 42 61 15 3
v 42 62 50 22
v 42 63 34 11
v 42 64 77 34
v 42 65 9 7
v 42 66 6 4
v 42 67 108 57
v 42 68 40 23
v 42 69 258 132
v 42 70 82 46
v 42 71 151 74
v 42 72 30 10
v 42 73 31 12
v 42 74 183 88
v 42 75 93 46
v 42 76 99 52
v 42 77 16 8
v 42 78 40 19
v 42 79 67 34
v 42 80 32 17
v 42 81 12 8
v 42 82 18 11
v 42 83 56 20
v 42 84 107 47
v 42 85 184 83
v 42 86 267 109
v 42 87 178 89
v 42 88 62 29
v 42 89 15 6
v 42 90 60 25
v 42 91 44 20
v 42 92 17 5
v 42 93 70 33
v 42 94 29 17
v 42 95 17 8
v 42 96 102 50
v 42 97 118 56
v 42 98 62 26
v 42 99 23 12
v 42 100 164 80
v 42 101 121 63
v 42 102 27 11
v 42 103 13 5
v 42 104 105 65
v 42 105 100 55
v 42 106 162 79
v 42 107 100 50
v 42 108 141 70
v 42 109 51 25
v 42 110 70 30
v 42 111 60 30
v 42 112 86 31
v 42 113 26 15
v 42 114 39 18
v 42 119 118 55
v 42 120 78 34
v 42 121 150 72
v 42 123 222 115
v 42 126 61 36
v 42 128 209 92
v 42 129 59 24
v 42 131 109 51
v 42 135 178 88
v 42 136 25 9
v 42 137 44 22
v 42 138 30 14
v 42 145 39 19
v 42 155 25 9
v 43 44 33 16
v 43 45 16 10
v 43 46 39 21
v 43 47 97 34
v 43 48 147 74
v 43 49 90 42
v 43 50 33 15
v 43 51 99 53
v 43 52 21 15
v 43 53 84 42
v 43 54 246 117
v 43 55 92 30
v 43 56 51 29
v 43 57 14 11
v 43 58 35 21
v 43 59 30 16
v 43 60 182 76
v 43 61 14 6
v 43 62 54 17
v 43 63 36 22
v 43 64 107 57
v 43 65 19 6
v 43 66 7 7
v 43 67 94 41
v 43 68 48 20
v 43 69 121 60
v 43 70 95 45
v 43 71 179 75
v 43 72 19 13
v 43 73 22 13
v 43 74 160 73
v 43 75 99 51
v 43 76 83 44
v 43 77 27 7
v 43 78 46 25
v 43 79 58 28
v 43 80 64 27
v 43 81 13 8
v 43 82 12 6
v 43 83 89 32
v 43 84 137 69
v 43 85 251 118
v 43 86 325 154
v 43 87 139 74
v 43 88 78 28
v 43 89 8 2
v 43 90 77 21
v 43 91 53 28
v 43 92 17 10
v 43 93 64 29
v 43 94 40 23
v 43 95 23 6
v 43 96 152 66
v 43 97 82 39
v 43 98 78 37
v 43 99 25 12
v 43 100 191 77
v 43 101 121 59
v 43 102 27 15
v 43 103 7 3
v 43 104 48 23
v 43 105 104 50
v 43 106 165 68
v 43 107 120 54
v 43 108 205 116
v 43 109 80 34
v 43 110 97 41
v 43 111 52 25
v 43 112 79 38
v 43 113 14 6
v 43 114 33 16
v 43 119 158 65
v 43 120 96 42
v 43 121 117 44
v 43 123 266 129
v 43 126 75 41
v 43 128 267 120
v 43 129 96 52
v 43 131 103 49
v 43 135 228 112
v 43 136 36 20
v 43 137 34 16
v 43 138 43 18
v 43 145 60 31
v 43 155 36 15
v 44 45 10 3
v 44 46 26 9
v 44 47 58 27
v 44 48 109 45
v 44 49 69 34
v 44 50 36 19
v 44 51 55 19
v 44 52 23 11
v 44 53 54 28
v 44 54 175 88
v 44 55 50 23
v 44 56 31 18
v 44 57 17 4
v 44 58 22 11
v 44 59 15 6
v 44 60 127 59
v 44 61 5 2
v 44 62 44 17
v 44 63 16 10
v 44 64 68 45
v 44 65 11 3
v 44 66 8 4
v 44 67 113 55
v 44 68 39 18
v 44 69 55 28
v 44 70 81 44
v 44 71 120 65
v 44 72 15 10
v 44 73 19 11
v 44 74 155 72
v 44 75 85 40
v 44 76 49 21
v 44 77 12 4
v 44 78 26 14
v 44 79 44 22
v 44 80 42 24
v 44 81 5 3
v 44 82 10 4
v 44 83 53 22
v 44 84 87 42
v 44 85 148 74
v 44 86 218 110
v 44 87 105 50
v 44 88 39 17
v 44 89 6 4
v 44 90 75 36
v 44 91 39 19
v 44 92 21 11
v 44 93 59 26
v 44 94 15 11
v 44 95 11 6
v 44 96 103 54
v 44 97 74 44
v 44 98 41 15
v 44 99 42 21
v 44 100 115 60
v 44 101 89 41
v 44 102 24 9
v 44 103 7 4
v 44 104 46 20
v 44 105 58 28
v 44 106 92 33
v 44 107 63 24
v 44 108 127 73
v 44 109 37 17
v 44 110 53 27
v 44 111 54 25
v 44 112 67 26
v 44 113 33 18
v 44 114 28 17
v 44 119 89 39
v 44 120 56 20
v 44 121 96 43
v 44 123 156 81
v 44 126 50 25
v 44 128 173 89
v 44 129 67 26
v 44 131 95 44
v 44 135 153 64
v 44 136 32 16
v 44 137 22 13
v 44 138 15 8
v 44 145 44 21
v 44 155 30 12
v 45 46 21 13
v 45 47 24 13
v 45 48 44 23
v 45 49 33 19
v 45 50 16 8
v 45 51 25 12
v 45 52 11 6
v 45 53 29 16
v 45 54 71 37
v 45 55 26 12
v 45 56 15 8
v 45 57 5 4
v 45 58 11 6
v 45 59 12 10
v 45 60 51 23
v 45 61 2 1
v 45 62 22 10
v 45 63 20 13
v 45 64 37 19
v 45 65 10 8
v 45 66 4 2
v 45 67 29 17
v 45 68 22 11
v 45 69 41 23
v 45 70 33 18
v 45 71 53 24
v 45 72 8 4
v 45 73 12 8
v 45 74 72 37
v 45 75 29 18
v 45 76 32 20
v 45 77 10 5
v 45 78 20 10
v 45 79 17 8
v 45 80 20 7
v 45 81 6 3
v 45 82 4 2
v 45 83 22 13
v 45 84 48 25
v 45 85 73 43
v 45 86 107 49
v 45 87 39 20
v 45 88 26 17
v 45 89 5 3
v 45 90 34 18
v 45 91 27 16
v 45 92 8 6
v 45 93 24 16
v 45 94 8 6
v 45 95 12 4
v 45 96 46 27
v 45 97 38 22
v 45 98 25 13
v 45 99 15 7
v 45 100 47 22
v 45 101 57 29
v 45 102 9 7
v 45 103 1 1
v 45 104 15 7
v 45 105 39 17
v 45 106 58 27
v 45 107 31 13
v 45 108 65 35
v 45 109 21 10
v 45 110 30 15
v 45 111 17 11
v 45 112 49 25
v 45 113 12 8
v 45 114 10 5
v 45 119 56 31
v 45 120 22 12
v 45 121 39 20
v 45 123 55 29
v 45 126 21 13
v 45 128 66 33
v 45 129 31 18
v 45 131 34 19
v 45 135 71 42
v 45 136 19 10
v 45 137 13 8
v 45 138 43 21
v 45 145 20 12
v 45 155 14 5
v 46 47 74 35
v 46 48 177 74
v 46 49 89 41
v 46 50 47 25
v 46 51 99 51
v 46 52 26 15
v 46 53 85 39
v 46 54 265 109
v 46 55 85 27
v 46 56 36 21
v 46 57 13 7
v 46 58 28 16
v 46 59 23 14
v 46 60 162 71
v 46 61 13 1
v 46 62 65 22
v 46 63 32 17
v 46 64 115 54
v 46 65 23 8
v 46 66 4 2
v 46 67 105 40
v 46 68 48 31
v 46 69 103 44
v 46 70 121 61
v 46 71 166 76
v 46 72 33 14
v 46 73 17 6
v 46 74 214 99
v 46 75 91 47
v 46 76 107 48
v 46 77 21 6
v 46 78 27 13
v 46 79 67 36
v 46 80 55 26
v 46 81 23 10
v 46 82 8 2
v 46 83 80 24
v 46 84 140 58
v 46 85 234 112
v 46 86 382 171
v 46 87 153 73
v 46 88 71 26
v 46 89 19 11
v 46 90 95 44
v 46 91 51 21
v 46 92 33 12
v 46 93 76 38
v 46 94 25 10
v 46 95 22 11
v 46 96 206 104
v 46 97 99 51
v 46 98 137 71
v 46 99 37 22
v 46 100 203 104
v 46 101 134 66
v 46 102 22 15
v 46 103 13 6
v 46 104 69 31
v 46 105 166 81
v 46 106 197 85
v 46 107 114 53
v 46 108 161 64
v 46 109 111 48
v 46 110 77 36
v 46 111 65 25
v 46 112 135 61
v 46 113 16 10
v 46 114 46 18
v 46 119 145 56
v 46 120 130 61
v 46 121 154 77
v 46 123 257 122
v 46 126 71 29
v 46 128 284 148
v 46 129 70 36
v 46 131 143 73
v 46 135 238 109
v 46 136 39 15
v 46 137 42 19
v 46 138 32 18
v 46 145 54 27
v 46 155 59 27
v 47 48 189 94
v 47 49 147 72
v 47 50 47 27
v 47 51 132 70
v 47 52 34 18
v 47 53 146 60
v 47 54 335 164
v 47 55 116 58
v 47 56 60 23
v 47 57 21 12
v 47 58 55 26
v 47 59 66 45
v 47 60 274 142
v 47 61 8 4
v 47 62 108 40
v 47 63 42 17
v 47 64 153 86
v 47 65 31 14
v 47 66 11 5
v 47 67 146 73
v 47 68 48 23
v 47 69 158 83
v 47 70 152 76
v 47 71 222 111
v 47 72 34 20
v 47 73 41 19
v 47 74 202 98
v 47 75 157 84
v 47 76 152 79
v 47 77 25 4
v 47 78 52 24
v 47 79 72 36
v 47 80 79 35
v 47 81 18 6
v 47 82 13 7
v 47 83 134 49
v 47 84 138 74
v 47 85 347 161
v 47 86 401 174
v 47 87 202 98
v 47 88 80 35
v 47 89 15 6
v 47 90 130 46
v 47 91 67 45
v 47 92 17 10
v 47 93 101 53
v 47 94 36 19
v 47 95 16 9
v 47 96 236 100
v 47 97 89 54
v 47 98 156 67
v 47 99 102 54
v 47 100 218 107
v 47 101 176 100
v 47 102 46 23
v 47 103 14 9
v 47 104 76 33
v 47 105 147 74
v 47 106 236 115
v 47 107 126 61
v 47 108 238 124
v 47 109 108 50
v 47 110 127 59
v 47 111 70 42
v 47 112 143 57
v 47 113 35 17
v 47 114 63 33
v 47 119 210 97
v 47 120 102 56
v 47 121 188 103
v 47 123 353 174
v 47 126 81 36
v 47 128 339 170
v 47 129 88 48
v 47 131 156 72
v 47 135 271 140
v 47 136 57 21
v 47 137 71 30
v 47 138 49 27
v 47 145 70 24
v 47 155 53 25
v 48 49 321 144
v 48 50 122 68
v 48 51 265 115
v 48 52 56 23
v 48 53 226 128
v 48 54 650 295
v 48 55 221 101
v 48 56 120 71
v 48 57 41 17
v 48 58 65 32
v 48 59 86 46
v 48 60 577 300
v 48 61 39 24
v 48 62 194 75
v 48 63 78 50
v 48 64 300 160
v 48 65 49 26
v 48 66 18 11
v 48 67 301 138
v 48 68 90 55
v 48 69 260 121
v 48 70 243 130
v 48 71 491 248
v 48 72 71 30
v 48 73 63 36
v 48 74 484 222
v 48 75 253 122
v 48 76 250 129
v 48 77 67 25
v 48 78 188 86
v 48 79 149 86
v 48 80 165 92
v 48 81 67 37
v 48 82 49 28
v 48 83 218 108
v 48 84 316 176
v 48 85 749 415
v 48 86 832 410
v 48 87 403 210
v 48 88 142 56
v 48 89 41 21
v 48 90 267 115
v 48 91 138 74
v 48 92 56 21
v 48 93 226 101
v 48 94 79 52
v 48 95 45 24
v 48 96 376 201
v 48 97 206 112
v 48 98 262 152
v 48 99 90 43
v 48 100 589 303
v 48 101 288 147
v 48 102 53 25
v 48 103 18 11
v 48 104 135 71
v 48 105 343 179
v 48 106 497 240
v 48 107 344 174
v 48 108 517 263
v 48 109 264 141
v 48 110 253 119
v 48 111 133 66
v 48 112 380 175
v 48 113 71 34
v 48 114 109 57
v 48 119 466 231
v 48 120 328 165
v 48 121 328 169
v 48 123 786 418
v 48 126 241 131
v 48 128 716 382
v 48 129 174 97
v 48 131 409 205
v 48 135 681 343
v 48 136 93 45
v 48 137 152 66
v 48 138 131 61
v 48 145 191 102
v 48 155 153 72
v 49 50 94 48
v 49 51 170 88
v 49 52 56 34
v 49 53 143 64
v 49 54 484 277
v 49 55 236 112
v 49 56 77 47
v 49 57 28 11
v 49 58 42 20
v 49 59 39 19
v 49 60 427 249
v 49 61 13 8
v 49 62 175 71
v 49 63 59 38
v 49 64 168 87
v 49 65 24 7
v 49 66 11 3
v 49 67 188 90
v 49 68 58 36
v 49 69 267 138
v 49 70 213 119
v 49 71 335 172
v 49 72 50 27
v 49 73 26 12
v 49 74 323 169
v 49 75 163 96
v 49 76 261 141
v 49 77 47 23
v 49 78 94 47
v 49 79 114 73
v 49 80 109 61
v 49 81 41 28
v 49 82 19 7
v 49 83 87 51
v 49 84 206 116
v 49 85 413 226
v 49 86 557 290
v 49 87 294 159
v 49 88 120 70
v 49 89 19 11
v 49 90 130 50
v 49 91 90 50
v 49 92 25 14
v 49 93 222 114
v 49 94 56 38
v 49 95 33 17
v 49 96 301 154
v 49 97 145 90
v 49 98 302 175
v 49 99 57 43
v 49 100 359 211
v 49 101 195 115
v 49 102 38 24
v 49 103 24 11
v 49 104 89 56
v 49 105 282 139
v 49 106 429 220
v 49 107 203 106
v 49 108 348 205
v 49 109 190 103
v 49 110 137 69
v 49 111 95 58
v 49 112 284 138
v 49 113 51 35
v 49 114 65 34
v 49 119 349 191
v 49 120 194 123
v 49 121 266 147
v 49 123 541 313
v 49 126 125 75
v 49 128 441 245
v 49 129 130 73
v 49 131 255 140
v 49 135 409 206
v 49 136 62 34
v 49 137 128 60
v 49 138 69 40
v 49 145 132 74
v 49 155 96 45
v 50 51 55 25
v 50 52 18 9
v 50 53 54 29
v 50 54 178 85
v 50 55 83 38
v 50 56 26 18
v 50 57 10 4
v 50 58 21 7
v 50 59 24 7
v 50 60 140 60
v 50 61 9 4
v 50 62 66 28
v 50 63 28 15
v 50 64 79 39
v 50 65 14 5
v 50 66 9 4
v 50 67 89 44
v 50 68 49 26
v 50 69 80 45
v 50 70 91 49
v 50 71 116 53
v 50 72 14 6
v 50 73 9 3
v 50 74 142 69
v 50 75 63 34
v 50 76 79 43
v 50 77 20 7
v 50 78 35 13
v 50 79 48 17
v 50 80 38 21
v 50 81 12 7
v 50 82 6 4
v 50 83 69 27
v 50 84 63 36
v 50 85 228 119
v 50 86 211 96
v 50 87 124 59
v 50 88 35 15
v 50 89 10 5
v 50 90 70 33
v 50 91 44 20
v 50 92 10 5
v 50 93 65 20
v 50 94 28 11
v 50 95 18 11
v 50 96 105 52
v 50 97 88 47
v 50 98 63 31
v 50 99 26 13
v 50 100 131 53
v 50 101 63 34
v 50 102 14 10
v 50 103 6 4
v 50 104 25 13
v 50 105 125 64
v 50 106 132 59
v 50 107 83 36
v 50 108 135 72
v 50 109 65 27
v 50 110 59 24
v 50 111 49 20
v 50 112 124 49
v 50 113 27 13
v 50 114 29 14
v 50 119 119 48
v 50 120 91 44
v 50 121 102 56
v 50 123 199 97
v 50 126 67 34
v 50 128 167 80
v 50 129 41 19
v 50 131 104 43
v 50 135 133 59
v 50 136 30 13
v 50 137 40 15
v 50 138 20 7
v 50 145 57 27
v 50 155 47 19
v 51 52 34 20
v 51 53 160 82
v 51 54 439 226
v 51 55 202 91
v 51 56 92 44
v 51 57 35 28
v 51 58 44 21
v 51 59 57 33
v 51 60 283 166
v 51 61 14 5
v 51 62 136 47
v 51 63 41 20
v 51 64 182 102
v 51 65 44 22
v 51 66 7 4
v 51 67 183 87
v 51 68 57 35
v 51 69 252 136
v 51 70 137 78
v 51 71 321 170
v 51 72 66 33
v 51 73 31 15
v 51 74 318 160
v 51 75 141 85
v 51 76 150 83
v 51 77 74 37
v 51 78 76 34
v 51 79 116 61
v 51 80 98 43
v 51 81 31 17
v 51 82 21 7
v 51 83 214 85
v 51 84 163 88
v 51 85 475 245
v 51 86 541 256
v 51 87 261 140
v 51 88 108 56
v 51 89 17 9
v 51 90 192 91
v 51 91 67 32
v 51 92 27 13
v 51 93 108 46
v 51 94 31 16
v 51 95 23 12
v 51 96 343 167
v 51 97 102 59
v 51 98 148 71
v 51 99 57 34
v 51 100 431 211
v 51 101 163 83
v 51 102 28 13
v 51 103 11 5
v 51 104 70 31
v 51 105 232 113
v 51 106 361 177
v 51 107 252 126
v 51 108 369 210
v 51 109 162 84
v 51 110 161 80
v 51 111 99 58
v 51 112 246 118
v 51 113 31 18
v 51 114 82 49
v 51 119 352 196
v 51 120 196 114
v 51 121 206 111
v 51 123 577 297
v 51 126 193 102
v 51 128 437 235
v 51 129 121 65
v 51 131 276 150
v 51 135 371 203
v 51 136 52 27
v 51 137 64 29
v 51 138 94 57
v 51 145 133 64
v 51 155 96 41
v 52 53 31 16
v 52 54 92 44
v 52 55 51 23
v 52 56 15 8
v 52 57 6 5
v 52 58 18 9
v 52 59 15 11
v 52 60 80 34
v 52 61 6 3
v 52 62 45 22
v 52 63 20 10
v 52 64 48 29
v 52 65 14 5
v 52 66 10 3
v 52 67 38 26
v 52 68 16 9
v 52 69 50 23
v 52 70 28 14
v 52 71 75 32
v 52 72 15 9
v 52 73 10 4
v 52 74 83 36
v 52 75 51 30
v 52 76 43 22
v 52 77 10 2
v 52 78 18 14
v 52 79 31 19
v 52 80 20 8
v 52 81 12 4
v 52 82 8 4
v 52 83 39 18
v 52 84 43 22
v 52 85 100 46
v 52 86 154 70
v 52 87 72 39
v 52 88 26 11
v 52 89 9 7
v 52 90 43 15
v 52 91 18 10
v 52 92 6 2
v 52 93 93 51
v 52 94 13 8
v 52 95 9 4
v 52 96 68 30
v 52 97 43 26
v 52 98 49 29
v 52 99 13 7
v 52 100 78 35
v 52 101 59 25
v 52 102 13 7
v 52 103 6 1
v 52 104 18 8
v 52 105 50 23
v 52 106 73 36
v 52 107 51 22
v 52 108 104 56
v 52 109 38 18
v 52 110 38 15
v 52 111 24 15
v 52 112 63 27
v 52 113 16 10
v 52 114 14 9
v 52 119 89 46
v 52 120 45 27
v 52 121 49 24
v 52 123 123 58
v 52 126 37 19
v 52 128 146 80
v 52 129 29 16
v 52 131 48 22
v 52 135 108 49
v 52 136 21 13
v 52 137 20 6
v 52 138 18 8
v 52 145 31 10
v 52 155 18 11
v 53 54 368 181
v 53 55 138 46
v 53 56 74 39
v 53 57 15 11
v 53 58 54 25
v 53 59 43 23
v 53 60 219 113
v 53 61 15 6
v 53 62 117 41
v 53 63 33 9
v 53 64 140 65
v 53 65 29 14
v 53 66 14 6
v 53 67 168 81
v 53 68 47 26
v 53 69 214 106
v 53 70 139 77
v 53 71 200 100
v 53 72 38 22
v 53 73 28 12
v 53 74 280 135
v 53 75 128 65
v 53 76 147 76
v 53 77 31 17
v 53 78 61 26
v 53 79 104 58
v 53 80 126 61
v 53 81 30 13
v 53 82 26 11
v 53 83 127 58
v 53 84 183 85
v 53 85 472 244
v 53 86 495 233
v 53 87 201 103
v 53 88 67 21
v 53 89 9 4
v 53 90 144 66
v 53 91 75 41
v 53 92 27 12
v 53 93 102 39
v 53 94 25 12
v 53 95 30 16
v 53 96 240 114
v 53 97 104 53
v 53 98 169 86
v 53 99 43 23
v 53 100 273 130
v 53 101 170 88
v 53 102 32 17
v 53 103 13 6
v 53 104 57 27
v 53 105 198 89
v 53 106 292 138
v 53 107 175 96
v 53 108 355 184
v 53 109 136 80
v 53 110 142 61
v 53 111 86 44
v 53 112 253 135
v 53 113 30 18
v 53 114 67 36
v 53 119 272 138
v 53 120 193 98
v 53 121 187 93
v 53 123 418 199
v 53 126 119 54
v 53 128 325 161
v 53 129 118 56
v 53 131 214 95
v 53 135 335 152
v 53 136 49 23
v 53 137 73 25
v 53 138 44 21
v 53 145 101 43
v 53 155 95 43
v 54 55 430 201
v 54 56 228 113
v 54 57 52 25
v 54 58 101 53
v 54 59 115 53
v 54 60 707 344
v 54 61 56 28
v 54 62 351 144
v 54 63 135 63
v 54 64 510 298
v 54 65 71 30
v 54 66 24 10
v 54 67 550 282
v 54 68 166 102
v 54 69 492 225
v 54 70 697 362
v 54 71 789 389
v 54 72 104 56
v 54 73 85 45
v 54 74 947 478
v 54 75 384 208
v 54 76 471 230
v 54 77 78 31
v 54 78 151 76
v 54 79 293 150
v 54 80 256 119
v 54 81 93 53
v 54 82 54 32
v 54 83 462 222
v 54 84 584 318
v 54 85 1243 639
v 54 86 1513 768
v 54 87 745 416
v 54 88 292 159
v 54 89 48 26
v 54 90 383 170
v 54 91 230 105
v 54 92 59 25
v 54 93 484 224
v 54 94 282 145
v 54 95 121 58
v 54 96 1142 631
v 54 97 365 200
v 54 98 389 207
v 54 99 112 61
v 54 100 811 404
v 54 101 520 274
v 54 102 103 55
v 54 103 46 20
v 54 104 253 140
v 54 105 685 353
v 54 106 802 417
v 54 107 678 331
v 54 108 1482 868
v 54 109 560 310
v 54 110 538 281
v 54 111 268 154
v 54 112 539 224
v 54 113 119 66
v 54 114 183 83
v 54 119 837 417
v 54 120 479 223
v 54 121 585 291
v 54 123 1254 651
v 54 126 406 202
v 54 128 1208 675
v 54 129 445 273
v 54 131 643 328
v 54 135 1007 504
v 54 136 158 78
v 54 137 244 124
v 54 138 135 78
v 54 145 312 157
v 54 155 241 93
v 55 56 142 74
v 55 57 23 15
v 55 58 74 31
v 55 59 65 37
v 55 60 326 184
v 55 61 15 7
v 55 62 167 77
v 55 63 49 29
v 55 64 173 99
v 55 65 41 21
v 55 66 13 5
v 55 67 112 61
v 55 68 56 36
v 55 69 276 142
v 55 70 137 73
v 55 71 313 164
v 55 72 47 25
v 55 73 43 24
v 55 74 320 159
v 55 75 121 78
v 55 76 196 122
v 55 77 51 21
v 55 78 100 54
v 55 79 115 62
v 55 80 110 54
v 55 81 22 16
v 55 82 23 12
v 55 83 151 83
v 55 84 213 119
v 55 85 477 268
v 55 86 596 310
v 55 87 290 160
v 55 88 112 48
v 55 89 14 9
v 55 90 179 82
v 55 91 93 40
v 55 92 18 13
v 55 93 161 76
v 55 94 27 14
v 55 95 49 19
v 55 96 335 181
v 55 97 180 99
v 55 98 165 88
v 55 99 47 31
v 55 100 351 196
v 55 101 169 93
v 55 102 32 24
v 55 103 12 8
v 55 104 80 48
v 55 105 283 130
v 55 106 447 229
v 55 107 244 144
v 55 108 520 287
v 55 109 111 74
v 55 110 162 72
v 55 111 173 93
v 55 112 294 150
v 55 113 40 18
v 55 114 77 53
v 55 119 458 227
v 55 120 233 132
v 55 121 223 130
v 55 123 562 308
v 55 126 160 85
v 55 128 497 264
v 55 129 167 107
v 55 131 257 157
v 55 135 407 208
v 55 136 77 34
v 55 137 98 51
v 55 138 57 37
v 55 145 145 75
v 55 155 169 61
v 56 57 15 10
v 56 58 30 14
v 56 59 22 11
v 56 60 73 41
v 56 61 6 3
v 56 62 52 26
v 56 63 20 11
v 56 64 70 32
v 56 65 18 8
v 56 66 7 7
v 56 67 88 42
v 56 68 38 21
v 56 69 107 48
v 56 70 73 43
v 56 71 95 40
v 56 72 17 10
v 56 73 16 8
v 56 74 138 72
v 56 75 85 49
v 56 76 60 23
v 56 77 19 7
v 56 78 36 12
v 56 79 60 28
v 56 80 59 29
v 56 81 12 6
v 56 82 13 7
v 56 83 85 35
v 56 84 94 42
v 56 85 262 144
v 56 86 260 129
v 56 87 100 46
v 56 88 44 15
v 56 89 13 7
v 56 90 82 40
v 56 91 31 18
v 56 92 15 6
v 56 93 70 34
v 56 94 17 6
v 56 95 12 5
v 56 96 139 71
v 56 97 49 19
v 56 98 94 53
v 56 99 25 14
v 56 100 119 60
v 56 101 74 35
v 56 102 14 7
v 56 103 6 4
v 56 104 44 16
v 56 105 86 42
v 56 106 169 73
v 56 107 98 37
v 56 108 171 100
v 56 109 50 20
v 56 110 95 37
v 56 111 42 24
v 56 112 74 31
v 56 113 26 11
v 56 114 24 14
v 56 119 145 61
v 56 120 103 48
v 56 121 119 70
v 56 123 213 112
v 56 126 70 33
v 56 128 199 99
v 56 129 42 22
v 56 131 116 62
v 56 135 171 91
v 56 136 20 9
v 56 137 29 15
v 56 138 23 13
v 56 145 62 31
v 56 155 51 22
v 57 58 5 0
v 57 59 9 5
v 57 60 58 27
v 57 61 5 3
v 57 62 15 7
v 57 63 8 8
v 57 64 30 16
v 57 65 2 1
v 57 66 2 1
v 57 67 35 17
v 57 68 16 10
v 57 69 29 8
v 57 70 23 9
v 57 71 48 21
v 57 72 7 5
v 57 73 2 1
v 57 74 60 26
v 57 75 32 13
v 57 76 32 14
v 57 77 5 2
v 57 78 9 3
v 57 79 28 11
v 57 80 18 7
v 57 81 3 1
v 57 82 6 5
v 57 83 19 7
v 57 84 36 19
v 57 85 65 26
v 57 86 83 43
v 57 87 48 25
v 57 88 12 2
v 57 89 4 2
v 57 90 25 11
v 57 91 8 3
v 57 92 5 2
v 57 93 21 10
v 57 94 10 5
v 57 95 4 2
v 57 96 53 30
v 57 97 28 16
v 57 98 31 19
v 57 99 7 5
v 57 100 57 22
v 57 101 19 9
v 57 102 6 3
v 57 103 2 0
v 57 104 14 7
v 57 105 38 22
v 57 106 52 28
v 57 107 31 9
v 57 108 55 34
v 57 109 29 15
v 57 110 20 11
v 57 111 18 12
v 57 112 32 17
v 57 113 3 2
v 57 114 8 6
v 57 119 52 27
v 57 120 23 7
v 57 121 41 17
v 57 123 60 29
v 57 126 18 11
v 57 128 63 23
v 57 129 25 14
v 57 131 30 17
v 57 135 56 28
v 57 136 9 6
v 57 137 9 3
v 57 138 19 9
v 57 145 13 7
v 57 155 11 6
v 58 59 15 2
v 58 60 79 38
v 58 61 13 6
v 58 62 41 19
v 58 63 5 1
v 58 64 40 20
v 58 65 12 6
v 58 66 12 4
v 58 67 43 25
v 58 68 15 14
v 58 69 90 44
v 58 70 50 29
v 58 71 77 29
v 58 72 20 7
v 58 73 12 8
v 58 74 92 58
v 58 75 29 16
v 58 76 41 16
v 58 77 19 7
v 58 78 17 13
v 58 79 29 19
v 58 80 25 10
v 58 81 6 4
v 58 82 7 5
v 58 83 42 15
v 58 84 42 21
v 58 85 116 67
v 58 86 135 78
v 58 87 68 33
v 58 88 37 19
v 58 89 5 3
v 58 90 60 22
v 58 91 35 19
v 58 92 7 3
v 58 93 37 19
v 58 94 14 10
v 58 95 15 7
v 58 96 79 41
v 58 97 35 21
v 58 98 59 33
v 58 99 14 5
v 58 100 105 59
v 58 101 52 32
v 58 102 10 7
v 58 103 8 7
v 58 104 17 11
v 58 105 84 50
v 58 106 129 68
v 58 107 46 21
v 58 108 88 53
v 58 109 45 21
v 58 110 40 20
v 58 111 31 15
v 58 112 91 41
v 58 113 11 5
v 58 114 12 7
v 58 119 78 41
v 58 120 50 29
v 58 121 58 32
v 58 123 168 98
v 58 126 49 20
v 58 128 101 59
v 58 129 33 16
v 58 131 66 36
v 58 135 108 46
v 58 136 17 7
v 58 137 40 23
v 58 138 13 6
v 58 145 36 22
v 58 155 34 12
v 59 60 92 45
v 59 61 6 2
v 59 62 54 14
v 59 63 17 10
v 59 64 57 31
v 59 65 6 2
v 59 66 1 0
v 59 67 53 24
v 59 68 32 10
v 59 69 49 18
v 59 70 51 21
v 59 71 91 37
v 59 72 10 5
v 59 73 13 5
v 59 74 66 29
v 59 75 64 27
v 59 76 72 41
v 59 77 11 6
v 59 78 17 7
v 59 79 14 9
v 59 80 39 21
v 59 81 7 1
v 59 82 5 2
v 59 83 42 20
v 59 84 54 25
v 59 85 132 58
v 59 86 177 75
v 59 87 79 33
v 59 88 29 15
v 59 89 5 1
v 59 90 42 19
v 59 91 21 8
v 59 92 7 3
v 59 93 34 16
v 59 94 18 12
v 59 95 7 3
v 59 96 84 42
v 59 97 43 18
v 59 98 31 10
v 59 99 26 14
v 59 100 95 41
v 59 101 72 34
v 59 102 7 2
v 59 103 11 8
v 59 104 25 6
v 59 105 57 25
v 59 106 188 87
v 59 107 71 40
v 59 108 97 45
v 59 109 35 14
v 59 110 65 34
v 59 111 20 8
v 59 112 57 30
v 59 113 11 2
v 59 114 26 12
v 59 119 71 37
v 59 120 54 19
v 59 121 65 30
v 59 123 114 48
v 59 126 42 19
v 59 128 123 56
v 59 129 44 17
v 59 131 64 27
v 59 135 114 50
v 59 136 23 8
v 59 137 24 10
v 59 138 17 9
v 59 145 31 12
v 59 155 35 18
v 60 61 60 24
v 60 62 193 72
v 60 63 67 32
v 60 64 302 150
v 60 65 56 21
v 60 66 16 9
v 60 67 396 191
v 60 68 133 80
v 60 69 352 162
v 60 70 261 165
v 60 71 449 196
v 60 72 70 43
v 60 73 71 39
v 60 74 609 290
v 60 75 315 191
v 60 76 273 121
v 60 77 75 29
v 60 78 141 58
v 60 79 248 125
v 60 80 159 81
v 60 81 92 52
v 60 82 56 26
v 60 83 237 96
v 60 84 367 189
v 60 85 719 369
v 60 86 1109 547
v 60 87 518 257
v 60 88 177 83
v 60 89 77 34
v 60 90 282 109
v 60 91 154 72
v 60 92 57 27
v 60 93 204 97
v 60 94 119 67
v 60 95 84 48
v 60 96 655 310
v 60 97 253 136
v 60 98 246 143
v 60 99 120 68
v 60 100 511 244
v 60 101 346 191
v 60 102 96 52
v 60 103 23 6
v 60 104 213 119
v 60 105 326 163
v 60 106 482 222
v 60 107 377 185
v 60 108 734 387
v 60 109 399 173
v 60 110 424 212
v 60 111 251 139
v 60 112 479 227
v 60 113 77 42
v 60 114 140 70
v 60 119 513 237
v 60 120 343 178
v 60 121 452 240
v 60 123 839 409
v 60 126 220 120
v 60 128 801 416
v 60 129 293 156
v 60 131 473 239
v 60 135 995 440
v 60 136 126 55
v 60 137 167 83
v 60 138 107 56
v 60 145 190 95
v 60 155 135 59
v 61 62 12 3
v 61 63 5 3
v 61 64 16 6
v 61 65 4 1
v 61 66 5 2
v 61 67 23 9
v 61 68 4 3
v 61 69 39 22
v 61 70 23 13
v 61 71 26 14
v 61 72 3 2
v 61 73 3 2
v 61 74 52 27
v 61 75 27 14
v 61 76 19 10
v 61 77 11 5
v 61 78 6 2
v 61 79 18 12
v 61 80 7 2
v 61 81 4 4
v 61 82 2 2
v 61 83 22 8
v 61 84 28 19
v 61 85 53 24
v 61 86 78 34
v 61 87 17 6
v 61 88 7 3
v 61 89 3 1
v 61 90 13 8
v 61 91 13 4
v 61 92 1 0
v 61 93 12 6
v 61 94 4 4
v 61 95 4 2
v 61 96 26 13
v 61 97 19 12
v 61 98 20 10
v 61 99 10 4
v 61 100 37 22
v 61 101 20 6
v 61 102 9 5
v 61 103 1 1
v 61 104 15 6
v 61 105 28 10
v 61 106 27 14
v 61 107 30 15
v 61 108 25 17
v 61 109 16 9
v 61 110 17 7
v 61 111 11 4
v 61 112 21 10
v 61 113 9 7
v 61 114 7 2
v 61 119 28 17
v 61 120 23 11
v 61 121 30 15
v 61 123 63 28
v 61 126 23 14
v 61 128 43 25
v 61 129 15 6
v 61 131 30 14
v 61 135 40 18
v 61 136 11 5
v 61 137 8 3
v 61 138 13 9
v 61 145 13 6
v 61 155 10 3
v 62 63 26 18
v 62 64 108 68
v 62 65 29 18
v 62 66 11 9
v 62 67 124 90
v 62 68 41 26
v 62 69 199 122
v 62 70 134 84
v 62 71 311 187
v 62 72 29 18
v 62 73 38 18
v 62 74 206 130
v 62 75 102 67
v 62 76 139 80
v 62 77 29 15
v 62 78 58 33
v 62 79 82 50
v 62 80 80 54
v 62 81 21 14
v 62 82 13 6
v 62 83 139 80
v 62 84 146 83
v 62 85 350 219
v 62 86 431 261
v 62 87 202 126
v 62 88 96 48
v 62 89 18 9
v 62 90 117 63
v 62 91 78 42
v 62 92 19 13
v 62 93 155 77
v 62 94 36 22
v 62 95 25 14
v 62 96 229 153
v 62 97 115 73
v 62 98 116 74
v 62 99 45 26
v 62 100 257 164
v 62 101 135 91
v 62 102 47 26
v 62 103 15 12
v 62 104 78 50
v 62 105 173 102
v 62 106 284 161
v 62 107 196 116
v 62 108 317 210
v 62 109 121 80
v 62 110 120 70
v 62 111 106 68
v 62 112 186 121
v 62 113 33 17
v 62 114 38 21
v 62 119 304 188
v 62 120 145 96
v 62 121 188 115
v 62 123 443 261
v 62 126 116 68
v 62 128 302 179
v 62 129 91 61
v 62 131 182 107
v 62 135 267 159
v 62 136 42 25
v 62 137 81 42
v 62 138 49 29
v 62 145 100 62
v 62 155 76 37
v 63 64 71 32
v 63 65 23 13
v 63 66 4 2
v 63 67 50 28
v 63 68 33 13
v 63 69 52 27
v 63 70 57 29
v 63 71 84 37
v 63 72 11 6
v 63 73 17 9
v 63 74 105 56
v 63 75 61 29
v 63 76 42 23
v 63 77 19 9
v 63 78 44 23
v 63 79 38 14
v 63 80 35 12
v 63 81 12 2
v 63 82 9 5
v 63 83 47 22
v 63 84 71 38
v 63 85 201 98
v 63 86 138 55
v 63 87 80 39
v 63 88 26 12
v 63 89 7 1
v 63 90 79 39
v 63 91 41 23
v 63 92 14 7
v 63 93 41 14
v 63 94 25 9
v 63 95 9 4
v 63 96 75 36
v 63 97 48 29
v 63 98 42 18
v 63 99 23 15
v 63 100 114 54
v 63 101 69 36
v 63 102 15 8
v 63 103 5 2
v 63 104 39 17
v 63 105 47 29
v 63 106 85 34
v 63 107 53 19
v 63 108 91 46
v 63 109 51 19
v 63 110 61 33
v 63 111 22 11
v 63 112 52 24
v 63 113 21 10
v 63 114 24 10
v 63 119 60 26
v 63 120 58 35
v 63 121 61 27
v 63 123 145 69
v 63 126 50 24
v 63 128 123 59
v 63 129 46 24
v 63 131 57 27
v 63 135 135 62
v 63 136 21 11
v 63 137 18 8
v 63 138 20 8
v 63 145 31 14
v 63 155 30 13
v 64 65 37 14
v 64 66 12 5
v 64 67 175 83
v 64 68 59 29
v 64 69 204 79
v 64 70 200 92
v 64 71 314 144
v 64 72 42 20
v 64 73 42 22
v 64 74 352 155
v 64 75 208 107
v 64 76 158 75
v 64 77 51 16
v 64 78 83 34
v 64 79 103 50
v 64 80 86 37
v 64 81 34 21
v 64 82 31 19
v 64 83 175 81
v 64 84 252 128
v 64 85 795 379
v 64 86 677 282
v 64 87 310 152
v 64 88 106 47
v 64 89 18 12
v 64 90 152 52
v 64 91 102 48
v 64 92 34 15
v 64 93 162 78
v 64 94 51 30
v 64 95 38 17
v 64 96 309 129
v 64 97 169 86
v 64 98 136 67
v 64 99 72 47
v 64 100 362 186
v 64 101 213 108
v 64 102 60 30
v 64 103 8 2
v 64 104 169 71
v 64 105 189 90
v 64 106 327 147
v 64 107 189 79
v 64 108 400 203
v 64 109 146 83
v 64 110 207 97
v 64 111 110 53
v 64 112 200 98
v 64 113 54 20
v 64 114 67 33
v 64 119 299 146
v 64 120 210 100
v 64 121 242 109
v 64 123 450 211
v 64 126 169 79
v 64 128 481 244
v 64 129 179 104
v 64 131 216 100
v 64 135 432 211
v 64 136 82 39
v 64 137 96 40
v 64 138 83 38
v 64 145 134 73
v 64 155 97 33
v 65 66 2 0
v 65 67 25 18
v 65 68 12 5
v 65 69 42 23
v 65 70 28 14
v 65 71 50 25
v 65 72 7 3
v 65 73 5 3
v 65 74 42 20
v 65 75 40 24
v 65 76 29 16
v 65 77 20 9
v 65 78 18 5
v 65 79 17 7
v 65 80 16 9
v 65 81 6 3
v 65 82 6 4
v 65 83 39 20
v 65 84 47 15
v 65 85 118 63
v 65 86 122 71
v 65 87 41 22
v 65 88 19 9
v 65 89 3 2
v 65 90 48 25
v 65 91 22 13
v 65 92 5 2
v 65 93 39 17
v 65 94 3 3
v 65 95 10 5
v 65 96 64 35
v 65 97 18 8
v 65 98 42 19
v 65 99 17 14
v 65 100 77 44
v 65 101 32 17
v 65 102 12 7
v 65 103 7 4
v 65 104 19 7
v 65 105 46 25
v 65 106 65 30
v 65 107 49 31
v 65 108 71 39
v 65 109 34 18
v 65 110 35 20
v 65 111 28 14
v 65 112 55 29
v 65 113 8 1
v 65 114 19 12
v 65 119 71 32
v 65 120 45 16
v 65 121 42 21
v 65 123 105 62
v 65 126 36 17
v 65 128 96 60
v 65 129 33 19
v 65 131 65 30
v 65 135 77 39
v 65 136 19 9
v 65 137 22 9
v 65 138 13 7
v 65 145 31 11
v 65 155 26 13
v 66 67 12 8
v 66 68 5 0
v 66 69 12 6
v 66 70 6 4
v 66 71 21 8
v 66 72 3 1
v 66 73 2 0
v 66 74 17 14
v 66 75 8 6
v 66 76 13 8
v 66 77 4 3
v 66 78 7 4
v 66 79 8 5
v 66 80 5 1
v 66 81 2 0
v 66 82 2 0
v 66 83 8 5
v 66 84 10 7
v 66 85 27 12
v 66 86 30 10
v 66 87 13 9
v 66 88 2 1
v 66 89 4 3
v 66 90 8 3
v 66 91 8 4
v 66 92 4 2
v 66 93 5 2
v 66 94 5 3
v 66 95 2 2
v 66 96 22 13
v 66 97 11 4
v 66 98 10 4
v 66 99 5 1
v 66 100 23 13
v 66 101 13 5
v 66 102 1 1
v 66 103 4 2
v 66 104 6 3
v 66 105 17 9
v 66 106 24 12
v 66 107 14 7
v 66 108 25 14
v 66 109 12 9
v 66 110 8 3
v 66 111 9 5
v 66 112 26 11
v 66 113 4 3
v 66 114 10 7
v 66 119 20 9
v 66 120 20 10
v 66 121 13 6
v 66 123 28 15
v 66 126 7 2
v 66 128 24 12
v 66 129 7 4
v 66 131 13 8
v 66 135 20 9
v 66 136 11 5
v 66 137 9 5
v 66 138 8 3
v 66 145 5 4
v 66 155 4 1
v 67 68 73 45
v 67 69 220 108
v 67 70 166 93
v 67 71 306 142
v 67 72 36 17
v 67 73 51 24
v 67 74 356 164
v 67 75 210 112
v 67 76 164 85
v 67 77 42 15
v 67 78 71 31
v 67 79 155 86
v 67 80 117 52
v 67 81 36 18
v 67 82 30 14
v 67 83 185 86
v 67 84 207 119
v 67 85 350 169
v 67 86 595 287
v 67 87 314 159
v 67 88 120 67
v 67 89 22 10
v 67 90 155 73
v 67 91 100 47
v 67 92 39 22
v 67 93 175 67
v 67 94 54 39
v 67 95 38 22
v 67 96 320 162
v 67 97 195 107
v 67 98 179 109
v 67 99 52 24
v 67 100 362 165
v 67 101 244 121
v 67 102 46 21
v 67 103 15 6
v 67 104 98 50
v 67 105 201 105
v 67 106 341 159
v 67 107 219 100
v 67 108 339 164
v 67 109 113 55
v 67 110 122 53
v 67 111 154 76
v 67 112 305 137
v 67 113 62 35
v 67 114 67 41
v 67 119 278 139
v 67 120 181 94
v 67 121 295 148
v 67 123 468 248
v 67 126 167 86
v 67 128 502 261
v 67 129 154 96
v 67 131 266 131
v 67 135 445 197
v 67 136 67 33
v 67 137 156 73
v 67 138 64 33
v 67 145 114 67
v 67 155 83 31
v 68 69 57 19
v 68 70 73 32
v 68 71 116 47
v 68 72 16 5
v 68 73 14 5
v 68 74 127 51
v 68 75 65 29
v 68 76 65 31
v 68 77 22 6
v 68 78 40 27
v 68 79 31 12
v 68 80 22 8
v 68 81 13 7
v 68 82 9 3
v 68 83 70 30
v 68 84 78 32
v 68 85 216 98
v 68 86 220 87
v 68 87 94 41
v 68 88 33 21
v 68 89 6 4
v 68 90 60 23
v 68 91 116 45
v 68 92 12 4
v 68 93 43 16
v 68 94 42 13
v 68 95 11 8
v 68 96 99 57
v 68 97 67 26
v 68 98 50 26
v 68 99 19 12
v 68 100 110 44
v 68 101 81 37
v 68 102 32 24
v 68 103 4 0
v 68 104 57 19
v 68 105 69 22
v 68 106 116 45
v 68 107 81 43
v 68 108 126 59
v 68 109 51 24
v 68 110 57 28
v 68 111 60 33
v 68 112 116 49
v 68 113 21 9
v 68 114 23 10
v 68 119 78 33
v 68 120 76 34
v 68 121 78 38
v 68 123 144 69
v 68 126 59 29
v 68 128 133 58
v 68 129 62 34
v 68 131 92 38
v 68 135 106 45
v 68 136 27 9
v 68 137 29 12
v 68 138 27 12
v 68 145 31 11
v 68 155 78 28
v 69 70 159 74
v 69 71 379 202
v 69 72 35 22
v 69 73 35 21
v 69 74 416 203
v 69 75 190 105
v 69 76 231 119
v 69 77 45 22
v 69 78 126 71
v 69 79 132 82
v 69 80 207 87
v 69 81 42 20
v 69 82 31 12
v 69 83 166 74
v 69 84 258 132
v 69 85 542 253
v 69 86 615 286
v 69 87 327 160
v 69 88 102 44
v 69 89 29 14
v 69 90 223 92
v 69 91 160 83
v 69 92 40 17
v 69 93 150 82
v 69 94 200 98
v 69 95 16 12
v 69 96 532 269
v 69 97 160 95
v 69 98 215 113
v 69 99 73 38
v 69 100 397 183
v 69 101 256 136
v 69 102 56 35
v 69 103 23 9
v 69 104 122 66
v 69 105 268 137
v 69 106 407 180
v 69 107 353 157
v 69 108 507 277
v 69 109 210 104
v 69 110 202 108
v 69 111 143 73
v 69 112 382 183
v 69 113 63 36
v 69 114 61 30
v 69 119 413 211
v 69 120 250 125
v 69 121 309 159
v 69 123 676 369
v 69 126 180 97
v 69 128 487 257
v 69 129 152 82
v 69 131 314 166
v 69 135 501 254
v 69 136 73 38
v 69 137 121 53
v 69 138 89 42
v 69 145 150 70
v 69 155 200 87
v 70 71 331 135
v 70 72 47 24
v 70 73 40 15
v 70 74 347 168
v 70 75 161 72
v 70 76 141 65
v 70 77 27 15
v 70 78 61 26
v 70 79 81 35
v 70 80 97 40
v 70 81 29 16
v 70 82 23 10
v 70 83 133 43
v 70 84 214 95
v 70 85 512 234
v 70 86 607 280
v 70 87 267 125
v 70 88 130 54
v 70 89 16 5
v 70 90 148 61
v 70 91 86 33
v 70 92 24 9
v 70 93 169 73
v 70 94 55 27
v 70 95 59 30
v 70 96 330 167
v 70 97 235 123
v 70 98 215 124
v 70 99 51 26
v 70 100 344 148
v 70 101 153 65
v 70 102 47 21
v 70 103 21 10
v 70 104 106 44
v 70 105 180 84
v 70 106 280 121
v 70 107 232 106
v 70 108 354 193
v 70 109 111 53
v 70 110 241 113
v 70 111 121 65
v 70 112 197 81
v 70 113 50 19
v 70 114 74 38
v 70 119 254 116
v 70 120 187 85
v 70 121 257 128
v 70 123 421 210
v 70 126 169 69
v 70 128 499 241
v 70 129 160 77
v 70 131 227 108
v 70 135 373 163
v 70 136 66 31
v 70 137 83 32
v 70 138 76 35
v 70 145 114 56
v 70 155 51 22
v 71 72 102 48
v 71 73 85 45
v 71 74 556 287
v 71 75 302 180
v 71 76 298 145
v 71 77 66 28
v 71 78 142 70
v 71 79 260 138
v 71 80 184 105
v 71 81 62 36
v 71 82 51 20
v 71 83 284 138
v 71 84 402 205
v 71 85 794 435
v 71 86 1061 528
v 71 87 468 230
v 71 88 219 101
v 71 89 27 12
v 71 90 238 119
v 71 91 155 63
v 71 92 51 25
v 71 93 298 137
v 71 94 116 66
v 71 95 83 47
v 71 96 457 243
v 71 97 263 146
v 71 98 387 206
v 71 99 94 59
v 71 100 626 313
v 71 101 350 205
v 71 102 75 42
v 71 103 22 11
v 71 104 181 95
v 71 105 373 176
v 71 106 651 292
v 71 107 380 173
v 71 108 853 458
v 71 109 230 108
v 71 110 291 162
v 71 111 176 89
v 71 112 350 170
v 71 113 88 52
v 71 114 145 87
v 71 119 677 313
v 71 120 278 151
v 71 121 397 206
v 71 123 814 429
v 71 126 272 132
v 71 128 768 414
v 71 129 311 177
v 71 131 371 190
v 71 135 706 344
v 71 136 128 72
v 71 137 159 87
v 71 138 96 52
v 71 145 202 103
v 71 155 197 79
v 72 73 11 4
v 72 74 91 50
v 72 75 42 18
v 72 76 52 29
v 72 77 20 7
v 72 78 31 10
v 72 79 27 12
v 72 80 28 13
v 72 81 17 8
v 72 82 11 6
v 72 83 39 15
v 72 84 63 34
v 72 85 145 67
v 72 86 140 63
v 72 87 63 22
v 72 88 41 21
v 72 89 2 0
v 72 90 51 24
v 72 91 19 8
v 72 92 7 4
v 72 93 39 16
v 72 94 17 5
v 72 95 9 4
v 72 96 55 25
v 72 97 41 22
v 72 98 36 19
v 72 99 17 14
v 72 100 104 39
v 72 101 55 31
v 72 102 12 2
v 72 103 2 0
v 72 104 25 9
v 72 105 40 18
v 72 106 79 38
v 72 107 69 30
v 72 108 66 28
v 72 109 44 22
v 72 110 48 24
v 72 111 24 10
v 72 112 57 26
v 72 113 7 2
v 72 114 24 7
v 72 119 87 44
v 72 120 50 26
v 72 121 42 24
v 72 123 95 36
v 72 126 45 22
v 72 128 124 53
v 72 129 27 9
v 72 131 67 32
v 72 135 84 44
v 72 136 20 9
v 72 137 14 6
v 72 138 30 18
v 72 145 17 8
v 72 155 21 7
v 73 74 83 42
v 73 75 52 31
v 73 76 34 17
v 73 77 10 3
v 73 78 19 8
v 73 79 28 17
v 73 80 32 15
v 73 81 11 5
v 73 82 6 2
v 73 83 32 17
v 73 84 41 19
v 73 85 102 49
v 73 86 134 64
v 73 87 61 27
v 73 88 22 13
v 73 89 6 2
v 73 90 36 15
v 73 91 23 15
v 73 92 6 2
v 73 93 46 29
v 73 94 10 6
v 73 95 8 5
v 73 96 62 35
v 73 97 38 20
v 73 98 49 25
v 73 99 19 13
v 73 100 74 37
v 73 101 49 23
v 73 102 19 10
v 73 103 6 1
v 73 104 43 23
v 73 105 48 26
v 73 106 67 30
v 73 107 55 27
v 73 108 78 47
v 73 109 30 16
v 73 110 37 21
v 73 111 24 11
v 73 112 54 26
v 73 113 15 7
v 73 114 17 7
v 73 119 52 35
v 73 120 35 20
v 73 121 37 18
v 73 123 99 48
v 73 126 36 22
v 73 128 98 50
v 73 129 30 13
v 73 131 49 29
v 73 135 77 36
v 73 136 21 9
v 73 137 25 13
v 73 138 16 8
v 73 145 27 15
v 73 155 27 12
v 74 75 324 195
v 74 76 290 131
v 74 77 93 36
v 74 78 153 76
v 74 79 273 158
v 74 80 207 105
v 74 81 62 44
v 74 82 32 17
v 74 83 308 143
v 74 84 431 230
v 74 85 950 492
v 74 86 1155 574
v 74 87 493 247
v 74 88 183 98
v 74 89 32 19
v 74 90 318 153
v 74 91 192 89
v 74 92 54 26
v 74 93 246 111
v 74 94 75 41
v 74 95 69 45
v 74 96 569 286
v 74 97 326 187
v 74 98 291 160
v 74 99 112 65
v 74 100 695 338
v 74 101 339 178
v 74 102 89 47
v 74 103 25 11
v 74 104 206 106
v 74 105 449 227
v 74 106 713 336
v 74 107 466 227
v 74 108 754 431
v 74 109 261 144
v 74 110 327 165
v 74 111 223 129
v 74 112 458 207
v 74 113 113 63
v 74 114 105 56
v 74 119 580 317
v 74 120 576 292
v 74 121 506 245
v 74 123 932 495
v 74 126 544 265
v 74 128 905 491
v 74 129 282 150
v 74 131 556 261
v 74 135 810 402
v 74 136 137 65
v 74 137 127 53
v 74 138 110 57
v 74 145 281 144
v 74 155 172 65
v 75 76 132 61
v 75 77 78 31
v 75 78 62 26
v 75 79 98 49
v 75 80 105 44
v 75 81 40 21
v 75 82 26 14
v 75 83 124 47
v 75 84 231 116
v 75 85 404 183
v 75 86 584 265
v 75 87 276 125
v 75 88 118 45
v 75 89 21 8
v 75 90 144 68
v 75 91 86 41
v 75 92 27 10
v 75 93 154 58
v 75 94 69 33
v 75 95 37 22
v 75 96 245 115
v 75 97 157 70
v 75 98 119 65
v 75 99 67 32
v 75 100 319 147
v 75 101 203 90
v 75 102 83 39
v 75 103 8 3
v 75 104 146 72
v 75 105 173 83
v 75 106 228 100
v 75 107 192 95
v 75 108 296 159
v 75 109 142 57
v 75 110 185 82
v 75 111 147 66
v 75 112 192 85
v 75 113 38 21
v 75 114 100 47
v 75 119 245 110
v 75 120 174 86
v 75 121 258 129
v 75 123 341 162
v 75 126 153 74
v 75 128 717 346
v 75 129 145 77
v 75 131 190 93
v 75 135 579 291
v 75 136 83 42
v 75 137 83 37
v 75 138 60 31
v 75 145 85 39
v 75 155 90 33
v 76 77 46 22
v 76 78 75 45
v 76 79 90 49
v 76 80 105 51
v 76 81 36 17
v 76 82 28 17
v 76 83 120 59
v 76 84 212 114
v 76 85 392 201
v 76 86 528 275
v 76 87 285 144
v 76 88 192 80
v 76 89 21 10
v 76 90 138 70
v 76 91 102 48
v 76 92 37 11
v 76 93 149 86
v 76 94 34 18
v 76 95 25 12
v 76 96 243 136
v 76 97 134 73
v 76 98 184 92
v 76 99 48 26
v 76 100 314 152
v 76 101 200 102
v 76 102 45 26
v 76 103 12 9
v 76 104 143 75
v 76 105 233 124
v 76 106 263 120
v 76 107 202 99
v 76 108 316 167
v 76 109 128 65
v 76 110 138 61
v 76 111 92 54
v 76 112 268 135
v 76 113 65 33
v 76 114 57 30
v 76 119 315 144
v 76 120 190 95
v 76 121 248 133
v 76 123 496 271
v 76 126 104 57
v 76 128 410 218
v 76 129 130 67
v 76 131 205 114
v 76 135 334 171
v 76 136 58 31
v 76 137 83 47
v 76 138 64 35
v 76 145 117 66
v 76 155 96 39
v 77 78 20 8
v 77 79 38 22
v 77 80 24 15
v 77 81 8 4
v 77 82 14 5
v 77 83 32 13
v 77 84 39 31
v 77 85 125 77
v 77 86 161 97
v 77 87 76 45
v 77 88 28 15
v 77 89 41 13
v 77 90 37 21
v 77 91 17 10
v 77 92 14 10
v 77 93 54 22
v 77 94 19 13
v 77 95 26 16
v 77 96 94 55
v 77 97 36 23
v 77 98 53 34
v 77 99 16 7
v 77 100 88 50
v 77 101 67 41
v 77 102 10 5
v 77 103 3 2
v 77 104 28 15
v 77 105 66 33
v 77 106 91 45
v 77 107 62 32
v 77 108 106 66
v 77 109 78 46
v 77 110 37 18
v 77 111 36 23
v 77 112 56 29
v 77 113 11 6
v 77 114 15 13
v 77 119 72 38
v 77 120 60 33
v 77 121 64 38
v 77 123 117 63
v 77 126 34 23
v 77 128 105 68
v 77 129 63 37
v 77 131 57 31
v 77 135 107 64
v 77 136 21 10
v 77 137 18 8
v 77 138 19 15
v 77 145 25 14
v 77 155 36 22
v 78 79 40 21
v 78 80 38 21
v 78 81 7 3
v 78 82 11 8
v 78 83 73 40
v 78 84 82 45
v 78 85 165 88
v 78 86 227 119
v 78 87 146 71
v 78 88 61 35
v 78 89 10 6
v 78 90 74 41
v 78 91 58 29
v 78 92 12 7
v 78 93 89 47
v 78 94 19 11
v 78 95 13 8
v 78 96 129 69
v 78 97 55 33
v 78 98 70 43
v 78 99 25 14
v 78 100 134 64
v 78 101 87 44
v 78 102 21 12
v 78 103 7 4
v 78 104 47 22
v 78 105 101 47
v 78 106 130 69
v 78 107 123 66
v 78 108 165 85
v 78 109 51 25
v 78 110 62 29
v 78 111 44 20
v 78 112 118 66
v 78 113 16 9
v 78 114 21 12
v 78 119 146 79
v 78 120 108 53
v 78 121 111 62
v 78 123 226 123
v 78 126 88 40
v 78 128 204 119
v 78 129 77 42
v 78 131 101 58
v 78 135 159 75
v 78 136 36 18
v 78 137 42 21
v 78 138 26 14
v 78 145 56 28
v 78 155 46 26
v 79 80 62 24
v 79 81 27 15
v 79 82 11 2
v 79 83 112 46
v 79 84 114 64
v 79 85 247 105
v 79 86 334 139
v 79 87 255 127
v 79 88 73 27
v 79 89 22 12
v 79 90 110 34
v 79 91 48 27
v 79 92 22 10
v 79 93 86 41
v 79 94 36 24
v 79 95 20 10
v 79 96 238 111
v 79 97 101 56
v 79 98 93 39
v 79 99 41 25
v 79 100 216 87
v 79 101 142 73
v 79 102 26 14
v 79 103 16 8
v 79 104 75 42
v 79 105 133 61
v 79 106 202 82
v 79 107 140 56
v 79 108 212 113
v 79 109 78 44
v 79 110 96 43
v 79 111 68 35
v 79 112 192 87
v 79 113 26 14
v 79 114 41 20
v 79 119 189 96
v 79 120 149 71
v 79 121 174 88
v 79 123 341 171
v 79 126 117 64
v 79 128 242 122
v 79 129 93 52
v 79 131 266 129
v 79 135 267 115
v 79 136 46 19
v 79 137 54 18
v 79 138 48 25
v 79 145 87 45
v 79 155 67 25
v 80 81 9 7
v 80 82 10 4
v 80 83 92 46
v 80 84 103 42
v 80 85 260 139
v 80 86 299 140
v 80 87 161 82
v 80 88 49 25
v 80 89 11 5
v 80 90 111 50
v 80 91 60 33
v 80 92 16 6
v 80 93 119 65
v 80 94 16 10
v 80 95 19 12
v 80 96 189 99
v 80 97 78 43
v 80 98 101 48
v 80 99 45 31
v 80 100 189 91
v 80 101 121 64
v 80 102 30 16
v 80 103 12 5
v 80 104 71 36
v 80 105 136 64
v 80 106 176 81
v 80 107 140 74
v 80 108 213 107
v 80 109 91 43
v 80 110 84 41
v 80 111 65 29
v 80 112 173 81
v 80 113 25 15
v 80 114 65 32
v 80 119 203 89
v 80 120 127 54
v 80 121 141 89
v 80 123 300 165
v 80 126 76 42
v 80 128 256 147
v 80 129 61 39
v 80 131 146 73
v 80 135 231 109
v 80 136 40 21
v 80 137 60 34
v 80 138 41 20
v 80 145 92 54
v 80 155 51 23
v 81 82 5 3
v 81 83 31 15
v 81 84 54 30
v 81 85 73 30
v 81 86 92 34
v 81 87 45 25
v 81 88 22 9
v 81 89 3 1
v 81 90 23 9
v 81 91 24 11
v 81 92 10 3
v 81 93 22 13
v 81 94 13 7
v 81 95 6 2
v 81 96 54 32
v 81 97 32 16
v 81 98 41 13
v 81 99 7 2
v 81 100 63 32
v 81 101 40 17
v 81 102 13 5
v 81 103 8 4
v 81 104 21 12
v 81 105 37 21
v 81 106 68 35
v 81 107 44 20
v 81 108 34 18
v 81 109 15 8
v 81 110 21 6
v 81 111 20 11
v 81 112 34 20
v 81 113 11 5
v 81 114 14 9
v 81 119 40 18
v 81 120 33 11
v 81 121 39 13
v 81 123 80 42
v 81 126 27 15
v 81 128 73 32
v 81 129 22 10
v 81 131 57 22
v 81 135 82 29
v 81 136 9 6
v 81 137 18 4
v 81 138 13 8
v 81 145 16 6
v 81 155 26 13
v 82 83 24 5
v 82 84 38 21
v 82 85 71 32
v 82 86 84 33
v 82 87 41 21
v 82 88 13 5
v 82 89 1 1
v 82 90 20 12
v 82 91 14 6
v 82 92 5 3
v 82 93 17 8
v 82 94 10 3
v 82 95 7 6
v 82 96 26 14
v 82 97 12 5
v 82 98 20 9
v 82 99 8 3
v 82 100 38 17
v 82 101 21 12
v 82 102 8 3
v 82 103 10 4
v 82 104 8 5
v 82 105 26 9
v 82 106 57 25
v 82 107 29 12
v 82 108 31 13
v 82 109 11 3
v 82 110 18 8
v 82 111 22 14
v 82 112 30 15
v 82 113 11 5
v 82 114 15 8
v 82 119 36 20
v 82 120 31 17
v 82 121 32 16
v 82 123 67 27
v 82 126 21 12
v 82 128 50 27
v 82 129 22 10
v 82 131 28 13
v 82 135 50 24
v 82 136 9 2
v 82 137 11 4
v 82 138 13 7
v 82 145 15 6
v 82 155 14 8
v 83 84 212 119
v 83 85 544 317
v 83 86 485 265
v 83 87 220 125
v 83 88 83 41
v 83 89 9 5
v 83 90 173 98
v 83 91 89 54
v 83 92 27 14
v 83 93 128 75
v 83 94 47 25
v 83 95 30 15
v 83 96 258 148
v 83 97 133 77
v 83 98 354 207
v 83 99 59 36
v 83 100 374 199
v 83 101 142 76
v 83 102 35 23
v 83 103 13 7
v 83 104 81 48
v 83 105 234 121
v 83 106 298 155
v 83 107 209 120
v 83 108 413 245
v 83 109 155 88
v 83 110 176 81
v 83 111 99 65
v 83 112 229 128
v 83 113 45 24
v 83 114 55 33
v 83 119 239 129
v 83 120 124 76
v 83 121 221 115
v 83 123 485 283
v 83 126 131 75
v 83 128 425 242
v 83 129 138 89
v 83 131 255 150
v 83 135 387 214
v 83 136 65 30
v 83 137 109 61
v 83 138 74 43
v 83 145 106 64
v 83 155 135 72
v 84 85 634 296
v 84 86 791 359
v 84 87 363 179
v 84 88 127 63
v 84 89 28 14
v 84 90 203 80
v 84 91 109 51
v 84 92 36 22
v 84 93 205 93
v 84 94 57 34
v 84 95 46 22
v 84 96 322 149
v 84 97 205 88
v 84 98 266 140
v 84 99 83 52
v 84 100 483 220
v 84 101 262 142
v 84 102 79 36
v 84 103 30 10
v 84 104 155 76
v 84 105 242 111
v 84 106 362 163
v 84 107 276 136
v 84 108 441 216
v 84 109 196 86
v 84 110 217 98
v 84 111 135 60
v 84 112 280 144
v 84 113 58 32
v 84 114 78 39
v 84 119 326 161
v 84 120 234 133
v 84 121 290 133
v 84 123 566 283
v 84 126 178 86
v 84 128 555 266
v 84 129 203 100
v 84 131 259 124
v 84 135 497 236
v 84 136 86 35
v 84 137 98 43
v 84 138 85 38
v 84 145 146 78
v 84 155 103 39
v 85 86 1728 826
v 85 87 660 334
v 85 88 224 109
v 85 89 47 21
v 85 90 475 197
v 85 91 231 116
v 85 92 86 41
v 85 93 397 184
v 85 94 186 86
v 85 95 98 47
v 85 96 886 468
v 85 97 393 208
v 85 98 758 406
v 85 99 140 78
v 85 100 1005 493
v 85 101 516 264
v 85 102 107 70
v 85 103 43 21
v 85 104 204 110
v 85 105 571 280
v 85 106 944 434
v 85 107 596 273
v 85 108 1098 579
v 85 109 421 212
v 85 110 511 257
v 85 111 232 129
v 85 112 712 295
v 85 113 120 63
v 85 114 171 89
v 85 119 731 355
v 85 120 490 244
v 85 121 588 314
v 85 123 1330 677
v 85 126 402 191
v 85 128 1904 1030
v 85 129 356 197
v 85 131 692 323
v 85 135 1115 526
v 85 136 216 100
v 85 137 269 121
v 85 138 218 108
v 85 145 334 174
v 85 155 261 108
v 86 87 865 437
v 86 88 380 169
v 86 89 61 39
v 86 90 568 265
v 86 91 283 137
v 86 92 84 49
v 86 93 533 259
v 86 94 189 121
v 86 95 104 49
v 86 96 995 514
v 86 97 459 258
v 86 98 478 266
v 86 99 246 155
v 86 100 1217 620
v 86 101 669 350
v 86 102 130 84
v 86 103 59 28
v 86 104 389 174
v 86 105 775 394
v 86 106 1074 497
v 86 107 683 314
v 86 108 1184 756
v 86 109 518 257
v 86 110 600 309
v 86 111 295 157
v 86 112 775 350
v 86 113 137 75
v 86 114 221 117
v 86 119 986 499
v 86 120 657 361
v 86 121 782 400
v 86 123 1735 925
v 86 126 503 260
v 86 128 1638 889
v 86 129 510 277
v 86 131 842 419
v 86 135 1248 610
v 86 136 222 112
v 86 137 240 107
v 86 138 238 133
v 86 145 353 177
v 86 155 278 129
v 87 88 163 75
v 87 89 32 15
v 87 90 229 88
v 87 91 166 73
v 87 92 42 19
v 87 93 168 85
v 87 94 106 63
v 87 95 48 26
v 87 96 424 237
v 87 97 216 105
v 87 98 200 99
v 87 99 107 64
v 87 100 590 278
v 87 101 315 150
v 87 102 70 46
v 87 103 22 10
v 87 104 164 88
v 87 105 274 135
v 87 106 530 249
v 87 107 366 157
v 87 108 548 302
v 87 109 230 115
v 87 110 251 139
v 87 111 159 77
v 87 112 309 139
v 87 113 75 36
v 87 114 121 59
v 87 119 486 225
v 87 120 358 177
v 87 121 330 166
v 87 123 794 419
v 87 126 273 130
v 87 128 646 341
v 87 129 233 115
v 87 131 353 175
v 87 135 629 294
v 87 136 99 48
v 87 137 117 54
v 87 138 104 49
v 87 145 171 81
v 87 155 143 60
v 88 89 14 6
v 88 90 131 62
v 88 91 35 17
v 88 92 21 11
v 88 93 87 43
v 88 94 25 15
v 88 95 34 19
v 88 96 156 83
v 88 97 111 64
v 88 98 84 47
v 88 99 44 31
v 88 100 217 120
v 88 101 128 71
v 88 102 23 16
v 88 103 7 2
v 88 104 74 41
v 88 105 144 82
v 88 106 195 108
v 88 107 141 70
v 88 108 190 114
v 88 109 69 47
v 88 110 113 66
v 88 111 81 45
v 88 112 122 49
v 88 113 18 13
v 88 114 53 28
v 88 119 218 130
v 88 120 136 70
v 88 121 117 68
v 88 123 275 161
v 88 126 91 48
v 88 128 428 238
v 88 129 97 54
v 88 131 108 54
v 88 135 501 258
v 88 136 39 21
v 88 137 66 41
v 88 138 26 15
v 88 145 86 50
v 88 155 54 25
v 89 90 23 11
v 89 91 11 6
v 89 92 8 2
v 89 93 29 10
v 89 94 9 5
v 89 95 2 1
v 89 96 21 10
v 89 97 16 5
v 89 98 10 4
v 89 99 7 5
v 89 100 41 22
v 89 101 22 13
v 89 102 4 2
v 89 103 2 0
v 89 104 11 4
v 89 105 31 13
v 89 106 32 12
v 89 107 30 16
v 89 108 20 12
v 89 109 18 10
v 89 110 17 9
v 89 111 8 4
v 89 112 30 14
v 89 113 7 3
v 89 114 13 3
v 89 119 37 19
v 89 120 21 14
v 89 121 22 9
v 89 123 52 33
v 89 126 10 5
v 89 128 46 21
v 89 129 20 8
v 89 131 31 14
v 89 135 28 15
v 89 136 5 4
v 89 137 6 2
v 89 138 8 4
v 89 145 19 12
v 89 155 11 6
v 90 91 107 61
v 90 92 38 15
v 90 93 137 74
v 90 94 51 35
v 90 95 28 17
v 90 96 302 169
v 90 97 138 69
v 90 98 154 93
v 90 99 59 37
v 90 100 354 195
v 90 101 168 85
v 90 102 43 27
v 90 103 12 4
v 90 104 103 55
v 90 105 252 139
v 90 106 361 187
v 90 107 217 107
v 90 108 368 222
v 90 109 127 79
v 90 110 162 87
v 90 111 114 61
v 90 112 239 126
v 90 113 44 23
v 90 114 65 42
v 90 119 301 163
v 90 120 195 113
v 90 121 210 115
v 90 123 541 306
v 90 126 176 101
v 90 128 443 271
v 90 129 135 78
v 90 131 263 155
v 90 135 356 197
v 90 136 74 37
v 90 137 102 55
v 90 138 49 29
v 90 145 141 76
v 90 155 155 80
v 91 92 18 11
v 91 93 75 40
v 91 94 30 15
v 91 95 25 13
v 91 96 159 83
v 91 97 95 53
v 91 98 105 69
v 91 99 41 23
v 91 100 172 89
v 91 101 113 66
v 91 102 20 15
v 91 103 9 3
v 91 104 54 27
v 91 105 131 62
v 91 106 243 117
v 91 107 140 70
v 91 108 196 113
v 91 109 80 41
v 91 110 99 51
v 91 111 56 29
v 91 112 188 99
v 91 113 25 13
v 91 114 26 17
v 91 119 162 80
v 91 120 101 56
v 91 121 160 84
v 91 123 279 150
v 91 126 81 42
v 91 128 236 117
v 91 129 57 35
v 91 131 136 75
v 91 135 224 110
v 91 136 42 16
v 91 137 70 32
v 91 138 48 28
v 91 145 76 39
v 91 155 57 27
v 92 93 30 13
v 92 94 8 4
v 92 95 4 1
v 92 96 58 34
v 92 97 24 14
v 92 98 27 14
v 92 99 11 4
v 92 100 48 23
v 92 101 38 21
v 92 102 4 4
v 92 103 6 3
v 92 104 21 11
v 92 105 36 20
v 92 106 49 21
v 92 107 32 18
v 92 108 62 36
v 92 109 22 11
v 92 110 24 13
v 92 111 15 9
v 92 112 34 15
v 92 113 5 4
v 92 114 8 2
v 92 119 49 23
v 92 120 31 16
v 92 121 53 28
v 92 123 83 46
v 92 126 24 12
v 92 128 79 41
v 92 129 15 5
v 92 131 47 19
v 92 135 86 49
v 92 136 19 9
v 92 137 20 11
v 92 138 10 4
v 92 145 15 10
v 92 155 15 5
v 93 94 42 31
v 93 95 24 11
v 93 96 252 134
v 93 97 130 78
v 93 98 131 80
v 93 99 115 77
v 93 100 256 133
v 93 101 167 97
v 93 102 67 40
v 93 103 17 6
v 93 104 97 45
v 93 105 135 63
v 93 106 766 451
v 93 107 229 121
v 93 108 349 222
v 93 109 115 50
v 93 110 122 61
v 93 111 99 56
v 93 112 245 119
v 93 113 40 22
v 93 114 60 34
v 93 119 265 147
v 93 120 154 95
v 93 121 164 78
v 93 123 400 243
v 93 126 140 91
v 93 128 341 167
v 93 129 102 48
v 93 131 196 93
v 93 135 310 162
v 93 136 50 22
v 93 137 95 42
v 93 138 81 41
v 93 145 79 49
v 93 155 84 31
v 94 95 7 4
v 94 96 80 39
v 94 97 44 18
v 94 98 53 29
v 94 99 14 9
v 94 100 85 40
v 94 101 84 54
v 94 102 18 9
v 94 103 5 1
v 94 104 45 23
v 94 105 85 32
v 94 106 116 55
v 94 107 70 35
v 94 108 102 49
v 94 109 37 15
v 94 110 69 32
v 94 111 42 19
v 94 112 71 38
v 94 113 16 7
v 94 114 29 12
v 94 119 97 36
v 94 120 63 29
v 94 121 84 35
v 94 123 145 64
v 94 126 53 24
v 94 128 153 60
v 94 129 42 19
v 94 131 77 33
v 94 135 151 70
v 94 136 24 9
v 94 137 20 6
v 94 138 13 7
v 94 145 34 11
v 94 155 30 10
v 95 96 41 16
v 95 97 33 19
v 95 98 22 10
v 95 99 8 5
v 95 100 53 29
v 95 101 45 24
v 95 102 13 8
v 95 103 5 4
v 95 104 27 19
v 95 105 31 12
v 95 106 78 40
v 95 107 50 25
v 95 108 46 18
v 95 109 21 10
v 95 110 27 9
v 95 111 20 11
v 95 112 36 21
v 95 113 12 6
v 95 114 15 8
v 95 119 50 28
v 95 120 30 17
v 95 121 27 14
v 95 123 98 40
v 95 126 45 21
v 95 128 95 55
v 95 129 24 13
v 95 131 37 17
v 95 135 84 42
v 95 136 24 9
v 95 137 16 8
v 95 138 10 4
v 95 145 17 8
v 95 155 12 3
v 96 97 275 138
v 96 98 419 229
v 96 99 77 40
v 96 100 607 315
v 96 101 305 148
v 96 102 79 40
v 96 103 15 10
v 96 104 160 81
v 96 105 410 198
v 96 106 703 328
v 96 107 428 209
v 96 108 693 365
v 96 109 220 113
v 96 110 332 164
v 96 111 155 72
v 96 112 390 172
v 96 113 66 33
v 96 114 106 54
v 96 119 572 268
v 96 120 325 161
v 96 121 428 222
v 96 123 880 473
v 96 126 278 128
v 96 128 850 445
v 96 129 288 150
v 96 131 457 230
v 96 135 760 361
v 96 136 117 56
v 96 137 174 81
v 96 138 104 56
v 96 145 257 127
v 96 155 187 96
v 97 98 130 73
v 97 99 57 32
v 97 100 326 150
v 97 101 171 90
v 97 102 51 27
v 97 103 15 6
v 97 104 110 61
v 97 105 199 84
v 97 106 298 119
v 97 107 196 91
v 97 108 256 123
v 97 109 105 52
v 97 110 146 70
v 97 111 98 45
v 97 112 173 63
v 97 113 29 13
v 97 114 54 26
v 97 119 192 90
v 97 120 153 72
v 97 121 235 107
v 97 123 393 185
v 97 126 146 73
v 97 128 427 215
v 97 129 144 72
v 97 131 207 103
v 97 135 421 196
v 97 136 63 30
v 97 137 75 31
v 97 138 53 28
v 97 145 99 41
v 97 155 54 28
v 98 99 79 46
v 98 100 440 225
v 98 101 140 67
v 98 102 36 15
v 98 103 13 7
v 98 104 74 33
v 98 105 203 87
v 98 106 333 158
v 98 107 321 130
v 98 108 476 239
v 98 109 136 79
v 98 110 163 78
v 98 111 82 42
v 98 112 239 111
v 98 113 37 20
v 98 114 80 34
v 98 119 309 134
v 98 120 174 81
v 98 121 191 82
v 98 123 550 282
v 98 126 148 61
v 98 128 503 246
v 98 129 121 63
v 98 131 230 118
v 98 135 390 184
v 98 136 57 27
v 98 137 129 59
v 98 138 101 47
v 98 145 112 49
v 98 155 124 52
v 99 100 115 51
v 99 101 77 36
v 99 102 16 3
v 99 103 7 2
v 99 104 76 27
v 99 105 75 33
v 99 106 115 41
v 99 107 61 24
v 99 108 146 75
v 99 109 44 16
v 99 110 60 19
v 99 111 44 20
v 99 112 62 24
v 99 113 17 9
v 99 114 27 10
v 99 119 103 32
v 99 120 48 19
v 99 121 99 54
v 99 123 138 66
v 99 126 59 31
v 99 128 168 78
v 99 129 53 24
v 99 131 77 40
v 99 135 148 62
v 99 136 19 9
v 99 137 54 24
v 99 138 43 14
v 99 145 41 16
v 99 155 38 9
v 100 101 398 214
v 100 102 71 32
v 100 103 32 12
v 100 104 130 74
v 100 105 482 238
v 100 106 688 315
v 100 107 475 240
v 100 108 811 435
v 100 109 360 175
v 100 110 384 178
v 100 111 207 119
v 100 112 489 226
v 100 113 69 37
v 100 114 144 72
v 100 119 601 306
v 100 120 434 205
v 100 121 452 234
v 100 123 950 483
v 100 126 319 180
v 100 128 913 462
v 100 129 304 160
v 100 131 548 279
v 100 135 844 425
v 100 136 147 76
v 100 137 156 73
v 100 138 155 80
v 100 145 230 101
v 100 155 204 83
v 101 102 58 25
v 101 103 27 11
v 101 104 133 73
v 101 105 211 114
v 101 106 332 136
v 101 107 243 109
v 101 108 399 208
v 101 109 136 57
v 101 110 229 128
v 101 111 141 67
v 101 112 233 102
v 101 113 58 24
v 101 114 79 40
v 101 119 375 182
v 101 120 211 113
v 101 121 270 130
v 101 123 568 272
v 101 126 180 90
v 101 128 511 261
v 101 129 167 96
v 101 131 246 119
v 101 135 487 223
v 101 136 83 35
v 101 137 117 56
v 101 138 52 28
v 101 145 118 56
v 101 155 91 35
v 102 103 3 1
v 102 104 42 22
v 102 105 52 24
v 102 106 62 28
v 102 107 55 23
v 102 108 104 49
v 102 109 47 19
v 102 110 57 26
v 102 111 24 8
v 102 112 45 17
v 102 113 21 10
v 102 114 25 14
v 102 119 71 33
v 102 120 53 24
v 102 121 52 26
v 102 123 92 42
v 102 126 32 20
v 102 128 100 43
v 102 129 37 21
v 102 131 45 17
v 102 135 99 47
v 102 136 17 10
v 102 137 29 15
v 102 138 24 11
v 102 145 22 6
v 102 155 14 3
v 103 104 12 7
v 103 105 15 9
v 103 106 30 15
v 103 107 30 17
v 103 108 31 19
v 103 109 10 4
v 103 110 21 12
v 103 111 9 5
v 103 112 28 13
v 103 113 6 5
v 103 114 7 4
v 103 119 26 14
v 103 120 20 13
v 103 121 21 10
v 103 123 41 23
v 103 126 10 5
v 103 128 47 25
v 103 129 14 8
v 103 131 31 21
v 103 135 31 17
v 103 136 6 3
v 103 137 9 5
v 103 138 5 4
v 103 145 7 5
v 103 155 10 5
v 104 105 99 47
v 104 106 150 69
v 104 107 123 53
v 104 108 227 143
v 104 109 51 27
v 104 110 132 74
v 104 111 42 23
v 104 112 63 23
v 104 113 37 22
v 104 114 60 31
v 104 119 159 78
v 104 120 109 55
v 104 121 152 62
v 104 123 237 117
v 104 126 76 41
v 104 128 254 128
v 104 129 88 54
v 104 131 87 32
v 104 135 250 112
v 104 136 37 15
v 104 137 45 23
v 104 138 36 19
v 104 145 61 27
v 104 155 28 16
v 105 106 417 211
v 105 107 281 147
v 105 108 465 262
v 105 109 162 82
v 105 110 211 103
v 105 111 173 87
v 105 112 358 176
v 105 113 55 32
v 105 114 55 32
v 105 119 422 223
v 105 120 315 175
v 105 121 302 168
v 105 123 722 383
v 105 126 181 95
v 105 128 538 288
v 105 129 148 78
v 105 131 383 206
v 105 135 479 244
v 105 136 84 44
v 105 137 119 47
v 105 138 74 47
v 105 145 166 80
v 105 155 144 65
v 106 107 611 328
v 106 108 720 398
v 106 109 321 164
v 106 110 285 149
v 106 111 157 71
v 106 112 561 290
v 106 113 67 36
v 106 114 244 128
v 106 119 664 321
v 106 120 456 265
v 106 121 406 212
v 106 123 1025 605
v 106 126 275 174
v 106 128 926 507
v 106 129 276 154
v 106 131 522 291
v 106 135 719 375
v 106 136 119 64
v 106 137 179 100
v 106 138 132 70
v 106 145 288 158
v 106 155 256 122
v 107 108 488 278
v 107 109 185 96
v 107 110 218 130
v 107 111 151 79
v 107 112 272 131
v 107 113 55 29
v 107 114 91 53
v 107 119 437 225
v 107 120 285 148
v 107 121 364 203
v 107 123 706 370
v 107 126 177 101
v 107 128 572 305
v 107 129 150 95
v 107 131 333 181
v 107 135 507 269
v 107 136 89 42
v 107 137 120 54
v 107 138 94 53
v 107 145 194 97
v 107 155 188 81
v 108 109 244 120
v 108 110 344 162
v 108 111 190 94
v 108 112 547 207
v 108 113 101 45
v 108 114 124 50
v 108 119 630 299
v 108 120 509 241
v 108 121 461 210
v 108 123 1101 515
v 108 126 280 139
v 108 128 969 445
v 108 129 297 151
v 108 131 558 248
v 108 135 1023 500
v 108 136 129 63
v 108 137 155 62
v 108 138 126 62
v 108 145 232 101
v 108 155 227 86
v 109 110 97 46
v 109 111 79 45
v 109 112 169 83
v 109 113 30 10
v 109 114 56 30
v 109 119 299 139
v 109 120 215 112
v 109 121 178 95
v 109 123 461 246
v 109 126 134 71
v 109 128 329 163
v 109 129 91 51
v 109 131 234 129
v 109 135 331 173
v 109 136 60 25
v 109 137 55 20
v 109 138 89 50
v 109 145 111 58
v 109 155 99 46
v 110 111 86 39
v 110 112 205 99
v 110 113 49 22
v 110 114 48 27
v 110 119 297 159
v 110 120 174 74
v 110 121 218 98
v 110 123 501 259
v 110 126 152 72
v 110 128 591 305
v 110 129 157 86
v 110 131 209 113
v 110 135 385 196
v 110 136 105 51
v 110 137 84 45
v 110 138 74 42
v 110 145 128 74
v 110 155 89 39
v 111 112 120 57
v 111 113 28 15
v 111 114 35 17
v 111 119 147 72
v 111 120 160 61
v 111 121 175 87
v 111 123 267 129
v 111 126 108 64
v 111 128 261 121
v 111 129 74 44
v 111 131 144 77
v 111 135 233 106
v 111 136 43 16
v 111 137 49 19
v 111 138 39 20
v 111 145 88 47
v 111 155 41 16
v 112 113 67 39
v 112 114 65 29
v 112 119 494 259
v 112 120 212 127
v 112 121 306 184
v 112 123 790 428
v 112 126 206 106
v 112 128 512 305
v 112 129 147 86
v 112 131 395 217
v 112 135 473 281
v 112 136 78 41
v 112 137 125 59
v 112 138 121 68
v 112 145 168 89
v 112 155 163 84
v 113 114 14 3
v 113 119 59 29
v 113 120 46 24
v 113 121 74 32
v 113 123 120 59
v 113 126 23 13
v 113 128 130 61
v 113 129 32 17
v 113 131 63 26
v 113 135 123 54
v 113 136 22 10
v 113 137 26 12
v 113 138 18 9
v 113 145 26 9
v 113 155 28 8
v 114 119 87 52
v 114 120 90 53
v 114 121 89 48
v 114 123 194 100
v 114 126 76 47
v 114 128 170 74
v 114 129 55 28
v 114 131 104 47
v 114 135 161 76
v 114 136 36 20
v 114 137 35 15
v 114 138 31 14
v 114 145 48 22
v 114 155 26 8
v 119 120 386 205
v 119 121 394 216
v 119 123 1156 607
v 119 126 251 128
v 119 128 812 408
v 119 129 238 123
v 119 131 516 280
v 119 135 708 366
v 119 136 112 59
v 119 137 132 65
v 119 138 110 54
v 119 145 258 128
v 119 155 200 91
v 120 121 214 98
v 120 123 585 309
v 120 126 162 88
v 120 128 589 316
v 120 129 173 97
v 120 131 320 175
v 120 135 440 205
v 120 136 71 38
v 120 137 137 54
v 120 138 55 24
v 120 145 123 68
v 120 155 152 53
v 121 123 702 354
v 121 126 173 88
v 121 128 637 320
v 121 129 170 87
v 121 131 378 173
v 121 135 525 248
v 121 136 77 31
v 121 137 120 57
v 121 138 103 57
v 121 145 152 76
v 121 155 96 39
v 123 126 424 200
v 123 128 1289 665
v 123 129 371 190
v 123 131 762 371
v 123 135 1082 533
v 123 136 183 79
v 123 137 317 132
v 123 138 191 101
v 123 145 372 192
v 123 155 322 115
v 126 128 380 193
v 126 129 171 94
v 126 131 209 110
v 126 135 336 168
v 126 136 52 28
v 126 137 84 40
v 126 138 47 21
v 126 145 96 45
v 126 155 68 23
v 128 129 359 197
v 128 131 607 266
v 128 135 1027 479
v 128 136 171 87
v 128 137 260 106
v 128 138 177 101
v 128 145 325 169
v 128 155 203 77
v 129 131 189 89
v 129 135 321 163
v 129 136 70 30
v 129 137 77 39
v 129 138 53 30
v 129 145 89 49
v 129 155 67 23
v 131 135 547 268
v 131 136 92 43
v 131 137 141 62
v 131 138 100 61
v 131 145 184 94
v 131 155 156 57
v 135 136 172 82
v 135 137 237 108
v 135 138 160 94
v 135 145 303 146
v 135 155 201 81
v 136 137 34 17
v 136 138 31 16
v 136 145 48 32
v 136 155 38 12
v 137 138 39 18
v 137 145 75 47
v 137 155 51 29
v 138 145 53 26
v 138 155 38 15
v 145 155 105 50
