n 29072
h 1 1131 542
h 2 4743 2266
h 3 2027 1047
h 4 362 181
h 5 1505 761
h 6 2684 1203
h 7 1899 934
h 8 2185 1209
h 9 4504 2437
h 10 812 437
h 11 5868 2943
h 12 2312 1159
h 13 1876 944
h 14 3575 1810
h 15 1496 747
h 16 822 380
h 17 2378 1219
h 18 2574 1335
h 19 3001 1433
h 20 2897 1335
h 21 5197 2750
h 22 2079 1003
h 23 1008 482
h 25 5696 2841
h 26 6031 2689
h 27 2208 1063
h 28 3664 1832
h 29 2714 1340
h 30 2653 1332
h 31 4401 2152
h 32 390 194
h 33 1250 759
h 34 895 429
h 35 1308 606
h 36 3844 1949
h 37 896 391
h 38 1357 719
h 39 2085 975
h 40 416 192
h 41 1337 628
h 42 823 388
h 43 1230 581
h 44 634 309
h 45 357 195
h 46 1348 616
h 47 1716 865
h 48 3759 1936
h 49 2632 1408
h 50 877 421
h 51 2873 1489
h 52 611 301
h 53 2209 1102
h 54 5821 2855
h 55 3014 1614
h 56 1091 525
h 57 327 160
h 58 860 458
h 59 734 338
h 60 3860 1876
h 61 263 129
h 62 2137 1301
h 63 666 325
h 64 2106 970
h 65 619 322
h 66 166 93
h 67 2399 1208
h 68 667 294
h 69 3369 1717
h 70 1907 895
h 71 3990 2030
h 72 678 326
h 73 605 312
h 74 4415 2228
h 75 1999 917
h 76 2130 1081
h 77 804 454
h 78 1237 667
h 79 1608 759
h 80 1572 796
h 81 350 154
h 82 312 156
h 83 2552 1486
h 84 2555 1279
h 85 6315 3068
h 86 8135 4216
h 87 3569 1775
h 88 1538 822
h 89 289 147
h 90 2618 1482
h 91 1406 754
h 92 391 200
h 93 2110 1149
h 94 653 309
h 95 473 239
h 96 4251 2130
h 97 1650 769
h 98 2542 1200
h 99 802 355
h 100 5164 2548
h 101 2713 1281
h 102 482 214
h 103 259 142
h 104 1075 533
h 105 3236 1662
h 106 5291 2836
h 107 3502 1811
h 108 4883 2161
h 109 2181 1102
h 110 2439 1228
h 111 1332 636
h 112 3581 1938
h 113 495 230
h 114 928 465
h 119 4859 2486
h 120 3039 1517
h 121 2913 1410
h 123 7381 3559
h 126 2207 1101
h 128 5894 2738
h 129 1946 879
h 131 3717 1811
h 135 5363 2712
h 136 960 481
h 137 1432 779
h 138 1025 509
h 145 1951 980
h 155 1768 1012
s 1 2 104 49
s 1 3 28 15
s 1 5 29 17
s 1 6 2 0
s 1 7 38 21
s 1 8 3 2
s 1 9 50 18
s 1 11 49 28
s 1 12 5 2
s 1 13 39 13
s 1 14 61 29
s 1 15 17 8
s 1 16 21 11
s 1 17 32 19
s 1 18 1 1
s 1 19 18 10
s 1 20 41 19
s 1 21 67 26
s 1 22 37 13
s 1 23 17 4
s 1 25 87 48
s 1 26 116 46
s 1 27 46 25
s 1 28 48 24
s 1 29 59 26
s 1 30 52 21
s 1 31 124 65
s 1 32 4 3
s 1 33 25 16
s 1 34 12 5
s 1 35 18 4
s 1 36 44 18
s 1 37 32 12
s 1 38 23 9
s 1 39 46 18
s 1 40 13 6
s 1 41 1 0
s 1 42 6 4
s 1 43 30 14
s 1 44 1 0
s 1 45 7 3
s 1 46 3 2
s 1 47 40 22
s 1 48 3 1
s 1 49 56 30
s 1 50 20 12
s 1 51 44 23
s 1 52 14 7
s 1 53 15 7
s 1 54 8 3
s 1 55 40 21
s 1 56 6 3
s 1 57 9 7
s 1 58 12 6
s 1 59 20 12
s 1 60 78 35
s 1 61 4 2
s 1 62 36 18
s 1 63 9 3
s 1 64 46 18
s 1 65 15 7
s 1 66 7 4
s 1 67 7 2
s 1 68 17 8
s 1 69 75 39
s 1 70 2 0
s 1 71 83 41
s 1 72 6 1
s 1 73 3 1
s 1 74 76 40
s 1 75 42 19
s 1 76 38 18
s 1 77 12 6
s 1 78 21 13
s 1 79 30 13
s 1 80 2 1
s 1 81 3 1
s 1 82 2 0
s 1 83 31 16
s 1 84 56 25
s 1 85 103 51
s 1 86 168 80
s 1 87 74 28
s 1 88 31 18
s 1 90 38 23
s 1 91 18 9
s 1 92 9 3
s 1 93 12 3
s 1 94 1 1
s 1 96 68 29
s 1 97 48 23
s 1 98 42 21
s 1 99 12 3
s 1 100 82 42
s 1 101 65 30
s 1 102 14 5
s 1 103 9 5
s 1 104 32 16
s 1 105 68 36
s 1 106 95 41
s 1 107 47 25
s 1 108 77 31
s 1 109 1 1
s 1 110 52 25
s 1 111 42 16
s 1 112 79 39
s 1 113 6 4
s 1 114 13 5
s 1 119 80 45
s 1 120 54 30
s 1 121 65 42
s 1 123 134 62
s 1 126 35 12
s 1 128 120 58
s 1 129 43 20
s 1 131 61 26
s 1 135 99 54
s 1 136 13 6
s 1 137 25 12
s 1 145 13 7
s 1 155 32 22
s 2 3 172 83
s 2 4 25 11
s 2 5 146 74
s 2 6 231 93
s 2 7 77 31
s 2 8 205 104
s 2 9 386 222
s 2 10 86 44
s 2 11 470 237
s 2 12 202 102
s 2 13 166 86
s 2 14 196 83
s 2 15 87 42
s 2 16 38 19
s 2 17 182 94
s 2 18 176 91
s 2 19 171 73
s 2 20 180 82
s 2 21 409 210
s 2 22 210 93
s 2 23 45 24
s 2 25 477 234
s 2 26 508 225
s 2 27 174 68
s 2 28 64 30
s 2 29 8 3
s 2 30 246 123
s 2 31 368 171
s 2 32 41 20
s 2 33 19 11
s 2 34 54 23
s 2 35 105 44
s 2 36 257 137
s 2 37 74 37
s 2 38 29 12
s 2 39 215 94
s 2 40 34 13
s 2 41 114 56
s 2 42 45 17
s 2 43 89 33
s 2 44 70 29
s 2 45 29 13
s 2 46 101 45
s 2 47 118 57
s 2 48 305 160
s 2 49 114 59
s 2 50 75 33
s 2 51 174 81
s 2 52 45 21
s 2 53 173 69
s 2 54 506 246
s 2 55 23 11
s 2 56 84 34
s 2 57 13 6
s 2 58 76 39
s 2 59 46 28
s 2 60 22 8
s 2 61 18 12
s 2 62 121 69
s 2 63 66 32
s 2 64 180 87
s 2 65 31 18
s 2 66 10 4
s 2 67 229 112
s 2 68 64 27
s 2 69 42 20
s 2 70 137 56
s 2 71 233 101
s 2 72 32 16
s 2 73 35 19
s 2 74 406 201
s 2 75 165 75
s 2 76 160 77
s 2 77 9 3
s 2 78 13 5
s 2 79 133 60
s 2 80 96 38
s 2 81 19 6
s 2 82 21 9
s 2 83 224 136
s 2 84 183 88
s 2 85 435 207
s 2 86 600 297
s 2 87 295 149
s 2 88 95 45
s 2 89 26 14
s 2 90 158 81
s 2 91 94 49
s 2 92 16 11
s 2 93 160 76
s 2 94 55 28
s 2 95 43 20
s 2 96 21 11
s 2 97 60 17
s 2 98 45 17
s 2 99 15 3
s 2 100 328 139
s 2 101 424 215
s 2 102 27 10
s 2 103 22 11
s 2 104 5 2
s 2 105 280 127
s 2 106 368 196
s 2 107 231 112
s 2 108 17 4
s 2 109 189 86
s 2 110 220 116
s 2 111 90 43
s 2 112 257 120
s 2 113 38 23
s 2 114 68 27
s 2 119 329 166
s 2 120 174 74
s 2 121 239 106
s 2 123 646 297
s 2 126 158 81
s 2 128 492 218
s 2 129 2 1
s 2 131 300 129
s 2 135 53 23
s 2 136 53 23
s 2 137 54 28
s 2 138 99 47
s 2 145 161 78
s 2 155 44 29
s 3 4 14 6
s 3 5 6 4
s 3 6 76 27
s 3 7 55 28
s 3 8 53 27
s 3 9 238 129
s 3 10 23 15
s 3 11 274 152
s 3 12 86 39
s 3 13 74 47
s 3 14 90 41
s 3 15 36 19
s 3 16 35 14
s 3 17 87 43
s 3 18 103 61
s 3 19 118 64
s 3 20 54 16
s 3 21 164 74
s 3 22 38 19
s 3 23 34 15
s 3 25 221 118
s 3 26 68 31
s 3 27 13 5
s 3 28 109 57
s 3 29 90 50
s 3 30 22 10
s 3 31 25 11
s 3 32 9 4
s 3 33 47 29
s 3 34 27 12
s 3 35 32 11
s 3 36 143 75
s 3 37 3 2
s 3 38 48 24
s 3 39 53 26
s 3 40 7 2
s 3 41 42 25
s 3 42 18 10
s 3 43 27 14
s 3 44 16 7
s 3 45 4 2
s 3 46 33 15
s 3 47 53 27
s 3 48 107 55
s 3 49 90 46
s 3 50 14 5
s 3 51 55 30
s 3 52 17 8
s 3 53 60 32
s 3 54 219 107
s 3 55 121 64
s 3 56 47 28
s 3 57 2 2
s 3 58 16 8
s 3 59 19 9
s 3 60 120 60
s 3 61 13 6
s 3 62 71 41
s 3 63 12 5
s 3 64 22 10
s 3 65 31 19
s 3 66 4 2
s 3 67 74 30
s 3 68 12 5
s 3 69 148 78
s 3 70 63 37
s 3 71 77 41
s 3 72 23 6
s 3 73 15 8
s 3 74 168 87
s 3 75 24 8
s 3 76 50 27
s 3 77 45 24
s 3 78 48 24
s 3 79 18 6
s 3 80 58 29
s 3 81 11 5
s 3 82 6 4
s 3 83 9 6
s 3 84 25 11
s 3 85 100 55
s 3 86 174 103
s 3 87 18 9
s 3 88 34 23
s 3 89 14 9
s 3 90 110 75
s 3 91 40 23
s 3 92 14 4
s 3 93 61 36
s 3 94 15 5
s 3 95 8 6
s 3 96 188 83
s 3 97 34 19
s 3 98 114 69
s 3 99 19 9
s 3 100 66 37
s 3 101 49 24
s 3 102 4 0
s 3 103 8 3
s 3 104 23 9
s 3 105 76 43
s 3 106 208 113
s 3 107 149 77
s 3 108 166 84
s 3 109 88 46
s 3 110 38 21
s 3 111 12 4
s 3 112 27 16
s 3 113 8 3
s 3 114 24 13
s 3 119 161 90
s 3 120 143 81
s 3 121 73 30
s 3 123 210 99
s 3 126 69 31
s 3 128 139 72
s 3 129 41 19
s 3 131 75 41
s 3 135 165 83
s 3 136 17 8
s 3 137 35 18
s 3 138 33 11
s 3 145 85 49
s 3 155 91 57
s 4 5 12 7
s 4 6 3 2
s 4 7 7 2
s 4 8 4 2
s 4 9 20 10
s 4 10 3 2
s 4 11 14 5
s 4 12 4 2
s 4 13 6 1
s 4 14 26 13
s 4 15 4 1
s 4 16 5 3
s 4 17 20 8
s 4 18 4 2
s 4 19 8 4
s 4 20 14 8
s 4 21 18 11
s 4 22 19 9
s 4 23 7 4
s 4 25 28 14
s 4 26 30 9
s 4 27 19 9
s 4 28 20 11
s 4 29 21 12
s 4 30 20 9
s 4 31 30 16
s 4 32 2 2
s 4 33 6 6
s 4 34 5 2
s 4 35 8 6
s 4 36 23 14
s 4 37 9 3
s 4 38 2 2
s 4 39 17 12
s 4 40 7 1
s 4 41 1 0
s 4 42 1 1
s 4 43 7 3
s 4 44 2 1
s 4 45 3 2
s 4 46 4 2
s 4 47 14 7
s 4 48 3 2
s 4 49 13 6
s 4 50 9 5
s 4 51 14 7
s 4 52 4 1
s 4 53 6 4
s 4 54 1 1
s 4 55 20 10
s 4 56 3 1
s 4 57 2 1
s 4 58 4 2
s 4 59 4 0
s 4 60 22 8
s 4 61 1 0
s 4 62 11 5
s 4 63 5 2
s 4 64 17 6
s 4 65 2 0
s 4 66 3 2
s 4 67 3 2
s 4 68 7 2
s 4 69 13 8
s 4 70 1 1
s 4 71 21 17
s 4 72 5 2
s 4 73 2 1
s 4 74 21 12
s 4 75 18 11
s 4 76 8 1
s 4 77 6 4
s 4 78 10 7
s 4 79 12 9
s 4 80 3 2
s 4 81 1 1
s 4 82 3 3
s 4 83 15 9
s 4 84 14 8
s 4 85 24 14
s 4 86 49 30
s 4 87 23 10
s 4 88 6 2
s 4 90 10 4
s 4 91 14 7
s 4 92 1 1
s 4 93 3 2
s 4 94 1 1
s 4 96 9 6
s 4 97 15 7
s 4 98 12 8
s 4 99 12 4
s 4 100 23 10
s 4 101 18 8
s 4 102 4 2
s 4 103 2 1
s 4 104 7 3
s 4 105 13 6
s 4 106 39 20
s 4 107 21 13
s 4 108 36 13
s 4 109 2 2
s 4 110 13 7
s 4 111 12 3
s 4 112 12 9
s 4 113 2 1
s 4 114 6 3
s 4 119 24 12
s 4 120 16 10
s 4 121 15 7
s 4 123 41 16
s 4 126 8 3
s 4 128 30 12
s 4 129 14 5
s 4 131 23 10
s 4 135 29 12
s 4 136 4 3
s 4 137 11 8
s 4 138 4 1
s 4 145 3 1
s 4 155 14 7
s 5 6 61 24
s 5 7 43 18
s 5 8 99 60
s 5 9 72 38
s 5 10 21 11
s 5 11 165 78
s 5 12 45 24
s 5 13 40 20
s 5 14 84 45
s 5 15 47 23
s 5 16 15 5
s 5 17 72 33
s 5 18 87 49
s 5 19 68 25
s 5 20 57 29
s 5 21 123 74
s 5 22 44 20
s 5 23 27 15
s 5 25 150 83
s 5 26 110 56
s 5 27 26 11
s 5 28 92 56
s 5 29 72 32
s 5 30 13 1
s 5 31 27 9
s 5 32 20 10
s 5 33 32 19
s 5 34 11 2
s 5 35 38 19
s 5 36 98 54
s 5 37 1 1
s 5 38 35 16
s 5 39 53 30
s 5 40 8 3
s 5 41 40 22
s 5 42 25 13
s 5 43 27 12
s 5 44 18 6
s 5 45 7 1
s 5 46 46 23
s 5 47 31 15
s 5 48 109 43
s 5 49 64 34
s 5 50 3 0
s 5 51 41 22
s 5 52 12 6
s 5 53 78 40
s 5 54 135 82
s 5 55 67 39
s 5 56 24 13
s 5 57 4 3
s 5 58 9 7
s 5 59 15 3
s 5 60 78 43
s 5 61 5 3
s 5 62 59 39
s 5 63 12 5
s 5 64 15 7
s 5 65 6 4
s 5 66 5 1
s 5 67 55 27
s 5 68 1 1
s 5 69 84 52
s 5 70 44 21
s 5 71 110 61
s 5 72 18 7
s 5 73 15 11
s 5 74 96 53
s 5 75 23 10
s 5 76 56 29
s 5 77 21 14
s 5 78 26 15
s 5 79 27 10
s 5 80 53 28
s 5 81 11 4
s 5 82 9 5
s 5 83 13 7
s 5 84 27 15
s 5 85 75 35
s 5 86 185 106
s 5 87 21 14
s 5 88 41 25
s 5 89 6 4
s 5 90 39 22
s 5 91 19 9
s 5 92 9 3
s 5 93 86 42
s 5 94 11 6
s 5 95 27 15
s 5 96 111 46
s 5 97 37 16
s 5 98 60 30
s 5 99 29 11
s 5 100 54 24
s 5 101 74 38
s 5 102 9 5
s 5 103 2 0
s 5 104 23 9
s 5 105 41 19
s 5 106 111 63
s 5 107 78 44
s 5 108 121 45
s 5 109 36 14
s 5 110 50 25
s 5 111 13 8
s 5 112 11 6
s 5 113 18 8
s 5 114 24 11
s 5 119 74 36
s 5 120 58 28
s 5 121 21 11
s 5 123 115 50
s 5 126 58 28
s 5 128 129 56
s 5 129 55 26
s 5 131 39 17
s 5 135 131 67
s 5 136 18 7
s 5 137 33 17
s 5 138 16 9
s 5 145 46 19
s 5 155 33 19
s 6 7 91 36
s 6 8 2 1
s 6 9 160 75
s 6 10 1 0
s 6 11 69 32
s 6 12 1 1
s 6 13 70 25
s 6 14 210 99
s 6 15 30 18
s 6 16 32 13
s 6 17 101 52
s 6 18 3 1
s 6 19 47 18
s 6 20 82 36
s 6 21 122 50
s 6 22 100 49
s 6 23 56 19
s 6 25 190 74
s 6 26 295 108
s 6 27 100 40
s 6 28 178 91
s 6 29 151 66
s 6 30 89 44
s 6 31 162 77
s 6 32 22 7
s 6 33 42 22
s 6 34 29 10
s 6 35 44 18
s 6 36 112 49
s 6 37 28 6
s 6 38 65 35
s 6 39 114 44
s 6 40 11 4
s 6 41 1 1
s 6 42 16 5
s 6 43 58 27
s 6 44 3 2
s 6 45 21 8
s 6 46 11 7
s 6 47 76 27
s 6 49 66 35
s 6 50 31 10
s 6 51 180 87
s 6 52 24 13
s 6 53 30 13
s 6 54 6 2
s 6 55 103 53
s 6 56 2 1
s 6 57 32 16
s 6 58 38 20
s 6 59 27 14
s 6 60 194 85
s 6 61 5 2
s 6 62 73 48
s 6 63 11 4
s 6 64 88 28
s 6 65 22 7
s 6 66 3 1
s 6 67 1 0
s 6 68 30 12
s 6 69 134 56
s 6 70 4 0
s 6 71 196 78
s 6 72 9 6
s 6 73 16 9
s 6 74 197 103
s 6 75 87 40
s 6 76 71 25
s 6 77 26 12
s 6 78 53 23
s 6 79 66 31
s 6 80 6 2
s 6 81 8 4
s 6 82 11 2
s 6 83 236 132
s 6 84 157 76
s 6 85 459 199
s 6 86 354 174
s 6 87 143 55
s 6 88 66 30
s 6 89 4 1
s 6 90 121 57
s 6 91 39 21
s 6 92 14 7
s 6 93 35 21
s 6 94 1 0
s 6 95 3 1
s 6 96 259 114
s 6 97 75 38
s 6 98 109 48
s 6 99 37 17
s 6 100 324 158
s 6 101 109 49
s 6 102 33 16
s 6 103 11 4
s 6 104 40 22
s 6 105 138 67
s 6 106 240 122
s 6 107 171 84
s 6 108 222 97
s 6 109 1 1
s 6 110 105 42
s 6 111 54 25
s 6 112 97 40
s 6 113 19 8
s 6 114 18 11
s 6 119 195 86
s 6 120 134 49
s 6 121 91 32
s 6 123 260 119
s 6 126 116 43
s 6 128 289 139
s 6 129 105 34
s 6 131 139 56
s 6 135 247 117
s 6 136 60 27
s 6 137 82 34
s 6 138 7 4
s 6 145 24 16
s 6 155 75 34
s 7 8 72 40
s 7 9 127 68
s 7 10 28 17
s 7 11 155 72
s 7 12 73 35
s 7 13 26 14
s 7 14 105 42
s 7 15 49 24
s 7 16 9 4
s 7 17 31 12
s 7 18 87 39
s 7 19 55 32
s 7 20 98 49
s 7 21 153 83
s 7 22 54 29
s 7 23 19 7
s 7 25 87 44
s 7 26 165 68
s 7 27 82 31
s 7 28 69 37
s 7 29 67 29
s 7 30 79 38
s 7 31 124 55
s 7 32 11 6
s 7 33 29 23
s 7 34 22 9
s 7 35 38 20
s 7 36 95 46
s 7 37 29 9
s 7 38 33 16
s 7 39 30 15
s 7 40 19 8
s 7 41 35 14
s 7 42 22 12
s 7 43 24 9
s 7 44 19 15
s 7 45 15 8
s 7 46 34 10
s 7 47 35 23
s 7 48 145 73
s 7 49 37 18
s 7 50 34 19
s 7 51 66 36
s 7 52 9 4
s 7 53 74 41
s 7 54 194 87
s 7 55 100 53
s 7 56 41 22
s 7 57 8 4
s 7 58 27 15
s 7 59 19 8
s 7 60 102 43
s 7 61 5 2
s 7 62 43 25
s 7 63 21 12
s 7 64 64 25
s 7 65 18 12
s 7 66 8 6
s 7 67 79 42
s 7 68 23 11
s 7 69 90 45
s 7 70 62 31
s 7 71 92 49
s 7 72 29 10
s 7 73 14 6
s 7 74 89 48
s 7 75 63 36
s 7 76 33 18
s 7 77 31 13
s 7 78 34 13
s 7 79 43 22
s 7 80 42 21
s 7 81 10 3
s 7 82 4 2
s 7 83 66 39
s 7 84 61 25
s 7 85 176 85
s 7 86 222 113
s 7 87 117 59
s 7 88 34 17
s 7 89 7 2
s 7 90 69 36
s 7 91 46 20
s 7 92 7 6
s 7 93 53 29
s 7 94 17 5
s 7 95 17 6
s 7 96 108 52
s 7 97 39 19
s 7 98 73 33
s 7 99 21 7
s 7 100 140 77
s 7 101 72 33
s 7 102 9 4
s 7 103 4 2
s 7 104 32 11
s 7 105 101 53
s 7 106 60 28
s 7 107 45 26
s 7 108 126 60
s 7 109 85 47
s 7 110 77 40
s 7 111 45 21
s 7 112 127 80
s 7 113 12 4
s 7 114 18 10
s 7 119 137 75
s 7 120 36 22
s 7 121 74 38
s 7 123 198 87
s 7 126 26 12
s 7 128 165 72
s 7 129 48 20
s 7 131 134 62
s 7 135 138 75
s 7 136 20 10
s 7 137 33 15
s 7 138 36 17
s 7 145 49 29
s 7 155 48 30
s 8 9 141 90
s 8 10 3 2
s 8 11 44 21
s 8 12 3 2
s 8 13 73 37
s 8 14 118 62
s 8 15 52 28
s 8 16 27 10
s 8 17 91 48
s 8 19 30 13
s 8 20 73 44
s 8 21 147 78
s 8 22 69 35
s 8 23 35 21
s 8 25 181 105
s 8 26 237 116
s 8 27 102 55
s 8 28 130 66
s 8 29 98 60
s 8 30 134 73
s 8 31 281 164
s 8 32 12 7
s 8 33 42 23
s 8 34 35 26
s 8 35 33 15
s 8 36 69 44
s 8 37 27 13
s 8 38 52 32
s 8 39 100 55
s 8 40 13 6
s 8 41 1 0
s 8 42 13 7
s 8 43 58 30
s 8 44 3 1
s 8 45 10 6
s 8 46 9 5
s 8 47 51 26
s 8 48 3 1
s 8 49 115 67
s 8 50 21 8
s 8 51 77 41
s 8 52 27 16
s 8 53 25 10
s 8 54 1 0
s 8 55 98 66
s 8 56 1 1
s 8 57 8 2
s 8 58 29 20
s 8 59 37 17
s 8 60 163 87
s 8 61 7 4
s 8 62 95 60
s 8 63 12 8
s 8 64 107 54
s 8 65 23 14
s 8 66 6 4
s 8 67 2 0
s 8 68 31 11
s 8 69 109 68
s 8 70 4 2
s 8 71 152 89
s 8 72 10 9
s 8 73 11 2
s 8 74 142 79
s 8 75 80 38
s 8 76 98 60
s 8 77 23 11
s 8 78 46 20
s 8 79 57 31
s 8 80 1 1
s 8 81 5 2
s 8 82 9 4
s 8 83 48 31
s 8 84 77 47
s 8 85 182 103
s 8 86 324 196
s 8 87 172 93
s 8 88 67 38
s 8 90 89 53
s 8 91 14 7
s 8 92 12 7
s 8 93 27 18
s 8 94 1 1
s 8 96 128 79
s 8 97 134 72
s 8 98 94 42
s 8 99 28 16
s 8 100 137 64
s 8 101 129 69
s 8 102 13 9
s 8 103 10 7
s 8 104 41 24
s 8 105 99 56
s 8 106 179 111
s 8 107 111 59
s 8 108 168 90
s 8 109 2 2
s 8 110 81 42
s 8 111 52 28
s 8 112 132 77
s 8 113 15 7
s 8 114 9 3
s 8 119 173 97
s 8 120 101 56
s 8 121 150 92
s 8 123 267 140
s 8 126 80 46
s 8 128 214 117
s 8 129 66 39
s 8 131 113 56
s 8 135 188 91
s 8 136 25 12
s 8 137 64 40
s 8 138 6 4
s 8 145 12 8
s 8 155 36 18
s 9 10 62 42
s 9 11 362 194
s 9 12 173 104
s 9 13 151 75
s 9 14 159 86
s 9 15 95 56
s 9 16 75 39
s 9 17 187 110
s 9 18 267 154
s 9 19 309 161
s 9 20 135 63
s 9 21 344 198
s 9 22 51 28
s 9 23 73 43
s 9 25 358 194
s 9 26 210 96
s 9 27 97 51
s 9 28 274 151
s 9 29 196 105
s 9 30 106 65
s 9 31 155 82
s 9 32 29 17
s 9 33 118 69
s 9 34 45 24
s 9 35 50 25
s 9 36 296 161
s 9 37 23 9
s 9 38 103 56
s 9 39 122 59
s 9 40 11 5
s 9 41 89 45
s 9 42 61 29
s 9 43 76 41
s 9 44 34 19
s 9 45 12 7
s 9 46 114 44
s 9 47 88 50
s 9 48 270 138
s 9 49 364 199
s 9 50 37 17
s 9 51 209 114
s 9 52 35 20
s 9 53 184 114
s 9 54 485 255
s 9 55 248 138
s 9 56 76 32
s 9 57 7 4
s 9 58 43 25
s 9 59 48 17
s 9 60 282 154
s 9 61 20 8
s 9 62 168 105
s 9 63 22 11
s 9 64 61 27
s 9 65 31 18
s 9 66 6 2
s 9 67 178 92
s 9 68 18 11
s 9 69 297 173
s 9 70 102 59
s 9 71 180 104
s 9 72 36 19
s 9 73 49 27
s 9 74 293 165
s 9 75 50 31
s 9 76 217 122
s 9 77 71 39
s 9 78 80 50
s 9 79 123 55
s 9 80 135 68
s 9 81 29 17
s 9 82 14 9
s 9 83 152 95
s 9 84 111 55
s 9 85 286 144
s 9 86 278 140
s 9 87 146 83
s 9 88 78 44
s 9 89 28 18
s 9 90 115 72
s 9 91 71 38
s 9 92 19 8
s 9 93 141 78
s 9 94 32 24
s 9 95 34 17
s 9 96 423 224
s 9 97 87 45
s 9 98 221 122
s 9 99 34 16
s 9 100 292 167
s 9 101 79 40
s 9 102 18 7
s 9 103 24 14
s 9 104 71 37
s 9 105 123 61
s 9 106 621 362
s 9 107 279 168
s 9 108 424 182
s 9 109 193 108
s 9 110 75 42
s 9 111 59 29
s 9 112 196 121
s 9 113 27 14
s 9 114 55 24
s 9 119 236 134
s 9 120 268 142
s 9 121 65 30
s 9 123 306 157
s 9 126 150 83
s 9 128 274 138
s 9 129 117 59
s 9 131 129 72
s 9 135 341 176
s 9 136 57 28
s 9 137 99 56
s 9 138 77 35
s 9 145 158 88
s 9 155 175 105
s 10 11 21 10
s 10 13 29 16
s 10 14 53 34
s 10 15 16 11
s 10 16 14 8
s 10 17 29 17
s 10 18 1 1
s 10 19 16 8
s 10 20 25 10
s 10 21 44 26
s 10 22 25 10
s 10 23 5 3
s 10 25 69 37
s 10 26 82 34
s 10 27 26 16
s 10 28 53 30
s 10 29 37 16
s 10 30 29 16
s 10 31 58 37
s 10 32 5 1
s 10 33 18 9
s 10 34 12 6
s 10 35 8 3
s 10 36 32 17
s 10 37 13 3
s 10 38 23 12
s 10 39 27 13
s 10 40 5 3
s 10 41 3 2
s 10 42 3 1
s 10 43 12 6
s 10 45 5 4
s 10 46 2 0
s 10 47 26 12
s 10 48 1 1
s 10 49 27 21
s 10 50 12 5
s 10 51 36 22
s 10 52 9 3
s 10 53 8 6
s 10 54 2 1
s 10 55 53 29
s 10 56 1 1
s 10 57 4 0
s 10 58 11 5
s 10 59 12 7
s 10 60 56 33
s 10 61 2 1
s 10 62 29 19
s 10 63 4 2
s 10 64 22 11
s 10 65 13 12
s 10 66 2 1
s 10 67 1 1
s 10 68 10 5
s 10 69 44 28
s 10 71 52 33
s 10 72 4 2
s 10 73 2 0
s 10 74 60 33
s 10 75 27 14
s 10 76 21 14
s 10 77 6 3
s 10 78 16 7
s 10 79 16 6
s 10 80 4 1
s 10 81 4 1
s 10 82 4 2
s 10 83 26 15
s 10 84 39 17
s 10 85 103 56
s 10 86 133 69
s 10 87 59 39
s 10 88 20 10
s 10 89 2 1
s 10 90 40 21
s 10 91 11 8
s 10 92 1 1
s 10 93 11 7
s 10 94 1 1
s 10 96 56 31
s 10 97 12 6
s 10 98 33 14
s 10 99 8 4
s 10 100 81 40
s 10 101 45 18
s 10 102 8 2
s 10 103 1 1
s 10 104 9 8
s 10 105 49 27
s 10 106 55 27
s 10 107 49 24
s 10 108 87 42
s 10 109 1 0
s 10 110 26 18
s 10 111 27 12
s 10 112 29 15
s 10 113 3 0
s 10 114 6 3
s 10 119 87 51
s 10 120 41 18
s 10 121 32 14
s 10 123 97 57
s 10 126 44 27
s 10 128 86 38
s 10 129 31 16
s 10 131 50 24
s 10 135 59 32
s 10 136 15 9
s 10 137 17 7
s 10 138 1 0
s 10 145 12 7
s 10 155 17 16
s 11 12 80 32
s 11 13 169 90
s 11 14 356 179
s 11 15 80 37
s 11 16 68 29
s 11 17 191 95
s 11 18 67 31
s 11 19 139 63
s 11 20 213 97
s 11 21 294 163
s 11 22 188 88
s 11 23 116 53
s 11 25 339 168
s 11 26 604 257
s 11 27 248 120
s 11 28 645 347
s 11 29 317 158
s 11 30 161 84
s 11 31 346 157
s 11 32 24 15
s 11 33 115 70
s 11 34 78 34
s 11 35 65 34
s 11 36 220 109
s 11 37 80 38
s 11 38 117 66
s 11 39 135 63
s 11 40 34 12
s 11 41 32 12
s 11 42 44 20
s 11 43 101 45
s 11 44 13 7
s 11 45 25 14
s 11 46 42 17
s 11 47 135 65
s 11 48 99 50
s 11 49 155 71
s 11 50 59 33
s 11 51 380 213
s 11 52 46 20
s 11 53 102 54
s 11 54 162 82
s 11 55 264 132
s 11 56 26 16
s 11 57 54 32
s 11 58 74 39
s 11 59 73 39
s 11 60 345 159
s 11 61 17 7
s 11 62 177 98
s 11 63 43 13
s 11 64 158 77
s 11 65 51 29
s 11 66 10 9
s 11 67 66 35
s 11 68 50 20
s 11 69 302 152
s 11 70 31 16
s 11 71 394 197
s 11 72 25 14
s 11 73 19 10
s 11 74 326 161
s 11 75 178 82
s 11 76 140 67
s 11 77 64 38
s 11 78 103 56
s 11 79 165 75
s 11 80 29 16
s 11 81 20 8
s 11 82 25 11
s 11 83 391 224
s 11 84 432 222
s 11 85 649 318
s 11 86 817 420
s 11 87 313 155
s 11 88 126 69
s 11 89 10 5
s 11 90 266 153
s 11 91 97 42
s 11 92 36 21
s 11 93 98 62
s 11 94 22 9
s 11 95 19 7
s 11 96 503 253
s 11 97 158 81
s 11 98 232 123
s 11 99 65 28
s 11 100 811 393
s 11 101 296 156
s 11 102 53 23
s 11 103 28 17
s 11 104 89 39
s 11 105 233 118
s 11 106 496 273
s 11 107 335 161
s 11 108 515 242
s 11 109 38 15
s 11 110 226 120
s 11 111 111 59
s 11 112 310 171
s 11 113 34 21
s 11 114 37 15
s 11 119 413 209
s 11 120 303 161
s 11 121 230 105
s 11 123 634 326
s 11 126 195 90
s 11 128 530 255
s 11 129 235 102
s 11 131 374 175
s 11 135 459 223
s 11 136 121 52
s 11 137 123 76
s 11 138 31 18
s 11 145 65 28
s 11 155 177 108
s 12 13 57 30
s 12 14 149 78
s 12 15 44 25
s 12 16 33 19
s 12 17 79 28
s 12 18 2 2
s 12 19 44 21
s 12 20 70 31
s 12 21 129 67
s 12 22 62 29
s 12 23 48 30
s 12 25 207 102
s 12 26 251 116
s 12 27 76 36
s 12 28 105 50
s 12 29 101 38
s 12 30 88 51
s 12 31 168 80
s 12 32 10 6
s 12 33 59 34
s 12 34 29 16
s 12 35 34 15
s 12 36 89 43
s 12 37 46 18
s 12 38 44 24
s 12 39 90 46
s 12 40 21 12
s 12 41 2 1
s 12 42 9 5
s 12 43 48 30
s 12 44 3 2
s 12 45 13 6
s 12 46 5 4
s 12 47 65 34
s 12 48 2 2
s 12 49 123 70
s 12 50 54 29
s 12 51 82 36
s 12 52 20 10
s 12 53 29 12
s 12 54 2 1
s 12 55 98 57
s 12 56 7 4
s 12 57 4 1
s 12 58 44 20
s 12 59 20 10
s 12 60 134 69
s 12 61 9 4
s 12 62 85 45
s 12 63 16 12
s 12 64 108 47
s 12 65 30 15
s 12 66 10 5
s 12 67 1 0
s 12 68 29 16
s 12 69 132 67
s 12 70 1 0
s 12 71 157 76
s 12 72 8 5
s 12 73 11 5
s 12 74 149 65
s 12 75 78 43
s 12 76 72 28
s 12 77 30 18
s 12 78 50 30
s 12 79 58 26
s 12 80 9 4
s 12 81 4 1
s 12 82 8 1
s 12 83 95 63
s 12 84 63 29
s 12 85 258 122
s 12 86 381 183
s 12 87 130 63
s 12 88 66 31
s 12 89 1 0
s 12 90 104 57
s 12 91 30 19
s 12 92 18 9
s 12 93 25 16
s 12 94 1 0
s 12 96 166 85
s 12 97 67 35
s 12 98 102 42
s 12 99 19 7
s 12 100 147 73
s 12 101 106 50
s 12 102 15 7
s 12 103 7 4
s 12 104 41 16
s 12 105 144 74
s 12 106 204 102
s 12 107 127 68
s 12 108 221 94
s 12 109 1 1
s 12 110 112 61
s 12 111 60 30
s 12 112 168 97
s 12 113 17 6
s 12 114 18 9
s 12 119 172 93
s 12 120 113 56
s 12 121 129 67
s 12 123 295 147
s 12 126 95 49
s 12 128 255 129
s 12 129 64 29
s 12 131 175 90
s 12 135 234 118
s 12 136 34 19
s 12 137 58 35
s 12 138 10 3
s 12 145 20 11
s 12 155 54 31
s 13 14 61 30
s 13 15 32 21
s 13 16 9 2
s 13 17 3 3
s 13 18 81 39
s 13 19 100 50
s 13 20 71 35
s 13 21 138 72
s 13 22 52 30
s 13 23 15 7
s 13 25 39 23
s 13 26 192 90
s 13 27 58 26
s 13 28 83 48
s 13 29 74 38
s 13 30 97 53
s 13 31 133 59
s 13 32 8 5
s 13 33 48 25
s 13 35 5 3
s 13 36 81 39
s 13 37 29 13
s 13 38 41 23
s 13 39 2 1
s 13 40 13 3
s 13 41 44 23
s 13 42 24 8
s 13 43 12 5
s 13 44 9 4
s 13 45 6 3
s 13 46 38 17
s 13 47 13 5
s 13 48 108 56
s 13 49 29 11
s 13 50 24 14
s 13 51 106 61
s 13 52 1 0
s 13 53 57 28
s 13 54 168 87
s 13 55 92 49
s 13 56 37 18
s 13 57 10 3
s 13 58 37 20
s 13 59 4 1
s 13 60 113 56
s 13 61 10 2
s 13 62 63 42
s 13 63 15 8
s 13 64 60 28
s 13 65 13 6
s 13 66 7 6
s 13 67 75 42
s 13 68 21 10
s 13 69 108 53
s 13 70 41 15
s 13 71 101 47
s 13 72 28 16
s 13 73 17 9
s 13 74 12 5
s 13 75 67 34
s 13 76 1 0
s 13 77 31 16
s 13 78 35 15
s 13 79 55 30
s 13 80 65 38
s 13 81 10 3
s 13 82 4 4
s 13 83 100 68
s 13 84 68 36
s 13 85 229 108
s 13 86 225 110
s 13 87 97 50
s 13 88 46 25
s 13 89 6 1
s 13 90 37 22
s 13 91 31 15
s 13 92 8 4
s 13 93 45 23
s 13 94 19 8
s 13 95 16 7
s 13 96 164 89
s 13 97 23 7
s 13 98 83 44
s 13 99 26 13
s 13 100 196 85
s 13 101 74 37
s 13 102 13 8
s 13 103 13 7
s 13 104 28 13
s 13 105 111 59
s 13 106 2 2
s 13 107 46 17
s 13 108 138 60
s 13 109 74 35
s 13 110 86 37
s 13 111 32 14
s 13 112 106 50
s 13 113 6 3
s 13 114 16 7
s 13 119 168 74
s 13 120 27 12
s 13 121 68 39
s 13 123 271 137
s 13 126 3 2
s 13 128 111 55
s 13 129 50 27
s 13 131 122 60
s 13 135 163 87
s 13 136 20 7
s 13 137 33 17
s 13 138 24 13
s 13 145 64 41
s 13 155 80 51
s 14 15 104 55
s 14 16 29 18
s 14 17 103 55
s 14 18 126 67
s 14 19 120 56
s 14 20 190 101
s 14 21 327 176
s 14 22 136 61
s 14 23 58 30
s 14 25 335 166
s 14 26 373 158
s 14 27 122 58
s 14 28 138 72
s 14 29 104 46
s 14 30 143 67
s 14 31 261 145
s 14 32 32 18
s 14 33 60 33
s 14 34 62 29
s 14 35 122 59
s 14 36 230 105
s 14 37 58 22
s 14 38 47 23
s 14 39 125 74
s 14 40 35 19
s 14 41 72 35
s 14 42 48 27
s 14 43 72 35
s 14 44 34 16
s 14 45 26 12
s 14 46 93 40
s 14 47 114 67
s 14 48 204 105
s 14 49 101 51
s 14 50 35 21
s 14 51 93 49
s 14 52 29 16
s 14 53 114 65
s 14 54 258 130
s 14 55 132 73
s 14 56 57 27
s 14 57 20 9
s 14 58 41 24
s 14 59 51 22
s 14 60 176 81
s 14 61 17 11
s 14 62 47 30
s 14 63 48 24
s 14 64 100 46
s 14 65 22 14
s 14 66 9 6
s 14 67 112 50
s 14 68 55 18
s 14 69 118 60
s 14 70 137 61
s 14 71 156 75
s 14 72 52 26
s 14 73 40 18
s 14 74 269 136
s 14 75 125 61
s 14 76 129 80
s 14 77 23 10
s 14 78 47 25
s 14 79 73 35
s 14 80 70 34
s 14 81 14 4
s 14 82 18 10
s 14 83 94 55
s 14 84 111 54
s 14 85 233 122
s 14 86 400 215
s 14 87 197 105
s 14 88 70 37
s 14 89 13 5
s 14 90 101 53
s 14 91 103 63
s 14 92 29 18
s 14 93 115 63
s 14 94 41 23
s 14 95 42 17
s 14 96 124 66
s 14 97 91 39
s 14 98 104 42
s 14 99 38 17
s 14 100 195 103
s 14 101 138 64
s 14 102 37 12
s 14 103 11 6
s 14 104 63 31
s 14 105 148 70
s 14 106 240 133
s 14 107 143 72
s 14 108 189 85
s 14 109 99 53
s 14 110 136 77
s 14 111 97 50
s 14 112 147 79
s 14 113 49 27
s 14 114 61 30
s 14 119 187 98
s 14 120 130 72
s 14 121 202 113
s 14 123 300 158
s 14 126 114 48
s 14 128 295 137
s 14 129 87 47
s 14 131 144 72
s 14 135 252 131
s 14 136 46 23
s 14 137 59 24
s 14 138 108 60
s 14 145 85 50
s 14 155 73 48
s 15 16 15 6
s 15 17 39 24
s 15 18 65 36
s 15 19 76 37
s 15 20 41 20
s 15 21 95 46
s 15 22 45 25
s 15 23 25 13
s 15 25 112 55
s 15 26 161 68
s 15 27 60 30
s 15 28 50 27
s 15 29 43 26
s 15 30 83 48
s 15 31 128 60
s 15 32 12 3
s 15 33 18 12
s 15 34 21 10
s 15 35 28 13
s 15 36 76 43
s 15 37 18 8
s 15 38 18 9
s 15 39 40 16
s 15 40 7 3
s 15 41 30 14
s 15 42 15 6
s 15 43 19 7
s 15 44 12 5
s 15 45 8 2
s 15 46 14 8
s 15 47 31 17
s 15 48 56 25
s 15 49 57 29
s 15 50 21 7
s 15 51 76 40
s 15 52 14 8
s 15 53 29 15
s 15 54 105 54
s 15 55 44 23
s 15 56 14 6
s 15 57 7 3
s 15 58 18 10
s 15 59 22 10
s 15 60 72 40
s 15 61 1 1
s 15 62 57 39
s 15 63 11 5
s 15 64 45 22
s 15 65 7 3
s 15 66 4 2
s 15 67 40 21
s 15 68 12 4
s 15 69 47 23
s 15 70 34 17
s 15 71 129 67
s 15 72 11 4
s 15 73 9 5
s 15 74 83 42
s 15 75 41 19
s 15 76 40 17
s 15 77 8 5
s 15 78 18 7
s 15 79 31 16
s 15 80 31 17
s 15 81 10 3
s 15 82 2 0
s 15 83 64 37
s 15 84 68 32
s 15 85 105 52
s 15 86 179 84
s 15 87 111 61
s 15 88 52 27
s 15 89 3 1
s 15 90 42 20
s 15 91 53 30
s 15 92 7 2
s 15 93 45 25
s 15 94 13 4
s 15 95 12 8
s 15 96 76 31
s 15 97 25 12
s 15 98 43 19
s 15 99 11 1
s 15 100 142 71
s 15 101 83 35
s 15 102 16 5
s 15 103 7 3
s 15 104 20 6
s 15 105 83 39
s 15 106 106 57
s 15 107 71 31
s 15 108 105 46
s 15 109 18 7
s 15 110 66 33
s 15 111 38 19
s 15 112 70 40
s 15 113 9 5
s 15 114 19 8
s 15 119 124 67
s 15 120 48 23
s 15 121 65 27
s 15 123 165 76
s 15 126 39 21
s 15 128 130 69
s 15 129 47 21
s 15 131 78 39
s 15 135 82 37
s 15 136 36 23
s 15 137 36 23
s 15 138 11 7
s 15 145 27 15
s 15 155 30 15
s 16 17 14 5
s 16 18 35 13
s 16 19 23 10
s 16 20 38 15
s 16 21 51 26
s 16 22 20 10
s 16 23 5 3
s 16 25 33 18
s 16 26 75 29
s 16 27 29 15
s 16 28 36 18
s 16 29 16 10
s 16 30 42 22
s 16 31 38 15
s 16 32 4 1
s 16 33 19 13
s 16 34 6 4
s 16 35 7 5
s 16 36 38 17
s 16 37 22 11
s 16 38 13 8
s 16 39 11 6
s 16 40 2 0
s 16 41 15 7
s 16 42 12 4
s 16 43 17 5
s 16 44 11 5
s 16 45 5 4
s 16 46 19 7
s 16 47 15 7
s 16 48 57 34
s 16 49 19 9
s 16 50 17 6
s 16 51 48 18
s 16 52 8 5
s 16 53 19 7
s 16 54 100 46
s 16 55 36 13
s 16 56 19 6
s 16 57 8 5
s 16 58 7 3
s 16 59 5 1
s 16 60 30 21
s 16 61 3 3
s 16 62 25 12
s 16 63 10 7
s 16 64 30 17
s 16 65 4 1
s 16 66 4 4
s 16 67 31 13
s 16 68 20 9
s 16 69 45 15
s 16 70 28 14
s 16 71 59 27
s 16 72 19 10
s 16 73 7 5
s 16 74 31 14
s 16 75 36 12
s 16 76 13 7
s 16 77 8 3
s 16 78 12 8
s 16 79 32 12
s 16 80 20 10
s 16 81 9 6
s 16 82 4 0
s 16 83 42 24
s 16 84 24 9
s 16 85 88 39
s 16 86 109 63
s 16 87 41 14
s 16 88 23 11
s 16 89 4 4
s 16 90 30 15
s 16 91 20 9
s 16 92 4 1
s 16 93 26 17
s 16 94 6 4
s 16 95 7 4
s 16 96 32 18
s 16 97 19 6
s 16 98 25 12
s 16 99 11 8
s 16 100 50 25
s 16 101 34 18
s 16 102 6 3
s 16 103 5 2
s 16 104 3 1
s 16 105 42 15
s 16 106 26 10
s 16 107 19 6
s 16 108 29 12
s 16 109 35 10
s 16 110 20 9
s 16 111 19 7
s 16 112 43 24
s 16 113 2 0
s 16 114 15 5
s 16 119 74 34
s 16 120 16 11
s 16 121 43 16
s 16 123 100 42
s 16 126 11 2
s 16 128 73 33
s 16 129 19 6
s 16 131 54 24
s 16 135 36 11
s 16 136 8 5
s 16 137 9 5
s 16 138 16 5
s 16 145 21 11
s 16 155 30 14
s 17 18 94 62
s 17 19 112 48
s 17 20 98 52
s 17 21 182 105
s 17 22 58 30
s 17 23 16 4
s 17 25 42 25
s 17 26 220 99
s 17 27 92 48
s 17 28 123 62
s 17 29 100 53
s 17 30 102 56
s 17 31 168 88
s 17 32 5 2
s 17 33 51 30
s 17 34 6 5
s 17 35 17 8
s 17 36 125 60
s 17 37 42 21
s 17 38 58 41
s 17 39 6 4
s 17 40 11 3
s 17 41 54 28
s 17 42 37 22
s 17 43 17 6
s 17 44 22 11
s 17 45 9 4
s 17 46 38 16
s 17 47 24 9
s 17 48 155 80
s 17 49 41 22
s 17 50 23 13
s 17 51 130 72
s 17 52 4 1
s 17 53 76 35
s 17 54 225 108
s 17 55 105 48
s 17 56 47 28
s 17 57 8 6
s 17 58 25 15
s 17 59 10 4
s 17 60 172 72
s 17 61 7 2
s 17 62 77 49
s 17 63 21 10
s 17 64 78 37
s 17 65 11 1
s 17 66 9 4
s 17 67 100 52
s 17 68 22 11
s 17 69 128 72
s 17 70 70 35
s 17 71 148 65
s 17 72 27 11
s 17 73 14 9
s 17 74 18 6
s 17 75 84 36
s 17 76 7 3
s 17 77 43 25
s 17 78 31 19
s 17 79 58 24
s 17 80 67 34
s 17 81 9 2
s 17 82 3 2
s 17 83 98 59
s 17 84 84 39
s 17 85 269 131
s 17 86 275 155
s 17 87 142 75
s 17 88 65 37
s 17 89 17 8
s 17 90 145 85
s 17 91 51 24
s 17 92 9 4
s 17 93 62 32
s 17 94 25 10
s 17 95 12 6
s 17 96 152 86
s 17 97 40 22
s 17 98 91 43
s 17 99 31 13
s 17 100 172 91
s 17 101 135 60
s 17 102 16 8
s 17 103 11 4
s 17 104 38 16
s 17 105 117 58
s 17 106 8 6
s 17 107 55 30
s 17 108 188 94
s 17 109 88 51
s 17 110 73 39
s 17 111 46 17
s 17 112 135 77
s 17 113 4 2
s 17 114 16 10
s 17 119 209 118
s 17 120 29 13
s 17 121 125 61
s 17 123 340 180
s 17 126 10 5
s 17 128 188 80
s 17 129 73 32
s 17 131 125 57
s 17 135 253 150
s 17 136 19 12
s 17 137 29 15
s 17 138 29 13
s 17 145 69 32
s 17 155 101 55
s 18 19 30 16
s 18 20 76 34
s 18 21 191 105
s 18 22 91 46
s 18 23 32 14
s 18 25 231 103
s 18 26 230 99
s 18 27 75 31
s 18 28 122 54
s 18 29 116 62
s 18 30 137 72
s 18 31 184 82
s 18 32 10 4
s 18 33 70 48
s 18 34 39 15
s 18 35 38 14
s 18 36 110 53
s 18 37 41 16
s 18 38 61 31
s 18 39 84 51
s 18 40 16 8
s 18 42 11 5
s 18 43 57 23
s 18 44 1 1
s 18 45 17 8
s 18 46 4 3
s 18 47 77 51
s 18 48 2 2
s 18 49 136 70
s 18 50 48 20
s 18 51 97 54
s 18 52 25 15
s 18 53 39 26
s 18 54 6 4
s 18 55 174 91
s 18 56 4 2
s 18 57 7 2
s 18 58 52 28
s 18 59 24 14
s 18 60 182 78
s 18 61 4 3
s 18 62 136 95
s 18 63 11 5
s 18 64 85 35
s 18 65 30 14
s 18 66 5 1
s 18 67 1 0
s 18 68 25 12
s 18 69 150 83
s 18 70 3 2
s 18 71 154 73
s 18 72 8 4
s 18 73 3 1
s 18 74 208 111
s 18 75 99 43
s 18 76 136 78
s 18 77 50 26
s 18 78 65 41
s 18 79 67 37
s 18 81 6 4
s 18 82 7 4
s 18 83 41 25
s 18 84 97 57
s 18 85 219 106
s 18 86 354 165
s 18 87 153 77
s 18 88 78 45
s 18 90 122 74
s 18 91 37 19
s 18 92 14 8
s 18 93 46 24
s 18 95 1 0
s 18 96 146 73
s 18 97 85 32
s 18 98 88 49
s 18 99 23 8
s 18 100 136 72
s 18 101 131 65
s 18 102 16 7
s 18 103 10 7
s 18 104 39 26
s 18 105 181 109
s 18 106 256 136
s 18 107 181 104
s 18 108 201 91
s 18 109 1 1
s 18 110 110 62
s 18 111 79 37
s 18 112 211 122
s 18 113 14 6
s 18 114 20 8
s 18 119 278 156
s 18 120 127 62
s 18 121 119 52
s 18 123 353 177
s 18 126 83 50
s 18 128 209 110
s 18 129 74 35
s 18 131 172 98
s 18 135 245 129
s 18 136 25 14
s 18 137 34 18
s 18 138 1 0
s 18 145 20 10
s 18 155 67 38
s 19 20 78 31
s 19 21 205 101
s 19 22 103 48
s 19 23 37 18
s 19 25 287 146
s 19 26 257 106
s 19 27 91 44
s 19 28 146 74
s 19 29 99 51
s 19 30 138 64
s 19 31 205 95
s 19 32 7 1
s 19 33 72 47
s 19 34 48 25
s 19 35 51 26
s 19 36 149 65
s 19 37 42 17
s 19 38 63 26
s 19 39 83 35
s 19 40 19 13
s 19 41 16 5
s 19 42 17 8
s 19 43 54 24
s 19 44 6 4
s 19 45 23 13
s 19 46 39 10
s 19 47 76 35
s 19 48 54 21
s 19 49 82 38
s 19 50 44 24
s 19 51 139 57
s 19 52 22 14
s 19 53 63 31
s 19 54 88 45
s 19 55 165 81
s 19 56 19 7
s 19 57 16 7
s 19 58 50 24
s 19 59 34 17
s 19 60 180 82
s 19 61 8 6
s 19 62 91 52
s 19 63 28 15
s 19 64 109 45
s 19 65 32 15
s 19 66 4 2
s 19 67 31 16
s 19 68 42 23
s 19 69 169 80
s 19 70 37 12
s 19 71 146 73
s 19 72 22 13
s 19 73 10 2
s 19 74 189 92
s 19 75 106 56
s 19 76 90 41
s 19 77 66 39
s 19 78 56 30
s 19 79 84 38
s 19 80 23 11
s 19 81 4 0
s 19 82 11 7
s 19 83 96 52
s 19 84 119 75
s 19 85 312 165
s 19 86 380 170
s 19 87 154 65
s 19 88 56 24
s 19 89 2 0
s 19 90 176 96
s 19 91 82 40
s 19 92 12 6
s 19 93 63 31
s 19 94 16 6
s 19 95 7 4
s 19 96 182 84
s 19 97 69 33
s 19 98 141 59
s 19 99 41 19
s 19 100 170 80
s 19 101 86 41
s 19 102 13 7
s 19 103 13 6
s 19 104 43 25
s 19 105 204 98
s 19 106 239 122
s 19 107 131 62
s 19 108 239 95
s 19 109 43 16
s 19 110 139 73
s 19 111 79 38
s 19 112 205 106
s 19 113 27 14
s 19 114 27 14
s 19 119 293 161
s 19 120 137 70
s 19 121 115 51
s 19 123 431 194
s 19 126 68 29
s 19 128 325 143
s 19 129 80 38
s 19 131 232 93
s 19 135 271 133
s 19 136 33 14
s 19 137 58 24
s 19 138 34 14
s 19 145 47 26
s 19 155 105 59
s 20 21 142 73
s 20 22 101 37
s 20 23 61 27
s 20 25 254 110
s 20 26 242 97
s 20 27 82 38
s 20 28 204 88
s 20 29 137 54
s 20 30 106 43
s 20 31 166 77
s 20 32 18 11
s 20 33 39 25
s 20 34 55 17
s 20 35 104 48
s 20 36 144 74
s 20 37 30 13
s 20 38 55 25
s 20 39 100 45
s 20 40 22 6
s 20 41 48 19
s 20 42 51 23
s 20 43 58 26
s 20 44 32 19
s 20 45 11 3
s 20 46 58 24
s 20 47 87 49
s 20 48 112 54
s 20 49 106 50
s 20 50 35 14
s 20 51 138 68
s 20 52 23 11
s 20 53 76 29
s 20 54 203 90
s 20 55 105 51
s 20 56 41 14
s 20 57 26 12
s 20 58 20 10
s 20 59 36 14
s 20 60 225 101
s 20 61 7 1
s 20 62 74 44
s 20 63 22 11
s 20 64 114 53
s 20 65 18 10
s 20 66 5 3
s 20 67 69 30
s 20 68 28 8
s 20 69 121 56
s 20 70 84 37
s 20 71 190 90
s 20 72 28 10
s 20 73 27 10
s 20 74 234 101
s 20 75 103 48
s 20 76 100 48
s 20 77 33 15
s 20 78 47 17
s 20 79 45 24
s 20 80 40 15
s 20 81 16 6
s 20 82 14 3
s 20 83 93 50
s 20 84 98 41
s 20 85 310 143
s 20 86 344 160
s 20 87 117 58
s 20 88 56 30
s 20 89 11 3
s 20 90 110 52
s 20 91 52 26
s 20 92 28 15
s 20 93 65 27
s 20 94 20 12
s 20 95 15 6
s 20 96 183 74
s 20 97 98 44
s 20 98 118 52
s 20 99 45 21
s 20 100 231 96
s 20 101 112 54
s 20 102 30 15
s 20 103 5 2
s 20 104 54 32
s 20 105 107 48
s 20 106 204 105
s 20 107 156 65
s 20 108 209 87
s 20 109 65 29
s 20 110 101 54
s 20 111 46 23
s 20 112 92 49
s 20 113 33 14
s 20 114 34 17
s 20 119 132 62
s 20 120 139 65
s 20 121 131 63
s 20 123 235 119
s 20 126 102 47
s 20 128 251 108
s 20 129 97 53
s 20 131 119 63
s 20 135 270 131
s 20 136 49 16
s 20 137 58 33
s 20 138 38 15
s 20 145 59 31
s 20 155 60 29
s 21 22 145 82
s 21 23 87 43
s 21 25 367 204
s 21 26 391 168
s 21 27 166 80
s 21 28 299 150
s 21 29 251 120
s 21 30 213 122
s 21 31 324 172
s 21 32 28 15
s 21 33 85 46
s 21 34 59 31
s 21 35 64 32
s 21 36 304 150
s 21 37 75 33
s 21 38 96 48
s 21 39 147 71
s 21 40 33 19
s 21 41 69 33
s 21 42 48 30
s 21 43 76 35
s 21 44 28 14
s 21 45 25 15
s 21 46 62 29
s 21 47 118 56
s 21 48 206 120
s 21 49 261 154
s 21 50 61 28
s 21 51 263 155
s 21 52 50 26
s 21 53 139 77
s 21 54 378 199
s 21 55 216 120
s 21 56 47 22
s 21 57 30 19
s 21 58 65 34
s 21 59 61 25
s 21 60 340 179
s 21 61 15 7
s 21 62 153 104
s 21 63 34 12
s 21 64 165 86
s 21 65 46 21
s 21 66 6 4
s 21 67 120 62
s 21 68 41 15
s 21 69 283 141
s 21 70 118 61
s 21 71 309 182
s 21 72 43 24
s 21 73 31 21
s 21 74 298 155
s 21 75 156 85
s 21 76 195 112
s 21 77 71 38
s 21 78 104 59
s 21 79 107 46
s 21 80 108 62
s 21 81 24 8
s 21 82 19 12
s 21 83 212 121
s 21 84 215 109
s 21 85 562 293
s 21 86 487 257
s 21 87 267 131
s 21 88 130 80
s 21 89 12 5
s 21 90 178 114
s 21 91 89 52
s 21 92 29 17
s 21 93 147 87
s 21 94 29 12
s 21 95 25 11
s 21 96 349 196
s 21 97 112 49
s 21 98 251 136
s 21 99 64 40
s 21 100 550 284
s 21 101 184 88
s 21 102 27 17
s 21 103 28 15
s 21 104 72 40
s 21 105 242 124
s 21 106 419 234
s 21 107 332 186
s 21 108 372 166
s 21 109 116 63
s 21 110 200 111
s 21 111 113 65
s 21 112 288 170
s 21 113 25 12
s 21 114 60 25
s 21 119 325 186
s 21 120 243 136
s 21 121 174 79
s 21 123 462 240
s 21 126 174 88
s 21 128 416 200
s 21 129 130 61
s 21 131 255 141
s 21 135 457 244
s 21 136 75 50
s 21 137 110 54
s 21 138 41 22
s 21 145 110 62
s 21 155 162 90
s 22 23 24 8
s 22 25 122 68
s 22 26 177 78
s 22 27 85 35
s 22 28 128 57
s 22 29 117 65
s 22 30 86 41
s 22 31 140 71
s 22 32 18 13
s 22 33 25 17
s 22 34 18 9
s 22 35 38 19
s 22 36 128 68
s 22 37 31 12
s 22 38 29 14
s 22 39 56 27
s 22 40 14 8
s 22 41 74 43
s 22 42 39 19
s 22 43 36 15
s 22 44 30 13
s 22 45 3 2
s 22 46 47 17
s 22 47 43 20
s 22 48 126 58
s 22 49 40 25
s 22 50 17 8
s 22 51 102 49
s 22 52 18 9
s 22 53 58 31
s 22 54 177 76
s 22 55 42 17
s 22 56 35 18
s 22 57 13 4
s 22 58 19 10
s 22 59 28 14
s 22 60 172 74
s 22 61 10 4
s 22 62 28 17
s 22 63 21 9
s 22 64 71 28
s 22 65 11 2
s 22 66 4 1
s 22 67 134 76
s 22 68 14 6
s 22 69 119 63
s 22 70 76 30
s 22 71 118 55
s 22 72 19 4
s 22 73 26 8
s 22 74 82 35
s 22 75 63 29
s 22 76 34 12
s 22 77 29 16
s 22 78 54 30
s 22 79 35 18
s 22 80 44 23
s 22 81 16 9
s 22 82 6 0
s 22 83 100 60
s 22 84 105 45
s 22 85 184 95
s 22 86 152 79
s 22 87 89 40
s 22 88 45 24
s 22 89 10 2
s 22 90 60 32
s 22 91 30 12
s 22 92 7 2
s 22 93 83 47
s 22 94 38 12
s 22 95 11 5
s 22 96 155 79
s 22 97 63 27
s 22 98 84 47
s 22 99 41 20
s 22 100 173 90
s 22 101 58 24
s 22 102 14 7
s 22 103 7 1
s 22 104 47 28
s 22 105 68 34
s 22 106 109 53
s 22 107 77 36
s 22 108 152 62
s 22 109 63 27
s 22 110 57 27
s 22 111 28 12
s 22 112 61 29
s 22 113 15 6
s 22 114 33 18
s 22 119 77 38
s 22 120 57 31
s 22 121 68 33
s 22 123 124 52
s 22 126 65 31
s 22 128 148 63
s 22 129 57 25
s 22 131 97 48
s 22 135 182 98
s 22 136 24 13
s 22 137 55 24
s 22 138 35 13
s 22 145 41 28
s 22 155 50 35
s 23 25 67 33
s 23 26 106 55
s 23 27 49 27
s 23 28 31 11
s 23 29 18 8
s 23 30 46 26
s 23 31 75 35
s 23 32 4 3
s 23 33 14 5
s 23 34 3 1
s 23 35 18 8
s 23 36 48 20
s 23 37 13 4
s 23 38 15 5
s 23 39 15 6
s 23 40 3 1
s 23 41 17 7
s 23 42 14 7
s 23 43 15 10
s 23 44 10 5
s 23 45 8 3
s 23 46 30 13
s 23 47 17 8
s 23 48 90 35
s 23 49 29 19
s 23 50 12 6
s 23 51 45 19
s 23 52 4 3
s 23 53 28 15
s 23 54 85 40
s 23 55 32 17
s 23 56 18 10
s 23 57 5 4
s 23 58 17 12
s 23 59 3 1
s 23 60 29 16
s 23 61 2 1
s 23 62 28 21
s 23 63 17 10
s 23 64 41 12
s 23 65 8 5
s 23 66 4 1
s 23 67 31 12
s 23 68 19 6
s 23 69 36 23
s 23 70 32 10
s 23 71 70 30
s 23 72 14 8
s 23 73 9 3
s 23 74 49 23
s 23 75 27 6
s 23 76 23 17
s 23 77 6 4
s 23 78 15 6
s 23 79 46 20
s 23 80 23 12
s 23 81 2 0
s 23 82 3 2
s 23 83 63 36
s 23 84 57 27
s 23 85 87 37
s 23 86 114 49
s 23 87 63 28
s 23 88 14 6
s 23 89 4 2
s 23 90 32 21
s 23 91 18 8
s 23 92 4 3
s 23 93 22 13
s 23 94 14 6
s 23 95 3 2
s 23 96 26 13
s 23 97 29 9
s 23 98 19 5
s 23 99 9 4
s 23 100 71 34
s 23 101 35 15
s 23 102 8 2
s 23 103 5 3
s 23 104 9 5
s 23 105 44 21
s 23 106 37 16
s 23 107 34 21
s 23 108 41 21
s 23 109 44 21
s 23 110 30 20
s 23 111 29 11
s 23 112 66 30
s 23 113 8 4
s 23 114 10 5
s 23 119 72 41
s 23 120 23 11
s 23 121 50 24
s 23 123 110 58
s 23 126 17 11
s 23 128 96 34
s 23 129 21 8
s 23 131 63 31
s 23 135 57 28
s 23 136 17 10
s 23 137 9 4
s 23 138 17 7
s 23 145 24 13
s 23 155 27 15
s 25 26 530 235
s 25 27 192 92
s 25 28 270 125
s 25 29 292 160
s 25 30 227 129
s 25 31 418 185
s 25 32 20 5
s 25 33 116 69
s 25 34 14 6
s 25 35 30 15
s 25 36 259 138
s 25 37 97 47
s 25 38 131 70
s 25 39 47 23
s 25 40 28 14
s 25 41 145 79
s 25 42 70 38
s 25 43 49 19
s 25 44 66 38
s 25 45 29 15
s 25 46 110 51
s 25 47 67 39
s 25 48 302 141
s 25 49 108 64
s 25 50 63 30
s 25 51 325 170
s 25 52 14 6
s 25 53 131 73
s 25 54 497 257
s 25 55 277 128
s 25 56 70 35
s 25 57 28 14
s 25 58 76 41
s 25 59 30 12
s 25 60 395 203
s 25 61 17 5
s 25 62 186 114
s 25 63 44 23
s 25 64 191 85
s 25 65 57 32
s 25 66 22 13
s 25 67 238 123
s 25 68 59 31
s 25 69 307 150
s 25 70 175 75
s 25 71 402 200
s 25 72 48 15
s 25 73 45 19
s 25 74 67 28
s 25 75 199 93
s 25 76 28 15
s 25 77 60 39
s 25 78 108 58
s 25 79 152 67
s 25 80 125 52
s 25 81 29 15
s 25 82 21 10
s 25 83 294 173
s 25 84 241 115
s 25 85 669 318
s 25 86 693 360
s 25 87 321 157
s 25 88 156 82
s 25 89 29 20
s 25 90 119 70
s 25 91 84 48
s 25 92 27 10
s 25 93 140 84
s 25 94 62 34
s 25 95 45 24
s 25 96 531 260
s 25 97 123 60
s 25 98 250 124
s 25 99 75 24
s 25 100 627 324
s 25 101 238 106
s 25 102 45 13
s 25 103 10 7
s 25 104 103 58
s 25 105 290 138
s 25 106 106 54
s 25 107 150 70
s 25 108 503 227
s 25 109 161 74
s 25 110 186 108
s 25 111 127 55
s 25 112 339 174
s 25 113 11 6
s 25 114 60 26
s 25 119 471 238
s 25 120 111 50
s 25 121 342 173
s 25 123 672 310
s 25 126 55 32
s 25 128 347 171
s 25 129 183 85
s 25 131 384 184
s 25 135 470 234
s 25 136 75 32
s 25 137 101 55
s 25 138 75 32
s 25 145 154 87
s 25 155 143 78
s 26 27 70 28
s 26 28 388 168
s 26 29 330 142
s 26 30 147 70
s 26 31 257 111
s 26 32 39 21
s 26 33 79 50
s 26 34 89 38
s 26 35 139 57
s 26 36 371 162
s 26 37 69 32
s 26 38 121 64
s 26 39 226 98
s 26 40 32 14
s 26 41 147 52
s 26 42 100 42
s 26 43 108 41
s 26 44 88 38
s 26 45 21 12
s 26 46 141 63
s 26 47 173 76
s 26 48 362 189
s 26 49 178 77
s 26 50 57 28
s 26 51 136 61
s 26 52 62 29
s 26 53 180 83
s 26 54 637 273
s 26 55 174 91
s 26 56 110 50
s 26 57 40 19
s 26 58 46 23
s 26 59 66 27
s 26 60 443 181
s 26 61 30 14
s 26 62 100 46
s 26 63 76 37
s 26 64 133 52
s 26 65 47 19
s 26 66 13 6
s 26 67 243 107
s 26 68 56 27
s 26 69 301 137
s 26 70 248 97
s 26 71 238 101
s 26 72 69 23
s 26 73 50 24
s 26 74 504 229
s 26 75 163 67
s 26 76 231 110
s 26 77 65 31
s 26 78 112 68
s 26 79 101 52
s 26 80 164 87
s 26 81 53 25
s 26 82 38 16
s 26 83 159 81
s 26 84 212 108
s 26 85 620 309
s 26 86 468 208
s 26 87 199 92
s 26 88 107 51
s 26 89 33 14
s 26 90 177 90
s 26 91 121 57
s 26 92 38 14
s 26 93 222 99
s 26 94 86 41
s 26 95 67 32
s 26 96 375 172
s 26 97 178 64
s 26 98 313 132
s 26 99 108 51
s 26 100 352 134
s 26 101 188 80
s 26 102 59 19
s 26 103 22 12
s 26 104 153 61
s 26 105 140 61
s 26 106 442 220
s 26 107 247 114
s 26 108 476 191
s 26 109 237 120
s 26 110 250 111
s 26 111 100 39
s 26 112 223 103
s 26 113 57 24
s 26 114 93 44
s 26 119 155 76
s 26 120 234 104
s 26 121 197 80
s 26 123 266 114
s 26 126 229 104
s 26 128 475 188
s 26 129 270 112
s 26 131 214 95
s 26 135 620 287
s 26 136 86 48
s 26 137 106 51
s 26 138 105 46
s 26 145 203 99
s 26 155 151 75
s 27 28 123 59
s 27 29 111 47
s 27 30 46 21
s 27 31 85 34
s 27 32 15 8
s 27 33 33 20
s 27 34 43 22
s 27 35 47 23
s 27 36 155 83
s 27 37 28 14
s 27 38 58 36
s 27 39 93 38
s 27 40 15 4
s 27 41 59 31
s 27 42 44 18
s 27 43 49 22
s 27 44 39 25
s 27 45 16 10
s 27 46 53 26
s 27 47 67 28
s 27 48 126 59
s 27 49 72 39
s 27 50 21 13
s 27 51 42 21
s 27 52 27 10
s 27 53 71 36
s 27 54 223 100
s 27 55 74 44
s 27 56 48 21
s 27 57 12 8
s 27 58 12 3
s 27 59 24 14
s 27 60 155 58
s 27 61 9 3
s 27 62 35 22
s 27 63 28 14
s 27 64 38 19
s 27 65 12 8
s 27 66 3 2
s 27 67 97 43
s 27 68 32 16
s 27 69 107 56
s 27 70 130 45
s 27 71 115 59
s 27 72 21 9
s 27 73 19 7
s 27 74 196 102
s 27 75 52 14
s 27 76 92 37
s 27 77 24 15
s 27 78 53 30
s 27 79 29 13
s 27 80 42 27
s 27 81 15 6
s 27 82 13 6
s 27 83 33 22
s 27 84 56 31
s 27 85 174 86
s 27 86 198 100
s 27 87 57 31
s 27 88 40 21
s 27 89 8 6
s 27 90 66 36
s 27 91 43 21
s 27 92 19 9
s 27 93 94 51
s 27 94 31 13
s 27 95 28 10
s 27 96 129 62
s 27 97 66 27
s 27 98 106 47
s 27 99 48 25
s 27 100 97 43
s 27 101 85 38
s 27 102 19 7
s 27 103 5 3
s 27 104 53 17
s 27 105 65 35
s 27 106 153 84
s 27 107 105 51
s 27 108 185 92
s 27 109 69 35
s 27 110 84 40
s 27 111 25 11
s 27 112 46 25
s 27 113 19 10
s 27 114 49 23
s 27 119 79 36
s 27 120 83 50
s 27 121 44 21
s 27 123 114 51
s 27 126 85 47
s 27 128 187 91
s 27 129 99 43
s 27 131 44 20
s 27 135 207 108
s 27 136 24 12
s 27 137 48 23
s 27 138 42 24
s 27 145 54 25
s 27 155 39 22
s 28 29 36 23
s 28 30 177 97
s 28 31 267 139
s 28 32 20 12
s 28 33 28 14
s 28 34 34 19
s 28 35 73 33
s 28 36 152 73
s 28 37 39 22
s 28 38 28 13
s 28 39 110 52
s 28 40 26 12
s 28 41 67 37
s 28 42 38 17
s 28 43 66 34
s 28 44 54 29
s 28 45 22 13
s 28 46 112 52
s 28 47 64 29
s 28 48 206 107
s 28 49 89 43
s 28 50 45 25
s 28 51 156 75
s 28 52 32 14
s 28 53 131 65
s 28 54 399 198
s 28 55 60 33
s 28 56 102 48
s 28 57 13 7
s 28 58 37 20
s 28 59 37 12
s 28 60 60 26
s 28 61 11 4
s 28 62 92 42
s 28 63 62 25
s 28 64 143 65
s 28 65 19 11
s 28 66 10 5
s 28 67 119 64
s 28 68 34 15
s 28 69 76 49
s 28 70 106 47
s 28 71 163 87
s 28 72 47 16
s 28 73 31 18
s 28 74 209 109
s 28 75 96 44
s 28 76 101 52
s 28 77 18 6
s 28 78 27 19
s 28 79 111 51
s 28 80 91 47
s 28 81 6 2
s 28 82 17 10
s 28 83 187 111
s 28 84 191 101
s 28 85 393 196
s 28 86 484 252
s 28 87 253 125
s 28 88 51 31
s 28 89 9 5
s 28 90 133 77
s 28 91 89 51
s 28 92 19 7
s 28 93 101 52
s 28 94 44 15
s 28 95 15 7
s 28 96 78 40
s 28 97 44 21
s 28 98 51 24
s 28 99 15 4
s 28 100 376 184
s 28 101 146 74
s 28 102 20 9
s 28 103 14 8
s 28 104 14 4
s 28 105 197 103
s 28 106 224 123
s 28 107 143 82
s 28 108 96 43
s 28 109 123 56
s 28 110 143 65
s 28 111 71 34
s 28 112 236 117
s 28 113 25 12
s 28 114 48 26
s 28 119 309 148
s 28 120 162 86
s 28 121 204 99
s 28 123 515 253
s 28 126 89 44
s 28 128 337 153
s 28 129 42 18
s 28 131 229 115
s 28 135 111 42
s 28 136 48 23
s 28 137 32 20
s 28 138 50 25
s 28 145 136 67
s 28 155 62 32
s 29 30 130 71
s 29 31 229 113
s 29 32 17 6
s 29 33 10 9
s 29 34 39 23
s 29 35 62 24
s 29 36 135 68
s 29 37 58 24
s 29 38 14 4
s 29 39 94 44
s 29 40 12 5
s 29 41 51 27
s 29 42 31 13
s 29 43 40 15
s 29 44 30 12
s 29 45 12 8
s 29 46 59 28
s 29 47 72 35
s 29 48 185 81
s 29 49 74 38
s 29 50 50 18
s 29 51 138 78
s 29 52 27 18
s 29 53 75 35
s 29 54 272 143
s 29 55 3 0
s 29 56 44 21
s 29 57 15 8
s 29 58 40 27
s 29 59 23 11
s 29 60 4 2
s 29 61 11 6
s 29 62 80 40
s 29 63 43 18
s 29 64 86 40
s 29 65 12 5
s 29 66 4 2
s 29 67 117 56
s 29 68 23 6
s 29 69 11 3
s 29 70 83 40
s 29 71 133 55
s 29 72 20 12
s 29 73 29 12
s 29 74 330 158
s 29 75 100 48
s 29 76 100 48
s 29 77 5 1
s 29 78 7 4
s 29 79 67 23
s 29 80 65 29
s 29 81 11 5
s 29 82 13 6
s 29 83 123 73
s 29 84 120 67
s 29 85 247 111
s 29 86 390 211
s 29 87 143 74
s 29 88 51 28
s 29 89 19 9
s 29 90 127 74
s 29 91 62 32
s 29 92 10 5
s 29 93 86 43
s 29 94 32 17
s 29 95 26 15
s 29 96 6 3
s 29 97 19 13
s 29 98 14 6
s 29 99 6 2
s 29 100 213 99
s 29 101 104 51
s 29 102 24 15
s 29 103 14 5
s 29 104 4 2
s 29 105 128 65
s 29 106 209 110
s 29 107 105 45
s 29 108 2 2
s 29 109 104 54
s 29 110 116 66
s 29 111 63 23
s 29 112 110 62
s 29 113 24 10
s 29 114 45 22
s 29 119 225 115
s 29 120 97 53
s 29 121 103 46
s 29 123 405 205
s 29 126 72 38
s 29 128 306 152
s 29 129 5 2
s 29 131 182 76
s 29 135 18 10
s 29 136 34 16
s 29 137 26 17
s 29 138 60 29
s 29 145 83 39
s 29 155 38 22
s 30 31 39 18
s 30 32 21 11
s 30 33 51 31
s 30 34 40 19
s 30 35 63 28
s 30 36 179 86
s 30 37 11 3
s 30 38 46 29
s 30 39 102 45
s 30 40 12 3
s 30 41 67 29
s 30 42 61 31
s 30 43 50 19
s 30 44 38 15
s 30 45 12 5
s 30 46 36 16
s 30 47 85 35
s 30 48 151 78
s 30 49 107 64
s 30 50 10 7
s 30 51 71 34
s 30 52 27 14
s 30 53 74 33
s 30 54 281 155
s 30 55 113 58
s 30 56 42 22
s 30 57 11 5
s 30 58 21 11
s 30 59 38 17
s 30 60 165 83
s 30 61 11 6
s 30 62 76 43
s 30 63 22 14
s 30 64 31 12
s 30 65 22 12
s 30 67 173 80
s 30 68 14 6
s 30 69 161 76
s 30 70 95 36
s 30 71 147 80
s 30 72 24 11
s 30 73 37 23
s 30 74 218 95
s 30 75 34 8
s 30 76 106 64
s 30 77 31 19
s 30 78 80 45
s 30 79 42 26
s 30 80 69 35
s 30 81 20 10
s 30 82 13 5
s 30 83 20 10
s 30 84 29 14
s 30 85 121 66
s 30 86 298 142
s 30 87 38 16
s 30 88 75 43
s 30 89 15 9
s 30 90 97 58
s 30 91 51 27
s 30 92 11 4
s 30 93 112 55
s 30 94 30 13
s 30 95 22 13
s 30 96 182 90
s 30 97 72 28
s 30 98 99 43
s 30 99 47 20
s 30 100 104 55
s 30 101 106 50
s 30 102 19 8
s 30 103 3 1
s 30 104 50 28
s 30 105 76 41
s 30 106 255 135
s 30 107 168 88
s 30 108 177 71
s 30 109 94 46
s 30 110 83 42
s 30 111 24 11
s 30 112 45 24
s 30 113 27 10
s 30 114 45 26
s 30 119 185 82
s 30 120 122 56
s 30 121 62 31
s 30 123 227 116
s 30 126 92 48
s 30 128 185 89
s 30 129 88 40
s 30 131 79 39
s 30 135 203 103
s 30 136 33 20
s 30 137 85 44
s 30 138 45 26
s 30 145 126 60
s 30 155 76 40
s 31 32 41 20
s 31 33 65 33
s 31 34 78 39
s 31 35 116 48
s 31 36 252 128
s 31 37 14 6
s 31 38 80 40
s 31 39 175 77
s 31 40 14 8
s 31 41 146 57
s 31 42 98 48
s 31 43 114 68
s 31 44 70 34
s 31 45 15 6
s 31 46 84 40
s 31 47 123 66
s 31 48 274 134
s 31 49 164 90
s 31 50 10 4
s 31 51 99 47
s 31 52 52 28
s 31 53 111 41
s 31 54 536 257
s 31 55 215 123
s 31 56 54 31
s 31 57 13 5
s 31 58 30 18
s 31 59 46 23
s 31 60 335 165
s 31 61 14 10
s 31 62 132 84
s 31 63 48 24
s 31 64 54 29
s 31 65 43 24
s 31 66 7 2
s 31 67 244 123
s 31 68 17 2
s 31 69 265 127
s 31 70 199 88
s 31 71 268 141
s 31 72 36 19
s 31 73 43 22
s 31 74 304 152
s 31 75 64 30
s 31 76 187 89
s 31 77 50 23
s 31 78 85 48
s 31 79 48 22
s 31 80 124 58
s 31 81 38 19
s 31 82 28 12
s 31 83 41 22
s 31 84 51 22
s 31 85 225 110
s 31 86 435 206
s 31 87 51 21
s 31 88 110 57
s 31 89 13 7
s 31 90 160 91
s 31 91 58 32
s 31 92 30 19
s 31 93 191 110
s 31 94 43 19
s 31 95 45 19
s 31 96 285 143
s 31 97 125 62
s 31 98 182 74
s 31 99 64 24
s 31 100 191 95
s 31 101 159 76
s 31 102 26 17
s 31 103 8 6
s 31 104 95 49
s 31 105 128 59
s 31 106 354 190
s 31 107 229 107
s 31 108 340 143
s 31 109 138 63
s 31 110 113 59
s 31 111 25 11
s 31 112 55 26
s 31 113 32 13
s 31 114 73 39
s 31 119 227 118
s 31 120 194 83
s 31 121 409 208
s 31 123 341 163
s 31 126 185 93
s 31 128 316 136
s 31 129 154 76
s 31 131 97 49
s 31 135 437 208
s 31 136 64 27
s 31 137 141 70
s 31 138 48 21
s 31 145 133 67
s 31 155 76 43
s 32 33 5 3
s 32 34 4 3
s 32 35 6 1
s 32 36 22 10
s 32 37 2 0
s 32 38 8 4
s 32 39 17 7
s 32 40 2 1
s 32 41 2 0
s 32 42 7 5
s 32 43 8 3
s 32 44 4 2
s 32 45 1 0
s 32 46 2 2
s 32 47 10 6
s 32 48 13 12
s 32 49 17 10
s 32 50 3 1
s 32 51 16 8
s 32 52 4 3
s 32 53 10 4
s 32 54 19 11
s 32 55 35 17
s 32 56 3 1
s 32 57 2 1
s 32 58 7 2
s 32 59 3 1
s 32 60 16 10
s 32 61 1 1
s 32 62 8 4
s 32 63 2 2
s 32 64 10 5
s 32 65 1 1
s 32 66 3 2
s 32 67 7 3
s 32 68 5 1
s 32 69 11 5
s 32 70 14 7
s 32 71 21 11
s 32 72 2 0
s 32 73 5 3
s 32 74 15 6
s 32 75 15 5
s 32 76 6 4
s 32 77 3 2
s 32 78 11 8
s 32 79 5 2
s 32 80 3 2
s 32 81 1 0
s 32 82 3 2
s 32 83 14 7
s 32 84 21 9
s 32 85 43 17
s 32 86 41 23
s 32 87 28 19
s 32 88 5 3
s 32 89 4 3
s 32 90 9 5
s 32 91 2 2
s 32 93 10 5
s 32 94 6 3
s 32 95 3 1
s 32 96 22 13
s 32 97 9 4
s 32 98 14 5
s 32 99 6 0
s 32 100 27 12
s 32 101 22 10
s 32 102 4 1
s 32 103 4 1
s 32 104 8 3
s 32 105 18 7
s 32 106 14 9
s 32 107 16 7
s 32 108 31 14
s 32 109 9 5
s 32 110 17 8
s 32 111 9 2
s 32 112 15 8
s 32 113 2 0
s 32 114 6 2
s 32 119 29 14
s 32 120 10 4
s 32 121 17 6
s 32 123 41 22
s 32 126 7 4
s 32 128 26 11
s 32 129 8 4
s 32 131 13 10
s 32 135 27 15
s 32 136 5 2
s 32 137 10 5
s 32 138 4 2
s 32 145 10 4
s 32 155 6 4
s 33 34 10 5
s 33 35 17 10
s 33 36 64 44
s 33 37 13 8
s 33 38 12 5
s 33 39 28 15
s 33 40 6 6
s 33 41 10 9
s 33 42 13 7
s 33 43 14 6
s 33 44 11 8
s 33 45 8 7
s 33 46 27 16
s 33 47 29 15
s 33 48 78 43
s 33 49 72 54
s 33 50 25 20
s 33 51 86 48
s 33 52 10 6
s 33 53 64 44
s 33 54 122 75
s 33 55 10 6
s 33 56 31 22
s 33 57 7 4
s 33 58 16 9
s 33 59 12 6
s 33 60 18 7
s 33 61 11 7
s 33 62 93 71
s 33 63 8 5
s 33 64 32 12
s 33 65 5 3
s 33 66 7 5
s 33 67 32 17
s 33 68 7 4
s 33 69 21 12
s 33 70 35 17
s 33 71 114 74
s 33 72 18 11
s 33 73 14 8
s 33 74 74 40
s 33 75 29 16
s 33 76 52 35
s 33 77 9 6
s 33 78 2 1
s 33 79 14 7
s 33 80 41 28
s 33 81 4 2
s 33 82 6 2
s 33 83 68 47
s 33 84 52 33
s 33 85 101 67
s 33 86 148 95
s 33 87 57 34
s 33 88 46 32
s 33 89 6 2
s 33 90 39 16
s 33 91 39 23
s 33 92 4 2
s 33 93 41 24
s 33 94 10 6
s 33 95 6 3
s 33 96 21 16
s 33 97 21 15
s 33 98 14 8
s 33 99 8 3
s 33 100 136 74
s 33 101 27 14
s 33 102 6 4
s 33 103 7 3
s 33 104 6 3
s 33 105 61 43
s 33 106 111 66
s 33 107 116 71
s 33 108 18 11
s 33 109 41 26
s 33 110 36 18
s 33 111 26 21
s 33 112 113 68
s 33 113 6 4
s 33 114 12 9
s 33 119 119 82
s 33 120 71 43
s 33 121 38 23
s 33 123 132 75
s 33 126 38 21
s 33 128 69 34
s 33 129 6 3
s 33 131 79 40
s 33 135 26 18
s 33 136 28 17
s 33 137 10 8
s 33 138 26 15
s 33 145 49 33
s 33 155 25 14
s 34 35 9 2
s 34 36 22 8
s 34 37 13 7
s 34 38 10 5
s 34 40 4 0
s 34 41 23 11
s 34 42 12 5
s 34 43 4 0
s 34 44 14 8
s 34 45 2 1
s 34 46 12 5
s 34 47 10 6
s 34 48 51 21
s 34 49 19 9
s 34 50 17 10
s 34 51 39 20
s 34 52 1 1
s 34 53 22 13
s 34 54 87 48
s 34 55 46 24
s 34 56 13 9
s 34 57 7 4
s 34 58 10 6
s 34 59 5 0
s 34 60 88 45
s 34 61 3 0
s 34 62 32 15
s 34 63 15 8
s 34 64 32 19
s 34 65 8 6
s 34 66 4 0
s 34 67 33 13
s 34 68 10 5
s 34 69 40 18
s 34 70 30 15
s 34 71 73 38
s 34 72 3 2
s 34 73 14 7
s 34 74 9 3
s 34 75 25 11
s 34 76 2 1
s 34 77 15 7
s 34 78 29 17
s 34 79 37 20
s 34 80 12 4
s 34 81 13 6
s 34 82 4 1
s 34 83 45 28
s 34 84 37 18
s 34 85 110 50
s 34 86 99 61
s 34 87 51 19
s 34 88 20 8
s 34 89 2 1
s 34 90 16 5
s 34 91 13 6
s 34 92 5 3
s 34 93 36 20
s 34 94 10 5
s 34 95 6 3
s 34 96 70 30
s 34 97 29 12
s 34 98 27 12
s 34 99 16 7
s 34 100 76 38
s 34 101 37 12
s 34 102 11 6
s 34 103 4 2
s 34 104 24 9
s 34 105 48 26
s 34 106 3 3
s 34 107 22 7
s 34 108 77 37
s 34 109 27 12
s 34 110 34 19
s 34 111 22 10
s 34 112 45 20
s 34 113 3 0
s 34 114 8 7
s 34 119 41 18
s 34 120 9 4
s 34 121 63 34
s 34 123 106 48
s 34 126 2 2
s 34 128 62 21
s 34 129 37 14
s 34 131 58 27
s 34 135 75 37
s 34 136 9 5
s 34 137 10 6
s 34 138 19 7
s 34 145 25 10
s 34 155 21 14
s 35 36 74 39
s 35 37 43 19
s 35 38 31 18
s 35 39 18 11
s 35 40 12 7
s 35 41 39 21
s 35 42 31 15
s 35 43 12 2
s 35 44 13 4
s 35 45 12 4
s 35 46 21 8
s 35 47 13 5
s 35 48 63 22
s 35 49 40 23
s 35 50 18 7
s 35 51 69 30
s 35 52 4 1
s 35 53 19 11
s 35 54 139 69
s 35 55 52 25
s 35 56 12 6
s 35 57 7 4
s 35 58 11 7
s 35 59 8 4
s 35 60 85 37
s 35 61 1 1
s 35 62 35 18
s 35 63 14 7
s 35 64 68 23
s 35 65 11 7
s 35 66 1 1
s 35 67 46 23
s 35 68 16 4
s 35 69 75 41
s 35 70 35 19
s 35 71 104 45
s 35 72 16 9
s 35 73 12 9
s 35 74 44 22
s 35 75 55 25
s 35 76 12 4
s 35 77 14 5
s 35 78 25 12
s 35 79 24 11
s 35 80 25 10
s 35 81 4 2
s 35 82 3 1
s 35 83 49 25
s 35 84 71 33
s 35 85 120 54
s 35 86 159 81
s 35 87 81 45
s 35 88 26 11
s 35 89 7 3
s 35 90 22 17
s 35 91 35 15
s 35 92 1 0
s 35 93 51 21
s 35 94 7 3
s 35 95 14 5
s 35 96 98 46
s 35 97 31 11
s 35 98 27 16
s 35 99 31 12
s 35 100 101 45
s 35 101 70 34
s 35 102 14 5
s 35 103 7 3
s 35 104 26 11
s 35 105 61 33
s 35 106 29 17
s 35 107 44 23
s 35 108 111 49
s 35 109 37 12
s 35 110 57 31
s 35 111 25 8
s 35 112 65 27
s 35 113 3 1
s 35 114 16 5
s 35 119 69 31
s 35 120 18 4
s 35 121 69 35
s 35 123 126 59
s 35 126 18 10
s 35 128 93 38
s 35 129 61 28
s 35 131 54 28
s 35 135 117 54
s 35 136 20 10
s 35 137 18 8
s 35 138 18 7
s 35 145 27 15
s 35 155 15 7
s 36 37 52 18
s 36 38 75 45
s 36 39 93 44
s 36 40 27 15
s 36 41 70 36
s 36 42 37 16
s 36 43 50 21
s 36 44 21 12
s 36 45 14 9
s 36 46 43 19
s 36 47 71 30
s 36 48 154 76
s 36 49 129 73
s 36 50 55 31
s 36 51 255 136
s 36 52 23 8
s 36 53 115 62
s 36 54 234 106
s 36 55 137 77
s 36 56 49 25
s 36 57 16 12
s 36 58 51 23
s 36 59 38 16
s 36 60 202 103
s 36 61 13 8
s 36 62 151 96
s 36 63 37 18
s 36 64 118 44
s 36 65 34 18
s 36 66 8 3
s 36 67 72 40
s 36 68 35 19
s 36 69 167 74
s 36 70 83 37
s 36 71 294 163
s 36 72 32 16
s 36 73 21 13
s 36 74 162 93
s 36 75 117 50
s 36 76 73 38
s 36 77 46 29
s 36 78 78 34
s 36 79 101 51
s 36 80 64 32
s 36 81 25 12
s 36 82 14 9
s 36 83 203 116
s 36 84 168 79
s 36 85 388 182
s 36 86 479 266
s 36 87 240 127
s 36 88 114 64
s 36 89 10 6
s 36 90 117 73
s 36 91 71 37
s 36 92 16 8
s 36 93 116 62
s 36 94 22 10
s 36 95 21 12
s 36 96 248 130
s 36 97 72 33
s 36 98 104 47
s 36 99 33 8
s 36 100 337 184
s 36 101 168 77
s 36 102 32 18
s 36 103 21 12
s 36 104 53 24
s 36 105 195 93
s 36 106 247 140
s 36 107 183 112
s 36 108 236 106
s 36 109 88 39
s 36 110 115 52
s 36 111 91 36
s 36 112 218 127
s 36 113 27 15
s 36 114 42 19
s 36 119 327 163
s 36 120 116 55
s 36 121 164 83
s 36 123 485 242
s 36 126 84 39
s 36 128 356 172
s 36 129 102 47
s 36 131 238 119
s 36 135 295 151
s 36 136 56 30
s 36 137 83 44
s 36 138 23 11
s 36 145 89 50
s 36 155 131 66
s 37 38 20 10
s 37 39 39 8
s 37 40 2 1
s 37 41 27 9
s 37 42 19 7
s 37 43 15 5
s 37 44 12 4
s 37 45 4 3
s 37 46 22 11
s 37 47 28 11
s 37 48 68 36
s 37 49 42 18
s 37 50 1 0
s 37 51 8 3
s 37 52 10 2
s 37 53 46 25
s 37 54 79 38
s 37 55 27 12
s 37 56 13 6
s 37 57 7 3
s 37 58 1 0
s 37 59 7 3
s 37 60 51 19
s 37 61 3 2
s 37 62 21 10
s 37 63 14 6
s 37 64 19 4
s 37 65 14 5
s 37 66 2 1
s 37 67 59 24
s 37 68 3 1
s 37 69 45 17
s 37 70 33 19
s 37 71 52 22
s 37 72 17 8
s 37 73 16 9
s 37 74 55 27
s 37 75 15 4
s 37 76 26 12
s 37 77 7 4
s 37 78 23 10
s 37 79 8 3
s 37 80 16 5
s 37 81 3 1
s 37 82 3 1
s 37 83 8 4
s 37 84 21 8
s 37 85 43 14
s 37 86 104 48
s 37 87 7 5
s 37 88 21 7
s 37 89 7 3
s 37 90 31 15
s 37 91 12 6
s 37 92 3 1
s 37 93 24 14
s 37 94 8 3
s 37 95 19 10
s 37 96 63 31
s 37 97 20 8
s 37 98 30 8
s 37 99 16 5
s 37 100 38 16
s 37 101 40 19
s 37 102 7 1
s 37 103 2 0
s 37 104 20 12
s 37 105 29 15
s 37 106 72 37
s 37 107 51 25
s 37 108 71 29
s 37 109 19 10
s 37 110 31 12
s 37 111 6 2
s 37 112 8 4
s 37 113 5 1
s 37 114 17 6
s 37 119 46 25
s 37 120 35 14
s 37 121 21 12
s 37 123 74 29
s 37 126 38 18
s 37 128 69 32
s 37 129 35 13
s 37 131 27 8
s 37 135 89 43
s 37 136 5 3
s 37 137 21 10
s 37 138 18 6
s 37 145 26 12
s 37 155 20 10
s 38 39 28 14
s 38 40 8 3
s 38 41 23 8
s 38 42 7 4
s 38 43 14 9
s 38 44 7 4
s 38 45 9 7
s 38 46 38 18
s 38 47 33 19
s 38 48 69 41
s 38 49 39 22
s 38 50 15 7
s 38 51 75 41
s 38 52 11 5
s 38 53 67 33
s 38 54 88 38
s 38 55 10 4
s 38 56 23 11
s 38 57 13 3
s 38 58 25 15
s 38 59 15 7
s 38 60 18 7
s 38 61 8 5
s 38 62 30 22
s 38 63 18 8
s 38 64 60 32
s 38 65 9 4
s 38 66 3 3
s 38 67 49 25
s 38 68 16 7
s 38 69 21 6
s 38 70 46 22
s 38 71 64 26
s 38 72 17 11
s 38 73 8 4
s 38 74 92 52
s 38 75 59 33
s 38 76 22 12
s 38 77 14 8
s 38 78 6 3
s 38 79 39 22
s 38 80 47 29
s 38 81 2 0
s 38 82 6 5
s 38 83 52 30
s 38 84 61 30
s 38 85 120 61
s 38 86 166 87
s 38 87 82 42
s 38 88 23 13
s 38 89 7 5
s 38 90 168 95
s 38 91 21 14
s 38 92 7 4
s 38 93 44 27
s 38 94 19 10
s 38 95 9 6
s 38 96 22 9
s 38 97 17 9
s 38 98 26 12
s 38 99 9 3
s 38 100 119 59
s 38 101 55 25
s 38 102 12 5
s 38 103 8 7
s 38 104 5 3
s 38 105 76 45
s 38 106 104 63
s 38 107 73 46
s 38 108 26 13
s 38 109 67 34
s 38 110 54 29
s 38 111 33 15
s 38 112 92 51
s 38 113 6 4
s 38 114 22 9
s 38 119 120 64
s 38 120 68 29
s 38 121 66 37
s 38 123 184 106
s 38 126 35 23
s 38 128 119 62
s 38 129 19 10
s 38 131 88 37
s 38 135 29 17
s 38 136 22 9
s 38 137 12 2
s 38 138 18 8
s 38 145 45 31
s 38 155 23 17
s 39 40 16 7
s 39 41 50 22
s 39 42 39 19
s 39 43 15 7
s 39 44 21 7
s 39 45 12 4
s 39 46 45 22
s 39 47 23 9
s 39 48 121 56
s 39 49 26 17
s 39 50 33 12
s 39 51 118 59
s 39 52 1 1
s 39 53 50 17
s 39 54 215 98
s 39 55 84 40
s 39 56 23 8
s 39 57 5 3
s 39 58 21 6
s 39 59 4 1
s 39 60 153 77
s 39 61 7 2
s 39 62 51 29
s 39 63 26 11
s 39 64 81 30
s 39 65 12 5
s 39 66 5 3
s 39 67 92 46
s 39 68 33 10
s 39 69 108 59
s 39 70 83 40
s 39 71 172 83
s 39 72 21 11
s 39 73 32 19
s 39 74 13 6
s 39 75 68 27
s 39 76 4 0
s 39 77 17 10
s 39 78 41 24
s 39 79 41 23
s 39 80 36 18
s 39 81 11 5
s 39 82 2 0
s 39 83 99 52
s 39 84 97 49
s 39 85 217 105
s 39 86 289 132
s 39 87 156 71
s 39 88 62 32
s 39 89 11 5
s 39 90 30 13
s 39 91 26 15
s 39 92 7 4
s 39 93 61 30
s 39 94 25 8
s 39 95 15 5
s 39 96 156 80
s 39 97 44 25
s 39 98 64 25
s 39 99 29 9
s 39 100 176 79
s 39 101 82 32
s 39 102 17 6
s 39 103 3 2
s 39 104 39 23
s 39 105 84 42
s 39 106 12 7
s 39 107 52 28
s 39 108 181 64
s 39 109 61 34
s 39 110 78 43
s 39 111 39 19
s 39 112 94 50
s 39 113 5 2
s 39 114 34 21
s 39 119 153 68
s 39 120 23 13
s 39 121 78 37
s 39 123 230 102
s 39 126 9 2
s 39 128 133 63
s 39 129 92 30
s 39 131 129 53
s 39 135 183 82
s 39 136 22 15
s 39 137 29 17
s 39 138 47 23
s 39 145 39 14
s 39 155 56 29
s 40 41 13 7
s 40 42 8 4
s 40 43 10 4
s 40 44 10 3
s 40 45 1 1
s 40 46 11 6
s 40 47 24 12
s 40 48 26 13
s 40 49 8 3
s 40 50 5 1
s 40 51 14 8
s 40 52 6 3
s 40 53 13 5
s 40 54 33 16
s 40 55 16 10
s 40 56 1 1
s 40 57 1 1
s 40 59 11 6
s 40 60 27 10
s 40 61 3 2
s 40 62 9 3
s 40 63 6 1
s 40 64 7 3
s 40 65 2 0
s 40 66 2 2
s 40 67 17 7
s 40 68 3 1
s 40 69 21 12
s 40 70 13 4
s 40 71 27 15
s 40 72 5 2
s 40 73 8 4
s 40 74 23 12
s 40 75 6 1
s 40 76 16 9
s 40 77 6 1
s 40 78 8 5
s 40 79 2 1
s 40 80 4 3
s 40 82 4 2
s 40 83 8 4
s 40 84 12 8
s 40 85 18 7
s 40 86 36 15
s 40 87 17 13
s 40 88 8 4
s 40 90 11 5
s 40 91 7 4
s 40 92 4 1
s 40 93 21 12
s 40 94 3 0
s 40 95 4 1
s 40 96 29 10
s 40 97 17 6
s 40 98 16 8
s 40 99 8 2
s 40 100 21 7
s 40 101 9 3
s 40 102 5 3
s 40 103 3 1
s 40 104 4 1
s 40 105 15 5
s 40 106 31 16
s 40 107 22 13
s 40 108 22 9
s 40 109 10 5
s 40 110 9 3
s 40 111 8 5
s 40 112 7 1
s 40 113 8 3
s 40 114 13 7
s 40 119 17 7
s 40 120 24 12
s 40 121 11 4
s 40 123 27 10
s 40 126 12 3
s 40 128 35 18
s 40 129 15 7
s 40 131 9 4
s 40 135 43 27
s 40 136 11 4
s 40 137 15 9
s 40 138 10 7
s 40 145 18 9
s 40 155 7 3
s 41 42 10 8
s 41 43 28 12
s 41 44 2 1
s 41 45 9 5
s 41 46 3 0
s 41 47 38 20
s 41 48 4 4
s 41 49 42 18
s 41 50 7 3
s 41 51 48 19
s 41 52 11 5
s 41 53 19 9
s 41 54 1 0
s 41 55 44 25
s 41 56 6 2
s 41 57 3 0
s 41 58 20 10
s 41 59 11 3
s 41 60 94 49
s 41 61 1 0
s 41 62 25 15
s 41 63 8 5
s 41 64 63 31
s 41 65 13 5
s 41 67 2 0
s 41 68 29 16
s 41 69 62 25
s 41 70 2 1
s 41 71 90 35
s 41 72 4 1
s 41 73 3 1
s 41 74 206 100
s 41 75 59 26
s 41 76 39 17
s 41 77 7 3
s 41 78 25 9
s 41 79 26 18
s 41 80 2 1
s 41 82 1 0
s 41 83 51 25
s 41 84 40 14
s 41 85 136 72
s 41 86 175 76
s 41 87 83 36
s 41 88 29 20
s 41 90 45 26
s 41 91 15 9
s 41 92 13 8
s 41 93 4 1
s 41 94 2 2
s 41 96 90 49
s 41 97 39 14
s 41 98 67 24
s 41 99 16 10
s 41 100 74 32
s 41 101 98 34
s 41 102 14 5
s 41 103 8 7
s 41 104 28 11
s 41 105 67 38
s 41 106 98 48
s 41 107 53 19
s 41 108 117 51
s 41 110 103 59
s 41 111 25 12
s 41 112 68 31
s 41 113 5 2
s 41 114 7 6
s 41 119 89 47
s 41 120 36 16
s 41 121 60 26
s 41 123 140 68
s 41 126 43 17
s 41 128 259 113
s 41 129 43 17
s 41 131 88 40
s 41 135 124 53
s 41 136 21 14
s 41 137 32 13
s 41 138 2 0
s 41 145 10 3
s 41 155 25 15
s 42 43 18 8
s 42 44 6 3
s 42 45 9 3
s 42 46 5 2
s 42 47 17 10
s 42 48 22 13
s 42 49 33 15
s 42 50 15 7
s 42 51 24 13
s 42 52 11 8
s 42 53 22 12
s 42 54 17 10
s 42 55 25 11
s 42 56 3 0
s 42 57 3 2
s 42 58 16 11
s 42 59 4 0
s 42 60 29 15
s 42 61 2 1
s 42 62 24 12
s 42 63 7 5
s 42 64 26 16
s 42 65 4 3
s 42 66 3 2
s 42 67 18 8
s 42 68 20 5
s 42 69 22 11
s 42 70 7 2
s 42 71 68 29
s 42 72 7 1
s 42 73 7 5
s 42 74 74 36
s 42 75 35 12
s 42 76 52 24
s 42 77 11 7
s 42 78 12 9
s 42 79 18 7
s 42 80 4 1
s 42 81 6 1
s 42 82 5 2
s 42 83 18 12
s 42 84 33 18
s 42 85 71 31
s 42 86 107 55
s 42 87 48 27
s 42 88 23 9
s 42 89 1 0
s 42 90 24 10
s 42 91 9 1
s 42 92 7 0
s 42 93 21 11
s 42 94 7 2
s 42 95 2 0
s 42 96 31 11
s 42 97 18 7
s 42 98 33 20
s 42 99 14 6
s 42 100 37 15
s 42 101 66 31
s 42 102 9 5
s 42 103 5 1
s 42 104 9 3
s 42 105 24 9
s 42 106 49 20
s 42 107 23 13
s 42 108 37 13
s 42 109 5 2
s 42 110 40 20
s 42 111 18 9
s 42 112 43 22
s 42 113 10 5
s 42 114 9 4
s 42 119 54 24
s 42 120 31 15
s 42 121 60 26
s 42 123 98 45
s 42 126 20 9
s 42 128 92 38
s 42 129 21 11
s 42 131 39 13
s 42 135 57 31
s 42 136 7 3
s 42 137 17 10
s 42 138 11 5
s 42 145 8 4
s 42 155 11 4
s 43 44 21 10
s 43 45 6 2
s 43 46 25 8
s 43 47 14 4
s 43 48 74 40
s 43 49 36 22
s 43 50 15 7
s 43 51 62 28
s 43 52 9 5
s 43 53 43 17
s 43 54 126 59
s 43 55 31 21
s 43 56 19 11
s 43 57 11 4
s 43 58 13 3
s 43 59 10 6
s 43 60 52 25
s 43 61 3 2
s 43 62 55 35
s 43 63 13 8
s 43 64 54 28
s 43 65 11 4
s 43 67 48 24
s 43 68 8 2
s 43 69 38 25
s 43 70 46 25
s 43 71 122 69
s 43 72 12 4
s 43 73 9 3
s 43 74 37 14
s 43 75 44 17
s 43 76 22 15
s 43 77 4 1
s 43 78 22 8
s 43 79 32 9
s 43 80 24 10
s 43 81 11 5
s 43 82 7 3
s 43 83 51 30
s 43 84 64 32
s 43 85 106 46
s 43 86 159 80
s 43 87 96 48
s 43 88 41 19
s 43 89 5 3
s 43 90 17 8
s 43 91 15 6
s 43 92 7 3
s 43 93 42 20
s 43 94 12 5
s 43 95 10 2
s 43 96 59 32
s 43 97 30 17
s 43 98 30 17
s 43 99 16 7
s 43 100 145 66
s 43 101 62 36
s 43 102 8 5
s 43 103 2 1
s 43 104 13 8
s 43 105 41 23
s 43 106 53 31
s 43 107 57 27
s 43 108 67 27
s 43 109 44 25
s 43 110 39 15
s 43 111 27 14
s 43 112 57 32
s 43 113 3 1
s 43 114 8 4
s 43 119 85 39
s 43 120 37 19
s 43 121 45 22
s 43 123 126 47
s 43 126 23 11
s 43 128 88 32
s 43 129 27 9
s 43 131 68 34
s 43 135 90 37
s 43 136 14 7
s 43 137 19 9
s 43 138 19 10
s 43 145 30 15
s 43 155 20 10
s 44 45 9 7
s 44 46 1 1
s 44 47 23 16
s 44 48 3 2
s 44 49 20 13
s 44 50 10 7
s 44 51 20 13
s 44 52 4 2
s 44 53 6 0
s 44 54 2 0
s 44 55 20 12
s 44 57 6 3
s 44 58 2 2
s 44 59 7 4
s 44 60 31 13
s 44 61 3 3
s 44 62 17 10
s 44 63 2 1
s 44 64 25 8
s 44 65 3 2
s 44 66 2 1
s 44 67 2 0
s 44 68 12 5
s 44 69 19 11
s 44 70 4 2
s 44 71 40 20
s 44 73 5 0
s 44 74 57 27
s 44 75 30 15
s 44 76 21 7
s 44 77 5 2
s 44 78 12 5
s 44 79 13 7
s 44 81 3 2
s 44 82 6 3
s 44 83 18 11
s 44 84 22 9
s 44 85 54 29
s 44 86 88 50
s 44 87 36 17
s 44 88 20 9
s 44 90 17 12
s 44 91 10 2
s 44 92 6 4
s 44 93 2 1
s 44 95 1 1
s 44 96 38 18
s 44 97 43 22
s 44 98 27 9
s 44 99 7 3
s 44 100 39 18
s 44 101 32 15
s 44 102 7 4
s 44 103 4 3
s 44 104 21 9
s 44 105 33 14
s 44 106 51 26
s 44 107 35 19
s 44 108 49 19
s 44 109 3 1
s 44 110 27 17
s 44 111 19 8
s 44 112 25 15
s 44 113 9 3
s 44 114 3 0
s 44 119 41 20
s 44 120 35 17
s 44 121 52 21
s 44 123 63 29
s 44 126 19 9
s 44 128 76 32
s 44 129 26 15
s 44 131 30 16
s 44 135 51 23
s 44 136 12 5
s 44 137 17 5
s 44 138 1 0
s 44 145 4 0
s 44 155 14 7
s 45 46 11 4
s 45 47 11 5
s 45 48 21 10
s 45 49 19 9
s 45 50 1 0
s 45 51 10 7
s 45 52 9 7
s 45 53 13 8
s 45 54 32 16
s 45 55 12 6
s 45 56 2 2
s 45 57 5 2
s 45 58 1 0
s 45 59 2 2
s 45 60 27 16
s 45 61 2 1
s 45 62 7 6
s 45 63 1 1
s 45 64 19 12
s 45 65 3 1
s 45 66 2 1
s 45 67 11 8
s 45 69 19 13
s 45 70 11 7
s 45 71 19 13
s 45 72 1 0
s 45 73 6 2
s 45 74 20 11
s 45 75 6 5
s 45 76 20 11
s 45 77 6 3
s 45 78 10 8
s 45 79 3 2
s 45 80 12 7
s 45 81 4 2
s 45 82 1 0
s 45 83 13 7
s 45 84 16 5
s 45 85 20 11
s 45 86 28 16
s 45 87 11 6
s 45 88 8 6
s 45 89 2 0
s 45 90 7 5
s 45 91 4 3
s 45 92 3 1
s 45 93 17 9
s 45 94 3 1
s 45 95 1 0
s 45 96 36 17
s 45 97 12 2
s 45 98 6 4
s 45 99 2 1
s 45 100 19 12
s 45 101 12 9
s 45 102 2 1
s 45 104 10 6
s 45 105 19 12
s 45 106 29 18
s 45 107 17 12
s 45 108 11 4
s 45 109 18 11
s 45 110 5 3
s 45 111 3 3
s 45 112 8 3
s 45 113 4 1
s 45 114 8 5
s 45 119 17 9
s 45 120 17 9
s 45 121 11 9
s 45 123 35 17
s 45 126 9 5
s 45 128 26 13
s 45 129 9 3
s 45 131 10 3
s 45 135 25 17
s 45 136 5 4
s 45 137 8 5
s 45 138 6 4
s 45 145 14 11
s 45 155 8 4
s 46 47 27 18
s 46 48 12 6
s 46 49 55 27
s 46 50 12 7
s 46 51 72 36
s 46 52 15 9
s 46 53 29 14
s 46 54 10 5
s 46 55 82 40
s 46 56 6 3
s 46 57 4 0
s 46 58 13 4
s 46 59 16 7
s 46 60 78 38
s 46 61 4 1
s 46 62 51 33
s 46 63 6 2
s 46 64 51 21
s 46 65 8 5
s 46 66 4 3
s 46 67 1 0
s 46 68 13 2
s 46 69 72 36
s 46 70 7 4
s 46 71 86 41
s 46 72 4 1
s 46 73 3 1
s 46 74 85 37
s 46 75 54 26
s 46 76 39 17
s 46 77 22 10
s 46 78 22 6
s 46 79 33 14
s 46 80 3 0
s 46 81 2 0
s 46 82 3 1
s 46 83 57 29
s 46 84 88 43
s 46 85 140 59
s 46 86 210 100
s 46 87 86 41
s 46 88 27 15
s 46 89 1 0
s 46 90 86 51
s 46 91 24 9
s 46 92 9 6
s 46 93 17 8
s 46 94 1 0
s 46 95 8 6
s 46 96 87 35
s 46 97 27 13
s 46 98 46 23
s 46 99 14 10
s 46 100 127 53
s 46 101 51 23
s 46 102 5 2
s 46 103 6 2
s 46 104 23 11
s 46 105 80 34
s 46 106 100 50
s 46 107 86 44
s 46 108 122 45
s 46 109 4 1
s 46 110 56 24
s 46 111 29 12
s 46 112 93 50
s 46 113 11 5
s 46 114 16 5
s 46 119 97 54
s 46 120 73 36
s 46 121 43 19
s 46 123 161 72
s 46 126 59 26
s 46 128 136 53
s 46 129 66 30
s 46 131 79 31
s 46 135 137 62
s 46 136 23 11
s 46 137 22 5
s 46 138 2 1
s 46 145 11 2
s 46 155 35 22
s 47 48 116 66
s 47 49 60 30
s 47 50 33 20
s 47 51 96 57
s 47 52 5 2
s 47 53 46 26
s 47 54 136 61
s 47 55 68 41
s 47 56 28 14
s 47 57 9 7
s 47 58 23 13
s 47 59 10 6
s 47 60 77 37
s 47 61 3 1
s 47 62 80 50
s 47 63 16 6
s 47 64 77 38
s 47 65 11 5
s 47 66 4 2
s 47 67 67 33
s 47 68 24 16
s 47 69 81 47
s 47 70 56 32
s 47 71 135 64
s 47 72 16 6
s 47 73 10 7
s 47 74 45 22
s 47 75 65 26
s 47 76 22 13
s 47 77 21 12
s 47 78 35 16
s 47 79 33 13
s 47 80 41 19
s 47 81 13 9
s 47 82 1 0
s 47 83 72 38
s 47 84 97 46
s 47 85 195 100
s 47 86 202 102
s 47 87 83 44
s 47 88 45 20
s 47 89 7 5
s 47 90 36 16
s 47 91 34 21
s 47 92 14 6
s 47 93 35 22
s 47 94 21 11
s 47 95 7 5
s 47 96 107 49
s 47 97 31 16
s 47 98 38 23
s 47 99 24 11
s 47 100 170 80
s 47 101 66 26
s 47 102 16 8
s 47 103 8 5
s 47 104 16 11
s 47 105 80 41
s 47 106 68 40
s 47 107 70 39
s 47 108 125 48
s 47 109 57 26
s 47 110 47 26
s 47 111 30 9
s 47 112 101 60
s 47 113 8 3
s 47 114 22 9
s 47 119 122 60
s 47 120 40 21
s 47 121 62 33
s 47 123 197 97
s 47 126 25 15
s 47 128 112 51
s 47 129 43 26
s 47 131 101 52
s 47 135 132 58
s 47 136 22 11
s 47 137 21 11
s 47 138 30 14
s 47 145 59 25
s 47 155 34 20
s 48 49 164 94
s 48 50 52 25
s 48 51 187 90
s 48 52 31 15
s 48 53 58 24
s 48 54 2 0
s 48 55 211 122
s 48 56 2 1
s 48 57 21 11
s 48 58 60 31
s 48 59 32 15
s 48 60 298 166
s 48 61 14 9
s 48 62 131 92
s 48 63 19 14
s 48 64 111 60
s 48 65 39 21
s 48 66 15 9
s 48 67 3 1
s 48 68 32 17
s 48 69 214 108
s 48 70 8 4
s 48 71 290 155
s 48 72 13 9
s 48 73 16 6
s 48 74 253 139
s 48 75 112 51
s 48 76 120 59
s 48 77 45 19
s 48 78 61 35
s 48 79 141 62
s 48 80 13 6
s 48 81 9 6
s 48 82 13 7
s 48 83 205 130
s 48 84 258 150
s 48 85 428 212
s 48 86 556 301
s 48 87 212 113
s 48 88 101 53
s 48 89 3 0
s 48 90 169 95
s 48 91 91 48
s 48 92 30 16
s 48 93 50 32
s 48 94 2 1
s 48 95 1 1
s 48 96 260 125
s 48 97 98 40
s 48 98 153 74
s 48 99 47 19
s 48 100 308 159
s 48 101 163 83
s 48 102 27 14
s 48 103 19 11
s 48 104 51 27
s 48 105 200 100
s 48 106 364 225
s 48 107 231 113
s 48 108 310 129
s 48 109 2 0
s 48 110 152 76
s 48 111 81 31
s 48 112 226 111
s 48 113 23 9
s 48 114 25 14
s 48 119 306 168
s 48 120 203 105
s 48 121 182 95
s 48 123 471 238
s 48 126 139 72
s 48 128 368 171
s 48 129 135 67
s 48 131 232 117
s 48 135 358 194
s 48 136 49 23
s 48 137 86 51
s 48 138 9 6
s 48 145 37 19
s 48 155 107 57
s 49 50 44 21
s 49 51 77 43
s 49 52 20 14
s 49 53 98 53
s 49 54 251 129
s 49 55 147 86
s 49 56 33 16
s 49 57 11 5
s 49 58 53 28
s 49 59 14 6
s 49 60 113 51
s 49 61 11 6
s 49 62 149 93
s 49 63 21 11
s 49 64 88 47
s 49 65 17 9
s 49 66 8 7
s 49 67 94 57
s 49 68 28 14
s 49 69 127 72
s 49 70 88 49
s 49 71 156 89
s 49 72 38 19
s 49 73 17 7
s 49 74 80 44
s 49 75 65 23
s 49 76 72 35
s 49 77 22 10
s 49 78 51 32
s 49 79 64 34
s 49 80 59 31
s 49 81 9 4
s 49 82 7 5
s 49 83 64 35
s 49 84 95 55
s 49 85 231 107
s 49 86 358 196
s 49 87 183 99
s 49 88 73 43
s 49 89 17 7
s 49 90 82 49
s 49 91 67 39
s 49 92 10 8
s 49 93 91 51
s 49 94 32 17
s 49 95 23 16
s 49 96 98 47
s 49 97 35 15
s 49 98 85 42
s 49 99 18 9
s 49 100 187 95
s 49 101 119 57
s 49 102 11 6
s 49 103 9 6
s 49 104 28 15
s 49 105 188 112
s 49 106 70 38
s 49 107 71 32
s 49 108 155 72
s 49 109 95 48
s 49 110 96 51
s 49 111 73 39
s 49 112 215 123
s 49 113 15 8
s 49 114 29 20
s 49 119 255 137
s 49 120 56 26
s 49 121 158 75
s 49 123 379 196
s 49 126 32 17
s 49 128 190 89
s 49 129 35 19
s 49 131 183 106
s 49 135 194 117
s 49 136 34 21
s 49 137 43 26
s 49 138 35 17
s 49 145 71 32
s 49 155 70 41
s 50 51 22 7
s 50 52 11 2
s 50 53 75 38
s 50 54 85 35
s 50 55 35 14
s 50 56 16 5
s 50 57 1 0
s 50 58 6 4
s 50 59 13 7
s 50 60 63 31
s 50 61 11 7
s 50 62 39 21
s 50 63 8 5
s 50 64 10 5
s 50 65 7 1
s 50 66 1 1
s 50 67 42 16
s 50 68 7 2
s 50 69 34 15
s 50 70 31 19
s 50 71 37 16
s 50 72 6 4
s 50 73 15 9
s 50 74 65 32
s 50 75 8 2
s 50 76 41 23
s 50 77 12 6
s 50 78 24 12
s 50 79 13 5
s 50 80 29 13
s 50 81 7 1
s 50 82 6 3
s 50 83 9 4
s 50 84 18 5
s 50 85 37 12
s 50 86 97 53
s 50 87 14 6
s 50 88 21 12
s 50 89 7 6
s 50 90 34 22
s 50 91 19 10
s 50 92 11 5
s 50 93 30 9
s 50 94 14 4
s 50 95 4 2
s 50 96 74 33
s 50 97 29 16
s 50 98 27 12
s 50 99 14 7
s 50 100 36 17
s 50 101 25 9
s 50 102 3 1
s 50 103 4 1
s 50 104 21 16
s 50 105 54 22
s 50 106 77 34
s 50 107 57 25
s 50 108 59 26
s 50 109 33 20
s 50 110 20 12
s 50 111 2 0
s 50 112 8 4
s 50 113 9 6
s 50 114 17 8
s 50 119 56 33
s 50 120 52 18
s 50 121 22 11
s 50 123 96 47
s 50 126 22 14
s 50 128 41 19
s 50 129 23 14
s 50 131 23 11
s 50 135 65 27
s 50 136 23 14
s 50 137 23 10
s 50 138 13 3
s 50 145 38 20
s 50 155 24 15
s 51 52 28 11
s 51 53 134 64
s 51 54 234 115
s 51 55 240 133
s 51 56 60 36
s 51 57 16 7
s 51 58 24 14
s 51 59 38 20
s 51 60 156 81
s 51 61 8 4
s 51 62 23 14
s 51 63 28 13
s 51 64 38 13
s 51 65 34 17
s 51 66 1 1
s 51 67 104 61
s 51 68 15 7
s 51 69 124 59
s 51 70 57 29
s 51 71 62 25
s 51 72 30 14
s 51 73 18 9
s 51 74 188 90
s 51 75 45 27
s 51 76 81 42
s 51 77 38 21
s 51 78 49 31
s 51 79 45 26
s 51 80 73 43
s 51 81 12 4
s 51 82 13 6
s 51 83 27 18
s 51 84 27 12
s 51 85 124 57
s 51 86 324 182
s 51 87 75 40
s 51 88 22 14
s 51 89 13 10
s 51 90 145 80
s 51 91 59 34
s 51 92 17 8
s 51 93 82 50
s 51 94 32 13
s 51 95 13 8
s 51 96 203 110
s 51 97 55 29
s 51 98 147 76
s 51 99 29 15
s 51 100 39 23
s 51 101 89 49
s 51 102 10 7
s 51 103 5 3
s 51 104 36 16
s 51 105 113 67
s 51 106 268 136
s 51 107 173 92
s 51 108 255 114
s 51 109 113 61
s 51 110 104 63
s 51 111 34 18
s 51 112 98 54
s 51 113 16 9
s 51 114 38 16
s 51 119 162 78
s 51 120 146 76
s 51 121 66 31
s 51 123 256 121
s 51 126 118 62
s 51 128 291 140
s 51 129 69 31
s 51 131 133 76
s 51 135 262 143
s 51 136 24 15
s 51 137 68 40
s 51 138 63 25
s 51 145 91 49
s 51 155 82 42
s 52 53 22 11
s 52 54 68 26
s 52 55 34 21
s 52 56 3 3
s 52 57 7 2
s 52 58 6 4
s 52 59 2 1
s 52 60 41 19
s 52 61 2 1
s 52 62 22 12
s 52 63 4 3
s 52 64 23 13
s 52 65 6 2
s 52 66 1 0
s 52 67 16 9
s 52 68 7 2
s 52 69 35 14
s 52 70 16 8
s 52 71 52 28
s 52 72 8 5
s 52 73 4 2
s 52 74 9 3
s 52 75 12 8
s 52 76 4 2
s 52 77 12 4
s 52 78 3 2
s 52 79 13 4
s 52 80 19 11
s 52 81 5 3
s 52 82 1 0
s 52 83 34 19
s 52 84 22 11
s 52 85 68 28
s 52 86 76 31
s 52 87 32 14
s 52 88 9 5
s 52 90 15 9
s 52 91 64 36
s 52 92 8 3
s 52 93 17 10
s 52 94 3 0
s 52 95 4 2
s 52 96 36 16
s 52 97 22 12
s 52 98 16 6
s 52 99 10 8
s 52 100 43 26
s 52 101 29 13
s 52 102 6 2
s 52 103 3 0
s 52 104 10 5
s 52 105 18 7
s 52 106 13 11
s 52 107 11 1
s 52 108 43 15
s 52 109 22 9
s 52 110 18 8
s 52 111 5 3
s 52 112 31 14
s 52 113 5 2
s 52 114 7 3
s 52 119 42 26
s 52 120 5 2
s 52 121 22 8
s 52 123 74 33
s 52 126 3 2
s 52 128 37 18
s 52 129 26 12
s 52 131 32 18
s 52 135 60 34
s 52 136 12 7
s 52 137 8 5
s 52 138 11 5
s 52 145 9 4
s 52 155 21 12
s 53 54 89 36
s 53 55 117 58
s 53 56 16 5
s 53 57 7 3
s 53 58 32 11
s 53 59 23 9
s 53 60 118 52
s 53 61 9 5
s 53 62 123 75
s 53 63 15 6
s 53 64 67 29
s 53 65 19 11
s 53 66 8 6
s 53 67 42 16
s 53 68 27 14
s 53 69 130 64
s 53 70 26 13
s 53 71 164 81
s 53 72 12 8
s 53 73 9 3
s 53 74 125 72
s 53 75 61 20
s 53 76 54 29
s 53 77 31 22
s 53 78 44 23
s 53 79 51 24
s 53 80 23 10
s 53 81 9 6
s 53 82 9 6
s 53 83 88 52
s 53 84 129 59
s 53 85 214 96
s 53 86 254 132
s 53 87 102 53
s 53 88 44 24
s 53 89 9 5
s 53 90 78 41
s 53 91 38 19
s 53 92 11 1
s 53 93 48 25
s 53 94 5 2
s 53 95 8 4
s 53 96 167 84
s 53 97 36 15
s 53 98 92 39
s 53 99 19 6
s 53 100 231 117
s 53 101 90 46
s 53 102 7 3
s 53 103 8 3
s 53 104 36 15
s 53 105 125 73
s 53 106 179 92
s 53 107 120 64
s 53 108 203 92
s 53 109 33 18
s 53 110 65 31
s 53 111 32 15
s 53 112 161 88
s 53 113 14 7
s 53 114 29 12
s 53 119 211 102
s 53 120 104 62
s 53 121 76 36
s 53 123 275 114
s 53 126 59 31
s 53 128 168 81
s 53 129 64 33
s 53 131 146 80
s 53 135 159 78
s 53 136 33 13
s 53 137 34 23
s 53 138 26 17
s 53 145 40 20
s 53 155 80 51
s 54 55 347 193
s 54 56 7 3
s 54 57 23 12
s 54 58 76 38
s 54 59 60 27
s 54 60 433 198
s 54 61 16 8
s 54 62 246 144
s 54 63 33 21
s 54 64 235 98
s 54 65 52 29
s 54 66 17 10
s 54 68 72 36
s 54 69 363 175
s 54 70 3 2
s 54 71 472 255
s 54 72 24 12
s 54 73 17 6
s 54 74 468 238
s 54 75 196 79
s 54 76 253 124
s 54 77 85 62
s 54 78 121 52
s 54 79 171 75
s 54 80 9 0
s 54 81 10 6
s 54 82 11 7
s 54 83 177 102
s 54 84 192 101
s 54 85 585 263
s 54 86 772 408
s 54 87 416 209
s 54 88 151 87
s 54 90 243 142
s 54 91 71 32
s 54 92 41 23
s 54 93 73 40
s 54 94 2 2
s 54 95 2 1
s 54 96 380 176
s 54 97 158 78
s 54 98 274 137
s 54 99 61 31
s 54 100 372 184
s 54 101 254 115
s 54 102 36 7
s 54 103 21 13
s 54 104 118 47
s 54 105 327 166
s 54 106 446 205
s 54 107 326 168
s 54 108 418 180
s 54 109 5 2
s 54 110 218 108
s 54 111 126 65
s 54 112 464 243
s 54 113 47 17
s 54 114 36 18
s 54 119 522 249
s 54 120 323 167
s 54 121 337 156
s 54 123 747 348
s 54 126 214 100
s 54 128 617 293
s 54 129 153 66
s 54 131 406 195
s 54 135 503 242
s 54 136 84 39
s 54 137 134 70
s 54 138 14 9
s 54 145 47 23
s 54 155 123 63
s 55 56 52 28
s 55 57 8 3
s 55 58 30 14
s 55 59 37 22
s 55 60 11 7
s 55 61 14 6
s 55 62 409 262
s 55 63 30 13
s 55 64 106 59
s 55 65 19 6
s 55 66 4 2
s 55 67 110 60
s 55 68 27 14
s 55 69 18 4
s 55 70 100 55
s 55 71 580 315
s 55 72 33 13
s 55 73 37 17
s 55 74 178 107
s 55 75 82 40
s 55 76 120 73
s 55 77 2 0
s 55 78 3 0
s 55 79 62 30
s 55 80 83 46
s 55 81 11 5
s 55 82 16 9
s 55 83 118 70
s 55 84 103 57
s 55 85 227 116
s 55 86 252 127
s 55 87 187 101
s 55 88 151 87
s 55 89 17 9
s 55 90 106 66
s 55 91 53 27
s 55 92 4 2
s 55 93 109 72
s 55 94 42 23
s 55 95 23 13
s 55 96 12 7
s 55 97 37 18
s 55 98 24 7
s 55 99 8 2
s 55 100 298 147
s 55 101 77 39
s 55 102 18 6
s 55 103 13 10
s 55 104 7 2
s 55 105 130 60
s 55 106 307 174
s 55 107 261 140
s 55 108 7 5
s 55 109 148 73
s 55 110 89 45
s 55 111 60 37
s 55 112 233 128
s 55 113 18 9
s 55 114 35 21
s 55 119 206 98
s 55 120 132 71
s 55 121 114 66
s 55 123 324 156
s 55 126 112 52
s 55 128 234 131
s 55 129 4 1
s 55 131 167 83
s 55 135 19 12
s 55 136 52 32
s 55 137 36 18
s 55 138 36 18
s 55 145 101 49
s 55 155 39 28
s 56 57 8 4
s 56 58 19 9
s 56 59 7 3
s 56 60 70 35
s 56 61 1 1
s 56 62 31 11
s 56 63 1 0
s 56 64 33 10
s 56 65 17 6
s 56 66 1 1
s 56 67 7 3
s 56 68 11 4
s 56 69 50 21
s 56 70 4 1
s 56 71 90 43
s 56 72 8 6
s 56 73 7 3
s 56 74 89 47
s 56 75 28 11
s 56 76 41 17
s 56 77 16 8
s 56 78 22 14
s 56 79 25 11
s 56 80 6 2
s 56 81 5 2
s 56 82 3 1
s 56 83 67 43
s 56 84 53 23
s 56 85 141 65
s 56 86 143 74
s 56 87 40 20
s 56 88 22 8
s 56 89 1 1
s 56 90 43 18
s 56 91 12 5
s 56 92 8 4
s 56 93 10 6
s 56 94 1 0
s 56 95 3 1
s 56 96 101 58
s 56 97 24 13
s 56 98 27 9
s 56 99 7 3
s 56 100 136 69
s 56 101 41 12
s 56 102 7 5
s 56 103 3 3
s 56 104 22 10
s 56 105 71 34
s 56 106 113 60
s 56 107 81 40
s 56 108 106 38
s 56 109 4 0
s 56 110 45 28
s 56 111 31 9
s 56 112 69 37
s 56 113 5 1
s 56 114 11 6
s 56 119 81 40
s 56 120 56 25
s 56 121 46 25
s 56 123 143 62
s 56 126 44 22
s 56 128 102 49
s 56 129 21 9
s 56 131 68 36
s 56 135 104 51
s 56 136 22 6
s 56 137 29 13
s 56 138 8 4
s 56 145 10 3
s 56 155 35 18
s 57 58 4 2
s 57 59 3 1
s 57 60 15 7
s 57 61 1 0
s 57 62 6 2
s 57 63 4 3
s 57 64 6 3
s 57 65 2 0
s 57 66 2 0
s 57 67 15 10
s 57 68 1 0
s 57 69 8 3
s 57 70 13 5
s 57 71 14 10
s 57 72 3 2
s 57 73 4 2
s 57 74 27 15
s 57 75 4 3
s 57 76 16 9
s 57 77 1 0
s 57 78 9 5
s 57 79 4 2
s 57 80 9 2
s 57 81 2 0
s 57 82 5 3
s 57 83 6 4
s 57 84 8 3
s 57 85 16 9
s 57 86 44 25
s 57 87 9 5
s 57 88 6 2
s 57 89 1 0
s 57 90 13 7
s 57 91 13 7
s 57 92 1 1
s 57 93 6 1
s 57 94 5 4
s 57 95 1 0
s 57 96 24 10
s 57 97 11 5
s 57 98 6 3
s 57 99 2 0
s 57 100 12 6
s 57 101 6 4
s 57 102 2 0
s 57 103 1 1
s 57 104 6 2
s 57 105 16 9
s 57 106 22 7
s 57 107 24 13
s 57 108 17 9
s 57 109 7 1
s 57 110 5 0
s 57 111 2 1
s 57 112 5 3
s 57 113 4 3
s 57 114 4 1
s 57 119 20 8
s 57 120 12 7
s 57 121 11 4
s 57 123 30 12
s 57 126 17 8
s 57 128 29 12
s 57 129 9 3
s 57 131 13 6
s 57 135 22 9
s 57 136 3 2
s 57 137 8 7
s 57 138 9 6
s 57 145 1 1
s 57 155 4 2
s 58 59 7 2
s 58 60 38 20
s 58 61 6 4
s 58 62 30 19
s 58 63 5 5
s 58 64 15 9
s 58 65 9 5
s 58 66 3 1
s 58 67 38 23
s 58 68 4 1
s 58 69 58 37
s 58 70 23 13
s 58 71 42 25
s 58 72 7 5
s 58 73 16 10
s 58 74 72 41
s 58 75 18 8
s 58 76 30 18
s 58 77 17 7
s 58 78 16 8
s 58 79 8 2
s 58 80 24 16
s 58 81 6 3
s 58 82 5 4
s 58 83 22 14
s 58 84 15 8
s 58 85 39 19
s 58 86 75 41
s 58 87 25 17
s 58 88 14 8
s 58 89 2 2
s 58 90 30 19
s 58 91 11 8
s 58 92 5 2
s 58 93 35 24
s 58 94 1 1
s 58 95 12 5
s 58 96 64 31
s 58 97 20 10
s 58 98 29 13
s 58 99 10 4
s 58 100 40 21
s 58 101 30 12
s 58 102 2 0
s 58 103 1 0
s 58 104 13 7
s 58 105 33 18
s 58 106 82 45
s 58 107 70 35
s 58 108 69 30
s 58 109 29 10
s 58 110 19 10
s 58 111 5 2
s 58 112 17 8
s 58 113 3 1
s 58 114 19 12
s 58 119 68 40
s 58 120 60 28
s 58 121 15 8
s 58 123 74 37
s 58 126 21 11
s 58 128 68 41
s 58 129 26 10
s 58 131 23 9
s 58 135 82 43
s 58 136 15 11
s 58 137 31 23
s 58 138 14 9
s 58 145 34 14
s 58 155 35 20
s 59 60 42 20
s 59 61 5 2
s 59 62 26 19
s 59 63 8 4
s 59 64 25 16
s 59 65 4 0
s 59 66 4 3
s 59 67 21 4
s 59 68 10 5
s 59 69 38 16
s 59 70 27 14
s 59 71 49 28
s 59 72 7 2
s 59 73 11 3
s 59 74 17 9
s 59 75 24 9
s 59 76 9 5
s 59 77 4 3
s 59 78 8 2
s 59 79 23 9
s 59 80 23 11
s 59 81 4 2
s 59 82 4 3
s 59 83 29 12
s 59 84 32 19
s 59 85 83 38
s 59 86 91 36
s 59 87 46 15
s 59 88 13 5
s 59 89 5 4
s 59 90 11 4
s 59 91 17 8
s 59 92 6 4
s 59 93 18 9
s 59 94 8 3
s 59 95 6 2
s 59 96 48 20
s 59 97 11 5
s 59 98 22 9
s 59 99 6 2
s 59 100 77 38
s 59 101 30 15
s 59 102 10 6
s 59 103 2 1
s 59 104 19 7
s 59 105 43 15
s 59 106 9 6
s 59 107 20 10
s 59 108 46 15
s 59 109 22 7
s 59 110 25 12
s 59 111 29 18
s 59 112 41 26
s 59 113 3 2
s 59 114 7 2
s 59 119 56 29
s 59 120 17 3
s 59 121 28 13
s 59 123 92 40
s 59 126 7 3
s 59 128 44 23
s 59 129 23 6
s 59 131 28 11
s 59 135 67 31
s 59 136 8 5
s 59 137 17 14
s 59 138 5 3
s 59 145 15 10
s 59 155 20 9
s 60 61 10 5
s 60 62 112 69
s 60 63 46 20
s 60 64 153 66
s 60 65 34 20
s 60 66 6 4
s 60 67 183 87
s 60 68 33 14
s 60 69 31 14
s 60 70 142 61
s 60 71 221 109
s 60 72 34 15
s 60 73 27 11
s 60 74 263 145
s 60 75 147 62
s 60 76 133 73
s 60 77 7 4
s 60 78 17 4
s 60 79 121 61
s 60 80 90 45
s 60 81 14 7
s 60 82 21 10
s 60 83 176 89
s 60 84 136 66
s 60 85 373 175
s 60 86 503 259
s 60 87 251 124
s 60 88 77 41
s 60 89 10 6
s 60 90 165 101
s 60 91 115 67
s 60 92 16 9
s 60 93 128 70
s 60 94 45 26
s 60 95 25 11
s 60 96 18 9
s 60 97 51 25
s 60 98 52 25
s 60 99 13 9
s 60 100 335 166
s 60 101 171 79
s 60 102 32 9
s 60 103 12 7
s 60 104 8 4
s 60 105 216 102
s 60 106 327 156
s 60 107 177 92
s 60 108 23 6
s 60 109 111 49
s 60 110 28 17
s 60 111 102 49
s 60 112 223 117
s 60 113 34 11
s 60 114 42 18
s 60 119 329 166
s 60 120 126 56
s 60 121 227 105
s 60 123 533 252
s 60 126 129 76
s 60 128 377 170
s 60 129 4 3
s 60 131 271 136
s 60 135 11 4
s 60 136 52 23
s 60 137 39 22
s 60 138 64 31
s 60 145 116 47
s 60 155 34 16
s 61 62 9 5
s 61 63 7 3
s 61 64 6 2
s 61 65 3 1
s 61 67 2 0
s 61 68 4 2
s 61 69 10 6
s 61 70 4 2
s 61 71 15 7
s 61 72 3 0
s 61 74 17 9
s 61 75 6 1
s 61 76 3 2
s 61 77 5 4
s 61 78 4 2
s 61 79 10 4
s 61 80 5 3
s 61 81 1 0
s 61 82 2 0
s 61 83 16 8
s 61 84 10 6
s 61 85 25 14
s 61 86 28 17
s 61 87 14 5
s 61 88 4 1
s 61 89 3 0
s 61 90 10 4
s 61 91 6 4
s 61 92 7 3
s 61 93 3 2
s 61 95 1 0
s 61 96 11 4
s 61 97 7 5
s 61 98 5 2
s 61 99 3 1
s 61 100 25 10
s 61 101 16 5
s 61 102 2 1
s 61 103 2 2
s 61 104 5 2
s 61 105 12 7
s 61 106 16 13
s 61 107 10 5
s 61 108 9 4
s 61 109 8 4
s 61 110 13 5
s 61 111 4 1
s 61 112 26 12
s 61 113 2 0
s 61 114 3 1
s 61 119 24 12
s 61 120 8 2
s 61 121 14 10
s 61 123 28 13
s 61 126 2 2
s 61 128 10 6
s 61 129 3 0
s 61 131 20 11
s 61 135 22 6
s 61 136 8 4
s 61 137 3 2
s 61 138 4 2
s 61 145 8 6
s 61 155 7 4
s 62 63 11 5
s 62 64 57 35
s 62 65 31 22
s 62 66 4 4
s 62 67 80 37
s 62 68 15 9
s 62 69 110 69
s 62 70 66 35
s 62 71 21 13
s 62 72 21 11
s 62 73 10 6
s 62 74 158 105
s 62 75 30 20
s 62 76 102 59
s 62 77 26 17
s 62 78 35 22
s 62 79 38 20
s 62 80 66 41
s 62 81 12 10
s 62 82 11 5
s 62 83 45 35
s 62 84 53 38
s 62 85 121 74
s 62 86 81 50
s 62 87 123 81
s 62 88 9 8
s 62 89 8 7
s 62 90 63 38
s 62 91 47 33
s 62 92 12 6
s 62 93 91 60
s 62 94 18 11
s 62 95 21 15
s 62 96 141 81
s 62 97 31 18
s 62 98 96 51
s 62 99 24 9
s 62 100 69 40
s 62 101 42 23
s 62 102 10 3
s 62 103 4 2
s 62 104 17 8
s 62 105 76 49
s 62 106 225 137
s 62 107 99 62
s 62 108 138 79
s 62 109 83 54
s 62 110 55 39
s 62 111 54 32
s 62 112 161 104
s 62 113 8 6
s 62 114 29 15
s 62 119 75 40
s 62 120 127 76
s 62 121 54 34
s 62 123 112 75
s 62 126 70 44
s 62 128 141 81
s 62 129 40 24
s 62 131 103 64
s 62 135 174 102
s 62 136 17 6
s 62 137 45 29
s 62 138 18 13
s 62 145 76 41
s 62 155 45 27
s 63 64 13 4
s 63 65 10 4
s 63 66 2 0
s 63 67 13 6
s 63 68 7 4
s 63 69 33 22
s 63 70 13 4
s 63 71 30 18
s 63 72 8 4
s 63 73 5 2
s 63 74 51 23
s 63 75 31 16
s 63 76 16 6
s 63 77 12 7
s 63 78 12 2
s 63 79 12 4
s 63 80 9 4
s 63 81 3 3
s 63 82 1 1
s 63 83 30 13
s 63 84 28 15
s 63 85 64 26
s 63 86 74 41
s 63 87 46 26
s 63 88 17 9
s 63 89 2 0
s 63 90 21 13
s 63 91 19 13
s 63 92 3 2
s 63 93 8 6
s 63 94 11 5
s 63 95 5 3
s 63 96 37 17
s 63 97 18 10
s 63 98 33 17
s 63 99 16 4
s 63 100 60 25
s 63 101 17 10
s 63 102 4 4
s 63 103 5 4
s 63 104 15 9
s 63 105 19 7
s 63 106 55 34
s 63 107 39 18
s 63 108 53 24
s 63 109 9 5
s 63 110 16 11
s 63 111 9 3
s 63 112 21 11
s 63 113 10 4
s 63 114 12 4
s 63 119 39 18
s 63 120 23 7
s 63 121 29 15
s 63 123 54 21
s 63 126 24 10
s 63 128 53 24
s 63 129 15 4
s 63 131 26 10
s 63 135 57 34
s 63 136 13 8
s 63 137 15 10
s 63 138 7 3
s 63 145 16 5
s 63 155 9 4
s 64 65 21 9
s 64 66 1 0
s 64 67 89 48
s 64 68 8 2
s 64 69 111 55
s 64 70 74 37
s 64 71 120 54
s 64 72 28 17
s 64 73 28 15
s 64 74 149 74
s 64 75 29 12
s 64 76 82 37
s 64 77 33 22
s 64 78 53 29
s 64 79 40 22
s 64 80 52 21
s 64 81 11 4
s 64 82 6 2
s 64 83 31 14
s 64 84 36 15
s 64 85 126 60
s 64 86 240 122
s 64 87 45 14
s 64 88 58 28
s 64 89 7 2
s 64 90 66 35
s 64 91 26 18
s 64 92 14 8
s 64 93 84 42
s 64 94 25 15
s 64 95 10 7
s 64 96 135 57
s 64 97 69 26
s 64 98 86 31
s 64 99 23 9
s 64 100 86 42
s 64 101 56 27
s 64 102 14 5
s 64 103 7 3
s 64 104 37 12
s 64 105 52 22
s 64 106 164 96
s 64 107 109 53
s 64 108 185 83
s 64 109 81 38
s 64 110 66 23
s 64 111 16 7
s 64 112 25 12
s 64 113 22 8
s 64 114 41 20
s 64 119 100 47
s 64 120 114 47
s 64 121 37 16
s 64 123 174 76
s 64 126 93 40
s 64 128 189 79
s 64 129 90 35
s 64 131 68 34
s 64 135 180 88
s 64 136 28 10
s 64 137 42 22
s 64 138 31 12
s 64 145 71 38
s 64 155 40 19
s 65 66 5 3
s 65 67 32 22
s 65 68 6 2
s 65 69 24 15
s 65 70 15 8
s 65 71 30 15
s 65 72 8 4
s 65 73 9 3
s 65 74 31 22
s 65 75 25 8
s 65 76 7 3
s 65 77 7 4
s 65 78 12 8
s 65 79 15 8
s 65 80 24 14
s 65 81 3 2
s 65 82 1 1
s 65 83 38 29
s 65 84 25 13
s 65 85 60 38
s 65 86 80 52
s 65 87 29 20
s 65 88 19 5
s 65 89 5 2
s 65 90 22 14
s 65 91 11 4
s 65 92 1 0
s 65 93 16 7
s 65 94 4 1
s 65 95 5 3
s 65 96 36 14
s 65 97 8 3
s 65 98 23 14
s 65 99 4 1
s 65 100 61 32
s 65 101 14 8
s 65 102 5 2
s 65 103 2 0
s 65 104 8 3
s 65 105 34 20
s 65 106 27 8
s 65 107 29 12
s 65 108 27 12
s 65 109 33 11
s 65 110 18 13
s 65 111 14 8
s 65 112 35 20
s 65 113 4 1
s 65 114 8 6
s 65 119 33 18
s 65 120 26 13
s 65 121 30 16
s 65 123 54 22
s 65 126 12 5
s 65 128 49 27
s 65 129 10 7
s 65 131 32 18
s 65 135 35 16
s 65 136 13 2
s 65 137 14 9
s 65 138 9 3
s 65 145 18 8
s 65 155 22 11
s 66 67 5 3
s 66 68 2 1
s 66 69 12 9
s 66 70 1 1
s 66 71 5 3
s 66 72 2 1
s 66 73 3 0
s 66 74 14 7
s 66 75 3 2
s 66 76 2 2
s 66 77 5 5
s 66 78 4 3
s 66 79 6 5
s 66 80 4 2
s 66 81 2 1
s 66 82 8 3
s 66 83 2 0
s 66 84 5 5
s 66 85 9 1
s 66 86 21 15
s 66 87 7 2
s 66 88 4 2
s 66 90 4 1
s 66 91 9 4
s 66 92 1 1
s 66 93 4 3
s 66 94 3 1
s 66 96 7 4
s 66 97 6 4
s 66 98 9 7
s 66 99 3 1
s 66 100 9 5
s 66 101 6 3
s 66 104 1 1
s 66 105 6 2
s 66 106 9 5
s 66 107 9 7
s 66 108 15 10
s 66 109 10 8
s 66 110 3 1
s 66 111 3 2
s 66 112 4 3
s 66 113 4 1
s 66 114 2 2
s 66 119 5 2
s 66 120 3 1
s 66 121 8 2
s 66 123 12 6
s 66 126 8 4
s 66 128 12 7
s 66 129 4 2
s 66 131 5 1
s 66 135 8 3
s 66 136 3 0
s 66 137 3 3
s 66 138 1 1
s 66 145 6 3
s 66 155 6 2
s 67 68 27 11
s 67 69 114 63
s 67 71 172 88
s 67 72 4 3
s 67 73 8 3
s 67 74 169 86
s 67 75 88 33
s 67 76 85 42
s 67 77 35 16
s 67 78 54 34
s 67 79 61 30
s 67 80 7 3
s 67 81 6 2
s 67 82 10 6
s 67 83 94 58
s 67 84 50 20
s 67 85 260 135
s 67 86 311 171
s 67 87 153 84
s 67 88 75 39
s 67 89 1 0
s 67 90 101 46
s 67 91 37 25
s 67 92 14 7
s 67 93 24 14
s 67 95 2 0
s 67 96 163 93
s 67 97 52 20
s 67 98 94 37
s 67 99 38 25
s 67 100 149 76
s 67 101 123 64
s 67 102 19 10
s 67 103 8 3
s 67 104 48 30
s 67 105 121 64
s 67 106 207 114
s 67 107 134 69
s 67 108 206 80
s 67 110 116 57
s 67 111 65 29
s 67 112 152 83
s 67 113 9 3
s 67 114 18 9
s 67 119 175 83
s 67 120 112 56
s 67 121 146 71
s 67 123 339 177
s 67 126 100 54
s 67 128 265 118
s 67 129 87 36
s 67 131 150 78
s 67 135 243 133
s 67 136 25 9
s 67 137 71 37
s 67 138 5 1
s 67 145 19 8
s 67 155 52 39
s 68 69 26 12
s 68 70 17 6
s 68 71 54 27
s 68 72 5 2
s 68 73 11 7
s 68 74 44 13
s 68 75 9 2
s 68 76 26 8
s 68 77 7 5
s 68 78 9 6
s 68 79 8 5
s 68 80 17 8
s 68 81 10 6
s 68 82 6 4
s 68 83 10 2
s 68 84 13 8
s 68 85 35 14
s 68 86 70 34
s 68 87 11 2
s 68 88 13 5
s 68 89 4 2
s 68 90 20 12
s 68 91 10 3
s 68 92 3 1
s 68 93 27 12
s 68 94 8 4
s 68 95 2 1
s 68 96 43 17
s 68 97 31 15
s 68 98 17 7
s 68 99 6 1
s 68 100 29 12
s 68 101 12 6
s 68 102 2 1
s 68 103 2 1
s 68 104 15 8
s 68 105 26 8
s 68 106 46 30
s 68 107 32 17
s 68 108 58 26
s 68 109 18 7
s 68 110 18 5
s 68 111 5 4
s 68 112 6 1
s 68 113 7 4
s 68 114 11 6
s 68 119 33 21
s 68 120 29 11
s 68 121 16 5
s 68 123 63 29
s 68 126 17 11
s 68 128 67 31
s 68 129 37 10
s 68 131 17 7
s 68 135 59 25
s 68 136 11 3
s 68 137 19 8
s 68 138 14 7
s 68 145 19 5
s 68 155 5 3
s 69 70 95 54
s 69 71 184 100
s 69 72 23 11
s 69 73 34 21
s 69 74 217 103
s 69 75 98 48
s 69 76 122 63
s 69 77 9 6
s 69 78 21 14
s 69 79 102 48
s 69 80 94 41
s 69 81 11 6
s 69 82 22 7
s 69 83 136 82
s 69 84 138 70
s 69 85 320 154
s 69 86 463 254
s 69 87 198 96
s 69 88 85 51
s 69 89 15 9
s 69 90 144 82
s 69 91 71 36
s 69 92 7 4
s 69 93 131 79
s 69 94 29 12
s 69 95 22 12
s 69 96 28 11
s 69 97 31 16
s 69 98 46 24
s 69 99 11 5
s 69 100 233 116
s 69 101 128 52
s 69 102 18 6
s 69 103 12 8
s 69 104 6 5
s 69 105 172 109
s 69 106 324 167
s 69 107 186 87
s 69 108 30 12
s 69 109 122 68
s 69 110 117 53
s 69 111 68 32
s 69 112 255 136
s 69 113 23 10
s 69 114 42 14
s 69 119 320 175
s 69 120 171 94
s 69 121 379 179
s 69 123 466 229
s 69 126 133 75
s 69 128 297 124
s 69 129 13 7
s 69 131 212 93
s 69 135 49 26
s 69 136 37 18
s 69 137 30 19
s 69 138 49 30
s 69 145 114 61
s 69 155 49 26
s 70 71 125 74
s 70 72 11 5
s 70 73 9 5
s 70 74 156 71
s 70 75 85 37
s 70 76 80 48
s 70 77 20 10
s 70 78 50 24
s 70 79 50 22
s 70 80 9 6
s 70 81 11 2
s 70 82 10 2
s 70 83 44 32
s 70 84 75 36
s 70 85 162 80
s 70 86 278 130
s 70 87 155 75
s 70 88 54 28
s 70 90 58 30
s 70 91 23 11
s 70 92 14 6
s 70 93 14 8
s 70 94 1 1
s 70 95 1 0
s 70 96 127 55
s 70 97 60 21
s 70 98 95 29
s 70 99 20 11
s 70 100 121 59
s 70 101 86 42
s 70 102 18 4
s 70 103 8 4
s 70 104 47 19
s 70 105 105 59
s 70 106 142 66
s 70 107 95 46
s 70 108 147 69
s 70 109 5 3
s 70 110 75 34
s 70 111 47 22
s 70 112 100 50
s 70 113 18 9
s 70 114 10 4
s 70 119 173 80
s 70 120 87 39
s 70 121 125 61
s 70 123 204 97
s 70 126 67 37
s 70 128 202 82
s 70 129 73 30
s 70 131 101 41
s 70 135 179 73
s 70 136 29 20
s 70 137 43 28
s 70 138 2 2
s 70 145 14 5
s 70 155 33 18
s 71 72 38 17
s 71 73 29 11
s 71 74 283 152
s 71 75 149 70
s 71 76 162 94
s 71 77 50 27
s 71 78 59 34
s 71 79 39 12
s 71 80 80 46
s 71 81 15 9
s 71 82 11 6
s 71 83 92 53
s 71 84 102 50
s 71 85 284 142
s 71 86 251 145
s 71 87 252 130
s 71 88 35 15
s 71 89 15 6
s 71 90 129 80
s 71 91 126 76
s 71 92 31 15
s 71 93 157 81
s 71 94 49 24
s 71 95 34 16
s 71 96 193 102
s 71 97 80 30
s 71 98 145 69
s 71 99 57 30
s 71 100 117 65
s 71 101 126 66
s 71 102 32 14
s 71 103 11 8
s 71 104 63 37
s 71 105 114 63
s 71 106 266 136
s 71 107 140 73
s 71 108 214 99
s 71 109 127 52
s 71 110 138 63
s 71 111 87 42
s 71 112 184 97
s 71 113 31 18
s 71 114 65 38
s 71 119 129 67
s 71 120 161 78
s 71 121 126 53
s 71 123 176 69
s 71 126 110 55
s 71 128 354 165
s 71 129 88 39
s 71 131 133 63
s 71 135 389 191
s 71 136 53 28
s 71 137 83 50
s 71 138 75 41
s 71 145 108 55
s 71 155 54 33
s 72 73 9 9
s 72 74 47 27
s 72 75 23 15
s 72 76 20 11
s 72 77 13 7
s 72 78 19 11
s 72 79 15 9
s 72 80 5 1
s 72 81 4 3
s 72 82 5 4
s 72 83 22 12
s 72 84 36 9
s 72 85 60 25
s 72 86 87 47
s 72 87 38 15
s 72 88 12 8
s 72 89 2 1
s 72 90 27 14
s 72 91 42 21
s 72 92 3 3
s 72 93 19 9
s 72 94 1 0
s 72 95 1 0
s 72 96 39 24
s 72 97 15 10
s 72 98 23 11
s 72 99 15 7
s 72 100 63 25
s 72 101 18 5
s 72 102 8 2
s 72 103 5 1
s 72 104 13 9
s 72 105 25 11
s 72 106 53 26
s 72 107 38 22
s 72 108 53 22
s 72 109 10 5
s 72 110 18 12
s 72 111 14 6
s 72 112 30 20
s 72 113 9 4
s 72 114 7 5
s 72 119 36 20
s 72 120 27 14
s 72 121 25 11
s 72 123 57 22
s 72 126 26 13
s 72 128 78 36
s 72 129 40 17
s 72 131 26 14
s 72 135 75 32
s 72 136 13 7
s 72 137 14 7
s 72 138 3 0
s 72 145 10 4
s 72 155 26 15
s 73 74 33 19
s 73 75 22 10
s 73 76 13 10
s 73 77 6 4
s 73 78 13 9
s 73 79 14 7
s 73 80 10 5
s 73 82 4 1
s 73 83 14 7
s 73 84 27 12
s 73 85 62 29
s 73 86 71 39
s 73 87 27 16
s 73 88 14 6
s 73 89 1 1
s 73 90 27 16
s 73 91 16 7
s 73 92 3 1
s 73 93 8 6
s 73 94 5 3
s 73 95 3 1
s 73 96 39 24
s 73 97 10 3
s 73 98 25 14
s 73 99 15 5
s 73 100 21 12
s 73 101 27 20
s 73 102 7 5
s 73 103 2 1
s 73 104 6 4
s 73 105 40 21
s 73 106 76 47
s 73 107 26 13
s 73 108 48 25
s 73 109 2 0
s 73 110 30 16
s 73 111 11 7
s 73 112 31 17
s 73 113 4 3
s 73 114 7 5
s 73 119 52 31
s 73 120 32 14
s 73 121 27 14
s 73 123 76 37
s 73 126 19 10
s 73 128 44 14
s 73 129 21 12
s 73 131 41 19
s 73 135 53 28
s 73 136 8 4
s 73 137 33 21
s 73 145 7 4
s 73 155 22 9
s 74 75 138 62
s 74 76 17 8
s 74 77 42 24
s 74 78 83 48
s 74 79 142 71
s 74 80 105 55
s 74 81 27 11
s 74 82 8 3
s 74 83 175 111
s 74 84 195 95
s 74 85 453 217
s 74 86 516 275
s 74 87 238 123
s 74 88 113 73
s 74 89 18 8
s 74 90 72 42
s 74 91 67 39
s 74 92 24 11
s 74 93 104 54
s 74 94 56 26
s 74 95 28 16
s 74 96 349 174
s 74 97 120 53
s 74 98 139 65
s 74 99 54 28
s 74 100 374 184
s 74 101 155 59
s 74 102 45 17
s 74 103 23 13
s 74 104 121 57
s 74 105 254 127
s 74 106 25 15
s 74 107 99 49
s 74 108 374 179
s 74 109 182 103
s 74 110 173 91
s 74 111 106 54
s 74 112 246 141
s 74 113 12 4
s 74 114 52 27
s 74 119 318 164
s 74 120 47 23
s 74 121 226 118
s 74 123 558 279
s 74 126 15 8
s 74 128 296 123
s 74 129 130 57
s 74 131 281 133
s 74 135 319 154
s 74 136 54 23
s 74 137 79 39
s 74 138 73 32
s 74 145 111 47
s 74 155 91 59
s 75 76 59 22
s 75 77 17 10
s 75 78 38 16
s 75 79 18 5
s 75 80 37 20
s 75 81 11 5
s 75 82 16 9
s 75 83 27 12
s 75 84 48 19
s 75 85 120 54
s 75 86 153 67
s 75 87 36 14
s 75 88 34 17
s 75 89 12 6
s 75 90 51 27
s 75 91 32 21
s 75 92 13 7
s 75 93 83 41
s 75 94 23 12
s 75 95 18 9
s 75 96 136 61
s 75 97 83 34
s 75 98 84 43
s 75 99 29 15
s 75 100 139 66
s 75 101 58 23
s 75 102 16 7
s 75 103 3 2
s 75 104 50 25
s 75 105 61 25
s 75 106 161 90
s 75 107 102 51
s 75 108 136 53
s 75 109 62 24
s 75 110 60 24
s 75 111 18 9
s 75 112 31 11
s 75 113 14 8
s 75 114 28 12
s 75 119 87 41
s 75 120 81 44
s 75 121 46 25
s 75 123 164 65
s 75 126 71 33
s 75 128 164 73
s 75 129 86 41
s 75 131 56 25
s 75 135 220 106
s 75 136 35 16
s 75 137 64 37
s 75 138 31 10
s 75 145 64 34
s 75 155 40 24
s 76 77 16 10
s 76 78 40 19
s 76 79 66 27
s 76 80 50 22
s 76 81 10 7
s 76 82 3 2
s 76 83 70 44
s 76 84 92 48
s 76 85 206 110
s 76 86 268 146
s 76 87 126 56
s 76 88 54 32
s 76 89 6 3
s 76 90 26 12
s 76 91 44 24
s 76 92 9 6
s 76 93 64 39
s 76 94 14 7
s 76 95 15 3
s 76 96 154 72
s 76 97 51 28
s 76 98 81 35
s 76 99 27 6
s 76 100 175 79
s 76 101 76 35
s 76 102 22 13
s 76 103 16 12
s 76 104 45 20
s 76 105 117 63
s 76 106 18 12
s 76 107 54 28
s 76 108 165 68
s 76 109 69 41
s 76 110 63 31
s 76 111 50 18
s 76 112 148 85
s 76 113 4 1
s 76 114 21 11
s 76 119 193 94
s 76 120 28 13
s 76 121 91 41
s 76 123 246 109
s 76 126 9 4
s 76 128 109 46
s 76 129 57 28
s 76 131 108 63
s 76 135 199 97
s 76 136 19 9
s 76 137 36 19
s 76 138 25 11
s 76 145 57 33
s 76 155 33 23
s 77 78 6 2
s 77 79 22 13
s 77 80 32 17
s 77 81 5 3
s 77 82 1 1
s 77 83 40 25
s 77 84 32 17
s 77 85 47 22
s 77 86 115 64
s 77 87 48 29
s 77 88 15 9
s 77 89 1 1
s 77 90 31 17
s 77 91 15 6
s 77 92 2 2
s 77 93 20 10
s 77 94 7 1
s 77 95 5 3
s 77 96 5 2
s 77 97 5 3
s 77 98 10 8
s 77 99 3 1
s 77 100 57 36
s 77 101 19 7
s 77 102 5 3
s 77 103 4 3
s 77 104 6 3
s 77 105 53 35
s 77 106 94 59
s 77 107 58 38
s 77 108 9 3
s 77 109 21 13
s 77 110 26 16
s 77 111 13 12
s 77 112 58 37
s 77 113 6 2
s 77 114 10 7
s 77 119 90 56
s 77 120 47 28
s 77 121 29 14
s 77 123 140 81
s 77 126 29 18
s 77 128 73 45
s 77 129 2 0
s 77 131 48 27
s 77 135 10 7
s 77 136 12 7
s 77 137 7 4
s 77 138 16 8
s 77 145 29 16
s 77 155 11 5
s 78 79 36 24
s 78 80 43 26
s 78 81 3 2
s 78 82 9 7
s 78 83 51 21
s 78 84 48 25
s 78 85 103 62
s 78 86 216 117
s 78 87 74 45
s 78 88 19 8
s 78 89 7 5
s 78 90 30 18
s 78 91 12 5
s 78 92 2 1
s 78 93 50 29
s 78 94 10 7
s 78 95 7 4
s 78 96 7 4
s 78 97 17 9
s 78 98 14 5
s 78 99 7 6
s 78 100 104 55
s 78 101 59 32
s 78 102 9 5
s 78 103 5 3
s 78 104 5 3
s 78 105 73 40
s 78 106 90 54
s 78 107 70 41
s 78 108 7 4
s 78 109 52 27
s 78 110 49 24
s 78 111 34 11
s 78 112 82 49
s 78 113 11 7
s 78 114 25 19
s 78 119 113 54
s 78 120 78 43
s 78 121 50 23
s 78 123 155 81
s 78 126 51 22
s 78 128 93 55
s 78 129 1 0
s 78 131 82 45
s 78 135 22 10
s 78 136 16 5
s 78 137 16 11
s 78 138 17 13
s 78 145 36 17
s 78 155 21 15
s 79 80 42 22
s 79 81 12 4
s 79 82 7 3
s 79 83 47 25
s 79 84 44 15
s 79 85 122 52
s 79 86 105 52
s 79 87 53 21
s 79 88 17 4
s 79 89 5 3
s 79 90 50 29
s 79 91 24 12
s 79 92 14 7
s 79 93 37 21
s 79 94 32 13
s 79 95 14 7
s 79 96 155 76
s 79 97 40 18
s 79 98 57 29
s 79 99 27 11
s 79 100 103 53
s 79 101 30 14
s 79 102 16 4
s 79 103 6 2
s 79 104 15 6
s 79 105 45 21
s 79 106 134 72
s 79 107 107 50
s 79 108 163 67
s 79 109 75 36
s 79 110 38 21
s 79 111 9 6
s 79 112 36 17
s 79 113 18 6
s 79 114 22 9
s 79 119 77 40
s 79 120 87 44
s 79 121 43 17
s 79 123 101 39
s 79 126 63 32
s 79 128 132 59
s 79 129 47 22
s 79 131 33 11
s 79 135 146 83
s 79 136 24 13
s 79 137 30 11
s 79 138 27 16
s 79 145 65 32
s 79 155 41 20
s 80 81 5 1
s 80 82 2 1
s 80 83 72 41
s 80 84 56 29
s 80 85 154 73
s 80 86 205 112
s 80 87 98 46
s 80 88 40 22
s 80 90 82 50
s 80 91 22 13
s 80 92 8 2
s 80 93 22 12
s 80 95 3 2
s 80 96 126 64
s 80 97 24 9
s 80 98 60 31
s 80 99 28 9
s 80 100 227 110
s 80 101 64 28
s 80 102 10 5
s 80 103 5 1
s 80 104 24 13
s 80 105 100 46
s 80 106 140 83
s 80 107 96 52
s 80 108 107 53
s 80 109 6 4
s 80 110 63 35
s 80 111 24 9
s 80 112 106 67
s 80 113 9 4
s 80 114 17 9
s 80 119 155 67
s 80 120 87 38
s 80 121 78 44
s 80 123 216 103
s 80 126 61 31
s 80 128 156 79
s 80 129 41 21
s 80 131 93 43
s 80 135 165 82
s 80 136 23 13
s 80 137 42 21
s 80 138 7 4
s 80 145 7 3
s 80 155 58 35
s 81 82 2 0
s 81 83 5 5
s 81 84 18 7
s 81 85 27 10
s 81 86 33 15
s 81 87 23 9
s 81 88 9 4
s 81 89 1 0
s 81 90 11 8
s 81 91 8 3
s 81 92 2 2
s 81 93 12 7
s 81 94 4 2
s 81 96 18 10
s 81 97 9 4
s 81 98 10 2
s 81 99 3 2
s 81 100 21 2
s 81 101 19 4
s 81 103 2 1
s 81 104 2 1
s 81 105 17 8
s 81 106 20 9
s 81 107 18 9
s 81 108 25 12
s 81 109 4 1
s 81 110 17 7
s 81 111 8 2
s 81 112 15 8
s 81 113 7 3
s 81 114 4 4
s 81 119 23 9
s 81 120 15 5
s 81 121 22 6
s 81 123 39 16
s 81 126 10 4
s 81 128 32 9
s 81 129 10 3
s 81 131 18 12
s 81 135 34 18
s 81 136 7 4
s 81 137 12 5
s 81 138 5 2
s 81 145 7 1
s 81 155 8 4
s 82 83 9 7
s 82 84 13 8
s 82 85 36 16
s 82 86 43 19
s 82 87 24 15
s 82 88 8 5
s 82 89 2 1
s 82 90 7 4
s 82 91 9 5
s 82 92 4 3
s 82 93 5 2
s 82 94 4 2
s 82 95 1 1
s 82 96 22 16
s 82 97 12 4
s 82 98 12 3
s 82 99 3 2
s 82 100 27 15
s 82 101 13 7
s 82 102 1 0
s 82 103 5 4
s 82 104 6 2
s 82 105 14 6
s 82 106 11 5
s 82 107 14 8
s 82 108 16 10
s 82 109 7 4
s 82 110 9 3
s 82 111 10 7
s 82 112 26 16
s 82 113 1 1
s 82 114 3 2
s 82 119 15 6
s 82 120 9 5
s 82 121 13 7
s 82 123 41 18
s 82 126 6 2
s 82 128 25 11
s 82 129 16 9
s 82 131 20 11
s 82 135 26 15
s 82 136 4 2
s 82 137 4 3
s 82 138 3 1
s 82 145 4 1
s 82 155 7 5
s 83 84 23 10
s 83 85 72 35
s 83 86 354 222
s 83 87 29 19
s 83 88 40 25
s 83 89 14 11
s 83 90 126 82
s 83 91 56 29
s 83 92 20 10
s 83 93 73 47
s 83 94 35 22
s 83 95 16 9
s 83 96 234 133
s 83 97 48 33
s 83 98 83 46
s 83 99 26 13
s 83 100 42 23
s 83 101 114 61
s 83 102 15 8
s 83 103 5 3
s 83 104 38 18
s 83 105 103 66
s 83 106 252 166
s 83 107 122 73
s 83 108 239 132
s 83 109 88 45
s 83 110 119 78
s 83 111 14 7
s 83 112 34 15
s 83 113 26 11
s 83 114 21 12
s 83 119 177 107
s 83 120 143 79
s 83 121 65 43
s 83 123 283 154
s 83 126 90 62
s 83 128 215 117
s 83 129 60 25
s 83 131 108 50
s 83 135 202 120
s 83 136 27 17
s 83 137 74 53
s 83 138 60 32
s 83 145 66 32
s 83 155 73 44
s 84 85 95 43
s 84 86 379 201
s 84 87 55 28
s 84 88 42 18
s 84 89 4 2
s 84 90 99 57
s 84 91 55 32
s 84 92 13 6
s 84 93 86 48
s 84 94 25 15
s 84 95 17 9
s 84 96 149 70
s 84 97 52 25
s 84 98 126 60
s 84 99 42 17
s 84 100 64 35
s 84 101 91 44
s 84 102 13 5
s 84 103 18 13
s 84 104 31 15
s 84 105 90 46
s 84 106 151 74
s 84 107 102 50
s 84 108 216 107
s 84 109 77 25
s 84 110 99 47
s 84 111 13 3
s 84 112 67 37
s 84 113 18 9
s 84 114 31 18
s 84 119 105 43
s 84 120 130 63
s 84 121 109 59
s 84 123 214 108
s 84 126 99 42
s 84 128 209 109
s 84 129 86 51
s 84 131 111 57
s 84 135 237 129
s 84 136 34 15
s 84 137 35 19
s 84 138 56 22
s 84 145 69 35
s 84 155 60 32
s 85 86 832 419
s 85 87 180 85
s 85 88 115 62
s 85 89 24 10
s 85 90 385 215
s 85 91 141 84
s 85 92 48 25
s 85 93 191 105
s 85 94 64 37
s 85 95 35 22
s 85 96 401 195
s 85 97 161 71
s 85 98 191 72
s 85 99 67 30
s 85 100 256 131
s 85 101 205 92
s 85 102 26 7
s 85 103 7 3
s 85 104 101 59
s 85 105 315 161
s 85 106 610 307
s 85 107 326 168
s 85 108 457 199
s 85 109 215 112
s 85 110 156 69
s 85 111 67 36
s 85 112 164 78
s 85 113 39 17
s 85 114 88 39
s 85 119 456 209
s 85 120 340 173
s 85 121 187 82
s 85 123 740 355
s 85 126 273 133
s 85 128 486 206
s 85 129 157 65
s 85 131 268 122
s 85 135 445 197
s 85 136 84 43
s 85 137 129 73
s 85 138 139 66
s 85 145 192 98
s 85 155 129 76
s 86 87 397 209
s 86 88 89 48
s 86 89 37 14
s 86 90 199 115
s 86 91 141 73
s 86 92 36 18
s 86 93 261 144
s 86 94 96 53
s 86 95 74 31
s 86 96 556 288
s 86 97 243 129
s 86 98 362 185
s 86 99 96 48
s 86 100 547 283
s 86 101 154 84
s 86 102 54 31
s 86 103 17 9
s 86 104 129 70
s 86 105 218 112
s 86 106 699 380
s 86 107 394 214
s 86 108 1137 524
s 86 109 301 177
s 86 110 195 94
s 86 111 126 56
s 86 112 395 222
s 86 113 57 27
s 86 114 117 61
s 86 119 244 120
s 86 120 413 220
s 86 121 234 129
s 86 123 393 207
s 86 126 296 150
s 86 128 569 273
s 86 129 323 164
s 86 131 312 161
s 86 135 705 368
s 86 136 108 60
s 86 137 215 121
s 86 138 137 72
s 86 145 282 132
s 86 155 203 113
s 87 88 103 50
s 87 89 23 16
s 87 90 134 79
s 87 91 52 24
s 87 92 21 11
s 87 93 164 99
s 87 94 38 19
s 87 95 23 12
s 87 96 238 113
s 87 97 101 50
s 87 98 163 73
s 87 99 50 27
s 87 100 170 83
s 87 101 118 50
s 87 102 19 9
s 87 103 9 4
s 87 104 70 35
s 87 105 106 38
s 87 106 279 137
s 87 107 189 102
s 87 108 287 109
s 87 109 173 83
s 87 110 122 66
s 87 111 18 5
s 87 112 40 19
s 87 113 28 14
s 87 114 65 31
s 87 119 191 107
s 87 120 195 95
s 87 121 64 26
s 87 123 327 150
s 87 126 161 75
s 87 128 329 143
s 87 129 136 56
s 87 131 109 56
s 87 135 352 176
s 87 136 53 30
s 87 137 89 55
s 87 138 45 22
s 87 145 106 56
s 87 155 79 43
s 88 89 13 5
s 88 90 41 17
s 88 91 22 13
s 88 92 3 2
s 88 93 62 37
s 88 94 13 6
s 88 95 16 12
s 88 96 84 43
s 88 97 26 12
s 88 98 78 41
s 88 99 29 15
s 88 100 47 30
s 88 101 36 15
s 88 102 5 1
s 88 103 7 4
s 88 104 27 16
s 88 105 40 19
s 88 106 110 63
s 88 107 54 26
s 88 108 106 49
s 88 109 47 26
s 88 110 60 33
s 88 111 29 15
s 88 112 62 36
s 88 113 5 3
s 88 114 32 16
s 88 119 68 36
s 88 120 67 30
s 88 121 54 27
s 88 123 107 66
s 88 126 53 27
s 88 128 125 71
s 88 129 40 21
s 88 131 60 29
s 88 135 170 95
s 88 136 18 8
s 88 137 34 19
s 88 138 28 12
s 88 145 48 28
s 88 155 18 10
s 89 90 17 13
s 89 91 7 5
s 89 92 2 1
s 89 93 1 1
s 89 94 1 0
s 89 95 1 0
s 89 96 27 18
s 89 97 11 6
s 89 98 8 6
s 89 99 6 4
s 89 100 10 4
s 89 101 11 5
s 89 102 4 0
s 89 104 3 2
s 89 105 23 11
s 89 106 29 13
s 89 107 18 10
s 89 108 22 7
s 89 109 4 1
s 89 110 14 7
s 89 111 4 3
s 89 112 19 12
s 89 113 1 0
s 89 114 3 0
s 89 119 25 12
s 89 120 17 9
s 89 121 13 6
s 89 123 50 27
s 89 126 12 5
s 89 128 25 12
s 89 129 11 5
s 89 131 15 8
s 89 135 26 10
s 89 136 4 1
s 89 137 7 3
s 89 138 2 0
s 89 145 5 2
s 89 155 7 3
s 90 91 51 30
s 90 92 10 6
s 90 93 76 42
s 90 94 31 16
s 90 95 22 15
s 90 96 172 103
s 90 97 44 24
s 90 98 122 67
s 90 99 49 24
s 90 100 244 123
s 90 101 61 36
s 90 102 18 9
s 90 103 6 6
s 90 104 44 27
s 90 105 124 73
s 90 106 178 108
s 90 107 122 76
s 90 108 252 138
s 90 109 141 81
s 90 110 60 26
s 90 111 51 30
s 90 112 143 83
s 90 113 5 3
s 90 114 26 17
s 90 119 146 84
s 90 120 150 80
s 90 121 100 46
s 90 123 229 126
s 90 126 45 29
s 90 128 142 72
s 90 129 68 38
s 90 131 147 80
s 90 135 164 93
s 90 136 31 16
s 90 137 43 31
s 90 138 39 23
s 90 145 92 57
s 90 155 91 61
s 91 92 11 4
s 91 93 67 37
s 91 94 15 6
s 91 95 10 5
s 91 96 79 41
s 91 97 32 15
s 91 98 42 20
s 91 99 37 13
s 91 100 120 64
s 91 101 36 14
s 91 102 16 6
s 91 103 8 5
s 91 104 26 13
s 91 105 63 41
s 91 106 69 44
s 91 107 75 40
s 91 108 79 37
s 91 109 31 12
s 91 110 33 16
s 91 111 17 10
s 91 112 65 33
s 91 113 24 10
s 91 114 19 10
s 91 119 84 48
s 91 120 37 28
s 91 121 43 23
s 91 123 154 83
s 91 126 40 29
s 91 128 78 34
s 91 129 46 22
s 91 131 60 28
s 91 135 79 41
s 91 136 39 25
s 91 137 25 14
s 91 138 62 45
s 91 145 32 15
s 91 155 136 81
s 92 93 8 4
s 92 94 8 6
s 92 95 3 1
s 92 96 14 7
s 92 97 8 5
s 92 98 8 4
s 92 99 5 4
s 92 100 52 31
s 92 101 16 9
s 92 102 1 1
s 92 103 4 1
s 92 104 1 0
s 92 105 18 10
s 92 106 23 14
s 92 107 15 8
s 92 108 13 2
s 92 109 13 5
s 92 110 13 10
s 92 111 6 3
s 92 112 19 10
s 92 113 4 1
s 92 114 13 7
s 92 119 19 9
s 92 120 13 6
s 92 121 15 8
s 92 123 42 24
s 92 126 11 5
s 92 128 27 14
s 92 129 7 4
s 92 131 12 6
s 92 135 22 15
s 92 136 8 2
s 92 137 11 5
s 92 138 5 3
s 92 145 12 7
s 92 155 5 2
s 93 94 7 5
s 93 95 6 3
s 93 96 138 67
s 93 97 44 24
s 93 98 81 43
s 93 99 30 14
s 93 100 140 67
s 93 101 122 60
s 93 102 12 5
s 93 103 7 6
s 93 104 50 25
s 93 105 113 69
s 93 106 99 48
s 93 107 106 50
s 93 108 169 91
s 93 109 19 9
s 93 110 88 42
s 93 111 39 28
s 93 112 124 76
s 93 113 15 10
s 93 114 16 9
s 93 119 180 107
s 93 120 89 41
s 93 121 105 54
s 93 123 259 141
s 93 126 54 31
s 93 128 191 99
s 93 129 66 27
s 93 131 112 56
s 93 135 207 127
s 93 136 28 15
s 93 137 50 31
s 93 138 9 5
s 93 145 20 11
s 93 155 57 33
s 94 95 1 0
s 94 96 52 28
s 94 97 23 10
s 94 98 15 7
s 94 99 5 0
s 94 100 66 28
s 94 101 16 8
s 94 102 5 1
s 94 103 4 2
s 94 104 18 11
s 94 105 46 23
s 94 106 51 28
s 94 107 33 15
s 94 108 54 19
s 94 109 3 2
s 94 110 44 13
s 94 111 4 4
s 94 112 33 15
s 94 113 1 1
s 94 114 3 3
s 94 119 35 19
s 94 120 37 19
s 94 121 41 12
s 94 123 62 24
s 94 126 33 19
s 94 128 66 30
s 94 129 31 9
s 94 131 42 19
s 94 135 54 21
s 94 136 3 1
s 94 137 17 7
s 94 145 3 1
s 94 155 19 10
s 95 96 29 14
s 95 97 15 6
s 95 98 19 11
s 95 99 8 2
s 95 100 35 19
s 95 101 25 13
s 95 102 3 1
s 95 103 2 1
s 95 104 14 4
s 95 105 27 15
s 95 106 29 17
s 95 107 27 15
s 95 108 40 19
s 95 109 1 0
s 95 110 23 14
s 95 111 16 13
s 95 112 31 14
s 95 113 4 2
s 95 114 2 0
s 95 119 37 18
s 95 120 16 6
s 95 121 19 4
s 95 123 54 25
s 95 126 18 14
s 95 128 45 22
s 95 129 25 12
s 95 131 22 12
s 95 135 48 32
s 95 136 7 5
s 95 137 11 7
s 95 138 1 1
s 95 145 8 2
s 95 155 8 6
s 96 97 30 12
s 96 98 34 14
s 96 99 10 7
s 96 100 332 156
s 96 101 200 84
s 96 102 31 14
s 96 103 13 7
s 96 104 3 3
s 96 105 246 125
s 96 106 365 196
s 96 107 230 112
s 96 108 12 5
s 96 109 176 88
s 96 110 170 85
s 96 111 71 34
s 96 112 280 162
s 96 113 20 10
s 96 114 75 40
s 96 119 373 192
s 96 120 168 91
s 96 121 185 96
s 96 123 679 339
s 96 126 152 70
s 96 128 440 210
s 96 129 7 4
s 96 131 311 172
s 96 135 29 16
s 96 136 45 25
s 96 137 26 17
s 96 138 88 41
s 96 145 147 79
s 96 155 35 18
s 97 98 34 15
s 97 99 14 5
s 97 100 112 61
s 97 101 86 39
s 97 102 15 7
s 97 103 8 3
s 97 104 19 10
s 97 105 191 91
s 97 106 88 39
s 97 107 60 25
s 97 108 48 12
s 97 109 49 30
s 97 110 85 39
s 97 111 47 17
s 97 112 83 48
s 97 113 17 10
s 97 114 28 14
s 97 119 125 63
s 97 120 45 21
s 97 121 66 23
s 97 123 146 75
s 97 126 47 28
s 97 128 125 58
s 97 129 36 14
s 97 131 96 42
s 97 135 66 34
s 97 136 27 7
s 97 137 23 10
s 97 138 30 15
s 97 145 51 17
s 97 155 22 11
s 98 99 8 3
s 98 100 210 101
s 98 101 100 44
s 98 102 8 3
s 98 103 9 4
s 98 104 10 6
s 98 105 148 71
s 98 106 243 128
s 98 107 150 81
s 98 108 36 14
s 98 109 91 46
s 98 110 80 36
s 98 111 54 27
s 98 112 165 80
s 98 113 27 11
s 98 114 35 12
s 98 119 230 122
s 98 120 104 52
s 98 121 96 36
s 98 123 300 126
s 98 126 68 26
s 98 128 255 104
s 98 129 26 13
s 98 131 189 87
s 98 135 48 19
s 98 136 33 13
s 98 137 27 12
s 98 138 35 18
s 98 145 86 45
s 98 155 45 22
s 99 100 53 15
s 99 101 34 13
s 99 102 2 2
s 99 103 6 4
s 99 104 6 2
s 99 105 45 14
s 99 106 52 25
s 99 107 34 14
s 99 108 10 7
s 99 109 19 10
s 99 110 13 5
s 99 111 18 11
s 99 112 31 18
s 99 113 7 2
s 99 114 17 8
s 99 119 51 23
s 99 120 33 12
s 99 121 39 19
s 99 123 107 52
s 99 126 27 9
s 99 128 68 29
s 99 129 6 2
s 99 131 51 22
s 99 135 19 8
s 99 136 17 7
s 99 137 7 4
s 99 138 10 3
s 99 145 20 8
s 99 155 13 6
s 100 101 209 90
s 100 102 24 10
s 100 103 4 0
s 100 104 80 37
s 100 105 206 112
s 100 106 441 235
s 100 107 241 113
s 100 108 389 188
s 100 109 226 111
s 100 110 184 101
s 100 111 68 27
s 100 112 126 66
s 100 113 45 23
s 100 114 83 45
s 100 119 269 142
s 100 120 241 122
s 100 121 160 75
s 100 123 462 224
s 100 126 183 91
s 100 128 483 229
s 100 129 173 77
s 100 131 199 85
s 100 135 575 309
s 100 136 50 19
s 100 137 115 62
s 100 138 120 54
s 100 145 122 54
s 100 155 121 71
s 101 102 25 12
s 101 103 5 4
s 101 104 168 75
s 101 105 47 19
s 101 106 240 125
s 101 107 130 61
s 101 108 144 62
s 101 109 86 26
s 101 110 68 42
s 101 111 42 19
s 101 112 83 46
s 101 113 21 11
s 101 114 59 27
s 101 119 79 34
s 101 120 110 55
s 101 121 65 29
s 101 123 135 58
s 101 126 98 60
s 101 128 180 74
s 101 129 105 43
s 101 131 66 30
s 101 135 232 120
s 101 136 36 20
s 101 137 77 41
s 101 138 48 24
s 101 145 74 39
s 101 155 48 28
s 102 103 1 1
s 102 104 12 8
s 102 105 10 5
s 102 106 30 15
s 102 107 23 11
s 102 108 27 10
s 102 109 9 5
s 102 110 14 8
s 102 111 7 4
s 102 112 6 0
s 102 113 7 3
s 102 114 5 4
s 102 119 26 12
s 102 120 19 10
s 102 121 13 7
s 102 123 52 24
s 102 126 14 8
s 102 128 46 17
s 102 129 13 5
s 102 131 7 2
s 102 135 29 15
s 102 136 13 8
s 102 137 10 4
s 102 138 10 7
s 102 145 4 2
s 102 155 7 4
s 103 104 4 3
s 103 105 10 7
s 103 106 21 10
s 103 107 12 8
s 103 108 15 7
s 103 109 5 2
s 103 110 4 2
s 103 111 4 1
s 103 112 11 6
s 103 113 1 1
s 103 114 4 2
s 103 119 17 8
s 103 120 11 4
s 103 121 11 6
s 103 123 26 12
s 103 126 14 10
s 103 128 19 11
s 103 129 9 5
s 103 131 8 5
s 103 135 15 8
s 103 136 4 4
s 103 137 5 1
s 103 138 8 5
s 103 145 3 1
s 103 155 6 5
s 104 105 65 35
s 104 106 68 43
s 104 107 45 16
s 104 108 8 2
s 104 109 41 26
s 104 110 31 19
s 104 111 21 10
s 104 112 42 22
s 104 113 16 3
s 104 114 23 12
s 104 119 60 37
s 104 120 34 20
s 104 121 52 30
s 104 123 100 39
s 104 126 39 16
s 104 128 104 50
s 104 129 3 1
s 104 131 51 26
s 104 135 18 8
s 104 136 23 9
s 104 137 9 4
s 104 138 21 9
s 104 145 29 13
s 104 155 7 7
s 105 106 304 184
s 105 107 194 97
s 105 108 226 90
s 105 109 111 63
s 105 110 72 32
s 105 111 49 25
s 105 112 144 83
s 105 113 25 17
s 105 114 45 27
s 105 119 135 77
s 105 120 191 104
s 105 121 66 33
s 105 123 191 104
s 105 126 127 69
s 105 128 203 89
s 105 129 93 43
s 105 131 104 53
s 105 135 299 154
s 105 136 32 13
s 105 137 73 38
s 105 138 37 20
s 105 145 121 60
s 105 155 111 68
s 106 107 86 50
s 106 108 459 224
s 106 109 223 131
s 106 110 180 87
s 106 111 106 55
s 106 112 342 192
s 106 113 11 7
s 106 114 37 24
s 106 119 506 270
s 106 120 66 31
s 106 121 221 108
s 106 123 822 410
s 106 126 8 3
s 106 128 334 174
s 106 129 123 59
s 106 131 388 211
s 106 135 523 270
s 106 136 48 22
s 106 137 83 40
s 106 138 90 46
s 106 145 144 81
s 106 155 217 144
s 107 108 250 114
s 107 109 137 80
s 107 110 111 57
s 107 111 81 44
s 107 112 248 152
s 107 113 13 5
s 107 114 37 23
s 107 119 293 155
s 107 120 82 41
s 107 121 173 90
s 107 123 412 211
s 107 126 36 18
s 107 128 227 103
s 107 129 86 40
s 107 131 231 124
s 107 135 255 137
s 107 136 34 17
s 107 137 62 39
s 107 138 60 27
s 107 145 126 70
s 107 155 125 74
s 108 109 214 99
s 108 110 137 49
s 108 111 111 52
s 108 112 294 137
s 108 113 37 16
s 108 114 83 39
s 108 119 444 182
s 108 120 217 96
s 108 121 162 70
s 108 123 665 269
s 108 126 215 100
s 108 128 431 166
s 108 129 8 2
s 108 131 323 149
s 108 135 29 11
s 108 136 64 31
s 108 137 47 20
s 108 138 94 43
s 108 145 182 80
s 108 155 61 29
s 109 110 79 36
s 109 111 48 31
s 109 112 149 87
s 109 113 9 6
s 109 114 13 7
s 109 119 188 100
s 109 120 134 67
s 109 121 97 46
s 109 123 306 141
s 109 126 74 38
s 109 128 209 96
s 109 129 86 43
s 109 131 169 89
s 109 135 179 97
s 109 136 36 20
s 109 137 50 32
s 109 138 1 0
s 109 145 20 12
s 109 155 68 32
s 110 111 36 18
s 110 112 92 51
s 110 113 18 7
s 110 114 41 20
s 110 119 141 66
s 110 120 107 50
s 110 121 74 33
s 110 123 181 78
s 110 126 63 31
s 110 128 221 97
s 110 129 131 53
s 110 131 91 54
s 110 135 187 106
s 110 136 33 18
s 110 137 61 25
s 110 138 35 19
s 110 145 59 24
s 110 155 50 33
s 111 112 16 7
s 111 113 18 10
s 111 114 29 9
s 111 119 66 33
s 111 120 55 27
s 111 121 25 11
s 111 123 111 48
s 111 126 53 26
s 111 128 129 54
s 111 129 54 21
s 111 131 29 16
s 111 135 147 71
s 111 136 32 17
s 111 137 41 21
s 111 138 16 9
s 111 145 38 17
s 111 155 23 9
s 112 113 26 9
s 112 114 39 22
s 112 119 316 181
s 112 120 253 140
s 112 121 49 21
s 112 123 405 230
s 112 126 115 69
s 112 128 279 130
s 112 129 80 45
s 112 131 128 64
s 112 135 298 151
s 112 136 31 17
s 112 137 80 51
s 112 138 44 23
s 112 145 203 102
s 112 155 126 70
s 113 114 6 5
s 113 119 35 15
s 113 120 6 4
s 113 121 20 10
s 113 123 51 18
s 113 126 8 4
s 113 128 24 10
s 113 129 15 5
s 113 131 35 22
s 113 135 56 24
s 113 136 5 2
s 113 137 10 4
s 113 138 7 6
s 113 145 18 6
s 113 155 9 7
s 114 119 77 39
s 114 120 33 17
s 114 121 41 18
s 114 123 101 47
s 114 126 28 12
s 114 128 100 59
s 114 129 44 21
s 114 131 41 18
s 114 135 80 41
s 114 136 11 6
s 114 137 19 13
s 114 138 6 3
s 114 145 14 3
s 114 155 23 15
s 119 120 304 167
s 119 121 82 32
s 119 123 241 110
s 119 126 187 101
s 119 128 300 148
s 119 129 171 69
s 119 131 168 70
s 119 135 486 260
s 119 136 58 29
s 119 137 122 71
s 119 138 63 28
s 119 145 194 91
s 119 155 186 112
s 120 121 120 56
s 120 123 449 212
s 120 126 20 12
s 120 128 195 91
s 120 129 71 29
s 120 131 204 76
s 120 135 228 114
s 120 136 37 14
s 120 137 42 20
s 120 138 50 30
s 120 145 74 34
s 120 155 52 33
s 121 123 132 56
s 121 126 105 39
s 121 128 207 93
s 121 129 83 34
s 121 131 84 46
s 121 135 289 159
s 121 136 54 25
s 121 137 131 70
s 121 138 43 18
s 121 145 108 54
s 121 155 67 46
s 123 126 282 135
s 123 128 437 194
s 123 129 182 79
s 123 131 300 123
s 123 135 613 288
s 123 136 75 42
s 123 137 147 76
s 123 138 115 61
s 123 145 297 143
s 123 155 260 132
s 126 128 165 72
s 126 129 72 36
s 126 131 153 62
s 126 135 227 105
s 126 136 22 11
s 126 137 26 15
s 126 138 25 12
s 126 145 50 20
s 126 155 59 32
s 128 129 268 113
s 128 131 294 139
s 128 135 480 215
s 128 136 75 44
s 128 137 153 81
s 128 138 86 45
s 128 145 140 64
s 128 155 116 61
s 129 131 105 48
s 129 135 20 7
s 129 136 25 9
s 129 137 11 7
s 129 138 35 15
s 129 145 57 23
s 129 155 20 8
s 131 135 352 169
s 131 136 42 20
s 131 137 96 59
s 131 138 71 36
s 131 145 156 83
s 131 155 138 74
s 135 136 57 29
s 135 137 62 32
s 135 138 97 55
s 135 145 156 86
s 135 155 43 25
s 136 137 21 14
s 136 138 18 9
s 136 145 18 10
s 136 155 22 14
s 137 138 21 9
s 137 145 36 19
s 137 155 27 16
s 138 145 10 5
s 138 155 41 32
s 145 155 68 39
v 1 2 46 17
v 1 3 33 20
v 1 4 10 2
v 1 5 31 11
v 1 6 36 20
v 1 7 34 15
v 1 8 62 29
v 1 9 69 33
v 1 10 25 13
v 1 11 72 33
v 1 12 55 31
v 1 13 37 19
v 1 14 82 38
v 1 15 36 22
v 1 16 25 16
v 1 17 113 52
v 1 18 45 20
v 1 19 46 24
v 1 20 54 31
v 1 21 70 30
v 1 22 67 34
v 1 23 14 5
v 1 25 120 60
v 1 26 136 65
v 1 27 46 27
v 1 28 65 28
v 1 29 66 35
v 1 30 65 30
v 1 31 96 53
v 1 32 11 2
v 1 33 17 5
v 1 34 25 13
v 1 35 24 11
v 1 36 73 33
v 1 37 19 12
v 1 38 18 7
v 1 39 42 26
v 1 40 11 6
v 1 41 33 21
v 1 42 33 16
v 1 43 27 10
v 1 44 18 10
v 1 45 9 4
v 1 46 24 7
v 1 47 25 16
v 1 48 62 31
v 1 49 36 20
v 1 50 18 10
v 1 51 55 25
v 1 52 10 6
v 1 53 36 17
v 1 54 114 62
v 1 55 78 38
v 1 56 14 7
v 1 57 9 3
v 1 58 13 8
v 1 59 17 9
v 1 60 37 21
v 1 61 6 3
v 1 62 34 11
v 1 63 10 4
v 1 64 40 21
v 1 65 9 5
v 1 66 3 1
v 1 67 48 20
v 1 68 14 8
v 1 69 94 47
v 1 70 45 24
v 1 71 58 25
v 1 72 20 10
v 1 73 12 8
v 1 74 106 44
v 1 75 50 26
v 1 76 89 35
v 1 77 10 7
v 1 78 28 15
v 1 79 26 16
v 1 80 20 11
v 1 81 3 0
v 1 82 14 6
v 1 83 32 14
v 1 84 51 28
v 1 85 108 54
v 1 86 177 79
v 1 87 55 22
v 1 88 39 13
v 1 89 3 0
v 1 90 68 29
v 1 91 41 16
v 1 92 8 3
v 1 93 50 20
v 1 94 25 11
v 1 95 11 4
v 1 96 33 18
v 1 97 36 15
v 1 98 60 35
v 1 99 15 8
v 1 100 77 36
v 1 101 83 33
v 1 102 12 9
v 1 103 2 0
v 1 104 32 15
v 1 105 76 34
v 1 106 76 33
v 1 107 56 29
v 1 108 65 35
v 1 109 51 19
v 1 110 32 17
v 1 111 45 26
v 1 112 78 31
v 1 113 15 5
v 1 114 22 10
v 1 119 84 47
v 1 120 32 14
v 1 121 71 38
v 1 123 103 50
v 1 126 30 11
v 1 128 112 55
v 1 129 49 22
v 1 131 73 38
v 1 135 104 53
v 1 136 15 3
v 1 137 39 14
v 1 138 12 4
v 1 145 28 15
v 1 155 66 29
v 2 3 134 60
v 2 4 20 6
v 2 5 127 56
v 2 6 259 143
v 2 7 146 65
v 2 8 181 82
v 2 9 336 141
v 2 10 32 17
v 2 11 561 268
v 2 12 129 60
v 2 13 132 53
v 2 14 351 156
v 2 15 180 80
v 2 16 78 34
v 2 17 170 94
v 2 18 173 75
v 2 19 288 146
v 2 20 249 113
v 2 21 425 207
v 2 22 189 83
v 2 23 87 43
v 2 25 527 261
v 2 26 492 267
v 2 27 191 91
v 2 28 289 139
v 2 29 250 127
v 2 30 223 108
v 2 31 361 179
v 2 32 34 17
v 2 33 110 41
v 2 34 73 28
v 2 35 95 61
v 2 36 428 199
v 2 37 89 45
v 2 38 96 46
v 2 39 187 98
v 2 40 26 14
v 2 41 103 52
v 2 42 66 35
v 2 43 90 48
v 2 44 35 21
v 2 45 23 10
v 2 46 112 55
v 2 47 130 63
v 2 48 274 135
v 2 49 199 89
v 2 50 128 61
v 2 51 274 130
v 2 52 59 27
v 2 53 159 67
v 2 54 481 227
v 2 55 252 110
v 2 56 83 34
v 2 57 28 14
v 2 58 72 33
v 2 59 51 31
v 2 60 318 145
v 2 61 17 11
v 2 62 179 68
v 2 63 44 27
v 2 64 162 82
v 2 65 54 23
v 2 66 13 4
v 2 67 235 103
v 2 68 52 29
v 2 69 269 129
v 2 70 208 114
v 2 71 285 135
v 2 72 52 26
v 2 73 52 23
v 2 74 357 163
v 2 75 155 79
v 2 76 170 81
v 2 77 59 24
v 2 78 117 41
v 2 79 131 65
v 2 80 133 59
v 2 81 29 17
v 2 82 18 6
v 2 83 222 97
v 2 84 194 81
v 2 85 536 259
v 2 86 654 319
v 2 87 270 139
v 2 88 110 49
v 2 89 10 3
v 2 90 205 84
v 2 91 128 56
v 2 92 34 19
v 2 93 125 59
v 2 94 57 27
v 2 95 36 17
v 2 96 381 181
v 2 97 148 77
v 2 98 261 130
v 2 99 71 39
v 2 100 432 197
v 2 101 203 105
v 2 102 47 20
v 2 103 23 10
v 2 104 89 50
v 2 105 245 119
v 2 106 457 192
v 2 107 275 127
v 2 108 427 226
v 2 109 110 53
v 2 110 192 93
v 2 111 138 58
v 2 112 240 109
v 2 113 49 27
v 2 114 116 56
v 2 119 411 190
v 2 120 246 128
v 2 121 202 96
v 2 123 629 331
v 2 126 191 101
v 2 128 473 260
v 2 129 181 95
v 2 131 293 129
v 2 135 563 243
v 2 136 94 50
v 2 137 121 46
v 2 138 64 32
v 2 145 149 75
v 2 155 121 48
v 3 4 12 4
v 3 5 36 17
v 3 6 98 55
v 3 7 76 39
v 3 8 57 26
v 3 9 190 93
v 3 10 18 12
v 3 11 169 92
v 3 12 95 48
v 3 13 84 44
v 3 14 106 51
v 3 15 37 21
v 3 16 34 19
v 3 17 97 35
v 3 18 71 34
v 3 19 138 81
v 3 20 83 49
v 3 21 191 93
v 3 22 97 56
v 3 23 31 24
v 3 25 183 97
v 3 26 168 87
v 3 27 51 25
v 3 28 98 53
v 3 29 130 71
v 3 30 87 45
v 3 31 115 55
v 3 32 10 8
v 3 33 64 24
v 3 34 37 25
v 3 35 30 16
v 3 36 133 60
v 3 37 29 17
v 3 38 72 41
v 3 39 41 25
v 3 40 7 2
v 3 41 34 18
v 3 42 24 15
v 3 43 27 14
v 3 44 19 7
v 3 45 12 7
v 3 46 28 19
v 3 47 53 25
v 3 48 126 74
v 3 49 93 46
v 3 50 18 7
v 3 51 107 53
v 3 52 18 10
v 3 53 88 37
v 3 54 165 91
v 3 55 122 62
v 3 56 52 27
v 3 57 10 6
v 3 58 23 11
v 3 59 18 8
v 3 60 136 73
v 3 61 19 7
v 3 62 116 51
v 3 63 15 9
v 3 64 56 27
v 3 65 18 7
v 3 66 5 3
v 3 67 98 42
v 3 68 14 8
v 3 69 117 54
v 3 70 82 43
v 3 71 131 64
v 3 72 13 4
v 3 73 27 13
v 3 74 150 80
v 3 75 125 70
v 3 76 97 49
v 3 77 59 22
v 3 78 54 29
v 3 79 92 47
v 3 80 64 33
v 3 81 15 8
v 3 82 11 7
v 3 83 83 36
v 3 84 49 27
v 3 85 253 136
v 3 86 250 132
v 3 87 98 55
v 3 88 51 18
v 3 89 10 7
v 3 90 130 64
v 3 91 45 22
v 3 92 10 3
v 3 93 91 39
v 3 94 21 11
v 3 95 12 5
v 3 96 163 75
v 3 97 43 24
v 3 98 58 40
v 3 99 22 12
v 3 100 164 93
v 3 101 54 25
v 3 102 26 13
v 3 103 11 6
v 3 104 36 11
v 3 105 130 68
v 3 106 200 95
v 3 107 155 81
v 3 108 165 97
v 3 109 100 52
v 3 110 65 32
v 3 111 51 29
v 3 112 161 72
v 3 113 12 7
v 3 114 18 4
v 3 119 188 93
v 3 120 107 65
v 3 121 97 54
v 3 123 343 182
v 3 126 84 51
v 3 128 179 103
v 3 129 54 35
v 3 131 227 131
v 3 135 187 89
v 3 136 23 19
v 3 137 42 21
v 3 138 25 11
v 3 145 75 37
v 3 155 74 35
v 4 5 13 8
v 4 6 18 7
v 4 7 17 11
v 4 8 14 7
v 4 9 29 11
v 4 10 4 3
v 4 11 31 20
v 4 12 22 7
v 4 13 19 8
v 4 14 19 9
v 4 15 8 3
v 4 16 9 4
v 4 17 16 5
v 4 18 14 5
v 4 19 21 10
v 4 20 18 10
v 4 21 45 20
v 4 22 13 7
v 4 23 8 6
v 4 25 18 10
v 4 26 26 17
v 4 27 20 10
v 4 28 18 7
v 4 29 10 5
v 4 30 13 3
v 4 31 30 13
v 4 32 3 2
v 4 33 4 2
v 4 34 5 3
v 4 35 10 4
v 4 36 14 6
v 4 37 2 2
v 4 38 8 5
v 4 39 16 9
v 4 40 1 0
v 4 41 3 2
v 4 42 9 4
v 4 43 8 5
v 4 44 5 3
v 4 45 3 2
v 4 46 5 3
v 4 47 14 6
v 4 48 12 10
v 4 49 17 9
v 4 50 2 1
v 4 51 21 8
v 4 52 1 0
v 4 53 6 5
v 4 54 25 12
v 4 55 28 16
v 4 56 10 5
v 4 57 1 1
v 4 58 9 6
v 4 59 9 3
v 4 60 45 19
v 4 61 2 2
v 4 62 16 7
v 4 63 8 4
v 4 64 11 9
v 4 65 8 4
v 4 66 2 1
v 4 67 9 3
v 4 68 5 2
v 4 69 10 3
v 4 70 14 7
v 4 71 37 20
v 4 72 7 6
v 4 73 7 3
v 4 74 20 9
v 4 75 16 8
v 4 76 4 2
v 4 77 11 7
v 4 78 5 2
v 4 79 7 4
v 4 80 3 2
v 4 81 3 2
v 4 82 1 1
v 4 83 10 2
v 4 84 17 6
v 4 85 29 18
v 4 86 27 7
v 4 87 26 14
v 4 88 15 6
v 4 89 2 2
v 4 90 11 4
v 4 91 10 4
v 4 92 2 1
v 4 93 81 42
v 4 94 3 1
v 4 95 4 2
v 4 96 24 9
v 4 97 10 5
v 4 98 23 12
v 4 99 5 3
v 4 100 32 13
v 4 101 16 8
v 4 102 2 2
v 4 103 2 0
v 4 104 9 4
v 4 105 16 12
v 4 106 26 13
v 4 107 25 11
v 4 108 14 7
v 4 109 11 6
v 4 110 17 14
v 4 111 3 2
v 4 112 22 9
v 4 113 2 1
v 4 114 6 3
v 4 119 29 13
v 4 120 64 41
v 4 121 19 11
v 4 123 42 23
v 4 126 10 4
v 4 128 31 14
v 4 129 9 5
v 4 131 17 8
v 4 135 29 9
v 4 136 7 2
v 4 137 7 2
v 4 138 9 3
v 4 145 5 4
v 4 155 13 6
v 5 6 67 32
v 5 7 44 20
v 5 8 67 29
v 5 9 121 58
v 5 10 23 17
v 5 11 173 87
v 5 12 48 27
v 5 13 43 25
v 5 14 97 40
v 5 15 43 20
v 5 16 12 6
v 5 17 79 48
v 5 18 74 33
v 5 19 76 42
v 5 20 83 39
v 5 21 152 76
v 5 22 69 33
v 5 23 27 16
v 5 25 142 77
v 5 26 168 92
v 5 27 76 39
v 5 28 79 49
v 5 29 76 41
v 5 30 79 38
v 5 31 124 67
v 5 32 16 9
v 5 33 37 17
v 5 34 18 10
v 5 35 52 23
v 5 36 89 43
v 5 37 61 33
v 5 38 44 19
v 5 39 58 35
v 5 40 11 7
v 5 41 50 26
v 5 42 22 9
v 5 43 32 16
v 5 44 17 14
v 5 45 4 2
v 5 46 39 15
v 5 47 57 34
v 5 48 88 33
v 5 49 62 36
v 5 50 25 14
v 5 51 66 32
v 5 52 20 4
v 5 53 69 35
v 5 54 138 73
v 5 55 73 40
v 5 56 30 21
v 5 57 10 5
v 5 58 38 27
v 5 59 26 15
v 5 60 87 40
v 5 61 5 5
v 5 62 72 25
v 5 63 18 11
v 5 64 58 38
v 5 65 15 9
v 5 66 5 2
v 5 67 46 20
v 5 68 14 6
v 5 69 86 37
v 5 70 45 20
v 5 71 110 53
v 5 72 25 12
v 5 73 22 7
v 5 74 116 55
v 5 75 56 30
v 5 76 57 29
v 5 77 16 9
v 5 78 32 13
v 5 79 32 13
v 5 80 34 20
v 5 81 11 7
v 5 82 6 2
v 5 83 58 24
v 5 84 77 33
v 5 85 133 63
v 5 86 208 98
v 5 87 103 49
v 5 88 45 21
v 5 89 8 5
v 5 90 57 26
v 5 91 34 16
v 5 92 11 8
v 5 93 76 37
v 5 94 13 8
v 5 95 25 11
v 5 96 106 53
v 5 97 40 18
v 5 98 46 24
v 5 99 28 15
v 5 100 112 70
v 5 101 76 41
v 5 102 13 4
v 5 103 5 2
v 5 104 48 20
v 5 105 56 27
v 5 106 135 67
v 5 107 76 40
v 5 108 106 58
v 5 109 46 26
v 5 110 64 30
v 5 111 34 15
v 5 112 76 42
v 5 113 15 5
v 5 114 32 19
v 5 119 105 45
v 5 120 59 32
v 5 121 68 36
v 5 123 209 115
v 5 126 58 29
v 5 128 153 73
v 5 129 65 35
v 5 131 61 28
v 5 135 137 63
v 5 136 26 18
v 5 137 42 20
v 5 138 23 13
v 5 145 49 25
v 5 155 39 22
v 6 7 90 37
v 6 8 66 26
v 6 9 161 59
v 6 10 40 18
v 6 11 391 194
v 6 12 129 54
v 6 13 76 40
v 6 14 152 69
v 6 15 46 25
v 6 16 33 15
v 6 17 107 47
v 6 18 102 40
v 6 19 149 56
v 6 20 138 74
v 6 21 277 129
v 6 22 126 59
v 6 23 40 16
v 6 25 272 128
v 6 26 308 163
v 6 27 102 39
v 6 28 161 80
v 6 29 149 76
v 6 30 111 49
v 6 31 226 103
v 6 32 13 5
v 6 33 47 10
v 6 34 47 21
v 6 35 71 28
v 6 36 182 95
v 6 37 37 22
v 6 38 61 25
v 6 39 102 44
v 6 40 21 12
v 6 41 63 29
v 6 42 40 14
v 6 43 63 27
v 6 44 33 16
v 6 45 15 5
v 6 46 41 18
v 6 47 70 38
v 6 48 204 84
v 6 49 94 42
v 6 50 45 19
v 6 51 149 61
v 6 52 33 16
v 6 53 94 41
v 6 54 253 95
v 6 55 136 43
v 6 56 49 23
v 6 57 18 7
v 6 58 40 17
v 6 59 34 13
v 6 60 118 64
v 6 61 19 11
v 6 62 79 27
v 6 63 30 13
v 6 64 109 44
v 6 65 22 6
v 6 66 10 7
v 6 67 218 93
v 6 68 26 14
v 6 69 140 60
v 6 70 74 35
v 6 71 146 57
v 6 72 22 12
v 6 73 28 10
v 6 74 209 101
v 6 75 87 46
v 6 76 84 45
v 6 77 43 17
v 6 78 48 17
v 6 79 86 40
v 6 80 77 38
v 6 81 15 8
v 6 82 11 2
v 6 83 130 53
v 6 84 131 64
v 6 85 310 141
v 6 86 357 155
v 6 87 147 72
v 6 88 68 25
v 6 89 10 4
v 6 90 127 43
v 6 91 53 17
v 6 92 24 17
v 6 93 83 36
v 6 94 27 13
v 6 95 14 7
v 6 96 213 82
v 6 97 65 30
v 6 98 135 58
v 6 99 55 29
v 6 100 246 113
v 6 101 139 63
v 6 102 25 8
v 6 103 13 8
v 6 104 33 13
v 6 105 116 43
v 6 106 270 109
v 6 107 135 56
v 6 108 233 133
v 6 109 92 42
v 6 110 108 60
v 6 111 73 32
v 6 112 144 49
v 6 113 18 11
v 6 114 38 17
v 6 119 203 78
v 6 120 134 59
v 6 121 130 67
v 6 123 371 166
v 6 126 113 53
v 6 128 286 147
v 6 129 101 53
v 6 131 174 83
v 6 135 256 104
v 6 136 38 19
v 6 137 62 34
v 6 138 61 27
v 6 145 91 40
v 6 155 82 28
v 7 8 77 24
v 7 9 149 56
v 7 10 21 11
v 7 11 182 83
v 7 12 140 66
v 7 13 68 38
v 7 14 118 60
v 7 15 29 15
v 7 16 36 20
v 7 17 67 26
v 7 18 80 43
v 7 19 82 47
v 7 20 96 52
v 7 21 152 73
v 7 22 61 35
v 7 23 37 19
v 7 25 162 74
v 7 26 219 103
v 7 27 78 44
v 7 28 125 64
v 7 29 84 43
v 7 30 82 41
v 7 31 137 65
v 7 32 11 8
v 7 33 49 20
v 7 34 41 21
v 7 35 24 14
v 7 36 112 61
v 7 37 27 20
v 7 38 49 26
v 7 39 70 34
v 7 40 11 6
v 7 41 33 23
v 7 42 30 15
v 7 43 37 22
v 7 44 22 11
v 7 45 11 4
v 7 46 40 24
v 7 47 72 34
v 7 48 129 63
v 7 49 98 40
v 7 50 37 22
v 7 51 84 43
v 7 52 18 9
v 7 53 73 38
v 7 54 185 96
v 7 55 90 36
v 7 56 44 23
v 7 57 8 4
v 7 58 27 9
v 7 59 23 12
v 7 60 110 55
v 7 61 18 10
v 7 62 56 27
v 7 63 25 10
v 7 64 60 30
v 7 65 17 11
v 7 66 9 5
v 7 67 67 35
v 7 68 28 17
v 7 69 109 43
v 7 70 77 36
v 7 71 133 60
v 7 72 20 10
v 7 73 25 13
v 7 74 147 77
v 7 75 54 28
v 7 76 73 28
v 7 77 21 7
v 7 78 41 21
v 7 79 62 40
v 7 80 51 23
v 7 81 19 12
v 7 82 12 6
v 7 83 86 38
v 7 84 80 42
v 7 85 205 107
v 7 86 267 118
v 7 87 100 46
v 7 88 54 21
v 7 89 11 6
v 7 90 81 29
v 7 91 32 15
v 7 92 11 6
v 7 93 63 25
v 7 94 22 10
v 7 95 18 5
v 7 96 117 65
v 7 97 65 33
v 7 98 104 47
v 7 99 28 13
v 7 100 163 83
v 7 101 99 50
v 7 102 15 7
v 7 103 15 7
v 7 104 47 19
v 7 105 88 43
v 7 106 195 87
v 7 107 136 65
v 7 108 138 75
v 7 109 56 21
v 7 110 80 47
v 7 111 54 31
v 7 112 129 67
v 7 113 18 9
v 7 114 31 18
v 7 119 153 77
v 7 120 111 54
v 7 121 123 64
v 7 123 224 116
v 7 126 75 36
v 7 128 179 88
v 7 129 59 26
v 7 131 136 68
v 7 135 207 97
v 7 136 28 14
v 7 137 53 28
v 7 138 36 20
v 7 145 70 34
v 7 155 55 29
v 8 9 165 94
v 8 10 33 17
v 8 11 219 118
v 8 12 81 47
v 8 13 66 33
v 8 14 116 58
v 8 15 51 31
v 8 16 38 22
v 8 17 107 62
v 8 18 100 58
v 8 19 99 54
v 8 20 111 65
v 8 21 184 104
v 8 22 62 31
v 8 23 38 22
v 8 25 206 119
v 8 26 246 147
v 8 27 102 62
v 8 28 92 46
v 8 29 96 53
v 8 30 101 56
v 8 31 193 108
v 8 32 25 16
v 8 33 34 14
v 8 34 28 19
v 8 35 65 38
v 8 36 144 88
v 8 37 38 20
v 8 38 22 8
v 8 39 82 41
v 8 40 18 9
v 8 41 60 28
v 8 42 49 30
v 8 43 44 27
v 8 44 27 15
v 8 45 17 10
v 8 46 60 32
v 8 47 63 30
v 8 48 133 73
v 8 49 90 52
v 8 50 21 12
v 8 51 105 56
v 8 52 22 10
v 8 53 68 40
v 8 54 316 183
v 8 55 101 56
v 8 56 46 27
v 8 57 13 10
v 8 58 34 16
v 8 59 19 10
v 8 60 114 65
v 8 61 9 4
v 8 62 87 38
v 8 63 18 12
v 8 64 87 47
v 8 65 24 14
v 8 66 5 0
v 8 67 87 48
v 8 68 20 9
v 8 69 89 41
v 8 70 74 43
v 8 71 143 76
v 8 72 33 23
v 8 73 26 11
v 8 74 167 99
v 8 75 78 46
v 8 76 69 32
v 8 77 20 11
v 8 78 49 31
v 8 79 53 29
v 8 80 49 27
v 8 81 17 8
v 8 82 11 4
v 8 83 88 34
v 8 84 95 54
v 8 85 205 113
v 8 86 320 176
v 8 87 172 87
v 8 88 83 45
v 8 89 14 5
v 8 90 87 42
v 8 91 41 16
v 8 92 17 8
v 8 93 84 43
v 8 94 29 21
v 8 95 19 9
v 8 96 137 78
v 8 97 60 38
v 8 98 53 28
v 8 99 16 9
v 8 100 145 79
v 8 101 137 81
v 8 102 21 11
v 8 103 9 6
v 8 104 47 25
v 8 105 142 81
v 8 106 195 99
v 8 107 115 57
v 8 108 332 207
v 8 109 66 30
v 8 110 211 110
v 8 111 52 34
v 8 112 54 28
v 8 113 22 15
v 8 114 36 18
v 8 119 196 111
v 8 120 123 79
v 8 121 102 58
v 8 123 283 155
v 8 126 92 51
v 8 128 248 146
v 8 129 154 98
v 8 131 82 49
v 8 135 204 100
v 8 136 30 19
v 8 137 57 24
v 8 138 30 11
v 8 145 69 41
v 8 155 48 20
v 9 10 55 29
v 9 11 409 210
v 9 12 166 100
v 9 13 152 80
v 9 14 275 146
v 9 15 130 77
v 9 16 64 40
v 9 17 203 109
v 9 18 267 144
v 9 19 232 120
v 9 20 167 96
v 9 21 459 232
v 9 22 132 70
v 9 23 55 31
v 9 25 464 244
v 9 26 408 245
v 9 27 146 78
v 9 28 328 185
v 9 29 218 131
v 9 30 226 114
v 9 31 303 161
v 9 32 27 16
v 9 33 130 58
v 9 34 75 42
v 9 35 92 56
v 9 36 299 155
v 9 37 51 27
v 9 38 107 52
v 9 39 138 85
v 9 40 22 13
v 9 41 76 39
v 9 42 48 26
v 9 43 87 43
v 9 44 52 36
v 9 45 25 11
v 9 46 91 46
v 9 47 114 58
v 9 48 281 149
v 9 49 241 134
v 9 50 64 32
v 9 51 239 136
v 9 52 40 17
v 9 53 177 103
v 9 54 459 281
v 9 55 274 135
v 9 56 83 45
v 9 57 25 17
v 9 58 88 39
v 9 59 51 26
v 9 60 278 150
v 9 61 17 10
v 9 62 227 94
v 9 63 54 39
v 9 64 159 91
v 9 65 33 15
v 9 66 10 4
v 9 67 166 82
v 9 68 48 32
v 9 69 289 146
v 9 70 127 79
v 9 71 292 154
v 9 72 53 24
v 9 73 39 22
v 9 74 318 182
v 9 75 122 67
v 9 76 210 114
v 9 77 60 29
v 9 78 81 42
v 9 79 118 64
v 9 80 132 65
v 9 81 22 11
v 9 82 27 16
v 9 83 171 76
v 9 84 162 97
v 9 85 508 301
v 9 86 624 341
v 9 87 283 137
v 9 88 102 53
v 9 89 21 8
v 9 90 224 102
v 9 91 112 58
v 9 92 35 13
v 9 93 210 85
v 9 94 38 24
v 9 95 22 6
v 9 96 366 170
v 9 97 116 76
v 9 98 181 105
v 9 99 44 31
v 9 100 390 213
v 9 101 199 112
v 9 102 36 21
v 9 103 22 14
v 9 104 64 30
v 9 105 284 140
v 9 106 424 201
v 9 107 302 158
v 9 108 427 271
v 9 109 196 109
v 9 110 178 98
v 9 111 99 51
v 9 112 380 185
v 9 113 24 18
v 9 114 76 46
v 9 119 528 284
v 9 120 256 145
v 9 121 207 110
v 9 123 788 439
v 9 126 125 79
v 9 128 426 250
v 9 129 128 78
v 9 131 352 202
v 9 135 405 227
v 9 136 58 35
v 9 137 110 50
v 9 138 82 49
v 9 145 168 87
v 9 155 150 74
v 10 11 70 38
v 10 12 18 11
v 10 13 24 14
v 10 14 50 23
v 10 15 42 20
v 10 16 12 8
v 10 17 24 14
v 10 18 25 13
v 10 19 41 15
v 10 20 35 22
v 10 21 69 37
v 10 22 22 12
v 10 23 13 8
v 10 25 69 40
v 10 26 64 38
v 10 27 27 16
v 10 28 54 31
v 10 29 38 19
v 10 30 41 21
v 10 31 77 49
v 10 32 6 4
v 10 33 15 8
v 10 34 10 4
v 10 35 19 14
v 10 36 47 21
v 10 37 15 9
v 10 38 14 7
v 10 39 23 14
v 10 40 10 3
v 10 41 15 8
v 10 42 10 7
v 10 43 22 14
v 10 44 7 5
v 10 45 2 0
v 10 46 18 11
v 10 47 18 11
v 10 48 51 23
v 10 49 38 15
v 10 50 16 9
v 10 51 40 18
v 10 52 3 1
v 10 53 31 21
v 10 54 171 98
v 10 55 29 13
v 10 56 18 11
v 10 57 8 4
v 10 58 16 8
v 10 59 9 6
v 10 60 24 15
v 10 61 1 1
v 10 62 25 13
v 10 63 14 8
v 10 64 36 21
v 10 65 13 9
v 10 66 4 1
v 10 67 26 12
v 10 68 11 6
v 10 69 46 17
v 10 70 21 12
v 10 71 105 61
v 10 72 21 14
v 10 73 4 3
v 10 74 54 29
v 10 75 25 14
v 10 76 31 16
v 10 77 11 3
v 10 78 20 7
v 10 79 16 10
v 10 80 22 10
v 10 81 2 0
v 10 82 4 2
v 10 83 43 17
v 10 84 36 19
v 10 85 85 53
v 10 86 134 73
v 10 87 52 22
v 10 88 7 2
v 10 89 3 2
v 10 90 34 16
v 10 91 26 13
v 10 92 7 4
v 10 93 25 12
v 10 94 4 3
v 10 95 10 6
v 10 96 59 32
v 10 97 25 11
v 10 98 33 24
v 10 99 21 15
v 10 100 85 43
v 10 101 27 16
v 10 102 6 1
v 10 103 2 1
v 10 104 7 5
v 10 105 33 18
v 10 106 91 45
v 10 107 36 25
v 10 108 88 55
v 10 109 32 16
v 10 110 44 23
v 10 111 17 8
v 10 112 53 33
v 10 113 11 5
v 10 114 16 9
v 10 119 52 31
v 10 120 53 30
v 10 121 34 17
v 10 123 99 46
v 10 126 34 17
v 10 128 84 48
v 10 129 29 21
v 10 131 35 22
v 10 135 105 51
v 10 136 13 8
v 10 137 18 15
v 10 138 15 6
v 10 145 24 15
v 10 155 30 17
v 11 12 249 118
v 11 13 159 81
v 11 14 404 208
v 11 15 123 65
v 11 16 87 44
v 11 17 249 132
v 11 18 260 127
v 11 19 303 157
v 11 20 300 168
v 11 21 555 251
v 11 22 229 124
v 11 23 109 56
v 11 25 690 316
v 11 26 703 389
v 11 27 227 104
v 11 28 281 138
v 11 29 268 159
v 11 30 257 137
v 11 31 458 236
v 11 32 33 16
v 11 33 112 49
v 11 34 108 52
v 11 35 147 72
v 11 36 388 187
v 11 37 130 68
v 11 38 131 65
v 11 39 218 127
v 11 40 45 24
v 11 41 135 80
v 11 42 76 40
v 11 43 118 62
v 11 44 62 36
v 11 45 36 18
v 11 46 194 103
v 11 47 162 90
v 11 48 456 213
v 11 49 176 71
v 11 50 73 38
v 11 51 281 140
v 11 52 58 31
v 11 53 281 147
v 11 54 622 307
v 11 55 372 164
v 11 56 126 57
v 11 57 25 10
v 11 58 93 44
v 11 59 67 42
v 11 60 361 194
v 11 61 23 12
v 11 62 195 82
v 11 63 52 25
v 11 64 205 116
v 11 65 62 26
v 11 66 25 14
v 11 67 251 132
v 11 68 51 23
v 11 69 290 154
v 11 70 198 118
v 11 71 359 166
v 11 72 70 39
v 11 73 67 35
v 11 74 572 293
v 11 75 204 111
v 11 76 191 90
v 11 77 58 23
v 11 78 93 37
v 11 79 163 83
v 11 80 156 84
v 11 81 36 19
v 11 82 26 9
v 11 83 311 131
v 11 84 256 139
v 11 85 689 334
v 11 86 839 388
v 11 87 353 177
v 11 88 115 59
v 11 89 18 7
v 11 90 276 128
v 11 91 171 96
v 11 92 40 19
v 11 93 170 86
v 11 94 86 40
v 11 95 52 30
v 11 96 362 181
v 11 97 163 82
v 11 98 207 117
v 11 99 93 54
v 11 100 467 248
v 11 101 257 155
v 11 102 45 29
v 11 103 22 9
v 11 104 87 42
v 11 105 347 179
v 11 106 509 231
v 11 107 344 168
v 11 108 579 311
v 11 109 395 176
v 11 110 266 141
v 11 111 121 65
v 11 112 415 192
v 11 113 52 27
v 11 114 96 47
v 11 119 443 209
v 11 120 276 146
v 11 121 279 136
v 11 123 745 376
v 11 126 203 98
v 11 128 644 336
v 11 129 239 134
v 11 131 360 193
v 11 135 594 285
v 11 136 93 44
v 11 137 155 62
v 11 138 104 58
v 11 145 213 101
v 11 155 168 67
v 12 13 80 44
v 12 14 144 73
v 12 15 39 25
v 12 16 59 31
v 12 17 82 41
v 12 18 193 105
v 12 19 87 39
v 12 20 138 87
v 12 21 187 80
v 12 22 71 36
v 12 23 39 21
v 12 25 184 98
v 12 26 209 113
v 12 27 104 52
v 12 28 212 118
v 12 29 96 44
v 12 30 102 61
v 12 31 139 85
v 12 32 11 6
v 12 33 32 14
v 12 34 37 19
v 12 35 44 18
v 12 36 147 69
v 12 37 48 32
v 12 38 58 34
v 12 39 88 48
v 12 40 15 8
v 12 41 49 30
v 12 42 33 12
v 12 43 39 22
v 12 44 33 16
v 12 45 16 7
v 12 46 50 32
v 12 47 59 33
v 12 48 212 106
v 12 49 113 50
v 12 50 46 24
v 12 51 121 66
v 12 52 73 35
v 12 53 87 43
v 12 54 298 132
v 12 55 76 20
v 12 56 39 17
v 12 57 15 8
v 12 58 25 8
v 12 59 26 18
v 12 60 188 98
v 12 61 6 5
v 12 62 84 30
v 12 63 33 15
v 12 64 96 61
v 12 65 33 17
v 12 66 5 3
v 12 67 73 42
v 12 68 24 16
v 12 69 169 84
v 12 70 75 35
v 12 71 159 75
v 12 72 25 12
v 12 73 28 14
v 12 74 191 83
v 12 75 94 53
v 12 76 89 57
v 12 77 40 18
v 12 78 57 27
v 12 79 83 49
v 12 80 43 18
v 12 81 7 5
v 12 82 17 7
v 12 83 90 38
v 12 84 115 58
v 12 85 259 142
v 12 86 313 148
v 12 87 138 62
v 12 88 62 29
v 12 89 15 10
v 12 90 88 34
v 12 91 70 31
v 12 92 22 14
v 12 93 68 32
v 12 94 56 29
v 12 95 13 7
v 12 96 145 77
v 12 97 70 46
v 12 98 97 38
v 12 99 42 15
v 12 100 232 102
v 12 101 89 56
v 12 102 11 6
v 12 103 11 2
v 12 104 39 20
v 12 105 163 66
v 12 106 188 79
v 12 107 120 49
v 12 108 110 54
v 12 109 76 42
v 12 110 85 42
v 12 111 55 20
v 12 112 142 67
v 12 113 25 15
v 12 114 28 11
v 12 119 192 97
v 12 120 115 61
v 12 121 117 69
v 12 123 285 142
v 12 126 70 29
v 12 128 201 105
v 12 129 90 53
v 12 131 158 80
v 12 135 225 123
v 12 136 41 26
v 12 137 64 29
v 12 138 30 13
v 12 145 80 38
v 12 155 49 22
v 13 14 116 61
v 13 15 43 26
v 13 16 26 13
v 13 17 88 49
v 13 18 93 50
v 13 19 140 72
v 13 20 108 62
v 13 21 164 78
v 13 22 70 35
v 13 23 17 9
v 13 25 217 115
v 13 26 175 83
v 13 27 66 31
v 13 28 128 59
v 13 29 79 39
v 13 30 81 42
v 13 31 129 76
v 13 32 37 13
v 13 33 52 18
v 13 34 27 14
v 13 35 29 14
v 13 36 112 68
v 13 37 26 16
v 13 38 47 23
v 13 39 97 64
v 13 40 13 7
v 13 41 50 26
v 13 42 29 12
v 13 43 28 16
v 13 44 26 16
v 13 45 15 4
v 13 46 35 17
v 13 47 46 22
v 13 48 104 47
v 13 49 77 38
v 13 50 21 12
v 13 51 120 63
v 13 52 18 10
v 13 53 58 29
v 13 54 166 91
v 13 55 105 57
v 13 56 37 20
v 13 57 9 4
v 13 58 23 8
v 13 59 18 5
v 13 60 157 67
v 13 61 4 1
v 13 62 59 22
v 13 63 25 9
v 13 64 78 38
v 13 65 15 6
v 13 66 9 6
v 13 67 78 47
v 13 68 20 9
v 13 69 106 42
v 13 70 59 35
v 13 71 139 68
v 13 72 24 10
v 13 73 21 12
v 13 74 183 108
v 13 75 47 22
v 13 76 60 30
v 13 77 28 11
v 13 78 51 24
v 13 79 50 27
v 13 80 60 24
v 13 81 14 6
v 13 82 5 3
v 13 83 89 36
v 13 84 69 35
v 13 85 203 96
v 13 86 266 135
v 13 87 131 66
v 13 88 28 13
v 13 89 15 3
v 13 90 108 45
v 13 91 37 16
v 13 92 10 4
v 13 93 53 24
v 13 94 21 13
v 13 95 9 3
v 13 96 152 72
v 13 97 53 32
v 13 98 65 42
v 13 99 29 19
v 13 100 162 87
v 13 101 59 31
v 13 102 21 14
v 13 103 6 3
v 13 104 40 17
v 13 105 103 49
v 13 106 153 63
v 13 107 91 43
v 13 108 152 86
v 13 109 60 25
v 13 110 75 42
v 13 111 52 29
v 13 112 125 62
v 13 113 15 8
v 13 114 22 11
v 13 119 184 99
v 13 120 75 43
v 13 121 68 31
v 13 123 236 132
v 13 126 178 72
v 13 128 189 115
v 13 129 66 37
v 13 131 121 64
v 13 135 173 87
v 13 136 23 7
v 13 137 44 18
v 13 138 34 16
v 13 145 63 25
v 13 155 55 28
v 14 15 102 46
v 14 16 54 33
v 14 17 125 51
v 14 18 141 72
v 14 19 146 81
v 14 20 195 95
v 14 21 316 140
v 14 22 141 81
v 14 23 78 41
v 14 25 350 177
v 14 26 462 253
v 14 27 134 78
v 14 28 246 116
v 14 29 156 88
v 14 30 200 94
v 14 31 321 167
v 14 32 30 15
v 14 33 65 23
v 14 34 78 38
v 14 35 86 50
v 14 36 247 134
v 14 37 64 36
v 14 38 63 24
v 14 39 135 70
v 14 40 31 13
v 14 41 69 36
v 14 42 60 27
v 14 43 82 52
v 14 44 45 23
v 14 45 20 8
v 14 46 65 34
v 14 47 81 38
v 14 48 215 100
v 14 49 140 69
v 14 50 49 29
v 14 51 150 65
v 14 52 36 20
v 14 53 116 63
v 14 54 418 226
v 14 55 145 74
v 14 56 61 29
v 14 57 16 9
v 14 58 47 23
v 14 59 46 28
v 14 60 239 116
v 14 61 17 10
v 14 62 125 53
v 14 63 51 26
v 14 64 125 72
v 14 65 28 13
v 14 66 8 1
v 14 67 172 89
v 14 68 46 30
v 14 69 185 110
v 14 70 140 75
v 14 71 276 146
v 14 72 39 24
v 14 73 48 20
v 14 74 314 158
v 14 75 118 64
v 14 76 131 58
v 14 77 32 13
v 14 78 75 37
v 14 79 88 49
v 14 80 96 50
v 14 81 31 17
v 14 82 21 9
v 14 83 144 65
v 14 84 175 77
v 14 85 360 175
v 14 86 535 257
v 14 87 249 126
v 14 88 91 41
v 14 89 13 4
v 14 90 144 75
v 14 91 79 42
v 14 92 29 13
v 14 93 158 80
v 14 94 45 22
v 14 95 31 13
v 14 96 207 107
v 14 97 140 66
v 14 98 236 130
v 14 99 59 34
v 14 100 331 148
v 14 101 177 94
v 14 102 32 19
v 14 103 14 5
v 14 104 93 50
v 14 105 169 71
v 14 106 302 135
v 14 107 182 79
v 14 108 272 145
v 14 109 128 67
v 14 110 150 79
v 14 111 72 43
v 14 112 228 128
v 14 113 32 24
v 14 114 98 47
v 14 119 245 127
v 14 120 178 93
v 14 121 167 86
v 14 123 410 224
v 14 126 123 56
v 14 128 389 216
v 14 129 135 70
v 14 131 241 107
v 14 135 330 162
v 14 136 63 27
v 14 137 91 37
v 14 138 70 38
v 14 145 120 56
v 14 155 76 43
v 15 16 20 10
v 15 17 81 42
v 15 18 60 28
v 15 19 73 42
v 15 20 68 35
v 15 21 150 74
v 15 22 50 24
v 15 23 25 9
v 15 25 160 76
v 15 26 164 91
v 15 27 48 22
v 15 28 88 43
v 15 29 77 38
v 15 30 61 28
v 15 31 138 65
v 15 32 5 2
v 15 33 21 8
v 15 34 19 11
v 15 35 35 22
v 15 36 85 41
v 15 37 31 15
v 15 38 27 12
v 15 39 77 34
v 15 40 11 8
v 15 41 45 26
v 15 42 15 6
v 15 43 44 22
v 15 44 12 5
v 15 45 10 2
v 15 46 23 11
v 15 47 61 26
v 15 48 80 37
v 15 49 73 34
v 15 50 16 7
v 15 51 76 40
v 15 52 18 12
v 15 53 42 27
v 15 54 390 211
v 15 55 58 32
v 15 56 16 11
v 15 57 7 2
v 15 58 24 9
v 15 59 25 10
v 15 60 113 62
v 15 61 6 3
v 15 62 66 23
v 15 63 29 15
v 15 64 64 35
v 15 65 11 3
v 15 66 2 1
v 15 67 36 19
v 15 68 15 8
v 15 69 96 49
v 15 70 43 22
v 15 71 109 50
v 15 72 14 9
v 15 73 13 4
v 15 74 97 46
v 15 75 62 40
v 15 76 55 24
v 15 77 18 6
v 15 78 27 16
v 15 79 29 16
v 15 80 40 19
v 15 81 10 6
v 15 82 4 4
v 15 83 61 24
v 15 84 62 33
v 15 85 173 97
v 15 86 196 92
v 15 87 105 52
v 15 88 48 24
v 15 89 8 6
v 15 90 56 23
v 15 91 19 10
v 15 92 9 5
v 15 93 49 26
v 15 94 5 1
v 15 95 18 6
v 15 96 106 50
v 15 97 34 18
v 15 98 59 31
v 15 99 22 9
v 15 100 102 51
v 15 101 105 59
v 15 102 7 4
v 15 103 11 4
v 15 104 26 16
v 15 105 73 34
v 15 106 119 51
v 15 107 83 40
v 15 108 122 65
v 15 109 41 19
v 15 110 52 29
v 15 111 31 18
v 15 112 79 29
v 15 113 13 7
v 15 114 15 8
v 15 119 143 73
v 15 120 79 41
v 15 121 63 31
v 15 123 189 98
v 15 126 58 28
v 15 128 167 102
v 15 129 41 20
v 15 131 87 48
v 15 135 136 64
v 15 136 23 14
v 15 137 37 15
v 15 138 14 8
v 15 145 27 16
v 15 155 30 13
v 16 17 34 10
v 16 18 35 16
v 16 19 43 24
v 16 20 46 22
v 16 21 71 26
v 16 22 28 14
v 16 23 14 6
v 16 25 78 36
v 16 26 90 51
v 16 27 33 12
v 16 28 44 22
v 16 29 27 13
v 16 30 37 15
v 16 31 68 30
v 16 32 6 1
v 16 33 19 7
v 16 34 8 4
v 16 35 13 9
v 16 36 60 35
v 16 37 20 10
v 16 38 34 20
v 16 39 29 15
v 16 40 5 3
v 16 41 19 11
v 16 42 10 5
v 16 43 20 9
v 16 44 15 5
v 16 45 9 4
v 16 46 21 16
v 16 47 29 10
v 16 48 62 23
v 16 49 34 14
v 16 50 14 9
v 16 51 44 18
v 16 52 13 5
v 16 53 30 14
v 16 54 63 29
v 16 55 43 12
v 16 56 13 6
v 16 57 10 6
v 16 58 21 10
v 16 59 15 6
v 16 60 44 22
v 16 61 4 2
v 16 62 25 5
v 16 63 10 7
v 16 64 35 18
v 16 65 17 6
v 16 66 4 3
v 16 67 25 14
v 16 68 13 7
v 16 69 58 28
v 16 70 21 8
v 16 71 61 23
v 16 72 11 5
v 16 73 11 3
v 16 74 55 26
v 16 75 30 14
v 16 76 41 19
v 16 77 14 4
v 16 78 18 8
v 16 79 31 14
v 16 80 15 6
v 16 81 8 4
v 16 82 6 4
v 16 83 31 11
v 16 84 33 14
v 16 85 80 45
v 16 86 118 57
v 16 87 32 16
v 16 88 14 5
v 16 89 7 2
v 16 90 40 19
v 16 91 20 10
v 16 92 3 0
v 16 93 34 15
v 16 94 6 2
v 16 95 5 2
v 16 96 58 23
v 16 97 26 12
v 16 98 36 15
v 16 99 6 3
v 16 100 96 48
v 16 101 29 15
v 16 102 6 2
v 16 103 3 1
v 16 104 17 10
v 16 105 33 14
v 16 106 65 26
v 16 107 39 20
v 16 108 60 31
v 16 109 32 19
v 16 110 31 12
v 16 111 19 8
v 16 112 53 20
v 16 113 7 3
v 16 114 6 4
v 16 119 64 29
v 16 120 47 20
v 16 121 42 22
v 16 123 90 48
v 16 126 31 10
v 16 128 71 36
v 16 129 32 17
v 16 131 56 29
v 16 135 72 37
v 16 136 12 2
v 16 137 15 7
v 16 138 15 7
v 16 145 17 6
v 16 155 30 11
v 17 18 78 41
v 17 19 153 83
v 17 20 102 60
v 17 21 225 97
v 17 22 112 53
v 17 23 30 16
v 17 25 227 111
v 17 26 219 100
v 17 27 80 43
v 17 28 144 74
v 17 29 127 72
v 17 30 134 66
v 17 31 208 101
v 17 32 9 5
v 17 33 52 21
v 17 34 39 19
v 17 35 32 19
v 17 36 135 71
v 17 37 33 16
v 17 38 60 31
v 17 39 85 44
v 17 40 15 7
v 17 41 59 33
v 17 42 36 26
v 17 43 58 35
v 17 44 10 5
v 17 45 10 3
v 17 46 50 24
v 17 47 71 34
v 17 48 147 67
v 17 49 98 50
v 17 50 27 17
v 17 51 143 83
v 17 52 27 17
v 17 53 102 57
v 17 54 243 119
v 17 55 142 68
v 17 56 51 27
v 17 57 12 10
v 17 58 35 19
v 17 59 33 23
v 17 60 132 66
v 17 61 7 4
v 17 62 104 45
v 17 63 20 10
v 17 64 66 39
v 17 65 29 15
v 17 66 4 0
v 17 67 93 48
v 17 68 26 12
v 17 69 147 75
v 17 70 49 33
v 17 71 150 81
v 17 72 22 11
v 17 73 30 17
v 17 74 140 65
v 17 75 53 31
v 17 76 73 40
v 17 77 30 16
v 17 78 51 25
v 17 79 79 51
v 17 80 62 35
v 17 81 8 7
v 17 82 16 8
v 17 83 111 42
v 17 84 99 49
v 17 85 228 125
v 17 86 336 155
v 17 87 102 59
v 17 88 67 36
v 17 89 17 9
v 17 90 153 75
v 17 91 52 21
v 17 92 21 9
v 17 93 72 39
v 17 94 20 8
v 17 95 25 11
v 17 96 171 84
v 17 97 53 27
v 17 98 114 68
v 17 99 31 18
v 17 100 194 96
v 17 101 85 48
v 17 102 13 4
v 17 103 7 3
v 17 104 43 22
v 17 105 130 64
v 17 106 300 141
v 17 107 182 99
v 17 108 178 104
v 17 109 94 48
v 17 110 106 55
v 17 111 49 22
v 17 112 174 91
v 17 113 13 9
v 17 114 32 18
v 17 119 200 109
v 17 120 142 67
v 17 121 83 40
v 17 123 333 186
v 17 126 97 49
v 17 128 268 148
v 17 129 77 42
v 17 131 154 83
v 17 135 231 115
v 17 136 36 20
v 17 137 77 33
v 17 138 32 14
v 17 145 110 57
v 17 155 92 47
v 18 19 157 85
v 18 20 112 55
v 18 21 227 107
v 18 22 62 29
v 18 23 42 24
v 18 25 253 152
v 18 26 238 137
v 18 27 84 43
v 18 28 127 65
v 18 29 77 37
v 18 30 106 57
v 18 31 183 94
v 18 32 14 8
v 18 33 50 19
v 18 34 38 25
v 18 35 56 33
v 18 36 137 72
v 18 37 39 25
v 18 38 50 21
v 18 39 72 41
v 18 40 13 8
v 18 41 60 36
v 18 42 32 18
v 18 43 58 27
v 18 44 27 11
v 18 45 10 4
v 18 46 81 43
v 18 47 76 29
v 18 48 210 103
v 18 49 153 78
v 18 50 41 20
v 18 51 141 72
v 18 52 21 9
v 18 53 98 45
v 18 54 229 123
v 18 55 318 181
v 18 56 57 29
v 18 57 11 6
v 18 58 39 22
v 18 59 24 14
v 18 60 200 111
v 18 61 14 7
v 18 62 138 63
v 18 63 23 14
v 18 64 86 45
v 18 65 26 14
v 18 66 9 3
v 18 67 82 42
v 18 68 35 20
v 18 69 130 57
v 18 70 119 65
v 18 71 213 103
v 18 72 39 24
v 18 73 30 15
v 18 74 189 87
v 18 75 97 50
v 18 76 96 45
v 18 77 53 26
v 18 78 117 57
v 18 79 83 44
v 18 80 65 31
v 18 81 32 21
v 18 82 13 7
v 18 83 89 39
v 18 84 110 53
v 18 85 256 137
v 18 86 344 184
v 18 87 179 94
v 18 88 89 43
v 18 89 9 4
v 18 90 99 41
v 18 91 62 30
v 18 92 15 5
v 18 93 80 41
v 18 94 32 19
v 18 95 45 19
v 18 96 233 128
v 18 97 65 40
v 18 98 116 64
v 18 99 28 18
v 18 100 215 136
v 18 101 123 65
v 18 102 14 11
v 18 103 12 4
v 18 104 54 24
v 18 105 137 75
v 18 106 254 136
v 18 107 192 90
v 18 108 166 90
v 18 109 99 60
v 18 110 84 43
v 18 111 55 29
v 18 112 135 63
v 18 113 20 9
v 18 114 33 15
v 18 119 217 109
v 18 120 127 61
v 18 121 142 73
v 18 123 341 185
v 18 126 80 47
v 18 128 241 131
v 18 129 84 39
v 18 131 169 97
v 18 135 192 94
v 18 136 50 30
v 18 137 51 32
v 18 138 38 16
v 18 145 77 43
v 18 155 94 44
v 19 20 150 65
v 19 21 300 123
v 19 22 111 48
v 19 23 40 22
v 19 25 315 137
v 19 26 320 183
v 19 27 109 52
v 19 28 157 72
v 19 29 145 74
v 19 30 105 40
v 19 31 206 87
v 19 32 13 5
v 19 33 94 40
v 19 34 35 19
v 19 35 68 31
v 19 36 209 98
v 19 37 54 28
v 19 38 73 25
v 19 39 113 64
v 19 40 21 13
v 19 41 72 32
v 19 42 40 19
v 19 43 46 23
v 19 44 25 14
v 19 45 16 5
v 19 46 88 47
v 19 47 74 34
v 19 48 223 97
v 19 49 122 50
v 19 50 49 23
v 19 51 136 64
v 19 52 20 8
v 19 53 124 65
v 19 54 258 113
v 19 55 190 93
v 19 56 42 24
v 19 57 17 9
v 19 58 42 19
v 19 59 35 20
v 19 60 251 120
v 19 61 18 10
v 19 62 91 28
v 19 63 42 21
v 19 64 95 58
v 19 65 27 14
v 19 66 6 4
v 19 67 128 68
v 19 68 32 10
v 19 69 179 88
v 19 70 113 46
v 19 71 223 113
v 19 72 29 14
v 19 73 33 17
v 19 74 221 107
v 19 75 98 55
v 19 76 104 56
v 19 77 36 14
v 19 78 46 23
v 19 79 88 41
v 19 80 98 46
v 19 81 24 14
v 19 82 14 9
v 19 83 110 47
v 19 84 121 56
v 19 85 253 130
v 19 86 403 193
v 19 87 191 86
v 19 88 97 46
v 19 89 7 3
v 19 90 151 64
v 19 91 63 31
v 19 92 11 4
v 19 93 88 42
v 19 94 35 19
v 19 95 22 9
v 19 96 228 107
v 19 97 80 50
v 19 98 166 68
v 19 99 42 20
v 19 100 291 154
v 19 101 172 92
v 19 102 21 13
v 19 103 12 6
v 19 104 73 33
v 19 105 175 85
v 19 106 303 113
v 19 107 191 83
v 19 108 196 115
v 19 109 131 59
v 19 110 92 43
v 19 111 69 37
v 19 112 215 94
v 19 113 19 15
v 19 114 54 31
v 19 119 263 110
v 19 120 183 98
v 19 121 151 68
v 19 123 396 189
v 19 126 135 69
v 19 128 291 164
v 19 129 93 46
v 19 131 217 109
v 19 135 267 128
v 19 136 60 26
v 19 137 61 28
v 19 138 47 22
v 19 145 126 54
v 19 155 106 49
v 20 21 237 101
v 20 22 130 66
v 20 23 55 25
v 20 25 324 148
v 20 26 374 187
v 20 27 145 70
v 20 28 196 92
v 20 29 136 53
v 20 30 136 69
v 20 31 246 104
v 20 32 21 9
v 20 33 57 20
v 20 34 41 20
v 20 35 84 41
v 20 36 201 89
v 20 37 44 29
v 20 38 59 22
v 20 39 112 53
v 20 40 30 14
v 20 41 96 43
v 20 42 47 27
v 20 43 69 41
v 20 44 48 26
v 20 45 10 1
v 20 46 70 34
v 20 47 92 47
v 20 48 201 86
v 20 49 101 33
v 20 50 42 20
v 20 51 127 57
v 20 52 28 6
v 20 53 107 47
v 20 54 254 124
v 20 55 112 49
v 20 56 58 30
v 20 57 13 2
v 20 58 28 9
v 20 59 49 32
v 20 60 189 75
v 20 61 10 4
v 20 62 89 30
v 20 63 43 18
v 20 64 134 65
v 20 65 19 11
v 20 66 7 2
v 20 67 141 62
v 20 68 39 19
v 20 69 265 137
v 20 70 103 48
v 20 71 191 84
v 20 72 26 11
v 20 73 27 14
v 20 74 232 109
v 20 75 100 55
v 20 76 88 40
v 20 77 34 11
v 20 78 75 31
v 20 79 77 46
v 20 80 68 34
v 20 81 18 7
v 20 82 19 8
v 20 83 151 62
v 20 84 141 60
v 20 85 313 137
v 20 86 398 168
v 20 87 213 94
v 20 88 76 29
v 20 89 20 6
v 20 90 117 47
v 20 91 53 24
v 20 92 20 11
v 20 93 89 38
v 20 94 42 19
v 20 95 23 15
v 20 96 199 86
v 20 97 109 55
v 20 98 116 62
v 20 99 56 28
v 20 100 247 109
v 20 101 134 69
v 20 102 37 21
v 20 103 11 6
v 20 104 61 33
v 20 105 137 64
v 20 106 231 98
v 20 107 163 76
v 20 108 227 117
v 20 109 117 47
v 20 110 141 66
v 20 111 93 46
v 20 112 161 63
v 20 113 36 17
v 20 114 40 21
v 20 119 190 81
v 20 120 132 58
v 20 121 166 86
v 20 123 355 165
v 20 126 109 48
v 20 128 307 157
v 20 129 102 55
v 20 131 164 76
v 20 135 228 104
v 20 136 43 15
v 20 137 74 32
v 20 138 61 31
v 20 145 83 45
v 20 155 72 28
v 21 22 179 103
v 21 23 105 60
v 21 25 538 277
v 21 26 522 302
v 21 27 156 83
v 21 28 371 213
v 21 29 218 116
v 21 30 242 116
v 21 31 371 202
v 21 32 37 19
v 21 33 99 46
v 21 34 77 43
v 21 35 109 60
v 21 36 328 158
v 21 37 61 38
v 21 38 129 56
v 21 39 221 123
v 21 40 43 29
v 21 41 139 78
v 21 42 61 37
v 21 43 137 72
v 21 44 58 31
v 21 45 33 20
v 21 46 132 61
v 21 47 227 124
v 21 48 391 219
v 21 49 255 131
v 21 50 80 42
v 21 51 261 125
v 21 52 47 19
v 21 53 195 97
v 21 54 544 298
v 21 55 311 160
v 21 56 109 73
v 21 57 21 14
v 21 58 91 45
v 21 59 68 40
v 21 60 328 175
v 21 61 15 8
v 21 62 232 103
v 21 63 47 27
v 21 64 204 120
v 21 65 54 26
v 21 66 15 5
v 21 67 178 89
v 21 68 55 32
v 21 69 274 141
v 21 70 159 85
v 21 71 358 198
v 21 72 58 33
v 21 73 56 31
v 21 74 335 173
v 21 75 181 108
v 21 76 193 104
v 21 77 59 28
v 21 78 96 46
v 21 79 157 76
v 21 80 163 84
v 21 81 35 20
v 21 82 29 14
v 21 83 205 88
v 21 84 237 116
v 21 85 556 295
v 21 86 796 412
v 21 87 327 168
v 21 88 141 70
v 21 89 29 14
v 21 90 219 96
v 21 91 117 56
v 21 92 32 17
v 21 93 180 85
v 21 94 56 24
v 21 95 34 9
v 21 96 490 250
v 21 97 131 72
v 21 98 212 118
v 21 99 57 37
v 21 100 510 274
v 21 101 217 112
v 21 102 35 18
v 21 103 33 16
v 21 104 89 44
v 21 105 258 133
v 21 106 507 252
v 21 107 316 155
v 21 108 395 235
v 21 109 182 100
v 21 110 198 107
v 21 111 113 65
v 21 112 340 152
v 21 113 49 30
v 21 114 84 49
v 21 119 473 253
v 21 120 287 150
v 21 121 248 149
v 21 123 737 423
v 21 126 200 104
v 21 128 514 297
v 21 129 204 104
v 21 131 332 175
v 21 135 491 256
v 21 136 83 51
v 21 137 118 58
v 21 138 98 54
v 21 145 201 111
v 21 155 151 62
v 22 23 39 17
v 22 25 218 109
v 22 26 229 126
v 22 27 83 31
v 22 28 141 70
v 22 29 105 48
v 22 30 87 45
v 22 31 156 81
v 22 32 14 6
v 22 33 27 9
v 22 34 38 20
v 22 35 55 24
v 22 36 129 51
v 22 37 61 30
v 22 38 52 20
v 22 39 104 54
v 22 40 16 9
v 22 41 57 21
v 22 42 37 23
v 22 43 56 29
v 22 44 22 12
v 22 45 19 10
v 22 46 45 22
v 22 47 79 40
v 22 48 123 59
v 22 49 64 29
v 22 50 27 13
v 22 51 109 41
v 22 52 21 12
v 22 53 82 43
v 22 54 195 78
v 22 55 79 33
v 22 56 33 16
v 22 57 17 6
v 22 58 25 10
v 22 59 25 14
v 22 60 136 72
v 22 61 15 10
v 22 62 69 30
v 22 63 21 10
v 22 64 74 44
v 22 65 28 15
v 22 66 4 3
v 22 67 131 62
v 22 68 17 10
v 22 69 118 58
v 22 70 61 35
v 22 71 155 71
v 22 72 16 12
v 22 73 24 15
v 22 74 151 72
v 22 75 74 43
v 22 76 52 21
v 22 77 34 15
v 22 78 43 12
v 22 79 57 31
v 22 80 63 27
v 22 81 14 9
v 22 82 17 8
v 22 83 132 43
v 22 84 98 52
v 22 85 203 95
v 22 86 327 152
v 22 87 121 62
v 22 88 57 28
v 22 89 7 4
v 22 90 101 37
v 22 91 52 18
v 22 92 22 9
v 22 93 61 36
v 22 94 21 9
v 22 95 16 6
v 22 96 147 72
v 22 97 59 30
v 22 98 73 31
v 22 99 40 20
v 22 100 176 83
v 22 101 127 65
v 22 102 17 8
v 22 103 10 4
v 22 104 40 21
v 22 105 92 44
v 22 106 174 88
v 22 107 96 38
v 22 108 165 89
v 22 109 59 29
v 22 110 98 52
v 22 111 35 21
v 22 112 88 44
v 22 113 12 2
v 22 114 33 21
v 22 119 139 75
v 22 120 94 46
v 22 121 113 46
v 22 123 255 127
v 22 126 92 48
v 22 128 267 142
v 22 129 80 46
v 22 131 106 49
v 22 135 182 80
v 22 136 38 18
v 22 137 73 35
v 22 138 34 17
v 22 145 55 24
v 22 155 44 15
v 23 25 109 56
v 23 26 145 85
v 23 27 31 18
v 23 28 50 19
v 23 29 61 29
v 23 30 54 28
v 23 31 77 43
v 23 32 7 3
v 23 33 24 12
v 23 34 12 6
v 23 35 23 11
v 23 36 70 38
v 23 37 15 6
v 23 38 23 14
v 23 39 33 20
v 23 40 4 1
v 23 41 23 9
v 23 42 16 6
v 23 43 21 7
v 23 44 11 6
v 23 45 6 3
v 23 46 36 18
v 23 47 28 15
v 23 48 91 40
v 23 49 26 10
v 23 50 13 4
v 23 51 66 28
v 23 52 4 1
v 23 53 36 16
v 23 54 92 39
v 23 55 55 23
v 23 56 23 15
v 23 57 6 3
v 23 58 11 4
v 23 59 14 9
v 23 60 82 41
v 23 61 4 3
v 23 62 36 15
v 23 63 14 7
v 23 64 38 20
v 23 65 12 7
v 23 66 1 0
v 23 67 43 22
v 23 68 12 6
v 23 69 44 18
v 23 70 35 20
v 23 71 68 32
v 23 72 15 7
v 23 73 15 6
v 23 74 127 59
v 23 75 40 20
v 23 76 31 15
v 23 77 20 7
v 23 78 12 6
v 23 79 24 10
v 23 80 17 8
v 23 81 9 4
v 23 82 5 4
v 23 83 30 11
v 23 84 52 23
v 23 85 101 43
v 23 86 148 56
v 23 87 76 37
v 23 88 31 14
v 23 89 5 1
v 23 90 41 17
v 23 91 32 14
v 23 92 7 2
v 23 93 39 18
v 23 94 8 6
v 23 95 9 4
v 23 96 73 37
v 23 97 21 11
v 23 98 57 34
v 23 99 11 7
v 23 100 83 51
v 23 101 51 22
v 23 102 8 5
v 23 103 7 2
v 23 104 24 9
v 23 105 59 31
v 23 106 78 32
v 23 107 63 32
v 23 108 76 39
v 23 109 31 16
v 23 110 36 18
v 23 111 11 6
v 23 112 52 24
v 23 113 6 4
v 23 114 22 8
v 23 119 81 39
v 23 120 43 23
v 23 121 62 30
v 23 123 105 42
v 23 126 36 17
v 23 128 108 56
v 23 129 38 21
v 23 131 64 26
v 23 135 88 45
v 23 136 16 8
v 23 137 19 9
v 23 138 20 10
v 23 145 30 14
v 23 155 19 7
v 25 26 547 318
v 25 27 214 115
v 25 28 333 165
v 25 29 264 143
v 25 30 247 134
v 25 31 433 230
v 25 32 40 18
v 25 33 107 41
v 25 34 95 49
v 25 35 210 116
v 25 36 339 176
v 25 37 88 49
v 25 38 119 51
v 25 39 174 97
v 25 40 33 22
v 25 41 128 62
v 25 42 87 47
v 25 43 149 79
v 25 44 70 31
v 25 45 30 9
v 25 46 169 82
v 25 47 173 95
v 25 48 340 177
v 25 49 366 160
v 25 50 94 53
v 25 51 275 140
v 25 52 54 36
v 25 53 253 138
v 25 54 565 276
v 25 55 268 134
v 25 56 128 60
v 25 57 35 14
v 25 58 87 40
v 25 59 65 34
v 25 60 321 159
v 25 61 27 14
v 25 62 185 71
v 25 63 56 27
v 25 64 199 93
v 25 65 68 33
v 25 66 12 8
v 25 67 287 132
v 25 68 50 26
v 25 69 277 144
v 25 70 193 91
v 25 71 376 171
v 25 72 67 43
v 25 73 53 24
v 25 74 516 242
v 25 75 170 93
v 25 76 248 110
v 25 77 95 45
v 25 78 101 49
v 25 79 143 75
v 25 80 156 73
v 25 81 32 21
v 25 82 20 11
v 25 83 258 97
v 25 84 264 124
v 25 85 673 338
v 25 86 935 446
v 25 87 351 181
v 25 88 125 60
v 25 89 24 13
v 25 90 305 125
v 25 91 141 66
v 25 92 42 17
v 25 93 139 62
v 25 94 54 29
v 25 95 38 23
v 25 96 455 228
v 25 97 178 95
v 25 98 179 102
v 25 99 66 35
v 25 100 499 246
v 25 101 250 133
v 25 102 45 21
v 25 103 32 15
v 25 104 96 51
v 25 105 313 147
v 25 106 502 224
v 25 107 379 177
v 25 108 536 311
v 25 109 175 88
v 25 110 304 155
v 25 111 121 60
v 25 112 353 155
v 25 113 63 29
v 25 114 83 45
v 25 119 485 223
v 25 120 323 156
v 25 121 279 148
v 25 123 759 395
v 25 126 184 83
v 25 128 663 364
v 25 129 224 128
v 25 131 347 180
v 25 135 551 278
v 25 136 124 65
v 25 137 114 47
v 25 138 76 39
v 25 145 169 77
v 25 155 147 70
v 26 27 315 160
v 26 28 406 167
v 26 29 310 136
v 26 30 278 140
v 26 31 524 235
v 26 32 40 18
v 26 33 124 44
v 26 34 107 48
v 26 35 149 68
v 26 36 337 155
v 26 37 90 45
v 26 38 146 55
v 26 39 224 102
v 26 40 44 21
v 26 41 120 60
v 26 42 93 42
v 26 43 128 64
v 26 44 64 23
v 26 45 46 24
v 26 46 157 83
v 26 47 165 66
v 26 48 424 167
v 26 49 254 109
v 26 50 94 37
v 26 51 291 128
v 26 52 65 33
v 26 53 239 118
v 26 54 606 291
v 26 55 279 115
v 26 56 81 37
v 26 57 41 18
v 26 58 80 38
v 26 59 62 27
v 26 60 380 167
v 26 61 24 15
v 26 62 203 71
v 26 63 86 42
v 26 64 247 120
v 26 65 61 25
v 26 66 14 5
v 26 67 273 113
v 26 68 70 33
v 26 69 296 130
v 26 70 197 93
v 26 71 432 176
v 26 72 94 47
v 26 73 68 28
v 26 74 493 199
v 26 75 229 103
v 26 76 201 90
v 26 77 100 43
v 26 78 152 54
v 26 79 156 81
v 26 80 120 61
v 26 81 38 26
v 26 82 27 13
v 26 83 302 115
v 26 84 338 149
v 26 85 605 270
v 26 86 1107 465
v 26 87 437 197
v 26 88 152 72
v 26 89 32 14
v 26 90 263 92
v 26 91 132 53
v 26 92 32 10
v 26 93 219 92
v 26 94 57 25
v 26 95 51 23
v 26 96 436 211
v 26 97 181 80
v 26 98 191 98
v 26 99 88 48
v 26 100 580 251
v 26 101 283 129
v 26 102 61 28
v 26 103 28 12
v 26 104 109 44
v 26 105 284 128
v 26 106 525 233
v 26 107 348 152
v 26 108 485 240
v 26 109 202 90
v 26 110 250 112
v 26 111 137 62
v 26 112 337 144
v 26 113 66 32
v 26 114 98 43
v 26 119 480 210
v 26 120 348 132
v 26 121 339 166
v 26 123 800 361
v 26 126 227 106
v 26 128 663 307
v 26 129 246 117
v 26 131 384 173
v 26 135 573 251
v 26 136 121 60
v 26 137 126 53
v 26 138 113 48
v 26 145 192 94
v 26 155 151 54
v 27 28 111 59
v 27 29 132 59
v 27 30 99 51
v 27 31 172 84
v 27 32 15 5
v 27 33 39 16
v 27 34 32 15
v 27 35 69 37
v 27 36 176 95
v 27 37 38 18
v 27 38 63 29
v 27 39 77 41
v 27 40 15 3
v 27 41 38 20
v 27 42 42 18
v 27 43 53 28
v 27 44 19 8
v 27 45 21 9
v 27 46 53 27
v 27 47 57 24
v 27 48 124 66
v 27 49 91 37
v 27 50 34 16
v 27 51 91 44
v 27 52 24 11
v 27 53 88 42
v 27 54 204 95
v 27 55 110 47
v 27 56 40 25
v 27 57 16 7
v 27 58 23 11
v 27 59 28 13
v 27 60 161 82
v 27 61 5 3
v 27 62 77 27
v 27 63 33 13
v 27 64 105 58
v 27 65 24 10
v 27 66 8 3
v 27 67 109 46
v 27 68 39 20
v 27 69 116 58
v 27 70 79 38
v 27 71 166 80
v 27 72 31 19
v 27 73 27 17
v 27 74 167 77
v 27 75 99 46
v 27 76 75 37
v 27 77 31 13
v 27 78 43 20
v 27 79 41 21
v 27 80 54 25
v 27 81 14 5
v 27 82 12 5
v 27 83 97 40
v 27 84 109 62
v 27 85 235 121
v 27 86 349 153
v 27 87 133 73
v 27 88 75 34
v 27 89 10 5
v 27 90 76 34
v 27 91 46 24
v 27 92 17 10
v 27 93 90 47
v 27 94 34 13
v 27 95 19 9
v 27 96 146 66
v 27 97 70 37
v 27 98 60 34
v 27 99 39 22
v 27 100 209 114
v 27 101 106 54
v 27 102 31 14
v 27 103 10 4
v 27 104 45 22
v 27 105 83 38
v 27 106 187 86
v 27 107 123 53
v 27 108 164 81
v 27 109 97 34
v 27 110 94 41
v 27 111 50 24
v 27 112 111 50
v 27 113 17 10
v 27 114 45 19
v 27 119 150 73
v 27 120 124 54
v 27 121 127 56
v 27 123 243 119
v 27 126 98 44
v 27 128 236 121
v 27 129 86 46
v 27 131 145 65
v 27 135 220 81
v 27 136 34 17
v 27 137 63 26
v 27 138 39 19
v 27 145 63 31
v 27 155 57 29
v 28 29 193 95
v 28 30 162 75
v 28 31 306 161
v 28 32 45 21
v 28 33 62 24
v 28 34 58 35
v 28 35 66 37
v 28 36 238 131
v 28 37 47 32
v 28 38 96 44
v 28 39 165 86
v 28 40 23 9
v 28 41 75 42
v 28 42 36 21
v 28 43 73 44
v 28 44 34 18
v 28 45 23 8
v 28 46 88 52
v 28 47 95 48
v 28 48 235 104
v 28 49 163 66
v 28 50 48 24
v 28 51 156 70
v 28 52 32 15
v 28 53 125 66
v 28 54 415 216
v 28 55 222 90
v 28 56 61 38
v 28 57 17 11
v 28 58 44 19
v 28 59 42 18
v 28 60 303 144
v 28 61 14 7
v 28 62 193 75
v 28 63 49 30
v 28 64 132 63
v 28 65 38 23
v 28 66 11 3
v 28 67 140 75
v 28 68 40 27
v 28 69 219 112
v 28 70 96 60
v 28 71 230 115
v 28 72 24 10
v 28 73 32 18
v 28 74 270 140
v 28 75 163 89
v 28 76 118 53
v 28 77 58 23
v 28 78 85 37
v 28 79 88 41
v 28 80 123 72
v 28 81 24 11
v 28 82 23 9
v 28 83 154 61
v 28 84 146 82
v 28 85 386 199
v 28 86 593 292
v 28 87 263 136
v 28 88 134 69
v 28 89 29 12
v 28 90 158 76
v 28 91 86 42
v 28 92 25 10
v 28 93 95 53
v 28 94 57 35
v 28 95 52 22
v 28 96 266 133
v 28 97 106 53
v 28 98 161 80
v 28 99 36 18
v 28 100 282 147
v 28 101 212 116
v 28 102 23 11
v 28 103 16 11
v 28 104 75 41
v 28 105 202 91
v 28 106 379 180
v 28 107 282 128
v 28 108 379 222
v 28 109 267 114
v 28 110 118 51
v 28 111 89 48
v 28 112 165 68
v 28 113 23 15
v 28 114 48 26
v 28 119 231 115
v 28 120 180 88
v 28 121 174 93
v 28 123 455 233
v 28 126 145 74
v 28 128 410 219
v 28 129 128 80
v 28 131 243 112
v 28 135 377 193
v 28 136 55 23
v 28 137 90 45
v 28 138 71 31
v 28 145 94 47
v 28 155 98 38
v 29 30 120 59
v 29 31 184 97
v 29 32 22 11
v 29 33 37 15
v 29 34 46 27
v 29 35 60 32
v 29 36 165 83
v 29 37 41 23
v 29 38 65 35
v 29 39 99 44
v 29 40 32 22
v 29 41 65 33
v 29 42 37 24
v 29 43 52 24
v 29 44 31 13
v 29 45 18 9
v 29 46 69 32
v 29 47 89 40
v 29 48 166 83
v 29 49 114 51
v 29 50 30 17
v 29 51 123 60
v 29 52 35 18
v 29 53 111 57
v 29 54 197 102
v 29 55 142 68
v 29 56 40 20
v 29 57 9 7
v 29 58 32 13
v 29 59 40 14
v 29 60 175 82
v 29 61 9 7
v 29 62 101 49
v 29 63 38 20
v 29 64 119 71
v 29 65 29 17
v 29 66 11 5
v 29 67 111 54
v 29 68 34 16
v 29 69 115 49
v 29 70 165 82
v 29 71 184 83
v 29 72 35 21
v 29 73 26 12
v 29 74 186 95
v 29 75 109 55
v 29 76 108 54
v 29 77 55 33
v 29 78 57 33
v 29 79 70 31
v 29 80 70 37
v 29 81 15 9
v 29 82 14 11
v 29 83 96 43
v 29 84 116 61
v 29 85 242 126
v 29 86 351 161
v 29 87 184 88
v 29 88 70 30
v 29 89 4 3
v 29 90 133 60
v 29 91 68 30
v 29 92 20 7
v 29 93 168 71
v 29 94 16 8
v 29 95 12 2
v 29 96 225 109
v 29 97 84 41
v 29 98 139 77
v 29 99 33 18
v 29 100 227 118
v 29 101 136 68
v 29 102 18 12
v 29 103 17 8
v 29 104 51 25
v 29 105 144 68
v 29 106 242 115
v 29 107 178 91
v 29 108 264 143
v 29 109 102 57
v 29 110 98 46
v 29 111 44 21
v 29 112 156 64
v 29 113 26 12
v 29 114 46 19
v 29 119 242 130
v 29 120 153 76
v 29 121 148 67
v 29 123 297 158
v 29 126 100 55
v 29 128 300 152
v 29 129 104 51
v 29 131 201 92
v 29 135 266 138
v 29 136 55 28
v 29 137 55 22
v 29 138 53 32
v 29 145 114 65
v 29 155 77 29
v 30 31 257 121
v 30 32 28 13
v 30 33 62 28
v 30 34 29 13
v 30 35 71 35
v 30 36 191 96
v 30 37 49 27
v 30 38 63 25
v 30 39 110 63
v 30 40 17 10
v 30 41 62 34
v 30 42 48 21
v 30 43 77 41
v 30 44 24 14
v 30 45 11 6
v 30 46 41 27
v 30 47 71 33
v 30 48 159 70
v 30 49 137 72
v 30 50 38 20
v 30 51 120 60
v 30 52 26 12
v 30 53 81 37
v 30 54 268 145
v 30 55 125 52
v 30 56 51 24
v 30 57 19 10
v 30 58 43 20
v 30 59 34 20
v 30 60 192 94
v 30 61 11 5
v 30 62 63 23
v 30 63 36 21
v 30 64 100 51
v 30 65 19 9
v 30 66 6 5
v 30 67 98 49
v 30 68 29 17
v 30 69 145 68
v 30 70 102 47
v 30 71 181 95
v 30 72 26 9
v 30 73 29 14
v 30 74 197 96
v 30 75 110 64
v 30 76 121 54
v 30 77 46 26
v 30 78 76 36
v 30 79 59 30
v 30 80 98 47
v 30 81 11 5
v 30 82 9 4
v 30 83 109 39
v 30 84 101 53
v 30 85 288 154
v 30 86 370 195
v 30 87 197 89
v 30 88 76 31
v 30 89 13 4
v 30 90 99 38
v 30 91 61 32
v 30 92 18 8
v 30 93 101 47
v 30 94 34 18
v 30 95 20 13
v 30 96 194 111
v 30 97 69 37
v 30 98 86 47
v 30 99 27 10
v 30 100 211 108
v 30 101 171 94
v 30 102 18 9
v 30 103 10 3
v 30 104 64 29
v 30 105 176 91
v 30 106 230 113
v 30 107 160 84
v 30 108 190 102
v 30 109 89 48
v 30 110 114 59
v 30 111 56 28
v 30 112 170 79
v 30 113 30 15
v 30 114 33 22
v 30 119 255 131
v 30 120 123 68
v 30 121 117 46
v 30 123 360 198
v 30 126 105 51
v 30 128 258 144
v 30 129 82 49
v 30 131 162 85
v 30 135 258 122
v 30 136 38 14
v 30 137 72 28
v 30 138 62 34
v 30 145 98 47
v 30 155 78 41
v 31 32 36 19
v 31 33 71 26
v 31 34 71 38
v 31 35 114 64
v 31 36 274 133
v 31 37 77 40
v 31 38 96 52
v 31 39 178 83
v 31 40 33 19
v 31 41 130 66
v 31 42 68 40
v 31 43 96 46
v 31 44 40 21
v 31 45 32 14
v 31 46 96 55
v 31 47 131 65
v 31 48 285 157
v 31 49 202 81
v 31 50 67 24
v 31 51 175 74
v 31 52 63 36
v 31 53 123 66
v 31 54 463 230
v 31 55 199 87
v 31 56 87 37
v 31 57 26 11
v 31 58 59 28
v 31 59 69 40
v 31 60 340 169
v 31 61 19 9
v 31 62 158 62
v 31 63 49 23
v 31 64 154 80
v 31 65 37 16
v 31 66 12 4
v 31 67 210 91
v 31 68 46 27
v 31 69 250 119
v 31 70 147 70
v 31 71 289 154
v 31 72 43 22
v 31 73 44 19
v 31 74 333 141
v 31 75 159 89
v 31 76 158 73
v 31 77 73 30
v 31 78 101 43
v 31 79 94 43
v 31 80 110 50
v 31 81 19 13
v 31 82 20 12
v 31 83 192 91
v 31 84 204 96
v 31 85 463 228
v 31 86 670 319
v 31 87 316 146
v 31 88 113 55
v 31 89 18 10
v 31 90 151 64
v 31 91 99 52
v 31 92 32 12
v 31 93 182 86
v 31 94 41 23
v 31 95 38 15
v 31 96 297 138
v 31 97 116 64
v 31 98 118 73
v 31 99 66 25
v 31 100 447 213
v 31 101 271 140
v 31 102 46 22
v 31 103 17 6
v 31 104 102 49
v 31 105 221 95
v 31 106 410 203
v 31 107 244 113
v 31 108 410 214
v 31 109 118 58
v 31 110 212 115
v 31 111 118 60
v 31 112 232 82
v 31 113 54 28
v 31 114 61 31
v 31 119 393 187
v 31 120 180 91
v 31 121 298 151
v 31 123 646 327
v 31 126 171 81
v 31 128 424 234
v 31 129 145 74
v 31 131 267 137
v 31 135 405 209
v 31 136 58 30
v 31 137 134 70
v 31 138 77 30
v 31 145 142 62
v 31 155 122 54
v 32 33 7 3
v 32 34 8 4
v 32 35 3 1
v 32 36 24 10
v 32 37 6 4
v 32 38 4 2
v 32 39 13 6
v 32 40 1 0
v 32 41 15 6
v 32 42 4 3
v 32 43 4 2
v 32 44 6 3
v 32 45 9 3
v 32 46 6 3
v 32 47 13 6
v 32 48 20 10
v 32 49 16 8
v 32 50 8 3
v 32 51 10 4
v 32 52 4 1
v 32 53 15 10
v 32 54 44 21
v 32 55 13 4
v 32 56 12 7
v 32 57 2 1
v 32 58 2 2
v 32 59 3 1
v 32 60 26 14
v 32 62 6 1
v 32 63 3 3
v 32 64 13 6
v 32 66 2 2
v 32 67 14 9
v 32 68 6 3
v 32 69 23 11
v 32 70 11 6
v 32 71 33 14
v 32 72 6 2
v 32 73 9 4
v 32 74 44 23
v 32 75 16 10
v 32 76 15 10
v 32 77 6 2
v 32 78 7 3
v 32 79 13 7
v 32 80 12 7
v 32 81 4 2
v 32 82 3 3
v 32 83 16 10
v 32 84 15 6
v 32 85 32 18
v 32 86 51 28
v 32 87 20 11
v 32 88 20 7
v 32 89 2 1
v 32 90 18 8
v 32 91 10 4
v 32 92 5 3
v 32 93 20 9
v 32 94 9 4
v 32 95 4 2
v 32 96 31 8
v 32 97 14 6
v 32 98 18 7
v 32 99 4 2
v 32 100 29 18
v 32 101 28 14
v 32 102 5 3
v 32 103 1 1
v 32 104 5 4
v 32 105 23 11
v 32 106 29 14
v 32 107 18 9
v 32 108 22 11
v 32 109 5 0
v 32 110 27 13
v 32 111 23 11
v 32 112 16 8
v 32 113 5 3
v 32 114 6 2
v 32 119 30 15
v 32 120 13 9
v 32 121 16 9
v 32 123 43 18
v 32 126 8 4
v 32 128 35 19
v 32 129 9 6
v 32 131 24 14
v 32 135 34 15
v 32 136 5 3
v 32 137 11 2
v 32 138 6 3
v 32 145 11 4
v 32 155 11 4
v 33 34 19 15
v 33 35 28 15
v 33 36 90 53
v 33 37 39 21
v 33 38 28 14
v 33 39 33 20
v 33 40 8 3
v 33 41 13 7
v 33 42 12 7
v 33 43 18 12
v 33 44 10 4
v 33 45 6 2
v 33 46 30 18
v 33 47 25 17
v 33 48 83 46
v 33 49 78 48
v 33 50 25 12
v 33 51 57 35
v 33 52 14 8
v 33 53 36 23
v 33 54 130 88
v 33 55 83 50
v 33 56 13 6
v 33 57 7 5
v 33 58 21 16
v 33 59 17 11
v 33 60 82 57
v 33 61 7 4
v 33 62 52 29
v 33 63 5 3
v 33 64 29 23
v 33 65 24 17
v 33 66 9 7
v 33 67 38 23
v 33 68 8 8
v 33 69 74 40
v 33 70 36 23
v 33 71 76 46
v 33 72 92 54
v 33 73 17 9
v 33 74 85 52
v 33 75 57 34
v 33 76 60 41
v 33 77 17 12
v 33 78 35 17
v 33 79 24 16
v 33 80 63 36
v 33 81 6 5
v 33 82 7 3
v 33 83 40 20
v 33 84 52 34
v 33 85 190 118
v 33 86 137 82
v 33 87 68 44
v 33 88 23 13
v 33 89 17 8
v 33 90 65 40
v 33 91 43 26
v 33 92 10 7
v 33 93 49 29
v 33 94 20 11
v 33 95 10 7
v 33 96 85 47
v 33 97 21 18
v 33 98 45 30
v 33 99 30 19
v 33 100 115 71
v 33 101 59 41
v 33 102 3 3
v 33 103 9 5
v 33 104 28 17
v 33 105 85 56
v 33 106 106 62
v 33 107 72 50
v 33 108 94 60
v 33 109 40 22
v 33 110 42 21
v 33 111 32 19
v 33 112 66 38
v 33 113 3 3
v 33 114 18 11
v 33 119 124 76
v 33 120 60 31
v 33 121 67 38
v 33 123 187 105
v 33 126 49 27
v 33 128 115 67
v 33 129 27 19
v 33 131 79 50
v 33 135 157 93
v 33 136 21 15
v 33 137 24 13
v 33 138 16 13
v 33 145 53 35
v 33 155 48 28
v 34 35 19 10
v 34 36 71 28
v 34 37 13 7
v 34 38 16 3
v 34 39 23 13
v 34 40 10 6
v 34 41 21 8
v 34 42 19 10
v 34 43 20 11
v 34 44 17 13
v 34 45 8 4
v 34 46 13 5
v 34 47 26 10
v 34 48 42 22
v 34 49 48 18
v 34 50 14 8
v 34 51 31 15
v 34 52 9 1
v 34 53 29 12
v 34 54 84 43
v 34 55 43 21
v 34 56 14 6
v 34 57 8 1
v 34 58 16 6
v 34 59 9 6
v 34 60 71 35
v 34 61 6 3
v 34 62 22 6
v 34 63 15 8
v 34 64 42 24
v 34 65 11 6
v 34 66 2 2
v 34 67 69 32
v 34 68 16 8
v 34 69 60 27
v 34 70 32 18
v 34 71 54 27
v 34 72 9 5
v 34 73 7 5
v 34 74 78 34
v 34 75 29 13
v 34 76 34 13
v 34 77 5 1
v 34 78 17 4
v 34 79 25 17
v 34 80 29 10
v 34 81 6 3
v 34 82 7 5
v 34 83 40 19
v 34 84 31 17
v 34 85 113 45
v 34 86 122 54
v 34 87 35 19
v 34 88 16 6
v 34 89 5 4
v 34 90 44 21
v 34 91 31 15
v 34 92 3 2
v 34 93 16 9
v 34 94 9 5
v 34 95 9 6
v 34 96 80 43
v 34 97 24 14
v 34 98 44 19
v 34 99 10 6
v 34 100 78 42
v 34 101 32 17
v 34 102 10 6
v 34 103 11 4
v 34 104 19 10
v 34 105 53 30
v 34 106 66 41
v 34 107 47 18
v 34 108 67 40
v 34 109 28 15
v 34 110 38 20
v 34 111 30 11
v 34 112 38 18
v 34 113 7 2
v 34 114 13 4
v 34 119 53 27
v 34 120 32 14
v 34 121 53 22
v 34 123 103 46
v 34 126 39 21
v 34 128 96 43
v 34 129 24 12
v 34 131 56 30
v 34 135 82 42
v 34 136 25 10
v 34 137 31 10
v 34 138 16 9
v 34 145 27 13
v 34 155 19 10
v 35 36 83 42
v 35 37 28 17
v 35 38 29 16
v 35 39 39 22
v 35 40 17 8
v 35 41 32 17
v 35 42 25 13
v 35 43 40 11
v 35 44 21 9
v 35 45 6 2
v 35 46 30 21
v 35 47 102 55
v 35 48 88 36
v 35 49 62 19
v 35 50 18 10
v 35 51 45 23
v 35 52 15 7
v 35 53 47 19
v 35 54 130 54
v 35 55 45 12
v 35 56 22 10
v 35 57 8 3
v 35 58 16 5
v 35 59 37 21
v 35 60 63 33
v 35 61 2 1
v 35 62 49 15
v 35 63 15 7
v 35 64 41 12
v 35 65 8 5
v 35 66 5 4
v 35 67 60 28
v 35 68 19 14
v 35 69 89 41
v 35 70 41 25
v 35 71 51 21
v 35 72 12 5
v 35 73 16 8
v 35 74 91 40
v 35 75 61 33
v 35 76 105 52
v 35 77 12 6
v 35 78 32 12
v 35 79 37 16
v 35 80 37 13
v 35 81 9 4
v 35 82 5 2
v 35 83 61 27
v 35 84 79 27
v 35 85 173 74
v 35 86 200 95
v 35 87 89 44
v 35 88 15 10
v 35 89 6 5
v 35 90 39 17
v 35 91 28 9
v 35 92 5 2
v 35 93 46 17
v 35 94 23 11
v 35 95 13 8
v 35 96 88 47
v 35 97 37 13
v 35 98 41 19
v 35 99 21 11
v 35 100 90 36
v 35 101 81 39
v 35 102 17 10
v 35 103 2 0
v 35 104 23 12
v 35 105 73 39
v 35 106 70 25
v 35 107 48 22
v 35 108 121 65
v 35 109 31 12
v 35 110 89 39
v 35 111 37 20
v 35 112 61 31
v 35 113 17 7
v 35 114 17 10
v 35 119 88 40
v 35 120 56 28
v 35 121 85 38
v 35 123 132 56
v 35 126 46 19
v 35 128 121 58
v 35 129 50 26
v 35 131 71 34
v 35 135 117 47
v 35 136 18 7
v 35 137 24 13
v 35 138 31 15
v 35 145 31 14
v 35 155 32 15
v 36 37 75 47
v 36 38 81 41
v 36 39 170 87
v 36 40 25 15
v 36 41 89 46
v 36 42 66 35
v 36 43 111 55
v 36 44 29 18
v 36 45 22 12
v 36 46 80 39
v 36 47 137 69
v 36 48 262 130
v 36 49 212 117
v 36 50 52 28
v 36 51 205 110
v 36 52 63 33
v 36 53 160 78
v 36 54 352 196
v 36 55 229 107
v 36 56 70 27
v 36 57 22 10
v 36 58 42 20
v 36 59 44 26
v 36 60 205 109
v 36 61 6 3
v 36 62 172 71
v 36 63 47 21
v 36 64 126 66
v 36 65 61 27
v 36 66 8 3
v 36 67 194 104
v 36 68 74 34
v 36 69 267 135
v 36 70 100 51
v 36 71 291 162
v 36 72 39 19
v 36 73 47 25
v 36 74 264 127
v 36 75 104 54
v 36 76 139 71
v 36 77 59 36
v 36 78 71 35
v 36 79 138 62
v 36 80 114 66
v 36 81 13 7
v 36 82 18 12
v 36 83 203 98
v 36 84 159 81
v 36 85 438 225
v 36 86 559 280
v 36 87 213 113
v 36 88 65 32
v 36 89 11 6
v 36 90 179 79
v 36 91 97 46
v 36 92 29 13
v 36 93 126 60
v 36 94 46 21
v 36 95 39 23
v 36 96 321 169
v 36 97 91 38
v 36 98 177 109
v 36 99 54 34
v 36 100 361 188
v 36 101 182 82
v 36 102 39 22
v 36 103 26 9
v 36 104 46 25
v 36 105 173 85
v 36 106 391 203
v 36 107 223 121
v 36 108 299 163
v 36 109 117 63
v 36 110 152 83
v 36 111 51 23
v 36 112 293 140
v 36 113 28 17
v 36 114 49 24
v 36 119 335 169
v 36 120 183 89
v 36 121 157 75
v 36 123 466 249
v 36 126 124 66
v 36 128 378 186
v 36 129 93 52
v 36 131 247 135
v 36 135 352 178
v 36 136 63 39
v 36 137 99 39
v 36 138 334 159
v 36 145 122 67
v 36 155 118 38
v 37 38 26 11
v 37 39 38 22
v 37 40 12 4
v 37 41 16 10
v 37 42 12 5
v 37 43 16 6
v 37 44 11 5
v 37 45 10 4
v 37 46 27 19
v 37 47 25 11
v 37 48 56 22
v 37 49 44 17
v 37 50 17 8
v 37 51 39 16
v 37 52 11 6
v 37 53 55 25
v 37 54 68 37
v 37 55 37 19
v 37 56 11 2
v 37 57 3 1
v 37 58 11 3
v 37 59 20 8
v 37 60 49 20
v 37 61 3 1
v 37 62 21 4
v 37 63 11 2
v 37 64 35 11
v 37 65 9 4
v 37 66 6 2
v 37 67 31 13
v 37 68 14 8
v 37 69 48 20
v 37 70 23 14
v 37 71 68 25
v 37 72 8 4
v 37 73 12 3
v 37 74 52 25
v 37 75 28 19
v 37 76 25 8
v 37 77 15 3
v 37 78 14 6
v 37 79 22 12
v 37 80 19 6
v 37 81 7 3
v 37 82 9 5
v 37 83 47 17
v 37 84 40 20
v 37 85 76 34
v 37 86 136 56
v 37 87 56 25
v 37 88 18 7
v 37 89 8 3
v 37 90 47 19
v 37 91 20 8
v 37 92 5 1
v 37 93 40 19
v 37 94 10 6
v 37 95 10 5
v 37 96 51 24
v 37 97 31 11
v 37 98 26 15
v 37 99 11 7
v 37 100 69 35
v 37 101 70 28
v 37 102 12 5
v 37 103 7 4
v 37 104 25 7
v 37 105 61 26
v 37 106 71 26
v 37 107 48 16
v 37 108 51 23
v 37 109 26 12
v 37 110 41 15
v 37 111 20 5
v 37 112 39 21
v 37 113 10 4
v 37 114 12 6
v 37 119 60 24
v 37 120 33 15
v 37 121 44 17
v 37 123 89 44
v 37 126 25 13
v 37 128 77 36
v 37 129 37 20
v 37 131 57 22
v 37 135 60 25
v 37 136 14 6
v 37 137 23 7
v 37 138 17 8
v 37 145 34 19
v 37 155 37 11
v 38 39 41 20
v 38 40 9 3
v 38 41 27 16
v 38 42 15 7
v 38 43 30 20
v 38 44 15 9
v 38 45 10 10
v 38 46 15 9
v 38 47 26 15
v 38 48 100 46
v 38 49 50 25
v 38 50 17 11
v 38 51 99 50
v 38 52 17 8
v 38 53 62 41
v 38 54 133 75
v 38 55 70 30
v 38 56 101 49
v 38 57 7 4
v 38 58 23 10
v 38 59 14 6
v 38 60 97 48
v 38 61 6 2
v 38 62 40 19
v 38 63 12 8
v 38 64 40 20
v 38 65 16 7
v 38 66 4 3
v 38 67 42 25
v 38 68 10 6
v 38 69 78 45
v 38 70 38 22
v 38 71 99 54
v 38 72 80 41
v 38 73 12 6
v 38 74 99 54
v 38 75 35 22
v 38 76 56 26
v 38 77 18 6
v 38 78 39 15
v 38 79 36 25
v 38 80 30 12
v 38 81 8 4
v 38 82 5 3
v 38 83 50 17
v 38 84 57 35
v 38 85 144 77
v 38 86 176 82
v 38 87 93 54
v 38 88 36 23
v 38 89 5 3
v 38 90 42 21
v 38 91 31 13
v 38 92 7 5
v 38 93 35 15
v 38 94 16 7
v 38 95 10 5
v 38 96 101 49
v 38 97 41 24
v 38 98 56 21
v 38 99 23 12
v 38 100 112 61
v 38 101 67 40
v 38 102 16 7
v 38 103 10 6
v 38 104 21 9
v 38 105 63 29
v 38 106 144 80
v 38 107 94 41
v 38 108 102 66
v 38 109 42 23
v 38 110 53 29
v 38 111 33 18
v 38 112 61 32
v 38 113 8 5
v 38 114 17 9
v 38 119 134 67
v 38 120 73 42
v 38 121 69 35
v 38 123 176 92
v 38 126 62 34
v 38 128 147 79
v 38 129 49 27
v 38 131 83 46
v 38 135 141 81
v 38 136 28 16
v 38 137 29 14
v 38 138 20 11
v 38 145 41 18
v 38 155 57 30
v 39 40 12 6
v 39 41 39 17
v 39 42 37 21
v 39 43 58 37
v 39 44 25 12
v 39 45 13 1
v 39 46 38 20
v 39 47 63 28
v 39 48 117 50
v 39 49 94 46
v 39 50 20 11
v 39 51 130 55
v 39 52 31 16
v 39 53 53 30
v 39 54 194 89
v 39 55 107 41
v 39 56 36 17
v 39 57 15 9
v 39 58 29 9
v 39 59 27 14
v 39 60 105 51
v 39 61 7 5
v 39 62 79 25
v 39 63 29 17
v 39 64 82 32
v 39 65 30 18
v 39 66 3 1
v 39 67 104 48
v 39 68 39 22
v 39 69 81 35
v 39 70 70 38
v 39 71 146 70
v 39 72 28 15
v 39 73 20 10
v 39 74 180 85
v 39 75 52 28
v 39 76 67 33
v 39 77 34 13
v 39 78 51 31
v 39 79 75 35
v 39 80 52 21
v 39 81 8 4
v 39 82 11 6
v 39 83 100 37
v 39 84 84 40
v 39 85 233 112
v 39 86 270 121
v 39 87 108 47
v 39 88 46 20
v 39 89 10 5
v 39 90 106 43
v 39 91 46 23
v 39 92 21 12
v 39 93 81 40
v 39 94 29 15
v 39 95 22 10
v 39 96 125 57
v 39 97 73 38
v 39 98 107 62
v 39 99 18 8
v 39 100 219 108
v 39 101 91 52
v 39 102 22 12
v 39 103 9 4
v 39 104 33 10
v 39 105 101 46
v 39 106 159 60
v 39 107 108 57
v 39 108 177 78
v 39 109 90 43
v 39 110 71 33
v 39 111 45 26
v 39 112 104 49
v 39 113 21 13
v 39 114 39 21
v 39 119 176 73
v 39 120 115 55
v 39 121 85 42
v 39 123 263 114
v 39 126 92 36
v 39 128 235 119
v 39 129 81 46
v 39 131 117 58
v 39 135 195 88
v 39 136 38 16
v 39 137 66 25
v 39 138 39 18
v 39 145 70 28
v 39 155 67 30
v 40 41 10 5
v 40 42 7 4
v 40 43 5 3
v 40 44 6 4
v 40 45 6 2
v 40 46 7 4
v 40 47 13 5
v 40 48 28 14
v 40 49 21 8
v 40 50 5 1
v 40 51 20 9
v 40 52 6 1
v 40 53 11 7
v 40 54 31 11
v 40 55 16 10
v 40 56 10 6
v 40 57 5 2
v 40 58 10 5
v 40 59 6 2
v 40 60 30 18
v 40 61 3 1
v 40 62 7 5
v 40 63 16 6
v 40 64 21 8
v 40 65 7 5
v 40 66 3 1
v 40 67 10 4
v 40 68 6 4
v 40 69 29 13
v 40 70 14 10
v 40 71 29 13
v 40 72 7 4
v 40 73 10 3
v 40 74 26 11
v 40 75 21 6
v 40 76 13 8
v 40 77 8 2
v 40 78 7 4
v 40 79 20 8
v 40 80 16 6
v 40 81 4 3
v 40 82 4 3
v 40 83 24 7
v 40 84 22 8
v 40 85 38 18
v 40 86 58 24
v 40 87 24 12
v 40 88 11 7
v 40 89 1 1
v 40 90 28 10
v 40 91 9 1
v 40 92 5 3
v 40 93 16 6
v 40 94 10 7
v 40 95 1 1
v 40 96 30 19
v 40 97 13 8
v 40 98 18 11
v 40 99 7 5
v 40 100 38 16
v 40 101 20 6
v 40 102 9 5
v 40 103 2 1
v 40 104 17 9
v 40 105 16 9
v 40 106 36 18
v 40 107 18 9
v 40 108 27 9
v 40 109 15 7
v 40 110 16 8
v 40 111 12 6
v 40 112 14 4
v 40 113 6 5
v 40 114 4 2
v 40 119 25 11
v 40 120 17 7
v 40 121 19 6
v 40 123 50 22
v 40 126 12 5
v 40 128 35 20
v 40 129 12 5
v 40 131 24 12
v 40 135 30 15
v 40 136 10 4
v 40 137 12 2
v 40 138 11 5
v 40 145 15 6
v 40 155 18 5
v 41 42 27 12
v 41 43 36 19
v 41 44 12 5
v 41 45 7 3
v 41 46 21 13
v 41 47 31 13
v 41 48 71 33
v 41 49 45 21
v 41 50 19 9
v 41 51 72 29
v 41 52 18 10
v 41 53 36 23
v 41 54 190 100
v 41 55 72 35
v 41 56 18 8
v 41 57 7 5
v 41 58 17 8
v 41 59 17 7
v 41 60 71 20
v 41 61 3 1
v 41 62 53 20
v 41 63 24 14
v 41 64 57 27
v 41 65 28 17
v 41 66 6 2
v 41 67 51 25
v 41 68 15 8
v 41 69 49 21
v 41 70 54 27
v 41 71 119 43
v 41 72 15 4
v 41 73 17 7
v 41 74 90 46
v 41 75 51 22
v 41 76 52 25
v 41 77 18 7
v 41 78 24 8
v 41 79 40 21
v 41 80 25 7
v 41 81 5 2
v 41 82 6 2
v 41 83 63 26
v 41 84 47 22
v 41 85 145 59
v 41 86 194 84
v 41 87 66 32
v 41 88 44 19
v 41 89 11 4
v 41 90 69 31
v 41 91 29 8
v 41 92 15 5
v 41 93 62 23
v 41 94 14 9
v 41 95 16 6
v 41 96 85 33
v 41 97 37 12
v 41 98 59 34
v 41 99 23 16
v 41 100 154 79
v 41 101 50 23
v 41 102 15 5
v 41 103 6 1
v 41 104 31 10
v 41 105 71 26
v 41 106 141 63
v 41 107 71 34
v 41 108 83 52
v 41 109 45 15
v 41 110 59 26
v 41 111 23 12
v 41 112 57 23
v 41 113 14 8
v 41 114 17 8
v 41 119 98 43
v 41 120 76 36
v 41 121 45 19
v 41 123 162 80
v 41 126 68 33
v 41 128 150 84
v 41 129 54 22
v 41 131 70 38
v 41 135 176 103
v 41 136 19 13
v 41 137 41 22
v 41 138 28 13
v 41 145 38 13
v 41 155 32 17
v 42 43 23 13
v 42 44 12 5
v 42 45 8 2
v 42 46 17 8
v 42 47 18 8
v 42 48 52 25
v 42 49 50 16
v 42 50 15 5
v 42 51 31 14
v 42 52 12 6
v 42 53 35 18
v 42 54 63 29
v 42 55 22 10
v 42 56 19 15
v 42 57 3 1
v 42 58 13 5
v 42 59 7 5
v 42 60 71 36
v 42 61 5 0
v 42 62 25 9
v 42 63 12 3
v 42 64 25 10
v 42 65 6 4
v 42 66 1 0
v 42 67 38 21
v 42 68 12 8
v 42 69 136 71
v 42 70 22 12
v 42 71 58 32
v 42 72 11 1
v 42 73 16 3
v 42 74 59 31
v 42 75 28 13
v 42 76 25 13
v 42 77 4 0
v 42 78 15 6
v 42 79 29 13
v 42 80 12 7
v 42 81 2 1
v 42 82 9 6
v 42 83 30 11
v 42 84 33 10
v 42 85 72 35
v 42 86 118 50
v 42 87 66 33
v 42 88 26 9
v 42 89 8 4
v 42 90 25 8
v 42 91 20 7
v 42 92 9 3
v 42 93 23 11
v 42 94 6 3
v 42 95 7 3
v 42 96 41 24
v 42 97 41 17
v 42 98 31 9
v 42 99 7 1
v 42 100 73 37
v 42 101 57 28
v 42 102 10 4
v 42 103 7 3
v 42 104 30 16
v 42 105 41 25
v 42 106 81 41
v 42 107 39 18
v 42 108 42 22
v 42 109 19 11
v 42 110 31 13
v 42 111 26 16
v 42 112 42 13
v 42 113 9 4
v 42 114 14 6
v 42 119 58 25
v 42 120 33 17
v 42 121 48 21
v 42 123 104 52
v 42 126 28 16
v 42 128 76 35
v 42 129 18 9
v 42 131 38 14
v 42 135 74 41
v 42 136 11 4
v 42 137 20 10
v 42 138 14 4
v 42 145 18 9
v 42 155 12 4
v 43 44 11 5
v 43 45 7 5
v 43 46 19 10
v 43 47 52 21
v 43 48 89 44
v 43 49 55 27
v 43 50 15 7
v 43 51 58 32
v 43 52 11 5
v 43 53 45 22
v 43 54 115 62
v 43 55 57 16
v 43 56 24 13
v 43 57 9 7
v 43 58 23 14
v 43 59 20 13
v 43 60 85 41
v 43 61 7 3
v 43 62 40 13
v 43 63 21 10
v 43 64 42 23
v 43 65 10 3
v 43 66 5 5
v 43 67 51 22
v 43 68 23 8
v 43 69 74 35
v 43 70 41 17
v 43 71 95 45
v 43 72 9 7
v 43 73 14 7
v 43 74 77 42
v 43 75 46 20
v 43 76 45 26
v 43 77 21 7
v 43 78 28 13
v 43 79 30 15
v 43 80 38 14
v 43 81 4 2
v 43 82 9 5
v 43 83 54 20
v 43 84 61 28
v 43 85 150 74
v 43 86 175 83
v 43 87 75 46
v 43 88 37 14
v 43 89 5 1
v 43 90 47 15
v 43 91 32 14
v 43 92 9 6
v 43 93 26 16
v 43 94 18 10
v 43 95 11 2
v 43 96 82 33
v 43 97 34 17
v 43 98 47 20
v 43 99 14 8
v 43 100 107 40
v 43 101 72 30
v 43 102 15 9
v 43 103 4 2
v 43 104 20 14
v 43 105 56 26
v 43 106 100 36
v 43 107 64 33
v 43 108 109 67
v 43 109 54 21
v 43 110 62 25
v 43 111 33 17
v 43 112 42 18
v 43 113 10 5
v 43 114 12 8
v 43 119 100 37
v 43 120 54 24
v 43 121 50 20
v 43 123 153 74
v 43 126 42 21
v 43 128 136 67
v 43 129 44 23
v 43 131 57 31
v 43 135 118 60
v 43 136 24 13
v 43 137 25 12
v 43 138 22 8
v 43 145 37 20
v 43 155 24 7
v 44 45 3 2
v 44 46 14 5
v 44 47 28 12
v 44 48 49 18
v 44 49 33 14
v 44 50 15 7
v 44 51 31 12
v 44 52 10 3
v 44 53 27 14
v 44 54 59 33
v 44 55 28 16
v 44 56 11 8
v 44 57 8 4
v 44 58 15 8
v 44 59 5 3
v 44 60 52 24
v 44 61 2 1
v 44 62 22 8
v 44 63 7 2
v 44 64 21 14
v 44 65 4 1
v 44 66 2 1
v 44 67 49 21
v 44 68 11 6
v 44 69 25 10
v 44 70 28 16
v 44 71 48 28
v 44 72 6 5
v 44 73 10 6
v 44 74 59 32
v 44 75 32 14
v 44 76 24 12
v 44 77 5 1
v 44 78 9 5
v 44 79 16 9
v 44 80 20 13
v 44 82 3 1
v 44 83 25 9
v 44 84 33 16
v 44 85 60 32
v 44 86 94 48
v 44 87 42 20
v 44 88 13 8
v 44 89 4 2
v 44 90 23 11
v 44 91 19 9
v 44 92 12 6
v 44 93 28 13
v 44 94 5 3
v 44 95 7 4
v 44 96 49 25
v 44 97 23 14
v 44 98 19 8
v 44 99 19 9
v 44 100 63 34
v 44 101 38 21
v 44 102 6 5
v 44 103 4 1
v 44 104 13 6
v 44 105 29 17
v 44 106 41 11
v 44 107 24 9
v 44 108 49 33
v 44 109 10 6
v 44 110 21 9
v 44 111 23 11
v 44 112 28 9
v 44 113 12 10
v 44 114 9 8
v 44 119 40 19
v 44 120 25 6
v 44 121 38 20
v 44 123 65 37
v 44 126 24 10
v 44 128 65 37
v 44 129 26 7
v 44 131 49 18
v 44 135 52 21
v 44 136 12 6
v 44 137 7 5
v 44 138 6 3
v 44 145 20 10
v 44 155 19 8
v 45 46 9 6
v 45 47 16 8
v 45 48 22 11
v 45 49 19 11
v 45 50 4 2
v 45 51 17 10
v 45 52 4 2
v 45 53 14 7
v 45 54 29 16
v 45 55 17 9
v 45 56 7 4
v 45 57 3 2
v 45 58 6 3
v 45 59 6 5
v 45 60 23 11
v 45 62 8 4
v 45 63 10 5
v 45 64 17 8
v 45 65 7 6
v 45 66 2 1
v 45 67 12 7
v 45 68 9 6
v 45 69 22 11
v 45 70 11 6
v 45 71 24 9
v 45 72 6 3
v 45 73 5 2
v 45 74 32 15
v 45 75 12 6
v 45 76 12 8
v 45 77 5 2
v 45 78 12 4
v 45 79 6 3
v 45 80 11 6
v 45 81 1 0
v 45 82 1 1
v 45 83 11 5
v 45 84 19 11
v 45 85 33 23
v 45 86 53 25
v 45 87 16 7
v 45 88 13 9
v 45 89 2 1
v 45 90 20 10
v 45 91 9 6
v 45 92 6 4
v 45 93 12 9
v 45 94 1 1
v 45 95 4 2
v 45 96 24 15
v 45 97 13 7
v 45 98 13 7
v 45 99 5 3
v 45 100 29 12
v 45 101 28 15
v 45 102 2 2
v 45 104 6 4
v 45 105 29 15
v 45 106 22 7
v 45 107 18 7
v 45 108 32 22
v 45 109 9 5
v 45 110 19 11
v 45 111 10 7
v 45 112 21 15
v 45 113 2 1
v 45 114 5 2
v 45 119 31 16
v 45 120 9 5
v 45 121 16 10
v 45 123 27 13
v 45 126 12 9
v 45 128 26 12
v 45 129 15 9
v 45 131 17 8
v 45 135 32 19
v 45 136 5 3
v 45 137 11 6
v 45 138 28 12
v 45 145 14 9
v 45 155 8 2
v 46 47 38 17
v 46 48 99 34
v 46 49 54 28
v 46 50 22 10
v 46 51 65 31
v 46 52 12 6
v 46 53 51 19
v 46 54 137 59
v 46 55 58 17
v 46 56 16 7
v 46 57 5 2
v 46 58 23 12
v 46 59 10 6
v 46 60 71 33
v 46 61 7 1
v 46 62 37 15
v 46 63 15 5
v 46 64 61 30
v 46 65 17 5
v 46 66 3 2
v 46 67 63 26
v 46 68 19 14
v 46 69 55 29
v 46 70 43 22
v 46 71 94 41
v 46 72 19 6
v 46 73 11 4
v 46 74 117 49
v 46 75 45 24
v 46 76 61 24
v 46 77 19 6
v 46 78 17 9
v 46 79 39 22
v 46 80 32 14
v 46 81 11 7
v 46 82 7 1
v 46 83 51 13
v 46 84 67 23
v 46 85 136 68
v 46 86 218 87
v 46 87 91 37
v 46 88 43 14
v 46 89 8 5
v 46 90 68 28
v 46 91 32 14
v 46 92 13 4
v 46 93 39 23
v 46 94 15 7
v 46 95 13 5
v 46 96 126 59
v 46 97 48 27
v 46 98 96 46
v 46 99 17 8
v 46 100 126 60
v 46 101 81 45
v 46 102 9 8
v 46 103 11 5
v 46 104 37 18
v 46 105 97 43
v 46 106 118 46
v 46 107 76 36
v 46 108 89 36
v 46 109 56 21
v 46 110 38 16
v 46 111 30 10
v 46 112 87 38
v 46 113 9 5
v 46 114 29 8
v 46 119 97 37
v 46 120 73 30
v 46 121 78 42
v 46 123 145 68
v 46 126 28 11
v 46 128 153 88
v 46 129 38 22
v 46 131 81 43
v 46 135 133 66
v 46 136 24 8
v 46 137 27 12
v 46 138 11 5
v 46 145 36 16
v 46 155 42 15
v 47 48 101 55
v 47 49 80 41
v 47 50 27 15
v 47 51 94 48
v 47 52 16 10
v 47 53 93 42
v 47 54 178 94
v 47 55 82 42
v 47 56 35 12
v 47 57 11 8
v 47 58 42 21
v 47 59 42 27
v 47 60 145 73
v 47 61 5 2
v 47 62 65 25
v 47 63 21 10
v 47 64 71 43
v 47 65 20 7
v 47 66 7 2
v 47 67 83 48
v 47 68 14 6
v 47 69 102 52
v 47 70 70 30
v 47 71 115 56
v 47 72 20 11
v 47 73 21 14
v 47 74 103 59
v 47 75 71 40
v 47 76 77 46
v 47 77 19 3
v 47 78 28 16
v 47 79 42 22
v 47 80 53 27
v 47 81 8 3
v 47 82 4 3
v 47 83 93 37
v 47 84 71 37
v 47 85 197 96
v 47 86 218 105
v 47 87 116 56
v 47 88 50 24
v 47 89 12 5
v 47 90 69 27
v 47 91 44 31
v 47 92 8 4
v 47 93 64 34
v 47 94 16 9
v 47 95 10 6
v 47 96 133 59
v 47 97 44 27
v 47 98 86 34
v 47 99 48 26
v 47 100 131 65
v 47 101 101 64
v 47 102 17 10
v 47 103 6 5
v 47 104 34 14
v 47 105 104 55
v 47 106 146 68
v 47 107 80 38
v 47 108 121 67
v 47 109 62 30
v 47 110 68 31
v 47 111 38 22
v 47 112 87 41
v 47 113 13 6
v 47 114 35 22
v 47 119 129 58
v 47 120 62 36
v 47 121 100 54
v 47 123 210 104
v 47 126 46 19
v 47 128 171 86
v 47 129 57 35
v 47 131 94 44
v 47 135 152 77
v 47 136 27 11
v 47 137 40 17
v 47 138 24 13
v 47 145 44 13
v 47 155 42 18
v 48 49 205 95
v 48 50 63 38
v 48 51 194 87
v 48 52 31 11
v 48 53 151 83
v 48 54 368 174
v 48 55 142 64
v 48 56 76 48
v 48 57 22 8
v 48 58 50 21
v 48 59 62 34
v 48 60 319 162
v 48 61 25 17
v 48 62 122 46
v 48 63 44 27
v 48 64 152 79
v 48 65 35 20
v 48 66 9 3
v 48 67 169 81
v 48 68 41 28
v 48 69 170 77
v 48 70 102 49
v 48 71 273 145
v 48 72 45 19
v 48 73 36 18
v 48 74 261 129
v 48 75 118 66
v 48 76 144 76
v 48 77 50 20
v 48 78 132 60
v 48 79 90 54
v 48 80 102 58
v 48 81 34 21
v 48 82 29 19
v 48 83 146 65
v 48 84 156 93
v 48 85 431 248
v 48 86 503 256
v 48 87 232 124
v 48 88 86 33
v 48 89 23 11
v 48 90 181 89
v 48 91 86 47
v 48 92 29 12
v 48 93 147 58
v 48 94 40 27
v 48 95 28 15
v 48 96 225 117
v 48 97 95 49
v 48 98 172 101
v 48 99 46 20
v 48 100 402 213
v 48 101 161 78
v 48 102 19 11
v 48 103 12 8
v 48 104 67 44
v 48 105 236 120
v 48 106 313 147
v 48 107 227 121
v 48 108 299 151
v 48 109 171 96
v 48 110 145 71
v 48 111 64 36
v 48 112 254 115
v 48 113 32 14
v 48 114 54 30
v 48 119 322 157
v 48 120 207 104
v 48 121 187 96
v 48 123 493 256
v 48 126 138 75
v 48 128 385 205
v 48 129 92 57
v 48 131 265 139
v 48 135 382 206
v 48 136 58 31
v 48 137 92 38
v 48 138 80 37
v 48 145 141 73
v 48 155 118 54
v 49 50 54 27
v 49 51 116 66
v 49 52 31 19
v 49 53 93 35
v 49 54 281 164
v 49 55 157 74
v 49 56 41 27
v 49 57 9 2
v 49 58 31 13
v 49 59 26 13
v 49 60 218 130
v 49 61 8 5
v 49 62 132 50
v 49 63 29 14
v 49 64 77 41
v 49 65 15 4
v 49 66 9 2
v 49 67 94 40
v 49 68 32 22
v 49 69 186 97
v 49 70 109 62
v 49 71 202 104
v 49 72 36 21
v 49 73 14 7
v 49 74 178 82
v 49 75 83 50
v 49 76 161 88
v 49 77 37 17
v 49 78 74 38
v 49 79 65 38
v 49 80 74 39
v 49 81 20 12
v 49 82 15 5
v 49 83 54 34
v 49 84 103 54
v 49 85 231 130
v 49 86 356 189
v 49 87 167 88
v 49 88 74 42
v 49 89 15 8
v 49 90 91 39
v 49 91 47 21
v 49 92 12 8
v 49 93 136 69
v 49 94 28 17
v 49 95 15 9
v 49 96 183 94
v 49 97 71 43
v 49 98 189 105
v 49 99 32 23
v 49 100 242 145
v 49 101 123 73
v 49 102 13 9
v 49 103 20 9
v 49 104 36 24
v 49 105 178 88
v 49 106 281 135
v 49 107 125 65
v 49 108 195 119
v 49 109 133 69
v 49 110 86 45
v 49 111 57 32
v 49 112 226 106
v 49 113 24 16
v 49 114 39 21
v 49 119 240 130
v 49 120 138 86
v 49 121 128 72
v 49 123 344 199
v 49 126 75 44
v 49 128 230 128
v 49 129 74 43
v 49 131 184 96
v 49 135 237 125
v 49 136 39 17
v 49 137 81 37
v 49 138 46 25
v 49 145 90 51
v 49 155 72 32
v 50 51 34 14
v 50 52 10 4
v 50 53 32 17
v 50 54 92 47
v 50 55 52 22
v 50 56 9 6
v 50 57 5 3
v 50 58 16 5
v 50 59 17 4
v 50 60 53 25
v 50 61 4 2
v 50 62 39 17
v 50 63 15 7
v 50 64 33 16
v 50 65 10 4
v 50 66 5 1
v 50 67 35 16
v 50 68 22 9
v 50 69 53 31
v 50 70 43 22
v 50 71 49 21
v 50 72 8 3
v 50 73 5 1
v 50 74 60 25
v 50 75 32 16
v 50 76 35 19
v 50 77 9 4
v 50 78 22 7
v 50 79 25 8
v 50 80 22 13
v 50 81 7 3
v 50 82 4 3
v 50 83 44 15
v 50 84 24 14
v 50 85 113 63
v 50 86 118 58
v 50 87 63 30
v 50 88 19 7
v 50 89 6 1
v 50 90 41 21
v 50 91 22 10
v 50 92 5 3
v 50 93 36 13
v 50 94 8 3
v 50 95 10 8
v 50 96 49 27
v 50 97 37 23
v 50 98 24 12
v 50 99 10 4
v 50 100 69 27
v 50 101 31 18
v 50 102 6 6
v 50 103 3 2
v 50 104 7 4
v 50 105 68 35
v 50 106 74 30
v 50 107 48 20
v 50 108 58 27
v 50 109 27 13
v 50 110 29 11
v 50 111 26 6
v 50 112 80 31
v 50 113 10 4
v 50 114 14 8
v 50 119 79 31
v 50 120 57 34
v 50 121 49 29
v 50 123 119 58
v 50 126 30 17
v 50 128 77 37
v 50 129 20 9
v 50 131 53 25
v 50 135 62 26
v 50 136 14 6
v 50 137 22 7
v 50 138 8 3
v 50 145 36 20
v 50 155 36 15
v 51 52 26 17
v 51 53 119 62
v 51 54 291 155
v 51 55 163 71
v 51 56 64 30
v 51 57 19 15
v 51 58 38 17
v 51 59 45 25
v 51 60 192 114
v 51 61 8 3
v 51 62 112 40
v 51 63 22 12
v 51 64 108 60
v 51 65 38 18
v 51 66 5 2
v 51 67 121 61
v 51 68 29 20
v 51 69 204 111
v 51 70 74 43
v 51 71 207 111
v 51 72 40 22
v 51 73 23 9
v 51 74 210 111
v 51 75 90 59
v 51 76 95 52
v 51 77 63 29
v 51 78 60 25
v 51 79 78 42
v 51 80 74 37
v 51 81 15 11
v 51 82 15 6
v 51 83 161 56
v 51 84 93 49
v 51 85 353 195
v 51 86 383 191
v 51 87 174 92
v 51 88 77 44
v 51 89 11 5
v 51 90 147 66
v 51 91 48 22
v 51 92 18 10
v 51 93 75 30
v 51 94 16 9
v 51 95 15 6
v 51 96 219 97
v 51 97 58 34
v 51 98 98 48
v 51 99 38 25
v 51 100 317 166
v 51 101 115 64
v 51 102 14 9
v 51 103 8 5
v 51 104 37 23
v 51 105 178 92
v 51 106 278 131
v 51 107 191 96
v 51 108 247 156
v 51 109 134 67
v 51 110 113 60
v 51 111 57 32
v 51 112 201 94
v 51 113 17 11
v 51 114 56 34
v 51 119 288 155
v 51 120 150 84
v 51 121 139 76
v 51 123 441 227
v 51 126 143 76
v 51 128 276 146
v 51 129 73 38
v 51 131 209 111
v 51 135 240 135
v 51 136 36 18
v 51 137 41 16
v 51 138 53 32
v 51 145 100 52
v 51 155 87 36
v 52 53 23 12
v 52 54 49 20
v 52 55 34 15
v 52 56 6 2
v 52 57 3 3
v 52 58 10 6
v 52 59 12 9
v 52 60 39 17
v 52 61 4 3
v 52 62 30 14
v 52 63 9 6
v 52 64 15 9
v 52 65 9 2
v 52 66 6 2
v 52 67 20 11
v 52 68 13 7
v 52 69 30 13
v 52 70 10 5
v 52 71 42 18
v 52 72 6 2
v 52 73 5 2
v 52 74 42 17
v 52 75 27 16
v 52 76 21 9
v 52 77 7 1
v 52 78 12 8
v 52 79 20 12
v 52 80 9 5
v 52 81 6 1
v 52 82 4 3
v 52 83 24 11
v 52 84 26 15
v 52 85 50 22
v 52 86 85 44
v 52 87 32 14
v 52 88 17 7
v 52 89 7 5
v 52 90 30 8
v 52 91 12 7
v 52 92 3 1
v 52 93 68 37
v 52 94 5 2
v 52 95 5 2
v 52 96 35 17
v 52 97 22 14
v 52 98 24 15
v 52 99 7 4
v 52 100 57 24
v 52 101 32 14
v 52 102 4 2
v 52 103 4 0
v 52 104 7 2
v 52 105 24 10
v 52 106 42 21
v 52 107 31 14
v 52 108 57 34
v 52 109 26 13
v 52 110 30 10
v 52 111 11 5
v 52 112 33 11
v 52 113 7 5
v 52 114 9 6
v 52 119 56 32
v 52 120 26 16
v 52 121 21 12
v 52 123 71 29
v 52 126 18 9
v 52 128 84 44
v 52 129 19 11
v 52 131 28 12
v 52 135 55 28
v 52 136 12 6
v 52 137 14 4
v 52 138 10 4
v 52 145 20 6
v 52 155 14 8
v 53 54 213 114
v 53 55 88 26
v 53 56 45 29
v 53 57 7 5
v 53 58 37 17
v 53 59 28 12
v 53 60 115 68
v 53 61 11 6
v 53 62 84 25
v 53 63 17 7
v 53 64 68 35
v 53 65 26 14
v 53 66 9 3
v 53 67 99 51
v 53 68 17 9
v 53 69 162 85
v 53 70 74 45
v 53 71 129 69
v 53 72 30 15
v 53 73 21 9
v 53 74 160 85
v 53 75 69 35
v 53 76 92 49
v 53 77 20 12
v 53 78 43 16
v 53 79 62 33
v 53 80 88 45
v 53 81 15 5
v 53 82 16 6
v 53 83 89 41
v 53 84 102 51
v 53 85 309 165
v 53 86 337 173
v 53 87 121 69
v 53 88 42 14
v 53 89 7 2
v 53 90 96 47
v 53 91 55 31
v 53 92 18 9
v 53 93 62 27
v 53 94 16 9
v 53 95 23 12
v 53 96 160 81
v 53 97 47 26
v 53 98 124 62
v 53 99 25 12
v 53 100 193 91
v 53 101 107 59
v 53 102 15 8
v 53 103 12 5
v 53 104 26 15
v 53 105 143 64
v 53 106 191 90
v 53 107 124 69
v 53 108 215 111
v 53 109 93 57
v 53 110 85 39
v 53 111 48 27
v 53 112 189 105
v 53 113 13 8
v 53 114 40 19
v 53 119 191 96
v 53 120 134 65
v 53 121 98 56
v 53 123 305 148
v 53 126 83 40
v 53 128 199 105
v 53 129 74 37
v 53 131 148 72
v 53 135 206 96
v 53 136 32 16
v 53 137 54 21
v 53 138 30 16
v 53 145 76 32
v 53 155 77 36
v 54 55 274 122
v 54 56 123 59
v 54 57 20 11
v 54 58 71 39
v 54 59 64 31
v 54 60 309 153
v 54 61 31 13
v 54 62 223 84
v 54 63 61 25
v 54 64 208 126
v 54 65 48 20
v 54 66 13 4
v 54 67 279 133
v 54 68 59 34
v 54 69 277 114
v 54 70 306 148
v 54 71 397 193
v 54 72 51 26
v 54 73 47 25
v 54 74 442 205
v 54 75 164 91
v 54 76 231 101
v 54 77 38 15
v 54 78 86 41
v 54 79 165 88
v 54 80 140 66
v 54 81 36 21
v 54 82 25 12
v 54 83 284 121
v 54 84 250 130
v 54 85 629 323
v 54 86 832 406
v 54 87 389 206
v 54 88 171 88
v 54 89 29 17
v 54 90 223 100
v 54 91 122 49
v 54 92 24 10
v 54 93 254 108
v 54 94 118 58
v 54 95 63 29
v 54 96 627 323
v 54 97 153 79
v 54 98 211 107
v 54 99 51 23
v 54 100 460 219
v 54 101 274 139
v 54 102 32 17
v 54 103 24 10
v 54 104 97 51
v 54 105 398 201
v 54 106 472 241
v 54 107 390 170
v 54 108 790 459
v 54 109 300 160
v 54 110 295 150
v 54 111 126 71
v 54 112 309 115
v 54 113 47 24
v 54 114 97 44
v 54 119 516 249
v 54 120 284 126
v 54 121 287 140
v 54 123 697 348
v 54 126 220 106
v 54 128 557 310
v 54 129 226 142
v 54 131 379 181
v 54 135 520 240
v 54 136 86 36
v 54 137 143 73
v 54 138 69 37
v 54 145 188 90
v 54 155 176 65
v 55 56 97 53
v 55 57 13 8
v 55 58 63 24
v 55 59 45 27
v 55 60 204 123
v 55 61 9 4
v 55 62 116 55
v 55 63 28 14
v 55 64 93 56
v 55 65 33 18
v 55 66 10 3
v 55 67 68 35
v 55 68 24 17
v 55 69 210 102
v 55 70 75 42
v 55 71 183 101
v 55 72 35 21
v 55 73 27 15
v 55 74 211 102
v 55 75 66 45
v 55 76 140 85
v 55 77 44 18
v 55 78 71 38
v 55 79 84 41
v 55 80 89 45
v 55 81 12 7
v 55 82 15 7
v 55 83 105 54
v 55 84 117 59
v 55 85 325 189
v 55 86 407 220
v 55 87 173 88
v 55 88 83 38
v 55 89 9 5
v 55 90 143 64
v 55 91 59 20
v 55 92 10 8
v 55 93 102 45
v 55 94 10 5
v 55 95 33 12
v 55 96 233 119
v 55 97 100 49
v 55 98 114 56
v 55 99 31 21
v 55 100 261 154
v 55 101 115 65
v 55 102 15 11
v 55 103 5 4
v 55 104 42 24
v 55 105 204 94
v 55 106 330 169
v 55 107 169 100
v 55 108 347 200
v 55 109 72 49
v 55 110 110 49
v 55 111 124 64
v 55 112 215 106
v 55 113 19 8
v 55 114 51 37
v 55 119 359 175
v 55 120 166 95
v 55 121 138 83
v 55 123 415 226
v 55 126 114 63
v 55 128 313 164
v 55 129 112 72
v 55 131 173 107
v 55 135 264 136
v 55 136 52 24
v 55 137 63 28
v 55 138 33 19
v 55 145 114 56
v 55 155 133 48
v 56 57 8 5
v 56 58 22 8
v 56 59 16 8
v 56 60 38 21
v 56 61 3 2
v 56 62 32 15
v 56 63 10 5
v 56 64 36 17
v 56 65 12 5
v 56 66 3 3
v 56 67 49 25
v 56 68 13 8
v 56 69 65 29
v 56 70 31 17
v 56 71 55 24
v 56 72 8 5
v 56 73 12 6
v 56 74 71 39
v 56 75 44 21
v 56 76 45 18
v 56 77 12 3
v 56 78 29 11
v 56 79 33 17
v 56 80 39 18
v 56 81 6 4
v 56 82 5 2
v 56 83 56 24
v 56 84 51 20
v 56 85 151 85
v 56 86 155 78
v 56 87 56 22
v 56 88 25 8
v 56 89 9 5
v 56 90 55 25
v 56 91 17 9
v 56 92 11 3
v 56 93 39 17
v 56 94 5 0
v 56 95 6 2
v 56 96 76 39
v 56 97 22 8
v 56 98 53 28
v 56 99 14 7
v 56 100 74 38
v 56 101 46 24
v 56 102 8 4
v 56 103 3 2
v 56 104 18 4
v 56 105 63 27
v 56 106 104 46
v 56 107 65 25
v 56 108 96 57
v 56 109 32 11
v 56 110 63 26
v 56 111 20 10
v 56 112 50 20
v 56 113 13 5
v 56 114 13 8
v 56 119 100 41
v 56 120 70 29
v 56 121 66 35
v 56 123 141 76
v 56 126 45 20
v 56 128 105 54
v 56 129 24 13
v 56 131 69 37
v 56 135 77 43
v 56 136 11 5
v 56 137 18 7
v 56 138 13 6
v 56 145 45 24
v 56 155 43 19
v 57 58 3 0
v 57 59 5 3
v 57 60 27 11
v 57 61 4 3
v 57 62 9 6
v 57 63 2 2
v 57 64 13 9
v 57 65 1 0
v 57 66 1 0
v 57 67 19 8
v 57 68 6 3
v 57 69 18 4
v 57 70 10 3
v 57 71 25 9
v 57 72 4 3
v 57 73 1 0
v 57 74 36 14
v 57 75 12 8
v 57 76 14 8
v 57 77 3 2
v 57 78 5 3
v 57 79 16 7
v 57 80 9 4
v 57 82 4 4
v 57 83 12 6
v 57 84 13 7
v 57 85 36 18
v 57 86 44 23
v 57 87 27 14
v 57 88 5 0
v 57 89 1 0
v 57 90 21 10
v 57 91 7 2
v 57 92 3 1
v 57 93 10 5
v 57 94 1 0
v 57 95 4 2
v 57 96 28 18
v 57 97 13 7
v 57 98 17 10
v 57 99 5 4
v 57 100 34 14
v 57 101 8 4
v 57 102 2 1
v 57 103 1 0
v 57 104 6 2
v 57 105 18 11
v 57 106 33 20
v 57 107 19 5
v 57 108 28 17
v 57 109 17 11
v 57 110 12 5
v 57 111 8 5
v 57 112 15 7
v 57 113 1 0
v 57 114 4 2
v 57 119 32 17
v 57 120 12 4
v 57 121 22 11
v 57 123 36 18
v 57 126 12 7
v 57 128 29 12
v 57 129 16 11
v 57 131 19 11
v 57 135 24 10
v 57 136 4 3
v 57 137 4 1
v 57 138 10 5
v 57 145 10 4
v 57 155 4 3
v 58 59 11 1
v 58 60 55 27
v 58 61 12 5
v 58 62 34 16
v 58 63 5 1
v 58 64 23 13
v 58 65 10 5
v 58 66 8 3
v 58 67 31 18
v 58 68 9 8
v 58 69 71 35
v 58 70 28 18
v 58 71 60 21
v 58 72 14 6
v 58 73 10 7
v 58 74 60 34
v 58 75 19 8
v 58 76 31 11
v 58 77 15 5
v 58 78 8 6
v 58 79 21 13
v 58 80 17 8
v 58 81 5 4
v 58 82 4 3
v 58 83 27 11
v 58 84 26 12
v 58 85 90 52
v 58 86 104 64
v 58 87 52 24
v 58 88 31 17
v 58 89 4 2
v 58 90 47 20
v 58 91 25 11
v 58 92 5 3
v 58 93 26 11
v 58 94 10 8
v 58 95 11 5
v 58 96 65 34
v 58 97 21 14
v 58 98 51 27
v 58 99 10 2
v 58 100 88 54
v 58 101 40 26
v 58 102 6 3
v 58 103 8 7
v 58 104 12 8
v 58 105 60 36
v 58 106 110 59
v 58 107 35 16
v 58 108 63 40
v 58 109 38 18
v 58 110 30 16
v 58 111 20 7
v 58 112 79 38
v 58 113 5 3
v 58 114 10 7
v 58 119 69 37
v 58 120 38 22
v 58 121 36 20
v 58 123 133 80
v 58 126 36 14
v 58 128 74 42
v 58 129 19 11
v 58 131 56 31
v 58 135 79 36
v 58 136 10 6
v 58 137 30 17
v 58 138 11 5
v 58 145 29 16
v 58 155 28 10
v 59 60 47 22
v 59 61 5 1
v 59 62 35 8
v 59 63 14 8
v 59 64 33 17
v 59 65 4 1
v 59 67 31 15
v 59 68 20 7
v 59 69 31 12
v 59 70 21 9
v 59 71 52 23
v 59 72 3 2
v 59 73 9 4
v 59 74 30 15
v 59 75 31 15
v 59 76 41 24
v 59 77 9 5
v 59 78 13 5
v 59 79 7 6
v 59 80 24 15
v 59 81 4 0
v 59 82 2 1
v 59 83 28 13
v 59 84 32 14
v 59 85 68 30
v 59 86 110 49
v 59 87 42 16
v 59 88 20 10
v 59 89 2 0
v 59 90 29 13
v 59 91 13 4
v 59 92 4 3
v 59 93 21 8
v 59 94 11 6
v 59 95 5 2
v 59 96 51 27
v 59 97 19 9
v 59 98 21 7
v 59 99 11 7
v 59 100 65 29
v 59 101 38 18
v 59 102 5 1
v 59 103 11 8
v 59 104 10 1
v 59 105 41 19
v 59 106 125 59
v 59 107 59 33
v 59 108 53 23
v 59 109 20 10
v 59 110 35 18
v 59 111 12 5
v 59 112 38 20
v 59 113 7 1
v 59 114 19 9
v 59 119 46 23
v 59 120 36 12
v 59 121 40 19
v 59 123 74 27
v 59 126 28 14
v 59 128 74 35
v 59 129 28 14
v 59 131 45 20
v 59 135 71 34
v 59 136 13 3
v 59 137 14 6
v 59 138 8 5
v 59 145 18 6
v 59 155 27 16
v 60 61 28 10
v 60 62 117 46
v 60 63 30 18
v 60 64 136 64
v 60 65 36 13
v 60 66 3 1
v 60 67 210 103
v 60 68 53 30
v 60 69 207 90
v 60 70 111 66
v 60 71 244 110
v 60 72 40 20
v 60 73 35 14
v 60 74 307 145
v 60 75 149 81
v 60 76 126 56
v 60 77 44 19
v 60 78 92 36
v 60 79 140 74
v 60 80 89 49
v 60 81 41 26
v 60 82 26 9
v 60 83 148 59
v 60 84 174 80
v 60 85 348 187
v 60 86 641 312
v 60 87 262 120
v 60 88 102 40
v 60 89 49 22
v 60 90 177 67
v 60 91 84 41
v 60 92 35 16
v 60 93 104 50
v 60 94 50 27
v 60 95 46 26
v 60 96 354 168
v 60 97 104 53
v 60 98 122 65
v 60 99 60 30
v 60 100 288 139
v 60 101 175 98
v 60 102 37 25
v 60 103 9 1
v 60 104 80 45
v 60 105 180 86
v 60 106 292 122
v 60 107 236 115
v 60 108 376 193
v 60 109 234 93
v 60 110 234 115
v 60 111 126 73
v 60 112 300 140
v 60 113 29 15
v 60 114 66 26
v 60 119 313 140
v 60 120 206 99
v 60 121 218 118
v 60 123 471 223
v 60 126 130 66
v 60 128 390 204
v 60 129 155 82
v 60 131 267 136
v 60 135 492 218
v 60 136 61 23
v 60 137 111 48
v 60 138 66 31
v 60 145 116 57
v 60 155 97 44
v 61 62 3 0
v 61 63 1 1
v 61 64 10 3
v 61 65 4 1
v 61 66 4 2
v 61 67 17 7
v 61 68 2 1
v 61 69 31 17
v 61 70 9 6
v 61 71 15 10
v 61 72 3 2
v 61 73 2 1
v 61 74 25 17
v 61 75 15 6
v 61 76 8 5
v 61 77 9 3
v 61 78 5 2
v 61 79 10 7
v 61 80 4 1
v 61 81 2 2
v 61 83 15 5
v 61 84 17 12
v 61 85 29 15
v 61 86 56 26
v 61 87 11 5
v 61 88 4 2
v 61 89 2 0
v 61 90 8 4
v 61 91 9 3
v 61 93 6 3
v 61 94 2 2
v 61 95 2 2
v 61 96 19 10
v 61 97 8 5
v 61 98 10 2
v 61 99 7 3
v 61 100 17 11
v 61 101 7 1
v 61 102 2 1
v 61 103 1 1
v 61 104 7 2
v 61 105 20 7
v 61 106 17 9
v 61 107 17 9
v 61 108 16 10
v 61 109 8 5
v 61 110 11 5
v 61 111 7 4
v 61 112 12 4
v 61 113 8 6
v 61 114 2 0
v 61 119 17 11
v 61 120 15 7
v 61 121 12 7
v 61 123 43 20
v 61 126 12 6
v 61 128 22 12
v 61 129 6 4
v 61 131 20 9
v 61 135 15 7
v 61 136 4 2
v 61 137 4 2
v 61 138 5 3
v 61 145 11 5
v 61 155 7 1
v 62 63 15 9
v 62 64 64 42
v 62 65 19 14
v 62 66 5 4
v 62 67 76 55
v 62 68 23 16
v 62 69 141 85
v 62 70 77 51
v 62 71 216 135
v 62 72 23 14
v 62 73 25 11
v 62 74 145 96
v 62 75 57 37
v 62 76 92 56
v 62 77 21 10
v 62 78 41 22
v 62 79 52 29
v 62 80 52 35
v 62 81 13 8
v 62 82 6 3
v 62 83 97 53
v 62 84 91 50
v 62 85 215 140
v 62 86 296 170
v 62 87 130 83
v 62 88 65 29
v 62 89 15 9
v 62 90 84 43
v 62 91 52 25
v 62 92 12 9
v 62 93 95 50
v 62 94 17 10
v 62 95 17 9
v 62 96 149 98
v 62 97 66 44
v 62 98 75 44
v 62 99 31 19
v 62 100 186 120
v 62 101 93 65
v 62 102 23 15
v 62 103 12 9
v 62 104 43 26
v 62 105 126 68
v 62 106 189 110
v 62 107 139 83
v 62 108 209 140
v 62 109 80 50
v 62 110 83 51
v 62 111 66 42
v 62 112 139 87
v 62 113 13 9
v 62 114 26 17
v 62 119 223 141
v 62 120 104 67
v 62 121 106 70
v 62 123 308 179
v 62 126 80 50
v 62 128 197 116
v 62 129 62 44
v 62 131 130 82
v 62 135 161 101
v 62 136 27 16
v 62 137 58 29
v 62 138 33 17
v 62 145 73 44
v 62 155 56 29
v 63 64 36 16
v 63 65 14 8
v 63 66 2 1
v 63 67 25 15
v 63 68 11 4
v 63 69 29 14
v 63 70 25 12
v 63 71 40 16
v 63 72 8 4
v 63 73 9 5
v 63 74 44 25
v 63 75 26 13
v 63 76 24 13
v 63 77 9 5
v 63 78 28 15
v 63 79 26 10
v 63 80 19 4
v 63 81 4 0
v 63 82 3 2
v 63 83 27 11
v 63 84 32 20
v 63 85 110 54
v 63 86 67 26
v 63 87 44 23
v 63 88 16 8
v 63 89 4 1
v 63 90 46 22
v 63 91 23 14
v 63 92 8 3
v 63 93 18 5
v 63 94 8 4
v 63 95 7 3
v 63 96 42 21
v 63 97 20 11
v 63 98 28 12
v 63 99 10 8
v 63 100 65 30
v 63 101 34 20
v 63 102 5 1
v 63 103 4 2
v 63 104 19 9
v 63 105 28 18
v 63 106 46 16
v 63 107 31 14
v 63 108 40 22
v 63 109 39 16
v 63 110 33 16
v 63 111 8 3
v 63 112 31 14
v 63 113 13 5
v 63 114 10 5
v 63 119 33 14
v 63 120 39 26
v 63 121 26 12
v 63 123 83 45
v 63 126 24 13
v 63 128 66 32
v 63 129 24 14
v 63 131 33 17
v 63 135 76 38
v 63 136 11 8
v 63 137 12 5
v 63 138 5 3
v 63 145 21 7
v 63 155 21 11
v 64 65 24 7
v 64 66 7 3
v 64 67 77 30
v 64 68 18 6
v 64 69 116 43
v 64 70 66 30
v 64 71 147 63
v 64 72 28 13
v 64 73 23 12
v 64 74 157 64
v 64 75 79 33
v 64 76 64 33
v 64 77 25 7
v 64 78 43 16
v 64 79 44 22
v 64 80 43 21
v 64 81 13 6
v 64 82 13 7
v 64 83 99 40
v 64 84 98 46
v 64 85 376 175
v 64 86 334 131
v 64 87 147 73
v 64 88 52 22
v 64 89 11 7
v 64 90 69 29
v 64 91 50 20
v 64 92 15 8
v 64 93 71 33
v 64 94 20 9
v 64 95 21 10
v 64 96 157 60
v 64 97 74 39
v 64 98 64 37
v 64 99 34 22
v 64 100 190 102
v 64 101 105 51
v 64 102 27 12
v 64 103 4 0
v 64 104 72 30
v 64 105 93 40
v 64 106 182 78
v 64 107 102 43
v 64 108 173 88
v 64 109 75 38
v 64 110 104 52
v 64 111 46 20
v 64 112 115 56
v 64 113 19 7
v 64 114 33 10
v 64 119 164 77
v 64 120 116 51
v 64 121 100 45
v 64 123 214 103
v 64 126 86 40
v 64 128 214 101
v 64 129 74 39
v 64 131 107 55
v 64 135 194 95
v 64 136 35 14
v 64 137 54 22
v 64 138 42 13
v 64 145 81 41
v 64 155 68 25
v 65 66 1 0
v 65 67 14 7
v 65 68 4 2
v 65 69 34 19
v 65 70 16 9
v 65 71 42 22
v 65 72 7 3
v 65 73 3 2
v 65 74 22 10
v 65 75 27 16
v 65 76 22 15
v 65 77 15 4
v 65 78 11 3
v 65 79 11 3
v 65 80 15 8
v 65 81 5 2
v 65 82 4 3
v 65 83 30 13
v 65 84 23 7
v 65 85 80 44
v 65 86 89 51
v 65 87 31 17
v 65 88 12 4
v 65 89 1 0
v 65 90 40 22
v 65 91 15 10
v 65 92 3 2
v 65 93 29 15
v 65 94 3 3
v 65 95 7 2
v 65 96 49 25
v 65 97 13 3
v 65 98 30 15
v 65 99 8 7
v 65 100 59 36
v 65 101 23 15
v 65 102 9 4
v 65 103 6 3
v 65 104 11 5
v 65 105 35 18
v 65 106 50 22
v 65 107 42 27
v 65 108 47 29
v 65 109 27 14
v 65 110 20 11
v 65 111 21 10
v 65 112 48 25
v 65 113 5 1
v 65 114 16 10
v 65 119 57 26
v 65 120 37 13
v 65 121 30 13
v 65 123 84 51
v 65 126 28 13
v 65 128 64 41
v 65 129 26 14
v 65 131 53 23
v 65 135 58 33
v 65 136 13 5
v 65 137 12 5
v 65 138 8 5
v 65 145 25 9
v 65 155 19 10
v 66 67 6 5
v 66 68 2 0
v 66 69 9 5
v 66 70 3 2
v 66 71 12 5
v 66 72 2 1
v 66 73 1 0
v 66 74 10 9
v 66 75 3 3
v 66 76 5 4
v 66 77 1 1
v 66 78 5 2
v 66 79 3 3
v 66 80 1 0
v 66 81 1 0
v 66 82 1 0
v 66 83 5 4
v 66 84 7 5
v 66 85 17 9
v 66 86 19 6
v 66 87 5 3
v 66 88 1 1
v 66 89 3 3
v 66 90 5 2
v 66 91 7 3
v 66 92 3 1
v 66 93 2 1
v 66 94 4 3
v 66 95 1 1
v 66 96 15 8
v 66 97 5 2
v 66 98 6 3
v 66 99 2 1
v 66 100 15 9
v 66 101 6 4
v 66 103 4 2
v 66 104 4 3
v 66 105 14 7
v 66 106 17 9
v 66 107 11 7
v 66 108 16 11
v 66 109 7 4
v 66 110 5 1
v 66 111 7 5
v 66 112 19 9
v 66 113 3 2
v 66 114 5 3
v 66 119 11 6
v 66 120 15 8
v 66 121 6 4
v 66 123 23 14
v 66 126 4 1
v 66 128 11 6
v 66 129 3 3
v 66 131 10 6
v 66 135 12 7
v 66 136 8 3
v 66 137 4 2
v 66 138 4 2
v 66 145 4 4
v 66 155 3 1
v 67 68 27 19
v 67 69 145 72
v 67 70 67 36
v 67 71 150 67
v 67 72 16 6
v 67 73 25 12
v 67 74 169 77
v 67 75 98 54
v 67 76 85 44
v 67 77 31 11
v 67 78 43 20
v 67 79 88 48
v 67 80 64 29
v 67 81 12 8
v 67 82 18 10
v 67 83 122 55
v 67 84 100 52
v 67 85 184 93
v 67 86 321 149
v 67 87 166 80
v 67 88 62 37
v 67 89 13 5
v 67 90 89 42
v 67 91 60 25
v 67 92 18 11
v 67 93 87 30
v 67 94 21 17
v 67 95 17 10
v 67 96 159 74
v 67 97 88 44
v 67 98 100 60
v 67 99 29 14
v 67 100 221 104
v 67 101 144 70
v 67 102 23 14
v 67 103 8 5
v 67 104 40 19
v 67 105 97 46
v 67 106 222 103
v 67 107 122 63
v 67 108 162 76
v 67 109 60 32
v 67 110 67 27
v 67 111 84 45
v 67 112 178 78
v 67 113 26 13
v 67 114 32 19
v 67 119 183 88
v 67 120 99 54
v 67 121 152 75
v 67 123 279 145
v 67 126 101 48
v 67 128 259 142
v 67 129 76 48
v 67 131 146 70
v 67 135 227 105
v 67 136 38 20
v 67 137 102 56
v 67 138 32 17
v 67 145 76 42
v 67 155 57 23
v 68 69 25 9
v 68 70 28 12
v 68 71 43 13
v 68 72 9 3
v 68 73 9 2
v 68 74 36 11
v 68 75 20 11
v 68 76 28 11
v 68 77 10 2
v 68 78 20 17
v 68 79 17 8
v 68 80 12 5
v 68 81 2 1
v 68 82 5 2
v 68 83 37 15
v 68 84 19 7
v 68 85 67 29
v 68 86 99 41
v 68 87 41 19
v 68 88 18 13
v 68 89 1 1
v 68 90 33 14
v 68 91 70 28
v 68 92 6 2
v 68 93 24 10
v 68 94 17 3
v 68 95 3 3
v 68 96 41 26
v 68 97 27 14
v 68 98 21 10
v 68 99 7 4
v 68 100 57 26
v 68 101 35 18
v 68 102 10 10
v 68 103 1 0
v 68 104 21 9
v 68 105 34 8
v 68 106 52 18
v 68 107 29 16
v 68 108 46 27
v 68 109 29 10
v 68 110 20 7
v 68 111 24 13
v 68 112 55 27
v 68 113 14 6
v 68 114 12 5
v 68 119 43 15
v 68 120 33 15
v 68 121 24 10
v 68 123 60 24
v 68 126 25 10
v 68 128 57 28
v 68 129 25 14
v 68 131 48 21
v 68 135 37 14
v 68 136 12 3
v 68 137 11 7
v 68 138 12 5
v 68 145 18 8
v 68 155 51 17
v 69 70 71 33
v 69 71 224 129
v 69 72 21 12
v 69 73 28 18
v 69 74 248 119
v 69 75 112 70
v 69 76 148 77
v 69 77 39 20
v 69 78 95 51
v 69 79 80 55
v 69 80 143 66
v 69 81 19 10
v 69 82 20 8
v 69 83 112 47
v 69 84 145 76
v 69 85 346 157
v 69 86 415 192
v 69 87 216 104
v 69 88 60 27
v 69 89 18 7
v 69 90 153 63
v 69 91 104 51
v 69 92 26 12
v 69 93 96 53
v 69 94 112 52
v 69 95 10 7
v 69 96 363 186
v 69 97 84 49
v 69 98 149 72
v 69 99 40 20
v 69 100 270 126
v 69 101 168 86
v 69 102 27 18
v 69 103 15 5
v 69 104 53 31
v 69 105 177 87
v 69 106 312 140
v 69 107 259 116
v 69 108 306 177
v 69 109 164 81
v 69 110 135 75
v 69 111 86 43
v 69 112 262 126
v 69 113 34 21
v 69 114 37 18
v 69 119 298 154
v 69 120 174 86
v 69 121 194 102
v 69 123 501 275
v 69 126 123 67
v 69 128 285 152
v 69 129 93 48
v 69 131 222 119
v 69 135 324 170
v 69 136 51 28
v 69 137 89 41
v 69 138 61 28
v 69 145 114 56
v 69 155 160 70
v 70 71 146 62
v 70 72 22 10
v 70 73 19 8
v 70 74 150 67
v 70 75 70 37
v 70 76 56 30
v 70 77 17 9
v 70 78 40 16
v 70 79 35 18
v 70 80 45 17
v 70 81 9 6
v 70 82 10 5
v 70 83 71 20
v 70 84 81 36
v 70 85 196 98
v 70 86 289 127
v 70 87 126 58
v 70 88 65 31
v 70 89 6 2
v 70 90 81 30
v 70 91 40 15
v 70 92 10 5
v 70 93 75 31
v 70 94 20 8
v 70 95 22 11
v 70 96 140 72
v 70 97 83 43
v 70 98 123 70
v 70 99 25 13
v 70 100 163 64
v 70 101 59 25
v 70 102 18 7
v 70 103 13 7
v 70 104 50 23
v 70 105 86 39
v 70 106 150 73
v 70 107 105 40
v 70 108 150 84
v 70 109 50 19
v 70 110 113 52
v 70 111 62 35
v 70 112 94 47
v 70 113 19 8
v 70 114 41 19
v 70 119 127 51
v 70 120 99 44
v 70 121 111 57
v 70 123 210 105
v 70 126 89 39
v 70 128 217 112
v 70 129 70 36
v 70 131 114 53
v 70 135 148 59
v 70 136 33 15
v 70 137 43 16
v 70 138 37 16
v 70 145 53 28
v 70 155 28 12
v 71 72 57 24
v 71 73 41 19
v 71 74 281 151
v 71 75 149 90
v 71 76 170 85
v 71 77 45 22
v 71 78 72 35
v 71 79 140 72
v 71 80 111 63
v 71 81 24 12
v 71 82 30 11
v 71 83 196 91
v 71 84 189 95
v 71 85 410 217
v 71 86 592 291
v 71 87 247 118
v 71 88 131 61
v 71 89 12 4
v 71 90 145 62
v 71 91 86 33
v 71 92 24 12
v 71 93 154 72
v 71 94 47 26
v 71 95 51 27
v 71 96 263 134
v 71 97 121 73
v 71 98 226 115
v 71 99 56 33
v 71 100 381 192
v 71 101 177 110
v 71 102 26 15
v 71 103 9 5
v 71 104 69 38
v 71 105 233 109
v 71 106 406 182
v 71 107 220 106
v 71 108 473 255
v 71 109 123 53
v 71 110 164 90
v 71 111 98 52
v 71 112 218 102
v 71 113 31 16
v 71 114 70 41
v 71 119 430 194
v 71 120 161 90
v 71 121 204 102
v 71 123 507 265
v 71 126 159 73
v 71 128 391 216
v 71 129 157 94
v 71 131 206 107
v 71 135 380 197
v 71 136 75 46
v 71 137 93 52
v 71 138 49 25
v 71 145 122 58
v 71 155 136 51
v 72 73 5 2
v 72 74 54 28
v 72 75 26 11
v 72 76 28 17
v 72 77 14 5
v 72 78 23 8
v 72 79 18 8
v 72 80 19 7
v 72 81 9 5
v 72 82 7 3
v 72 83 26 12
v 72 84 34 17
v 72 85 85 47
v 72 86 96 44
v 72 87 33 10
v 72 88 26 13
v 72 89 2 0
v 72 90 35 13
v 72 91 11 6
v 72 92 2 1
v 72 93 24 13
v 72 94 10 3
v 72 95 7 3
v 72 96 33 17
v 72 97 22 10
v 72 98 28 14
v 72 99 11 10
v 72 100 63 28
v 72 101 33 19
v 72 102 9 1
v 72 103 1 0
v 72 104 13 4
v 72 105 28 14
v 72 106 56 30
v 72 107 49 21
v 72 108 32 14
v 72 109 31 18
v 72 110 24 13
v 72 111 11 1
v 72 112 43 19
v 72 113 4 2
v 72 114 12 3
v 72 119 63 34
v 72 120 32 14
v 72 121 27 16
v 72 123 49 20
v 72 126 34 16
v 72 128 65 30
v 72 129 16 8
v 72 131 42 22
v 72 135 39 28
v 72 136 14 7
v 72 137 7 3
v 72 138 21 14
v 72 145 12 7
v 72 155 15 6
v 73 74 58 30
v 73 75 27 13
v 73 76 17 11
v 73 77 6 3
v 73 78 12 5
v 73 79 16 10
v 73 80 22 10
v 73 81 4 2
v 73 82 4 2
v 73 83 22 11
v 73 84 19 6
v 73 85 65 30
v 73 86 98 46
v 73 87 40 16
v 73 88 9 6
v 73 89 4 0
v 73 90 28 10
v 73 91 13 7
v 73 92 3 0
v 73 93 23 13
v 73 94 8 6
v 73 95 6 4
v 73 96 43 25
v 73 97 22 11
v 73 98 31 19
v 73 99 14 10
v 73 100 53 27
v 73 101 34 16
v 73 102 10 5
v 73 103 3 1
v 73 104 27 14
v 73 105 33 19
v 73 106 46 20
v 73 107 42 22
v 73 108 45 24
v 73 109 18 9
v 73 110 21 12
v 73 111 12 5
v 73 112 31 14
v 73 113 9 5
v 73 114 9 5
v 73 119 40 28
v 73 120 23 13
v 73 121 23 11
v 73 123 69 36
v 73 126 22 15
v 73 128 63 34
v 73 129 17 6
v 73 131 38 23
v 73 135 41 20
v 73 136 15 7
v 73 137 14 6
v 73 138 13 8
v 73 145 18 10
v 73 155 19 9
v 74 75 149 83
v 74 76 140 63
v 74 77 66 26
v 74 78 90 44
v 74 79 164 93
v 74 80 123 66
v 74 81 23 15
v 74 82 16 6
v 74 83 190 85
v 74 84 205 107
v 74 85 499 254
v 74 86 656 314
v 74 87 247 127
v 74 88 105 60
v 74 89 20 10
v 74 90 193 85
v 74 91 112 51
v 74 92 32 15
v 74 93 121 56
v 74 94 30 14
v 74 95 32 21
v 74 96 308 148
v 74 97 144 79
v 74 98 179 89
v 74 99 49 29
v 74 100 428 200
v 74 101 177 94
v 74 102 39 20
v 74 103 16 3
v 74 104 77 38
v 74 105 253 127
v 74 106 426 198
v 74 107 285 131
v 74 108 398 225
v 74 109 157 78
v 74 110 175 85
v 74 111 96 50
v 74 112 293 137
v 74 113 50 28
v 74 114 50 25
v 74 119 365 197
v 74 120 340 166
v 74 121 244 121
v 74 123 563 297
v 74 126 345 165
v 74 128 461 264
v 74 129 162 87
v 74 131 322 138
v 74 135 407 201
v 74 136 70 38
v 74 137 70 29
v 74 138 64 31
v 74 145 178 84
v 74 155 135 54
v 75 76 48 17
v 75 77 51 22
v 75 78 32 13
v 75 79 37 18
v 75 80 53 24
v 75 81 20 9
v 75 82 13 8
v 75 83 72 22
v 75 84 110 54
v 75 85 181 83
v 75 86 313 142
v 75 87 135 62
v 75 88 67 24
v 75 89 10 3
v 75 90 76 33
v 75 91 49 20
v 75 92 10 4
v 75 93 80 29
v 75 94 25 11
v 75 95 20 15
v 75 96 105 51
v 75 97 68 38
v 75 98 65 34
v 75 99 32 13
v 75 100 175 89
v 75 101 103 48
v 75 102 34 18
v 75 103 5 1
v 75 104 56 32
v 75 105 88 41
v 75 106 120 54
v 75 107 111 52
v 75 108 139 77
v 75 109 70 33
v 75 110 105 46
v 75 111 72 31
v 75 112 92 36
v 75 113 15 8
v 75 114 51 25
v 75 119 133 54
v 75 120 92 42
v 75 121 110 55
v 75 123 177 80
v 75 126 74 38
v 75 128 354 173
v 75 129 67 30
v 75 131 104 50
v 75 135 296 132
v 75 136 38 21
v 75 137 52 23
v 75 138 30 14
v 75 145 51 25
v 75 155 54 18
v 76 77 32 17
v 76 78 45 25
v 76 79 53 28
v 76 80 58 27
v 76 81 15 6
v 76 82 13 7
v 76 83 77 36
v 76 84 91 45
v 76 85 213 108
v 76 86 296 153
v 76 87 154 76
v 76 88 105 48
v 76 89 14 6
v 76 90 73 33
v 76 91 53 20
v 76 92 20 8
v 76 93 80 45
v 76 94 13 8
v 76 95 8 4
v 76 96 122 69
v 76 97 59 32
v 76 98 96 46
v 76 99 21 11
v 76 100 174 92
v 76 101 105 60
v 76 102 13 7
v 76 103 8 7
v 76 104 63 32
v 76 105 137 73
v 76 106 163 76
v 76 107 111 52
v 76 108 143 79
v 76 109 73 39
v 76 110 76 38
v 76 111 40 24
v 76 112 161 76
v 76 113 26 15
v 76 114 27 11
v 76 119 188 88
v 76 120 123 58
v 76 121 120 62
v 76 123 288 158
v 76 126 44 23
v 76 128 193 105
v 76 129 69 34
v 76 131 112 66
v 76 135 178 87
v 76 136 30 19
v 76 137 52 28
v 76 138 37 20
v 76 145 79 44
v 76 155 68 30
v 77 78 17 8
v 77 79 25 15
v 77 80 21 12
v 77 81 5 2
v 77 82 11 3
v 77 83 23 8
v 77 84 21 16
v 77 85 82 56
v 77 86 125 74
v 77 87 49 26
v 77 88 20 9
v 77 89 31 9
v 77 90 32 18
v 77 91 10 6
v 77 92 9 7
v 77 93 41 13
v 77 94 12 9
v 77 95 20 14
v 77 96 68 39
v 77 97 23 16
v 77 98 40 24
v 77 99 9 4
v 77 100 68 39
v 77 101 45 32
v 77 102 3 2
v 77 103 2 1
v 77 104 13 6
v 77 105 48 22
v 77 106 67 34
v 77 107 44 21
v 77 108 69 41
v 77 109 57 35
v 77 110 27 15
v 77 111 27 16
v 77 112 43 21
v 77 113 8 4
v 77 114 11 9
v 77 119 60 31
v 77 120 46 22
v 77 121 46 26
v 77 123 79 40
v 77 126 26 18
v 77 128 64 39
v 77 129 41 24
v 77 131 46 27
v 77 135 69 42
v 77 136 17 8
v 77 137 12 5
v 77 138 10 8
v 77 145 18 9
v 77 155 29 19
v 78 79 32 18
v 78 80 22 14
v 78 81 3 2
v 78 82 8 6
v 78 83 53 30
v 78 84 43 23
v 78 85 102 57
v 78 86 158 87
v 78 87 94 49
v 78 88 44 23
v 78 89 7 4
v 78 90 57 31
v 78 91 41 20
v 78 92 8 5
v 78 93 57 28
v 78 94 14 9
v 78 95 9 7
v 78 96 90 46
v 78 97 24 15
v 78 98 48 31
v 78 99 15 8
v 78 100 88 43
v 78 101 57 27
v 78 102 14 8
v 78 103 6 3
v 78 104 24 11
v 78 105 70 35
v 78 106 94 53
v 78 107 90 47
v 78 108 98 52
v 78 109 31 16
v 78 110 43 20
v 78 111 22 11
v 78 112 85 48
v 78 113 10 7
v 78 114 8 3
v 78 119 115 56
v 78 120 80 38
v 78 121 71 42
v 78 123 158 89
v 78 126 61 30
v 78 128 125 80
v 78 129 49 21
v 78 131 67 43
v 78 135 110 53
v 78 136 23 12
v 78 137 31 16
v 78 138 22 11
v 78 145 44 23
v 78 155 34 21
v 79 80 38 15
v 79 81 9 5
v 79 82 7 1
v 79 83 82 35
v 79 84 60 31
v 79 85 135 61
v 79 86 194 84
v 79 87 150 78
v 79 88 44 15
v 79 89 14 7
v 79 90 73 23
v 79 91 33 19
v 79 92 11 7
v 79 93 54 27
v 79 94 18 13
v 79 95 10 5
v 79 96 142 63
v 79 97 42 26
v 79 98 60 26
v 79 99 17 8
v 79 100 134 56
v 79 101 89 46
v 79 102 10 5
v 79 103 10 4
v 79 104 32 18
v 79 105 86 39
v 79 106 138 56
v 79 107 83 35
v 79 108 126 66
v 79 109 48 28
v 79 110 53 20
v 79 111 38 24
v 79 112 126 55
v 79 113 11 6
v 79 114 25 11
v 79 119 128 64
v 79 120 94 39
v 79 121 83 38
v 79 123 215 100
v 79 126 69 42
v 79 128 147 74
v 79 129 55 34
v 79 131 161 81
v 79 135 152 71
v 79 136 24 10
v 79 137 34 13
v 79 138 30 15
v 79 145 55 30
v 79 155 59 22
v 80 81 4 2
v 80 82 5 1
v 80 83 65 30
v 80 84 47 21
v 80 85 158 85
v 80 86 201 96
v 80 87 92 45
v 80 88 32 16
v 80 89 7 3
v 80 90 84 38
v 80 91 42 23
v 80 92 7 2
v 80 93 75 40
v 80 94 5 1
v 80 95 10 5
v 80 96 120 61
v 80 97 37 22
v 80 98 62 34
v 80 99 27 19
v 80 100 131 64
v 80 101 71 32
v 80 102 13 6
v 80 103 10 3
v 80 104 35 18
v 80 105 98 45
v 80 106 129 62
v 80 107 101 56
v 80 108 138 74
v 80 109 68 33
v 80 110 59 29
v 80 111 41 21
v 80 112 129 66
v 80 113 12 8
v 80 114 43 22
v 80 119 158 70
v 80 120 99 38
v 80 121 79 47
v 80 123 209 124
v 80 126 53 28
v 80 128 152 82
v 80 129 32 19
v 80 131 102 53
v 80 135 143 72
v 80 136 26 12
v 80 137 45 25
v 80 138 23 9
v 80 145 76 43
v 80 155 39 19
v 81 82 3 1
v 81 83 18 8
v 81 84 18 6
v 81 85 29 10
v 81 86 38 14
v 81 87 20 9
v 81 88 12 6
v 81 89 2 1
v 81 90 14 6
v 81 91 16 7
v 81 92 5 3
v 81 93 6 4
v 81 94 3 1
v 81 95 4 1
v 81 96 17 10
v 81 97 15 10
v 81 98 22 6
v 81 99 4 0
v 81 100 34 16
v 81 101 17 6
v 81 102 5 2
v 81 103 4 3
v 81 104 8 5
v 81 105 18 13
v 81 106 32 15
v 81 107 25 13
v 81 108 16 9
v 81 109 5 2
v 81 110 11 4
v 81 111 10 5
v 81 112 20 10
v 81 113 3 1
v 81 114 5 2
v 81 119 25 10
v 81 120 17 3
v 81 121 14 4
v 81 123 44 19
v 81 126 12 7
v 81 128 33 13
v 81 129 10 3
v 81 131 27 8
v 81 135 34 12
v 81 136 3 3
v 81 137 10 3
v 81 138 8 4
v 81 145 10 5
v 81 155 16 9
v 82 83 15 2
v 82 84 19 12
v 82 85 36 16
v 82 86 48 20
v 82 87 20 9
v 82 88 6 1
v 82 89 1 1
v 82 90 11 6
v 82 91 10 5
v 82 92 1 1
v 82 93 8 5
v 82 94 6 1
v 82 95 5 4
v 82 96 10 5
v 82 97 7 3
v 82 98 12 5
v 82 99 5 3
v 82 100 21 11
v 82 101 14 9
v 82 102 3 2
v 82 103 7 3
v 82 104 4 2
v 82 105 10 5
v 82 106 36 14
v 82 107 20 9
v 82 108 14 7
v 82 109 6 3
v 82 110 13 6
v 82 111 13 9
v 82 112 22 12
v 82 113 7 3
v 82 114 8 5
v 82 119 20 12
v 82 120 21 10
v 82 121 18 9
v 82 123 38 15
v 82 126 15 9
v 82 128 31 18
v 82 129 7 4
v 82 131 18 10
v 82 135 35 17
v 82 136 8 2
v 82 137 5 2
v 82 138 7 3
v 82 145 11 6
v 82 155 7 4
v 83 84 133 73
v 83 85 378 235
v 83 86 334 189
v 83 87 149 95
v 83 88 49 27
v 83 89 7 5
v 83 90 126 79
v 83 91 59 36
v 83 92 17 9
v 83 93 77 43
v 83 94 27 17
v 83 95 18 11
v 83 96 173 101
v 83 97 74 43
v 83 98 239 146
v 83 99 37 26
v 83 100 263 142
v 83 101 96 54
v 83 102 18 10
v 83 103 11 7
v 83 104 47 30
v 83 105 173 88
v 83 106 196 103
v 83 107 146 93
v 83 108 256 163
v 83 109 107 64
v 83 110 108 51
v 83 111 61 39
v 83 112 146 83
v 83 113 22 11
v 83 114 33 17
v 83 119 164 89
v 83 120 84 50
v 83 121 134 71
v 83 123 316 193
v 83 126 96 58
v 83 128 268 160
v 83 129 89 62
v 83 131 190 115
v 83 135 257 146
v 83 136 46 25
v 83 137 75 43
v 83 138 49 29
v 83 145 80 46
v 83 155 107 58
v 84 85 334 161
v 84 86 424 196
v 84 87 186 98
v 84 88 59 31
v 84 89 14 8
v 84 90 120 47
v 84 91 64 34
v 84 92 17 12
v 84 93 96 41
v 84 94 22 14
v 84 95 24 10
v 84 96 167 77
v 84 97 71 30
v 84 98 124 65
v 84 99 39 27
v 84 100 267 127
v 84 101 127 67
v 84 102 31 15
v 84 103 14 5
v 84 104 63 35
v 84 105 139 67
v 84 106 204 100
v 84 107 146 76
v 84 108 207 105
v 84 109 119 56
v 84 110 102 55
v 84 111 60 28
v 84 112 155 83
v 84 113 23 12
v 84 114 35 16
v 84 119 179 93
v 84 120 121 73
v 84 121 135 70
v 84 123 295 147
v 84 126 106 53
v 84 128 276 139
v 84 129 108 62
v 84 131 144 74
v 84 135 241 128
v 84 136 58 21
v 84 137 62 29
v 84 138 51 24
v 84 145 89 48
v 84 155 80 32
v 85 86 1029 479
v 85 87 350 172
v 85 88 127 64
v 85 89 31 12
v 85 90 300 122
v 85 91 141 72
v 85 92 41 17
v 85 93 222 97
v 85 94 83 37
v 85 95 48 24
v 85 96 526 272
v 85 97 173 90
v 85 98 434 230
v 85 99 68 37
v 85 100 623 295
v 85 101 273 133
v 85 102 51 32
v 85 103 28 13
v 85 104 86 46
v 85 105 328 167
v 85 106 588 246
v 85 107 385 182
v 85 108 587 308
v 85 109 252 131
v 85 110 283 140
v 85 111 108 65
v 85 112 454 188
v 85 113 59 25
v 85 114 95 50
v 85 119 473 220
v 85 120 306 140
v 85 121 304 166
v 85 123 829 422
v 85 126 244 110
v 85 128 963 521
v 85 129 186 112
v 85 131 418 200
v 85 135 613 278
v 85 136 119 53
v 85 137 182 81
v 85 138 113 55
v 85 145 224 113
v 85 155 199 75
v 86 87 493 263
v 86 88 221 97
v 86 89 41 26
v 86 90 391 188
v 86 91 176 82
v 86 92 45 25
v 86 93 311 146
v 86 94 99 59
v 86 95 66 32
v 86 96 608 312
v 86 97 207 119
v 86 98 308 169
v 86 99 142 88
v 86 100 822 431
v 86 101 410 222
v 86 102 62 41
v 86 103 36 16
v 86 104 197 82
v 86 105 529 267
v 86 106 699 325
v 86 107 452 208
v 86 108 631 406
v 86 109 347 172
v 86 110 385 196
v 86 111 148 82
v 86 112 497 224
v 86 113 62 34
v 86 114 127 69
v 86 119 657 327
v 86 120 417 222
v 86 121 435 226
v 86 123 1118 599
v 86 126 301 151
v 86 128 918 515
v 86 129 299 170
v 86 131 551 274
v 86 135 722 364
v 86 136 150 79
v 86 137 148 67
v 86 138 149 86
v 86 145 235 109
v 86 155 210 98
v 87 88 95 44
v 87 89 15 8
v 87 90 151 52
v 87 91 94 37
v 87 92 20 9
v 87 93 94 47
v 87 94 46 17
v 87 95 28 17
v 87 96 240 131
v 87 97 90 45
v 87 98 124 58
v 87 99 53 31
v 87 100 343 170
v 87 101 173 86
v 87 102 35 23
v 87 103 11 4
v 87 104 81 46
v 87 105 170 83
v 87 106 344 158
v 87 107 223 109
v 87 108 291 163
v 87 109 126 60
v 87 110 141 72
v 87 111 82 36
v 87 112 194 95
v 87 113 34 19
v 87 114 73 30
v 87 119 304 147
v 87 120 229 110
v 87 121 162 80
v 87 123 481 256
v 87 126 155 66
v 87 128 344 192
v 87 129 112 48
v 87 131 216 113
v 87 135 329 157
v 87 136 49 25
v 87 137 65 30
v 87 138 60 30
v 87 145 112 49
v 87 155 108 51
v 88 89 9 5
v 88 90 82 35
v 88 91 23 11
v 88 92 10 5
v 88 93 60 23
v 88 94 9 5
v 88 95 17 9
v 88 96 88 50
v 88 97 48 27
v 88 98 48 24
v 88 99 26 19
v 88 100 140 73
v 88 101 75 45
v 88 102 11 8
v 88 103 4 2
v 88 104 40 23
v 88 105 84 48
v 88 106 130 67
v 88 107 97 51
v 88 108 109 68
v 88 109 42 27
v 88 110 68 42
v 88 111 48 27
v 88 112 70 33
v 88 113 7 4
v 88 114 30 9
v 88 119 147 85
v 88 120 100 54
v 88 121 60 37
v 88 123 177 98
v 88 126 48 21
v 88 128 237 134
v 88 129 48 25
v 88 131 68 33
v 88 135 274 139
v 88 136 23 15
v 88 137 43 26
v 88 138 14 5
v 88 145 64 38
v 88 155 42 20
v 89 90 14 6
v 89 91 8 5
v 89 92 6 2
v 89 93 21 7
v 89 94 5 2
v 89 95 1 0
v 89 96 7 1
v 89 97 8 1
v 89 98 8 2
v 89 99 2 1
v 89 100 26 13
v 89 101 12 6
v 89 102 3 2
v 89 103 1 0
v 89 104 8 3
v 89 105 17 5
v 89 106 17 6
v 89 107 26 13
v 89 108 7 4
v 89 109 11 7
v 89 110 11 5
v 89 111 3 2
v 89 112 23 9
v 89 113 3 1
v 89 114 7 1
v 89 119 27 13
v 89 120 12 7
v 89 121 14 6
v 89 123 36 22
v 89 126 6 3
v 89 128 26 12
v 89 129 15 6
v 89 131 21 12
v 89 135 10 4
v 89 136 1 1
v 89 137 5 2
v 89 138 4 2
v 89 145 10 6
v 89 155 9 5
v 90 91 68 34
v 90 92 19 10
v 90 93 85 47
v 90 94 32 23
v 90 95 14 8
v 90 96 197 108
v 90 97 65 34
v 90 98 101 61
v 90 99 34 21
v 90 100 241 138
v 90 101 111 61
v 90 102 21 14
v 90 103 10 3
v 90 104 47 26
v 90 105 171 94
v 90 106 264 133
v 90 107 170 89
v 90 108 219 138
v 90 109 97 58
v 90 110 106 61
v 90 111 70 46
v 90 112 169 91
v 90 113 25 12
v 90 114 37 20
v 90 119 223 121
v 90 120 136 77
v 90 121 122 72
v 90 123 397 229
v 90 126 121 77
v 90 128 264 167
v 90 129 85 53
v 90 131 184 112
v 90 135 220 128
v 90 136 46 26
v 90 137 72 38
v 90 138 34 20
v 90 145 104 57
v 90 155 124 62
v 91 92 11 7
v 91 93 42 21
v 91 94 15 8
v 91 95 18 9
v 91 96 96 59
v 91 97 49 29
v 91 98 68 45
v 91 99 21 11
v 91 100 121 62
v 91 101 68 45
v 91 102 10 9
v 91 103 5 3
v 91 104 29 17
v 91 105 82 42
v 91 106 156 78
v 91 107 93 45
v 91 108 119 66
v 91 109 56 30
v 91 110 66 34
v 91 111 28 15
v 91 112 139 72
v 91 113 17 9
v 91 114 17 11
v 91 119 114 57
v 91 120 65 35
v 91 121 92 53
v 91 123 175 94
v 91 126 52 27
v 91 128 129 67
v 91 129 40 25
v 91 131 97 61
v 91 135 127 71
v 91 136 25 13
v 91 137 47 21
v 91 138 28 14
v 91 145 53 28
v 91 155 42 20
v 92 93 11 5
v 92 94 6 2
v 92 95 2 1
v 92 96 25 14
v 92 97 10 5
v 92 98 14 9
v 92 99 8 2
v 92 100 30 13
v 92 101 23 13
v 92 102 2 2
v 92 103 4 2
v 92 104 7 5
v 92 105 22 9
v 92 106 21 8
v 92 107 20 12
v 92 108 36 22
v 92 109 17 7
v 92 110 17 8
v 92 111 6 5
v 92 112 22 6
v 92 113 2 1
v 92 114 4 2
v 92 119 32 14
v 92 120 20 8
v 92 121 23 14
v 92 123 47 27
v 92 126 12 4
v 92 128 44 27
v 92 129 4 1
v 92 131 28 10
v 92 135 51 25
v 92 136 5 3
v 92 137 12 9
v 92 138 7 2
v 92 145 8 5
v 92 155 9 3
v 93 94 18 12
v 93 95 11 6
v 93 96 143 81
v 93 97 55 32
v 93 98 82 47
v 93 99 62 42
v 93 100 149 77
v 93 101 96 51
v 93 102 34 22
v 93 103 11 4
v 93 104 37 19
v 93 105 83 44
v 93 106 497 306
v 93 107 146 83
v 93 108 205 130
v 93 109 75 37
v 93 110 78 41
v 93 111 51 26
v 93 112 155 83
v 93 113 12 10
v 93 114 36 22
v 93 119 189 112
v 93 120 100 65
v 93 121 84 42
v 93 123 262 168
v 93 126 86 57
v 93 128 175 89
v 93 129 56 27
v 93 131 113 50
v 93 135 166 90
v 93 136 28 11
v 93 137 67 30
v 93 138 43 24
v 93 145 51 30
v 93 155 63 26
v 94 95 3 2
v 94 96 32 15
v 94 97 15 6
v 94 98 28 15
v 94 99 5 4
v 94 100 47 25
v 94 101 38 23
v 94 102 10 7
v 94 103 3 1
v 94 104 14 9
v 94 105 40 14
v 94 106 52 24
v 94 107 39 21
v 94 108 48 19
v 94 109 11 5
v 94 110 28 12
v 94 111 21 10
v 94 112 38 21
v 94 113 6 2
v 94 114 9 1
v 94 119 50 20
v 94 120 33 9
v 94 121 31 18
v 94 123 73 31
v 94 126 25 13
v 94 128 67 32
v 94 129 23 10
v 94 131 51 21
v 94 135 61 29
v 94 136 13 4
v 94 137 12 5
v 94 138 5 3
v 94 145 12 2
v 94 155 15 5
v 95 96 18 4
v 95 97 15 8
v 95 98 10 4
v 95 99 3 2
v 95 100 30 18
v 95 101 31 17
v 95 102 6 4
v 95 103 3 3
v 95 104 11 6
v 95 105 18 7
v 95 106 50 28
v 95 107 36 19
v 95 108 24 9
v 95 109 13 5
v 95 110 8 1
v 95 111 9 6
v 95 112 20 13
v 95 113 5 2
v 95 114 7 3
v 95 119 36 21
v 95 120 18 13
v 95 121 17 10
v 95 123 55 23
v 95 126 32 13
v 95 128 58 33
v 95 129 17 11
v 95 131 25 13
v 95 135 47 22
v 95 136 13 6
v 95 137 11 5
v 95 138 5 2
v 95 145 14 6
v 95 155 8 1
v 96 97 127 67
v 96 98 232 131
v 96 99 41 20
v 96 100 367 194
v 96 101 187 94
v 96 102 35 19
v 96 103 9 6
v 96 104 73 39
v 96 105 261 123
v 96 106 436 212
v 96 107 278 136
v 96 108 373 208
v 96 109 131 69
v 96 110 189 98
v 96 111 77 44
v 96 112 255 110
v 96 113 28 17
v 96 114 51 25
v 96 119 373 181
v 96 120 202 93
v 96 121 223 116
v 96 123 546 277
v 96 126 176 80
v 96 128 445 244
v 96 129 175 92
v 96 131 269 146
v 96 135 415 196
v 96 136 71 35
v 96 137 116 54
v 96 138 49 24
v 96 145 171 79
v 96 155 153 78
v 97 98 69 40
v 97 99 24 13
v 97 100 170 82
v 97 101 81 49
v 97 102 20 12
v 97 103 7 1
v 97 104 49 26
v 97 105 106 43
v 97 106 148 57
v 97 107 101 42
v 97 108 115 57
v 97 109 55 29
v 97 110 76 32
v 97 111 47 20
v 97 112 76 28
v 97 113 8 3
v 97 114 34 15
v 97 119 98 45
v 97 120 77 33
v 97 121 98 47
v 97 123 210 88
v 97 126 63 28
v 97 128 191 105
v 97 129 64 31
v 97 131 107 56
v 97 135 169 70
v 97 136 29 13
v 97 137 37 14
v 97 138 22 9
v 97 145 46 18
v 97 155 31 16
v 98 99 40 18
v 98 100 292 152
v 98 101 93 48
v 98 102 15 5
v 98 103 7 4
v 98 104 32 16
v 98 105 144 65
v 98 106 218 95
v 98 107 203 81
v 98 108 273 144
v 98 109 81 45
v 98 110 101 43
v 98 111 42 22
v 98 112 166 75
v 98 113 13 7
v 98 114 49 17
v 98 119 230 103
v 98 120 115 51
v 98 121 109 41
v 98 123 371 208
v 98 126 96 38
v 98 128 293 159
v 98 129 72 35
v 98 131 164 90
v 98 135 242 114
v 98 136 25 9
v 98 137 91 45
v 98 138 58 25
v 98 145 77 37
v 98 155 89 39
v 99 100 73 38
v 99 101 52 25
v 99 102 8 0
v 99 103 4 1
v 99 104 36 12
v 99 105 43 23
v 99 106 67 23
v 99 107 36 14
v 99 108 80 44
v 99 109 24 8
v 99 110 35 10
v 99 111 18 9
v 99 112 35 11
v 99 113 6 1
v 99 114 16 8
v 99 119 62 23
v 99 120 30 14
v 99 121 48 27
v 99 123 72 38
v 99 126 36 19
v 99 128 74 37
v 99 129 26 14
v 99 131 39 17
v 99 135 81 36
v 99 136 11 6
v 99 137 32 16
v 99 138 20 7
v 99 145 32 12
v 99 155 29 7
v 100 101 224 120
v 100 102 35 16
v 100 103 20 7
v 100 104 60 34
v 100 105 333 167
v 100 106 467 209
v 100 107 322 157
v 100 108 520 279
v 100 109 224 102
v 100 110 243 107
v 100 111 122 66
v 100 112 330 148
v 100 113 35 17
v 100 114 86 38
v 100 119 426 216
v 100 120 298 135
v 100 121 260 134
v 100 123 622 294
v 100 126 210 115
v 100 128 542 282
v 100 129 191 99
v 100 131 367 178
v 100 135 519 267
v 100 136 99 53
v 100 137 107 51
v 100 138 102 52
v 100 145 165 66
v 100 155 143 57
v 101 102 32 13
v 101 103 16 4
v 101 104 56 30
v 101 105 113 64
v 101 106 229 93
v 101 107 152 71
v 101 108 238 123
v 101 109 72 32
v 101 110 142 80
v 101 111 64 34
v 101 112 161 67
v 101 113 22 7
v 101 114 48 24
v 101 119 250 123
v 101 120 126 69
v 101 121 137 70
v 101 123 355 163
v 101 126 118 65
v 101 128 268 124
v 101 129 91 51
v 101 131 150 71
v 101 135 254 116
v 101 136 49 20
v 101 137 81 38
v 101 138 28 11
v 101 145 77 32
v 101 155 61 24
v 102 104 16 7
v 102 105 19 7
v 102 106 30 12
v 102 107 28 10
v 102 108 41 18
v 102 109 27 12
v 102 110 27 12
v 102 111 9 4
v 102 112 21 7
v 102 113 6 2
v 102 114 12 8
v 102 119 31 12
v 102 120 24 5
v 102 121 22 7
v 102 123 39 17
v 102 126 15 9
v 102 128 42 18
v 102 129 19 12
v 102 131 26 10
v 102 135 41 19
v 102 136 6 5
v 102 137 14 5
v 102 138 15 7
v 102 145 12 3
v 102 155 11 2
v 103 104 6 4
v 103 105 11 7
v 103 106 18 9
v 103 107 20 9
v 103 108 20 11
v 103 109 7 3
v 103 110 11 6
v 103 111 6 4
v 103 112 20 9
v 103 113 4 3
v 103 114 6 3
v 103 119 19 9
v 103 120 15 10
v 103 121 13 6
v 103 123 26 15
v 103 126 7 3
v 103 128 29 18
v 103 129 7 3
v 103 131 22 14
v 103 135 23 12
v 103 136 2 2
v 103 137 6 3
v 103 138 3 3
v 103 145 5 3
v 103 155 8 4
v 104 105 41 20
v 104 106 89 44
v 104 107 61 26
v 104 108 110 68
v 104 109 21 12
v 104 110 63 33
v 104 111 9 2
v 104 112 17 7
v 104 113 18 12
v 104 114 25 12
v 104 119 77 33
v 104 120 49 25
v 104 121 60 24
v 104 123 115 61
v 104 126 26 14
v 104 128 106 52
v 104 129 28 17
v 104 131 36 11
v 104 135 110 49
v 104 136 12 6
v 104 137 29 14
v 104 138 13 5
v 104 145 34 16
v 104 155 17 9
v 105 106 283 146
v 105 107 199 100
v 105 108 275 157
v 105 109 117 53
v 105 110 129 63
v 105 111 99 48
v 105 112 262 128
v 105 113 25 12
v 105 114 32 19
v 105 119 323 166
v 105 120 216 120
v 105 121 174 101
v 105 123 485 257
v 105 126 115 64
v 105 128 283 158
v 105 129 96 45
v 105 131 253 139
v 105 135 297 145
v 105 136 60 34
v 105 137 86 34
v 105 138 46 28
v 105 145 128 64
v 105 155 107 46
v 106 107 444 248
v 106 108 439 244
v 106 109 208 115
v 106 110 188 101
v 106 111 88 37
v 106 112 406 209
v 106 113 30 18
v 106 114 163 85
v 106 119 500 231
v 106 120 331 190
v 106 121 266 143
v 106 123 708 419
v 106 126 168 108
v 106 128 564 323
v 106 129 171 98
v 106 131 359 213
v 106 135 454 237
v 106 136 81 42
v 106 137 129 74
v 106 138 84 48
v 106 145 216 117
v 106 155 212 99
v 107 108 290 169
v 107 109 125 67
v 107 110 136 75
v 107 111 105 56
v 107 112 184 84
v 107 113 23 11
v 107 114 60 32
v 107 119 316 163
v 107 120 208 109
v 107 121 217 129
v 107 123 515 270
v 107 126 121 67
v 107 128 354 188
v 107 129 79 55
v 107 131 228 119
v 107 135 317 168
v 107 136 56 27
v 107 137 91 40
v 107 138 62 31
v 107 145 150 76
v 107 155 158 68
v 108 109 139 70
v 108 110 181 83
v 108 111 100 48
v 108 112 338 125
v 108 113 41 19
v 108 114 67 28
v 108 119 374 176
v 108 120 313 137
v 108 121 239 112
v 108 123 641 287
v 108 126 149 71
v 108 128 503 234
v 108 129 143 72
v 108 131 337 146
v 108 135 513 249
v 108 136 80 39
v 108 137 87 33
v 108 138 66 31
v 108 145 140 56
v 108 155 165 59
v 109 110 52 24
v 109 111 44 26
v 109 112 121 61
v 109 113 10 5
v 109 114 34 18
v 109 119 197 87
v 109 120 140 76
v 109 121 102 59
v 109 123 301 160
v 109 126 89 46
v 109 128 192 101
v 109 129 49 27
v 109 131 163 91
v 109 135 191 100
v 109 136 35 17
v 109 137 36 12
v 109 138 58 29
v 109 145 81 42
v 109 155 79 33
v 110 111 35 15
v 110 112 142 64
v 110 113 24 12
v 110 114 28 15
v 110 119 176 93
v 110 120 115 51
v 110 121 126 58
v 110 123 322 166
v 110 126 96 44
v 110 128 340 186
v 110 129 86 51
v 110 131 126 75
v 110 135 236 119
v 110 136 65 33
v 110 137 61 34
v 110 138 38 18
v 110 145 90 53
v 110 155 64 27
v 111 112 61 27
v 111 113 15 8
v 111 114 22 8
v 111 119 84 42
v 111 120 104 40
v 111 121 95 48
v 111 123 141 64
v 111 126 53 28
v 111 128 121 53
v 111 129 38 22
v 111 131 94 50
v 111 135 112 53
v 111 136 17 6
v 111 137 31 11
v 111 138 25 10
v 111 145 51 26
v 111 155 24 8
v 112 113 31 19
v 112 114 35 14
v 112 119 388 205
v 112 120 145 85
v 112 121 173 112
v 112 123 542 292
v 112 126 134 65
v 112 128 292 177
v 112 129 96 59
v 112 131 282 158
v 112 135 286 174
v 112 136 47 25
v 112 137 95 46
v 112 138 81 47
v 112 145 127 67
v 112 155 145 71
v 113 114 8 2
v 113 119 38 20
v 113 120 24 13
v 113 121 29 6
v 113 123 60 28
v 113 126 8 4
v 113 128 51 21
v 113 129 16 8
v 113 131 24 10
v 113 135 51 23
v 113 136 9 4
v 113 137 8 3
v 113 138 8 4
v 113 145 12 6
v 113 155 11 2
v 114 119 46 28
v 114 120 52 31
v 114 121 49 28
v 114 123 119 62
v 114 126 39 23
v 114 128 85 41
v 114 129 26 13
v 114 131 67 32
v 114 135 94 48
v 114 136 20 14
v 114 137 20 9
v 114 138 17 9
v 114 145 32 13
v 114 155 19 7
v 119 120 284 156
v 119 121 226 133
v 119 123 868 451
v 119 126 175 87
v 119 128 504 268
v 119 129 138 73
v 119 131 366 206
v 119 135 459 242
v 119 136 68 39
v 119 137 92 43
v 119 138 68 34
v 119 145 195 92
v 119 155 160 78
v 120 121 132 64
v 120 123 414 216
v 120 126 111 61
v 120 128 343 199
v 120 129 104 58
v 120 131 237 137
v 120 135 265 129
v 120 136 50 24
v 120 137 97 40
v 120 138 33 13
v 120 145 87 54
v 120 155 122 39
v 121 123 405 210
v 121 126 108 50
v 121 128 320 161
v 121 129 93 48
v 121 131 211 102
v 121 135 257 122
v 121 136 43 16
v 121 137 64 30
v 121 138 56 28
v 121 145 93 44
v 121 155 69 31
v 123 126 249 114
v 123 128 724 390
v 123 129 224 109
v 123 131 506 252
v 123 135 647 319
v 123 136 118 50
v 123 137 221 90
v 123 138 116 62
v 123 145 262 133
v 123 155 256 90
v 126 128 215 112
v 126 129 94 54
v 126 131 148 78
v 126 135 183 88
v 126 136 37 21
v 126 137 50 30
v 126 138 29 11
v 126 145 68 33
v 126 155 48 18
v 128 129 191 112
v 128 131 354 154
v 128 135 507 243
v 128 136 86 48
v 128 137 153 63
v 128 138 115 63
v 128 145 206 104
v 128 155 146 52
v 129 131 127 58
v 129 135 151 67
v 129 136 41 19
v 129 137 51 29
v 129 138 30 19
v 129 145 50 29
v 129 155 49 18
v 131 135 327 149
v 131 136 62 32
v 131 137 96 42
v 131 138 62 34
v 131 145 126 69
v 131 155 129 43
v 135 136 95 43
v 135 137 164 74
v 135 138 80 48
v 135 145 203 98
v 135 155 148 60
v 136 137 24 10
v 136 138 16 9
v 136 145 35 25
v 136 155 30 9
v 137 138 29 15
v 137 145 44 27
v 137 155 42 23
v 138 145 44 21
v 138 155 32 13
v 145 155 94 46
