n 306
v 7.41f
i 1 blink 2250
i 6 helm_of_iron_will 975
i 11 quelling_blade 100
i 12 ring_of_protection 175
i 13 gauntlets 140
i 14 slippers 140
i 15 mantle 140
i 16 branches 55
i 20 circlet 155
i 26 lifesteal 900
i 27 ring_of_regen 175
i 28 sobi_mask 175
i 29 boots 500
i 34 magic_stick 200
i 36 magic_wand 460
i 37 ghost 1500
i 38 clarity 60
i 41 bottle 675
i 42 ward_observer 0
i 43 ward_sentry 50
i 44 tango 90
i 48 travel_boots 2500
i 50 phase_boots 1450
i 63 power_treads 1400
i 65 hand_of_midas 2200
i 73 bracer 505
i 75 wraith_band 505
i 77 null_talisman 505
i 79 mekansm 1775
i 81 vladmir 2200
i 88 ring_of_basilius 425
i 90 pipe 3725
i 92 urn_of_shadows 825
i 94 headdress 425
i 96 sheepstick 5200
i 98 orchid 3275
i 100 cyclone 2600
i 102 force_staff 2200
i 104 dagon 3050
i 108 ultimate_scepter 4200
i 110 refresher 5000
i 112 assault 5125
i 114 heart 5100
i 116 black_king_bar 4050
i 119 shivas_guard 4500
i 121 bloodstone 4700
i 123 sphere 4800
i 125 vanguard 1700
i 127 blade_mail 2400
i 133 rapier 5600
i 135 monkey_king_bar 5000
i 137 radiance 4700
i 139 butterfly 5450
i 141 greater_crit 5100
i 143 basher 2875
i 145 bfury 3900
i 147 manta 4650
i 149 lesser_crit 2000
i 151 armlet 2500
i 152 invis_sword 3250
i 154 sange_and_yasha 4200
i 156 satanic 5050
i 158 mjollnir 5500
i 160 skadi 5900
i 162 sange 2100
i 164 helm_of_the_dominator 2550
i 166 maelstrom 2950
i 168 desolator 3500
i 170 yasha 2100
i 172 mask_of_madness 1900
i 174 diffusal_blade 2500
i 176 ethereal_blade 5200
i 178 soul_ring 805
i 180 arcane_boots 1500
i 185 ancient_janggo 1625
i 188 smoke_of_deceit 50
i 190 veil_of_discord 1700
i 201 dagon_2 4200
i 202 dagon_3 5350
i 203 dagon_4 6500
i 204 dagon_5 7650
i 206 rod_of_atos 2250
i 208 abyssal_blade 6250
i 210 heavens_halberd 3400
i 214 tranquil_boots 900
i 216 enchanted_mango 65
i 220 travel_boots_2 4500
i 223 meteor_hammer 2850
i 225 nullifier 4350
i 226 lotus_orb 3850
i 229 solar_crest 2575
i 231 guardian_greaves 4450
i 232 aether_lens 2275
i 235 octarine_core 4900
i 236 dragon_lance 1900
i 237 faerie_fire 65
i 240 blight_stone 300
i 242 crimson_guard 3725
i 244 wind_lace 225
i 247 moon_shard 4000
i 249 silver_edge 5700
i 250 bloodthorn 6400
i 252 echo_sabre 2700
i 254 glimmer_cape 2150
i 256 aeon_disk 3000
i 259 kaya 2100
i 261 crown 450
i 263 hurricane_pike 4450
i 267 spirit_vessel 2725
i 269 holy_locket 2250
i 273 kaya_and_sange 4200
i 277 yasha_and_kaya 4200
i 534 witch_blade 2775
i 569 orb_of_corrosion 1050
i 596 falcon_blade 1125
i 598 mage_slayer 3100
i 600 overwhelming_blink 6800
i 603 swift_blink 6800
i 604 arcane_blink 6800
i 609 aghanims_shard 1400
i 610 wind_waker 6800
i 635 helm_of_the_overlord 5650
i 911 revenants_brooch 3300
i 931 boots_of_bearing 4225
i 939 harpoon 4700
i 1097 disperser 6100
i 1107 phylactery 2600
i 1123 blood_grenade 50
i 1128 pavise 1350
i 1154 royale_with_cheese 2
i 1466 gungir 4650
i 1575 orb_of_frost 300
i 1802 tiara_of_selemene 1700
i 1806 devastator 5975
i 1808 angels_demise 5600
i 1852 essence_distiller 1775
i 1854 consecrated_wraps 2600
i 1856 crellas_crozier 4800
i 1858 hydras_breath 5900
u 1 600 603 604
u 6 151 164 242
u 11 145
u 12 92 178 1128
u 13 73 178
u 14 75
u 15 77
u 16 36
u 20 73 75 77 92
u 26 81 156 172
u 27 94 214
u 28 88 92 596
u 29 48 50 63 180 214
u 34 36
u 36 269
u 37 176 1856
u 48 220
u 79 231
u 88 81 180
u 92 267 1852
u 94 79 185
u 98 250
u 100 610
u 102 263
u 125 242
u 143 208
u 149 141 911
u 152 249
u 162 154 208 273
u 164 635
u 166 158
u 170 147 154 277
u 174 1097
u 180 231
u 185 931
u 190 121
u 206 1466
u 214 931
u 236 263 1858
u 240 168 569
u 244 100 185 214 229
u 252 939
u 259 223 273 277
u 261 104 164 223 269 1854
u 534 1806
u 1107 1808
u 1128 229
u 1575 160 569
u 1802 96 110 235
h 1 1 7844 517 93
s 1 1 2066 11,16,16,34,44,237
s 1 1 1111 11,16,20,34,44
c 1 1 36 577 60 538
c 1 1 63 999 63 518
c 1 1 145 1000 136 517
c 1 1 170 977 171 524
c 1 1 147 940 203 536
c 1 1 139 507 287 629
m 1 1 145 1000 136 517
m 1 1 147 940 203 536
m 1 1 139 507 287 629
m 1 1 108 134 290 571
m 1 1 160 465 296 648
m 1 1 123 59 315 610
m 1 1 116 241 348 514
m 1 1 208 368 353 663
m 1 1 1097 67 360 663
m 1 1 135 92 369 607
m 1 1 250 21 378 636
m 1 1 156 39 398 689
m 1 1 609 68 429 645
m 1 1 48 6 494 617
m 1 1 133 11 497 655
m 1 1 220 3 565 654
b 1 1 75 26
b 1 1 36 57
b 1 1 63 62
b 1 1 145 132
b 1 1 170 166
b 1 1 147 199
b 1 1 139 286
b 1 1 160 310
b 1 1 143 313
b 1 1 208 356
b 1 1 116 359
f 1 1 63 312
f 1 1 145 823
f 1 1 147 977
f 1 1 139 713
f 1 1 116 551
f 1 1 123 117
f 1 1 160 707
f 1 1 156 110
f 1 1 135 236
f 1 1 112 26
f 1 1 114 15
f 1 1 603 16
f 1 1 108 69
f 1 1 225 36
f 1 1 133 34
f 1 1 143 50
h 1 2 189 429 2
s 1 2 22 14,16,16,16,20,42,43,44
s 1 2 17 11,14,16,16,20,42,44
c 1 2 75 534 14 436
c 1 2 36 709 55 410
c 1 2 63 984 77 430
c 1 2 174 540 157 500
c 1 2 170 772 188 438
c 1 2 147 698 232 462
m 1 2 598 53 149 400
m 1 2 145 291 155 436
m 1 2 147 698 232 462
m 1 2 108 296 265 482
m 1 2 139 143 297 556
m 1 2 123 58 306 455
m 1 2 1097 90 319 824
m 1 2 160 116 322 636
m 1 2 116 175 328 485
m 1 2 208 153 344 517
m 1 2 135 53 345 500
m 1 2 225 21 370 750
m 1 2 250 21 385 250
m 1 2 609 37 391 286
b 1 2 75 11
b 1 2 36 33
b 1 2 63 68
b 1 2 174 140
b 1 2 170 178
b 1 2 147 226
b 1 2 108 290
b 1 2 116 378
b 1 2 1097 377
b 1 2 143 350
f 1 2 145 269
f 1 2 147 962
f 1 2 116 385
f 1 2 108 385
f 1 2 160 269
f 1 2 156 38
f 1 2 63 808
f 1 2 174 423
f 1 2 139 192
f 1 2 135 154
f 1 2 143 115
f 1 2 125 115
f 1 2 210 115
f 1 2 176 38
f 1 2 123 115
f 1 2 235 38
f 1 2 119 38
f 1 2 98 38
f 1 2 598 38
f 1 2 152 38
f 1 2 36 154
f 1 2 75 38
f 1 2 267 38
f 1 2 65 38
f 1 2 137 38
f 1 2 112 38
h 2 3 9464 491 94
s 2 3 1004 12,13,13,16,44
s 2 3 889 13,13,16,16,34
c 2 3 36 623 64 505
c 2 3 50 957 67 496
c 2 3 127 927 137 495
c 2 3 1 991 150 493
c 2 3 609 713 240 556
c 2 3 116 736 265 536
m 2 3 127 927 137 495
m 2 3 178 302 138 542
m 2 3 1 991 150 493
m 2 3 609 713 240 556
m 2 3 116 736 265 536
m 2 3 226 162 306 594
m 2 3 273 101 316 660
m 2 3 100 48 333 578
m 2 3 108 158 337 600
m 2 3 114 102 361 727
m 2 3 119 130 362 632
m 2 3 235 39 375 682
m 2 3 48 42 380 617
m 2 3 604 11 447 637
m 2 3 110 20 449 591
m 2 3 610 13 451 615
m 2 3 600 28 471 665
m 2 3 220 8 493 645
m 2 3 133 1 518 778
b 2 3 73 25
b 2 3 73 25
b 2 3 36 62
b 2 3 50 65
b 2 3 127 133
b 2 3 1 147
b 2 3 609 242
b 2 3 116 263
b 2 3 259 294
b 2 3 273 330
b 2 3 114 377
f 2 3 50 813
f 2 3 127 891
f 2 3 1 852
f 2 3 226 267
f 2 3 116 942
f 2 3 610 45
f 2 3 108 217
f 2 3 604 37
f 2 3 114 218
f 2 3 119 297
f 2 3 36 39
f 2 3 37 19
f 2 3 178 38
f 2 3 123 41
f 2 3 600 108
f 2 3 112 18
f 2 3 90 24
f 2 3 100 50
f 2 3 102 14
f 2 3 1854 47
f 2 3 73 32
f 2 3 1808 17
f 2 3 110 74
f 2 3 225 13
f 2 3 267 18
f 2 3 152 10
f 2 3 125 20
h 2 4 207 469 2
s 2 4 38 29,42,43,1123
s 2 4 9 16,20,34,42,43,44,1123
c 2 4 92 614 65 441
c 2 4 1 923 194 487
m 2 4 50 391 127 420
m 2 4 178 58 148 417
m 2 4 267 266 167 473
m 2 4 1852 130 174 444
m 2 4 1 923 194 487
m 2 4 127 440 238 473
m 2 4 609 473 248 602
m 2 4 254 63 291 615
m 2 4 259 39 292 1000
m 2 4 102 106 306 682
m 2 4 1854 29 312 333
m 2 4 100 97 312 650
m 2 4 931 39 322 625
m 2 4 116 232 336 667
m 2 4 226 63 337 538
m 2 4 37 48 341 600
m 2 4 48 29 355 667
m 2 4 90 39 360 375
m 2 4 119 63 373 846
m 2 4 610 10 480 1000
m 2 4 6 5 500 0
b 2 4 73 60
b 2 4 92 65
b 2 4 50 142
b 2 4 1 209
b 2 4 127 264
b 2 4 119 406
f 2 4 214 542
f 2 4 267 375
f 2 4 1 1000
f 2 4 127 458
f 2 4 116 375
f 2 4 119 208
f 2 4 102 292
f 2 4 254 83
f 2 4 610 83
f 2 4 90 125
f 2 4 226 125
f 2 4 1852 125
f 2 4 114 42
f 2 4 37 125
f 2 4 1854 83
f 2 4 100 125
f 2 4 125 42
f 2 4 36 83
f 2 4 931 83
f 2 4 152 42
f 2 4 178 42
h 3 5 3703 480 76
s 3 5 580 16,16,34,43,44,237,1123
s 3 5 253 16,16,34,43,44,1123
c 3 5 36 698 75 497
c 3 5 180 618 115 503
m 3 5 214 85 154 492
m 3 5 232 459 234 568
m 3 5 254 176 265 479
m 3 5 102 69 268 508
m 3 5 1 436 293 613
m 3 5 37 106 302 499
m 3 5 609 123 315 509
m 3 5 108 454 319 618
m 3 5 152 4 462 812
m 3 5 256 18 478 636
m 3 5 48 13 481 729
m 3 5 110 5 488 650
b 3 5 73 85
b 3 5 36 75
b 3 5 180 117
b 3 5 108 327
b 3 5 232 250
b 3 5 609 318
b 3 5 100 281
f 3 5 180 605
f 3 5 232 620
f 3 5 254 283
f 3 5 37 176
f 3 5 36 285
f 3 5 1 745
f 3 5 108 830
f 3 5 256 82
f 3 5 244 113
f 3 5 102 98
f 3 5 1802 12
f 3 5 100 28
f 3 5 226 28
f 3 5 110 27
f 3 5 116 13
f 3 5 77 12
f 3 5 152 19
h 3 4 865 494 20
s 3 4 140 16,16,34,43,44,237,1123
s 3 4 55 29,42,43,1123
c 3 4 36 642 68 506
c 3 4 180 661 109 484
c 3 4 1 504 278 612
m 3 4 1852 54 162 553
m 3 4 232 447 227 558
m 3 4 254 169 271 507
m 3 4 1 504 278 612
m 3 4 102 88 286 566
m 3 4 609 158 290 504
m 3 4 37 92 301 550
m 3 4 108 492 313 589
m 3 4 147 2 420 500
m 3 4 256 22 421 842
m 3 4 110 7 473 667
m 3 4 48 13 487 818
m 3 4 235 5 492 750
m 3 4 220 2 535 1000
b 3 4 36 68
b 3 4 180 109
b 3 4 254 282
b 3 4 1 284
b 3 4 108 324
b 3 4 609 328
f 3 4 180 660
f 3 4 1 767
f 3 4 37 145
f 3 4 232 648
f 3 4 226 44
f 3 4 256 75
f 3 4 254 352
f 3 4 36 252
f 3 4 108 830
f 3 4 102 126
f 3 4 229 13
f 3 4 100 57
f 3 4 244 119
f 3 4 73 13
f 3 4 116 19
f 3 4 77 25
f 3 4 110 31
f 3 4 1802 19
f 3 4 65 13
h 4 1 631 499 73
s 4 1 149 11,16,20,34,44
s 4 1 145 11,16,16,34,44,237
c 4 1 36 799 39 502
c 4 1 50 864 60 499
c 4 1 166 1000 129 499
c 4 1 158 910 183 545
c 4 1 116 840 239 526
c 4 1 609 661 275 590
m 4 1 166 1000 129 499
m 4 1 158 910 183 545
m 4 1 116 840 239 526
m 4 1 154 197 253 645
m 4 1 147 160 259 574
m 4 1 609 661 275 590
m 4 1 108 144 325 604
m 4 1 1 189 326 655
m 4 1 123 73 341 630
m 4 1 139 220 343 640
m 4 1 135 98 362 581
m 4 1 1097 48 378 767
m 4 1 156 49 388 710
m 4 1 208 242 392 673
m 4 1 225 35 393 591
m 4 1 160 67 394 762
m 4 1 603 78 427 673
m 4 1 133 13 498 500
m 4 1 48 11 510 714
m 4 1 220 5 560 333
m 4 1 247 2 670 0
b 4 1 75 32
b 4 1 36 39
b 4 1 50 58
b 4 1 166 128
b 4 1 158 181
b 4 1 116 237
b 4 1 609 278
b 4 1 143 308
b 4 1 139 348
b 4 1 208 399
b 4 1 1 329
b 4 1 603 432
b 4 1 160 399
f 4 1 50 600
f 4 1 158 986
f 4 1 116 931
f 4 1 123 138
f 4 1 110 21
f 4 1 135 214
f 4 1 603 214
f 4 1 143 159
f 4 1 156 110
f 4 1 108 166
f 4 1 1 152
f 4 1 139 407
f 4 1 77 14
f 4 1 225 110
f 4 1 36 21
f 4 1 127 21
f 4 1 170 14
f 4 1 160 152
f 4 1 133 21
f 4 1 141 14
f 4 1 137 14
f 4 1 250 14
f 4 1 75 14
f 4 1 152 14
h 5 5 6393 508 81
s 5 5 781 16,34,43,44,216,1123
s 5 5 417 34,43,44,216,237,1123
c 5 5 36 716 74 509
c 5 5 214 928 83 510
c 5 5 609 923 180 506
c 5 5 1 697 241 567
m 5 5 609 923 180 506
m 5 5 1128 48 194 583
m 5 5 185 89 240 588
m 5 5 1 697 241 567
m 5 5 254 326 244 500
m 5 5 229 51 245 606
m 5 5 102 173 257 508
m 5 5 100 48 284 604
m 5 5 116 383 328 604
m 5 5 226 29 352 645
m 5 5 108 235 360 670
m 5 5 259 18 371 667
m 5 5 931 52 373 672
m 5 5 256 27 397 576
m 5 5 119 15 428 702
m 5 5 48 10 445 652
m 5 5 96 8 455 585
m 5 5 1856 3 494 529
m 5 5 220 1 644 286
m 5 5 600 1 652 500
m 5 5 1154 0 730 500
b 5 5 77 60
b 5 5 36 72
b 5 5 214 83
b 5 5 609 174
b 5 5 1 245
b 5 5 116 330
b 5 5 108 363
b 5 5 185 264
b 5 5 931 403
f 5 5 1 839
f 5 5 254 403
f 5 5 108 489
f 5 5 116 693
f 5 5 214 747
f 5 5 37 187
f 5 5 931 144
f 5 5 102 247
f 5 5 256 79
f 5 5 226 63
f 5 5 36 181
f 5 5 100 55
f 5 5 123 40
f 5 5 244 38
f 5 5 178 10
f 5 5 96 29
f 5 5 185 29
f 5 5 77 44
f 5 5 229 56
f 5 5 73 11
f 5 5 119 53
f 5 5 610 15
f 5 5 152 14
f 5 5 232 48
f 5 5 259 22
f 5 5 90 10
h 5 2 155 490 2
s 5 2 59 16,16,16,42,44,216,237
s 5 2 22 16,16,16,16,42,44,237
c 5 2 41 735 14 500
c 5 2 77 677 36 495
c 5 2 36 806 57 496
c 5 2 1 955 148 514
c 5 2 609 968 154 507
c 5 2 116 813 238 524
c 5 2 108 677 274 590
m 5 2 1 955 148 514
m 5 2 609 968 154 507
m 5 2 116 813 238 524
m 5 2 108 677 274 590
m 5 2 48 90 322 571
m 5 2 235 148 351 478
m 5 2 119 368 352 614
m 5 2 96 65 391 300
m 5 2 931 32 400 600
m 5 2 256 26 402 750
m 5 2 1856 45 423 857
m 5 2 273 52 432 625
m 5 2 600 13 435 1000
m 5 2 1097 65 483 300
m 5 2 100 6 510 1000
m 5 2 225 6 510 0
m 5 2 604 6 510 1000
m 5 2 610 6 550 1000
m 5 2 1154 6 630 1000
b 5 2 41 14
b 5 2 77 45
b 5 2 36 56
b 5 2 63 79
b 5 2 1 155
b 5 2 609 156
b 5 2 116 237
b 5 2 108 288
b 5 2 119 348
b 5 2 273 464
f 5 2 223 28
f 5 2 1 944
f 5 2 116 1000
f 5 2 108 833
f 5 2 931 111
f 5 2 235 250
f 5 2 63 417
f 5 2 119 694
f 5 2 96 194
f 5 2 256 56
f 5 2 600 28
f 5 2 273 139
f 5 2 123 56
f 5 2 1856 139
f 5 2 77 28
f 5 2 277 28
f 5 2 152 28
f 5 2 610 28
f 5 2 41 28
f 5 2 110 56
f 5 2 174 56
f 5 2 244 28
f 5 2 225 28
f 5 2 254 28
f 5 2 232 28
f 5 2 604 28
h 5 4 1138 500 15
s 5 4 118 16,34,43,44,216,1123
s 5 4 116 34,42,43,44,216,237,1123
c 5 4 36 661 71 491
c 5 4 214 934 79 500
c 5 4 609 933 170 506
c 5 4 1 797 220 556
m 5 4 609 933 170 506
m 5 4 1 797 220 556
m 5 4 254 242 236 491
m 5 4 185 86 247 622
m 5 4 102 116 252 515
m 5 4 100 47 284 642
m 5 4 116 471 324 578
m 5 4 259 30 327 676
m 5 4 108 352 347 656
m 5 4 931 54 384 710
m 5 4 256 17 405 737
m 5 4 119 22 409 680
m 5 4 96 16 416 556
m 5 4 48 13 479 733
m 5 4 110 7 542 375
m 5 4 604 3 580 667
m 5 4 1097 2 600 500
m 5 4 176 1 640 1000
m 5 4 220 1 690 1000
b 5 4 77 64
b 5 4 214 77
b 5 4 36 69
b 5 4 609 166
b 5 4 1 225
b 5 4 108 352
b 5 4 116 321
b 5 4 190 387
f 5 4 214 720
f 5 4 1 893
f 5 4 116 852
f 5 4 108 675
f 5 4 37 193
f 5 4 254 251
f 5 4 102 173
f 5 4 232 37
f 5 4 36 115
f 5 4 610 21
f 5 4 152 21
f 5 4 931 152
f 5 4 65 16
f 5 4 100 45
f 5 4 256 53
f 5 4 96 58
f 5 4 119 70
f 5 4 178 16
f 5 4 110 29
f 5 4 1852 25
f 5 4 77 78
f 5 4 226 33
f 5 4 244 41
f 5 4 123 37
f 5 4 604 12
f 5 4 259 25
f 5 4 185 41
f 5 4 229 12
f 5 4 600 12
f 5 4 121 12
h 6 1 3561 425 94
s 6 1 689 16,36,237
s 6 1 670 36,237,237
c 6 1 36 840 4 426
c 6 1 63 998 63 425
c 6 1 596 773 64 434
c 6 1 170 864 142 448
c 6 1 236 928 161 444
c 6 1 147 691 219 488
c 6 1 263 767 236 475
m 6 1 147 691 219 488
m 6 1 102 96 225 312
m 6 1 108 315 231 423
m 6 1 263 767 236 475
m 6 1 123 91 317 586
m 6 1 139 371 319 612
m 6 1 249 202 328 552
m 6 1 609 439 339 569
m 6 1 116 293 341 472
m 6 1 26 48 371 618
m 6 1 1 66 385 542
m 6 1 141 202 392 552
m 6 1 156 65 439 688
m 6 1 603 38 480 566
m 6 1 48 8 508 633
m 6 1 133 8 524 600
m 6 1 247 1 604 600
m 6 1 220 2 605 250
b 6 1 63 63
b 6 1 596 64
b 6 1 170 141
b 6 1 147 221
b 6 1 236 162
b 6 1 263 238
b 6 1 152 296
b 6 1 249 336
b 6 1 609 343
b 6 1 149 360
b 6 1 141 395
b 6 1 139 328
b 6 1 603 481
f 6 1 63 632
f 6 1 139 619
f 6 1 116 600
f 6 1 123 170
f 6 1 160 17
f 6 1 65 11
f 6 1 236 19
f 6 1 170 29
f 6 1 156 199
f 6 1 1 66
f 6 1 135 14
f 6 1 108 192
f 6 1 596 75
f 6 1 603 152
f 6 1 36 24
f 6 1 133 23
f 6 1 26 18
f 6 1 152 54
f 6 1 149 92
h 7 2 4783 491 44
s 7 2 2171 16,16,16,16,42,44,237
s 7 2 1684 16,16,16,16,16,42,44
c 7 2 41 991 16 491
c 7 2 36 857 57 504
c 7 2 63 713 94 510
c 7 2 1 994 113 493
c 7 2 259 527 201 500
c 7 2 609 884 211 511
c 7 2 108 554 220 555
c 7 2 116 591 291 548
m 7 2 609 884 211 511
m 7 2 108 554 220 555
m 7 2 277 438 265 557
m 7 2 48 153 268 599
m 7 2 116 591 291 548
m 7 2 100 51 329 583
m 7 2 235 370 339 671
m 7 2 123 38 347 672
m 7 2 119 54 374 645
m 7 2 152 14 381 523
m 7 2 110 231 391 600
m 7 2 256 18 396 591
m 7 2 610 22 454 738
m 7 2 600 40 484 738
m 7 2 220 25 495 667
m 7 2 604 7 497 625
m 7 2 133 3 526 688
m 7 2 247 1 750 333
b 7 2 41 15
b 7 2 36 58
b 7 2 63 91
b 7 2 1 110
b 7 2 108 233
b 7 2 609 227
b 7 2 116 299
b 7 2 259 271
b 7 2 277 318
b 7 2 110 414
b 7 2 235 366
f 7 2 63 503
f 7 2 116 865
f 7 2 110 625
f 7 2 152 26
f 7 2 600 164
f 7 2 1 802
f 7 2 119 126
f 7 2 123 71
f 7 2 108 393
f 7 2 37 26
f 7 2 259 30
f 7 2 1802 11
f 7 2 256 54
f 7 2 604 30
f 7 2 610 79
f 7 2 41 84
f 7 2 36 32
f 7 2 178 32
f 7 2 100 47
h 7 3 2489 503 22
s 7 3 316 13,13,16,16,34
s 7 3 234 11,13,16,16,20,44
c 7 3 36 765 49 515
c 7 3 178 660 61 507
c 7 3 1 994 124 505
c 7 3 259 676 198 518
c 7 3 609 905 206 515
c 7 3 277 538 265 559
m 7 3 1 994 124 505
m 7 3 609 905 206 515
m 7 3 108 342 243 570
m 7 3 277 538 265 559
m 7 3 48 145 276 633
m 7 3 100 112 294 637
m 7 3 116 488 305 547
m 7 3 37 38 320 500
m 7 3 235 301 348 637
m 7 3 123 33 368 651
m 7 3 110 255 374 579
m 7 3 119 48 381 675
m 7 3 152 26 392 523
m 7 3 256 15 402 514
m 7 3 610 24 460 767
m 7 3 604 8 481 476
m 7 3 600 33 483 723
m 7 3 220 19 502 646
m 7 3 133 4 553 556
b 7 3 73 25
b 7 3 36 53
b 7 3 178 59
b 7 3 63 96
b 7 3 1 123
b 7 3 609 197
b 7 3 259 197
b 7 3 277 261
b 7 3 116 316
b 7 3 235 350
b 7 3 123 352
b 7 3 604 491
b 7 3 110 383
b 7 3 48 273
f 7 3 73 37
f 7 3 1 848
f 7 3 102 26
f 7 3 108 359
f 7 3 110 599
f 7 3 100 84
f 7 3 116 756
f 7 3 63 361
f 7 3 37 33
f 7 3 256 37
f 7 3 119 115
f 7 3 259 33
f 7 3 226 22
f 7 3 114 13
f 7 3 600 119
f 7 3 178 97
f 7 3 123 86
f 7 3 152 55
f 7 3 1802 18
f 7 3 77 15
f 7 3 610 86
f 7 3 96 15
f 7 3 36 64
f 7 3 604 31
h 7 4 3022 513 29
s 7 4 1226 29,42,43,1123
s 7 4 426 29,42,44
c 7 4 180 768 109 523
c 7 4 1 986 161 518
c 7 4 609 873 215 524
c 7 4 259 513 268 570
m 7 4 1 986 161 518
m 7 4 609 873 215 524
m 7 4 102 167 286 573
m 7 4 100 295 289 626
m 7 4 254 55 303 518
m 7 4 37 103 317 532
m 7 4 277 314 323 634
m 7 4 235 83 382 696
m 7 4 152 33 386 606
m 7 4 116 69 390 596
m 7 4 110 165 398 610
m 7 4 256 19 409 679
m 7 4 48 33 421 653
m 7 4 610 31 446 684
m 7 4 98 1 500 0
m 7 4 600 2 547 833
m 7 4 220 5 559 571
m 7 4 133 2 580 500
m 7 4 604 1 630 750
b 7 4 36 114
b 7 4 180 106
b 7 4 1 159
b 7 4 609 211
b 7 4 259 273
b 7 4 277 325
b 7 4 110 396
b 7 4 116 404
f 7 4 180 689
f 7 4 1 983
f 7 4 254 88
f 7 4 102 232
f 7 4 259 121
f 7 4 108 35
f 7 4 37 151
f 7 4 226 50
f 7 4 123 24
f 7 4 100 320
f 7 4 96 17
f 7 4 36 76
f 7 4 244 36
f 7 4 232 33
f 7 4 256 50
f 7 4 110 478
f 7 4 152 87
f 7 4 116 197
f 7 4 610 118
f 7 4 178 21
f 7 4 119 14
f 7 4 1802 22
h 7 5 339 445 3
s 7 5 65 29,43,1123
s 7 5 45 29,44
c 7 5 180 773 111 477
c 7 5 1 959 167 462
c 7 5 609 861 216 466
c 7 5 259 513 270 517
m 7 5 244 440 123 477
m 7 5 1 959 167 462
m 7 5 609 861 216 466
m 7 5 100 260 289 568
m 7 5 102 180 291 557
m 7 5 277 263 320 640
m 7 5 254 83 326 571
m 7 5 152 21 340 571
m 7 5 235 103 372 543
m 7 5 110 177 388 617
m 7 5 116 80 396 704
m 7 5 231 18 408 500
m 7 5 48 29 416 700
m 7 5 610 44 428 733
m 7 5 176 9 453 667
m 7 5 141 3 560 1000
m 7 5 133 3 560 1000
m 7 5 600 3 580 1000
b 7 5 36 86
b 7 5 180 104
b 7 5 1 163
b 7 5 609 215
b 7 5 259 272
b 7 5 277 328
b 7 5 110 395
b 7 5 235 381
f 7 5 180 671
f 7 5 1 986
f 7 5 102 288
f 7 5 232 27
f 7 5 110 507
f 7 5 259 178
f 7 5 108 14
f 7 5 116 219
f 7 5 178 14
f 7 5 37 137
f 7 5 610 164
f 7 5 100 205
f 7 5 1802 27
f 7 5 254 151
f 7 5 141 14
f 7 5 600 14
f 7 5 244 55
f 7 5 185 14
f 7 5 226 27
f 7 5 931 14
f 7 5 119 14
f 7 5 152 68
f 7 5 36 110
f 7 5 256 14
f 7 5 77 27
f 7 5 267 14
f 7 5 133 14
h 8 1 10905 517 97
s 8 1 4068 11,16,16,34,44,237
s 8 1 1373 11,16,20,34,44
c 8 1 36 742 49 529
c 8 1 63 897 56 516
c 8 1 145 1000 134 517
c 8 1 170 969 169 526
c 8 1 147 834 207 539
c 8 1 139 608 268 614
c 8 1 1 591 279 604
m 8 1 145 1000 134 517
m 8 1 147 834 207 539
m 8 1 154 61 222 611
m 8 1 139 608 268 614
m 8 1 1 591 279 604
m 8 1 108 389 311 636
m 8 1 135 198 320 561
m 8 1 160 172 323 671
m 8 1 1097 60 325 624
m 8 1 123 31 341 577
m 8 1 225 87 364 564
m 8 1 603 265 376 712
m 8 1 208 76 401 690
m 8 1 609 40 417 696
m 8 1 116 20 421 595
m 8 1 48 7 436 613
m 8 1 247 3 447 722
m 8 1 133 16 485 642
m 8 1 110 2 535 500
m 8 1 220 2 538 692
m 8 1 1154 0 620 1000
b 8 1 75 29
b 8 1 36 49
b 8 1 63 55
b 8 1 145 131
b 8 1 170 165
b 8 1 147 204
b 8 1 139 268
b 8 1 1 288
b 8 1 108 318
b 8 1 603 378
b 8 1 143 360
b 8 1 208 407
f 8 1 63 369
f 8 1 145 911
f 8 1 225 244
f 8 1 1 182
f 8 1 139 768
f 8 1 135 383
f 8 1 603 717
f 8 1 143 85
f 8 1 116 61
f 8 1 160 305
f 8 1 108 197
f 8 1 123 72
f 8 1 133 52
h 9 4 8959 503 55
s 9 4 1510 16,16,20,42,43,44,237,1123
s 9 4 1174 16,20,34,42,43,44,1123
c 9 4 92 781 68 507
c 9 4 36 709 74 510
c 9 4 1852 548 134 510
c 9 4 100 636 226 545
c 9 4 108 611 290 603
m 9 4 180 385 132 531
m 9 4 1852 548 134 510
m 9 4 214 73 146 564
m 9 4 244 657 146 509
m 9 4 267 155 172 554
m 9 4 206 50 211 520
m 9 4 100 636 226 545
m 9 4 79 69 247 635
m 9 4 102 52 284 539
m 9 4 108 611 290 603
m 9 4 231 72 296 665
m 9 4 1 93 336 633
m 9 4 226 58 356 630
m 9 4 609 122 359 669
m 9 4 277 48 388 677
m 9 4 176 18 409 704
m 9 4 256 29 416 646
m 9 4 235 42 419 703
m 9 4 48 35 424 700
m 9 4 123 14 424 698
m 9 4 96 41 434 621
m 9 4 610 53 435 722
b 9 4 36 79
b 9 4 92 67
b 9 4 1852 133
b 9 4 100 234
b 9 4 108 306
b 9 4 259 365
b 9 4 277 401
b 9 4 610 441
f 9 4 29 375
f 9 4 100 563
f 9 4 108 851
f 9 4 244 18
f 9 4 92 26
f 9 4 223 11
f 9 4 226 136
f 9 4 610 207
f 9 4 267 170
f 9 4 123 45
f 9 4 1 183
f 9 4 96 145
f 9 4 256 94
f 9 4 36 189
f 9 4 116 22
f 9 4 259 54
f 9 4 229 13
f 9 4 102 69
f 9 4 133 10
f 9 4 37 122
f 9 4 206 41
f 9 4 90 39
f 9 4 254 20
f 9 4 931 12
h 9 2 156 590 2
s 9 2 79 16,16,16,42,44,237
s 9 2 19 16,16,16,20,42,44,237
c 9 2 41 942 15 578
c 9 2 36 821 45 609
c 9 2 63 628 78 582
c 9 2 108 994 164 587
c 9 2 259 840 222 565
c 9 2 277 904 265 582
c 9 2 1 603 269 660
c 9 2 609 654 308 618
m 9 2 244 179 153 714
m 9 2 108 994 164 587
m 9 2 100 205 227 875
m 9 2 277 904 265 582
m 9 2 1 603 269 660
m 9 2 609 654 308 618
m 9 2 48 192 341 700
m 9 2 116 122 342 632
m 9 2 256 32 364 600
m 9 2 176 378 366 610
m 9 2 235 410 368 578
m 9 2 104 83 375 538
m 9 2 123 173 378 630
m 9 2 202 58 407 667
m 9 2 201 109 410 588
m 9 2 220 45 424 714
m 9 2 96 58 441 667
m 9 2 610 32 444 800
m 9 2 203 58 448 556
m 9 2 204 58 466 444
m 9 2 110 26 498 750
m 9 2 604 6 550 1000
m 9 2 603 6 650 1000
b 9 2 41 16
b 9 2 75 34
b 9 2 36 56
b 9 2 63 80
b 9 2 108 174
b 9 2 259 218
b 9 2 277 264
b 9 2 1 281
b 9 2 176 378
b 9 2 609 359
b 9 2 235 420
b 9 2 203 470
b 9 2 204 500
f 9 2 1 556
f 9 2 256 63
f 9 2 119 16
f 9 2 116 143
f 9 2 63 365
f 9 2 108 667
f 9 2 123 302
f 9 2 235 619
f 9 2 41 95
f 9 2 133 32
f 9 2 110 48
f 9 2 100 190
f 9 2 90 16
f 9 2 201 32
f 9 2 204 127
f 9 2 600 16
f 9 2 37 63
f 9 2 259 16
f 9 2 36 16
f 9 2 610 63
f 9 2 225 16
f 9 2 267 16
f 9 2 96 127
f 9 2 603 16
f 9 2 65 16
f 9 2 203 16
f 9 2 141 16
f 9 2 202 16
f 9 2 604 16
f 9 2 147 16
f 9 2 75 16
f 9 2 98 16
f 9 2 158 16
f 9 2 135 16
f 9 2 152 16
f 9 2 174 16
f 9 2 236 16
h 9 5 6790 488 40
s 9 5 809 16,16,20,43,44,237,1123
s 9 5 631 16,20,34,43,44,1123
c 9 5 92 701 72 493
c 9 5 36 765 73 500
c 9 5 1852 505 138 504
c 9 5 100 604 227 524
c 9 5 108 548 297 592
m 9 5 180 449 133 517
m 9 5 1852 505 138 504
m 9 5 244 628 148 488
m 9 5 214 66 161 545
m 9 5 267 118 169 506
m 9 5 100 604 227 524
m 9 5 79 92 238 616
m 9 5 102 82 274 551
m 9 5 231 94 291 660
m 9 5 108 548 297 592
m 9 5 1 71 340 701
m 9 5 226 60 351 630
m 9 5 609 101 367 645
m 9 5 277 33 378 678
m 9 5 176 11 414 630
m 9 5 256 29 419 665
m 9 5 123 15 422 677
m 9 5 235 38 422 670
m 9 5 48 24 424 704
m 9 5 610 56 431 693
m 9 5 96 35 431 660
m 9 5 220 3 526 833
m 9 5 133 2 553 467
m 9 5 110 1 647 500
m 9 5 247 0 655 500
b 9 5 36 77
b 9 5 92 70
b 9 5 1852 134
b 9 5 100 237
b 9 5 108 313
b 9 5 609 380
b 9 5 610 454
b 9 5 96 461
f 9 5 267 126
f 9 5 108 827
f 9 5 100 540
f 9 5 92 26
f 9 5 226 137
f 9 5 180 327
f 9 5 36 202
f 9 5 610 210
f 9 5 1 150
f 9 5 102 121
f 9 5 96 138
f 9 5 123 48
f 9 5 206 38
f 9 5 37 113
f 9 5 256 100
f 9 5 116 14
f 9 5 90 32
f 9 5 259 44
f 9 5 185 11
f 9 5 229 24
f 9 5 254 30
f 9 5 73 12
f 9 5 931 11
h 10 1 4281 485 96
s 10 1 1193 16,16,36
s 10 1 613 16,36,237
c 10 1 36 902 12 488
c 10 1 63 999 58 486
c 10 1 26 825 93 487
c 10 1 81 767 113 499
c 10 1 170 966 155 494
c 10 1 147 917 195 510
c 10 1 139 518 278 622
m 10 1 244 124 122 493
m 10 1 147 917 195 510
m 10 1 123 145 259 562
m 10 1 139 518 278 622
m 10 1 263 61 286 620
m 10 1 1858 300 304 649
m 10 1 160 210 316 700
m 10 1 609 222 325 615
m 10 1 116 299 325 505
m 10 1 1097 31 325 561
m 10 1 249 36 325 490
m 10 1 135 69 362 566
m 10 1 1 55 364 645
m 10 1 141 139 368 621
m 10 1 156 135 395 698
m 10 1 603 45 426 682
m 10 1 96 3 468 385
m 10 1 48 8 484 667
m 10 1 133 10 492 535
m 10 1 220 4 556 471
m 10 1 133 0 718 500
b 10 1 75 38
b 10 1 36 10
b 10 1 63 56
b 10 1 26 86
b 10 1 81 111
b 10 1 170 150
b 10 1 147 189
b 10 1 139 276
b 10 1 236 250
b 10 1 1858 318
b 10 1 116 329
b 10 1 156 412
b 10 1 141 366
b 10 1 609 334
b 10 1 48 512
f 10 1 139 728
f 10 1 156 516
f 10 1 116 630
f 10 1 81 287
f 10 1 160 396
f 10 1 135 207
f 10 1 123 222
f 10 1 63 376
f 10 1 603 203
f 10 1 96 17
f 10 1 1 45
f 10 1 133 40
f 10 1 149 25
f 10 1 225 12
f 10 1 236 22
f 10 1 26 22
h 11 2 2448 380 54
s 11 2 1480 16,16,42,44,216,237
s 11 2 282 16,16,16,42,44,237
c 11 2 41 996 15 381
c 11 2 36 634 53 389
c 11 2 63 596 70 382
c 11 2 170 641 116 397
c 11 2 277 888 160 393
c 11 2 1 897 172 395
c 11 2 116 679 264 418
c 11 2 108 525 292 519
m 11 2 100 120 151 364
m 11 2 277 888 160 393
m 11 2 1 897 172 395
m 11 2 48 280 220 480
m 11 2 116 679 264 418
m 11 2 263 58 272 462
m 11 2 108 525 292 519
m 11 2 123 48 312 500
m 11 2 249 61 322 533
m 11 2 119 94 324 604
m 11 2 1802 84 348 498
m 11 2 141 51 366 552
m 11 2 208 63 369 591
m 11 2 609 68 369 527
m 11 2 96 129 372 536
m 11 2 156 14 393 676
m 11 2 110 139 401 562
m 11 2 220 33 449 593
m 11 2 600 19 450 739
m 11 2 603 22 454 519
m 11 2 604 8 493 737
m 11 2 133 7 550 278
m 11 2 1154 1 565 1000
b 11 2 41 14
b 11 2 36 53
b 11 2 63 66
b 11 2 170 115
b 11 2 277 151
b 11 2 1 175
b 11 2 116 256
b 11 2 108 297
b 11 2 96 376
b 11 2 110 403
b 11 2 604 500
f 11 2 1 770
f 11 2 123 101
f 11 2 116 878
f 11 2 110 398
f 11 2 96 362
f 11 2 119 168
f 11 2 108 379
f 11 2 63 321
f 11 2 600 64
f 11 2 610 19
f 11 2 156 50
f 11 2 135 31
f 11 2 160 10
f 11 2 604 39
f 11 2 100 56
f 11 2 603 91
f 11 2 37 14
f 11 2 256 14
f 11 2 152 31
f 11 2 133 25
f 11 2 149 17
f 11 2 168 10
f 11 2 139 21
f 11 2 41 37
h 11 1 2195 382 42
s 11 1 756 36,237,237
s 11 1 452 16,36,237
c 11 1 36 921 -4 384
c 11 1 63 991 64 384
c 11 1 596 791 64 387
c 11 1 26 692 109 410
c 11 1 172 746 111 399
c 11 1 170 618 145 388
c 11 1 236 787 173 413
c 11 1 263 508 247 448
m 11 1 277 106 157 345
m 11 1 147 478 192 417
m 11 1 102 46 229 317
m 11 1 263 508 247 448
m 11 1 1 144 258 375
m 11 1 249 347 271 441
m 11 1 116 447 288 383
m 11 1 1858 87 290 474
m 11 1 139 160 316 588
m 11 1 141 323 330 511
m 11 1 135 156 333 469
m 11 1 48 10 386 478
m 11 1 156 174 387 558
m 11 1 603 48 430 619
m 11 1 247 2 435 750
m 11 1 110 6 436 286
m 11 1 133 13 448 571
m 11 1 220 3 479 143
b 11 1 63 62
b 11 1 596 66
b 11 1 26 99
b 11 1 172 113
b 11 1 170 158
b 11 1 147 196
b 11 1 236 189
b 11 1 263 256
b 11 1 149 302
b 11 1 141 335
b 11 1 116 315
b 11 1 156 392
b 11 1 139 316
f 11 1 63 480
f 11 1 116 725
f 11 1 156 561
f 11 1 123 52
f 11 1 160 33
f 11 1 139 297
f 11 1 133 41
f 11 1 1 131
f 11 1 110 19
f 11 1 152 19
f 11 1 135 335
f 11 1 603 221
f 11 1 170 14
f 11 1 149 49
f 11 1 96 11
f 11 1 236 30
f 11 1 108 22
f 11 1 596 19
f 11 1 26 11
h 12 1 12566 526 97
s 12 1 2934 11,16,16,34,44,237
s 12 1 2056 11,16,20,34,44
c 12 1 36 800 37 535
c 12 1 63 1000 57 526
c 12 1 170 996 109 526
c 12 1 147 946 163 538
c 12 1 108 928 208 553
c 12 1 98 567 294 624
c 12 1 160 585 297 668
c 12 1 609 510 315 599
m 12 1 147 946 163 538
m 12 1 108 928 208 553
m 12 1 160 585 297 668
m 12 1 609 510 315 599
m 12 1 250 462 333 680
m 12 1 139 131 360 710
m 12 1 114 325 364 732
m 12 1 1 9 423 658
m 12 1 225 29 426 657
m 12 1 1097 46 426 702
m 12 1 96 23 457 648
m 12 1 208 47 461 696
m 12 1 116 7 485 621
m 12 1 133 8 493 719
m 12 1 48 6 495 622
m 12 1 247 1 496 647
m 12 1 603 7 499 692
m 12 1 220 6 549 606
b 12 1 75 27
b 12 1 36 37
b 12 1 63 56
b 12 1 170 107
b 12 1 147 161
b 12 1 108 206
b 12 1 160 308
b 12 1 609 326
b 12 1 98 310
b 12 1 250 347
b 12 1 114 390
b 12 1 139 420
b 12 1 220 559
f 12 1 160 889
f 12 1 63 571
f 12 1 108 496
f 12 1 114 757
f 12 1 139 307
f 12 1 143 44
f 12 1 174 15
f 12 1 225 110
f 12 1 36 25
f 12 1 116 23
f 12 1 96 92
f 12 1 603 32
f 12 1 98 29
f 12 1 133 24
f 12 1 235 10
f 12 1 1808 11
h 13 2 4783 506 94
s 13 2 4007 16,16,16,16,42,44,237
s 13 2 248 16,16,16,16,16,42,44
c 13 2 41 996 16 507
c 13 2 36 930 46 514
c 13 2 63 977 80 508
c 13 2 534 986 136 510
c 13 2 1 949 183 528
c 13 2 609 825 225 561
c 13 2 1806 645 279 623
m 13 2 1 949 183 528
m 13 2 244 172 193 430
m 13 2 609 825 225 561
m 13 2 100 285 236 484
m 13 2 1806 645 279 623
m 13 2 123 249 310 620
m 13 2 166 60 311 497
m 13 2 235 402 327 673
m 13 2 256 137 332 577
m 13 2 116 48 334 572
m 13 2 108 102 354 604
m 13 2 158 43 373 578
m 13 2 119 73 380 748
m 13 2 225 23 392 615
m 13 2 600 74 437 733
m 13 2 141 11 456 667
m 13 2 610 12 484 724
m 13 2 133 7 493 657
m 13 2 603 2 535 300
m 13 2 110 2 536 375
m 13 2 133 1 702 250
b 13 2 41 16
b 13 2 36 45
b 13 2 63 78
b 13 2 534 133
b 13 2 1 177
b 13 2 609 223
b 13 2 1806 279
b 13 2 235 332
b 13 2 123 315
b 13 2 119 385
b 13 2 600 437
f 13 2 256 301
f 13 2 119 198
f 13 2 600 300
f 13 2 116 106
f 13 2 63 633
f 13 2 1 646
f 13 2 158 125
f 13 2 160 13
f 13 2 225 72
f 13 2 123 487
f 13 2 204 34
f 13 2 108 164
f 13 2 534 73
f 13 2 604 41
f 13 2 263 13
f 13 2 100 301
f 13 2 41 89
f 13 2 36 59
f 13 2 610 56
f 13 2 168 12
f 13 2 135 19
f 13 2 133 33
f 13 2 96 13
f 13 2 77 17
f 13 2 603 12
f 13 2 166 23
h 14 4 9804 493 41
s 14 4 2182 29,42,43,1123
s 14 4 592 29,42,188,1123
c 14 4 214 862 57 494
c 14 4 1 823 190 534
m 14 4 1852 63 161 527
m 14 4 1 823 190 534
m 14 4 267 57 193 540
m 14 4 232 324 233 543
m 14 4 254 196 251 521
m 14 4 102 135 273 530
m 14 4 100 190 275 581
m 14 4 609 123 296 570
m 14 4 90 36 308 657
m 14 4 108 144 316 593
m 14 4 226 102 328 602
m 14 4 116 168 346 567
m 14 4 119 30 392 668
m 14 4 1856 14 412 577
m 14 4 610 18 423 697
m 14 4 114 9 433 709
m 14 4 48 10 459 691
m 14 4 600 3 510 667
m 14 4 220 1 551 636
b 14 4 36 81
b 14 4 214 56
b 14 4 1 189
b 14 4 609 303
b 14 4 232 238
b 14 4 100 279
b 14 4 610 425
f 14 4 214 771
f 14 4 232 392
f 14 4 226 209
f 14 4 1 918
f 14 4 36 119
f 14 4 116 382
f 14 4 254 260
f 14 4 92 10
f 14 4 267 53
f 14 4 610 60
f 14 4 210 17
f 14 4 102 187
f 14 4 1854 49
f 14 4 119 91
f 14 4 244 37
f 14 4 178 19
f 14 4 37 251
f 14 4 90 62
f 14 4 100 239
f 14 4 931 48
f 14 4 108 248
f 14 4 127 48
f 14 4 73 24
f 14 4 96 36
f 14 4 206 17
f 14 4 114 32
f 14 4 256 13
f 14 4 600 12
h 14 1 283 548 1
s 14 1 55 13,13,16,16,34
s 14 1 29 13,13,16,16,16,20
c 14 1 36 643 47 577
c 14 1 50 880 64 574
c 14 1 108 933 171 561
c 14 1 1 799 193 566
c 14 1 116 580 269 549
m 14 1 108 933 171 561
m 14 1 1854 187 182 623
m 14 1 1 799 193 566
m 14 1 127 49 255 286
m 14 1 48 42 262 417
m 14 1 116 580 269 549
m 14 1 226 81 289 435
m 14 1 259 39 309 909
m 14 1 119 396 310 589
m 14 1 114 230 318 723
m 14 1 121 64 321 667
m 14 1 609 28 351 750
m 14 1 1856 67 372 684
m 14 1 176 53 375 733
m 14 1 100 53 389 467
m 14 1 600 92 397 692
m 14 1 610 11 443 333
m 14 1 220 4 520 1000
m 14 1 110 4 610 1000
b 14 1 73 26
b 14 1 73 26
b 14 1 36 47
b 14 1 50 63
b 14 1 108 165
b 14 1 1 196
b 14 1 116 261
b 14 1 119 317
b 14 1 114 350
f 14 1 50 704
f 14 1 108 611
f 14 1 1 685
f 14 1 114 389
f 14 1 116 870
f 14 1 119 704
f 14 1 226 167
f 14 1 254 19
f 14 1 96 37
f 14 1 1854 222
f 14 1 600 241
f 14 1 259 37
f 14 1 154 19
f 14 1 90 56
f 14 1 125 19
f 14 1 244 19
f 14 1 137 37
f 14 1 100 111
f 14 1 127 93
f 14 1 37 37
f 14 1 610 37
f 14 1 123 19
f 14 1 190 37
f 14 1 36 37
f 14 1 110 19
f 14 1 73 19
h 14 2 1463 510 7
s 14 2 244 16,16,16,16,42,44,237
s 14 2 121 16,16,16,16,42,44
c 14 2 41 671 18 515
c 14 2 36 682 52 522
c 14 2 50 818 75 526
c 14 2 1 914 148 538
c 14 2 108 853 217 548
c 14 2 116 621 285 550
m 14 2 1 914 148 538
m 14 2 1854 200 192 549
m 14 2 127 97 200 528
m 14 2 108 853 217 548
m 14 2 116 621 285 550
m 14 2 48 57 317 614
m 14 2 190 40 319 695
m 14 2 226 53 326 551
m 14 2 119 325 334 651
m 14 2 100 37 340 593
m 14 2 114 123 356 700
m 14 2 1856 51 391 703
m 14 2 176 29 399 744
m 14 2 600 49 445 722
m 14 2 610 10 448 733
m 14 2 96 8 462 500
b 14 2 41 16
b 14 2 36 52
b 14 2 50 76
b 14 2 1 152
b 14 2 108 219
b 14 2 116 281
b 14 2 119 343
b 14 2 114 388
b 14 2 600 465
f 14 2 50 699
f 14 2 1 783
f 14 2 108 739
f 14 2 37 85
f 14 2 1854 195
f 14 2 116 871
f 14 2 90 22
f 14 2 114 265
f 14 2 119 647
f 14 2 600 199
f 14 2 254 33
f 14 2 127 103
f 14 2 226 110
f 14 2 41 55
f 14 2 100 48
f 14 2 96 33
f 14 2 610 40
f 14 2 123 22
f 14 2 73 33
f 14 2 232 15
f 14 2 36 26
h 14 3 5233 543 22
s 14 3 985 13,13,16,16,34
s 14 3 559 13,13,16,16,16,20
c 14 3 36 723 54 562
c 14 3 50 927 69 546
c 14 3 1 910 170 567
c 14 3 108 845 209 586
c 14 3 116 618 283 583
m 14 3 1 910 170 567
m 14 3 1854 165 187 586
m 14 3 127 76 194 504
m 14 3 108 845 209 586
m 14 3 116 618 283 583
m 14 3 226 102 306 582
m 14 3 100 41 321 579
m 14 3 119 302 338 683
m 14 3 114 102 355 772
m 14 3 121 21 371 723
m 14 3 609 25 377 586
m 14 3 1856 56 381 688
m 14 3 48 20 391 645
m 14 3 600 40 450 768
m 14 3 610 12 458 688
m 14 3 220 5 515 577
b 14 3 73 28
b 14 3 73 28
b 14 3 36 55
b 14 3 50 67
b 14 3 108 209
b 14 3 1 171
b 14 3 116 281
b 14 3 119 347
b 14 3 114 385
b 14 3 100 355
f 14 3 50 828
f 14 3 1 808
f 14 3 108 726
f 14 3 119 606
f 14 3 254 19
f 14 3 116 883
f 14 3 90 54
f 14 3 226 210
f 14 3 600 154
f 14 3 114 211
f 14 3 37 104
f 14 3 1854 153
f 14 3 36 60
f 14 3 127 89
f 14 3 73 62
f 14 3 610 48
f 14 3 232 19
f 14 3 100 45
f 14 3 123 19
f 14 3 190 12
f 14 3 210 13
f 14 3 178 17
f 14 3 102 12
f 14 3 96 24
h 14 5 6533 491 27
s 14 5 806 29,42,43,1123
s 14 5 236 29,42,188,1123
c 14 5 214 881 62 493
c 14 5 36 505 81 504
c 14 5 1 795 196 538
m 14 5 1852 55 172 542
m 14 5 1 795 196 538
m 14 5 267 54 197 503
m 14 5 127 52 233 491
m 14 5 232 306 240 545
m 14 5 254 221 250 527
m 14 5 102 136 271 526
m 14 5 100 177 277 564
m 14 5 609 114 302 537
m 14 5 90 38 313 629
m 14 5 108 128 318 625
m 14 5 226 103 327 647
m 14 5 931 27 344 731
m 14 5 116 156 350 592
m 14 5 119 24 396 681
m 14 5 1856 15 410 771
m 14 5 610 15 442 722
m 14 5 48 10 459 731
b 14 5 92 100
b 14 5 214 62
b 14 5 36 81
b 14 5 1 198
b 14 5 232 253
b 14 5 609 307
b 14 5 100 281
b 14 5 1852 180
f 14 5 214 780
f 14 5 127 65
f 14 5 254 289
f 14 5 226 213
f 14 5 1 887
f 14 5 100 206
f 14 5 102 206
f 14 5 210 13
f 14 5 267 46
f 14 5 232 380
f 14 5 116 346
f 14 5 36 131
f 14 5 37 245
f 14 5 244 44
f 14 5 610 56
f 14 5 90 79
f 14 5 73 28
f 14 5 1854 47
f 14 5 114 26
f 14 5 108 214
f 14 5 96 42
f 14 5 206 29
f 14 5 92 15
f 14 5 931 65
f 14 5 119 72
f 14 5 600 13
f 14 5 178 24
f 14 5 256 16
h 15 3 2077 488 63
s 15 3 294 14,16,16,20,44,237
s 15 3 190 16,16,20,34,44
c 15 3 75 559 21 484
c 15 3 36 895 36 493
c 15 3 63 839 70 486
c 15 3 170 685 156 515
c 15 3 116 750 245 517
m 15 3 79 56 133 607
m 15 3 1854 137 161 519
m 15 3 231 56 164 607
m 15 3 100 173 172 499
m 15 3 166 80 175 416
m 15 3 127 65 182 456
m 15 3 98 55 211 504
m 15 3 147 416 212 541
m 15 3 154 193 230 592
m 15 3 116 750 245 517
m 15 3 158 51 247 495
m 15 3 226 46 249 568
m 15 3 26 167 288 568
m 15 3 609 293 294 550
m 15 3 1 186 300 604
m 15 3 123 73 313 651
m 15 3 119 104 333 602
m 15 3 108 78 334 615
m 15 3 112 57 345 653
m 15 3 48 18 353 368
m 15 3 139 84 355 651
m 15 3 156 200 355 627
m 15 3 160 43 368 708
m 15 3 225 30 380 597
m 15 3 110 13 410 630
m 15 3 96 15 417 516
m 15 3 603 19 443 775
m 15 3 610 10 456 750
m 15 3 600 7 469 667
m 15 3 133 5 511 636
b 15 3 75 22
b 15 3 36 47
b 15 3 63 69
b 15 3 170 151
b 15 3 147 208
b 15 3 116 245
b 15 3 26 303
b 15 3 156 355
b 15 3 609 330
b 15 3 1 321
f 15 3 75 36
f 15 3 127 58
f 15 3 100 144
f 15 3 116 939
f 15 3 108 114
f 15 3 63 703
f 15 3 119 214
f 15 3 226 75
f 15 3 225 78
f 15 3 596 127
f 15 3 112 117
f 15 3 26 22
f 15 3 1 248
f 15 3 156 443
f 15 3 36 73
f 15 3 123 151
f 15 3 139 178
f 15 3 160 102
f 15 3 244 17
f 15 3 114 41
f 15 3 158 61
f 15 3 1854 124
f 15 3 98 44
f 15 3 598 24
f 15 3 96 54
f 15 3 73 12
f 15 3 603 68
f 15 3 135 44
f 15 3 90 39
f 15 3 1858 17
f 15 3 133 15
f 15 3 110 44
f 15 3 610 34
f 15 3 137 12
f 15 3 65 12
f 15 3 263 27
f 15 3 242 12
f 15 3 170 27
f 15 3 185 22
f 15 3 931 12
f 15 3 256 12
f 15 3 102 12
f 15 3 600 29
h 15 1 707 495 21
s 15 1 110 16,36,237
s 15 1 105 36,237,237
c 15 1 36 908 16 502
c 15 1 63 976 66 499
c 15 1 596 687 68 521
c 15 1 166 586 136 510
c 15 1 170 765 168 527
c 15 1 147 550 210 545
c 15 1 116 818 248 491
m 15 1 166 586 136 510
m 15 1 158 453 199 553
m 15 1 147 550 210 545
m 15 1 154 156 231 555
m 15 1 116 818 248 491
m 15 1 98 48 258 647
m 15 1 26 379 269 634
m 15 1 1858 44 296 516
m 15 1 123 95 315 627
m 15 1 112 54 326 711
m 15 1 1 171 331 570
m 15 1 609 289 333 632
m 15 1 156 426 339 678
m 15 1 139 266 341 638
m 15 1 108 57 350 750
m 15 1 135 31 366 500
m 15 1 1097 37 376 615
m 15 1 160 66 384 766
m 15 1 603 55 440 692
m 15 1 600 7 454 400
m 15 1 220 6 522 1000
b 15 1 75 32
b 15 1 36 10
b 15 1 63 67
b 15 1 596 67
b 15 1 166 142
b 15 1 158 207
b 15 1 170 194
b 15 1 147 238
b 15 1 116 267
b 15 1 139 382
b 15 1 26 314
b 15 1 156 358
f 15 1 63 630
f 15 1 158 488
f 15 1 116 951
f 15 1 154 216
f 15 1 156 796
f 15 1 160 160
f 15 1 123 210
f 15 1 112 99
f 15 1 133 12
f 15 1 147 525
f 15 1 139 444
f 15 1 603 167
f 15 1 1858 105
f 15 1 1 173
f 15 1 100 31
f 15 1 119 31
f 15 1 110 37
f 15 1 36 19
f 15 1 26 19
f 15 1 225 62
f 15 1 114 19
f 15 1 596 62
f 15 1 141 19
f 15 1 137 19
f 15 1 121 12
f 15 1 226 19
f 15 1 610 12
f 15 1 98 25
f 15 1 1097 86
f 15 1 108 56
f 15 1 166 25
f 15 1 600 25
f 15 1 263 43
f 15 1 598 43
f 15 1 135 62
h 15 2 377 504 11
s 15 2 177 16,16,16,16,42,44,237
s 15 2 49 16,16,16,16,16,42,44
c 15 2 41 851 18 502
c 15 2 36 894 49 513
c 15 2 63 865 74 500
c 15 2 170 695 152 523
c 15 2 116 740 238 530
m 15 2 598 61 152 565
m 15 2 1854 103 163 538
m 15 2 100 183 172 536
m 15 2 147 467 209 540
m 15 2 1 273 224 631
m 15 2 116 740 238 530
m 15 2 154 164 252 613
m 15 2 48 32 280 667
m 15 2 26 170 286 641
m 15 2 263 37 299 714
m 15 2 609 233 305 614
m 15 2 123 98 320 703
m 15 2 119 101 334 579
m 15 2 108 64 346 750
m 15 2 112 42 348 500
m 15 2 139 109 351 732
m 15 2 114 21 352 750
m 15 2 156 223 353 643
m 15 2 225 34 355 385
m 15 2 135 24 368 556
m 15 2 250 48 377 556
m 15 2 160 50 405 789
m 15 2 603 24 509 667
m 15 2 208 3 550 1000
b 15 2 41 15
b 15 2 36 44
b 15 2 63 72
b 15 2 170 150
b 15 2 147 214
b 15 2 116 238
b 15 2 156 355
b 15 2 1 266
b 15 2 1856 510
f 15 2 1854 70
f 15 2 1 282
f 15 2 263 127
f 15 2 116 930
f 15 2 156 493
f 15 2 108 113
f 15 2 603 113
f 15 2 63 648
f 15 2 139 239
f 15 2 100 211
f 15 2 160 155
f 15 2 1858 14
f 15 2 208 14
f 15 2 141 28
f 15 2 123 169
f 15 2 135 70
f 15 2 102 14
f 15 2 98 42
f 15 2 596 14
f 15 2 112 113
f 15 2 226 70
f 15 2 158 42
f 15 2 598 42
f 15 2 119 169
f 15 2 225 70
f 15 2 36 70
f 15 2 170 14
f 15 2 114 70
f 15 2 127 28
f 15 2 610 14
f 15 2 1856 14
f 15 2 185 14
f 15 2 174 14
f 15 2 244 56
f 15 2 26 28
f 15 2 73 14
f 15 2 96 28
f 15 2 600 14
f 15 2 41 28
f 15 2 75 14
h 16 3 976 444 58
s 16 3 138 11,13,16,16,20,44
s 16 3 76 16,16,16,20,20,44
c 16 3 73 537 26 431
c 16 3 36 766 50 456
c 16 3 50 640 78 446
c 16 3 1 987 128 444
c 16 3 108 814 235 470
c 16 3 609 649 249 501
m 16 3 244 356 127 427
m 16 3 1 987 128 444
m 16 3 108 814 235 470
m 16 3 609 649 249 501
m 16 3 100 308 255 482
m 16 3 277 68 270 621
m 16 3 48 78 294 592
m 16 3 116 292 312 544
m 16 3 121 99 314 680
m 16 3 114 27 329 615
m 16 3 119 345 331 576
m 16 3 1856 36 347 686
m 16 3 1802 35 366 588
m 16 3 141 115 371 518
m 16 3 123 25 376 667
m 16 3 208 51 417 660
m 16 3 610 41 461 675
m 16 3 110 40 465 718
m 16 3 600 30 475 690
m 16 3 160 7 486 429
m 16 3 604 4 558 750
m 16 3 220 10 583 800
m 16 3 247 1 700 0
b 16 3 73 27
b 16 3 36 49
b 16 3 50 84
b 16 3 1 130
b 16 3 108 239
b 16 3 116 313
b 16 3 609 267
b 16 3 143 341
b 16 3 149 349
b 16 3 141 395
f 16 3 1 884
f 16 3 50 514
f 16 3 108 673
f 16 3 116 522
f 16 3 143 183
f 16 3 119 590
f 16 3 100 231
f 16 3 244 16
f 16 3 96 48
f 16 3 110 116
f 16 3 226 68
f 16 3 123 56
f 16 3 610 139
f 16 3 114 44
f 16 3 90 24
f 16 3 149 52
f 16 3 1854 12
f 16 3 600 88
f 16 3 168 24
f 16 3 604 16
f 16 3 133 20
f 16 3 73 44
f 16 3 160 16
f 16 3 178 20
f 16 3 1806 32
f 16 3 225 12
f 16 3 37 36
f 16 3 190 12
f 16 3 158 16
f 16 3 603 12
f 16 3 598 16
h 16 2 618 492 39
s 16 2 300 16,16,16,16,16,42,44
s 16 2 137 16,16,16,16,42,44,237
c 16 2 41 990 16 492
c 16 2 36 893 55 502
c 16 2 50 731 75 504
c 16 2 1 994 120 492
c 16 2 108 896 214 518
c 16 2 609 602 259 575
c 16 2 116 510 292 530
m 16 2 1 994 120 492
m 16 2 108 896 214 518
m 16 2 48 128 235 494
m 16 2 609 602 259 575
m 16 2 100 193 262 580
m 16 2 116 510 292 530
m 16 2 37 61 313 763
m 16 2 119 353 317 665
m 16 2 235 28 328 706
m 16 2 911 36 329 455
m 16 2 121 68 338 571
m 16 2 141 120 370 527
m 16 2 208 92 395 702
m 16 2 96 23 416 500
m 16 2 600 37 433 652
m 16 2 110 44 444 444
m 16 2 610 34 462 714
m 16 2 256 8 476 800
m 16 2 220 18 522 545
b 16 2 41 15
b 16 2 36 54
b 16 2 50 72
b 16 2 1 114
b 16 2 108 201
b 16 2 609 270
b 16 2 116 293
b 16 2 119 332
b 16 2 143 337
b 16 2 208 405
f 16 2 1 853
f 16 2 108 673
f 16 2 119 613
f 16 2 110 133
f 16 2 50 553
f 16 2 37 27
f 16 2 600 140
f 16 2 100 147
f 16 2 41 73
f 16 2 116 780
f 16 2 273 13
f 16 2 114 33
f 16 2 610 127
f 16 2 123 47
f 16 2 143 167
f 16 2 168 20
f 16 2 190 27
f 16 2 96 73
f 16 2 1806 33
f 16 2 223 13
f 16 2 133 13
f 16 2 1854 20
f 16 2 267 27
f 16 2 225 13
f 16 2 149 27
f 16 2 36 33
f 16 2 226 13
f 16 2 156 13
f 16 2 256 20
f 16 2 160 20
h 17 2 5358 480 95
s 17 2 4469 16,16,16,16,42,44,237
s 17 2 488 16,16,16,16,16,42,44
c 17 2 41 999 13 480
c 17 2 36 904 49 485
c 17 2 178 875 66 481
c 17 2 63 950 81 479
c 17 2 259 909 168 505
c 17 2 534 807 196 527
c 17 2 273 673 233 571
c 17 2 116 556 275 510
m 17 2 273 673 233 571
m 17 2 277 107 234 586
m 17 2 147 57 254 564
m 17 2 116 556 275 510
m 17 2 166 39 286 478
m 17 2 123 207 319 668
m 17 2 1806 450 321 679
m 17 2 158 32 337 541
m 17 2 250 80 337 699
m 17 2 609 295 358 638
m 17 2 119 67 372 705
m 17 2 1802 28 375 660
m 17 2 160 23 389 760
m 17 2 108 170 392 578
m 17 2 96 87 403 725
m 17 2 256 11 424 729
m 17 2 48 17 425 652
m 17 2 133 8 471 705
m 17 2 110 10 523 462
m 17 2 220 6 550 645
b 17 2 41 13
b 17 2 36 47
b 17 2 178 65
b 17 2 63 81
b 17 2 259 165
b 17 2 273 235
b 17 2 116 278
b 17 2 534 206
b 17 2 1806 331
b 17 2 123 365
b 17 2 609 374
b 17 2 108 404
b 17 2 48 534
b 17 2 220 542
f 17 2 116 791
f 17 2 123 401
f 17 2 610 11
f 17 2 96 252
f 17 2 63 655
f 17 2 108 349
f 17 2 119 165
f 17 2 41 213
f 17 2 534 115
f 17 2 178 152
f 17 2 98 74
f 17 2 158 73
f 17 2 259 52
f 17 2 160 61
f 17 2 147 79
f 17 2 256 37
f 17 2 100 17
f 17 2 110 45
f 17 2 226 10
f 17 2 36 15
f 17 2 225 29
f 17 2 133 26
h 18 1 14456 525 96
s 18 1 2002 11,16,16,34,44,237
s 18 1 1557 11,13,13,13,237
c 18 1 63 992 54 525
c 18 1 26 912 80 527
c 18 1 172 991 96 526
c 18 1 252 981 141 531
c 18 1 1 941 173 540
c 18 1 116 846 229 546
c 18 1 149 793 236 568
c 18 1 141 715 275 610
c 18 1 939 635 280 643
m 18 1 252 981 141 531
m 18 1 1 941 173 540
m 18 1 116 846 229 546
m 18 1 141 715 275 610
m 18 1 939 635 280 643
m 18 1 249 28 335 463
m 18 1 135 234 341 541
m 18 1 112 39 342 714
m 18 1 603 364 353 687
m 18 1 156 314 359 690
m 18 1 609 171 379 659
m 18 1 139 23 380 644
m 18 1 133 14 478 447
m 18 1 48 7 490 646
m 18 1 220 3 517 545
m 18 1 110 4 578 390
b 18 1 36 49
b 18 1 73 20
b 18 1 63 54
b 18 1 26 80
b 18 1 172 95
b 18 1 252 138
b 18 1 1 170
b 18 1 116 226
b 18 1 149 236
b 18 1 141 275
b 18 1 939 287
b 18 1 156 363
b 18 1 603 355
b 18 1 609 385
b 18 1 135 371
b 18 1 247 436
f 18 1 63 309
f 18 1 116 946
f 18 1 939 814
f 18 1 603 802
f 18 1 156 711
f 18 1 135 516
f 18 1 1 157
f 18 1 112 83
f 18 1 247 13
f 18 1 123 22
f 18 1 225 33
f 18 1 600 20
f 18 1 139 53
f 18 1 133 28
f 18 1 108 14
f 18 1 252 52
h 19 1 3287 452 54
s 19 1 415 13,13,16,16,34
s 19 1 269 11,16,20,34,44
c 19 1 36 699 46 462
c 19 1 63 998 56 452
c 19 1 252 991 119 456
c 19 1 152 795 187 467
c 19 1 1 753 196 487
c 19 1 249 621 247 516
c 19 1 939 608 276 565
c 19 1 116 595 279 480
m 19 1 1 753 196 487
m 19 1 147 87 241 521
m 19 1 154 58 247 651
m 19 1 249 621 247 516
m 19 1 939 608 276 565
m 19 1 116 595 279 480
m 19 1 112 134 329 615
m 19 1 141 385 333 528
m 19 1 26 34 339 658
m 19 1 609 141 339 501
m 19 1 135 78 352 506
m 19 1 108 41 379 373
m 19 1 139 28 384 641
m 19 1 156 71 391 605
m 19 1 603 131 417 629
m 19 1 600 10 427 667
m 19 1 133 12 503 500
b 19 1 36 50
b 19 1 63 56
b 19 1 252 116
b 19 1 1 220
b 19 1 152 186
b 19 1 249 256
b 19 1 116 286
b 19 1 939 291
b 19 1 149 318
b 19 1 141 358
b 19 1 603 425
b 19 1 609 399
b 19 1 112 349
f 19 1 63 580
f 19 1 252 86
f 19 1 1 388
f 19 1 116 859
f 19 1 939 850
f 19 1 603 442
f 19 1 112 241
f 19 1 156 187
f 19 1 133 29
f 19 1 135 146
f 19 1 108 57
f 19 1 152 31
f 19 1 247 17
f 19 1 36 15
f 19 1 123 13
f 19 1 139 66
f 19 1 149 41
f 19 1 600 31
h 19 2 916 413 18
s 19 2 327 16,16,16,16,42,44,237
s 19 2 236 16,16,16,16,16,42,44
c 19 2 41 965 17 405
c 19 2 36 811 58 419
c 19 2 178 632 74 423
c 19 2 63 663 97 428
c 19 2 1 943 138 426
c 19 2 252 631 189 443
m 19 2 1 943 138 426
m 19 2 252 631 189 443
m 19 2 1107 76 199 471
m 19 2 100 134 224 496
m 19 2 609 391 232 483
m 19 2 48 48 279 432
m 19 2 116 380 294 451
m 19 2 249 182 297 569
m 19 2 939 255 300 585
m 19 2 235 60 306 509
m 19 2 108 192 307 511
m 19 2 141 222 349 571
m 19 2 112 53 364 531
m 19 2 135 12 415 364
m 19 2 156 9 425 875
m 19 2 603 22 478 700
m 19 2 133 10 517 222
m 19 2 220 3 527 667
b 19 2 41 16
b 19 2 36 63
b 19 2 178 78
b 19 2 63 111
b 19 2 1 133
b 19 2 252 203
b 19 2 152 261
b 19 2 116 295
b 19 2 249 300
b 19 2 939 301
b 19 2 149 311
b 19 2 141 368
b 19 2 135 390
f 19 2 36 37
f 19 2 63 567
f 19 2 1 843
f 19 2 939 485
f 19 2 108 246
f 19 2 116 791
f 19 2 119 52
f 19 2 149 45
f 19 2 600 15
f 19 2 1808 52
f 19 2 147 30
f 19 2 235 60
f 19 2 252 254
f 19 2 112 187
f 19 2 603 134
f 19 2 123 15
f 19 2 178 37
f 19 2 610 45
f 19 2 41 60
f 19 2 100 67
f 19 2 135 67
f 19 2 133 60
f 19 2 156 22
f 19 2 152 67
f 19 2 1107 15
f 19 2 1097 15
f 19 2 114 22
f 19 2 37 22
f 19 2 102 15
h 19 3 394 454 7
s 19 3 75 13,13,16,16,34
s 19 3 41 11,13,13,16,16,44
c 19 3 36 736 49 469
c 19 3 178 662 57 429
c 19 3 63 680 74 448
c 19 3 1 957 151 462
c 19 3 252 609 169 483
m 19 3 1 957 151 462
m 19 3 252 609 169 483
m 19 3 1107 91 174 361
m 19 3 609 421 232 470
m 19 3 100 206 246 481
m 19 3 102 94 270 541
m 19 3 939 266 281 590
m 19 3 48 74 291 517
m 19 3 116 330 294 538
m 19 3 249 188 298 568
m 19 3 119 86 315 500
m 19 3 37 43 321 235
m 19 3 108 145 325 561
m 19 3 1808 36 326 571
m 19 3 235 147 336 603
m 19 3 112 86 357 735
m 19 3 141 180 363 634
m 19 3 610 30 432 667
m 19 3 603 18 450 857
m 19 3 220 18 483 857
m 19 3 600 23 487 778
b 19 3 36 53
b 19 3 63 78
b 19 3 178 63
b 19 3 1 146
b 19 3 252 184
b 19 3 152 246
b 19 3 141 368
f 19 3 178 100
f 19 3 1 750
f 19 3 63 525
f 19 3 252 188
f 19 3 116 575
f 19 3 108 200
f 19 3 112 175
f 19 3 939 438
f 19 3 100 125
f 19 3 37 12
f 19 3 139 12
f 19 3 603 75
f 19 3 119 138
f 19 3 600 100
f 19 3 65 50
f 19 3 226 38
f 19 3 135 12
f 19 3 154 25
f 19 3 133 12
f 19 3 225 12
f 19 3 247 12
f 19 3 147 50
f 19 3 123 38
f 19 3 102 88
f 19 3 1808 88
f 19 3 610 138
f 19 3 114 25
f 19 3 172 25
f 19 3 73 38
f 19 3 36 25
f 19 3 1854 12
f 19 3 1802 12
f 19 3 156 12
f 19 3 232 25
f 19 3 110 12
f 19 3 277 12
f 19 3 96 12
f 19 3 149 38
f 19 3 174 12
f 19 3 254 12
f 19 3 267 12
f 19 3 152 25
f 19 3 604 12
h 19 4 668 530 15
s 19 4 291 29,42,43,1123
s 19 4 67 29,42,44
c 19 4 180 552 108 556
c 19 4 1 999 177 529
c 19 4 100 796 264 560
m 19 4 1 999 177 529
m 19 4 100 796 264 560
m 19 4 609 302 274 505
m 19 4 102 454 284 551
m 19 4 254 90 295 517
m 19 4 226 96 351 625
m 19 4 108 46 368 323
m 19 4 235 85 375 579
m 19 4 116 25 386 353
m 19 4 96 55 397 568
m 19 4 610 150 406 640
m 19 4 48 36 430 750
m 19 4 1856 13 431 556
m 19 4 141 13 450 222
m 19 4 600 3 560 1000
m 19 4 220 3 580 500
b 19 4 36 112
b 19 4 1 175
b 19 4 180 108
b 19 4 100 268
b 19 4 102 289
b 19 4 610 415
b 19 4 232 312
f 19 4 1 983
f 19 4 102 517
f 19 4 100 449
f 19 4 37 131
f 19 4 96 114
f 19 4 152 34
f 19 4 254 136
f 19 4 235 205
f 19 4 610 403
f 19 4 180 466
f 19 4 226 216
f 19 4 1808 11
f 19 4 178 91
f 19 4 229 17
f 19 4 256 34
f 19 4 108 97
f 19 4 244 28
f 19 4 116 68
f 19 4 119 23
f 19 4 36 131
f 19 4 1854 11
f 19 4 600 11
f 19 4 225 11
f 19 4 1107 23
f 19 4 931 17
f 19 4 112 17
f 19 4 277 11
f 19 4 232 40
f 19 4 123 11
f 19 4 90 17
f 19 4 252 11
f 19 4 267 17
h 20 5 1154 535 32
s 20 5 163 16,16,34,43,44,1123
s 20 5 128 16,16,34,43,44,237,1123
c 20 5 36 831 65 531
c 20 5 214 704 86 501
m 20 5 1128 422 172 542
m 20 5 185 164 216 561
m 20 5 229 407 223 577
m 20 5 254 243 250 554
m 20 5 1 139 259 556
m 20 5 232 369 261 570
m 20 5 102 146 277 544
m 20 5 81 93 293 738
m 20 5 609 365 295 527
m 20 5 100 41 298 511
m 20 5 37 103 313 471
m 20 5 108 334 335 630
m 20 5 931 57 350 667
m 20 5 226 29 372 545
m 20 5 139 3 472 750
m 20 5 235 3 502 1000
m 20 5 1858 4 518 400
m 20 5 141 3 543 333
m 20 5 116 2 600 1000
m 20 5 133 1 640 1000
b 20 5 36 62
b 20 5 214 88
b 20 5 1128 170
b 20 5 229 220
b 20 5 609 299
b 20 5 108 338
b 20 5 81 299
b 20 5 609 299
f 20 5 36 378
f 20 5 214 554
f 20 5 229 410
f 20 5 108 590
f 20 5 185 84
f 20 5 37 189
f 20 5 232 462
f 20 5 102 209
f 20 5 1 193
f 20 5 73 24
f 20 5 226 72
f 20 5 254 285
f 20 5 65 12
f 20 5 931 116
f 20 5 244 68
f 20 5 1852 56
f 20 5 100 68
f 20 5 81 100
f 20 5 139 12
f 20 5 256 16
f 20 5 236 12
f 20 5 141 12
f 20 5 267 12
f 20 5 90 12
f 20 5 235 12
h 20 1 1092 519 25
s 20 1 217 11,14,16,16,20,44
s 20 1 99 36,237,237
c 20 1 36 810 22 509
c 20 1 75 547 23 521
c 20 1 63 995 63 520
c 20 1 170 846 177 545
c 20 1 108 851 226 572
c 20 1 147 662 249 603
c 20 1 236 523 258 567
c 20 1 1858 620 295 626
m 20 1 108 851 226 572
m 20 1 26 70 247 553
m 20 1 147 662 249 603
m 20 1 1858 620 295 626
m 20 1 139 400 342 680
m 20 1 135 90 376 612
m 20 1 1 61 377 687
m 20 1 141 127 398 655
m 20 1 160 46 398 720
m 20 1 116 68 403 500
m 20 1 143 12 409 615
m 20 1 156 39 424 674
m 20 1 609 55 425 517
m 20 1 603 23 464 720
m 20 1 133 4 498 500
m 20 1 225 3 557 0
m 20 1 112 2 590 500
m 20 1 247 1 770 0
b 20 1 36 33
b 20 1 75 22
b 20 1 63 66
b 20 1 170 181
b 20 1 108 228
b 20 1 147 261
b 20 1 236 281
b 20 1 1858 308
b 20 1 139 360
b 20 1 149 379
b 20 1 141 427
b 20 1 609 445
f 20 1 63 793
f 20 1 108 687
f 20 1 135 237
f 20 1 139 758
f 20 1 160 146
f 20 1 156 131
f 20 1 116 227
f 20 1 170 30
f 20 1 36 66
f 20 1 81 15
f 20 1 149 45
f 20 1 1 86
f 20 1 603 91
f 20 1 143 30
f 20 1 145 10
f 20 1 75 35
f 20 1 152 15
f 20 1 225 15
f 20 1 1097 10
f 20 1 26 20
f 20 1 112 10
f 20 1 596 10
f 20 1 123 10
h 20 3 807 475 17
s 20 3 157 11,14,16,16,20,44
s 20 3 58 14,16,16,20,20
c 20 3 75 629 21 467
c 20 3 36 824 36 475
c 20 3 63 983 72 475
c 20 3 170 664 216 543
c 20 3 108 846 221 531
m 20 3 26 58 213 574
m 20 3 81 66 216 566
m 20 3 108 846 221 531
m 20 3 147 494 279 594
m 20 3 1858 413 311 622
m 20 3 1 72 319 586
m 20 3 263 29 324 696
m 20 3 609 97 331 590
m 20 3 152 16 372 462
m 20 3 139 143 382 687
m 20 3 135 45 388 667
m 20 3 116 43 393 514
m 20 3 160 22 403 722
m 20 3 141 38 430 710
m 20 3 208 4 523 0
m 20 3 603 9 550 429
b 20 3 75 24
b 20 3 75 24
b 20 3 36 37
b 20 3 63 70
b 20 3 108 221
b 20 3 170 222
b 20 3 147 282
b 20 3 236 280
b 20 3 1858 320
b 20 3 139 392
b 20 3 135 391
f 20 3 75 159
f 20 3 63 897
f 20 3 108 905
f 20 3 254 16
f 20 3 139 516
f 20 3 160 79
f 20 3 1 103
f 20 3 236 32
f 20 3 135 151
f 20 3 116 151
f 20 3 156 16
f 20 3 36 103
f 20 3 149 63
f 20 3 603 56
f 20 3 65 16
f 20 3 152 40
f 20 3 143 48
f 20 3 225 16
f 20 3 596 16
f 20 3 112 56
f 20 3 73 24
f 20 3 26 32
f 20 3 81 48
f 20 3 158 16
f 20 3 123 16
f 20 3 598 16
h 20 4 816 499 20
s 20 4 122 16,16,34,43,44,1123
s 20 4 69 16,16,34,43,44,237,1123
c 20 4 36 765 58 524
c 20 4 214 607 84 527
m 20 4 63 103 152 405
m 20 4 1128 305 162 574
m 20 4 1852 71 166 517
m 20 4 229 289 211 602
m 20 4 185 123 212 620
m 20 4 232 293 249 565
m 20 4 254 173 251 511
m 20 4 102 159 269 485
m 20 4 1 148 272 595
m 20 4 609 327 286 558
m 20 4 81 94 295 662
m 20 4 100 39 299 438
m 20 4 108 360 309 616
m 20 4 37 89 312 562
m 20 4 931 48 322 795
m 20 4 170 32 337 538
m 20 4 226 33 373 741
m 20 4 1858 23 390 579
m 20 4 235 4 540 667
m 20 4 139 2 545 0
m 20 4 48 4 557 333
b 20 4 73 96
b 20 4 36 58
b 20 4 214 84
b 20 4 1128 157
b 20 4 229 205
b 20 4 609 286
b 20 4 108 323
f 20 4 36 340
f 20 4 214 486
f 20 4 232 424
f 20 4 108 646
f 20 4 112 28
f 20 4 1 264
f 20 4 226 97
f 20 4 229 292
f 20 4 81 167
f 20 4 931 90
f 20 4 75 49
f 20 4 96 28
f 20 4 102 215
f 20 4 185 69
f 20 4 267 49
f 20 4 254 250
f 20 4 90 35
f 20 4 236 14
f 20 4 1852 56
f 20 4 244 69
f 20 4 37 160
f 20 4 170 28
f 20 4 65 21
f 20 4 100 76
f 20 4 73 35
f 20 4 139 14
f 20 4 235 14
f 20 4 210 14
f 20 4 98 14
h 21 4 5378 485 32
s 21 4 931 16,16,20,42,43,44,237,1123
s 21 4 663 16,20,34,42,43,44,1123
c 21 4 36 781 71 494
c 21 4 92 669 74 489
c 21 4 1 573 248 563
m 21 4 180 276 133 532
m 21 4 1852 479 137 502
m 21 4 214 70 155 495
m 21 4 63 227 164 513
m 21 4 244 249 166 478
m 21 4 267 146 169 496
m 21 4 174 94 209 522
m 21 4 166 143 233 480
m 21 4 1 573 248 563
m 21 4 102 190 259 474
m 21 4 254 69 262 482
m 21 4 100 196 263 547
m 21 4 609 393 274 522
m 21 4 226 66 323 607
m 21 4 250 41 329 635
m 21 4 263 25 343 560
m 21 4 116 142 346 561
m 21 4 123 21 375 714
m 21 4 225 17 386 707
m 21 4 96 40 407 636
m 21 4 610 19 409 670
m 21 4 256 11 425 500
m 21 4 141 23 433 605
m 21 4 48 17 435 685
m 21 4 133 1 515 833
m 21 4 220 2 558 500
m 21 4 133 0 730 1000
b 21 4 36 77
b 21 4 92 76
b 21 4 1852 137
b 21 4 100 274
b 21 4 102 282
b 21 4 1 250
b 21 4 609 282
b 21 4 96 417
f 21 4 102 210
f 21 4 123 56
f 21 4 37 37
f 21 4 931 15
f 21 4 116 311
f 21 4 135 53
f 21 4 256 39
f 21 4 143 15
f 21 4 174 90
f 21 4 610 66
f 21 4 29 336
f 21 4 267 151
f 21 4 166 123
f 21 4 236 14
f 21 4 73 27
f 21 4 149 52
f 21 4 36 234
f 21 4 100 221
f 21 4 225 49
f 21 4 98 60
f 21 4 77 46
f 21 4 254 103
f 21 4 226 128
f 21 4 168 11
f 21 4 244 13
f 21 4 90 23
f 21 4 229 13
f 21 4 158 55
f 21 4 96 132
f 21 4 147 11
f 21 4 92 19
f 21 4 1854 19
f 21 4 1 743
h 21 1 4800 515 27
s 21 1 1571 16,16,20,20,44,237
s 21 1 576 16,16,16,20,20,44
c 21 1 36 879 22 521
c 21 1 77 686 28 510
c 21 1 63 992 70 516
c 21 1 166 975 127 517
c 21 1 158 834 183 551
c 21 1 236 679 216 561
c 21 1 116 721 257 513
m 21 1 166 975 127 517
m 21 1 158 834 183 551
m 21 1 147 112 244 590
m 21 1 116 721 257 513
m 21 1 263 163 279 602
m 21 1 123 180 305 624
m 21 1 1858 314 307 639
m 21 1 1 186 320 541
m 21 1 26 150 336 655
m 21 1 141 352 347 605
m 21 1 135 87 350 536
m 21 1 108 25 362 655
m 21 1 225 36 373 480
m 21 1 156 205 381 680
m 21 1 160 21 386 650
m 21 1 609 61 441 575
m 21 1 603 28 484 597
m 21 1 48 10 485 617
m 21 1 133 14 499 493
m 21 1 220 3 546 462
b 21 1 73 30
b 21 1 36 28
b 21 1 77 27
b 21 1 63 70
b 21 1 166 125
b 21 1 158 182
b 21 1 236 223
b 21 1 116 259
b 21 1 1858 320
b 21 1 149 314
b 21 1 141 354
b 21 1 26 349
b 21 1 156 394
b 21 1 1 351
f 21 1 236 70
f 21 1 116 911
f 21 1 135 171
f 21 1 123 308
f 21 1 225 97
f 21 1 1 250
f 21 1 156 491
f 21 1 63 527
f 21 1 147 116
f 21 1 158 881
f 21 1 160 55
f 21 1 166 57
f 21 1 36 22
f 21 1 603 114
f 21 1 149 41
f 21 1 108 32
f 21 1 133 27
f 21 1 26 22
f 21 1 600 14
f 21 1 77 14
f 21 1 604 14
h 21 2 1866 498 12
s 21 2 620 16,16,16,16,42,44,237
s 21 2 378 16,16,20,20,42,44,237
c 21 2 41 677 17 500
c 21 2 36 879 41 503
c 21 2 63 924 82 495
c 21 2 166 766 139 490
c 21 2 116 730 253 499
m 21 2 166 766 139 490
m 21 2 116 730 253 499
m 21 2 158 328 253 598
m 21 2 1 413 255 580
m 21 2 147 81 262 553
m 21 2 250 67 265 632
m 21 2 263 110 288 615
m 21 2 1858 208 318 625
m 21 2 123 143 326 669
m 21 2 135 91 346 482
m 21 2 48 35 346 677
m 21 2 1097 35 346 646
m 21 2 26 51 357 653
m 21 2 141 243 360 603
m 21 2 225 77 366 639
m 21 2 609 58 401 500
m 21 2 96 11 407 667
m 21 2 156 51 407 667
m 21 2 180 1 430 500
m 21 2 249 6 454 667
m 21 2 133 8 505 400
m 21 2 603 5 563 667
m 21 2 1154 2 590 1000
m 21 2 110 1 690 0
b 21 2 41 16
b 21 2 36 42
b 21 2 63 84
b 21 2 166 140
b 21 2 116 250
b 21 2 149 307
b 21 2 141 364
b 21 2 1 262
b 21 2 26 365
b 21 2 156 418
b 21 2 236 250
b 21 2 1858 346
b 21 2 108 451
b 21 2 135 366
f 21 2 63 676
f 21 2 116 880
f 21 2 158 441
f 21 2 156 155
f 21 2 123 259
f 21 2 166 257
f 21 2 147 110
f 21 2 225 182
f 21 2 1 564
f 21 2 152 20
f 21 2 36 60
f 21 2 98 32
f 21 2 41 52
f 21 2 149 92
f 21 2 135 167
f 21 2 96 35
f 21 2 26 30
f 21 2 160 32
f 21 2 174 77
f 21 2 603 20
f 21 2 236 47
f 21 2 77 30
f 21 2 143 15
f 21 2 108 17
f 21 2 133 12
f 21 2 73 15
h 21 3 3303 503 20
s 21 3 984 16,16,20,20,44,237
s 21 3 551 16,16,16,20,20,44
c 21 3 73 559 26 516
c 21 3 77 669 27 512
c 21 3 36 862 32 504
c 21 3 63 952 79 507
c 21 3 166 788 137 498
c 21 3 116 720 252 516
m 21 3 166 788 137 498
m 21 3 158 381 233 583
m 21 3 116 720 252 516
m 21 3 1 415 254 593
m 21 3 147 70 261 638
m 21 3 250 61 274 587
m 21 3 263 106 286 607
m 21 3 123 157 313 622
m 21 3 1858 177 315 627
m 21 3 26 62 334 668
m 21 3 135 86 346 565
m 21 3 141 190 351 637
m 21 3 1097 25 353 642
m 21 3 609 69 377 557
m 21 3 225 61 378 555
m 21 3 156 63 378 671
m 21 3 48 17 380 589
m 21 3 108 14 384 609
m 21 3 600 7 483 696
m 21 3 603 7 504 636
m 21 3 220 4 517 667
m 21 3 133 10 522 515
m 21 3 604 2 536 750
b 21 3 77 28
b 21 3 73 26
b 21 3 36 38
b 21 3 63 79
b 21 3 166 137
b 21 3 116 249
b 21 3 158 239
b 21 3 236 248
b 21 3 1858 323
b 21 3 123 344
b 21 3 149 305
b 21 3 141 356
b 21 3 133 478
f 21 3 36 59
f 21 3 63 744
f 21 3 116 915
f 21 3 123 329
f 21 3 158 495
f 21 3 156 169
f 21 3 166 217
f 21 3 135 201
f 21 3 225 158
f 21 3 236 51
f 21 3 1 535
f 21 3 108 29
f 21 3 149 86
f 21 3 174 109
f 21 3 96 38
f 21 3 77 14
f 21 3 133 29
f 21 3 98 21
f 21 3 73 37
f 21 3 603 29
f 21 3 160 30
f 21 3 26 26
f 21 3 600 34
f 21 3 604 13
h 21 5 1197 461 8
s 21 5 120 16,16,20,43,44,237,1123
s 21 5 98 16,20,34,43,44,1123
c 21 5 36 808 71 469
c 21 5 92 590 77 424
c 21 5 1 585 258 519
m 21 5 180 398 128 538
m 21 5 1852 398 141 429
m 21 5 214 82 145 378
m 21 5 63 199 155 466
m 21 5 244 242 170 431
m 21 5 267 140 174 393
m 21 5 174 89 207 538
m 21 5 166 134 237 419
m 21 5 1 585 258 519
m 21 5 100 190 262 502
m 21 5 102 226 263 446
m 21 5 254 112 264 493
m 21 5 609 495 268 471
m 21 5 231 47 291 607
m 21 5 149 48 340 603
m 21 5 226 75 341 478
m 21 5 158 32 350 395
m 21 5 250 33 353 650
m 21 5 116 118 354 539
m 21 5 123 25 386 567
m 21 5 96 38 402 609
m 21 5 225 15 407 556
m 21 5 610 15 417 667
b 21 5 36 82
b 21 5 92 79
b 21 5 1852 138
b 21 5 180 152
b 21 5 1 263
b 21 5 609 267
b 21 5 116 380
f 21 5 36 201
f 21 5 180 319
f 21 5 1 677
f 21 5 102 228
f 21 5 98 63
f 21 5 116 256
f 21 5 158 71
f 21 5 254 169
f 21 5 166 118
f 21 5 174 114
f 21 5 96 110
f 21 5 225 51
f 21 5 135 28
f 21 5 267 146
f 21 5 100 197
f 21 5 37 31
f 21 5 73 43
f 21 5 77 20
f 21 5 229 47
f 21 5 123 63
f 21 5 92 31
f 21 5 610 47
f 21 5 226 134
f 21 5 149 51
f 21 5 143 24
f 21 5 931 24
f 21 5 81 12
f 21 5 236 31
f 21 5 90 20
f 21 5 232 16
f 21 5 256 20
f 21 5 152 12
f 21 5 206 24
f 21 5 223 12
f 21 5 1854 24
h 22 4 3866 510 53
s 22 4 387 16,34,42,43,44,216,1123
s 22 4 214 34,42,43,44,216,237,1123
c 22 4 180 939 96 512
c 22 4 609 733 178 507
c 22 4 108 873 244 562
c 22 4 259 533 281 620
m 22 4 244 236 129 510
m 22 4 609 733 178 507
m 22 4 108 873 244 562
m 22 4 102 38 271 517
m 22 4 232 50 283 508
m 22 4 100 77 310 530
m 22 4 110 488 345 649
m 22 4 1 27 382 654
m 22 4 277 122 396 706
m 22 4 273 33 403 648
m 22 4 235 156 408 706
m 22 4 96 20 457 584
m 22 4 176 10 459 703
m 22 4 133 38 468 784
m 22 4 123 9 469 515
m 22 4 256 10 471 658
m 22 4 48 17 490 797
m 22 4 610 11 509 744
m 22 4 247 1 578 800
m 22 4 249 1 620 750
m 22 4 220 5 626 778
m 22 4 604 1 697 1000
m 22 4 635 0 780 1000
b 22 4 77 35
b 22 4 77 35
b 22 4 77 35
b 22 4 180 94
b 22 4 609 179
b 22 4 108 240
b 22 4 259 290
b 22 4 110 341
b 22 4 277 403
b 22 4 1 411
b 22 4 152 477
f 22 4 108 888
f 22 4 110 902
f 22 4 133 115
f 22 4 180 841
f 22 4 96 65
f 22 4 1 50
f 22 4 37 192
f 22 4 259 352
f 22 4 100 101
f 22 4 152 23
f 22 4 123 33
f 22 4 36 135
f 22 4 244 51
f 22 4 102 51
f 22 4 232 80
f 22 4 226 16
f 22 4 610 50
f 22 4 254 44
f 22 4 77 171
f 22 4 256 36
f 22 4 1802 35
f 22 4 223 13
f 22 4 116 16
f 22 4 1808 13
f 22 4 1107 10
h 22 2 1405 460 20
s 22 2 473 16,16,16,16,42,44,237
s 22 2 191 16,16,16,16,42,44
c 22 2 41 984 12 461
c 22 2 36 637 51 474
c 22 2 180 822 68 463
c 22 2 259 931 140 469
c 22 2 609 856 167 469
c 22 2 108 874 217 495
c 22 2 110 578 304 581
m 22 2 244 152 152 498
m 22 2 1107 94 161 492
m 22 2 609 856 167 469
m 22 2 108 874 217 495
m 22 2 102 60 241 417
m 22 2 273 123 283 543
m 22 2 110 578 304 581
m 22 2 277 354 304 596
m 22 2 263 58 311 556
m 22 2 1 111 312 641
m 22 2 48 126 314 610
m 22 2 100 86 325 579
m 22 2 235 340 348 667
m 22 2 1808 43 358 650
m 22 2 116 63 368 494
m 22 2 123 34 380 688
m 22 2 176 36 381 740
m 22 2 1806 23 385 697
m 22 2 256 17 421 708
m 22 2 133 73 427 718
m 22 2 96 41 428 552
m 22 2 610 36 448 600
m 22 2 604 12 478 882
m 22 2 220 30 515 738
m 22 2 133 4 533 800
m 22 2 600 3 588 500
b 22 2 41 12
b 22 2 36 52
b 22 2 180 69
b 22 2 259 133
b 22 2 609 169
b 22 2 108 214
b 22 2 110 305
b 22 2 277 332
b 22 2 235 356
b 22 2 176 414
f 22 2 108 577
f 22 2 110 861
f 22 2 133 189
f 22 2 116 172
f 22 2 41 104
f 22 2 36 27
f 22 2 180 485
f 22 2 232 53
f 22 2 259 228
f 22 2 1808 92
f 22 2 96 121
f 22 2 100 77
f 22 2 37 109
f 22 2 1107 33
f 22 2 610 112
f 22 2 600 12
f 22 2 102 18
f 22 2 1 98
f 22 2 204 12
f 22 2 190 12
f 22 2 244 12
f 22 2 604 41
f 22 2 123 77
f 22 2 256 50
f 22 2 77 27
f 22 2 147 18
f 22 2 152 24
h 22 5 1625 522 25
s 22 5 140 16,34,43,44,216,1123
s 22 5 56 16,20,34,42,43,44,1123
c 22 5 180 921 96 521
c 22 5 609 714 180 497
c 22 5 108 897 245 560
m 22 5 244 205 135 556
m 22 5 609 714 180 497
m 22 5 108 897 245 560
m 22 5 102 47 271 526
m 22 5 232 49 274 600
m 22 5 254 56 277 538
m 22 5 100 65 295 657
m 22 5 37 109 316 508
m 22 5 110 465 346 676
m 22 5 273 38 381 726
m 22 5 1 24 393 744
m 22 5 277 92 403 765
m 22 5 235 152 406 729
m 22 5 256 10 432 412
m 22 5 96 17 454 714
m 22 5 123 7 454 636
m 22 5 48 26 467 786
m 22 5 133 31 473 760
m 22 5 610 9 495 429
m 22 5 220 3 534 800
m 22 5 1154 1 750 1000
b 22 5 77 33
b 22 5 180 96
b 22 5 609 181
b 22 5 108 245
b 22 5 110 343
b 22 5 259 298
b 22 5 277 402
b 22 5 235 411
b 22 5 48 521
b 22 5 123 518
f 22 5 180 797
f 22 5 108 903
f 22 5 259 365
f 22 5 110 882
f 22 5 77 132
f 22 5 36 138
f 22 5 96 62
f 22 5 37 156
f 22 5 100 82
f 22 5 1802 47
f 22 5 1 62
f 22 5 226 24
f 22 5 232 91
f 22 5 254 74
f 22 5 102 71
f 22 5 244 44
f 22 5 133 109
f 22 5 116 29
f 22 5 610 38
f 22 5 256 35
f 22 5 123 21
f 22 5 65 12
f 22 5 152 12
f 22 5 223 12
f 22 5 1107 15
h 23 3 1312 540 60
s 23 3 355 11,13,16,16,20,44
s 23 3 143 11,13,13,16,16,44
c 23 3 36 678 58 538
c 23 3 50 983 68 536
c 23 3 108 875 216 559
c 23 3 609 765 269 526
c 23 3 116 560 284 535
m 23 3 65 54 121 437
m 23 3 267 115 123 583
m 23 3 127 338 134 530
m 23 3 98 89 158 538
m 23 3 137 124 166 546
m 23 3 108 875 216 559
m 23 3 90 72 234 660
m 23 3 609 765 269 526
m 23 3 226 106 278 540
m 23 3 116 560 284 535
m 23 3 1 122 297 569
m 23 3 119 465 309 618
m 23 3 249 17 340 409
m 23 3 37 44 345 345
m 23 3 235 122 346 662
m 23 3 114 52 351 676
m 23 3 112 38 371 620
m 23 3 100 28 372 730
m 23 3 141 18 383 435
m 23 3 96 84 406 555
m 23 3 225 21 409 500
m 23 3 110 88 429 609
m 23 3 610 11 463 733
m 23 3 48 35 474 565
m 23 3 133 6 535 500
m 23 3 600 8 539 500
m 23 3 220 13 556 588
m 23 3 604 1 730 0
b 23 3 73 26
b 23 3 36 56
b 23 3 50 67
b 23 3 127 125
b 23 3 108 211
b 23 3 609 270
b 23 3 116 289
b 23 3 119 335
b 23 3 235 358
b 23 3 110 448
b 23 3 48 486
b 23 3 220 571
b 23 3 96 436
f 23 3 50 835
f 23 3 137 144
f 23 3 108 718
f 23 3 119 640
f 23 3 98 68
f 23 3 1 138
f 23 3 116 756
f 23 3 226 152
f 23 3 110 222
f 23 3 1802 11
f 23 3 37 57
f 23 3 36 79
f 23 3 100 38
f 23 3 127 255
f 23 3 1854 30
f 23 3 154 19
f 23 3 114 95
f 23 3 112 68
f 23 3 600 24
f 23 3 73 98
f 23 3 178 16
f 23 3 96 187
f 23 3 65 22
f 23 3 225 51
f 23 3 90 81
f 23 3 267 81
f 23 3 242 19
f 23 3 133 11
f 23 3 256 14
f 23 3 596 14
f 23 3 123 22
f 23 3 610 27
f 23 3 149 14
f 23 3 223 11
h 23 2 919 468 34
s 23 2 172 11,13,16,16,20,42,44
s 23 2 114 11,13,13,16,16,42,44
c 23 2 36 615 59 467
c 23 2 50 967 68 470
c 23 2 108 708 211 510
c 23 2 116 561 264 504
c 23 2 609 523 275 518
m 23 2 244 64 127 475
m 23 2 267 140 128 512
m 23 2 127 270 133 435
m 23 2 98 109 160 530
m 23 2 137 190 167 469
m 23 2 108 708 211 510
m 23 2 116 561 264 504
m 23 2 249 91 270 452
m 23 2 609 523 275 518
m 23 2 235 163 303 627
m 23 2 1 128 311 517
m 23 2 119 283 312 562
m 23 2 141 107 319 490
m 23 2 114 49 331 667
m 23 2 112 64 334 593
m 23 2 110 123 368 496
m 23 2 48 52 375 562
m 23 2 1856 13 394 500
m 23 2 96 62 397 632
m 23 2 133 25 425 348
m 23 2 600 26 426 708
m 23 2 133 3 502 333
m 23 2 220 14 528 615
b 23 2 73 22
b 23 2 73 22
b 23 2 50 68
b 23 2 36 61
b 23 2 127 132
b 23 2 108 227
b 23 2 609 281
b 23 2 116 282
b 23 2 119 332
b 23 2 235 346
b 23 2 110 436
f 23 2 50 801
f 23 2 137 138
f 23 2 1854 36
f 23 2 116 770
f 23 2 119 495
f 23 2 114 92
f 23 2 108 582
f 23 2 110 286
f 23 2 600 71
f 23 2 127 219
f 23 2 112 158
f 23 2 98 87
f 23 2 96 173
f 23 2 1 143
f 23 2 225 46
f 23 2 100 15
f 23 2 123 36
f 23 2 226 51
f 23 2 267 66
f 23 2 73 97
f 23 2 610 20
f 23 2 65 31
f 23 2 37 31
f 23 2 133 31
f 23 2 1802 20
f 23 2 154 56
f 23 2 1466 26
f 23 2 151 15
f 23 2 36 46
f 23 2 244 10
f 23 2 147 10
f 23 2 156 26
f 23 2 90 20
f 23 2 41 41
f 23 2 178 10
f 23 2 152 26
f 23 2 256 15
f 23 2 210 15
f 23 2 242 20
h 25 2 8381 515 89
s 25 2 6652 16,16,16,16,42,44,237
s 25 2 778 16,16,16,16,16,42,44
c 25 2 41 995 15 515
c 25 2 77 558 40 523
c 25 2 36 800 45 521
c 25 2 48 980 106 522
c 25 2 259 961 139 519
c 25 2 108 1000 213 515
c 25 2 277 828 228 565
m 25 2 108 1000 213 515
m 25 2 277 828 228 565
m 25 2 102 45 236 522
m 25 2 1 493 261 580
m 25 2 104 129 308 647
m 25 2 116 350 312 537
m 25 2 263 46 317 602
m 25 2 123 116 325 642
m 25 2 201 102 330 618
m 25 2 119 46 333 665
m 25 2 176 180 336 657
m 25 2 202 101 341 649
m 25 2 249 88 352 623
m 25 2 203 80 356 620
m 25 2 235 29 366 701
m 25 2 204 106 368 667
m 25 2 609 150 369 648
m 25 2 96 156 374 641
m 25 2 1806 36 379 684
m 25 2 141 31 390 625
m 25 2 135 29 394 548
m 25 2 156 28 421 671
m 25 2 220 78 422 699
m 25 2 604 15 466 719
m 25 2 110 4 494 594
m 25 2 133 9 496 544
m 25 2 603 3 537 643
m 25 2 133 0 668 333
b 25 2 41 15
b 25 2 77 42
b 25 2 36 47
b 25 2 48 106
b 25 2 259 139
b 25 2 108 213
b 25 2 277 228
b 25 2 1 266
b 25 2 104 310
b 25 2 201 333
b 25 2 202 343
b 25 2 203 358
b 25 2 204 368
b 25 2 123 326
b 25 2 609 373
f 25 2 1 487
f 25 2 116 563
f 25 2 108 532
f 25 2 48 749
f 25 2 204 231
f 25 2 123 194
f 25 2 135 68
f 25 2 156 68
f 25 2 41 55
f 25 2 256 30
f 25 2 96 347
f 25 2 37 42
f 25 2 259 26
f 25 2 119 74
f 25 2 152 58
f 25 2 133 19
f 25 2 604 52
f 25 2 77 14
f 25 2 534 17
f 25 2 36 17
f 25 2 603 14
f 25 2 100 16
f 25 2 610 25
f 25 2 232 14
f 25 2 158 15
f 25 2 600 25
f 25 2 160 14
f 25 2 201 14
f 25 2 203 13
f 25 2 110 12
f 25 2 149 12
f 25 2 102 13
f 25 2 202 10
h 25 1 447 430 3
s 25 1 85 36,237,237
s 25 1 61 16,36,237
c 25 1 36 763 11 431
c 25 1 166 828 121 435
c 25 1 48 828 168 484
c 25 1 236 541 212 475
m 25 1 166 828 121 435
m 25 1 48 828 168 484
m 25 1 277 159 176 493
m 25 1 102 132 210 288
m 25 1 158 445 222 523
m 25 1 108 298 230 511
m 25 1 263 418 261 481
m 25 1 1 54 275 333
m 25 1 116 477 277 484
m 25 1 123 81 302 500
m 25 1 26 244 313 624
m 25 1 1858 72 319 625
m 25 1 249 206 323 533
m 25 1 609 333 334 577
m 25 1 135 174 350 474
m 25 1 141 230 352 650
m 25 1 156 275 366 642
m 25 1 96 31 372 714
m 25 1 160 47 380 762
m 25 1 220 49 429 682
m 25 1 133 2 575 0
m 25 1 247 2 630 1000
m 25 1 133 9 642 750
b 25 1 596 46
b 25 1 166 119
b 25 1 48 167
b 25 1 236 217
b 25 1 263 267
b 25 1 149 303
b 25 1 141 349
b 25 1 116 280
f 25 1 77 10
f 25 1 48 677
f 25 1 108 177
f 25 1 1 62
f 25 1 96 73
f 25 1 158 448
f 25 1 116 698
f 25 1 156 656
f 25 1 135 385
f 25 1 1806 42
f 25 1 26 42
f 25 1 259 21
f 25 1 123 198
f 25 1 37 10
f 25 1 166 167
f 25 1 133 42
f 25 1 112 62
f 25 1 100 10
f 25 1 152 115
f 25 1 149 10
f 25 1 160 94
f 25 1 168 10
f 25 1 204 10
f 25 1 596 42
f 25 1 81 10
f 25 1 139 10
f 25 1 236 10
f 25 1 119 10
f 25 1 65 10
f 25 1 235 10
f 25 1 147 10
h 25 4 337 540 4
s 25 4 34 16,20,34,42,43,44,1123
s 25 4 28 16,16,34,42,43,44,237,1123
c 25 4 36 614 70 527
c 25 4 180 653 99 582
c 25 4 100 644 203 548
c 25 4 108 585 303 548
m 25 4 100 644 203 548
m 25 4 232 475 215 531
m 25 4 254 104 241 543
m 25 4 48 205 272 580
m 25 4 1 457 275 617
m 25 4 102 98 285 515
m 25 4 108 585 303 548
m 25 4 277 297 328 600
m 25 4 1802 42 348 571
m 25 4 152 50 366 471
m 25 4 609 74 380 440
m 25 4 176 74 385 560
m 25 4 1466 27 387 667
m 25 4 116 47 396 375
m 25 4 96 98 413 636
m 25 4 203 15 420 600
m 25 4 204 12 422 500
m 25 4 610 24 439 750
m 25 4 135 6 460 500
m 25 4 1858 3 580 1000
m 25 4 110 3 630 0
m 25 4 168 3 650 1000
b 25 4 77 35
b 25 4 36 62
b 25 4 180 99
b 25 4 100 210
b 25 4 232 208
b 25 4 108 326
b 25 4 1 305
f 25 4 108 626
f 25 4 96 198
f 25 4 1 484
f 25 4 610 66
f 25 4 100 593
f 25 4 232 473
f 25 4 116 121
f 25 4 36 88
f 25 4 180 549
f 25 4 259 88
f 25 4 244 33
f 25 4 102 154
f 25 4 226 55
f 25 4 152 99
f 25 4 235 33
f 25 4 26 11
f 25 4 135 22
f 25 4 37 165
f 25 4 236 22
f 25 4 254 99
f 25 4 911 11
f 25 4 204 22
f 25 4 110 11
f 25 4 1466 44
f 25 4 223 22
f 25 4 229 11
f 25 4 166 22
f 25 4 141 11
f 25 4 77 33
f 25 4 1852 11
f 25 4 104 22
f 25 4 256 11
f 25 4 123 11
f 25 4 81 11
f 25 4 931 11
f 25 4 203 11
f 25 4 185 22
f 25 4 1854 11
f 25 4 168 11
h 26 5 6270 491 48
s 26 5 959 16,16,34,43,44,237,1123
s 26 5 475 16,16,34,43,44,1123
c 26 5 214 931 68 488
c 26 5 36 663 71 509
c 26 5 1 925 183 515
m 26 5 1 925 183 515
m 26 5 254 379 264 549
m 26 5 102 198 286 589
m 26 5 252 66 295 632
m 26 5 37 188 295 537
m 26 5 232 198 301 609
m 26 5 100 130 311 641
m 26 5 609 221 312 635
m 26 5 108 83 363 591
m 26 5 226 23 373 662
m 26 5 256 75 381 693
m 26 5 116 22 396 570
m 26 5 249 9 420 741
m 26 5 141 11 430 551
m 26 5 610 12 465 703
m 26 5 48 11 473 657
m 26 5 220 2 511 667
m 26 5 600 0 850 500
b 26 5 36 72
b 26 5 214 72
b 26 5 1 186
b 26 5 254 266
b 26 5 232 308
b 26 5 609 313
b 26 5 108 367
b 26 5 102 293
f 26 5 1 981
f 26 5 152 109
f 26 5 149 36
f 26 5 116 63
f 26 5 36 178
f 26 5 939 27
f 26 5 100 178
f 26 5 214 846
f 26 5 254 500
f 26 5 226 59
f 26 5 108 187
f 26 5 252 74
f 26 5 37 262
f 26 5 232 324
f 26 5 256 191
f 26 5 610 49
f 26 5 65 18
f 26 5 102 294
f 26 5 73 20
f 26 5 247 20
f 26 5 185 16
f 26 5 931 38
f 26 5 244 30
f 26 5 123 13
f 26 5 235 24
h 26 2 1370 486 11
s 26 2 263 16,16,16,16,42,44,237
s 26 2 225 16,16,20,20,42,44,237
c 26 2 36 699 37 488
c 26 2 63 800 79 481
c 26 2 1 924 134 495
c 26 2 252 534 207 506
m 26 2 65 225 126 416
m 26 2 1 924 134 495
m 26 2 252 534 207 506
m 26 2 277 65 258 697
m 26 2 108 261 273 633
m 26 2 116 470 309 589
m 26 2 939 177 322 630
m 26 2 247 67 329 783
m 26 2 609 67 347 728
m 26 2 26 56 348 714
m 26 2 249 108 351 628
m 26 2 112 32 359 682
m 26 2 141 188 367 580
m 26 2 135 40 386 691
m 26 2 48 28 387 795
m 26 2 156 49 396 746
m 26 2 225 9 472 667
m 26 2 603 20 476 741
m 26 2 256 4 510 600
m 26 2 220 5 621 429
m 26 2 133 1 640 0
m 26 2 604 1 700 0
b 26 2 41 17
b 26 2 36 36
b 26 2 63 78
b 26 2 1 129
b 26 2 252 206
b 26 2 116 311
b 26 2 149 308
b 26 2 141 366
b 26 2 108 289
b 26 2 152 255
f 26 2 36 50
f 26 2 63 665
f 26 2 152 371
f 26 2 1 888
f 26 2 116 806
f 26 2 108 273
f 26 2 252 313
f 26 2 149 173
f 26 2 75 25
f 26 2 939 309
f 26 2 135 104
f 26 2 225 32
f 26 2 77 11
f 26 2 37 14
f 26 2 123 50
f 26 2 156 112
f 26 2 41 29
f 26 2 65 83
f 26 2 247 112
f 26 2 185 22
f 26 2 112 61
f 26 2 603 79
f 26 2 26 29
f 26 2 235 14
h 26 4 4158 454 38
s 26 4 636 16,16,34,43,44,237,1123
s 26 4 498 29,42,43,1123
c 26 4 214 867 64 453
c 26 4 36 631 75 475
c 26 4 1 941 174 469
m 26 4 63 91 147 492
m 26 4 1 941 174 469
m 26 4 254 254 262 491
m 26 4 102 159 278 542
m 26 4 37 142 282 460
m 26 4 252 111 285 573
m 26 4 232 114 286 571
m 26 4 609 70 292 551
m 26 4 100 104 295 599
m 26 4 108 77 334 602
m 26 4 256 53 360 724
m 26 4 247 19 385 716
m 26 4 249 15 387 672
m 26 4 116 41 396 618
m 26 4 48 8 427 743
m 26 4 141 20 430 565
m 26 4 610 6 454 792
b 26 4 36 78
b 26 4 214 68
b 26 4 1 177
b 26 4 152 302
b 26 4 252 286
b 26 4 149 368
b 26 4 116 396
f 26 4 1 984
f 26 4 152 308
f 26 4 252 167
f 26 4 149 97
f 26 4 214 743
f 26 4 100 151
f 26 4 36 198
f 26 4 256 159
f 26 4 102 231
f 26 4 226 66
f 26 4 254 262
f 26 4 108 189
f 26 4 235 23
f 26 4 185 26
f 26 4 247 61
f 26 4 135 16
f 26 4 37 182
f 26 4 244 48
f 26 4 65 34
f 26 4 116 161
f 26 4 232 131
f 26 4 939 41
f 26 4 123 25
f 26 4 931 30
f 26 4 610 25
f 26 4 1852 15
f 26 4 73 13
f 26 4 77 16
h 27 5 3005 565 65
s 27 5 324 16,16,34,43,44,1123
s 27 5 323 16,16,34,43,44,237,1123
c 27 5 36 633 72 568
c 27 5 180 798 111 572
c 27 5 1 957 204 574
c 27 5 232 622 262 603
m 27 5 1 957 204 574
m 27 5 232 622 262 603
m 27 5 254 444 283 543
m 27 5 609 431 297 626
m 27 5 102 109 297 617
m 27 5 37 149 304 563
m 27 5 100 88 327 660
m 27 5 116 105 367 636
m 27 5 108 58 368 617
m 27 5 256 56 393 633
m 27 5 235 14 410 767
m 27 5 110 43 425 744
m 27 5 48 32 432 711
m 27 5 610 10 436 724
m 27 5 220 3 471 900
b 27 5 36 73
b 27 5 180 110
b 27 5 1 204
b 27 5 232 285
b 27 5 609 315
b 27 5 254 290
b 27 5 108 391
b 27 5 231 349
f 27 5 180 717
f 27 5 1 980
f 27 5 254 536
f 27 5 37 179
f 27 5 108 123
f 27 5 110 118
f 27 5 232 705
f 27 5 226 54
f 27 5 102 144
f 27 5 116 228
f 27 5 256 150
f 27 5 244 91
f 27 5 65 11
f 27 5 36 200
f 27 5 100 112
f 27 5 77 15
f 27 5 610 33
f 27 5 152 12
h 27 4 1818 507 32
s 27 4 308 29,42,43,1123
s 27 4 162 16,16,34,42,43,44,237,1123
c 27 4 36 570 75 527
c 27 4 180 701 110 522
c 27 4 1 914 195 532
c 27 4 232 562 251 610
m 27 4 1 914 195 532
m 27 4 232 562 251 610
m 27 4 254 335 280 562
m 27 4 609 353 288 609
m 27 4 102 108 291 520
m 27 4 37 137 307 570
m 27 4 100 82 312 577
m 27 4 108 59 341 533
m 27 4 116 111 360 609
m 27 4 256 47 381 659
m 27 4 235 17 394 742
m 27 4 48 29 418 731
m 27 4 110 51 423 598
m 27 4 610 10 439 889
b 27 4 36 76
b 27 4 180 111
b 27 4 1 196
b 27 4 232 272
b 27 4 609 311
b 27 4 110 421
b 27 4 256 401
b 27 4 116 368
f 27 4 180 617
f 27 4 1 988
f 27 4 36 149
f 27 4 254 489
f 27 4 232 711
f 27 4 244 79
f 27 4 102 164
f 27 4 116 261
f 27 4 108 131
f 27 4 37 213
f 27 4 226 33
f 27 4 110 176
f 27 4 100 97
f 27 4 256 146
f 27 4 1802 12
f 27 4 152 21
f 27 4 610 40
f 27 4 1852 15
f 27 4 123 12
h 28 3 2976 468 82
s 28 3 512 11,13,16,16,20,44
s 28 3 400 13,13,16,16,16,20
c 28 3 73 686 22 476
c 28 3 36 729 63 490
c 28 3 63 960 76 473
c 28 3 178 649 95 485
c 28 3 1 974 142 478
c 28 3 609 922 183 493
c 28 3 116 702 269 545
m 28 3 1 974 142 478
m 28 3 65 85 148 339
m 28 3 609 922 183 493
m 28 3 252 298 219 575
m 28 3 116 702 269 545
m 28 3 98 38 272 670
m 28 3 100 73 294 562
m 28 3 939 143 314 698
m 28 3 226 33 328 531
m 28 3 108 236 337 687
m 28 3 112 174 366 711
m 28 3 225 145 369 630
m 28 3 114 18 389 727
m 28 3 135 17 402 569
m 28 3 48 6 428 611
m 28 3 156 5 459 643
m 28 3 610 12 466 611
m 28 3 603 4 481 636
m 28 3 600 14 503 674
m 28 3 220 1 525 500
b 28 3 73 22
b 28 3 63 74
b 28 3 36 68
b 28 3 178 98
b 28 3 1 138
b 28 3 609 174
b 28 3 116 259
b 28 3 252 254
b 28 3 939 328
b 28 3 225 364
b 28 3 114 414
f 28 3 63 876
f 28 3 178 219
f 28 3 1 905
f 28 3 116 971
f 28 3 939 258
f 28 3 225 408
f 28 3 112 447
f 28 3 108 431
f 28 3 226 64
f 28 3 210 14
f 28 3 36 78
f 28 3 73 91
f 28 3 600 74
f 28 3 96 23
f 28 3 65 64
f 28 3 100 72
f 28 3 123 31
f 28 3 252 83
f 28 3 37 17
f 28 3 610 56
f 28 3 119 19
f 28 3 247 25
f 28 3 135 62
f 28 3 98 17
f 28 3 603 19
f 28 3 114 66
f 28 3 154 33
f 28 3 156 21
h 28 2 532 472 15
s 28 2 128 16,16,16,16,42,44,237
s 28 2 98 16,16,16,16,16,42,44
c 28 2 41 761 18 469
c 28 2 36 803 61 492
c 28 2 63 976 78 476
c 28 2 1 979 133 480
c 28 2 609 944 176 486
c 28 2 116 735 260 535
m 28 2 1 979 133 480
m 28 2 609 944 176 486
m 28 2 65 73 179 359
m 28 2 252 357 218 632
m 28 2 98 53 247 607
m 28 2 116 735 260 535
m 28 2 939 184 291 724
m 28 2 100 45 295 375
m 28 2 108 237 316 651
m 28 2 247 15 350 750
m 28 2 235 49 353 538
m 28 2 112 162 354 686
m 28 2 225 132 361 600
m 28 2 123 19 393 900
m 28 2 114 26 394 857
m 28 2 168 6 413 333
m 28 2 96 9 422 400
m 28 2 135 21 427 636
m 28 2 600 13 460 714
m 28 2 603 4 505 500
b 28 2 41 17
b 28 2 36 63
b 28 2 63 76
b 28 2 1 130
b 28 2 609 171
b 28 2 116 258
b 28 2 108 332
b 28 2 225 366
b 28 2 112 353
b 28 2 96 410
b 28 2 135 460
f 28 2 63 924
f 28 2 116 924
f 28 2 1 899
f 28 2 158 13
f 28 2 135 76
f 28 2 156 25
f 28 2 41 101
f 28 2 108 367
f 28 2 37 13
f 28 2 939 253
f 28 2 225 367
f 28 2 112 380
f 28 2 244 13
f 28 2 98 89
f 28 2 119 76
f 28 2 178 51
f 28 2 36 101
f 28 2 252 127
f 28 2 247 38
f 28 2 114 76
f 28 2 154 76
f 28 2 600 76
f 28 2 610 25
f 28 2 226 38
f 28 2 141 13
f 28 2 152 25
f 28 2 235 152
f 28 2 256 13
f 28 2 598 13
f 28 2 96 51
f 28 2 123 38
f 28 2 603 25
f 28 2 73 13
f 28 2 100 63
f 28 2 168 13
f 28 2 121 13
f 28 2 102 13
h 29 3 4595 485 90
s 29 3 670 13,13,16,16,34
s 29 3 601 11,13,16,16,20,44
c 29 3 73 536 24 479
c 29 3 36 741 60 491
c 29 3 178 887 68 486
c 29 3 50 968 82 487
c 29 3 1 909 205 494
c 29 3 609 853 226 511
c 29 3 108 689 245 536
m 29 3 81 412 134 506
m 29 3 598 273 155 516
m 29 3 1854 170 166 528
m 29 3 1 909 205 494
m 29 3 609 853 226 511
m 29 3 108 689 245 536
m 29 3 90 49 268 573
m 29 3 100 86 293 554
m 29 3 226 83 294 549
m 29 3 119 291 328 613
m 29 3 235 87 359 622
m 29 3 116 80 360 507
m 29 3 1856 38 380 653
m 29 3 96 71 391 616
m 29 3 110 118 425 559
m 29 3 610 24 431 657
m 29 3 48 13 452 525
m 29 3 600 26 457 773
m 29 3 220 3 557 600
m 29 3 1154 0 655 1000
b 29 3 73 23
b 29 3 36 62
b 29 3 50 83
b 29 3 178 75
b 29 3 26 110
b 29 3 81 137
b 29 3 1 206
b 29 3 609 228
b 29 3 108 252
b 29 3 119 337
b 29 3 96 394
f 29 3 50 886
f 29 3 81 283
f 29 3 1 872
f 29 3 116 188
f 29 3 110 379
f 29 3 119 524
f 29 3 598 243
f 29 3 108 647
f 29 3 156 35
f 29 3 600 93
f 29 3 178 161
f 29 3 610 87
f 29 3 114 54
f 29 3 96 201
f 29 3 226 120
f 29 3 168 11
f 29 3 37 73
f 29 3 100 80
f 29 3 90 66
f 29 3 112 30
f 29 3 36 21
f 29 3 1854 152
f 29 3 225 12
f 29 3 1802 27
f 29 3 127 20
f 29 3 256 10
f 29 3 73 12
f 29 3 137 12
h 30 5 7359 495 83
s 30 5 721 16,16,34,43,44,237,1123
s 30 5 653 16,16,34,43,44,1123
c 30 5 36 731 76 508
c 30 5 180 783 120 520
c 30 5 1 572 246 547
c 30 5 609 668 252 509
m 30 5 180 783 120 520
m 30 5 1852 114 161 552
m 30 5 267 157 184 508
m 30 5 254 400 241 520
m 30 5 1 572 246 547
m 30 5 609 668 252 509
m 30 5 269 92 252 685
m 30 5 102 96 271 546
m 30 5 37 169 291 523
m 30 5 232 93 295 564
m 30 5 231 60 310 707
m 30 5 100 50 310 613
m 30 5 108 230 350 568
m 30 5 226 31 351 596
m 30 5 256 57 390 620
m 30 5 116 42 408 576
m 30 5 48 12 441 793
b 30 5 92 77
b 30 5 36 74
b 30 5 180 117
b 30 5 609 250
b 30 5 1 257
b 30 5 254 248
b 30 5 256 396
b 30 5 108 365
f 30 5 36 163
f 30 5 180 659
f 30 5 102 141
f 30 5 610 20
f 30 5 1 746
f 30 5 254 523
f 30 5 108 487
f 30 5 37 232
f 30 5 226 76
f 30 5 269 105
f 30 5 256 179
f 30 5 123 18
f 30 5 100 70
f 30 5 232 166
f 30 5 267 152
f 30 5 116 141
f 30 5 229 40
f 30 5 1854 49
f 30 5 92 26
f 30 5 96 36
f 30 5 244 37
f 30 5 152 18
f 30 5 90 15
h 30 4 1429 500 15
s 30 4 115 16,16,34,42,43,44,237,1123
s 30 4 115 16,16,34,43,44,1123
c 30 4 36 589 71 512
c 30 4 180 685 117 527
c 30 4 1 647 231 548
c 30 4 609 686 253 523
m 30 4 1852 136 156 531
m 30 4 267 238 177 488
m 30 4 1 647 231 548
m 30 4 254 339 244 500
m 30 4 609 686 253 523
m 30 4 79 45 256 594
m 30 4 269 73 262 663
m 30 4 102 64 266 571
m 30 4 37 140 289 530
m 30 4 232 129 290 668
m 30 4 100 57 299 671
m 30 4 231 49 314 643
m 30 4 108 312 339 543
m 30 4 256 57 394 610
m 30 4 96 15 415 636
m 30 4 116 70 419 580
m 30 4 48 15 440 667
m 30 4 152 5 480 571
m 30 4 600 1 545 500
m 30 4 110 2 573 333
m 30 4 133 1 635 0
m 30 4 141 1 660 0
b 30 4 36 66
b 30 4 180 112
b 30 4 1 238
b 30 4 609 250
b 30 4 108 354
b 30 4 232 318
b 30 4 231 363
f 30 4 92 33
f 30 4 180 619
f 30 4 102 99
f 30 4 610 22
f 30 4 269 70
f 30 4 1 791
f 30 4 254 451
f 30 4 267 209
f 30 4 232 183
f 30 4 96 51
f 30 4 1854 15
f 30 4 256 168
f 30 4 36 125
f 30 4 100 81
f 30 4 37 212
f 30 4 152 18
f 30 4 108 604
f 30 4 116 245
f 30 4 226 51
f 30 4 110 11
f 30 4 931 11
f 30 4 244 26
h 31 5 7248 537 83
s 31 5 1053 16,16,34,43,44,216,1123
s 31 5 609 34,43,44,216,237,1123
c 31 5 36 683 68 546
c 31 5 214 959 74 539
c 31 5 1 845 219 572
c 31 5 609 807 222 536
m 31 5 1128 51 176 635
m 31 5 1 845 219 572
m 31 5 609 807 222 536
m 31 5 229 53 225 660
m 31 5 254 400 228 557
m 31 5 102 133 250 519
m 31 5 37 156 297 568
m 31 5 232 58 301 633
m 31 5 100 45 309 654
m 31 5 108 464 330 658
m 31 5 226 27 359 601
m 31 5 1802 27 393 677
m 31 5 256 59 419 665
m 31 5 110 35 444 721
m 31 5 48 14 480 762
m 31 5 220 2 618 615
m 31 5 249 0 820 1000
b 31 5 77 76
b 31 5 36 68
b 31 5 214 75
b 31 5 1 224
b 31 5 609 220
b 31 5 108 335
b 31 5 259 367
b 31 5 96 465
b 31 5 100 327
f 31 5 214 869
f 31 5 1 930
f 31 5 232 102
f 31 5 256 181
f 31 5 36 183
f 31 5 108 742
f 31 5 37 212
f 31 5 254 501
f 31 5 102 156
f 31 5 226 61
f 31 5 610 14
f 31 5 229 57
f 31 5 100 64
f 31 5 96 33
f 31 5 931 33
f 31 5 110 118
f 31 5 116 26
f 31 5 259 14
f 31 5 244 30
f 31 5 65 17
f 31 5 152 14
h 31 4 1266 501 15
s 31 4 178 16,16,34,43,44,216,1123
s 31 4 114 34,42,43,44,216,237,1123
c 31 4 36 621 60 494
c 31 4 214 949 68 502
c 31 4 1 885 202 529
c 31 4 609 811 219 495
c 31 4 108 571 322 624
m 31 4 1 885 202 529
m 31 4 609 811 219 495
m 31 4 254 359 241 491
m 31 4 102 101 257 469
m 31 4 37 165 297 517
m 31 4 232 74 316 553
m 31 4 108 571 322 624
m 31 4 100 61 341 584
m 31 4 259 42 354 717
m 31 4 226 27 384 588
m 31 4 1802 54 399 588
m 31 4 256 69 406 540
m 31 4 931 13 425 706
m 31 4 110 62 435 620
m 31 4 116 11 453 786
m 31 4 96 17 485 591
m 31 4 48 8 497 600
m 31 4 123 3 522 1000
b 31 4 77 46
b 31 4 36 56
b 31 4 214 68
b 31 4 1 200
b 31 4 609 218
b 31 4 108 330
b 31 4 259 378
b 31 4 100 352
b 31 4 48 540
f 31 4 214 852
f 31 4 1 939
f 31 4 254 445
f 31 4 108 794
f 31 4 256 191
f 31 4 37 209
f 31 4 110 188
f 31 4 36 161
f 31 4 102 133
f 31 4 232 152
f 31 4 100 100
f 31 4 229 36
f 31 4 931 42
f 31 4 96 64
f 31 4 77 15
f 31 4 259 39
f 31 4 226 64
f 31 4 116 39
f 31 4 244 39
f 31 4 610 15
f 31 4 123 12
f 31 4 119 15
f 31 4 65 15
f 31 4 1802 15
h 32 1 842 521 38
s 32 1 262 11,14,16,16,20,44
s 32 1 57 11,16,20,34,44
c 32 1 36 869 32 520
c 32 1 63 998 71 523
c 32 1 174 954 147 538
c 32 1 170 874 195 556
c 32 1 147 767 240 585
c 32 1 609 545 269 593
m 32 1 1107 265 138 547
m 32 1 145 80 157 418
m 32 1 147 767 240 585
m 32 1 609 545 269 593
m 32 1 1097 494 307 654
m 32 1 1 33 324 643
m 32 1 108 68 340 491
m 32 1 123 134 342 655
m 32 1 225 151 346 559
m 32 1 1808 42 351 686
m 32 1 135 33 367 607
m 32 1 116 146 367 512
m 32 1 160 96 378 815
m 32 1 139 91 382 714
m 32 1 141 37 402 645
m 32 1 208 65 430 673
m 32 1 603 11 459 556
m 32 1 133 11 542 667
m 32 1 1154 1 640 0
b 32 1 75 32
b 32 1 36 32
b 32 1 63 68
b 32 1 174 149
b 32 1 170 193
b 32 1 147 240
b 32 1 609 275
b 32 1 1097 316
b 32 1 143 365
f 32 1 63 805
f 32 1 116 389
f 32 1 1 27
f 32 1 143 216
f 32 1 168 38
f 32 1 160 232
f 32 1 603 43
f 32 1 145 49
f 32 1 108 114
f 32 1 1107 141
f 32 1 123 243
f 32 1 36 86
f 32 1 1808 103
f 32 1 174 195
f 32 1 139 184
f 32 1 135 86
f 32 1 225 286
f 32 1 569 108
f 32 1 92 27
f 32 1 596 16
f 32 1 65 22
f 32 1 149 22
f 32 1 133 43
f 32 1 75 49
h 32 2 735 529 35
s 32 2 94 11,14,16,16,20,42,44
s 32 2 68 16,16,16,16,42,44,237
c 32 2 36 767 50 539
c 32 2 63 986 87 531
c 32 2 174 954 145 541
c 32 2 170 814 199 559
c 32 2 147 673 250 602
c 32 2 609 517 261 589
m 32 2 1852 57 155 524
m 32 2 1107 103 160 592
m 32 2 147 673 250 602
m 32 2 609 517 261 589
m 32 2 1097 404 316 657
m 32 2 1808 38 319 714
m 32 2 225 199 329 664
m 32 2 108 65 335 521
m 32 2 123 95 345 757
m 32 2 116 176 365 566
m 32 2 1 44 381 719
m 32 2 160 45 384 758
m 32 2 141 39 407 621
m 32 2 139 39 409 828
m 32 2 208 42 453 677
m 32 2 603 12 482 667
m 32 2 180 3 510 1000
m 32 2 133 8 542 333
m 32 2 133 1 670 1000
b 32 2 41 16
b 32 2 36 48
b 32 2 63 81
b 32 2 174 138
b 32 2 170 196
b 32 2 147 250
b 32 2 609 263
b 32 2 1097 338
b 32 2 143 371
f 32 2 123 190
f 32 2 160 123
f 32 2 143 276
f 32 2 139 98
f 32 2 63 853
f 32 2 135 18
f 32 2 133 31
f 32 2 569 184
f 32 2 225 405
f 32 2 116 466
f 32 2 174 245
f 32 2 36 110
f 32 2 603 43
f 32 2 1107 55
f 32 2 1808 43
f 32 2 75 92
f 32 2 108 135
f 32 2 149 31
f 32 2 1 61
f 32 2 41 25
f 32 2 170 25
f 32 2 598 18
f 32 2 235 12
f 32 2 145 12
f 32 2 168 12
h 32 3 224 509 12
s 32 3 28 11,14,16,16,20,44
s 32 3 23 11,16,20,34,44
c 32 3 36 857 50 531
c 32 3 63 982 86 514
c 32 3 174 857 146 547
c 32 3 170 638 201 559
c 32 3 147 527 257 568
m 32 3 1107 89 154 500
m 32 3 166 54 192 333
m 32 3 609 491 252 555
m 32 3 147 527 257 568
m 32 3 108 98 301 636
m 32 3 1 80 307 778
m 32 3 1097 344 330 610
m 32 3 116 116 337 577
m 32 3 123 89 349 700
m 32 3 225 188 353 690
m 32 3 139 40 384 333
m 32 3 208 103 416 652
m 32 3 603 27 452 833
m 32 3 141 13 480 333
m 32 3 235 9 510 1000
m 32 3 48 22 564 800
m 32 3 133 4 590 1000
m 32 3 247 4 710 1000
b 32 3 75 26
b 32 3 36 42
b 32 3 63 78
b 32 3 174 142
b 32 3 170 197
b 32 3 147 257
b 32 3 609 251
b 32 3 1097 334
b 32 3 143 345
b 32 3 208 433
b 32 3 149 440
f 32 3 225 475
f 32 3 63 825
f 32 3 569 125
f 32 3 123 200
f 32 3 116 225
f 32 3 139 75
f 32 3 135 50
f 32 3 36 100
f 32 3 226 25
f 32 3 603 125
f 32 3 100 25
f 32 3 75 150
f 32 3 149 75
f 32 3 143 125
f 32 3 174 175
f 32 3 1107 25
f 32 3 170 100
f 32 3 256 25
f 32 3 598 25
f 32 3 108 150
f 32 3 235 50
f 32 3 267 50
f 32 3 1 75
f 32 3 158 50
f 32 3 1808 25
h 32 4 204 471 10
s 32 4 31 29,42,43,1123
s 32 4 10 16,34,43,44,44,237,1123
c 32 4 36 667 80 471
c 32 4 63 696 138 479
c 32 4 174 686 194 521
c 32 4 609 525 261 514
m 32 4 63 696 138 479
m 32 4 1852 103 199 524
m 32 4 609 525 261 514
m 32 4 100 74 266 533
m 32 4 147 172 310 543
m 32 4 1 54 325 545
m 32 4 1466 78 351 562
m 32 4 143 157 362 562
m 32 4 1097 108 367 545
m 32 4 225 88 369 611
m 32 4 108 29 395 667
m 32 4 141 25 446 600
m 32 4 231 10 450 1000
m 32 4 123 29 453 667
m 32 4 610 10 470 0
m 32 4 96 15 520 333
m 32 4 235 20 548 250
m 32 4 48 5 550 1000
m 32 4 79 5 570 1000
b 32 4 36 74
b 32 4 63 137
b 32 4 174 202
b 32 4 609 267
b 32 4 170 287
b 32 4 147 310
b 32 4 143 362
f 32 4 73 44
f 32 4 229 22
f 32 4 1466 178
f 32 4 63 600
f 32 4 36 356
f 32 4 931 22
f 32 4 139 22
f 32 4 174 400
f 32 4 143 289
f 32 4 170 67
f 32 4 225 244
f 32 4 135 22
f 32 4 123 89
f 32 4 598 22
f 32 4 75 89
f 32 4 267 67
f 32 4 226 22
f 32 4 92 44
f 32 4 100 67
f 32 4 569 200
f 32 4 90 22
f 32 4 223 89
f 32 4 232 22
f 32 4 96 67
f 32 4 235 89
f 32 4 108 133
f 32 4 185 22
f 32 4 244 67
f 32 4 141 67
f 32 4 65 22
f 32 4 1 67
f 32 4 81 22
f 32 4 116 22
f 32 4 160 22
f 32 4 168 22
f 32 4 610 44
h 33 3 6737 567 88
s 33 3 1502 16,16,27,34,44
s 33 3 997 16,16,27,34,237
c 33 3 36 743 60 582
c 33 3 185 943 63 573
c 33 3 214 825 76 579
c 33 3 1 983 145 567
c 33 3 609 872 172 591
c 33 3 116 780 250 573
m 33 3 267 89 134 610
m 33 3 65 89 140 441
m 33 3 1 983 145 567
m 33 3 609 872 172 591
m 33 3 116 780 250 573
m 33 3 931 235 257 694
m 33 3 235 275 307 657
m 33 3 37 37 311 546
m 33 3 108 410 326 594
m 33 3 123 71 334 669
m 33 3 119 127 358 697
m 33 3 48 50 362 688
m 33 3 256 17 407 539
m 33 3 110 137 421 592
m 33 3 220 6 487 762
m 33 3 604 1 586 900
m 33 3 249 1 665 500
m 33 3 1154 0 770 1000
b 33 3 36 62
b 33 3 185 63
b 33 3 214 78
b 33 3 1 142
b 33 3 609 172
b 33 3 116 250
b 33 3 108 330
b 33 3 235 323
b 33 3 110 427
b 33 3 48 463
f 33 3 1 984
f 33 3 116 965
f 33 3 119 293
f 33 3 123 146
f 33 3 931 349
f 33 3 108 645
f 33 3 110 456
f 33 3 185 188
f 33 3 214 376
f 33 3 36 38
f 33 3 90 22
f 33 3 152 124
f 33 3 37 41
f 33 3 96 16
f 33 3 267 49
f 33 3 178 32
f 33 3 65 33
f 33 3 102 11
f 33 3 81 13
f 33 3 1802 14
f 33 3 232 21
f 33 3 256 54
f 33 3 254 11
h 33 2 297 566 4
s 33 2 42 16,16,36,42
s 33 2 40 16,16,27,34,42,44
c 33 2 36 633 39 596
c 33 2 185 751 66 570
c 33 2 214 737 70 571
c 33 2 1 983 144 565
c 33 2 609 690 180 605
c 33 2 116 754 252 571
m 33 2 267 108 123 469
m 33 2 65 215 130 469
m 33 2 1 983 144 565
m 33 2 98 91 169 741
m 33 2 609 690 180 605
m 33 2 931 205 237 639
m 33 2 116 754 252 571
m 33 2 235 246 311 644
m 33 2 108 441 316 580
m 33 2 48 54 347 500
m 33 2 123 84 349 600
m 33 2 119 44 353 769
m 33 2 152 30 379 667
m 33 2 110 189 382 536
m 33 2 256 51 405 667
m 33 2 220 7 515 0
m 33 2 604 3 640 1000
b 33 2 36 66
b 33 2 214 79
b 33 2 185 56
b 33 2 1 148
b 33 2 609 169
b 33 2 98 182
b 33 2 250 245
b 33 2 116 263
b 33 2 108 326
b 33 2 110 395
f 33 2 1 981
f 33 2 116 926
f 33 2 108 741
f 33 2 123 241
f 33 2 931 241
f 33 2 110 611
f 33 2 256 130
f 33 2 214 259
f 33 2 235 426
f 33 2 119 111
f 33 2 604 19
f 33 2 152 93
f 33 2 65 56
f 33 2 98 56
f 33 2 185 130
f 33 2 277 19
f 33 2 1466 19
f 33 2 267 37
f 33 2 223 19
f 33 2 232 19
f 33 2 96 19
f 33 2 610 19
f 33 2 81 19
h 33 4 311 514 4
s 33 4 21 16,16,27,34,44
s 33 4 18 29,43,1123
c 33 4 214 746 71 526
c 33 4 1 958 163 517
c 33 4 116 643 278 560
m 33 4 65 55 136 412
m 33 4 1 958 163 517
m 33 4 609 441 205 591
m 33 4 931 135 250 714
m 33 4 116 643 278 560
m 33 4 254 55 319 294
m 33 4 108 296 336 663
m 33 4 235 119 355 622
m 33 4 123 58 373 778
m 33 4 110 135 421 643
m 33 4 152 35 425 545
m 33 4 119 32 428 500
m 33 4 256 23 430 571
m 33 4 604 3 600 1000
m 33 4 96 3 700 1000
b 33 4 36 74
b 33 4 214 68
b 33 4 1 162
b 33 4 116 277
b 33 4 108 343
b 33 4 110 422
b 33 4 254 338
f 33 4 1 985
f 33 4 116 896
f 33 4 931 224
f 33 4 108 552
f 33 4 152 134
f 33 4 214 537
f 33 4 185 179
f 33 4 170 15
f 33 4 110 388
f 33 4 119 104
f 33 4 77 15
f 33 4 123 134
f 33 4 256 60
f 33 4 254 60
f 33 4 36 90
f 33 4 37 60
f 33 4 267 15
f 33 4 1852 15
f 33 4 1802 15
f 33 4 244 30
f 33 4 232 15
f 33 4 178 15
f 33 4 96 15
f 33 4 65 15
f 33 4 81 15
f 33 4 90 15
f 33 4 604 15
f 33 4 259 15
f 33 4 250 15
h 34 2 4002 524 92
s 34 2 3254 16,16,16,16,42,44,237
s 34 2 338 16,16,16,16,42,44
c 34 2 41 999 16 524
c 34 2 259 964 78 524
c 34 2 1 992 118 523
c 34 2 609 969 192 535
c 34 2 232 640 202 531
c 34 2 108 885 215 563
c 34 2 273 594 224 608
c 34 2 116 539 277 574
m 34 2 609 969 192 535
m 34 2 232 640 202 531
m 34 2 104 147 211 634
m 34 2 108 885 215 563
m 34 2 273 594 224 608
m 34 2 223 104 259 873
m 34 2 254 86 263 571
m 34 2 201 116 268 681
m 34 2 116 539 277 574
m 34 2 202 114 282 690
m 34 2 277 87 288 629
m 34 2 244 121 295 599
m 34 2 203 101 298 707
m 34 2 100 272 319 648
m 34 2 204 130 329 722
m 34 2 119 69 331 710
m 34 2 176 90 338 760
m 34 2 123 162 338 688
m 34 2 610 226 366 702
m 34 2 96 100 387 622
m 34 2 256 32 392 554
m 34 2 604 118 410 711
m 34 2 600 34 415 774
b 34 2 41 16
b 34 2 259 76
b 34 2 1 116
b 34 2 108 221
b 34 2 232 209
b 34 2 609 189
b 34 2 116 286
b 34 2 273 249
b 34 2 100 345
b 34 2 610 384
b 34 2 604 417
b 34 2 96 401
f 34 2 1 574
f 34 2 108 410
f 34 2 116 760
f 34 2 96 261
f 34 2 610 519
f 34 2 232 632
f 34 2 256 79
f 34 2 119 114
f 34 2 600 89
f 34 2 123 315
f 34 2 223 69
f 34 2 604 327
f 34 2 37 72
f 34 2 254 104
f 34 2 259 59
f 34 2 41 109
f 34 2 204 240
f 34 2 100 63
h 35 2 1521 450 78
s 35 2 508 14,16,16,20,42,44,237
s 35 2 244 14,14,16,20,42,44
c 35 2 75 508 21 456
c 35 2 63 993 63 450
c 35 2 166 1000 147 450
c 35 2 236 853 178 462
c 35 2 158 742 238 526
c 35 2 263 541 244 502
c 35 2 609 644 259 479
m 35 2 172 226 139 472
m 35 2 166 1000 147 450
m 35 2 102 119 219 348
m 35 2 158 742 238 526
m 35 2 263 541 244 502
m 35 2 108 141 244 572
m 35 2 609 644 259 479
m 35 2 1 168 301 518
m 35 2 1858 176 302 537
m 35 2 116 263 317 510
m 35 2 249 127 350 554
m 35 2 135 193 350 498
m 35 2 123 43 351 523
m 35 2 141 162 381 561
m 35 2 160 34 383 692
m 35 2 156 100 394 678
m 35 2 247 12 402 722
m 35 2 48 13 468 800
m 35 2 603 43 469 492
m 35 2 133 21 513 375
m 35 2 220 5 631 714
m 35 2 133 1 784 0
b 35 2 75 20
b 35 2 75 20
b 35 2 63 62
b 35 2 166 144
b 35 2 236 172
b 35 2 263 247
b 35 2 158 248
b 35 2 609 266
b 35 2 135 359
b 35 2 156 407
b 35 2 123 375
f 35 2 158 884
f 35 2 603 150
f 35 2 123 90
f 35 2 1097 51
f 35 2 75 119
f 35 2 63 751
f 35 2 166 71
f 35 2 108 150
f 35 2 116 460
f 35 2 156 251
f 35 2 1 155
f 35 2 135 421
f 35 2 133 45
f 35 2 1808 11
f 35 2 160 82
f 35 2 236 51
f 35 2 147 20
f 35 2 152 62
f 35 2 36 37
f 35 2 247 11
f 35 2 149 76
f 35 2 26 42
f 35 2 139 40
h 35 1 316 468 7
s 35 1 82 14,16,16,20,44,237
s 35 1 42 14,14,16,20,44
c 35 1 36 503 27 497
c 35 1 63 987 61 471
c 35 1 166 728 134 478
c 35 1 236 877 179 484
c 35 1 158 636 208 502
c 35 1 609 608 275 500
m 35 1 172 367 128 422
m 35 1 166 728 134 478
m 35 1 65 51 135 500
m 35 1 158 636 208 502
m 35 1 170 70 217 591
m 35 1 108 76 218 708
m 35 1 102 51 229 375
m 35 1 263 351 240 532
m 35 1 1858 405 263 500
m 35 1 609 608 275 500
m 35 1 1 225 278 718
m 35 1 1097 63 317 600
m 35 1 249 168 320 528
m 35 1 116 313 324 475
m 35 1 123 38 329 583
m 35 1 135 250 335 456
m 35 1 139 111 344 514
m 35 1 141 259 359 585
m 35 1 160 47 367 667
m 35 1 156 165 409 615
m 35 1 603 92 443 793
m 35 1 133 32 499 700
m 35 1 48 19 503 667
m 35 1 220 6 645 500
b 35 1 36 24
b 35 1 63 61
b 35 1 166 132
b 35 1 236 191
b 35 1 158 203
b 35 1 263 240
b 35 1 609 286
b 35 1 149 306
b 35 1 141 342
b 35 1 26 249
b 35 1 116 316
f 35 1 158 699
f 35 1 1 108
f 35 1 135 398
f 35 1 247 48
f 35 1 63 614
f 35 1 116 494
f 35 1 143 12
f 35 1 156 398
f 35 1 139 217
f 35 1 236 48
f 35 1 1097 108
f 35 1 133 72
f 35 1 123 72
f 35 1 149 36
f 35 1 166 12
f 35 1 569 12
f 35 1 596 12
f 35 1 160 133
f 35 1 26 48
f 35 1 603 253
f 35 1 152 60
f 35 1 168 12
f 35 1 36 24
f 35 1 147 60
f 35 1 244 12
f 35 1 75 24
f 35 1 108 12
f 35 1 604 12
h 35 4 292 452 8
s 35 4 41 29,42,43,1123
s 35 4 22 29,44
c 35 4 1107 699 202 471
c 35 4 609 582 256 488
c 35 4 108 822 257 488
m 35 4 65 65 146 263
m 35 4 1107 699 202 471
m 35 4 185 41 252 250
m 35 4 609 582 256 488
m 35 4 108 822 257 488
m 35 4 254 58 305 353
m 35 4 102 123 306 472
m 35 4 152 27 322 250
m 35 4 37 82 337 417
m 35 4 534 45 338 538
m 35 4 931 17 354 600
m 35 4 1 92 359 593
m 35 4 166 34 360 500
m 35 4 1808 185 361 556
m 35 4 135 17 390 600
m 35 4 104 7 400 0
m 35 4 158 21 403 667
m 35 4 263 38 405 364
m 35 4 235 72 410 667
m 35 4 277 65 412 474
m 35 4 202 7 465 0
m 35 4 256 10 513 333
m 35 4 141 10 513 1000
m 35 4 48 21 527 333
m 35 4 116 7 550 0
m 35 4 112 3 580 0
m 35 4 203 3 610 0
m 35 4 204 3 620 0
b 35 4 75 29
b 35 4 63 105
b 35 4 108 265
b 35 4 609 284
b 35 4 1107 219
b 35 4 1808 375
b 35 4 236 407
f 35 4 108 896
f 35 4 1 164
f 35 4 37 164
f 35 4 236 60
f 35 4 247 15
f 35 4 143 15
f 35 4 102 149
f 35 4 254 134
f 35 4 1808 478
f 35 4 185 45
f 35 4 65 45
f 35 4 1107 328
f 35 4 158 60
f 35 4 112 15
f 35 4 116 30
f 35 4 256 45
f 35 4 75 149
f 35 4 63 358
f 35 4 139 15
f 35 4 244 75
f 35 4 172 15
f 35 4 149 45
f 35 4 232 15
f 35 4 1802 15
f 35 4 1852 15
f 35 4 135 30
f 35 4 534 45
f 35 4 36 194
f 35 4 90 15
f 35 4 931 45
f 35 4 170 15
f 35 4 229 15
f 35 4 178 15
f 35 4 226 15
f 35 4 259 30
f 35 4 152 15
f 35 4 569 45
f 35 4 100 30
f 35 4 166 15
f 35 4 204 15
f 35 4 1097 15
f 35 4 267 15
f 35 4 123 15
f 35 4 73 15
f 35 4 96 15
h 36 3 4437 479 41
s 36 3 986 16,16,16,20,34,237
s 36 3 743 16,16,20,20,44,237
c 36 3 36 936 29 486
c 36 3 137 879 153 500
c 36 3 48 818 162 537
c 36 3 609 917 193 504
m 36 3 137 879 153 500
m 36 3 48 818 162 537
m 36 3 609 917 193 504
m 36 3 1854 345 208 529
m 36 3 147 218 256 610
m 36 3 100 158 264 503
m 36 3 226 167 274 500
m 36 3 116 279 300 495
m 36 3 1 78 301 484
m 36 3 114 426 313 660
m 36 3 119 296 328 644
m 36 3 123 41 336 615
m 36 3 108 102 364 664
m 36 3 1856 38 369 623
m 36 3 220 119 374 680
m 36 3 600 22 425 660
m 36 3 610 34 429 600
m 36 3 96 9 433 488
m 36 3 110 9 441 425
m 36 3 247 0 730 0
b 36 3 73 30
b 36 3 36 29
b 36 3 137 150
b 36 3 48 162
b 36 3 609 193
b 36 3 170 228
b 36 3 147 256
b 36 3 116 298
b 36 3 114 313
b 36 3 1 326
b 36 3 600 428
f 36 3 137 888
f 36 3 226 278
f 36 3 1854 313
f 36 3 114 761
f 36 3 116 533
f 36 3 48 543
f 36 3 100 147
f 36 3 204 19
f 36 3 254 15
f 36 3 102 15
f 36 3 273 46
f 36 3 119 566
f 36 3 77 14
f 36 3 73 20
f 36 3 123 100
f 36 3 1 80
f 36 3 37 22
f 36 3 36 77
f 36 3 96 38
f 36 3 147 275
f 36 3 90 13
f 36 3 256 29
f 36 3 610 132
f 36 3 108 114
f 36 3 235 24
f 36 3 110 29
f 36 3 267 13
f 36 3 600 75
f 36 3 127 14
f 36 3 154 13
f 36 3 244 14
h 36 1 2907 531 27
s 36 1 591 36,237,237
s 36 1 490 16,16,16,20,34,237
c 36 1 36 948 15 533
c 36 1 137 992 133 533
c 36 1 48 948 162 549
c 36 1 609 950 182 542
c 36 1 114 584 293 629
m 36 1 137 992 133 533
m 36 1 48 948 162 549
m 36 1 609 950 182 542
m 36 1 1854 298 205 561
m 36 1 147 403 237 574
m 36 1 226 94 274 500
m 36 1 100 107 292 505
m 36 1 114 584 293 629
m 36 1 116 344 300 467
m 36 1 119 416 315 639
m 36 1 1 70 317 586
m 36 1 123 47 321 591
m 36 1 108 209 347 644
m 36 1 1856 34 352 636
m 36 1 220 207 356 670
m 36 1 600 45 409 611
m 36 1 610 42 418 603
m 36 1 110 14 422 439
m 36 1 96 7 425 571
m 36 1 133 4 520 636
b 36 1 77 27
b 36 1 36 14
b 36 1 137 129
b 36 1 48 160
b 36 1 609 180
b 36 1 170 207
b 36 1 147 236
b 36 1 114 296
b 36 1 119 320
b 36 1 108 350
b 36 1 220 365
b 36 1 235 359
f 36 1 137 948
f 36 1 114 948
f 36 1 116 616
f 36 1 119 715
f 36 1 108 113
f 36 1 220 503
f 36 1 147 460
f 36 1 36 32
f 36 1 263 14
f 36 1 600 142
f 36 1 610 151
f 36 1 1854 181
f 36 1 226 138
f 36 1 133 13
f 36 1 123 83
f 36 1 1 36
f 36 1 235 31
f 36 1 100 75
f 36 1 110 27
f 36 1 204 11
f 36 1 96 23
h 36 2 3395 462 30
s 36 2 833 16,16,20,20,42,44,237
s 36 2 392 16,20,34,42,44,237
c 36 2 77 510 18 450
c 36 2 36 910 30 469
c 36 2 137 895 149 478
c 36 2 48 873 154 502
c 36 2 609 943 188 479
m 36 2 137 895 149 478
m 36 2 48 873 154 502
m 36 2 609 943 188 479
m 36 2 1854 378 207 497
m 36 2 147 202 252 566
m 36 2 100 175 257 463
m 36 2 226 169 272 489
m 36 2 1 90 284 542
m 36 2 116 268 298 460
m 36 2 114 444 306 638
m 36 2 119 311 326 623
m 36 2 123 39 333 567
m 36 2 1856 40 339 662
m 36 2 108 150 349 673
m 36 2 220 105 372 683
m 36 2 600 31 398 743
m 36 2 96 13 404 500
m 36 2 610 36 415 623
m 36 2 110 8 477 464
b 36 2 77 19
b 36 2 36 33
b 36 2 137 149
b 36 2 609 190
b 36 2 48 159
b 36 2 170 222
b 36 2 147 253
b 36 2 114 311
b 36 2 108 353
b 36 2 114 311
f 36 2 137 875
f 36 2 1854 336
f 36 2 114 823
f 36 2 226 249
f 36 2 48 615
f 36 2 116 494
f 36 2 600 97
f 36 2 119 550
f 36 2 108 155
f 36 2 100 139
f 36 2 610 133
f 36 2 127 11
f 36 2 37 19
f 36 2 123 82
f 36 2 36 74
f 36 2 73 17
f 36 2 1 87
f 36 2 204 16
f 36 2 102 13
f 36 2 256 27
f 36 2 235 40
f 36 2 77 14
f 36 2 96 41
f 36 2 90 13
f 36 2 110 24
f 36 2 225 16
h 37 5 2361 468 87
s 37 5 201 16,16,34,43,44,237,1123
s 37 5 168 16,16,34,43,44,1123
c 37 5 36 687 81 475
c 37 5 180 956 105 473
c 37 5 254 573 212 473
c 37 5 609 512 259 471
m 37 5 244 306 144 497
m 37 5 65 125 181 420
m 37 5 1128 179 183 550
m 37 5 254 573 212 473
m 37 5 79 92 221 601
m 37 5 229 185 222 577
m 37 5 102 174 246 484
m 37 5 609 512 259 471
m 37 5 100 49 268 603
m 37 5 37 186 273 473
m 37 5 232 172 275 467
m 37 5 231 95 287 629
m 37 5 1 97 309 509
m 37 5 226 60 319 570
m 37 5 108 289 321 554
m 37 5 256 54 376 520
m 37 5 110 100 408 544
m 37 5 235 20 429 511
m 37 5 48 13 470 516
m 37 5 220 2 520 800
b 37 5 36 80
b 37 5 180 105
b 37 5 254 210
b 37 5 609 271
b 37 5 232 289
b 37 5 108 347
b 37 5 110 433
b 37 5 1 336
f 37 5 36 178
f 37 5 180 743
f 37 5 254 690
f 37 5 232 267
f 37 5 185 31
f 37 5 102 236
f 37 5 37 267
f 37 5 229 173
f 37 5 123 26
f 37 5 256 149
f 37 5 269 31
f 37 5 108 519
f 37 5 1 207
f 37 5 226 96
f 37 5 110 373
f 37 5 244 36
f 37 5 90 41
f 37 5 152 26
f 37 5 96 34
f 37 5 81 29
f 37 5 100 62
f 37 5 116 14
f 37 5 65 103
f 37 5 119 17
f 37 5 610 22
f 37 5 242 12
f 37 5 1802 14
h 37 4 226 394 9
s 37 4 16 16,16,34,43,44,1123
s 37 4 9 34,43,44,216,237,1123
c 37 4 36 615 74 410
c 37 4 180 969 103 397
c 37 4 254 575 207 438
c 37 4 609 628 241 345
m 37 4 1128 58 154 462
m 37 4 65 186 180 405
m 37 4 254 575 207 438
m 37 4 229 62 209 500
m 37 4 102 137 241 355
m 37 4 609 628 241 345
m 37 4 79 53 248 667
m 37 4 232 270 260 377
m 37 4 37 146 276 303
m 37 4 1 128 298 448
m 37 4 108 447 303 495
m 37 4 231 62 305 643
m 37 4 1802 164 306 676
m 37 4 256 58 338 615
m 37 4 226 71 348 438
m 37 4 110 146 374 606
m 37 4 90 9 435 0
m 37 4 610 13 477 333
m 37 4 48 22 484 400
m 37 4 6 9 485 500
m 37 4 164 4 510 1000
m 37 4 600 4 590 0
b 37 4 36 73
b 37 4 180 104
b 37 4 254 211
b 37 4 609 255
b 37 4 232 285
b 37 4 1466 390
f 37 4 180 705
f 37 4 232 409
f 37 4 254 614
f 37 4 108 614
f 37 4 36 159
f 37 4 110 409
f 37 4 1 318
f 37 4 226 227
f 37 4 185 45
f 37 4 164 23
f 37 4 37 159
f 37 4 1466 91
f 37 4 152 68
f 37 4 102 159
f 37 4 229 91
f 37 4 269 23
f 37 4 244 45
f 37 4 116 23
f 37 4 610 45
f 37 4 256 68
f 37 4 90 45
f 37 4 267 23
f 37 4 1852 45
f 37 4 242 23
f 37 4 123 23
f 37 4 931 23
f 37 4 1802 23
f 37 4 96 23
f 37 4 600 23
h 38 3 2097 515 77
s 38 3 263 16,16,36
s 38 3 251 16,16,28,34,44
c 38 3 36 786 47 516
c 38 3 6 653 52 535
c 38 3 164 656 89 536
c 38 3 108 542 173 494
c 38 3 1 819 203 529
c 38 3 116 646 263 533
m 38 3 635 498 154 553
m 38 3 185 115 161 612
m 38 3 108 542 173 494
m 38 3 1 819 203 529
m 38 3 90 55 225 707
m 38 3 116 646 263 533
m 38 3 147 125 290 599
m 38 3 609 271 293 570
m 38 3 112 253 295 680
m 38 3 119 68 316 585
m 38 3 174 23 356 542
m 38 3 123 20 357 610
m 38 3 1802 20 358 634
m 38 3 250 98 365 612
m 38 3 48 44 366 587
m 38 3 225 45 366 543
m 38 3 96 35 391 562
m 38 3 110 24 402 560
m 38 3 160 5 434 700
m 38 3 600 10 441 550
m 38 3 256 5 447 455
m 38 3 603 8 467 1000
m 38 3 220 10 478 500
m 38 3 610 3 490 333
m 38 3 604 1 535 500
m 38 3 133 4 539 889
b 38 3 178 83
b 38 3 36 55
b 38 3 6 49
b 38 3 164 86
b 38 3 63 167
b 38 3 108 215
b 38 3 1 220
b 38 3 116 268
b 38 3 609 316
b 38 3 170 285
b 38 3 147 314
b 38 3 98 344
b 38 3 250 385
b 38 3 133 640
f 38 3 116 944
f 38 3 1 866
f 38 3 123 59
f 38 3 100 21
f 38 3 108 478
f 38 3 226 27
f 38 3 110 77
f 38 3 635 424
f 38 3 112 409
f 38 3 225 136
f 38 3 96 125
f 38 3 156 15
f 38 3 180 303
f 38 3 90 36
f 38 3 931 59
f 38 3 119 110
f 38 3 1802 12
f 38 3 174 27
f 38 3 210 12
f 38 3 600 39
f 38 3 185 21
f 38 3 36 56
f 38 3 98 36
f 38 3 133 21
f 38 3 610 15
f 38 3 164 21
f 38 3 114 12
f 38 3 160 12
f 38 3 139 24
f 38 3 37 18
f 38 3 256 30
f 38 3 603 42
f 38 3 152 24
h 38 2 473 499 19
s 38 2 148 16,16,16,16,42,44,237
s 38 2 118 16,16,16,16,16,42,44
c 38 2 41 903 15 499
c 38 2 36 776 48 490
c 38 2 63 548 85 486
c 38 2 108 947 148 498
c 38 2 1 863 187 515
c 38 2 609 522 247 543
c 38 2 116 702 249 506
m 38 2 185 53 146 720
m 38 2 108 947 148 498
m 38 2 635 106 154 640
m 38 2 1 863 187 515
m 38 2 104 44 242 667
m 38 2 609 522 247 543
m 38 2 116 702 249 506
m 38 2 147 290 265 599
m 38 2 112 129 298 623
m 38 2 48 72 324 618
m 38 2 123 38 324 500
m 38 2 119 85 326 650
m 38 2 225 63 331 467
m 38 2 277 42 343 600
m 38 2 250 156 350 581
m 38 2 139 21 350 800
m 38 2 249 42 351 500
m 38 2 96 40 369 474
m 38 2 1097 23 390 455
m 38 2 603 27 408 846
m 38 2 600 19 428 778
m 38 2 235 8 440 1000
m 38 2 135 8 452 250
m 38 2 133 8 495 500
m 38 2 220 13 508 833
m 38 2 256 2 570 1000
m 38 2 133 2 580 1000
b 38 2 41 14
b 38 2 36 45
b 38 2 63 81
b 38 2 108 136
b 38 2 1 173
b 38 2 116 242
b 38 2 609 250
b 38 2 170 260
b 38 2 147 294
b 38 2 174 342
b 38 2 1097 328
b 38 2 98 310
b 38 2 250 351
f 38 2 1 780
f 38 2 116 939
f 38 2 108 573
f 38 2 63 463
f 38 2 135 24
f 38 2 123 122
f 38 2 41 12
f 38 2 112 220
f 38 2 603 122
f 38 2 96 98
f 38 2 110 24
f 38 2 204 12
f 38 2 225 146
f 38 2 170 12
f 38 2 160 24
f 38 2 156 12
f 38 2 174 61
f 38 2 235 12
f 38 2 152 37
f 38 2 158 24
f 38 2 119 110
f 38 2 190 12
f 38 2 600 49
f 38 2 635 61
f 38 2 1854 12
f 38 2 114 12
f 38 2 137 12
f 38 2 139 61
f 38 2 104 12
f 38 2 133 49
f 38 2 90 12
f 38 2 37 12
f 38 2 98 37
f 38 2 256 12
f 38 2 939 12
f 38 2 244 12
h 39 2 4377 494 84
s 39 2 3340 16,16,16,16,42,44,237
s 39 2 454 16,16,16,16,16,42,44
c 39 2 41 995 15 494
c 39 2 77 549 42 502
c 39 2 36 920 45 498
c 39 2 63 892 83 498
c 39 2 259 952 136 497
c 39 2 273 774 213 535
c 39 2 108 758 248 522
c 39 2 609 702 259 559
m 39 2 244 105 179 434
m 39 2 273 774 213 535
m 39 2 100 185 240 507
m 39 2 108 758 248 522
m 39 2 609 702 259 559
m 39 2 116 460 290 504
m 39 2 123 179 318 601
m 39 2 48 37 322 622
m 39 2 119 315 339 625
m 39 2 121 112 356 689
m 39 2 235 199 367 661
m 39 2 256 24 405 467
m 39 2 1856 23 406 556
m 39 2 96 43 415 567
m 39 2 110 35 440 536
m 39 2 610 34 447 682
m 39 2 220 6 543 630
b 39 2 41 14
b 39 2 36 44
b 39 2 77 42
b 39 2 63 82
b 39 2 259 130
b 39 2 273 208
b 39 2 108 249
b 39 2 609 265
b 39 2 116 302
b 39 2 119 346
b 39 2 190 303
b 39 2 121 383
b 39 2 100 267
b 39 2 610 459
f 39 2 63 507
f 39 2 116 681
f 39 2 119 615
f 39 2 110 117
f 39 2 256 68
f 39 2 41 96
f 39 2 108 644
f 39 2 96 133
f 39 2 226 53
f 39 2 123 322
f 39 2 610 122
f 39 2 100 134
f 39 2 259 46
f 39 2 37 42
f 39 2 1854 26
f 39 2 267 29
f 39 2 36 38
f 39 2 77 23
f 39 2 114 18
f 39 2 204 21
f 39 2 534 17
f 39 2 190 24
f 39 2 98 19
f 39 2 127 17
f 39 2 178 15
h 39 3 307 479 6
s 39 3 45 16,16,20,20,44,237
s 39 3 29 16,16,20,34,44
c 39 3 77 508 28 474
c 39 3 36 879 40 463
c 39 3 63 746 86 489
c 39 3 259 840 159 496
c 39 3 273 645 226 525
c 39 3 609 648 257 508
c 39 3 108 619 258 532
m 39 3 244 169 177 365
m 39 3 127 72 181 409
m 39 3 1854 75 194 522
m 39 3 231 49 217 667
m 39 3 273 645 226 525
m 39 3 226 55 243 471
m 39 3 100 251 247 442
m 39 3 48 36 248 545
m 39 3 609 648 257 508
m 39 3 108 619 258 532
m 39 3 277 55 293 471
m 39 3 116 287 305 523
m 39 3 123 156 317 562
m 39 3 203 7 330 0
m 39 3 119 241 344 649
m 39 3 121 55 355 706
m 39 3 256 23 360 286
m 39 3 96 33 369 700
m 39 3 235 143 375 568
m 39 3 1856 20 398 500
m 39 3 250 13 410 250
m 39 3 610 49 433 467
m 39 3 110 23 434 571
m 39 3 112 7 545 500
m 39 3 133 3 570 0
b 39 3 77 29
b 39 3 77 29
b 39 3 36 37
b 39 3 63 78
b 39 3 259 145
b 39 3 273 215
b 39 3 609 265
b 39 3 108 262
b 39 3 116 307
f 39 3 127 75
f 39 3 273 792
f 39 3 114 19
f 39 3 119 509
f 39 3 123 302
f 39 3 112 38
f 39 3 116 509
f 39 3 96 75
f 39 3 63 604
f 39 3 108 509
f 39 3 277 94
f 39 3 610 208
f 39 3 267 170
f 39 3 100 245
f 39 3 110 113
f 39 3 1808 19
f 39 3 37 57
f 39 3 1852 38
f 39 3 1854 75
f 39 3 226 75
f 39 3 190 38
f 39 3 223 38
f 39 3 36 57
f 39 3 75 19
f 39 3 98 19
f 39 3 77 57
f 39 3 256 75
f 39 3 598 38
f 39 3 1802 19
f 39 3 204 19
h 39 4 288 490 6
s 39 4 21 16,20,34,42,43,44,1123
s 39 4 14 16,16,34,42,43,44,1123
c 39 4 92 733 64 536
c 39 4 36 715 77 524
c 39 4 609 528 279 507
m 39 4 180 278 138 538
m 39 4 1852 160 145 609
m 39 4 63 194 156 446
m 39 4 267 486 169 529
m 39 4 244 497 176 483
m 39 4 79 56 245 625
m 39 4 100 497 246 545
m 39 4 609 528 279 507
m 39 4 231 66 294 737
m 39 4 273 226 304 462
m 39 4 190 31 307 667
m 39 4 108 378 322 532
m 39 4 226 69 330 700
m 39 4 123 76 343 727
m 39 4 116 62 359 333
m 39 4 119 62 406 444
m 39 4 48 28 410 750
m 39 4 96 31 417 778
m 39 4 610 35 435 800
m 39 4 235 73 437 619
m 39 4 1856 14 440 750
m 39 4 204 7 485 500
m 39 4 110 10 497 667
b 39 4 92 61
b 39 4 36 91
b 39 4 267 167
b 39 4 100 262
b 39 4 609 296
b 39 4 108 338
f 39 4 36 264
f 39 4 267 472
f 39 4 108 597
f 39 4 116 153
f 39 4 63 250
f 39 4 100 417
f 39 4 90 28
f 39 4 98 14
f 39 4 119 194
f 39 4 226 139
f 39 4 1466 14
f 39 4 77 69
f 39 4 1802 28
f 39 4 190 28
f 39 4 127 42
f 39 4 37 139
f 39 4 610 97
f 39 4 123 167
f 39 4 92 28
f 39 4 1854 28
f 39 4 254 14
f 39 4 931 14
f 39 4 229 14
f 39 4 223 14
f 39 4 259 69
f 39 4 96 83
f 39 4 232 42
f 39 4 1808 14
f 39 4 210 14
f 39 4 65 14
f 39 4 244 14
f 39 4 110 28
f 39 4 204 14
f 39 4 256 28
f 39 4 102 14
h 40 5 1160 492 57
s 40 5 96 16,16,20,20,43,237,1123
s 40 5 95 16,16,34,42,43,44,237,1123
c 40 5 92 660 71 510
c 40 5 36 653 73 506
c 40 5 180 611 124 489
m 40 5 180 611 124 489
m 40 5 1852 154 142 447
m 40 5 267 418 170 548
m 40 5 1128 82 191 579
m 40 5 79 222 214 541
m 40 5 185 77 223 596
m 40 5 254 280 238 508
m 40 5 229 87 241 594
m 40 5 102 245 247 539
m 40 5 231 228 261 591
m 40 5 100 141 261 530
m 40 5 609 329 266 531
m 40 5 931 52 281 683
m 40 5 37 203 284 506
m 40 5 232 40 301 457
m 40 5 90 71 305 524
m 40 5 1 147 305 491
m 40 5 226 78 310 582
m 40 5 108 259 313 581
m 40 5 1802 37 331 674
m 40 5 48 25 367 724
m 40 5 123 16 371 632
m 40 5 256 41 391 729
m 40 5 96 49 393 719
m 40 5 610 16 428 579
m 40 5 152 8 494 444
b 40 5 36 68
b 40 5 92 80
b 40 5 180 139
b 40 5 267 189
b 40 5 79 228
b 40 5 231 264
b 40 5 226 324
b 40 5 609 292
f 40 5 206 20
f 40 5 108 424
f 40 5 256 152
f 40 5 229 86
f 40 5 81 30
f 40 5 185 15
f 40 5 244 30
f 40 5 267 449
f 40 5 1 293
f 40 5 36 152
f 40 5 37 288
f 40 5 931 91
f 40 5 226 116
f 40 5 231 293
f 40 5 98 35
f 40 5 102 308
f 40 5 100 167
f 40 5 232 76
f 40 5 90 96
f 40 5 254 384
f 40 5 96 152
f 40 5 79 15
f 40 5 242 10
f 40 5 92 20
f 40 5 610 66
f 40 5 123 51
f 40 5 263 40
f 40 5 119 15
f 40 5 73 25
f 40 5 152 40
f 40 5 259 15
f 40 5 1808 10
f 40 5 1802 15
h 40 4 489 464 32
s 40 4 48 16,16,20,42,43,44,1123
s 40 4 32 16,20,34,43,44,1123
c 40 4 92 787 71 457
c 40 4 36 611 72 455
c 40 4 180 609 128 473
c 40 4 267 526 170 467
m 40 4 180 609 128 473
m 40 4 1852 176 147 523
m 40 4 267 526 170 467
m 40 4 79 241 217 466
m 40 4 206 55 219 444
m 40 4 185 108 220 585
m 40 4 102 268 248 473
m 40 4 254 249 256 475
m 40 4 231 252 260 520
m 40 4 100 188 265 489
m 40 4 609 452 277 480
m 40 4 1 202 287 545
m 40 4 931 76 287 676
m 40 4 37 229 292 438
m 40 4 90 78 297 579
m 40 4 232 53 308 577
m 40 4 108 323 326 532
m 40 4 226 94 348 543
m 40 4 48 29 380 714
m 40 4 235 33 407 812
m 40 4 256 53 411 500
m 40 4 96 45 433 591
m 40 4 223 6 450 667
m 40 4 123 14 496 429
b 40 4 36 76
b 40 4 180 144
b 40 4 92 80
b 40 4 267 181
b 40 4 609 282
f 40 4 267 426
f 40 4 206 49
f 40 4 231 311
f 40 4 108 500
f 40 4 37 246
f 40 4 185 16
f 40 4 100 172
f 40 4 1 303
f 40 4 102 328
f 40 4 254 279
f 40 4 244 49
f 40 4 226 197
f 40 4 256 148
f 40 4 96 131
f 40 4 123 57
f 40 4 232 98
f 40 4 98 41
f 40 4 152 16
f 40 4 36 164
f 40 4 92 41
f 40 4 90 107
f 40 4 229 41
f 40 4 77 25
f 40 4 931 139
f 40 4 73 16
f 40 4 81 16
f 40 4 610 41
f 40 4 242 33
f 40 4 1802 16
f 40 4 119 16
h 41 1 2316 537 92
s 41 1 570 11,16,16,34,44,237
s 41 1 387 11,14,16,16,20,44
c 41 1 36 726 50 547
c 41 1 63 1000 67 537
c 41 1 145 1000 149 537
c 41 1 170 892 189 561
c 41 1 147 781 226 592
c 41 1 108 722 267 644
m 41 1 145 1000 149 537
m 41 1 147 781 226 592
m 41 1 154 56 243 651
m 41 1 26 61 251 620
m 41 1 108 722 267 644
m 41 1 609 442 307 667
m 41 1 116 336 324 594
m 41 1 123 111 341 711
m 41 1 139 222 349 784
m 41 1 160 231 355 770
m 41 1 135 210 357 651
m 41 1 141 63 385 705
m 41 1 1097 38 388 736
m 41 1 156 67 404 756
m 41 1 1 16 434 528
m 41 1 225 14 440 667
m 41 1 48 4 471 600
m 41 1 110 35 494 617
m 41 1 1802 7 504 294
m 41 1 603 10 505 783
m 41 1 133 11 518 680
m 41 1 220 1 627 667
b 41 1 75 28
b 41 1 36 52
b 41 1 63 66
b 41 1 145 147
b 41 1 170 185
b 41 1 147 224
b 41 1 108 271
b 41 1 609 308
b 41 1 160 360
b 41 1 174 347
b 41 1 1097 395
b 41 1 123 354
b 41 1 158 407
f 41 1 145 932
f 41 1 116 646
f 41 1 135 428
f 41 1 158 17
f 41 1 156 186
f 41 1 63 555
f 41 1 108 376
f 41 1 160 419
f 41 1 139 415
f 41 1 225 50
f 41 1 123 231
f 41 1 110 124
f 41 1 36 17
f 41 1 149 13
f 41 1 1 20
f 41 1 603 41
f 41 1 168 11
f 41 1 249 15
f 41 1 133 28
f 41 1 250 13
h 42 3 1982 517 56
s 42 3 363 11,13,16,16,20,44
s 42 3 209 11,13,16,34,44
c 42 3 73 506 22 528
c 42 3 36 782 49 521
c 42 3 50 886 70 517
c 42 3 137 656 169 555
c 42 3 1 889 201 553
c 42 3 609 594 255 604
m 42 3 6 120 121 498
m 42 3 65 58 126 342
m 42 3 151 212 149 533
m 42 3 137 656 169 555
m 42 3 1 889 201 553
m 42 3 127 99 202 467
m 42 3 252 114 222 560
m 42 3 168 198 223 561
m 42 3 609 594 255 604
m 42 3 939 95 286 619
m 42 3 249 37 308 554
m 42 3 250 149 316 634
m 42 3 116 268 316 556
m 42 3 112 284 332 696
m 42 3 108 171 343 619
m 42 3 135 38 355 618
m 42 3 1802 15 363 448
m 42 3 225 96 364 563
m 42 3 600 37 384 685
m 42 3 208 59 387 752
m 42 3 48 16 400 613
m 42 3 110 37 408 630
m 42 3 133 15 451 655
m 42 3 603 22 455 744
m 42 3 1154 1 675 500
b 42 3 73 24
b 42 3 36 53
b 42 3 50 67
b 42 3 137 164
b 42 3 1 207
b 42 3 609 259
b 42 3 98 263
b 42 3 250 324
b 42 3 143 375
b 42 3 208 420
b 42 3 110 403
f 42 3 50 775
f 42 3 137 494
f 42 3 1 747
f 42 3 116 489
f 42 3 112 520
f 42 3 108 298
f 42 3 110 129
f 42 3 119 28
f 42 3 600 118
f 42 3 603 93
f 42 3 225 242
f 42 3 168 219
f 42 3 939 149
f 42 3 143 67
f 42 3 151 169
f 42 3 127 93
f 42 3 145 11
f 42 3 135 90
f 42 3 133 25
f 42 3 226 11
f 42 3 185 17
f 42 3 36 28
f 42 3 267 14
f 42 3 152 11
f 42 3 73 20
f 42 3 158 22
f 42 3 160 14
f 42 3 147 14
f 42 3 98 39
f 42 3 252 11
f 42 3 65 11
h 42 1 1574 529 41
s 42 1 318 11,16,16,34,44,237
s 42 1 177 11,13,16,34,44
c 42 1 36 791 45 529
c 42 1 50 860 62 525
c 42 1 137 842 159 547
c 42 1 1 853 201 560
c 42 1 609 700 257 574
m 42 1 6 130 126 444
m 42 1 137 842 159 547
m 42 1 151 320 166 534
m 42 1 1 853 201 560
m 42 1 168 202 211 591
m 42 1 252 104 232 671
m 42 1 609 700 257 574
m 42 1 939 94 267 682
m 42 1 112 335 308 664
m 42 1 249 79 310 629
m 42 1 116 355 311 513
m 42 1 250 231 311 582
m 42 1 135 111 335 598
m 42 1 108 69 364 587
m 42 1 208 144 381 656
m 42 1 160 15 385 739
m 42 1 225 74 394 586
m 42 1 600 48 402 776
m 42 1 48 15 403 522
m 42 1 603 100 423 601
m 42 1 139 16 433 800
m 42 1 133 39 449 500
m 42 1 110 13 506 714
m 42 1 220 8 519 538
b 42 1 73 26
b 42 1 36 44
b 42 1 50 60
b 42 1 137 156
b 42 1 1 199
b 42 1 609 255
b 42 1 168 246
b 42 1 116 310
b 42 1 112 313
b 42 1 600 394
f 42 1 135 211
f 42 1 116 581
f 42 1 225 233
f 42 1 600 121
f 42 1 50 618
f 42 1 137 590
f 42 1 112 488
f 42 1 1 438
f 42 1 108 81
f 42 1 147 50
f 42 1 110 47
f 42 1 151 236
f 42 1 133 87
f 42 1 603 366
f 42 1 127 19
f 42 1 168 171
f 42 1 939 109
f 42 1 158 53
f 42 1 98 43
f 42 1 139 53
f 42 1 143 71
f 42 1 160 40
h 43 3 1812 493 52
s 43 3 339 16,16,20,20,44,237
s 43 3 195 16,20,34,44,237
c 43 3 77 600 25 487
c 43 3 36 896 37 499
c 43 3 50 541 71 506
c 43 3 100 570 156 500
c 43 3 116 509 271 494
m 43 3 206 61 154 464
m 43 3 100 570 156 500
m 43 3 1854 297 158 496
m 43 3 534 54 184 588
m 43 3 273 320 213 598
m 43 3 48 118 220 549
m 43 3 1 332 232 543
m 43 3 108 303 245 579
m 43 3 226 110 255 553
m 43 3 116 509 271 494
m 43 3 119 373 298 580
m 43 3 235 75 309 669
m 43 3 609 377 312 552
m 43 3 123 40 333 569
m 43 3 1856 89 350 531
m 43 3 96 47 390 616
m 43 3 600 31 424 544
m 43 3 610 51 429 620
m 43 3 220 10 510 526
m 43 3 110 4 534 500
b 43 3 77 26
b 43 3 50 69
b 43 3 36 46
b 43 3 100 141
b 43 3 259 174
b 43 3 273 228
b 43 3 116 273
b 43 3 119 313
b 43 3 1 268
b 43 3 609 331
f 43 3 77 29
f 43 3 50 449
f 43 3 100 473
f 43 3 116 743
f 43 3 267 56
f 43 3 226 123
f 43 3 206 48
f 43 3 1854 254
f 43 3 123 104
f 43 3 65 16
f 43 3 96 150
f 43 3 37 86
f 43 3 119 588
f 43 3 1 321
f 43 3 610 174
f 43 3 108 254
f 43 3 112 43
f 43 3 534 27
f 43 3 600 107
f 43 3 225 13
f 43 3 178 19
f 43 3 256 32
f 43 3 36 35
f 43 3 110 11
f 43 3 259 24
f 43 3 242 13
f 43 3 147 19
f 43 3 114 48
f 43 3 127 19
f 43 3 90 27
h 43 2 1215 498 38
s 43 2 545 16,16,16,16,42,44,237
s 43 2 131 16,16,16,16,16,42,44
c 43 2 41 766 16 490
c 43 2 36 900 43 496
c 43 2 1 509 186 499
c 43 2 116 593 267 455
m 43 2 206 122 132 493
m 43 2 48 401 161 554
m 43 2 1854 172 173 512
m 43 2 100 482 176 490
m 43 2 534 90 176 532
m 43 2 1 509 186 499
m 43 2 273 269 217 550
m 43 2 277 92 226 554
m 43 2 108 402 235 543
m 43 2 116 593 267 455
m 43 2 226 82 280 600
m 43 2 235 86 289 619
m 43 2 609 471 300 537
m 43 2 119 374 305 563
m 43 2 123 58 323 577
m 43 2 1856 147 344 615
m 43 2 96 73 374 539
m 43 2 114 23 397 679
m 43 2 256 14 400 529
m 43 2 610 65 412 633
m 43 2 600 58 416 614
m 43 2 220 23 425 607
m 43 2 110 6 470 571
m 43 2 1154 1 680 0
b 43 2 41 14
b 43 2 50 67
b 43 2 36 46
b 43 2 1 196
b 43 2 108 237
b 43 2 116 268
b 43 2 534 200
b 43 2 114 398
f 43 2 267 64
f 43 2 48 418
f 43 2 1 386
f 43 2 96 171
f 43 2 123 111
f 43 2 119 536
f 43 2 600 168
f 43 2 226 93
f 43 2 112 32
f 43 2 108 332
f 43 2 116 754
f 43 2 225 21
f 43 2 178 14
f 43 2 235 161
f 43 2 37 111
f 43 2 41 39
f 43 2 100 339
f 43 2 1854 193
f 43 2 610 200
f 43 2 36 39
f 43 2 206 50
f 43 2 90 11
f 43 2 256 43
f 43 2 259 14
f 43 2 534 64
f 43 2 110 11
f 43 2 127 25
f 43 2 160 14
f 43 2 137 11
f 43 2 114 46
f 43 2 244 11
f 43 2 1852 21
f 43 2 223 11
f 43 2 147 11
h 44 1 3070 500 95
s 44 1 950 11,16,16,34,44,237
s 44 1 302 11,16,16,16,34,44
c 44 1 36 773 42 510
c 44 1 63 990 68 500
c 44 1 145 1000 142 500
c 44 1 168 648 206 552
c 44 1 116 807 238 535
c 44 1 143 588 284 645
m 44 1 145 1000 142 500
m 44 1 244 82 148 577
m 44 1 168 648 206 552
m 44 1 147 139 230 581
m 44 1 154 64 232 579
m 44 1 116 807 238 535
m 44 1 26 337 286 667
m 44 1 108 46 307 599
m 44 1 135 167 325 634
m 44 1 609 360 332 700
m 44 1 156 412 335 743
m 44 1 225 166 336 590
m 44 1 123 37 341 614
m 44 1 208 352 351 725
m 44 1 133 81 420 573
m 44 1 133 7 447 478
m 44 1 48 9 477 667
m 44 1 247 3 483 700
m 44 1 220 6 534 421
b 44 1 75 24
b 44 1 36 44
b 44 1 63 66
b 44 1 145 139
b 44 1 168 203
b 44 1 116 238
b 44 1 143 291
b 44 1 26 295
b 44 1 156 345
b 44 1 609 333
b 44 1 208 351
f 44 1 135 345
f 44 1 116 926
f 44 1 133 237
f 44 1 168 584
f 44 1 225 377
f 44 1 156 764
f 44 1 145 855
f 44 1 123 96
f 44 1 143 96
f 44 1 63 343
f 44 1 108 19
f 44 1 603 22
f 44 1 160 37
f 44 1 26 15
h 45 5 1245 512 50
s 45 5 192 16,16,34,43,44,1123
s 45 5 106 16,16,34,43,44,237,1123
c 45 5 36 794 72 528
c 45 5 180 816 110 531
c 45 5 254 667 213 527
c 45 5 232 643 234 586
m 45 5 254 667 213 527
m 45 5 259 53 232 697
m 45 5 232 643 234 586
m 45 5 102 153 266 518
m 45 5 100 103 278 648
m 45 5 1 173 295 647
m 45 5 37 76 296 558
m 45 5 609 259 306 495
m 45 5 231 45 309 536
m 45 5 226 65 325 667
m 45 5 108 125 359 673
m 45 5 256 64 369 700
m 45 5 116 26 399 500
m 45 5 96 14 412 765
m 45 5 123 16 412 450
m 45 5 48 20 438 680
b 45 5 73 57
b 45 5 36 70
b 45 5 180 108
b 45 5 254 209
b 45 5 232 256
b 45 5 609 320
b 45 5 108 386
f 45 5 254 763
f 45 5 90 26
f 45 5 931 13
f 45 5 77 22
f 45 5 180 680
f 45 5 232 794
f 45 5 223 35
f 45 5 259 35
f 45 5 116 118
f 45 5 204 18
f 45 5 37 132
f 45 5 36 149
f 45 5 100 145
f 45 5 152 31
f 45 5 244 48
f 45 5 1 311
f 45 5 108 276
f 45 5 256 158
f 45 5 102 202
f 45 5 226 127
f 45 5 114 18
f 45 5 229 31
f 45 5 123 57
f 45 5 1854 22
f 45 5 73 31
f 45 5 96 44
f 45 5 119 13
f 45 5 206 13
f 45 5 610 39
f 45 5 269 53
f 45 5 110 22
h 45 2 192 432 13
s 45 2 90 16,16,16,16,42,44,237
s 45 2 26 16,16,16,16,16,42,44
c 45 2 41 922 15 435
c 45 2 36 885 55 429
c 45 2 180 672 73 434
c 45 2 232 620 149 462
m 45 2 232 620 149 462
m 45 2 223 188 153 611
m 45 2 104 411 175 443
m 45 2 1854 52 186 700
m 45 2 48 198 195 526
m 45 2 201 307 207 458
m 45 2 102 78 210 333
m 45 2 1 349 218 507
m 45 2 254 161 224 581
m 45 2 100 36 229 571
m 45 2 202 286 229 455
m 45 2 203 250 250 479
m 45 2 37 52 258 700
m 45 2 273 130 263 560
m 45 2 609 276 276 434
m 45 2 204 250 277 458
m 45 2 116 109 280 476
m 45 2 108 109 296 524
m 45 2 235 31 308 667
m 45 2 96 31 323 667
m 45 2 277 21 332 500
m 45 2 123 52 340 200
m 45 2 256 42 351 625
m 45 2 220 5 550 0
b 45 2 41 15
b 45 2 36 58
b 45 2 180 73
b 45 2 232 141
b 45 2 104 203
b 45 2 201 226
b 45 2 202 244
b 45 2 203 259
b 45 2 204 288
b 45 2 259 207
f 45 2 259 71
f 45 2 102 214
f 45 2 254 357
f 45 2 256 214
f 45 2 41 71
f 45 2 180 429
f 45 2 204 357
f 45 2 1 429
f 45 2 232 714
f 45 2 1854 71
f 45 2 108 143
f 45 2 123 286
f 45 2 104 71
f 45 2 235 143
f 45 2 36 143
f 45 2 116 71
f 45 2 610 71
f 45 2 65 71
f 45 2 37 71
f 45 2 96 143
f 45 2 77 214
f 45 2 119 71
f 45 2 223 71
f 45 2 203 71
f 45 2 226 71
f 45 2 110 71
h 45 4 900 500 33
s 45 4 132 16,16,34,42,43,44,1123
s 45 4 74 16,16,34,42,43,44,237,1123
c 45 4 36 732 68 519
c 45 4 180 843 103 503
c 45 4 254 637 209 506
c 45 4 232 684 223 550
m 45 4 254 637 209 506
m 45 4 232 684 223 550
m 45 4 223 58 230 750
m 45 4 259 87 247 692
m 45 4 102 127 261 491
m 45 4 100 107 275 562
m 45 4 609 336 292 507
m 45 4 37 84 296 461
m 45 4 1 219 303 563
m 45 4 226 86 338 610
m 45 4 108 132 346 571
m 45 4 123 23 392 476
m 45 4 116 33 396 600
m 45 4 256 54 403 612
m 45 4 96 24 425 591
m 45 4 235 14 441 462
m 45 4 610 9 450 625
m 45 4 48 19 462 471
b 45 4 73 72
b 45 4 36 62
b 45 4 180 103
b 45 4 254 209
b 45 4 232 241
b 45 4 609 303
b 45 4 226 368
b 45 4 1 328
f 45 4 180 714
f 45 4 254 703
f 45 4 100 159
f 45 4 102 148
f 45 4 226 165
f 45 4 96 77
f 45 4 232 819
f 45 4 108 247
f 45 4 152 33
f 45 4 116 104
f 45 4 1854 27
f 45 4 36 231
f 45 4 256 148
f 45 4 37 82
f 45 4 90 27
f 45 4 77 44
f 45 4 242 22
f 45 4 223 55
f 45 4 73 16
f 45 4 931 11
f 45 4 244 33
f 45 4 267 16
f 45 4 1 385
f 45 4 1802 16
f 45 4 123 66
f 45 4 259 22
f 45 4 204 33
f 45 4 229 22
f 45 4 206 22
f 45 4 610 44
f 45 4 269 22
f 45 4 98 11
f 45 4 110 11
h 46 1 3716 465 89
s 46 1 845 16,36,237
s 46 1 831 36,237,237
c 46 1 36 800 1 467
c 46 1 63 1000 59 465
c 46 1 168 960 145 473
c 46 1 236 929 162 480
c 46 1 1 949 179 479
c 46 1 149 669 243 520
c 46 1 263 607 257 531
c 46 1 141 598 283 580
m 46 1 168 960 145 473
m 46 1 1 949 179 479
m 46 1 263 607 257 531
m 46 1 141 598 283 580
m 46 1 116 389 298 484
m 46 1 1858 87 305 536
m 46 1 135 319 309 513
m 46 1 139 118 315 621
m 46 1 123 41 324 563
m 46 1 609 223 350 589
m 46 1 225 45 350 536
m 46 1 603 307 368 655
m 46 1 247 5 460 529
m 46 1 133 47 463 460
m 46 1 133 3 516 500
b 46 1 596 73
b 46 1 63 59
b 46 1 168 143
b 46 1 1 175
b 46 1 236 166
b 46 1 263 261
b 46 1 149 244
b 46 1 141 283
b 46 1 116 314
b 46 1 603 369
b 46 1 135 334
b 46 1 133 482
f 46 1 63 245
f 46 1 168 798
f 46 1 1 167
f 46 1 139 194
f 46 1 135 559
f 46 1 116 664
f 46 1 133 154
f 46 1 604 10
f 46 1 603 816
f 46 1 236 25
f 46 1 225 103
f 46 1 123 87
f 46 1 147 12
f 46 1 96 15
f 46 1 156 15
h 46 2 344 430 9
s 46 2 86 16,16,16,16,42,44,237
s 46 2 39 16,16,16,20,42,44,237
c 46 2 36 634 47 417
c 46 2 63 1000 59 430
c 46 2 236 872 151 437
c 46 2 1 953 160 433
c 46 2 168 919 169 440
c 46 2 263 613 257 512
c 46 2 149 587 260 540
m 46 2 1 953 160 433
m 46 2 168 919 169 440
m 46 2 108 49 211 412
m 46 2 102 61 251 381
m 46 2 263 613 257 512
m 46 2 141 453 298 615
m 46 2 116 294 304 465
m 46 2 135 256 306 466
m 46 2 139 52 350 667
m 46 2 123 35 352 417
m 46 2 609 186 353 562
m 46 2 225 76 357 654
m 46 2 1097 20 379 571
m 46 2 603 212 384 644
m 46 2 133 23 430 375
m 46 2 48 6 530 0
m 46 2 220 3 540 0
b 46 2 36 45
b 46 2 63 62
b 46 2 596 74
b 46 2 168 165
b 46 2 1 166
b 46 2 236 158
b 46 2 263 264
b 46 2 149 266
b 46 2 141 305
b 46 2 98 305
f 46 2 63 415
f 46 2 168 906
f 46 2 116 547
f 46 2 225 245
f 46 2 603 604
f 46 2 1 340
f 46 2 135 472
f 46 2 149 75
f 46 2 1097 75
f 46 2 147 38
f 46 2 123 57
f 46 2 139 151
f 46 2 108 57
f 46 2 96 19
f 46 2 250 19
f 46 2 133 57
f 46 2 160 38
f 46 2 236 19
h 47 2 1699 566 44
s 47 2 539 16,16,20,20,42,44,237
s 47 2 225 16,16,16,16,42,44,237
c 47 2 36 778 56 559
c 47 2 48 538 118 570
c 47 2 236 647 174 539
c 47 2 263 624 238 552
c 47 2 609 590 306 748
m 47 2 598 220 151 566
m 47 2 1 428 178 610
m 47 2 1854 62 188 590
m 47 2 102 207 205 486
m 47 2 108 242 237 556
m 47 2 263 624 238 552
m 47 2 147 338 252 616
m 47 2 116 430 300 525
m 47 2 609 590 306 748
m 47 2 37 58 308 449
m 47 2 123 46 323 641
m 47 2 119 121 324 566
m 47 2 250 46 354 658
m 47 2 160 138 357 677
m 47 2 114 29 362 620
m 47 2 96 36 382 508
m 47 2 139 56 385 632
m 47 2 135 22 400 486
m 47 2 158 11 416 211
m 47 2 220 33 436 679
m 47 2 603 12 509 550
m 47 2 604 1 585 500
b 47 2 41 17
b 47 2 73 31
b 47 2 36 57
b 47 2 48 123
b 47 2 598 152
b 47 2 236 179
b 47 2 263 240
b 47 2 609 318
f 47 2 96 98
f 47 2 135 65
f 47 2 603 50
f 47 2 36 133
f 47 2 48 487
f 47 2 108 281
f 47 2 1 397
f 47 2 116 626
f 47 2 98 113
f 47 2 127 38
f 47 2 100 23
f 47 2 598 163
f 47 2 147 344
f 47 2 119 229
f 47 2 75 25
f 47 2 244 23
f 47 2 160 254
f 47 2 123 80
f 47 2 77 25
f 47 2 114 68
f 47 2 37 28
f 47 2 73 50
f 47 2 931 10
f 47 2 1854 70
f 47 2 610 15
f 47 2 139 138
f 47 2 152 18
f 47 2 210 13
f 47 2 236 40
f 47 2 206 18
f 47 2 41 30
f 47 2 112 33
f 47 2 600 28
f 47 2 65 15
f 47 2 158 28
f 47 2 226 38
f 47 2 154 20
f 47 2 225 28
f 47 2 256 18
f 47 2 166 10
f 47 2 156 23
f 47 2 102 10
f 47 2 185 10
h 47 1 206 481 4
s 47 1 60 16,16,20,20,44,237
s 47 1 14 14,16,16,20,44,237
c 47 1 36 748 35 506
c 47 1 63 738 65 507
c 47 1 236 772 153 491
c 47 1 170 684 167 482
c 47 1 147 617 212 512
c 47 1 263 578 230 496
c 47 1 609 626 290 682
m 47 1 598 160 130 545
m 47 1 48 262 138 407
m 47 1 166 83 144 471
m 47 1 65 49 175 200
m 47 1 98 63 175 615
m 47 1 102 83 194 471
m 47 1 147 617 212 512
m 47 1 158 63 228 615
m 47 1 1 218 229 667
m 47 1 108 112 230 261
m 47 1 263 578 230 496
m 47 1 609 626 290 682
m 47 1 1858 83 299 706
m 47 1 116 311 305 391
m 47 1 26 44 309 333
m 47 1 139 160 330 515
m 47 1 123 44 339 778
m 47 1 160 272 341 643
m 47 1 249 19 368 1000
m 47 1 135 68 379 429
m 47 1 156 24 450 400
m 47 1 1856 10 455 500
m 47 1 220 15 463 333
m 47 1 603 15 473 333
m 47 1 1097 10 500 1000
m 47 1 133 5 520 0
m 47 1 600 5 570 1000
b 47 1 596 64
b 47 1 36 50
b 47 1 63 64
b 47 1 236 138
b 47 1 170 161
b 47 1 147 208
b 47 1 609 304
b 47 1 263 222
f 47 1 63 596
f 47 1 147 723
f 47 1 116 638
f 47 1 160 596
f 47 1 1 277
f 47 1 596 128
f 47 1 135 149
f 47 1 158 64
f 47 1 139 383
f 47 1 77 43
f 47 1 244 21
f 47 1 123 64
f 47 1 249 43
f 47 1 154 64
f 47 1 603 43
f 47 1 225 21
f 47 1 36 85
f 47 1 108 85
f 47 1 226 43
f 47 1 1806 43
f 47 1 600 21
f 47 1 1097 21
f 47 1 127 21
f 47 1 112 43
f 47 1 166 21
f 47 1 236 43
f 47 1 598 85
f 47 1 100 21
f 47 1 114 21
f 47 1 98 21
f 47 1 75 21
f 47 1 156 85
f 47 1 235 43
f 47 1 133 21
f 47 1 1856 43
f 47 1 1854 21
f 47 1 121 21
f 47 1 119 43
f 47 1 73 21
h 47 3 1815 484 41
s 47 3 583 16,16,20,20,44,237
s 47 3 110 14,16,16,20,44,237
c 47 3 36 809 50 496
c 47 3 63 710 72 469
c 47 3 236 613 150 491
c 47 3 263 579 214 507
m 47 3 598 145 154 523
m 47 3 48 242 166 545
m 47 3 1854 77 181 511
m 47 3 102 219 185 462
m 47 3 127 52 187 394
m 47 3 98 84 205 497
m 47 3 263 579 214 507
m 47 3 108 287 225 484
m 47 3 1 248 231 531
m 47 3 147 335 249 546
m 47 3 226 61 279 550
m 47 3 116 320 302 497
m 47 3 609 482 304 742
m 47 3 119 148 311 563
m 47 3 100 28 313 460
m 47 3 123 47 321 616
m 47 3 1856 21 376 368
m 47 3 160 116 377 578
m 47 3 114 40 377 653
m 47 3 139 57 393 558
m 47 3 135 18 398 500
m 47 3 96 25 418 435
m 47 3 220 14 443 615
m 47 3 610 6 485 545
m 47 3 133 2 555 0
b 47 3 75 24
b 47 3 75 24
b 47 3 36 52
b 47 3 63 71
b 47 3 236 138
b 47 3 263 204
b 47 3 170 201
b 47 3 147 248
b 47 3 609 307
b 47 3 116 306
f 47 3 36 141
f 47 3 63 538
f 47 3 598 138
f 47 3 116 538
f 47 3 596 19
f 47 3 139 167
f 47 3 160 281
f 47 3 603 21
f 47 3 1 279
f 47 3 1854 77
f 47 3 108 318
f 47 3 610 27
f 47 3 114 117
f 47 3 244 19
f 47 3 123 88
f 47 3 206 16
f 47 3 119 279
f 47 3 77 19
f 47 3 98 53
f 47 3 37 50
f 47 3 100 32
f 47 3 225 19
f 47 3 226 90
f 47 3 600 27
f 47 3 135 48
f 47 3 96 90
f 47 3 75 66
f 47 3 127 42
f 47 3 73 24
f 47 3 236 19
f 47 3 931 11
f 47 3 156 19
f 47 3 185 11
f 47 3 170 13
f 47 3 137 11
f 47 3 102 16
f 47 3 158 13
f 47 3 112 29
f 47 3 152 13
h 47 4 123 431 4
s 47 4 31 16,16,16,20,42,43,44,1123
s 47 4 8 16,16,20,43,44,237,1123
c 47 4 36 504 85 516
c 47 4 63 593 113 397
m 47 4 1852 57 146 571
m 47 4 267 98 177 583
m 47 4 102 179 213 227
m 47 4 263 366 248 467
m 47 4 100 57 251 571
m 47 4 98 73 254 333
m 47 4 1 325 266 650
m 47 4 609 244 282 667
m 47 4 231 24 290 333
m 47 4 108 89 314 636
m 47 4 37 89 315 636
m 47 4 147 49 325 500
m 47 4 226 33 345 500
m 47 4 116 114 352 500
m 47 4 48 41 360 600
m 47 4 96 24 403 333
m 47 4 119 24 437 333
m 47 4 1466 8 460 1000
m 47 4 158 8 680 0
m 47 4 133 8 700 0
b 47 4 63 110
b 47 4 36 86
b 47 4 236 176
b 47 4 263 233
b 47 4 1 311
b 47 4 116 343
b 47 4 609 295
f 47 4 63 667
f 47 4 37 111
f 47 4 1 611
f 47 4 244 278
f 47 4 102 56
f 47 4 139 56
f 47 4 36 222
f 47 4 273 56
f 47 4 534 56
f 47 4 127 56
f 47 4 116 278
f 47 4 119 111
f 47 4 108 111
f 47 4 147 111
f 47 4 96 111
f 47 4 158 56
f 47 4 75 167
f 47 4 236 111
f 47 4 154 56
f 47 4 98 111
f 47 4 152 56
f 47 4 598 56
f 47 4 123 56
f 47 4 1466 56
f 47 4 137 56
f 47 4 121 56
f 47 4 226 56
f 47 4 1852 56
f 47 4 610 56
f 47 4 254 56
h 48 1 15241 499 97
s 48 1 3670 16,36,237
s 48 1 3086 36,237,237
c 48 1 36 812 4 505
c 48 1 63 999 54 499
c 48 1 26 880 81 497
c 48 1 172 951 98 499
c 48 1 170 987 135 504
c 48 1 147 962 171 514
c 48 1 1 674 235 560
c 48 1 139 571 259 599
c 48 1 116 620 270 525
m 48 1 147 962 171 514
m 48 1 1 674 235 560
m 48 1 139 571 259 599
m 48 1 263 90 264 551
m 48 1 116 620 270 525
m 48 1 249 49 299 545
m 48 1 119 41 314 660
m 48 1 609 427 316 591
m 48 1 160 43 326 652
m 48 1 141 234 336 622
m 48 1 603 346 338 686
m 48 1 135 42 354 528
m 48 1 156 284 361 674
m 48 1 133 62 408 516
m 48 1 48 7 460 655
m 48 1 133 3 476 595
m 48 1 247 3 506 674
m 48 1 220 4 510 661
m 48 1 635 0 750 0
b 48 1 75 26
b 48 1 36 1
b 48 1 63 54
b 48 1 26 81
b 48 1 172 97
b 48 1 170 134
b 48 1 147 168
b 48 1 139 265
b 48 1 1 248
b 48 1 116 279
b 48 1 609 326
b 48 1 156 370
b 48 1 603 357
b 48 1 141 371
b 48 1 48 483
f 48 1 139 714
f 48 1 156 696
f 48 1 603 768
f 48 1 116 846
f 48 1 63 253
f 48 1 135 107
f 48 1 160 79
f 48 1 133 143
f 48 1 1 130
f 48 1 123 44
f 48 1 149 25
f 48 1 225 22
f 48 1 108 13
f 48 1 119 78
h 49 3 9388 521 51
s 49 3 1694 13,13,16,16,34
s 49 3 1188 11,13,16,34,44
c 49 3 73 641 23 526
c 49 3 178 961 58 526
c 49 3 36 742 61 532
c 49 3 63 991 75 522
c 49 3 1 973 137 532
c 49 3 609 942 166 530
c 49 3 116 766 249 556
m 49 3 1 973 137 532
m 49 3 609 942 166 530
m 49 3 137 71 198 608
m 49 3 116 766 249 556
m 49 3 235 447 305 659
m 49 3 119 274 335 647
m 49 3 108 205 359 683
m 49 3 250 61 360 660
m 49 3 112 63 364 685
m 49 3 225 25 398 586
m 49 3 135 9 417 466
m 49 3 141 13 419 508
m 49 3 600 64 434 715
m 49 3 48 11 442 733
m 49 3 603 6 511 696
m 49 3 133 5 520 609
m 49 3 220 4 526 632
b 49 3 73 23
b 49 3 63 77
b 49 3 178 63
b 49 3 36 63
b 49 3 1 135
b 49 3 609 164
b 49 3 116 246
b 49 3 235 313
b 49 3 108 370
b 49 3 119 341
b 49 3 600 442
b 49 3 168 466
f 49 3 116 949
f 49 3 133 10
f 49 3 600 235
f 49 3 63 832
f 49 3 158 18
f 49 3 119 542
f 49 3 137 65
f 49 3 1 729
f 49 3 225 81
f 49 3 156 17
f 49 3 123 25
f 49 3 226 38
f 49 3 178 155
f 49 3 108 341
f 49 3 65 11
f 49 3 114 28
f 49 3 98 50
f 49 3 96 28
f 49 3 112 141
f 49 3 100 12
f 49 3 135 30
f 49 3 598 25
f 49 3 152 14
f 49 3 603 28
f 49 3 36 23
f 49 3 610 15
f 49 3 73 12
h 49 1 1165 494 5
s 49 1 177 11,13,16,34,44
s 49 1 160 13,13,16,16,34
c 49 1 36 650 56 513
c 49 1 178 879 61 505
c 49 1 63 996 64 495
c 49 1 137 538 162 525
c 49 1 1 845 188 532
c 49 1 609 678 195 524
c 49 1 116 701 259 528
m 49 1 172 64 122 486
m 49 1 166 206 147 475
m 49 1 151 64 149 413
m 49 1 137 538 162 525
m 49 1 1 845 188 532
m 49 1 609 678 195 524
m 49 1 158 191 199 507
m 49 1 116 701 259 528
m 49 1 147 70 268 543
m 49 1 152 44 272 471
m 49 1 235 300 301 654
m 49 1 263 51 309 610
m 49 1 1858 39 320 674
m 49 1 108 287 327 656
m 49 1 119 122 337 606
m 49 1 112 54 340 651
m 49 1 250 90 341 638
m 49 1 141 115 345 522
m 49 1 135 64 356 554
m 49 1 225 20 375 391
m 49 1 156 66 393 519
m 49 1 48 15 394 667
m 49 1 600 109 401 693
m 49 1 603 58 420 588
m 49 1 139 21 440 480
m 49 1 1097 8 470 556
m 49 1 133 18 498 571
m 49 1 220 4 510 800
b 49 1 36 63
b 49 1 63 62
b 49 1 178 63
b 49 1 137 160
b 49 1 1 198
b 49 1 609 208
b 49 1 116 257
b 49 1 235 316
b 49 1 108 337
b 49 1 600 393
b 49 1 119 360
f 49 1 137 412
f 49 1 116 892
f 49 1 108 233
f 49 1 158 238
f 49 1 603 200
f 49 1 63 512
f 49 1 1 438
f 49 1 123 25
f 49 1 112 117
f 49 1 156 175
f 49 1 151 42
f 49 1 235 479
f 49 1 119 238
f 49 1 247 12
f 49 1 135 154
f 49 1 149 21
f 49 1 600 304
f 49 1 114 17
f 49 1 160 33
f 49 1 139 71
f 49 1 147 75
f 49 1 178 25
f 49 1 154 38
f 49 1 598 12
f 49 1 610 12
f 49 1 225 50
f 49 1 98 29
f 49 1 133 54
f 49 1 152 17
f 49 1 236 12
f 49 1 65 12
h 49 2 8381 525 41
s 49 2 1806 13,13,16,16,16,20,42
s 49 2 819 11,13,16,16,20,42,44
c 49 2 73 683 16 535
c 49 2 36 763 51 539
c 49 2 178 938 56 529
c 49 2 63 994 70 526
c 49 2 1 976 128 535
c 49 2 609 932 165 534
c 49 2 116 786 239 553
c 49 2 235 500 293 656
m 49 2 1 976 128 535
m 49 2 609 932 165 534
m 49 2 137 88 198 595
m 49 2 116 786 239 553
m 49 2 235 500 293 656
m 49 2 263 35 316 564
m 49 2 119 283 326 650
m 49 2 250 106 339 628
m 49 2 108 219 351 672
m 49 2 112 49 359 671
m 49 2 225 24 390 558
m 49 2 141 16 400 649
m 49 2 600 94 411 736
m 49 2 48 11 435 621
m 49 2 610 4 470 757
m 49 2 603 6 484 722
m 49 2 133 6 533 736
m 49 2 220 5 560 537
m 49 2 1154 1 591 714
b 49 2 73 16
b 49 2 73 16
b 49 2 36 53
b 49 2 178 59
b 49 2 63 70
b 49 2 1 125
b 49 2 609 159
b 49 2 116 232
b 49 2 235 299
b 49 2 119 341
b 49 2 600 416
b 49 2 108 369
b 49 2 96 461
b 49 2 220 589
f 49 2 63 781
f 49 2 178 105
f 49 2 116 951
f 49 2 119 521
f 49 2 600 333
f 49 2 1 629
f 49 2 108 343
f 49 2 36 16
f 49 2 100 15
f 49 2 73 11
f 49 2 225 76
f 49 2 112 122
f 49 2 135 31
f 49 2 137 80
f 49 2 158 44
f 49 2 114 30
f 49 2 98 65
f 49 2 156 27
f 49 2 133 23
f 49 2 123 36
f 49 2 598 29
f 49 2 96 23
f 49 2 603 32
f 49 2 226 20
f 49 2 160 15
f 49 2 610 18
h 50 5 4800 540 91
s 50 5 892 16,16,34,43,44,237,1123
s 50 5 676 16,16,34,43,44,1123
c 50 5 36 938 74 544
c 50 5 180 796 120 562
c 50 5 269 704 200 570
m 50 5 269 704 200 570
m 50 5 79 369 239 626
m 50 5 1128 56 239 622
m 50 5 254 297 263 563
m 50 5 229 57 275 625
m 50 5 102 109 277 560
m 50 5 100 77 292 604
m 50 5 231 280 293 668
m 50 5 37 106 295 540
m 50 5 1 266 298 629
m 50 5 232 107 308 629
m 50 5 609 179 309 665
m 50 5 226 50 347 594
m 50 5 108 27 361 626
m 50 5 256 62 380 670
m 50 5 235 14 444 672
m 50 5 48 8 449 692
m 50 5 96 6 480 448
m 50 5 133 0 650 1000
b 50 5 36 73
b 50 5 180 123
b 50 5 269 208
b 50 5 79 250
b 50 5 231 301
b 50 5 1128 268
b 50 5 229 305
b 50 5 609 313
b 50 5 232 321
b 50 5 609 313
f 50 5 269 748
f 50 5 1 470
f 50 5 226 129
f 50 5 244 97
f 50 5 254 455
f 50 5 102 171
f 50 5 231 422
f 50 5 229 85
f 50 5 36 90
f 50 5 256 195
f 50 5 232 236
f 50 5 73 15
f 50 5 100 131
f 50 5 81 10
f 50 5 90 10
f 50 5 108 72
f 50 5 37 168
f 50 5 96 32
f 50 5 79 48
f 50 5 610 13
h 50 4 304 510 7
s 50 4 62 16,16,34,43,44,237,1123
s 50 4 35 16,16,34,43,44,1123
c 50 4 36 908 80 496
c 50 4 180 845 116 525
c 50 4 269 697 197 533
m 50 4 244 312 120 537
m 50 4 269 697 197 533
m 50 4 79 421 232 539
m 50 4 1128 46 243 643
m 50 4 254 332 267 475
m 50 4 229 39 267 667
m 50 4 102 89 279 593
m 50 4 100 102 283 548
m 50 4 231 316 291 573
m 50 4 1 293 299 618
m 50 4 609 204 300 532
m 50 4 37 105 302 656
m 50 4 232 151 316 478
m 50 4 108 26 344 500
m 50 4 226 59 368 500
m 50 4 235 20 457 500
b 50 4 36 74
b 50 4 180 117
b 50 4 269 199
b 50 4 79 241
b 50 4 231 290
b 50 4 254 274
b 50 4 232 336
f 50 4 244 67
f 50 4 254 517
f 50 4 226 150
f 50 4 98 17
f 50 4 269 750
f 50 4 77 17
f 50 4 1 533
f 50 4 108 67
f 50 4 180 467
f 50 4 36 83
f 50 4 79 67
f 50 4 37 117
f 50 4 100 133
f 50 4 229 83
f 50 4 232 283
f 50 4 102 150
f 50 4 235 83
f 50 4 1854 17
f 50 4 236 17
f 50 4 73 50
f 50 4 90 17
f 50 4 267 33
f 50 4 256 50
f 50 4 133 17
f 50 4 206 17
f 50 4 1852 17
h 51 5 1910 490 49
s 51 5 305 29,43,1123
s 51 5 131 16,16,43,44,244,1123
c 51 5 214 897 77 488
c 51 5 36 689 98 498
m 51 5 1852 261 168 463
m 51 5 267 129 197 538
m 51 5 1128 80 198 592
m 51 5 229 79 242 603
m 51 5 185 70 244 604
m 51 5 127 61 247 513
m 51 5 100 355 253 543
m 51 5 1 270 259 570
m 51 5 102 305 262 526
m 51 5 254 175 266 494
m 51 5 609 301 302 591
m 51 5 37 174 313 465
m 51 5 226 129 336 660
m 51 5 108 34 396 662
m 51 5 256 18 397 771
m 51 5 116 12 437 522
m 51 5 96 19 440 667
m 51 5 610 20 448 658
m 51 5 48 6 497 500
m 51 5 220 1 780 1000
b 51 5 214 78
b 51 5 36 98
b 51 5 100 257
b 51 5 102 262
b 51 5 254 260
b 51 5 609 304
f 51 5 214 817
f 51 5 267 118
f 51 5 1854 39
f 51 5 119 21
f 51 5 36 277
f 51 5 90 50
f 51 5 229 110
f 51 5 108 94
f 51 5 244 47
f 51 5 254 233
f 51 5 73 18
f 51 5 127 73
f 51 5 256 42
f 51 5 96 60
f 51 5 226 262
f 51 5 114 16
f 51 5 1 338
f 51 5 610 71
f 51 5 116 34
f 51 5 100 406
f 51 5 92 21
f 51 5 98 37
f 51 5 185 29
f 51 5 37 304
f 51 5 931 50
f 51 5 65 10
f 51 5 242 13
f 51 5 102 421
f 51 5 210 13
f 51 5 81 24
f 51 5 1802 10
h 51 4 1727 513 47
s 51 4 588 29,42,43,1123
s 51 4 254 29,42,44
c 51 4 214 911 70 509
c 51 4 36 661 101 524
c 51 4 92 595 109 515
m 51 4 1852 406 165 524
m 51 4 267 146 197 532
m 51 4 127 74 244 520
m 51 4 185 76 245 606
m 51 4 100 376 257 589
m 51 4 229 47 259 683
m 51 4 1 309 264 597
m 51 4 102 270 265 510
m 51 4 254 162 266 521
m 51 4 37 167 307 516
m 51 4 609 316 309 628
m 51 4 226 131 336 608
m 51 4 931 50 341 721
m 51 4 108 57 370 561
m 51 4 610 19 430 812
m 51 4 96 12 432 700
m 51 4 256 16 437 643
m 51 4 116 13 442 545
b 51 4 214 71
b 51 4 36 107
b 51 4 92 113
b 51 4 1852 166
b 51 4 100 270
b 51 4 102 275
b 51 4 609 308
b 51 4 610 433
f 51 4 214 784
f 51 4 1 403
f 51 4 102 361
f 51 4 100 378
f 51 4 267 159
f 51 4 254 202
f 51 4 123 11
f 51 4 119 34
f 51 4 36 295
f 51 4 610 57
f 51 4 226 244
f 51 4 96 40
f 51 4 90 57
f 51 4 73 14
f 51 4 127 114
f 51 4 108 136
f 51 4 229 71
f 51 4 242 11
f 51 4 931 111
f 51 4 37 241
f 51 4 244 62
f 51 4 1854 57
f 51 4 1802 14
f 51 4 98 43
f 51 4 92 17
f 51 4 116 40
f 51 4 256 40
f 51 4 185 14
f 51 4 77 14
f 51 4 81 20
h 52 2 2187 501 72
s 52 2 1629 16,16,16,16,42,44,237
s 52 2 289 16,16,16,16,42,44
c 52 2 41 997 13 500
c 52 2 36 894 49 505
c 52 2 180 796 72 500
c 52 2 1 862 146 508
c 52 2 259 964 149 511
c 52 2 273 511 225 555
c 52 2 116 567 260 520
m 52 2 1 862 146 508
m 52 2 231 61 222 632
m 52 2 48 192 225 599
m 52 2 273 511 225 555
m 52 2 277 270 233 609
m 52 2 100 178 234 544
m 52 2 116 567 260 520
m 52 2 121 374 283 684
m 52 2 1802 82 284 631
m 52 2 108 142 307 534
m 52 2 119 304 322 671
m 52 2 123 34 328 649
m 52 2 1856 77 329 696
m 52 2 96 175 343 640
m 52 2 609 264 351 552
m 52 2 610 46 419 720
m 52 2 220 27 431 746
m 52 2 600 53 439 744
m 52 2 133 5 472 900
b 52 2 41 14
b 52 2 36 44
b 52 2 180 70
b 52 2 1 146
b 52 2 259 149
b 52 2 273 228
b 52 2 116 260
b 52 2 190 274
b 52 2 121 314
b 52 2 119 336
b 52 2 609 372
b 52 2 100 262
f 52 2 108 139
f 52 2 119 561
f 52 2 600 209
f 52 2 116 757
f 52 2 604 27
f 52 2 180 364
f 52 2 1 679
f 52 2 110 32
f 52 2 96 412
f 52 2 133 16
f 52 2 41 35
f 52 2 259 29
f 52 2 123 83
f 52 2 100 102
f 52 2 610 163
f 52 2 37 48
f 52 2 152 11
f 52 2 226 27
f 52 2 90 11
f 52 2 1854 37
f 52 2 190 11
f 52 2 36 11
f 52 2 256 11
h 52 1 424 608 17
s 52 1 106 16,20,34,44,237
s 52 1 74 16,16,20,20,44,237
c 52 1 36 910 30 611
c 52 1 180 948 59 622
c 52 1 259 976 119 616
c 52 1 231 528 168 719
c 52 1 273 509 171 657
c 52 1 190 502 212 685
c 52 1 116 611 255 598
c 52 1 121 528 256 737
m 52 1 277 408 167 613
m 52 1 231 528 168 719
m 52 1 273 509 171 657
m 52 1 1854 151 180 562
m 52 1 1 302 235 547
m 52 1 48 61 244 500
m 52 1 116 611 255 598
m 52 1 121 528 256 737
m 52 1 100 118 264 620
m 52 1 119 493 274 679
m 52 1 108 358 278 638
m 52 1 1802 75 301 531
m 52 1 1856 57 325 667
m 52 1 123 50 327 571
m 52 1 609 325 345 652
m 52 1 96 137 361 569
m 52 1 110 57 368 583
m 52 1 600 71 410 633
m 52 1 610 54 412 826
m 52 1 220 17 476 571
b 52 1 36 40
b 52 1 77 22
b 52 1 180 56
b 52 1 259 140
b 52 1 273 188
b 52 1 108 280
b 52 1 190 243
b 52 1 116 265
b 52 1 121 284
b 52 1 231 147
f 52 1 1 291
f 52 1 96 456
f 52 1 116 911
f 52 1 610 190
f 52 1 119 633
f 52 1 600 266
f 52 1 231 430
f 52 1 123 76
f 52 1 100 63
f 52 1 108 114
f 52 1 235 25
f 52 1 256 13
f 52 1 604 25
f 52 1 37 13
f 52 1 263 13
f 52 1 1806 13
f 52 1 110 127
f 52 1 1854 76
f 52 1 133 25
f 52 1 259 13
f 52 1 226 25
f 52 1 1466 13
f 52 1 190 13
h 53 1 3884 475 55
s 53 1 1168 16,16,20,20,44,237
s 53 1 835 36,237,237
c 53 1 36 821 7 480
c 53 1 63 994 55 476
c 53 1 166 992 113 476
c 53 1 158 977 153 482
c 53 1 236 914 179 485
c 53 1 263 540 230 510
c 53 1 116 732 247 472
m 53 1 158 977 153 482
m 53 1 102 53 215 390
m 53 1 263 540 230 510
m 53 1 147 52 239 547
m 53 1 116 732 247 472
m 53 1 1858 204 289 556
m 53 1 249 98 306 472
m 53 1 26 205 309 578
m 53 1 139 302 310 578
m 53 1 141 391 315 547
m 53 1 160 100 317 637
m 53 1 135 164 319 436
m 53 1 250 31 345 525
m 53 1 156 320 348 628
m 53 1 112 25 349 573
m 53 1 225 29 354 500
m 53 1 609 200 364 590
m 53 1 603 12 419 600
m 53 1 133 24 472 467
m 53 1 247 8 473 594
m 53 1 610 1 665 0
b 53 1 36 8
b 53 1 63 55
b 53 1 166 113
b 53 1 158 153
b 53 1 236 177
b 53 1 263 233
b 53 1 116 253
b 53 1 149 284
b 53 1 141 320
b 53 1 26 320
b 53 1 156 359
b 53 1 139 327
b 53 1 609 372
b 53 1 135 330
f 53 1 158 919
f 53 1 156 705
f 53 1 139 489
f 53 1 133 64
f 53 1 116 847
f 53 1 135 290
f 53 1 160 156
f 53 1 96 28
f 53 1 63 120
f 53 1 236 16
f 53 1 123 52
f 53 1 603 34
f 53 1 26 12
f 53 1 225 71
f 53 1 149 16
f 53 1 112 55
f 53 1 147 34
f 53 1 152 12
f 53 1 1806 10
h 53 2 1346 464 19
s 53 2 538 16,16,20,20,42,44,237
s 53 2 198 16,16,16,20,20,42,44
c 53 2 36 756 31 475
c 53 2 63 937 72 466
c 53 2 166 736 136 467
c 53 2 158 690 183 485
c 53 2 236 634 208 479
c 53 2 116 633 266 469
m 53 2 166 736 136 467
m 53 2 127 72 156 454
m 53 2 158 690 183 485
m 53 2 102 97 230 446
m 53 2 609 441 240 518
m 53 2 263 434 255 495
m 53 2 147 43 264 672
m 53 2 116 633 266 469
m 53 2 108 81 275 468
m 53 2 250 210 277 521
m 53 2 1858 132 304 588
m 53 2 249 94 312 480
m 53 2 26 103 321 590
m 53 2 139 127 332 520
m 53 2 135 88 335 454
m 53 2 112 63 336 706
m 53 2 160 77 336 692
m 53 2 225 65 343 402
m 53 2 141 188 344 585
m 53 2 156 160 372 606
m 53 2 96 47 375 460
m 53 2 235 16 384 619
m 53 2 133 14 466 684
m 53 2 110 4 526 400
m 53 2 133 1 650 0
b 53 2 36 29
b 53 2 63 64
b 53 2 166 126
b 53 2 158 172
b 53 2 236 208
b 53 2 263 256
b 53 2 116 264
b 53 2 149 311
b 53 2 141 347
b 53 2 139 341
f 53 2 158 722
f 53 2 108 62
f 53 2 116 880
f 53 2 63 328
f 53 2 96 141
f 53 2 156 432
f 53 2 225 166
f 53 2 139 257
f 53 2 147 66
f 53 2 133 41
f 53 2 267 100
f 53 2 127 25
f 53 2 160 166
f 53 2 112 133
f 53 2 149 25
f 53 2 98 75
f 53 2 37 17
f 53 2 603 25
f 53 2 135 174
f 53 2 152 29
f 53 2 123 33
f 53 2 26 12
f 53 2 235 46
f 53 2 166 25
f 53 2 1 17
f 53 2 185 12
f 53 2 110 17
f 53 2 1854 12
f 53 2 1097 17
f 53 2 168 12
h 53 3 581 465 7
s 53 3 233 16,16,20,20,44,237
s 53 3 46 16,44,237,237,240
c 53 3 36 730 37 505
c 53 3 63 874 75 459
c 53 3 98 506 163 490
c 53 3 609 501 205 533
m 53 3 166 494 144 415
m 53 3 127 79 183 522
m 53 3 158 434 196 433
m 53 3 609 501 205 533
m 53 3 102 114 236 500
m 53 3 263 341 255 475
m 53 3 108 207 270 600
m 53 3 116 423 279 463
m 53 3 1858 108 297 524
m 53 3 249 108 300 476
m 53 3 250 153 301 663
m 53 3 123 36 317 571
m 53 3 26 60 323 543
m 53 3 139 77 328 489
m 53 3 235 41 333 792
m 53 3 225 55 342 625
m 53 3 135 50 346 586
m 53 3 141 90 347 615
m 53 3 160 52 350 600
m 53 3 1 17 350 700
m 53 3 168 21 351 500
m 53 3 156 77 359 578
m 53 3 112 95 360 564
m 53 3 96 77 364 622
m 53 3 603 5 567 1000
m 53 3 1154 2 620 0
b 53 3 75 19
b 53 3 63 77
b 53 3 36 42
b 53 3 98 155
b 53 3 609 200
b 53 3 102 242
b 53 3 236 210
b 53 3 263 273
b 53 3 170 226
b 53 3 147 264
b 53 3 152 314
b 53 3 249 360
b 53 3 250 334
b 53 3 96 369
b 53 3 1 442
b 53 3 603 567
f 53 3 63 516
f 53 3 263 558
f 53 3 116 684
f 53 3 139 189
f 53 3 152 74
f 53 3 158 453
f 53 3 156 263
f 53 3 141 253
f 53 3 160 168
f 53 3 135 137
f 53 3 96 232
f 53 3 108 179
f 53 3 600 11
f 53 3 26 11
f 53 3 112 242
f 53 3 225 95
f 53 3 1858 105
f 53 3 98 168
f 53 3 147 11
f 53 3 603 32
f 53 3 123 105
f 53 3 185 42
f 53 3 168 74
f 53 3 235 95
f 53 3 534 11
f 53 3 569 11
f 53 3 133 21
f 53 3 36 32
f 53 3 110 42
f 53 3 37 32
f 53 3 73 11
f 53 3 206 11
f 53 3 267 95
f 53 3 226 32
f 53 3 127 53
f 53 3 75 11
f 53 3 256 21
f 53 3 102 21
f 53 3 100 11
f 53 3 273 11
f 53 3 119 11
f 53 3 1 21
f 53 3 242 11
f 53 3 154 11
f 53 3 166 11
f 53 3 223 11
f 53 3 204 11
f 53 3 254 11
f 53 3 77 11
f 53 3 1854 11
f 53 3 931 11
h 53 4 712 404 10
s 53 4 79 16,16,20,42,43,44,237,1123
s 53 4 64 16,20,34,42,43,44,1123
c 53 4 92 854 50 405
c 53 4 36 565 73 410
c 53 4 267 636 135 413
c 53 4 63 513 157 425
c 53 4 609 680 209 419
m 53 4 1852 119 122 400
m 53 4 267 636 135 413
m 53 4 185 66 150 489
m 53 4 63 513 157 425
m 53 4 609 680 209 419
m 53 4 127 135 214 469
m 53 4 166 153 227 404
m 53 4 254 45 267 375
m 53 4 102 132 274 404
m 53 4 158 117 276 434
m 53 4 100 32 283 435
m 53 4 108 430 289 487
m 53 4 37 65 296 391
m 53 4 263 90 324 516
m 53 4 250 140 324 490
m 53 4 249 32 354 478
m 53 4 1858 29 359 429
m 53 4 235 53 360 553
m 53 4 116 149 362 519
m 53 4 225 25 374 333
m 53 4 168 15 385 545
m 53 4 96 121 391 477
m 53 4 110 34 407 458
m 53 4 112 44 436 677
m 53 4 156 8 450 500
m 53 4 610 10 466 571
m 53 4 133 4 523 333
b 53 4 92 51
b 53 4 36 75
b 53 4 63 176
b 53 4 267 135
b 53 4 609 207
b 53 4 108 303
b 53 4 123 390
b 53 4 226 420
f 53 4 63 428
f 53 4 98 221
f 53 4 108 552
f 53 4 96 372
f 53 4 110 97
f 53 4 267 483
f 53 4 235 152
f 53 4 152 69
f 53 4 112 138
f 53 4 254 69
f 53 4 1 69
f 53 4 610 48
f 53 4 223 21
f 53 4 226 55
f 53 4 116 303
f 53 4 158 124
f 53 4 36 76
f 53 4 127 152
f 53 4 156 34
f 53 4 37 69
f 53 4 210 14
f 53 4 123 55
f 53 4 931 55
f 53 4 236 28
f 53 4 168 55
f 53 4 73 21
f 53 4 135 21
f 53 4 139 21
f 53 4 166 41
f 53 4 225 62
f 53 4 102 76
f 53 4 65 21
f 53 4 92 28
f 53 4 119 28
f 53 4 160 28
f 53 4 603 14
f 53 4 147 41
f 53 4 90 34
f 53 4 100 28
f 53 4 242 14
f 53 4 256 14
h 53 5 482 442 6
s 53 5 49 16,16,20,43,44,237,1123
s 53 5 37 16,20,34,43,44,1123
c 53 5 92 759 51 437
c 53 5 36 544 73 447
c 53 5 267 571 134 480
c 53 5 609 635 210 461
m 53 5 1852 75 127 417
m 53 5 267 571 134 480
m 53 5 185 114 137 545
m 53 5 63 448 146 495
m 53 5 206 48 187 478
m 53 5 609 635 210 461
m 53 5 166 180 215 414
m 53 5 127 137 222 500
m 53 5 254 54 257 500
m 53 5 158 118 278 561
m 53 5 102 79 293 447
m 53 5 108 371 296 508
m 53 5 37 83 296 475
m 53 5 235 58 320 500
m 53 5 1858 41 322 700
m 53 5 180 4 325 500
m 53 5 123 33 329 562
m 53 5 225 35 335 588
m 53 5 250 120 336 500
m 53 5 263 75 344 528
m 53 5 116 135 355 477
m 53 5 249 33 376 500
m 53 5 112 39 383 684
m 53 5 96 95 385 457
m 53 5 139 19 396 778
m 53 5 110 29 406 571
m 53 5 156 12 437 1000
m 53 5 137 4 440 1000
m 53 5 141 17 446 500
m 53 5 232 4 485 1000
m 53 5 603 4 515 500
m 53 5 133 6 573 667
b 53 5 92 53
b 53 5 36 83
b 53 5 267 136
b 53 5 609 202
b 53 5 127 234
b 53 5 100 299
b 53 5 108 311
b 53 5 254 303
f 53 5 116 360
f 53 5 225 112
f 53 5 168 45
f 53 5 152 56
f 53 5 108 449
f 53 5 158 225
f 53 5 135 34
f 53 5 139 67
f 53 5 156 56
f 53 5 147 34
f 53 5 112 101
f 53 5 931 34
f 53 5 603 11
f 53 5 36 79
f 53 5 63 416
f 53 5 96 281
f 53 5 267 483
f 53 5 127 157
f 53 5 149 22
f 53 5 160 45
f 53 5 65 34
f 53 5 98 236
f 53 5 123 90
f 53 5 206 34
f 53 5 133 22
f 53 5 185 34
f 53 5 110 56
f 53 5 37 79
f 53 5 102 56
f 53 5 277 11
f 53 5 235 90
f 53 5 90 34
f 53 5 204 22
f 53 5 226 22
f 53 5 1 22
f 53 5 137 11
f 53 5 254 79
f 53 5 100 34
f 53 5 223 11
f 53 5 201 11
f 53 5 203 11
f 53 5 242 11
f 53 5 256 11
f 53 5 73 11
f 53 5 166 11
f 53 5 1097 11
f 53 5 236 11
f 53 5 92 11
h 54 1 11986 514 97
s 54 1 3926 11,13,13,13,237
s 54 1 2297 11,13,13,13,16
c 54 1 50 993 57 514
c 54 1 137 1000 158 514
c 54 1 151 573 194 533
c 54 1 170 708 213 536
c 54 1 108 635 293 589
m 54 1 244 55 140 545
m 54 1 137 1000 158 514
m 54 1 6 202 178 463
m 54 1 178 122 184 577
m 54 1 151 573 194 533
m 54 1 154 402 237 590
m 54 1 147 469 256 539
m 54 1 108 635 293 589
m 54 1 112 194 340 675
m 54 1 135 160 355 581
m 54 1 116 55 364 486
m 54 1 123 27 367 566
m 54 1 160 74 378 676
m 54 1 208 249 382 669
m 54 1 225 122 397 507
m 54 1 1 32 402 566
m 54 1 141 46 410 611
m 54 1 139 15 419 615
m 54 1 609 28 425 600
m 54 1 133 17 482 598
m 54 1 48 6 482 568
m 54 1 603 15 493 678
m 54 1 220 3 569 459
b 54 1 36 84
b 54 1 50 55
b 54 1 137 153
b 54 1 151 192
b 54 1 170 223
b 54 1 147 263
b 54 1 108 304
b 54 1 143 344
b 54 1 208 389
b 54 1 225 408
b 54 1 160 412
f 54 1 50 767
f 54 1 137 643
f 54 1 112 351
f 54 1 135 339
f 54 1 108 350
f 54 1 123 65
f 54 1 116 129
f 54 1 143 131
f 54 1 225 358
f 54 1 139 43
f 54 1 158 33
f 54 1 603 62
f 54 1 151 349
f 54 1 149 28
f 54 1 160 185
f 54 1 600 15
f 54 1 133 46
f 54 1 156 27
f 54 1 1 47
f 54 1 170 15
h 55 3 11215 514 95
s 55 3 994 11,15,16,16,20,44
s 55 3 669 15,16,16,16,20,44
c 55 3 77 550 19 519
c 55 3 6 844 46 518
c 55 3 36 625 69 527
c 55 3 164 845 85 518
c 55 3 178 625 90 529
c 55 3 119 832 200 559
c 55 3 609 741 230 591
c 55 3 1 815 231 561
m 55 3 79 102 150 518
m 55 3 231 123 199 562
m 55 3 119 832 200 559
m 55 3 90 93 218 589
m 55 3 609 741 230 591
m 55 3 1 815 231 561
m 55 3 226 176 251 555
m 55 3 108 406 295 627
m 55 3 116 407 309 593
m 55 3 100 24 333 651
m 55 3 235 73 343 750
m 55 3 123 36 349 679
m 55 3 1856 100 353 711
m 55 3 256 49 378 603
m 55 3 96 143 380 659
m 55 3 48 17 391 724
m 55 3 610 12 416 721
m 55 3 110 38 431 579
m 55 3 600 43 452 749
m 55 3 220 4 497 725
b 55 3 77 19
b 55 3 6 46
b 55 3 164 83
b 55 3 178 98
b 55 3 36 87
b 55 3 119 184
b 55 3 609 224
b 55 3 1 228
b 55 3 116 298
b 55 3 108 317
b 55 3 96 368
b 55 3 235 347
f 55 3 164 324
f 55 3 119 936
f 55 3 226 244
f 55 3 1 797
f 55 3 96 385
f 55 3 108 529
f 55 3 116 710
f 55 3 100 30
f 55 3 110 137
f 55 3 178 81
f 55 3 90 104
f 55 3 256 138
f 55 3 37 63
f 55 3 600 165
f 55 3 1854 26
f 55 3 231 134
f 55 3 77 22
f 55 3 610 43
f 55 3 36 22
f 55 3 123 81
f 55 3 98 14
f 55 3 1802 10
f 55 3 114 25
h 55 2 176 574 2
s 55 2 41 16,16,16,38,42,43,44
s 55 2 24 16,16,16,16,16,42,44
c 55 2 36 602 68 566
c 55 2 609 812 207 629
c 55 2 108 545 230 615
c 55 2 1 767 232 556
c 55 2 119 619 252 596
m 55 2 1854 284 158 620
m 55 2 79 57 170 700
m 55 2 609 812 207 629
m 55 2 231 62 213 727
m 55 2 108 545 230 615
m 55 2 235 119 230 714
m 55 2 1 767 232 556
m 55 2 119 619 252 596
m 55 2 1466 91 253 750
m 55 2 226 233 258 585
m 55 2 100 34 265 500
m 55 2 116 369 296 662
m 55 2 121 97 308 824
m 55 2 256 34 322 500
m 55 2 48 51 327 889
m 55 2 1856 136 372 625
m 55 2 123 80 372 714
m 55 2 96 80 409 643
m 55 2 110 74 465 462
m 55 2 600 57 465 600
b 55 2 178 49
b 55 2 36 59
b 55 2 235 178
b 55 2 609 221
b 55 2 108 294
b 55 2 119 246
b 55 2 1 262
b 55 2 116 294
b 55 2 256 375
f 55 2 119 738
f 55 2 1 762
f 55 2 116 571
f 55 2 226 286
f 55 2 96 238
f 55 2 108 571
f 55 2 110 262
f 55 2 102 24
f 55 2 178 48
f 55 2 123 119
f 55 2 600 190
f 55 2 180 190
f 55 2 98 24
f 55 2 225 48
f 55 2 267 24
f 55 2 256 24
f 55 2 112 24
f 55 2 1854 214
f 55 2 1466 119
f 55 2 242 71
f 55 2 141 24
f 55 2 164 95
f 55 2 90 48
f 55 2 610 48
f 55 2 190 24
f 55 2 77 24
f 55 2 254 24
f 55 2 1802 24
f 55 2 37 24
f 55 2 1806 24
f 55 2 137 24
h 56 1 2551 530 78
s 56 1 706 16,36,237
s 56 1 632 36,237,237
c 56 1 36 860 -1 539
c 56 1 596 667 50 532
c 56 1 63 990 67 532
c 56 1 168 964 143 538
c 56 1 609 947 167 538
c 56 1 236 842 203 553
c 56 1 149 742 243 572
c 56 1 141 598 298 605
m 56 1 168 964 143 538
m 56 1 609 947 167 538
m 56 1 263 356 297 608
m 56 1 141 598 298 605
m 56 1 1802 114 302 616
m 56 1 108 218 312 624
m 56 1 250 63 315 556
m 56 1 123 111 318 691
m 56 1 116 365 319 532
m 56 1 135 169 340 542
m 56 1 225 111 345 596
m 56 1 96 162 349 620
m 56 1 1858 94 363 647
m 56 1 160 25 399 750
m 56 1 156 26 424 642
m 56 1 133 39 456 490
m 56 1 48 13 461 606
m 56 1 110 4 498 700
m 56 1 220 5 588 692
b 56 1 36 -1
b 56 1 596 52
b 56 1 63 71
b 56 1 168 143
b 56 1 609 168
b 56 1 236 201
b 56 1 149 242
b 56 1 141 300
b 56 1 116 333
b 56 1 135 352
b 56 1 263 307
f 56 1 63 557
f 56 1 168 915
f 56 1 116 654
f 56 1 108 168
f 56 1 135 353
f 56 1 236 131
f 56 1 96 339
f 56 1 123 206
f 56 1 225 217
f 56 1 156 78
f 56 1 133 93
f 56 1 160 71
f 56 1 178 32
f 56 1 98 21
f 56 1 110 11
f 56 1 149 28
f 56 1 158 12
f 56 1 596 44
f 56 1 1 11
f 56 1 139 16
h 56 2 581 508 18
s 56 2 133 16,36,42,237
s 56 2 73 36,42,237,237
c 56 2 36 745 9 513
c 56 2 596 694 44 506
c 56 2 63 924 70 518
c 56 2 168 871 153 542
c 56 2 609 857 179 520
c 56 2 236 596 213 581
c 56 2 149 582 250 550
m 56 2 174 134 128 487
m 56 2 168 871 153 542
m 56 2 609 857 179 520
m 56 2 1802 188 256 578
m 56 2 250 129 273 520
m 56 2 225 176 290 559
m 56 2 123 59 305 588
m 56 2 141 429 306 606
m 56 2 96 227 315 538
m 56 2 263 213 319 653
m 56 2 108 133 319 714
m 56 2 116 255 329 534
m 56 2 1858 53 347 613
m 56 2 135 76 357 500
m 56 2 48 12 437 571
m 56 2 1 9 446 800
m 56 2 220 5 470 333
m 56 2 133 17 505 500
m 56 2 1154 3 575 500
m 56 2 603 5 583 1000
m 56 2 133 2 630 0
b 56 2 596 44
b 56 2 63 73
b 56 2 168 144
b 56 2 609 173
b 56 2 236 207
b 56 2 149 250
b 56 2 141 296
b 56 2 263 318
b 56 2 225 304
b 56 2 116 348
b 56 2 133 550
f 56 2 63 670
f 56 2 178 40
f 56 2 168 880
f 56 2 123 120
f 56 2 236 130
f 56 2 225 330
f 56 2 108 140
f 56 2 116 600
f 56 2 96 490
f 56 2 149 40
f 56 2 133 40
f 56 2 135 250
f 56 2 596 120
f 56 2 174 60
f 56 2 1802 20
f 56 2 156 10
f 56 2 110 10
f 56 2 1 30
f 56 2 603 30
f 56 2 160 40
f 56 2 98 20
f 56 2 154 10
f 56 2 36 30
h 57 5 1017 541 50
s 57 5 106 16,16,34,43,44,237,1123
s 57 5 91 16,34,43,44,216,1123
c 57 5 36 805 79 563
c 57 5 180 893 120 553
m 57 5 180 893 120 553
m 57 5 1128 125 211 575
m 57 5 79 347 228 598
m 57 5 269 202 237 693
m 57 5 229 124 249 603
m 57 5 254 158 270 553
m 57 5 232 55 270 589
m 57 5 231 296 274 628
m 57 5 609 326 275 639
m 57 5 1 237 279 639
m 57 5 102 88 280 556
m 57 5 37 63 309 484
m 57 5 90 44 327 667
m 57 5 226 70 335 662
m 57 5 108 205 345 635
m 57 5 235 15 438 533
m 57 5 116 5 442 400
m 57 5 256 17 450 471
m 57 5 110 18 465 611
b 57 5 36 77
b 57 5 180 121
b 57 5 79 230
b 57 5 231 275
b 57 5 269 239
b 57 5 609 281
b 57 5 102 278
f 57 5 232 111
f 57 5 100 42
f 57 5 1 397
f 57 5 244 228
f 57 5 180 471
f 57 5 254 270
f 57 5 226 138
f 57 5 269 201
f 57 5 36 386
f 57 5 178 90
f 57 5 229 159
f 57 5 108 423
f 57 5 90 90
f 57 5 1802 16
f 57 5 110 95
f 57 5 931 26
f 57 5 37 85
f 57 5 123 11
f 57 5 102 127
f 57 5 256 53
f 57 5 81 37
f 57 5 116 21
f 57 5 210 21
f 57 5 1852 16
f 57 5 79 16
f 57 5 73 11
f 57 5 65 11
f 57 5 185 11
f 57 5 1854 16
h 57 3 622 550 33
s 57 3 104 13,13,16,16,34
s 57 3 94 11,13,16,16,20,44
c 57 3 36 637 54 563
c 57 3 178 695 65 549
c 57 3 50 947 67 555
c 57 3 252 802 150 549
c 57 3 939 670 202 585
c 57 3 1 698 220 604
m 57 3 65 92 143 509
m 57 3 252 802 150 549
m 57 3 137 235 185 596
m 57 3 939 670 202 585
m 57 3 98 76 219 574
m 57 3 1 698 220 604
m 57 3 609 407 273 656
m 57 3 154 121 287 707
m 57 3 226 50 289 581
m 57 3 116 429 300 562
m 57 3 119 93 348 603
m 57 3 112 40 348 680
m 57 3 114 56 354 743
m 57 3 108 108 368 582
m 57 3 123 14 371 556
m 57 3 208 47 377 724
m 57 3 225 51 391 750
m 57 3 235 48 395 567
m 57 3 96 21 418 923
m 57 3 600 45 434 821
m 57 3 48 18 496 364
m 57 3 110 14 519 556
b 57 3 36 60
b 57 3 178 58
b 57 3 50 70
b 57 3 252 149
b 57 3 939 211
b 57 3 1 234
b 57 3 226 305
b 57 3 609 263
f 57 3 73 62
f 57 3 50 884
f 57 3 939 620
f 57 3 98 54
f 57 3 116 705
f 57 3 252 124
f 57 3 1 674
f 57 3 119 202
f 57 3 156 16
f 57 3 225 132
f 57 3 210 39
f 57 3 137 209
f 57 3 600 147
f 57 3 178 202
f 57 3 110 62
f 57 3 108 186
f 57 3 36 54
f 57 3 65 54
f 57 3 160 31
f 57 3 90 23
f 57 3 226 62
f 57 3 114 132
f 57 3 143 47
f 57 3 96 62
f 57 3 256 31
f 57 3 112 62
f 57 3 123 39
f 57 3 1854 23
f 57 3 273 31
f 57 3 127 16
h 57 4 206 524 11
s 57 4 31 29,42,43,1123
s 57 4 22 16,34,43,44,216,1123
c 57 4 36 791 82 503
c 57 4 180 786 107 549
m 57 4 50 73 125 333
m 57 4 1128 121 204 480
m 57 4 79 364 208 640
m 57 4 269 291 223 617
m 57 4 229 102 234 524
m 57 4 231 291 254 650
m 57 4 1 209 255 581
m 57 4 254 117 262 667
m 57 4 232 73 263 667
m 57 4 609 316 268 738
m 57 4 102 92 275 368
m 57 4 100 34 290 1000
m 57 4 90 49 326 500
m 57 4 226 68 331 786
m 57 4 108 150 355 774
m 57 4 1802 39 375 375
m 57 4 256 24 398 800
m 57 4 110 15 473 667
b 57 4 36 81
b 57 4 180 108
b 57 4 79 213
b 57 4 231 259
b 57 4 609 270
b 57 4 90 337
b 57 4 108 365
b 57 4 110 535
f 57 4 178 143
f 57 4 254 321
f 57 4 232 143
f 57 4 269 464
f 57 4 180 464
f 57 4 244 429
f 57 4 229 107
f 57 4 108 536
f 57 4 90 107
f 57 4 36 143
f 57 4 102 143
f 57 4 1 250
f 57 4 96 36
f 57 4 100 107
f 57 4 226 71
f 57 4 110 71
f 57 4 37 143
f 57 4 79 36
f 57 4 256 71
f 57 4 1852 36
h 58 5 1142 532 48
s 58 5 161 16,16,34,43,44,237,1123
s 58 5 104 16,16,34,43,44,1123
c 58 5 36 850 64 538
c 58 5 63 692 179 537
c 58 5 108 623 254 562
c 58 5 102 512 263 556
m 58 5 214 81 134 500
m 58 5 185 354 142 557
m 58 5 1852 104 143 563
m 58 5 63 692 179 537
m 58 5 254 130 242 537
m 58 5 108 623 254 562
m 58 5 102 512 263 556
m 58 5 1 76 309 690
m 58 5 931 32 310 667
m 58 5 609 358 312 526
m 58 5 263 389 320 613
m 58 5 98 49 326 679
m 58 5 100 34 333 513
m 58 5 226 40 360 500
m 58 5 37 34 368 718
m 58 5 48 14 389 750
m 58 5 135 14 422 375
m 58 5 116 46 433 642
m 58 5 96 22 450 600
m 58 5 247 13 455 667
m 58 5 114 2 500 1000
m 58 5 225 3 537 333
b 58 5 185 151
b 58 5 36 73
b 58 5 63 172
b 58 5 108 256
b 58 5 102 291
b 58 5 263 352
b 58 5 609 331
f 58 5 63 619
f 58 5 108 741
f 58 5 229 65
f 58 5 96 85
f 58 5 135 53
f 58 5 36 356
f 58 5 254 166
f 58 5 1 113
f 58 5 534 20
f 58 5 102 178
f 58 5 116 166
f 58 5 185 296
f 58 5 225 12
f 58 5 226 85
f 58 5 37 73
f 58 5 1854 65
f 58 5 123 16
f 58 5 247 45
f 58 5 100 53
f 58 5 77 28
f 58 5 73 36
f 58 5 931 49
f 58 5 98 32
f 58 5 81 12
f 58 5 236 32
f 58 5 90 32
f 58 5 133 12
f 58 5 92 12
f 58 5 112 16
f 58 5 267 12
f 58 5 256 20
f 58 5 244 16
h 58 2 193 622 10
s 58 2 56 15,15,16,20,42,237
s 58 2 37 16,16,20,20,42,44,237
c 58 2 36 793 57 641
c 58 2 63 637 135 577
c 58 2 108 969 147 626
c 58 2 1 591 210 667
c 58 2 236 539 220 587
c 58 2 98 622 248 633
c 58 2 609 585 268 584
m 58 2 63 637 135 577
m 58 2 108 969 147 626
m 58 2 1 591 210 667
m 58 2 100 47 241 556
m 58 2 102 145 255 429
m 58 2 609 585 268 584
m 58 2 263 492 278 568
m 58 2 250 482 300 667
m 58 2 135 62 340 833
m 58 2 116 301 343 621
m 58 2 48 130 346 760
m 58 2 123 31 378 667
m 58 2 1806 57 396 636
m 58 2 225 10 430 500
m 58 2 96 36 474 571
m 58 2 249 10 480 0
b 58 2 36 57
b 58 2 108 143
b 58 2 1 201
b 58 2 236 341
b 58 2 609 256
b 58 2 98 277
b 58 2 63 141
f 58 2 108 881
f 58 2 63 690
f 58 2 1 548
f 58 2 116 524
f 58 2 236 143
f 58 2 36 214
f 58 2 100 71
f 58 2 147 24
f 58 2 135 167
f 58 2 98 48
f 58 2 1856 24
f 58 2 225 48
f 58 2 41 24
f 58 2 152 71
f 58 2 96 143
f 58 2 160 24
f 58 2 123 95
f 58 2 65 24
f 58 2 232 24
f 58 2 256 24
f 58 2 77 48
f 58 2 1854 48
f 58 2 226 48
f 58 2 534 71
f 58 2 102 24
f 58 2 610 24
f 58 2 600 24
f 58 2 269 24
f 58 2 635 24
f 58 2 603 24
h 58 3 730 527 20
s 58 3 245 16,16,20,20,44,237
s 58 3 101 36,237,237
c 58 3 36 823 32 531
c 58 3 63 730 125 503
c 58 3 108 953 154 543
c 58 3 609 514 263 616
m 58 3 63 730 125 503
m 58 3 108 953 154 543
m 58 3 1 484 227 623
m 58 3 102 205 249 580
m 58 3 609 514 263 616
m 58 3 263 423 281 605
m 58 3 48 42 284 710
m 58 3 250 199 326 662
m 58 3 37 22 338 312
m 58 3 116 211 340 584
m 58 3 135 38 376 536
m 58 3 123 26 381 579
m 58 3 96 41 398 633
m 58 3 1806 45 420 667
b 58 3 77 28
b 58 3 36 37
b 58 3 63 133
b 58 3 108 159
b 58 3 98 252
b 58 3 1 248
b 58 3 609 268
b 58 3 250 353
b 58 3 116 356
b 58 3 123 389
b 58 3 135 394
f 58 3 36 196
f 58 3 63 785
f 58 3 108 935
f 58 3 1 626
f 58 3 116 561
f 58 3 185 28
f 58 3 135 84
f 58 3 534 121
f 58 3 77 112
f 58 3 1854 93
f 58 3 123 75
f 58 3 96 159
f 58 3 254 28
f 58 3 226 37
f 58 3 235 19
f 58 3 98 56
f 58 3 236 47
f 58 3 37 56
f 58 3 73 19
f 58 3 247 28
f 58 3 65 28
f 58 3 100 28
f 58 3 102 19
f 58 3 244 28
f 58 3 112 28
f 58 3 158 19
h 58 4 574 484 19
s 58 4 80 16,16,34,42,43,44,237,1123
s 58 4 69 16,16,20,42,43,44,237,1123
c 58 4 36 737 66 489
c 58 4 63 537 165 494
c 58 4 108 700 237 525
m 58 4 1852 132 137 539
m 58 4 185 263 140 530
m 58 4 214 91 140 365
m 58 4 63 537 165 494
m 58 4 108 700 237 525
m 58 4 254 78 257 511
m 58 4 102 341 262 536
m 58 4 609 317 304 533
m 58 4 1 148 308 576
m 58 4 100 24 318 500
m 58 4 263 287 330 576
m 58 4 226 54 354 484
m 58 4 250 21 387 667
m 58 4 96 19 390 727
m 58 4 1802 21 392 583
m 58 4 116 40 426 522
m 58 4 48 14 445 750
b 58 4 73 84
b 58 4 77 42
b 58 4 36 69
b 58 4 63 172
b 58 4 108 245
b 58 4 102 292
b 58 4 263 342
f 58 4 108 818
f 58 4 63 616
f 58 4 116 182
f 58 4 534 20
f 58 4 244 51
f 58 4 1 303
f 58 4 77 71
f 58 4 36 222
f 58 4 254 141
f 58 4 226 162
f 58 4 610 30
f 58 4 232 20
f 58 4 256 10
f 58 4 185 162
f 58 4 98 51
f 58 4 37 51
f 58 4 247 30
f 58 4 236 61
f 58 4 90 71
f 58 4 931 40
f 58 4 102 91
f 58 4 100 40
f 58 4 114 20
f 58 4 65 40
f 58 4 135 30
f 58 4 92 20
f 58 4 96 71
f 58 4 127 10
f 58 4 210 10
f 58 4 1854 30
f 58 4 1802 40
f 58 4 267 20
f 58 4 269 10
f 58 4 174 10
f 58 4 81 20
f 58 4 635 10
f 58 4 112 20
f 58 4 73 10
h 59 2 3126 477 67
s 59 2 982 13,13,13,42,44,237
s 59 2 628 13,13,16,16,42,44,237
c 59 2 6 927 54 478
c 59 2 151 994 88 479
c 59 2 1 593 155 526
c 59 2 116 647 235 514
m 59 2 1 593 155 526
m 59 2 102 102 226 431
m 59 2 116 647 235 514
m 59 2 154 227 236 619
m 59 2 48 140 245 641
m 59 2 263 346 245 528
m 59 2 609 312 264 575
m 59 2 26 112 278 564
m 59 2 108 459 290 581
m 59 2 114 87 294 675
m 59 2 156 155 319 660
m 59 2 112 37 350 748
m 59 2 220 17 386 615
m 59 2 135 8 406 385
m 59 2 600 14 447 705
m 59 2 139 5 459 800
m 59 2 133 2 507 500
m 59 2 96 2 530 0
m 59 2 247 1 760 500
b 59 2 63 112
b 59 2 6 53
b 59 2 151 85
b 59 2 1 156
b 59 2 116 235
b 59 2 108 288
b 59 2 236 211
b 59 2 263 287
b 59 2 603 370
f 59 2 151 951
f 59 2 1 594
f 59 2 116 852
f 59 2 108 558
f 59 2 112 91
f 59 2 156 342
f 59 2 114 141
f 59 2 63 342
f 59 2 600 71
f 59 2 135 38
f 59 2 162 31
f 59 2 147 24
f 59 2 119 22
f 59 2 123 31
f 59 2 26 15
f 59 2 225 22
f 59 2 139 24
f 59 2 226 24
f 59 2 36 11
f 59 2 100 18
f 59 2 37 31
f 59 2 210 24
f 59 2 102 13
f 59 2 244 11
f 59 2 236 18
f 59 2 254 22
f 59 2 1854 22
h 59 3 1050 444 23
s 59 3 264 13,13,16,16,44,237
s 59 3 211 13,13,13,44,237
c 59 3 6 871 73 447
c 59 3 63 722 76 450
c 59 3 151 988 106 444
c 59 3 236 577 174 480
c 59 3 263 521 228 521
c 59 3 116 566 251 505
m 59 3 1 356 191 516
m 59 3 102 126 214 409
m 59 3 263 521 228 521
m 59 3 116 566 251 505
m 59 3 154 126 252 583
m 59 3 609 246 291 609
m 59 3 26 58 293 492
m 59 3 48 43 303 711
m 59 3 108 446 307 571
m 59 3 114 130 326 708
m 59 3 123 17 334 667
m 59 3 156 75 336 557
m 59 3 112 25 371 615
m 59 3 100 4 418 500
m 59 3 225 3 477 333
m 59 3 600 6 560 833
m 59 3 249 2 595 1000
m 59 3 110 1 690 1000
m 59 3 133 3 730 1000
b 59 3 36 74
b 59 3 63 72
b 59 3 6 75
b 59 3 151 104
b 59 3 236 173
b 59 3 263 232
b 59 3 116 255
b 59 3 108 330
b 59 3 114 369
b 59 3 1 274
f 59 3 151 941
f 59 3 1 441
f 59 3 108 658
f 59 3 116 829
f 59 3 102 13
f 59 3 63 579
f 59 3 114 289
f 59 3 147 20
f 59 3 242 13
f 59 3 244 72
f 59 3 112 79
f 59 3 123 79
f 59 3 90 20
f 59 3 156 197
f 59 3 127 39
f 59 3 139 13
f 59 3 37 46
f 59 3 100 20
f 59 3 600 39
f 59 3 119 13
f 59 3 226 33
f 59 3 162 33
f 59 3 236 26
f 59 3 254 26
f 59 3 152 13
f 59 3 1854 20
f 59 3 225 13
f 59 3 36 20
h 60 3 9152 516 93
s 60 3 1444 11,13,16,16,20,44
s 60 3 1130 13,13,13,13
c 60 3 36 651 61 522
c 60 3 50 823 70 513
c 60 3 1 906 170 539
c 60 3 116 765 255 569
m 60 3 65 177 131 397
m 60 3 252 450 147 568
m 60 3 1 906 170 539
m 60 3 137 92 188 529
m 60 3 609 346 222 541
m 60 3 116 765 255 569
m 60 3 939 219 275 664
m 60 3 225 332 335 623
m 60 3 112 160 355 706
m 60 3 208 82 406 693
m 60 3 600 28 452 730
m 60 3 603 8 481 694
b 60 3 73 25
b 60 3 73 25
b 60 3 50 68
b 60 3 36 60
b 60 3 252 144
b 60 3 1 170
b 60 3 116 256
b 60 3 225 336
b 60 3 939 294
b 60 3 112 360
b 60 3 143 347
b 60 3 609 235
b 60 3 108 356
f 60 3 50 756
f 60 3 185 108
f 60 3 137 37
f 60 3 116 963
f 60 3 127 11
f 60 3 226 28
f 60 3 65 66
f 60 3 1 816
f 60 3 143 160
f 60 3 123 28
f 60 3 135 33
f 60 3 119 53
f 60 3 112 353
f 60 3 252 109
f 60 3 939 353
f 60 3 73 34
f 60 3 36 29
f 60 3 225 708
f 60 3 108 28
f 60 3 267 17
f 60 3 114 14
f 60 3 37 11
f 60 3 96 10
f 60 3 178 39
f 60 3 600 118
f 60 3 133 11
f 60 3 603 38
f 60 3 210 13
h 60 2 311 505 3
s 60 2 35 11,13,16,16,20,42,44
s 60 2 31 13,13,16,16,16,20,42
c 60 2 36 662 53 524
c 60 2 50 791 73 492
c 60 2 1 865 172 539
c 60 2 116 752 256 577
m 60 2 267 55 135 588
m 60 2 65 167 138 558
m 60 2 252 486 154 536
m 60 2 1 865 172 539
m 60 2 137 80 200 680
m 60 2 609 302 236 511
m 60 2 116 752 256 577
m 60 2 939 260 271 741
m 60 2 108 42 313 1000
m 60 2 225 344 336 626
m 60 2 112 122 370 658
m 60 2 249 16 372 200
m 60 2 208 93 393 517
m 60 2 603 16 440 800
m 60 2 135 16 446 600
m 60 2 96 6 505 1000
m 60 2 600 23 511 429
m 60 2 254 3 530 0
b 60 2 41 18
b 60 2 36 52
b 60 2 50 72
b 60 2 252 152
b 60 2 1 175
b 60 2 116 255
b 60 2 143 334
b 60 2 939 288
f 60 2 50 745
f 60 2 116 945
f 60 2 939 364
f 60 2 225 764
f 60 2 603 73
f 60 2 1 782
f 60 2 143 164
f 60 2 108 73
f 60 2 112 345
f 60 2 185 36
f 60 2 81 18
f 60 2 156 18
f 60 2 252 127
f 60 2 137 73
f 60 2 119 36
f 60 2 178 18
f 60 2 37 18
f 60 2 1097 36
f 60 2 600 109
f 60 2 254 18
f 60 2 135 55
f 60 2 65 55
f 60 2 96 18
f 60 2 139 36
f 60 2 152 36
f 60 2 598 18
f 60 2 36 18
f 60 2 1107 18
f 60 2 114 18
f 60 2 170 18
f 60 2 102 18
f 60 2 41 18
f 60 2 267 18
f 60 2 247 18
h 61 2 921 479 54
s 61 2 190 11,14,16,16,20,42,44
s 61 2 148 11,16,16,20,20,42,237
c 61 2 75 532 17 496
c 61 2 36 596 49 499
c 61 2 178 960 59 477
c 61 2 63 957 91 488
c 61 2 98 684 145 505
c 61 2 170 744 163 491
c 61 2 147 687 201 504
c 61 2 116 657 249 504
m 61 2 147 687 201 504
m 61 2 116 657 249 504
m 61 2 250 328 272 563
m 61 2 123 71 284 585
m 61 2 139 176 306 599
m 61 2 1097 84 321 675
m 61 2 1 91 322 476
m 61 2 160 90 332 518
m 61 2 225 118 333 514
m 61 2 609 199 336 617
m 61 2 135 39 354 556
m 61 2 96 38 373 429
m 61 2 208 26 399 583
m 61 2 603 30 409 464
b 61 2 36 55
b 61 2 75 18
b 61 2 178 58
b 61 2 63 92
b 61 2 98 152
b 61 2 170 174
b 61 2 147 211
b 61 2 116 265
b 61 2 250 301
b 61 2 143 377
b 61 2 225 352
b 61 2 208 407
b 61 2 609 338
f 61 2 98 161
f 61 2 116 911
f 61 2 225 323
f 61 2 123 129
f 61 2 1 129
f 61 2 63 782
f 61 2 603 145
f 61 2 96 161
f 61 2 139 298
f 61 2 112 48
f 61 2 160 218
f 61 2 267 16
f 61 2 939 40
f 61 2 135 137
f 61 2 178 242
f 61 2 143 65
f 61 2 75 48
f 61 2 149 24
h 61 1 337 528 21
s 61 1 45 11,14,16,16,20,44
s 61 1 37 11,16,16,20,20,237
c 61 1 36 703 46 553
c 61 1 63 991 65 533
c 61 1 178 961 79 531
c 61 1 170 926 144 548
c 61 1 147 866 178 548
c 61 1 116 677 255 474
m 61 1 147 866 178 548
m 61 1 116 677 255 474
m 61 1 250 214 266 611
m 61 1 123 116 270 615
m 61 1 139 392 272 545
m 61 1 160 169 300 632
m 61 1 1097 89 302 700
m 61 1 609 291 319 592
m 61 1 225 71 335 458
m 61 1 135 68 358 391
m 61 1 1 122 370 512
m 61 1 141 36 381 333
m 61 1 208 36 398 500
m 61 1 603 45 412 600
m 61 1 48 3 630 0
b 61 1 75 24
b 61 1 36 47
b 61 1 63 62
b 61 1 178 77
b 61 1 98 163
b 61 1 170 140
b 61 1 147 177
b 61 1 116 256
b 61 1 225 337
b 61 1 250 282
b 61 1 609 331
b 61 1 123 294
f 61 1 63 652
f 61 1 98 152
f 61 1 147 891
f 61 1 116 935
f 61 1 139 609
f 61 1 603 217
f 61 1 133 43
f 61 1 178 152
f 61 1 135 174
f 61 1 160 348
f 61 1 123 217
f 61 1 225 174
f 61 1 1 239
f 61 1 143 65
f 61 1 112 22
f 61 1 154 22
f 61 1 174 43
f 61 1 249 22
f 61 1 149 43
f 61 1 96 22
f 61 1 145 22
f 61 1 939 22
f 61 1 596 22
h 61 3 343 513 22
s 61 3 66 11,14,16,16,20,44
s 61 3 34 11,16,16,20,20
c 61 3 75 557 23 487
c 61 3 36 711 58 537
c 61 3 178 950 78 509
c 61 3 63 968 81 521
c 61 3 98 659 151 518
c 61 3 170 726 172 534
c 61 3 147 665 206 553
c 61 3 116 636 257 550
m 61 3 147 665 206 553
m 61 3 116 636 257 550
m 61 3 250 303 258 615
m 61 3 123 87 295 667
m 61 3 139 166 308 649
m 61 3 112 35 318 833
m 61 3 160 82 333 679
m 61 3 609 198 343 750
m 61 3 1 122 346 452
m 61 3 1097 41 351 643
m 61 3 225 93 353 562
m 61 3 135 29 363 900
m 61 3 208 29 376 800
m 61 3 96 20 387 571
m 61 3 141 17 398 1000
m 61 3 603 23 459 500
m 61 3 133 12 485 750
m 61 3 48 9 533 667
m 61 3 220 6 615 500
b 61 3 75 20
b 61 3 63 74
b 61 3 36 77
b 61 3 178 81
b 61 3 98 146
b 61 3 170 191
b 61 3 147 223
b 61 3 116 277
b 61 3 250 304
b 61 3 160 350
f 61 3 178 208
f 61 3 63 717
f 61 3 123 208
f 61 3 116 925
f 61 3 139 283
f 61 3 160 226
f 61 3 225 245
f 61 3 1 245
f 61 3 152 19
f 61 3 143 113
f 61 3 135 57
f 61 3 73 19
f 61 3 108 38
f 61 3 75 19
f 61 3 98 132
f 61 3 603 113
f 61 3 1808 38
f 61 3 96 113
f 61 3 141 75
f 61 3 133 57
f 61 3 112 75
f 61 3 170 19
f 61 3 137 19
f 61 3 90 19
f 61 3 206 19
f 61 3 65 38
f 61 3 939 19
f 61 3 174 19
h 62 4 13330 566 85
s 62 4 7315 29,42,43,1123
s 62 4 1167 29,42,44
c 62 4 214 938 52 569
c 62 4 36 522 89 590
c 62 4 100 539 227 625
m 62 4 1852 205 148 569
m 62 4 267 216 176 583
m 62 4 185 393 181 635
m 62 4 98 101 225 600
m 62 4 100 539 227 625
m 62 4 229 54 241 661
m 62 4 102 190 257 602
m 62 4 931 198 288 752
m 62 4 90 121 295 705
m 62 4 609 216 304 657
m 62 4 37 50 305 617
m 62 4 226 180 307 645
m 62 4 1 55 309 701
m 62 4 1802 77 315 688
m 62 4 96 120 376 700
m 62 4 610 63 390 749
m 62 4 256 13 398 669
m 62 4 1154 0 660 1000
b 62 4 214 53
b 62 4 36 89
b 62 4 100 229
b 62 4 102 270
b 62 4 185 182
b 62 4 931 296
b 62 4 609 308
b 62 4 96 383
b 62 4 90 308
f 62 4 214 618
f 62 4 36 240
f 62 4 98 103
f 62 4 226 346
f 62 4 90 191
f 62 4 225 20
f 62 4 244 89
f 62 4 610 205
f 62 4 100 463
f 62 4 267 219
f 62 4 96 370
f 62 4 210 15
f 62 4 232 37
f 62 4 92 23
f 62 4 185 131
f 62 4 229 57
f 62 4 81 36
f 62 4 116 27
f 62 4 1 103
f 62 4 1808 11
f 62 4 37 84
f 62 4 123 33
f 62 4 108 45
f 62 4 102 235
f 62 4 1854 20
f 62 4 931 313
f 62 4 256 48
f 62 4 1802 18
h 62 5 1791 544 12
s 62 5 557 29,42,43,1123
s 62 5 116 16,16,43,44,244,1123
c 62 5 214 901 64 555
c 62 5 36 580 86 552
m 62 5 1852 201 150 550
m 62 5 267 189 176 544
m 62 5 185 362 184 631
m 62 5 1128 58 202 553
m 62 5 98 108 224 608
m 62 5 100 486 231 578
m 62 5 229 71 252 638
m 62 5 102 194 258 552
m 62 5 931 173 283 744
m 62 5 90 126 295 693
m 62 5 609 222 303 661
m 62 5 37 55 307 673
m 62 5 1802 65 308 638
m 62 5 226 154 311 665
m 62 5 1 46 319 573
m 62 5 116 18 370 531
m 62 5 96 109 373 615
m 62 5 610 54 385 656
m 62 5 48 3 550 800
m 62 5 139 1 555 500
b 62 5 214 68
b 62 5 36 87
b 62 5 185 185
b 62 5 100 230
b 62 5 102 255
b 62 5 609 301
b 62 5 931 285
f 62 5 931 283
f 62 5 226 301
f 62 5 100 454
f 62 5 102 264
f 62 5 36 193
f 62 5 610 171
f 62 5 214 617
f 62 5 267 216
f 62 5 96 312
f 62 5 37 82
f 62 5 1 119
f 62 5 90 175
f 62 5 244 89
f 62 5 256 33
f 62 5 232 41
f 62 5 185 108
f 62 5 92 52
f 62 5 81 45
f 62 5 210 11
f 62 5 229 52
f 62 5 116 67
f 62 5 98 97
f 62 5 1808 15
f 62 5 1854 33
f 62 5 123 22
f 62 5 1802 15
f 62 5 108 45
h 63 4 1006 454 37
s 63 4 196 16,20,34,42,43,44,1123
s 63 4 71 16,16,34,42,43,44,237,1123
c 63 4 92 931 52 459
c 63 4 36 709 70 457
c 63 4 267 653 146 469
m 63 4 1852 171 127 424
m 63 4 267 653 146 469
m 63 4 63 60 176 400
m 63 4 244 257 189 502
m 63 4 100 282 244 546
m 63 4 609 289 265 509
m 63 4 102 44 271 341
m 63 4 226 133 294 530
m 63 4 1466 60 312 667
m 63 4 168 41 322 512
m 63 4 108 234 327 528
m 63 4 250 30 334 600
m 63 4 235 37 344 730
m 63 4 116 65 344 569
m 63 4 123 74 349 581
m 63 4 256 27 352 407
m 63 4 232 34 357 735
m 63 4 1 33 360 697
m 63 4 96 45 379 667
m 63 4 225 25 392 800
m 63 4 141 31 423 645
m 63 4 135 12 427 500
m 63 4 160 6 440 833
m 63 4 208 2 560 500
b 63 4 36 71
b 63 4 92 52
b 63 4 267 147
b 63 4 98 243
b 63 4 609 279
b 63 4 100 252
b 63 4 250 340
f 63 4 267 602
f 63 4 610 36
f 63 4 256 82
f 63 4 108 444
f 63 4 206 143
f 63 4 225 71
f 63 4 100 321
f 63 4 116 148
f 63 4 158 26
f 63 4 135 41
f 63 4 168 71
f 63 4 36 311
f 63 4 226 224
f 63 4 96 107
f 63 4 166 10
f 63 4 236 15
f 63 4 147 20
f 63 4 123 173
f 63 4 98 230
f 63 4 102 26
f 63 4 73 56
f 63 4 92 41
f 63 4 1854 41
f 63 4 160 26
f 63 4 1 71
f 63 4 26 10
f 63 4 90 31
f 63 4 119 15
f 63 4 63 56
f 63 4 232 77
f 63 4 81 10
f 63 4 127 10
f 63 4 133 10
f 63 4 149 20
f 63 4 244 10
f 63 4 75 31
f 63 4 598 15
f 63 4 174 26
f 63 4 223 10
f 63 4 37 26
f 63 4 210 15
f 63 4 596 15
f 63 4 65 26
f 63 4 229 10
f 63 4 156 15
f 63 4 114 10
f 63 4 208 10
f 63 4 185 10
f 63 4 242 10
f 63 4 569 10
h 63 1 796 427 31
s 63 1 133 16,36,237
s 63 1 107 36,237,237
c 63 1 36 917 10 426
c 63 1 596 795 49 436
c 63 1 63 804 78 427
c 63 1 168 670 154 493
c 63 1 609 872 183 457
c 63 1 236 595 200 458
c 63 1 149 590 263 506
m 63 1 166 261 139 327
m 63 1 168 670 154 493
m 63 1 609 872 183 457
m 63 1 158 177 226 333
m 63 1 147 95 254 408
m 63 1 123 351 271 530
m 63 1 263 143 289 544
m 63 1 26 235 295 551
m 63 1 116 418 296 426
m 63 1 141 447 318 576
m 63 1 1858 134 332 589
m 63 1 135 177 341 560
m 63 1 160 77 358 607
m 63 1 1097 29 362 435
m 63 1 156 241 366 589
m 63 1 139 44 369 543
m 63 1 225 95 396 579
m 63 1 133 38 506 333
m 63 1 48 5 515 500
m 63 1 220 3 620 500
m 63 1 247 4 667 667
m 63 1 133 3 742 0
b 63 1 596 49
b 63 1 63 78
b 63 1 168 150
b 63 1 609 176
b 63 1 236 200
b 63 1 149 263
b 63 1 141 316
b 63 1 26 325
b 63 1 156 369
b 63 1 123 317
f 63 1 63 286
f 63 1 168 627
f 63 1 116 659
f 63 1 158 200
f 63 1 225 259
f 63 1 160 162
f 63 1 139 108
f 63 1 1097 59
f 63 1 133 103
f 63 1 123 524
f 63 1 596 86
f 63 1 236 108
f 63 1 156 584
f 63 1 149 54
f 63 1 147 103
f 63 1 598 27
f 63 1 135 346
f 63 1 26 22
f 63 1 235 16
f 63 1 166 16
f 63 1 114 11
f 63 1 36 11
f 63 1 154 22
f 63 1 1 11
f 63 1 603 22
f 63 1 256 11
f 63 1 96 16
h 63 3 341 487 14
s 63 3 40 16,16,20,34,237,237
s 63 3 33 16,16,20,20,44,237
c 63 3 36 909 32 490
c 63 3 609 745 219 531
m 63 3 598 109 135 622
m 63 3 1852 85 148 414
m 63 3 166 164 153 411
m 63 3 137 141 161 583
m 63 3 168 179 173 525
m 63 3 1854 50 208 588
m 63 3 609 745 219 531
m 63 3 235 202 243 609
m 63 3 147 62 245 476
m 63 3 273 47 252 750
m 63 3 263 62 253 476
m 63 3 100 41 259 571
m 63 3 123 284 266 701
m 63 3 158 82 275 607
m 63 3 226 88 284 600
m 63 3 26 85 305 621
m 63 3 116 293 307 470
m 63 3 81 9 323 333
m 63 3 90 26 328 667
m 63 3 1858 76 340 615
m 63 3 141 194 348 773
m 63 3 250 67 355 652
m 63 3 1097 53 357 833
m 63 3 156 82 367 857
m 63 3 135 47 374 688
m 63 3 108 26 376 556
m 63 3 225 73 387 560
m 63 3 96 41 402 786
m 63 3 160 47 402 500
m 63 3 610 12 412 750
m 63 3 133 18 490 500
b 63 3 75 24
b 63 3 36 32
b 63 3 92 44
b 63 3 267 103
b 63 3 235 240
b 63 3 609 218
b 63 3 226 285
b 63 3 225 395
b 63 3 116 313
b 63 3 96 404
f 63 3 168 133
f 63 3 156 283
f 63 3 225 183
f 63 3 116 567
f 63 3 123 367
f 63 3 133 50
f 63 3 235 350
f 63 3 226 233
f 63 3 96 183
f 63 3 108 50
f 63 3 154 50
f 63 3 174 67
f 63 3 598 117
f 63 3 98 100
f 63 3 149 50
f 63 3 36 83
f 63 3 596 83
f 63 3 147 67
f 63 3 92 17
f 63 3 137 167
f 63 3 610 50
f 63 3 75 33
f 63 3 267 133
f 63 3 236 67
f 63 3 63 83
f 63 3 158 67
f 63 3 160 150
f 63 3 256 17
f 63 3 135 117
f 63 3 73 33
f 63 3 139 33
f 63 3 273 100
f 63 3 208 17
f 63 3 600 17
f 63 3 90 67
f 63 3 1854 50
f 63 3 119 50
f 63 3 100 17
f 63 3 569 17
f 63 3 603 17
f 63 3 127 17
f 63 3 112 17
f 63 3 114 17
f 63 3 1 17
f 63 3 81 17
h 63 5 254 476 15
s 63 5 40 16,20,34,43,44,1123
s 63 5 33 16,34,42,43,44,237,1123
c 63 5 92 941 56 477
c 63 5 36 756 79 453
c 63 5 267 661 154 506
m 63 5 1852 181 127 413
m 63 5 267 661 154 506
m 63 5 244 232 182 508
m 63 5 98 177 224 533
m 63 5 100 272 247 551
m 63 5 108 169 293 628
m 63 5 166 24 303 167
m 63 5 226 142 305 583
m 63 5 90 43 326 636
m 63 5 232 31 328 625
m 63 5 1466 35 330 444
m 63 5 256 24 373 500
m 63 5 119 16 390 500
m 63 5 123 35 396 333
m 63 5 96 35 407 778
m 63 5 225 28 433 714
m 63 5 160 8 455 0
m 63 5 141 8 615 0
b 63 5 92 60
b 63 5 36 86
b 63 5 267 162
b 63 5 100 252
b 63 5 116 440
f 63 5 267 667
f 63 5 206 259
f 63 5 96 148
f 63 5 226 259
f 63 5 63 74
f 63 5 108 333
f 63 5 256 111
f 63 5 36 222
f 63 5 225 185
f 63 5 141 74
f 63 5 569 37
f 63 5 37 37
f 63 5 235 74
f 63 5 90 148
f 63 5 174 74
f 63 5 123 148
f 63 5 102 37
f 63 5 254 37
f 63 5 100 259
f 63 5 158 37
f 63 5 931 37
f 63 5 166 74
f 63 5 160 74
f 63 5 598 111
f 63 5 116 37
f 63 5 98 74
f 63 5 75 37
f 63 5 143 37
f 63 5 92 37
f 63 5 232 74
f 63 5 73 37
h 64 5 2428 472 74
s 64 5 263 16,16,34,43,44,1123
s 64 5 236 16,16,34,43,44,237,1123
c 64 5 36 721 76 493
c 64 5 180 796 113 488
m 64 5 100 440 228 508
m 64 5 254 351 234 495
m 64 5 79 76 250 658
m 64 5 102 302 253 514
m 64 5 609 167 272 565
m 64 5 232 69 294 527
m 64 5 37 137 294 476
m 64 5 231 82 298 688
m 64 5 1 183 303 616
m 64 5 108 327 341 569
m 64 5 226 30 351 616
m 64 5 263 22 355 623
m 64 5 1466 19 372 667
m 64 5 256 21 401 596
m 64 5 1802 7 426 667
m 64 5 96 9 453 762
m 64 5 610 19 463 478
m 64 5 48 15 473 649
m 64 5 110 6 536 800
m 64 5 1154 1 630 500
b 64 5 73 81
b 64 5 36 76
b 64 5 180 114
b 64 5 254 230
b 64 5 108 343
b 64 5 102 256
b 64 5 231 305
b 64 5 263 367
b 64 5 609 277
f 64 5 100 440
f 64 5 931 26
f 64 5 108 695
f 64 5 37 221
f 64 5 180 614
f 64 5 185 24
f 64 5 1 358
f 64 5 254 455
f 64 5 610 69
f 64 5 232 109
f 64 5 36 197
f 64 5 229 49
f 64 5 256 71
f 64 5 226 79
f 64 5 102 352
f 64 5 244 73
f 64 5 206 39
f 64 5 259 11
f 64 5 65 13
f 64 5 534 17
f 64 5 90 28
f 64 5 110 30
f 64 5 77 13
f 64 5 96 36
f 64 5 152 11
h 64 4 530 457 20
s 64 4 53 16,16,34,43,44,1123
s 64 4 40 16,16,34,43,44,237,1123
c 64 4 36 692 73 463
c 64 4 180 802 109 466
m 64 4 100 475 229 460
m 64 4 254 319 236 444
m 64 4 609 257 246 522
m 64 4 102 283 252 493
m 64 4 79 75 252 725
m 64 4 1 228 274 628
m 64 4 37 123 284 446
m 64 4 231 64 291 765
m 64 4 232 79 298 500
m 64 4 108 402 327 582
m 64 4 226 28 359 467
m 64 4 1466 19 368 800
m 64 4 263 28 371 667
m 64 4 256 36 430 526
m 64 4 96 13 434 571
m 64 4 610 17 468 778
m 64 4 116 11 472 833
m 64 4 48 23 488 667
m 64 4 81 4 500 1000
m 64 4 235 4 545 0
m 64 4 273 6 570 333
b 64 4 36 71
b 64 4 180 110
b 64 4 100 233
b 64 4 254 234
b 64 4 102 246
b 64 4 79 255
f 64 4 116 38
f 64 4 180 673
f 64 4 100 519
f 64 4 102 337
f 64 4 256 144
f 64 4 232 154
f 64 4 226 77
f 64 4 36 250
f 64 4 108 702
f 64 4 610 67
f 64 4 1 298
f 64 4 254 404
f 64 4 259 29
f 64 4 81 19
f 64 4 1802 29
f 64 4 110 48
f 64 4 37 173
f 64 4 185 19
f 64 4 534 29
f 64 4 236 19
f 64 4 267 29
f 64 4 90 19
f 64 4 119 29
f 64 4 65 19
f 64 4 244 38
f 64 4 206 38
f 64 4 96 38
f 64 4 77 19
f 64 4 229 38
f 64 4 1852 19
h 65 3 442 473 40
s 65 3 130 16,16,20,20,44,237
s 65 3 33 16,16,16,20,20,44
c 65 3 36 837 54 495
c 65 3 214 851 57 495
c 65 3 185 810 101 489
c 65 3 1 887 176 487
c 65 3 931 615 177 562
c 65 3 116 597 262 508
m 65 3 1 887 176 487
m 65 3 931 615 177 562
m 65 3 1854 70 188 613
m 65 3 48 79 208 457
m 65 3 190 41 229 444
m 65 3 226 66 247 483
m 65 3 232 59 250 615
m 65 3 100 36 255 688
m 65 3 102 296 259 458
m 65 3 116 597 262 508
m 65 3 1856 43 319 684
m 65 3 235 127 320 625
m 65 3 119 190 324 655
m 65 3 108 167 341 649
m 65 3 609 240 349 877
m 65 3 263 72 352 562
m 65 3 123 41 369 500
m 65 3 1806 23 421 500
m 65 3 603 5 490 0
m 65 3 610 7 493 1000
m 65 3 220 11 504 600
m 65 3 600 16 516 571
m 65 3 1154 2 750 0
b 65 3 77 34
b 65 3 214 55
b 65 3 36 50
b 65 3 185 100
b 65 3 931 184
b 65 3 1 174
b 65 3 116 266
b 65 3 609 366
b 65 3 119 332
f 65 3 1 875
f 65 3 931 611
f 65 3 102 250
f 65 3 116 889
f 65 3 108 292
f 65 3 119 389
f 65 3 600 83
f 65 3 185 83
f 65 3 147 28
f 65 3 96 28
f 65 3 1858 14
f 65 3 48 153
f 65 3 263 167
f 65 3 77 14
f 65 3 73 42
f 65 3 534 56
f 65 3 37 56
f 65 3 127 28
f 65 3 232 56
f 65 3 123 139
f 65 3 603 28
f 65 3 610 42
f 65 3 36 69
f 65 3 226 83
f 65 3 190 14
f 65 3 152 28
f 65 3 90 14
f 65 3 256 56
f 65 3 1854 28
f 65 3 267 28
f 65 3 254 14
f 65 3 110 28
f 65 3 247 14
f 65 3 223 14
f 65 3 178 28
f 65 3 1802 14
f 65 3 277 14
f 65 3 100 28
h 65 2 387 494 33
s 65 2 234 16,16,16,16,42,44,237
s 65 2 58 16,16,16,16,16,42,44
c 65 2 41 966 18 500
c 65 2 36 889 62 503
c 65 2 48 612 122 515
c 65 2 1 889 174 509
c 65 2 116 661 245 520
m 65 2 48 612 122 515
m 65 2 1854 93 148 583
m 65 2 1 889 174 509
m 65 2 931 176 192 559
m 65 2 116 661 245 520
m 65 2 102 276 252 467
m 65 2 147 57 292 545
m 65 2 119 199 296 636
m 65 2 235 158 304 557
m 65 2 263 183 305 493
m 65 2 609 323 336 824
m 65 2 121 31 349 917
m 65 2 123 72 354 536
m 65 2 1806 72 360 643
m 65 2 108 72 363 536
m 65 2 1856 28 383 455
m 65 2 96 41 404 750
m 65 2 250 13 418 400
m 65 2 247 10 422 500
m 65 2 256 16 423 500
m 65 2 110 21 444 500
m 65 2 220 36 446 786
m 65 2 600 28 481 727
m 65 2 174 3 590 0
b 65 2 41 17
b 65 2 36 64
b 65 2 48 127
b 65 2 1 180
b 65 2 116 236
b 65 2 102 263
b 65 2 263 326
b 65 2 534 253
b 65 2 1806 345
b 65 2 96 391
b 65 2 220 442
b 65 2 609 359
f 65 2 931 286
f 65 2 116 914
f 65 2 1 814
f 65 2 108 186
f 65 2 235 243
f 65 2 119 314
f 65 2 110 71
f 65 2 48 486
f 65 2 263 371
f 65 2 96 143
f 65 2 41 71
f 65 2 36 100
f 65 2 277 57
f 65 2 147 86
f 65 2 174 14
f 65 2 102 100
f 65 2 1856 114
f 65 2 98 71
f 65 2 256 57
f 65 2 600 143
f 65 2 73 14
f 65 2 121 86
f 65 2 534 200
f 65 2 247 29
f 65 2 114 14
f 65 2 204 57
f 65 2 123 129
f 65 2 1854 86
f 65 2 226 29
f 65 2 232 14
f 65 2 610 14
f 65 2 267 14
f 65 2 112 14
f 65 2 104 14
f 65 2 160 14
h 66 5 604 502 87
s 66 5 70 16,16,43,44,1123,1575
s 66 5 57 43,44,237,1123,1575
c 66 5 36 540 85 506
c 66 5 185 515 128 502
c 66 5 180 753 146 541
c 66 5 79 548 173 520
m 66 5 185 515 128 502
m 66 5 180 753 146 541
m 66 5 206 127 147 532
m 66 5 79 548 173 520
m 66 5 1128 127 201 506
m 66 5 229 154 245 581
m 66 5 231 358 249 588
m 66 5 81 210 250 598
m 66 5 254 108 253 338
m 66 5 609 267 259 578
m 66 5 102 142 265 570
m 66 5 269 131 283 595
m 66 5 90 214 287 597
m 66 5 931 26 315 625
m 66 5 108 174 350 571
m 66 5 37 84 353 549
m 66 5 226 56 356 382
m 66 5 1 79 384 521
m 66 5 242 18 391 636
m 66 5 116 15 427 556
m 66 5 96 28 434 706
m 66 5 1802 15 466 556
m 66 5 110 5 537 667
b 66 5 36 135
b 66 5 185 156
b 66 5 180 180
b 66 5 79 197
b 66 5 231 289
b 66 5 90 293
b 66 5 254 360
f 66 5 65 19
f 66 5 269 178
f 66 5 37 224
f 66 5 88 19
f 66 5 931 65
f 66 5 229 187
f 66 5 102 224
f 66 5 90 383
f 66 5 79 56
f 66 5 96 93
f 66 5 112 56
f 66 5 206 112
f 66 5 108 402
f 66 5 1 252
f 66 5 116 56
f 66 5 185 364
f 66 5 81 271
f 66 5 244 28
f 66 5 231 505
f 66 5 242 65
f 66 5 36 140
f 66 5 610 37
f 66 5 226 159
f 66 5 256 47
f 66 5 254 159
f 66 5 100 28
f 66 5 225 19
f 66 5 110 28
h 67 1 4561 542 95
s 67 1 1397 11,16,20,34,44
s 67 1 895 11,16,16,34,44,237
c 67 1 92 667 35 550
c 67 1 36 783 51 549
c 67 1 63 997 69 542
c 67 1 137 1000 175 542
c 67 1 170 959 210 557
c 67 1 147 904 244 583
c 67 1 160 541 324 686
m 67 1 65 83 121 437
m 67 1 137 1000 175 542
m 67 1 147 904 244 583
m 67 1 160 541 324 686
m 67 1 108 128 337 673
m 67 1 250 150 370 690
m 67 1 114 34 377 781
m 67 1 139 150 388 726
m 67 1 116 85 389 578
m 67 1 1097 47 390 731
m 67 1 208 185 404 741
m 67 1 225 142 405 604
m 67 1 609 136 416 668
m 67 1 110 42 467 646
b 67 1 36 56
b 67 1 92 35
b 67 1 63 72
b 67 1 137 172
b 67 1 170 205
b 67 1 147 240
b 67 1 160 325
b 67 1 143 366
b 67 1 208 409
b 67 1 225 414
b 67 1 139 398
b 67 1 609 421
f 67 1 147 995
f 67 1 160 832
f 67 1 116 217
f 67 1 225 385
f 67 1 63 675
f 67 1 127 24
f 67 1 137 604
f 67 1 114 72
f 67 1 36 28
f 67 1 139 355
f 67 1 143 118
f 67 1 110 118
f 67 1 108 130
f 67 1 98 49
f 67 1 135 20
f 67 1 174 16
f 67 1 92 32
f 67 1 603 17
f 67 1 123 10
f 67 1 96 15
f 67 1 133 14
h 68 5 2642 496 77
s 68 5 326 16,16,34,43,44,1123
s 68 5 319 16,16,34,43,44,237,1123
c 68 5 36 641 74 509
c 68 5 180 654 119 525
c 68 5 609 819 224 508
m 68 5 1852 100 168 462
m 68 5 65 65 204 415
m 68 5 609 819 224 508
m 68 5 254 390 252 523
m 68 5 100 215 264 548
m 68 5 102 203 272 529
m 68 5 1 173 289 598
m 68 5 37 207 293 539
m 68 5 1466 127 351 716
m 68 5 256 70 381 598
m 68 5 108 28 389 500
m 68 5 235 73 389 696
m 68 5 96 59 404 654
m 68 5 277 14 422 568
m 68 5 110 17 428 659
m 68 5 610 14 434 605
m 68 5 48 16 446 732
m 68 5 123 9 472 600
m 68 5 247 1 557 1000
b 68 5 36 72
b 68 5 180 121
b 68 5 254 248
b 68 5 609 228
b 68 5 102 277
b 68 5 100 278
b 68 5 610 448
f 68 5 37 297
f 68 5 254 485
f 68 5 96 162
f 68 5 180 608
f 68 5 100 245
f 68 5 102 267
f 68 5 108 68
f 68 5 256 172
f 68 5 110 50
f 68 5 92 15
f 68 5 223 19
f 68 5 152 24
f 68 5 1 251
f 68 5 36 214
f 68 5 244 49
f 68 5 65 66
f 68 5 123 34
f 68 5 610 44
f 68 5 206 109
f 68 5 232 39
f 68 5 73 13
f 68 5 226 58
f 68 5 229 34
f 68 5 259 49
f 68 5 263 15
f 68 5 77 24
f 68 5 1802 26
f 68 5 267 37
f 68 5 931 11
h 68 4 601 511 19
s 68 4 60 16,16,34,42,43,44,1123
s 68 4 57 29,42,43,1123
c 68 4 36 574 69 516
c 68 4 180 619 120 543
c 68 4 609 872 218 502
m 68 4 180 619 120 543
m 68 4 1852 128 166 442
m 68 4 65 75 186 556
m 68 4 267 58 191 543
m 68 4 609 872 218 502
m 68 4 254 344 264 536
m 68 4 100 250 272 573
m 68 4 1 201 275 595
m 68 4 102 176 283 519
m 68 4 37 241 289 545
m 68 4 1466 148 333 708
m 68 4 108 47 360 571
m 68 4 256 83 383 580
m 68 4 235 62 404 757
m 68 4 110 27 409 812
m 68 4 96 73 417 750
m 68 4 277 22 424 769
m 68 4 610 17 456 700
m 68 4 41 2 620 1000
m 68 4 249 2 670 1000
b 68 4 36 70
b 68 4 180 126
b 68 4 609 219
b 68 4 254 253
b 68 4 206 224
b 68 4 1466 326
b 68 4 1 294
f 68 4 180 556
f 68 4 206 155
f 68 4 37 268
f 68 4 96 211
f 68 4 77 35
f 68 4 256 225
f 68 4 65 35
f 68 4 102 246
f 68 4 1 282
f 68 4 610 56
f 68 4 254 430
f 68 4 100 225
f 68 4 36 176
f 68 4 267 85
f 68 4 108 85
f 68 4 110 77
f 68 4 259 70
f 68 4 244 113
f 68 4 73 21
f 68 4 123 21
f 68 4 152 21
f 68 4 226 63
f 68 4 232 21
f 68 4 92 28
f 68 4 229 35
f 68 4 223 42
f 68 4 263 14
h 69 3 7762 504 90
s 69 3 1265 13,13,16,16,34
s 69 3 967 13,13,16,16,16,20
c 69 3 73 519 23 512
c 69 3 36 690 62 516
c 69 3 50 981 68 505
c 69 3 178 528 110 514
c 69 3 185 660 110 525
c 69 3 1 957 177 516
c 69 3 609 852 184 520
c 69 3 116 826 253 537
c 69 3 119 552 315 630
m 69 3 65 131 130 395
m 69 3 137 186 174 554
m 69 3 1 957 177 516
m 69 3 609 852 184 520
m 69 3 116 826 253 537
m 69 3 119 552 315 630
m 69 3 235 149 339 680
m 69 3 100 24 342 634
m 69 3 114 36 355 783
m 69 3 108 344 363 608
m 69 3 1856 18 393 657
m 69 3 48 38 424 668
m 69 3 600 71 445 752
m 69 3 110 61 453 636
m 69 3 610 11 467 639
m 69 3 256 6 474 500
m 69 3 220 18 489 706
b 69 3 73 24
b 69 3 73 24
b 69 3 36 67
b 69 3 50 68
b 69 3 185 110
b 69 3 609 169
b 69 3 178 128
b 69 3 1 169
b 69 3 116 246
b 69 3 119 315
b 69 3 108 363
b 69 3 110 450
b 69 3 600 472
b 69 3 100 458
f 69 3 50 814
f 69 3 1 750
f 69 3 116 974
f 69 3 119 857
f 69 3 108 541
f 69 3 114 61
f 69 3 137 182
f 69 3 37 33
f 69 3 185 194
f 69 3 110 201
f 69 3 96 15
f 69 3 931 20
f 69 3 600 233
f 69 3 226 48
f 69 3 152 21
f 69 3 178 24
f 69 3 65 37
f 69 3 112 24
f 69 3 939 21
f 69 3 610 37
f 69 3 100 29
f 69 3 1802 10
f 69 3 1854 20
f 69 3 123 36
f 69 3 256 20
h 69 4 198 515 2
s 69 4 71 29,42,43,1123
s 69 4 30 29,42,44
c 69 4 36 571 92 540
c 69 4 1 869 197 535
c 69 4 609 616 207 541
m 69 4 178 141 127 500
m 69 4 185 455 136 567
m 69 4 65 76 139 467
m 69 4 1852 71 192 643
m 69 4 267 71 196 714
m 69 4 1 869 197 535
m 69 4 609 616 207 541
m 69 4 931 202 245 725
m 69 4 100 86 288 529
m 69 4 1854 86 295 588
m 69 4 226 51 299 600
m 69 4 37 56 316 364
m 69 4 116 424 320 583
m 69 4 48 20 352 1000
m 69 4 235 45 353 778
m 69 4 119 162 357 688
m 69 4 108 136 394 778
m 69 4 112 15 413 1000
m 69 4 96 15 417 667
b 69 4 50 84
b 69 4 92 97
b 69 4 36 95
b 69 4 1 192
b 69 4 609 211
b 69 4 1854 299
b 69 4 1852 252
b 69 4 100 290
f 69 4 36 143
f 69 4 50 514
f 69 4 185 200
f 69 4 1 943
f 69 4 96 86
f 69 4 116 743
f 69 4 119 371
f 69 4 108 429
f 69 4 256 29
f 69 4 931 171
f 69 4 1854 86
f 69 4 267 114
f 69 4 226 114
f 69 4 610 29
f 69 4 102 57
f 69 4 254 86
f 69 4 229 29
f 69 4 100 114
f 69 4 235 114
f 69 4 110 57
f 69 4 600 29
f 69 4 37 86
f 69 4 112 86
f 69 4 92 29
f 69 4 73 29
f 69 4 249 29
f 69 4 259 29
h 70 1 4572 513 91
s 70 1 1640 11,16,16,34,44,237
s 70 1 672 11,16,16,16,34,44
c 70 1 36 710 58 524
c 70 1 50 734 59 523
c 70 1 145 980 135 518
c 70 1 1 966 170 527
c 70 1 143 823 226 577
c 70 1 116 602 264 531
c 70 1 609 556 272 616
m 70 1 145 980 135 518
m 70 1 1 966 170 527
m 70 1 26 120 255 643
m 70 1 116 602 264 531
m 70 1 609 556 272 616
m 70 1 108 292 280 633
m 70 1 135 295 329 585
m 70 1 208 458 331 689
m 70 1 1097 44 332 635
m 70 1 225 95 349 638
m 70 1 156 102 367 726
m 70 1 603 190 395 757
m 70 1 48 11 446 706
m 70 1 133 10 473 652
m 70 1 220 6 527 724
m 70 1 256 1 640 1000
b 70 1 73 23
b 70 1 36 59
b 70 1 50 57
b 70 1 145 133
b 70 1 1 167
b 70 1 143 231
b 70 1 116 264
b 70 1 609 284
b 70 1 135 342
b 70 1 208 342
b 70 1 603 410
f 70 1 145 890
f 70 1 1 457
f 70 1 108 164
f 70 1 143 98
f 70 1 135 566
f 70 1 156 223
f 70 1 116 814
f 70 1 603 526
f 70 1 50 525
f 70 1 225 215
f 70 1 123 43
f 70 1 26 14
f 70 1 139 11
f 70 1 133 24
f 70 1 600 11
h 70 3 212 453 5
s 70 3 60 11,16,16,34,44,237
s 70 3 17 11,16,20,34,44
c 70 3 36 736 44 462
c 70 3 50 925 59 474
c 70 3 145 552 144 479
c 70 3 1 953 167 465
c 70 3 143 783 230 518
m 70 3 145 552 144 479
m 70 3 26 127 156 444
m 70 3 1 953 167 465
m 70 3 609 448 264 516
m 70 3 170 28 265 167
m 70 3 116 311 293 424
m 70 3 168 66 293 786
m 70 3 108 259 293 636
m 70 3 1097 71 303 533
m 70 3 156 42 322 667
m 70 3 208 269 333 754
m 70 3 135 142 339 600
m 70 3 123 28 342 667
m 70 3 225 66 364 429
m 70 3 603 61 405 615
m 70 3 133 9 470 1000
m 70 3 249 5 500 0
m 70 3 141 9 505 500
m 70 3 609 5 520 0
b 70 3 36 44
b 70 3 50 57
b 70 3 145 145
b 70 3 1 173
b 70 3 143 224
b 70 3 108 278
b 70 3 135 322
b 70 3 208 353
b 70 3 609 295
f 70 3 50 759
f 70 3 143 379
f 70 3 277 34
f 70 3 116 724
f 70 3 135 276
f 70 3 603 241
f 70 3 174 207
f 70 3 1 759
f 70 3 156 69
f 70 3 145 552
f 70 3 108 207
f 70 3 168 103
f 70 3 225 276
f 70 3 98 69
f 70 3 235 34
f 70 3 123 34
f 70 3 249 34
f 70 3 133 34
f 70 3 149 34
h 71 4 11456 510 79
s 71 4 7506 29,42,43,1123
s 71 4 1358 29,42,44
c 71 4 50 938 91 510
c 71 4 152 691 240 554
m 71 4 185 410 160 579
m 71 4 65 90 187 398
m 71 4 267 66 193 546
m 71 4 100 238 278 596
m 71 4 609 62 296 573
m 71 4 277 152 330 652
m 71 4 249 38 334 685
m 71 4 108 103 341 589
m 71 4 226 29 342 661
m 71 4 116 108 346 620
m 71 4 235 23 386 660
m 71 4 610 11 402 695
m 71 4 48 1 421 429
m 71 4 220 0 570 1000
m 71 4 133 0 700 1000
b 71 4 36 103
b 71 4 50 88
b 71 4 185 160
b 71 4 152 239
b 71 4 259 290
b 71 4 277 334
b 71 4 108 347
b 71 4 1107 380
b 71 4 1808 460
f 71 4 73 17
f 71 4 244 235
f 71 4 50 923
f 71 4 152 768
f 71 4 36 189
f 71 4 226 75
f 71 4 100 312
f 71 4 185 388
f 71 4 254 25
f 71 4 116 283
f 71 4 267 81
f 71 4 112 14
f 71 4 37 54
f 71 4 108 233
f 71 4 210 19
f 71 4 1854 30
f 71 4 65 82
f 71 4 119 18
f 71 4 90 40
f 71 4 229 16
f 71 4 170 27
f 71 4 931 45
f 71 4 610 48
f 71 4 127 41
f 71 4 123 22
f 71 4 256 14
f 71 4 225 12
f 71 4 259 18
f 71 4 98 15
f 71 4 96 18
f 71 4 92 16
h 71 3 699 526 6
s 71 3 120 11,13,16,16,20,44
s 71 3 35 13,13,16,16,34
c 71 3 36 677 55 539
c 71 3 50 977 68 524
c 71 3 152 906 186 537
c 71 3 170 542 229 530
c 71 3 277 687 271 542
m 71 3 65 292 129 451
m 71 3 185 243 131 571
m 71 3 277 687 271 542
m 71 3 108 468 317 535
m 71 3 100 278 321 562
m 71 3 249 245 330 632
m 71 3 116 305 335 535
m 71 3 235 170 355 613
m 71 3 609 122 360 541
m 71 3 119 19 385 538
m 71 3 931 13 401 444
m 71 3 112 23 416 688
m 71 3 123 31 418 409
m 71 3 1 6 432 500
m 71 3 610 90 434 587
m 71 3 220 6 452 750
m 71 3 1856 3 520 1000
b 71 3 73 29
b 71 3 36 56
b 71 3 50 67
b 71 3 152 182
b 71 3 170 230
b 71 3 277 276
b 71 3 100 332
b 71 3 610 424
f 71 3 50 937
f 71 3 152 526
f 71 3 127 26
f 71 3 108 553
f 71 3 116 495
f 71 3 244 74
f 71 3 123 95
f 71 3 100 237
f 71 3 226 53
f 71 3 235 326
f 71 3 65 126
f 71 3 119 53
f 71 3 610 253
f 71 3 36 68
f 71 3 112 63
f 71 3 225 16
f 71 3 185 111
f 71 3 98 16
f 71 3 931 42
f 71 3 73 63
f 71 3 267 21
f 71 3 137 11
f 71 3 210 26
f 71 3 247 16
f 71 3 939 21
f 71 3 37 26
f 71 3 204 16
f 71 3 1808 16
f 71 3 110 11
f 71 3 1854 16
f 71 3 256 16
f 71 3 114 11
f 71 3 170 11
h 71 5 1674 529 12
s 71 5 833 29,43,1123
s 71 5 195 29,44
c 71 5 50 922 93 532
c 71 5 152 718 244 546
m 71 5 185 478 164 568
m 71 5 65 80 179 410
m 71 5 267 51 197 541
m 71 5 100 278 292 612
m 71 5 609 85 311 622
m 71 5 931 39 320 646
m 71 5 277 193 333 632
m 71 5 226 34 338 579
m 71 5 37 30 347 560
m 71 5 108 144 354 672
m 71 5 116 116 365 619
m 71 5 249 64 373 654
m 71 5 235 35 404 621
m 71 5 610 27 434 630
m 71 5 256 5 438 778
b 71 5 36 95
b 71 5 50 89
b 71 5 152 242
b 71 5 100 310
b 71 5 170 294
b 71 5 277 333
b 71 5 249 372
f 71 5 152 639
f 71 5 116 290
f 71 5 127 39
f 71 5 50 884
f 71 5 100 371
f 71 5 259 32
f 71 5 244 235
f 71 5 73 16
f 71 5 170 39
f 71 5 267 68
f 71 5 185 358
f 71 5 108 310
f 71 5 37 45
f 71 5 226 61
f 71 5 36 158
f 71 5 65 81
f 71 5 112 19
f 71 5 210 16
f 71 5 229 19
f 71 5 610 113
f 71 5 96 23
f 71 5 123 16
f 71 5 931 71
f 71 5 119 13
f 71 5 90 19
f 71 5 256 19
h 72 4 1394 474 45
s 72 4 199 16,16,20,42,43,44,237,1123
s 72 4 158 29,42,43,1123
c 72 4 36 722 84 475
c 72 4 92 647 92 489
c 72 4 609 967 164 483
m 72 4 180 193 132 524
m 72 4 609 967 164 483
m 72 4 1852 413 170 507
m 72 4 267 146 203 534
m 72 4 185 131 235 574
m 72 4 1854 69 258 583
m 72 4 254 225 265 497
m 72 4 259 98 277 628
m 72 4 102 215 280 523
m 72 4 100 212 281 530
m 72 4 1 172 284 579
m 72 4 931 74 322 660
m 72 4 226 108 336 570
m 72 4 1856 36 368 660
m 72 4 176 30 373 548
m 72 4 116 52 378 556
m 72 4 235 44 394 656
m 72 4 96 42 403 525
m 72 4 256 22 409 484
m 72 4 48 29 430 732
m 72 4 610 27 432 500
m 72 4 133 3 465 250
m 72 4 249 1 490 0
m 72 4 220 6 554 556
m 72 4 1154 1 630 1000
m 72 4 600 1 635 500
b 72 4 214 122
b 72 4 36 86
b 72 4 92 95
b 72 4 609 165
b 72 4 1852 172
b 72 4 100 287
b 72 4 931 326
f 72 4 244 52
f 72 4 36 262
f 72 4 226 203
f 72 4 102 290
f 72 4 267 166
f 72 4 254 317
f 72 4 214 286
f 72 4 185 52
f 72 4 96 128
f 72 4 1 266
f 72 4 116 117
f 72 4 931 141
f 72 4 1854 76
f 72 4 77 10
f 72 4 100 228
f 72 4 256 59
f 72 4 123 21
f 72 4 108 17
f 72 4 90 48
f 72 4 259 52
f 72 4 229 52
f 72 4 92 28
f 72 4 104 10
f 72 4 610 93
f 72 4 114 14
f 72 4 223 34
f 72 4 232 48
f 72 4 81 45
f 72 4 37 228
f 72 4 152 14
f 72 4 119 24
f 72 4 190 48
f 72 4 166 14
f 72 4 149 14
h 72 1 787 450 23
s 72 1 143 36,237,237
s 72 1 89 16,36,237
c 72 1 36 797 16 448
c 72 1 596 877 51 445
c 72 1 63 963 67 442
c 72 1 149 863 162 459
c 72 1 108 720 183 471
c 72 1 26 503 241 545
c 72 1 116 544 269 414
c 72 1 141 624 283 558
c 72 1 156 578 305 607
m 72 1 108 720 183 471
m 72 1 147 285 189 478
m 72 1 26 503 241 545
m 72 1 154 50 244 590
m 72 1 263 156 261 577
m 72 1 116 544 269 414
m 72 1 141 624 283 558
m 72 1 156 578 305 607
m 72 1 139 247 310 593
m 72 1 609 64 310 560
m 72 1 1858 44 321 600
m 72 1 1 172 323 600
m 72 1 135 147 345 500
m 72 1 123 18 361 500
m 72 1 160 20 392 625
m 72 1 603 94 399 757
m 72 1 133 64 429 500
m 72 1 48 6 430 600
m 72 1 247 5 462 500
m 72 1 220 3 540 500
m 72 1 133 4 602 333
b 72 1 36 11
b 72 1 596 48
b 72 1 63 69
b 72 1 149 143
b 72 1 108 177
b 72 1 116 270
b 72 1 141 294
b 72 1 26 258
b 72 1 156 316
b 72 1 139 355
b 72 1 1 335
b 72 1 603 411
f 72 1 63 444
f 72 1 156 896
f 72 1 139 385
f 72 1 160 59
f 72 1 108 304
f 72 1 116 748
f 72 1 135 289
f 72 1 158 44
f 72 1 249 59
f 72 1 603 326
f 72 1 133 148
f 72 1 1 141
f 72 1 596 37
f 72 1 123 52
f 72 1 247 15
f 72 1 26 30
f 72 1 149 22
f 72 1 236 30
h 72 5 775 499 27
s 72 5 76 16,16,34,42,43,43,44,188,1123
s 72 5 50 16,16,20,43,44,188,237,1123
c 72 5 36 795 84 508
c 72 5 609 987 164 498
m 72 5 180 263 145 485
m 72 5 609 987 164 498
m 72 5 1852 323 170 592
m 72 5 1128 48 216 541
m 72 5 267 98 219 513
m 72 5 185 98 244 553
m 72 5 1854 53 255 585
m 72 5 254 295 264 472
m 72 5 100 267 271 594
m 72 5 229 52 272 625
m 72 5 102 217 275 560
m 72 5 259 63 277 612
m 72 5 1 218 282 592
m 72 5 226 90 339 614
m 72 5 931 52 345 650
m 72 5 48 30 375 522
m 72 5 235 39 378 700
m 72 5 121 12 380 667
m 72 5 104 3 395 500
m 72 5 116 31 398 500
m 72 5 176 12 411 778
m 72 5 149 4 417 333
m 72 5 96 49 418 605
m 72 5 256 18 419 500
m 72 5 610 28 438 591
m 72 5 220 6 516 600
m 72 5 158 1 670 0
b 72 5 36 84
b 72 5 214 118
b 72 5 609 164
b 72 5 100 266
b 72 5 1 279
b 72 5 226 338
b 72 5 90 337
b 72 5 119 448
f 72 5 267 134
f 72 5 214 254
f 72 5 226 239
f 72 5 100 254
f 72 5 123 22
f 72 5 36 216
f 72 5 102 284
f 72 5 263 15
f 72 5 242 15
f 72 5 1802 15
f 72 5 254 410
f 72 5 244 22
f 72 5 96 157
f 72 5 37 269
f 72 5 931 142
f 72 5 81 37
f 72 5 1 313
f 72 5 116 104
f 72 5 610 119
f 72 5 1107 15
f 72 5 229 52
f 72 5 232 30
f 72 5 92 30
f 72 5 256 75
f 72 5 90 30
f 72 5 1854 60
f 72 5 185 22
f 72 5 223 22
f 72 5 190 67
f 72 5 259 37
f 72 5 119 22
f 72 5 98 15
f 72 5 1808 15
h 73 1 449 441 44
s 73 1 141 11,13,13,16,16,44
s 73 1 59 11,13,16,34,44
c 73 1 36 521 43 440
c 73 1 178 973 49 444
c 73 1 50 684 61 472
c 73 1 137 1000 143 441
c 73 1 1 884 196 474
c 73 1 116 684 248 485
m 73 1 137 1000 143 441
m 73 1 1 884 196 474
m 73 1 147 232 233 510
m 73 1 116 684 248 485
m 73 1 108 129 285 448
m 73 1 112 394 291 616
m 73 1 158 38 301 412
m 73 1 250 256 309 539
m 73 1 48 62 324 643
m 73 1 609 318 328 608
m 73 1 160 36 347 688
m 73 1 135 38 347 706
m 73 1 249 24 349 455
m 73 1 600 60 356 778
m 73 1 208 232 364 615
m 73 1 247 18 380 750
m 73 1 603 194 386 644
m 73 1 139 49 403 727
m 73 1 1097 18 416 500
m 73 1 225 56 436 680
m 73 1 220 13 457 667
m 73 1 133 9 505 750
b 73 1 36 47
b 73 1 50 59
b 73 1 178 51
b 73 1 137 140
b 73 1 1 190
b 73 1 116 243
b 73 1 112 292
b 73 1 143 328
b 73 1 208 366
b 73 1 600 363
b 73 1 609 334
b 73 1 160 455
b 73 1 48 488
b 73 1 220 690
f 73 1 116 859
f 73 1 112 565
f 73 1 603 478
f 73 1 225 207
f 73 1 137 685
f 73 1 1 413
f 73 1 147 228
f 73 1 158 87
f 73 1 174 11
f 73 1 247 22
f 73 1 123 43
f 73 1 133 33
f 73 1 135 109
f 73 1 143 76
f 73 1 600 98
f 73 1 160 54
f 73 1 50 304
f 73 1 139 120
f 73 1 154 33
f 73 1 114 11
f 73 1 178 43
f 73 1 141 22
f 73 1 939 11
f 73 1 152 11
f 73 1 98 11
h 74 2 12891 532 83
s 74 2 5747 15,16,20,20,42,237
s 74 2 1632 16,16,20,20,42,44,237
c 74 2 77 684 16 531
c 74 2 36 675 41 536
c 74 2 259 530 95 524
c 74 2 223 801 106 535
c 74 2 48 916 164 562
c 74 2 235 571 266 632
c 74 2 609 510 282 584
m 74 2 244 169 122 547
m 74 2 65 53 125 407
m 74 2 48 916 164 562
m 74 2 102 161 199 517
m 74 2 1 244 265 642
m 74 2 235 571 266 632
m 74 2 609 510 282 584
m 74 2 609 64 283 617
m 74 2 108 292 285 575
m 74 2 116 431 286 560
m 74 2 37 36 305 568
m 74 2 123 132 314 659
m 74 2 1466 104 317 664
m 74 2 119 220 332 689
m 74 2 96 153 375 619
m 74 2 256 24 411 617
m 74 2 110 75 430 584
m 74 2 220 26 498 628
m 74 2 600 8 499 685
m 74 2 604 2 535 654
b 74 2 77 19
b 74 2 36 43
b 74 2 259 90
b 74 2 223 105
b 74 2 48 163
b 74 2 235 269
b 74 2 609 285
b 74 2 116 301
b 74 2 119 344
b 74 2 108 316
b 74 2 1466 347
f 74 2 223 513
f 74 2 48 857
f 74 2 116 681
f 74 2 108 306
f 74 2 206 23
f 74 2 96 403
f 74 2 119 406
f 74 2 267 25
f 74 2 110 253
f 74 2 123 250
f 74 2 77 58
f 74 2 1 293
f 74 2 256 72
f 74 2 600 34
f 74 2 100 16
f 74 2 36 50
f 74 2 102 134
f 74 2 98 25
f 74 2 37 27
f 74 2 226 12
f 74 2 610 22
f 74 2 259 15
f 74 2 65 15
f 74 2 133 10
h 74 4 1782 507 11
s 74 4 232 16,20,34,42,43,44,1123
s 74 4 98 16,16,20,42,43,44,237,1123
c 74 4 92 832 55 517
c 74 4 36 527 83 544
c 74 4 609 602 237 549
m 74 4 244 392 123 535
m 74 4 180 51 133 462
m 74 4 1852 166 152 510
m 74 4 214 108 161 490
m 74 4 267 480 168 537
m 74 4 65 70 186 411
m 74 4 223 104 197 581
m 74 4 259 97 215 532
m 74 4 609 602 237 549
m 74 4 609 57 244 578
m 74 4 102 168 261 537
m 74 4 100 93 270 648
m 74 4 48 314 277 673
m 74 4 1 160 279 593
m 74 4 108 350 302 566
m 74 4 37 68 306 451
m 74 4 1466 57 352 653
m 74 4 235 115 356 644
m 74 4 116 56 372 640
m 74 4 119 24 384 791
m 74 4 256 22 387 625
m 74 4 123 29 390 712
m 74 4 96 109 400 598
m 74 4 110 31 444 545
m 74 4 220 3 500 667
m 74 4 600 1 660 1000
b 74 4 77 52
b 74 4 92 59
b 74 4 36 90
b 74 4 267 173
b 74 4 609 236
b 74 4 48 280
b 74 4 108 320
f 74 4 77 105
f 74 4 98 50
f 74 4 108 546
f 74 4 65 39
f 74 4 48 490
f 74 4 102 230
f 74 4 1 224
f 74 4 244 97
f 74 4 267 482
f 74 4 100 119
f 74 4 119 66
f 74 4 123 78
f 74 4 37 102
f 74 4 36 208
f 74 4 96 338
f 74 4 226 30
f 74 4 116 147
f 74 4 206 53
f 74 4 610 28
f 74 4 110 130
f 74 4 256 72
f 74 4 259 30
f 74 4 223 97
f 74 4 92 64
f 74 4 931 11
f 74 4 1802 14
h 74 5 562 518 4
s 74 5 40 16,20,34,43,44,1123
s 74 5 32 16,16,20,42,43,44,237,1123
c 74 5 92 801 61 533
c 74 5 36 559 78 529
c 74 5 609 575 243 536
m 74 5 244 415 125 567
m 74 5 180 85 137 688
m 74 5 65 57 143 406
m 74 5 1852 205 157 583
m 74 5 267 393 176 502
m 74 5 214 135 181 579
m 74 5 185 62 202 571
m 74 5 223 93 206 558
m 74 5 259 89 223 620
m 74 5 609 575 243 536
m 74 5 102 149 255 500
m 74 5 609 53 260 667
m 74 5 100 105 272 627
m 74 5 48 317 291 657
m 74 5 1 190 294 607
m 74 5 108 343 306 601
m 74 5 37 84 319 617
m 74 5 1466 60 344 765
m 74 5 235 84 364 723
m 74 5 119 20 378 727
m 74 5 116 64 384 611
m 74 5 123 28 391 688
m 74 5 256 30 392 706
m 74 5 96 80 400 600
m 74 5 110 46 448 692
m 74 5 225 4 575 500
b 74 5 77 53
b 74 5 36 82
b 74 5 92 66
b 74 5 267 181
b 74 5 609 240
b 74 5 108 315
f 74 5 206 46
f 74 5 259 18
f 74 5 48 514
f 74 5 37 147
f 74 5 96 257
f 74 5 77 46
f 74 5 108 550
f 74 5 110 165
f 74 5 92 110
f 74 5 36 193
f 74 5 229 46
f 74 5 931 64
f 74 5 1 284
f 74 5 98 55
f 74 5 116 183
f 74 5 185 37
f 74 5 123 92
f 74 5 256 110
f 74 5 267 367
f 74 5 102 174
f 74 5 90 37
f 74 5 610 18
f 74 5 119 64
f 74 5 65 37
f 74 5 100 156
f 74 5 226 28
f 74 5 223 55
f 74 5 244 55
f 74 5 1802 18
h 75 5 1475 592 64
s 75 5 128 16,16,34,43,44,1123
s 75 5 114 16,16,34,43,44,237,1123
c 75 5 36 666 65 604
c 75 5 102 580 230 543
c 75 5 110 536 358 645
m 75 5 1852 68 147 630
m 75 5 63 227 155 576
m 75 5 65 190 180 607
m 75 5 102 580 230 543
m 75 5 254 212 248 581
m 75 5 100 57 273 571
m 75 5 37 164 298 545
m 75 5 108 422 325 651
m 75 5 263 174 341 582
m 75 5 609 203 342 515
m 75 5 110 536 358 645
m 75 5 1 26 374 692
m 75 5 152 27 414 675
m 75 5 235 58 437 659
m 75 5 96 45 451 667
m 75 5 256 18 458 815
m 75 5 277 9 466 571
m 75 5 48 24 493 686
m 75 5 1806 9 515 615
m 75 5 610 5 547 857
m 75 5 220 2 757 0
b 75 5 36 67
b 75 5 180 108
b 75 5 102 247
b 75 5 110 386
b 75 5 108 349
f 75 5 180 429
f 75 5 110 764
f 75 5 108 559
f 75 5 102 365
f 75 5 37 212
f 75 5 36 201
f 75 5 185 23
f 75 5 206 14
f 75 5 1 43
f 75 5 226 39
f 75 5 100 70
f 75 5 65 166
f 75 5 610 14
f 75 5 256 45
f 75 5 77 107
f 75 5 254 214
f 75 5 96 107
f 75 5 931 19
f 75 5 229 45
f 75 5 244 84
f 75 5 73 12
f 75 5 534 43
f 75 5 267 29
f 75 5 152 41
f 75 5 1802 35
f 75 5 247 16
f 75 5 116 18
h 75 2 206 515 5
s 75 2 27 15,16,16,20,42,44,237
s 75 2 26 16,16,16,20,20,42,44
c 75 2 36 689 46 521
c 75 2 63 922 76 511
c 75 2 534 748 164 604
c 75 2 102 675 187 525
c 75 2 609 859 225 554
c 75 2 263 709 258 575
m 75 2 65 92 168 474
m 75 2 102 675 187 525
m 75 2 98 68 205 286
m 75 2 609 859 225 554
m 75 2 48 53 257 636
m 75 2 263 709 258 575
m 75 2 277 73 267 867
m 75 2 1 243 282 640
m 75 2 1802 87 332 722
m 75 2 26 29 333 500
m 75 2 116 311 335 609
m 75 2 123 92 357 579
m 75 2 110 39 372 500
m 75 2 96 194 378 600
m 75 2 156 29 393 500
m 75 2 1806 194 395 650
m 75 2 160 39 399 500
m 75 2 247 24 404 400
m 75 2 249 53 416 545
m 75 2 135 44 422 556
m 75 2 603 15 593 667
b 75 2 41 22
b 75 2 36 46
b 75 2 63 74
b 75 2 534 164
b 75 2 102 194
b 75 2 609 219
b 75 2 263 261
b 75 2 116 343
b 75 2 135 380
f 75 2 63 732
f 75 2 534 375
f 75 2 96 464
f 75 2 26 36
f 75 2 116 589
f 75 2 277 71
f 75 2 931 18
f 75 2 160 71
f 75 2 98 125
f 75 2 1 339
f 75 2 41 18
f 75 2 244 18
f 75 2 65 54
f 75 2 123 143
f 75 2 158 36
f 75 2 156 89
f 75 2 135 125
f 75 2 152 125
f 75 2 247 71
f 75 2 598 18
f 75 2 100 18
f 75 2 1107 18
f 75 2 139 36
f 75 2 77 89
f 75 2 36 71
f 75 2 236 18
f 75 2 114 36
f 75 2 110 89
f 75 2 603 54
f 75 2 1802 18
f 75 2 37 36
f 75 2 108 36
f 75 2 1097 18
f 75 2 102 18
f 75 2 75 18
h 75 4 1153 488 27
s 75 4 104 16,20,20,44,237,237
s 75 4 85 16,16,34,43,44,1123
c 75 4 36 647 61 485
c 75 4 102 553 218 480
m 75 4 63 347 134 485
m 75 4 1852 66 143 566
m 75 4 65 179 183 413
m 75 4 102 553 218 480
m 75 4 254 159 246 519
m 75 4 100 68 267 538
m 75 4 37 152 278 417
m 75 4 263 206 299 559
m 75 4 108 291 304 589
m 75 4 534 77 305 640
m 75 4 609 192 315 552
m 75 4 1 36 351 780
m 75 4 110 266 359 616
m 75 4 152 37 363 488
m 75 4 116 15 410 529
m 75 4 256 10 430 667
m 75 4 235 25 438 621
m 75 4 96 40 445 696
m 75 4 1858 2 485 0
m 75 4 48 9 494 700
m 75 4 123 3 495 750
m 75 4 133 2 545 500
m 75 4 603 1 640 1000
m 75 4 164 1 640 0
m 75 4 220 1 660 0
m 75 4 610 2 675 0
m 75 4 911 1 730 0
b 75 4 75 42
b 75 4 77 49
b 75 4 36 62
b 75 4 63 125
b 75 4 102 219
b 75 4 263 295
b 75 4 609 318
b 75 4 534 311
b 75 4 1 381
b 75 4 96 458
f 75 4 185 30
f 75 4 534 91
f 75 4 152 73
f 75 4 180 332
f 75 4 36 198
f 75 4 102 319
f 75 4 108 440
f 75 4 110 634
f 75 4 267 34
f 75 4 96 147
f 75 4 116 39
f 75 4 254 181
f 75 4 77 177
f 75 4 931 26
f 75 4 229 56
f 75 4 65 147
f 75 4 73 13
f 75 4 247 17
f 75 4 37 190
f 75 4 244 56
f 75 4 1 73
f 75 4 1802 34
f 75 4 100 78
f 75 4 256 34
f 75 4 226 26
f 75 4 206 26
f 75 4 75 17
f 75 4 123 17
f 75 4 92 22
f 75 4 98 13
h 76 2 14944 531 93
s 76 2 3963 15,16,16,20,42,44,237
s 76 2 3090 15,16,16,16,20,42,44
c 76 2 36 587 46 544
c 76 2 63 977 84 535
c 76 2 534 745 163 565
c 76 2 102 585 195 547
c 76 2 1 818 197 588
c 76 2 263 606 250 609
m 76 2 65 126 133 387
m 76 2 102 585 195 547
m 76 2 1 818 197 588
m 76 2 277 95 206 583
m 76 2 263 606 250 609
m 76 2 116 350 302 539
m 76 2 108 226 308 675
m 76 2 123 63 319 670
m 76 2 96 338 344 682
m 76 2 1806 269 345 724
m 76 2 1802 43 346 547
m 76 2 247 31 361 685
m 76 2 609 101 362 668
m 76 2 110 22 395 561
m 76 2 48 8 424 714
m 76 2 604 13 449 759
m 76 2 603 25 471 745
m 76 2 133 3 491 689
m 76 2 220 2 539 706
b 76 2 77 22
b 76 2 77 22
b 76 2 36 44
b 76 2 63 77
b 76 2 534 165
b 76 2 1 206
b 76 2 102 195
b 76 2 263 249
b 76 2 116 317
b 76 2 96 357
b 76 2 1806 358
b 76 2 603 472
b 76 2 609 381
f 76 2 1 774
f 76 2 123 121
f 76 2 116 625
f 76 2 96 737
f 76 2 534 217
f 76 2 63 759
f 76 2 223 175
f 76 2 110 66
f 76 2 108 264
f 76 2 603 113
f 76 2 247 64
f 76 2 36 17
f 76 2 604 51
f 76 2 135 18
f 76 2 152 29
f 76 2 147 21
f 76 2 102 26
f 76 2 77 48
f 76 2 65 28
f 76 2 98 12
h 76 1 286 486 2
s 76 1 59 16,16,20,20,44,237
s 76 1 49 15,16,16,20,20
c 76 1 36 573 42 457
c 76 1 63 997 77 488
c 76 1 534 731 177 517
c 76 1 263 682 239 538
c 76 1 1 633 243 552
m 76 1 277 364 174 558
m 76 1 102 472 199 474
m 76 1 263 682 239 538
m 76 1 1 633 243 552
m 76 1 116 420 300 542
m 76 1 123 66 302 737
m 76 1 108 234 311 627
m 76 1 247 80 317 522
m 76 1 1806 420 332 667
m 76 1 96 315 357 622
m 76 1 609 105 371 700
m 76 1 249 42 402 750
m 76 1 135 21 415 333
m 76 1 604 45 426 769
m 76 1 603 49 444 786
m 76 1 110 17 474 400
m 76 1 235 7 490 500
m 76 1 133 14 502 500
m 76 1 250 7 505 1000
m 76 1 220 14 512 500
m 76 1 273 3 600 0
b 76 1 36 40
b 76 1 77 25
b 76 1 63 74
b 76 1 534 163
b 76 1 1 246
b 76 1 236 194
b 76 1 263 239
b 76 1 96 365
f 76 1 223 118
f 76 1 116 671
f 76 1 247 118
f 76 1 108 237
f 76 1 96 671
f 76 1 63 566
f 76 1 277 382
f 76 1 1 539
f 76 1 110 26
f 76 1 123 92
f 76 1 603 145
f 76 1 600 13
f 76 1 604 118
f 76 1 147 66
f 76 1 1097 26
f 76 1 112 26
f 76 1 534 66
f 76 1 65 39
f 76 1 114 26
f 76 1 236 13
f 76 1 160 53
f 76 1 135 53
f 76 1 77 13
f 76 1 152 39
f 76 1 139 26
f 76 1 250 26
f 76 1 121 13
f 76 1 154 13
f 76 1 133 26
f 76 1 226 13
h 76 3 330 491 2
s 76 3 72 16,44,261
s 76 3 50 15,16,16,16,20,44
c 76 3 36 536 53 492
c 76 3 223 633 106 536
c 76 3 63 918 108 498
c 76 3 102 548 204 486
c 76 3 534 536 212 559
c 76 3 1 706 215 549
c 76 3 263 500 259 606
m 76 3 65 167 143 455
m 76 3 232 61 198 350
m 76 3 102 548 204 486
m 76 3 1 706 215 549
m 76 3 277 70 254 435
m 76 3 263 500 259 606
m 76 3 152 33 299 273
m 76 3 108 221 309 644
m 76 3 247 27 324 778
m 76 3 116 203 326 582
m 76 3 123 64 330 524
m 76 3 609 155 331 529
m 76 3 235 18 342 667
m 76 3 1806 188 342 694
m 76 3 96 230 359 618
m 76 3 110 27 376 556
m 76 3 48 18 427 667
m 76 3 220 9 540 333
b 76 3 223 101
b 76 3 63 123
b 76 3 534 246
b 76 3 102 235
b 76 3 263 271
b 76 3 1 208
b 76 3 116 359
b 76 3 96 356
f 76 3 63 694
f 76 3 1 796
f 76 3 263 735
f 76 3 119 41
f 76 3 123 184
f 76 3 96 592
f 76 3 77 82
f 76 3 223 245
f 76 3 102 61
f 76 3 1854 20
f 76 3 37 20
f 76 3 534 367
f 76 3 116 429
f 76 3 110 102
f 76 3 277 163
f 76 3 108 306
f 76 3 1858 20
f 76 3 232 41
f 76 3 36 20
f 76 3 226 41
f 76 3 931 20
f 76 3 65 82
f 76 3 147 20
f 76 3 152 41
f 76 3 235 61
f 76 3 247 41
f 76 3 603 20
h 77 3 2024 518 81
s 77 3 350 11,16,16,28,28
s 77 3 182 11,16,16,16,34,44
c 77 3 6 987 39 517
c 77 3 164 989 82 517
c 77 3 635 946 145 531
c 77 3 609 935 167 534
c 77 3 112 692 253 586
m 77 3 635 946 145 531
m 77 3 609 935 167 534
m 77 3 29 121 172 510
m 77 3 63 102 191 568
m 77 3 252 47 240 656
m 77 3 112 692 253 586
m 77 3 939 43 281 644
m 77 3 116 387 307 499
m 77 3 225 284 308 539
m 77 3 108 173 324 594
m 77 3 1 134 351 574
m 77 3 250 59 358 550
m 77 3 1802 18 365 703
m 77 3 96 63 390 500
m 77 3 208 27 420 519
m 77 3 48 17 436 412
m 77 3 600 5 465 700
m 77 3 603 6 497 385
m 77 3 133 0 690 1000
m 77 3 133 1 715 500
b 77 3 6 38
b 77 3 164 80
b 77 3 635 142
b 77 3 609 166
b 77 3 112 253
b 77 3 116 316
b 77 3 225 314
b 77 3 143 370
b 77 3 208 428
b 77 3 108 330
b 77 3 1 359
f 77 3 164 13
f 77 3 635 865
f 77 3 98 97
f 77 3 112 842
f 77 3 96 235
f 77 3 225 674
f 77 3 116 777
f 77 3 63 90
f 77 3 939 74
f 77 3 123 16
f 77 3 81 23
f 77 3 168 32
f 77 3 108 332
f 77 3 143 52
f 77 3 1 352
f 77 3 135 32
f 77 3 36 106
f 77 3 147 23
f 77 3 603 39
f 77 3 110 13
f 77 3 156 13
f 77 3 185 13
f 77 3 252 13
f 77 3 127 19
f 77 3 119 13
f 77 3 600 26
f 77 3 152 13
h 77 2 397 567 16
s 77 2 72 16,42,44,261
s 77 2 51 16,16,16,42,44
c 77 2 6 967 32 576
c 77 2 164 967 74 576
c 77 2 635 945 137 587
c 77 2 609 945 164 589
c 77 2 112 652 245 641
m 77 2 635 945 137 587
m 77 2 609 945 164 589
m 77 2 29 222 165 580
m 77 2 63 121 174 604
m 77 2 81 73 178 517
m 77 2 185 76 191 567
m 77 2 252 131 218 615
m 77 2 112 652 245 641
m 77 2 939 118 255 660
m 77 2 108 181 290 556
m 77 2 116 383 305 480
m 77 2 225 257 307 569
m 77 2 249 18 330 571
m 77 2 1 106 348 667
m 77 2 250 83 362 545
m 77 2 208 30 378 833
m 77 2 135 10 380 500
m 77 2 603 5 485 1000
m 77 2 48 18 486 429
m 77 2 247 8 487 333
m 77 2 600 10 535 750
m 77 2 133 8 540 667
m 77 2 220 5 550 1000
m 77 2 254 3 580 0
m 77 2 180 3 580 0
m 77 2 269 3 580 0
b 77 2 6 32
b 77 2 164 73
b 77 2 635 136
b 77 2 609 164
b 77 2 112 246
b 77 2 116 310
b 77 2 225 323
b 77 2 143 345
f 77 2 635 872
f 77 2 29 85
f 77 2 112 851
f 77 2 98 106
f 77 2 249 85
f 77 2 225 596
f 77 2 204 21
f 77 2 939 170
f 77 2 116 851
f 77 2 1 255
f 77 2 147 21
f 77 2 210 21
f 77 2 123 21
f 77 2 600 85
f 77 2 185 64
f 77 2 108 277
f 77 2 81 21
f 77 2 96 85
f 77 2 36 64
f 77 2 226 21
f 77 2 178 21
f 77 2 247 64
f 77 2 143 64
f 77 2 168 21
f 77 2 135 43
f 77 2 156 43
f 77 2 172 21
f 77 2 151 21
f 77 2 110 21
f 77 2 133 21
f 77 2 603 21
h 78 3 4752 539 91
s 78 3 528 13,16,16,20,20
s 78 3 524 11,16,20,34,44
c 78 3 73 575 22 536
c 78 3 36 758 60 544
c 78 3 50 508 83 558
c 78 3 108 918 210 565
c 78 3 1 735 230 587
m 78 3 65 375 122 489
m 78 3 267 249 124 566
m 78 3 98 144 156 588
m 78 3 137 150 190 554
m 78 3 108 918 210 565
m 78 3 1 735 230 587
m 78 3 81 58 249 624
m 78 3 226 44 296 538
m 78 3 609 94 321 667
m 78 3 112 402 327 650
m 78 3 48 112 327 655
m 78 3 116 128 329 576
m 78 3 235 78 343 664
m 78 3 256 85 356 562
m 78 3 110 228 373 632
m 78 3 143 21 386 606
m 78 3 600 11 462 600
m 78 3 220 7 495 667
b 78 3 73 23
b 78 3 73 23
b 78 3 36 60
b 78 3 50 80
b 78 3 108 209
b 78 3 1 234
b 78 3 112 326
b 78 3 609 326
b 78 3 110 384
b 78 3 96 431
f 78 3 267 164
f 78 3 108 809
f 78 3 81 64
f 78 3 112 686
f 78 3 50 392
f 78 3 1 814
f 78 3 110 602
f 78 3 137 182
f 78 3 96 37
f 78 3 98 110
f 78 3 256 211
f 78 3 226 80
f 78 3 119 43
f 78 3 116 268
f 78 3 65 134
f 78 3 37 12
f 78 3 73 34
f 78 3 92 17
f 78 3 36 43
f 78 3 178 12
f 78 3 123 19
f 78 3 600 47
f 78 3 143 24
f 78 3 90 11
h 78 2 219 584 4
s 78 2 54 16,16,16,20,20,42,44
s 78 2 26 11,16,16,16,16,42,44
c 78 2 92 749 56 616
c 78 2 36 621 56 559
c 78 2 50 726 91 604
c 78 2 1 795 184 609
c 78 2 108 749 252 634
m 78 2 88 324 134 634
m 78 2 267 406 139 618
m 78 2 65 50 144 364
m 78 2 98 192 178 571
m 78 2 1 795 184 609
m 78 2 26 78 199 706
m 78 2 81 379 203 651
m 78 2 137 178 206 667
m 78 2 108 749 252 634
m 78 2 112 297 338 692
m 78 2 208 23 342 600
m 78 2 116 174 342 684
m 78 2 609 91 346 700
m 78 2 48 100 365 773
m 78 2 119 37 369 375
m 78 2 96 32 386 857
m 78 2 110 114 398 680
m 78 2 235 18 502 500
b 78 2 41 17
b 78 2 36 50
b 78 2 50 85
b 78 2 92 64
b 78 2 267 129
b 78 2 98 189
b 78 2 1 211
b 78 2 108 293
b 78 2 116 359
f 78 2 108 575
f 78 2 1 900
f 78 2 112 650
f 78 2 110 400
f 78 2 41 50
f 78 2 137 200
f 78 2 267 225
f 78 2 50 575
f 78 2 116 400
f 78 2 81 350
f 78 2 143 75
f 78 2 162 25
f 78 2 96 125
f 78 2 235 75
f 78 2 256 50
f 78 2 119 100
f 78 2 225 50
f 78 2 147 50
f 78 2 98 150
f 78 2 1854 25
f 78 2 100 25
f 78 2 610 25
f 78 2 156 25
f 78 2 123 25
f 78 2 600 25
f 78 2 226 25
f 78 2 603 25
h 79 5 1053 495 55
s 79 5 119 16,16,34,43,44,237,1123
s 79 5 88 16,16,34,43,44,1123
c 79 5 36 702 77 493
c 79 5 180 803 107 502
c 79 5 1 840 231 523
c 79 5 609 564 269 530
m 79 5 1 840 231 523
m 79 5 254 287 264 517
m 79 5 609 564 269 530
m 79 5 232 373 283 547
m 79 5 102 151 284 579
m 79 5 100 75 297 633
m 79 5 37 179 297 559
m 79 5 231 41 307 605
m 79 5 226 28 359 367
m 79 5 108 284 363 612
m 79 5 256 85 398 667
m 79 5 96 11 425 667
m 79 5 235 10 444 545
m 79 5 48 16 459 588
b 79 5 36 75
b 79 5 180 106
b 79 5 609 278
b 79 5 1 228
b 79 5 232 315
b 79 5 108 386
b 79 5 96 427
f 79 5 1 889
f 79 5 226 69
f 79 5 232 513
f 79 5 108 506
f 79 5 180 690
f 79 5 100 107
f 79 5 102 169
f 79 5 256 207
f 79 5 254 349
f 79 5 37 249
f 79 5 152 15
f 79 5 36 192
f 79 5 931 11
f 79 5 96 38
f 79 5 229 50
f 79 5 235 34
f 79 5 244 73
f 79 5 1852 27
f 79 5 65 11
f 79 5 610 23
f 79 5 77 11
f 79 5 123 27
h 79 4 871 495 42
s 79 4 101 16,16,34,43,44,237,1123
s 79 4 71 16,16,34,43,44,1123
c 79 4 36 719 77 503
c 79 4 180 790 107 499
c 79 4 1 808 223 530
m 79 4 73 64 127 411
m 79 4 1852 71 161 468
m 79 4 1 808 223 530
m 79 4 254 270 265 557
m 79 4 232 359 270 578
m 79 4 102 146 275 551
m 79 4 609 489 278 575
m 79 4 37 202 295 517
m 79 4 100 83 313 583
m 79 4 108 292 347 571
m 79 4 226 45 360 590
m 79 4 256 64 410 554
m 79 4 96 13 449 818
m 79 4 48 14 472 500
m 79 4 610 11 488 600
m 79 4 123 2 585 500
b 79 4 77 44
b 79 4 36 75
b 79 4 180 108
b 79 4 1 220
b 79 4 609 277
b 79 4 232 286
b 79 4 108 352
f 79 4 1852 68
f 79 4 1 932
f 79 4 232 472
f 79 4 108 517
f 79 4 254 409
f 79 4 180 682
f 79 4 610 57
f 79 4 102 199
f 79 4 37 312
f 79 4 244 80
f 79 4 100 125
f 79 4 256 216
f 79 4 36 165
f 79 4 226 108
f 79 4 96 34
f 79 4 235 28
f 79 4 229 28
f 79 4 267 23
f 79 4 65 17
f 79 4 223 17
f 79 4 152 11
f 79 4 116 17
f 79 4 123 11
h 80 1 3053 501 73
s 80 1 803 16,16,16,16,237,240
s 80 1 338 16,16,16,16,16,240
c 80 1 63 955 51 503
c 80 1 166 994 115 503
c 80 1 158 958 160 517
c 80 1 108 886 214 546
c 80 1 152 745 257 583
c 80 1 609 708 266 590
c 80 1 249 667 284 628
m 80 1 158 958 160 517
m 80 1 108 886 214 546
m 80 1 609 708 266 590
m 80 1 249 667 284 628
m 80 1 116 429 338 621
m 80 1 139 261 358 704
m 80 1 135 179 363 670
m 80 1 1097 89 378 740
m 80 1 225 40 386 648
m 80 1 112 34 386 762
m 80 1 1 75 402 722
m 80 1 208 54 426 687
m 80 1 603 82 448 760
m 80 1 110 92 474 645
m 80 1 235 42 491 732
m 80 1 48 8 500 520
b 80 1 36 32
b 80 1 63 52
b 80 1 166 111
b 80 1 158 156
b 80 1 108 210
b 80 1 152 254
b 80 1 249 283
b 80 1 609 269
b 80 1 116 339
b 80 1 139 361
b 80 1 143 391
b 80 1 110 473
b 80 1 225 392
f 80 1 63 635
f 80 1 158 991
f 80 1 116 875
f 80 1 139 589
f 80 1 110 442
f 80 1 108 375
f 80 1 135 430
f 80 1 603 331
f 80 1 1802 10
f 80 1 225 121
f 80 1 1 58
f 80 1 36 68
f 80 1 112 87
f 80 1 143 77
f 80 1 160 20
f 80 1 123 10
f 80 1 569 29
f 80 1 156 22
f 80 1 244 10
f 80 1 174 12
f 80 1 65 17
f 80 1 133 12
h 80 2 752 513 18
s 80 2 161 11,16,16,16,16,16,16,16,16,16,42
s 80 2 143 11,16,16,16,16,16,42,237,237,1123
c 80 2 50 581 48 558
c 80 2 174 682 107 569
c 80 2 166 719 156 486
c 80 2 158 630 207 527
c 80 2 609 710 245 596
c 80 2 108 590 261 559
m 80 2 166 719 156 486
m 80 2 158 630 207 527
m 80 2 609 710 245 596
m 80 2 108 590 261 559
m 80 2 250 201 264 722
m 80 2 168 31 293 739
m 80 2 249 275 334 686
m 80 2 1 125 336 574
m 80 2 116 217 361 669
m 80 2 225 70 365 679
m 80 2 135 69 368 654
m 80 2 112 69 368 692
m 80 2 1097 130 382 735
m 80 2 139 78 387 729
m 80 2 48 20 410 733
m 80 2 208 28 435 667
m 80 2 603 31 477 783
m 80 2 110 33 492 640
m 80 2 116 3 518 1000
m 80 2 235 12 523 778
b 80 2 50 44
b 80 2 174 104
b 80 2 36 107
b 80 2 166 177
b 80 2 158 238
b 80 2 108 291
b 80 2 609 264
b 80 2 152 323
b 80 2 249 352
b 80 2 116 385
b 80 2 139 414
b 80 2 1 396
b 80 2 603 451
f 80 2 158 806
f 80 2 139 233
f 80 2 110 186
f 80 2 116 651
f 80 2 174 202
f 80 2 108 488
f 80 2 1 217
f 80 2 225 163
f 80 2 112 194
f 80 2 50 473
f 80 2 160 31
f 80 2 143 54
f 80 2 75 70
f 80 2 603 155
f 80 2 235 70
f 80 2 135 194
f 80 2 152 39
f 80 2 569 54
f 80 2 36 132
f 80 2 939 39
f 80 2 133 16
f 80 2 168 62
f 80 2 98 23
f 80 2 244 39
f 80 2 81 16
f 80 2 254 16
h 80 3 209 512 5
s 80 3 56 11,16,16,16,16,16,16,16,16,16
s 80 3 22 11,16,16,16,16,16,16,237,237
c 80 3 63 541 66 451
c 80 3 174 526 128 600
c 80 3 166 670 151 479
c 80 3 158 502 205 524
c 80 3 609 675 247 624
c 80 3 108 675 247 525
m 80 3 166 670 151 479
m 80 3 244 43 153 556
m 80 3 158 502 205 524
m 80 3 609 675 247 624
m 80 3 108 675 247 525
m 80 3 250 129 289 667
m 80 3 1 148 321 613
m 80 3 249 301 322 587
m 80 3 112 53 363 818
m 80 3 116 158 373 697
m 80 3 225 43 377 667
m 80 3 135 53 395 545
m 80 3 1097 77 398 688
m 80 3 139 43 410 556
m 80 3 208 57 423 750
m 80 3 235 14 500 667
m 80 3 123 5 500 1000
m 80 3 603 24 520 600
m 80 3 133 14 523 1000
m 80 3 110 24 534 800
m 80 3 48 5 660 1000
m 80 3 220 5 690 1000
b 80 3 63 53
b 80 3 174 157
b 80 3 166 148
b 80 3 108 263
b 80 3 158 256
b 80 3 609 293
f 80 3 174 303
f 80 3 250 212
f 80 3 1 273
f 80 3 225 121
f 80 3 143 212
f 80 3 63 455
f 80 3 158 727
f 80 3 116 515
f 80 3 139 242
f 80 3 603 152
f 80 3 569 121
f 80 3 108 606
f 80 3 112 152
f 80 3 235 61
f 80 3 135 242
f 80 3 166 121
f 80 3 75 61
f 80 3 110 152
f 80 3 73 30
f 80 3 123 30
f 80 3 152 30
f 80 3 77 61
f 80 3 244 30
f 80 3 81 30
f 80 3 149 30
f 80 3 939 30
f 80 3 133 30
h 81 3 776 534 47
s 81 3 134 11,13,16,16,20,44
s 81 3 66 13,13,16,16,34
c 81 3 73 536 20 543
c 81 3 36 769 47 553
c 81 3 63 996 69 534
c 81 3 6 505 100 533
c 81 3 151 890 129 541
c 81 3 1 777 202 546
c 81 3 609 780 229 588
c 81 3 98 634 232 561
m 81 3 65 57 123 500
m 81 3 151 890 129 541
m 81 3 252 220 187 550
m 81 3 1 777 202 546
m 81 3 609 780 229 588
m 81 3 154 73 254 649
m 81 3 147 125 298 608
m 81 3 939 102 301 696
m 81 3 250 383 318 620
m 81 3 116 219 324 559
m 81 3 114 139 337 787
m 81 3 249 44 341 765
m 81 3 112 85 350 667
m 81 3 108 88 368 603
m 81 3 160 30 376 565
m 81 3 225 23 428 556
m 81 3 600 26 446 700
m 81 3 48 4 460 667
m 81 3 208 6 480 600
m 81 3 603 5 482 1000
m 81 3 133 1 630 0
m 81 3 26 1 650 1000
b 81 3 73 23
b 81 3 36 50
b 81 3 63 69
b 81 3 6 101
b 81 3 151 130
b 81 3 1 214
b 81 3 609 237
b 81 3 98 236
b 81 3 250 347
b 81 3 116 317
b 81 3 108 354
b 81 3 600 443
f 81 3 63 925
f 81 3 151 789
f 81 3 1 759
f 81 3 108 165
f 81 3 116 474
f 81 3 114 301
f 81 3 939 143
f 81 3 160 90
f 81 3 36 68
f 81 3 600 90
f 81 3 112 150
f 81 3 178 60
f 81 3 143 23
f 81 3 152 60
f 81 3 1107 15
f 81 3 235 23
f 81 3 252 53
f 81 3 225 98
f 81 3 96 38
f 81 3 98 83
f 81 3 603 23
f 81 3 135 23
f 81 3 65 15
f 81 3 73 38
h 81 1 738 505 41
s 81 1 81 11,13,16,16,20,44
s 81 1 66 11,13,13,16,16,44
c 81 1 36 671 42 521
c 81 1 63 996 58 506
c 81 1 151 889 119 509
c 81 1 98 608 211 523
c 81 1 1 657 222 551
c 81 1 609 730 251 558
m 81 1 145 88 150 492
m 81 1 252 266 166 531
m 81 1 1 657 222 551
m 81 1 154 93 234 652
m 81 1 147 393 242 545
m 81 1 609 730 251 558
m 81 1 250 442 296 592
m 81 1 116 321 306 565
m 81 1 939 110 309 531
m 81 1 114 205 321 709
m 81 1 249 79 327 534
m 81 1 112 117 338 674
m 81 1 160 93 340 725
m 81 1 108 30 349 591
m 81 1 135 23 381 412
m 81 1 139 26 382 684
m 81 1 208 35 390 654
m 81 1 96 19 409 571
m 81 1 600 69 410 706
m 81 1 225 20 417 400
m 81 1 1097 5 438 500
m 81 1 603 30 443 818
m 81 1 48 11 448 875
b 81 1 36 45
b 81 1 63 59
b 81 1 6 90
b 81 1 151 115
b 81 1 1 217
b 81 1 98 201
b 81 1 250 290
b 81 1 609 249
b 81 1 116 311
b 81 1 96 385
f 81 1 63 658
f 81 1 145 103
f 81 1 151 658
f 81 1 147 452
f 81 1 116 548
f 81 1 139 82
f 81 1 112 212
f 81 1 114 329
f 81 1 939 199
f 81 1 135 62
f 81 1 98 14
f 81 1 154 89
f 81 1 160 158
f 81 1 156 27
f 81 1 1 445
f 81 1 247 21
f 81 1 96 75
f 81 1 600 226
f 81 1 143 41
f 81 1 252 68
f 81 1 225 55
f 81 1 65 14
f 81 1 603 89
f 81 1 1097 21
f 81 1 1808 21
f 81 1 108 21
f 81 1 36 14
f 81 1 123 14
f 81 1 152 14
f 81 1 133 14
f 81 1 158 14
f 81 1 610 14
h 82 2 1204 590 70
s 82 2 388 11,14,16,16,20,42,44
s 82 2 343 11,16,20,20,42,44
c 82 2 63 987 47 590
c 82 2 170 904 104 597
c 82 2 154 834 149 605
c 82 2 1 600 227 651
c 82 2 160 694 236 699
c 82 2 609 777 243 635
c 82 2 108 654 246 600
m 82 2 154 834 149 605
m 82 2 1 600 227 651
m 82 2 160 694 236 699
m 82 2 609 777 243 635
m 82 2 108 654 246 600
m 82 2 1097 195 294 702
m 82 2 139 169 307 804
m 82 2 96 78 372 638
m 82 2 208 20 381 792
m 82 2 603 55 396 758
m 82 2 220 2 493 1000
m 82 2 1154 1 610 0
b 82 2 75 34
b 82 2 63 46
b 82 2 170 97
b 82 2 154 145
b 82 2 160 241
b 82 2 1 260
b 82 2 609 255
b 82 2 108 267
b 82 2 96 381
b 82 2 603 412
f 82 2 108 617
f 82 2 1 602
f 82 2 139 301
f 82 2 96 316
f 82 2 63 789
f 82 2 90 15
f 82 2 160 962
f 82 2 174 68
f 82 2 603 271
f 82 2 98 23
f 82 2 600 23
f 82 2 112 23
f 82 2 114 30
f 82 2 75 15
f 82 2 116 30
f 82 2 123 30
f 82 2 225 23
f 82 2 236 15
f 82 2 1854 30
f 82 2 170 15
f 82 2 143 15
h 82 1 414 594 26
s 82 1 126 11,14,16,16,20,44
s 82 1 86 11,16,16,16,20,20
c 82 1 63 988 56 592
c 82 1 170 952 109 604
c 82 1 154 838 161 620
c 82 1 160 688 236 684
c 82 1 609 763 241 623
c 82 1 108 722 242 642
m 82 1 154 838 161 620
m 82 1 160 688 236 684
m 82 1 609 763 241 623
m 82 1 108 722 242 642
m 82 1 1 476 258 640
m 82 1 147 43 271 778
m 82 1 48 41 274 647
m 82 1 139 237 307 755
m 82 1 250 41 314 647
m 82 1 1097 196 318 728
m 82 1 603 104 394 860
m 82 1 96 63 400 615
m 82 1 116 51 406 619
m 82 1 1802 10 430 250
m 82 1 208 29 437 917
m 82 1 139 5 450 1000
m 82 1 600 2 540 0
b 82 1 75 32
b 82 1 75 32
b 82 1 63 54
b 82 1 170 108
b 82 1 154 163
b 82 1 108 251
b 82 1 609 251
b 82 1 160 250
b 82 1 139 316
b 82 1 174 249
f 82 1 154 824
f 82 1 160 1000
f 82 1 139 490
f 82 1 108 451
f 82 1 1 275
f 82 1 603 471
f 82 1 96 255
f 82 1 63 588
f 82 1 250 78
f 82 1 116 275
f 82 1 158 20
f 82 1 600 20
f 82 1 174 59
f 82 1 168 20
f 82 1 208 118
f 82 1 114 39
f 82 1 225 20
f 82 1 75 20
f 82 1 277 59
f 82 1 147 78
f 82 1 176 39
f 82 1 137 39
h 83 5 1214 477 79
s 83 5 531 29,43,1123
s 83 5 67 29,44
c 83 5 180 855 113 487
c 83 5 1 753 245 522
m 83 5 1852 75 186 516
m 83 5 1128 131 215 591
m 83 5 259 88 244 533
m 83 5 1 753 245 522
m 83 5 229 133 254 640
m 83 5 609 369 255 471
m 83 5 223 133 258 565
m 83 5 79 50 267 689
m 83 5 254 39 293 489
m 83 5 102 123 301 523
m 83 5 81 37 307 689
m 83 5 100 122 310 507
m 83 5 231 49 320 650
m 83 5 37 69 336 488
m 83 5 90 27 349 606
m 83 5 226 79 363 583
m 83 5 1802 54 365 477
m 83 5 108 44 377 604
m 83 5 96 29 408 571
m 83 5 110 28 429 471
m 83 5 256 15 444 444
m 83 5 116 7 461 375
m 83 5 610 12 467 571
m 83 5 247 2 535 0
m 83 5 147 2 735 0
b 83 5 36 103
b 83 5 180 111
b 83 5 1 244
b 83 5 609 259
b 83 5 259 255
b 83 5 223 274
b 83 5 90 365
f 83 5 180 762
f 83 5 1 957
f 83 5 256 61
f 83 5 37 134
f 83 5 110 104
f 83 5 102 216
f 83 5 226 182
f 83 5 96 100
f 83 5 223 173
f 83 5 36 169
f 83 5 81 65
f 83 5 229 113
f 83 5 185 30
f 83 5 244 134
f 83 5 254 56
f 83 5 100 203
f 83 5 116 26
f 83 5 65 26
f 83 5 269 61
f 83 5 108 100
f 83 5 610 43
f 83 5 267 17
f 83 5 90 65
f 83 5 1802 30
h 83 4 226 412 17
s 83 4 110 29,42,43,1123
s 83 4 17 16,16,43,44,244,1123
c 83 4 180 721 114 442
c 83 4 1 624 256 496
m 83 4 1128 137 172 355
m 83 4 1852 71 195 188
m 83 4 259 150 198 471
m 83 4 229 137 211 387
m 83 4 223 235 215 509
m 83 4 185 53 246 667
m 83 4 609 412 256 484
m 83 4 1 624 256 496
m 83 4 100 142 270 500
m 83 4 81 35 281 375
m 83 4 102 102 292 609
m 83 4 79 58 292 538
m 83 4 269 40 306 444
m 83 4 231 44 316 600
m 83 4 37 62 321 571
m 83 4 226 62 344 714
m 83 4 108 44 354 800
m 83 4 90 53 361 500
m 83 4 235 9 405 0
m 83 4 110 27 408 500
m 83 4 1466 9 420 1000
m 83 4 96 49 449 545
m 83 4 48 9 465 500
m 83 4 116 9 485 1000
b 83 4 36 90
b 83 4 180 114
b 83 4 1 256
b 83 4 609 264
b 83 4 96 456
f 83 4 180 659
f 83 4 226 98
f 83 4 100 122
f 83 4 102 146
f 83 4 210 24
f 83 4 1466 49
f 83 4 108 146
f 83 4 1852 122
f 83 4 223 146
f 83 4 36 146
f 83 4 98 24
f 83 4 81 122
f 83 4 110 122
f 83 4 96 244
f 83 4 1 780
f 83 4 235 49
f 83 4 610 24
f 83 4 229 146
f 83 4 269 98
f 83 4 116 24
f 83 4 254 49
f 83 4 185 49
f 83 4 37 122
f 83 4 244 98
f 83 4 79 24
f 83 4 90 98
f 83 4 242 24
f 83 4 73 24
f 83 4 252 24
h 84 5 2543 447 54
s 84 5 333 16,34,43,44,216,1123
s 84 5 174 16,16,34,43,44,1123
c 84 5 36 560 85 472
c 84 5 180 796 123 472
c 84 5 65 791 195 451
m 84 5 180 796 123 472
m 84 5 214 54 126 428
m 84 5 244 254 139 502
m 84 5 65 791 195 451
m 84 5 1128 94 218 598
m 84 5 229 107 254 612
m 84 5 254 250 260 485
m 84 5 1 228 261 546
m 84 5 79 67 265 637
m 84 5 232 127 266 576
m 84 5 102 117 276 495
m 84 5 100 54 283 511
m 84 5 37 87 289 437
m 84 5 609 129 295 512
m 84 5 90 81 295 602
m 84 5 1802 59 298 507
m 84 5 231 87 302 683
m 84 5 226 133 314 525
m 84 5 108 78 315 525
m 84 5 96 100 348 543
m 84 5 116 13 388 594
m 84 5 220 1 540 1000
m 84 5 250 0 580 1000
m 84 5 247 0 590 1000
b 84 5 73 68
b 84 5 36 84
b 84 5 180 124
b 84 5 65 198
b 84 5 1128 246
b 84 5 229 270
b 84 5 609 299
b 84 5 100 288
f 84 5 180 645
f 84 5 254 351
f 84 5 36 159
f 84 5 226 339
f 84 5 229 151
f 84 5 90 176
f 84 5 100 73
f 84 5 65 682
f 84 5 102 208
f 84 5 232 229
f 84 5 96 310
f 84 5 108 118
f 84 5 1 196
f 84 5 37 131
f 84 5 610 49
f 84 5 114 20
f 84 5 116 57
f 84 5 178 78
f 84 5 1852 29
f 84 5 931 33
f 84 5 256 37
f 84 5 1808 12
f 84 5 225 16
f 84 5 73 24
f 84 5 267 16
f 84 5 185 12
f 84 5 81 33
f 84 5 112 12
f 84 5 206 16
f 84 5 244 33
f 84 5 127 12
f 84 5 123 12
f 84 5 210 16
f 84 5 273 12
f 84 5 119 12
h 84 2 405 449 7
s 84 2 86 16,16,16,16,16,42,44
s 84 2 61 16,16,16,16,42,44,237
c 84 2 41 770 16 455
c 84 2 178 531 68 479
c 84 2 65 995 105 449
c 84 2 1 872 183 490
c 84 2 108 832 218 484
c 84 2 116 521 289 474
m 84 2 1 872 183 490
m 84 2 108 832 218 484
m 84 2 232 74 239 600
m 84 2 48 244 247 495
m 84 2 273 69 280 536
m 84 2 104 69 281 607
m 84 2 277 77 288 613
m 84 2 116 521 289 474
m 84 2 201 49 307 650
m 84 2 609 106 316 326
m 84 2 202 54 319 636
m 84 2 235 84 326 529
m 84 2 203 35 331 714
m 84 2 176 37 332 600
m 84 2 114 111 344 578
m 84 2 204 49 344 650
m 84 2 96 188 371 500
m 84 2 208 27 384 636
m 84 2 600 84 401 529
m 84 2 220 25 410 800
m 84 2 112 15 428 833
m 84 2 603 7 470 667
b 84 2 41 16
b 84 2 50 107
b 84 2 178 69
b 84 2 65 108
b 84 2 1 188
b 84 2 108 215
b 84 2 259 281
b 84 2 277 306
b 84 2 116 302
b 84 2 96 394
b 84 2 100 343
f 84 2 65 575
f 84 2 108 575
f 84 2 48 325
f 84 2 116 800
f 84 2 600 275
f 84 2 1 675
f 84 2 277 175
f 84 2 235 125
f 84 2 96 562
f 84 2 119 38
f 84 2 939 12
f 84 2 98 12
f 84 2 37 12
f 84 2 204 100
f 84 2 135 12
f 84 2 226 75
f 84 2 1808 38
f 84 2 256 12
f 84 2 603 38
f 84 2 112 50
f 84 2 36 12
f 84 2 232 62
f 84 2 610 25
f 84 2 114 212
f 84 2 254 25
f 84 2 100 12
f 84 2 123 50
f 84 2 247 12
f 84 2 143 12
f 84 2 162 12
f 84 2 104 12
h 84 3 1090 481 20
s 84 3 156 13,13,16,16,34
s 84 3 154 13,13,13,13
c 84 3 36 587 55 483
c 84 3 178 808 58 489
c 84 3 50 527 91 512
c 84 3 65 983 115 483
c 84 3 1 823 192 527
c 84 3 108 728 229 528
m 84 3 1 823 192 527
m 84 3 108 728 229 528
m 84 3 226 85 283 527
m 84 3 273 63 286 522
m 84 3 277 47 294 588
m 84 3 116 445 298 524
m 84 3 114 156 298 671
m 84 3 37 67 310 438
m 84 3 609 175 316 471
m 84 3 48 79 324 605
m 84 3 235 85 335 634
m 84 3 143 31 336 441
m 84 3 96 270 356 626
m 84 3 119 17 368 579
m 84 3 600 80 414 678
m 84 3 145 2 425 0
m 84 3 220 7 455 875
b 84 3 73 26
b 84 3 36 63
b 84 3 178 56
b 84 3 65 116
b 84 3 50 94
b 84 3 1 196
b 84 3 108 232
b 84 3 116 306
b 84 3 96 351
f 84 3 1 632
f 84 3 226 132
f 84 3 119 45
f 84 3 96 582
f 84 3 65 664
f 84 3 116 718
f 84 3 108 482
f 84 3 600 268
f 84 3 114 241
f 84 3 204 14
f 84 3 210 32
f 84 3 931 23
f 84 3 50 445
f 84 3 154 45
f 84 3 156 14
f 84 3 1854 14
f 84 3 232 50
f 84 3 256 18
f 84 3 178 23
f 84 3 90 36
f 84 3 247 27
f 84 3 123 27
f 84 3 610 32
f 84 3 37 36
f 84 3 143 18
f 84 3 158 14
f 84 3 112 32
f 84 3 225 18
f 84 3 603 14
h 84 4 1020 455 17
s 84 4 126 16,34,43,44,216,1123
s 84 4 72 29,42,43,1123
c 84 4 36 525 83 446
c 84 4 180 766 117 456
c 84 4 65 874 179 458
m 84 4 244 203 134 449
m 84 4 214 62 137 413
m 84 4 65 874 179 458
m 84 4 254 198 253 446
m 84 4 1 466 261 528
m 84 4 232 191 263 564
m 84 4 102 99 269 475
m 84 4 79 62 278 587
m 84 4 100 70 303 549
m 84 4 1802 144 305 544
m 84 4 90 79 307 580
m 84 4 609 167 308 512
m 84 4 226 135 308 514
m 84 4 108 250 318 573
m 84 4 231 77 318 620
m 84 4 96 230 356 591
m 84 4 116 22 390 591
m 84 4 48 19 415 632
m 84 4 610 13 448 462
m 84 4 176 6 452 333
b 84 4 36 79
b 84 4 180 118
b 84 4 65 185
b 84 4 1 271
b 84 4 108 321
b 84 4 96 355
b 84 4 609 327
f 84 4 180 588
f 84 4 65 745
f 84 4 108 352
f 84 4 1 642
f 84 4 96 679
f 84 4 204 12
f 84 4 127 12
f 84 4 600 30
f 84 4 116 67
f 84 4 254 255
f 84 4 90 145
f 84 4 610 67
f 84 4 114 30
f 84 4 102 109
f 84 4 232 309
f 84 4 242 24
f 84 4 226 230
f 84 4 36 61
f 84 4 931 18
f 84 4 37 109
f 84 4 112 18
f 84 4 178 55
f 84 4 256 30
f 84 4 100 55
f 84 4 229 24
f 84 4 123 24
f 84 4 73 12
f 84 4 225 12
f 84 4 1852 12
f 84 4 244 12
h 85 5 5715 482 58
s 85 5 1123 16,34,43,44,216,1123
s 85 5 860 34,43,44,216,1123
c 85 5 36 693 93 498
c 85 5 180 887 101 492
c 85 5 609 687 227 484
m 85 5 1128 72 192 561
m 85 5 79 308 208 584
m 85 5 609 687 227 484
m 85 5 229 77 237 595
m 85 5 254 248 239 503
m 85 5 269 125 242 659
m 85 5 231 288 259 621
m 85 5 102 89 265 480
m 85 5 1 377 266 543
m 85 5 100 81 287 495
m 85 5 37 220 289 480
m 85 5 232 65 305 627
m 85 5 90 82 309 676
m 85 5 226 136 329 581
m 85 5 108 42 348 589
m 85 5 116 24 356 547
m 85 5 235 22 363 656
m 85 5 256 18 392 612
m 85 5 610 7 450 500
m 85 5 96 13 458 493
m 85 5 48 7 466 564
b 85 5 92 110
b 85 5 36 95
b 85 5 180 102
b 85 5 609 229
b 85 5 100 297
b 85 5 1852 212
f 85 5 100 114
f 85 5 254 321
f 85 5 226 318
f 85 5 1 573
f 85 5 116 64
f 85 5 180 471
f 85 5 36 241
f 85 5 185 14
f 85 5 108 104
f 85 5 244 78
f 85 5 610 33
f 85 5 102 138
f 85 5 229 94
f 85 5 178 19
f 85 5 37 303
f 85 5 269 154
f 85 5 256 61
f 85 5 110 14
f 85 5 1854 19
f 85 5 232 126
f 85 5 96 56
f 85 5 90 153
f 85 5 73 33
f 85 5 81 36
f 85 5 127 53
f 85 5 119 23
f 85 5 210 14
f 85 5 1802 11
f 85 5 267 19
f 85 5 65 14
f 85 5 79 14
h 85 3 1373 523 21
s 85 3 245 13,13,16,16,34
s 85 3 87 13,13,16,16,44,216
c 85 3 178 955 33 526
c 85 3 36 728 60 527
c 85 3 50 926 72 526
c 85 3 235 723 220 535
c 85 3 1 739 225 550
c 85 3 609 634 291 521
c 85 3 116 542 297 508
m 85 3 252 165 150 542
m 85 3 1854 135 168 578
m 85 3 127 85 193 496
m 85 3 235 723 220 535
m 85 3 1 739 225 550
m 85 3 939 123 242 568
m 85 3 226 261 248 534
m 85 3 609 634 291 521
m 85 3 116 542 297 508
m 85 3 108 366 315 554
m 85 3 119 200 344 580
m 85 3 1856 55 393 640
m 85 3 114 42 395 614
m 85 3 112 25 399 735
m 85 3 96 41 418 571
m 85 3 208 7 447 800
m 85 3 600 47 452 723
m 85 3 48 31 467 786
m 85 3 133 3 572 750
b 85 3 77 26
b 85 3 178 32
b 85 3 50 72
b 85 3 36 63
b 85 3 235 223
b 85 3 1 228
b 85 3 609 303
b 85 3 116 302
b 85 3 119 347
b 85 3 108 357
f 85 3 50 821
f 85 3 116 673
f 85 3 114 76
f 85 3 600 119
f 85 3 939 172
f 85 3 178 222
f 85 3 226 375
f 85 3 108 458
f 85 3 37 98
f 85 3 1 642
f 85 3 36 57
f 85 3 119 329
f 85 3 254 21
f 85 3 112 53
f 85 3 252 24
f 85 3 127 103
f 85 3 1854 143
f 85 3 1802 17
f 85 3 210 14
f 85 3 96 93
f 85 3 242 12
f 85 3 98 24
f 85 3 610 14
f 85 3 100 29
f 85 3 225 29
f 85 3 123 24
f 85 3 90 21
f 85 3 110 14
f 85 3 143 12
h 85 4 1630 487 17
s 85 4 325 16,34,43,44,216,1123
s 85 4 170 34,42,43,44,216,1123
c 85 4 36 657 82 495
c 85 4 180 902 98 501
c 85 4 609 649 238 491
m 85 4 1128 52 190 583
m 85 4 79 375 204 557
m 85 4 269 117 232 613
m 85 4 254 214 234 481
m 85 4 127 55 236 483
m 85 4 609 649 238 491
m 85 4 229 54 241 614
m 85 4 231 349 256 598
m 85 4 1 353 261 543
m 85 4 102 75 268 537
m 85 4 100 71 277 487
m 85 4 232 50 298 580
m 85 4 90 104 301 606
m 85 4 242 33 318 679
m 85 4 226 152 320 595
m 85 4 108 72 338 542
m 85 4 235 29 353 562
m 85 4 116 37 366 483
m 85 4 256 15 418 625
m 85 4 96 12 461 550
m 85 4 610 6 480 700
m 85 4 152 1 565 0
m 85 4 1154 1 600 1000
m 85 4 176 1 600 500
b 85 4 36 82
b 85 4 180 97
b 85 4 609 238
b 85 4 254 246
b 85 4 102 272
b 85 4 226 326
b 85 4 269 240
f 85 4 226 289
f 85 4 37 344
f 85 4 1 483
f 85 4 256 54
f 85 4 180 439
f 85 4 102 133
f 85 4 232 75
f 85 4 108 160
f 85 4 254 293
f 85 4 269 163
f 85 4 81 17
f 85 4 229 54
f 85 4 36 269
f 85 4 90 170
f 85 4 100 105
f 85 4 610 31
f 85 4 73 31
f 85 4 119 44
f 85 4 244 88
f 85 4 116 99
f 85 4 1802 20
f 85 4 178 71
f 85 4 210 20
f 85 4 1854 27
f 85 4 127 71
f 85 4 96 58
f 85 4 267 31
f 85 4 79 31
f 85 4 65 17
f 85 4 206 14
f 85 4 77 10
f 85 4 110 10
h 86 4 13503 518 68
s 86 4 1939 16,16,34,42,43,44,237,1123
s 86 4 1377 16,16,20,42,43,44,237,1123
c 86 4 36 713 75 525
c 86 4 180 688 115 524
c 86 4 1 806 233 553
c 86 4 609 603 277 528
m 86 4 244 460 127 513
m 86 4 214 86 132 540
m 86 4 1852 399 141 547
m 86 4 1 806 233 553
m 86 4 232 299 247 563
m 86 4 102 160 259 533
m 86 4 254 214 259 516
m 86 4 100 288 277 569
m 86 4 609 603 277 528
m 86 4 37 162 298 488
m 86 4 108 297 340 612
m 86 4 226 30 348 596
m 86 4 256 41 406 662
m 86 4 48 30 428 711
m 86 4 96 17 440 601
m 86 4 235 14 450 663
m 86 4 610 30 452 674
m 86 4 220 3 540 690
m 86 4 604 0 775 750
b 86 4 36 73
b 86 4 180 117
b 86 4 1 235
b 86 4 609 284
b 86 4 232 265
b 86 4 108 356
b 86 4 254 268
b 86 4 235 476
f 86 4 36 178
f 86 4 180 607
f 86 4 1 908
f 86 4 108 537
f 86 4 123 21
f 86 4 96 61
f 86 4 232 381
f 86 4 254 293
f 86 4 100 312
f 86 4 37 222
f 86 4 102 205
f 86 4 152 11
f 86 4 226 60
f 86 4 610 107
f 86 4 256 120
f 86 4 267 45
f 86 4 244 39
f 86 4 223 12
f 86 4 116 20
h 86 2 1877 526 10
s 86 2 963 16,16,16,16,42,44,237
s 86 2 167 16,16,16,16,42,44
c 86 2 41 799 16 517
c 86 2 36 846 48 526
c 86 2 1107 517 115 535
c 86 2 1 880 205 534
c 86 2 108 842 256 546
c 86 2 609 686 282 548
m 86 2 267 113 123 620
m 86 2 244 257 153 510
m 86 2 223 197 155 580
m 86 2 104 64 181 558
m 86 2 1 880 205 534
m 86 2 48 414 221 599
m 86 2 232 84 256 580
m 86 2 108 842 256 546
m 86 2 609 686 282 548
m 86 2 100 239 288 572
m 86 2 37 118 311 505
m 86 2 273 71 315 632
m 86 2 277 58 324 532
m 86 2 204 26 340 551
m 86 2 123 62 350 655
m 86 2 1808 80 358 589
m 86 2 116 119 367 543
m 86 2 235 156 382 631
m 86 2 256 47 394 580
m 86 2 610 67 427 648
m 86 2 96 22 437 439
m 86 2 220 28 468 712
m 86 2 133 4 539 875
m 86 2 600 4 542 875
m 86 2 604 9 544 706
m 86 2 249 1 630 500
b 86 2 41 16
b 86 2 36 49
b 86 2 1107 119
b 86 2 1 209
b 86 2 108 265
b 86 2 609 296
b 86 2 259 225
b 86 2 277 361
b 86 2 48 245
b 86 2 235 385
b 86 2 123 381
f 86 2 1107 363
f 86 2 108 756
f 86 2 1 887
f 86 2 116 265
f 86 2 123 119
f 86 2 232 121
f 86 2 610 193
f 86 2 48 461
f 86 2 223 153
f 86 2 204 53
f 86 2 604 36
f 86 2 100 195
f 86 2 119 28
f 86 2 259 89
f 86 2 36 76
f 86 2 254 25
f 86 2 1808 142
f 86 2 600 17
f 86 2 256 108
f 86 2 41 96
f 86 2 267 83
f 86 2 96 64
f 86 2 37 119
f 86 2 102 36
f 86 2 77 23
f 86 2 65 11
f 86 2 226 11
f 86 2 152 21
f 86 2 110 13
f 86 2 104 13
f 86 2 1854 13
h 86 5 3629 533 19
s 86 5 454 16,16,34,43,44,237,1123
s 86 5 378 16,16,34,43,44,1123
c 86 5 36 723 67 541
c 86 5 180 775 114 539
c 86 5 1 777 240 570
c 86 5 609 610 279 524
m 86 5 244 425 137 520
m 86 5 1852 290 145 569
m 86 5 1 777 240 570
m 86 5 232 328 246 563
m 86 5 254 289 253 551
m 86 5 102 173 259 539
m 86 5 100 274 276 579
m 86 5 609 610 279 524
m 86 5 37 156 303 563
m 86 5 108 308 345 620
m 86 5 226 28 362 549
m 86 5 256 42 422 634
m 86 5 235 16 435 644
m 86 5 96 17 442 548
m 86 5 610 26 446 691
m 86 5 48 21 456 671
m 86 5 220 3 581 636
b 86 5 36 66
b 86 5 180 113
b 86 5 1 246
b 86 5 609 285
b 86 5 232 253
b 86 5 108 360
b 86 5 102 276
f 86 5 1 860
f 86 5 108 541
f 86 5 37 215
f 86 5 232 388
f 86 5 36 146
f 86 5 180 669
f 86 5 100 280
f 86 5 254 368
f 86 5 256 130
f 86 5 96 57
f 86 5 267 36
f 86 5 610 91
f 86 5 102 250
f 86 5 244 26
f 86 5 259 11
f 86 5 229 21
f 86 5 123 22
f 86 5 223 14
f 86 5 226 65
f 86 5 116 20
h 87 5 9103 516 86
s 87 5 985 16,16,34,43,44,1123
s 87 5 821 16,16,34,43,44,237,1123
c 87 5 36 672 75 525
c 87 5 180 815 114 527
c 87 5 1 745 236 572
m 87 5 214 73 128 551
m 87 5 1852 88 152 570
m 87 5 1 745 236 572
m 87 5 254 252 251 545
m 87 5 102 78 261 539
m 87 5 100 72 285 632
m 87 5 232 39 287 625
m 87 5 37 154 293 561
m 87 5 108 462 341 601
m 87 5 256 36 430 665
m 87 5 48 8 468 616
m 87 5 110 13 485 564
m 87 5 220 0 640 1000
m 87 5 277 0 650 500
b 87 5 36 75
b 87 5 180 115
b 87 5 1 237
b 87 5 108 344
b 87 5 206 384
b 87 5 1466 438
b 87 5 609 349
f 87 5 180 776
f 87 5 1 910
f 87 5 108 895
f 87 5 152 13
f 87 5 37 246
f 87 5 110 58
f 87 5 254 349
f 87 5 36 217
f 87 5 244 91
f 87 5 256 125
f 87 5 102 113
f 87 5 232 72
f 87 5 100 104
f 87 5 226 19
f 87 5 65 14
f 87 5 267 11
f 87 5 229 16
h 87 4 1056 517 12
s 87 4 107 16,16,34,42,43,44,237,1123
s 87 4 101 16,16,34,43,44,1123
c 87 4 36 632 79 529
c 87 4 180 763 109 515
c 87 4 1 833 233 545
c 87 4 108 541 338 571
m 87 4 1852 133 149 564
m 87 4 1 833 233 545
m 87 4 254 286 254 526
m 87 4 102 77 279 568
m 87 4 232 43 280 689
m 87 4 37 203 295 486
m 87 4 100 99 302 657
m 87 4 108 541 338 571
m 87 4 609 25 380 462
m 87 4 256 54 430 596
m 87 4 48 22 453 609
m 87 4 1802 10 454 455
m 87 4 1466 5 526 400
m 87 4 110 20 529 619
m 87 4 220 2 735 1000
m 87 4 249 1 750 1000
b 87 4 36 76
b 87 4 180 108
b 87 4 1 241
b 87 4 108 341
b 87 4 254 278
b 87 4 256 442
b 87 4 609 407
f 87 4 254 344
f 87 4 232 67
f 87 4 37 254
f 87 4 1 924
f 87 4 180 643
f 87 4 244 94
f 87 4 108 893
f 87 4 256 188
f 87 4 36 205
f 87 4 226 18
f 87 4 1852 121
f 87 4 102 129
f 87 4 65 31
f 87 4 100 152
f 87 4 267 31
f 87 4 110 80
f 87 4 96 13
f 87 4 1466 22
f 87 4 77 13
f 87 4 152 31
h 88 4 6530 533 72
s 88 4 2720 29,42,43,1123
s 88 4 708 29,42,44
c 88 4 36 509 86 550
m 88 4 1852 144 150 586
m 88 4 104 273 213 557
m 88 4 1107 49 226 617
m 88 4 100 486 239 596
m 88 4 1 377 256 637
m 88 4 201 170 258 601
m 88 4 259 50 262 634
m 88 4 609 418 265 626
m 88 4 102 75 282 609
m 88 4 202 141 287 620
m 88 4 203 107 311 629
m 88 4 37 102 327 597
m 88 4 232 76 331 609
m 88 4 204 93 334 664
m 88 4 108 246 339 615
m 88 4 226 36 352 626
m 88 4 256 35 395 696
m 88 4 235 13 431 682
m 88 4 610 15 456 660
b 88 4 180 108
b 88 4 36 86
b 88 4 104 222
b 88 4 201 265
b 88 4 202 293
b 88 4 203 316
b 88 4 204 340
b 88 4 100 239
f 88 4 204 179
f 88 4 1107 43
f 88 4 256 100
f 88 4 180 461
f 88 4 100 551
f 88 4 226 85
f 88 4 65 28
f 88 4 108 531
f 88 4 232 180
f 88 4 223 49
f 88 4 102 120
f 88 4 202 28
f 88 4 36 243
f 88 4 244 127
f 88 4 203 17
f 88 4 77 25
f 88 4 1808 15
f 88 4 267 41
f 88 4 104 56
f 88 4 1 496
f 88 4 259 29
f 88 4 1854 32
f 88 4 37 160
f 88 4 610 57
f 88 4 96 17
f 88 4 92 15
f 88 4 201 23
h 88 2 984 546 11
s 88 2 307 16,16,16,16,42,44,237
s 88 2 203 16,16,16,16,16,42,44
c 88 2 41 830 17 546
c 88 2 36 794 54 567
c 88 2 609 587 241 618
m 88 2 1107 368 143 577
m 88 2 65 103 164 436
m 88 2 104 475 171 567
m 88 2 223 166 174 644
m 88 2 244 311 178 526
m 88 2 137 101 206 566
m 88 2 201 318 223 572
m 88 2 1854 72 229 676
m 88 2 609 587 241 618
m 88 2 202 275 245 598
m 88 2 1 198 247 682
m 88 2 203 228 270 612
m 88 2 48 68 286 687
m 88 2 100 238 291 603
m 88 2 204 210 296 594
m 88 2 277 58 308 667
m 88 2 232 48 310 638
m 88 2 1808 73 315 708
m 88 2 108 390 315 547
m 88 2 37 125 322 577
m 88 2 116 48 347 617
m 88 2 235 102 358 800
m 88 2 114 18 436 778
m 88 2 256 14 446 500
m 88 2 610 11 491 636
m 88 2 225 1 630 0
b 88 2 41 17
b 88 2 77 45
b 88 2 36 54
b 88 2 63 99
b 88 2 137 195
b 88 2 1854 234
b 88 2 609 241
b 88 2 108 326
b 88 2 114 462
f 88 2 36 221
f 88 2 137 103
f 88 2 1107 225
f 88 2 201 47
f 88 2 1 249
f 88 2 223 150
f 88 2 1808 131
f 88 2 37 188
f 88 2 104 94
f 88 2 29 282
f 88 2 204 329
f 88 2 41 258
f 88 2 147 14
f 88 2 108 657
f 88 2 100 352
f 88 2 116 113
f 88 2 939 33
f 88 2 65 42
f 88 2 1854 80
f 88 2 123 38
f 88 2 77 56
f 88 2 232 80
f 88 2 259 99
f 88 2 226 42
f 88 2 102 47
f 88 2 256 61
f 88 2 119 33
f 88 2 610 38
f 88 2 114 56
f 88 2 252 19
f 88 2 127 14
f 88 2 244 42
f 88 2 202 38
f 88 2 203 14
h 88 3 350 554 5
s 88 3 36 11,16,20,34,44
s 88 3 27 16,16,16,20,20,44
c 88 3 36 749 38 557
c 88 3 104 560 166 592
c 88 3 609 749 234 584
m 88 3 214 54 121 474
m 88 3 1107 311 135 532
m 88 3 223 151 155 623
m 88 3 244 426 156 530
m 88 3 65 89 163 581
m 88 3 104 560 166 592
m 88 3 1854 51 188 611
m 88 3 201 403 205 582
m 88 3 609 749 234 584
m 88 3 202 386 234 622
m 88 3 203 311 261 642
m 88 3 1 226 262 696
m 88 3 100 360 269 587
m 88 3 204 303 287 651
m 88 3 102 29 303 600
m 88 3 108 446 311 571
m 88 3 37 180 320 540
m 88 3 232 60 324 667
m 88 3 226 37 326 692
m 88 3 1808 60 352 619
m 88 3 48 77 367 593
m 88 3 116 49 372 471
m 88 3 273 17 378 833
m 88 3 235 97 383 588
m 88 3 256 23 429 500
m 88 3 610 20 479 714
m 88 3 133 3 590 1000
b 88 3 92 46
b 88 3 36 37
b 88 3 104 169
b 88 3 609 250
b 88 3 65 172
b 88 3 108 336
b 88 3 100 293
b 88 3 235 430
b 88 3 256 420
f 88 3 29 247
f 88 3 137 65
f 88 3 226 75
f 88 3 235 237
f 88 3 1 301
f 88 3 100 366
f 88 3 37 258
f 88 3 145 11
f 88 3 81 11
f 88 3 77 108
f 88 3 36 269
f 88 3 204 376
f 88 3 223 97
f 88 3 202 32
f 88 3 108 656
f 88 3 610 43
f 88 3 65 86
f 88 3 102 54
f 88 3 1808 97
f 88 3 232 140
f 88 3 116 86
f 88 3 1107 269
f 88 3 267 54
f 88 3 104 75
f 88 3 256 54
f 88 3 73 65
f 88 3 1854 97
f 88 3 114 11
f 88 3 259 32
f 88 3 939 22
f 88 3 119 22
f 88 3 244 43
f 88 3 123 32
f 88 3 210 11
f 88 3 1806 11
f 88 3 98 11
f 88 3 112 22
f 88 3 96 11
f 88 3 92 32
f 88 3 201 11
f 88 3 147 11
f 88 3 141 11
f 88 3 168 11
f 88 3 133 11
h 88 5 627 611 9
s 88 5 76 29,42,43,1123
s 88 5 74 16,16,34,43,44,1123
c 88 5 36 657 76 624
c 88 5 180 566 105 597
c 88 5 100 600 245 638
c 88 5 609 547 256 624
m 88 5 1852 81 175 647
m 88 5 65 64 197 550
m 88 5 104 220 225 601
m 88 5 1107 69 241 651
m 88 5 100 600 245 638
m 88 5 223 48 247 700
m 88 5 609 547 256 624
m 88 5 1 308 265 715
m 88 5 201 140 282 580
m 88 5 102 88 305 636
m 88 5 202 104 306 646
m 88 5 203 97 331 623
m 88 5 232 113 336 662
m 88 5 108 367 343 674
m 88 5 37 120 344 693
m 88 5 204 81 366 667
m 88 5 256 43 390 852
m 88 5 226 46 397 862
m 88 5 48 14 431 444
m 88 5 116 5 443 1000
m 88 5 610 22 444 786
m 88 5 235 16 493 700
m 88 5 123 5 510 667
m 88 5 273 2 660 1000
b 88 5 36 83
b 88 5 180 105
b 88 5 100 262
b 88 5 609 247
b 88 5 1 255
b 88 5 108 359
f 88 5 223 62
f 88 5 1 364
f 88 5 108 605
f 88 5 100 593
f 88 5 1107 86
f 88 5 202 19
f 88 5 180 475
f 88 5 232 265
f 88 5 226 74
f 88 5 37 167
f 88 5 229 19
f 88 5 256 80
f 88 5 267 49
f 88 5 244 56
f 88 5 36 284
f 88 5 204 160
f 88 5 259 37
f 88 5 102 154
f 88 5 203 31
f 88 5 92 19
f 88 5 1808 19
f 88 5 77 19
f 88 5 116 12
f 88 5 610 62
f 88 5 65 19
f 88 5 201 12
f 88 5 123 12
f 88 5 104 49
f 88 5 1854 19
f 88 5 73 12
h 89 1 946 532 90
s 89 1 291 11,14,16,16,20,44
s 89 1 122 11,16,20,34,44
c 89 1 75 540 27 511
c 89 1 63 993 59 534
c 89 1 170 997 111 531
c 89 1 147 985 151 539
c 89 1 98 890 193 545
c 89 1 114 710 266 603
c 89 1 250 680 275 589
m 89 1 147 985 151 539
m 89 1 114 710 266 603
m 89 1 250 680 275 589
m 89 1 139 473 291 626
m 89 1 160 309 299 678
m 89 1 108 94 314 663
m 89 1 1 126 325 529
m 89 1 1097 105 352 687
m 89 1 249 38 360 556
m 89 1 48 75 362 535
m 89 1 116 57 371 519
m 89 1 225 19 377 556
m 89 1 96 135 380 492
m 89 1 609 159 391 653
m 89 1 603 76 399 597
m 89 1 220 54 417 588
b 89 1 36 47
b 89 1 75 27
b 89 1 63 61
b 89 1 170 113
b 89 1 147 152
b 89 1 98 192
b 89 1 250 279
b 89 1 114 271
b 89 1 139 308
b 89 1 174 330
b 89 1 1097 362
b 89 1 48 377
b 89 1 609 392
b 89 1 220 419
f 89 1 147 988
f 89 1 114 825
f 89 1 160 446
f 89 1 139 651
f 89 1 116 120
f 89 1 63 325
f 89 1 1854 24
f 89 1 225 66
f 89 1 96 422
f 89 1 1 60
f 89 1 98 12
f 89 1 600 12
f 89 1 603 247
f 89 1 208 36
f 89 1 135 18
f 89 1 108 42
f 89 1 75 12
f 89 1 137 12
f 89 1 235 12
f 89 1 123 12
h 90 2 3965 536 64
s 90 2 948 16,16,20,20,42,44,237
s 90 2 573 12,16,16,20,42,44,237
c 90 2 92 823 44 538
c 90 2 267 762 98 542
c 90 2 48 928 137 550
c 90 2 235 713 247 605
m 90 2 48 928 137 550
m 90 2 98 290 152 566
m 90 2 104 345 163 576
m 90 2 201 294 196 589
m 90 2 102 160 205 502
m 90 2 202 286 214 578
m 90 2 203 252 229 583
m 90 2 235 713 247 605
m 90 2 204 289 253 598
m 90 2 1 59 264 601
m 90 2 100 109 277 593
m 90 2 116 262 285 542
m 90 2 609 440 293 636
m 90 2 108 222 317 564
m 90 2 123 60 326 556
m 90 2 176 132 332 674
m 90 2 256 35 353 532
m 90 2 96 209 366 571
m 90 2 610 47 410 626
m 90 2 220 52 455 633
b 90 2 36 56
b 90 2 92 43
b 90 2 267 97
b 90 2 48 130
b 90 2 235 243
b 90 2 104 231
b 90 2 201 270
b 90 2 202 290
b 90 2 203 303
b 90 2 204 325
b 90 2 609 294
b 90 2 176 352
f 90 2 267 460
f 90 2 48 768
f 90 2 98 186
f 90 2 116 449
f 90 2 256 81
f 90 2 96 573
f 90 2 102 133
f 90 2 119 34
f 90 2 152 16
f 90 2 235 892
f 90 2 204 447
f 90 2 37 129
f 90 2 123 131
f 90 2 610 167
f 90 2 263 27
f 90 2 36 31
f 90 2 108 305
f 90 2 223 11
f 90 2 1 59
f 90 2 244 58
f 90 2 604 19
f 90 2 203 20
f 90 2 226 35
f 90 2 100 58
f 90 2 1808 11
f 90 2 202 16
f 90 2 254 13
f 90 2 104 26
h 90 4 1800 495 27
s 90 4 417 29,42,43,1123
s 90 4 222 16,16,20,42,43,44,237,1123
c 90 4 214 716 64 490
c 90 4 36 707 85 513
m 90 4 1852 112 155 460
m 90 4 267 205 161 518
m 90 4 1128 59 162 613
m 90 4 269 469 169 546
m 90 4 229 62 206 598
m 90 4 254 318 222 527
m 90 4 102 390 226 526
m 90 4 100 174 250 561
m 90 4 37 233 261 501
m 90 4 609 381 265 602
m 90 4 48 68 276 553
m 90 4 108 276 304 560
m 90 4 226 63 306 553
m 90 4 1 41 311 493
m 90 4 235 83 338 638
m 90 4 96 107 378 599
m 90 4 256 32 385 483
m 90 4 610 44 394 658
b 90 4 214 68
b 90 4 36 88
b 90 4 269 173
b 90 4 254 222
b 90 4 609 266
b 90 4 102 228
b 90 4 108 312
b 90 4 226 306
b 90 4 48 436
f 90 4 214 657
f 90 4 36 61
f 90 4 102 488
f 90 4 610 158
f 90 4 269 418
f 90 4 254 434
f 90 4 37 249
f 90 4 267 199
f 90 4 96 364
f 90 4 108 475
f 90 4 232 30
f 90 4 256 135
f 90 4 100 131
f 90 4 65 10
f 90 4 235 219
f 90 4 123 47
f 90 4 226 125
f 90 4 229 47
f 90 4 206 13
f 90 4 116 24
f 90 4 98 24
f 90 4 244 47
f 90 4 223 17
f 90 4 204 30
f 90 4 1 94
f 90 4 90 17
f 90 4 81 10
f 90 4 931 30
h 90 5 303 518 5
s 90 5 38 29,42,43,1123
s 90 5 21 16,16,20,43,44,237,1123
c 90 5 214 736 67 484
c 90 5 36 710 86 544
m 90 5 1128 76 151 783
m 90 5 1852 122 156 568
m 90 5 267 244 168 527
m 90 5 269 366 174 640
m 90 5 229 73 201 773
m 90 5 102 386 228 521
m 90 5 254 330 228 510
m 90 5 100 182 243 473
m 90 5 609 403 258 557
m 90 5 48 83 268 680
m 90 5 37 175 283 491
m 90 5 108 297 298 578
m 90 5 1 46 313 429
m 90 5 226 69 319 619
m 90 5 235 86 338 577
m 90 5 610 33 354 600
m 90 5 96 106 375 500
m 90 5 256 36 405 545
m 90 5 931 17 448 1000
m 90 5 166 3 520 1000
m 90 5 158 3 530 1000
m 90 5 81 3 610 1000
m 90 5 112 3 670 1000
f 90 5 269 320
f 90 5 210 20
f 90 5 36 80
f 90 5 267 220
f 90 5 108 500
f 90 5 214 640
f 90 5 102 440
f 90 5 37 220
f 90 5 254 480
f 90 5 96 300
f 90 5 100 200
f 90 5 244 60
f 90 5 226 120
f 90 5 232 40
f 90 5 256 100
f 90 5 1 20
f 90 5 610 60
f 90 5 931 60
f 90 5 98 60
f 90 5 204 20
f 90 5 104 20
f 90 5 116 20
f 90 5 229 80
f 90 5 90 20
f 90 5 92 20
f 90 5 158 20
f 90 5 81 20
f 90 5 112 20
f 90 5 1802 20
h 91 5 1865 581 41
s 91 5 285 44,94,1123
s 91 5 153 27,34,43,44,1123
c 91 5 36 965 77 583
c 91 5 178 516 90 632
c 91 5 79 708 154 574
c 91 5 269 723 200 609
m 91 5 88 121 153 618
m 91 5 79 708 154 574
m 91 5 269 723 200 609
m 91 5 244 123 218 607
m 91 5 1128 63 221 644
m 91 5 180 56 262 538
m 91 5 229 64 267 613
m 91 5 254 327 270 589
m 91 5 108 146 276 592
m 91 5 609 77 283 618
m 91 5 100 90 284 625
m 91 5 81 64 288 642
m 91 5 231 51 321 542
m 91 5 90 27 328 667
m 91 5 226 93 332 613
m 91 5 116 58 344 615
m 91 5 256 34 376 750
m 91 5 1802 14 384 778
m 91 5 114 52 393 701
m 91 5 1856 21 404 625
m 91 5 123 8 421 786
m 91 5 96 31 445 655
m 91 5 168 5 480 444
m 91 5 1154 3 672 1000
b 91 5 36 91
b 91 5 178 92
b 91 5 79 166
b 91 5 269 220
b 91 5 254 289
b 91 5 609 275
b 91 5 226 342
f 91 5 79 574
f 91 5 100 108
f 91 5 269 728
f 91 5 37 352
f 91 5 231 120
f 91 5 36 111
f 91 5 1854 52
f 91 5 96 148
f 91 5 119 31
f 91 5 108 225
f 91 5 116 123
f 91 5 178 275
f 91 5 81 68
f 91 5 90 59
f 91 5 123 31
f 91 5 114 157
f 91 5 254 392
f 91 5 256 127
f 91 5 226 210
f 91 5 229 96
f 91 5 931 12
f 91 5 88 12
f 91 5 73 34
f 91 5 102 15
f 91 5 77 12
f 91 5 185 34
f 91 5 168 19
f 91 5 610 12
h 91 1 792 482 14
s 91 1 128 13,16,28,34
s 91 1 114 13,16,16,28,28
c 91 1 6 912 46 471
c 91 1 36 508 60 515
c 91 1 164 915 84 473
c 91 1 178 777 89 475
c 91 1 108 973 167 490
c 91 1 116 745 243 468
m 91 1 108 973 167 490
m 91 1 116 745 243 468
m 91 1 166 410 246 517
m 91 1 609 110 252 609
m 91 1 119 285 275 540
m 91 1 158 365 286 547
m 91 1 123 37 287 621
m 91 1 235 77 308 557
m 91 1 160 109 313 558
m 91 1 114 87 328 768
m 91 1 26 91 332 639
m 91 1 250 34 334 667
m 91 1 135 43 341 500
m 91 1 156 182 357 604
m 91 1 1858 42 359 485
m 91 1 96 117 366 613
m 91 1 1856 33 373 654
m 91 1 141 110 380 667
m 91 1 139 43 389 588
m 91 1 133 13 455 500
m 91 1 48 5 528 250
b 91 1 77 25
b 91 1 36 79
b 91 1 6 48
b 91 1 164 86
b 91 1 178 92
b 91 1 108 174
b 91 1 116 247
b 91 1 166 257
b 91 1 158 291
b 91 1 156 355
f 91 1 116 934
f 91 1 160 212
f 91 1 133 29
f 91 1 178 88
f 91 1 164 380
f 91 1 108 708
f 91 1 158 489
f 91 1 156 401
f 91 1 119 394
f 91 1 96 343
f 91 1 114 182
f 91 1 149 66
f 91 1 168 36
f 91 1 225 58
f 91 1 154 15
f 91 1 139 109
f 91 1 135 73
f 91 1 226 29
f 91 1 273 22
f 91 1 610 15
f 91 1 137 44
f 91 1 48 15
f 91 1 98 22
f 91 1 236 15
f 91 1 37 44
f 91 1 112 36
f 91 1 123 29
f 91 1 36 22
f 91 1 598 15
f 91 1 121 15
f 91 1 635 22
f 91 1 256 15
f 91 1 1854 15
h 91 2 870 411 27
s 91 2 467 16,16,16,16,16,42,44
s 91 2 312 16,16,16,16,42,44,237
c 91 2 41 983 15 415
c 91 2 77 553 41 385
c 91 2 36 926 48 421
c 91 2 108 974 143 420
c 91 2 116 663 222 430
m 91 2 108 974 143 420
m 91 2 244 74 174 469
m 91 2 116 663 222 430
m 91 2 100 95 222 482
m 91 2 226 98 237 576
m 91 2 119 352 271 542
m 91 2 114 56 279 796
m 91 2 166 44 282 632
m 91 2 1856 18 311 562
m 91 2 158 37 327 688
m 91 2 147 7 347 833
m 91 2 160 11 367 900
m 91 2 26 14 369 833
m 91 2 156 20 385 706
m 91 2 112 2 400 1000
m 91 2 168 2 420 1000
m 91 2 139 2 425 1000
m 91 2 141 6 444 800
m 91 2 1097 2 465 1000
m 91 2 1154 1 590 1000
b 91 2 41 15
b 91 2 36 51
b 91 2 77 41
b 91 2 108 143
b 91 2 116 222
b 91 2 119 276
b 91 2 100 280
f 91 2 108 840
f 91 2 1854 80
f 91 2 114 240
f 91 2 1858 120
f 91 2 119 360
f 91 2 156 280
f 91 2 174 40
f 91 2 116 840
f 91 2 263 160
f 91 2 147 160
f 91 2 41 280
f 91 2 77 120
f 91 2 36 280
f 91 2 226 240
f 91 2 273 80
f 91 2 1856 120
f 91 2 141 160
f 91 2 123 120
f 91 2 158 200
f 91 2 178 40
f 91 2 135 80
f 91 2 250 80
f 91 2 139 40
f 91 2 26 40
f 91 2 610 80
f 91 2 1 40
f 91 2 160 120
f 91 2 63 80
f 91 2 112 40
f 91 2 1154 40
f 91 2 168 40
f 91 2 154 80
f 91 2 223 40
f 91 2 235 40
f 91 2 635 40
h 91 3 221 484 4
s 91 3 25 13,13,16,16,34
s 91 3 13 16,16,20,20,44,237
c 91 3 36 747 46 473
c 91 3 6 525 57 509
c 91 3 178 561 58 492
c 91 3 108 968 169 486
c 91 3 116 552 248 484
m 91 3 79 72 148 438
m 91 3 108 968 169 486
m 91 3 244 54 181 583
m 91 3 1854 59 225 615
m 91 3 116 552 248 484
m 91 3 273 104 263 609
m 91 3 609 113 282 640
m 91 3 226 77 286 588
m 91 3 100 72 295 500
m 91 3 119 385 298 588
m 91 3 166 54 306 417
m 91 3 158 45 317 500
m 91 3 114 213 320 617
m 91 3 235 68 336 600
m 91 3 123 9 340 500
m 91 3 1856 54 354 667
m 91 3 26 27 373 333
m 91 3 96 118 391 538
m 91 3 156 32 424 571
m 91 3 250 5 480 0
m 91 3 133 5 490 0
m 91 3 121 5 510 0
m 91 3 610 9 550 500
m 91 3 143 5 650 0
b 91 3 6 52
b 91 3 164 90
b 91 3 178 80
b 91 3 36 58
b 91 3 108 182
b 91 3 116 261
b 91 3 119 316
b 91 3 235 363
b 91 3 96 413
f 91 3 178 233
f 91 3 108 767
f 91 3 116 667
f 91 3 119 800
f 91 3 96 433
f 91 3 151 100
f 91 3 226 200
f 91 3 156 167
f 91 3 114 333
f 91 3 77 133
f 91 3 254 33
f 91 3 269 67
f 91 3 37 200
f 91 3 610 67
f 91 3 143 33
f 91 3 26 33
f 91 3 1854 67
f 91 3 168 33
f 91 3 81 33
f 91 3 162 33
f 91 3 166 33
f 91 3 1858 33
f 91 3 259 33
f 91 3 121 33
f 91 3 36 133
f 91 3 158 67
f 91 3 100 67
f 91 3 1802 33
f 91 3 164 167
f 91 3 250 33
f 91 3 267 33
f 91 3 90 67
f 91 3 242 33
f 91 3 123 33
f 91 3 65 33
h 91 4 587 535 13
s 91 4 70 44,94,1123
s 91 4 35 16,16,34,43,44,237,1123
c 91 4 36 952 74 542
c 91 4 178 504 83 551
c 91 4 79 719 150 536
c 91 4 269 583 192 588
m 91 4 88 82 142 396
m 91 4 79 719 150 536
m 91 4 1852 55 158 438
m 91 4 267 90 177 566
m 91 4 269 583 192 588
m 91 4 244 75 202 477
m 91 4 180 55 235 469
m 91 4 254 239 256 536
m 91 4 108 334 257 546
m 91 4 609 72 272 643
m 91 4 100 65 283 632
m 91 4 231 55 284 531
m 91 4 90 32 309 684
m 91 4 226 73 325 628
m 91 4 116 121 332 592
m 91 4 1856 39 344 696
m 91 4 114 87 362 686
m 91 4 123 10 393 667
m 91 4 96 27 409 688
m 91 4 168 3 450 500
m 91 4 235 5 450 333
b 91 4 36 76
b 91 4 178 82
b 91 4 79 152
b 91 4 269 199
b 91 4 254 268
b 91 4 1128 260
b 91 4 229 255
f 91 4 36 200
f 91 4 185 38
f 91 4 81 38
f 91 4 114 275
f 91 4 79 612
f 91 4 269 525
f 91 4 37 388
f 91 4 610 38
f 91 4 178 325
f 91 4 1852 38
f 91 4 108 425
f 91 4 226 150
f 91 4 254 262
f 91 4 65 12
f 91 4 162 12
f 91 4 119 100
f 91 4 116 300
f 91 4 158 25
f 91 4 168 12
f 91 4 267 88
f 91 4 100 100
f 91 4 123 50
f 91 4 90 75
f 91 4 1802 12
f 91 4 73 62
f 91 4 96 138
f 91 4 256 38
f 91 4 250 12
f 91 4 41 25
f 91 4 931 12
f 91 4 1854 38
f 91 4 141 12
f 91 4 231 38
f 91 4 229 12
f 91 4 156 12
f 91 4 135 12
f 91 4 174 12
h 92 3 1650 568 55
s 92 3 298 16,16,20,20,44,216
s 92 3 222 16,16,20,34,216
c 92 3 77 602 20 572
c 92 3 36 853 29 578
c 92 3 214 759 111 583
c 92 3 185 886 119 583
c 92 3 81 660 128 590
c 92 3 931 510 229 677
c 92 3 609 681 246 617
m 92 3 26 63 122 413
m 92 3 1107 126 125 587
m 92 3 81 660 128 590
m 92 3 267 62 133 612
m 92 3 1854 56 225 667
m 92 3 931 510 229 677
m 92 3 90 112 239 616
m 92 3 609 681 246 617
m 92 3 112 488 270 708
m 92 3 226 38 281 619
m 92 3 108 291 282 633
m 92 3 250 84 323 587
m 92 3 1802 56 328 652
m 92 3 119 28 334 617
m 92 3 116 38 340 540
m 92 3 225 14 375 696
m 92 3 96 128 382 668
m 92 3 152 1 630 0
b 92 3 77 23
b 92 3 36 29
b 92 3 214 123
b 92 3 81 139
b 92 3 185 122
b 92 3 931 231
b 92 3 609 241
b 92 3 112 275
b 92 3 108 338
b 92 3 96 385
f 92 3 81 586
f 92 3 112 674
f 92 3 931 707
f 92 3 116 93
f 92 3 96 498
f 92 3 108 558
f 92 3 225 51
f 92 3 256 19
f 92 3 98 112
f 92 3 77 153
f 92 3 1854 79
f 92 3 185 181
f 92 3 569 19
f 92 3 1107 70
f 92 3 273 14
f 92 3 226 74
f 92 3 214 177
f 92 3 90 158
f 92 3 267 93
f 92 3 596 14
f 92 3 37 19
f 92 3 123 19
f 92 3 36 274
f 92 3 119 70
f 92 3 1808 56
f 92 3 168 28
f 92 3 242 14
f 92 3 206 14
f 92 3 610 14
h 92 2 824 590 28
s 92 2 177 16,16,16,20,20,42,44
s 92 2 117 16,16,20,20,42,44,237
c 92 2 36 705 32 601
c 92 2 214 716 103 627
c 92 2 81 676 116 605
c 92 2 185 768 131 624
c 92 2 609 670 244 616
c 92 2 108 516 250 633
m 92 2 1107 86 125 563
m 92 2 185 768 131 624
m 92 2 267 55 134 533
m 92 2 931 426 239 726
m 92 2 609 670 244 616
m 92 2 108 516 250 633
m 92 2 112 448 274 718
m 92 2 250 140 333 583
m 92 2 1802 55 344 600
m 92 2 116 34 354 643
m 92 2 48 21 366 588
m 92 2 1806 13 366 727
m 92 2 96 159 374 603
m 92 2 225 10 416 875
m 92 2 256 5 470 250
b 92 2 81 123
b 92 2 214 103
b 92 2 185 137
b 92 2 931 242
b 92 2 112 283
b 92 2 609 237
b 92 2 108 282
b 92 2 96 374
b 92 2 98 260
b 92 2 250 382
f 92 2 931 681
f 92 2 112 629
f 92 2 108 750
f 92 2 96 543
f 92 2 168 60
f 92 2 569 86
f 92 2 98 147
f 92 2 81 629
f 92 2 36 172
f 92 2 256 34
f 92 2 214 138
f 92 2 185 95
f 92 2 116 86
f 92 2 77 86
f 92 2 1 17
f 92 2 37 26
f 92 2 267 60
f 92 2 263 26
f 92 2 160 17
f 92 2 73 17
f 92 2 90 69
f 92 2 225 34
f 92 2 1107 17
f 92 2 1808 52
f 92 2 119 52
f 92 2 1854 34
f 92 2 534 34
f 92 2 226 17
f 92 2 147 17
f 92 2 1802 17
f 92 2 100 17
f 92 2 206 52
h 92 4 300 530 11
s 92 4 17 16,16,20,43,44,216
s 92 4 16 15,20,43,44,216,1123
c 92 4 36 703 57 526
c 92 4 214 843 96 530
c 92 4 185 690 167 560
c 92 4 609 617 245 541
m 92 4 1852 67 126 700
m 92 4 26 50 161 600
m 92 4 185 690 167 560
m 92 4 81 323 210 536
m 92 4 206 53 214 750
m 92 4 609 617 245 541
m 92 4 931 403 264 653
m 92 4 90 190 267 649
m 92 4 1802 107 271 625
m 92 4 37 67 290 400
m 92 4 108 193 316 483
m 92 4 226 63 331 632
m 92 4 112 120 343 639
m 92 4 250 40 353 333
m 92 4 96 123 357 514
m 92 4 116 7 490 500
b 92 4 77 43
b 92 4 36 52
b 92 4 214 103
b 92 4 185 169
b 92 4 81 214
b 92 4 609 258
b 92 4 931 261
f 92 4 931 628
f 92 4 96 372
f 92 4 81 349
f 92 4 116 47
f 92 4 36 419
f 92 4 119 47
f 92 4 108 488
f 92 4 112 302
f 92 4 77 186
f 92 4 214 186
f 92 4 168 23
f 92 4 1808 93
f 92 4 98 70
f 92 4 90 186
f 92 4 185 93
f 92 4 123 23
f 92 4 37 70
f 92 4 267 47
f 92 4 88 23
f 92 4 1852 116
f 92 4 226 47
f 92 4 127 47
f 92 4 232 23
f 92 4 273 23
f 92 4 73 23
f 92 4 256 23
f 92 4 102 23
f 92 4 242 23
f 92 4 133 23
f 92 4 254 23
h 93 1 9254 547 75
s 93 1 2855 11,16,16,34,44,237
s 93 1 822 11,16,20,34,44
c 93 1 36 872 47 553
c 93 1 63 995 61 547
c 93 1 174 845 133 550
c 93 1 108 738 230 584
c 93 1 609 647 296 618
m 93 1 65 107 130 356
m 93 1 252 139 163 590
m 93 1 598 219 166 560
m 93 1 108 738 230 584
m 93 1 939 95 230 646
m 93 1 154 88 241 642
m 93 1 1 156 256 679
m 93 1 249 121 296 642
m 93 1 609 647 296 618
m 93 1 123 87 308 657
m 93 1 116 312 316 508
m 93 1 250 66 332 686
m 93 1 1097 277 339 686
m 93 1 160 197 344 714
m 93 1 235 63 346 732
m 93 1 139 30 365 717
m 93 1 135 73 377 617
m 93 1 225 39 403 602
m 93 1 208 47 433 710
m 93 1 603 17 455 796
m 93 1 133 7 505 838
m 93 1 48 4 507 444
m 93 1 256 1 600 667
m 93 1 1154 0 700 500
m 93 1 133 0 810 1000
b 93 1 36 46
b 93 1 63 59
b 93 1 174 130
b 93 1 108 227
b 93 1 609 293
b 93 1 116 323
b 93 1 160 353
b 93 1 1097 348
b 93 1 143 371
b 93 1 208 446
f 93 1 63 807
f 93 1 108 653
f 93 1 116 603
f 93 1 1 139
f 93 1 939 98
f 93 1 598 177
f 93 1 247 13
f 93 1 137 29
f 93 1 135 202
f 93 1 160 397
f 93 1 36 41
f 93 1 152 63
f 93 1 143 125
f 93 1 123 153
f 93 1 98 41
f 93 1 174 273
f 93 1 110 12
f 93 1 225 121
f 93 1 133 22
f 93 1 178 46
f 93 1 252 22
f 93 1 158 16
f 93 1 139 68
f 93 1 603 61
f 93 1 65 35
f 93 1 145 45
f 93 1 596 13
h 93 2 1702 533 13
s 93 2 314 16,16,20,20,42,44,237
s 93 2 279 14,16,16,20,42,44,237
c 93 2 36 847 58 544
c 93 2 63 969 66 535
c 93 2 174 905 133 546
c 93 2 108 576 251 628
c 93 2 609 596 293 622
m 93 2 252 99 183 583
m 93 2 598 243 184 551
m 93 2 170 58 207 592
m 93 2 1 261 232 685
m 93 2 939 66 245 661
m 93 2 108 576 251 628
m 93 2 609 596 293 622
m 93 2 249 65 301 718
m 93 2 116 257 308 524
m 93 2 123 47 315 650
m 93 2 1097 242 329 663
m 93 2 235 52 345 742
m 93 2 160 88 346 718
m 93 2 250 36 361 790
m 93 2 225 33 380 632
m 93 2 135 25 393 643
m 93 2 208 10 419 706
m 93 2 603 6 478 818
m 93 2 110 1 620 1000
b 93 2 41 22
b 93 2 36 56
b 93 2 63 64
b 93 2 174 130
b 93 2 598 183
b 93 2 108 252
b 93 2 609 298
b 93 2 116 313
f 93 2 598 251
f 93 2 235 130
f 93 2 160 212
f 93 2 1 307
f 93 2 63 879
f 93 2 116 545
f 93 2 135 87
f 93 2 108 688
f 93 2 603 39
f 93 2 225 117
f 93 2 143 95
f 93 2 939 74
f 93 2 98 74
f 93 2 36 117
f 93 2 123 82
f 93 2 139 30
f 93 2 178 56
f 93 2 174 325
f 93 2 152 121
f 93 2 65 22
f 93 2 41 13
f 93 2 75 26
f 93 2 73 22
f 93 2 252 17
f 93 2 247 17
f 93 2 1854 17
f 93 2 133 13
h 93 3 737 518 5
s 93 3 105 16,16,20,20,44,237
s 93 3 78 11,16,16,34,44,237
c 93 3 36 848 56 525
c 93 3 63 944 69 524
c 93 3 174 802 138 533
c 93 3 108 544 248 603
c 93 3 609 621 287 585
m 93 3 65 88 147 338
m 93 3 598 202 180 577
m 93 3 252 159 181 556
m 93 3 1854 58 184 628
m 93 3 939 118 236 609
m 93 3 1 239 238 631
m 93 3 108 544 248 603
m 93 3 154 58 252 628
m 93 3 609 621 287 585
m 93 3 249 64 302 574
m 93 3 123 62 337 717
m 93 3 116 189 337 446
m 93 3 250 30 340 636
m 93 3 1097 174 341 703
m 93 3 160 75 345 655
m 93 3 135 15 380 727
m 93 3 235 54 384 775
m 93 3 225 46 405 471
m 93 3 208 19 409 857
m 93 3 110 4 510 667
b 93 3 75 33
b 93 3 36 56
b 93 3 63 66
b 93 3 174 135
b 93 3 598 177
b 93 3 108 248
b 93 3 609 287
b 93 3 1097 355
b 93 3 135 360
b 93 3 160 368
f 93 3 63 906
f 93 3 174 410
f 93 3 252 26
f 93 3 1 248
f 93 3 108 650
f 93 3 160 179
f 93 3 110 26
f 93 3 116 496
f 93 3 36 60
f 93 3 152 94
f 93 3 143 77
f 93 3 158 26
f 93 3 603 34
f 93 3 235 154
f 93 3 1854 68
f 93 3 123 137
f 93 3 596 26
f 93 3 939 145
f 93 3 178 94
f 93 3 598 162
f 93 3 135 68
f 93 3 225 197
f 93 3 65 51
f 93 3 569 26
f 93 3 139 17
f 93 3 98 77
f 93 3 226 17
f 93 3 73 17
f 93 3 247 17
f 93 3 75 34
h 93 4 364 486 3
s 93 4 158 29,42,43,1123
s 93 4 27 29,44
c 93 4 36 761 91 495
c 93 4 63 777 112 456
c 93 4 609 676 258 533
m 93 4 50 74 120 481
m 93 4 178 140 132 353
m 93 4 569 96 136 543
m 93 4 185 66 177 708
m 93 4 1854 58 226 571
m 93 4 100 272 229 566
m 93 4 598 55 234 350
m 93 4 254 77 256 536
m 93 4 609 676 258 533
m 93 4 98 63 263 609
m 93 4 1 223 283 642
m 93 4 143 55 328 950
m 93 4 116 71 356 692
m 93 4 108 157 361 632
m 93 4 162 16 363 667
m 93 4 123 14 364 1000
m 93 4 1097 49 367 611
m 93 4 249 33 374 667
m 93 4 96 14 378 400
m 93 4 160 27 382 700
m 93 4 235 14 390 600
m 93 4 225 25 422 667
m 93 4 610 19 444 714
m 93 4 112 5 480 1000
m 93 4 48 8 533 1000
b 93 4 36 90
b 93 4 63 112
b 93 4 100 240
b 93 4 609 266
b 93 4 116 345
f 93 4 63 770
f 93 4 174 344
f 93 4 1 344
f 93 4 90 16
f 93 4 1802 33
f 93 4 108 426
f 93 4 160 98
f 93 4 98 66
f 93 4 225 98
f 93 4 96 66
f 93 4 1854 98
f 93 4 143 66
f 93 4 112 33
f 93 4 36 344
f 93 4 254 49
f 93 4 610 82
f 93 4 178 66
f 93 4 65 33
f 93 4 185 49
f 93 4 100 180
f 93 4 123 66
f 93 4 73 49
f 93 4 598 16
f 93 4 137 16
f 93 4 37 16
f 93 4 232 16
f 93 4 116 148
f 93 4 229 49
f 93 4 206 16
f 93 4 152 180
f 93 4 939 16
f 93 4 569 66
f 93 4 256 16
f 93 4 267 33
f 93 4 210 16
f 93 4 119 16
f 93 4 135 16
f 93 4 145 16
f 93 4 162 16
h 94 1 971 468 93
s 94 1 220 16,16,36
s 94 1 112 16,16,16,20,34,216
c 94 1 36 897 14 468
c 94 1 77 530 24 464
c 94 1 63 993 67 467
c 94 1 170 985 116 471
c 94 1 147 964 157 478
c 94 1 139 696 236 538
c 94 1 160 575 302 640
c 94 1 609 522 317 598
m 94 1 147 964 157 478
m 94 1 166 219 197 488
m 94 1 139 696 236 538
m 94 1 158 194 257 543
m 94 1 160 575 302 640
m 94 1 263 99 303 542
m 94 1 108 277 307 602
m 94 1 609 522 317 598
m 94 1 249 60 338 500
m 94 1 1097 150 345 685
m 94 1 135 161 354 596
m 94 1 141 322 363 642
m 94 1 1 131 367 685
m 94 1 116 90 410 506
m 94 1 603 128 432 694
m 94 1 48 16 455 688
m 94 1 133 56 482 463
m 94 1 247 7 501 571
m 94 1 133 6 543 833
m 94 1 220 16 574 688
b 94 1 77 24
b 94 1 63 64
b 94 1 170 112
b 94 1 147 151
b 94 1 139 230
b 94 1 160 305
b 94 1 609 316
b 94 1 149 338
b 94 1 141 368
b 94 1 108 368
b 94 1 135 364
b 94 1 1097 363
f 94 1 158 251
f 94 1 160 877
f 94 1 139 800
f 94 1 147 889
f 94 1 123 47
f 94 1 133 174
f 94 1 149 26
f 94 1 116 213
f 94 1 249 98
f 94 1 603 383
f 94 1 63 268
f 94 1 135 319
f 94 1 1 43
f 94 1 108 102
f 94 1 1806 47
f 94 1 236 13
f 94 1 250 30
f 94 1 174 13
h 95 1 1023 517 87
s 95 1 304 11,16,16,34,44,237
s 95 1 142 11,16,20,34,44
c 95 1 36 794 44 505
c 95 1 63 772 59 506
c 95 1 145 1000 135 517
c 95 1 170 812 172 543
c 95 1 116 756 256 525
m 95 1 244 396 126 548
m 95 1 145 1000 135 517
m 95 1 154 439 217 599
m 95 1 147 318 224 542
m 95 1 108 377 250 567
m 95 1 116 756 256 525
m 95 1 26 156 281 656
m 95 1 1 274 303 561
m 95 1 609 368 320 641
m 95 1 135 212 325 576
m 95 1 160 35 332 778
m 95 1 123 31 338 750
m 95 1 156 180 344 636
m 95 1 208 156 368 681
m 95 1 225 35 394 639
m 95 1 603 85 399 690
m 95 1 48 10 405 700
m 95 1 133 7 476 571
m 95 1 110 3 477 667
m 95 1 220 3 487 667
m 95 1 600 2 535 1000
b 95 1 36 46
b 95 1 63 57
b 95 1 145 133
b 95 1 170 170
b 95 1 116 257
b 95 1 154 218
b 95 1 108 272
b 95 1 609 334
b 95 1 208 370
f 95 1 63 402
f 95 1 145 929
f 95 1 116 929
f 95 1 156 432
f 95 1 160 83
f 95 1 135 432
f 95 1 225 118
f 95 1 108 172
f 95 1 1 314
f 95 1 603 266
f 95 1 143 136
f 95 1 139 36
f 95 1 123 89
f 95 1 110 12
f 95 1 1097 41
f 95 1 249 36
f 95 1 162 12
f 95 1 600 12
f 95 1 133 12
f 95 1 1858 12
f 95 1 158 12
h 96 3 3691 482 94
s 96 3 867 12,13,13,16,44
s 96 3 387 12,13,13,13
c 96 3 6 633 49 492
c 96 3 164 584 86 497
c 96 3 1 900 198 511
c 96 3 114 757 209 553
c 96 3 609 582 273 597
m 96 3 178 209 170 545
m 96 3 127 140 182 437
m 96 3 1 900 198 511
m 96 3 114 757 209 553
m 96 3 90 115 237 522
m 96 3 242 80 252 502
m 96 3 226 337 271 555
m 96 3 609 582 273 597
m 96 3 119 282 329 686
m 96 3 116 226 335 592
m 96 3 100 26 341 711
m 96 3 108 170 359 649
m 96 3 1856 27 393 713
m 96 3 600 63 411 752
m 96 3 96 18 417 697
m 96 3 610 11 429 707
m 96 3 110 2 532 500
b 96 3 73 42
b 96 3 73 42
b 96 3 6 39
b 96 3 164 83
b 96 3 114 204
b 96 3 1 213
b 96 3 609 275
b 96 3 116 336
b 96 3 108 366
b 96 3 119 331
f 96 3 164 341
f 96 3 114 925
f 96 3 1 776
f 96 3 108 407
f 96 3 116 530
f 96 3 226 495
f 96 3 90 139
f 96 3 96 70
f 96 3 210 20
f 96 3 112 27
f 96 3 600 215
f 96 3 37 58
f 96 3 119 553
f 96 3 125 41
f 96 3 100 38
f 96 3 73 108
f 96 3 50 14
f 96 3 36 73
f 96 3 127 180
f 96 3 610 44
f 96 3 1854 47
f 96 3 178 49
f 96 3 244 17
h 97 3 4577 489 55
s 97 3 618 16,16,16,20,20,44
s 97 3 361 11,13,16,16,20,44
c 97 3 73 582 23 487
c 97 3 36 824 45 501
c 97 3 63 811 76 487
c 97 3 1 990 132 492
c 97 3 116 518 284 524
m 97 3 1 990 132 492
m 97 3 252 315 174 524
m 97 3 102 184 222 520
m 97 3 939 269 233 565
m 97 3 100 69 242 578
m 97 3 277 180 254 582
m 97 3 232 151 279 547
m 97 3 108 319 282 553
m 97 3 116 518 284 524
m 97 3 609 295 305 517
m 97 3 152 44 338 522
m 97 3 119 104 343 665
m 97 3 123 82 343 623
m 97 3 1802 58 373 587
m 97 3 110 117 417 564
m 97 3 256 7 423 618
m 97 3 48 17 440 658
m 97 3 610 8 462 667
m 97 3 1466 1 468 800
m 97 3 604 5 475 720
m 97 3 600 5 521 696
m 97 3 220 3 565 733
b 97 3 73 25
b 97 3 73 25
b 97 3 36 47
b 97 3 63 76
b 97 3 1 131
b 97 3 108 299
b 97 3 116 280
b 97 3 609 321
b 97 3 277 261
f 97 3 1 930
f 97 3 116 775
f 97 3 232 215
f 97 3 36 117
f 97 3 63 690
f 97 3 102 202
f 97 3 108 416
f 97 3 110 389
f 97 3 939 281
f 97 3 152 60
f 97 3 119 233
f 97 3 96 26
f 97 3 73 71
f 97 3 123 177
f 97 3 603 21
f 97 3 75 22
f 97 3 226 49
f 97 3 252 14
f 97 3 100 55
f 97 3 112 42
f 97 3 610 27
f 97 3 600 23
f 97 3 256 24
f 97 3 604 23
f 97 3 98 13
f 97 3 172 16
f 97 3 37 35
f 97 3 225 12
h 97 2 1535 470 20
s 97 2 356 16,16,16,16,16,42,44
s 97 2 348 16,16,16,16,42,44,237
c 97 2 41 863 16 473
c 97 2 36 829 51 469
c 97 2 63 855 85 465
c 97 2 1 993 122 473
c 97 2 116 545 278 486
m 97 2 1 993 122 473
m 97 2 252 414 181 517
m 97 2 102 121 222 432
m 97 2 277 238 232 551
m 97 2 939 343 239 570
m 97 2 147 66 254 604
m 97 2 232 92 275 624
m 97 2 116 545 278 486
m 97 2 100 48 282 514
m 97 2 108 255 283 565
m 97 2 149 42 297 547
m 97 2 609 271 297 553
m 97 2 123 85 327 687
m 97 2 112 31 334 638
m 97 2 152 44 335 537
m 97 2 119 95 348 623
m 97 2 235 25 361 667
m 97 2 48 36 368 636
m 97 2 110 128 414 480
m 97 2 603 12 416 611
m 97 2 256 9 439 571
m 97 2 610 10 443 467
m 97 2 600 12 489 500
m 97 2 220 3 550 400
b 97 2 73 41
b 97 2 41 16
b 97 2 36 49
b 97 2 63 87
b 97 2 1 121
b 97 2 252 183
b 97 2 939 248
b 97 2 116 279
b 97 2 119 357
b 97 2 108 305
b 97 2 609 327
b 97 2 256 472
b 97 2 48 522
b 97 2 604 490
f 97 2 41 117
f 97 2 1 890
f 97 2 65 22
f 97 2 108 297
f 97 2 119 198
f 97 2 116 758
f 97 2 123 168
f 97 2 939 403
f 97 2 112 66
f 97 2 603 40
f 97 2 63 685
f 97 2 160 11
f 97 2 36 44
f 97 2 232 194
f 97 2 147 81
f 97 2 110 462
f 97 2 102 150
f 97 2 252 15
f 97 2 225 15
f 97 2 73 11
f 97 2 256 37
f 97 2 600 55
f 97 2 610 37
f 97 2 152 70
f 97 2 37 18
f 97 2 156 18
f 97 2 100 62
f 97 2 139 15
f 97 2 226 15
f 97 2 98 15
f 97 2 259 15
f 97 2 1854 11
f 97 2 604 15
h 97 4 1140 519 15
s 97 4 531 29,42,43,1123
s 97 4 130 29,42,44
c 97 4 1 985 157 522
m 97 4 180 433 126 528
m 97 4 1 985 157 522
m 97 4 63 52 160 441
m 97 4 102 360 260 571
m 97 4 232 294 277 570
m 97 4 100 209 279 639
m 97 4 254 76 286 517
m 97 4 609 257 299 532
m 97 4 37 84 315 635
m 97 4 277 27 317 613
m 97 4 108 172 330 658
m 97 4 226 28 333 562
m 97 4 116 84 361 542
m 97 4 152 19 362 455
m 97 4 1802 42 384 562
m 97 4 256 33 407 579
m 97 4 48 17 441 632
m 97 4 610 13 446 600
m 97 4 110 57 451 538
b 97 4 36 96
b 97 4 180 126
b 97 4 1 157
b 97 4 102 260
b 97 4 609 301
b 97 4 108 330
f 97 4 180 393
f 97 4 1 985
f 97 4 232 422
f 97 4 108 296
f 97 4 110 243
f 97 4 37 121
f 97 4 256 107
f 97 4 102 456
f 97 4 100 214
f 97 4 226 63
f 97 4 254 117
f 97 4 152 44
f 97 4 116 223
f 97 4 36 87
f 97 4 90 15
f 97 4 119 34
f 97 4 610 44
f 97 4 123 29
f 97 4 244 63
f 97 4 96 19
f 97 4 73 34
f 97 4 77 15
f 97 4 81 15
h 97 5 576 509 8
s 97 5 207 29,42,43,1123
s 97 5 62 29,44
c 97 5 1 995 163 510
m 97 5 180 481 130 534
m 97 5 1 995 163 510
m 97 5 102 319 267 582
m 97 5 100 264 268 553
m 97 5 232 280 270 596
m 97 5 254 95 288 527
m 97 5 609 168 300 454
m 97 5 37 92 324 453
m 97 5 108 125 346 639
m 97 5 116 99 358 509
m 97 5 1802 35 375 750
m 97 5 277 21 377 583
m 97 5 226 40 377 739
m 97 5 256 30 405 647
m 97 5 110 50 424 724
m 97 5 610 21 426 667
m 97 5 48 9 472 600
m 97 5 133 3 570 500
m 97 5 220 2 680 1000
b 97 5 180 130
b 97 5 36 92
b 97 5 1 163
b 97 5 102 267
b 97 5 232 270
b 97 5 609 304
f 97 5 1 990
f 97 5 180 455
f 97 5 100 297
f 97 5 232 307
f 97 5 110 129
f 97 5 102 406
f 97 5 610 99
f 97 5 116 208
f 97 5 108 228
f 97 5 254 119
f 97 5 37 119
f 97 5 256 89
f 97 5 226 109
f 97 5 36 158
f 97 5 73 20
f 97 5 235 20
f 97 5 244 50
f 97 5 119 30
f 97 5 123 40
f 97 5 133 20
f 97 5 152 20
h 98 3 6189 468 86
s 98 3 1363 13,13,16,16,34
s 98 3 770 13,13,16,16,16,20
c 98 3 73 610 23 485
c 98 3 36 767 57 477
c 98 3 178 938 63 472
c 98 3 259 968 129 476
c 98 3 273 889 181 504
c 98 3 1 679 216 521
c 98 3 116 513 270 494
m 98 3 273 889 181 504
m 98 3 1854 75 203 467
m 98 3 1 679 216 521
m 98 3 226 278 247 533
m 98 3 100 87 262 504
m 98 3 116 513 270 494
m 98 3 119 476 295 631
m 98 3 108 147 303 596
m 98 3 609 421 312 722
m 98 3 114 217 320 719
m 98 3 48 49 335 706
m 98 3 235 94 355 692
m 98 3 1856 28 363 571
m 98 3 96 137 376 597
m 98 3 600 85 426 721
m 98 3 610 27 431 598
m 98 3 220 10 478 656
m 98 3 110 0 720 1000
b 98 3 73 23
b 98 3 36 56
b 98 3 178 65
b 98 3 259 124
b 98 3 273 176
b 98 3 1 224
b 98 3 116 269
b 98 3 119 304
b 98 3 114 338
b 98 3 600 425
b 98 3 609 333
f 98 3 1 516
f 98 3 226 378
f 98 3 108 181
f 98 3 119 743
f 98 3 178 61
f 98 3 116 757
f 98 3 127 12
f 98 3 610 105
f 98 3 96 362
f 98 3 600 295
f 98 3 100 62
f 98 3 37 23
f 98 3 50 113
f 98 3 114 383
f 98 3 1854 69
f 98 3 256 12
f 98 3 90 19
f 98 3 123 41
f 98 3 259 11
h 98 2 693 453 10
s 98 2 185 16,16,16,16,42,44,237
s 98 2 133 16,16,16,16,16,42,44
c 98 2 41 872 17 462
c 98 2 36 882 54 470
c 98 2 178 723 62 453
c 98 2 259 968 138 456
c 98 2 1 799 171 478
c 98 2 273 833 202 508
m 98 2 244 61 149 405
m 98 2 1 799 171 478
m 98 2 273 833 202 508
m 98 2 1854 71 208 510
m 98 2 226 203 253 504
m 98 2 100 87 272 500
m 98 2 116 486 280 460
m 98 2 108 242 282 494
m 98 2 48 76 291 679
m 98 2 119 456 292 617
m 98 2 37 38 297 462
m 98 2 609 391 315 723
m 98 2 114 157 323 734
m 98 2 235 98 329 721
m 98 2 96 150 369 654
m 98 2 600 92 399 797
m 98 2 220 22 433 667
m 98 2 610 20 433 571
b 98 2 41 17
b 98 2 36 54
b 98 2 178 62
b 98 2 259 134
b 98 2 1 183
b 98 2 273 194
b 98 2 116 280
b 98 2 119 292
b 98 2 96 363
b 98 2 609 321
f 98 2 1 585
f 98 2 116 805
f 98 2 119 695
f 98 2 610 93
f 98 2 226 246
f 98 2 114 305
f 98 2 600 322
f 98 2 96 339
f 98 2 178 59
f 98 2 1854 51
f 98 2 180 178
f 98 2 235 203
f 98 2 100 59
f 98 2 36 25
f 98 2 254 17
f 98 2 108 195
f 98 2 123 59
f 98 2 206 17
f 98 2 259 34
f 98 2 41 59
f 98 2 37 34
f 98 2 190 17
h 99 3 1308 444 85
s 99 3 221 13,13,16,16,34
s 99 3 126 13,13,16,16,16,20
c 99 3 36 768 54 457
c 99 3 178 620 71 449
c 99 3 63 686 86 454
c 99 3 609 901 189 467
c 99 3 226 573 210 457
m 99 3 931 53 155 406
m 99 3 1854 339 162 459
m 99 3 609 901 189 467
m 99 3 127 165 193 426
m 99 3 108 343 196 462
m 99 3 226 573 210 457
m 99 3 154 464 259 567
m 99 3 1 43 279 607
m 99 3 123 33 305 628
m 99 3 116 327 310 477
m 99 3 1802 18 316 609
m 99 3 114 305 320 649
m 99 3 100 59 343 455
m 99 3 112 114 356 624
m 99 3 119 47 358 500
m 99 3 1856 21 368 429
m 99 3 48 24 371 562
m 99 3 225 37 379 688
m 99 3 208 24 399 645
m 99 3 96 15 417 684
m 99 3 156 6 438 750
m 99 3 610 24 455 500
m 99 3 220 9 493 500
m 99 3 603 4 514 800
m 99 3 1154 2 675 0
b 99 3 73 25
b 99 3 73 25
b 99 3 36 60
b 99 3 178 71
b 99 3 63 88
b 99 3 1854 160
b 99 3 609 185
b 99 3 226 213
b 99 3 162 233
b 99 3 154 266
b 99 3 116 333
f 99 3 63 555
f 99 3 226 613
f 99 3 108 294
f 99 3 114 576
f 99 3 100 71
f 99 3 37 38
f 99 3 162 17
f 99 3 1854 244
f 99 3 116 605
f 99 3 225 113
f 99 3 143 63
f 99 3 112 282
f 99 3 77 17
f 99 3 119 118
f 99 3 600 29
f 99 3 178 80
f 99 3 210 29
f 99 3 137 13
f 99 3 90 38
f 99 3 127 176
f 99 3 36 59
f 99 3 123 80
f 99 3 1 42
f 99 3 73 25
f 99 3 610 101
f 99 3 931 42
f 99 3 96 46
f 99 3 235 46
f 99 3 156 25
f 99 3 139 17
f 99 3 121 17
f 99 3 125 17
f 99 3 160 17
f 99 3 603 21
f 99 3 110 21
h 100 5 4228 482 52
s 100 5 514 16,16,34,43,44,237,1123
s 100 5 479 29,43,1123
c 100 5 214 683 79 482
c 100 5 36 689 84 493
c 100 5 1 916 193 505
m 100 5 180 96 128 539
m 100 5 50 100 131 526
m 100 5 1 916 193 505
m 100 5 1128 49 211 612
m 100 5 229 52 263 650
m 100 5 254 63 284 556
m 100 5 609 132 290 557
m 100 5 100 300 291 577
m 100 5 102 98 293 541
m 100 5 37 66 327 520
m 100 5 108 243 341 606
m 100 5 226 83 350 575
m 100 5 232 35 368 707
m 100 5 116 48 382 615
m 100 5 256 14 428 586
m 100 5 610 19 446 593
m 100 5 48 6 463 667
m 100 5 235 6 474 538
m 100 5 133 0 722 500
b 100 5 36 86
b 100 5 214 82
b 100 5 1 192
b 100 5 100 291
b 100 5 108 342
b 100 5 610 453
b 100 5 931 379
b 100 5 226 350
b 100 5 235 459
f 100 5 36 287
f 100 5 214 637
f 100 5 1 992
f 100 5 108 495
f 100 5 232 90
f 100 5 100 405
f 100 5 178 13
f 100 5 65 24
f 100 5 102 174
f 100 5 226 205
f 100 5 254 109
f 100 5 37 128
f 100 5 610 78
f 100 5 256 54
f 100 5 229 51
f 100 5 116 139
f 100 5 931 34
f 100 5 81 15
f 100 5 96 23
f 100 5 267 16
f 100 5 244 40
f 100 5 73 26
f 100 5 168 11
f 100 5 185 20
f 100 5 123 12
h 100 2 275 473 4
s 100 2 62 11,16,16,42,44
s 100 2 46 11,16,16,42,44,237
c 100 2 41 822 15 482
c 100 2 36 811 49 471
c 100 2 50 825 74 480
c 100 2 1 945 150 481
c 100 2 168 611 188 542
c 100 2 116 513 291 553
m 100 2 267 51 141 429
m 100 2 1 945 150 481
m 100 2 65 62 171 412
m 100 2 168 611 188 542
m 100 2 252 196 231 611
m 100 2 108 251 275 420
m 100 2 939 131 279 722
m 100 2 100 73 280 400
m 100 2 116 513 291 553
m 100 2 149 44 308 583
m 100 2 249 76 319 619
m 100 2 123 29 334 875
m 100 2 112 51 341 786
m 100 2 235 69 346 474
m 100 2 48 29 366 875
m 100 2 114 36 394 700
m 100 2 133 22 423 667
m 100 2 603 18 442 800
m 100 2 600 11 443 333
m 100 2 256 11 460 333
m 100 2 610 11 460 667
m 100 2 135 7 460 500
b 100 2 41 13
b 100 2 36 44
b 100 2 50 73
b 100 2 1 149
b 100 2 168 180
b 100 2 116 280
b 100 2 152 303
b 100 2 249 325
b 100 2 235 320
b 100 2 603 428
f 100 2 50 674
f 100 2 108 465
f 100 2 116 884
f 100 2 604 23
f 100 2 256 70
f 100 2 1 837
f 100 2 232 47
f 100 2 267 70
f 100 2 226 23
f 100 2 235 186
f 100 2 145 70
f 100 2 154 47
f 100 2 36 93
f 100 2 168 605
f 100 2 939 140
f 100 2 112 140
f 100 2 208 23
f 100 2 252 93
f 100 2 610 47
f 100 2 603 93
f 100 2 135 47
f 100 2 98 23
f 100 2 600 47
f 100 2 178 47
f 100 2 141 70
f 100 2 65 47
f 100 2 225 70
f 100 2 100 47
f 100 2 123 23
f 100 2 114 93
f 100 2 133 23
f 100 2 119 23
f 100 2 152 23
h 100 3 319 464 4
s 100 3 36 11,13,16,16,20,44
s 100 3 21 13,13,16,16,34
c 100 3 36 699 44 444
c 100 3 50 643 77 493
c 100 3 1 918 164 468
m 100 3 244 150 139 438
m 100 3 65 82 154 346
m 100 3 1 918 164 468
m 100 3 168 404 203 481
m 100 3 252 216 211 536
m 100 3 108 357 276 518
m 100 3 226 53 278 824
m 100 3 939 119 287 658
m 100 3 116 401 308 484
m 100 3 100 78 314 640
m 100 3 235 53 345 765
m 100 3 249 56 360 667
m 100 3 609 66 374 667
m 100 3 123 34 392 636
m 100 3 112 53 395 706
m 100 3 610 16 404 600
m 100 3 135 13 410 750
m 100 3 48 13 432 750
m 100 3 247 13 440 750
m 100 3 603 13 462 750
m 100 3 600 16 472 200
m 100 3 208 6 495 1000
m 100 3 1154 3 550 0
m 100 3 96 3 590 0
m 100 3 220 3 670 1000
b 100 3 73 25
b 100 3 36 47
b 100 3 50 73
b 100 3 1 158
b 100 3 168 210
b 100 3 116 311
b 100 3 152 347
b 100 3 249 357
f 100 3 1 855
f 100 3 116 645
f 100 3 939 242
f 100 3 247 48
f 100 3 208 16
f 100 3 50 548
f 100 3 168 290
f 100 3 123 113
f 100 3 108 516
f 100 3 1854 16
f 100 3 235 113
f 100 3 114 48
f 100 3 112 194
f 100 3 152 113
f 100 3 158 48
f 100 3 135 48
f 100 3 232 65
f 100 3 596 16
f 100 3 100 65
f 100 3 178 81
f 100 3 226 113
f 100 3 98 16
f 100 3 156 32
f 100 3 603 65
f 100 3 151 32
f 100 3 145 32
f 100 3 65 113
f 100 3 610 65
f 100 3 600 65
f 100 3 252 81
f 100 3 75 32
f 100 3 36 48
f 100 3 256 16
f 100 3 37 48
f 100 3 133 16
f 100 3 73 32
f 100 3 225 32
f 100 3 223 16
f 100 3 147 16
f 100 3 81 32
f 100 3 102 16
f 100 3 139 16
f 100 3 96 16
f 100 3 141 32
f 100 3 92 16
f 100 3 166 16
f 100 3 119 16
h 100 4 2939 507 38
s 100 4 745 29,42,43,1123
s 100 4 295 16,16,34,43,44,1123
c 100 4 214 669 71 509
c 100 4 36 640 82 515
c 100 4 1 974 186 515
m 100 4 1 974 186 515
m 100 4 100 342 284 622
m 100 4 254 50 287 490
m 100 4 609 127 291 556
m 100 4 102 95 293 608
m 100 4 37 73 324 561
m 100 4 108 297 332 626
m 100 4 226 68 347 623
m 100 4 232 54 355 694
m 100 4 116 73 361 579
m 100 4 256 13 408 676
m 100 4 48 9 437 720
m 100 4 610 18 439 660
m 100 4 96 7 467 714
b 100 4 36 82
b 100 4 214 75
b 100 4 1 185
b 100 4 100 285
b 100 4 609 293
b 100 4 108 335
b 100 4 232 368
b 100 4 116 365
b 100 4 931 363
b 100 4 610 450
f 100 4 214 632
f 100 4 1 994
f 100 4 108 561
f 100 4 226 166
f 100 4 36 284
f 100 4 254 79
f 100 4 102 151
f 100 4 100 436
f 100 4 178 17
f 100 4 210 21
f 100 4 229 47
f 100 4 931 39
f 100 4 81 13
f 100 4 96 32
f 100 4 610 65
f 100 4 232 110
f 100 4 256 36
f 100 4 168 21
f 100 4 116 179
f 100 4 37 127
f 100 4 244 60
f 100 4 90 19
f 100 4 185 15
f 100 4 73 21
f 100 4 65 26
f 100 4 152 17
f 100 4 267 22
h 101 4 2103 417 63
s 101 4 298 15,16,16,20,43,44,1123
s 101 4 130 15,20,42,43,44,1123
c 101 4 180 539 127 449
m 101 4 180 539 127 449
m 101 4 244 179 134 420
m 101 4 206 454 193 473
m 101 4 259 215 225 528
m 101 4 609 254 231 369
m 101 4 232 56 250 547
m 101 4 254 155 255 446
m 101 4 102 81 257 376
m 101 4 1 174 257 612
m 101 4 37 192 257 377
m 101 4 100 77 261 453
m 101 4 1802 54 294 566
m 101 4 108 67 310 539
m 101 4 256 23 343 646
m 101 4 96 67 351 614
b 101 4 77 42
b 101 4 77 42
b 101 4 36 85
b 101 4 180 127
b 101 4 206 207
b 101 4 609 238
b 101 4 100 275
f 101 4 77 603
f 101 4 254 381
f 101 4 96 286
f 101 4 36 111
f 101 4 206 452
f 101 4 37 206
f 101 4 180 444
f 101 4 102 214
f 101 4 610 24
f 101 4 223 32
f 101 4 1 294
f 101 4 256 87
f 101 4 259 111
f 101 4 152 16
f 101 4 232 95
f 101 4 100 119
f 101 4 108 119
f 101 4 1852 40
f 101 4 1802 24
f 101 4 229 32
f 101 4 226 71
f 101 4 267 16
f 101 4 244 16
f 101 4 123 16
h 101 2 821 480 12
s 101 2 297 15,15,15,20,42
s 101 2 137 15,16,20,20,42,44
c 101 2 77 661 26 499
c 101 2 259 867 152 497
c 101 2 609 907 178 479
c 101 2 48 533 211 605
m 101 2 244 119 120 459
m 101 2 609 907 178 479
m 101 2 48 533 211 605
m 101 2 273 474 237 550
m 101 2 1 499 259 566
m 101 2 108 389 298 539
m 101 2 100 44 301 500
m 101 2 277 51 309 571
m 101 2 96 389 337 561
m 101 2 152 83 354 382
m 101 2 235 46 376 737
m 101 2 176 132 378 667
m 101 2 116 21 379 412
m 101 2 1466 32 389 615
m 101 2 610 16 438 462
m 101 2 220 35 457 621
m 101 2 604 18 474 667
b 101 2 77 25
b 101 2 77 25
b 101 2 77 25
b 101 2 259 151
b 101 2 609 175
b 101 2 48 211
b 101 2 108 307
b 101 2 96 347
b 101 2 1 263
b 101 2 256 323
f 101 2 206 420
f 101 2 48 586
f 101 2 1 586
f 101 2 96 765
f 101 2 259 228
f 101 2 37 302
f 101 2 108 469
f 101 2 152 173
f 101 2 36 37
f 101 2 77 142
f 101 2 223 49
f 101 2 232 49
f 101 2 100 31
f 101 2 116 56
f 101 2 123 49
f 101 2 256 31
f 101 2 604 74
f 101 2 610 56
f 101 2 119 19
f 101 2 1808 12
f 101 2 102 25
f 101 2 204 12
f 101 2 41 12
h 101 5 1457 473 22
s 101 5 113 15,16,16,20,43,44,1123
s 101 5 69 15,15,20,44,1123
m 101 5 180 500 125 475
m 101 5 244 163 134 496
m 101 5 214 65 140 585
m 101 5 206 469 190 495
m 101 5 609 489 242 495
m 101 5 254 172 260 502
m 101 5 102 87 266 488
m 101 5 232 65 276 532
m 101 5 100 69 280 530
m 101 5 1 233 287 540
m 101 5 273 69 330 634
m 101 5 1802 89 335 546
m 101 5 108 207 337 605
m 101 5 277 25 353 703
m 101 5 48 78 358 632
m 101 5 256 40 369 672
m 101 5 96 140 390 637
m 101 5 176 25 399 676
m 101 5 152 19 410 571
m 101 5 220 6 480 556
b 101 5 77 44
b 101 5 77 44
b 101 5 180 125
b 101 5 206 190
b 101 5 609 241
b 101 5 259 240
b 101 5 273 330
b 101 5 176 399
f 101 5 77 399
f 101 5 206 419
f 101 5 1 373
f 101 5 96 403
f 101 5 108 399
f 101 5 37 485
f 101 5 259 224
f 101 5 102 116
f 101 5 254 238
f 101 5 180 469
f 101 5 232 99
f 101 5 100 89
f 101 5 152 66
f 101 5 256 116
f 101 5 226 33
f 101 5 36 73
f 101 5 223 30
f 101 5 610 23
f 101 5 123 13
f 101 5 1802 30
f 101 5 244 26
h 102 5 1076 512 70
s 102 5 133 16,16,34,43,44,188,1123
s 102 5 113 16,16,34,43,44,1123
c 102 5 36 883 96 516
c 102 5 180 873 121 520
c 102 5 269 647 222 560
m 102 5 180 873 121 520
m 102 5 214 110 122 525
m 102 5 244 413 141 543
m 102 5 1128 170 215 552
m 102 5 269 647 222 560
m 102 5 79 178 244 594
m 102 5 229 167 253 572
m 102 5 254 106 258 482
m 102 5 232 112 288 600
m 102 5 102 38 299 415
m 102 5 231 138 302 682
m 102 5 81 56 306 683
m 102 5 37 34 329 649
m 102 5 1 106 332 623
m 102 5 226 46 338 680
m 102 5 609 43 342 522
m 102 5 108 296 348 638
m 102 5 1802 17 407 778
m 102 5 110 17 502 611
m 102 5 610 3 520 667
m 102 5 220 2 620 1000
b 102 5 36 98
b 102 5 180 121
b 102 5 269 223
b 102 5 1128 231
b 102 5 229 269
b 102 5 108 357
b 102 5 1 338
f 102 5 180 624
f 102 5 36 73
f 102 5 108 782
f 102 5 232 206
f 102 5 229 188
f 102 5 37 67
f 102 5 254 188
f 102 5 269 770
f 102 5 226 115
f 102 5 119 12
f 102 5 81 91
f 102 5 244 133
f 102 5 178 12
f 102 5 1 224
f 102 5 102 67
f 102 5 185 30
f 102 5 96 18
f 102 5 65 18
f 102 5 610 12
f 102 5 90 36
f 102 5 110 103
f 102 5 100 24
h 102 3 132 523 13
s 102 3 29 11,16,20,34,44
s 102 3 10 16,16,16,20,20,44
c 102 3 77 530 28 529
c 102 3 36 894 44 517
c 102 3 50 947 70 512
c 102 3 137 667 179 568
c 102 3 1 939 249 524
c 102 3 98 545 279 528
m 102 3 174 68 143 556
m 102 3 127 61 170 500
m 102 3 137 667 179 568
m 102 3 252 333 226 432
m 102 3 1 939 249 524
m 102 3 147 379 272 560
m 102 3 939 288 275 447
m 102 3 119 38 318 600
m 102 3 1802 38 338 800
m 102 3 250 326 347 581
m 102 3 116 53 347 429
m 102 3 112 61 350 625
m 102 3 609 167 352 636
m 102 3 160 45 368 667
m 102 3 108 121 379 438
m 102 3 225 152 381 250
m 102 3 208 98 403 538
m 102 3 96 15 430 1000
m 102 3 600 38 452 200
m 102 3 135 23 460 333
m 102 3 1154 8 520 0
m 102 3 141 8 520 1000
m 102 3 603 15 545 500
b 102 3 77 32
b 102 3 36 40
b 102 3 50 70
b 102 3 137 177
b 102 3 1 230
b 102 3 98 297
b 102 3 250 336
b 102 3 252 354
b 102 3 225 386
b 102 3 939 383
b 102 3 147 302
b 102 3 600 530
b 102 3 609 555
f 102 3 50 875
f 102 3 225 250
f 102 3 939 425
f 102 3 147 525
f 102 3 600 100
f 102 3 1 750
f 102 3 137 525
f 102 3 269 50
f 102 3 108 200
f 102 3 143 150
f 102 3 98 100
f 102 3 36 50
f 102 3 158 50
f 102 3 112 100
f 102 3 569 25
f 102 3 154 25
f 102 3 116 50
f 102 3 174 50
f 102 3 226 25
f 102 3 119 25
f 102 3 603 50
f 102 3 127 75
f 102 3 160 100
f 102 3 141 25
f 102 3 598 25
f 102 3 73 25
f 102 3 110 25
f 102 3 139 25
f 102 3 1856 25
f 102 3 65 25
f 102 3 135 50
f 102 3 96 25
f 102 3 235 25
h 103 5 592 583 55
s 103 5 161 29,43,1123
s 103 5 134 29,42,44
c 103 5 214 676 62 580
m 103 5 178 128 120 539
m 103 5 50 265 144 611
m 103 5 1852 105 154 629
m 103 5 185 400 200 620
m 103 5 88 83 208 612
m 103 5 1128 159 209 649
m 103 5 100 397 234 626
m 103 5 229 171 250 673
m 103 5 254 78 285 609
m 103 5 102 120 290 507
m 103 5 172 52 295 710
m 103 5 609 395 304 607
m 103 5 931 132 310 744
m 103 5 1466 140 324 759
m 103 5 108 240 326 606
m 103 5 226 68 336 750
m 103 5 81 74 344 773
m 103 5 1802 32 386 579
m 103 5 119 22 398 692
m 103 5 143 10 422 1000
m 103 5 96 8 438 400
m 103 5 610 22 440 846
m 103 5 110 20 451 667
m 103 5 141 12 457 714
m 103 5 1856 10 458 833
m 103 5 225 8 470 800
m 103 5 48 7 495 750
m 103 5 249 3 525 500
m 103 5 112 3 615 500
m 103 5 168 2 640 1000
m 103 5 116 2 640 0
m 103 5 1858 2 640 0
m 103 5 263 2 640 0
b 103 5 36 99
b 103 5 214 62
b 103 5 100 227
b 103 5 185 185
b 103 5 931 310
f 103 5 214 378
f 103 5 244 148
f 103 5 36 156
f 103 5 100 363
f 103 5 226 148
f 103 5 110 59
f 103 5 96 37
f 103 5 256 59
f 103 5 610 67
f 103 5 931 230
f 103 5 108 400
f 103 5 1852 96
f 103 5 254 104
f 103 5 259 15
f 103 5 1854 15
f 103 5 185 200
f 103 5 90 30
f 103 5 252 52
f 103 5 178 67
f 103 5 206 30
f 103 5 127 44
f 103 5 65 37
f 103 5 149 81
f 103 5 229 178
f 103 5 81 74
f 103 5 102 170
f 103 5 119 52
f 103 5 1802 22
f 103 5 223 15
f 103 5 37 81
f 103 5 143 22
f 103 5 225 30
f 103 5 112 15
f 103 5 135 15
f 103 5 249 15
f 103 5 1 30
h 103 3 309 531 25
s 103 3 37 11,13,16,16,20,44
s 103 3 30 11,16,16,44,240
c 103 3 50 968 64 532
c 103 3 26 663 118 517
c 103 3 172 773 148 531
c 103 3 108 906 202 557
c 103 3 609 819 238 538
m 103 3 65 65 138 400
m 103 3 172 773 148 531
m 103 3 569 52 155 500
m 103 3 108 906 202 557
m 103 3 252 350 224 574
m 103 3 609 819 238 538
m 103 3 127 155 266 625
m 103 3 939 214 332 621
m 103 3 911 133 338 537
m 103 3 154 36 364 545
m 103 3 225 123 371 605
m 103 3 112 52 404 688
m 103 3 141 159 409 551
m 103 3 135 71 430 636
m 103 3 208 23 437 857
m 103 3 48 6 460 1000
m 103 3 156 6 510 500
m 103 3 220 3 680 0
b 103 3 50 66
b 103 3 26 114
b 103 3 172 137
b 103 3 178 105
b 103 3 108 201
b 103 3 609 238
b 103 3 252 266
b 103 3 939 342
b 103 3 149 321
b 103 3 141 411
f 103 3 50 949
f 103 3 108 808
f 103 3 939 436
f 103 3 149 154
f 103 3 244 38
f 103 3 225 308
f 103 3 569 26
f 103 3 143 154
f 103 3 127 205
f 103 3 154 64
f 103 3 135 205
f 103 3 156 26
f 103 3 1 51
f 103 3 73 115
f 103 3 112 90
f 103 3 81 26
f 103 3 36 38
f 103 3 98 13
f 103 3 26 13
f 103 3 133 13
f 103 3 65 26
f 103 3 116 38
f 103 3 119 13
f 103 3 226 38
f 103 3 249 26
f 103 3 252 26
f 103 3 123 13
f 103 3 1097 13
f 103 3 247 26
f 103 3 931 13
f 103 3 75 13
f 103 3 110 13
f 103 3 100 26
f 103 3 96 13
f 103 3 90 13
h 104 3 6363 513 93
s 104 3 1587 11,13,16,16,20,44
s 104 3 548 13,13,16,16,34
c 104 3 73 599 21 528
c 104 3 36 711 51 526
c 104 3 50 946 70 516
c 104 3 1 975 149 522
c 104 3 127 899 155 524
c 104 3 116 676 274 571
m 104 3 1 975 149 522
m 104 3 127 899 155 524
m 104 3 252 113 256 633
m 104 3 116 676 274 571
m 104 3 609 241 297 591
m 104 3 108 161 309 665
m 104 3 939 85 317 652
m 104 3 112 159 355 691
m 104 3 135 34 358 595
m 104 3 141 46 364 681
m 104 3 249 41 371 619
m 104 3 225 63 372 556
m 104 3 48 19 378 593
m 104 3 220 4 473 609
m 104 3 600 11 489 606
m 104 3 603 6 498 650
m 104 3 133 0 820 1000
b 104 3 73 22
b 104 3 73 22
b 104 3 36 51
b 104 3 50 70
b 104 3 1 148
b 104 3 127 152
b 104 3 116 272
b 104 3 609 303
b 104 3 112 361
b 104 3 252 309
b 104 3 939 345
f 104 3 127 861
f 104 3 1 913
f 104 3 50 862
f 104 3 116 921
f 104 3 108 214
f 104 3 939 140
f 104 3 152 138
f 104 3 123 38
f 104 3 112 354
f 104 3 168 18
f 104 3 158 11
f 104 3 600 49
f 104 3 73 59
f 104 3 178 58
f 104 3 225 181
f 104 3 174 32
f 104 3 135 88
f 104 3 36 71
f 104 3 210 42
f 104 3 252 10
f 104 3 603 34
f 104 3 256 10
f 104 3 156 22
f 104 3 100 13
f 104 3 235 20
f 104 3 151 10
f 104 3 149 34
f 104 3 1854 10
f 104 3 226 11
f 104 3 102 21
f 104 3 98 23
h 104 2 156 436 3
s 104 2 25 11,13,16,16,20,42,44
s 104 2 17 11,16,16,16,42,44,237
c 104 2 36 571 59 449
c 104 2 50 808 76 452
c 104 2 1 936 137 459
c 104 2 127 808 173 444
c 104 2 116 583 273 451
m 104 2 1 936 137 459
m 104 2 127 808 173 444
m 104 2 252 160 254 440
m 104 2 116 583 273 451
m 104 2 98 32 308 800
m 104 2 939 141 310 500
m 104 2 609 154 310 458
m 104 2 102 51 314 125
m 104 2 108 103 314 625
m 104 2 174 38 315 500
m 104 2 249 64 347 400
m 104 2 112 77 361 667
m 104 2 48 26 362 250
m 104 2 135 77 373 250
m 104 2 141 77 382 583
m 104 2 225 45 397 571
m 104 2 600 6 540 1000
b 104 2 41 17
b 104 2 36 60
b 104 2 50 80
b 104 2 1 133
b 104 2 127 179
b 104 2 116 279
b 104 2 135 450
f 104 2 36 33
f 104 2 50 633
f 104 2 1 967
f 104 2 127 767
f 104 2 116 800
f 104 2 108 133
f 104 2 210 33
f 104 2 112 233
f 104 2 135 133
f 104 2 939 267
f 104 2 600 33
f 104 2 168 33
f 104 2 225 167
f 104 2 98 67
f 104 2 152 267
f 104 2 77 33
f 104 2 156 33
f 104 2 102 33
f 104 2 154 33
f 104 2 174 67
f 104 2 123 67
f 104 2 235 33
f 104 2 73 33
f 104 2 149 33
f 104 2 100 33
f 104 2 1107 33
f 104 2 104 33
h 105 4 4128 436 55
s 105 4 727 16,16,34,42,43,44,237,1123
s 105 4 354 29,42,43,1123
c 105 4 214 715 66 419
c 105 4 36 561 77 459
c 105 4 232 609 183 420
m 105 4 1852 91 148 493
m 105 4 232 609 183 420
m 105 4 254 172 243 445
m 105 4 100 173 245 496
m 105 4 102 120 253 499
m 105 4 37 107 270 446
m 105 4 1 61 279 514
m 105 4 277 90 287 587
m 105 4 108 166 287 504
m 105 4 609 42 291 431
m 105 4 226 48 310 624
m 105 4 96 98 326 531
m 105 4 235 64 330 564
m 105 4 116 28 335 609
m 105 4 256 10 383 558
m 105 4 610 19 388 571
b 105 4 36 76
b 105 4 214 68
b 105 4 232 186
b 105 4 259 238
b 105 4 277 285
b 105 4 170 283
f 105 4 214 547
f 105 4 178 212
f 105 4 232 549
f 105 4 96 256
f 105 4 77 41
f 105 4 254 282
f 105 4 259 67
f 105 4 226 142
f 105 4 100 223
f 105 4 1 122
f 105 4 116 80
f 105 4 90 44
f 105 4 108 339
f 105 4 102 212
f 105 4 37 117
f 105 4 610 98
f 105 4 256 60
f 105 4 36 174
f 105 4 73 10
f 105 4 931 34
f 105 4 229 41
f 105 4 244 34
f 105 4 119 18
f 105 4 223 18
f 105 4 206 10
f 105 4 65 16
f 105 4 123 13
f 105 4 1854 70
f 105 4 81 13
f 105 4 267 18
h 105 2 437 449 3
s 105 2 270 29,42
s 105 2 17 29,42,214
c 105 2 214 934 15 446
c 105 2 232 842 90 429
c 105 2 259 803 158 470
c 105 2 277 627 223 493
c 105 2 1 581 232 496
c 105 2 96 737 250 472
m 105 2 108 142 217 548
m 105 2 277 627 223 493
m 105 2 1 581 232 496
m 105 2 96 737 250 472
m 105 2 121 76 263 697
m 105 2 100 46 279 300
m 105 2 176 330 326 535
m 105 2 235 92 327 600
m 105 2 116 309 329 430
m 105 2 48 59 330 423
m 105 2 609 300 342 481
m 105 2 201 16 373 429
m 105 2 203 21 401 333
m 105 2 204 25 415 545
m 105 2 202 21 422 333
m 105 2 220 25 481 545
m 105 2 610 9 490 500
m 105 2 604 9 515 250
m 105 2 160 2 770 1000
m 105 2 263 2 770 1000
m 105 2 135 2 810 1000
b 105 2 214 12
b 105 2 232 85
b 105 2 259 149
b 105 2 277 223
b 105 2 1 243
b 105 2 96 253
b 105 2 116 362
b 105 2 609 334
b 105 2 108 350
f 105 2 235 175
f 105 2 116 660
f 105 2 610 39
f 105 2 214 437
f 105 2 232 767
f 105 2 259 39
f 105 2 96 903
f 105 2 1 592
f 105 2 203 19
f 105 2 108 107
f 105 2 104 19
f 105 2 37 58
f 105 2 100 39
f 105 2 204 78
f 105 2 223 29
f 105 2 256 29
f 105 2 98 29
f 105 2 604 39
f 105 2 119 58
f 105 2 600 19
h 105 5 3542 481 39
s 105 5 582 16,16,34,43,44,237,1123
s 105 5 187 16,16,20,42,43,44,188,237,1123
c 105 5 214 588 72 473
c 105 5 36 641 75 504
c 105 5 232 528 195 502
m 105 5 1852 79 157 564
m 105 5 1128 58 193 603
m 105 5 232 528 195 502
m 105 5 1854 70 225 593
m 105 5 229 59 229 625
m 105 5 254 217 239 482
m 105 5 100 182 249 555
m 105 5 102 145 262 524
m 105 5 231 52 267 670
m 105 5 37 117 285 530
m 105 5 1 45 297 606
m 105 5 108 155 301 553
m 105 5 277 85 309 607
m 105 5 609 46 320 481
m 105 5 226 56 321 599
m 105 5 96 132 335 568
m 105 5 235 69 336 537
m 105 5 116 23 357 524
m 105 5 256 14 403 571
m 105 5 610 20 409 620
m 105 5 1858 1 580 500
b 105 5 36 70
b 105 5 214 74
b 105 5 178 109
b 105 5 232 191
b 105 5 100 265
b 105 5 108 323
b 105 5 610 386
f 105 5 36 180
f 105 5 214 513
f 105 5 178 186
f 105 5 108 296
f 105 5 259 79
f 105 5 256 58
f 105 5 96 298
f 105 5 610 79
f 105 5 73 17
f 105 5 232 501
f 105 5 100 188
f 105 5 226 128
f 105 5 1 81
f 105 5 254 257
f 105 5 37 135
f 105 5 102 209
f 105 5 931 10
f 105 5 116 72
f 105 5 1854 89
f 105 5 119 14
f 105 5 77 19
f 105 5 229 72
f 105 5 223 17
f 105 5 123 25
f 105 5 81 25
f 105 5 65 12
f 105 5 244 21
f 105 5 90 39
f 105 5 206 14
f 105 5 1802 17
h 106 2 12100 513 95
s 106 2 8088 16,16,16,16,42,44,237
s 106 2 1756 11,16,16,16,42,44,237
c 106 2 41 996 15 514
c 106 2 36 940 53 520
c 106 2 92 910 77 520
c 106 2 50 911 90 521
c 106 2 267 873 128 526
c 106 2 259 611 205 567
c 106 2 609 835 221 566
c 106 2 108 557 306 623
m 106 2 267 873 128 526
m 106 2 244 125 132 499
m 106 2 598 309 182 548
m 106 2 609 835 221 566
m 106 2 100 78 231 472
m 106 2 116 500 274 503
m 106 2 273 295 304 650
m 106 2 108 557 306 623
m 106 2 48 44 313 544
m 106 2 123 59 339 623
m 106 2 119 231 348 641
m 106 2 1856 14 382 575
m 106 2 160 26 399 660
m 106 2 235 39 402 685
m 106 2 225 10 424 568
m 106 2 256 13 437 540
m 106 2 110 47 446 618
m 106 2 96 7 456 488
m 106 2 610 6 476 609
m 106 2 133 5 492 651
m 106 2 220 5 518 677
b 106 2 41 15
b 106 2 36 50
b 106 2 92 75
b 106 2 267 125
b 106 2 50 88
b 106 2 259 206
b 106 2 609 212
b 106 2 116 280
b 106 2 108 305
b 106 2 273 316
b 106 2 119 360
b 106 2 26 440
b 106 2 110 445
f 106 2 50 752
f 106 2 267 661
f 106 2 116 771
f 106 2 108 671
f 106 2 119 523
f 106 2 123 133
f 106 2 100 78
f 106 2 110 185
f 106 2 225 35
f 106 2 96 31
f 106 2 36 49
f 106 2 598 291
f 106 2 41 116
f 106 2 226 36
f 106 2 223 10
f 106 2 259 139
f 106 2 256 50
f 106 2 160 80
f 106 2 133 18
f 106 2 127 11
f 106 2 610 26
f 106 2 137 33
f 106 2 37 21
f 106 2 147 20
h 107 2 4116 528 52
s 107 2 2412 16,16,16,16,42,44,237
s 107 2 957 16,16,16,16,16,42,44
c 107 2 41 993 14 528
c 107 2 36 927 48 535
c 107 2 92 953 67 531
c 107 2 63 844 103 543
c 107 2 267 920 124 537
c 107 2 259 686 200 563
c 107 2 116 760 239 551
m 107 2 267 920 124 537
m 107 2 116 760 239 551
m 107 2 273 390 286 623
m 107 2 100 39 290 581
m 107 2 1 54 307 576
m 107 2 119 404 318 635
m 107 2 108 99 342 586
m 107 2 235 145 350 676
m 107 2 121 154 363 687
m 107 2 123 23 371 624
m 107 2 609 99 372 674
m 107 2 1856 57 375 662
m 107 2 48 19 397 623
m 107 2 114 28 397 652
m 107 2 96 14 422 500
m 107 2 256 20 429 536
m 107 2 110 26 458 519
m 107 2 610 7 465 467
m 107 2 600 5 500 619
m 107 2 220 4 523 375
m 107 2 133 2 539 111
b 107 2 41 14
b 107 2 36 46
b 107 2 92 67
b 107 2 267 123
b 107 2 63 102
b 107 2 259 209
b 107 2 116 238
b 107 2 273 299
b 107 2 119 327
b 107 2 190 327
b 107 2 121 377
b 107 2 1 374
b 107 2 600 488
f 107 2 267 742
f 107 2 1 67
f 107 2 232 22
f 107 2 108 170
f 107 2 100 42
f 107 2 1854 13
f 107 2 63 493
f 107 2 116 935
f 107 2 226 60
f 107 2 123 54
f 107 2 41 56
f 107 2 259 144
f 107 2 190 47
f 107 2 127 40
f 107 2 96 48
f 107 2 114 77
f 107 2 223 29
f 107 2 610 30
f 107 2 37 84
f 107 2 110 106
f 107 2 36 36
f 107 2 119 713
f 107 2 256 66
f 107 2 65 19
f 107 2 600 24
h 107 3 838 532 11
s 107 3 83 13,13,16,16,16,20
s 107 3 68 16,16,16,20,34,237
c 107 3 92 884 49 541
c 107 3 36 792 54 550
c 107 3 63 790 101 554
c 107 3 267 795 125 554
c 107 3 259 554 206 582
c 107 3 116 674 249 556
m 107 3 267 795 125 554
m 107 3 244 86 143 375
m 107 3 127 81 175 485
m 107 3 232 95 202 600
m 107 3 100 78 242 431
m 107 3 116 674 249 556
m 107 3 1 141 250 559
m 107 3 273 353 288 652
m 107 3 226 58 302 490
m 107 3 119 407 317 633
m 107 3 609 177 354 547
m 107 3 108 125 356 552
m 107 3 1856 55 361 630
m 107 3 121 94 361 684
m 107 3 235 146 367 689
m 107 3 114 26 372 773
m 107 3 48 26 377 455
m 107 3 256 17 403 286
m 107 3 96 25 420 524
m 107 3 610 11 450 444
m 107 3 600 12 485 700
m 107 3 110 8 507 429
m 107 3 220 4 533 333
b 107 3 36 46
b 107 3 92 45
b 107 3 63 103
b 107 3 267 122
b 107 3 116 244
b 107 3 259 219
b 107 3 273 301
b 107 3 119 335
b 107 3 104 325
b 107 3 201 405
b 107 3 202 450
f 107 3 267 602
f 107 3 116 812
f 107 3 259 127
f 107 3 119 635
f 107 3 256 50
f 107 3 63 586
f 107 3 235 337
f 107 3 108 254
f 107 3 100 88
f 107 3 226 122
f 107 3 610 44
f 107 3 1 166
f 107 3 127 77
f 107 3 123 44
f 107 3 96 77
f 107 3 37 83
f 107 3 232 122
f 107 3 114 61
f 107 3 36 33
f 107 3 208 11
f 107 3 600 50
f 107 3 110 28
f 107 3 92 17
f 107 3 73 33
f 107 3 190 22
f 107 3 65 11
f 107 3 223 11
f 107 3 178 17
f 107 3 1854 33
h 107 4 2082 547 30
s 107 4 425 29,42,43,1123
s 107 4 234 16,20,34,42,43,44,1123
c 107 4 92 858 60 555
c 107 4 232 692 227 578
c 107 4 1 663 255 600
m 107 4 244 312 137 545
m 107 4 1852 261 146 574
m 107 4 267 468 160 561
m 107 4 232 692 227 578
m 107 4 1 663 255 600
m 107 4 259 55 266 583
m 107 4 100 213 270 604
m 107 4 609 479 286 573
m 107 4 226 52 334 639
m 107 4 116 154 345 559
m 107 4 108 185 379 618
m 107 4 119 29 384 700
m 107 4 256 36 416 595
m 107 4 1856 13 419 519
m 107 4 96 18 446 632
m 107 4 48 23 449 745
m 107 4 610 10 455 524
b 107 4 36 96
b 107 4 92 59
b 107 4 1852 146
b 107 4 232 234
b 107 4 1 259
b 107 4 609 293
b 107 4 108 387
b 107 4 609 293
f 107 4 267 446
f 107 4 259 22
f 107 4 1 721
f 107 4 116 315
f 107 4 29 348
f 107 4 232 723
f 107 4 108 408
f 107 4 65 16
f 107 4 610 42
f 107 4 254 53
f 107 4 256 106
f 107 4 37 202
f 107 4 100 279
f 107 4 36 111
f 107 4 226 93
f 107 4 119 69
f 107 4 102 24
f 107 4 96 69
f 107 4 73 18
f 107 4 127 24
f 107 4 92 55
f 107 4 190 18
f 107 4 123 18
f 107 4 244 18
f 107 4 90 16
h 107 5 327 538 5
s 107 5 34 16,16,34,42,43,44,237,1123
s 107 5 24 16,20,34,43,44,1123
c 107 5 92 731 61 552
c 107 5 36 587 85 542
c 107 5 232 780 215 545
c 107 5 1 728 255 550
c 107 5 609 563 280 554
m 107 5 1852 202 140 621
m 107 5 244 287 143 564
m 107 5 267 407 159 579
m 107 5 232 780 215 545
m 107 5 1 728 255 550
m 107 5 254 67 277 636
m 107 5 609 563 280 554
m 107 5 100 180 287 627
m 107 5 37 147 318 688
m 107 5 116 101 368 697
m 107 5 108 193 371 635
m 107 5 226 64 388 571
m 107 5 48 12 478 1000
m 107 5 256 31 480 400
b 107 5 92 61
b 107 5 214 165
b 107 5 36 94
b 107 5 267 161
b 107 5 232 249
b 107 5 1 273
b 107 5 609 305
b 107 5 226 425
f 107 5 36 164
f 107 5 267 448
f 107 5 232 791
f 107 5 931 15
f 107 5 29 358
f 107 5 108 507
f 107 5 1 716
f 107 5 226 164
f 107 5 259 30
f 107 5 100 254
f 107 5 127 60
f 107 5 73 45
f 107 5 102 15
f 107 5 116 254
f 107 5 254 90
f 107 5 256 119
f 107 5 37 149
f 107 5 96 15
f 107 5 92 90
f 107 5 1466 15
f 107 5 610 15
f 107 5 119 30
f 107 5 1854 15
f 107 5 190 30
f 107 5 223 15
f 107 5 90 15
h 108 3 3288 464 94
s 108 3 712 13,13,16,16,34
s 108 3 341 11,13,13,16,16,44
c 108 3 178 915 45 466
c 108 3 36 701 55 472
c 108 3 108 895 200 485
c 108 3 609 857 201 482
m 108 3 79 72 183 555
m 108 3 108 895 200 485
m 108 3 609 857 201 482
m 108 3 231 81 237 589
m 108 3 90 149 269 562
m 108 3 242 42 295 612
m 108 3 226 167 304 549
m 108 3 119 411 305 603
m 108 3 1466 215 306 591
m 108 3 100 55 321 586
m 108 3 116 209 344 507
m 108 3 235 98 382 675
m 108 3 1856 83 387 635
m 108 3 96 60 434 650
m 108 3 48 10 445 706
m 108 3 610 16 449 741
m 108 3 110 6 459 762
m 108 3 133 2 590 286
b 108 3 73 27
b 108 3 36 56
b 108 3 178 46
b 108 3 63 78
b 108 3 108 199
b 108 3 609 201
b 108 3 119 304
b 108 3 1856 393
b 108 3 116 346
b 108 3 235 388
b 108 3 610 476
b 108 3 96 434
b 108 3 110 458
f 108 3 108 863
f 108 3 119 644
f 108 3 63 379
f 108 3 116 450
f 108 3 96 201
f 108 3 110 21
f 108 3 100 67
f 108 3 112 25
f 108 3 90 202
f 108 3 178 307
f 108 3 226 283
f 108 3 37 153
f 108 3 121 22
f 108 3 114 36
f 108 3 206 140
f 108 3 610 56
f 108 3 36 69
f 108 3 1854 18
f 108 3 123 20
f 108 3 1 38
f 108 3 210 15
f 108 3 127 22
f 108 3 1802 13
f 108 3 73 39
f 108 3 939 11
f 108 3 102 14
h 109 1 7859 482 95
s 109 1 1685 11,16,16,34,44,237
s 109 1 1138 16,16,20,20,44,237
c 109 1 36 744 33 489
c 109 1 63 1000 57 482
c 109 1 596 833 76 493
c 109 1 170 995 122 484
c 109 1 147 954 172 495
c 109 1 609 852 183 502
c 109 1 236 827 204 513
c 109 1 160 621 282 564
m 109 1 147 954 172 495
m 109 1 609 852 183 502
m 109 1 160 621 282 564
m 109 1 263 360 289 560
m 109 1 139 287 302 596
m 109 1 116 266 344 467
m 109 1 250 61 345 507
m 109 1 123 21 349 596
m 109 1 135 102 350 507
m 109 1 249 37 352 419
m 109 1 1858 92 357 561
m 109 1 26 26 362 616
m 109 1 141 154 372 559
m 109 1 1097 29 381 557
m 109 1 1 44 390 470
m 109 1 108 10 399 474
m 109 1 156 63 401 602
m 109 1 603 45 450 558
m 109 1 48 5 473 581
m 109 1 133 8 496 492
m 109 1 220 4 557 588
m 109 1 247 2 580 538
b 109 1 36 32
b 109 1 63 56
b 109 1 596 76
b 109 1 170 122
b 109 1 147 171
b 109 1 609 186
b 109 1 236 207
b 109 1 160 284
b 109 1 263 300
b 109 1 149 346
b 109 1 141 379
b 109 1 139 329
b 109 1 156 412
f 109 1 160 885
f 109 1 116 614
f 109 1 139 462
f 109 1 603 210
f 109 1 225 23
f 109 1 135 253
f 109 1 156 200
f 109 1 63 408
f 109 1 236 64
f 109 1 149 29
f 109 1 108 13
f 109 1 1 46
f 109 1 123 51
f 109 1 596 31
f 109 1 96 18
f 109 1 133 19
h 110 4 2145 479 29
s 110 4 241 16,20,34,43,44,1123
s 110 4 151 16,16,34,43,44,237,1123
c 110 4 92 826 74 482
c 110 4 36 517 83 493
c 110 4 214 912 84 485
c 110 4 267 637 159 494
c 110 4 609 704 238 500
m 110 4 1852 98 150 427
m 110 4 267 637 159 494
m 110 4 609 704 238 500
m 110 4 100 242 244 514
m 110 4 119 358 287 587
m 110 4 37 69 293 500
m 110 4 226 90 305 588
m 110 4 1802 86 320 616
m 110 4 108 138 323 568
m 110 4 256 57 365 533
m 110 4 96 90 365 570
m 110 4 110 115 386 619
m 110 4 48 15 440 667
m 110 4 162 0 680 0
b 110 4 73 69
b 110 4 36 93
b 110 4 214 86
b 110 4 92 82
b 110 4 267 166
b 110 4 100 264
b 110 4 609 239
b 110 4 119 304
b 110 4 110 394
f 110 4 214 852
f 110 4 267 619
f 110 4 100 283
f 110 4 108 246
f 110 4 37 95
f 110 4 119 543
f 110 4 210 19
f 110 4 256 146
f 110 4 259 23
f 110 4 73 93
f 110 4 96 232
f 110 4 931 16
f 110 4 116 42
f 110 4 90 44
f 110 4 102 19
f 110 4 226 151
f 110 4 1802 12
f 110 4 123 30
f 110 4 110 318
f 110 4 36 139
f 110 4 610 19
f 110 4 65 30
f 110 4 223 49
f 110 4 244 16
f 110 4 1 39
f 110 4 254 19
f 110 4 229 19
f 110 4 81 16
f 110 4 92 42
f 110 4 206 12
f 110 4 232 35
f 110 4 190 12
f 110 4 1854 16
f 110 4 98 21
f 110 4 185 12
h 110 2 1329 550 18
s 110 2 256 13,16,16,20,42,44,237
s 110 2 122 13,16,16,16,20,42,44
c 110 2 92 818 53 557
c 110 2 214 573 68 561
c 110 2 267 767 107 564
c 110 2 119 769 214 594
c 110 2 609 808 227 578
m 110 2 98 193 149 549
m 110 2 137 68 203 511
m 110 2 223 146 204 711
m 110 2 119 769 214 594
m 110 2 609 808 227 578
m 110 2 48 160 242 596
m 110 2 100 127 251 562
m 110 2 37 77 285 490
m 110 2 116 175 287 592
m 110 2 114 36 301 688
m 110 2 273 38 323 580
m 110 2 110 340 335 659
m 110 2 108 123 343 634
m 110 2 123 32 343 674
m 110 2 96 147 356 569
m 110 2 235 18 361 750
m 110 2 256 34 365 533
m 110 2 610 8 461 600
m 110 2 220 15 468 600
m 110 2 247 1 660 0
b 110 2 73 19
b 110 2 73 19
b 110 2 92 52
b 110 2 214 68
b 110 2 267 106
b 110 2 119 211
b 110 2 609 229
b 110 2 259 236
b 110 2 223 238
b 110 2 110 341
b 110 2 116 304
b 110 2 96 380
f 110 2 73 127
f 110 2 98 123
f 110 2 119 924
f 110 2 96 419
f 110 2 110 703
f 110 2 267 619
f 110 2 100 144
f 110 2 37 81
f 110 2 137 93
f 110 2 214 441
f 110 2 226 42
f 110 2 256 119
f 110 2 610 30
f 110 2 108 237
f 110 2 36 102
f 110 2 65 34
f 110 2 116 275
f 110 2 123 59
f 110 2 151 17
f 110 2 90 21
f 110 2 1 38
f 110 2 259 47
f 110 2 114 51
f 110 2 600 17
f 110 2 232 21
f 110 2 223 114
f 110 2 92 21
f 110 2 190 13
h 110 3 1880 530 25
s 110 3 232 13,16,20,20,44
s 110 3 197 13,16,16,20,44,237
c 110 3 92 834 48 538
c 110 3 214 665 69 539
c 110 3 267 755 112 546
c 110 3 119 841 217 573
c 110 3 609 789 238 561
m 110 3 65 77 147 382
m 110 3 98 56 154 481
m 110 3 137 79 192 527
m 110 3 223 100 208 761
m 110 3 119 841 217 573
m 110 3 609 789 238 561
m 110 3 100 133 247 508
m 110 3 37 73 281 474
m 110 3 48 126 291 648
m 110 3 273 40 291 613
m 110 3 226 73 303 551
m 110 3 116 102 307 560
m 110 3 114 44 318 639
m 110 3 108 130 337 661
m 110 3 110 279 353 650
m 110 3 96 170 358 583
m 110 3 123 32 363 639
m 110 3 256 51 376 547
m 110 3 235 16 389 700
m 110 3 220 18 439 647
m 110 3 247 1 575 500
m 110 3 133 1 735 500
b 110 3 73 27
b 110 3 73 27
b 110 3 214 72
b 110 3 92 50
b 110 3 267 111
b 110 3 119 224
b 110 3 609 242
b 110 3 110 356
b 110 3 96 371
b 110 3 100 254
f 110 3 214 540
f 110 3 267 691
f 110 3 119 948
f 110 3 226 139
f 110 3 116 167
f 110 3 114 80
f 110 3 190 40
f 110 3 96 375
f 110 3 110 599
f 110 3 108 248
f 110 3 256 130
f 110 3 98 45
f 110 3 73 137
f 110 3 259 19
f 110 3 137 85
f 110 3 100 165
f 110 3 65 45
f 110 3 90 45
f 110 3 1854 26
f 110 3 244 12
f 110 3 223 78
f 110 3 37 35
f 110 3 123 80
f 110 3 610 28
f 110 3 36 61
f 110 3 931 12
f 110 3 232 24
f 110 3 1 31
h 110 5 1906 519 27
s 110 5 165 16,16,34,43,44,237,1123
s 110 5 125 16,20,34,43,44,1123
c 110 5 92 748 78 515
c 110 5 36 569 80 528
c 110 5 214 916 87 527
c 110 5 267 543 161 524
c 110 5 609 707 244 530
m 110 5 1852 111 150 531
m 110 5 267 543 161 524
m 110 5 229 54 204 650
m 110 5 100 269 236 514
m 110 5 609 707 244 530
m 110 5 254 56 247 434
m 110 5 119 339 289 629
m 110 5 90 44 293 602
m 110 5 37 73 297 471
m 110 5 226 83 309 595
m 110 5 108 118 340 598
m 110 5 1802 85 341 593
m 110 5 96 79 381 587
m 110 5 256 65 384 653
m 110 5 110 103 391 658
m 110 5 48 14 402 593
m 110 5 220 2 530 500
b 110 5 73 64
b 110 5 36 89
b 110 5 214 94
b 110 5 92 84
b 110 5 267 168
b 110 5 609 239
b 110 5 100 266
b 110 5 119 306
f 110 5 214 830
f 110 5 65 26
f 110 5 100 325
f 110 5 119 487
f 110 5 37 73
f 110 5 108 243
f 110 5 267 505
f 110 5 254 94
f 110 5 96 223
f 110 5 226 139
f 110 5 92 42
f 110 5 90 65
f 110 5 242 13
f 110 5 110 280
f 110 5 1802 16
f 110 5 73 58
f 110 5 256 178
f 110 5 36 147
f 110 5 102 52
f 110 5 931 45
f 110 5 137 16
f 110 5 116 29
f 110 5 123 13
f 110 5 1 29
f 110 5 610 31
f 110 5 232 45
f 110 5 229 50
f 110 5 185 13
f 110 5 223 50
f 110 5 81 24
f 110 5 210 13
f 110 5 98 24
f 110 5 244 13
f 110 5 190 10
f 110 5 206 10
h 111 5 4945 514 85
s 111 5 752 16,16,34,43,44,237,1123
s 111 5 503 34,43,44,216,237,1123
c 111 5 36 719 81 528
c 111 5 180 938 109 524
c 111 5 1 668 238 580
m 111 5 244 291 127 515
m 111 5 1 668 238 580
m 111 5 79 86 247 609
m 111 5 37 349 263 546
m 111 5 254 242 267 539
m 111 5 102 97 271 527
m 111 5 232 311 271 627
m 111 5 269 103 274 663
m 111 5 100 74 298 588
m 111 5 231 87 300 663
m 111 5 609 198 318 646
m 111 5 256 90 374 689
m 111 5 152 14 422 642
m 111 5 48 6 452 581
m 111 5 220 2 626 625
b 111 5 36 81
b 111 5 180 109
b 111 5 1 240
b 111 5 232 287
b 111 5 254 280
b 111 5 609 326
b 111 5 256 386
f 111 5 180 750
f 111 5 232 458
f 111 5 269 156
f 111 5 1 862
f 111 5 256 257
f 111 5 244 54
f 111 5 37 479
f 111 5 254 360
f 111 5 102 138
f 111 5 100 133
f 111 5 152 52
f 111 5 229 25
f 111 5 108 33
f 111 5 110 14
f 111 5 226 54
f 111 5 96 30
f 111 5 610 13
f 111 5 65 18
f 111 5 79 11
f 111 5 36 260
f 111 5 123 29
h 111 4 459 588 11
s 111 4 62 34,43,44,216,237,1123
s 111 4 62 16,16,34,42,43,44,237,1123
c 111 4 36 723 82 599
c 111 4 180 939 102 589
c 111 4 1 810 229 581
m 111 4 244 242 124 586
m 111 4 1852 52 169 750
m 111 4 1 810 229 581
m 111 4 232 434 255 663
m 111 4 37 405 264 624
m 111 4 79 89 269 585
m 111 4 254 235 277 546
m 111 4 102 98 278 622
m 111 4 269 142 278 631
m 111 4 100 78 291 667
m 111 4 609 233 309 607
m 111 4 231 96 316 705
m 111 4 256 113 357 596
m 111 4 235 7 483 667
m 111 4 249 2 580 1000
b 111 4 36 85
b 111 4 180 101
b 111 4 1 232
b 111 4 232 270
b 111 4 609 307
b 111 4 102 278
f 111 4 232 516
f 111 4 1 879
f 111 4 244 99
f 111 4 180 769
f 111 4 269 220
f 111 4 256 297
f 111 4 100 99
f 111 4 254 374
f 111 4 92 22
f 111 4 226 44
f 111 4 37 440
f 111 4 123 33
f 111 4 79 22
f 111 4 108 33
f 111 4 223 11
f 111 4 1107 11
f 111 4 267 44
f 111 4 152 33
f 111 4 36 121
f 111 4 102 110
f 111 4 1802 22
f 111 4 96 33
f 111 4 610 22
f 111 4 229 22
f 111 4 65 33
f 111 4 116 22
f 111 4 90 11
f 111 4 73 22
f 111 4 77 11
f 111 4 263 11
h 112 5 12596 523 81
s 112 5 2096 16,16,34,43,44,237,1123
s 112 5 1187 16,16,34,43,44,1123
c 112 5 36 778 80 539
c 112 5 180 526 124 543
c 112 5 1 867 217 541
m 112 5 180 526 124 543
m 112 5 63 193 141 569
m 112 5 1852 55 166 538
m 112 5 1 867 217 541
m 112 5 254 378 270 553
m 112 5 102 301 282 583
m 112 5 37 115 301 533
m 112 5 100 74 315 639
m 112 5 232 76 323 592
m 112 5 609 73 329 663
m 112 5 263 45 354 635
m 112 5 226 53 361 594
m 112 5 256 83 385 636
m 112 5 108 21 387 607
m 112 5 152 16 389 550
m 112 5 48 21 416 710
m 112 5 96 13 446 616
m 112 5 110 13 459 575
m 112 5 133 1 544 786
m 112 5 247 0 780 500
b 112 5 36 80
b 112 5 180 125
b 112 5 1 222
b 112 5 254 275
b 112 5 102 299
b 112 5 256 392
b 112 5 48 486
b 112 5 65 241
b 112 5 108 430
b 112 5 263 406
b 112 5 534 330
b 112 5 1806 418
b 112 5 247 990
b 112 5 98 342
f 112 5 36 228
f 112 5 1 958
f 112 5 254 500
f 112 5 37 178
f 112 5 102 358
f 112 5 98 27
f 112 5 256 230
f 112 5 180 476
f 112 5 108 56
f 112 5 534 33
f 112 5 232 143
f 112 5 96 48
f 112 5 152 45
f 112 5 226 124
f 112 5 100 107
f 112 5 269 34
f 112 5 77 16
f 112 5 244 61
f 112 5 610 29
f 112 5 110 47
f 112 5 229 18
f 112 5 123 17
h 112 3 488 549 3
s 112 3 358 16,20,20,44,237,237
s 112 3 18 15,16,16,20,44,237
c 112 3 36 695 56 578
c 112 3 63 965 73 558
c 112 3 534 559 178 586
c 112 3 102 686 190 597
c 112 3 263 668 242 607
c 112 3 108 523 305 627
m 112 3 244 111 126 556
m 112 3 102 686 190 597
m 112 3 598 47 207 652
m 112 3 263 668 242 607
m 112 3 1 320 269 564
m 112 3 108 523 305 627
m 112 3 250 117 324 544
m 112 3 100 49 359 667
m 112 3 48 45 364 591
m 112 3 1806 178 373 724
m 112 3 123 74 393 583
m 112 3 160 16 419 750
m 112 3 116 51 426 560
m 112 3 96 10 428 800
m 112 3 249 20 440 800
m 112 3 610 10 490 200
m 112 3 220 8 552 500
m 112 3 604 4 740 1000
b 112 3 77 38
b 112 3 63 68
b 112 3 36 61
b 112 3 534 189
b 112 3 102 182
b 112 3 263 235
b 112 3 108 307
b 112 3 1806 386
f 112 3 596 73
f 112 3 610 45
f 112 3 63 845
f 112 3 1 364
f 112 3 108 764
f 112 3 100 64
f 112 3 116 191
f 112 3 236 36
f 112 3 123 182
f 112 3 36 209
f 112 3 98 136
f 112 3 256 45
f 112 3 604 18
f 112 3 598 73
f 112 3 226 18
f 112 3 534 327
f 112 3 75 36
f 112 3 77 127
f 112 3 65 45
f 112 3 102 18
f 112 3 152 55
f 112 3 96 36
f 112 3 160 64
h 112 4 2047 493 14
s 112 4 222 16,16,34,43,44,237,1123
s 112 4 213 16,20,20,44,237,237
c 112 4 36 694 77 508
c 112 4 1 830 217 504
m 112 4 244 289 125 481
m 112 4 63 300 133 497
m 112 4 1852 58 168 529
m 112 4 1 830 217 504
m 112 4 102 354 259 560
m 112 4 254 262 267 529
m 112 4 37 101 297 536
m 112 4 100 79 309 528
m 112 4 232 70 310 549
m 112 4 263 120 320 653
m 112 4 609 65 321 612
m 112 4 226 41 352 602
m 112 4 1802 18 364 595
m 112 4 108 50 373 598
m 112 4 250 30 374 672
m 112 4 256 54 384 568
m 112 4 1806 16 388 781
m 112 4 48 25 423 784
m 112 4 610 10 471 600
m 112 4 249 1 517 1000
m 112 4 220 2 592 0
m 112 4 141 0 650 0
m 112 4 600 0 900 0
b 112 4 77 59
b 112 4 77 59
b 112 4 36 79
b 112 4 63 136
b 112 4 102 271
b 112 4 1 219
b 112 4 263 331
b 112 4 98 300
f 112 4 98 83
f 112 4 236 15
f 112 4 534 78
f 112 4 108 119
f 112 4 256 148
f 112 4 180 471
f 112 4 36 262
f 112 4 232 121
f 112 4 226 109
f 112 4 110 44
f 112 4 1 944
f 112 4 254 357
f 112 4 610 41
f 112 4 102 255
f 112 4 37 141
f 112 4 123 36
f 112 4 269 32
f 112 4 100 126
f 112 4 77 80
f 112 4 96 36
f 112 4 152 32
f 112 4 244 63
f 112 4 1802 12
f 112 4 267 24
f 112 4 90 12
f 112 4 598 15
h 113 2 3337 519 86
s 113 2 1452 16,16,16,20,20,42,237
s 113 2 423 16,16,16,20,20,42,44
c 113 2 65 993 79 521
c 113 2 166 939 144 518
c 113 2 158 854 197 544
c 113 2 98 614 209 569
c 113 2 48 775 217 579
c 113 2 609 725 234 580
m 113 2 166 939 144 518
m 113 2 158 854 197 544
m 113 2 48 775 217 579
m 113 2 609 725 234 580
m 113 2 102 101 243 482
m 113 2 263 187 279 538
m 113 2 147 305 281 625
m 113 2 1 204 284 656
m 113 2 250 425 303 632
m 113 2 1858 160 321 647
m 113 2 249 82 321 579
m 113 2 116 162 336 523
m 113 2 1802 29 339 667
m 113 2 160 177 344 723
m 113 2 135 46 359 601
m 113 2 139 39 362 682
m 113 2 1806 25 366 817
m 113 2 96 197 371 662
m 113 2 225 28 374 649
m 113 2 156 27 382 708
m 113 2 600 24 388 709
m 113 2 141 25 395 612
m 113 2 220 149 408 725
m 113 2 603 59 421 758
m 113 2 247 5 474 588
m 113 2 133 3 500 667
m 113 2 110 2 584 125
b 113 2 41 18
b 113 2 36 37
b 113 2 65 75
b 113 2 166 140
b 113 2 158 197
b 113 2 48 220
b 113 2 609 236
b 113 2 98 221
b 113 2 170 260
b 113 2 147 288
b 113 2 250 305
b 113 2 160 368
b 113 2 96 373
f 113 2 158 915
f 113 2 160 351
f 113 2 135 118
f 113 2 603 196
f 113 2 220 438
f 113 2 96 520
f 113 2 116 331
f 113 2 141 70
f 113 2 147 400
f 113 2 1 112
f 113 2 123 31
f 113 2 119 15
f 113 2 156 60
f 113 2 600 72
f 113 2 152 25
f 113 2 225 61
f 113 2 1097 25
f 113 2 139 87
f 113 2 65 144
f 113 2 235 39
f 113 2 911 12
f 113 2 98 16
f 113 2 108 16
h 113 1 224 438 6
s 113 1 107 16,20,20,20,237
s 113 1 26 16,16,16,20,34,237
c 113 1 65 996 77 439
c 113 1 166 982 132 436
c 113 1 158 973 178 440
c 113 1 48 866 210 469
c 113 1 609 710 241 484
c 113 1 236 500 254 491
m 113 1 244 98 128 455
m 113 1 166 982 132 436
m 113 1 158 973 178 440
m 113 1 48 866 210 469
m 113 1 609 710 241 484
m 113 1 1 214 249 708
m 113 1 102 49 249 364
m 113 1 147 344 275 494
m 113 1 263 232 279 538
m 113 1 1858 299 307 522
m 113 1 250 344 318 558
m 113 1 160 250 322 571
m 113 1 249 85 339 526
m 113 1 135 45 357 600
m 113 1 96 183 361 561
m 113 1 139 107 373 625
m 113 1 141 45 382 600
m 113 1 116 147 402 485
m 113 1 1806 13 403 667
m 113 1 220 183 411 537
m 113 1 235 13 417 667
m 113 1 603 89 424 500
m 113 1 1154 4 560 1000
m 113 1 133 4 560 0
m 113 1 164 4 570 1000
m 113 1 247 13 580 1000
m 113 1 225 9 595 500
m 113 1 110 9 605 0
m 113 1 112 4 620 1000
m 113 1 635 4 660 1000
m 113 1 168 4 830 1000
b 113 1 65 76
b 113 1 166 130
b 113 1 158 173
b 113 1 98 232
b 113 1 1 241
b 113 1 48 209
b 113 1 609 257
b 113 1 236 262
b 113 1 1858 302
b 113 1 96 374
b 113 1 250 342
f 113 1 158 929
f 113 1 603 357
f 113 1 220 571
f 113 1 116 381
f 113 1 139 214
f 113 1 250 643
f 113 1 96 500
f 113 1 1806 48
f 113 1 147 429
f 113 1 160 357
f 113 1 249 143
f 113 1 1097 48
f 113 1 156 24
f 113 1 65 24
f 113 1 112 24
f 113 1 225 24
f 113 1 135 71
f 113 1 1 24
f 113 1 149 24
f 113 1 236 24
f 113 1 600 24
h 114 1 1544 525 47
s 114 1 399 11,16,16,34,44,237
s 114 1 220 11,14,16,16,20,44
c 114 1 36 787 47 530
c 114 1 63 920 57 520
c 114 1 116 731 272 519
c 114 1 609 573 296 609
m 114 1 145 323 141 538
m 114 1 252 332 143 526
m 114 1 166 109 158 467
m 114 1 137 172 163 556
m 114 1 168 323 185 563
m 114 1 598 60 188 581
m 114 1 158 95 221 521
m 114 1 154 53 237 524
m 114 1 108 348 243 583
m 114 1 147 199 243 528
m 114 1 939 223 270 631
m 114 1 116 731 272 519
m 114 1 609 573 296 609
m 114 1 123 42 320 692
m 114 1 160 333 345 712
m 114 1 1097 96 349 669
m 114 1 139 139 349 687
m 114 1 135 159 363 626
m 114 1 141 82 368 667
m 114 1 225 50 368 545
m 114 1 1806 49 370 747
m 114 1 156 32 419 720
m 114 1 208 63 421 643
m 114 1 133 25 481 711
m 114 1 110 7 545 818
b 114 1 75 27
b 114 1 63 55
b 114 1 36 54
b 114 1 252 137
b 114 1 168 180
b 114 1 116 270
b 114 1 939 284
b 114 1 609 305
b 114 1 160 354
f 114 1 116 854
f 114 1 939 266
f 114 1 135 363
f 114 1 160 603
f 114 1 603 11
f 114 1 137 171
f 114 1 610 20
f 114 1 145 306
f 114 1 139 243
f 114 1 149 17
f 114 1 63 489
f 114 1 168 263
f 114 1 108 271
f 114 1 143 117
f 114 1 598 43
f 114 1 225 109
f 114 1 123 71
f 114 1 174 51
f 114 1 534 29
f 114 1 158 103
f 114 1 156 86
f 114 1 252 29
f 114 1 133 57
f 114 1 65 11
f 114 1 36 20
f 114 1 112 11
f 114 1 110 17
f 114 1 569 17
f 114 1 1 14
f 114 1 100 11
f 114 1 152 11
h 114 2 1325 486 36
s 114 2 220 14,16,16,20,42,44,237
s 114 2 204 11,14,16,16,20,42,44
c 114 2 36 728 55 503
c 114 2 63 755 61 486
c 114 2 116 626 255 524
m 114 2 252 364 162 544
m 114 2 598 61 172 444
m 114 2 168 393 191 562
m 114 2 166 57 203 342
m 114 2 147 132 244 600
m 114 2 116 626 255 524
m 114 2 939 242 255 645
m 114 2 609 441 280 598
m 114 2 158 36 287 417
m 114 2 108 82 294 578
m 114 2 249 25 333 545
m 114 2 1097 116 333 721
m 114 2 123 25 342 727
m 114 2 250 24 344 719
m 114 2 225 69 347 543
m 114 2 139 36 352 792
m 114 2 160 163 355 718
m 114 2 135 106 360 610
m 114 2 156 19 371 840
m 114 2 141 39 393 673
m 114 2 208 36 419 771
m 114 2 133 12 461 875
m 114 2 48 2 560 1000
b 114 2 75 28
b 114 2 36 56
b 114 2 63 60
b 114 2 252 172
b 114 2 168 183
b 114 2 116 252
b 114 2 609 283
b 114 2 939 281
b 114 2 135 373
b 114 2 143 371
b 114 2 208 435
f 114 2 939 312
f 114 2 116 862
f 114 2 143 169
f 114 2 63 646
f 114 2 174 228
f 114 2 252 69
f 114 2 108 132
f 114 2 168 407
f 114 2 135 339
f 114 2 123 85
f 114 2 156 63
f 114 2 139 90
f 114 2 225 180
f 114 2 145 11
f 114 2 160 413
f 114 2 147 164
f 114 2 75 79
f 114 2 36 85
f 114 2 158 58
f 114 2 137 32
f 114 2 154 37
f 114 2 569 58
f 114 2 152 21
f 114 2 112 32
f 114 2 133 48
f 114 2 149 26
f 114 2 598 69
f 114 2 65 11
f 114 2 98 26
f 114 2 96 16
f 114 2 166 11
h 114 3 297 535 8
s 114 3 47 14,14,16,20,237
s 114 3 43 11,14,16,16,20,44
c 114 3 36 613 45 533
c 114 3 63 646 63 510
c 114 3 116 562 272 629
m 114 3 252 478 150 577
m 114 3 598 77 156 696
m 114 3 137 67 192 350
m 114 3 168 384 210 675
m 114 3 939 300 240 753
m 114 3 147 121 261 500
m 114 3 609 434 264 620
m 114 3 116 562 272 629
m 114 3 108 118 298 657
m 114 3 250 37 301 727
m 114 3 26 17 340 800
m 114 3 139 37 340 909
m 114 3 160 128 350 684
m 114 3 1097 54 366 750
m 114 3 135 114 368 676
m 114 3 141 61 385 778
m 114 3 225 51 389 867
m 114 3 152 24 394 571
m 114 3 1806 20 408 667
m 114 3 208 61 417 889
m 114 3 110 10 583 667
m 114 3 48 3 610 1000
m 114 3 133 10 647 1000
m 114 3 603 3 890 1000
b 114 3 75 25
b 114 3 36 52
b 114 3 63 64
b 114 3 174 132
b 114 3 116 263
b 114 3 609 263
b 114 3 160 361
f 114 3 137 83
f 114 3 174 167
f 114 3 108 83
f 114 3 63 433
f 114 3 168 400
f 114 3 116 833
f 114 3 160 350
f 114 3 225 200
f 114 3 256 17
f 114 3 939 450
f 114 3 135 283
f 114 3 141 133
f 114 3 75 133
f 114 3 143 217
f 114 3 252 83
f 114 3 123 50
f 114 3 598 50
f 114 3 36 67
f 114 3 98 67
f 114 3 534 17
f 114 3 569 67
f 114 3 158 67
f 114 3 156 33
f 114 3 139 67
f 114 3 112 17
f 114 3 133 33
f 114 3 603 17
f 114 3 152 17
f 114 3 96 17
f 114 3 100 17
f 114 3 185 17
f 114 3 170 33
f 114 3 110 17
h 114 4 136 507 6
s 114 4 33 29,42,43,1123
s 114 4 21 29,42,43,43
c 114 4 92 500 76 559
c 114 4 36 581 77 494
c 114 4 609 581 263 544
m 114 4 569 110 126 333
m 114 4 596 51 141 286
m 114 4 1852 199 144 481
m 114 4 267 221 157 633
m 114 4 63 449 167 459
m 114 4 259 51 174 286
m 114 4 65 59 191 875
m 114 4 223 110 225 333
m 114 4 98 213 229 552
m 114 4 252 66 248 556
m 114 4 100 206 251 536
m 114 4 609 581 263 544
m 114 4 598 44 273 500
m 114 4 254 59 291 625
m 114 4 37 37 298 600
m 114 4 116 206 351 679
m 114 4 534 51 363 429
m 114 4 108 29 370 750
m 114 4 225 29 388 500
m 114 4 226 22 393 667
m 114 4 160 74 402 800
m 114 4 96 37 406 800
m 114 4 143 22 407 667
m 114 4 1097 22 417 333
m 114 4 141 29 420 750
m 114 4 139 22 433 333
m 114 4 610 15 440 0
m 114 4 158 15 490 0
m 114 4 133 7 510 1000
m 114 4 110 7 530 1000
b 114 4 36 67
b 114 4 92 65
b 114 4 267 137
b 114 4 609 242
b 114 4 100 261
b 114 4 259 260
b 114 4 223 270
b 114 4 108 345
b 114 4 534 387
b 114 4 1806 490
f 114 4 267 263
f 114 4 100 184
f 114 4 1466 53
f 114 4 160 158
f 114 4 174 368
f 114 4 63 500
f 114 4 116 421
f 114 4 143 53
f 114 4 158 53
f 114 4 254 79
f 114 4 137 26
f 114 4 92 53
f 114 4 36 184
f 114 4 98 158
f 114 4 244 53
f 114 4 252 79
f 114 4 141 79
f 114 4 569 26
f 114 4 223 105
f 114 4 226 79
f 114 4 37 26
f 114 4 96 132
f 114 4 108 79
f 114 4 75 26
f 114 4 65 79
f 114 4 127 26
f 114 4 610 53
f 114 4 145 26
f 114 4 225 105
f 114 4 133 26
f 114 4 598 105
f 114 4 139 79
f 114 4 168 53
f 114 4 534 53
f 114 4 210 53
f 114 4 911 26
f 114 4 596 79
f 114 4 939 26
h 119 4 6286 521 65
s 119 4 1181 16,16,20,42,43,44,237,1123
s 119 4 733 16,16,34,42,43,44,237,1123
c 119 4 36 801 81 530
c 119 4 92 606 89 528
c 119 4 214 717 97 522
c 119 4 100 724 235 551
c 119 4 1 703 258 579
c 119 4 609 556 275 566
m 119 4 1852 479 152 533
m 119 4 267 84 187 556
m 119 4 100 724 235 551
m 119 4 1 703 258 579
m 119 4 609 556 275 566
m 119 4 254 96 290 526
m 119 4 102 85 296 552
m 119 4 232 30 322 684
m 119 4 37 35 328 564
m 119 4 226 31 361 615
m 119 4 108 34 369 559
m 119 4 256 65 395 624
m 119 4 235 23 406 741
m 119 4 96 63 424 660
m 119 4 610 44 430 625
m 119 4 48 13 479 756
m 119 4 600 0 745 1000
m 119 4 204 0 750 1000
m 119 4 1154 0 750 0
b 119 4 214 110
b 119 4 36 84
b 119 4 92 88
b 119 4 1852 149
b 119 4 100 263
b 119 4 1 277
b 119 4 609 297
b 119 4 254 324
b 119 4 102 360
f 119 4 1 859
f 119 4 100 690
f 119 4 214 667
f 119 4 37 54
f 119 4 267 81
f 119 4 226 68
f 119 4 36 288
f 119 4 96 196
f 119 4 1854 15
f 119 4 254 151
f 119 4 256 173
f 119 4 931 29
f 119 4 610 142
f 119 4 232 52
f 119 4 108 70
f 119 4 102 132
f 119 4 77 25
f 119 4 229 10
f 119 4 1802 15
f 119 4 244 23
f 119 4 92 12
f 119 4 247 23
f 119 4 123 17
f 119 4 65 12
h 119 5 2947 534 32
s 119 5 300 16,16,34,43,44,237,1123
s 119 5 228 16,16,34,43,44,1123
c 119 5 36 779 78 534
c 119 5 214 689 91 538
c 119 5 100 715 233 557
c 119 5 1 621 263 610
c 119 5 609 582 269 552
m 119 5 1852 319 157 583
m 119 5 267 73 195 584
m 119 5 100 715 233 557
m 119 5 1 621 263 610
m 119 5 609 582 269 552
m 119 5 254 167 277 575
m 119 5 102 116 289 537
m 119 5 232 36 303 607
m 119 5 37 53 325 587
m 119 5 226 34 359 634
m 119 5 108 32 376 642
m 119 5 256 57 407 669
m 119 5 235 22 416 703
m 119 5 96 51 422 642
m 119 5 610 36 430 657
m 119 5 141 0 830 0
b 119 5 92 86
b 119 5 36 74
b 119 5 214 88
b 119 5 100 229
b 119 5 1 276
b 119 5 609 282
b 119 5 256 417
f 119 5 92 25
f 119 5 37 64
f 119 5 100 694
f 119 5 96 161
f 119 5 1 762
f 119 5 267 66
f 119 5 254 260
f 119 5 226 81
f 119 5 214 612
f 119 5 256 178
f 119 5 610 133
f 119 5 36 252
f 119 5 244 30
f 119 5 73 16
f 119 5 102 164
f 119 5 931 39
f 119 5 232 59
f 119 5 77 36
f 119 5 108 64
f 119 5 1854 16
f 119 5 185 12
f 119 5 247 26
f 119 5 123 18
f 119 5 1802 13
f 119 5 65 16
h 120 2 4694 487 77
s 120 2 2414 16,16,16,16,16,42,44
s 120 2 1561 16,16,16,16,42,44,237
c 120 2 41 998 15 488
c 120 2 36 947 47 489
c 120 2 63 774 115 498
c 120 2 174 977 116 489
c 120 2 1 908 204 510
c 120 2 609 837 230 516
c 120 2 108 857 236 539
m 120 2 598 80 168 515
m 120 2 1 908 204 510
m 120 2 609 837 230 516
m 120 2 108 857 236 539
m 120 2 100 35 277 384
m 120 2 123 62 334 603
m 120 2 235 241 351 654
m 120 2 119 103 353 637
m 120 2 1097 216 355 632
m 120 2 48 48 357 605
m 120 2 225 34 360 595
m 120 2 208 59 429 674
m 120 2 110 32 456 530
m 120 2 600 37 467 744
m 120 2 220 9 519 667
b 120 2 41 15
b 120 2 36 46
b 120 2 63 113
b 120 2 174 114
b 120 2 1 202
b 120 2 609 229
b 120 2 108 238
b 120 2 143 326
b 120 2 1097 355
b 120 2 235 355
b 120 2 208 435
b 120 2 600 465
b 120 2 110 457
f 120 2 63 515
f 120 2 1 818
f 120 2 108 771
f 120 2 143 535
f 120 2 174 443
f 120 2 110 128
f 120 2 604 11
f 120 2 225 73
f 120 2 147 14
f 120 2 256 33
f 120 2 600 150
f 120 2 112 38
f 120 2 160 25
f 120 2 36 23
f 120 2 226 49
f 120 2 598 83
f 120 2 119 241
f 120 2 41 76
f 120 2 100 34
f 120 2 116 32
f 120 2 610 22
f 120 2 123 127
f 120 2 168 12
h 120 3 1268 441 20
s 120 3 201 16,16,16,20,20,44
s 120 3 126 16,16,16,16,20,34
c 120 3 36 864 42 441
c 120 3 63 649 107 442
c 120 3 174 856 137 445
c 120 3 1 841 209 486
c 120 3 609 774 234 491
c 120 3 108 729 259 538
m 120 3 598 275 141 453
m 120 3 244 61 153 506
m 120 3 1 841 209 486
m 120 3 609 774 234 491
m 120 3 108 729 259 538
m 120 3 100 65 265 610
m 120 3 226 70 292 551
m 120 3 119 97 340 642
m 120 3 123 47 349 576
m 120 3 235 146 365 697
m 120 3 1097 148 368 638
m 120 3 48 39 368 694
m 120 3 225 20 378 640
m 120 3 256 15 384 526
m 120 3 112 12 415 600
m 120 3 208 50 432 656
m 120 3 110 24 458 533
m 120 3 600 20 472 840
m 120 3 220 3 560 750
b 120 3 73 23
b 120 3 36 37
b 120 3 63 104
b 120 3 174 131
b 120 3 1 207
b 120 3 609 234
b 120 3 108 265
b 120 3 143 351
b 120 3 48 500
f 120 3 1 897
f 120 3 108 747
f 120 3 123 129
f 120 3 143 567
f 120 3 112 34
f 120 3 174 468
f 120 3 100 60
f 120 3 119 172
f 120 3 235 352
f 120 3 598 270
f 120 3 600 90
f 120 3 225 64
f 120 3 226 116
f 120 3 610 39
f 120 3 63 408
f 120 3 256 47
f 120 3 110 112
f 120 3 36 56
f 120 3 116 21
f 120 3 267 21
f 120 3 135 21
f 120 3 160 17
f 120 3 147 21
h 121 5 3476 578 51
s 121 5 548 16,16,34,43,44,237,1123
s 121 5 393 16,16,34,43,44,1123
c 121 5 36 658 69 594
c 121 5 180 896 104 580
c 121 5 1 881 223 591
m 121 5 1 881 223 591
m 121 5 254 281 262 614
m 121 5 102 76 270 595
m 121 5 609 464 271 590
m 121 5 232 155 274 633
m 121 5 37 272 293 568
m 121 5 100 79 308 634
m 121 5 108 406 318 631
m 121 5 1802 129 333 694
m 121 5 226 33 357 632
m 121 5 231 16 385 679
m 121 5 96 177 402 679
m 121 5 256 57 403 690
m 121 5 48 18 476 721
m 121 5 110 7 486 652
m 121 5 220 2 593 1000
b 121 5 36 69
b 121 5 180 106
b 121 5 1 225
b 121 5 254 264
b 121 5 108 326
b 121 5 96 407
b 121 5 256 409
b 121 5 609 283
f 121 5 180 796
f 121 5 1 899
f 121 5 108 586
f 121 5 232 230
f 121 5 100 101
f 121 5 36 182
f 121 5 226 72
f 121 5 37 334
f 121 5 96 424
f 121 5 256 135
f 121 5 254 368
f 121 5 267 12
f 121 5 102 105
f 121 5 610 22
f 121 5 229 17
f 121 5 1802 21
f 121 5 152 25
f 121 5 244 43
f 121 5 110 21
h 121 2 203 512 3
s 121 2 81 16,16,16,16,42,44,237
s 121 2 23 16,16,16,16,16,42,44
c 121 2 41 754 14 503
c 121 2 36 596 47 512
c 121 2 1 970 126 523
c 121 2 609 547 237 541
c 121 2 108 586 256 513
m 121 2 1 970 126 523
m 121 2 48 498 206 604
m 121 2 232 74 215 267
m 121 2 104 69 229 714
m 121 2 609 547 237 541
m 121 2 108 586 256 513
m 121 2 176 251 266 647
m 121 2 273 103 274 667
m 121 2 277 167 275 735
m 121 2 201 39 309 625
m 121 2 202 39 314 750
m 121 2 96 360 331 562
m 121 2 256 44 347 667
m 121 2 116 143 353 552
m 121 2 119 69 355 786
m 121 2 235 89 371 889
m 121 2 204 30 372 833
m 121 2 110 49 387 600
m 121 2 152 39 410 625
m 121 2 600 25 412 1000
m 121 2 220 25 494 400
b 121 2 36 54
b 121 2 41 14
b 121 2 77 46
b 121 2 1 135
b 121 2 96 327
b 121 2 108 282
b 121 2 609 262
f 121 2 1 872
f 121 2 36 103
f 121 2 259 103
f 121 2 96 564
f 121 2 108 513
f 121 2 116 462
f 121 2 48 615
f 121 2 201 26
f 121 2 235 256
f 121 2 232 205
f 121 2 110 103
f 121 2 77 51
f 121 2 178 26
f 121 2 256 77
f 121 2 119 154
f 121 2 202 26
f 121 2 206 26
f 121 2 37 103
f 121 2 123 26
f 121 2 152 77
f 121 2 204 77
f 121 2 244 26
f 121 2 600 103
f 121 2 100 26
f 121 2 41 51
h 121 4 3823 507 45
s 121 4 548 16,16,34,42,43,44,237,1123
s 121 4 393 16,16,34,43,44,1123
c 121 4 36 638 71 516
c 121 4 180 884 104 521
c 121 4 1 805 212 560
m 121 4 1852 76 162 517
m 121 4 1 805 212 560
m 121 4 254 231 260 543
m 121 4 102 71 265 582
m 121 4 232 126 272 585
m 121 4 609 388 273 556
m 121 4 37 253 284 567
m 121 4 100 83 289 596
m 121 4 108 360 314 576
m 121 4 1802 139 325 651
m 121 4 96 176 390 653
m 121 4 256 57 409 627
m 121 4 610 9 466 667
m 121 4 48 19 467 703
m 121 4 220 3 565 455
m 121 4 635 0 870 1000
b 121 4 77 58
b 121 4 36 72
b 121 4 180 105
b 121 4 1 214
b 121 4 108 322
b 121 4 96 390
b 121 4 609 278
f 121 4 180 761
f 121 4 36 208
f 121 4 1 915
f 121 4 226 53
f 121 4 37 296
f 121 4 229 14
f 121 4 102 109
f 121 4 232 198
f 121 4 254 316
f 121 4 108 584
f 121 4 100 94
f 121 4 96 481
f 121 4 256 166
f 121 4 92 11
f 121 4 244 70
f 121 4 610 32
f 121 4 110 24
f 121 4 267 25
f 121 4 152 30
f 121 4 1802 18
h 123 4 9031 476 63
s 123 4 1796 16,16,20,42,43,44,237,1123
s 123 4 1045 16,16,34,42,43,44,237,1123
c 123 4 36 730 80 482
c 123 4 92 694 84 478
c 123 4 180 642 132 503
c 123 4 1852 585 144 487
m 123 4 180 642 132 503
m 123 4 1852 585 144 487
m 123 4 244 339 160 475
m 123 4 267 79 182 498
m 123 4 254 186 255 492
m 123 4 609 415 255 519
m 123 4 1 372 259 560
m 123 4 232 113 262 550
m 123 4 100 263 264 521
m 123 4 102 177 264 483
m 123 4 1466 108 318 627
m 123 4 1802 101 324 598
m 123 4 226 52 332 526
m 123 4 108 64 361 612
m 123 4 176 20 368 622
m 123 4 96 120 389 605
m 123 4 256 26 404 567
m 123 4 610 37 419 623
m 123 4 48 15 430 617
m 123 4 220 2 520 643
m 123 4 1154 0 685 500
b 123 4 36 82
b 123 4 92 92
b 123 4 1852 151
b 123 4 180 153
b 123 4 609 256
b 123 4 100 280
b 123 4 108 372
f 123 4 180 597
f 123 4 254 240
f 123 4 232 165
f 123 4 166 33
f 123 4 123 26
f 123 4 108 149
f 123 4 259 10
f 123 4 267 78
f 123 4 598 15
f 123 4 37 139
f 123 4 36 212
f 123 4 100 262
f 123 4 226 108
f 123 4 229 16
f 123 4 102 253
f 123 4 96 358
f 123 4 256 83
f 123 4 206 63
f 123 4 244 20
f 123 4 610 127
f 123 4 1 484
f 123 4 149 13
f 123 4 1802 17
h 123 5 4661 483 33
s 123 5 517 16,16,34,43,44,237,1123
s 123 5 484 16,16,20,43,44,237,1123
c 123 5 36 762 81 493
c 123 5 92 570 87 490
c 123 5 180 728 132 509
m 123 5 180 728 132 509
m 123 5 1852 469 150 492
m 123 5 244 325 162 512
m 123 5 267 70 189 525
m 123 5 254 245 251 500
m 123 5 609 366 259 520
m 123 5 102 214 261 516
m 123 5 100 246 263 553
m 123 5 232 116 264 540
m 123 5 1 306 271 565
m 123 5 231 40 321 692
m 123 5 1466 92 323 622
m 123 5 1802 88 332 623
m 123 5 226 53 345 585
m 123 5 108 59 359 551
m 123 5 176 19 379 670
m 123 5 256 34 397 544
m 123 5 96 99 401 605
m 123 5 610 36 424 618
m 123 5 48 12 459 564
m 123 5 139 0 575 0
m 123 5 133 2 587 545
b 123 5 36 86
b 123 5 92 94
b 123 5 1852 155
b 123 5 180 157
b 123 5 609 272
b 123 5 1 278
b 123 5 100 284
b 123 5 610 442
f 123 5 36 189
f 123 5 180 663
f 123 5 100 229
f 123 5 267 75
f 123 5 102 280
f 123 5 254 304
f 123 5 96 302
f 123 5 1 437
f 123 5 244 20
f 123 5 108 137
f 123 5 226 123
f 123 5 37 130
f 123 5 229 60
f 123 5 256 111
f 123 5 232 160
f 123 5 166 35
f 123 5 206 59
f 123 5 168 11
f 123 5 610 122
f 123 5 598 14
f 123 5 1802 22
f 123 5 123 29
f 123 5 73 13
h 126 2 5101 490 84
s 126 2 1605 16,16,16,16,16,42,44
s 126 2 1589 16,16,16,16,42,44,237
c 126 2 41 953 16 491
c 126 2 36 935 47 496
c 126 2 92 816 69 500
c 126 2 63 700 105 487
c 126 2 267 764 126 506
c 126 2 609 797 187 506
c 126 2 108 584 261 566
m 126 2 267 764 126 506
m 126 2 244 181 148 489
m 126 2 598 121 173 499
m 126 2 609 797 187 506
m 126 2 100 156 223 506
m 126 2 147 269 256 541
m 126 2 108 584 261 566
m 126 2 277 240 270 592
m 126 2 48 66 282 662
m 126 2 273 46 294 629
m 126 2 116 172 333 509
m 126 2 123 102 342 644
m 126 2 119 112 350 642
m 126 2 235 130 362 688
m 126 2 1806 77 365 654
m 126 2 160 69 369 670
m 126 2 141 36 392 645
m 126 2 225 30 393 586
m 126 2 256 16 416 602
m 126 2 96 12 450 459
m 126 2 610 8 451 721
m 126 2 133 7 483 553
m 126 2 220 6 521 552
m 126 2 1154 0 740 1000
b 126 2 41 15
b 126 2 36 44
b 126 2 92 68
b 126 2 63 112
b 126 2 267 125
b 126 2 609 188
b 126 2 108 264
b 126 2 116 342
b 126 2 119 362
b 126 2 96 466
b 126 2 235 374
f 126 2 63 572
f 126 2 267 568
f 126 2 598 121
f 126 2 168 27
f 126 2 116 405
f 126 2 41 86
f 126 2 123 242
f 126 2 119 266
f 126 2 259 62
f 126 2 610 32
f 126 2 534 53
f 126 2 160 183
f 126 2 139 15
f 126 2 100 152
f 126 2 225 99
f 126 2 36 68
f 126 2 108 646
f 126 2 149 25
f 126 2 135 15
f 126 2 1 19
f 126 2 96 48
f 126 2 133 27
f 126 2 256 66
h 126 3 714 503 11
s 126 3 125 16,16,16,20,20,44
s 126 3 108 16,16,20,20,44,237
c 126 3 36 871 47 518
c 126 3 92 711 55 500
c 126 3 63 657 100 529
c 126 3 267 633 124 509
c 126 3 609 761 191 499
c 126 3 108 571 264 547
m 126 3 267 633 124 509
m 126 3 244 171 138 451
m 126 3 598 169 166 554
m 126 3 609 761 191 499
m 126 3 100 157 218 500
m 126 3 277 176 253 595
m 126 3 147 301 263 647
m 126 3 108 571 264 547
m 126 3 48 52 281 622
m 126 3 123 91 340 723
m 126 3 119 129 342 696
m 126 3 116 136 349 474
m 126 3 1806 60 360 744
m 126 3 235 119 364 624
m 126 3 160 81 372 759
m 126 3 141 38 381 630
m 126 3 256 15 407 727
m 126 3 225 20 419 643
m 126 3 610 10 434 429
m 126 3 139 6 445 750
m 126 3 96 13 470 778
m 126 3 133 8 510 1000
b 126 3 36 44
b 126 3 92 54
b 126 3 267 118
b 126 3 63 113
b 126 3 609 181
b 126 3 108 266
b 126 3 170 239
b 126 3 147 278
b 126 3 160 362
b 126 3 174 410
f 126 3 36 69
f 126 3 267 496
f 126 3 63 565
f 126 3 119 282
f 126 3 116 336
f 126 3 108 634
f 126 3 534 76
f 126 3 123 229
f 126 3 256 69
f 126 3 598 191
f 126 3 160 198
f 126 3 939 31
f 126 3 137 23
f 126 3 100 160
f 126 3 168 38
f 126 3 226 15
f 126 3 259 53
f 126 3 610 38
f 126 3 133 69
f 126 3 98 23
f 126 3 225 69
f 126 3 149 23
f 126 3 223 15
f 126 3 139 23
f 126 3 156 15
f 126 3 1 15
f 126 3 65 31
f 126 3 37 23
f 126 3 96 61
f 126 3 73 38
f 126 3 77 31
f 126 3 263 15
f 126 3 112 15
f 126 3 170 15
h 128 2 2274 591 34
s 128 2 1436 16,16,16,16,42,44,237
s 128 2 454 16,16,16,16,16,42,44
c 128 2 41 993 13 591
c 128 2 36 866 41 597
c 128 2 178 777 62 597
c 128 2 48 939 124 608
c 128 2 1 976 157 597
c 128 2 609 995 158 592
c 128 2 259 975 190 592
c 128 2 277 1000 254 591
c 128 2 116 625 291 601
c 128 2 119 517 315 696
m 128 2 48 939 124 608
m 128 2 1 976 157 597
m 128 2 609 995 158 592
m 128 2 277 1000 254 591
m 128 2 116 625 291 601
m 128 2 37 87 300 561
m 128 2 119 517 315 696
m 128 2 123 51 327 574
m 128 2 235 43 351 680
m 128 2 96 151 373 656
m 128 2 110 239 388 686
m 128 2 141 35 434 557
m 128 2 220 97 442 700
m 128 2 600 76 465 651
m 128 2 133 14 515 613
m 128 2 141 2 534 0
m 128 2 133 4 560 300
b 128 2 41 13
b 128 2 36 41
b 128 2 178 61
b 128 2 48 124
b 128 2 1 157
b 128 2 609 157
b 128 2 259 196
b 128 2 277 263
b 128 2 116 291
b 128 2 119 328
b 128 2 110 397
b 128 2 600 461
b 128 2 220 437
f 128 2 48 655
f 128 2 1 728
f 128 2 277 930
f 128 2 116 832
f 128 2 119 663
f 128 2 123 80
f 128 2 110 497
f 128 2 96 304
f 128 2 600 239
f 128 2 41 56
f 128 2 133 50
f 128 2 256 21
f 128 2 100 15
f 128 2 37 36
f 128 2 178 65
f 128 2 610 29
f 128 2 1858 14
f 128 2 263 12
f 128 2 1466 17
f 128 2 108 15
f 128 2 36 10
f 128 2 135 22
f 128 2 603 14
h 128 3 1404 509 13
s 128 3 250 13,13,16,16,34
s 128 3 152 13,13,13,16,16,237
c 128 3 73 521 22 484
c 128 3 36 799 39 515
c 128 3 178 794 50 518
c 128 3 48 647 159 573
c 128 3 609 984 160 509
c 128 3 1 928 170 525
c 128 3 259 778 181 533
c 128 3 277 574 261 593
m 128 3 206 65 139 473
m 128 3 48 647 159 573
m 128 3 609 984 160 509
m 128 3 1 928 170 525
m 128 3 100 60 259 583
m 128 3 277 574 261 593
m 128 3 116 484 292 560
m 128 3 119 401 312 691
m 128 3 108 24 342 545
m 128 3 123 33 345 553
m 128 3 235 25 351 657
m 128 3 1856 19 371 630
m 128 3 96 98 378 696
m 128 3 110 129 393 674
m 128 3 610 16 410 739
m 128 3 141 36 413 620
m 128 3 220 52 447 699
m 128 3 600 41 473 724
m 128 3 604 4 502 1000
m 128 3 133 16 530 652
m 128 3 603 3 538 750
m 128 3 133 1 717 0
b 128 3 73 21
b 128 3 73 21
b 128 3 36 45
b 128 3 178 55
b 128 3 48 163
b 128 3 1 172
b 128 3 609 160
b 128 3 259 183
b 128 3 277 264
b 128 3 116 300
b 128 3 119 318
f 128 3 48 544
f 128 3 1 772
f 128 3 119 631
f 128 3 116 783
f 128 3 110 388
f 128 3 100 34
f 128 3 600 179
f 128 3 178 114
f 128 3 96 293
f 128 3 123 68
f 128 3 37 46
f 128 3 36 19
f 128 3 108 34
f 128 3 135 34
f 128 3 149 15
f 128 3 133 72
f 128 3 73 30
f 128 3 102 23
f 128 3 256 11
f 128 3 610 42
f 128 3 603 15
f 128 3 259 61
f 128 3 604 19
f 128 3 226 11
f 128 3 206 23
f 128 3 254 15
f 128 3 77 15
f 128 3 1854 15
f 128 3 166 11
h 128 4 3012 475 31
s 128 4 471 16,16,34,43,44,237,1123
s 128 4 357 16,16,34,43,44,1123
c 128 4 36 728 64 490
c 128 4 180 834 107 480
c 128 4 609 945 176 476
c 128 4 1 733 227 528
m 128 4 609 945 176 476
m 128 4 1 733 227 528
m 128 4 206 44 246 556
m 128 4 254 246 247 490
m 128 4 79 82 251 589
m 128 4 102 213 257 534
m 128 4 100 189 274 577
m 128 4 37 164 296 472
m 128 4 231 96 297 632
m 128 4 48 50 324 636
m 128 4 277 180 327 599
m 128 4 226 60 330 475
m 128 4 1802 73 342 577
m 128 4 108 69 348 565
m 128 4 116 66 372 545
m 128 4 119 63 375 672
m 128 4 96 104 385 631
m 128 4 256 18 408 691
m 128 4 610 19 428 661
m 128 4 263 6 444 632
m 128 4 110 41 446 598
m 128 4 220 3 506 500
m 128 4 141 6 507 579
m 128 4 133 3 559 778
m 128 4 603 1 583 667
m 128 4 600 2 594 800
m 128 4 133 0 723 0
m 128 4 133 0 755 0
b 128 4 36 64
b 128 4 180 107
b 128 4 609 175
b 128 4 1 232
b 128 4 259 281
b 128 4 277 333
b 128 4 119 380
b 128 4 108 357
b 128 4 110 463
b 128 4 96 386
f 128 4 100 202
f 128 4 37 195
f 128 4 90 37
f 128 4 102 265
f 128 4 180 629
f 128 4 1 847
f 128 4 96 289
f 128 4 36 176
f 128 4 254 308
f 128 4 116 172
f 128 4 226 132
f 128 4 108 146
f 128 4 267 19
f 128 4 206 16
f 128 4 119 145
f 128 4 110 152
f 128 4 1802 14
f 128 4 259 82
f 128 4 244 42
f 128 4 610 70
f 128 4 73 10
f 128 4 232 23
f 128 4 256 52
f 128 4 178 19
f 128 4 229 16
f 128 4 133 14
f 128 4 123 10
h 128 5 1849 478 20
s 128 5 245 16,16,34,43,44,237,1123
s 128 5 240 16,16,34,43,44,1123
c 128 5 36 716 66 491
c 128 5 180 865 109 496
c 128 5 609 951 183 474
c 128 5 1 680 235 533
m 128 5 244 355 127 511
m 128 5 609 951 183 474
m 128 5 1 680 235 533
m 128 5 254 318 240 497
m 128 5 79 100 250 641
m 128 5 102 219 260 521
m 128 5 100 158 292 539
m 128 5 37 141 297 481
m 128 5 231 111 301 654
m 128 5 277 136 331 590
m 128 5 226 71 336 527
m 128 5 108 71 341 611
m 128 5 48 41 343 467
m 128 5 1802 59 347 618
m 128 5 119 54 358 600
m 128 5 116 52 375 531
m 128 5 96 77 385 671
m 128 5 256 14 400 560
m 128 5 610 21 417 658
m 128 5 110 30 455 571
m 128 5 600 2 510 1000
m 128 5 141 3 518 800
m 128 5 1154 1 690 1000
b 128 5 36 70
b 128 5 180 109
b 128 5 609 178
b 128 5 1 239
b 128 5 254 247
b 128 5 259 275
b 128 5 277 338
b 128 5 119 363
f 128 5 180 636
f 128 5 100 189
f 128 5 1 819
f 128 5 96 203
f 128 5 244 46
f 128 5 37 201
f 128 5 254 410
f 128 5 119 123
f 128 5 116 129
f 128 5 36 186
f 128 5 226 163
f 128 5 108 143
f 128 5 229 52
f 128 5 102 272
f 128 5 232 32
f 128 5 110 126
f 128 5 256 46
f 128 5 259 60
f 128 5 178 11
f 128 5 73 23
f 128 5 90 23
f 128 5 1802 11
f 128 5 223 17
f 128 5 610 69
f 128 5 123 29
h 129 3 3275 452 90
s 129 3 447 13,13,16,16,34
s 129 3 446 11,13,13,16,16,44
c 129 3 73 578 25 464
c 129 3 36 722 59 464
c 129 3 178 943 65 452
c 129 3 50 960 82 457
c 129 3 1 986 150 457
c 129 3 609 871 207 472
c 129 3 116 687 271 501
m 129 3 244 435 125 451
m 129 3 1 986 150 457
m 129 3 100 477 202 492
m 129 3 609 871 207 472
m 129 3 168 123 217 506
m 129 3 116 687 271 501
m 129 3 226 50 304 528
m 129 3 108 114 335 584
m 129 3 119 91 337 589
m 129 3 235 60 344 607
m 129 3 112 30 347 619
m 129 3 96 199 361 537
m 129 3 110 106 413 579
m 129 3 48 20 413 561
m 129 3 610 43 419 563
m 129 3 256 9 429 500
m 129 3 600 20 481 631
m 129 3 220 4 499 583
b 129 3 73 26
b 129 3 73 26
b 129 3 178 68
b 129 3 36 62
b 129 3 50 85
b 129 3 1 149
b 129 3 609 206
b 129 3 116 269
b 129 3 96 364
b 129 3 110 418
b 129 3 235 357
f 129 3 50 850
f 129 3 1 908
f 129 3 100 386
f 129 3 116 913
f 129 3 96 497
f 129 3 110 333
f 129 3 119 180
f 129 3 226 84
f 129 3 178 263
f 129 3 1802 20
f 129 3 600 83
f 129 3 108 179
f 129 3 73 29
f 129 3 36 68
f 129 3 168 119
f 129 3 156 26
f 129 3 90 20
f 129 3 112 56
f 129 3 610 138
f 129 3 225 39
f 129 3 37 15
f 129 3 123 42
f 129 3 256 29
f 129 3 133 18
f 129 3 114 20
f 129 3 232 14
f 129 3 81 18
f 129 3 143 11
h 131 5 5675 524 61
s 131 5 1144 16,16,34,43,44,237,1123
s 131 5 688 16,16,34,43,44,1123
c 131 5 36 759 71 531
c 131 5 180 806 115 535
c 131 5 1 570 263 593
m 131 5 244 471 127 530
m 131 5 1852 131 159 549
m 131 5 100 281 241 564
m 131 5 254 267 244 536
m 131 5 102 179 256 555
m 131 5 1 570 263 593
m 131 5 232 287 276 624
m 131 5 37 128 285 519
m 131 5 231 43 313 727
m 131 5 609 119 337 578
m 131 5 1466 36 350 660
m 131 5 226 37 351 627
m 131 5 108 135 373 674
m 131 5 256 58 390 664
m 131 5 96 33 437 613
m 131 5 610 8 453 574
m 131 5 48 13 478 718
m 131 5 220 2 573 643
m 131 5 1154 0 685 500
b 131 5 36 73
b 131 5 180 115
b 131 5 100 254
b 131 5 1 263
b 131 5 232 287
b 131 5 108 381
b 131 5 609 344
f 131 5 180 708
f 131 5 254 324
f 131 5 1 762
f 131 5 100 333
f 131 5 256 172
f 131 5 232 418
f 131 5 206 87
f 131 5 37 170
f 131 5 102 236
f 131 5 244 38
f 131 5 108 308
f 131 5 123 21
f 131 5 96 117
f 131 5 610 29
f 131 5 36 206
f 131 5 152 18
f 131 5 226 90
f 131 5 229 37
f 131 5 110 11
f 131 5 267 22
h 131 4 3422 500 37
s 131 4 674 16,16,34,42,43,44,237,1123
s 131 4 398 16,16,34,42,43,44,1123
c 131 4 36 741 73 509
c 131 4 180 733 114 509
c 131 4 1 615 257 578
m 131 4 244 526 122 506
m 131 4 1852 210 154 508
m 131 4 100 357 238 547
m 131 4 254 211 246 519
m 131 4 1 615 257 578
m 131 4 102 136 259 512
m 131 4 232 283 272 599
m 131 4 37 124 289 504
m 131 4 231 31 323 664
m 131 4 609 109 334 457
m 131 4 1466 51 346 602
m 131 4 226 33 349 482
m 131 4 1802 23 361 688
m 131 4 108 142 368 638
m 131 4 256 57 391 649
m 131 4 48 15 417 692
m 131 4 96 40 431 610
m 131 4 610 11 449 641
m 131 4 110 3 501 700
b 131 4 36 73
b 131 4 180 114
b 131 4 100 247
b 131 4 1 260
b 131 4 232 276
b 131 4 108 379
b 131 4 609 343
f 131 4 36 204
f 131 4 1 802
f 131 4 256 167
f 131 4 180 690
f 131 4 254 294
f 131 4 108 324
f 131 4 100 382
f 131 4 232 416
f 131 4 206 112
f 131 4 37 176
f 131 4 96 147
f 131 4 102 204
f 131 4 123 18
f 131 4 267 41
f 131 4 152 21
f 131 4 226 80
f 131 4 110 14
f 131 4 229 23
f 131 4 116 12
f 131 4 610 35
f 131 4 244 29
h 135 3 10750 513 91
s 135 3 2243 13,13,16,16,34
s 135 3 2115 11,13,13,16,16,44
c 135 3 73 603 24 518
c 135 3 178 984 48 514
c 135 3 36 765 57 521
c 135 3 50 988 79 513
c 135 3 252 883 146 529
c 135 3 609 902 197 537
c 135 3 939 788 205 568
c 135 3 116 631 270 558
m 135 3 252 883 146 529
m 135 3 127 72 170 450
m 135 3 609 902 197 537
m 135 3 939 788 205 568
m 135 3 168 200 228 604
m 135 3 116 631 270 558
m 135 3 1 158 291 616
m 135 3 226 47 293 541
m 135 3 108 60 301 580
m 135 3 119 58 331 662
m 135 3 112 266 339 687
m 135 3 225 95 353 622
m 135 3 208 97 395 667
m 135 3 156 23 399 707
m 135 3 141 12 403 624
m 135 3 96 17 413 592
m 135 3 110 7 448 640
m 135 3 600 18 455 707
m 135 3 48 4 464 543
m 135 3 133 5 474 640
m 135 3 220 2 576 706
m 135 3 1154 1 633 667
b 135 3 73 24
b 135 3 178 53
b 135 3 36 60
b 135 3 50 82
b 135 3 252 145
b 135 3 939 206
b 135 3 609 193
b 135 3 116 272
b 135 3 112 347
b 135 3 225 366
b 135 3 149 368
b 135 3 141 422
b 135 3 1 336
b 135 3 96 435
f 135 3 50 871
f 135 3 939 867
f 135 3 112 523
f 135 3 1 211
f 135 3 116 883
f 135 3 178 300
f 135 3 168 202
f 135 3 226 84
f 135 3 119 127
f 135 3 143 133
f 135 3 156 70
f 135 3 600 86
f 135 3 123 44
f 135 3 225 249
f 135 3 160 18
f 135 3 36 49
f 135 3 598 21
f 135 3 108 85
f 135 3 252 20
f 135 3 149 13
f 135 3 137 21
f 135 3 114 22
f 135 3 96 64
f 135 3 110 30
f 135 3 90 15
f 135 3 98 37
f 135 3 127 65
f 135 3 73 22
f 135 3 133 14
h 135 2 366 492 3
s 135 2 60 16,16,16,16,42,44,237
s 135 2 51 11,16,42,44,237
c 135 2 41 740 15 469
c 135 2 36 751 51 524
c 135 2 178 877 52 495
c 135 2 50 962 78 494
c 135 2 252 809 157 527
c 135 2 609 907 200 500
c 135 2 939 702 221 572
c 135 2 116 552 286 515
m 135 2 252 809 157 527
m 135 2 127 93 167 441
m 135 2 168 429 197 580
m 135 2 609 907 200 500
m 135 2 939 702 221 572
m 135 2 1 331 254 612
m 135 2 116 552 286 515
m 135 2 108 55 307 500
m 135 2 119 49 326 611
m 135 2 112 213 333 641
m 135 2 141 49 339 833
m 135 2 225 104 351 553
m 135 2 250 16 368 667
m 135 2 226 19 390 571
m 135 2 208 90 401 788
m 135 2 600 38 426 786
m 135 2 247 5 545 500
m 135 2 133 8 633 667
m 135 2 1154 3 660 0
b 135 2 41 15
b 135 2 36 54
b 135 2 178 57
b 135 2 50 82
b 135 2 252 180
b 135 2 939 252
b 135 2 609 213
b 135 2 116 292
b 135 2 225 339
f 135 2 50 783
f 135 2 939 833
f 135 2 112 433
f 135 2 225 233
f 135 2 116 800
f 135 2 119 117
f 135 2 256 33
f 135 2 235 33
f 135 2 168 383
f 135 2 1 317
f 135 2 143 83
f 135 2 600 150
f 135 2 610 17
f 135 2 127 67
f 135 2 147 17
f 135 2 160 50
f 135 2 178 200
f 135 2 114 33
f 135 2 98 33
f 135 2 252 33
f 135 2 96 33
f 135 2 226 67
f 135 2 137 50
f 135 2 249 33
f 135 2 598 17
f 135 2 247 17
f 135 2 41 33
f 135 2 133 33
f 135 2 156 33
f 135 2 141 67
f 135 2 162 17
f 135 2 267 17
f 135 2 110 17
f 135 2 108 50
f 135 2 36 50
f 135 2 135 17
h 135 4 235 489 2
s 135 4 24 29,42,43,1123
s 135 4 22 16,16,34,42,43,44,216,1123
c 135 4 178 506 65 445
c 135 4 36 779 69 486
c 135 4 180 540 110 543
m 135 4 244 272 122 500
m 135 4 1128 85 176 550
m 135 4 267 60 187 714
m 135 4 269 281 191 606
m 135 4 79 255 197 633
m 135 4 229 85 200 650
m 135 4 252 174 205 561
m 135 4 127 72 214 471
m 135 4 98 47 240 818
m 135 4 254 68 244 312
m 135 4 231 260 249 672
m 135 4 100 55 255 462
m 135 4 939 132 256 613
m 135 4 609 481 264 549
m 135 4 108 362 273 553
m 135 4 1802 47 277 727
m 135 4 1 72 291 765
m 135 4 90 123 305 655
m 135 4 226 98 308 696
m 135 4 119 64 321 800
m 135 4 37 47 333 182
m 135 4 116 115 335 556
m 135 4 112 51 378 750
m 135 4 110 38 381 667
m 135 4 133 4 560 1000
b 135 4 36 67
b 135 4 269 185
b 135 4 108 250
b 135 4 180 152
b 135 4 79 207
b 135 4 231 254
f 135 4 185 22
f 135 4 254 156
f 135 4 108 600
f 135 4 269 289
f 135 4 231 356
f 135 4 90 222
f 135 4 267 156
f 135 4 168 44
f 135 4 112 111
f 135 4 36 222
f 135 4 226 156
f 135 4 1 89
f 135 4 96 44
f 135 4 98 67
f 135 4 114 44
f 135 4 911 22
f 135 4 100 156
f 135 4 102 89
f 135 4 81 22
f 135 4 229 156
f 135 4 73 67
f 135 4 160 22
f 135 4 600 22
f 135 4 119 111
f 135 4 79 22
f 135 4 110 89
f 135 4 252 22
f 135 4 206 22
f 135 4 37 67
f 135 4 127 111
f 135 4 210 44
f 135 4 235 67
f 135 4 939 89
f 135 4 147 22
f 135 4 116 111
f 135 4 178 178
f 135 4 225 22
f 135 4 244 22
f 135 4 931 44
f 135 4 125 22
f 135 4 92 22
f 135 4 133 22
h 136 2 1305 583 34
s 136 2 225 16,16,16,16,42,44,237
s 136 2 173 11,16,16,16,42,44,237
c 136 2 41 795 15 568
c 136 2 36 847 46 587
c 136 2 50 985 72 584
c 136 2 108 605 200 629
c 136 2 116 930 228 573
c 136 2 609 674 235 596
c 136 2 1 698 243 648
m 136 2 174 77 154 560
m 136 2 108 605 200 629
m 136 2 116 930 228 573
m 136 2 609 674 235 596
m 136 2 1 698 243 648
m 136 2 911 54 312 629
m 136 2 225 134 345 623
m 136 2 141 178 348 642
m 136 2 135 91 373 563
m 136 2 208 120 408 699
m 136 2 600 5 547 857
m 136 2 133 3 565 750
m 136 2 1154 1 660 0
b 136 2 41 14
b 136 2 36 44
b 136 2 50 70
b 136 2 108 194
b 136 2 1 251
b 136 2 609 240
b 136 2 116 251
b 136 2 143 344
b 136 2 149 301
b 136 2 141 409
b 136 2 162 456
b 136 2 208 424
f 136 2 50 910
f 136 2 116 985
f 136 2 108 609
f 136 2 143 421
f 136 2 1 793
f 136 2 225 271
f 136 2 149 139
f 136 2 36 83
f 136 2 135 248
f 136 2 41 86
f 136 2 168 11
f 136 2 73 11
f 136 2 151 26
f 136 2 145 11
f 136 2 156 38
f 136 2 123 34
f 136 2 174 38
f 136 2 596 11
f 136 2 600 23
f 136 2 147 11
f 136 2 98 15
h 136 3 1048 550 21
s 136 3 103 11,13,16,16,20,44
s 136 3 96 16,20,34,44,237
c 136 3 36 842 54 565
c 136 3 50 969 79 557
c 136 3 116 820 214 573
c 136 3 609 513 251 602
c 136 3 1 572 261 649
m 136 3 108 425 210 652
m 136 3 116 820 214 573
m 136 3 609 513 251 602
m 136 3 1 572 261 649
m 136 3 225 133 336 655
m 136 3 141 153 353 638
m 136 3 135 79 379 614
m 136 3 208 105 395 673
m 136 3 1097 15 398 750
m 136 3 156 14 419 600
m 136 3 603 7 484 714
m 136 3 600 3 503 667
m 136 3 133 7 530 571
m 136 3 48 2 580 1000
m 136 3 247 1 630 1000
b 136 3 73 26
b 136 3 50 83
b 136 3 36 62
b 136 3 116 209
b 136 3 609 260
b 136 3 1 274
b 136 3 143 298
b 136 3 149 298
b 136 3 141 378
b 136 3 208 414
b 136 3 174 200
f 136 3 50 917
f 136 3 108 456
f 136 3 116 978
f 136 3 158 17
f 136 3 1 756
f 136 3 135 250
f 136 3 156 50
f 136 3 143 483
f 136 3 225 294
f 136 3 149 94
f 136 3 36 61
f 136 3 603 28
f 136 3 600 11
f 136 3 151 22
f 136 3 174 61
f 136 3 226 22
f 136 3 178 22
f 136 3 164 67
f 136 3 123 28
f 136 3 256 11
f 136 3 133 28
f 136 3 152 11
f 136 3 73 22
f 136 3 98 17
f 136 3 119 11
f 136 3 170 11
f 136 3 1854 11
f 136 3 112 11
f 136 3 145 11
h 136 4 719 414 22
s 136 4 146 29,42,43,1123
s 136 4 68 16,16,34,43,44,237,1123
c 136 4 36 730 70 448
c 136 4 50 826 115 426
m 136 4 185 49 177 429
m 136 4 1128 106 177 539
m 136 4 229 106 214 579
m 136 4 100 58 239 524
m 136 4 1 75 255 444
m 136 4 609 145 268 500
m 136 4 116 478 270 483
m 136 4 254 39 276 643
m 136 4 108 65 285 468
m 136 4 149 65 299 574
m 136 4 143 156 303 589
m 136 4 226 35 314 560
m 136 4 37 35 359 600
m 136 4 135 8 370 833
m 136 4 225 42 388 600
m 136 4 220 1 620 1000
b 136 4 73 70
b 136 4 36 69
b 136 4 50 116
b 136 4 116 268
b 136 4 143 302
b 136 4 81 307
f 136 4 50 846
f 136 4 116 785
f 136 4 143 369
f 136 4 149 108
f 136 4 249 15
f 136 4 36 431
f 136 4 102 62
f 136 4 254 92
f 136 4 37 123
f 136 4 100 62
f 136 4 178 31
f 136 4 225 246
f 136 4 229 138
f 136 4 226 169
f 136 4 610 15
f 136 4 596 31
f 136 4 151 15
f 136 4 210 15
f 136 4 267 62
f 136 4 256 46
f 136 4 81 77
f 136 4 108 108
f 136 4 73 108
f 136 4 635 15
f 136 4 232 62
f 136 4 244 92
f 136 4 931 31
f 136 4 137 15
f 136 4 1 15
f 136 4 92 15
f 136 4 569 31
f 136 4 250 15
f 136 4 127 15
f 136 4 135 31
f 136 4 90 15
f 136 4 65 15
f 136 4 162 15
h 136 5 681 404 17
s 136 5 75 29,42,43,1123
s 136 5 73 16,16,34,43,44,237,1123
c 136 5 36 739 69 416
c 136 5 50 862 115 411
c 136 5 116 576 269 482
m 136 5 100 53 229 417
m 136 5 229 44 247 300
m 136 5 254 60 247 537
m 136 5 116 576 269 482
m 136 5 609 178 273 430
m 136 5 108 66 300 511
m 136 5 1 219 312 564
m 136 5 226 35 334 667
m 136 5 141 16 369 636
m 136 5 225 40 386 593
m 136 5 48 4 410 667
m 136 5 135 10 419 286
m 136 5 208 19 422 538
m 136 5 96 3 520 500
b 136 5 73 66
b 136 5 73 66
b 136 5 50 112
b 136 5 36 68
b 136 5 116 269
b 136 5 143 327
b 136 5 162 436
b 136 5 208 427
b 136 5 1 346
f 136 5 569 54
f 136 5 36 378
f 136 5 50 883
f 136 5 116 829
f 136 5 102 63
f 136 5 225 117
f 136 5 143 423
f 136 5 73 126
f 136 5 244 126
f 136 5 90 36
f 136 5 1 441
f 136 5 135 54
f 136 5 108 162
f 136 5 254 81
f 136 5 100 45
f 136 5 81 27
f 136 5 210 18
f 136 5 162 18
f 136 5 37 45
f 136 5 149 90
f 136 5 226 90
f 136 5 232 27
f 136 5 267 18
f 136 5 185 18
f 136 5 96 18
f 136 5 229 27
h 137 3 2411 526 62
s 137 3 475 13,13,16,16,34
s 137 3 330 11,13,13,16,16,44
c 137 3 50 996 66 528
c 137 3 36 623 70 524
c 137 3 178 966 72 526
c 137 3 1 824 156 551
c 137 3 609 807 224 565
c 137 3 116 838 235 545
c 137 3 108 678 282 626
m 137 3 1 824 156 551
m 137 3 609 807 224 565
m 137 3 116 838 235 545
m 137 3 259 39 256 691
m 137 3 108 678 282 626
m 137 3 226 44 296 598
m 137 3 119 344 355 712
m 137 3 114 95 373 803
m 137 3 235 16 394 718
m 137 3 100 27 395 667
m 137 3 123 34 397 720
m 137 3 1856 70 403 762
m 137 3 121 63 417 803
m 137 3 48 19 462 809
m 137 3 600 30 509 740
m 137 3 220 14 514 697
m 137 3 610 14 523 765
m 137 3 1154 1 650 1000
b 137 3 73 22
b 137 3 50 64
b 137 3 178 72
b 137 3 36 68
b 137 3 1 161
b 137 3 609 235
b 137 3 116 228
b 137 3 108 302
b 137 3 119 366
b 137 3 123 419
b 137 3 600 517
f 137 3 50 874
f 137 3 178 170
f 137 3 1 751
f 137 3 116 972
f 137 3 108 753
f 137 3 119 742
f 137 3 114 232
f 137 3 600 128
f 137 3 123 92
f 137 3 610 57
f 137 3 226 81
f 137 3 37 51
f 137 3 603 11
f 137 3 244 25
f 137 3 1854 34
f 137 3 127 15
f 137 3 1466 26
f 137 3 36 17
f 137 3 100 30
f 137 3 190 17
f 137 3 154 11
h 137 2 1304 569 34
s 137 2 523 16,16,16,16,16,42,44
s 137 2 419 16,16,16,16,42,44,237
c 137 2 41 956 16 570
c 137 2 50 995 70 569
c 137 2 36 770 74 586
c 137 2 1 831 143 593
c 137 2 609 822 225 604
c 137 2 116 881 227 571
c 137 2 108 747 279 651
m 137 2 1 831 143 593
m 137 2 609 822 225 604
m 137 2 116 881 227 571
m 137 2 259 49 231 609
m 137 2 108 747 279 651
m 137 2 119 414 347 733
m 137 2 100 30 349 692
m 137 2 123 34 358 795
m 137 2 114 86 385 777
m 137 2 121 104 388 733
m 137 2 1856 84 392 700
m 137 2 610 15 437 789
m 137 2 48 14 498 778
m 137 2 600 34 500 841
m 137 2 220 11 515 714
m 137 2 133 3 558 750
b 137 2 41 16
b 137 2 50 68
b 137 2 36 73
b 137 2 1 145
b 137 2 116 225
b 137 2 609 239
b 137 2 108 292
b 137 2 119 355
b 137 2 190 363
b 137 2 121 402
b 137 2 600 492
f 137 2 50 892
f 137 2 36 47
f 137 2 1 735
f 137 2 116 978
f 137 2 119 774
f 137 2 108 710
f 137 2 114 219
f 137 2 37 47
f 137 2 1854 25
f 137 2 123 79
f 137 2 610 50
f 137 2 190 36
f 137 2 41 61
f 137 2 259 25
f 137 2 100 29
f 137 2 600 151
f 137 2 127 25
f 137 2 178 36
f 137 2 235 39
f 137 2 226 57
f 137 2 244 25
f 137 2 133 14
f 137 2 110 11
f 137 2 256 14
h 138 1 1602 492 73
s 138 1 445 36,237,237
s 138 1 397 16,36,237
c 138 1 36 915 -2 498
c 138 1 596 657 52 495
c 138 1 63 977 72 495
c 138 1 166 941 140 492
c 138 1 158 797 202 548
c 138 1 236 732 208 519
c 138 1 263 501 266 600
c 138 1 116 639 279 539
m 138 1 244 174 126 500
m 138 1 172 315 138 499
m 138 1 166 941 140 492
m 138 1 158 797 202 548
m 138 1 102 77 233 516
m 138 1 147 48 239 597
m 138 1 263 501 266 600
m 138 1 116 639 279 539
m 138 1 249 167 304 573
m 138 1 1 399 310 618
m 138 1 123 61 321 639
m 138 1 1858 75 328 700
m 138 1 141 383 342 664
m 138 1 135 105 353 574
m 138 1 156 125 388 706
m 138 1 247 16 388 600
m 138 1 609 76 395 631
m 138 1 603 164 422 703
m 138 1 96 16 431 654
m 138 1 48 12 438 650
m 138 1 133 21 494 706
m 138 1 110 6 504 600
m 138 1 220 7 543 583
m 138 1 1154 2 573 333
b 138 1 596 51
b 138 1 63 76
b 138 1 166 139
b 138 1 158 202
b 138 1 236 205
b 138 1 263 270
b 138 1 116 293
b 138 1 149 319
b 138 1 141 356
b 138 1 1 342
b 138 1 603 433
b 138 1 609 436
b 138 1 26 205
f 138 1 63 387
f 138 1 123 90
f 138 1 1806 48
f 138 1 603 520
f 138 1 116 859
f 138 1 1 225
f 138 1 158 895
f 138 1 135 246
f 138 1 156 324
f 138 1 152 18
f 138 1 110 12
f 138 1 160 24
f 138 1 236 36
f 138 1 133 48
f 138 1 149 45
f 138 1 247 15
f 138 1 96 39
f 138 1 596 15
f 138 1 166 15
h 138 4 206 417 11
s 138 4 43 16,16,20,43,44,237,1123
s 138 4 24 16,16,34,42,43,44,237,1123
c 138 4 36 752 73 445
c 138 4 180 539 118 486
c 138 4 108 583 275 517
m 138 4 214 58 135 333
m 138 4 1852 233 135 417
m 138 4 63 184 197 289
m 138 4 65 58 200 333
m 138 4 100 102 263 524
m 138 4 102 199 264 390
m 138 4 108 583 275 517
m 138 4 534 24 278 400
m 138 4 232 58 282 583
m 138 4 1 102 304 762
m 138 4 609 58 315 667
m 138 4 259 44 326 667
m 138 4 152 29 337 667
m 138 4 1466 160 340 606
m 138 4 226 24 360 800
m 138 4 235 39 381 625
m 138 4 256 10 390 500
m 138 4 158 19 402 250
m 138 4 48 19 460 1000
m 138 4 96 5 500 0
m 138 4 1856 10 515 1000
m 138 4 141 5 550 0
b 138 4 77 47
b 138 4 36 83
b 138 4 180 114
b 138 4 206 236
b 138 4 108 280
b 138 4 1466 337
f 138 4 244 62
f 138 4 108 938
f 138 4 249 62
f 138 4 36 250
f 138 4 180 594
f 138 4 1856 62
f 138 4 102 219
f 138 4 1 188
f 138 4 92 31
f 138 4 254 31
f 138 4 100 156
f 138 4 232 125
f 138 4 226 94
f 138 4 90 62
f 138 4 116 31
f 138 4 263 31
f 138 4 206 156
f 138 4 1802 31
f 138 4 158 62
f 138 4 141 31
f 138 4 256 62
f 138 4 77 62
f 138 4 259 62
f 138 4 610 31
f 138 4 65 31
f 138 4 119 31
f 138 4 534 31
f 138 4 96 31
h 145 1 2887 483 66
s 145 1 588 11,16,16,34,44,237
s 145 1 475 36,237,237
c 145 1 36 865 30 489
c 145 1 63 990 58 482
c 145 1 598 844 124 489
c 145 1 168 1000 177 483
c 145 1 108 770 256 530
c 145 1 116 668 270 481
m 145 1 598 844 124 489
m 145 1 168 1000 177 483
m 145 1 147 119 240 551
m 145 1 108 770 256 530
m 145 1 116 668 270 481
m 145 1 1 320 322 566
m 145 1 26 51 333 608
m 145 1 123 67 334 568
m 145 1 139 102 351 619
m 145 1 135 134 353 530
m 145 1 141 262 355 591
m 145 1 160 40 370 672
m 145 1 225 52 393 556
m 145 1 156 94 403 594
m 145 1 609 39 418 571
m 145 1 603 107 427 665
m 145 1 48 8 460 625
m 145 1 133 18 483 392
m 145 1 256 2 543 333
m 145 1 220 4 573 455
m 145 1 133 2 596 857
m 145 1 133 0 720 0
b 145 1 75 24
b 145 1 36 30
b 145 1 63 56
b 145 1 598 123
b 145 1 168 177
b 145 1 116 268
b 145 1 108 265
b 145 1 149 330
b 145 1 141 362
b 145 1 156 422
b 145 1 123 382
f 145 1 63 405
f 145 1 598 455
f 145 1 168 960
f 145 1 135 291
f 145 1 116 890
f 145 1 1 302
f 145 1 603 348
f 145 1 225 146
f 145 1 147 135
f 145 1 133 56
f 145 1 123 124
f 145 1 139 208
f 145 1 108 412
f 145 1 160 79
f 145 1 149 43
f 145 1 156 250
f 145 1 277 17
h 145 2 1384 451 27
s 145 2 307 14,16,20,20,42,237
s 145 2 120 16,16,20,20,42,44,237
c 145 2 36 704 48 463
c 145 2 63 915 73 443
c 145 2 598 548 135 431
c 145 2 168 763 172 467
c 145 2 108 714 247 526
m 145 2 267 70 131 546
m 145 2 598 548 135 431
m 145 2 168 763 172 467
m 145 2 147 95 241 496
m 145 2 108 714 247 526
m 145 2 277 149 252 553
m 145 2 1 416 285 585
m 145 2 116 491 295 471
m 145 2 123 47 322 662
m 145 2 119 38 328 731
m 145 2 609 40 333 582
m 145 2 225 87 361 542
m 145 2 139 24 362 758
m 145 2 141 182 363 587
m 145 2 135 76 375 514
m 145 2 249 7 411 667
m 145 2 48 11 433 800
m 145 2 603 43 436 633
m 145 2 96 8 450 636
m 145 2 133 9 464 333
b 145 2 75 23
b 145 2 36 45
b 145 2 63 70
b 145 2 598 129
b 145 2 168 189
b 145 2 108 267
b 145 2 116 302
b 145 2 149 340
b 145 2 141 370
b 145 2 26 384
b 145 2 156 410
f 145 2 168 761
f 145 2 1 518
f 145 2 116 844
f 145 2 160 47
f 145 2 225 236
f 145 2 135 221
f 145 2 108 591
f 145 2 149 83
f 145 2 603 167
f 145 2 63 529
f 145 2 96 36
f 145 2 156 47
f 145 2 598 388
f 145 2 123 72
f 145 2 139 54
f 145 2 174 14
f 145 2 133 25
f 145 2 267 43
f 145 2 119 58
f 145 2 235 25
f 145 2 114 11
f 145 2 110 18
f 145 2 170 11
f 145 2 36 22
h 145 3 219 466 5
s 145 3 26 14,16,20,20,44
s 145 3 24 16,16,20,20,44,237
c 145 3 36 703 37 448
c 145 3 63 932 77 475
c 145 3 598 680 144 483
c 145 3 108 653 264 573
m 145 3 267 73 143 562
m 145 3 598 680 144 483
m 145 3 168 434 183 453
m 145 3 277 265 212 586
m 145 3 147 160 238 457
m 145 3 108 653 264 573
m 145 3 119 132 290 655
m 145 3 1 393 309 605
m 145 3 116 411 315 511
m 145 3 160 41 333 667
m 145 3 1802 46 359 600
m 145 3 139 37 360 125
m 145 3 135 78 378 471
m 145 3 141 110 393 458
m 145 3 225 50 406 727
m 145 3 603 37 424 375
m 145 3 208 23 424 600
m 145 3 604 27 437 667
m 145 3 110 41 437 667
m 145 3 609 18 442 500
m 145 3 1856 5 560 1000
b 145 3 36 33
b 145 3 63 78
b 145 3 598 134
b 145 3 168 187
b 145 3 108 271
b 145 3 116 308
b 145 3 225 410
f 145 3 277 439
f 145 3 116 683
f 145 3 250 49
f 145 3 225 122
f 145 3 1 463
f 145 3 256 24
f 145 3 63 512
f 145 3 119 220
f 145 3 108 585
f 145 3 604 122
f 145 3 147 220
f 145 3 168 341
f 145 3 110 171
f 145 3 149 24
f 145 3 267 49
f 145 3 160 49
f 145 3 135 195
f 145 3 156 24
f 145 3 598 366
f 145 3 139 98
f 145 3 143 24
f 145 3 1858 24
f 145 3 145 73
f 145 3 603 146
f 145 3 123 49
f 145 3 600 24
f 145 3 1856 24
f 145 3 81 24
f 145 3 154 24
f 145 3 1854 49
f 145 3 152 24
f 145 3 121 24
f 145 3 210 24
f 145 3 226 24
f 145 3 100 24
h 155 3 2054 504 59
s 155 3 607 13,13,16,16,34
s 155 3 207 13,13,16,34,237
c 155 3 178 985 54 505
c 155 3 36 761 64 519
c 155 3 50 933 75 511
c 155 3 259 850 152 506
c 155 3 273 594 216 558
c 155 3 609 703 254 581
m 155 3 267 64 130 500
m 155 3 223 157 158 520
m 155 3 137 51 198 567
m 155 3 273 594 216 558
m 155 3 235 221 240 585
m 155 3 609 703 254 581
m 155 3 226 302 258 547
m 155 3 100 36 261 541
m 155 3 108 412 293 604
m 155 3 116 365 310 549
m 155 3 119 158 341 625
m 155 3 123 106 355 661
m 155 3 1856 82 376 698
m 155 3 256 14 402 517
m 155 3 96 20 412 463
m 155 3 48 21 424 636
m 155 3 114 4 447 556
m 155 3 600 2 518 500
m 155 3 220 6 552 692
m 155 3 152 0 720 1000
b 155 3 73 22
b 155 3 73 22
b 155 3 36 61
b 155 3 178 57
b 155 3 50 72
b 155 3 259 148
b 155 3 273 210
b 155 3 226 273
b 155 3 609 256
b 155 3 108 293
f 155 3 178 315
f 155 3 50 815
f 155 3 108 571
f 155 3 116 639
f 155 3 37 98
f 155 3 259 43
f 155 3 119 340
f 155 3 90 16
f 155 3 244 11
f 155 3 226 391
f 155 3 96 60
f 155 3 256 46
f 155 3 267 33
f 155 3 36 46
f 155 3 123 258
f 155 3 223 117
f 155 3 137 62
f 155 3 269 30
f 155 3 100 54
f 155 3 102 16
f 155 3 1808 19
f 155 3 114 19
f 155 3 600 11
f 155 3 1854 46
f 155 3 1802 14
f 155 3 232 16
f 155 3 610 33
f 155 3 254 43
f 155 3 133 11
h 155 2 469 510 12
s 155 2 254 16,16,16,16,42,44,237
s 155 2 135 16,16,16,16,16,42,44
c 155 2 41 972 15 509
c 155 2 36 928 46 515
c 155 2 92 529 72 524
c 155 2 178 644 82 483
c 155 2 50 774 105 515
c 155 2 267 514 125 527
c 155 2 259 810 179 550
c 155 2 273 569 246 581
m 155 2 267 514 125 527
m 155 2 223 109 185 784
m 155 2 137 96 190 533
m 155 2 273 569 246 581
m 155 2 48 49 270 739
m 155 2 108 499 283 564
m 155 2 609 467 283 630
m 155 2 235 81 286 605
m 155 2 226 141 292 636
m 155 2 116 426 300 515
m 155 2 119 126 347 593
m 155 2 123 72 360 647
m 155 2 1856 77 365 722
m 155 2 96 23 392 818
m 155 2 100 9 392 250
m 155 2 220 13 487 667
m 155 2 610 4 540 500
b 155 2 41 14
b 155 2 36 50
b 155 2 178 96
b 155 2 50 121
b 155 2 92 76
b 155 2 267 126
b 155 2 259 201
b 155 2 273 262
b 155 2 609 290
b 155 2 108 294
b 155 2 116 314
f 155 2 50 714
f 155 2 267 429
f 155 2 204 13
f 155 2 119 260
f 155 2 226 260
f 155 2 36 91
f 155 2 1107 91
f 155 2 108 649
f 155 2 37 117
f 155 2 116 753
f 155 2 123 221
f 155 2 137 104
f 155 2 96 78
f 155 2 178 169
f 155 2 65 13
f 155 2 102 26
f 155 2 232 26
f 155 2 259 13
f 155 2 1854 13
f 155 2 41 52
f 155 2 256 13
f 155 2 133 13
f 155 2 223 52
f 155 2 121 39
f 155 2 610 26
f 155 2 1802 13
f 155 2 168 13
f 155 2 600 13
f 155 2 269 13
f 155 2 1 26
f 155 2 1808 13
f 155 2 1466 13
h 155 4 540 519 12
s 155 4 80 29,42,43,1123
s 155 4 59 16,16,34,42,43,44,1123
c 155 4 36 819 90 518
c 155 4 180 965 113 524
m 155 4 244 383 125 551
m 155 4 1852 57 164 677
m 155 4 269 417 210 556
m 155 4 1128 109 213 627
m 155 4 254 465 247 546
m 155 4 79 117 250 635
m 155 4 229 122 256 636
m 155 4 102 78 259 476
m 155 4 100 72 259 692
m 155 4 609 478 268 620
m 155 4 232 65 275 629
m 155 4 231 139 296 707
m 155 4 226 257 328 561
m 155 4 90 33 338 778
m 155 4 123 30 363 750
m 155 4 273 31 375 765
m 155 4 108 69 388 541
m 155 4 256 15 402 500
m 155 4 116 22 423 833
m 155 4 119 11 428 667
m 155 4 610 13 440 857
m 155 4 1856 13 446 571
m 155 4 96 9 466 400
m 155 4 48 9 486 600
m 155 4 1154 2 540 1000
b 155 4 178 120
b 155 4 36 91
b 155 4 180 112
b 155 4 254 247
b 155 4 609 274
b 155 4 269 208
b 155 4 231 293
f 155 4 180 705
f 155 4 254 621
f 155 4 226 547
f 155 4 108 126
f 155 4 269 421
f 155 4 610 53
f 155 4 36 263
f 155 4 232 137
f 155 4 37 158
f 155 4 178 137
f 155 4 273 74
f 155 4 123 63
f 155 4 96 42
f 155 4 1 21
f 155 4 256 32
f 155 4 185 21
f 155 4 102 105
f 155 4 223 21
f 155 4 90 84
f 155 4 1854 21
f 155 4 244 42
f 155 4 116 84
f 155 4 267 42
f 155 4 229 126
f 155 4 210 11
f 155 4 119 32
f 155 4 73 11
f 155 4 100 105
f 155 4 81 32
f 155 4 1802 11
f 155 4 225 11
f 155 4 92 11
f 155 4 242 11
f 155 4 77 21
h 155 5 622 492 14
s 155 5 75 16,16,34,43,44,1123
s 155 5 61 16,16,34,43,44,237,1123
c 155 5 36 815 83 507
c 155 5 180 949 114 503
m 155 5 178 233 121 503
m 155 5 1852 55 186 353
m 155 5 269 347 211 523
m 155 5 1128 117 218 507
m 155 5 254 444 248 533
m 155 5 79 135 254 667
m 155 5 232 61 255 632
m 155 5 229 111 255 536
m 155 5 609 474 275 542
m 155 5 102 93 288 466
m 155 5 100 71 300 636
m 155 5 231 150 302 688
m 155 5 226 238 331 568
m 155 5 273 32 366 500
m 155 5 108 48 400 500
m 155 5 1856 14 407 778
m 155 5 119 14 408 556
m 155 5 116 14 414 111
m 155 5 123 29 418 611
m 155 5 96 10 465 333
m 155 5 48 8 494 400
m 155 5 610 5 630 333
m 155 5 220 2 660 0
b 155 5 36 84
b 155 5 180 115
b 155 5 269 211
b 155 5 254 248
b 155 5 609 277
b 155 5 226 338
b 155 5 108 413
f 155 5 254 609
f 155 5 102 155
f 155 5 226 555
f 155 5 269 336
f 155 5 108 145
f 155 5 37 218
f 155 5 180 655
f 155 5 100 91
f 155 5 178 155
f 155 5 90 36
f 155 5 232 127
f 155 5 259 18
f 155 5 229 109
f 155 5 123 109
f 155 5 36 173
f 155 5 116 55
f 155 5 119 55
f 155 5 81 27
f 155 5 610 27
f 155 5 96 36
f 155 5 244 73
f 155 5 256 27
f 155 5 1852 36
f 155 5 235 18
f 155 5 1 73
f 155 5 267 18
