n 51607
q 0.67783 0.5986
c 913
b 1 -147
b 2 -712
b 3 874
b 4 733
b 5 505
b 6 -1916
b 7 608
b 8 1132
b 9 1210
b 10 134
b 11 -1012
b 12 831
b 13 -189
b 14 122
b 15 -315
b 16 -1010
b 17 -144
b 18 721
b 19 -1701
b 20 -400
b 21 495
b 22 -481
b 23 109
b 25 -179
b 26 -1178
b 27 -347
b 28 139
b 29 -751
b 30 -519
b 31 125
b 32 683
b 33 2589
b 34 -129
b 35 -1344
b 36 128
b 37 -1127
b 38 315
b 39 -1059
b 40 -552
b 41 -341
b 42 546
b 43 -1112
b 44 -268
b 45 1239
b 46 -1452
b 47 -340
b 48 366
b 49 1526
b 50 436
b 51 533
b 52 788
b 53 -1451
b 54 73
b 55 742
b 56 -108
b 57 876
b 58 126
b 59 -1609
b 60 196
b 61 211
b 62 3354
b 63 -989
b 64 -798
b 65 -253
b 66 -151
b 67 70
b 68 -627
b 69 -84
b 70 -753
b 71 1218
b 72 -878
b 73 -569
b 74 457
b 75 -785
b 76 880
b 77 1483
b 78 1304
b 79 -1024
b 80 158
b 81 145
b 82 1603
b 83 954
b 84 -308
b 85 110
b 86 1030
b 87 239
b 88 1894
b 89 729
b 90 1882
b 91 627
b 92 2127
b 93 1038
b 94 -891
b 95 778
b 96 -173
b 97 -592
b 98 -1643
b 99 -1722
b 100 253
b 101 -391
b 102 251
b 103 1629
b 104 664
b 105 1124
b 106 1019
b 107 1014
b 108 -1230
b 109 -853
b 110 911
b 111 -78
b 112 1425
b 113 777
b 114 -797
b 119 583
b 120 -842
b 121 201
b 123 -403
b 126 -159
b 128 -341
b 129 -894
b 131 196
b 135 654
b 136 -54
b 137 455
b 138 -1039
b 145 -1028
b 155 1752
s 1 2 203
v 1 2 -1821
s 1 3 196
v 1 3 330
s 1 4 -56
v 1 4 119
s 1 5 -233
v 1 5 -525
s 1 6 -13
v 1 6 -300
s 1 7 201
v 1 7 -717
s 1 8 -87
v 1 8 166
s 1 9 88
v 1 9 -550
s 1 10 -57
v 1 10 355
s 1 11 88
v 1 11 -661
s 1 12 -31
v 1 12 812
s 1 13 83
v 1 13 -191
s 1 14 -407
v 1 14 236
s 1 15 77
v 1 15 555
s 1 16 -44
v 1 16 76
s 1 17 -65
v 1 17 245
s 1 18 -108
v 1 18 -683
s 1 19 -162
v 1 19 58
s 1 20 91
v 1 20 -348
s 1 21 -209
v 1 21 415
s 1 22 -143
v 1 22 154
s 1 23 14
v 1 23 -323
s 1 25 -138
v 1 25 535
s 1 26 -214
v 1 26 -764
s 1 27 40
s 1 28 21
v 1 28 -261
s 1 29 188
v 1 29 716
s 1 30 40
v 1 30 259
s 1 31 143
v 1 31 61
s 1 32 -17
v 1 32 194
s 1 33 93
v 1 33 -139
s 1 34 -87
v 1 34 982
s 1 35 59
v 1 35 -624
s 1 36 -348
v 1 36 940
s 1 37 95
v 1 37 -113
s 1 39 32
v 1 39 -22
s 1 40 121
v 1 40 477
v 1 41 153
s 1 42 64
v 1 42 609
s 1 43 28
v 1 43 348
s 1 44 -25
v 1 44 -939
s 1 45 78
v 1 45 464
s 1 46 -69
v 1 46 -707
v 1 47 -244
s 1 48 -31
v 1 48 -600
v 1 49 476
s 1 50 229
v 1 50 -102
s 1 51 60
v 1 51 189
s 1 52 -49
v 1 52 432
s 1 53 118
v 1 53 370
s 1 54 -95
v 1 54 501
s 1 55 6
v 1 55 -20
s 1 56 -58
v 1 56 73
s 1 57 27
v 1 57 -129
v 1 58 -381
s 1 59 -45
v 1 59 -1074
s 1 60 -169
v 1 60 -801
s 1 61 119
v 1 61 68
s 1 62 80
v 1 62 322
s 1 63 14
v 1 63 30
s 1 64 -60
v 1 64 -320
s 1 65 -97
v 1 65 126
s 1 66 -44
v 1 66 -114
s 1 67 -38
v 1 67 465
s 1 68 -40
v 1 68 187
s 1 69 159
v 1 69 -454
s 1 70 25
v 1 70 -783
s 1 71 -254
v 1 71 -592
s 1 72 36
v 1 72 510
s 1 73 87
v 1 73 75
s 1 74 194
v 1 74 211
s 1 75 -57
v 1 75 13
s 1 76 -98
v 1 76 720
s 1 77 53
v 1 77 77
s 1 78 -79
v 1 78 872
s 1 79 -6
v 1 79 17
s 1 80 128
v 1 80 -184
s 1 81 -5
v 1 81 37
s 1 82 -29
v 1 82 -243
s 1 83 117
v 1 83 60
s 1 84 -126
v 1 84 1146
s 1 85 115
v 1 85 246
s 1 86 64
v 1 86 325
s 1 87 -232
v 1 87 -633
s 1 88 93
v 1 88 -516
s 1 89 -11
v 1 89 313
s 1 90 44
v 1 90 296
s 1 91 72
v 1 91 17
s 1 92 -98
v 1 92 18
s 1 93 -107
v 1 93 -249
v 1 94 351
s 1 95 -18
v 1 95 -552
s 1 96 -27
v 1 96 -486
s 1 97 16
v 1 97 -1232
s 1 98 -133
v 1 98 87
s 1 99 16
v 1 99 796
s 1 100 -231
v 1 100 -245
s 1 101 -163
v 1 101 359
s 1 102 124
v 1 102 322
s 1 103 20
v 1 103 -149
s 1 104 -62
v 1 104 -892
s 1 105 13
v 1 105 -420
s 1 106 -13
v 1 106 85
s 1 107 21
v 1 107 -220
s 1 108 185
v 1 108 -32
s 1 109 -17
v 1 109 491
s 1 110 -88
v 1 110 -318
s 1 111 158
v 1 111 63
s 1 112 97
v 1 112 471
s 1 113 62
v 1 113 199
s 1 114 66
v 1 114 -767
s 1 119 82
v 1 119 717
s 1 120 112
v 1 120 172
s 1 121 104
v 1 121 519
s 1 123 116
v 1 123 -210
s 1 126 -179
v 1 126 187
s 1 128 -35
v 1 128 -478
s 1 129 131
v 1 129 132
s 1 131 -21
v 1 131 335
s 1 135 150
v 1 135 -68
s 1 136 -46
v 1 136 -91
s 1 137 16
v 1 137 -75
s 1 138 -74
v 1 138 277
s 1 145 -85
v 1 145 -368
s 1 155 -21
v 1 155 287
s 2 3 -52
v 2 3 -76
s 2 4 -40
v 2 4 -112
s 2 5 67
v 2 5 -85
s 2 6 -193
v 2 6 -87
s 2 7 -8
v 2 7 -5
s 2 8 70
v 2 8 922
s 2 9 204
v 2 9 98
s 2 10 142
v 2 10 686
s 2 11 -33
v 2 11 -81
s 2 12 134
v 2 12 1357
s 2 13 -141
v 2 13 177
s 2 14 -374
v 2 14 -505
s 2 15 -19
v 2 15 -196
v 2 16 22
s 2 17 -203
v 2 17 206
s 2 18 46
v 2 18 -624
s 2 19 -30
v 2 19 -491
s 2 20 -65
v 2 20 -715
s 2 21 -66
v 2 21 914
s 2 22 195
v 2 22 -680
s 2 23 72
v 2 23 -230
s 2 25 -177
v 2 25 567
s 2 26 -401
v 2 26 333
s 2 27 -181
v 2 27 208
v 2 28 -516
s 2 29 -131
v 2 29 -295
s 2 30 -89
v 2 30 -391
s 2 31 -117
v 2 31 97
s 2 32 -60
v 2 32 -425
s 2 33 -26
v 2 33 -209
s 2 34 165
v 2 34 110
s 2 35 -58
v 2 35 950
s 2 36 -62
v 2 36 -996
s 2 37 32
v 2 37 548
s 2 38 125
v 2 38 -85
s 2 39 -147
v 2 39 -509
s 2 40 47
v 2 40 -618
s 2 41 -214
v 2 41 22
s 2 42 -75
v 2 42 -128
s 2 43 -22
v 2 43 -63
s 2 44 -70
v 2 44 1131
s 2 45 34
s 2 46 157
v 2 46 -219
s 2 47 -62
v 2 47 -84
s 2 48 -44
v 2 48 173
s 2 49 -189
v 2 49 -955
s 2 50 110
v 2 50 397
s 2 51 -50
v 2 51 -18
v 2 52 -134
s 2 53 -38
v 2 53 55
s 2 54 427
v 2 54 -1113
s 2 55 -79
v 2 55 -12
s 2 56 85
s 2 57 145
v 2 57 169
s 2 58 73
v 2 58 -56
s 2 59 165
v 2 59 237
s 2 60 -22
v 2 60 -713
s 2 61 -52
v 2 61 256
s 2 62 55
v 2 62 -388
s 2 63 -15
v 2 63 237
s 2 64 261
v 2 64 9
s 2 65 -21
v 2 65 -222
s 2 66 -10
v 2 66 -119
s 2 67 171
v 2 67 -1218
s 2 68 216
v 2 68 68
s 2 69 -82
v 2 69 66
s 2 70 -158
v 2 70 8
s 2 71 -370
v 2 71 376
s 2 72 135
v 2 72 413
s 2 73 -71
v 2 73 -86
s 2 74 25
v 2 74 -377
s 2 75 415
v 2 75 95
s 2 76 -166
v 2 76 -499
s 2 77 -36
v 2 77 121
s 2 78 -44
v 2 78 -213
s 2 79 -25
v 2 79 -542
s 2 80 36
v 2 80 -475
s 2 81 -115
v 2 81 435
v 2 82 138
s 2 83 33
v 2 83 -30
s 2 84 140
v 2 84 -408
s 2 85 313
v 2 85 -377
s 2 86 -22
v 2 86 707
s 2 87 29
v 2 87 421
s 2 88 84
v 2 88 -110
s 2 89 49
v 2 89 170
s 2 90 -53
v 2 90 -117
s 2 91 153
v 2 91 183
s 2 92 42
v 2 92 175
s 2 93 -224
v 2 93 -59
s 2 94 53
v 2 94 187
s 2 95 38
v 2 95 -241
v 2 96 -702
s 2 97 -347
v 2 97 139
s 2 98 -16
v 2 98 -458
s 2 99 -31
v 2 99 354
s 2 100 -81
v 2 100 -246
s 2 101 126
v 2 101 -321
s 2 102 81
v 2 102 -297
s 2 103 -46
v 2 103 54
s 2 104 -294
v 2 104 -11
s 2 105 -227
v 2 105 -64
s 2 106 51
v 2 106 -199
s 2 107 129
v 2 107 -548
s 2 108 -75
v 2 108 395
s 2 109 100
v 2 109 919
s 2 110 200
v 2 110 -315
s 2 111 77
v 2 111 -185
v 2 112 225
s 2 113 91
v 2 113 -141
s 2 114 44
v 2 114 417
s 2 119 -130
v 2 119 578
s 2 120 -175
v 2 121 -24
s 2 123 19
v 2 123 228
s 2 126 -90
v 2 126 564
s 2 128 -24
v 2 128 47
s 2 129 36
v 2 129 -340
s 2 131 152
v 2 131 -268
s 2 135 -57
v 2 135 -449
s 2 136 32
v 2 136 1153
s 2 137 -11
v 2 137 -157
s 2 138 175
v 2 138 585
s 2 145 80
v 2 145 -127
s 2 155 -6
v 2 155 143
s 3 4 -11
v 3 4 -78
s 3 5 128
v 3 5 58
s 3 6 -156
v 3 6 -199
s 3 7 -80
v 3 7 238
s 3 8 -129
v 3 8 -249
s 3 9 -86
v 3 9 87
s 3 10 -66
v 3 10 85
s 3 11 28
v 3 11 -270
s 3 12 17
v 3 12 -295
s 3 13 37
v 3 13 64
s 3 14 -69
v 3 14 -155
s 3 15 56
v 3 15 48
s 3 16 55
v 3 16 49
s 3 17 33
v 3 17 94
s 3 18 60
v 3 18 -166
s 3 19 -9
v 3 19 -133
s 3 20 -44
v 3 20 124
s 3 21 -112
v 3 21 155
v 3 22 212
s 3 23 -43
v 3 23 261
s 3 25 -83
v 3 25 -99
s 3 26 36
v 3 26 -161
s 3 27 -76
v 3 27 17
s 3 28 -15
v 3 28 286
s 3 29 68
v 3 29 -378
v 3 30 -35
v 3 31 -44
s 3 32 -22
v 3 32 -247
s 3 33 110
v 3 33 77
s 3 34 -19
v 3 34 160
s 3 35 123
v 3 35 26
v 3 36 -255
s 3 37 31
v 3 37 -182
s 3 38 -12
v 3 38 -115
s 3 39 69
v 3 39 57
s 3 40 -35
v 3 40 360
s 3 41 -45
v 3 41 380
s 3 42 -26
v 3 42 160
s 3 43 6
v 3 43 244
s 3 44 26
v 3 44 220
v 3 45 9
s 3 46 18
v 3 46 -58
s 3 47 37
v 3 47 156
s 3 48 -78
v 3 48 377
v 3 49 -164
s 3 50 30
v 3 50 -171
s 3 51 94
v 3 51 67
s 3 52 22
v 3 52 -10
s 3 53 -62
v 3 53 -388
s 3 54 -70
v 3 54 485
s 3 55 63
v 3 55 48
s 3 56 -13
v 3 56 241
s 3 57 -27
v 3 57 -134
s 3 58 -26
v 3 58 -131
s 3 59 5
v 3 59 52
s 3 60 -16
v 3 60 -40
s 3 61 -43
v 3 61 -130
s 3 62 56
v 3 62 188
v 3 63 -30
s 3 64 -5
v 3 64 377
s 3 65 -35
v 3 65 91
v 3 66 13
s 3 67 -7
v 3 67 -55
s 3 68 -53
v 3 68 322
s 3 69 -10
v 3 69 89
s 3 70 79
v 3 70 -130
s 3 71 -83
v 3 71 -610
s 3 72 34
v 3 72 97
s 3 73 -15
v 3 73 46
s 3 74 6
v 3 74 19
v 3 75 -131
s 3 76 -16
v 3 76 125
v 3 77 -233
s 3 78 51
v 3 78 -228
s 3 79 -36
v 3 79 71
s 3 80 10
v 3 80 37
s 3 81 -32
v 3 81 -219
s 3 82 53
v 3 82 -44
s 3 83 -81
v 3 83 -5
s 3 84 39
v 3 84 -6
s 3 85 14
v 3 85 -251
s 3 86 -142
v 3 86 -525
s 3 87 -54
v 3 87 38
s 3 88 -31
v 3 88 -334
s 3 89 44
v 3 89 -26
v 3 90 146
s 3 91 66
s 3 92 37
v 3 92 -362
s 3 93 120
v 3 93 -484
s 3 94 61
v 3 94 78
s 3 95 -28
v 3 95 -75
s 3 96 -52
v 3 96 152
s 3 97 7
v 3 97 280
s 3 98 -43
v 3 98 380
s 3 99 30
v 3 99 -28
s 3 100 45
v 3 100 -47
s 3 101 42
v 3 101 -90
s 3 102 -40
v 3 102 -13
v 3 103 116
s 3 104 -54
v 3 104 43
s 3 105 47
v 3 105 183
s 3 106 75
v 3 106 23
s 3 107 13
v 3 107 68
s 3 108 65
v 3 108 -339
s 3 109 17
v 3 109 -143
s 3 110 -65
v 3 110 295
s 3 111 11
v 3 111 178
s 3 112 -101
v 3 112 -206
s 3 113 -31
v 3 113 58
s 3 114 81
v 3 114 16
s 3 119 53
v 3 119 -68
v 3 120 -90
s 3 121 34
v 3 121 195
s 3 123 -10
v 3 123 15
s 3 126 -22
v 3 126 387
s 3 128 49
v 3 128 -49
s 3 129 5
v 3 129 94
s 3 131 -26
v 3 131 43
s 3 135 12
v 3 135 -52
s 3 136 90
v 3 136 185
v 3 137 139
s 3 138 -120
v 3 138 50
s 3 145 27
v 3 145 -31
s 3 155 -15
v 3 155 -53
s 4 5 182
v 4 5 121
s 4 6 126
v 4 6 -190
s 4 7 102
v 4 7 53
v 4 8 -331
s 4 9 -63
v 4 9 -176
s 4 10 -10
v 4 10 112
s 4 11 -23
v 4 11 97
s 4 12 20
v 4 12 -234
s 4 13 -29
v 4 13 206
s 4 14 -6
s 4 15 -73
v 4 16 95
s 4 17 -75
v 4 17 -267
s 4 18 -6
v 4 18 231
s 4 19 10
v 4 19 -87
s 4 20 31
v 4 20 28
s 4 21 -60
v 4 21 -257
s 4 22 41
v 4 22 48
s 4 23 47
v 4 23 134
s 4 25 -98
v 4 25 68
s 4 26 -43
v 4 26 283
s 4 27 61
v 4 27 168
s 4 28 9
v 4 28 -109
s 4 29 -81
v 4 29 188
s 4 30 -29
v 4 30 -436
s 4 31 -6
v 4 31 286
s 4 32 37
v 4 32 73
v 4 33 -90
s 4 34 108
v 4 34 -328
s 4 35 8
v 4 35 174
s 4 36 -103
v 4 36 -233
s 4 37 -47
v 4 37 -77
s 4 38 12
v 4 38 -35
s 4 39 -44
v 4 39 177
s 4 40 20
v 4 40 61
s 4 41 -24
v 4 41 -182
s 4 42 33
v 4 42 -43
s 4 43 11
v 4 43 -75
s 4 44 -60
v 4 44 53
v 4 45 -242
s 4 46 -29
v 4 46 -160
s 4 47 36
v 4 47 -127
s 4 48 -61
v 4 48 -95
s 4 49 26
v 4 49 787
s 4 50 22
s 4 51 -43
v 4 51 -61
v 4 52 117
s 4 53 -40
v 4 53 -289
s 4 54 51
v 4 54 93
s 4 55 -16
v 4 55 -56
s 4 56 -40
v 4 56 -252
s 4 57 62
v 4 57 -65
v 4 58 -24
s 4 59 6
v 4 59 69
s 4 60 26
v 4 60 283
s 4 61 26
s 4 62 -60
v 4 62 125
s 4 63 17
v 4 63 53
s 4 64 47
v 4 64 65
s 4 65 -24
v 4 65 73
s 4 66 10
v 4 66 -8
s 4 67 17
v 4 67 413
v 4 68 -75
s 4 69 -23
v 4 69 -110
s 4 70 28
v 4 70 158
s 4 71 188
v 4 71 -258
s 4 72 -82
v 4 72 68
v 4 73 -24
s 4 74 37
v 4 74 -361
s 4 75 -84
v 4 75 174
s 4 76 22
v 4 76 344
v 4 77 -24
s 4 78 23
v 4 78 -70
s 4 79 73
v 4 79 39
s 4 80 28
v 4 80 27
s 4 81 -59
v 4 81 -93
s 4 82 -25
v 4 82 74
s 4 83 -25
v 4 83 -33
v 4 84 -133
s 4 85 -27
v 4 85 -130
s 4 86 -99
v 4 86 -147
s 4 87 -71
v 4 87 373
s 4 88 -94
v 4 88 -330
v 4 89 24
s 4 90 -40
v 4 90 62
v 4 91 -69
s 4 92 -21
v 4 92 -49
s 4 93 43
v 4 93 63
s 4 94 15
v 4 94 -109
s 4 95 27
v 4 95 60
s 4 96 26
v 4 96 -70
s 4 97 20
v 4 97 -63
s 4 98 -44
v 4 98 177
s 4 99 -45
v 4 99 -27
s 4 100 40
v 4 100 213
s 4 101 61
v 4 101 23
s 4 102 6
v 4 102 165
s 4 103 15
v 4 103 -53
s 4 104 131
v 4 104 -356
s 4 105 18
v 4 105 -302
s 4 106 67
v 4 106 -72
s 4 107 -51
v 4 107 -24
s 4 108 27
v 4 108 104
s 4 109 52
v 4 109 253
s 4 110 15
v 4 110 193
s 4 111 -53
v 4 111 -20
s 4 112 -44
v 4 112 -141
v 4 113 -37
s 4 114 13
v 4 114 -172
v 4 119 -98
s 4 120 -18
v 4 120 475
s 4 121 -32
v 4 121 63
s 4 123 -50
v 4 123 -317
s 4 126 40
v 4 126 -164
s 4 128 12
v 4 128 112
s 4 129 128
v 4 129 -105
s 4 131 82
v 4 131 257
s 4 135 -76
v 4 136 15
s 4 137 -14
v 4 137 269
s 4 138 -13
v 4 138 -50
s 4 145 -12
v 4 145 67
s 4 155 -37
v 4 155 32
s 5 6 183
v 5 6 -145
s 5 7 -28
v 5 7 -440
s 5 8 195
v 5 8 -888
s 5 9 -12
v 5 9 -466
s 5 10 -48
v 5 10 -124
s 5 11 138
v 5 11 -262
s 5 12 -111
v 5 12 1085
s 5 13 -28
v 5 13 -105
s 5 14 92
v 5 14 -1027
s 5 15 116
v 5 15 -117
s 5 16 -128
v 5 16 -81
s 5 17 -78
v 5 17 667
s 5 18 -156
v 5 18 177
s 5 19 -176
v 5 19 -95
s 5 20 -141
v 5 20 190
s 5 21 92
v 5 21 65
s 5 22 -344
v 5 22 -160
s 5 23 101
v 5 23 39
s 5 25 -126
v 5 25 -161
s 5 26 -276
v 5 26 -196
s 5 27 -201
v 5 27 36
s 5 28 -128
v 5 28 129
s 5 29 -39
v 5 29 -201
s 5 30 127
v 5 30 -50
s 5 31 -5
v 5 31 87
s 5 32 226
v 5 32 -285
v 5 33 -387
s 5 34 -54
v 5 34 -440
s 5 35 87
s 5 36 -38
v 5 36 582
s 5 37 99
v 5 37 85
s 5 38 73
v 5 38 197
s 5 39 -84
v 5 39 50
s 5 40 -149
v 5 40 224
s 5 41 30
v 5 41 114
s 5 42 240
v 5 42 -8
s 5 43 89
v 5 43 -136
s 5 44 -88
v 5 44 143
s 5 45 39
v 5 45 12
s 5 46 38
v 5 46 380
s 5 47 -32
v 5 47 243
s 5 48 -152
v 5 48 -126
s 5 49 -95
v 5 49 369
s 5 50 -122
v 5 50 191
s 5 51 81
v 5 51 122
v 5 52 -119
s 5 53 -197
v 5 53 -601
s 5 54 135
v 5 54 -356
s 5 55 157
v 5 55 315
s 5 56 44
v 5 56 -41
s 5 57 -87
v 5 57 130
s 5 58 86
v 5 58 206
s 5 59 -39
v 5 59 -84
s 5 60 -45
v 5 60 -318
s 5 61 17
v 5 61 69
s 5 62 -43
v 5 62 118
s 5 63 96
v 5 63 76
v 5 64 -385
s 5 65 36
v 5 65 -209
s 5 66 -10
v 5 66 124
s 5 67 91
v 5 67 433
s 5 68 -28
v 5 68 155
s 5 69 308
v 5 69 265
s 5 70 90
v 5 70 -552
s 5 71 -124
v 5 71 -165
s 5 72 33
v 5 72 -283
s 5 73 17
v 5 73 -332
s 5 74 -25
v 5 74 -175
s 5 75 254
v 5 75 -224
s 5 76 108
v 5 76 46
s 5 77 19
v 5 77 10
s 5 78 -53
v 5 78 -218
s 5 79 8
v 5 79 -172
s 5 80 178
v 5 80 -18
s 5 81 -35
v 5 81 318
s 5 82 -44
v 5 82 432
s 5 83 -131
v 5 83 118
s 5 84 -20
v 5 84 -120
s 5 85 39
v 5 85 244
s 5 86 135
v 5 86 -393
s 5 87 -129
v 5 87 -142
s 5 88 -23
v 5 88 -553
s 5 89 -32
v 5 89 43
s 5 90 -21
v 5 90 -239
s 5 91 -38
v 5 91 459
s 5 92 -6
v 5 92 14
s 5 93 109
v 5 93 212
s 5 94 15
v 5 94 227
s 5 95 46
v 5 95 346
s 5 96 -332
v 5 96 169
s 5 97 113
v 5 97 -108
s 5 98 76
v 5 98 223
s 5 99 -92
v 5 99 -442
s 5 100 86
s 5 101 -136
v 5 101 86
s 5 102 106
v 5 102 -7
s 5 103 -61
v 5 103 24
s 5 104 103
v 5 104 -419
s 5 105 48
v 5 105 134
s 5 106 53
v 5 106 452
s 5 107 36
v 5 107 -260
s 5 108 -172
v 5 108 -29
s 5 109 8
v 5 109 215
s 5 110 -59
v 5 110 -130
s 5 111 -108
v 5 111 261
s 5 112 -23
v 5 112 359
s 5 113 -96
v 5 113 29
s 5 114 -34
v 5 114 21
s 5 119 21
v 5 119 -28
s 5 120 -25
v 5 120 -69
s 5 121 -66
v 5 121 -632
s 5 123 -18
v 5 123 855
s 5 126 138
v 5 126 386
s 5 128 65
v 5 128 411
s 5 129 -20
v 5 129 627
s 5 131 21
v 5 131 -327
s 5 135 391
v 5 135 -315
s 5 136 22
v 5 136 -95
s 5 137 -179
v 5 137 124
s 5 138 -33
v 5 138 44
s 5 145 -46
v 5 145 -158
s 5 155 -113
v 5 155 69
s 6 7 -36
v 6 7 -17
s 6 8 -54
v 6 8 236
s 6 9 306
v 6 9 6
s 6 10 -43
v 6 10 -107
s 6 11 29
v 6 11 211
s 6 12 45
v 6 12 -557
s 6 13 -56
v 6 13 -185
s 6 14 523
v 6 14 -908
s 6 15 5
v 6 15 -43
s 6 16 -19
v 6 16 -41
s 6 17 256
v 6 17 -709
s 6 18 54
v 6 18 -415
s 6 19 -174
v 6 19 -268
s 6 20 338
s 6 21 -244
v 6 21 208
s 6 22 -120
v 6 22 -541
s 6 23 -96
v 6 23 -77
s 6 25 -367
v 6 25 89
s 6 26 -437
v 6 26 128
s 6 27 -37
v 6 27 320
s 6 28 17
v 6 28 251
s 6 29 169
v 6 29 -530
s 6 30 -76
v 6 30 140
s 6 31 -63
v 6 31 -358
s 6 32 -47
v 6 32 223
s 6 33 -9
v 6 33 -102
s 6 34 105
v 6 34 90
s 6 35 -8
v 6 35 -463
s 6 36 253
v 6 36 1011
s 6 37 36
v 6 37 -153
s 6 38 142
v 6 38 339
s 6 39 -152
v 6 39 175
s 6 40 73
v 6 40 -19
s 6 41 -13
v 6 41 -469
s 6 42 364
v 6 42 -129
s 6 43 -89
v 6 43 138
s 6 44 -16
v 6 44 730
s 6 45 31
v 6 45 468
s 6 46 8
v 6 46 471
s 6 47 -172
v 6 47 601
s 6 48 -16
v 6 48 488
s 6 49 -40
v 6 49 -554
s 6 50 162
v 6 50 416
s 6 51 59
v 6 51 -246
v 6 52 -30
s 6 53 68
v 6 53 -33
s 6 54 -24
v 6 54 71
s 6 55 36
v 6 55 -1242
s 6 56 54
v 6 56 141
s 6 57 279
v 6 57 -37
s 6 58 -25
v 6 58 288
s 6 59 22
v 6 59 383
s 6 60 -52
v 6 60 -440
s 6 61 -64
v 6 61 -51
s 6 62 -70
v 6 62 13
s 6 63 143
v 6 63 269
s 6 64 -107
v 6 64 -17
v 6 65 87
s 6 66 -15
v 6 66 -92
v 6 67 -799
s 6 68 -82
v 6 68 -51
s 6 69 59
v 6 69 686
s 6 70 -65
v 6 70 201
s 6 71 94
v 6 71 381
s 6 72 186
v 6 72 163
s 6 73 160
v 6 73 -19
s 6 74 15
v 6 74 -252
s 6 75 30
v 6 75 -129
s 6 76 -29
v 6 76 -784
s 6 77 106
v 6 77 26
s 6 78 62
v 6 78 -381
s 6 79 80
v 6 79 -427
v 6 80 93
s 6 81 -92
v 6 81 43
v 6 82 213
s 6 83 238
v 6 83 120
s 6 84 -48
v 6 84 -252
s 6 85 -15
v 6 85 -724
s 6 86 -253
v 6 86 261
s 6 87 -348
v 6 87 344
s 6 88 -119
v 6 88 59
s 6 89 -47
v 6 89 272
s 6 90 -47
v 6 90 18
s 6 91 105
v 6 91 121
s 6 92 -81
v 6 92 445
s 6 93 58
v 6 93 962
s 6 94 15
v 6 94 -164
s 6 95 -13
v 6 95 216
s 6 96 -47
v 6 96 -481
s 6 97 -205
v 6 97 -528
s 6 98 -109
v 6 98 137
s 6 99 87
v 6 99 28
s 6 100 -134
v 6 100 368
s 6 101 -25
v 6 101 30
s 6 102 87
v 6 102 38
s 6 103 -101
v 6 103 36
s 6 104 -96
v 6 104 666
s 6 105 24
v 6 105 123
s 6 106 83
v 6 106 -20
s 6 107 -62
v 6 107 -810
s 6 108 -10
v 6 108 -186
s 6 109 -23
v 6 109 596
s 6 110 -146
v 6 110 59
s 6 111 248
v 6 111 337
s 6 112 -21
v 6 112 -76
s 6 113 -50
v 6 113 -544
s 6 114 77
v 6 114 112
s 6 119 -138
v 6 119 -213
s 6 120 -12
v 6 120 417
s 6 121 -25
v 6 121 112
s 6 123 -240
v 6 123 74
s 6 126 -44
v 6 126 38
s 6 128 -63
v 6 128 504
s 6 129 -43
v 6 129 -618
s 6 131 -256
v 6 131 -46
s 6 135 103
v 6 135 127
s 6 136 79
v 6 136 -182
s 6 137 73
v 6 137 -1017
s 6 138 58
v 6 138 197
s 6 145 227
v 6 145 153
s 6 155 -14
v 6 155 -133
s 7 8 196
v 7 8 -191
s 7 9 98
v 7 9 -59
s 7 10 121
v 7 10 106
s 7 11 -104
v 7 11 134
s 7 12 -26
v 7 12 780
v 7 13 455
s 7 14 -124
v 7 14 368
s 7 15 255
v 7 15 13
s 7 16 -187
v 7 16 62
s 7 17 -26
v 7 17 443
s 7 18 -129
v 7 18 96
s 7 19 73
v 7 19 -661
s 7 20 -68
v 7 20 231
s 7 21 35
v 7 21 -148
s 7 22 -84
v 7 22 -618
s 7 23 66
v 7 23 -74
s 7 25 -141
v 7 25 -84
s 7 26 -34
v 7 26 -91
s 7 27 -89
v 7 27 183
v 7 28 -96
s 7 29 -196
v 7 29 -242
s 7 30 9
v 7 30 284
s 7 31 -104
v 7 31 -374
s 7 32 82
v 7 32 521
s 7 33 -58
v 7 33 346
s 7 34 -118
v 7 34 89
s 7 35 -123
v 7 35 -566
s 7 36 153
v 7 36 101
s 7 37 -177
v 7 37 14
s 7 38 17
v 7 38 628
s 7 39 -82
v 7 39 -125
s 7 40 -30
v 7 40 -56
s 7 41 -40
v 7 41 -61
s 7 42 99
v 7 42 93
s 7 43 -46
v 7 43 -477
s 7 44 154
v 7 44 -229
s 7 45 100
v 7 45 110
s 7 46 -9
v 7 46 -490
s 7 47 31
v 7 47 -657
s 7 48 -35
v 7 48 89
s 7 49 72
v 7 49 -267
s 7 50 88
v 7 50 -201
s 7 51 150
v 7 51 41
s 7 52 24
v 7 52 -198
s 7 53 61
v 7 53 -489
s 7 54 -110
v 7 54 -859
s 7 55 122
v 7 55 681
s 7 56 57
v 7 56 -513
s 7 57 61
v 7 57 -157
s 7 58 -12
v 7 58 -71
s 7 59 -244
v 7 59 -368
s 7 60 65
v 7 60 -397
s 7 61 79
v 7 61 666
s 7 62 69
v 7 62 350
s 7 63 -60
v 7 63 -325
s 7 64 -230
v 7 64 -224
s 7 65 44
v 7 65 18
s 7 66 13
v 7 66 258
s 7 67 85
v 7 67 -507
s 7 68 -92
v 7 68 55
s 7 69 -45
v 7 69 -134
s 7 70 37
v 7 70 -315
s 7 71 51
v 7 71 162
s 7 72 -8
v 7 72 32
s 7 73 -5
v 7 73 74
s 7 74 -66
v 7 74 19
s 7 75 14
v 7 75 -321
s 7 76 305
v 7 76 252
s 7 77 43
v 7 77 234
s 7 78 19
v 7 78 193
s 7 79 11
v 7 79 73
s 7 80 77
v 7 80 127
v 7 81 -206
v 7 82 431
s 7 83 13
v 7 83 -322
s 7 84 51
s 7 85 204
v 7 85 -164
s 7 86 -63
v 7 86 -187
s 7 87 75
v 7 87 -576
s 7 88 78
v 7 88 342
s 7 89 30
v 7 89 169
s 7 90 -225
v 7 90 46
s 7 91 -167
v 7 91 139
s 7 92 -57
v 7 92 131
s 7 93 59
v 7 93 464
s 7 94 38
v 7 94 149
s 7 95 133
v 7 95 333
s 7 96 -27
v 7 96 -90
s 7 97 -354
v 7 97 496
s 7 98 56
v 7 98 -169
s 7 99 88
v 7 99 321
s 7 100 145
v 7 100 821
s 7 101 16
v 7 101 -685
s 7 102 7
v 7 102 287
v 7 103 -25
s 7 104 -71
v 7 104 294
s 7 105 -16
v 7 105 119
s 7 106 -20
v 7 106 -409
s 7 107 -105
v 7 107 -118
s 7 108 -88
v 7 108 183
s 7 109 -55
v 7 109 488
s 7 110 143
v 7 110 42
s 7 111 155
v 7 111 245
s 7 112 -151
v 7 112 -682
s 7 113 33
v 7 113 107
s 7 114 86
v 7 114 -192
s 7 119 -101
v 7 119 461
s 7 120 -137
v 7 120 51
s 7 121 -130
v 7 121 159
s 7 123 107
v 7 123 -860
s 7 126 -96
v 7 126 -65
s 7 128 25
v 7 128 78
s 7 129 -127
v 7 129 -56
s 7 131 45
v 7 131 -181
s 7 135 127
v 7 135 -583
s 7 136 64
v 7 136 737
s 7 137 -75
v 7 137 618
s 7 138 -92
v 7 138 -588
s 7 145 38
v 7 145 -152
s 7 155 45
s 8 9 54
v 8 9 -378
s 8 10 -71
v 8 10 -220
s 8 11 10
v 8 11 305
v 8 12 -293
s 8 13 71
v 8 13 216
s 8 14 -127
v 8 14 -88
s 8 15 6
v 8 15 175
s 8 16 161
v 8 16 152
s 8 17 19
v 8 17 41
s 8 18 -53
v 8 18 320
s 8 19 -30
v 8 19 39
s 8 20 -37
v 8 20 266
s 8 21 -286
v 8 21 107
s 8 22 164
v 8 22 -125
s 8 23 -38
v 8 23 442
s 8 25 184
v 8 25 -208
s 8 26 193
v 8 26 -413
s 8 27 -9
v 8 27 -999
s 8 28 -147
v 8 28 675
s 8 29 144
v 8 29 1084
s 8 30 65
v 8 30 -277
s 8 31 407
v 8 31 34
s 8 32 111
v 8 32 -688
s 8 33 -131
v 8 33 -60
s 8 34 -109
v 8 34 551
s 8 35 -63
v 8 35 732
s 8 36 -258
v 8 36 -78
s 8 37 -81
v 8 37 -273
s 8 38 68
v 8 38 -311
s 8 39 287
v 8 39 203
s 8 40 53
v 8 40 676
s 8 41 -83
v 8 41 -307
s 8 42 -214
v 8 42 -148
s 8 43 239
v 8 43 -448
s 8 44 -120
v 8 44 294
s 8 45 -13
v 8 45 -85
s 8 46 -99
v 8 46 -714
s 8 47 386
v 8 47 257
s 8 48 -7
v 8 48 289
s 8 49 -76
v 8 49 248
s 8 50 -298
v 8 50 -46
s 8 51 74
v 8 51 24
s 8 52 -114
v 8 52 28
s 8 53 -427
v 8 53 302
s 8 54 -65
v 8 54 -178
s 8 55 97
v 8 55 -173
s 8 56 -47
v 8 56 -604
s 8 57 -127
v 8 57 -172
s 8 58 121
v 8 58 -21
s 8 59 -144
v 8 59 -418
s 8 60 -74
v 8 60 -925
s 8 61 -63
v 8 61 -82
s 8 62 -177
v 8 62 125
v 8 63 -109
s 8 64 54
v 8 64 468
s 8 65 33
v 8 65 -74
s 8 66 -23
v 8 66 -17
s 8 67 -46
v 8 67 93
s 8 68 -97
v 8 68 -119
s 8 69 -33
v 8 69 -142
s 8 70 -61
v 8 70 -332
s 8 71 -71
v 8 71 -541
s 8 72 167
v 8 72 153
s 8 73 111
v 8 73 -345
s 8 74 253
v 8 74 619
s 8 75 -9
v 8 75 -87
s 8 76 158
v 8 76 -575
s 8 77 -106
v 8 77 192
s 8 78 -16
v 8 78 503
s 8 79 -74
v 8 79 209
s 8 80 -30
v 8 80 -706
s 8 81 -72
v 8 81 -121
s 8 82 -28
v 8 82 147
s 8 83 12
v 8 83 -244
s 8 84 -112
v 8 84 192
s 8 85 88
v 8 85 -169
s 8 86 256
v 8 86 -10
s 8 87 81
v 8 87 214
s 8 88 265
v 8 88 229
s 8 89 -11
v 8 89 93
v 8 90 -197
s 8 91 -6
v 8 91 -107
s 8 92 -54
v 8 92 -421
s 8 93 -152
v 8 93 -97
s 8 94 -41
v 8 94 -107
s 8 95 -24
v 8 95 -235
v 8 96 278
s 8 97 657
v 8 97 634
s 8 98 165
v 8 98 291
s 8 99 -156
v 8 99 220
s 8 100 31
v 8 100 -331
s 8 101 -74
v 8 101 -182
s 8 102 -44
v 8 102 -456
s 8 103 7
v 8 103 138
s 8 104 -105
v 8 104 -605
s 8 105 178
v 8 105 1118
s 8 106 93
v 8 106 -90
s 8 107 145
v 8 107 127
s 8 108 -182
v 8 108 384
s 8 109 22
v 8 109 -115
s 8 110 -75
v 8 110 562
s 8 111 -17
v 8 111 -403
v 8 112 -684
s 8 113 110
v 8 113 365
s 8 114 -6
v 8 114 -85
s 8 119 69
v 8 119 775
s 8 120 -195
v 8 120 555
s 8 121 -32
v 8 121 139
s 8 123 84
v 8 123 -15
s 8 126 13
v 8 126 -311
s 8 128 -147
v 8 128 128
s 8 129 -163
v 8 129 -446
s 8 131 -13
v 8 131 540
s 8 135 -226
v 8 135 60
s 8 136 19
v 8 136 115
s 8 137 -117
v 8 137 -313
s 8 138 -10
v 8 138 -324
s 8 145 26
v 8 145 160
s 8 155 -38
v 8 155 144
s 9 10 39
v 9 10 208
s 9 11 64
v 9 11 182
s 9 12 53
v 9 12 -186
s 9 13 99
v 9 13 -17
s 9 14 94
v 9 14 291
s 9 15 84
v 9 15 666
s 9 16 15
v 9 16 375
s 9 17 281
v 9 17 -159
s 9 18 406
v 9 18 368
s 9 19 -33
v 9 19 -433
s 9 20 -168
v 9 20 363
s 9 21 -89
v 9 21 71
s 9 22 -50
v 9 22 -638
s 9 23 80
v 9 23 -11
s 9 25 -61
v 9 25 316
s 9 26 375
v 9 26 138
s 9 27 -12
v 9 27 386
s 9 28 6
v 9 28 43
s 9 29 -65
v 9 29 -9
s 9 30 -145
v 9 30 171
s 9 31 123
v 9 31 508
s 9 32 -104
v 9 32 117
s 9 33 156
v 9 33 -311
s 9 34 66
v 9 34 -81
s 9 35 -121
v 9 35 78
s 9 36 -47
v 9 36 -848
s 9 37 -25
v 9 37 -230
s 9 38 13
v 9 38 -400
s 9 39 -139
v 9 39 -146
s 9 40 10
v 9 40 -215
s 9 41 269
v 9 41 -10
s 9 42 -124
v 9 42 -366
s 9 43 -83
v 9 43 109
s 9 44 147
v 9 44 539
s 9 45 -63
v 9 45 -152
s 9 46 -39
v 9 46 -51
v 9 47 246
s 9 48 -69
v 9 48 121
s 9 49 263
v 9 49 318
s 9 50 -123
v 9 50 22
s 9 51 -114
v 9 51 -111
s 9 52 132
v 9 52 -284
s 9 53 181
v 9 53 -21
s 9 54 -83
v 9 54 374
s 9 55 -92
v 9 55 -345
s 9 56 -98
v 9 56 -261
s 9 57 -144
v 9 57 85
s 9 58 16
v 9 58 216
s 9 59 -5
v 9 59 -51
s 9 60 -22
v 9 60 -125
s 9 61 -13
v 9 61 59
s 9 62 -252
v 9 62 -314
s 9 63 -78
v 9 63 419
s 9 64 -58
v 9 64 59
s 9 65 92
v 9 65 -89
s 9 66 -36
v 9 66 40
s 9 67 24
v 9 67 236
s 9 68 -121
v 9 68 128
s 9 69 208
v 9 69 -163
s 9 70 -99
v 9 70 -495
s 9 71 -9
v 9 71 -753
s 9 72 24
v 9 72 -272
s 9 73 75
v 9 73 292
s 9 74 -317
v 9 74 180
s 9 75 -29
v 9 75 764
s 9 76 106
v 9 76 -14
s 9 77 -43
v 9 77 -273
s 9 78 15
v 9 78 167
s 9 79 -22
v 9 79 13
s 9 80 -45
v 9 80 -102
s 9 81 -14
v 9 81 377
s 9 82 -16
v 9 82 18
v 9 83 -263
s 9 84 145
v 9 84 155
s 9 85 -269
v 9 85 -397
s 9 86 22
v 9 86 -146
s 9 87 -86
v 9 87 269
s 9 88 -171
v 9 88 -411
s 9 89 41
v 9 89 -451
s 9 90 37
v 9 90 -263
s 9 91 -22
v 9 91 -545
s 9 92 -90
v 9 92 -204
s 9 93 52
v 9 93 321
s 9 94 -87
v 9 94 -212
s 9 95 -26
v 9 95 -219
s 9 96 203
v 9 96 -60
s 9 97 58
v 9 97 260
s 9 98 -16
v 9 98 -50
s 9 99 57
v 9 99 23
s 9 100 217
v 9 100 -35
s 9 101 -54
v 9 101 75
s 9 102 40
v 9 102 -134
s 9 103 54
v 9 103 -25
s 9 104 198
v 9 104 -454
s 9 105 -140
v 9 105 213
s 9 106 87
v 9 106 -160
s 9 107 145
v 9 107 208
s 9 108 24
v 9 108 -183
s 9 109 -261
v 9 109 123
s 9 110 11
v 9 110 351
s 9 111 18
v 9 111 -197
s 9 112 142
v 9 112 197
s 9 113 112
v 9 113 45
s 9 114 -242
v 9 114 500
s 9 119 -87
v 9 119 -9
s 9 120 28
v 9 120 276
s 9 121 -9
v 9 121 -262
s 9 123 106
v 9 123 53
s 9 126 7
v 9 126 47
s 9 128 -149
v 9 128 504
s 9 129 -100
v 9 129 -209
s 9 131 108
v 9 131 189
s 9 135 -490
v 9 135 613
s 9 136 -34
v 9 136 -416
s 9 137 115
v 9 137 -382
s 9 138 -199
v 9 138 -433
s 9 145 109
v 9 145 -54
s 9 155 -106
v 9 155 26
s 10 11 37
v 10 11 -168
v 10 12 -271
s 10 13 12
v 10 13 -21
s 10 14 62
v 10 14 130
s 10 15 7
v 10 15 387
s 10 16 66
v 10 16 -75
s 10 17 39
v 10 17 -47
s 10 18 -24
v 10 18 -11
s 10 19 97
v 10 19 98
s 10 20 -71
v 10 20 339
s 10 21 48
v 10 21 -272
s 10 22 -88
v 10 22 363
v 10 23 446
s 10 25 11
v 10 25 -398
s 10 26 29
v 10 26 -26
s 10 27 67
v 10 27 -375
s 10 28 162
v 10 28 -170
s 10 29 -87
v 10 29 160
s 10 30 -10
v 10 30 39
s 10 31 139
v 10 31 -69
v 10 32 36
s 10 33 -49
v 10 33 -118
s 10 34 42
v 10 34 216
s 10 35 62
v 10 35 168
s 10 36 -199
v 10 36 225
s 10 37 -38
v 10 37 -39
s 10 38 66
v 10 38 -119
s 10 39 52
v 10 39 128
s 10 41 -22
v 10 41 24
s 10 42 -48
v 10 42 8
s 10 43 71
v 10 43 202
s 10 44 -29
v 10 44 34
s 10 45 -53
v 10 45 -26
s 10 46 -13
v 10 46 218
s 10 47 -104
v 10 47 420
s 10 48 -30
v 10 48 -174
s 10 49 -102
v 10 49 -298
s 10 50 -39
v 10 50 227
s 10 51 -63
v 10 51 189
s 10 52 -40
v 10 52 -42
s 10 53 -93
v 10 53 458
s 10 54 -24
v 10 54 875
s 10 55 10
v 10 55 -114
v 10 56 205
s 10 57 -24
v 10 57 -27
s 10 58 19
v 10 58 6
s 10 59 126
v 10 59 -129
s 10 60 113
v 10 60 -100
s 10 61 -6
v 10 61 -46
s 10 62 72
v 10 62 -148
s 10 63 -16
v 10 63 -376
s 10 64 65
v 10 64 -271
s 10 65 13
v 10 65 227
s 10 66 -18
v 10 66 18
s 10 67 12
v 10 67 -33
s 10 68 83
v 10 68 -96
s 10 69 61
v 10 69 -413
v 10 70 61
s 10 71 -50
v 10 71 -217
s 10 72 -50
v 10 72 -88
v 10 73 -84
s 10 74 45
v 10 74 88
s 10 75 -89
v 10 75 68
s 10 76 -28
v 10 76 -380
s 10 77 -32
v 10 77 -153
s 10 78 -89
v 10 78 -89
s 10 79 24
v 10 79 14
s 10 80 -20
v 10 80 -19
v 10 81 -111
s 10 82 33
v 10 82 8
s 10 83 -112
v 10 83 146
s 10 84 18
v 10 84 201
s 10 85 46
v 10 85 448
s 10 86 107
v 10 86 -720
s 10 87 5
v 10 87 -480
s 10 88 -35
v 10 88 40
s 10 89 -14
v 10 89 46
v 10 90 -186
s 10 91 -155
v 10 91 214
s 10 92 68
v 10 92 -94
s 10 93 42
v 10 93 -281
s 10 94 -16
v 10 94 -73
s 10 95 -9
v 10 95 134
s 10 96 -35
s 10 97 61
v 10 97 299
s 10 98 34
v 10 98 118
s 10 99 11
v 10 99 148
s 10 100 43
v 10 100 85
s 10 101 -25
v 10 101 -360
s 10 102 -22
v 10 102 -93
s 10 103 19
v 10 103 -74
s 10 104 95
v 10 104 138
s 10 105 17
v 10 105 -50
s 10 106 77
v 10 106 461
s 10 107 -82
v 10 107 172
s 10 108 -28
v 10 108 198
s 10 109 -18
v 10 109 -407
s 10 110 54
v 10 110 212
s 10 111 -105
v 10 111 169
s 10 112 58
v 10 112 -163
s 10 113 -36
s 10 114 38
v 10 114 -286
v 10 119 -168
s 10 120 -162
v 10 120 523
s 10 121 79
v 10 121 -223
s 10 123 34
s 10 126 -15
v 10 126 -70
s 10 128 104
v 10 128 13
s 10 129 30
v 10 129 202
s 10 131 -34
v 10 131 211
s 10 135 7
v 10 135 270
s 10 136 -83
v 10 136 35
s 10 137 -42
v 10 137 71
s 10 138 -46
v 10 138 53
s 10 145 57
v 10 145 297
s 10 155 58
v 10 155 -52
s 11 12 -41
v 11 12 -246
s 11 13 30
v 11 13 -297
s 11 14 146
v 11 14 102
s 11 15 -97
v 11 15 -131
s 11 16 12
v 11 16 516
s 11 17 71
v 11 17 -47
s 11 18 172
v 11 18 167
s 11 19 19
v 11 19 420
s 11 20 97
v 11 20 -88
s 11 21 -25
v 11 21 -128
s 11 22 -20
v 11 22 433
s 11 23 -27
v 11 23 -106
s 11 25 -102
v 11 25 -32
s 11 26 411
v 11 26 -45
s 11 27 139
v 11 27 -226
s 11 28 178
v 11 28 -287
s 11 29 189
v 11 29 237
s 11 30 -74
v 11 30 -85
s 11 31 -36
v 11 31 -475
s 11 32 -10
v 11 32 614
s 11 33 -52
v 11 33 61
s 11 34 6
v 11 34 67
s 11 35 -13
v 11 35 -104
s 11 36 -26
v 11 36 269
s 11 37 -88
v 11 37 68
s 11 38 -45
v 11 38 307
s 11 39 -76
v 11 39 574
v 11 40 -73
s 11 41 134
v 11 41 500
s 11 42 42
v 11 42 -28
s 11 43 -18
v 11 43 49
s 11 44 93
v 11 44 -241
s 11 45 58
v 11 45 -154
v 11 46 -296
s 11 47 -165
v 11 47 72
s 11 48 -261
v 11 48 -76
s 11 49 -53
v 11 49 -482
s 11 50 30
v 11 50 -161
s 11 51 150
v 11 51 -194
s 11 52 136
v 11 52 365
s 11 53 -363
v 11 53 258
s 11 54 184
v 11 54 14
s 11 55 34
v 11 55 19
s 11 56 -14
v 11 56 -79
s 11 57 14
v 11 57 188
s 11 58 6
v 11 58 -59
s 11 59 38
v 11 59 107
s 11 60 108
v 11 60 -30
v 11 61 305
s 11 62 153
v 11 62 -402
s 11 63 -42
v 11 63 -79
s 11 64 93
v 11 64 217
v 11 65 19
v 11 66 142
s 11 67 53
v 11 67 429
s 11 69 135
v 11 69 262
s 11 70 16
v 11 70 144
s 11 71 150
v 11 71 -109
s 11 72 -5
v 11 72 -136
s 11 73 -43
v 11 73 -134
s 11 74 -346
v 11 74 -822
s 11 75 -169
v 11 75 -333
s 11 76 -171
v 11 76 -353
s 11 77 -12
v 11 77 -49
s 11 78 110
v 11 78 16
s 11 79 -17
v 11 79 -224
s 11 80 -69
v 11 80 -182
s 11 81 -33
s 11 82 -7
v 11 82 -166
s 11 83 -56
v 11 83 61
s 11 84 156
v 11 84 268
s 11 85 -197
v 11 85 -282
s 11 86 -24
v 11 86 564
s 11 87 -8
s 11 88 56
v 11 88 -375
s 11 89 -42
v 11 89 30
s 11 90 -64
v 11 90 -20
s 11 91 -185
v 11 91 268
s 11 92 9
v 11 92 -48
s 11 93 131
v 11 93 710
s 11 94 14
v 11 94 -332
s 11 95 -11
v 11 95 -113
s 11 96 162
v 11 96 462
s 11 97 128
s 11 98 -58
v 11 98 520
s 11 99 139
v 11 99 -56
s 11 100 385
v 11 100 56
s 11 101 -177
v 11 101 -294
s 11 102 -73
v 11 102 106
s 11 103 44
v 11 103 121
s 11 104 86
v 11 104 335
s 11 105 48
v 11 105 20
s 11 106 51
v 11 106 397
s 11 107 43
v 11 107 83
s 11 108 -256
v 11 108 -275
s 11 109 -161
v 11 109 -95
s 11 110 -84
v 11 110 -179
s 11 111 183
v 11 111 194
s 11 112 -226
v 11 112 -340
s 11 113 6
v 11 113 -439
s 11 114 161
v 11 114 -85
s 11 119 -15
v 11 119 59
s 11 120 11
v 11 120 140
s 11 121 26
v 11 121 32
s 11 123 72
v 11 123 -288
s 11 126 76
v 11 126 63
s 11 128 -258
v 11 128 -215
s 11 129 81
v 11 129 147
s 11 131 -166
v 11 131 324
s 11 135 78
v 11 135 -159
s 11 136 -74
v 11 136 146
s 11 137 91
v 11 137 -215
s 11 138 10
v 11 138 154
s 11 145 -100
v 11 145 316
s 11 155 96
v 11 155 474
s 12 13 -27
v 12 13 -270
s 12 14 -517
v 12 14 -1078
s 12 15 50
v 12 15 398
s 12 16 100
v 12 16 -675
s 12 17 -10
v 12 17 -83
s 12 18 -81
v 12 18 -1195
s 12 19 19
v 12 19 -392
s 12 20 -237
v 12 20 893
s 12 21 -24
v 12 21 400
s 12 22 189
v 12 22 729
s 12 23 172
v 12 23 -416
s 12 25 263
v 12 25 433
s 12 26 144
v 12 26 -465
s 12 27 43
v 12 27 714
s 12 28 -69
v 12 28 902
s 12 29 -199
v 12 29 -1476
s 12 30 250
v 12 30 91
s 12 31 73
v 12 31 688
s 12 32 55
v 12 32 -220
s 12 33 95
v 12 33 785
s 12 34 -99
v 12 34 185
s 12 35 173
v 12 35 953
s 12 36 -211
v 12 36 -345
v 12 37 -336
s 12 38 -55
v 12 38 -139
s 12 39 88
v 12 39 469
s 12 40 58
v 12 40 288
v 12 41 -359
s 12 42 -173
v 12 42 1269
s 12 43 -40
v 12 43 68
s 12 44 -26
v 12 44 -635
s 12 45 12
v 12 45 88
s 12 46 -15
v 12 46 323
s 12 47 140
v 12 47 1089
s 12 48 -61
v 12 48 -289
s 12 49 -92
v 12 49 -546
s 12 50 13
v 12 50 -87
v 12 51 -106
s 12 52 -49
v 12 52 -372
s 12 53 -234
v 12 53 -62
s 12 54 -87
v 12 54 241
s 12 55 -354
v 12 55 -854
s 12 56 -33
v 12 56 741
s 12 57 -45
v 12 57 120
s 12 58 -83
v 12 58 246
s 12 59 -21
v 12 59 -264
v 12 60 590
v 12 61 96
s 12 62 140
s 12 63 32
v 12 63 424
s 12 64 -25
v 12 64 -191
s 12 65 -66
v 12 65 -175
s 12 66 114
v 12 66 31
s 12 67 -57
v 12 67 515
s 12 68 275
v 12 68 925
s 12 69 51
v 12 69 -554
s 12 70 6
v 12 70 -121
s 12 71 -219
v 12 71 -480
s 12 72 11
v 12 72 -66
s 12 73 103
v 12 73 34
s 12 74 -16
v 12 74 895
s 12 75 -13
v 12 75 702
s 12 76 -106
v 12 76 554
s 12 77 -77
v 12 77 525
s 12 78 -24
v 12 78 152
s 12 79 -43
v 12 79 175
s 12 80 33
v 12 80 -680
s 12 81 -63
v 12 81 232
s 12 82 -64
v 12 82 -370
s 12 83 57
v 12 83 -52
s 12 84 -74
v 12 84 920
s 12 85 167
v 12 85 -20
s 12 86 101
v 12 86 -522
s 12 87 27
v 12 87 -661
s 12 88 -178
v 12 88 -461
v 12 89 -88
s 12 90 22
v 12 90 88
s 12 91 -144
v 12 91 -591
s 12 92 -81
v 12 92 138
s 12 93 -77
v 12 93 -528
v 12 94 -177
s 12 95 16
v 12 95 193
s 12 96 -101
v 12 96 -505
s 12 97 -129
v 12 97 -274
s 12 98 -27
v 12 98 -726
s 12 99 30
v 12 99 -212
s 12 100 -112
v 12 100 -141
s 12 101 175
v 12 101 44
s 12 102 11
v 12 102 -65
s 12 103 -13
v 12 103 296
s 12 104 -39
v 12 104 -536
s 12 105 89
v 12 105 -216
s 12 106 122
v 12 106 -627
s 12 107 -91
v 12 107 -123
s 12 108 209
v 12 108 -937
v 12 109 1359
s 12 110 169
v 12 110 182
s 12 111 -220
v 12 111 187
s 12 112 244
v 12 112 350
s 12 113 -78
v 12 113 563
s 12 114 29
v 12 114 180
s 12 119 56
v 12 119 176
s 12 120 65
v 12 120 92
s 12 121 -47
v 12 121 147
s 12 123 -69
v 12 123 -64
s 12 126 -158
v 12 126 -23
s 12 128 464
v 12 128 -731
s 12 129 -11
v 12 129 674
s 12 131 173
v 12 131 356
s 12 135 54
v 12 135 -127
s 12 136 32
v 12 136 -364
s 12 137 88
v 12 137 31
s 12 138 6
v 12 138 128
s 12 145 -36
v 12 145 -241
s 12 155 -116
v 12 155 -412
s 13 14 125
v 13 14 86
s 13 15 62
v 13 15 -52
s 13 16 -60
v 13 16 -13
s 13 17 25
v 13 17 308
s 13 18 13
v 13 18 -413
s 13 19 31
v 13 19 -172
s 13 20 68
v 13 20 -57
s 13 21 -167
v 13 21 587
s 13 22 224
v 13 22 -295
s 13 23 22
v 13 23 235
s 13 25 -41
v 13 25 98
s 13 26 -164
v 13 26 -441
s 13 27 -49
v 13 27 -13
s 13 28 68
v 13 28 -192
v 13 29 -34
s 13 30 10
v 13 30 243
s 13 31 5
v 13 31 207
s 13 32 -25
v 13 32 -190
s 13 33 13
s 13 34 -12
v 13 34 26
s 13 35 -70
v 13 35 -88
s 13 36 37
v 13 36 424
s 13 37 105
v 13 37 10
s 13 38 11
v 13 38 100
s 13 39 -14
v 13 39 171
s 13 40 44
v 13 40 120
s 13 41 26
v 13 41 94
s 13 42 -79
v 13 42 73
s 13 43 -23
v 13 43 247
s 13 44 90
v 13 44 52
s 13 45 27
v 13 45 -200
s 13 46 -60
v 13 46 -356
s 13 47 -86
v 13 47 -369
s 13 48 -80
v 13 48 -412
s 13 49 74
v 13 49 -132
s 13 50 -63
v 13 50 64
s 13 51 73
v 13 51 -23
s 13 52 52
v 13 52 187
s 13 53 77
v 13 53 -60
s 13 54 -39
v 13 54 279
s 13 55 44
v 13 55 173
s 13 56 28
v 13 56 -179
v 13 57 160
s 13 58 31
v 13 58 -62
s 13 59 -23
v 13 59 -52
s 13 60 65
v 13 60 -437
v 13 61 -11
s 13 62 162
v 13 62 247
s 13 63 -14
v 13 63 10
s 13 64 53
v 13 64 -391
s 13 65 11
v 13 65 -28
s 13 66 16
v 13 66 13
s 13 67 -70
v 13 67 -5
s 13 68 13
v 13 68 463
s 13 69 30
v 13 69 -340
s 13 70 17
v 13 70 84
s 13 71 -139
v 13 71 -171
s 13 72 -48
v 13 72 -17
s 13 73 38
v 13 73 -98
s 13 74 34
v 13 74 704
s 13 75 -88
v 13 75 -104
s 13 76 -63
v 13 76 27
v 13 77 146
s 13 78 -28
v 13 78 544
s 13 79 13
v 13 79 -156
s 13 80 -15
v 13 80 80
s 13 81 29
v 13 81 -116
s 13 82 32
v 13 82 -104
s 13 83 35
v 13 83 -109
s 13 84 -184
v 13 84 274
s 13 85 -312
v 13 85 -302
s 13 86 -82
v 13 86 -148
s 13 87 10
v 13 87 -131
v 13 88 184
s 13 89 13
v 13 89 -100
v 13 90 -174
s 13 91 -33
v 13 91 136
v 13 92 170
s 13 93 169
v 13 93 51
s 13 94 -19
v 13 94 -43
s 13 95 -53
v 13 95 -29
s 13 96 11
v 13 96 -59
s 13 97 -36
v 13 97 -20
s 13 98 93
v 13 98 567
s 13 99 -53
v 13 99 263
s 13 100 -97
v 13 100 183
s 13 101 78
v 13 101 202
s 13 102 28
v 13 102 -163
v 13 103 -35
s 13 104 -24
v 13 104 -253
s 13 105 43
v 13 105 40
v 13 106 -55
s 13 107 33
v 13 107 -242
s 13 108 -68
v 13 108 234
s 13 109 -32
v 13 109 201
s 13 110 13
v 13 110 125
s 13 111 42
v 13 111 -243
s 13 112 6
v 13 112 -116
s 13 113 -24
v 13 113 157
s 13 114 27
v 13 114 -135
s 13 119 -5
v 13 119 137
s 13 120 -20
v 13 120 -88
s 13 121 -50
v 13 121 -68
s 13 123 135
v 13 123 72
v 13 126 82
s 13 128 -23
v 13 128 111
s 13 129 33
v 13 129 -12
s 13 131 120
v 13 131 82
s 13 135 73
v 13 135 -109
s 13 136 -45
v 13 136 144
s 13 137 -32
v 13 137 -65
s 13 138 -9
v 13 138 -369
s 13 145 22
v 13 145 -224
v 13 155 -92
s 14 15 24
v 14 15 188
s 14 16 52
v 14 16 625
s 14 17 -56
v 14 17 -50
s 14 18 88
v 14 18 -787
s 14 19 -183
v 14 19 -411
s 14 20 -336
v 14 20 -465
s 14 21 178
v 14 21 -20
s 14 22 213
v 14 22 650
s 14 23 95
v 14 23 -381
s 14 25 213
v 14 25 277
s 14 26 14
v 14 26 21
v 14 27 541
s 14 28 -61
v 14 28 -700
s 14 29 -312
v 14 29 -312
s 14 30 -91
v 14 30 110
s 14 31 176
v 14 31 -104
s 14 32 -16
v 14 32 706
s 14 33 185
v 14 33 -89
s 14 34 105
v 14 34 585
s 14 35 426
v 14 35 582
s 14 36 102
v 14 36 1170
s 14 37 -47
v 14 37 -102
v 14 38 -121
s 14 39 113
v 14 39 -665
s 14 40 -41
v 14 40 89
s 14 41 -70
v 14 41 64
s 14 42 -248
v 14 42 -1006
s 14 43 118
v 14 43 -68
s 14 44 -281
v 14 44 687
s 14 45 53
v 14 45 745
s 14 46 225
v 14 46 -241
s 14 47 82
v 14 47 282
s 14 48 -70
v 14 48 160
s 14 49 -238
v 14 49 597
s 14 50 67
v 14 50 -207
s 14 51 57
v 14 51 8
s 14 52 124
v 14 52 -545
s 14 53 -122
v 14 53 -97
s 14 54 101
v 14 54 11
s 14 55 -38
v 14 55 13
s 14 56 -82
v 14 56 71
s 14 57 -21
v 14 57 170
s 14 58 -168
v 14 58 124
s 14 59 -51
v 14 59 253
s 14 60 -389
v 14 60 -135
s 14 61 -55
v 14 61 156
s 14 62 -158
v 14 62 114
s 14 63 -83
v 14 63 -323
s 14 64 335
v 14 64 732
s 14 65 -64
v 14 65 128
s 14 66 -27
v 14 66 -73
s 14 67 -12
v 14 67 416
s 14 68 382
v 14 68 -193
s 14 69 -311
v 14 69 -425
s 14 70 107
v 14 70 -971
s 14 71 -543
v 14 71 807
s 14 72 50
v 14 72 42
s 14 73 -81
v 14 73 348
s 14 74 345
v 14 74 -224
s 14 75 354
v 14 75 -616
s 14 76 180
v 14 76 118
s 14 77 -14
v 14 77 -30
s 14 78 -10
v 14 78 489
s 14 79 -45
v 14 79 303
s 14 80 -177
v 14 80 -53
s 14 81 -66
v 14 81 145
s 14 82 38
v 14 82 -347
v 14 83 228
s 14 84 77
v 14 84 -177
s 14 85 -142
v 14 85 -216
s 14 86 375
v 14 86 -71
s 14 87 195
v 14 87 -301
s 14 88 -182
v 14 88 403
s 14 89 -46
v 14 89 -202
s 14 90 304
v 14 90 115
s 14 91 -57
v 14 91 -800
s 14 92 98
v 14 92 -332
s 14 93 -57
v 14 93 -173
s 14 94 -13
v 14 94 -150
s 14 95 94
v 14 95 298
s 14 96 87
v 14 96 -19
s 14 97 -318
v 14 97 -692
s 14 98 -98
v 14 98 163
s 14 99 116
v 14 99 -309
s 14 100 -289
v 14 100 7
s 14 101 274
v 14 101 -676
s 14 102 -149
v 14 102 -117
s 14 103 -48
v 14 103 -29
s 14 104 -336
v 14 104 483
s 14 105 153
v 14 105 -217
s 14 106 -107
v 14 106 -38
v 14 107 289
s 14 108 50
v 14 108 167
s 14 109 91
v 14 109 -318
s 14 110 196
v 14 110 208
s 14 111 13
v 14 111 163
s 14 112 197
v 14 112 615
s 14 113 -18
v 14 113 271
s 14 114 56
v 14 114 -384
s 14 119 -98
v 14 119 89
s 14 120 -117
v 14 120 -369
s 14 121 198
v 14 121 -714
s 14 123 -91
v 14 123 -158
s 14 126 -149
v 14 126 -275
s 14 128 335
v 14 128 -252
s 14 129 -78
v 14 129 -202
s 14 131 239
v 14 131 -420
s 14 135 -118
v 14 135 -915
s 14 136 -105
v 14 136 -369
s 14 137 -92
v 14 137 50
s 14 138 175
v 14 138 189
s 14 145 -68
s 14 155 -29
v 14 155 -309
s 15 16 -33
v 15 16 -211
s 15 17 39
v 15 17 -701
s 15 18 -64
v 15 18 125
s 15 19 132
v 15 19 32
v 15 20 347
s 15 21 82
v 15 21 319
s 15 22 -132
v 15 22 41
s 15 23 38
v 15 23 388
s 15 25 -69
s 15 26 217
v 15 26 493
s 15 27 27
v 15 27 -733
s 15 28 -33
v 15 28 -18
s 15 29 23
v 15 29 406
s 15 30 -65
v 15 30 -215
s 15 31 -179
v 15 31 316
s 15 32 10
v 15 32 -295
s 15 33 -44
v 15 33 37
s 15 34 -15
v 15 34 -73
s 15 35 -95
v 15 35 -1018
s 15 36 -112
v 15 36 -114
s 15 37 -22
v 15 37 -299
s 15 38 -43
v 15 38 -54
s 15 39 96
v 15 39 -634
s 15 40 -69
v 15 40 -428
s 15 41 110
v 15 41 -150
v 15 42 222
s 15 43 -234
v 15 43 -77
s 15 44 38
v 15 44 -59
v 15 45 13
s 15 46 -33
v 15 46 254
s 15 47 152
v 15 47 -28
s 15 48 -105
v 15 48 207
s 15 49 -47
v 15 49 150
s 15 50 -88
v 15 50 207
s 15 51 26
v 15 51 -29
s 15 52 36
v 15 52 181
s 15 53 134
v 15 53 -630
s 15 54 -24
v 15 54 158
s 15 55 -38
v 15 55 137
s 15 56 -17
v 15 56 38
v 15 57 190
s 15 58 13
v 15 58 203
s 15 59 34
v 15 59 342
s 15 60 5
v 15 60 172
s 15 61 33
v 15 61 -121
v 15 62 -280
s 15 63 21
v 15 63 197
s 15 64 -135
v 15 64 478
v 15 65 -7
s 15 66 -28
v 15 66 47
v 15 67 -89
s 15 68 26
v 15 68 367
s 15 69 -106
v 15 69 -46
s 15 70 -106
v 15 70 485
s 15 71 102
v 15 71 95
s 15 72 -42
v 15 72 -168
v 15 73 42
s 15 74 63
v 15 74 218
s 15 75 71
v 15 75 594
s 15 76 6
v 15 76 444
s 15 77 9
v 15 77 136
s 15 78 84
v 15 78 48
s 15 79 -16
v 15 79 -158
s 15 80 19
v 15 80 221
s 15 81 -11
v 15 81 -261
s 15 82 10
v 15 82 34
s 15 83 -19
v 15 83 43
s 15 84 -43
v 15 84 -183
s 15 85 -29
v 15 85 437
s 15 86 -190
v 15 86 760
s 15 87 49
v 15 87 -66
s 15 88 85
v 15 88 -105
s 15 89 15
v 15 89 -110
v 15 90 -187
s 15 91 89
v 15 91 -41
s 15 92 23
v 15 92 -25
s 15 93 10
v 15 93 -26
s 15 94 42
v 15 94 183
s 15 95 -38
v 15 95 111
s 15 96 -86
v 15 96 109
s 15 97 61
v 15 97 7
s 15 98 -155
v 15 98 178
s 15 99 17
v 15 99 -245
s 15 100 40
v 15 100 64
s 15 101 54
v 15 101 351
s 15 102 -18
v 15 102 319
s 15 103 53
v 15 103 -155
s 15 104 -73
v 15 104 526
s 15 105 -71
v 15 105 -272
s 15 106 15
v 15 106 -485
s 15 107 -28
v 15 107 -553
s 15 108 -22
v 15 108 -95
s 15 109 -80
v 15 109 -214
s 15 110 -69
v 15 110 -18
s 15 111 105
v 15 111 274
s 15 112 62
v 15 112 47
s 15 113 48
v 15 113 117
s 15 114 57
v 15 114 -392
s 15 119 -115
v 15 119 -271
s 15 120 55
v 15 120 186
s 15 121 -113
v 15 121 703
s 15 123 -190
v 15 123 98
s 15 126 111
v 15 126 -395
s 15 128 -21
v 15 128 67
s 15 129 -30
v 15 129 278
s 15 131 70
v 15 131 -34
s 15 135 67
v 15 135 -516
s 15 136 -82
v 15 136 49
s 15 137 107
v 15 137 -14
s 15 138 7
v 15 138 -212
s 15 145 -78
v 15 145 -152
s 15 155 -8
v 15 155 19
s 16 17 67
v 16 17 -76
s 16 18 -41
v 16 18 70
s 16 19 -39
v 16 19 192
s 16 20 13
v 16 20 136
s 16 21 -90
v 16 21 -301
s 16 22 151
v 16 22 252
s 16 23 7
v 16 23 61
s 16 25 82
v 16 25 -482
s 16 26 62
v 16 26 -81
s 16 27 79
v 16 27 -141
v 16 28 -202
s 16 29 -115
v 16 29 409
s 16 30 13
v 16 30 -22
s 16 31 -43
v 16 31 -184
s 16 32 16
v 16 32 228
s 16 33 -26
v 16 33 85
s 16 34 20
v 16 34 -183
s 16 35 -126
v 16 35 230
s 16 36 -82
v 16 36 265
v 16 37 97
s 16 38 11
v 16 38 74
s 16 39 -60
v 16 39 -418
s 16 40 -15
v 16 40 -140
s 16 41 32
v 16 41 -45
s 16 42 30
v 16 42 -36
s 16 43 7
v 16 43 -263
s 16 44 23
v 16 44 224
s 16 45 -8
v 16 45 -11
s 16 46 24
v 16 46 -136
s 16 47 89
v 16 47 37
s 16 48 18
v 16 48 -209
s 16 49 -17
v 16 49 395
s 16 50 52
v 16 50 58
s 16 51 -13
v 16 51 142
s 16 52 -44
v 16 52 216
s 16 53 86
v 16 53 -157
s 16 54 96
v 16 54 -88
s 16 55 -14
v 16 55 114
s 16 56 20
v 16 56 -6
v 16 57 43
s 16 58 -56
v 16 58 -54
s 16 59 30
v 16 59 -60
s 16 60 11
v 16 60 -369
s 16 61 7
s 16 62 -133
v 16 62 -19
s 16 63 -12
v 16 63 -128
s 16 64 -49
v 16 64 -178
v 16 65 44
v 16 66 77
s 16 67 32
v 16 67 -177
s 16 68 -42
v 16 68 62
v 16 69 47
v 16 70 203
s 16 71 122
v 16 71 391
s 16 72 -57
v 16 72 30
s 16 73 -24
v 16 73 -116
s 16 74 -35
v 16 74 543
s 16 75 -45
v 16 75 -188
s 16 76 -90
v 16 76 732
s 16 77 -26
v 16 77 109
s 16 78 51
v 16 78 -65
s 16 79 -25
v 16 79 97
s 16 80 -34
v 16 80 -212
s 16 81 22
v 16 81 358
v 16 82 -41
s 16 83 -31
v 16 83 -224
s 16 84 -59
v 16 84 -204
s 16 85 7
v 16 85 139
s 16 86 -70
v 16 86 215
s 16 87 92
v 16 87 -59
s 16 88 45
v 16 88 -290
s 16 89 6
s 16 90 -91
v 16 90 -27
s 16 91 -44
v 16 91 -93
v 16 92 -30
s 16 93 66
v 16 93 73
s 16 94 14
v 16 94 -46
s 16 95 -28
v 16 95 -180
s 16 96 79
v 16 96 -218
s 16 97 -64
v 16 97 -138
s 16 98 16
v 16 98 -399
s 16 99 43
s 16 100 -47
v 16 100 202
s 16 101 -76
v 16 101 108
s 16 102 53
v 16 102 -89
v 16 103 -74
s 16 104 -9
v 16 104 139
s 16 105 -32
v 16 105 16
s 16 106 -96
v 16 106 140
s 16 107 -71
v 16 107 -81
s 16 108 -26
v 16 108 -169
s 16 109 113
v 16 109 139
s 16 110 -13
v 16 110 61
v 16 111 -182
s 16 112 -80
v 16 112 428
s 16 113 108
v 16 113 -171
s 16 114 -19
v 16 114 47
s 16 119 -77
v 16 119 92
s 16 120 6
v 16 120 94
s 16 121 11
v 16 121 -202
s 16 123 119
v 16 123 -262
s 16 126 20
v 16 126 -249
s 16 128 -9
v 16 128 355
s 16 129 -58
v 16 129 15
s 16 131 51
v 16 131 171
s 16 135 11
v 16 135 -138
s 16 136 24
v 16 136 141
s 16 137 -8
v 16 137 60
s 16 138 6
v 16 138 -61
s 16 145 12
v 16 145 82
s 16 155 8
v 16 155 -79
s 17 18 48
v 17 18 205
s 17 19 -155
v 17 19 -688
s 17 20 -164
v 17 20 112
s 17 21 -73
v 17 21 -412
s 17 22 83
v 17 22 177
s 17 23 10
v 17 23 -164
s 17 25 17
v 17 25 -367
s 17 26 41
v 17 26 -385
s 17 27 106
v 17 27 -268
s 17 28 34
v 17 28 502
s 17 29 237
v 17 29 -164
s 17 30 100
v 17 30 -100
s 17 31 -81
v 17 31 -162
v 17 32 -175
s 17 33 129
v 17 33 201
s 17 34 -21
v 17 34 -281
s 17 35 -128
v 17 35 879
s 17 36 -51
v 17 36 100
s 17 37 16
v 17 37 143
v 17 38 63
s 17 39 13
v 17 39 449
s 17 40 85
v 17 40 480
s 17 41 -58
v 17 41 -214
s 17 42 192
v 17 42 -268
s 17 43 -10
v 17 43 -211
s 17 44 -62
v 17 44 -74
s 17 45 14
v 17 45 373
s 17 46 20
v 17 46 -253
s 17 47 92
v 17 47 119
s 17 48 239
v 17 48 -344
s 17 49 -7
v 17 49 -161
s 17 50 94
v 17 50 -202
s 17 51 45
v 17 51 373
s 17 52 44
v 17 52 -59
s 17 53 39
v 17 53 490
s 17 54 16
v 17 54 -262
s 17 55 22
v 17 55 192
v 17 56 72
v 17 57 -197
s 17 58 23
v 17 58 -238
v 17 59 -33
s 17 60 -119
v 17 60 -548
s 17 61 -48
v 17 61 -205
s 17 62 89
v 17 62 521
s 17 63 20
v 17 63 37
s 17 64 72
v 17 64 50
s 17 65 40
v 17 65 -79
v 17 66 27
s 17 67 -45
v 17 67 130
s 17 68 -42
v 17 68 67
s 17 69 40
v 17 69 -518
s 17 70 -33
v 17 70 38
s 17 71 -75
v 17 71 190
s 17 72 32
v 17 72 252
v 17 73 17
s 17 74 -78
v 17 74 141
s 17 75 -53
v 17 75 -15
s 17 76 -64
v 17 76 203
s 17 77 22
v 17 77 32
s 17 78 50
v 17 78 22
s 17 79 -52
v 17 79 100
s 17 80 -20
v 17 80 36
v 17 81 47
s 17 82 11
v 17 82 -189
s 17 83 58
v 17 83 -313
s 17 84 -98
v 17 84 -209
s 17 85 69
v 17 85 -63
s 17 86 116
v 17 86 -136
s 17 87 -87
v 17 87 440
s 17 88 -183
v 17 88 -171
s 17 89 -46
v 17 89 48
s 17 90 30
v 17 90 307
s 17 91 -54
v 17 91 -193
s 17 92 -34
v 17 92 -96
s 17 93 -151
v 17 93 -624
s 17 94 9
v 17 94 -258
s 17 95 18
v 17 95 24
s 17 96 -12
v 17 96 -391
s 17 97 71
v 17 97 -86
s 17 98 -61
v 17 98 -7
s 17 99 -17
v 17 99 182
s 17 100 -149
v 17 100 334
s 17 101 -149
v 17 101 237
s 17 102 92
v 17 102 122
s 17 103 40
v 17 103 286
s 17 104 -40
v 17 104 253
s 17 105 -85
v 17 105 -277
s 17 106 22
v 17 106 -221
s 17 107 -131
v 17 107 -109
s 17 108 279
v 17 108 49
s 17 109 -27
v 17 109 52
v 17 110 350
s 17 111 -198
v 17 111 -294
s 17 112 -49
v 17 112 162
s 17 113 -59
v 17 113 -105
s 17 114 -32
v 17 114 -30
s 17 119 64
v 17 119 497
s 17 120 -31
v 17 120 -16
s 17 121 98
v 17 121 -130
s 17 123 81
v 17 123 284
s 17 126 66
v 17 126 348
s 17 128 -49
v 17 128 423
s 17 129 -20
v 17 129 71
s 17 131 37
v 17 131 -193
s 17 135 168
v 17 135 493
s 17 136 -102
v 17 136 -344
s 17 137 -23
v 17 137 251
s 17 138 -24
v 17 138 -242
v 17 145 14
s 17 155 -116
v 17 155 289
s 18 19 177
v 18 19 19
s 18 20 -176
v 18 20 -483
v 18 21 -379
s 18 22 -63
s 18 23 -8
v 18 23 -161
s 18 25 -67
s 18 26 -229
v 18 26 -27
s 18 27 73
v 18 27 -210
s 18 28 52
v 18 28 -495
s 18 29 -166
v 18 29 170
s 18 30 -103
v 18 30 82
s 18 31 -35
v 18 31 -54
s 18 32 188
v 18 32 358
s 18 33 -216
v 18 33 311
s 18 34 -157
v 18 34 -426
s 18 35 -183
v 18 35 -110
s 18 36 446
v 18 36 107
s 18 37 17
v 18 37 431
s 18 38 95
v 18 38 278
s 18 39 -28
v 18 39 -122
s 18 40 9
v 18 40 112
s 18 41 -68
v 18 41 204
v 18 42 -517
s 18 43 -146
v 18 43 170
s 18 44 -22
v 18 44 226
s 18 45 -133
v 18 45 -253
s 18 46 -132
v 18 46 -355
s 18 47 -27
v 18 47 -701
s 18 48 -142
v 18 48 68
s 18 49 59
v 18 49 -597
s 18 50 -82
v 18 50 -116
v 18 51 204
s 18 52 -41
v 18 52 288
s 18 53 -172
v 18 53 16
s 18 54 -47
v 18 54 -431
s 18 55 -79
v 18 55 732
s 18 56 -34
v 18 56 -335
s 18 57 -68
v 18 57 181
s 18 58 -13
v 18 58 -227
s 18 59 87
v 18 59 -71
s 18 60 -12
v 18 60 -382
s 18 61 -34
v 18 61 75
s 18 62 252
s 18 63 96
v 18 63 -302
s 18 64 -60
v 18 64 -586
s 18 65 13
v 18 65 -9
s 18 66 -6
v 18 66 76
s 18 67 19
v 18 67 -102
s 18 68 -56
v 18 68 -70
s 18 69 12
v 18 69 -300
s 18 70 -22
v 18 70 -379
s 18 71 306
v 18 71 -408
s 18 72 14
v 18 72 -87
s 18 73 -97
v 18 73 -171
s 18 74 184
v 18 74 -355
s 18 75 98
v 18 75 -226
s 18 76 103
v 18 76 -394
s 18 77 -8
v 18 77 79
s 18 78 -22
v 18 78 93
s 18 79 72
v 18 79 228
s 18 80 -49
v 18 80 -94
s 18 81 -7
v 18 81 416
s 18 82 51
v 18 82 301
s 18 83 41
v 18 83 -446
s 18 84 -7
v 18 84 -949
s 18 85 135
v 18 85 -45
s 18 86 -118
v 18 86 -267
s 18 87 114
v 18 87 -62
s 18 88 126
v 18 88 484
s 18 89 28
v 18 89 22
s 18 90 -129
v 18 90 198
s 18 91 24
v 18 91 -172
s 18 92 56
v 18 92 -126
s 18 93 75
v 18 93 10
s 18 94 -30
v 18 94 87
s 18 95 -29
v 18 95 -155
s 18 96 75
v 18 96 214
s 18 97 -168
v 18 97 -72
s 18 98 31
v 18 98 -100
s 18 99 -17
v 18 99 -286
s 18 100 89
v 18 100 82
s 18 101 -18
v 18 101 565
s 18 102 23
v 18 102 290
s 18 103 51
v 18 103 -236
s 18 104 17
v 18 104 767
s 18 105 159
v 18 105 -673
v 18 106 12
v 18 107 366
s 18 108 82
v 18 108 260
s 18 109 -41
v 18 109 -136
s 18 110 106
v 18 110 -575
s 18 111 -35
v 18 111 168
s 18 112 -93
v 18 112 -337
s 18 113 90
v 18 113 81
s 18 114 -23
v 18 114 -440
s 18 119 -68
v 18 119 297
s 18 120 78
v 18 120 -504
s 18 121 60
v 18 121 494
s 18 123 -100
v 18 123 -88
s 18 126 -146
v 18 126 707
s 18 128 -188
v 18 128 473
s 18 129 -57
v 18 129 577
v 18 131 554
s 18 135 64
v 18 135 123
s 18 136 116
v 18 136 287
s 18 137 48
v 18 137 559
s 18 138 -89
v 18 138 90
s 18 145 18
s 18 155 -26
v 18 155 -35
s 19 20 38
v 19 20 -35
s 19 21 -104
v 19 21 284
s 19 22 -87
v 19 22 -162
v 19 23 299
s 19 25 71
v 19 25 -410
s 19 26 -26
v 19 26 -13
s 19 27 -17
v 19 27 -547
s 19 28 -31
v 19 28 -424
s 19 29 -238
v 19 29 40
s 19 30 12
v 19 30 -370
s 19 31 9
v 19 31 -142
s 19 32 -135
v 19 32 -151
s 19 33 -34
v 19 33 -23
s 19 34 103
v 19 34 -603
s 19 35 -203
v 19 35 123
s 19 36 181
v 19 36 -352
v 19 37 -73
s 19 38 23
v 19 38 40
s 19 39 168
s 19 40 10
v 19 40 -589
s 19 41 33
v 19 41 458
s 19 42 -20
v 19 42 76
s 19 43 30
v 19 43 -241
s 19 44 124
v 19 44 -27
s 19 45 -40
v 19 45 -222
s 19 46 11
v 19 46 -338
s 19 47 -79
v 19 47 -16
s 19 48 -64
v 19 48 -218
s 19 49 50
v 19 49 -136
s 19 50 -91
v 19 50 -273
v 19 51 63
s 19 52 21
v 19 52 37
s 19 53 17
v 19 53 -262
s 19 54 52
v 19 54 -836
s 19 55 75
v 19 55 343
s 19 56 61
v 19 56 182
s 19 57 -19
v 19 57 70
s 19 58 59
v 19 58 -20
v 19 59 -94
s 19 60 -95
v 19 60 -10
s 19 61 -17
v 19 61 378
s 19 62 20
v 19 62 -172
s 19 63 -6
v 19 63 -11
s 19 64 11
v 19 64 275
s 19 65 -21
v 19 65 125
v 19 66 -21
s 19 67 -28
v 19 67 -129
s 19 68 20
v 19 68 -194
s 19 69 52
v 19 69 -45
s 19 70 -5
v 19 70 -94
s 19 71 -19
v 19 71 174
s 19 72 -6
v 19 72 -153
s 19 73 -16
v 19 73 -28
s 19 74 188
v 19 74 368
s 19 75 143
v 19 75 132
s 19 76 -53
v 19 76 103
s 19 77 75
v 19 77 9
s 19 78 33
v 19 78 -120
s 19 79 -33
v 19 79 -66
s 19 80 -12
v 19 80 152
v 19 81 -50
s 19 82 11
v 19 82 -183
s 19 83 -12
v 19 83 136
s 19 84 53
v 19 84 114
s 19 85 146
v 19 85 -91
s 19 86 -24
v 19 86 180
s 19 87 -71
v 19 87 -29
s 19 88 -171
v 19 88 487
s 19 89 11
s 19 90 50
v 19 90 -40
s 19 91 -94
v 19 91 120
s 19 92 -38
v 19 92 190
v 19 93 726
s 19 94 -78
v 19 94 -46
s 19 95 -14
v 19 95 -51
s 19 96 -87
v 19 96 -463
s 19 97 29
v 19 97 622
s 19 98 79
v 19 98 -453
s 19 99 -30
v 19 99 425
s 19 100 133
v 19 100 186
s 19 101 -108
v 19 101 78
s 19 102 44
v 19 102 255
s 19 103 25
v 19 103 -286
s 19 104 181
v 19 104 193
s 19 105 -13
v 19 105 283
s 19 106 -54
v 19 106 -436
s 19 107 -82
v 19 107 -254
s 19 108 183
v 19 108 -126
s 19 109 56
v 19 109 -229
s 19 110 -56
v 19 110 -271
s 19 111 40
v 19 111 -248
s 19 112 41
v 19 112 -204
s 19 113 141
v 19 113 -132
s 19 114 115
v 19 114 102
s 19 119 72
v 19 119 434
s 19 120 83
v 19 120 -135
s 19 121 -50
v 19 121 -502
s 19 123 -12
v 19 123 723
s 19 126 -98
v 19 126 -35
s 19 128 -42
v 19 128 136
s 19 129 -84
v 19 129 65
s 19 131 30
v 19 131 135
s 19 135 164
v 19 135 255
s 19 136 -51
v 19 136 403
s 19 137 -59
v 19 137 190
s 19 138 39
v 19 138 -168
s 19 145 115
v 19 145 -157
s 19 155 42
v 19 155 -204
s 20 21 23
v 20 21 403
s 20 22 -158
v 20 22 92
v 20 23 -261
s 20 25 29
v 20 25 453
s 20 26 -24
v 20 26 373
s 20 27 -181
v 20 27 -280
s 20 28 119
v 20 28 763
s 20 29 30
v 20 29 -343
s 20 30 -83
v 20 30 140
s 20 31 89
v 20 31 -222
s 20 32 -18
v 20 32 -72
s 20 33 -7
v 20 33 31
s 20 34 56
v 20 34 504
s 20 35 241
v 20 35 313
s 20 36 -24
v 20 36 -417
s 20 37 58
v 20 37 -56
s 20 38 59
v 20 38 59
s 20 39 38
v 20 39 547
s 20 40 -172
v 20 40 -382
s 20 41 -74
v 20 41 31
s 20 42 35
v 20 42 -163
s 20 43 -118
s 20 44 -51
v 20 44 107
s 20 45 -24
v 20 45 109
s 20 46 172
v 20 46 -314
s 20 47 43
v 20 47 -182
s 20 48 209
v 20 48 -123
s 20 49 154
v 20 49 -905
s 20 50 60
v 20 50 101
s 20 51 -5
v 20 51 12
s 20 52 61
v 20 52 -12
s 20 53 -5
v 20 53 292
s 20 54 -239
v 20 54 -270
s 20 55 -119
v 20 55 -513
s 20 56 55
v 20 56 426
s 20 57 152
v 20 57 -313
s 20 58 22
v 20 58 46
s 20 59 -51
v 20 59 365
s 20 60 203
v 20 60 272
v 20 61 -277
s 20 62 -104
v 20 62 549
s 20 63 83
v 20 63 35
s 20 64 30
v 20 64 -110
s 20 65 16
v 20 65 9
s 20 66 -19
v 20 66 -118
s 20 67 -85
v 20 67 -588
s 20 68 -66
v 20 68 47
s 20 69 -223
v 20 69 -64
s 20 70 -10
v 20 70 286
s 20 71 -198
v 20 71 64
s 20 72 84
v 20 72 71
s 20 73 48
v 20 73 156
s 20 74 -69
v 20 74 258
s 20 75 27
v 20 75 -72
s 20 76 -250
v 20 76 286
s 20 77 21
v 20 77 -124
s 20 78 -154
v 20 78 -221
s 20 79 42
v 20 79 250
v 20 80 346
s 20 81 -31
v 20 81 -253
s 20 82 -41
v 20 82 56
s 20 83 100
v 20 83 -149
s 20 84 109
v 20 84 42
s 20 85 133
v 20 85 -214
s 20 86 -7
v 20 86 -354
s 20 87 129
v 20 87 -84
s 20 88 -39
v 20 88 23
s 20 89 17
v 20 89 7
s 20 90 -124
v 20 90 -330
s 20 91 24
v 20 91 341
s 20 92 26
s 20 93 49
v 20 93 -27
v 20 94 171
s 20 95 -30
v 20 95 -131
s 20 96 60
v 20 96 63
s 20 97 75
v 20 97 64
s 20 98 -74
v 20 98 444
s 20 99 -69
v 20 99 -185
s 20 100 6
v 20 100 64
s 20 101 29
v 20 101 186
s 20 102 -94
s 20 103 18
v 20 103 38
s 20 104 -25
v 20 104 386
s 20 105 88
v 20 105 -45
s 20 106 -108
v 20 106 -250
s 20 107 70
v 20 107 -273
s 20 108 48
v 20 108 -263
v 20 109 -220
s 20 110 107
v 20 110 33
s 20 111 -86
v 20 111 237
s 20 112 -141
v 20 112 -428
s 20 113 28
v 20 113 -427
s 20 114 24
v 20 114 -136
s 20 119 74
v 20 119 95
s 20 120 23
v 20 120 43
s 20 121 92
v 20 121 270
s 20 123 39
v 20 123 248
s 20 126 -51
v 20 126 -240
s 20 128 292
v 20 128 -453
s 20 129 72
v 20 129 -120
s 20 131 18
v 20 131 196
v 20 135 224
s 20 136 -32
v 20 136 -127
s 20 137 -183
v 20 137 40
s 20 138 42
v 20 138 65
s 20 145 31
v 20 145 -244
s 20 155 37
v 20 155 -56
s 21 22 -99
v 21 22 -523
s 21 23 -119
v 21 23 147
s 21 25 39
v 21 25 121
s 21 26 -28
v 21 26 -438
s 21 27 -140
v 21 27 -117
s 21 28 73
v 21 28 364
s 21 29 278
v 21 29 -823
s 21 30 -24
v 21 30 -115
s 21 31 -39
v 21 31 -333
s 21 32 41
v 21 32 -194
s 21 33 22
v 21 33 -793
v 21 34 -238
s 21 35 -116
v 21 35 -9
s 21 36 122
v 21 36 166
s 21 37 130
v 21 37 269
s 21 38 -59
v 21 38 -81
s 21 39 -135
v 21 39 -59
s 21 40 -5
s 21 41 59
v 21 41 -611
s 21 42 -78
v 21 42 94
s 21 43 -100
v 21 43 663
s 21 44 -260
v 21 44 -79
s 21 45 -21
v 21 45 -245
s 21 46 195
v 21 46 -170
s 21 47 47
v 21 47 535
s 21 48 -33
v 21 48 -207
s 21 49 -58
v 21 49 -27
s 21 50 252
v 21 50 65
s 21 51 -50
v 21 51 -13
s 21 52 117
v 21 52 202
s 21 53 -308
v 21 53 -507
s 21 54 302
v 21 54 159
s 21 55 -45
v 21 55 296
s 21 56 -36
v 21 56 434
s 21 57 33
v 21 57 -6
s 21 58 81
v 21 58 114
s 21 59 -16
v 21 59 322
s 21 60 -76
v 21 60 161
v 21 61 -237
s 21 62 161
v 21 62 -111
s 21 63 10
v 21 63 -269
s 21 64 -138
v 21 64 575
s 21 65 17
v 21 65 65
s 21 66 12
v 21 66 -133
s 21 67 80
v 21 67 -670
s 21 68 298
v 21 68 436
s 21 69 -111
v 21 69 319
v 21 70 318
s 21 71 24
v 21 71 -287
s 21 72 -236
v 21 72 550
s 21 73 -8
v 21 73 167
s 21 74 -129
v 21 74 -92
s 21 75 44
v 21 75 364
s 21 76 -28
v 21 76 -68
s 21 77 -131
v 21 77 -59
s 21 78 139
v 21 78 -29
s 21 79 12
v 21 79 -77
s 21 80 158
v 21 80 45
s 21 81 130
v 21 81 277
s 21 82 63
v 21 82 188
s 21 83 17
v 21 83 553
s 21 84 -18
v 21 84 -567
s 21 85 240
v 21 85 955
s 21 86 -171
v 21 86 361
s 21 87 179
v 21 87 337
s 21 88 233
v 21 88 -702
s 21 89 31
v 21 89 291
s 21 90 92
v 21 90 144
s 21 91 247
v 21 91 -7
s 21 92 31
v 21 92 -182
s 21 93 334
v 21 93 643
v 21 94 -113
v 21 95 279
s 21 96 214
v 21 96 -381
s 21 97 113
v 21 97 -43
s 21 98 29
v 21 98 220
s 21 99 36
v 21 99 -402
s 21 100 71
v 21 100 378
s 21 101 41
v 21 101 140
s 21 102 60
v 21 102 76
s 21 103 -34
v 21 103 -191
s 21 104 26
v 21 104 -367
s 21 105 14
v 21 105 -556
s 21 106 62
v 21 106 -103
s 21 107 231
v 21 107 -218
s 21 108 -135
v 21 108 428
s 21 109 -348
v 21 109 -739
s 21 110 82
s 21 111 -23
v 21 111 -11
s 21 112 -146
v 21 112 92
s 21 113 -18
v 21 113 -37
s 21 114 -61
v 21 114 658
v 21 119 422
s 21 120 78
v 21 120 -43
s 21 121 27
v 21 121 133
s 21 123 -89
v 21 123 802
s 21 126 -54
v 21 126 -401
s 21 128 -147
v 21 128 102
s 21 129 124
v 21 129 -416
s 21 131 -151
v 21 131 427
s 21 135 136
v 21 135 660
s 21 136 -107
v 21 136 229
s 21 137 -165
v 21 137 -47
s 21 138 70
v 21 138 71
s 21 145 9
v 21 145 20
s 21 155 -92
v 21 155 106
s 22 23 -54
v 22 23 124
s 22 25 204
v 22 25 -77
s 22 26 89
s 22 27 -12
v 22 27 206
s 22 28 -84
v 22 28 -32
s 22 29 -210
v 22 29 -125
s 22 30 75
v 22 30 -277
s 22 31 -53
v 22 31 -435
s 22 32 98
v 22 32 613
v 22 33 -65
s 22 34 -131
v 22 34 -173
s 22 35 -95
v 22 35 573
s 22 36 -339
v 22 36 -313
s 22 37 -126
v 22 37 -198
s 22 38 20
v 22 38 -135
s 22 39 381
v 22 39 392
s 22 40 -127
v 22 40 83
s 22 41 117
v 22 41 -592
s 22 42 248
v 22 42 -305
s 22 43 62
v 22 43 -253
s 22 44 238
v 22 44 -173
s 22 45 -34
v 22 45 287
s 22 46 -11
v 22 46 -387
s 22 47 39
v 22 47 -23
s 22 48 117
v 22 48 420
s 22 49 -112
v 22 49 -499
s 22 50 76
v 22 50 -289
s 22 51 -52
v 22 51 -356
s 22 52 -21
v 22 52 168
s 22 53 127
v 22 53 281
s 22 54 -67
v 22 54 -625
s 22 55 -138
v 22 55 -81
s 22 56 44
v 22 56 659
s 22 57 19
v 22 57 -346
s 22 58 54
v 22 58 -608
s 22 59 -73
v 22 59 312
s 22 60 -79
v 22 60 125
s 22 61 49
v 22 61 263
s 22 62 -17
v 22 62 -359
s 22 63 -27
v 22 63 499
s 22 64 -125
v 22 64 -322
s 22 65 20
v 22 65 -257
s 22 66 45
v 22 66 -8
s 22 67 -19
v 22 67 -37
s 22 68 86
v 22 68 -177
s 22 69 62
v 22 69 127
s 22 70 15
v 22 70 512
s 22 71 -46
v 22 71 -104
s 22 72 -117
v 22 72 -424
s 22 73 -49
v 22 73 -63
s 22 74 302
v 22 74 207
s 22 75 -75
v 22 75 -169
s 22 76 299
v 22 76 283
s 22 77 38
v 22 77 113
s 22 78 -65
v 22 78 286
v 22 79 222
s 22 80 70
v 22 80 -7
s 22 81 -20
v 22 81 66
s 22 82 -35
v 22 82 -82
s 22 83 245
v 22 83 -449
s 22 84 -76
v 22 84 271
s 22 85 -232
v 22 85 -143
s 22 86 274
v 22 86 518
s 22 87 -105
v 22 87 -26
s 22 88 -88
v 22 88 209
s 22 89 -21
v 22 89 -71
s 22 90 6
v 22 90 -75
s 22 91 -22
v 22 91 -115
s 22 92 -35
v 22 92 -273
s 22 93 -10
v 22 93 -48
s 22 94 -79
v 22 94 -151
s 22 95 65
v 22 95 66
s 22 96 35
v 22 96 -159
s 22 97 127
v 22 97 110
s 22 98 50
v 22 98 422
s 22 99 79
v 22 99 -304
s 22 100 -199
v 22 100 213
s 22 101 68
v 22 101 47
s 22 102 -58
v 22 102 -306
v 22 103 44
s 22 104 65
v 22 104 154
s 22 105 -23
v 22 105 657
s 22 106 134
v 22 106 -81
s 22 107 -92
v 22 107 -424
s 22 108 51
v 22 108 264
s 22 109 -374
v 22 109 -31
s 22 110 -125
v 22 110 597
s 22 111 -10
v 22 111 155
s 22 112 -56
v 22 112 -74
s 22 113 73
v 22 113 -71
s 22 114 -140
v 22 114 264
s 22 119 -107
v 22 119 228
s 22 120 27
v 22 120 -75
s 22 121 106
v 22 121 -60
s 22 123 -422
v 22 123 600
s 22 126 -82
v 22 126 -168
s 22 128 56
v 22 128 102
s 22 129 115
v 22 129 -340
s 22 131 -28
v 22 131 215
s 22 135 134
v 22 135 -202
s 22 136 -13
v 22 136 -478
s 22 137 23
v 22 137 -280
s 22 138 121
v 22 138 219
s 22 145 18
v 22 145 157
s 22 155 -95
v 22 155 -350
s 23 25 -64
v 23 25 251
s 23 26 95
v 23 26 184
s 23 27 111
v 23 27 232
s 23 28 -93
v 23 28 63
s 23 29 -79
v 23 29 308
s 23 30 71
v 23 30 -148
s 23 31 -57
v 23 31 -448
s 23 32 59
v 23 32 269
s 23 33 -56
v 23 33 228
v 23 34 62
s 23 35 -112
v 23 35 -99
s 23 36 -63
v 23 36 -347
s 23 37 7
v 23 37 268
s 23 38 23
v 23 38 -305
s 23 39 24
v 23 39 355
s 23 40 64
v 23 40 191
s 23 41 -13
v 23 41 -176
s 23 42 -41
v 23 42 771
s 23 43 40
v 23 43 -20
s 23 44 50
v 23 44 98
s 23 45 -17
v 23 45 -137
s 23 46 -40
v 23 46 406
s 23 47 32
v 23 47 -142
s 23 48 65
v 23 48 218
s 23 49 -54
v 23 49 -322
s 23 50 137
v 23 50 -43
s 23 51 -84
v 23 51 167
s 23 52 -84
v 23 52 -94
s 23 53 66
v 23 53 154
s 23 54 87
v 23 54 -659
s 23 55 -34
v 23 55 105
s 23 56 -26
v 23 56 28
s 23 57 35
v 23 57 -153
s 23 58 11
v 23 58 235
s 23 59 -14
v 23 59 -187
s 23 60 31
v 23 60 134
s 23 61 45
v 23 61 -15
s 23 62 20
v 23 62 -36
s 23 63 46
v 23 63 334
v 23 64 -150
v 23 65 78
s 23 66 -21
v 23 66 -9
s 23 67 166
v 23 67 -53
s 23 68 36
v 23 68 -206
s 23 69 55
v 23 69 -78
s 23 70 -48
v 23 70 -64
s 23 71 112
v 23 71 -510
s 23 72 -14
v 23 72 -329
s 23 73 -103
v 23 73 294
s 23 74 42
v 23 74 446
s 23 75 69
v 23 75 577
s 23 76 -52
v 23 76 -302
s 23 77 33
v 23 77 -59
s 23 78 -20
v 23 78 -223
s 23 79 -23
v 23 79 73
s 23 80 11
v 23 80 10
s 23 81 -12
v 23 81 165
s 23 82 -42
v 23 82 244
s 23 83 -58
v 23 83 -37
s 23 84 355
v 23 84 -182
s 23 85 -40
v 23 85 65
s 23 86 -259
v 23 86 -489
s 23 87 -180
v 23 87 -43
s 23 88 138
v 23 88 213
s 23 89 9
v 23 89 -7
s 23 90 32
v 23 90 -362
s 23 91 29
v 23 91 135
s 23 92 -22
v 23 92 191
s 23 93 21
v 23 93 -10
s 23 94 46
v 23 94 153
s 23 95 -33
v 23 95 -50
v 23 96 100
s 23 97 -123
v 23 97 -270
s 23 98 -25
v 23 98 -35
s 23 99 -43
v 23 99 -311
s 23 100 -42
v 23 100 391
s 23 101 -11
v 23 101 31
s 23 102 51
s 23 103 -34
v 23 103 36
s 23 104 -86
v 23 104 222
s 23 105 -221
v 23 105 -95
s 23 106 -139
v 23 106 -219
s 23 107 78
v 23 107 -112
s 23 108 17
v 23 108 -361
s 23 109 -8
v 23 109 -5
v 23 110 -113
s 23 111 98
v 23 111 -358
s 23 112 -71
v 23 112 146
s 23 113 -12
v 23 113 110
v 23 114 46
s 23 119 19
v 23 119 -213
s 23 120 -35
v 23 120 192
s 23 121 -73
v 23 121 375
s 23 123 -134
v 23 123 -201
s 23 126 -98
v 23 126 -324
s 23 128 -42
v 23 128 -329
s 23 129 -28
v 23 129 159
s 23 131 179
v 23 131 -218
s 23 135 -15
v 23 135 172
s 23 136 -16
v 23 136 70
s 23 137 -63
v 23 137 107
s 23 138 6
v 23 138 29
s 23 145 52
v 23 145 -88
v 23 155 174
s 25 26 520
v 25 26 -22
s 25 27 125
v 25 27 816
s 25 28 80
v 25 28 -267
s 25 29 213
v 25 29 -371
s 25 30 170
v 25 30 -94
s 25 31 -394
v 25 31 -116
s 25 32 137
v 25 32 145
s 25 33 -33
v 25 33 -747
s 25 34 -40
v 25 34 -129
s 25 35 -85
v 25 35 -654
s 25 36 104
v 25 36 296
s 25 37 214
v 25 37 525
s 25 38 -27
v 25 38 -82
s 25 39 -98
v 25 39 117
s 25 40 69
v 25 40 -162
s 25 41 249
v 25 41 133
s 25 42 42
v 25 42 47
s 25 43 -110
v 25 43 446
s 25 44 286
v 25 44 102
s 25 45 88
v 25 45 194
s 25 46 -60
v 25 46 8
s 25 47 126
v 25 47 466
s 25 48 -35
v 25 48 296
s 25 49 -88
v 25 49 -350
s 25 50 -43
v 25 50 -431
s 25 51 -64
v 25 51 386
s 25 52 46
v 25 52 265
s 25 53 -30
v 25 53 -265
s 25 54 518
v 25 54 60
s 25 55 6
v 25 55 447
s 25 56 103
v 25 56 -204
s 25 57 81
v 25 57 163
s 25 58 -94
v 25 58 -89
s 25 59 13
v 25 59 -119
s 25 60 92
v 25 60 110
s 25 61 104
v 25 61 154
s 25 62 84
v 25 62 -270
s 25 63 42
v 25 63 -190
s 25 64 -67
v 25 64 -300
s 25 65 -49
v 25 65 -130
v 25 66 343
s 25 67 59
v 25 67 -561
s 25 68 -46
v 25 68 141
s 25 69 30
v 25 69 1087
s 25 70 -230
v 25 70 -224
s 25 71 218
v 25 71 -156
s 25 72 -122
v 25 72 -203
s 25 73 5
v 25 73 -58
s 25 74 -181
v 25 74 -932
s 25 75 176
v 25 75 195
s 25 76 -64
v 25 76 -140
s 25 77 97
v 25 77 189
s 25 78 -72
s 25 79 15
v 25 79 -188
s 25 80 -85
v 25 80 55
s 25 81 -147
v 25 81 -383
s 25 82 -25
v 25 82 -92
s 25 83 -10
v 25 83 -240
s 25 84 -137
v 25 84 -159
s 25 85 -256
v 25 85 221
s 25 86 -140
v 25 86 334
s 25 87 39
v 25 87 422
s 25 88 14
v 25 88 304
s 25 89 38
v 25 89 139
s 25 90 28
v 25 90 287
s 25 91 26
v 25 91 -16
s 25 92 70
v 25 92 -318
s 25 93 116
v 25 93 668
s 25 94 -52
v 25 94 -6
s 25 95 171
v 25 95 236
s 25 96 115
v 25 96 -398
s 25 97 -63
v 25 97 -172
s 25 98 -48
v 25 98 -170
s 25 99 43
v 25 99 426
s 25 100 210
v 25 100 -690
s 25 101 -129
v 25 101 55
s 25 102 -123
v 25 102 77
s 25 103 -13
v 25 103 -92
s 25 104 102
v 25 104 -6
s 25 105 -7
v 25 105 868
s 25 106 -149
v 25 106 302
s 25 107 -118
v 25 107 26
s 25 108 -111
v 25 108 -26
s 25 109 -171
v 25 109 -255
s 25 110 -127
v 25 110 707
s 25 111 -11
v 25 111 -174
v 25 112 -98
v 25 113 -378
s 25 114 -43
v 25 114 354
s 25 119 22
v 25 119 -126
s 25 120 6
v 25 120 129
s 25 121 -88
v 25 121 -93
s 25 123 55
v 25 123 286
s 25 126 -97
v 25 126 -622
s 25 128 44
v 25 128 -73
s 25 129 174
v 25 129 -135
s 25 131 -87
v 25 131 365
s 25 135 -14
v 25 135 348
s 25 136 61
v 25 136 -203
s 25 137 -97
v 25 137 388
s 25 138 -177
v 25 138 -34
s 25 145 -77
v 25 145 158
s 25 155 42
v 25 155 -23
s 26 27 -323
v 26 27 -236
s 26 28 74
v 26 28 -421
s 26 29 -135
v 26 29 -601
s 26 30 -95
v 26 30 591
s 26 31 -86
v 26 31 -394
s 26 32 -81
v 26 32 93
s 26 33 303
v 26 33 269
s 26 34 75
v 26 34 45
s 26 35 234
v 26 35 -430
s 26 36 -158
v 26 36 68
s 26 37 92
v 26 37 -147
s 26 38 -102
v 26 38 -223
s 26 39 -8
v 26 39 53
s 26 40 -91
v 26 40 -15
s 26 41 35
v 26 41 880
s 26 42 5
v 26 42 -598
s 26 43 -26
v 26 43 -150
s 26 44 -18
v 26 44 -563
s 26 45 -62
v 26 45 79
v 26 46 -313
s 26 47 162
v 26 47 38
s 26 48 314
v 26 48 135
s 26 49 -380
v 26 49 -562
s 26 50 -183
v 26 50 -553
s 26 51 37
v 26 51 298
s 26 52 45
v 26 52 358
s 26 53 29
v 26 53 275
s 26 54 -100
v 26 54 751
s 26 55 40
v 26 55 -68
s 26 56 -6
v 26 56 -140
s 26 57 -13
v 26 57 -404
s 26 58 57
v 26 58 -166
s 26 59 78
v 26 59 -7
s 26 60 -232
v 26 60 -134
s 26 61 -19
v 26 61 531
s 26 62 20
v 26 62 -86
v 26 63 410
s 26 64 129
v 26 64 -195
v 26 65 -128
s 26 66 -18
v 26 66 -96
s 26 67 34
v 26 67 -826
s 26 68 37
v 26 68 -231
s 26 69 -199
v 26 69 -264
s 26 70 162
v 26 70 315
s 26 71 -203
v 26 71 130
s 26 72 -53
v 26 72 62
s 26 73 55
v 26 73 -458
s 26 74 -64
v 26 74 -47
s 26 75 63
v 26 75 178
s 26 76 -153
v 26 76 -133
s 26 77 92
v 26 77 -207
s 26 78 104
v 26 78 304
s 26 79 -49
v 26 79 -142
s 26 80 17
v 26 80 165
v 26 81 -231
s 26 82 -89
v 26 82 162
s 26 83 -19
v 26 83 -397
s 26 84 47
v 26 84 -398
s 26 85 167
v 26 85 481
s 26 86 5
v 26 86 -1233
s 26 87 -308
v 26 87 -81
s 26 88 -366
v 26 88 381
s 26 89 -50
v 26 89 -63
s 26 90 -10
v 26 90 -623
v 26 91 -70
s 26 92 18
v 26 92 -158
s 26 93 -113
v 26 93 440
s 26 94 -68
v 26 94 37
s 26 95 93
v 26 95 -31
s 26 96 -92
v 26 96 -204
s 26 97 -161
v 26 97 284
s 26 98 245
v 26 98 425
s 26 99 178
v 26 99 -11
s 26 100 -10
v 26 100 -352
s 26 101 14
v 26 101 280
s 26 102 -146
v 26 102 -412
s 26 103 59
v 26 103 137
s 26 104 -384
v 26 104 760
s 26 105 -90
v 26 105 -10
s 26 106 109
v 26 106 -702
s 26 107 -110
v 26 107 649
s 26 108 231
v 26 108 -165
s 26 109 466
v 26 109 223
s 26 110 252
v 26 110 420
s 26 111 -31
v 26 111 163
s 26 112 -110
v 26 112 -616
s 26 113 -173
v 26 113 -346
s 26 114 138
v 26 114 -63
s 26 119 79
v 26 119 -37
s 26 120 -193
v 26 120 -27
s 26 121 136
v 26 121 -114
s 26 123 -222
v 26 123 33
s 26 126 34
v 26 126 473
s 26 128 -67
v 26 128 72
s 26 129 -155
v 26 129 90
s 26 131 115
v 26 131 16
s 26 135 241
v 26 135 -261
s 26 136 -8
v 26 136 -13
s 26 137 130
v 26 137 293
s 26 138 74
v 26 138 278
s 26 145 54
v 26 145 682
s 26 155 -30
v 26 155 185
s 27 28 21
v 27 28 543
s 27 29 -29
v 27 29 -251
s 27 30 23
v 27 30 209
s 27 31 -157
v 27 31 -228
s 27 32 93
v 27 32 671
s 27 33 -5
v 27 33 -322
s 27 34 104
v 27 34 303
s 27 35 397
v 27 35 30
s 27 36 68
v 27 36 -28
s 27 37 -143
v 27 37 -169
s 27 38 -90
v 27 38 -24
s 27 39 230
v 27 39 877
s 27 40 108
v 27 40 79
s 27 41 -135
v 27 41 501
s 27 42 81
v 27 42 -636
s 27 43 76
v 27 43 -131
s 27 44 133
v 27 44 -254
s 27 45 -28
v 27 45 -363
s 27 46 -148
v 27 46 666
s 27 47 -54
v 27 47 48
s 27 48 37
v 27 48 -639
s 27 49 -111
v 27 49 -202
v 27 50 -67
s 27 51 -19
v 27 51 -25
s 27 52 5
v 27 52 -106
s 27 53 128
v 27 53 -38
s 27 54 -133
v 27 54 -197
s 27 55 90
v 27 55 -1000
s 27 56 -95
v 27 56 -97
s 27 57 -64
v 27 57 -225
s 27 58 -44
v 27 58 -72
s 27 59 -92
v 27 59 348
s 27 60 -372
v 27 60 -230
s 27 61 64
v 27 61 160
s 27 62 21
v 27 62 247
s 27 63 51
v 27 63 -38
s 27 64 -61
v 27 64 -11
s 27 65 -43
v 27 65 -12
s 27 66 7
v 27 66 98
s 27 67 -290
v 27 67 -638
s 27 68 11
v 27 68 101
s 27 69 -13
v 27 69 -384
s 27 70 -162
v 27 70 873
s 27 71 -441
v 27 71 6
s 27 72 -134
v 27 72 283
s 27 73 15
v 27 73 -457
s 27 74 30
v 27 74 -150
s 27 75 64
v 27 75 -845
s 27 76 -174
v 27 76 67
s 27 77 88
v 27 77 13
s 27 78 57
v 27 78 -10
s 27 79 -55
v 27 79 206
s 27 80 -58
v 27 80 -276
s 27 81 47
v 27 81 20
s 27 82 -64
v 27 82 -366
s 27 83 -53
v 27 83 -401
s 27 84 -188
v 27 84 -350
s 27 85 131
v 27 85 608
s 27 86 -193
v 27 86 343
s 27 87 -10
v 27 87 -204
s 27 88 -199
v 27 88 794
s 27 89 21
v 27 89 -295
s 27 90 63
v 27 90 230
s 27 91 -131
v 27 91 -39
v 27 92 -267
s 27 93 -327
v 27 93 83
s 27 94 8
v 27 94 -62
s 27 95 -79
v 27 95 285
s 27 96 119
v 27 96 421
s 27 97 351
v 27 97 -222
s 27 98 127
v 27 98 -64
s 27 99 -96
v 27 99 326
s 27 100 18
v 27 100 34
s 27 101 -100
v 27 101 -143
s 27 102 27
v 27 102 243
s 27 103 -18
v 27 103 -185
s 27 104 -336
v 27 104 -199
s 27 105 16
v 27 105 205
s 27 106 -28
v 27 106 -237
s 27 107 66
v 27 107 -165
s 27 108 138
v 27 108 7
s 27 109 320
v 27 109 -953
s 27 110 148
v 27 110 303
s 27 111 74
v 27 111 439
s 27 112 155
v 27 112 494
s 27 113 -34
v 27 113 -512
s 27 114 126
v 27 114 -280
s 27 119 48
v 27 119 101
s 27 120 -7
v 27 120 162
s 27 121 54
v 27 121 145
s 27 123 -130
v 27 123 -22
s 27 126 97
v 27 126 52
s 27 128 195
v 27 128 -364
s 27 129 103
v 27 129 -162
s 27 131 14
v 27 131 -182
s 27 135 371
v 27 135 -79
s 27 136 214
v 27 136 14
s 27 137 -16
v 27 137 179
s 27 138 -34
v 27 138 -109
s 27 145 62
v 27 145 398
s 27 155 32
v 27 155 137
s 28 29 98
v 28 29 -254
s 28 30 -39
v 28 30 -381
s 28 31 56
v 28 31 320
v 28 32 -133
s 28 33 29
v 28 33 262
s 28 34 -125
v 28 34 24
s 28 35 100
v 28 35 233
s 28 36 -24
v 28 36 -122
s 28 37 114
s 28 38 6
v 28 38 -346
s 28 39 -134
v 28 39 -283
s 28 40 58
v 28 40 -169
s 28 41 -62
v 28 41 329
s 28 42 51
v 28 42 -12
s 28 43 29
v 28 43 -170
s 28 44 -22
v 28 44 224
s 28 45 -8
v 28 45 60
s 28 46 -42
v 28 46 146
s 28 47 -64
v 28 47 74
v 28 48 -704
s 28 49 -154
v 28 49 -284
s 28 50 162
v 28 50 -188
s 28 51 -43
v 28 51 162
s 28 52 -34
v 28 52 -113
s 28 53 89
v 28 53 -117
s 28 54 -283
v 28 54 665
s 28 55 38
v 28 55 -223
s 28 56 66
v 28 56 244
s 28 57 -21
v 28 57 -18
s 28 58 161
v 28 58 -381
s 28 59 -56
v 28 59 -112
s 28 60 -48
v 28 60 -74
s 28 61 8
v 28 61 -57
s 28 62 -64
v 28 62 -55
s 28 63 -25
v 28 63 109
s 28 64 114
v 28 64 195
v 28 65 -18
s 28 66 -14
v 28 66 111
s 28 67 -28
v 28 67 22
s 28 68 -216
v 28 68 290
s 28 69 -20
v 28 69 -165
s 28 70 185
v 28 70 123
s 28 71 -82
v 28 71 159
s 28 72 -117
v 28 72 -197
s 28 73 41
v 28 73 20
s 28 74 -203
v 28 74 163
s 28 75 11
v 28 75 367
s 28 76 -67
v 28 76 -108
v 28 77 -74
s 28 78 -28
v 28 78 173
v 28 79 40
s 28 80 -53
v 28 80 177
s 28 81 -25
v 28 81 -259
s 28 82 -20
v 28 82 -18
s 28 83 -7
v 28 83 77
s 28 84 -50
v 28 84 -361
s 28 85 48
v 28 85 490
s 28 86 -116
v 28 86 557
s 28 87 91
v 28 87 251
s 28 88 298
v 28 88 93
s 28 89 32
v 28 89 -18
s 28 90 -9
v 28 90 193
s 28 91 -73
v 28 91 131
s 28 92 -57
v 28 92 -72
s 28 93 -168
v 28 93 242
s 28 94 26
v 28 94 -43
s 28 95 -33
v 28 95 -122
s 28 97 43
v 28 97 67
s 28 98 -5
v 28 98 96
s 28 99 -31
v 28 99 -63
s 28 100 -48
v 28 100 286
v 28 101 -213
s 28 102 66
v 28 102 -59
s 28 103 -11
v 28 103 329
s 28 104 88
v 28 104 -305
s 28 105 52
v 28 105 184
s 28 106 31
v 28 106 -171
s 28 107 -7
v 28 107 198
s 28 108 -7
v 28 108 -211
s 28 109 -111
v 28 109 -239
s 28 110 -20
v 28 110 36
s 28 111 -74
v 28 111 181
s 28 112 -9
v 28 112 70
s 28 113 39
v 28 113 271
s 28 114 12
v 28 114 -314
s 28 119 119
v 28 119 143
s 28 120 73
v 28 120 134
s 28 121 67
v 28 121 36
s 28 123 177
v 28 123 -638
s 28 126 -32
v 28 126 -44
s 28 128 71
v 28 128 76
s 28 129 43
v 28 129 -305
s 28 131 55
v 28 131 136
s 28 135 37
v 28 135 254
s 28 136 -108
v 28 136 90
s 28 137 75
v 28 137 -83
s 28 138 15
v 28 138 -119
s 28 145 66
v 28 145 -160
s 28 155 -29
v 28 155 -11
s 29 30 -151
v 29 30 -180
s 29 31 -366
v 29 31 -203
s 29 32 -161
v 29 32 95
s 29 33 -159
v 29 33 460
s 29 34 71
v 29 34 -295
s 29 35 86
v 29 35 -391
s 29 36 -281
v 29 36 -417
s 29 37 286
v 29 37 514
s 29 38 -42
v 29 38 -122
s 29 39 -123
v 29 39 -162
s 29 40 -25
v 29 40 137
s 29 41 27
v 29 41 669
s 29 42 -34
v 29 42 845
s 29 43 17
v 29 43 -850
s 29 44 -20
v 29 44 294
s 29 45 -122
v 29 45 -259
s 29 46 -125
v 29 46 619
s 29 47 31
v 29 47 -441
s 29 48 -266
v 29 48 809
s 29 49 -18
v 29 49 -494
s 29 50 353
v 29 50 -27
s 29 51 11
v 29 51 -473
s 29 52 126
v 29 52 -349
s 29 53 -16
v 29 53 -175
s 29 54 84
v 29 54 -1374
s 29 55 -168
v 29 55 121
s 29 56 107
v 29 56 -312
s 29 57 35
v 29 57 -50
s 29 58 -49
v 29 58 -139
s 29 59 114
v 29 59 -305
v 29 60 -103
s 29 61 17
v 29 61 247
s 29 62 -44
v 29 62 565
s 29 63 94
v 29 63 -1000
s 29 64 -10
s 29 65 6
v 29 65 209
v 29 66 8
s 29 67 -92
v 29 67 287
s 29 68 -8
v 29 68 530
s 29 69 -88
v 29 69 -40
s 29 70 264
v 29 70 -110
s 29 71 206
v 29 71 492
s 29 72 225
v 29 72 125
s 29 73 -49
v 29 73 -245
s 29 74 -8
v 29 74 183
s 29 75 -100
v 29 75 732
s 29 76 113
v 29 76 -375
v 29 77 286
s 29 78 45
v 29 78 -212
s 29 79 26
v 29 79 -330
s 29 80 22
v 29 80 -128
s 29 81 -108
v 29 81 442
s 29 82 -31
v 29 82 148
s 29 83 -73
v 29 83 27
s 29 84 -30
v 29 84 686
s 29 85 339
v 29 85 -359
s 29 86 362
v 29 86 -222
s 29 87 59
v 29 87 -382
s 29 88 114
v 29 88 -246
s 29 89 -41
v 29 89 132
s 29 90 137
v 29 90 740
s 29 91 49
v 29 91 -720
s 29 92 7
v 29 92 231
s 29 93 -110
v 29 93 -2030
s 29 94 -130
v 29 94 -39
s 29 95 -21
v 29 95 36
s 29 96 -88
v 29 96 194
s 29 97 -97
v 29 97 111
v 29 98 -684
s 29 99 -46
v 29 99 -244
s 29 100 170
v 29 100 97
s 29 101 -135
v 29 101 684
s 29 102 -69
v 29 102 -217
s 29 103 -15
v 29 103 107
s 29 104 -48
v 29 104 113
s 29 105 48
v 29 105 601
s 29 106 -18
v 29 106 864
s 29 107 33
v 29 107 846
s 29 108 -61
v 29 108 -274
s 29 109 96
v 29 109 243
s 29 110 38
v 29 110 -25
v 29 111 -57
s 29 112 -195
v 29 112 174
s 29 113 -117
v 29 113 233
s 29 114 70
v 29 114 -121
s 29 119 -263
v 29 119 -528
s 29 120 87
v 29 120 -300
s 29 121 146
v 29 121 -723
s 29 123 206
v 29 123 -415
s 29 126 35
v 29 126 140
s 29 128 -12
v 29 128 -309
s 29 129 20
v 29 129 335
s 29 131 -82
v 29 131 -33
v 29 135 -99
s 29 136 191
v 29 136 469
s 29 137 53
v 29 137 -985
s 29 138 -51
v 29 138 -311
s 29 145 45
v 29 145 535
s 29 155 94
v 29 155 -363
s 30 31 -123
v 30 31 -48
s 30 32 -84
v 30 32 -490
s 30 33 49
v 30 33 -312
s 30 34 -213
v 30 34 -409
s 30 35 -113
v 30 35 -162
s 30 36 -114
v 30 36 29
s 30 37 -10
v 30 37 -90
s 30 38 85
v 30 38 -239
s 30 39 122
v 30 39 256
s 30 40 -36
v 30 40 -23
s 30 41 19
v 30 41 -144
s 30 42 341
v 30 42 -307
s 30 43 -90
v 30 43 59
s 30 44 8
v 30 44 413
s 30 45 -8
v 30 45 37
s 30 46 -172
v 30 46 -291
s 30 47 -177
v 30 47 342
s 30 48 -85
v 30 48 -181
s 30 49 252
v 30 49 375
s 30 50 -25
v 30 50 -440
s 30 51 114
v 30 51 -391
s 30 52 50
v 30 52 39
s 30 53 -26
v 30 53 -475
s 30 54 175
v 30 54 705
s 30 55 82
v 30 55 128
s 30 56 208
v 30 56 -124
s 30 57 -84
v 30 57 335
s 30 58 8
v 30 58 33
s 30 59 -38
v 30 59 -19
s 30 60 137
v 30 60 -65
s 30 61 -81
v 30 61 -253
s 30 62 176
v 30 62 98
s 30 63 -42
v 30 63 -466
s 30 64 -75
v 30 64 81
s 30 65 13
v 30 65 -88
s 30 66 17
v 30 66 74
s 30 67 -19
v 30 67 653
s 30 68 37
v 30 68 -345
s 30 69 79
v 30 69 298
s 30 70 11
v 30 70 -135
s 30 71 116
v 30 71 468
s 30 72 -150
v 30 72 16
s 30 73 87
v 30 73 -48
s 30 74 -76
v 30 74 -349
s 30 75 -348
v 30 75 -144
s 30 76 155
v 30 76 -127
s 30 77 -42
v 30 77 62
s 30 78 6
v 30 78 -575
s 30 79 69
v 30 79 246
s 30 80 -18
v 30 80 -55
s 30 81 -39
v 30 81 -77
s 30 82 24
v 30 82 -138
s 30 83 -50
v 30 83 -376
s 30 84 82
v 30 84 -25
s 30 85 -101
v 30 85 -68
s 30 86 -94
v 30 86 212
s 30 87 19
v 30 87 -460
s 30 88 153
v 30 88 -234
s 30 89 9
v 30 89 167
s 30 90 -18
v 30 90 -10
s 30 91 11
v 30 91 279
s 30 92 -80
v 30 92 -22
s 30 93 -34
v 30 93 69
s 30 94 -11
v 30 94 -293
s 30 95 -32
v 30 95 6
s 30 96 -125
v 30 96 670
v 30 97 96
s 30 98 -24
v 30 98 68
s 30 99 -110
v 30 99 61
s 30 100 -52
v 30 100 448
s 30 101 96
v 30 101 -401
s 30 102 -80
v 30 102 344
s 30 103 -9
v 30 103 -129
s 30 104 144
v 30 104 12
s 30 105 -147
v 30 105 143
s 30 106 156
v 30 106 314
s 30 107 16
v 30 107 447
s 30 108 -44
v 30 108 27
s 30 109 -132
v 30 109 -589
s 30 110 -180
v 30 110 -163
v 30 111 468
s 30 112 -90
v 30 112 451
s 30 113 124
v 30 113 98
s 30 114 188
v 30 114 -49
s 30 119 -12
v 30 119 22
s 30 120 -124
v 30 120 -18
s 30 121 -99
v 30 121 342
s 30 123 12
v 30 123 -382
s 30 126 81
v 30 126 -402
s 30 128 -128
v 30 128 470
s 30 129 88
v 30 129 -159
s 30 131 24
v 30 131 -344
s 30 135 -102
v 30 135 24
s 30 136 74
v 30 136 -262
s 30 137 46
v 30 137 -174
s 30 138 -70
v 30 138 -523
s 30 145 153
v 30 145 164
s 30 155 47
v 30 155 98
s 31 32 -89
v 31 32 -11
s 31 33 -77
v 31 33 -226
s 31 34 23
v 31 34 -15
s 31 35 -62
v 31 35 14
s 31 36 149
v 31 36 516
s 31 37 -45
v 31 37 294
s 31 38 36
v 31 38 -334
s 31 39 -147
v 31 39 -581
s 31 40 -12
v 31 40 -50
s 31 41 112
v 31 41 -212
s 31 42 -160
v 31 42 -62
s 31 43 -53
v 31 43 95
s 31 44 92
v 31 44 107
s 31 45 -48
v 31 45 29
s 31 46 12
v 31 46 214
s 31 47 -93
v 31 47 -180
s 31 48 259
v 31 48 -133
s 31 49 50
v 31 49 210
s 31 50 -43
v 31 50 21
s 31 51 -46
v 31 51 29
s 31 52 53
v 31 52 -37
s 31 53 105
v 31 53 59
s 31 54 161
v 31 54 444
s 31 55 234
v 31 55 -66
s 31 56 36
v 31 56 40
s 31 57 -55
v 31 57 476
s 31 58 86
v 31 58 -86
s 31 59 101
v 31 59 496
s 31 60 33
v 31 60 -243
s 31 61 15
v 31 61 -151
s 31 62 -61
v 31 62 -180
s 31 63 -44
v 31 63 -622
s 31 64 95
v 31 64 -133
s 31 65 81
v 31 65 -43
s 31 66 -26
v 31 66 94
s 31 67 -69
v 31 67 252
s 31 68 -59
v 31 68 -88
s 31 69 -176
v 31 69 53
s 31 70 -39
v 31 70 -490
s 31 71 -5
v 31 71 401
s 31 72 -47
v 31 72 67
s 31 73 78
v 31 73 -201
s 31 74 -117
v 31 74 -636
s 31 75 105
v 31 75 259
s 31 76 -124
v 31 76 -397
s 31 77 -34
v 31 77 53
s 31 78 -196
v 31 78 -187
s 31 79 21
v 31 79 -466
s 31 80 193
v 31 80 52
s 31 81 98
v 31 81 153
v 31 82 255
s 31 83 -64
v 31 83 44
s 31 84 -67
v 31 84 -106
s 31 85 -139
v 31 85 304
s 31 86 -183
v 31 86 -241
s 31 87 -140
v 31 87 -206
s 31 88 35
v 31 88 -83
s 31 89 75
v 31 89 107
s 31 90 -17
v 31 90 95
s 31 91 -85
v 31 91 333
v 31 92 33
s 31 93 131
v 31 93 212
s 31 94 44
v 31 94 -160
s 31 95 32
v 31 95 124
s 31 96 78
v 31 96 -267
s 31 97 100
v 31 97 147
s 31 98 -26
v 31 98 -591
s 31 99 -10
v 31 99 -501
s 31 100 -90
v 31 100 157
s 31 101 -15
v 31 101 -87
s 31 102 199
v 31 102 519
s 31 103 -11
v 31 103 -246
s 31 104 218
v 31 104 334
s 31 105 -65
s 31 106 -67
v 31 106 -417
s 31 107 -184
v 31 107 -98
s 31 108 -382
v 31 108 717
s 31 109 -99
v 31 109 340
s 31 110 70
v 31 110 -425
s 31 111 -66
v 31 111 8
s 31 112 -48
v 31 112 -72
s 31 113 28
v 31 113 -140
s 31 114 -164
v 31 114 116
s 31 119 86
v 31 119 -215
s 31 120 49
v 31 120 -11
s 31 121 420
s 31 123 182
v 31 123 -444
s 31 126 19
v 31 126 -220
s 31 128 15
v 31 128 -206
s 31 129 39
v 31 129 439
s 31 131 -126
v 31 131 -325
s 31 135 -15
v 31 135 -37
s 31 136 298
v 31 136 218
s 31 137 104
v 31 137 19
s 31 138 -12
v 31 138 -185
s 31 145 -8
v 31 145 -297
s 31 155 22
v 31 155 -74
v 32 33 159
v 32 34 -114
s 32 35 134
v 32 35 187
s 32 36 91
v 32 36 -152
s 32 37 -47
v 32 37 164
v 32 38 -120
s 32 39 29
v 32 39 540
s 32 40 66
v 32 40 363
s 32 41 -29
v 32 41 339
s 32 42 127
v 32 42 28
s 32 43 72
v 32 43 -165
s 32 44 48
v 32 44 -353
s 32 45 -78
v 32 45 -158
s 32 46 -119
v 32 46 13
s 32 47 16
v 32 47 455
s 32 48 -182
v 32 48 -156
s 32 49 -142
s 32 50 52
v 32 50 -22
s 32 51 -34
v 32 51 53
s 32 52 -43
v 32 52 -194
s 32 53 -75
v 32 53 -46
s 32 54 -36
v 32 54 220
s 32 55 140
v 32 55 -323
s 32 56 -101
v 32 56 -85
s 32 57 -25
v 32 57 -88
s 32 58 -58
v 32 58 112
s 32 59 -57
v 32 59 139
s 32 60 -84
v 32 60 129
s 32 61 -39
v 32 61 -168
s 32 62 -25
v 32 62 6
s 32 63 77
v 32 63 124
s 32 64 38
v 32 64 -161
s 32 65 -18
v 32 65 -98
v 32 66 -92
s 32 67 44
v 32 67 355
s 32 68 104
v 32 68 213
s 32 69 -80
v 32 69 -290
s 32 70 -60
v 32 70 213
s 32 71 -60
v 32 71 -58
s 32 72 53
v 32 72 -136
s 32 73 26
v 32 73 53
s 32 74 -138
v 32 74 920
s 32 75 132
v 32 75 -396
s 32 76 -75
v 32 76 316
v 32 77 78
s 32 78 73
v 32 78 -108
s 32 79 23
v 32 79 76
v 32 80 -100
s 32 81 -10
v 32 81 -116
v 32 82 -175
s 32 83 -77
v 32 83 79
s 32 84 102
v 32 84 -214
s 32 85 176
v 32 85 7
s 32 86 -304
v 32 86 -224
s 32 87 33
v 32 87 -124
s 32 88 -53
v 32 88 418
s 32 89 -15
v 32 89 33
v 32 90 179
s 32 91 12
v 32 91 -9
v 32 92 -87
s 32 93 -92
v 32 93 114
s 32 94 -12
v 32 94 21
s 32 95 48
v 32 95 -243
s 32 96 -7
v 32 96 -414
s 32 97 -61
v 32 97 -106
s 32 98 -48
v 32 98 46
s 32 99 -32
v 32 99 8
s 32 100 37
v 32 100 222
s 32 101 116
v 32 101 603
s 32 102 -10
v 32 102 285
s 32 103 -10
v 32 103 8
s 32 104 -82
v 32 104 456
s 32 105 71
v 32 105 -189
s 32 106 -20
s 32 107 -30
v 32 107 153
s 32 108 155
v 32 108 -350
s 32 109 46
v 32 109 -255
s 32 110 83
v 32 110 338
s 32 111 27
v 32 111 -111
s 32 112 76
v 32 112 -154
s 32 113 -25
v 32 113 96
s 32 114 -46
v 32 114 -104
s 32 119 100
v 32 119 -119
s 32 120 -43
v 32 120 -70
s 32 121 -13
v 32 121 28
s 32 123 16
v 32 123 -173
s 32 126 -133
v 32 126 -254
s 32 128 56
v 32 128 -201
s 32 129 -8
v 32 129 -77
s 32 131 -22
v 32 131 100
s 32 135 -119
v 32 135 -458
s 32 136 -58
v 32 136 105
v 32 137 -81
s 32 138 -29
v 32 138 -6
s 32 145 -18
v 32 145 103
s 32 155 -49
v 32 155 -13
s 33 34 28
v 33 34 -64
s 33 35 -68
v 33 35 -610
s 33 36 103
v 33 36 61
s 33 37 -23
v 33 37 46
s 33 38 -60
v 33 38 -102
s 33 39 13
v 33 39 217
s 33 40 -53
v 33 40 -7
s 33 41 -37
v 33 41 -162
s 33 42 65
v 33 42 -262
s 33 43 9
v 33 43 50
v 33 44 -148
s 33 45 -22
v 33 45 198
s 33 46 55
v 33 46 167
v 33 47 151
s 33 48 102
v 33 48 -286
s 33 49 51
v 33 49 700
s 33 50 12
v 33 50 -112
s 33 51 59
v 33 51 -79
s 33 52 -9
v 33 52 -127
s 33 53 193
v 33 53 -312
s 33 54 35
v 33 54 394
s 33 55 -64
v 33 55 -117
s 33 56 86
v 33 56 39
s 33 57 18
v 33 57 25
s 33 58 -24
v 33 58 33
s 33 59 17
v 33 59 -89
s 33 60 21
v 33 60 365
s 33 61 -39
v 33 61 15
s 33 62 -42
v 33 62 234
s 33 63 -39
v 33 63 93
s 33 64 50
v 33 64 -197
s 33 65 -20
v 33 65 12
s 33 66 27
v 33 66 102
s 33 67 161
v 33 67 107
s 33 68 8
v 33 68 266
s 33 69 -11
v 33 69 45
s 33 70 32
v 33 70 179
s 33 71 32
v 33 71 202
s 33 72 26
v 33 72 -180
s 33 73 -68
v 33 73 -73
s 33 74 -84
v 33 74 39
s 33 75 64
v 33 75 -205
s 33 76 130
v 33 76 327
s 33 77 26
v 33 77 -97
s 33 78 -43
v 33 78 -14
s 33 79 12
v 33 79 -227
s 33 80 -22
v 33 80 168
v 33 81 -114
s 33 82 -72
v 33 82 196
s 33 83 12
v 33 83 -157
s 33 84 14
v 33 84 538
s 33 85 20
v 33 85 30
s 33 86 -52
v 33 86 -1296
s 33 87 -60
v 33 87 116
s 33 88 78
v 33 88 100
s 33 89 7
v 33 89 88
s 33 90 -32
v 33 90 -90
s 33 91 -124
v 33 91 -57
s 33 92 23
v 33 92 119
s 33 93 -106
v 33 93 221
s 33 94 10
s 33 95 -72
v 33 95 8
s 33 96 -66
v 33 96 -21
s 33 97 -215
v 33 97 300
s 33 98 -76
v 33 98 -165
s 33 99 -28
v 33 99 -102
s 33 100 -151
v 33 100 -238
s 33 101 18
v 33 101 197
s 33 102 -17
s 33 103 -75
v 33 103 -141
s 33 104 -106
v 33 104 -558
s 33 105 84
v 33 105 311
s 33 106 -39
v 33 106 -69
s 33 107 -52
v 33 107 67
s 33 108 112
v 33 108 29
s 33 109 -68
v 33 109 -91
s 33 110 80
v 33 110 -155
s 33 111 29
v 33 111 46
s 33 112 -142
v 33 112 -498
s 33 113 81
v 33 113 -130
s 33 114 87
v 33 114 214
s 33 119 49
v 33 119 275
s 33 120 -9
v 33 120 205
s 33 121 -113
v 33 121 -219
s 33 123 23
v 33 123 -219
s 33 126 -46
v 33 126 91
s 33 128 120
v 33 128 356
s 33 129 -9
v 33 129 342
s 33 131 31
v 33 131 -121
s 33 135 31
v 33 135 -597
s 33 136 131
v 33 136 389
s 33 137 24
v 33 137 143
s 33 138 -6
v 33 138 -139
s 33 145 38
v 33 145 -36
v 33 155 113
s 34 35 -154
v 34 35 -78
s 34 36 45
v 34 36 387
s 34 37 -38
v 34 37 -374
s 34 38 22
v 34 38 81
s 34 39 -29
v 34 39 39
v 34 40 71
s 34 41 16
v 34 41 252
s 34 42 -50
v 34 42 -291
s 34 43 -138
v 34 43 -44
s 34 44 26
v 34 44 -269
s 34 45 -84
v 34 45 191
s 34 46 85
v 34 46 460
v 34 47 30
s 34 48 47
v 34 48 184
s 34 49 99
v 34 49 129
s 34 50 51
v 34 50 6
s 34 51 44
v 34 51 -217
s 34 52 -11
v 34 52 -101
s 34 53 101
v 34 53 319
s 34 54 50
v 34 54 -100
s 34 55 -14
v 34 55 313
s 34 56 7
v 34 56 -221
s 34 57 -39
v 34 57 -241
s 34 58 67
v 34 58 53
s 34 59 60
v 34 59 -55
s 34 60 150
v 34 60 79
s 34 61 -29
v 34 61 -223
s 34 62 -17
v 34 62 294
s 34 63 51
v 34 63 380
s 34 64 28
v 34 64 -46
s 34 65 41
v 34 65 39
v 34 66 122
s 34 67 55
v 34 67 103
s 34 68 -46
v 34 68 -328
s 34 69 -19
v 34 69 53
s 34 70 -11
v 34 70 277
s 34 71 163
v 34 71 -153
s 34 72 40
v 34 72 139
s 34 73 30
v 34 73 -201
v 34 74 -650
s 34 75 -18
v 34 75 -208
s 34 76 10
v 34 76 123
v 34 77 23
s 34 78 -83
v 34 78 -187
s 34 79 80
s 34 80 -28
v 34 80 -188
s 34 81 -65
v 34 81 -34
s 34 82 -42
v 34 82 -45
s 34 83 -32
v 34 83 88
v 34 84 255
s 34 85 225
v 34 85 -376
s 34 86 -17
v 34 86 -157
s 34 87 -135
v 34 87 105
s 34 88 24
v 34 88 -546
s 34 89 10
s 34 90 26
v 34 90 15
s 34 91 -54
v 34 91 -305
s 34 92 -28
v 34 92 -58
s 34 93 -137
v 34 93 -151
s 34 94 -35
v 34 94 15
s 34 95 40
v 34 95 -75
s 34 96 55
v 34 96 182
s 34 97 -151
v 34 97 108
s 34 98 -22
v 34 98 122
s 34 99 43
v 34 99 69
s 34 100 -74
v 34 100 -33
s 34 101 40
v 34 101 31
s 34 102 -58
v 34 102 -72
s 34 103 -58
v 34 103 31
s 34 104 109
v 34 104 265
s 34 105 224
v 34 105 359
s 34 106 12
v 34 106 357
s 34 107 30
v 34 107 -430
s 34 108 99
v 34 108 272
s 34 109 13
v 34 109 -38
s 34 110 -59
v 34 110 227
s 34 111 -44
v 34 111 -34
v 34 112 524
s 34 113 -76
v 34 113 -309
s 34 114 -43
v 34 114 -134
s 34 119 -58
v 34 119 102
v 34 120 -135
s 34 121 -176
v 34 121 -236
s 34 123 149
v 34 123 -455
s 34 126 11
v 34 126 172
s 34 128 -141
v 34 128 152
s 34 129 -15
v 34 129 -56
s 34 131 -35
v 34 131 322
s 34 135 -23
v 34 135 408
s 34 136 -88
v 34 136 -318
s 34 137 -21
v 34 137 -151
s 34 138 58
v 34 138 221
v 34 145 58
s 34 155 108
v 34 155 -47
s 35 36 67
v 35 36 787
s 35 37 -29
v 35 37 393
s 35 38 6
v 35 38 56
s 35 39 -36
v 35 39 397
s 35 40 26
v 35 40 551
s 35 41 -7
v 35 41 155
s 35 42 68
v 35 42 -169
s 35 43 13
v 35 43 840
s 35 44 109
v 35 44 -380
s 35 45 66
v 35 45 336
s 35 46 -61
v 35 46 610
s 35 47 21
v 35 47 141
s 35 48 320
v 35 48 -121
s 35 49 115
v 35 49 -269
s 35 50 -88
v 35 50 108
s 35 51 165
v 35 51 -117
s 35 52 49
v 35 52 308
s 35 53 -183
v 35 53 -549
s 35 54 26
v 35 54 -1015
s 35 55 -88
v 35 55 -139
s 35 56 36
v 35 56 -40
s 35 57 108
v 35 57 -120
s 35 58 -54
v 35 58 -294
s 35 59 -70
v 35 59 177
s 35 60 78
v 35 60 86
s 35 61 12
v 35 61 -82
s 35 62 196
v 35 62 -424
s 35 63 20
v 35 63 -415
s 35 64 -54
v 35 64 291
s 35 65 34
v 35 65 -303
s 35 66 5
v 35 66 -216
s 35 67 54
v 35 67 -1330
s 35 68 -198
v 35 68 -582
s 35 69 69
v 35 69 -172
s 35 70 -212
v 35 70 -122
s 35 71 194
v 35 71 416
s 35 72 83
v 35 72 202
s 35 73 24
v 35 73 -52
s 35 74 -209
v 35 74 318
s 35 75 -29
v 35 75 344
s 35 76 -128
v 35 76 619
s 35 77 -120
v 35 77 -409
s 35 78 111
v 35 78 -766
s 35 79 -28
v 35 79 170
s 35 80 55
v 35 80 219
s 35 81 -25
v 35 81 -31
s 35 82 12
v 35 82 -95
s 35 83 -105
v 35 83 285
s 35 84 80
v 35 84 -641
s 35 85 118
v 35 85 377
s 35 86 -194
v 35 86 595
s 35 87 158
v 35 87 714
s 35 88 187
v 35 88 8
s 35 89 -47
v 35 89 88
s 35 90 -42
v 35 90 242
s 35 91 39
v 35 91 -369
s 35 92 -27
v 35 92 193
s 35 93 -34
v 35 93 441
v 35 94 208
s 35 95 -95
v 35 95 -194
s 35 96 33
v 35 96 -611
s 35 97 -65
v 35 97 -277
s 35 98 94
v 35 98 285
s 35 99 -138
v 35 99 14
s 35 100 44
v 35 100 -407
s 35 101 242
v 35 101 502
s 35 102 -109
v 35 102 260
s 35 103 28
v 35 103 256
s 35 104 111
v 35 104 -774
s 35 105 -64
v 35 105 124
s 35 106 -72
v 35 106 -482
s 35 107 99
v 35 107 -264
s 35 108 -16
v 35 108 424
s 35 109 -228
v 35 109 516
s 35 110 82
v 35 110 228
s 35 111 145
v 35 111 319
s 35 112 -243
v 35 112 40
v 35 113 -303
s 35 114 -214
v 35 114 433
s 35 119 -25
v 35 119 15
s 35 120 -149
v 35 120 244
s 35 121 -153
v 35 121 165
s 35 123 94
v 35 123 461
s 35 126 51
v 35 126 -479
s 35 128 -34
v 35 128 -316
s 35 129 56
v 35 129 -75
s 35 131 -197
v 35 131 385
s 35 135 91
v 35 135 -307
s 35 136 -119
v 35 136 -961
s 35 137 -81
v 35 137 -346
s 35 138 -7
v 35 138 313
s 35 145 11
v 35 145 -229
s 35 155 -107
v 35 155 80
s 36 37 -65
v 36 37 316
s 36 38 103
v 36 38 -144
s 36 39 -22
v 36 39 -566
s 36 40 -69
v 36 40 -420
v 36 41 -102
s 36 42 -338
v 36 42 1064
s 36 43 -149
v 36 43 -495
v 36 44 -169
s 36 45 68
v 36 45 -526
s 36 46 27
v 36 46 209
s 36 47 13
v 36 47 -453
s 36 48 21
v 36 48 88
s 36 49 225
v 36 49 1117
s 36 50 -18
v 36 50 135
s 36 51 46
v 36 51 321
s 36 52 36
v 36 52 -383
s 36 53 -18
v 36 53 -226
s 36 54 -440
v 36 54 840
s 36 55 -171
v 36 55 -265
v 36 56 310
s 36 57 -36
v 36 57 24
v 36 58 574
s 36 59 -56
v 36 59 517
s 36 60 196
v 36 60 -162
s 36 61 -48
v 36 61 59
s 36 62 -127
v 36 62 -188
s 36 63 -17
v 36 63 153
s 36 64 -171
v 36 64 38
s 36 65 51
v 36 65 65
s 36 66 38
v 36 66 139
v 36 67 700
s 36 68 -177
v 36 68 -906
s 36 69 -109
v 36 69 -347
s 36 70 71
v 36 70 422
s 36 71 241
v 36 71 1147
s 36 72 -80
v 36 72 -317
s 36 73 -41
v 36 73 76
s 36 74 176
v 36 74 235
s 36 75 -172
v 36 75 -225
s 36 76 194
v 36 76 -33
s 36 77 -25
v 36 77 -84
s 36 78 -18
v 36 78 40
s 36 79 115
v 36 79 -647
s 36 80 -31
v 36 80 -260
s 36 81 86
v 36 81 646
s 36 82 -61
v 36 82 -20
s 36 83 -48
v 36 83 435
s 36 84 -135
v 36 84 47
s 36 85 -108
v 36 85 -385
s 36 86 148
v 36 86 -236
s 36 87 496
v 36 87 -195
s 36 88 84
v 36 88 -172
s 36 89 -37
v 36 89 177
s 36 90 38
v 36 90 -625
s 36 91 53
v 36 91 440
s 36 92 -167
v 36 92 -307
s 36 93 57
v 36 93 903
s 36 94 -128
v 36 94 -360
s 36 95 -135
v 36 95 -152
s 36 96 -7
v 36 96 661
s 36 97 234
v 36 97 82
s 36 98 52
v 36 98 484
s 36 99 -61
v 36 99 232
s 36 100 213
v 36 100 88
s 36 101 -29
v 36 101 -573
s 36 102 71
s 36 103 32
v 36 103 -80
s 36 104 210
v 36 104 339
v 36 105 425
s 36 106 -57
v 36 106 52
v 36 107 210
s 36 108 -26
v 36 108 248
s 36 109 -71
v 36 109 274
s 36 110 -81
v 36 110 92
s 36 111 100
v 36 111 -881
s 36 112 116
v 36 112 879
s 36 113 -43
v 36 113 -223
s 36 114 20
v 36 114 512
s 36 119 269
v 36 119 -413
s 36 120 33
v 36 120 -41
s 36 121 -31
v 36 121 -657
s 36 123 151
v 36 123 -140
s 36 126 -60
v 36 126 -114
s 36 128 15
v 36 128 -164
s 36 129 149
v 36 129 467
s 36 131 54
v 36 131 112
s 36 135 -66
v 36 135 450
s 36 136 -33
v 36 136 -63
s 36 137 -34
v 36 137 -429
v 36 138 -886
s 36 145 43
v 36 145 165
s 36 155 198
v 36 155 -210
s 37 38 30
v 37 38 -78
s 37 39 48
v 37 39 148
s 37 40 43
v 37 40 97
s 37 41 96
v 37 41 -111
s 37 42 -9
v 37 42 210
s 37 43 -91
v 37 43 -10
s 37 44 13
v 37 44 -433
s 37 45 -57
v 37 45 -6
s 37 46 -44
v 37 46 131
s 37 47 -114
v 37 47 142
s 37 48 -60
v 37 48 -377
v 37 49 610
s 37 50 -28
v 37 50 347
s 37 51 15
v 37 51 -112
v 37 52 136
s 37 53 9
v 37 53 165
s 37 54 -103
v 37 54 110
s 37 55 -50
v 37 55 -53
s 37 56 -96
v 37 56 -148
s 37 57 34
v 37 57 99
s 37 58 -5
v 37 58 -65
s 37 59 -18
v 37 59 98
s 37 60 87
v 37 60 91
v 37 61 -38
s 37 62 -101
v 37 62 -15
s 37 63 -85
v 37 63 -393
s 37 64 -40
v 37 64 -108
s 37 65 -18
v 37 65 -56
s 37 66 16
v 37 66 -137
s 37 67 137
v 37 67 131
s 37 68 65
v 37 68 33
s 37 69 160
v 37 69 53
s 37 70 79
v 37 70 -113
s 37 71 62
v 37 71 -145
v 37 72 170
s 37 73 16
v 37 73 232
s 37 74 8
v 37 74 313
s 37 75 70
v 37 75 -153
s 37 76 92
v 37 76 -309
s 37 77 6
v 37 77 22
s 37 78 -50
v 37 78 45
s 37 79 -19
v 37 79 38
s 37 80 -72
v 37 80 -84
s 37 81 -52
v 37 81 22
v 37 82 128
s 37 83 -41
v 37 83 161
s 37 84 13
v 37 84 271
s 37 85 -130
v 37 85 47
s 37 86 128
v 37 86 148
s 37 87 108
v 37 87 354
s 37 88 -50
v 37 88 21
s 37 89 12
v 37 89 35
s 37 90 -117
v 37 90 219
s 37 91 29
v 37 91 153
s 37 92 74
v 37 92 11
s 37 93 128
v 37 93 -610
v 37 94 54
s 37 95 -25
v 37 95 -340
s 37 96 6
v 37 96 312
s 37 97 -224
v 37 97 -289
s 37 98 23
v 37 98 50
s 37 99 -106
v 37 99 -189
s 37 100 88
v 37 100 91
s 37 101 110
v 37 101 389
s 37 102 -55
v 37 102 48
s 37 103 24
v 37 103 -135
s 37 104 -45
v 37 104 -93
s 37 105 179
v 37 105 -360
s 37 106 41
v 37 106 93
s 37 107 18
v 37 107 -251
s 37 108 -200
v 37 108 -258
s 37 109 33
v 37 109 622
s 37 110 -81
v 37 110 -689
s 37 111 -39
v 37 111 112
s 37 112 29
v 37 112 -342
s 37 113 12
v 37 113 189
s 37 114 9
v 37 114 -282
s 37 119 -21
s 37 120 32
v 37 120 -223
s 37 121 -185
v 37 121 -89
s 37 123 56
v 37 123 -92
s 37 126 39
v 37 126 628
s 37 128 -97
v 37 128 -181
s 37 129 7
v 37 129 -60
s 37 131 -30
v 37 131 185
s 37 135 -28
v 37 135 408
s 37 136 -34
v 37 136 -73
s 37 137 -140
v 37 137 -202
s 37 138 -88
v 37 138 124
s 37 145 -16
v 37 145 12
s 37 155 39
v 37 155 119
s 38 39 122
v 38 39 64
s 38 40 -33
v 38 40 -167
s 38 41 -53
v 38 41 103
s 38 42 -40
v 38 42 -201
s 38 43 -7
v 38 43 43
s 38 44 -150
v 38 44 -154
s 38 45 -7
v 38 46 41
s 38 47 22
v 38 47 54
s 38 48 -53
v 38 48 -292
s 38 49 27
v 38 49 27
v 38 50 -82
v 38 51 137
s 38 52 38
v 38 52 -190
s 38 53 35
v 38 53 -136
s 38 54 -62
v 38 54 126
s 38 55 6
v 38 55 6
s 38 56 37
v 38 56 29
s 38 57 8
v 38 57 118
s 38 58 -33
v 38 58 24
s 38 59 30
v 38 59 35
s 38 60 -12
v 38 60 135
s 38 61 20
v 38 61 79
s 38 62 85
v 38 62 146
s 38 63 19
v 38 63 -91
s 38 64 106
v 38 64 -267
v 38 65 -30
s 38 66 12
v 38 66 -42
s 38 67 24
v 38 67 453
s 38 68 -12
v 38 68 -117
s 38 69 -16
v 38 69 283
s 38 70 9
v 38 70 12
s 38 71 -134
v 38 71 20
s 38 72 -25
v 38 72 -190
s 38 73 -51
s 38 74 -62
v 38 74 378
s 38 75 51
v 38 75 150
s 38 76 76
v 38 76 25
v 38 77 -15
s 38 78 -29
s 38 79 10
v 38 79 85
s 38 80 19
v 38 80 -82
s 38 81 -39
v 38 81 -110
s 38 82 9
v 38 82 -133
s 38 83 -24
v 38 83 -168
s 38 84 -72
v 38 84 -24
s 38 85 78
v 38 85 -119
s 38 86 -135
v 38 86 -581
s 38 87 -111
v 38 87 -302
s 38 88 -75
v 38 88 99
s 38 89 5
v 38 89 -24
s 38 90 -39
v 38 90 84
s 38 91 -43
v 38 91 -19
s 38 92 -6
v 38 92 85
s 38 93 107
v 38 93 204
s 38 94 -8
v 38 94 -70
s 38 95 -10
v 38 95 -67
s 38 96 15
v 38 96 53
s 38 97 -8
v 38 97 37
s 38 98 -27
v 38 98 145
s 38 99 -9
v 38 99 -82
s 38 100 -44
v 38 100 176
s 38 101 30
v 38 101 -42
s 38 102 27
v 38 102 -61
s 38 103 10
v 38 103 -21
s 38 104 -6
v 38 104 -299
s 38 105 67
v 38 105 57
s 38 106 -32
v 38 106 101
s 38 107 65
v 38 107 -112
s 38 108 -27
v 38 108 -403
s 38 109 43
v 38 109 210
s 38 110 20
v 38 110 34
s 38 111 44
v 38 111 -157
s 38 112 45
v 38 112 -40
s 38 113 23
v 38 113 151
s 38 114 42
v 38 114 201
s 38 119 28
v 38 119 190
s 38 120 56
v 38 120 -117
s 38 121 10
v 38 121 -83
s 38 123 -86
v 38 123 -189
s 38 126 -52
v 38 126 167
s 38 128 17
v 38 128 -188
s 38 129 -47
v 38 129 -194
s 38 131 34
v 38 131 196
s 38 135 -24
v 38 135 -24
s 38 136 -82
v 38 136 -93
s 38 137 -40
v 38 137 -12
s 38 138 -45
v 38 138 192
s 38 145 -13
v 38 145 -240
s 38 155 40
v 38 155 59
s 39 40 -16
v 39 40 414
s 39 41 -128
v 39 41 -506
s 39 42 205
v 39 42 285
s 39 43 -16
v 39 43 41
s 39 44 -62
v 39 44 304
v 39 45 -483
s 39 46 40
v 39 46 -275
s 39 47 -19
v 39 47 155
s 39 48 -13
v 39 48 -58
s 39 49 -116
v 39 49 801
s 39 50 -32
v 39 50 53
s 39 51 -56
v 39 51 -67
s 39 52 -83
v 39 52 259
s 39 53 6
v 39 53 213
s 39 54 -91
v 39 54 460
s 39 55 -232
v 39 55 100
s 39 56 -8
v 39 56 -146
s 39 57 51
v 39 57 -87
v 39 58 182
s 39 59 -28
v 39 59 -348
s 39 60 82
v 39 60 -240
s 39 61 28
v 39 61 411
s 39 62 162
v 39 62 -352
s 39 63 45
v 39 63 -79
s 39 64 -10
v 39 64 -140
s 39 65 9
v 39 65 155
v 39 66 -128
s 39 67 27
v 39 67 -226
s 39 68 -86
v 39 68 -46
s 39 69 47
v 39 69 17
s 39 70 118
v 39 70 129
s 39 71 111
v 39 71 69
s 39 72 -54
v 39 72 -297
s 39 73 -15
v 39 73 -108
s 39 74 -223
v 39 74 201
s 39 75 -123
s 39 76 91
v 39 76 -935
s 39 77 87
v 39 77 -14
s 39 78 -26
v 39 78 95
s 39 79 -72
v 39 79 479
s 39 80 -73
v 39 80 21
s 39 81 62
v 39 81 128
s 39 82 -34
v 39 82 207
s 39 83 42
v 39 83 -271
s 39 84 -16
v 39 84 -175
s 39 85 102
v 39 85 -35
s 39 86 -72
v 39 86 264
s 39 87 -255
v 39 87 41
s 39 88 146
v 39 88 183
s 39 89 15
v 39 89 45
s 39 90 -82
v 39 90 397
s 39 91 -47
v 39 91 338
s 39 92 42
v 39 92 100
s 39 93 144
v 39 93 21
s 39 94 32
v 39 94 -205
s 39 95 -83
v 39 95 -21
s 39 96 -85
v 39 96 123
s 39 97 -83
v 39 97 -568
s 39 98 58
v 39 98 113
s 39 99 37
v 39 99 -189
s 39 100 101
v 39 100 50
s 39 101 -12
v 39 101 -230
s 39 102 67
v 39 102 -168
s 39 103 29
v 39 103 -73
s 39 104 226
v 39 104 -263
s 39 105 -270
v 39 105 45
s 39 106 7
v 39 106 -617
s 39 107 113
v 39 107 -173
s 39 108 -82
v 39 108 636
s 39 109 236
v 39 109 7
s 39 110 107
v 39 110 -202
s 39 111 -49
v 39 111 -115
s 39 112 35
v 39 112 -161
s 39 113 -60
v 39 113 226
s 39 114 20
v 39 114 237
s 39 119 -78
v 39 119 114
s 39 120 6
v 39 120 -346
s 39 121 34
v 39 121 197
s 39 123 62
v 39 123 186
s 39 126 -61
v 39 126 -64
s 39 128 106
v 39 128 264
s 39 129 60
v 39 129 164
s 39 131 -42
v 39 131 -201
s 39 135 -65
v 39 135 -52
s 39 136 -103
v 39 136 627
s 39 137 -91
v 39 137 729
s 39 138 -33
v 39 138 271
s 39 145 -130
v 39 145 212
s 39 155 100
v 39 155 152
s 40 41 20
v 40 41 66
s 40 42 123
v 40 42 555
s 40 43 72
v 40 43 -61
s 40 44 7
v 40 44 -400
s 40 45 -35
v 40 45 -320
s 40 46 -85
v 40 46 -97
s 40 47 -171
v 40 47 217
s 40 48 32
v 40 48 246
s 40 49 -121
v 40 49 155
s 40 50 -71
v 40 50 -250
s 40 51 -11
v 40 51 7
s 40 52 -78
v 40 52 -84
s 40 53 -9
v 40 53 -242
s 40 54 -71
v 40 54 258
s 40 55 -38
v 40 55 -170
s 40 56 -16
v 40 56 -326
s 40 57 39
v 40 57 -236
s 40 58 10
v 40 58 64
s 40 59 -6
v 40 59 -183
s 40 60 -24
v 40 60 -5
s 40 61 77
v 40 61 -141
s 40 62 -63
v 40 62 -64
s 40 63 64
v 40 63 392
s 40 64 -26
v 40 64 64
s 40 65 -28
v 40 65 -7
v 40 66 183
s 40 67 64
v 40 67 370
s 40 68 38
v 40 68 7
s 40 69 -40
v 40 69 384
s 40 70 14
v 40 70 322
s 40 71 86
v 40 71 218
s 40 72 61
v 40 72 -213
s 40 73 -63
v 40 73 -107
s 40 74 -23
v 40 74 -271
s 40 75 -27
v 40 75 -126
s 40 76 -10
v 40 76 -78
s 40 77 9
v 40 77 -6
s 40 78 30
v 40 78 -112
v 40 79 -159
s 40 80 -5
v 40 80 280
s 40 81 -8
s 40 82 33
v 40 82 169
s 40 83 -48
v 40 83 119
s 40 84 123
v 40 84 193
s 40 85 -23
v 40 85 227
s 40 86 -8
v 40 86 142
v 40 87 6
s 40 88 -71
v 40 88 220
s 40 89 -13
v 40 89 -127
s 40 90 -28
v 40 90 163
s 40 91 -18
v 40 91 46
s 40 92 -51
v 40 92 139
v 40 93 -325
s 40 94 21
v 40 94 -133
s 40 95 -61
v 40 95 10
s 40 96 150
v 40 96 -219
s 40 97 -57
s 40 98 -22
v 40 98 -342
s 40 99 36
v 40 99 71
s 40 100 -58
v 40 100 208
s 40 101 -201
v 40 101 201
s 40 102 10
v 40 102 102
s 40 103 -56
v 40 103 107
s 40 104 203
v 40 104 -703
s 40 105 -19
v 40 105 15
v 40 106 -332
s 40 107 -29
v 40 107 -348
s 40 108 -15
v 40 108 316
s 40 109 38
v 40 109 74
s 40 110 -32
v 40 110 137
s 40 111 57
v 40 111 -200
s 40 112 -70
v 40 112 499
s 40 113 -54
v 40 113 -184
v 40 114 -74
s 40 119 199
v 40 119 -132
s 40 120 97
v 40 120 -100
s 40 121 -58
v 40 121 292
s 40 123 61
v 40 123 -113
s 40 126 64
v 40 126 -249
s 40 128 -44
v 40 128 497
s 40 129 41
v 40 129 140
s 40 131 51
v 40 131 245
s 40 135 -11
v 40 135 -192
s 40 136 -70
v 40 136 341
s 40 137 -25
v 40 137 57
s 40 138 94
v 40 138 -14
s 40 145 -13
v 40 145 -85
s 40 155 -64
v 40 155 -111
s 41 42 81
v 41 42 -255
s 41 43 38
v 41 43 87
s 41 44 -62
v 41 44 -26
s 41 45 40
v 41 45 80
s 41 46 -58
v 41 46 103
s 41 47 167
v 41 47 -167
s 41 48 -14
v 41 48 -144
s 41 49 64
v 41 49 652
v 41 50 -97
s 41 51 -14
v 41 51 121
v 41 52 106
s 41 53 78
v 41 53 106
s 41 54 -46
v 41 54 544
s 41 55 35
v 41 55 297
s 41 56 -5
v 41 56 -18
s 41 57 -30
v 41 57 11
s 41 58 -13
s 41 59 -50
v 41 59 9
s 41 60 -98
v 41 60 -310
s 41 61 -33
v 41 61 264
s 41 62 -95
v 41 62 328
s 41 63 11
v 41 63 79
s 41 64 -31
v 41 64 383
s 41 65 13
v 41 65 -143
s 41 67 -42
v 41 67 170
s 41 68 33
v 41 68 -117
s 41 69 23
v 41 69 -250
v 41 70 -446
s 41 71 -412
v 41 71 57
s 41 72 120
v 41 72 -53
s 41 73 -60
v 41 73 -17
s 41 74 190
v 41 74 144
s 41 75 -77
v 41 75 35
s 41 76 262
v 41 76 -287
s 41 77 -29
v 41 77 -89
s 41 78 65
v 41 78 10
s 41 79 133
v 41 79 -170
v 41 80 -304
s 41 81 98
v 41 81 -185
s 41 82 -16
v 41 82 -182
s 41 83 -31
v 41 83 -159
s 41 84 36
v 41 84 -106
s 41 85 25
v 41 85 421
s 41 86 -187
v 41 86 -126
s 41 87 -216
v 41 87 -222
s 41 88 14
v 41 88 668
v 41 89 -17
s 41 90 58
v 41 90 461
s 41 91 -36
v 41 91 -55
s 41 92 46
v 41 92 192
s 41 93 66
v 41 93 -664
s 41 94 14
v 41 94 -180
s 41 95 -9
v 41 95 145
s 41 96 -63
v 41 96 45
s 41 97 -250
v 41 97 756
s 41 98 -54
v 41 98 130
s 41 99 50
v 41 99 158
s 41 100 76
v 41 100 161
s 41 101 128
v 41 101 -87
s 41 102 -13
v 41 102 219
s 41 103 21
v 41 103 95
s 41 104 -76
v 41 104 -741
s 41 105 73
v 41 105 19
s 41 106 -129
v 41 106 -345
s 41 107 -204
v 41 107 436
s 41 108 16
v 41 108 32
s 41 109 -8
v 41 109 140
s 41 110 30
v 41 110 -258
s 41 111 124
v 41 111 -90
s 41 112 -99
v 41 112 32
s 41 113 -45
v 41 113 -140
s 41 114 -23
v 41 114 -671
s 41 119 62
v 41 119 140
s 41 120 -23
v 41 120 -388
s 41 121 76
v 41 121 -111
s 41 123 -14
v 41 123 108
v 41 126 -147
s 41 128 -16
v 41 128 336
s 41 129 101
v 41 129 133
s 41 131 -13
v 41 131 -253
s 41 135 27
v 41 135 227
s 41 136 -127
v 41 136 -311
s 41 137 53
v 41 137 238
s 41 138 8
v 41 138 150
s 41 145 -44
v 41 145 -121
s 41 155 -30
v 41 155 264
s 42 43 48
v 42 43 7
s 42 44 -153
v 42 44 566
s 42 45 90
v 42 45 27
s 42 46 -114
v 42 46 197
s 42 47 -24
v 42 47 -296
s 42 48 -55
v 42 48 650
v 42 49 -220
s 42 50 -44
v 42 50 -621
s 42 51 -166
v 42 51 247
s 42 52 -34
v 42 52 -6
s 42 53 -79
v 42 53 156
s 42 54 -184
v 42 54 -669
s 42 55 -155
v 42 55 -430
s 42 56 71
v 42 56 307
s 42 57 -107
v 42 57 -318
s 42 58 57
v 42 58 -313
s 42 59 -37
v 42 59 -63
s 42 60 61
v 42 60 508
s 42 61 12
v 42 61 -282
s 42 62 179
v 42 62 -277
s 42 63 20
v 42 63 -251
s 42 64 -89
v 42 64 111
s 42 65 -27
v 42 65 403
s 42 66 5
v 42 66 -89
s 42 67 -114
v 42 67 149
s 42 68 -19
v 42 68 147
s 42 69 -97
v 42 69 462
s 42 70 112
v 42 70 450
s 42 71 -85
v 42 71 41
s 42 72 32
v 42 72 135
s 42 73 -110
v 42 73 -446
s 42 74 135
v 42 74 -660
s 42 75 -254
v 42 75 402
s 42 76 -99
v 42 76 263
s 42 77 21
v 42 77 -144
s 42 78 83
v 42 78 -166
s 42 79 106
v 42 79 236
s 42 80 74
v 42 80 -55
s 42 81 -47
v 42 81 -95
s 42 82 14
v 42 82 -79
s 42 83 -55
v 42 83 -24
s 42 84 -214
v 42 84 540
s 42 85 155
v 42 85 -474
s 42 86 -55
v 42 86 77
s 42 87 251
v 42 87 376
s 42 88 -13
v 42 88 706
s 42 89 10
v 42 89 -199
s 42 90 13
s 42 91 -161
s 42 92 11
v 42 92 126
s 42 93 -177
v 42 93 -549
s 42 94 22
v 42 94 214
s 42 95 -23
v 42 95 6
s 42 96 27
v 42 96 -254
s 42 97 44
v 42 97 372
s 42 98 -79
v 42 98 -381
v 42 99 -99
s 42 100 -218
v 42 100 153
s 42 101 -254
v 42 101 408
s 42 102 -8
v 42 102 -339
s 42 103 -6
v 42 103 100
v 42 104 539
s 42 105 86
v 42 105 71
s 42 106 -143
v 42 106 -297
s 42 107 -149
v 42 107 -57
s 42 108 -68
v 42 108 -625
s 42 109 -17
v 42 109 -416
s 42 110 -84
v 42 110 -740
s 42 111 -92
v 42 111 178
s 42 112 118
v 42 112 -299
s 42 113 -91
v 42 113 -129
s 42 114 78
v 42 114 77
s 42 119 138
v 42 119 -205
s 42 120 121
v 42 120 -366
s 42 121 343
v 42 121 -269
s 42 123 -76
v 42 123 190
s 42 126 35
v 42 126 810
s 42 128 84
v 42 128 -562
s 42 129 33
v 42 129 -140
s 42 131 42
v 42 131 240
s 42 135 -156
v 42 135 -466
s 42 136 140
v 42 136 271
s 42 137 71
v 42 137 757
s 42 138 22
v 42 138 -125
s 42 145 41
v 42 145 688
s 42 155 78
v 42 155 -396
s 43 44 119
v 43 44 16
v 43 45 129
s 43 46 182
v 43 46 -178
s 43 47 -52
v 43 47 363
s 43 48 -103
v 43 48 -342
s 43 49 133
v 43 49 155
s 43 50 -40
v 43 50 -93
s 43 51 -84
v 43 51 -174
s 43 52 -20
v 43 52 150
s 43 53 108
v 43 53 -452
s 43 54 -186
v 43 54 1256
s 43 55 79
v 43 55 -66
s 43 56 52
v 43 56 -97
v 43 57 -41
s 43 58 -6
v 43 58 106
s 43 59 113
v 43 59 -109
s 43 60 -57
v 43 60 -363
s 43 61 -23
v 43 61 -30
s 43 62 181
v 43 62 -211
v 43 63 6
s 43 64 29
v 43 64 -7
s 43 65 31
v 43 65 125
s 43 66 12
v 43 66 34
s 43 67 -55
v 43 67 86
s 43 68 -114
v 43 68 -61
s 43 69 67
v 43 69 -6
s 43 70 -49
v 43 70 332
s 43 71 109
v 43 71 -480
s 43 72 -102
v 43 72 173
s 43 73 -14
v 43 73 75
s 43 74 210
v 43 74 -579
s 43 75 -208
v 43 75 101
s 43 76 -42
v 43 76 392
s 43 77 20
v 43 77 -116
s 43 78 -45
v 43 78 -90
s 43 79 37
v 43 79 23
s 43 80 69
v 43 80 -251
s 43 81 106
v 43 81 -281
s 43 82 29
v 43 82 74
s 43 83 56
v 43 83 -47
s 43 84 103
v 43 84 226
s 43 85 -74
v 43 85 -670
s 43 86 96
s 43 87 248
v 43 87 71
s 43 88 153
v 43 88 -6
s 43 89 31
v 43 89 -180
s 43 90 -7
v 43 90 -457
s 43 91 -49
v 43 91 157
s 43 92 -20
v 43 92 -73
s 43 93 90
v 43 93 188
s 43 94 40
v 43 94 -104
s 43 95 -42
v 43 95 387
s 43 96 56
v 43 96 -209
s 43 97 18
v 43 97 38
s 43 98 19
v 43 98 403
s 43 99 -131
v 43 99 -263
s 43 100 72
v 43 100 -145
s 43 101 -83
v 43 101 199
s 43 102 85
v 43 102 50
s 43 103 51
v 43 103 117
s 43 104 -20
v 43 104 -166
s 43 105 58
v 43 105 14
s 43 106 -55
v 43 106 125
s 43 107 21
v 43 107 96
s 43 108 -45
v 43 108 80
s 43 109 -43
v 43 109 -447
s 43 110 -57
v 43 110 -151
s 43 111 -100
v 43 111 214
s 43 112 -107
v 43 112 244
s 43 113 -38
v 43 113 -17
s 43 114 -35
v 43 114 -116
s 43 119 -84
v 43 119 34
s 43 120 22
v 43 120 -83
s 43 121 -41
v 43 121 -25
s 43 123 -29
v 43 123 89
s 43 126 5
v 43 126 450
s 43 128 -28
v 43 128 158
s 43 129 61
v 43 129 -109
s 43 131 -108
v 43 131 118
s 43 135 -55
v 43 135 106
s 43 136 51
v 43 136 -354
s 43 137 -31
v 43 137 -92
s 43 138 6
v 43 138 -149
s 43 145 -79
v 43 145 65
s 43 155 -15
v 43 155 14
s 44 45 18
v 44 45 -307
s 44 46 -5
v 44 46 -184
s 44 47 258
v 44 47 -706
s 44 48 -29
v 44 48 -600
s 44 49 -172
v 44 49 -329
s 44 50 208
v 44 50 -709
s 44 51 68
v 44 51 288
s 44 52 -171
v 44 52 -6
s 44 53 -111
v 44 53 493
s 44 54 -64
v 44 54 -128
s 44 55 44
v 44 55 -143
s 44 56 -59
v 44 56 173
s 44 57 18
v 44 57 -48
s 44 58 -71
v 44 58 87
s 44 59 -40
v 44 59 354
s 44 60 127
v 44 60 76
s 44 61 60
v 44 61 -122
s 44 62 -133
v 44 62 41
s 44 63 5
v 44 63 152
s 44 64 -83
v 44 64 181
s 44 65 34
v 44 65 -80
s 44 66 -51
v 44 66 289
s 44 67 -19
v 44 67 177
s 44 68 -107
v 44 68 -40
s 44 69 -189
v 44 69 261
v 44 70 -48
s 44 71 -10
v 44 71 -485
s 44 72 50
v 44 72 -45
s 44 73 -32
s 44 74 -27
v 44 74 252
s 44 75 141
v 44 75 -412
s 44 76 -21
v 44 76 436
s 44 77 19
v 44 77 -16
s 44 78 -33
v 44 78 168
s 44 79 36
v 44 79 18
s 44 80 -43
v 44 80 92
s 44 81 55
v 44 81 50
v 44 82 -30
s 44 83 26
v 44 83 186
s 44 84 52
v 44 84 -246
s 44 85 56
v 44 85 395
s 44 86 198
v 44 86 745
s 44 87 76
v 44 87 144
s 44 88 24
v 44 88 62
v 44 89 21
s 44 90 -30
v 44 90 95
v 44 91 148
s 44 92 124
v 44 92 -96
s 44 93 48
v 44 93 -364
s 44 94 20
v 44 94 276
v 44 95 -39
s 44 96 22
v 44 96 -9
s 44 97 284
v 44 97 -122
s 44 98 -98
v 44 98 -364
s 44 99 18
v 44 99 60
s 44 100 -179
v 44 100 244
s 44 101 27
v 44 101 133
s 44 102 -91
v 44 102 130
s 44 103 -15
v 44 103 -262
s 44 104 -230
v 44 104 120
s 44 105 -251
v 44 105 -29
v 44 106 -606
s 44 107 113
v 44 107 -137
s 44 108 -43
v 44 108 261
s 44 109 -10
v 44 109 22
s 44 110 94
v 44 110 250
s 44 111 -134
v 44 111 53
s 44 112 -218
v 44 112 97
s 44 113 -69
v 44 113 390
s 44 114 -29
v 44 114 89
s 44 119 -94
v 44 119 -431
s 44 120 31
v 44 120 136
s 44 121 89
v 44 121 437
s 44 123 -130
v 44 123 71
s 44 126 25
v 44 126 -269
s 44 128 233
v 44 128 -354
s 44 129 -38
v 44 129 -164
s 44 131 -72
v 44 131 155
s 44 135 124
v 44 135 -670
s 44 136 57
v 44 136 486
s 44 137 -140
v 44 137 198
s 44 138 15
v 44 138 -71
s 44 145 -44
v 44 145 388
s 44 155 90
v 44 155 -63
s 45 46 -74
v 45 46 -471
s 45 47 39
v 45 47 71
s 45 48 26
v 45 48 52
s 45 49 235
v 45 49 300
s 45 50 20
v 45 50 105
s 45 51 -74
v 45 51 -352
s 45 52 -25
v 45 52 43
s 45 53 26
v 45 53 105
s 45 54 -71
v 45 54 160
s 45 55 -53
v 45 55 127
v 45 56 -152
s 45 57 -12
v 45 57 161
s 45 58 15
v 45 58 -279
s 45 59 -13
v 45 59 -341
s 45 60 40
v 45 60 -193
s 45 61 -20
v 45 61 -295
s 45 62 40
v 45 62 -218
s 45 63 71
v 45 63 448
s 45 64 73
v 45 64 -122
v 45 65 -50
v 45 66 -16
s 45 67 -36
v 45 67 -484
s 45 68 30
v 45 68 -124
s 45 69 16
v 45 69 -67
s 45 70 103
v 45 70 -176
s 45 71 78
v 45 71 -375
s 45 72 46
v 45 72 320
s 45 73 -23
v 45 73 76
s 45 74 83
v 45 74 471
s 45 75 -80
v 45 75 -54
s 45 76 -36
v 45 76 -125
s 45 77 -7
v 45 77 107
s 45 78 29
v 45 78 -145
s 45 79 13
v 45 79 168
s 45 80 -74
v 45 80 -32
v 45 81 -97
v 45 82 131
s 45 83 25
v 45 83 -77
s 45 84 -16
v 45 84 -198
s 45 85 -38
v 45 85 133
s 45 86 82
v 45 86 -30
s 45 87 -90
v 45 87 46
s 45 88 -13
v 45 88 -14
s 45 89 14
v 45 89 95
s 45 90 -87
v 45 90 -73
v 45 91 -338
s 45 92 20
v 45 92 -81
s 45 93 -46
v 45 93 129
s 45 94 14
v 45 94 65
s 45 95 -23
v 45 95 222
s 45 96 13
v 45 96 -175
s 45 97 120
v 45 97 -328
s 45 98 -183
v 45 98 484
s 45 99 -43
v 45 99 22
s 45 100 104
v 45 100 65
s 45 101 -96
v 45 101 98
s 45 102 7
v 45 102 209
s 45 103 -6
v 45 103 -21
s 45 104 120
v 45 104 314
s 45 105 -26
v 45 105 488
s 45 106 -61
v 45 106 -48
s 45 107 91
v 45 107 -406
s 45 108 17
v 45 108 242
s 45 109 13
v 45 109 125
s 45 110 45
v 45 110 9
v 45 111 174
s 45 112 -18
v 45 112 176
s 45 113 -41
v 45 113 71
s 45 114 -32
v 45 114 69
s 45 119 21
v 45 119 34
s 45 120 -128
v 45 120 468
s 45 121 69
v 45 121 404
s 45 123 -49
v 45 123 71
s 45 126 -43
v 45 126 103
s 45 128 94
v 45 128 -386
s 45 129 21
v 45 129 -261
s 45 131 -79
v 45 131 19
s 45 135 82
s 45 136 63
v 45 136 155
s 45 137 6
v 45 137 -183
s 45 138 -35
v 45 138 -285
s 45 145 -77
v 45 145 -315
s 45 155 -42
v 45 155 19
s 46 47 -34
v 46 47 95
s 46 48 55
v 46 48 -614
s 46 49 -11
v 46 49 -339
s 46 50 25
v 46 50 -25
s 46 51 39
v 46 51 -116
s 46 52 -14
v 46 52 129
s 46 53 118
v 46 53 121
s 46 54 21
v 46 54 -285
s 46 55 109
v 46 55 -194
s 46 56 -44
v 46 56 -230
s 46 57 -56
v 46 57 -83
s 46 58 -89
v 46 58 99
v 46 59 -131
s 46 60 27
v 46 60 776
s 46 61 -62
v 46 61 167
s 46 62 -40
v 46 62 -269
s 46 63 51
s 46 64 104
v 46 64 -122
s 46 65 54
s 46 66 17
v 46 66 53
s 46 67 -7
v 46 67 -682
s 46 68 65
v 46 68 -231
s 46 69 133
v 46 69 521
v 46 70 394
s 46 71 -125
v 46 71 508
v 46 72 -247
s 46 73 -24
v 46 73 124
s 46 74 -174
v 46 74 501
s 46 75 -17
v 46 75 -297
s 46 76 8
v 46 76 687
s 46 77 -58
v 46 77 -22
s 46 78 32
v 46 78 -124
s 46 79 -5
v 46 79 -126
v 46 80 -74
s 46 81 -33
v 46 81 -66
s 46 82 -53
v 46 82 -81
v 46 83 -17
s 46 84 38
v 46 84 -41
s 46 85 -14
v 46 85 288
s 46 86 -113
v 46 86 59
s 46 87 98
v 46 87 340
v 46 88 54
s 46 89 -13
v 46 89 48
s 46 90 26
v 46 90 -60
s 46 91 -140
v 46 91 283
s 46 92 105
v 46 92 -94
s 46 93 45
v 46 93 -867
s 46 94 -13
v 46 94 9
s 46 95 68
v 46 95 -40
s 46 96 -99
v 46 96 -162
s 46 97 -157
v 46 97 -21
s 46 98 66
v 46 98 233
s 46 99 18
s 46 100 59
v 46 100 -41
s 46 101 16
v 46 101 460
s 46 102 48
v 46 102 123
s 46 103 -53
v 46 103 147
s 46 104 121
v 46 104 -48
v 46 105 582
s 46 106 93
v 46 106 -152
s 46 107 -109
v 46 107 -34
v 46 108 -295
s 46 109 10
v 46 109 -381
s 46 110 -7
s 46 111 -92
v 46 111 -26
s 46 112 137
v 46 112 374
s 46 113 67
v 46 113 -85
s 46 114 10
v 46 114 -145
s 46 119 81
v 46 119 -631
s 46 120 90
v 46 120 -11
s 46 121 -10
v 46 121 -192
s 46 123 7
v 46 123 -253
s 46 126 46
v 46 126 -329
s 46 128 -54
v 46 128 422
s 46 129 29
v 46 129 15
s 46 131 57
v 46 131 -503
s 46 135 54
v 46 135 -77
v 46 136 -9
s 46 137 -67
v 46 137 -172
s 46 138 -46
v 46 138 182
s 46 145 -19
v 46 145 -292
s 46 155 -75
v 46 155 -40
s 47 48 9
v 47 48 -53
s 47 49 11
v 47 49 1358
s 47 50 60
v 47 50 47
s 47 51 75
v 47 51 310
s 47 52 42
v 47 52 187
s 47 53 68
v 47 53 -132
s 47 54 -16
v 47 54 130
s 47 55 -78
v 47 55 -159
s 47 56 -46
v 47 56 -476
s 47 57 -84
s 47 58 67
v 47 58 74
s 47 59 -42
v 47 59 725
s 47 60 -50
v 47 60 348
s 47 61 6
v 47 61 -173
s 47 62 67
v 47 62 -381
s 47 63 22
v 47 63 -670
s 47 64 -16
s 47 65 -10
v 47 65 -78
v 47 66 7
s 47 67 110
v 47 67 136
s 47 68 8
v 47 68 -397
s 47 69 47
v 47 69 467
s 47 70 58
v 47 70 10
s 47 71 -15
v 47 71 605
s 47 72 26
v 47 72 55
s 47 73 -28
v 47 73 -6
s 47 74 162
v 47 74 254
s 47 75 -61
v 47 75 379
s 47 76 -78
v 47 76 -37
s 47 77 -12
v 47 77 -15
s 47 78 -11
v 47 78 72
s 47 79 -18
v 47 79 -152
s 47 80 -57
v 47 80 -148
s 47 81 -36
v 47 81 -15
s 47 82 12
v 47 82 -164
v 47 83 113
s 47 84 72
v 47 84 188
s 47 85 119
v 47 85 35
s 47 86 -9
v 47 86 -310
s 47 87 -186
v 47 87 405
s 47 88 86
v 47 88 -33
s 47 89 38
v 47 89 79
s 47 90 -51
v 47 90 278
v 47 91 89
s 47 92 -28
v 47 92 -78
s 47 93 -79
v 47 93 716
s 47 94 -59
v 47 94 94
s 47 95 22
v 47 95 83
s 47 96 -77
v 47 96 -247
s 47 97 87
v 47 97 405
s 47 98 -46
v 47 98 -38
s 47 99 -83
v 47 99 229
s 47 100 222
v 47 100 99
s 47 101 36
v 47 101 166
s 47 102 -11
v 47 102 -297
s 47 103 23
v 47 103 22
s 47 104 49
v 47 104 -547
s 47 105 -98
v 47 105 -309
s 47 106 80
v 47 106 73
s 47 107 18
v 47 107 -204
s 47 108 -31
v 47 108 375
s 47 109 -47
v 47 109 -217
s 47 110 -76
v 47 110 100
v 47 111 6
s 47 112 114
v 47 112 47
s 47 113 -38
v 47 113 -470
s 47 114 -126
v 47 114 -58
v 47 119 309
s 47 120 6
v 47 120 -159
s 47 121 -60
v 47 121 392
s 47 123 -203
v 47 123 -373
s 47 126 -51
v 47 126 -141
s 47 128 -32
v 47 128 95
s 47 129 -60
v 47 129 -46
s 47 131 -52
v 47 131 -212
s 47 135 -10
v 47 135 69
s 47 136 90
v 47 136 -148
s 47 137 -29
v 47 137 -251
s 47 138 -27
v 47 138 49
s 47 145 -116
v 47 145 -408
s 47 155 -141
v 47 155 -33
s 48 49 44
v 48 49 -551
s 48 50 69
v 48 50 109
v 48 51 -128
s 48 52 -117
v 48 52 -34
s 48 53 27
v 48 53 -484
s 48 54 36
v 48 54 -824
s 48 55 -57
v 48 55 -139
v 48 56 231
v 48 57 -42
s 48 58 -19
v 48 58 65
s 48 59 107
v 48 59 207
s 48 60 268
v 48 60 34
s 48 61 -30
v 48 61 -507
s 48 62 38
v 48 62 -604
s 48 63 157
v 48 63 203
s 48 64 -8
v 48 64 -113
s 48 65 -11
v 48 65 9
s 48 66 24
v 48 66 -110
s 48 67 -92
v 48 67 -392
s 48 68 -197
v 48 68 -121
s 48 69 -39
v 48 69 140
s 48 70 14
v 48 70 85
s 48 71 235
v 48 71 -403
s 48 72 -10
v 48 72 148
s 48 73 -83
v 48 73 594
s 48 74 -118
v 48 74 -680
s 48 75 -218
v 48 75 293
s 48 76 57
v 48 76 -295
s 48 77 59
v 48 77 -110
s 48 78 9
v 48 78 201
s 48 79 -63
v 48 79 -79
v 48 80 438
s 48 81 -109
v 48 81 -54
s 48 82 40
v 48 82 -339
s 48 83 -48
v 48 83 -147
s 48 84 -67
v 48 84 -702
s 48 85 -42
v 48 85 486
s 48 86 175
v 48 86 -336
s 48 87 100
v 48 87 158
s 48 88 -39
v 48 88 -339
s 48 89 -5
v 48 89 -127
s 48 90 -45
v 48 90 -386
s 48 91 -147
v 48 91 75
s 48 92 91
s 48 93 -59
v 48 93 -322
s 48 94 -10
v 48 94 232
s 48 95 -18
v 48 95 -70
s 48 96 6
s 48 97 -18
v 48 97 577
s 48 98 73
v 48 98 -114
s 48 99 -80
v 48 99 331
s 48 100 225
v 48 100 276
s 48 101 -63
v 48 101 -89
s 48 102 156
v 48 102 311
s 48 103 98
v 48 103 283
s 48 104 193
v 48 104 95
s 48 105 59
v 48 105 -106
s 48 106 177
v 48 106 448
s 48 107 121
v 48 107 269
s 48 108 -88
v 48 108 365
s 48 109 -57
v 48 109 -169
s 48 110 -249
v 48 110 136
s 48 111 27
v 48 111 -367
s 48 112 -173
v 48 112 90
s 48 113 -31
s 48 114 115
v 48 114 -322
s 48 119 -191
v 48 119 -216
s 48 120 92
v 48 120 -54
s 48 121 117
v 48 121 751
s 48 123 37
v 48 123 -703
s 48 126 77
v 48 126 214
s 48 128 -214
v 48 128 160
s 48 129 52
v 48 129 -341
s 48 131 12
v 48 131 320
s 48 135 -208
v 48 135 480
s 48 136 84
v 48 136 217
s 48 137 96
v 48 137 -728
v 48 138 -216
s 48 145 -33
v 48 145 275
s 48 155 37
s 49 50 14
v 49 50 -83
s 49 51 96
v 49 51 -183
s 49 52 106
v 49 52 19
s 49 53 109
v 49 53 -598
s 49 54 25
v 49 54 -40
s 49 55 -55
v 49 55 -443
s 49 56 -8
v 49 56 239
s 49 57 -59
v 49 57 -39
s 49 58 -104
v 49 58 -253
s 49 59 -11
v 49 59 211
s 49 60 164
v 49 60 924
v 49 61 654
s 49 62 -112
v 49 62 -6
s 49 63 13
v 49 63 -20
s 49 64 9
v 49 64 -368
s 49 65 -6
v 49 65 -40
v 49 66 217
s 49 67 114
v 49 67 -430
s 49 68 135
v 49 68 -379
s 49 69 -66
s 49 70 45
v 49 70 -28
s 49 71 -40
v 49 71 -512
v 49 72 -177
s 49 73 49
v 49 73 89
s 49 74 -102
v 49 74 114
s 49 75 -54
v 49 75 -287
s 49 76 123
v 49 76 -279
s 49 77 38
v 49 77 478
s 49 78 83
v 49 78 -104
s 49 79 -74
v 49 79 224
s 49 80 76
v 49 80 -253
s 49 81 43
v 49 81 352
s 49 82 -82
v 49 82 -217
s 49 83 -35
v 49 83 -189
s 49 84 -61
v 49 84 -85
s 49 85 248
v 49 85 -425
s 49 86 -182
v 49 86 -69
s 49 87 -141
v 49 87 109
s 49 88 -13
v 49 88 184
s 49 89 -37
v 49 89 163
s 49 90 58
v 49 90 -611
s 49 91 70
v 49 91 112
s 49 92 40
v 49 92 154
s 49 93 65
v 49 93 -255
s 49 94 8
v 49 94 -25
s 49 95 -68
v 49 95 -432
s 49 96 -53
s 49 97 148
v 49 97 -27
s 49 98 8
v 49 98 -240
s 49 99 -29
v 49 99 457
s 49 100 47
v 49 100 77
s 49 101 177
v 49 101 -192
s 49 102 15
v 49 102 -192
s 49 103 35
v 49 103 -63
s 49 104 87
v 49 104 513
s 49 105 69
v 49 105 489
s 49 106 -134
v 49 106 -379
s 49 107 95
v 49 107 81
s 49 108 -54
v 49 108 443
s 49 109 75
v 49 109 407
s 49 110 112
v 49 110 -416
s 49 111 63
v 49 111 -125
s 49 112 -129
v 49 112 35
s 49 113 -171
v 49 113 -229
s 49 114 -63
v 49 114 388
v 49 119 248
s 49 120 -167
v 49 120 611
s 49 121 47
v 49 121 424
s 49 123 -164
v 49 123 -62
s 49 126 44
v 49 126 310
s 49 128 -81
v 49 128 64
s 49 129 -138
v 49 129 -107
s 49 131 110
v 49 131 132
s 49 135 148
v 49 135 -26
s 49 136 -280
v 49 136 -14
s 49 137 200
v 49 137 32
s 49 138 -21
v 49 138 480
s 49 145 118
v 49 145 107
s 49 155 58
v 49 155 -230
s 50 51 -73
v 50 51 -153
s 50 52 39
v 50 52 -423
s 50 53 -39
v 50 53 -181
s 50 54 -207
v 50 54 25
s 50 55 74
v 50 55 -32
s 50 56 15
v 50 56 324
s 50 57 -46
v 50 57 -87
s 50 58 -38
v 50 58 81
s 50 59 32
v 50 59 -170
s 50 60 52
v 50 60 235
s 50 61 -24
v 50 61 -86
s 50 62 -6
v 50 62 233
s 50 63 90
v 50 63 -237
s 50 64 40
v 50 64 -209
s 50 65 -26
v 50 65 -23
v 50 66 73
s 50 67 -85
v 50 67 107
s 50 68 32
v 50 68 -118
s 50 69 -76
v 50 69 -446
s 50 70 -82
v 50 70 49
s 50 71 -213
v 50 71 -282
s 50 72 15
v 50 72 -95
s 50 73 -24
v 50 73 218
s 50 74 97
v 50 74 -409
s 50 75 21
v 50 75 -265
s 50 76 -97
v 50 76 16
s 50 77 64
v 50 77 -230
s 50 78 -73
v 50 78 11
s 50 79 13
v 50 79 -87
s 50 80 -109
v 50 80 39
s 50 81 21
v 50 81 62
s 50 82 63
v 50 82 59
s 50 83 -24
v 50 83 150
s 50 84 -96
v 50 84 -42
s 50 85 44
v 50 85 -641
s 50 86 58
v 50 86 107
s 50 87 -37
v 50 87 203
s 50 88 119
v 50 88 164
s 50 89 7
v 50 89 104
s 50 90 -58
v 50 90 -234
s 50 91 17
v 50 91 -472
s 50 92 -10
v 50 92 33
s 50 93 84
v 50 93 -609
s 50 94 -40
v 50 94 -304
s 50 95 76
v 50 95 14
s 50 96 -65
v 50 96 -108
s 50 97 183
v 50 97 -140
s 50 98 -48
v 50 98 106
s 50 99 15
v 50 99 -92
s 50 100 -25
v 50 100 17
s 50 101 -47
v 50 101 -30
s 50 102 70
v 50 102 -14
s 50 103 -59
v 50 103 165
s 50 104 58
v 50 104 488
s 50 105 -101
v 50 105 174
s 50 106 -81
v 50 106 -68
s 50 107 94
v 50 107 -124
s 50 108 -7
v 50 108 -127
s 50 109 -54
v 50 109 -324
s 50 110 -9
v 50 110 13
s 50 111 -45
v 50 111 61
s 50 112 -29
v 50 112 91
s 50 113 65
v 50 113 -21
s 50 114 -46
v 50 114 -243
s 50 119 -20
v 50 119 -147
s 50 120 147
v 50 120 149
s 50 121 34
v 50 121 316
s 50 123 -160
v 50 123 58
s 50 126 -60
v 50 126 -214
s 50 128 -141
v 50 128 -237
s 50 129 -117
v 50 129 -134
s 50 131 -45
v 50 131 87
s 50 135 -265
v 50 135 202
s 50 136 -22
v 50 136 -300
s 50 137 -96
v 50 137 192
s 50 138 21
v 50 138 244
s 50 145 42
v 50 145 -214
s 50 155 33
v 50 155 -23
s 51 52 -70
v 51 52 99
s 51 53 138
v 51 53 54
s 51 54 -45
v 51 54 -105
s 51 55 70
v 51 55 -450
s 51 56 12
v 51 56 74
s 51 57 60
v 51 57 9
s 51 58 60
v 51 58 281
s 51 59 51
v 51 59 -265
s 51 60 -129
v 51 60 318
s 51 61 41
v 51 61 -297
s 51 62 -5
v 51 62 -331
s 51 63 -61
v 51 63 36
s 51 64 -17
v 51 64 278
s 51 65 -8
v 51 65 51
s 51 66 20
v 51 66 35
s 51 67 -56
s 51 68 -82
v 51 68 -405
s 51 69 87
v 51 69 -61
s 51 70 97
v 51 70 364
s 51 71 -65
v 51 71 121
s 51 72 37
v 51 72 -241
s 51 73 -34
v 51 73 70
s 51 74 -19
v 51 74 -358
s 51 75 107
v 51 75 337
s 51 76 19
v 51 76 -83
s 51 77 24
v 51 77 -120
s 51 78 -6
v 51 78 155
s 51 79 32
v 51 79 20
s 51 80 -27
v 51 80 61
s 51 81 -40
v 51 81 -91
s 51 82 -6
v 51 82 -164
s 51 83 13
v 51 83 -179
v 51 84 264
s 51 85 37
v 51 85 -102
s 51 86 -118
v 51 86 -34
s 51 87 120
v 51 87 287
s 51 88 27
v 51 88 80
s 51 89 9
v 51 89 8
s 51 90 -29
v 51 90 128
s 51 91 40
v 51 91 -146
s 51 92 -61
v 51 92 -89
s 51 93 -292
v 51 93 549
s 51 94 -8
v 51 94 8
s 51 95 10
v 51 95 54
s 51 96 25
v 51 96 -415
s 51 97 -159
v 51 97 125
s 51 98 29
v 51 98 -302
v 51 99 173
s 51 100 33
v 51 100 144
s 51 101 -68
v 51 101 -326
s 51 102 -7
v 51 102 -43
s 51 103 18
v 51 103 88
s 51 104 40
v 51 104 320
s 51 105 -6
v 51 105 -181
s 51 106 -7
v 51 106 142
s 51 107 98
v 51 107 266
s 51 108 -89
v 51 108 237
s 51 109 -34
v 51 109 -331
s 51 110 94
v 51 110 -15
s 51 111 29
v 51 111 157
s 51 112 -43
v 51 112 -390
s 51 113 10
v 51 113 12
s 51 114 51
v 51 114 165
s 51 119 -108
v 51 119 254
s 51 120 44
v 51 120 -19
s 51 121 -130
v 51 121 25
s 51 123 -37
v 51 123 257
s 51 126 48
v 51 126 -35
s 51 128 44
v 51 128 156
s 51 129 -18
v 51 129 -52
s 51 131 32
v 51 131 30
s 51 135 83
v 51 135 122
s 51 136 -51
v 51 136 -29
s 51 137 36
v 51 137 101
s 51 138 -66
v 51 138 25
s 51 145 18
v 51 145 239
s 51 155 -20
v 51 155 -158
s 52 53 -18
v 52 53 -304
s 52 54 -49
v 52 54 55
s 52 55 61
s 52 56 8
v 52 56 -50
s 52 57 -25
v 52 57 -263
v 52 58 183
s 52 59 20
v 52 59 137
s 52 60 113
v 52 60 -341
s 52 61 -21
v 52 61 -201
s 52 62 -80
v 52 62 -366
s 52 63 33
v 52 63 165
s 52 64 -64
v 52 64 39
v 52 65 32
v 52 66 -59
s 52 67 -72
v 52 67 186
s 52 68 -14
v 52 68 -38
s 52 69 -7
v 52 69 81
s 52 70 -65
v 52 70 -35
s 52 71 239
v 52 71 -12
s 52 72 -48
v 52 72 24
s 52 73 -15
v 52 73 15
s 52 74 -93
v 52 74 272
s 52 75 36
v 52 75 -183
s 52 76 84
v 52 76 -268
s 52 77 -40
s 52 78 21
v 52 78 -126
s 52 79 62
v 52 79 22
v 52 80 166
s 52 81 -24
v 52 81 68
s 52 82 23
v 52 82 74
s 52 83 -26
s 52 84 -16
v 52 84 -108
s 52 85 -122
v 52 85 -84
s 52 86 -17
v 52 86 -325
s 52 87 -121
v 52 87 -245
s 52 88 -53
v 52 88 -585
v 52 89 75
s 52 90 -23
v 52 90 -311
s 52 91 655
v 52 91 124
s 52 92 20
v 52 92 178
s 52 93 -89
v 52 93 359
s 52 94 23
v 52 94 -35
s 52 95 -13
v 52 95 -139
s 52 96 -13
v 52 96 112
s 52 97 -110
v 52 97 -37
s 52 98 -82
v 52 98 116
s 52 99 -14
v 52 99 -184
s 52 100 -14
v 52 100 75
v 52 101 -332
v 52 102 9
s 52 103 -23
v 52 103 50
s 52 104 -26
v 52 104 61
s 52 105 -58
v 52 105 386
s 52 106 -22
v 52 106 222
s 52 107 -31
v 52 107 430
s 52 108 53
v 52 108 -35
s 52 109 -68
v 52 109 -258
v 52 110 -84
s 52 111 8
v 52 111 15
s 52 112 -48
v 52 112 337
v 52 113 215
s 52 114 -8
v 52 114 -22
s 52 119 69
v 52 119 32
s 52 120 -28
v 52 120 20
v 52 121 201
s 52 123 -5
v 52 123 -57
s 52 126 -24
v 52 126 -83
s 52 128 -122
v 52 128 264
s 52 129 47
v 52 129 78
s 52 131 -24
v 52 131 -34
s 52 135 -116
v 52 135 -122
s 52 136 38
v 52 136 -61
s 52 137 -21
v 52 137 296
v 52 138 -10
s 52 145 -6
v 52 145 63
s 52 155 -32
v 52 155 91
s 53 54 -389
v 53 54 405
s 53 55 -30
v 53 55 51
s 53 56 -21
v 53 56 -448
s 53 57 -54
v 53 57 -65
s 53 58 -37
v 53 58 -36
s 53 59 55
v 53 59 62
s 53 60 83
v 53 60 -376
s 53 61 -41
v 53 61 -169
s 53 62 155
v 53 62 -117
s 53 63 66
v 53 63 -30
s 53 64 114
v 53 64 -68
s 53 65 76
s 53 66 -11
v 53 66 -162
v 53 67 -345
s 53 68 175
v 53 68 42
s 53 69 -37
v 53 69 -247
s 53 70 14
v 53 70 -184
s 53 71 -121
v 53 71 -181
s 53 72 135
v 53 72 18
v 53 73 59
s 53 74 -137
v 53 74 -54
s 53 75 -30
v 53 75 442
s 53 76 -17
v 53 76 534
s 53 77 12
v 53 77 -222
s 53 78 -62
v 53 78 -275
s 53 79 -45
s 53 80 -61
v 53 80 152
s 53 81 15
v 53 81 114
s 53 82 -24
v 53 82 53
s 53 83 -29
v 53 83 75
s 53 84 54
v 53 84 -518
s 53 85 -213
v 53 85 -443
s 53 86 321
v 53 86 490
s 53 87 166
v 53 87 293
s 53 88 125
v 53 88 -225
s 53 89 44
v 53 89 -34
s 53 90 -40
v 53 90 185
s 53 91 -94
v 53 91 401
s 53 92 -36
v 53 92 -115
s 53 93 143
v 53 93 -753
s 53 94 -98
v 53 94 204
s 53 95 65
v 53 95 216
v 53 96 -291
s 53 97 174
v 53 97 45
s 53 98 126
v 53 98 -235
s 53 99 -231
s 53 100 202
v 53 100 -338
s 53 101 -27
v 53 101 90
s 53 102 -51
v 53 102 72
s 53 103 -19
v 53 103 -11
s 53 104 -195
v 53 104 -51
s 53 105 -79
v 53 105 -54
s 53 106 137
v 53 106 141
s 53 107 -6
v 53 107 -138
s 53 108 -39
v 53 108 -223
s 53 109 -6
v 53 109 -469
s 53 110 -145
v 53 110 265
s 53 111 15
v 53 111 -59
s 53 112 21
v 53 112 119
s 53 113 71
v 53 113 -191
s 53 114 22
v 53 114 45
s 53 119 180
v 53 119 249
s 53 120 125
v 53 120 -227
s 53 121 -176
v 53 121 670
s 53 123 164
v 53 123 96
s 53 126 -15
v 53 126 83
s 53 128 129
v 53 128 -303
s 53 129 52
v 53 129 -83
s 53 131 194
v 53 131 -151
s 53 135 -54
v 53 135 -776
s 53 136 -78
v 53 136 -62
s 53 137 -46
v 53 137 171
s 53 138 41
v 53 138 286
s 53 145 14
v 53 145 -246
s 53 155 -34
v 53 155 64
s 54 55 129
v 54 55 48
s 54 56 -49
v 54 56 84
s 54 57 -103
v 54 57 -365
s 54 58 25
v 54 58 114
s 54 59 -16
v 54 59 209
s 54 60 -26
v 54 60 -448
s 54 61 -51
v 54 61 -189
s 54 62 44
v 54 62 67
s 54 63 9
v 54 63 -170
s 54 64 81
v 54 64 247
s 54 65 43
v 54 65 -71
s 54 66 6
v 54 66 -192
s 54 67 -29
v 54 67 278
s 54 68 56
v 54 68 -27
s 54 69 173
v 54 69 -935
s 54 70 22
v 54 70 58
s 54 71 130
v 54 71 -570
s 54 72 93
v 54 72 -81
s 54 73 -20
v 54 73 413
s 54 74 254
v 54 74 692
s 54 75 123
v 54 75 101
s 54 76 158
v 54 76 -233
s 54 77 65
v 54 77 81
s 54 78 -153
v 54 78 386
s 54 79 -54
v 54 79 -192
s 54 80 -134
v 54 80 -10
s 54 81 -26
v 54 81 -359
s 54 82 -100
v 54 82 23
s 54 83 -7
v 54 83 -54
s 54 84 73
v 54 84 72
s 54 85 -156
v 54 85 77
s 54 86 226
v 54 86 130
s 54 87 95
v 54 87 125
s 54 88 110
v 54 88 461
s 54 89 -14
v 54 89 25
s 54 90 -12
v 54 90 210
s 54 91 -30
v 54 91 -167
s 54 92 -180
v 54 92 -195
s 54 93 -103
v 54 93 -512
s 54 94 -18
v 54 94 -485
s 54 95 11
v 54 95 -291
s 54 96 43
v 54 96 1132
s 54 97 137
v 54 97 -629
s 54 98 -14
v 54 98 42
s 54 99 -92
v 54 99 -227
s 54 100 -298
v 54 100 -506
s 54 101 74
v 54 101 -827
s 54 102 -49
v 54 102 -393
s 54 103 12
v 54 103 -318
s 54 104 33
v 54 104 193
s 54 105 213
v 54 105 754
s 54 106 -329
v 54 106 307
s 54 107 120
v 54 107 353
v 54 108 792
s 54 109 -94
v 54 109 39
s 54 110 -155
v 54 110 258
s 54 111 -278
v 54 111 -374
s 54 112 168
v 54 112 -46
s 54 113 -121
v 54 113 -267
s 54 114 36
v 54 114 -415
s 54 119 -72
v 54 119 60
s 54 120 10
v 54 120 -519
s 54 121 121
v 54 121 -435
s 54 123 217
v 54 123 -46
s 54 126 56
v 54 126 -42
s 54 128 291
v 54 128 983
s 54 129 -15
v 54 129 873
s 54 131 98
v 54 131 -145
s 54 135 -69
v 54 135 417
s 54 136 -101
v 54 136 170
s 54 137 121
v 54 137 374
s 54 138 45
v 54 138 26
s 54 145 -47
v 54 145 -265
s 54 155 92
v 54 155 212
s 55 56 7
v 55 56 -218
s 55 57 5
v 55 57 -13
s 55 58 -35
v 55 58 -150
s 55 59 32
v 55 59 160
s 55 60 -45
v 55 60 33
s 55 61 24
v 55 61 58
s 55 62 209
v 55 62 50
s 55 63 9
v 55 63 -181
s 55 64 -34
v 55 64 -444
s 55 65 -43
v 55 65 -137
s 55 66 -48
v 55 66 -17
s 55 67 37
s 55 68 -141
v 55 68 -269
s 55 69 -48
v 55 69 -179
s 55 70 128
v 55 70 -231
s 55 71 178
v 55 71 -40
s 55 72 -45
v 55 72 -151
s 55 73 19
v 55 73 77
s 55 74 -173
v 55 74 27
s 55 75 91
v 55 75 -81
s 55 76 40
v 55 76 265
s 55 77 -39
v 55 77 -32
s 55 78 -36
v 55 78 -199
s 55 79 37
v 55 79 -90
s 55 80 -29
v 55 80 -303
s 55 81 -102
v 55 81 340
s 55 82 -5
v 55 82 -54
s 55 83 -41
s 55 84 40
v 55 84 541
s 55 85 7
v 55 85 437
s 55 86 59
v 55 86 -178
s 55 87 82
v 55 87 -289
s 55 88 248
v 55 88 -247
s 55 89 -52
v 55 89 53
s 55 90 43
v 55 90 -92
s 55 91 32
v 55 91 31
v 55 92 60
s 55 93 253
v 55 93 428
v 55 94 221
s 55 95 -64
v 55 95 13
s 55 96 34
v 55 96 -332
v 55 97 -195
s 55 98 -61
v 55 98 -221
s 55 99 -9
v 55 99 -249
s 55 100 -109
v 55 100 598
s 55 101 19
v 55 101 -185
s 55 102 -24
v 55 102 232
s 55 103 18
s 55 104 38
v 55 104 -96
s 55 105 -9
v 55 105 100
s 55 106 124
v 55 106 -126
s 55 107 84
v 55 107 -203
s 55 108 -21
v 55 108 320
s 55 109 147
v 55 109 447
s 55 110 -19
v 55 110 -274
s 55 111 -48
v 55 111 -581
s 55 112 -87
v 55 112 384
s 55 113 72
v 55 113 214
s 55 114 -126
v 55 114 127
s 55 119 81
v 55 119 421
s 55 120 -16
v 55 120 -115
s 55 121 8
v 55 121 246
s 55 123 -97
v 55 123 -172
s 55 126 228
v 55 126 -7
s 55 128 -79
v 55 128 -336
s 55 129 -51
v 55 129 -107
s 55 131 -51
v 55 131 -577
s 55 135 -58
v 55 135 -291
s 55 136 -117
v 55 136 143
s 55 137 -37
v 55 137 -371
s 55 138 53
v 55 138 21
s 55 145 -45
v 55 145 -436
s 55 155 133
v 55 155 -217
s 56 57 88
s 56 58 -33
v 56 58 159
s 56 59 45
v 56 59 -143
s 56 60 -49
v 56 60 482
v 56 61 -145
s 56 62 -102
v 56 62 -503
s 56 63 -57
v 56 63 182
s 56 64 88
v 56 64 202
s 56 65 -7
v 56 65 63
s 56 66 -15
v 56 66 -43
s 56 67 32
v 56 67 88
s 56 68 -110
v 56 68 156
s 56 69 -156
v 56 69 -43
s 56 70 -7
v 56 70 60
s 56 71 115
v 56 71 -47
s 56 72 24
v 56 72 -44
v 56 73 -251
s 56 74 -127
v 56 74 76
s 56 75 -97
v 56 75 -238
s 56 76 -78
v 56 76 362
s 56 77 -24
v 56 77 123
s 56 78 -18
v 56 78 -116
s 56 79 -51
v 56 79 -196
v 56 80 -197
s 56 81 31
v 56 81 -121
s 56 82 27
v 56 82 -138
s 56 83 43
v 56 83 17
s 56 84 89
v 56 84 -229
s 56 85 -125
v 56 85 862
s 56 86 -38
v 56 86 352
s 56 87 108
v 56 87 -124
s 56 88 37
v 56 88 -239
s 56 90 -61
v 56 90 198
s 56 91 -30
v 56 91 -32
s 56 92 22
v 56 92 111
s 56 93 -81
v 56 93 -151
s 56 94 -18
v 56 94 -15
s 56 95 -6
v 56 95 47
s 56 96 8
v 56 96 -9
s 56 97 -112
v 56 97 369
s 56 98 94
v 56 98 -81
s 56 99 14
v 56 99 -42
s 56 100 73
v 56 100 187
s 56 101 39
v 56 101 -72
s 56 102 10
v 56 102 -82
s 56 103 7
v 56 103 -227
s 56 104 -54
v 56 104 -181
s 56 105 81
v 56 105 202
s 56 106 -42
v 56 106 -109
s 56 107 -9
v 56 107 -79
s 56 108 10
v 56 108 123
v 56 109 -282
s 56 110 96
v 56 110 -402
s 56 111 -116
v 56 111 19
s 56 112 15
s 56 113 -27
v 56 113 -302
s 56 114 -34
v 56 114 42
s 56 119 -25
v 56 119 50
s 56 120 -33
v 56 120 45
s 56 121 -45
v 56 121 54
s 56 123 70
v 56 123 -36
s 56 126 33
v 56 126 -564
s 56 128 28
v 56 128 209
v 56 129 -263
s 56 131 150
v 56 131 -150
s 56 135 -94
v 56 135 308
s 56 136 -56
v 56 136 -122
s 56 137 16
v 56 137 -102
s 56 138 9
v 56 138 -59
s 56 145 -8
v 56 145 23
s 56 155 -45
v 56 155 45
v 57 58 -114
s 57 59 -68
v 57 59 -168
s 57 60 -17
v 57 60 250
s 57 61 -6
v 57 61 -9
s 57 62 -32
v 57 62 45
s 57 63 -24
v 57 63 88
s 57 64 47
v 57 64 145
v 57 65 55
s 57 66 -20
s 57 67 55
v 57 67 -122
s 57 68 -41
v 57 68 -183
s 57 69 24
v 57 69 -75
s 57 70 -8
v 57 70 246
s 57 71 -58
v 57 71 39
s 57 72 34
v 57 72 60
s 57 73 -5
v 57 73 -6
s 57 74 10
v 57 74 -134
s 57 75 5
v 57 75 51
s 57 76 9
v 57 76 -76
s 57 77 -6
v 57 77 38
v 57 78 -191
s 57 79 -15
v 57 79 100
v 57 80 -181
v 57 81 29
s 57 82 -31
v 57 82 -56
s 57 83 -43
s 57 84 -69
v 57 84 -284
s 57 85 88
v 57 85 -154
s 57 86 41
v 57 86 -224
s 57 87 40
v 57 87 -24
s 57 88 -37
v 57 88 118
s 57 89 12
v 57 89 24
s 57 90 -36
v 57 90 -182
s 57 91 -24
v 57 91 -166
s 57 92 -25
v 57 92 148
s 57 93 -53
v 57 93 348
s 57 94 -13
s 57 95 -8
v 57 95 -24
s 57 96 17
v 57 96 -125
s 57 97 85
v 57 97 217
s 57 98 20
v 57 98 -18
s 57 99 -30
v 57 99 -270
s 57 100 -77
v 57 100 28
s 57 101 46
v 57 101 -438
s 57 102 -31
v 57 102 74
s 57 103 26
v 57 103 62
s 57 104 78
v 57 104 252
s 57 105 15
v 57 105 45
s 57 106 -33
v 57 106 55
s 57 107 -50
v 57 107 -25
v 57 108 15
s 57 109 -74
v 57 109 -578
s 57 110 56
v 57 110 -74
s 57 111 -86
v 57 111 182
s 57 112 53
v 57 112 -260
s 57 113 40
v 57 113 43
s 57 114 72
v 57 114 -106
s 57 119 -52
v 57 119 -261
s 57 120 46
v 57 120 -263
s 57 121 33
v 57 121 -272
s 57 123 63
v 57 123 -231
s 57 126 -46
v 57 126 284
s 57 128 -29
v 57 128 -94
s 57 129 -23
v 57 129 7
s 57 131 -46
v 57 131 -103
s 57 135 -64
v 57 135 -17
s 57 136 22
v 57 136 477
s 57 137 77
v 57 137 139
v 57 138 -38
s 57 145 45
v 57 145 -39
s 57 155 14
v 57 155 -124
s 58 59 20
v 58 59 -134
v 58 60 -33
s 58 61 31
v 58 61 100
s 58 62 -50
v 58 62 -78
s 58 63 17
v 58 63 -114
s 58 64 22
v 58 64 -87
s 58 65 17
v 58 65 73
s 58 66 -10
v 58 66 -58
s 58 67 -76
v 58 67 78
s 58 68 -23
v 58 68 133
s 58 69 42
v 58 69 -134
s 58 70 -23
v 58 70 29
v 58 71 -550
s 58 72 -22
v 58 72 175
s 58 73 -47
v 58 73 -163
s 58 74 146
v 58 74 506
s 58 75 111
v 58 75 109
s 58 76 -35
v 58 76 389
s 58 77 -19
v 58 77 78
s 58 78 -30
v 58 78 224
s 58 79 -5
v 58 79 79
s 58 80 7
v 58 80 181
v 58 81 92
s 58 82 -15
v 58 82 34
s 58 83 -9
v 58 83 -129
s 58 84 110
v 58 84 15
s 58 85 44
v 58 85 225
s 58 86 10
v 58 86 214
s 58 87 94
v 58 87 152
s 58 88 39
v 58 88 8
s 58 89 14
v 58 89 -35
s 58 90 14
v 58 90 10
s 58 91 -7
v 58 91 -90
s 58 92 9
v 58 92 174
s 58 93 -12
v 58 93 -79
s 58 94 8
v 58 94 22
s 58 95 31
v 58 95 6
s 58 96 -6
v 58 96 -149
s 58 97 -50
v 58 97 182
s 58 98 -147
v 58 98 -309
s 58 99 24
v 58 99 144
s 58 100 -6
v 58 100 218
s 58 101 -70
v 58 101 29
s 58 102 -19
v 58 102 -36
s 58 104 83
v 58 104 -50
s 58 105 13
v 58 105 -180
s 58 106 -28
v 58 106 294
s 58 107 -15
v 58 107 -146
s 58 108 -73
v 58 108 149
s 58 109 -38
v 58 109 -225
s 58 110 28
v 58 110 -120
s 58 111 8
v 58 111 116
s 58 112 -13
v 58 112 -89
s 58 113 -23
v 58 113 -112
s 58 114 -73
v 58 114 162
s 58 119 -9
v 58 119 -264
s 58 120 51
v 58 120 90
s 58 121 33
v 58 121 94
s 58 123 93
v 58 123 -23
s 58 126 -23
v 58 126 102
v 58 128 -57
v 58 129 -388
s 58 131 8
v 58 131 33
s 58 135 12
v 58 135 -282
s 58 136 79
v 58 136 -164
s 58 137 -19
v 58 137 -145
s 58 138 23
v 58 138 94
s 58 145 -41
v 58 145 -189
s 58 155 -11
v 58 155 -17
s 59 60 75
v 59 60 621
s 59 61 11
v 59 61 -64
s 59 62 119
v 59 62 -393
s 59 63 -44
v 59 63 40
v 59 64 366
v 59 65 -86
s 59 66 -5
v 59 66 -17
s 59 67 -80
v 59 67 -189
s 59 68 60
v 59 68 -363
s 59 69 -52
v 59 69 -141
s 59 70 -56
v 59 70 -118
s 59 71 -47
v 59 71 -15
s 59 72 20
v 59 72 81
s 59 73 -26
v 59 73 132
s 59 74 -140
v 59 74 -39
s 59 75 -96
v 59 75 247
s 59 76 -66
v 59 76 14
s 59 77 -9
v 59 77 96
s 59 78 -111
v 59 78 34
s 59 79 30
v 59 79 309
s 59 80 -112
v 59 80 232
s 59 81 31
v 59 81 38
s 59 82 -29
v 59 82 -76
s 59 83 -24
v 59 83 -80
s 59 84 -64
v 59 84 17
s 59 85 -154
v 59 85 284
s 59 86 134
v 59 86 148
s 59 87 83
v 59 87 -75
s 59 88 65
v 59 88 187
s 59 89 6
v 59 89 -78
s 59 90 -21
v 59 90 89
s 59 91 78
v 59 91 92
s 59 92 56
v 59 92 -56
s 59 93 61
s 59 94 -45
v 59 94 -61
s 59 95 -66
v 59 95 -112
s 59 96 -14
v 59 96 32
s 59 97 76
v 59 97 143
s 59 98 85
v 59 98 -29
s 59 99 -25
v 59 99 -249
s 59 100 59
v 59 100 -391
s 59 101 -53
v 59 101 7
s 59 102 -13
v 59 102 -147
v 59 103 16
s 59 104 -8
v 59 104 -392
s 59 105 181
v 59 105 -250
s 59 106 -41
v 59 106 371
s 59 107 -12
v 59 107 168
s 59 108 -9
s 59 109 -32
v 59 109 -395
s 59 110 -32
v 59 110 127
s 59 111 99
v 59 111 -83
s 59 112 107
v 59 112 -349
s 59 113 -41
v 59 113 -164
s 59 114 -138
v 59 114 -38
v 59 119 144
s 59 120 -17
v 59 120 350
s 59 121 66
v 59 121 -69
s 59 123 -75
v 59 123 -212
s 59 126 34
v 59 126 7
s 59 128 7
v 59 128 433
s 59 129 23
v 59 129 -40
s 59 131 105
v 59 131 300
s 59 135 12
v 59 135 404
s 59 136 7
v 59 136 -212
s 59 137 -12
v 59 137 5
v 59 138 -37
s 59 145 84
v 59 145 -45
s 59 155 -38
v 59 155 71
s 60 61 79
v 60 61 -492
s 60 62 -140
v 60 62 -395
s 60 63 -24
v 60 63 -373
s 60 64 -31
v 60 64 297
s 60 65 11
v 60 65 -254
s 60 66 35
v 60 66 -52
s 60 67 72
v 60 67 -348
s 60 68 -141
v 60 68 677
s 60 69 -46
v 60 69 465
s 60 70 -240
v 60 70 313
s 60 71 70
v 60 71 -1018
s 60 72 -84
v 60 72 89
s 60 73 123
v 60 73 -103
s 60 74 49
v 60 74 386
s 60 75 -151
s 60 76 198
v 60 76 166
s 60 77 -14
v 60 77 -430
v 60 78 -7
s 60 79 11
v 60 79 -36
s 60 80 -110
v 60 80 148
s 60 81 51
v 60 81 -112
s 60 82 16
v 60 82 -516
s 60 83 101
v 60 83 -364
s 60 84 -34
v 60 84 -37
s 60 85 56
v 60 85 17
s 60 86 -8
v 60 86 499
s 60 87 -62
v 60 87 -564
s 60 88 -146
v 60 88 369
s 60 89 -69
v 60 89 -222
s 60 90 80
v 60 90 166
s 60 91 202
v 60 91 -67
v 60 92 11
s 60 93 157
v 60 93 547
s 60 94 10
v 60 94 -102
s 60 95 68
v 60 95 -470
s 60 96 -37
v 60 96 -81
s 60 97 13
v 60 97 236
s 60 98 -117
v 60 98 184
s 60 99 -44
v 60 99 -479
s 60 100 -27
v 60 100 -59
s 60 101 -130
v 60 101 175
v 60 102 83
s 60 103 48
v 60 103 -128
s 60 104 -135
v 60 104 303
s 60 105 -118
v 60 105 -231
s 60 106 -198
v 60 106 -67
s 60 107 105
v 60 107 -70
s 60 108 36
v 60 108 -369
s 60 109 65
v 60 109 -624
s 60 110 -97
v 60 110 -160
s 60 111 -206
v 60 111 915
s 60 112 320
v 60 112 85
s 60 113 -55
v 60 113 184
s 60 114 -37
v 60 114 139
s 60 119 144
v 60 119 -436
v 60 120 154
s 60 121 -41
v 60 121 205
s 60 123 152
v 60 123 171
s 60 126 -72
v 60 126 108
s 60 128 76
v 60 128 -57
s 60 129 46
v 60 129 -187
s 60 131 -39
v 60 131 -151
s 60 135 -24
v 60 135 -582
s 60 136 -116
v 60 136 -353
s 60 137 60
v 60 137 109
s 60 138 -41
v 60 138 -33
s 60 145 -21
v 60 145 240
v 60 155 43
s 61 62 -109
v 61 62 264
s 61 63 -47
v 61 63 15
s 61 64 128
v 61 64 139
v 61 65 8
s 61 66 -11
v 61 66 -83
s 61 67 -57
v 61 67 165
s 61 68 -17
v 61 68 181
v 61 69 352
s 61 70 48
v 61 70 -83
s 61 71 89
v 61 71 -437
v 61 72 58
s 61 73 -32
v 61 73 106
s 61 74 36
v 61 74 170
s 61 75 -61
v 61 75 -6
s 61 76 -32
v 61 76 -23
s 61 77 10
v 61 77 -26
s 61 78 38
v 61 78 -100
s 61 79 -54
v 61 79 36
s 61 80 5
v 61 80 87
s 61 81 73
v 61 81 333
v 61 82 -104
s 61 83 43
v 61 83 86
s 61 84 40
v 61 84 347
s 61 85 75
v 61 85 24
s 61 86 -23
v 61 86 -241
s 61 87 51
v 61 87 -37
s 61 88 70
v 61 88 -186
s 61 89 -7
v 61 89 -60
s 61 90 -33
v 61 90 -178
v 61 91 12
s 61 92 -17
s 61 93 -71
v 61 93 -162
v 61 94 132
s 61 95 18
v 61 95 -60
s 61 96 -51
v 61 96 -51
s 61 97 8
v 61 97 144
s 61 98 -12
v 61 98 142
s 61 99 7
v 61 99 113
s 61 100 -96
v 61 100 -9
s 61 101 53
v 61 101 -170
s 61 102 -11
v 61 102 89
s 61 103 -20
v 61 103 129
v 61 104 -147
s 61 105 -17
v 61 105 -215
s 61 106 13
v 61 106 -45
s 61 107 -55
v 61 107 -5
s 61 108 -17
v 61 108 -25
s 61 109 6
v 61 109 52
s 61 110 -18
v 61 110 -330
s 61 111 -6
v 61 111 35
s 61 112 80
v 61 112 -43
s 61 113 -49
v 61 113 238
s 61 114 37
v 61 114 -21
s 61 119 -72
v 61 119 221
v 61 120 26
v 61 121 -349
s 61 123 41
v 61 123 181
s 61 126 -7
v 61 126 -288
s 61 128 -61
v 61 128 -17
s 61 129 17
v 61 129 67
v 61 131 -35
s 61 135 13
v 61 135 -354
v 61 136 135
s 61 137 -21
v 61 137 -67
v 61 138 -159
s 61 145 42
v 61 145 9
v 61 155 -30
s 62 63 -123
v 62 63 445
s 62 64 9
v 62 64 43
s 62 65 13
v 62 65 -27
v 62 66 -72
s 62 67 -181
v 62 67 582
s 62 68 52
v 62 68 -32
s 62 69 14
v 62 69 225
s 62 70 136
v 62 70 350
s 62 71 -271
v 62 71 -405
s 62 72 25
v 62 72 159
s 62 73 -46
v 62 73 -219
s 62 74 -130
v 62 74 656
s 62 75 -42
v 62 75 171
s 62 76 76
v 62 76 474
s 62 77 -76
v 62 77 -181
s 62 78 68
v 62 78 93
s 62 79 -68
v 62 79 91
s 62 80 -90
v 62 80 -9
s 62 81 70
v 62 81 -387
s 62 82 -76
v 62 82 -219
v 62 83 -126
s 62 84 -82
v 62 84 -255
s 62 85 -32
v 62 85 215
s 62 86 171
v 62 86 478
s 62 87 241
v 62 87 -422
s 62 88 -223
v 62 88 155
s 62 89 -38
v 62 89 -168
s 62 90 -45
v 62 90 74
s 62 91 18
v 62 91 28
s 62 92 -16
v 62 92 -321
s 62 93 -242
v 62 93 -1230
v 62 94 -182
s 62 95 6
v 62 95 -244
s 62 96 -82
v 62 96 162
s 62 97 57
v 62 97 -396
s 62 98 -147
v 62 98 -30
s 62 99 12
v 62 99 -81
s 62 100 -115
v 62 100 101
s 62 101 46
v 62 101 218
s 62 102 -46
v 62 102 -8
s 62 103 12
v 62 103 132
s 62 104 36
v 62 104 -465
v 62 105 -336
s 62 106 99
v 62 106 108
s 62 107 85
v 62 107 -193
s 62 108 60
v 62 108 -206
s 62 109 158
v 62 109 246
s 62 110 -6
v 62 110 407
s 62 111 36
v 62 111 91
s 62 112 304
v 62 112 -327
s 62 113 -98
v 62 113 47
s 62 114 -45
v 62 114 187
s 62 119 35
v 62 119 45
s 62 120 15
v 62 120 163
s 62 121 7
v 62 121 397
s 62 123 54
s 62 126 -119
v 62 126 -381
s 62 128 -139
v 62 128 -384
s 62 129 86
v 62 129 50
s 62 131 47
v 62 131 -83
s 62 135 162
v 62 135 -46
v 62 136 -227
s 62 137 24
v 62 137 -440
s 62 138 61
v 62 138 -74
s 62 145 -6
v 62 145 -82
s 62 155 19
v 62 155 -118
s 63 64 -29
v 63 64 -275
s 63 65 -33
v 63 65 42
s 63 66 -30
v 63 66 -66
s 63 67 80
v 63 67 -14
s 63 68 16
v 63 68 -410
s 63 69 6
v 63 69 -71
s 63 70 -52
v 63 70 108
s 63 71 -12
v 63 71 308
s 63 72 45
v 63 72 78
s 63 73 -30
v 63 73 -165
s 63 74 -29
v 63 74 589
s 63 75 -63
v 63 75 29
s 63 76 -76
v 63 76 -375
s 63 77 -56
v 63 77 98
v 63 78 -45
s 63 79 15
s 63 80 -77
v 63 80 8
s 63 81 42
v 63 81 -175
s 63 82 23
v 63 82 18
s 63 83 91
v 63 83 -95
s 63 84 39
v 63 84 -209
s 63 85 37
v 63 85 723
s 63 86 -104
v 63 86 -936
s 63 87 15
v 63 87 -12
s 63 88 -88
v 63 88 -48
s 63 89 9
v 63 89 -44
s 63 90 -43
v 63 90 50
s 63 91 -24
v 63 91 -95
s 63 92 45
v 63 92 -172
s 63 93 -26
v 63 93 157
v 63 94 27
s 63 95 -53
v 63 95 169
s 63 96 -51
v 63 96 95
s 63 97 -14
v 63 97 -77
s 63 98 -20
v 63 98 226
s 63 99 -106
v 63 99 204
s 63 100 -5
v 63 100 216
s 63 101 -33
v 63 101 -361
s 63 102 -35
v 63 102 48
s 63 103 55
v 63 103 23
s 63 104 61
v 63 104 -454
s 63 105 -57
v 63 105 -267
s 63 106 -168
v 63 106 40
s 63 107 -68
v 63 107 -176
s 63 108 59
v 63 108 67
s 63 109 22
v 63 109 -139
s 63 110 65
v 63 110 -112
s 63 111 35
v 63 111 263
s 63 112 -38
v 63 112 320
s 63 113 -64
v 63 113 145
s 63 114 35
v 63 114 29
s 63 119 -12
v 63 119 -6
s 63 120 17
v 63 120 114
v 63 121 -283
s 63 123 100
v 63 123 159
s 63 126 93
v 63 126 -242
s 63 128 -63
v 63 128 24
s 63 129 -182
v 63 129 -265
s 63 131 13
v 63 131 95
s 63 135 39
v 63 135 72
s 63 136 25
v 63 136 389
s 63 137 70
v 63 137 21
s 63 138 -22
v 63 138 -12
s 63 145 29
v 63 145 -331
s 63 155 -52
v 63 155 -68
s 64 65 -29
v 64 65 -116
s 64 66 -9
v 64 66 6
s 64 67 -19
v 64 67 -209
s 64 68 -50
v 64 68 254
s 64 69 6
v 64 69 244
s 64 70 -95
v 64 70 -423
s 64 71 106
v 64 71 106
s 64 72 24
v 64 72 -271
s 64 73 98
v 64 73 140
s 64 74 82
v 64 74 -76
s 64 75 -122
v 64 75 -23
s 64 76 15
v 64 76 118
s 64 77 -42
v 64 77 -175
s 64 78 17
v 64 78 152
s 64 79 -27
v 64 79 -69
s 64 80 -26
v 64 80 -149
s 64 81 57
v 64 81 409
s 64 82 28
v 64 82 95
s 64 83 -26
v 64 83 89
s 64 84 -220
v 64 84 -364
s 64 85 61
v 64 85 555
s 64 86 72
v 64 86 -996
s 64 87 29
v 64 87 311
s 64 88 -101
v 64 88 495
s 64 89 -6
v 64 89 40
s 64 90 31
v 64 90 46
s 64 91 -12
v 64 91 216
s 64 92 -51
v 64 92 94
s 64 93 170
v 64 93 -44
s 64 94 -28
v 64 94 -74
s 64 95 -50
v 64 95 -95
s 64 96 -26
v 64 96 15
s 64 97 -26
v 64 97 -378
s 64 98 -99
v 64 98 288
s 64 99 -6
v 64 99 97
s 64 100 -59
v 64 100 11
s 64 101 70
v 64 101 210
s 64 102 -118
v 64 102 -218
s 64 103 24
v 64 103 -110
s 64 104 168
v 64 104 -987
s 64 105 -31
v 64 105 -70
s 64 106 235
v 64 106 -314
s 64 107 -25
v 64 107 -207
s 64 108 52
v 64 108 -365
s 64 109 -105
v 64 109 147
s 64 110 -59
v 64 110 171
s 64 111 -39
v 64 111 -233
s 64 112 -59
v 64 112 268
s 64 113 125
v 64 113 219
s 64 114 -40
v 64 114 163
s 64 119 -125
v 64 119 232
s 64 120 -36
v 64 120 -393
s 64 121 -77
v 64 121 152
s 64 123 -18
v 64 123 566
s 64 126 130
v 64 126 96
s 64 128 36
v 64 128 329
s 64 129 -24
v 64 129 -126
s 64 131 -71
v 64 131 33
s 64 135 -94
v 64 135 273
s 64 136 -54
v 64 136 38
s 64 137 10
v 64 137 -243
s 64 138 -14
v 64 138 -166
s 64 145 -7
v 64 145 48
s 64 155 6
v 64 155 -56
s 65 66 16
s 65 67 -49
v 65 67 -113
s 65 68 -52
v 65 68 155
v 65 69 88
s 65 70 -19
v 65 70 -12
s 65 71 -18
v 65 71 9
v 65 72 -5
s 65 73 61
v 65 73 -29
s 65 74 69
v 65 74 -293
s 65 75 -21
v 65 75 -22
s 65 76 33
v 65 76 -59
s 65 77 16
v 65 77 24
s 65 78 -12
v 65 78 29
v 65 79 -117
s 65 80 47
v 65 80 -12
v 65 81 -89
s 65 82 -12
v 65 82 -13
s 65 83 38
v 65 83 97
v 65 84 -21
v 65 85 29
s 65 86 -39
v 65 86 25
s 65 87 -94
v 65 87 -31
s 65 88 -40
v 65 88 -65
s 65 89 -18
v 65 89 8
v 65 90 -54
s 65 91 -7
v 65 91 -103
v 65 92 13
s 65 93 -13
v 65 93 55
s 65 94 -14
v 65 94 -28
v 65 95 122
s 65 96 -34
v 65 96 90
s 65 97 -51
v 65 97 -88
s 65 98 -7
v 65 98 41
s 65 99 -36
v 65 99 -5
s 65 100 -35
v 65 100 64
s 65 101 -20
v 65 101 89
s 65 102 27
v 65 103 53
s 65 104 -57
v 65 104 -74
s 65 105 38
v 65 105 -99
s 65 106 -54
v 65 106 -80
s 65 107 -28
v 65 107 -79
v 65 108 -78
s 65 109 17
v 65 109 -23
s 65 110 62
v 65 110 147
v 65 111 -92
s 65 112 34
v 65 112 23
s 65 113 -14
v 65 113 -42
s 65 114 43
v 65 114 239
s 65 119 -15
v 65 119 -69
v 65 120 52
s 65 121 -29
v 65 121 -116
s 65 123 15
v 65 123 -121
s 65 126 -19
v 65 126 63
s 65 128 84
v 65 128 112
s 65 129 17
v 65 129 67
s 65 131 35
v 65 131 -11
s 65 135 93
v 65 135 24
v 65 136 29
s 65 137 -9
v 65 137 67
s 65 138 -5
v 65 138 -10
s 65 145 26
v 65 145 -100
s 65 155 36
v 65 155 106
s 66 67 43
v 66 67 -23
s 66 68 -6
v 66 68 -14
s 66 69 -19
v 66 69 115
s 66 70 -51
v 66 70 22
s 66 71 21
v 66 71 -241
s 66 72 -15
v 66 72 -34
s 66 73 -19
v 66 73 -27
s 66 74 23
v 66 74 96
s 66 75 -14
v 66 75 18
s 66 76 33
v 66 76 -57
s 66 77 9
v 66 77 10
v 66 78 95
v 66 79 56
v 66 80 -78
s 66 81 -12
v 66 81 -8
s 66 82 -6
v 66 82 63
s 66 83 -7
v 66 83 43
s 66 84 14
v 66 84 138
s 66 85 -57
v 66 85 -196
s 66 86 25
v 66 86 -44
s 66 87 -17
v 66 87 34
s 66 88 43
v 66 88 -12
s 66 89 -8
s 66 90 -6
v 66 90 -48
s 66 91 -11
v 66 91 7
s 66 92 5
v 66 92 70
s 66 93 32
v 66 93 -70
s 66 94 -13
v 66 94 -64
s 66 95 -6
v 66 95 -10
v 66 96 -6
s 66 97 84
v 66 97 -105
s 66 98 9
v 66 98 -37
s 66 99 -13
v 66 99 10
s 66 100 21
v 66 100 92
s 66 101 24
v 66 101 -30
v 66 102 48
v 66 103 73
s 66 104 83
v 66 104 -31
s 66 105 13
v 66 105 142
s 66 106 19
v 66 106 -20
s 66 107 21
v 66 107 47
v 66 108 -8
s 66 109 15
v 66 109 100
v 66 110 88
s 66 111 -9
v 66 111 126
s 66 112 20
v 66 112 118
v 66 113 70
s 66 114 32
s 66 119 11
v 66 119 47
v 66 120 18
s 66 121 12
v 66 121 -113
s 66 123 -19
v 66 123 20
s 66 126 -28
v 66 126 -89
s 66 128 -70
s 66 129 -31
v 66 129 22
s 66 131 -22
v 66 131 23
s 66 135 -33
v 66 135 -46
s 66 136 20
v 66 136 -69
s 66 137 -9
v 66 137 91
s 66 138 -5
v 66 138 -51
s 66 145 -5
v 66 145 126
v 66 155 -68
s 67 68 -96
v 67 68 800
s 67 69 71
v 67 69 527
s 67 70 48
v 67 70 880
s 67 71 168
v 67 71 134
s 67 72 -18
v 67 72 -129
s 67 73 -11
v 67 73 59
s 67 74 16
v 67 74 -728
s 67 75 128
v 67 75 472
s 67 76 31
v 67 76 198
s 67 77 -35
v 67 77 -46
s 67 78 -18
v 67 78 -199
s 67 79 -11
v 67 79 5
v 67 80 -192
s 67 81 36
v 67 81 297
s 67 82 66
v 67 82 -422
s 67 83 -25
v 67 83 191
s 67 84 137
v 67 84 37
s 67 85 140
v 67 85 -1338
s 67 86 -5
v 67 86 700
s 67 87 74
v 67 87 64
s 67 88 -217
v 67 88 -340
s 67 89 -11
v 67 89 -85
s 67 90 80
v 67 90 71
s 67 91 -64
v 67 91 23
s 67 92 46
v 67 92 186
s 67 93 60
v 67 93 -204
s 67 94 -12
v 67 94 -199
s 67 95 -49
v 67 95 -250
s 67 96 105
v 67 96 -573
s 67 97 -160
v 67 97 248
s 67 98 -108
v 67 98 105
s 67 99 34
v 67 99 -11
s 67 100 27
v 67 100 -80
s 67 101 51
v 67 101 -189
s 67 102 -21
v 67 102 -248
s 67 103 -41
v 67 103 97
s 67 104 -20
v 67 104 217
s 67 105 57
v 67 105 14
s 67 106 -19
v 67 106 -501
s 67 107 -39
v 67 107 -442
s 67 108 -99
v 67 108 -618
v 67 109 -537
s 67 110 97
v 67 110 -421
s 67 111 53
v 67 111 50
s 67 112 131
v 67 112 213
s 67 113 -37
v 67 113 -231
s 67 114 -80
v 67 114 144
s 67 119 -175
v 67 119 39
s 67 120 -74
v 67 120 -126
s 67 121 -215
v 67 121 193
s 67 123 -83
v 67 123 23
s 67 126 -35
v 67 126 -53
s 67 128 182
v 67 128 211
s 67 129 -95
v 67 129 253
s 67 131 -68
v 67 131 54
s 67 135 -110
v 67 135 -273
s 67 136 -66
v 67 136 -540
s 67 137 7
v 67 137 -283
v 67 138 102
s 67 145 -39
v 67 145 -242
s 67 155 84
v 67 155 -249
s 68 69 -103
v 68 69 -154
s 68 70 14
v 68 70 -575
s 68 71 16
v 68 71 -450
s 68 72 -79
v 68 72 -45
s 68 73 27
v 68 73 -215
s 68 74 27
v 68 74 295
s 68 75 80
v 68 75 460
s 68 76 -15
v 68 76 184
s 68 77 40
v 68 77 -80
s 68 78 11
v 68 78 -202
s 68 79 75
v 68 79 -6
s 68 80 80
v 68 80 -287
s 68 81 -123
v 68 81 8
s 68 82 20
v 68 82 -195
s 68 83 -35
v 68 83 27
s 68 84 85
v 68 84 860
s 68 85 -88
v 68 85 -227
s 68 86 -143
v 68 86 37
s 68 87 -55
v 68 87 167
s 68 88 -5
v 68 88 573
s 68 89 -56
v 68 89 61
s 68 90 -39
v 68 90 277
s 68 91 -112
v 68 91 -58
s 68 92 -19
v 68 92 -121
s 68 93 211
v 68 93 603
s 68 94 -10
v 68 94 -9
s 68 95 146
v 68 95 77
s 68 96 106
v 68 96 35
s 68 97 35
v 68 97 170
s 68 98 -45
v 68 98 -190
s 68 99 -40
v 68 99 -307
s 68 100 29
v 68 100 -58
s 68 101 -40
v 68 101 -301
s 68 102 12
v 68 102 8
s 68 103 -21
v 68 103 -313
s 68 104 173
v 68 104 -149
s 68 105 142
v 68 105 -240
s 68 106 58
v 68 106 89
s 68 107 114
v 68 107 241
s 68 108 179
v 68 108 428
s 68 109 42
v 68 109 36
s 68 110 15
v 68 110 223
s 68 111 -112
v 68 111 -230
s 68 112 -87
v 68 112 609
s 68 113 19
v 68 113 -380
s 68 114 -94
v 68 114 341
s 68 119 49
v 68 119 -454
s 68 120 -28
v 68 120 -40
s 68 121 -81
v 68 121 142
s 68 123 -137
v 68 123 30
s 68 126 65
v 68 126 -672
s 68 128 51
v 68 128 -262
s 68 129 -68
v 68 129 -67
s 68 131 -89
v 68 131 -130
s 68 135 -67
v 68 135 -116
s 68 136 27
v 68 136 -245
s 68 137 -135
v 68 137 -66
s 68 138 11
v 68 138 95
s 68 145 -32
v 68 145 142
s 68 155 -17
v 68 155 24
s 69 70 -145
v 69 70 31
s 69 71 76
v 69 71 -128
v 69 72 -219
s 69 73 92
v 69 73 -213
s 69 74 -146
v 69 74 -356
s 69 75 84
v 69 75 369
s 69 76 -207
v 69 76 60
s 69 77 5
v 69 77 -324
s 69 78 23
v 69 78 29
s 69 79 27
v 69 79 -125
s 69 80 25
v 69 80 282
s 69 81 14
v 69 81 -156
s 69 82 -14
v 69 82 21
s 69 83 29
v 69 83 100
s 69 84 -61
v 69 84 266
s 69 85 146
v 69 85 88
s 69 86 193
v 69 86 77
s 69 87 158
v 69 87 221
s 69 88 -66
v 69 88 -26
s 69 89 17
v 69 89 -162
s 69 90 87
v 69 90 211
s 69 91 65
v 69 91 -90
s 69 92 -14
v 69 92 -189
s 69 93 131
v 69 93 397
v 69 94 -422
s 69 95 23
v 69 95 137
s 69 96 -36
v 69 96 25
s 69 97 -140
v 69 97 -253
v 69 98 406
s 69 99 34
v 69 99 -250
s 69 100 9
v 69 100 -245
v 69 101 -181
s 69 102 -33
v 69 102 128
s 69 103 -53
v 69 103 -33
v 69 104 410
s 69 105 314
v 69 105 -82
s 69 106 102
v 69 106 -44
v 69 107 16
v 69 108 369
v 69 109 -844
s 69 110 -82
v 69 110 54
s 69 111 -121
v 69 111 151
s 69 112 -11
v 69 112 -299
s 69 113 71
v 69 113 -144
s 69 114 -109
v 69 114 118
s 69 119 129
v 69 119 -394
s 69 120 76
v 69 120 -205
s 69 121 -55
v 69 121 286
s 69 123 -111
v 69 123 324
s 69 126 7
v 69 126 407
s 69 128 -34
v 69 128 441
s 69 129 -40
v 69 129 142
s 69 131 -23
v 69 131 218
s 69 135 -41
v 69 135 113
s 69 136 -25
v 69 136 -529
s 69 137 92
v 69 137 -89
s 69 138 41
v 69 138 167
s 69 145 -51
v 69 145 -137
v 69 155 178
v 70 71 -90
s 70 72 88
v 70 72 -78
s 70 73 69
v 70 73 134
s 70 74 -208
v 70 74 -41
s 70 75 94
v 70 75 -395
s 70 76 -129
v 70 76 136
s 70 77 76
v 70 77 118
s 70 78 51
v 70 78 -504
s 70 79 -58
v 70 79 131
s 70 80 -18
v 70 80 -96
s 70 81 -21
v 70 81 168
s 70 82 -65
v 70 82 -242
s 70 83 37
s 70 84 56
v 70 84 -481
s 70 85 -147
v 70 85 -731
s 70 86 -32
v 70 86 534
s 70 87 -162
v 70 87 -45
s 70 88 39
v 70 88 -34
v 70 89 -135
s 70 90 -63
v 70 90 184
s 70 91 86
v 70 91 -308
s 70 92 23
v 70 92 -178
v 70 93 20
s 70 94 13
v 70 94 78
s 70 95 -25
v 70 95 541
s 70 96 55
v 70 96 377
s 70 97 -352
v 70 97 102
s 70 98 28
v 70 98 463
s 70 99 -12
v 70 99 -20
s 70 100 15
v 70 100 -199
s 70 101 -148
v 70 101 12
s 70 102 -39
v 70 102 37
s 70 103 -12
v 70 103 86
s 70 104 53
v 70 104 295
s 70 105 112
v 70 105 -422
s 70 106 -15
v 70 106 215
s 70 107 -31
v 70 107 475
s 70 108 160
v 70 108 188
v 70 109 -203
s 70 110 -57
v 70 110 329
s 70 111 183
v 70 111 -68
s 70 112 187
v 70 112 -65
s 70 113 37
v 70 113 306
s 70 114 25
v 70 114 41
s 70 119 -206
v 70 119 61
s 70 120 125
v 70 120 315
s 70 121 -96
v 70 121 163
s 70 123 35
v 70 123 -79
s 70 126 118
v 70 126 -135
s 70 128 -193
v 70 128 274
s 70 129 21
v 70 129 -173
s 70 131 21
v 70 131 -303
s 70 135 -49
v 70 135 -105
s 70 136 -13
v 70 136 -48
s 70 137 -49
v 70 137 86
v 70 138 -62
s 70 145 17
v 70 145 -163
v 70 155 -46
s 71 72 -30
v 71 72 -272
s 71 73 -91
v 71 73 296
s 71 74 32
v 71 74 -850
s 71 75 32
v 71 75 -31
s 71 76 119
v 71 76 -135
s 71 77 -8
v 71 77 -36
s 71 78 7
v 71 78 83
s 71 79 -76
v 71 79 89
s 71 80 -144
v 71 80 236
s 71 81 7
v 71 81 7
s 71 82 -60
v 71 82 -359
v 71 83 251
s 71 84 -214
v 71 84 -717
s 71 85 82
v 71 85 -8
s 71 86 -85
v 71 86 -171
s 71 87 146
v 71 87 -408
s 71 88 -148
v 71 88 -98
s 71 89 -21
v 71 89 271
s 71 90 271
v 71 90 -395
s 71 91 145
v 71 91 -298
s 71 92 -49
v 71 92 -16
s 71 93 -348
v 71 93 -202
s 71 94 -59
v 71 94 174
s 71 95 -68
v 71 95 12
s 71 96 20
v 71 96 76
s 71 97 -336
v 71 97 231
s 71 98 167
v 71 98 -621
s 71 99 -21
v 71 99 -90
s 71 100 -50
v 71 100 -427
s 71 101 36
v 71 101 456
s 71 102 -14
v 71 102 -80
s 71 103 22
v 71 103 41
s 71 104 -38
v 71 104 945
s 71 105 -157
v 71 105 -45
s 71 106 165
v 71 106 -602
s 71 107 -162
v 71 107 425
s 71 108 107
v 71 108 -725
s 71 109 17
v 71 109 -363
s 71 110 -87
v 71 110 -175
s 71 111 107
v 71 111 -483
s 71 112 256
v 71 112 -162
s 71 113 12
v 71 113 -41
s 71 114 141
v 71 114 97
s 71 119 126
v 71 119 -623
s 71 120 146
v 71 120 258
s 71 121 -41
v 71 121 126
s 71 123 -266
v 71 123 205
s 71 126 -9
v 71 126 -68
s 71 128 130
v 71 128 -393
s 71 129 -18
v 71 129 -270
s 71 131 95
v 71 131 193
s 71 135 313
v 71 135 -612
s 71 136 -72
v 71 136 668
s 71 137 112
v 71 137 511
s 71 138 -14
v 71 138 -10
s 71 145 125
v 71 145 97
s 71 155 49
v 71 155 -389
s 72 73 -12
v 72 73 -233
s 72 74 177
v 72 74 309
s 72 75 56
v 72 75 43
s 72 76 -141
v 72 76 288
s 72 77 29
v 72 77 -86
s 72 78 -40
v 72 78 -61
s 72 79 20
v 72 79 15
v 72 80 136
s 72 81 26
v 72 81 -82
v 72 82 42
s 72 83 -19
v 72 83 229
s 72 84 9
v 72 84 -208
s 72 85 -69
v 72 85 -72
s 72 86 -98
v 72 86 -288
s 72 87 -113
v 72 87 -273
s 72 88 53
v 72 88 221
s 72 89 10
v 72 89 -35
s 72 90 54
v 72 90 67
s 72 91 -78
v 72 91 338
s 72 92 29
v 72 92 9
s 72 93 72
v 72 93 -435
v 72 94 308
s 72 95 32
v 72 95 15
s 72 96 -15
v 72 96 -121
s 72 97 -18
v 72 97 -30
s 72 98 -84
v 72 98 206
s 72 99 -32
v 72 99 -171
s 72 100 17
v 72 100 -45
s 72 101 -156
v 72 101 -60
s 72 102 39
v 72 102 -115
s 72 103 16
v 72 103 39
s 72 104 12
v 72 104 289
s 72 105 -154
v 72 105 68
s 72 106 -5
v 72 106 -18
s 72 107 11
v 72 107 124
s 72 108 35
v 72 108 52
s 72 109 80
v 72 109 80
s 72 110 41
v 72 110 -207
s 72 111 54
v 72 111 -245
s 72 112 36
v 72 112 196
s 72 113 -51
v 72 113 -296
s 72 114 18
v 72 114 -93
s 72 119 19
v 72 119 -727
s 72 120 -17
v 72 120 41
s 72 121 -68
v 72 121 -14
s 72 123 -17
v 72 123 166
s 72 126 36
v 72 126 -89
s 72 128 -95
v 72 128 -254
s 72 129 68
v 72 129 -40
s 72 131 -20
v 72 131 -227
s 72 135 36
v 72 135 149
s 72 136 -9
v 72 136 36
s 72 137 22
v 72 137 77
s 72 138 32
v 72 138 54
s 72 145 -59
v 72 145 72
v 72 155 -139
s 73 74 -67
s 73 75 -8
s 73 76 107
v 73 76 -371
s 73 77 38
v 73 77 -45
s 73 78 7
s 73 79 46
v 73 79 16
s 73 80 -47
v 73 80 64
s 73 81 -5
v 73 81 178
v 73 82 39
s 73 83 -45
v 73 83 113
s 73 84 50
v 73 84 156
s 73 85 -18
s 73 86 -44
v 73 86 93
v 73 87 -134
s 73 88 -21
v 73 88 215
s 73 89 -12
v 73 89 -9
s 73 90 16
v 73 90 216
s 73 91 -82
v 73 91 -7
s 73 92 24
v 73 92 -7
s 73 93 44
v 73 93 -282
s 73 94 -17
v 73 94 51
s 73 95 -16
v 73 95 -152
s 73 96 57
v 73 96 146
s 73 97 -52
v 73 97 -56
s 73 98 69
v 73 98 -256
s 73 99 31
v 73 99 -46
s 73 100 -44
v 73 100 126
s 73 101 -11
v 73 101 -172
v 73 102 -106
v 73 103 87
s 73 104 22
v 73 104 15
s 73 105 -44
s 73 106 -19
v 73 106 62
s 73 107 -36
v 73 107 37
s 73 108 40
v 73 108 -157
s 73 109 18
v 73 109 -146
s 73 110 23
v 73 110 -99
v 73 111 169
s 73 112 -24
v 73 112 -209
s 73 113 -43
v 73 113 -15
s 73 114 -29
v 73 114 93
s 73 119 19
v 73 119 -180
s 73 120 8
v 73 120 -34
s 73 121 -52
v 73 121 48
s 73 123 126
v 73 123 -45
s 73 126 21
v 73 126 127
s 73 128 30
v 73 128 200
s 73 129 53
v 73 129 -70
s 73 131 -18
v 73 131 -77
s 73 135 79
v 73 135 171
s 73 136 94
v 73 136 -101
s 73 137 29
v 73 137 149
s 73 138 10
v 73 138 -107
s 73 145 63
v 73 145 -14
s 73 155 -51
v 73 155 91
s 74 75 436
v 74 75 -159
s 74 76 -36
v 74 76 -573
s 74 77 15
v 74 77 -204
s 74 78 9
v 74 78 77
s 74 79 80
s 74 80 78
v 74 80 115
s 74 81 -11
v 74 81 -55
s 74 82 81
v 74 82 124
s 74 83 90
v 74 83 -146
s 74 84 -94
v 74 84 296
s 74 85 148
v 74 85 -363
s 74 86 41
v 74 86 452
s 74 87 -56
v 74 87 266
s 74 88 -114
v 74 88 310
s 74 89 13
v 74 89 -114
s 74 90 97
v 74 90 -245
s 74 91 -9
v 74 91 -61
s 74 92 -71
v 74 92 -188
s 74 93 -80
v 74 93 813
s 74 94 206
v 74 94 -107
s 74 95 -60
v 74 95 347
s 74 96 -192
v 74 96 118
s 74 97 -244
v 74 97 267
s 74 98 -141
v 74 98 75
s 74 99 62
v 74 99 -321
s 74 100 40
v 74 100 -299
s 74 101 13
v 74 101 162
s 74 102 174
v 74 102 -139
s 74 103 -28
v 74 103 -200
s 74 104 92
v 74 104 61
s 74 105 155
v 74 105 617
v 74 106 411
s 74 107 94
v 74 107 153
s 74 108 33
v 74 108 428
s 74 109 106
v 74 109 575
s 74 110 74
v 74 110 -312
v 74 111 -56
s 74 112 10
v 74 112 348
s 74 113 -132
v 74 113 55
s 74 114 -203
v 74 114 457
s 74 119 -65
v 74 119 21
s 74 120 -60
v 74 120 -248
s 74 121 -105
v 74 121 257
s 74 123 14
v 74 123 -28
s 74 126 11
v 74 126 -1389
s 74 128 34
v 74 128 110
s 74 129 119
v 74 129 -408
s 74 131 -97
v 74 131 175
s 74 135 219
v 74 135 -176
s 74 136 -10
v 74 136 127
s 74 137 19
v 74 137 376
s 74 138 -80
v 74 138 551
s 74 145 -155
v 74 145 25
s 74 155 -52
v 74 155 339
s 75 76 28
v 75 76 355
s 75 77 -57
v 75 77 -93
s 75 78 -60
v 75 78 -419
s 75 79 -10
v 75 79 222
s 75 80 126
v 75 80 -109
s 75 81 18
v 75 81 112
s 75 82 34
v 75 82 -74
s 75 83 -17
v 75 83 -75
s 75 84 -262
v 75 84 62
s 75 85 -183
v 75 85 351
s 75 86 -103
v 75 86 131
s 75 87 -53
v 75 87 351
s 75 88 -67
v 75 88 -326
s 75 89 -31
v 75 89 119
s 75 90 -29
v 75 90 56
s 75 91 -18
v 75 91 265
s 75 92 26
v 75 92 283
s 75 93 153
v 75 93 -868
s 75 94 88
v 75 94 -81
s 75 95 -43
v 75 95 121
v 75 96 249
s 75 97 118
v 75 97 -146
s 75 98 63
v 75 98 379
s 75 99 19
v 75 99 415
s 75 100 164
v 75 100 226
s 75 101 12
v 75 101 -134
s 75 102 -53
v 75 102 -58
s 75 103 5
v 75 103 -188
v 75 104 -431
s 75 105 -147
v 75 105 312
s 75 106 -19
v 75 106 105
s 75 107 -38
v 75 107 267
s 75 108 -164
v 75 108 -122
s 75 109 -150
v 75 109 -84
s 75 110 -23
v 75 110 -240
s 75 111 -55
v 75 111 -88
s 75 112 -31
v 75 112 -125
s 75 113 -50
v 75 113 -601
s 75 114 -53
v 75 114 -71
s 75 119 -26
v 75 119 -272
s 75 120 94
v 75 120 87
s 75 121 -149
v 75 121 629
s 75 123 -54
v 75 123 -120
s 75 126 8
v 75 126 -331
s 75 128 -8
v 75 128 560
s 75 129 32
v 75 129 361
s 75 131 -64
v 75 131 146
s 75 135 -127
v 75 135 720
s 75 136 202
v 75 136 -549
s 75 137 109
v 75 137 435
s 75 138 -99
v 75 138 -238
s 75 145 -73
v 75 145 232
s 75 155 83
v 75 155 -47
v 76 77 -256
s 76 78 -53
v 76 78 -110
s 76 79 -28
v 76 79 -28
s 76 80 42
v 76 80 284
s 76 81 115
v 76 81 -338
s 76 82 -38
v 76 82 -100
s 76 83 217
v 76 83 -184
s 76 84 -75
v 76 84 -236
s 76 85 13
v 76 85 -34
s 76 86 -51
v 76 86 -357
v 76 87 125
s 76 88 187
v 76 88 -1720
s 76 89 23
v 76 89 212
s 76 90 -117
v 76 90 -322
s 76 91 136
v 76 91 -409
v 76 92 -70
s 76 93 -39
v 76 93 953
s 76 94 54
v 76 94 -77
v 76 95 696
s 76 96 122
v 76 96 693
s 76 97 261
v 76 97 -128
s 76 98 174
v 76 98 1096
s 76 99 -66
v 76 99 -307
s 76 100 -60
v 76 100 -158
s 76 101 -99
v 76 101 -55
s 76 102 42
v 76 102 558
s 76 103 6
v 76 103 -139
s 76 104 -21
v 76 104 558
s 76 105 61
v 76 105 -43
s 76 106 28
v 76 106 420
s 76 107 -55
v 76 107 167
s 76 108 273
v 76 108 60
s 76 109 -120
v 76 109 -37
s 76 110 30
v 76 110 186
s 76 111 -176
v 76 111 528
s 76 112 46
v 76 112 183
s 76 113 -44
v 76 113 -728
s 76 114 -78
v 76 114 807
s 76 119 -75
v 76 119 -235
s 76 120 6
v 76 120 -301
s 76 121 -250
v 76 121 -854
s 76 123 -66
v 76 123 181
s 76 126 -103
v 76 126 221
s 76 128 -149
v 76 128 495
v 76 129 129
s 76 131 -12
v 76 131 -72
s 76 135 -341
v 76 135 32
s 76 136 -117
v 76 136 -528
s 76 137 23
v 76 137 417
s 76 138 -94
v 76 138 192
s 76 145 -67
v 76 145 -233
s 76 155 20
v 76 155 155
s 77 78 -6
s 77 79 -13
v 77 79 77
s 77 80 6
v 77 80 -33
s 77 81 24
v 77 81 -66
s 77 82 -25
v 77 82 -128
s 77 83 50
v 77 83 -17
s 77 84 -21
v 77 84 120
v 77 85 131
s 77 86 74
v 77 86 -80
s 77 87 33
v 77 87 77
s 77 88 -89
v 77 88 39
s 77 89 10
v 77 89 -130
s 77 90 -61
v 77 91 -21
v 77 92 -25
s 77 93 -23
v 77 93 -180
s 77 94 -27
v 77 94 102
v 77 95 34
s 77 96 11
v 77 96 57
s 77 97 -13
v 77 97 -87
v 77 98 185
s 77 99 -22
v 77 99 -43
s 77 100 30
v 77 100 -210
s 77 101 72
v 77 101 -47
s 77 102 8
v 77 102 -159
s 77 103 -15
v 77 103 89
s 77 104 -10
v 77 104 61
s 77 105 39
v 77 105 -32
s 77 106 23
v 77 106 -111
v 77 107 99
s 77 108 -42
v 77 108 -93
s 77 109 37
v 77 109 -232
s 77 110 24
v 77 110 -191
s 77 111 12
v 77 111 -36
s 77 112 -58
v 77 112 -30
s 77 113 -27
v 77 113 232
s 77 114 55
v 77 114 -109
s 77 119 50
v 77 119 96
s 77 120 36
v 77 120 -14
s 77 121 -12
v 77 121 -131
s 77 123 88
v 77 123 -127
v 77 126 65
s 77 128 20
v 77 128 -28
s 77 129 -5
v 77 129 -63
s 77 131 32
v 77 131 350
s 77 135 10
v 77 135 -12
s 77 136 6
v 77 136 100
s 77 137 27
v 77 137 193
s 77 138 -25
v 77 138 35
s 77 145 -39
v 77 145 64
s 77 155 -20
v 77 155 -81
v 78 79 18
s 78 80 85
v 78 80 127
v 78 81 26
s 78 82 33
v 78 82 -53
s 78 83 -31
v 78 83 35
s 78 84 -50
v 78 84 9
v 78 85 -136
s 78 86 -147
v 78 86 -127
s 78 87 67
v 78 87 -336
s 78 88 66
v 78 88 55
s 78 89 6
v 78 89 -31
s 78 90 29
v 78 90 -194
s 78 91 -73
v 78 91 152
s 78 92 -16
v 78 92 -43
s 78 93 -19
v 78 93 -238
s 78 94 -8
v 78 94 -88
s 78 95 -36
v 78 95 -42
s 78 96 -22
v 78 96 -47
s 78 97 -31
v 78 97 313
s 78 98 30
v 78 98 -93
v 78 99 114
s 78 100 55
v 78 100 -46
s 78 101 6
v 78 101 -60
s 78 102 84
v 78 102 -60
s 78 103 23
v 78 103 22
s 78 104 -62
v 78 104 7
s 78 105 57
v 78 105 162
v 78 106 108
s 78 107 24
v 78 107 -305
s 78 108 17
v 78 108 19
s 78 109 80
v 78 109 -164
s 78 110 52
v 78 110 85
s 78 111 42
v 78 111 -160
v 78 112 -134
s 78 113 58
v 78 113 184
s 78 114 -25
v 78 114 -22
v 78 119 -76
s 78 120 49
v 78 120 -87
s 78 121 -218
v 78 121 19
s 78 123 169
s 78 126 -132
v 78 126 -260
s 78 128 27
v 78 128 503
s 78 129 -20
v 78 129 -37
s 78 131 15
v 78 131 -47
v 78 135 -191
s 78 136 -11
v 78 136 109
s 78 137 -7
v 78 137 -58
s 78 138 -25
v 78 138 -71
s 78 145 111
v 78 145 -353
s 78 155 40
v 78 155 176
s 79 80 48
v 79 80 -43
s 79 81 21
v 79 81 31
s 79 82 53
v 79 82 44
s 79 83 26
v 79 83 42
s 79 84 -17
v 79 84 117
s 79 85 -46
v 79 85 155
s 79 86 -92
v 79 86 -346
s 79 87 -20
v 79 87 -67
s 79 88 9
v 79 88 -98
s 79 89 -6
v 79 89 -35
s 79 90 53
v 79 90 18
s 79 91 13
v 79 91 62
s 79 92 -6
v 79 92 91
s 79 93 -136
v 79 93 97
s 79 94 8
v 79 94 -47
s 79 95 27
v 79 95 -120
s 79 96 108
v 79 96 -361
s 79 97 -38
v 79 97 -100
s 79 98 32
v 79 98 -68
s 79 99 -33
v 79 99 41
s 79 100 -18
v 79 100 65
s 79 101 21
v 79 101 -72
s 79 102 -8
v 79 102 26
s 79 103 -17
v 79 103 33
s 79 104 -44
v 79 104 341
v 79 105 240
s 79 106 114
v 79 106 -185
v 79 107 17
s 79 108 54
v 79 108 -339
s 79 109 18
v 79 109 -57
s 79 110 6
v 79 110 -55
s 79 111 -33
v 79 111 20
s 79 112 21
v 79 112 220
s 79 113 7
s 79 114 -87
v 79 114 97
s 79 119 25
v 79 119 228
s 79 120 -39
v 79 120 131
s 79 121 23
v 79 121 162
s 79 123 -50
v 79 123 99
s 79 126 -94
v 79 126 338
s 79 128 -61
s 79 129 107
s 79 131 -17
v 79 131 -465
s 79 135 -22
v 79 135 -298
s 79 136 -18
v 79 136 72
s 79 137 -20
v 79 137 -37
s 79 138 27
v 79 138 130
s 79 145 22
v 79 145 -27
s 79 155 19
v 79 155 -15
s 80 81 -31
v 80 81 -210
s 80 82 23
v 80 82 159
v 80 83 -81
s 80 84 5
v 80 84 -223
s 80 85 -128
v 80 85 -36
s 80 86 28
v 80 86 -28
v 80 87 374
s 80 88 28
v 80 88 369
v 80 89 59
s 80 90 -15
v 80 90 115
s 80 91 -6
v 80 91 -101
s 80 92 -15
v 80 92 -185
s 80 93 12
v 80 93 -293
s 80 94 -23
v 80 94 21
v 80 95 -95
s 80 96 -50
v 80 96 134
s 80 97 -6
v 80 97 204
s 80 98 63
v 80 98 -266
s 80 99 68
v 80 99 -90
s 80 100 9
v 80 100 -225
s 80 101 185
v 80 101 -25
s 80 102 -42
v 80 102 177
s 80 103 -21
v 80 103 151
s 80 104 -77
v 80 104 405
s 80 105 122
v 80 105 -12
s 80 106 10
v 80 106 -339
s 80 107 -9
v 80 107 290
s 80 108 56
v 80 108 -565
v 80 109 -13
s 80 110 76
v 80 110 9
s 80 111 -33
v 80 111 191
s 80 112 75
v 80 112 -198
v 80 113 -47
v 80 114 -202
s 80 119 -15
v 80 119 24
s 80 120 -17
v 80 120 -211
v 80 121 -45
s 80 123 -44
v 80 123 -41
s 80 126 81
v 80 126 174
s 80 128 131
v 80 128 -122
s 80 129 47
v 80 129 61
v 80 131 -141
s 80 135 -140
v 80 135 -155
s 80 136 80
v 80 136 185
s 80 137 -55
v 80 137 -47
v 80 138 -56
s 80 145 27
v 80 145 -226
s 80 155 -45
v 80 155 55
v 81 82 178
s 81 83 9
v 81 83 100
s 81 84 -86
v 81 84 371
s 81 85 60
v 81 85 82
s 81 86 73
v 81 86 221
s 81 87 63
v 81 87 -168
s 81 88 -35
v 81 88 197
s 81 89 -6
v 81 89 -74
s 81 90 -64
v 81 90 31
s 81 91 13
v 81 91 -119
s 81 92 5
v 81 92 -48
s 81 93 -250
v 81 93 -440
s 81 94 -53
v 81 94 33
s 81 95 7
v 81 95 -37
s 81 96 -12
v 81 96 170
s 81 97 102
v 81 97 246
s 81 98 6
v 81 98 -459
v 81 99 -109
s 81 100 -111
v 81 100 -167
s 81 101 63
v 81 101 337
s 81 102 -12
v 81 102 -198
v 81 103 -100
s 81 104 92
v 81 104 467
v 81 105 -319
s 81 106 55
v 81 106 33
s 81 107 58
v 81 107 -31
s 81 108 -34
v 81 108 233
s 81 109 -14
v 81 109 178
s 81 110 -7
v 81 110 -40
s 81 111 -28
v 81 111 277
s 81 112 30
v 81 112 -60
s 81 113 15
v 81 113 107
s 81 114 18
v 81 114 154
s 81 119 -19
v 81 119 -101
v 81 120 146
s 81 121 80
v 81 121 387
s 81 123 101
v 81 123 -255
s 81 126 -9
v 81 126 98
s 81 128 21
v 81 128 -271
s 81 129 -21
v 81 129 -38
s 81 131 -58
v 81 131 20
s 81 135 -11
v 81 135 -741
s 81 136 -6
v 81 136 -185
s 81 137 -31
v 81 137 -31
s 81 138 39
v 81 138 304
s 81 145 42
v 81 145 -28
s 81 155 6
v 81 155 284
s 82 83 9
v 82 83 -55
v 82 84 171
s 82 85 -18
v 82 85 -239
s 82 86 126
v 82 86 -169
v 82 87 -397
s 82 88 -68
v 82 88 110
v 82 89 -25
s 82 90 -81
v 82 90 63
s 82 91 -91
s 82 92 -10
v 82 92 -262
s 82 93 34
v 82 93 304
v 82 94 -141
s 82 95 -9
v 82 95 -233
s 82 96 -9
v 82 96 -192
s 82 97 20
v 82 97 110
s 82 98 80
v 82 98 24
s 82 99 29
v 82 99 -46
s 82 100 35
v 82 100 -208
s 82 101 74
v 82 101 114
s 82 103 5
v 82 103 -20
s 82 104 -83
v 82 104 -256
s 82 105 -191
v 82 105 -255
v 82 106 -130
s 82 107 90
v 82 107 -87
v 82 108 -246
v 82 109 129
v 82 110 95
v 82 111 353
s 82 112 68
s 82 113 -17
v 82 113 271
s 82 114 5
v 82 114 -138
s 82 119 29
v 82 119 -166
s 82 120 25
v 82 120 -203
s 82 121 -19
v 82 121 -222
s 82 123 11
v 82 123 -25
s 82 126 10
v 82 126 210
s 82 128 -9
v 82 128 -208
s 82 129 8
v 82 129 91
s 82 131 -41
v 82 131 -40
s 82 135 15
v 82 135 -255
s 82 136 84
v 82 136 -71
s 82 137 21
v 82 137 -211
s 82 138 -12
v 82 138 -117
s 82 145 23
v 82 145 -52
s 82 155 29
v 82 155 -116
s 83 84 18
v 83 84 -216
s 83 85 33
v 83 85 111
s 83 86 165
s 83 87 38
v 83 87 644
s 83 88 50
v 83 88 156
s 83 89 -22
v 83 89 -32
v 83 90 -94
s 83 91 -35
v 83 91 -9
s 83 92 -15
v 83 92 28
s 83 93 -54
v 83 93 125
s 83 94 -17
v 83 94 -45
s 83 95 -36
v 83 95 109
s 83 96 5
v 83 96 43
s 83 97 -18
v 83 97 -234
s 83 98 96
v 83 98 62
s 83 99 120
v 83 99 -226
s 83 100 -58
v 83 100 -314
s 83 101 21
v 83 101 368
s 83 102 74
v 83 102 -180
s 83 103 17
v 83 103 -72
s 83 104 -91
v 83 104 210
s 83 105 -68
v 83 105 122
s 83 106 -7
v 83 106 150
s 83 107 94
v 83 107 88
v 83 108 147
s 83 109 65
v 83 109 98
v 83 110 -434
s 83 111 -8
v 83 111 193
s 83 112 56
v 83 112 -194
s 83 113 163
v 83 113 194
s 83 114 -53
v 83 114 -138
s 83 119 -46
v 83 119 57
s 83 120 -31
v 83 120 -154
s 83 121 45
v 83 121 -69
s 83 123 146
v 83 123 -77
s 83 126 -72
v 83 126 -154
s 83 128 56
v 83 128 97
s 83 129 46
v 83 129 -420
s 83 131 -10
v 83 131 -275
s 83 135 7
v 83 135 -84
s 83 136 47
v 83 136 103
s 83 137 -42
v 83 137 -93
s 83 138 -36
v 83 138 44
s 83 145 31
v 83 145 197
s 83 155 29
v 83 155 179
s 84 85 303
v 84 85 -118
s 84 86 170
v 84 86 -143
s 84 87 -35
v 84 87 116
s 84 88 -108
v 84 88 466
s 84 89 -13
v 84 89 -51
s 84 90 144
v 84 90 73
s 84 91 -127
v 84 91 -57
s 84 92 28
v 84 92 -164
s 84 93 29
v 84 93 -831
s 84 94 163
v 84 94 104
s 84 95 -40
v 84 95 161
s 84 96 -12
v 84 96 -192
s 84 97 56
v 84 97 161
s 84 98 -62
v 84 98 423
s 84 99 -78
v 84 99 -211
s 84 100 62
v 84 100 -340
s 84 101 8
v 84 101 122
s 84 102 108
v 84 102 -147
s 84 103 41
v 84 103 229
s 84 104 93
v 84 104 -314
s 84 105 -34
v 84 105 -201
s 84 106 -65
v 84 106 139
s 84 107 -132
v 84 107 -26
s 84 108 -46
v 84 108 -346
s 84 109 -225
v 84 109 -159
s 84 110 -109
v 84 110 -107
s 84 111 24
v 84 111 -312
s 84 112 -12
v 84 112 -111
s 84 113 -92
v 84 113 -58
s 84 114 132
v 84 114 18
s 84 119 -26
v 84 119 87
s 84 120 47
v 84 120 386
s 84 121 21
v 84 121 33
s 84 123 49
v 84 123 -222
s 84 126 148
v 84 126 187
s 84 128 -53
v 84 128 -81
s 84 129 32
v 84 129 626
s 84 131 25
v 84 131 14
s 84 135 162
v 84 135 -72
s 84 136 26
v 84 136 -410
s 84 137 -53
v 84 137 -128
s 84 138 24
v 84 138 -71
s 84 145 -13
v 84 145 345
s 84 155 -27
v 84 155 -157
s 85 86 -112
v 85 86 -340
s 85 87 15
v 85 87 505
s 85 88 -257
v 85 88 156
s 85 89 52
v 85 89 -256
s 85 90 88
v 85 90 -133
s 85 91 11
v 85 91 163
s 85 92 33
v 85 92 174
s 85 93 -218
v 85 93 -290
s 85 94 -60
v 85 94 -639
s 85 95 83
v 85 95 -299
s 85 96 153
v 85 96 596
s 85 97 255
v 85 97 -796
s 85 98 -94
v 85 98 -347
s 85 99 27
v 85 99 144
s 85 100 -227
s 85 101 -216
v 85 101 237
s 85 102 -20
v 85 102 272
s 85 103 13
v 85 103 -61
s 85 104 -50
v 85 104 53
s 85 105 -75
v 85 105 117
s 85 106 -339
v 85 106 -545
s 85 107 -71
v 85 107 449
s 85 108 -51
v 85 108 -139
s 85 109 -258
v 85 109 182
s 85 110 -106
v 85 110 641
s 85 111 24
v 85 111 334
s 85 112 -157
v 85 112 146
s 85 113 252
v 85 113 424
s 85 114 -22
v 85 114 -451
s 85 119 -155
v 85 119 46
s 85 120 23
v 85 120 -704
s 85 121 -13
v 85 121 130
s 85 123 40
v 85 123 59
s 85 126 427
v 85 126 -124
s 85 128 -142
v 85 128 449
s 85 129 72
v 85 129 380
s 85 131 39
v 85 131 -75
s 85 135 -90
v 85 135 255
s 85 136 44
v 85 136 -747
s 85 137 255
v 85 137 -285
s 85 138 -95
v 85 138 83
s 85 145 -329
v 85 145 -96
s 85 155 -86
v 85 155 395
s 86 87 -143
v 86 87 117
s 86 88 -195
v 86 88 285
s 86 89 -11
v 86 89 -202
s 86 90 -102
v 86 90 -332
s 86 91 -82
v 86 91 -113
v 86 92 272
s 86 93 185
v 86 93 -222
s 86 94 72
v 86 94 437
s 86 95 -56
v 86 95 297
s 86 96 155
v 86 96 -111
s 86 97 195
v 86 97 851
s 86 98 347
v 86 98 544
s 86 99 -84
v 86 99 250
s 86 100 20
v 86 100 -1208
s 86 101 -67
v 86 101 243
s 86 102 -132
v 86 102 296
s 86 103 19
v 86 103 -220
s 86 104 -165
v 86 104 -833
s 86 105 -212
v 86 105 218
s 86 106 54
v 86 106 -276
s 86 107 -27
v 86 107 -524
s 86 108 84
v 86 108 1944
s 86 109 144
v 86 109 -55
s 86 110 -76
v 86 110 -740
s 86 111 -83
v 86 111 214
s 86 112 162
v 86 112 -386
s 86 113 120
v 86 113 117
s 86 114 8
v 86 114 -358
s 86 119 189
v 86 119 -327
s 86 120 49
v 86 120 -398
s 86 121 173
v 86 121 -34
s 86 123 -8
v 86 123 -243
s 86 126 -57
v 86 126 32
s 86 128 -183
v 86 128 -92
s 86 129 307
v 86 129 303
s 86 131 -127
v 86 131 636
s 86 135 38
v 86 135 -426
s 86 136 36
v 86 136 -163
s 86 137 -90
v 86 137 -499
s 86 138 89
v 86 138 324
s 86 145 -53
v 86 145 -719
s 86 155 -17
v 86 155 -372
s 87 88 -138
v 87 88 82
s 87 89 -42
v 87 89 -112
s 87 90 115
v 87 90 150
s 87 91 -11
v 87 91 94
s 87 92 111
v 87 92 79
s 87 93 12
v 87 93 1169
s 87 94 97
v 87 94 110
s 87 95 -123
v 87 95 -84
s 87 96 139
v 87 96 -366
s 87 97 -127
v 87 97 231
s 87 98 73
v 87 98 73
s 87 99 54
v 87 99 -34
s 87 100 29
v 87 100 -68
s 87 101 -117
v 87 101 161
s 87 102 -28
v 87 102 -118
s 87 103 -101
v 87 103 243
s 87 104 -259
v 87 104 -383
s 87 105 -47
v 87 105 503
s 87 106 -93
v 87 106 245
s 87 107 10
v 87 107 -301
s 87 108 -29
v 87 108 -180
s 87 109 235
v 87 109 30
s 87 110 -52
v 87 110 276
s 87 111 -15
v 87 111 -281
s 87 112 -116
v 87 112 -458
s 87 113 35
v 87 113 193
s 87 114 179
v 87 114 124
s 87 119 -71
v 87 119 -739
s 87 120 100
v 87 120 19
s 87 121 -141
v 87 121 -219
s 87 123 -196
v 87 123 55
s 87 126 -33
v 87 126 156
s 87 128 52
v 87 128 -44
s 87 129 -106
v 87 129 479
s 87 131 54
v 87 131 256
s 87 135 -118
v 87 135 259
s 87 136 61
v 87 136 -435
s 87 137 33
v 87 137 24
s 87 138 22
v 87 138 -285
v 87 145 -26
s 87 155 -92
v 87 155 64
s 88 89 -49
v 88 89 45
s 88 90 -14
v 88 90 339
s 88 91 -157
v 88 91 311
s 88 92 -52
v 88 92 33
s 88 93 -110
v 88 93 -220
v 88 94 357
s 88 95 43
v 88 95 -17
s 88 96 33
v 88 96 152
s 88 97 64
v 88 97 -294
s 88 98 75
v 88 98 259
s 88 99 47
v 88 99 242
s 88 100 -71
v 88 100 -245
s 88 101 -82
v 88 101 -109
s 88 102 -62
v 88 102 155
s 88 103 38
v 88 103 -11
s 88 104 -7
v 88 104 -619
s 88 105 31
v 88 105 413
s 88 106 127
v 88 106 -326
s 88 107 68
v 88 107 -373
v 88 108 26
s 88 109 112
v 88 109 612
s 88 110 -6
v 88 110 93
s 88 111 34
v 88 111 350
s 88 112 -64
s 88 113 -49
v 88 113 33
s 88 114 107
v 88 114 82
s 88 119 -47
v 88 119 111
s 88 120 -43
v 88 120 -606
s 88 121 -84
v 88 121 53
s 88 123 18
v 88 123 -226
s 88 126 80
v 88 126 219
s 88 128 37
v 88 128 177
s 88 129 -87
v 88 129 305
s 88 131 102
v 88 131 -292
s 88 135 175
v 88 135 1064
s 88 136 220
v 88 136 -184
s 88 137 65
v 88 137 292
s 88 138 82
v 88 138 204
s 88 145 39
v 88 145 -136
s 88 155 -81
v 88 155 -146
s 89 90 16
v 89 90 35
s 89 91 -19
v 89 91 -84
s 89 92 17
v 89 92 -35
s 89 93 45
v 89 93 72
v 89 94 51
v 89 95 70
s 89 96 7
v 89 96 -179
s 89 97 -54
v 89 97 242
s 89 98 43
v 89 98 -114
v 89 99 123
s 89 100 8
v 89 100 243
s 89 101 26
v 89 101 51
s 89 102 -7
v 89 102 -60
v 89 103 -9
v 89 104 -249
s 89 105 27
v 89 105 -76
s 89 106 -110
v 89 106 71
s 89 107 -23
v 89 107 -43
s 89 108 13
v 89 108 54
s 89 109 9
v 89 109 -61
s 89 110 27
v 89 110 -153
s 89 111 -7
v 89 111 -22
s 89 112 54
v 89 112 12
s 89 113 7
v 89 113 184
s 89 114 25
v 89 114 24
s 89 119 55
v 89 119 229
s 89 120 10
v 89 120 121
s 89 121 -22
v 89 121 -221
s 89 123 29
v 89 123 -96
s 89 126 -15
s 89 128 35
v 89 128 -192
v 89 129 22
s 89 131 17
v 89 131 -40
s 89 135 -32
v 89 135 -253
s 89 136 5
v 89 136 53
v 89 137 199
v 89 138 -53
s 89 145 12
v 89 145 -32
v 89 155 -35
s 90 91 -7
v 90 91 262
v 90 92 17
s 90 93 98
v 90 93 73
s 90 94 -27
v 90 94 -130
s 90 95 -44
v 90 95 238
s 90 96 24
v 90 96 110
s 90 97 35
v 90 97 15
s 90 98 163
s 90 99 39
v 90 99 112
s 90 100 105
v 90 100 18
s 90 101 56
v 90 101 -380
s 90 102 -42
v 90 102 -14
s 90 103 -14
v 90 103 -13
v 90 104 -456
s 90 105 -144
v 90 105 144
s 90 106 48
v 90 106 -306
s 90 107 57
v 90 107 116
s 90 108 51
v 90 108 -273
s 90 109 -74
v 90 109 36
s 90 110 14
v 90 110 363
v 90 111 109
s 90 112 137
v 90 112 367
s 90 113 -65
v 90 113 -29
s 90 114 -10
v 90 114 -93
s 90 119 -35
v 90 119 -154
s 90 120 17
v 90 120 303
s 90 121 22
v 90 121 245
s 90 123 43
v 90 123 133
s 90 126 44
v 90 126 -182
s 90 128 -31
v 90 128 -458
s 90 129 -58
v 90 129 25
s 90 131 -18
v 90 131 -171
s 90 135 -67
v 90 135 431
s 90 136 150
s 90 137 -85
v 90 137 -153
s 90 138 -58
v 90 138 268
s 90 145 59
v 90 145 330
s 90 155 99
v 90 155 133
s 91 92 50
v 91 92 -147
s 91 93 176
v 91 93 -229
s 91 94 -62
v 91 94 88
s 91 95 29
v 91 95 -198
s 91 96 -54
v 91 96 498
s 91 97 14
v 91 97 -33
s 91 98 -52
v 91 98 223
s 91 99 -26
v 91 99 -76
s 91 100 -6
v 91 100 107
s 91 101 -14
v 91 101 -45
s 91 102 -11
v 91 102 -75
s 91 103 18
v 91 103 66
s 91 104 24
v 91 104 228
s 91 105 50
v 91 105 225
s 91 106 21
v 91 106 -110
s 91 107 -33
v 91 107 159
s 91 108 62
v 91 108 -216
s 91 109 -43
v 91 109 -106
s 91 110 45
v 91 110 136
s 91 111 81
s 91 112 -36
v 91 112 82
s 91 113 46
v 91 113 195
s 91 114 43
v 91 114 -145
s 91 119 127
v 91 119 63
s 91 120 89
v 91 120 -124
s 91 121 -34
v 91 121 87
s 91 123 131
v 91 123 79
s 91 126 49
v 91 126 -14
s 91 128 -11
v 91 128 -89
s 91 129 -91
v 91 129 -242
s 91 131 -112
v 91 131 -98
s 91 135 30
v 91 135 -474
s 91 136 127
v 91 136 -261
s 91 137 91
v 91 137 -155
s 91 138 70
v 91 138 179
s 91 145 34
v 91 145 -154
s 91 155 -72
v 91 155 155
s 92 93 -50
v 92 93 193
s 92 94 32
v 92 94 83
s 92 95 -34
v 92 95 -126
s 92 96 16
v 92 96 103
s 92 97 -37
v 92 97 170
s 92 98 12
v 92 98 75
s 92 99 -14
v 92 99 -85
s 92 100 -23
v 92 100 -160
s 92 101 87
v 92 101 -219
s 92 102 -22
s 92 103 -40
v 92 103 -44
s 92 104 13
v 92 104 -252
s 92 105 -20
v 92 105 -226
s 92 106 53
v 92 106 56
s 92 107 42
v 92 107 126
s 92 108 5
v 92 108 -55
s 92 109 -12
v 92 109 -102
s 92 110 15
v 92 110 -20
s 92 111 -26
v 92 111 61
s 92 112 58
v 92 112 -149
s 92 113 -29
v 92 113 272
s 92 114 65
v 92 114 -231
s 92 119 -7
v 92 119 -326
s 92 120 -7
v 92 120 -133
s 92 121 -66
v 92 121 42
s 92 123 79
v 92 123 -311
s 92 126 -36
v 92 126 120
s 92 128 25
v 92 128 27
s 92 129 -17
v 92 129 -191
s 92 131 30
v 92 131 -270
s 92 135 -9
v 92 135 -303
s 92 136 -35
v 92 136 -177
s 92 137 -8
v 92 137 57
s 92 145 -45
s 92 155 -20
s 93 94 34
v 93 94 504
v 93 95 50
s 93 96 -124
v 93 96 309
s 93 97 132
v 93 97 -241
s 93 98 -206
v 93 98 -272
s 93 99 109
v 93 99 1105
s 93 100 -278
v 93 100 78
s 93 101 57
v 93 101 -226
s 93 102 55
v 93 102 438
s 93 103 78
v 93 103 -274
s 93 104 35
v 93 104 -310
s 93 105 9
v 93 105 -1628
s 93 106 62
v 93 106 1665
s 93 107 137
v 93 107 357
s 93 108 120
v 93 108 589
s 93 109 -7
v 93 109 379
s 93 110 -176
v 93 110 -198
s 93 111 -99
v 93 111 -302
s 93 112 191
v 93 112 416
s 93 113 -88
v 93 113 251
v 93 114 506
s 93 119 100
v 93 119 129
s 93 120 -156
v 93 120 -198
s 93 121 159
v 93 121 -1471
s 93 123 156
v 93 123 -85
s 93 126 105
v 93 126 322
s 93 128 -77
v 93 128 -714
s 93 129 -90
v 93 129 -352
s 93 131 -95
v 93 131 -55
s 93 135 236
v 93 135 -292
s 93 136 -124
v 93 136 -437
s 93 137 -239
v 93 137 -116
s 93 138 131
v 93 138 -429
s 93 145 240
v 93 145 277
s 93 155 -28
v 93 155 -174
s 94 95 -34
v 94 95 -86
s 94 96 27
v 94 96 -141
s 94 97 9
v 94 97 99
v 94 98 84
s 94 99 24
v 94 99 -104
s 94 100 -71
v 94 100 -81
s 94 101 62
v 94 101 495
s 94 102 -31
v 94 102 -66
v 94 103 -31
s 94 104 -44
v 94 104 -134
s 94 105 87
v 94 105 -187
s 94 106 -12
v 94 106 -41
s 94 107 50
v 94 107 97
s 94 108 -12
v 94 108 -210
v 94 109 -385
s 94 110 10
v 94 110 51
s 94 111 5
v 94 111 49
s 94 112 -156
v 94 112 -39
s 94 113 -40
v 94 113 -210
s 94 114 -17
v 94 114 -149
s 94 119 12
v 94 119 48
s 94 120 -22
v 94 120 -145
s 94 121 39
v 94 121 -89
s 94 123 64
v 94 123 -198
s 94 126 51
v 94 126 -88
s 94 128 47
v 94 128 193
s 94 129 33
v 94 129 -173
s 94 131 -28
v 94 131 -87
s 94 135 -127
v 94 135 -7
s 94 136 20
v 94 136 -169
s 94 137 -82
v 94 137 49
v 94 138 6
s 94 145 16
v 94 145 -54
s 94 155 -18
v 94 155 30
s 95 96 79
v 95 96 -158
s 95 97 96
v 95 97 -219
s 95 98 29
v 95 98 16
s 95 99 31
v 95 99 7
v 95 100 -158
s 95 101 111
v 95 101 -143
s 95 102 6
v 95 102 -163
v 95 103 61
s 95 104 -6
v 95 104 241
s 95 105 -11
v 95 105 -60
s 95 106 27
v 95 106 192
s 95 107 -15
v 95 107 173
s 95 108 23
v 95 108 170
s 95 109 -27
v 95 109 -268
v 95 110 -91
s 95 111 25
v 95 111 -108
s 95 112 -56
v 95 112 74
s 95 113 78
v 95 113 -48
s 95 114 -21
v 95 114 102
s 95 119 21
v 95 119 17
s 95 120 38
v 95 120 183
s 95 121 -65
v 95 121 148
s 95 123 -34
v 95 123 -489
s 95 126 86
v 95 126 52
s 95 128 63
v 95 128 453
s 95 129 97
v 95 129 -199
s 95 131 8
v 95 131 -17
s 95 135 -160
v 95 135 -189
s 95 136 52
v 95 136 236
s 95 137 30
v 95 137 118
s 95 138 -14
v 95 138 -128
s 95 145 -21
v 95 145 55
s 95 155 -64
v 95 155 -120
s 96 97 32
v 96 97 -235
s 96 98 -18
v 96 98 -189
v 96 99 -298
s 96 100 -164
v 96 100 56
s 96 101 -19
v 96 101 -8
s 96 102 6
v 96 102 -177
s 96 103 30
v 96 103 61
s 96 104 -57
v 96 104 648
s 96 105 41
v 96 105 508
s 96 106 123
v 96 106 -45
s 96 107 19
v 96 107 -164
s 96 108 -53
v 96 108 -458
s 96 109 -86
v 96 109 -112
s 96 110 -153
s 96 111 -24
v 96 111 -145
s 96 112 -5
v 96 112 -67
s 96 113 18
v 96 113 -33
v 96 114 -102
s 96 119 -25
v 96 119 -266
s 96 120 -28
v 96 120 -35
s 96 121 30
v 96 121 -120
s 96 123 115
v 96 123 -338
v 96 126 35
s 96 128 -226
v 96 128 -118
s 96 129 45
v 96 129 57
s 96 131 6
v 96 131 -196
v 96 135 289
s 96 136 -93
v 96 136 -172
s 96 137 -49
v 96 137 110
s 96 138 38
v 96 138 59
s 96 145 38
v 96 145 41
s 96 155 -6
v 96 155 32
s 97 98 -6
v 97 98 -90
s 97 99 61
v 97 99 -24
s 97 100 39
v 97 100 374
s 97 101 126
v 97 101 297
s 97 102 -87
v 97 102 346
s 97 103 -16
v 97 103 -283
s 97 104 -92
v 97 104 -5
s 97 105 258
v 97 105 -58
s 97 106 6
v 97 106 -734
s 97 107 -112
v 97 107 52
s 97 108 -99
v 97 108 -99
s 97 109 87
v 97 109 338
s 97 110 155
v 97 110 265
s 97 111 -139
v 97 111 522
s 97 112 -194
v 97 112 -309
s 97 113 -228
v 97 113 347
s 97 114 23
v 97 114 -143
s 97 119 62
v 97 119 -615
s 97 120 10
v 97 120 -84
s 97 121 184
v 97 121 -111
s 97 123 -295
v 97 123 633
s 97 126 -43
v 97 126 -72
s 97 128 -26
v 97 128 254
s 97 129 -13
v 97 129 -455
s 97 131 33
v 97 131 282
s 97 135 127
v 97 135 41
s 97 136 94
v 97 136 197
s 97 137 -34
v 97 137 -81
s 97 138 79
v 97 138 -8
s 97 145 -28
v 97 145 -414
s 97 155 114
v 97 155 -99
s 98 99 39
v 98 99 63
s 98 100 59
v 98 100 197
s 98 101 31
v 98 101 -221
s 98 102 -120
v 98 102 -171
s 98 103 19
v 98 103 88
s 98 104 -100
v 98 104 -131
s 98 105 -26
v 98 105 -136
s 98 106 53
v 98 106 176
s 98 107 44
v 98 107 102
s 98 108 -32
v 98 108 -126
s 98 109 129
v 98 109 249
v 98 110 -35
s 98 111 76
v 98 111 91
s 98 112 55
v 98 112 645
s 98 113 27
v 98 113 -154
s 98 114 -62
v 98 114 130
s 98 119 114
v 98 119 183
s 98 120 35
v 98 120 369
s 98 121 -131
v 98 121 -272
s 98 123 -164
v 98 123 811
s 98 126 -76
v 98 126 233
s 98 128 -50
v 98 128 -138
v 98 129 9
s 98 131 -59
v 98 131 -87
s 98 135 -27
v 98 135 465
s 98 136 -71
v 98 136 373
v 98 137 -151
s 98 138 -43
v 98 138 196
s 98 145 26
v 98 145 15
s 98 155 -18
v 98 155 15
s 99 100 10
v 99 100 -158
s 99 101 -11
v 99 101 434
s 99 102 26
v 99 102 -187
v 99 103 -51
s 99 104 42
v 99 104 -133
s 99 105 -64
v 99 105 75
s 99 106 19
v 99 106 -106
s 99 107 59
v 99 107 -249
s 99 108 9
v 99 108 -140
s 99 109 -92
v 99 109 11
s 99 110 82
v 99 110 -58
s 99 111 7
v 99 111 -130
s 99 112 110
v 99 112 235
s 99 113 -9
v 99 113 43
s 99 114 6
v 99 114 72
s 99 119 -58
v 99 119 -162
s 99 120 42
v 99 120 172
s 99 121 147
v 99 121 118
s 99 123 -36
v 99 123 -588
s 99 126 23
v 99 126 -89
s 99 128 36
v 99 128 -244
s 99 129 -7
v 99 129 -244
s 99 131 -67
v 99 131 -123
s 99 135 -50
v 99 135 148
s 99 136 34
v 99 136 -225
v 99 137 -96
s 99 138 -71
v 99 138 -183
s 99 145 32
v 99 145 376
s 99 155 21
v 99 155 43
s 100 101 -18
v 100 101 58
s 100 102 34
v 100 102 37
s 100 103 -9
v 100 103 41
s 100 104 -8
v 100 104 1246
s 100 105 115
v 100 105 214
s 100 106 27
v 100 106 -80
s 100 107 -160
v 100 107 169
s 100 108 132
v 100 108 -354
s 100 109 299
v 100 109 -409
s 100 110 37
v 100 110 -382
s 100 111 22
v 100 111 123
s 100 112 35
v 100 112 -370
s 100 113 12
v 100 113 615
s 100 114 -140
v 100 114 -474
s 100 119 -171
v 100 119 -96
s 100 120 -21
v 100 120 -19
s 100 121 -78
v 100 121 342
s 100 123 -58
v 100 123 -274
s 100 126 -109
v 100 126 408
s 100 128 -47
v 100 128 -281
s 100 129 7
v 100 129 278
s 100 131 -5
v 100 131 51
s 100 135 259
v 100 135 249
v 100 136 -31
s 100 137 -36
v 100 137 203
v 100 138 -306
s 100 145 -106
v 100 145 -192
s 100 155 64
v 100 155 -489
v 101 102 20
s 101 103 -24
v 101 103 71
s 101 104 318
v 101 104 -366
s 101 105 -54
v 101 105 -144
v 101 106 404
s 101 107 21
v 101 107 267
s 101 108 -21
v 101 108 377
s 101 109 -135
v 101 109 95
s 101 110 86
v 101 110 211
s 101 111 -9
v 101 111 -391
s 101 112 81
v 101 112 216
s 101 113 -123
v 101 113 228
s 101 114 35
v 101 114 -112
s 101 119 -153
v 101 119 54
s 101 120 6
v 101 120 288
s 101 121 -148
v 101 121 -190
s 101 123 51
v 101 123 16
s 101 126 23
v 101 126 161
s 101 128 90
v 101 128 -178
s 101 129 -132
v 101 129 216
s 101 131 -50
v 101 131 -212
s 101 135 29
s 101 136 -84
v 101 136 -167
s 101 137 163
v 101 137 155
s 101 138 56
v 101 138 342
s 101 145 -18
v 101 145 -14
s 101 155 56
v 101 155 -89
s 102 103 -19
v 102 103 80
s 102 104 82
v 102 104 -388
s 102 105 50
v 102 105 -318
s 102 106 -7
v 102 106 207
s 102 107 35
v 102 107 11
s 102 108 -30
v 102 108 -125
s 102 109 32
v 102 109 -33
s 102 110 46
v 102 110 29
s 102 111 -82
v 102 111 57
s 102 112 -6
v 102 112 62
s 102 113 -25
v 102 113 -30
s 102 114 6
v 102 114 -107
s 102 119 -109
v 102 119 162
s 102 120 -81
v 102 120 -28
s 102 121 30
v 102 121 113
s 102 123 16
v 102 123 99
s 102 126 -16
v 102 126 23
s 102 128 -43
v 102 128 -231
s 102 129 17
v 102 129 253
s 102 131 -44
v 102 131 519
s 102 135 7
v 102 135 -233
s 102 136 -62
v 102 136 76
s 102 137 46
v 102 137 -236
s 102 138 -42
v 102 138 121
s 102 145 -15
v 102 145 191
s 102 155 -16
v 102 155 18
s 103 104 31
v 103 104 -287
s 103 105 5
v 103 105 -54
s 103 106 -34
v 103 106 -27
s 103 107 -11
v 103 107 -46
v 103 108 27
v 103 109 -142
s 103 110 6
v 103 110 36
v 103 111 -16
s 103 112 -36
v 103 112 -103
s 103 113 -15
v 103 113 53
s 103 114 -16
v 103 114 -7
v 103 119 -172
s 103 120 17
v 103 120 -42
s 103 121 -19
v 103 121 41
s 103 123 37
v 103 123 36
s 103 126 28
v 103 126 60
s 103 128 -48
v 103 128 -24
s 103 129 -17
v 103 129 107
s 103 131 49
v 103 131 64
s 103 135 -13
v 103 135 401
s 103 136 -9
v 103 136 -63
s 103 137 16
v 103 137 -41
s 103 138 21
v 103 138 -25
v 103 145 40
s 103 155 14
v 103 155 15
s 104 105 -60
v 104 105 -373
s 104 106 53
v 104 106 541
s 104 107 78
v 104 107 611
s 104 108 67
v 104 108 392
s 104 109 -87
v 104 109 222
s 104 110 244
v 104 110 441
s 104 111 -61
v 104 111 -498
s 104 112 -132
v 104 112 -1213
s 104 113 203
v 104 113 98
s 104 114 -98
v 104 114 -507
s 104 119 -46
v 104 119 527
s 104 120 -48
v 104 120 225
s 104 121 -204
v 104 121 -220
v 104 123 144
s 104 126 -215
v 104 126 -355
v 104 128 61
s 104 129 -80
v 104 129 267
s 104 131 -72
v 104 131 -580
s 104 135 -110
v 104 135 -1098
v 104 136 9
s 104 137 -9
v 104 137 33
s 104 138 -36
v 104 138 60
s 104 145 90
v 104 145 223
s 104 155 25
v 104 155 130
s 105 106 222
v 105 106 543
s 105 107 -80
v 105 107 114
s 105 108 -183
v 105 108 -204
s 105 109 -26
v 105 109 306
s 105 110 -97
v 105 110 -174
s 105 111 75
v 105 111 40
s 105 112 -37
v 105 112 238
v 105 113 329
s 105 114 -22
v 105 114 313
s 105 119 -36
v 105 119 543
s 105 120 74
v 105 120 46
s 105 121 -101
v 105 121 -837
s 105 123 87
v 105 123 51
s 105 126 202
v 105 126 425
s 105 128 -91
v 105 128 -190
s 105 129 -186
v 105 129 116
s 105 131 18
v 105 131 431
s 105 135 -138
v 105 135 302
s 105 136 -46
v 105 136 862
s 105 137 81
v 105 137 -508
s 105 138 -40
s 105 145 -89
v 105 145 33
s 105 155 70
v 105 155 74
s 106 107 -100
v 106 107 155
s 106 108 -14
v 106 108 -79
s 106 109 199
v 106 109 186
s 106 110 -160
v 106 110 -124
s 106 111 -104
v 106 111 -1375
s 106 112 58
v 106 112 -309
s 106 113 30
v 106 113 -298
s 106 114 -40
v 106 114 -824
s 106 119 -227
v 106 119 -354
s 106 120 -67
v 106 120 -157
s 106 121 -68
v 106 121 -322
s 106 123 127
v 106 123 391
s 106 126 49
v 106 126 758
s 106 128 262
v 106 128 273
s 106 129 -138
v 106 129 294
s 106 131 19
v 106 131 377
s 106 135 -18
v 106 135 152
s 106 136 -156
v 106 136 262
s 106 137 -8
v 106 137 -58
s 106 138 73
v 106 138 -180
v 106 145 165
s 106 155 152
v 106 155 76
s 107 108 -38
v 107 108 -35
s 107 109 90
v 107 109 43
s 107 110 -131
v 107 110 213
s 107 111 -22
v 107 111 -225
s 107 112 21
v 107 112 -238
s 107 113 -45
v 107 113 17
s 107 114 -77
v 107 114 41
s 107 119 153
v 107 119 73
s 107 120 -97
v 107 120 -85
s 107 121 115
v 107 121 23
s 107 123 -114
v 107 123 495
v 107 126 290
s 107 128 74
v 107 128 -347
s 107 129 -43
v 107 129 385
s 107 131 68
v 107 131 174
s 107 135 -149
v 107 135 42
s 107 136 -193
v 107 136 45
s 107 137 151
v 107 137 -240
v 107 138 92
s 107 145 52
v 107 145 82
s 107 155 41
v 107 155 -87
s 108 109 -129
v 108 109 301
s 108 110 -34
v 108 110 -185
s 108 111 81
v 108 111 -130
s 108 112 -26
v 108 112 -74
s 108 113 -38
v 108 113 149
s 108 114 169
v 108 114 -159
s 108 119 -56
v 108 119 14
s 108 120 23
v 108 120 25
s 108 121 -146
v 108 121 -92
s 108 123 -19
v 108 123 146
s 108 126 -74
v 108 126 340
s 108 128 -59
v 108 128 215
s 108 129 20
v 108 129 164
v 108 131 -101
s 108 135 -63
v 108 135 266
s 108 136 98
v 108 136 -105
s 108 137 43
v 108 137 198
s 108 138 28
s 108 145 -78
v 108 145 -102
s 108 155 -22
v 108 155 178
s 109 110 179
v 109 110 -596
s 109 111 174
v 109 111 37
s 109 112 145
v 109 112 -390
s 109 113 22
v 109 113 -74
s 109 114 39
v 109 114 774
s 109 119 -19
v 109 119 -182
s 109 120 136
v 109 120 151
s 109 121 -71
v 109 121 -510
s 109 123 -26
v 109 123 -304
s 109 126 106
v 109 126 264
s 109 128 -38
v 109 128 -348
s 109 129 -32
v 109 129 72
s 109 131 129
v 109 131 -155
s 109 135 16
v 109 135 547
v 109 136 -127
s 109 137 78
v 109 137 -166
v 109 138 -72
s 109 145 -17
v 109 145 302
s 109 155 -31
v 109 155 174
s 110 111 47
v 110 111 -425
s 110 112 61
v 110 112 292
s 110 113 48
v 110 113 134
s 110 114 72
v 110 114 269
s 110 119 -60
v 110 119 57
s 110 120 -25
v 110 120 -38
s 110 121 -48
v 110 121 -57
s 110 123 -195
v 110 123 -73
s 110 126 -30
v 110 126 -400
s 110 128 -148
v 110 128 -777
s 110 129 56
v 110 129 303
s 110 131 -188
v 110 131 -662
s 110 135 19
v 110 135 715
s 110 136 11
v 110 136 -380
s 110 137 -38
v 110 137 -65
s 110 138 18
v 110 138 -18
s 110 145 -104
v 110 145 233
v 110 155 189
s 111 112 -92
v 111 112 -412
s 111 113 148
v 111 113 74
s 111 114 -60
v 111 114 -26
s 111 119 36
v 111 119 385
s 111 120 -52
v 111 120 -559
s 111 121 108
v 111 121 -508
s 111 123 86
v 111 123 52
s 111 126 -20
v 111 126 268
s 111 128 -81
v 111 128 99
s 111 129 -47
v 111 129 -89
s 111 131 -118
v 111 131 99
s 111 135 -5
v 111 135 -579
v 111 136 -311
s 111 137 115
v 111 137 436
s 111 138 5
v 111 138 112
s 111 145 190
v 111 145 -179
s 111 155 26
v 111 155 -106
s 112 113 -103
v 112 113 236
s 112 114 159
v 112 114 -442
s 112 119 116
v 112 119 -204
s 112 120 -76
v 112 120 174
s 112 121 66
v 112 121 268
s 112 123 -137
v 112 123 -751
s 112 126 -23
v 112 126 -474
s 112 128 -141
v 112 128 195
s 112 129 17
v 112 129 284
s 112 131 126
v 112 131 -36
s 112 135 -61
v 112 135 530
s 112 136 141
v 112 136 1039
s 112 137 -53
v 112 137 -250
s 112 138 -187
v 112 138 135
s 112 145 -116
v 112 145 -279
s 112 155 49
v 112 155 299
s 113 114 35
v 113 114 -166
s 113 119 79
v 113 119 -227
s 113 120 15
v 113 120 -101
s 113 121 58
v 113 121 240
s 113 123 -35
v 113 123 220
s 113 126 -44
v 113 126 -283
v 113 128 -157
s 113 129 -32
v 113 129 -294
s 113 131 -22
v 113 131 -21
s 113 135 28
v 113 135 65
s 113 136 -95
v 113 136 -24
s 113 137 -49
v 113 137 151
s 113 138 -29
v 113 138 42
s 113 145 -17
v 113 145 54
s 113 155 -13
v 113 155 -20
s 114 119 -55
v 114 119 -366
s 114 120 139
v 114 120 123
s 114 121 24
v 114 121 -158
s 114 123 182
v 114 123 -191
s 114 126 38
v 114 126 158
s 114 128 -15
v 114 128 -506
s 114 129 -90
v 114 129 146
s 114 131 -90
v 114 131 -170
s 114 135 18
v 114 135 67
s 114 136 -167
v 114 136 492
s 114 137 -52
v 114 137 67
s 114 138 11
v 114 138 -11
v 114 145 55
s 114 155 16
v 114 155 -186
s 119 120 -55
v 119 120 -63
s 119 121 -102
v 119 121 37
s 119 123 -69
v 119 123 -207
s 119 126 -36
v 119 126 -216
s 119 128 93
v 119 128 -228
s 119 129 -70
v 119 129 136
v 119 131 -310
s 119 135 143
v 119 135 366
s 119 136 222
v 119 136 382
s 119 137 86
v 119 137 -48
s 119 138 102
v 119 138 -179
s 119 145 116
v 119 145 -80
s 119 155 32
v 119 155 -352
s 120 121 96
v 120 121 -158
v 120 123 15
s 120 126 -38
v 120 126 181
s 120 128 65
v 120 128 216
s 120 129 -41
v 120 129 -31
s 120 131 -47
v 120 131 99
s 120 135 -107
v 120 135 192
s 120 136 -67
s 120 137 -101
v 120 137 -405
s 120 138 93
v 120 138 -162
s 120 145 -27
v 120 145 284
s 120 155 61
v 120 155 -176
s 121 123 163
v 121 123 -456
s 121 126 39
v 121 126 610
s 121 128 71
v 121 128 -396
s 121 129 -56
v 121 129 -170
s 121 131 84
v 121 131 -636
s 121 135 62
v 121 135 -541
s 121 136 30
v 121 136 61
s 121 137 112
v 121 137 569
s 121 138 -33
v 121 138 -112
s 121 145 36
v 121 145 25
s 121 155 81
v 121 155 -156
s 123 126 78
v 123 126 -329
s 123 128 60
v 123 128 -140
s 123 129 -173
v 123 129 -890
s 123 131 -103
v 123 131 -109
s 123 135 -225
v 123 135 -36
s 123 136 49
v 123 136 -213
s 123 137 5
v 123 137 -228
s 123 138 34
v 123 138 -79
s 123 145 62
v 123 145 18
s 123 155 92
v 123 155 -161
s 126 128 19
v 126 128 328
v 126 129 324
s 126 131 58
v 126 131 51
s 126 135 -40
v 126 135 -482
s 126 136 -154
v 126 136 -13
s 126 137 91
v 126 137 230
s 126 138 20
v 126 138 -40
s 126 145 -54
v 126 145 19
s 126 155 -8
v 126 155 -31
s 128 129 79
v 128 129 -41
s 128 131 -73
v 128 131 -63
s 128 135 -40
v 128 135 397
s 128 136 113
v 128 136 -386
s 128 137 -88
v 128 137 -326
s 128 138 28
v 128 138 156
s 128 145 -31
v 128 145 104
s 128 155 -50
v 128 155 105
s 129 131 6
v 129 131 -169
s 129 135 5
v 129 135 398
v 129 136 -118
s 129 137 84
v 129 137 186
s 129 138 -46
v 129 138 39
s 129 145 -15
v 129 145 426
s 129 155 -32
v 129 155 -97
s 131 135 -44
v 131 135 407
s 131 136 102
v 131 136 29
s 131 137 -15
v 131 137 -148
s 131 138 106
v 131 138 126
s 131 145 80
v 131 145 -385
s 131 155 -58
v 131 155 103
s 135 136 34
v 135 136 22
s 135 137 42
v 135 137 -327
s 135 138 -108
v 135 138 -183
s 135 145 -125
v 135 145 -548
v 135 155 -136
s 136 137 -18
v 136 137 -200
s 136 138 65
v 136 138 287
s 136 145 -10
v 136 145 -223
s 136 155 26
v 136 155 -287
s 137 138 23
v 137 138 161
s 137 145 102
v 137 145 -171
s 137 155 26
v 137 155 -36
s 138 145 -27
v 138 145 102
s 138 155 65
v 138 155 91
s 145 155 33
v 145 155 157
