n 200000
q 0.67260 0.6093
c 1271
b 1 377
b 2 70
b 3 889
b 4 671
b 5 767
b 6 -2046
b 7 669
b 8 1246
b 9 308
b 10 -308
b 11 -3676
b 12 1589
b 13 -834
b 14 307
b 15 25
b 16 -564
b 17 -985
b 18 944
b 19 -2615
b 20 776
b 21 -332
b 22 -281
b 23 262
b 25 -1266
b 26 -145
b 27 1054
b 28 -352
b 29 -631
b 30 725
b 31 958
b 32 1140
b 33 1929
b 34 -205
b 35 -948
b 36 -127
b 37 -613
b 38 -222
b 39 -1353
b 40 -110
b 41 -142
b 42 1533
b 43 -919
b 44 27
b 45 1224
b 46 -1342
b 47 -315
b 48 445
b 49 1400
b 50 1230
b 51 -341
b 52 1133
b 53 -2410
b 54 628
b 55 318
b 56 441
b 57 1226
b 58 -383
b 59 -1576
b 60 1115
b 61 235
b 62 2294
b 63 -1127
b 64 -691
b 65 -633
b 66 -148
b 67 602
b 68 256
b 69 -410
b 70 194
b 71 1589
b 72 -838
b 73 -1205
b 74 270
b 75 121
b 76 1439
b 77 684
b 78 1426
b 79 -1402
b 80 -240
b 81 696
b 82 2146
b 83 -1712
b 84 49
b 85 59
b 86 343
b 87 778
b 88 1810
b 89 704
b 90 806
b 91 544
b 92 2436
b 93 248
b 94 -281
b 95 1076
b 96 -357
b 97 145
b 98 -1305
b 99 -1026
b 100 389
b 101 -338
b 102 984
b 103 1546
b 104 1219
b 105 961
b 106 45
b 107 586
b 108 -882
b 109 -2136
b 110 1516
b 111 458
b 112 975
b 113 1615
b 114 -1208
b 119 446
b 120 -1404
b 121 995
b 123 -671
b 126 -285
b 128 49
b 129 -401
b 131 147
b 135 1238
b 136 -570
b 137 -727
b 138 -865
b 145 -2048
b 155 357
s 1 2 204
v 1 2 -1784
s 1 3 187
v 1 3 299
s 1 4 -59
v 1 4 138
s 1 5 -224
v 1 5 -524
s 1 6 -6
v 1 6 -281
s 1 7 207
v 1 7 -713
s 1 8 -83
v 1 8 152
s 1 9 102
v 1 9 -532
s 1 10 -57
v 1 10 356
s 1 11 89
v 1 11 -613
s 1 12 -26
v 1 12 820
s 1 13 90
v 1 13 -213
s 1 14 -406
v 1 14 260
s 1 15 82
v 1 15 518
s 1 16 -57
v 1 16 65
s 1 17 -80
v 1 17 267
s 1 18 -114
v 1 18 -651
s 1 19 -171
v 1 19 32
s 1 20 100
v 1 20 -362
s 1 21 -185
v 1 21 423
s 1 22 -139
v 1 22 153
s 1 23 16
v 1 23 -308
s 1 25 -153
v 1 25 552
s 1 26 -207
v 1 26 -721
s 1 27 24
v 1 27 28
s 1 28 33
v 1 28 -246
s 1 29 180
v 1 29 722
s 1 30 40
v 1 30 258
s 1 31 139
v 1 31 9
s 1 32 -21
v 1 32 208
s 1 33 86
v 1 33 -134
s 1 34 -94
v 1 34 992
s 1 35 71
v 1 35 -632
s 1 36 -339
v 1 36 938
s 1 37 104
v 1 37 -130
s 1 38 11
v 1 38 16
s 1 39 28
v 1 39 -58
s 1 40 123
v 1 40 485
v 1 41 121
s 1 42 57
v 1 42 608
s 1 43 19
v 1 43 366
s 1 44 -21
v 1 44 -951
s 1 45 84
v 1 45 472
s 1 46 -67
v 1 46 -675
v 1 47 -262
s 1 48 -27
v 1 48 -622
v 1 49 456
s 1 50 219
v 1 50 -118
s 1 51 50
v 1 51 192
s 1 52 -42
v 1 52 423
s 1 53 127
v 1 53 366
s 1 54 -99
v 1 54 489
v 1 55 -35
s 1 56 -63
v 1 56 79
s 1 57 19
v 1 57 -116
v 1 58 -393
s 1 59 -51
v 1 59 -1070
s 1 60 -152
v 1 60 -819
s 1 61 113
v 1 61 58
s 1 62 89
v 1 62 336
s 1 63 20
v 1 63 32
s 1 64 -43
v 1 64 -301
s 1 65 -90
v 1 65 111
s 1 66 -49
v 1 66 -106
s 1 67 -31
v 1 67 453
s 1 68 -40
v 1 68 197
s 1 69 155
v 1 69 -467
s 1 70 30
v 1 70 -794
s 1 71 -255
v 1 71 -563
s 1 72 41
v 1 72 524
s 1 73 92
v 1 73 53
s 1 74 174
v 1 74 246
s 1 75 -54
v 1 75 40
s 1 76 -93
v 1 76 751
s 1 77 49
v 1 77 58
s 1 78 -76
v 1 78 858
v 1 79 -23
s 1 80 122
v 1 80 -194
v 1 81 51
s 1 82 -20
v 1 82 -252
s 1 83 111
v 1 83 63
s 1 84 -107
v 1 84 1117
s 1 85 120
v 1 85 257
s 1 86 85
v 1 86 344
s 1 87 -217
v 1 87 -589
s 1 88 95
v 1 88 -497
s 1 89 -11
v 1 89 323
s 1 90 39
v 1 90 312
s 1 91 78
v 1 91 32
s 1 92 -90
v 1 92 30
s 1 93 -100
v 1 93 -240
v 1 94 340
s 1 95 -18
v 1 95 -542
s 1 96 -21
v 1 96 -483
v 1 97 -1212
s 1 98 -129
v 1 98 70
s 1 99 20
v 1 99 780
s 1 100 -228
v 1 100 -254
s 1 101 -177
v 1 101 416
s 1 102 135
v 1 102 288
s 1 103 23
v 1 103 -138
s 1 104 -55
v 1 104 -857
v 1 105 -393
v 1 106 93
s 1 107 12
v 1 107 -225
s 1 108 173
s 1 109 -21
v 1 109 516
s 1 110 -83
v 1 110 -341
s 1 111 173
v 1 111 39
s 1 112 109
v 1 112 502
s 1 113 68
v 1 113 213
s 1 114 71
v 1 114 -764
s 1 119 73
v 1 119 692
s 1 120 104
v 1 120 181
s 1 121 90
v 1 121 496
s 1 123 124
v 1 123 -184
s 1 126 -168
v 1 126 211
s 1 128 -21
v 1 128 -469
s 1 129 141
v 1 129 140
s 1 131 -15
v 1 131 360
s 1 135 149
v 1 135 -94
s 1 136 -35
v 1 136 -64
s 1 137 13
v 1 137 -47
s 1 138 -71
v 1 138 287
s 1 145 -80
v 1 145 -350
s 1 155 -36
v 1 155 284
s 2 3 -47
v 2 3 -70
s 2 4 -38
v 2 4 -95
s 2 5 56
v 2 5 -66
s 2 6 -208
v 2 6 -76
v 2 7 70
s 2 8 84
v 2 8 911
s 2 9 173
v 2 9 124
s 2 10 147
v 2 10 691
s 2 11 -36
v 2 11 -32
s 2 12 156
v 2 12 1346
s 2 13 -160
v 2 13 212
s 2 14 -342
v 2 14 -459
s 2 15 -12
v 2 15 -199
v 2 16 50
s 2 17 -209
v 2 17 161
s 2 18 50
v 2 18 -653
s 2 19 -17
v 2 19 -450
s 2 20 -24
v 2 20 -686
s 2 21 -77
v 2 21 869
s 2 22 214
v 2 22 -659
s 2 23 61
v 2 23 -235
s 2 25 -208
v 2 25 660
s 2 26 -386
v 2 26 316
s 2 27 -129
v 2 27 195
s 2 28 -7
v 2 28 -471
s 2 29 -125
v 2 29 -316
s 2 30 -75
v 2 30 -409
s 2 31 -98
v 2 31 42
s 2 32 -50
v 2 32 -444
s 2 33 -18
v 2 33 -203
s 2 34 163
v 2 34 114
s 2 35 -49
v 2 35 886
s 2 36 -84
v 2 36 -999
s 2 37 32
v 2 37 584
s 2 38 130
v 2 38 -44
s 2 39 -139
v 2 39 -482
s 2 40 56
v 2 40 -640
s 2 41 -223
s 2 42 -54
v 2 42 -163
s 2 43 -16
v 2 43 -80
s 2 44 -59
v 2 44 1143
s 2 45 36
v 2 45 -24
s 2 46 155
v 2 46 -179
s 2 47 -51
v 2 47 -73
s 2 48 -70
v 2 48 175
s 2 49 -192
v 2 49 -931
s 2 50 121
v 2 50 377
s 2 51 -35
v 2 51 -34
s 2 52 14
v 2 52 -106
s 2 53 -20
v 2 53 92
s 2 54 411
v 2 54 -1053
s 2 55 -85
v 2 55 9
s 2 56 101
v 2 56 8
s 2 57 150
v 2 57 171
s 2 58 63
v 2 58 -52
s 2 59 152
v 2 59 212
s 2 60 -19
v 2 60 -685
s 2 61 -62
v 2 61 234
s 2 62 65
v 2 62 -383
s 2 63 -35
v 2 63 236
s 2 64 264
v 2 64 9
s 2 65 -32
v 2 65 -197
s 2 66 -8
v 2 66 -103
s 2 67 179
v 2 67 -1248
s 2 68 235
v 2 68 60
s 2 69 -91
v 2 69 80
s 2 70 -140
v 2 70 -71
s 2 71 -323
v 2 71 379
s 2 72 126
v 2 72 426
s 2 73 -85
v 2 73 -64
s 2 74 24
v 2 74 -348
s 2 75 424
v 2 75 143
s 2 76 -158
v 2 76 -511
s 2 77 -31
v 2 77 144
s 2 78 -39
v 2 78 -153
s 2 79 -9
v 2 79 -531
s 2 80 50
v 2 80 -444
s 2 81 -115
v 2 81 437
s 2 82 7
v 2 82 131
s 2 83 -7
v 2 83 -24
s 2 84 159
v 2 84 -337
s 2 85 307
v 2 85 -360
s 2 86 -37
v 2 86 758
s 2 87 22
v 2 87 416
s 2 88 104
v 2 88 -95
s 2 89 38
v 2 89 185
s 2 90 -53
v 2 90 -142
s 2 91 157
v 2 91 201
s 2 92 36
v 2 92 153
s 2 93 -206
v 2 93 -70
s 2 94 51
v 2 94 160
s 2 95 45
v 2 95 -256
v 2 96 -742
s 2 97 -312
v 2 97 110
s 2 98 -14
v 2 98 -458
s 2 99 -25
v 2 99 341
s 2 100 -41
v 2 100 -207
s 2 101 69
v 2 101 -356
s 2 102 83
v 2 102 -292
s 2 103 -35
v 2 103 64
s 2 104 -289
v 2 104 -43
s 2 105 -210
v 2 105 -112
s 2 106 28
v 2 106 -158
s 2 107 121
v 2 107 -543
s 2 108 -71
v 2 108 436
s 2 109 86
v 2 109 957
s 2 110 180
v 2 110 -338
s 2 111 71
v 2 111 -123
s 2 112 31
v 2 112 225
s 2 113 84
v 2 113 -170
s 2 114 56
v 2 114 462
s 2 119 -142
v 2 119 597
s 2 120 -169
v 2 120 -12
s 2 121 27
v 2 121 -9
s 2 123 8
v 2 123 202
s 2 126 -91
v 2 126 528
s 2 128 -29
v 2 128 17
s 2 129 31
v 2 129 -367
s 2 131 149
v 2 131 -222
s 2 135 -52
v 2 135 -360
s 2 136 23
v 2 136 1145
s 2 137 -18
v 2 137 -122
s 2 138 168
v 2 138 575
s 2 145 72
v 2 145 -161
s 2 155 -17
v 2 155 187
s 3 4 -15
v 3 4 -66
s 3 5 130
v 3 5 84
s 3 6 -131
v 3 6 -204
s 3 7 -76
v 3 7 217
s 3 8 -118
v 3 8 -267
s 3 9 -93
v 3 9 99
s 3 10 -76
v 3 10 70
s 3 11 10
v 3 11 -273
s 3 12 32
v 3 12 -326
s 3 13 19
v 3 13 73
s 3 14 -61
v 3 14 -130
s 3 15 50
v 3 15 39
s 3 16 51
v 3 16 61
s 3 17 46
v 3 17 151
s 3 18 44
v 3 18 -138
s 3 19 -15
v 3 19 -169
s 3 20 -23
v 3 20 109
s 3 21 -96
v 3 21 154
s 3 22 -7
v 3 22 193
s 3 23 -39
v 3 23 224
s 3 25 -105
v 3 25 -89
s 3 26 46
v 3 26 -155
s 3 27 -66
v 3 27 11
s 3 28 -11
v 3 28 258
s 3 29 65
v 3 29 -381
s 3 30 7
v 3 30 -28
v 3 31 -22
s 3 32 -14
v 3 32 -265
s 3 33 103
v 3 33 100
s 3 34 -15
v 3 34 129
s 3 35 137
v 3 35 26
s 3 36 -14
v 3 36 -231
s 3 37 36
v 3 37 -171
s 3 38 -11
v 3 38 -102
s 3 39 83
v 3 39 51
s 3 40 -31
v 3 40 369
s 3 41 -39
v 3 41 390
s 3 42 -15
v 3 42 161
v 3 43 240
s 3 44 33
v 3 44 236
s 3 46 25
v 3 46 -77
s 3 47 23
v 3 47 158
s 3 48 -86
v 3 48 341
s 3 49 7
v 3 49 -171
s 3 50 37
v 3 50 -175
s 3 51 90
v 3 51 87
s 3 52 31
v 3 52 -23
s 3 53 -68
v 3 53 -362
s 3 54 -58
v 3 54 426
s 3 55 58
v 3 55 35
s 3 56 -22
v 3 56 221
s 3 57 -32
v 3 57 -144
s 3 58 -29
v 3 58 -136
s 3 59 11
v 3 59 74
s 3 60 -11
v 3 60 -50
s 3 61 -36
v 3 61 -117
s 3 62 56
v 3 62 174
v 3 63 -41
s 3 64 5
v 3 64 406
s 3 65 -42
v 3 65 103
s 3 66 -5
v 3 66 6
s 3 67 8
s 3 68 -49
v 3 68 336
s 3 69 -10
v 3 69 119
s 3 70 65
v 3 70 -122
s 3 71 -74
v 3 71 -609
s 3 72 44
v 3 72 115
s 3 73 -20
v 3 73 54
v 3 74 18
v 3 75 -117
s 3 76 -5
v 3 76 128
s 3 77 11
v 3 77 -204
s 3 78 60
v 3 78 -236
s 3 79 -28
v 3 79 75
s 3 80 18
v 3 80 45
s 3 81 -26
v 3 81 -226
s 3 82 57
v 3 82 -54
s 3 83 -86
v 3 83 13
s 3 84 52
v 3 84 14
s 3 85 11
v 3 85 -300
s 3 86 -174
v 3 86 -518
s 3 87 -60
v 3 87 20
s 3 88 -43
v 3 88 -301
s 3 89 37
v 3 89 -37
s 3 90 -25
v 3 90 137
s 3 91 60
v 3 91 -14
s 3 92 42
v 3 92 -342
s 3 93 111
v 3 93 -454
s 3 94 62
v 3 94 93
s 3 95 -35
v 3 95 -66
s 3 96 -20
v 3 96 181
v 3 97 265
s 3 98 -70
v 3 98 345
s 3 99 20
v 3 99 -30
s 3 100 40
v 3 100 -96
s 3 101 51
v 3 101 -60
s 3 102 -31
v 3 102 5
v 3 103 103
s 3 104 -45
v 3 104 78
s 3 105 37
v 3 105 189
s 3 106 72
v 3 106 43
s 3 107 6
v 3 107 51
s 3 108 45
v 3 108 -342
s 3 109 8
v 3 109 -148
s 3 110 -70
v 3 110 301
s 3 111 20
v 3 111 149
s 3 112 -92
v 3 112 -172
s 3 113 -18
v 3 113 48
s 3 114 79
v 3 114 41
s 3 119 39
v 3 119 -59
s 3 120 -23
v 3 120 -127
s 3 121 44
v 3 121 177
s 3 123 -11
v 3 123 -6
s 3 126 -13
v 3 126 372
s 3 128 37
v 3 128 -61
s 3 129 12
v 3 129 74
s 3 131 -21
v 3 131 -6
s 3 135 20
v 3 135 -54
s 3 136 83
v 3 136 174
v 3 137 124
s 3 138 -112
v 3 138 46
s 3 145 14
v 3 145 -25
s 3 155 -29
v 3 155 -52
s 4 5 178
v 4 5 113
s 4 6 121
v 4 6 -182
s 4 7 96
v 4 7 45
v 4 8 -323
s 4 9 -57
v 4 9 -144
s 4 10 -13
v 4 10 106
s 4 11 -23
v 4 11 92
s 4 12 22
v 4 12 -215
s 4 13 -23
v 4 13 226
s 4 14 -13
v 4 14 -10
s 4 15 -65
v 4 15 11
v 4 16 88
s 4 17 -79
v 4 17 -254
s 4 18 -10
v 4 18 242
s 4 19 16
v 4 19 -85
s 4 20 31
v 4 20 23
s 4 21 -67
v 4 21 -238
s 4 22 44
v 4 22 55
s 4 23 43
v 4 23 117
s 4 25 -93
v 4 25 81
s 4 26 -38
v 4 26 269
s 4 27 59
v 4 27 187
v 4 28 -90
s 4 29 -88
v 4 29 176
s 4 30 -29
v 4 30 -422
v 4 31 285
s 4 32 32
v 4 32 60
s 4 33 -6
v 4 33 -82
s 4 34 114
v 4 34 -336
v 4 35 181
s 4 36 -101
v 4 36 -220
s 4 37 -42
v 4 37 -89
s 4 38 6
v 4 38 -49
s 4 39 -56
v 4 39 172
s 4 40 27
v 4 40 52
s 4 41 -28
v 4 41 -191
s 4 42 29
v 4 42 -52
s 4 43 9
v 4 43 -93
s 4 44 -58
v 4 44 61
v 4 45 -254
s 4 46 -33
v 4 46 -170
s 4 47 41
v 4 47 -126
s 4 48 -65
v 4 48 -120
s 4 49 30
v 4 49 769
s 4 50 16
v 4 50 8
s 4 51 -38
v 4 51 -51
s 4 52 6
v 4 52 109
s 4 53 -48
v 4 53 -302
s 4 54 47
v 4 54 112
s 4 55 -19
v 4 55 -74
s 4 56 -35
v 4 56 -245
s 4 57 67
v 4 57 -74
v 4 58 -35
s 4 59 13
v 4 59 79
s 4 60 27
v 4 60 273
s 4 61 23
v 4 61 -7
s 4 62 -56
v 4 62 112
s 4 63 23
v 4 63 45
s 4 64 52
v 4 64 70
s 4 65 -19
v 4 65 65
s 4 66 6
v 4 66 -18
s 4 67 21
v 4 67 396
s 4 68 8
v 4 68 -58
s 4 69 -29
v 4 69 -99
s 4 70 23
v 4 70 181
s 4 71 174
v 4 71 -281
s 4 72 -84
v 4 72 55
v 4 73 -19
s 4 74 27
v 4 74 -377
s 4 75 -82
v 4 75 188
s 4 76 30
v 4 76 331
v 4 77 -37
s 4 78 18
v 4 78 -65
s 4 79 66
v 4 79 43
s 4 80 25
v 4 80 33
s 4 81 -56
v 4 81 -87
s 4 82 -30
v 4 82 67
s 4 83 -25
v 4 83 -22
v 4 84 -111
s 4 85 -24
v 4 85 -140
s 4 86 -111
v 4 86 -113
s 4 87 -62
v 4 87 360
s 4 88 -101
v 4 88 -337
v 4 89 15
s 4 90 -32
v 4 90 66
v 4 91 -64
s 4 92 -18
v 4 92 -43
s 4 93 48
v 4 93 27
s 4 94 11
v 4 94 -117
s 4 95 32
v 4 95 54
s 4 96 30
v 4 96 -46
s 4 97 25
v 4 97 -55
s 4 98 -42
v 4 98 183
s 4 99 -38
v 4 99 -21
s 4 100 51
v 4 100 230
s 4 101 54
v 4 101 36
v 4 102 152
s 4 103 19
v 4 103 -43
s 4 104 127
v 4 104 -344
s 4 105 12
v 4 105 -325
s 4 106 74
v 4 106 -66
s 4 107 -62
v 4 107 -8
s 4 108 40
v 4 108 96
s 4 109 47
v 4 109 254
s 4 110 17
v 4 110 181
s 4 111 -50
v 4 111 -30
s 4 112 -38
v 4 112 -132
v 4 113 -28
s 4 114 9
v 4 114 -181
v 4 119 -111
s 4 120 -26
v 4 120 441
s 4 121 -31
v 4 121 75
s 4 123 -40
v 4 123 -344
s 4 126 44
v 4 126 -155
s 4 128 21
v 4 128 132
s 4 129 137
v 4 129 -113
s 4 131 77
v 4 131 245
s 4 135 -87
v 4 135 23
s 4 136 -6
v 4 136 22
s 4 137 -18
v 4 137 286
s 4 138 -9
v 4 138 -40
s 4 145 -16
v 4 145 70
s 4 155 -31
v 4 155 37
s 5 6 193
v 5 6 -127
s 5 7 -23
v 5 7 -429
s 5 8 185
v 5 8 -898
s 5 9 -20
v 5 9 -508
s 5 10 -39
v 5 10 -156
s 5 11 127
v 5 11 -278
s 5 12 -106
v 5 12 1070
s 5 13 -18
v 5 13 -117
s 5 14 72
v 5 14 -1013
s 5 15 105
v 5 15 -101
s 5 16 -118
v 5 16 -69
s 5 17 -64
v 5 17 664
s 5 18 -169
v 5 18 175
s 5 19 -160
v 5 19 -115
s 5 20 -149
v 5 20 194
s 5 21 72
v 5 21 67
s 5 22 -340
v 5 22 -141
s 5 23 105
v 5 23 38
s 5 25 -136
v 5 25 -185
s 5 26 -286
v 5 26 -156
s 5 27 -197
v 5 27 26
s 5 28 -130
v 5 28 100
s 5 29 -48
v 5 29 -224
s 5 30 139
v 5 30 -31
s 5 31 9
v 5 31 62
s 5 32 230
v 5 32 -299
v 5 33 -400
s 5 34 -48
v 5 34 -430
s 5 35 77
v 5 35 27
s 5 36 -52
v 5 36 608
s 5 37 94
v 5 37 105
s 5 38 68
v 5 38 213
s 5 39 -94
v 5 39 13
s 5 40 -146
v 5 40 217
s 5 41 21
v 5 41 129
s 5 42 244
v 5 42 -6
s 5 43 92
v 5 43 -118
s 5 44 -80
v 5 44 122
s 5 45 48
v 5 45 21
s 5 46 39
v 5 46 413
s 5 47 -24
v 5 47 223
s 5 48 -123
v 5 48 -91
s 5 49 -105
v 5 49 333
s 5 50 -115
v 5 50 182
s 5 51 86
v 5 51 134
s 5 52 -7
v 5 52 -85
s 5 53 -201
v 5 53 -621
s 5 54 119
v 5 54 -354
s 5 55 144
v 5 55 291
s 5 56 45
v 5 56 -62
s 5 57 -90
v 5 57 117
s 5 58 79
v 5 58 181
s 5 59 -29
v 5 59 -73
s 5 60 -43
v 5 60 -327
s 5 61 11
v 5 61 61
s 5 62 -53
v 5 62 125
s 5 63 94
v 5 63 84
v 5 64 -400
s 5 65 27
v 5 65 -227
v 5 66 134
s 5 67 92
v 5 67 457
s 5 68 -27
v 5 68 166
s 5 69 296
v 5 69 284
s 5 70 93
v 5 70 -525
s 5 71 -139
v 5 71 -132
s 5 72 39
v 5 72 -300
s 5 73 7
v 5 73 -301
s 5 74 -17
v 5 74 -160
s 5 75 259
v 5 75 -212
s 5 76 105
v 5 76 30
s 5 77 15
s 5 78 -50
v 5 78 -206
s 5 79 16
v 5 79 -158
s 5 80 171
v 5 80 -12
s 5 81 -32
v 5 81 306
s 5 82 -38
v 5 82 427
s 5 83 -134
v 5 83 146
s 5 84 -23
v 5 84 -72
s 5 85 46
v 5 85 278
s 5 86 127
v 5 86 -398
s 5 87 -125
v 5 87 -165
s 5 88 -33
v 5 88 -542
s 5 89 -36
v 5 89 27
s 5 90 -25
v 5 90 -238
s 5 91 -33
v 5 91 463
v 5 92 -6
s 5 93 127
v 5 93 197
s 5 94 16
v 5 94 235
s 5 95 46
v 5 95 344
s 5 96 -317
v 5 96 165
s 5 97 112
v 5 97 -79
s 5 98 85
v 5 98 215
s 5 99 -81
v 5 99 -445
s 5 100 104
v 5 100 -39
s 5 101 -142
v 5 101 68
s 5 102 102
v 5 102 16
s 5 103 -66
v 5 103 31
s 5 104 120
v 5 104 -390
s 5 105 42
v 5 105 154
s 5 106 48
v 5 106 457
s 5 107 23
v 5 107 -274
s 5 108 -160
v 5 108 -10
s 5 109 8
v 5 109 220
s 5 110 -60
v 5 110 -136
s 5 111 -112
v 5 111 275
s 5 112 -19
v 5 112 316
s 5 113 -90
v 5 113 54
s 5 114 -38
v 5 114 9
s 5 119 38
s 5 120 -13
v 5 120 -92
s 5 121 -58
v 5 121 -648
s 5 123 -13
v 5 123 880
s 5 126 144
v 5 126 396
s 5 128 81
v 5 128 443
s 5 129 -13
v 5 129 641
s 5 131 37
v 5 131 -340
s 5 135 384
v 5 135 -270
s 5 136 26
v 5 136 -111
s 5 137 -180
v 5 137 137
s 5 138 -27
v 5 138 39
s 5 145 -40
v 5 145 -152
s 5 155 -119
v 5 155 75
s 6 7 -17
v 6 7 -30
s 6 8 -51
v 6 8 207
s 6 9 314
v 6 9 34
s 6 10 -38
v 6 10 -118
s 6 11 9
v 6 11 149
s 6 12 40
v 6 12 -558
s 6 13 -46
v 6 13 -200
s 6 14 508
v 6 14 -890
v 6 15 -48
s 6 16 -7
v 6 16 -24
s 6 17 247
v 6 17 -748
s 6 18 51
v 6 18 -400
s 6 19 -173
v 6 19 -226
s 6 20 323
v 6 20 -68
s 6 21 -226
v 6 21 171
s 6 22 -134
v 6 22 -538
s 6 23 -83
v 6 23 -43
s 6 25 -371
v 6 25 101
s 6 26 -419
v 6 26 28
s 6 27 -21
v 6 27 266
v 6 28 208
s 6 29 178
v 6 29 -575
s 6 30 -78
v 6 30 120
s 6 31 -87
v 6 31 -370
s 6 32 -35
v 6 32 237
s 6 33 -16
v 6 33 -76
s 6 34 100
v 6 34 110
s 6 35 6
v 6 35 -436
s 6 36 250
v 6 36 965
s 6 37 42
v 6 37 -188
s 6 38 130
v 6 38 359
s 6 39 -128
v 6 39 193
s 6 40 85
v 6 40 -5
s 6 41 -17
v 6 41 -483
s 6 42 371
v 6 42 -104
s 6 43 -101
v 6 43 110
s 6 44 -19
v 6 44 746
s 6 45 40
v 6 45 488
v 6 46 465
s 6 47 -162
v 6 47 595
s 6 48 -16
v 6 48 483
s 6 49 -33
v 6 49 -543
s 6 50 172
v 6 50 412
s 6 51 56
v 6 51 -238
s 6 52 -13
v 6 52 -65
s 6 53 66
v 6 53 13
s 6 54 -21
v 6 54 201
s 6 55 35
v 6 55 -1202
s 6 56 49
v 6 56 137
s 6 57 273
v 6 57 -53
s 6 58 -31
v 6 58 291
s 6 59 18
v 6 59 404
s 6 60 -48
v 6 60 -494
s 6 61 -68
v 6 61 -37
s 6 62 -90
v 6 62 32
s 6 63 139
v 6 63 280
s 6 64 -97
s 6 65 9
v 6 65 90
s 6 66 -10
v 6 66 -111
s 6 67 6
v 6 67 -794
s 6 68 -82
v 6 68 -66
s 6 69 59
v 6 69 715
s 6 70 -60
v 6 70 163
s 6 71 115
v 6 71 397
s 6 72 180
v 6 72 156
s 6 73 151
s 6 74 -9
v 6 74 -322
s 6 75 29
v 6 75 -147
s 6 76 -17
v 6 76 -832
s 6 77 98
v 6 77 41
s 6 78 62
v 6 78 -367
s 6 79 73
v 6 79 -405
s 6 80 7
v 6 80 98
s 6 81 -95
v 6 81 25
s 6 82 13
v 6 82 209
s 6 83 206
v 6 83 129
s 6 84 -57
v 6 84 -291
s 6 85 -34
v 6 85 -745
s 6 86 -277
v 6 86 297
s 6 87 -328
v 6 87 344
s 6 88 -115
v 6 88 70
s 6 89 -42
v 6 89 279
s 6 90 -32
v 6 90 42
s 6 91 98
v 6 91 139
s 6 92 -75
v 6 92 417
s 6 93 48
v 6 93 974
s 6 94 19
v 6 94 -152
s 6 95 -9
v 6 95 201
s 6 96 -45
v 6 96 -422
s 6 97 -205
v 6 97 -517
s 6 98 -126
v 6 98 170
s 6 99 94
v 6 99 -17
s 6 100 -195
v 6 100 373
s 6 101 -37
v 6 101 42
s 6 102 90
v 6 102 65
s 6 103 -107
v 6 103 24
s 6 104 -93
v 6 104 666
s 6 105 36
v 6 105 177
s 6 106 93
v 6 106 39
s 6 107 -94
v 6 107 -793
v 6 108 -254
s 6 109 -26
v 6 109 630
s 6 110 -137
v 6 110 36
s 6 111 241
v 6 111 314
s 6 112 -9
v 6 112 -55
s 6 113 -46
v 6 113 -565
s 6 114 67
v 6 114 138
s 6 119 -134
v 6 119 -153
s 6 120 8
v 6 120 408
s 6 121 -26
v 6 121 88
s 6 123 -256
v 6 123 42
s 6 126 -25
v 6 126 26
s 6 128 -97
v 6 128 471
s 6 129 -23
v 6 129 -645
s 6 131 -254
v 6 131 -39
s 6 135 101
v 6 135 148
s 6 136 86
v 6 136 -194
s 6 137 90
v 6 137 -1025
s 6 138 51
v 6 138 195
s 6 145 210
v 6 145 162
v 6 155 -105
s 7 8 193
v 7 8 -153
s 7 9 90
v 7 9 8
s 7 10 114
v 7 10 90
s 7 11 -107
v 7 11 155
s 7 12 -29
v 7 12 818
v 7 13 429
s 7 14 -120
v 7 14 385
s 7 15 244
s 7 16 -180
v 7 16 39
s 7 17 -21
v 7 17 481
s 7 18 -118
v 7 18 61
s 7 19 56
v 7 19 -691
s 7 20 -74
v 7 20 243
s 7 21 27
v 7 21 -155
s 7 22 -91
v 7 22 -636
s 7 23 75
v 7 23 -83
s 7 25 -133
v 7 25 -57
s 7 26 -31
v 7 26 -58
s 7 27 -75
v 7 27 137
v 7 28 -95
s 7 29 -181
v 7 29 -257
v 7 30 271
s 7 31 -78
v 7 31 -332
s 7 32 89
v 7 32 508
s 7 33 -72
v 7 33 347
s 7 34 -124
v 7 34 105
s 7 35 -132
v 7 35 -583
s 7 36 148
v 7 36 73
s 7 37 -169
v 7 37 7
s 7 38 25
v 7 38 608
s 7 39 -91
v 7 39 -115
s 7 40 -26
v 7 40 -67
s 7 41 -32
v 7 41 -88
s 7 42 107
v 7 42 76
s 7 43 -38
v 7 43 -469
s 7 44 141
v 7 44 -219
s 7 45 92
v 7 45 101
s 7 46 12
v 7 46 -507
s 7 47 12
v 7 47 -662
s 7 48 -33
v 7 48 53
s 7 49 66
v 7 49 -242
s 7 50 90
v 7 50 -238
s 7 51 138
v 7 51 42
s 7 52 35
v 7 52 -201
s 7 53 51
v 7 53 -496
s 7 54 -129
v 7 54 -851
s 7 55 116
v 7 55 694
s 7 56 48
v 7 56 -529
s 7 57 64
v 7 57 -164
s 7 58 -20
v 7 58 -57
s 7 59 -233
v 7 59 -382
s 7 60 73
v 7 60 -368
s 7 61 75
v 7 61 657
s 7 62 77
v 7 62 322
s 7 63 -64
v 7 63 -315
s 7 64 -209
v 7 64 -237
s 7 65 40
v 7 65 -7
s 7 66 7
v 7 66 265
s 7 67 73
v 7 67 -482
s 7 68 -89
v 7 68 41
s 7 69 -32
v 7 69 -118
s 7 70 44
v 7 70 -310
s 7 71 50
v 7 71 153
v 7 72 48
v 7 73 92
s 7 74 -56
v 7 75 -320
s 7 76 292
v 7 76 299
s 7 77 51
v 7 77 244
s 7 78 32
v 7 78 172
v 7 79 47
s 7 80 70
v 7 80 130
v 7 81 -224
s 7 82 8
v 7 82 416
s 7 83 7
v 7 83 -331
s 7 84 61
v 7 84 -15
s 7 85 207
v 7 85 -193
s 7 86 -51
v 7 86 -146
s 7 87 63
v 7 87 -572
s 7 88 84
v 7 88 355
s 7 89 39
v 7 89 156
s 7 90 -228
v 7 90 71
s 7 91 -159
v 7 91 128
s 7 92 -61
v 7 92 122
s 7 93 47
v 7 93 497
s 7 94 41
v 7 94 132
s 7 95 140
v 7 95 358
s 7 96 -33
v 7 96 -110
s 7 97 -354
v 7 97 486
s 7 98 47
v 7 98 -128
s 7 99 103
v 7 99 314
s 7 100 128
v 7 100 807
s 7 101 34
v 7 101 -702
s 7 102 12
v 7 102 277
v 7 103 -18
s 7 104 -60
v 7 104 312
s 7 105 -8
v 7 105 147
s 7 106 -7
v 7 106 -383
s 7 107 -110
v 7 107 -110
s 7 108 -99
v 7 108 203
s 7 109 -70
v 7 109 518
s 7 110 128
s 7 111 163
v 7 111 234
s 7 112 -168
v 7 112 -721
s 7 113 44
v 7 113 127
s 7 114 77
v 7 114 -203
s 7 119 -109
v 7 119 476
s 7 120 -140
v 7 120 66
s 7 121 -134
v 7 121 188
s 7 123 117
v 7 123 -876
s 7 126 -90
v 7 126 -56
s 7 128 27
v 7 128 127
s 7 129 -129
v 7 129 -27
s 7 131 55
v 7 131 -164
s 7 135 109
v 7 135 -559
s 7 136 68
v 7 136 722
s 7 137 -78
v 7 137 625
s 7 138 -87
v 7 138 -609
s 7 145 28
v 7 145 -173
s 7 155 36
v 7 155 -7
s 8 9 55
v 8 9 -435
s 8 10 -74
v 8 10 -205
s 8 11 9
v 8 11 387
v 8 12 -335
s 8 13 79
v 8 13 225
s 8 14 -128
v 8 14 -68
s 8 15 13
v 8 15 171
s 8 16 170
v 8 16 137
s 8 17 14
v 8 17 21
s 8 18 -53
v 8 18 298
s 8 19 -24
v 8 19 61
s 8 20 -36
v 8 20 276
s 8 21 -299
v 8 21 71
s 8 22 184
v 8 22 -83
s 8 23 -36
v 8 23 470
s 8 25 186
v 8 25 -239
s 8 26 193
v 8 26 -402
s 8 27 -6
v 8 27 -1027
s 8 28 -129
v 8 28 668
s 8 29 114
v 8 29 1112
s 8 30 76
v 8 30 -326
s 8 31 370
v 8 31 33
s 8 32 115
v 8 32 -711
s 8 33 -120
v 8 33 -42
s 8 34 -128
v 8 34 516
s 8 35 -58
v 8 35 740
s 8 36 -272
v 8 36 -98
s 8 37 -67
v 8 37 -294
s 8 38 58
v 8 38 -285
s 8 39 295
v 8 39 236
s 8 40 52
v 8 40 690
s 8 41 -78
v 8 41 -283
s 8 42 -227
v 8 42 -150
s 8 43 227
v 8 43 -463
s 8 44 -116
v 8 44 267
s 8 45 -10
v 8 45 -105
s 8 46 -106
v 8 46 -694
s 8 47 401
v 8 47 293
v 8 48 262
s 8 49 -84
v 8 49 231
s 8 50 -285
v 8 50 -52
s 8 51 74
v 8 51 14
s 8 52 -113
v 8 52 19
s 8 53 -423
v 8 53 268
s 8 54 -62
v 8 54 -226
s 8 55 87
v 8 55 -179
s 8 56 -44
v 8 56 -613
s 8 57 -122
v 8 57 -191
s 8 58 115
v 8 58 -6
s 8 59 -143
v 8 59 -430
s 8 60 -74
v 8 60 -944
s 8 61 -58
v 8 61 -72
s 8 62 -175
v 8 62 124
v 8 63 -105
s 8 64 67
v 8 64 476
s 8 65 29
v 8 65 -69
s 8 66 -30
s 8 67 -43
v 8 67 79
s 8 68 -83
v 8 68 -94
s 8 69 -44
v 8 69 -123
s 8 70 -57
v 8 70 -332
s 8 71 -88
v 8 71 -514
s 8 72 158
v 8 72 128
s 8 73 120
v 8 73 -354
s 8 74 271
v 8 74 620
s 8 75 -11
v 8 75 -91
s 8 76 159
v 8 76 -549
s 8 77 -99
v 8 77 199
v 8 78 476
s 8 79 -80
v 8 79 211
s 8 80 -34
v 8 80 -708
s 8 81 -68
v 8 81 -108
s 8 82 -21
v 8 82 171
s 8 83 15
v 8 83 -185
s 8 84 -103
v 8 84 206
s 8 85 91
v 8 85 -171
s 8 86 251
v 8 86 -8
s 8 87 63
v 8 87 249
s 8 88 277
v 8 88 231
s 8 89 -11
v 8 89 99
s 8 90 8
v 8 90 -180
s 8 91 -12
v 8 91 -90
s 8 92 -62
v 8 92 -407
s 8 93 -161
v 8 93 -124
s 8 94 -37
v 8 94 -128
s 8 95 -28
v 8 95 -227
s 8 96 -10
v 8 96 255
s 8 97 653
v 8 97 617
s 8 98 176
v 8 98 315
s 8 99 -149
v 8 99 227
s 8 100 64
v 8 100 -288
s 8 101 -62
v 8 101 -163
s 8 102 -39
v 8 102 -446
v 8 103 124
s 8 104 -104
v 8 104 -589
s 8 105 162
v 8 105 1144
s 8 106 75
v 8 106 -99
s 8 107 155
v 8 107 136
s 8 108 -178
v 8 108 341
s 8 109 18
v 8 109 -85
s 8 110 -67
v 8 110 561
s 8 111 -19
v 8 111 -429
v 8 112 -694
s 8 113 113
v 8 113 379
v 8 114 -83
s 8 119 80
v 8 119 756
s 8 120 -197
v 8 120 530
s 8 121 -55
v 8 121 89
s 8 123 73
v 8 123 16
v 8 126 -308
s 8 128 -168
v 8 128 136
s 8 129 -155
v 8 129 -480
v 8 131 557
s 8 135 -214
v 8 135 40
s 8 136 23
v 8 136 124
s 8 137 -129
v 8 137 -283
s 8 138 -14
v 8 138 -296
s 8 145 22
v 8 145 180
s 8 155 -22
v 8 155 166
s 9 10 18
v 9 10 192
s 9 11 50
v 9 11 245
s 9 12 23
v 9 12 -237
s 9 13 105
v 9 13 -14
s 9 14 91
v 9 14 246
s 9 15 76
v 9 15 647
s 9 16 28
v 9 16 357
s 9 17 260
v 9 17 -195
s 9 18 398
v 9 18 326
s 9 19 -59
v 9 19 -420
s 9 20 -153
v 9 20 379
s 9 21 -114
v 9 21 86
s 9 22 -63
v 9 22 -647
s 9 23 74
v 9 23 -10
s 9 25 -72
v 9 25 392
s 9 26 406
v 9 26 47
v 9 27 412
s 9 28 -21
v 9 28 61
s 9 29 -69
v 9 29 -38
s 9 30 -158
v 9 30 191
s 9 31 115
v 9 31 491
s 9 32 -108
v 9 32 104
s 9 33 167
v 9 33 -298
s 9 34 75
v 9 34 -98
s 9 35 -124
v 9 35 66
s 9 36 -63
v 9 36 -883
s 9 37 -20
v 9 37 -236
s 9 38 13
v 9 38 -394
s 9 39 -135
v 9 39 -180
s 9 40 17
v 9 40 -220
s 9 41 276
v 9 41 21
s 9 42 -111
v 9 42 -350
s 9 43 -90
v 9 43 142
s 9 44 142
v 9 44 497
s 9 45 -69
v 9 45 -160
s 9 46 -21
v 9 46 -14
v 9 47 250
s 9 48 -76
v 9 48 121
s 9 49 275
v 9 49 283
s 9 50 -123
v 9 50 11
s 9 51 -104
v 9 51 -148
s 9 52 122
v 9 52 -265
s 9 53 129
v 9 53 -29
s 9 54 -62
v 9 54 255
s 9 55 -86
v 9 55 -326
s 9 56 -79
v 9 56 -270
s 9 57 -134
v 9 57 67
s 9 58 11
v 9 58 240
v 9 59 -22
s 9 60 -30
v 9 60 -130
s 9 61 -7
v 9 61 47
s 9 62 -260
v 9 62 -302
s 9 63 -64
v 9 63 397
s 9 64 -57
v 9 64 90
s 9 65 85
v 9 65 -72
s 9 66 -29
v 9 66 50
s 9 67 18
v 9 67 254
s 9 68 -138
v 9 68 104
s 9 69 183
v 9 69 -131
s 9 70 -120
v 9 70 -553
s 9 71 -29
v 9 71 -794
s 9 72 30
v 9 72 -238
s 9 73 74
v 9 73 300
s 9 74 -313
v 9 74 110
s 9 75 -45
v 9 75 776
s 9 76 103
v 9 76 -7
s 9 77 -36
v 9 77 -260
v 9 78 160
s 9 79 -22
v 9 79 33
s 9 80 -26
v 9 80 -82
s 9 81 -23
v 9 81 372
s 9 82 -6
s 9 83 -26
v 9 83 -237
s 9 84 158
v 9 84 150
s 9 85 -245
v 9 85 -510
s 9 86 48
v 9 86 -154
s 9 87 -90
v 9 87 308
s 9 88 -175
v 9 88 -430
s 9 89 35
v 9 89 -456
s 9 90 32
v 9 90 -230
s 9 91 -24
v 9 91 -581
s 9 92 -83
v 9 92 -188
s 9 93 45
v 9 93 407
s 9 94 -95
v 9 94 -214
s 9 95 -28
v 9 95 -197
s 9 96 188
v 9 96 21
s 9 97 62
v 9 97 238
s 9 98 -40
v 9 98 -73
s 9 99 51
v 9 99 -14
s 9 100 184
v 9 100 -46
s 9 101 -52
v 9 101 59
s 9 102 48
v 9 102 -143
s 9 103 50
v 9 103 -53
s 9 104 213
v 9 104 -428
s 9 105 -130
v 9 105 258
s 9 106 49
v 9 106 -96
s 9 107 111
v 9 107 207
s 9 108 64
v 9 108 -298
s 9 109 -271
v 9 109 95
s 9 110 19
v 9 110 332
s 9 111 10
v 9 111 -183
s 9 112 131
v 9 112 174
s 9 113 117
v 9 113 20
s 9 114 -232
v 9 114 489
s 9 119 -87
v 9 119 -54
s 9 120 14
v 9 120 265
v 9 121 -242
s 9 123 116
v 9 123 -53
v 9 126 7
s 9 128 -162
v 9 128 465
s 9 129 -100
v 9 129 -206
s 9 131 75
v 9 131 160
s 9 135 -460
v 9 135 555
s 9 136 -30
v 9 136 -431
s 9 137 114
v 9 137 -359
s 9 138 -191
v 9 138 -450
s 9 145 91
v 9 145 -32
s 9 155 -106
s 10 11 33
v 10 11 -204
v 10 12 -278
s 10 13 19
v 10 13 -32
s 10 14 40
v 10 14 156
v 10 15 412
s 10 16 59
v 10 16 -69
s 10 17 34
v 10 17 -65
s 10 18 -27
v 10 18 -13
s 10 19 96
v 10 19 132
s 10 20 -81
v 10 20 338
s 10 21 42
v 10 21 -290
s 10 22 -82
v 10 22 359
v 10 23 436
s 10 25 12
v 10 25 -420
s 10 26 48
v 10 26 -5
s 10 27 56
v 10 27 -373
s 10 28 162
v 10 28 -209
s 10 29 -76
v 10 29 153
s 10 30 -20
v 10 30 32
s 10 31 121
v 10 31 -114
s 10 32 8
v 10 32 27
s 10 33 -41
v 10 33 -129
s 10 34 34
v 10 34 207
s 10 35 58
v 10 35 146
s 10 36 -193
v 10 36 214
s 10 37 -33
v 10 37 -29
s 10 38 65
v 10 38 -107
s 10 39 45
v 10 39 145
s 10 40 -7
v 10 40 15
s 10 41 -26
v 10 41 6
s 10 42 -44
s 10 43 64
v 10 43 196
s 10 44 -33
v 10 44 23
s 10 45 -61
v 10 45 -14
s 10 46 -8
v 10 46 209
s 10 47 -96
v 10 47 403
s 10 48 -34
v 10 48 -176
s 10 49 -114
v 10 49 -281
s 10 50 -31
v 10 50 211
s 10 51 -67
v 10 51 204
s 10 52 -36
v 10 52 -48
s 10 53 -103
v 10 53 438
s 10 54 -18
v 10 54 847
v 10 55 -98
v 10 56 191
s 10 57 -16
v 10 57 -34
s 10 58 16
v 10 58 -7
s 10 59 120
v 10 59 -147
s 10 60 107
v 10 60 -80
s 10 61 -8
v 10 61 -53
s 10 62 66
v 10 62 -147
s 10 63 -11
v 10 63 -388
s 10 64 73
v 10 64 -296
v 10 65 218
s 10 66 -13
v 10 66 25
s 10 67 8
v 10 67 -32
s 10 68 76
v 10 68 -78
s 10 69 54
v 10 69 -387
v 10 70 53
s 10 71 -67
v 10 71 -229
s 10 72 -47
v 10 72 -100
v 10 73 -91
s 10 74 49
v 10 74 78
s 10 75 -96
v 10 75 53
s 10 76 -36
v 10 76 -387
s 10 77 -38
v 10 77 -140
s 10 78 -79
v 10 78 -80
s 10 79 22
v 10 79 -7
s 10 80 -17
v 10 80 -9
s 10 81 9
v 10 81 -104
s 10 82 36
s 10 83 -107
v 10 83 154
s 10 84 15
v 10 84 214
s 10 85 24
v 10 85 430
s 10 86 116
v 10 86 -761
s 10 87 -13
v 10 87 -469
s 10 88 -40
v 10 88 46
s 10 89 -17
v 10 89 38
s 10 90 10
v 10 90 -181
s 10 91 -158
v 10 91 230
s 10 92 71
v 10 92 -107
s 10 93 46
v 10 93 -290
s 10 94 -20
v 10 94 -89
s 10 95 -12
v 10 95 126
s 10 96 -40
v 10 96 6
s 10 97 63
v 10 97 332
s 10 98 28
v 10 98 95
s 10 99 6
v 10 99 131
s 10 100 52
v 10 100 64
s 10 101 -16
v 10 101 -367
s 10 102 -16
v 10 102 -85
s 10 103 21
v 10 103 -83
s 10 104 90
v 10 104 135
s 10 105 14
v 10 105 -62
s 10 106 72
v 10 106 450
s 10 107 -69
v 10 107 162
s 10 108 -33
v 10 108 170
s 10 109 -14
v 10 109 -402
s 10 110 48
v 10 110 198
s 10 111 -99
v 10 111 186
s 10 112 70
v 10 112 -203
s 10 113 -29
v 10 113 14
s 10 114 36
v 10 114 -299
s 10 119 -14
v 10 119 -211
s 10 120 -164
v 10 120 508
s 10 121 83
v 10 121 -225
s 10 123 22
v 10 123 43
s 10 126 -23
v 10 126 -81
s 10 128 115
v 10 128 -10
s 10 129 36
v 10 129 186
s 10 131 -40
v 10 131 189
v 10 135 281
s 10 136 -87
v 10 136 25
s 10 137 -35
v 10 137 44
s 10 138 -41
v 10 138 70
s 10 145 54
v 10 145 286
s 10 155 45
v 10 155 -52
s 11 12 -24
v 11 12 -247
s 11 13 12
v 11 13 -342
s 11 14 154
v 11 14 31
s 11 15 -89
v 11 15 -156
s 11 16 17
v 11 16 518
s 11 17 67
v 11 17 -109
s 11 18 184
v 11 18 151
s 11 19 21
v 11 19 402
s 11 20 101
v 11 20 -245
s 11 21 -69
v 11 21 -75
s 11 22 -37
v 11 22 416
s 11 23 -24
v 11 23 -121
s 11 25 -129
v 11 25 98
s 11 26 446
v 11 26 -129
s 11 27 145
v 11 27 -220
s 11 28 89
v 11 28 -321
s 11 29 182
v 11 29 73
s 11 30 -104
v 11 30 -165
s 11 31 -17
v 11 31 -548
s 11 32 -16
v 11 32 597
s 11 33 -62
v 11 33 33
s 11 34 13
v 11 34 55
s 11 35 -20
v 11 35 -17
s 11 36 -28
v 11 36 251
s 11 37 -83
v 11 37 73
s 11 38 -62
v 11 38 283
s 11 39 -81
v 11 39 492
v 11 40 -100
s 11 41 134
v 11 41 464
s 11 42 55
v 11 42 -72
s 11 43 -13
v 11 43 32
s 11 44 92
v 11 44 -265
s 11 45 58
v 11 45 -179
s 11 46 6
v 11 46 -321
s 11 47 -170
v 11 47 40
s 11 48 -242
v 11 48 -117
s 11 49 -32
v 11 49 -455
s 11 50 29
v 11 50 -192
s 11 51 92
v 11 51 -198
s 11 52 149
v 11 52 341
s 11 53 -387
v 11 53 236
s 11 54 168
v 11 54 34
s 11 55 44
v 11 55 28
s 11 56 -30
v 11 56 -52
v 11 57 191
v 11 58 -63
s 11 59 31
v 11 59 76
s 11 60 114
v 11 60 -131
v 11 61 294
s 11 62 148
v 11 62 -419
s 11 63 -28
v 11 63 -75
s 11 64 72
v 11 64 214
s 11 65 -9
v 11 65 44
s 11 66 -9
v 11 66 120
s 11 67 45
v 11 67 379
v 11 68 6
s 11 69 144
v 11 69 235
s 11 70 9
v 11 70 66
s 11 71 116
v 11 71 -147
s 11 72 -15
v 11 72 -160
s 11 73 -40
v 11 73 -134
s 11 74 -362
v 11 74 -898
s 11 75 -183
v 11 75 -349
s 11 76 -164
v 11 76 -384
s 11 77 -28
v 11 77 -15
s 11 78 103
v 11 78 61
s 11 79 -20
v 11 79 -215
s 11 80 -77
v 11 80 -246
s 11 81 -24
v 11 81 -11
s 11 82 -6
v 11 82 -177
s 11 83 -104
v 11 83 95
s 11 84 97
v 11 84 238
s 11 85 -231
v 11 85 -324
s 11 86 -47
v 11 86 670
s 11 87 -10
v 11 87 -65
s 11 88 45
v 11 88 -401
s 11 89 -45
v 11 89 53
s 11 90 -100
v 11 90 -73
s 11 91 -176
v 11 91 212
v 11 92 -71
s 11 93 122
v 11 93 700
s 11 94 23
v 11 94 -315
v 11 95 -141
s 11 96 126
v 11 96 501
s 11 97 109
v 11 97 -46
s 11 98 -73
v 11 98 432
s 11 99 148
v 11 99 -69
s 11 100 342
s 11 101 -226
v 11 101 -417
s 11 102 -59
v 11 102 95
s 11 103 41
v 11 103 123
s 11 104 89
v 11 104 298
s 11 105 31
s 11 106 -44
v 11 106 354
s 11 107 50
v 11 107 72
s 11 108 -304
v 11 108 -307
s 11 109 -157
v 11 109 10
s 11 110 -82
v 11 110 -254
s 11 111 163
v 11 111 111
s 11 112 -230
v 11 112 -410
s 11 113 -10
v 11 113 -490
s 11 114 162
v 11 114 -72
s 11 119 -15
v 11 119 14
s 11 120 -25
v 11 120 91
s 11 121 42
v 11 121 58
s 11 123 9
v 11 123 -354
s 11 126 73
v 11 126 61
s 11 128 -290
v 11 128 -304
s 11 129 85
v 11 129 160
s 11 131 -146
v 11 131 299
s 11 135 85
v 11 135 -154
s 11 136 -61
v 11 136 151
s 11 137 55
v 11 137 -176
s 11 138 7
v 11 138 91
s 11 145 -98
v 11 145 269
s 11 155 73
v 11 155 505
s 12 13 -19
v 12 13 -269
s 12 14 -518
v 12 14 -1088
s 12 15 35
v 12 15 374
s 12 16 91
v 12 16 -684
s 12 17 13
v 12 17 -72
s 12 18 -86
v 12 18 -1206
s 12 19 17
v 12 19 -372
s 12 20 -241
v 12 20 870
s 12 21 -16
v 12 21 474
s 12 22 195
v 12 22 747
s 12 23 158
v 12 23 -394
s 12 25 270
v 12 25 449
s 12 26 142
v 12 26 -424
s 12 27 59
v 12 27 711
s 12 28 -64
v 12 28 891
s 12 29 -178
v 12 29 -1465
s 12 30 248
v 12 30 56
s 12 31 55
v 12 31 661
s 12 32 58
v 12 32 -232
s 12 33 95
v 12 33 784
s 12 34 -98
v 12 34 186
s 12 35 177
v 12 35 968
s 12 36 -199
v 12 36 -341
s 12 37 12
v 12 37 -363
s 12 38 -59
v 12 38 -173
s 12 39 90
v 12 39 448
s 12 40 62
v 12 40 269
s 12 41 7
v 12 41 -395
s 12 42 -180
v 12 42 1302
s 12 43 -55
v 12 43 43
s 12 44 -23
v 12 44 -652
s 12 45 14
v 12 45 94
s 12 46 -21
v 12 46 302
s 12 47 132
v 12 47 1084
s 12 48 -66
v 12 48 -265
s 12 49 -104
v 12 49 -517
s 12 50 10
v 12 50 -78
s 12 51 17
v 12 51 -139
s 12 52 -48
v 12 52 -351
s 12 53 -222
v 12 53 -38
s 12 54 -91
v 12 54 268
s 12 55 -365
v 12 55 -782
s 12 56 -31
v 12 56 769
s 12 57 -41
v 12 57 124
s 12 58 -74
v 12 58 273
s 12 59 -33
v 12 59 -285
s 12 60 -7
v 12 60 582
s 12 61 10
v 12 61 82
s 12 62 158
v 12 62 23
s 12 63 19
v 12 63 435
s 12 64 -25
v 12 64 -224
s 12 65 -63
v 12 65 -165
s 12 66 110
v 12 66 18
s 12 67 -53
v 12 67 501
s 12 68 263
v 12 68 889
s 12 69 27
v 12 69 -546
s 12 70 11
v 12 70 -100
s 12 71 -193
v 12 71 -459
s 12 72 7
v 12 72 -59
s 12 73 98
v 12 73 48
v 12 74 990
s 12 75 -22
v 12 75 674
s 12 76 -85
v 12 76 508
s 12 77 -84
v 12 77 533
s 12 78 -23
v 12 78 159
s 12 79 -22
v 12 79 170
s 12 80 38
v 12 80 -653
s 12 81 -58
v 12 81 212
s 12 82 -54
v 12 82 -359
s 12 83 35
v 12 83 -13
s 12 84 -57
v 12 84 960
s 12 85 190
v 12 85 -63
s 12 86 132
v 12 86 -541
s 12 87 39
v 12 87 -638
s 12 88 -166
v 12 88 -466
v 12 89 -102
s 12 90 14
v 12 90 116
s 12 91 -142
v 12 91 -582
s 12 92 -80
v 12 92 112
s 12 93 -85
v 12 93 -509
v 12 94 -165
s 12 95 19
v 12 95 210
s 12 96 -109
v 12 96 -463
s 12 97 -123
v 12 97 -289
s 12 98 -6
v 12 98 -670
s 12 99 22
v 12 99 -184
s 12 100 -88
v 12 100 -84
s 12 101 185
v 12 101 49
s 12 102 15
v 12 102 -80
s 12 103 -17
v 12 103 302
s 12 104 -17
v 12 104 -558
s 12 105 107
v 12 105 -142
s 12 106 145
v 12 106 -597
s 12 107 -81
v 12 107 -103
s 12 108 234
v 12 108 -898
v 12 109 1359
s 12 110 171
v 12 110 200
s 12 111 -216
v 12 111 229
s 12 112 220
v 12 112 360
s 12 113 -62
v 12 113 549
s 12 114 31
v 12 114 162
s 12 119 49
v 12 119 136
s 12 120 69
v 12 120 75
s 12 121 -66
v 12 121 125
s 12 123 -61
v 12 123 -9
s 12 126 -177
v 12 126 11
s 12 128 451
v 12 128 -758
v 12 129 640
s 12 131 173
v 12 131 373
s 12 135 69
v 12 135 -143
s 12 136 18
v 12 136 -390
s 12 137 82
v 12 137 50
s 12 138 13
v 12 138 140
s 12 145 -38
v 12 145 -219
s 12 155 -126
v 12 155 -398
s 13 14 135
v 13 14 84
s 13 15 51
v 13 15 -78
s 13 16 -54
v 13 16 -16
s 13 17 21
v 13 17 277
s 13 18 11
v 13 18 -456
s 13 19 25
v 13 19 -174
s 13 20 68
v 13 20 -68
s 13 21 -174
v 13 21 577
s 13 22 202
v 13 22 -290
s 13 23 28
v 13 23 221
s 13 25 -50
v 13 25 51
s 13 26 -181
v 13 26 -408
s 13 27 -43
v 13 27 -17
s 13 28 63
v 13 28 -184
s 13 29 -14
v 13 29 -15
s 13 30 15
v 13 30 234
s 13 31 7
v 13 31 146
s 13 32 -34
v 13 32 -160
s 13 33 12
v 13 33 13
s 13 34 -8
v 13 34 8
s 13 35 -76
v 13 35 -66
s 13 36 29
v 13 36 359
s 13 37 98
v 13 38 110
s 13 39 -18
v 13 39 104
s 13 40 49
v 13 40 130
s 13 41 32
v 13 41 95
s 13 42 -68
v 13 42 79
s 13 43 -27
v 13 43 246
s 13 44 98
v 13 44 32
s 13 45 23
v 13 45 -188
s 13 46 -64
v 13 46 -368
s 13 47 -82
v 13 47 -348
s 13 48 -93
v 13 48 -422
s 13 49 86
v 13 49 -142
s 13 50 -70
v 13 50 55
s 13 51 57
v 13 51 -34
s 13 52 58
v 13 52 180
s 13 53 75
v 13 53 -49
s 13 54 -41
v 13 54 243
s 13 55 35
v 13 55 130
s 13 56 21
v 13 56 -203
s 13 57 9
v 13 57 171
s 13 58 28
v 13 58 -49
s 13 59 -26
v 13 59 -25
s 13 60 73
v 13 60 -426
s 13 61 8
v 13 61 7
s 13 62 159
v 13 62 263
s 13 63 -18
v 13 63 30
s 13 64 53
v 13 64 -373
s 13 65 7
v 13 65 -19
s 13 66 10
s 13 67 -92
v 13 67 -56
s 13 68 6
v 13 68 465
s 13 69 27
v 13 69 -303
s 13 70 20
v 13 70 50
s 13 71 -144
v 13 71 -180
s 13 72 -58
v 13 72 -7
s 13 73 34
v 13 73 -89
s 13 74 43
v 13 74 631
s 13 75 -94
v 13 75 -79
s 13 76 -59
v 13 76 39
s 13 77 -9
v 13 77 159
s 13 78 -18
v 13 78 535
s 13 79 -5
v 13 79 -138
s 13 80 -25
v 13 80 112
s 13 81 36
v 13 81 -126
s 13 82 27
v 13 82 -118
s 13 83 6
v 13 83 -91
s 13 84 -188
v 13 84 294
s 13 85 -320
v 13 85 -317
s 13 86 -72
v 13 86 -197
s 13 87 10
v 13 87 -145
s 13 88 8
v 13 88 175
s 13 89 21
v 13 89 -78
s 13 90 -11
v 13 90 -154
s 13 91 -28
v 13 91 155
v 13 92 162
s 13 93 170
v 13 93 65
s 13 94 -15
v 13 94 -29
s 13 95 -46
v 13 95 -34
v 13 96 -37
s 13 97 -26
v 13 97 -39
s 13 98 79
v 13 98 539
s 13 99 -57
v 13 99 243
s 13 100 -79
v 13 100 151
s 13 101 86
v 13 101 195
s 13 102 22
v 13 102 -170
v 13 103 -40
s 13 104 -17
v 13 104 -236
s 13 105 31
v 13 105 29
s 13 106 -9
v 13 106 -47
s 13 107 45
v 13 107 -226
s 13 108 -69
v 13 108 185
s 13 109 -29
v 13 109 230
s 13 110 30
v 13 110 89
s 13 111 50
v 13 111 -250
s 13 112 24
v 13 112 -129
s 13 113 -20
v 13 113 131
s 13 114 33
v 13 114 -139
s 13 119 8
v 13 119 87
s 13 120 -19
v 13 120 -123
s 13 121 -57
v 13 121 -91
s 13 123 109
v 13 123 55
v 13 126 167
s 13 128 -44
s 13 129 20
v 13 129 -9
s 13 131 115
v 13 131 73
s 13 135 86
v 13 135 -129
s 13 136 -35
v 13 136 179
s 13 137 -35
v 13 137 -57
s 13 138 -17
v 13 138 -348
v 13 145 -197
s 13 155 -23
v 13 155 -90
s 14 15 32
v 14 15 228
s 14 16 56
v 14 16 622
s 14 17 -57
s 14 18 89
v 14 18 -803
s 14 19 -162
v 14 19 -417
s 14 20 -335
v 14 20 -521
s 14 21 181
v 14 21 15
s 14 22 214
v 14 22 668
s 14 23 81
v 14 23 -396
s 14 25 202
v 14 25 306
s 14 26 46
v 14 26 44
s 14 27 19
v 14 27 491
s 14 28 -72
v 14 28 -701
s 14 29 -295
v 14 29 -355
s 14 30 -82
v 14 30 156
s 14 31 150
v 14 31 -115
s 14 32 -10
v 14 32 695
s 14 33 187
v 14 33 -83
s 14 34 97
v 14 34 561
s 14 35 441
v 14 35 599
s 14 36 112
v 14 36 1182
s 14 37 -36
v 14 37 -111
s 14 38 -11
v 14 38 -129
s 14 39 89
v 14 39 -658
s 14 40 -43
v 14 40 95
s 14 41 -60
v 14 41 85
s 14 42 -251
v 14 42 -997
s 14 43 105
v 14 43 -122
s 14 44 -278
v 14 44 722
s 14 45 61
v 14 45 759
s 14 46 246
v 14 46 -228
s 14 47 61
v 14 47 286
s 14 48 -60
v 14 48 176
s 14 49 -225
v 14 49 615
s 14 50 51
v 14 50 -220
s 14 51 65
v 14 51 33
s 14 52 131
v 14 52 -559
s 14 53 -138
v 14 53 -89
s 14 54 109
v 14 54 -43
s 14 55 -58
s 14 56 -94
v 14 56 42
s 14 57 -31
v 14 57 186
s 14 58 -175
v 14 58 136
s 14 59 -56
v 14 59 232
s 14 60 -365
v 14 60 -94
s 14 61 -52
v 14 61 174
s 14 62 -165
v 14 62 79
s 14 63 -80
v 14 63 -308
s 14 64 347
v 14 64 769
s 14 65 -69
v 14 65 142
s 14 66 -32
v 14 66 -63
s 14 67 -11
v 14 67 405
s 14 68 395
v 14 68 -222
s 14 69 -295
v 14 69 -499
s 14 70 135
v 14 70 -963
s 14 71 -528
v 14 71 776
s 14 72 52
v 14 72 22
s 14 73 -85
v 14 73 367
s 14 74 352
v 14 74 -261
s 14 75 348
v 14 75 -633
s 14 76 164
v 14 76 114
v 14 77 -11
v 14 78 457
s 14 79 -50
v 14 79 306
s 14 80 -184
v 14 80 -30
s 14 81 -74
v 14 81 121
s 14 82 42
v 14 82 -349
s 14 83 -6
v 14 83 227
s 14 84 92
v 14 84 -150
s 14 85 -161
v 14 85 -137
s 14 86 388
v 14 86 -25
s 14 87 197
v 14 87 -344
s 14 88 -170
v 14 88 408
s 14 89 -41
v 14 89 -209
s 14 90 320
v 14 90 90
s 14 91 -77
v 14 91 -858
s 14 92 106
v 14 92 -313
s 14 93 -55
v 14 93 -177
s 14 94 -6
v 14 94 -134
s 14 95 105
v 14 95 289
s 14 96 94
v 14 96 -51
s 14 97 -302
v 14 97 -657
s 14 98 -77
v 14 98 173
s 14 99 126
v 14 99 -339
s 14 100 -297
v 14 100 85
s 14 101 254
v 14 101 -692
s 14 102 -141
v 14 102 -124
s 14 103 -52
v 14 103 -16
s 14 104 -334
v 14 104 496
s 14 105 160
v 14 105 -150
s 14 106 -127
v 14 106 -41
s 14 107 -10
v 14 107 383
s 14 108 55
v 14 108 208
s 14 109 83
v 14 109 -333
s 14 110 203
v 14 110 205
v 14 111 100
s 14 112 191
v 14 112 562
s 14 113 -15
v 14 113 235
s 14 114 58
v 14 114 -355
s 14 119 -103
v 14 119 75
s 14 120 -133
v 14 120 -369
s 14 121 179
v 14 121 -715
s 14 123 -114
v 14 123 -180
s 14 126 -139
v 14 126 -237
s 14 128 320
v 14 128 -269
s 14 129 -96
v 14 129 -170
s 14 131 243
v 14 131 -385
s 14 135 -119
v 14 135 -877
s 14 136 -108
v 14 136 -366
s 14 137 -77
v 14 137 87
s 14 138 171
v 14 138 170
s 14 145 -74
v 14 145 70
s 14 155 -48
v 14 155 -359
s 15 16 -39
v 15 16 -198
s 15 17 24
v 15 17 -726
s 15 18 -76
v 15 18 120
s 15 19 129
v 15 19 16
v 15 20 354
s 15 21 90
v 15 21 351
s 15 22 -142
v 15 22 25
s 15 23 39
v 15 23 410
s 15 25 -71
v 15 25 31
s 15 26 235
v 15 26 539
s 15 27 26
v 15 27 -745
s 15 28 -30
v 15 28 -10
s 15 29 26
v 15 29 374
s 15 30 -72
v 15 30 -179
s 15 31 -159
v 15 31 339
s 15 32 23
v 15 32 -302
s 15 33 -51
v 15 33 49
s 15 34 -10
v 15 34 -68
s 15 35 -93
v 15 35 -1048
s 15 36 -130
v 15 36 -99
s 15 37 -31
v 15 37 -301
s 15 38 -46
v 15 38 -37
s 15 39 100
v 15 39 -576
s 15 40 -60
v 15 40 -432
s 15 41 114
v 15 41 -176
v 15 42 233
s 15 43 -222
v 15 43 -89
s 15 44 46
v 15 44 -67
v 15 45 34
s 15 46 -40
v 15 46 242
s 15 47 145
s 15 48 -97
v 15 48 213
s 15 49 -47
v 15 49 157
s 15 50 -77
v 15 50 216
s 15 51 34
v 15 51 -36
s 15 52 39
v 15 52 165
s 15 53 130
v 15 53 -650
s 15 54 -16
v 15 54 123
s 15 55 -41
v 15 55 112
s 15 56 -12
v 15 56 25
v 15 57 201
s 15 58 16
v 15 58 215
s 15 59 38
v 15 59 362
s 15 60 -6
v 15 60 139
s 15 61 29
v 15 61 -115
s 15 62 -17
v 15 62 -272
s 15 63 28
v 15 63 218
s 15 64 -121
v 15 64 505
v 15 65 14
s 15 66 -31
v 15 66 37
s 15 67 -18
v 15 67 -63
s 15 68 31
v 15 68 354
s 15 69 -107
v 15 69 -46
s 15 70 -101
v 15 70 477
s 15 71 104
v 15 71 66
s 15 72 -36
v 15 72 -188
v 15 73 63
s 15 74 66
v 15 74 225
s 15 75 70
v 15 75 549
s 15 76 15
v 15 76 469
s 15 77 6
v 15 77 155
s 15 78 88
v 15 78 22
s 15 79 -15
v 15 79 -179
s 15 80 15
v 15 80 231
s 15 81 -7
v 15 81 -253
s 15 82 18
v 15 82 22
s 15 83 -25
v 15 83 62
s 15 84 -34
v 15 84 -204
s 15 85 -26
v 15 85 462
s 15 86 -183
v 15 86 749
s 15 87 30
v 15 87 -76
s 15 88 88
v 15 88 -94
s 15 89 19
v 15 89 -120
s 15 90 14
v 15 90 -190
s 15 91 92
v 15 91 -51
s 15 92 36
v 15 92 -20
v 15 93 -20
s 15 94 47
v 15 94 197
s 15 95 -35
v 15 95 126
s 15 96 -65
v 15 96 107
s 15 97 59
s 15 98 -151
v 15 98 199
s 15 99 25
v 15 99 -231
s 15 100 29
v 15 100 72
s 15 101 66
v 15 101 361
s 15 102 -13
v 15 102 304
s 15 103 48
v 15 103 -146
s 15 104 -61
v 15 104 539
s 15 105 -61
v 15 105 -248
s 15 106 22
v 15 106 -459
s 15 107 -14
v 15 107 -561
s 15 108 -24
v 15 108 -62
s 15 109 -72
v 15 109 -206
s 15 110 -53
v 15 110 -40
s 15 111 109
v 15 111 257
s 15 112 72
v 15 112 83
s 15 113 42
v 15 113 114
s 15 114 64
v 15 114 -387
s 15 119 -122
v 15 119 -304
s 15 120 64
v 15 120 163
s 15 121 -100
v 15 121 724
s 15 123 -204
v 15 123 90
s 15 126 103
v 15 126 -408
s 15 128 -30
v 15 128 30
s 15 129 -29
v 15 129 284
s 15 131 74
v 15 131 -38
s 15 135 71
v 15 135 -532
s 15 136 -94
v 15 136 26
s 15 137 94
v 15 138 -227
s 15 145 -85
v 15 145 -154
s 15 155 -7
v 15 155 37
s 16 17 58
v 16 17 -54
s 16 18 -28
v 16 18 81
s 16 19 -29
v 16 19 206
s 16 20 19
v 16 20 144
s 16 21 -86
v 16 21 -281
s 16 22 144
v 16 22 265
v 16 23 48
s 16 25 88
v 16 25 -473
s 16 26 75
v 16 26 -123
s 16 27 83
v 16 27 -117
v 16 28 -210
s 16 29 -106
v 16 29 417
s 16 31 -33
v 16 31 -163
s 16 32 21
v 16 32 242
s 16 33 -32
v 16 33 103
s 16 34 12
v 16 34 -178
s 16 35 -132
v 16 35 212
s 16 36 -78
v 16 36 238
v 16 37 117
s 16 38 5
v 16 38 48
s 16 39 -55
v 16 39 -433
s 16 40 -10
v 16 40 -151
s 16 41 34
v 16 41 -52
s 16 42 39
v 16 42 -41
s 16 43 12
v 16 43 -262
s 16 44 17
v 16 44 233
s 16 45 -16
v 16 45 -20
s 16 46 27
v 16 46 -159
s 16 47 92
v 16 47 58
v 16 48 -190
s 16 49 -13
v 16 49 405
s 16 50 61
v 16 50 50
v 16 51 149
s 16 52 -49
v 16 52 227
s 16 53 93
v 16 53 -147
s 16 54 84
v 16 54 -63
s 16 55 -7
v 16 55 155
s 16 56 30
v 16 57 27
s 16 58 -52
v 16 58 -50
s 16 59 35
v 16 59 -46
v 16 60 -377
v 16 61 9
s 16 62 -127
s 16 63 -25
v 16 63 -146
s 16 64 -56
v 16 64 -199
v 16 65 58
s 16 66 -8
v 16 66 66
s 16 67 35
v 16 67 -166
s 16 68 -40
v 16 68 58
s 16 69 15
v 16 69 42
s 16 70 -10
v 16 70 217
s 16 71 128
v 16 71 404
s 16 72 -63
v 16 72 26
s 16 73 -32
v 16 73 -105
s 16 74 -33
v 16 74 564
s 16 75 -37
v 16 75 -168
s 16 76 -87
v 16 76 745
s 16 77 -29
v 16 77 124
s 16 78 43
v 16 78 -54
s 16 79 -15
v 16 79 103
s 16 80 -39
v 16 80 -206
s 16 81 13
v 16 81 351
s 16 82 8
v 16 82 -35
s 16 83 -34
v 16 83 -198
s 16 84 -58
v 16 84 -196
s 16 85 19
v 16 85 130
s 16 86 -91
v 16 86 243
s 16 87 99
v 16 87 -45
s 16 88 54
v 16 88 -286
v 16 89 8
s 16 90 -85
v 16 90 -30
s 16 91 -38
v 16 91 -84
v 16 92 -23
s 16 93 56
v 16 93 85
s 16 94 18
v 16 94 -38
s 16 95 -36
v 16 95 -185
s 16 96 67
v 16 96 -200
s 16 97 -52
v 16 97 -129
s 16 98 18
v 16 98 -385
s 16 99 34
v 16 99 9
s 16 100 -44
v 16 100 175
s 16 101 -86
v 16 101 114
s 16 102 56
v 16 102 -76
v 16 103 -70
s 16 104 -6
v 16 104 128
s 16 105 -13
v 16 105 29
s 16 106 -89
v 16 106 149
s 16 107 -59
v 16 107 -99
s 16 108 -22
v 16 108 -150
s 16 109 128
v 16 109 133
s 16 110 -12
v 16 110 72
v 16 111 -188
s 16 112 -88
v 16 112 440
s 16 113 114
v 16 113 -163
s 16 114 -11
v 16 114 36
s 16 119 -74
v 16 119 95
v 16 120 112
s 16 121 29
v 16 121 -209
s 16 123 124
v 16 123 -263
s 16 126 29
v 16 126 -239
s 16 128 -7
v 16 128 371
s 16 129 -49
v 16 129 37
s 16 131 57
v 16 131 180
s 16 135 27
v 16 135 -154
s 16 136 21
v 16 136 159
s 16 137 -15
v 16 137 61
s 16 138 14
v 16 138 -53
s 16 145 19
v 16 145 104
s 16 155 15
v 16 155 -69
s 17 18 26
v 17 18 187
s 17 19 -142
v 17 19 -708
s 17 20 -180
v 17 20 83
s 17 21 -91
v 17 21 -378
s 17 22 77
v 17 22 208
s 17 23 20
v 17 23 -155
s 17 25 8
v 17 25 -380
s 17 26 44
v 17 26 -324
s 17 27 89
v 17 27 -272
s 17 28 44
v 17 28 504
s 17 29 235
v 17 29 -174
s 17 30 97
v 17 30 -80
s 17 31 -99
v 17 31 -184
v 17 32 -181
s 17 33 130
v 17 33 208
s 17 34 -28
v 17 34 -299
s 17 35 -125
v 17 35 871
s 17 36 -47
v 17 36 75
s 17 37 6
v 17 37 168
s 17 38 -22
v 17 38 47
s 17 39 9
v 17 39 450
s 17 40 94
v 17 40 469
s 17 41 -66
v 17 41 -229
s 17 42 182
v 17 42 -312
v 17 43 -238
s 17 44 -61
v 17 44 -61
s 17 45 21
v 17 45 387
s 17 46 25
v 17 46 -253
s 17 47 96
v 17 47 115
s 17 48 249
v 17 48 -309
s 17 49 -9
v 17 49 -181
s 17 50 86
v 17 50 -213
s 17 51 37
v 17 51 341
s 17 52 48
v 17 52 -78
s 17 53 43
v 17 53 472
s 17 54 23
v 17 54 -332
s 17 55 37
v 17 55 212
s 17 56 -7
v 17 56 51
v 17 57 -220
s 17 58 14
v 17 58 -248
v 17 59 -56
s 17 60 -89
v 17 60 -560
s 17 61 -41
v 17 61 -213
s 17 62 81
v 17 62 502
s 17 63 28
v 17 63 34
s 17 64 64
v 17 64 50
s 17 65 50
v 17 65 -85
v 17 66 41
s 17 67 -51
v 17 67 113
s 17 68 -54
v 17 68 85
s 17 69 23
v 17 69 -544
s 17 70 -21
v 17 70 7
s 17 71 -58
v 17 71 133
s 17 72 43
v 17 72 262
s 17 74 -70
v 17 74 181
s 17 75 -49
v 17 75 -13
s 17 76 -58
v 17 76 192
s 17 77 11
v 17 77 14
s 17 78 43
v 17 78 21
s 17 79 -42
v 17 79 84
s 17 80 -24
v 17 80 44
s 17 81 -6
v 17 81 32
s 17 82 8
v 17 82 -210
s 17 83 45
v 17 83 -281
s 17 84 -76
v 17 84 -217
s 17 85 70
v 17 85 -143
s 17 86 74
v 17 86 -154
s 17 87 -108
v 17 87 414
s 17 88 -192
v 17 88 -190
s 17 89 -48
v 17 89 52
s 17 90 14
v 17 90 282
s 17 91 -57
v 17 91 -198
s 17 92 -28
v 17 92 -110
s 17 93 -155
v 17 93 -670
s 17 94 16
v 17 94 -238
s 17 95 21
v 17 95 17
s 17 96 -33
v 17 96 -368
s 17 97 64
v 17 97 -65
s 17 98 -54
v 17 98 -54
s 17 99 -26
v 17 99 171
s 17 100 -163
v 17 100 334
s 17 101 -143
v 17 101 253
s 17 102 88
v 17 102 111
s 17 103 47
v 17 103 280
s 17 104 -32
v 17 104 252
s 17 105 -91
v 17 105 -306
s 17 106 14
v 17 106 -197
s 17 107 -134
v 17 107 -154
s 17 108 259
v 17 108 13
s 17 109 -36
v 17 109 50
s 17 110 -8
v 17 110 310
s 17 111 -191
v 17 111 -268
s 17 112 -56
v 17 112 151
s 17 113 -62
v 17 113 -121
s 17 114 -42
v 17 114 -44
s 17 119 48
v 17 119 480
s 17 120 -24
v 17 120 8
s 17 121 88
v 17 121 -133
s 17 123 63
v 17 123 261
s 17 126 62
v 17 126 349
s 17 128 -53
v 17 128 379
s 17 129 -13
v 17 129 104
s 17 131 57
v 17 131 -173
s 17 135 136
v 17 135 472
s 17 136 -103
v 17 136 -355
s 17 137 -27
v 17 137 261
s 17 138 -22
v 17 138 -227
v 17 145 13
s 17 155 -117
v 17 155 258
s 18 19 170
v 18 19 7
s 18 20 -168
v 18 20 -475
s 18 21 -26
v 18 21 -355
s 18 22 -61
v 18 22 6
s 18 23 -7
v 18 23 -174
s 18 25 -35
v 18 25 -83
s 18 26 -206
v 18 26 -52
s 18 27 86
v 18 27 -182
s 18 28 62
v 18 28 -455
s 18 29 -144
v 18 29 184
s 18 30 -99
v 18 30 116
s 18 31 -12
v 18 31 -16
s 18 32 195
v 18 32 348
s 18 33 -227
v 18 33 330
s 18 34 -146
v 18 34 -448
s 18 35 -164
v 18 35 -141
s 18 36 453
v 18 36 123
s 18 37 19
v 18 37 414
s 18 38 106
v 18 38 293
s 18 39 -42
v 18 39 -110
s 18 40 13
v 18 40 100
s 18 41 -64
v 18 41 187
v 18 42 -538
s 18 43 -132
v 18 43 173
s 18 44 -26
v 18 44 243
s 18 45 -128
v 18 45 -243
s 18 46 -138
v 18 46 -329
s 18 47 -44
v 18 47 -652
s 18 48 -147
v 18 48 119
s 18 49 68
v 18 49 -604
s 18 50 -77
v 18 50 -96
s 18 51 -11
v 18 51 224
s 18 52 -48
v 18 52 309
s 18 53 -187
v 18 53 54
s 18 54 -51
v 18 54 -469
s 18 55 -72
v 18 55 617
s 18 56 -30
v 18 56 -343
s 18 57 -57
v 18 57 169
s 18 58 -7
v 18 58 -242
s 18 59 75
v 18 59 -67
s 18 60 6
v 18 60 -395
s 18 61 -38
v 18 61 90
s 18 62 232
v 18 62 -34
s 18 63 100
v 18 63 -314
s 18 64 -39
v 18 64 -579
s 18 65 16
v 18 66 90
s 18 67 24
v 18 67 -63
s 18 68 -52
v 18 68 -82
v 18 69 -267
s 18 70 -27
v 18 70 -386
s 18 71 326
v 18 71 -438
s 18 72 17
v 18 72 -107
s 18 73 -101
v 18 73 -148
s 18 74 178
v 18 74 -308
s 18 75 105
v 18 75 -193
s 18 76 91
v 18 76 -363
v 18 77 76
s 18 78 -35
v 18 78 105
s 18 79 74
v 18 79 225
s 18 80 -47
v 18 80 -78
s 18 81 -5
v 18 81 393
s 18 82 53
v 18 82 290
s 18 83 34
v 18 83 -428
s 18 84 -23
v 18 84 -975
s 18 85 148
v 18 85 -30
s 18 86 -83
v 18 86 -352
s 18 87 128
v 18 87 -83
s 18 88 131
v 18 88 461
s 18 89 24
v 18 89 32
s 18 90 -144
v 18 90 200
s 18 91 15
v 18 91 -168
s 18 92 59
v 18 92 -131
s 18 93 76
v 18 93 50
s 18 94 -30
v 18 94 79
s 18 95 -24
v 18 95 -123
s 18 96 98
v 18 96 180
s 18 97 -167
v 18 97 -83
s 18 98 12
v 18 98 -119
s 18 99 -9
v 18 99 -311
s 18 100 102
v 18 100 6
s 18 101 -21
v 18 101 579
s 18 102 34
v 18 102 270
s 18 103 54
v 18 103 -229
v 18 104 775
s 18 105 134
v 18 105 -704
s 18 106 24
v 18 106 -33
s 18 107 -21
v 18 107 426
s 18 108 75
v 18 108 307
s 18 109 -46
v 18 109 -180
s 18 110 92
v 18 110 -582
s 18 111 -22
v 18 111 175
s 18 112 -108
v 18 112 -320
s 18 113 98
v 18 113 74
s 18 114 -30
v 18 114 -458
s 18 119 -83
v 18 119 298
s 18 120 93
v 18 120 -500
s 18 121 44
v 18 121 482
s 18 123 -103
v 18 123 -120
s 18 126 -155
v 18 126 688
s 18 128 -210
v 18 128 521
s 18 129 -59
v 18 129 607
s 18 131 -15
v 18 131 555
s 18 135 66
v 18 135 153
s 18 136 110
v 18 136 293
s 18 137 55
v 18 137 525
s 18 138 -84
v 18 138 110
s 18 145 16
s 18 155 -24
v 18 155 -30
s 19 20 55
v 19 20 -13
s 19 21 -114
v 19 21 331
s 19 22 -74
v 19 22 -137
v 19 23 297
s 19 25 44
v 19 25 -339
s 19 26 -47
v 19 26 -55
s 19 27 -25
v 19 27 -592
s 19 28 -40
v 19 28 -434
s 19 29 -249
v 19 29 31
v 19 30 -342
v 19 31 -140
s 19 32 -129
v 19 32 -155
s 19 33 -52
v 19 33 -49
s 19 34 98
v 19 34 -645
s 19 35 -214
v 19 35 142
s 19 36 184
v 19 36 -398
v 19 37 -80
s 19 38 26
v 19 38 68
s 19 39 170
v 19 39 -36
v 19 40 -613
s 19 41 39
v 19 41 489
s 19 42 -17
v 19 42 59
s 19 43 41
v 19 43 -254
s 19 44 127
v 19 44 -51
s 19 45 -48
v 19 45 -209
s 19 46 26
v 19 46 -371
s 19 47 -94
v 19 47 -12
s 19 48 -53
v 19 48 -213
s 19 49 42
v 19 49 -141
s 19 50 -98
v 19 50 -279
s 19 51 23
v 19 51 51
s 19 52 14
v 19 52 52
s 19 53 11
v 19 53 -295
s 19 54 33
v 19 54 -850
s 19 55 76
v 19 55 324
s 19 56 68
v 19 56 163
s 19 57 -15
v 19 57 50
s 19 58 54
v 19 58 -8
s 19 59 -5
v 19 59 -114
s 19 60 -80
v 19 60 -18
s 19 61 -23
v 19 61 361
v 19 62 -153
s 19 63 -16
s 19 64 31
v 19 64 276
s 19 65 -26
v 19 65 106
s 19 66 -8
v 19 66 -12
s 19 67 -30
v 19 67 -169
v 19 68 -184
s 19 69 47
v 19 69 -64
v 19 70 -66
s 19 71 -21
v 19 71 133
s 19 72 -10
v 19 72 -157
s 19 73 -7
v 19 73 -34
s 19 74 177
v 19 74 347
s 19 75 128
v 19 75 73
s 19 76 -49
v 19 76 44
s 19 77 65
v 19 77 29
s 19 78 27
v 19 78 -128
s 19 79 -39
v 19 79 -70
s 19 80 -6
v 19 80 133
s 19 81 6
v 19 81 -83
s 19 82 7
v 19 82 -205
s 19 83 -9
v 19 83 136
s 19 84 32
v 19 84 119
s 19 85 104
v 19 85 -154
s 19 86 8
v 19 86 139
s 19 87 -69
v 19 87 -16
s 19 88 -166
v 19 88 455
s 19 89 12
v 19 89 -7
s 19 90 43
v 19 90 -36
s 19 91 -84
v 19 91 95
s 19 92 -31
v 19 92 187
s 19 93 -5
v 19 93 710
s 19 94 -80
v 19 94 -64
s 19 95 -19
v 19 95 -61
s 19 96 -89
v 19 96 -490
s 19 97 17
v 19 97 593
s 19 98 74
v 19 98 -371
s 19 99 -27
v 19 99 432
s 19 100 145
v 19 100 122
s 19 101 -94
v 19 101 42
s 19 102 37
v 19 102 233
s 19 103 22
v 19 103 -301
s 19 104 176
v 19 104 170
s 19 105 -17
v 19 105 267
s 19 106 -56
v 19 106 -362
s 19 107 -82
v 19 107 -243
s 19 108 180
v 19 108 -163
s 19 109 72
v 19 109 -197
s 19 110 -63
v 19 110 -276
s 19 111 31
v 19 111 -271
s 19 112 30
v 19 112 -217
s 19 113 135
v 19 113 -151
s 19 114 107
v 19 114 92
s 19 119 15
v 19 119 514
s 19 120 75
v 19 120 -186
s 19 121 -52
v 19 121 -503
s 19 123 -26
v 19 123 732
s 19 126 -88
v 19 126 -51
s 19 128 -67
v 19 128 96
s 19 129 -89
v 19 129 80
s 19 131 56
v 19 131 103
s 19 135 143
v 19 135 234
s 19 136 -42
v 19 136 429
s 19 137 -55
v 19 137 164
s 19 138 33
v 19 138 -159
s 19 145 104
v 19 145 -113
s 19 155 30
v 19 155 -206
s 20 21 10
v 20 21 402
s 20 22 -137
v 20 22 59
s 20 23 9
v 20 23 -234
s 20 25 44
v 20 25 507
s 20 26 14
v 20 26 410
s 20 27 -189
v 20 27 -328
s 20 28 167
v 20 28 758
s 20 29 21
v 20 29 -303
s 20 30 -66
v 20 30 86
s 20 31 93
v 20 31 -174
s 20 32 -27
v 20 32 -88
s 20 33 -16
v 20 33 51
s 20 34 67
v 20 34 514
s 20 35 237
v 20 35 323
s 20 36 -38
v 20 36 -359
s 20 37 58
v 20 37 -50
s 20 38 75
v 20 38 87
s 20 39 26
v 20 39 543
s 20 40 -163
v 20 40 -371
s 20 41 -65
v 20 41 84
s 20 42 43
v 20 42 -209
s 20 43 -114
s 20 44 -66
v 20 44 72
s 20 45 -12
v 20 45 124
s 20 46 179
v 20 46 -314
s 20 47 31
v 20 47 -198
s 20 48 214
v 20 48 -55
s 20 49 163
v 20 49 -865
s 20 50 64
v 20 50 120
s 20 51 -20
v 20 51 -6
s 20 52 65
v 20 52 17
s 20 53 6
v 20 53 346
s 20 54 -240
v 20 54 -310
s 20 55 -102
v 20 55 -502
s 20 56 66
v 20 56 392
s 20 57 160
v 20 57 -281
s 20 58 18
v 20 58 68
s 20 59 -46
v 20 59 325
s 20 60 231
v 20 60 358
s 20 61 6
v 20 61 -269
s 20 62 -108
v 20 62 588
s 20 63 89
v 20 63 56
s 20 64 32
v 20 64 -111
s 20 65 9
v 20 65 10
s 20 66 -17
v 20 66 -100
s 20 67 -70
v 20 67 -584
s 20 68 -52
v 20 68 56
s 20 69 -229
v 20 69 -137
v 20 70 297
s 20 71 -176
v 20 71 121
s 20 72 88
v 20 72 97
s 20 73 42
v 20 73 171
s 20 74 -66
v 20 74 265
s 20 75 21
v 20 75 -61
s 20 76 -246
v 20 76 316
s 20 77 32
v 20 77 -93
s 20 78 -138
v 20 78 -233
s 20 79 26
v 20 79 243
v 20 80 334
s 20 81 -25
v 20 81 -241
s 20 82 -30
v 20 82 65
s 20 83 89
v 20 83 -83
s 20 84 135
v 20 84 87
s 20 85 111
v 20 85 -141
s 20 86 8
v 20 86 -328
s 20 87 124
v 20 87 -127
s 20 88 -25
v 20 88 57
s 20 89 25
v 20 89 34
s 20 90 -122
v 20 90 -310
s 20 91 29
v 20 91 358
s 20 92 30
v 20 92 -14
s 20 93 74
v 20 93 -10
s 20 94 6
v 20 94 179
s 20 95 -25
v 20 95 -168
s 20 96 84
v 20 96 36
s 20 97 73
v 20 97 55
s 20 98 -79
v 20 98 457
s 20 99 -62
v 20 99 -182
s 20 100 26
v 20 100 65
s 20 101 12
v 20 101 163
s 20 102 -91
v 20 102 9
s 20 103 13
v 20 103 27
s 20 104 -27
v 20 104 361
s 20 105 97
v 20 105 -59
s 20 106 -103
v 20 106 -238
s 20 107 104
v 20 107 -296
s 20 108 29
v 20 108 -231
s 20 109 10
v 20 109 -194
s 20 110 97
v 20 110 54
s 20 111 -83
v 20 111 249
s 20 112 -151
v 20 112 -412
s 20 113 19
v 20 113 -464
s 20 114 8
v 20 114 -129
s 20 119 90
v 20 119 111
s 20 120 22
v 20 120 56
s 20 121 90
v 20 121 220
s 20 123 8
v 20 123 317
s 20 126 -51
v 20 126 -216
s 20 128 323
v 20 128 -426
s 20 129 48
v 20 129 -143
v 20 131 183
s 20 135 -13
v 20 135 226
s 20 136 -31
v 20 136 -117
s 20 137 -200
v 20 137 45
s 20 138 44
v 20 138 30
s 20 145 22
v 20 145 -268
s 20 155 49
v 20 155 -18
s 21 22 -122
v 21 22 -560
s 21 23 -122
v 21 23 130
s 21 25 17
v 21 25 128
s 21 26 11
v 21 26 -462
s 21 27 -132
v 21 27 -110
s 21 28 81
v 21 28 365
s 21 29 297
v 21 29 -849
s 21 30 -24
v 21 30 -124
s 21 31 -32
v 21 31 -360
s 21 32 45
v 21 32 -203
s 21 33 30
v 21 33 -832
v 21 34 -225
s 21 35 -119
v 21 35 -22
s 21 36 140
v 21 36 236
s 21 37 137
v 21 37 232
s 21 38 -45
v 21 38 -52
s 21 39 -148
v 21 39 -24
v 21 40 -22
s 21 41 72
v 21 41 -621
s 21 42 -87
v 21 42 69
s 21 43 -88
v 21 43 667
s 21 44 -265
v 21 44 -103
s 21 45 -24
v 21 45 -260
s 21 46 202
v 21 46 -130
s 21 47 62
v 21 47 490
s 21 48 -49
v 21 48 -353
s 21 49 -69
v 21 49 -41
s 21 50 264
v 21 50 42
s 21 51 -83
v 21 51 -6
s 21 52 112
v 21 52 230
s 21 53 -331
v 21 53 -437
s 21 54 280
v 21 54 129
s 21 55 -54
v 21 55 252
s 21 56 -42
v 21 56 366
s 21 57 26
v 21 57 -27
s 21 58 72
v 21 58 101
v 21 59 295
s 21 60 -109
v 21 60 166
s 21 61 15
v 21 61 -245
s 21 62 138
v 21 62 -139
s 21 63 21
v 21 63 -295
s 21 64 -153
v 21 64 586
s 21 65 15
v 21 65 80
s 21 66 16
v 21 66 -144
s 21 67 97
v 21 67 -643
s 21 68 307
v 21 68 417
s 21 69 -103
v 21 69 340
s 21 70 8
v 21 70 294
s 21 71 -27
v 21 71 -384
s 21 72 -242
v 21 72 540
s 21 73 -23
v 21 73 188
s 21 74 -120
v 21 74 -55
s 21 75 30
v 21 75 310
s 21 76 -45
v 21 76 -100
s 21 77 -128
v 21 77 -53
s 21 78 149
v 21 78 -27
s 21 79 16
v 21 79 -23
s 21 80 141
v 21 80 78
s 21 81 137
v 21 81 282
s 21 82 56
v 21 82 185
v 21 83 572
s 21 84 10
v 21 84 -580
s 21 85 256
v 21 85 1032
s 21 86 -151
v 21 86 353
s 21 87 217
v 21 87 361
s 21 88 216
v 21 88 -726
s 21 89 36
v 21 89 311
s 21 90 52
v 21 90 179
s 21 91 237
v 21 91 -6
s 21 92 30
v 21 92 -189
s 21 93 338
v 21 93 656
s 21 94 13
v 21 94 -105
s 21 95 12
v 21 95 299
s 21 96 186
v 21 96 -376
s 21 97 131
v 21 97 -17
s 21 98 34
v 21 98 157
s 21 99 21
v 21 99 -422
s 21 100 70
v 21 100 381
s 21 101 57
v 21 101 122
s 21 102 48
v 21 102 80
s 21 103 -39
v 21 103 -203
s 21 104 32
v 21 104 -392
s 21 105 19
v 21 105 -583
s 21 106 43
v 21 106 -106
s 21 107 200
v 21 107 -209
s 21 108 -94
v 21 108 441
s 21 109 -367
v 21 109 -779
s 21 110 74
v 21 110 -36
s 21 111 -33
v 21 111 -13
s 21 112 -194
v 21 112 167
s 21 113 -13
v 21 113 -67
s 21 114 -51
v 21 114 643
s 21 119 -21
v 21 119 434
s 21 120 60
v 21 120 -42
s 21 121 51
v 21 121 69
s 21 123 -75
v 21 123 798
s 21 126 -51
v 21 126 -408
s 21 128 -153
v 21 128 77
s 21 129 118
v 21 129 -422
s 21 131 -163
v 21 131 428
s 21 135 148
v 21 135 670
s 21 136 -123
v 21 136 192
s 21 137 -145
v 21 137 -39
s 21 138 64
v 21 138 58
v 21 145 21
s 21 155 -103
v 21 155 145
s 22 23 -48
v 22 23 147
s 22 25 177
v 22 25 -52
s 22 26 85
v 22 26 9
v 22 27 241
s 22 28 -71
v 22 28 -60
s 22 29 -232
v 22 29 -127
s 22 30 86
v 22 30 -275
s 22 31 -71
v 22 31 -465
s 22 32 89
v 22 32 602
v 22 33 -55
s 22 34 -127
v 22 34 -161
s 22 35 -105
v 22 35 605
s 22 36 -341
v 22 36 -267
s 22 37 -125
v 22 37 -186
s 22 38 18
v 22 38 -110
s 22 39 389
v 22 39 398
s 22 40 -135
v 22 40 63
s 22 41 97
v 22 41 -572
s 22 42 251
v 22 42 -321
s 22 43 71
v 22 43 -269
s 22 44 244
v 22 44 -160
s 22 45 -30
v 22 45 266
s 22 46 -14
v 22 46 -413
s 22 47 45
v 22 47 -49
s 22 48 128
v 22 48 437
s 22 49 -126
v 22 49 -515
s 22 50 67
v 22 50 -275
s 22 51 -46
v 22 51 -321
s 22 52 -15
v 22 52 151
s 22 53 120
v 22 53 289
s 22 54 -57
v 22 54 -555
s 22 55 -120
v 22 55 -74
s 22 56 37
v 22 56 646
s 22 57 26
v 22 57 -326
s 22 58 58
v 22 58 -607
s 22 59 -81
v 22 59 314
s 22 60 -71
v 22 60 114
s 22 61 58
v 22 61 251
s 22 62 -12
v 22 62 -384
s 22 63 -23
v 22 63 525
s 22 64 -108
v 22 64 -339
s 22 65 28
v 22 65 -248
s 22 66 54
v 22 66 -19
s 22 67 -36
v 22 67 -53
s 22 68 98
v 22 68 -180
s 22 69 71
v 22 69 118
s 22 70 16
v 22 70 497
s 22 71 -45
v 22 71 -109
s 22 72 -101
v 22 72 -452
s 22 73 -40
v 22 73 -54
s 22 74 321
v 22 74 219
s 22 75 -58
v 22 75 -180
s 22 76 312
v 22 76 319
s 22 77 30
v 22 77 130
s 22 78 -74
v 22 78 336
v 22 79 203
s 22 80 65
s 22 81 -30
v 22 81 43
s 22 82 -29
v 22 82 -99
s 22 83 224
v 22 83 -380
s 22 84 -66
v 22 84 275
s 22 85 -235
v 22 85 -151
s 22 86 292
v 22 86 529
s 22 87 -104
v 22 87 -34
s 22 88 -79
v 22 88 199
s 22 89 -14
v 22 89 -79
s 22 90 5
v 22 90 -39
v 22 91 -97
s 22 92 -40
v 22 92 -266
s 22 93 -14
v 22 93 -79
s 22 94 -68
v 22 94 -138
s 22 95 70
v 22 95 81
s 22 96 19
v 22 96 -187
s 22 97 154
v 22 97 97
s 22 98 45
v 22 98 431
s 22 99 82
v 22 99 -283
s 22 100 -221
v 22 100 229
s 22 101 59
v 22 101 75
s 22 102 -55
v 22 102 -317
s 22 103 6
v 22 103 57
s 22 104 54
v 22 104 148
s 22 105 -7
v 22 105 634
s 22 106 130
v 22 106 -117
s 22 107 -87
v 22 107 -403
s 22 108 61
v 22 108 297
s 22 109 -363
v 22 109 -14
s 22 110 -119
v 22 110 592
s 22 111 -6
v 22 111 145
s 22 112 -61
v 22 112 -104
s 22 113 79
v 22 113 -50
s 22 114 -152
v 22 114 272
s 22 119 -107
v 22 119 195
s 22 120 32
v 22 120 -64
s 22 121 109
v 22 121 -57
s 22 123 -403
v 22 123 623
s 22 126 -80
v 22 126 -187
s 22 128 66
v 22 128 81
s 22 129 116
v 22 129 -376
s 22 131 -35
v 22 131 226
s 22 135 125
v 22 135 -160
s 22 136 -8
v 22 136 -500
s 22 137 39
v 22 137 -279
s 22 138 134
v 22 138 206
v 22 145 173
s 22 155 -114
v 22 155 -340
s 23 25 -68
v 23 25 272
s 23 26 71
v 23 26 187
s 23 27 104
v 23 27 209
s 23 28 -83
v 23 28 96
s 23 29 -72
v 23 29 280
s 23 30 55
v 23 30 -181
s 23 31 -54
v 23 31 -482
s 23 32 65
v 23 32 259
s 23 33 -47
v 23 33 214
s 23 34 12
v 23 34 79
s 23 35 -111
v 23 35 -81
s 23 36 -53
v 23 36 -375
v 23 37 281
s 23 38 33
v 23 38 -319
s 23 39 30
v 23 39 346
s 23 40 60
v 23 40 210
s 23 41 -11
v 23 41 -148
s 23 42 -36
v 23 42 787
s 23 43 32
v 23 43 10
s 23 44 52
v 23 44 91
s 23 45 -11
v 23 45 -157
s 23 46 -39
v 23 46 421
s 23 47 24
v 23 47 -149
s 23 48 82
v 23 48 251
s 23 49 -61
v 23 49 -336
s 23 50 132
v 23 50 -37
s 23 51 -73
v 23 51 181
s 23 52 -90
v 23 52 -101
s 23 53 62
v 23 53 155
s 23 54 83
v 23 54 -624
s 23 55 -38
v 23 55 117
s 23 56 -22
v 23 56 10
s 23 57 30
v 23 57 -147
v 23 58 252
s 23 59 -10
v 23 59 -210
s 23 60 19
v 23 60 108
s 23 61 42
v 23 61 -28
s 23 62 6
v 23 62 -36
s 23 63 40
v 23 63 342
s 23 64 12
v 23 64 -169
v 23 65 70
s 23 66 -14
s 23 67 172
v 23 67 -62
s 23 68 43
v 23 68 -214
s 23 69 44
v 23 69 -55
s 23 70 -33
v 23 70 -82
s 23 71 117
v 23 71 -487
s 23 72 -10
v 23 72 -335
s 23 73 -94
v 23 73 310
s 23 74 31
v 23 74 473
s 23 75 91
v 23 75 561
s 23 76 -66
v 23 76 -294
s 23 77 29
v 23 77 -46
s 23 78 -12
v 23 78 -237
s 23 79 -14
v 23 79 98
s 23 80 15
v 23 80 25
s 23 81 -6
v 23 81 186
s 23 82 -46
v 23 82 229
s 23 83 -69
v 23 83 -29
s 23 84 362
v 23 84 -179
s 23 85 -43
v 23 85 88
s 23 86 -238
v 23 86 -474
s 23 87 -171
v 23 87 -16
s 23 88 141
v 23 88 195
s 23 89 13
s 23 90 18
v 23 90 -356
s 23 91 23
v 23 91 148
s 23 92 -28
v 23 92 199
s 23 93 11
s 23 94 51
v 23 94 140
s 23 95 -37
v 23 95 -61
s 23 96 5
v 23 96 91
s 23 97 -120
v 23 97 -281
s 23 98 -14
v 23 98 -65
s 23 99 -40
v 23 99 -322
s 23 100 -31
v 23 100 355
v 23 101 51
s 23 102 53
v 23 102 -8
s 23 103 -32
v 23 103 47
s 23 104 -80
v 23 104 238
s 23 105 -211
v 23 105 -114
s 23 106 -130
v 23 106 -222
s 23 107 66
v 23 107 -131
v 23 108 -372
s 23 109 -13
v 23 109 -25
s 23 110 -12
v 23 110 -123
s 23 111 108
v 23 111 -367
s 23 112 -64
v 23 112 128
s 23 113 -18
v 23 113 92
s 23 114 5
v 23 114 66
s 23 119 13
v 23 119 -209
s 23 120 -28
v 23 120 203
s 23 121 -70
v 23 121 368
s 23 123 -154
v 23 123 -173
s 23 126 -105
v 23 126 -316
s 23 128 -29
v 23 128 -308
s 23 129 -20
v 23 129 155
s 23 131 177
v 23 131 -192
s 23 135 -27
v 23 135 144
s 23 136 -12
v 23 136 74
s 23 137 -54
v 23 137 120
v 23 138 20
s 23 145 48
v 23 145 -85
s 23 155 -9
v 23 155 186
s 25 26 515
v 25 26 -122
s 25 27 125
v 25 27 834
s 25 28 93
v 25 28 -247
s 25 29 173
v 25 29 -410
s 25 30 169
v 25 30 -209
s 25 31 -350
v 25 31 -155
s 25 32 148
v 25 32 133
s 25 33 -52
v 25 33 -724
s 25 34 -44
v 25 34 -139
s 25 35 -75
v 25 35 -712
s 25 36 88
v 25 36 242
s 25 37 212
v 25 37 507
s 25 38 -45
v 25 38 -88
s 25 39 -98
v 25 39 106
s 25 40 67
v 25 40 -189
s 25 41 234
v 25 41 171
s 25 42 18
v 25 42 9
s 25 43 -95
v 25 43 440
s 25 44 277
v 25 44 89
s 25 45 99
v 25 45 217
s 25 46 -63
v 25 46 17
s 25 47 119
v 25 47 438
s 25 48 -8
v 25 48 308
s 25 49 -90
v 25 49 -316
s 25 50 -52
v 25 50 -468
s 25 51 -84
v 25 51 400
s 25 52 43
v 25 52 222
s 25 53 -53
v 25 53 -318
s 25 54 486
v 25 54 77
s 25 55 35
v 25 55 418
s 25 56 90
v 25 56 -173
s 25 57 80
v 25 57 174
s 25 58 -107
v 25 58 -81
s 25 59 14
v 25 59 -130
s 25 60 75
v 25 60 133
s 25 61 114
v 25 61 149
s 25 62 53
v 25 62 -240
s 25 63 27
v 25 63 -185
s 25 64 -63
v 25 64 -278
s 25 65 -53
v 25 65 -110
s 25 66 -6
v 25 66 313
s 25 67 54
v 25 67 -569
s 25 68 -57
v 25 68 118
s 25 69 16
v 25 69 1082
s 25 70 -222
v 25 70 -232
s 25 71 239
v 25 71 -120
s 25 72 -101
v 25 72 -255
v 25 73 -41
s 25 74 -183
v 25 74 -947
s 25 75 183
v 25 75 123
s 25 76 -61
v 25 76 -118
s 25 77 75
v 25 77 196
s 25 78 -57
s 25 79 30
v 25 79 -154
s 25 80 -64
v 25 80 81
s 25 81 -148
v 25 81 -398
s 25 82 -13
v 25 82 -119
s 25 83 -56
v 25 83 -177
s 25 84 -134
v 25 84 -176
s 25 85 -265
v 25 85 299
s 25 86 -193
v 25 86 357
s 25 87 33
v 25 87 405
s 25 88 25
v 25 88 335
s 25 89 23
v 25 89 121
s 25 90 11
v 25 90 358
s 25 91 12
v 25 91 -31
s 25 92 81
v 25 92 -299
s 25 93 97
v 25 93 669
s 25 94 -60
v 25 94 -23
s 25 95 177
v 25 95 209
s 25 96 112
v 25 96 -436
s 25 97 -75
v 25 97 -223
s 25 98 -54
v 25 98 -250
s 25 99 56
v 25 99 438
s 25 100 169
v 25 100 -694
s 25 101 -124
v 25 101 79
s 25 102 -101
v 25 102 82
s 25 103 -18
v 25 103 -102
s 25 104 92
v 25 104 -31
s 25 105 13
v 25 105 905
s 25 106 -144
v 25 106 433
s 25 107 -109
v 25 107 22
s 25 108 -135
v 25 108 -134
s 25 109 -171
v 25 109 -238
s 25 110 -172
v 25 110 671
s 25 111 8
v 25 111 -136
v 25 112 -77
v 25 113 -370
s 25 114 -29
v 25 114 344
s 25 119 31
v 25 119 -120
s 25 120 26
v 25 120 173
s 25 121 -79
v 25 121 -161
s 25 123 68
v 25 123 263
s 25 126 -106
v 25 126 -570
s 25 128 33
v 25 128 -155
s 25 129 195
v 25 129 -185
s 25 131 -116
v 25 131 328
s 25 135 8
v 25 135 298
s 25 136 74
v 25 136 -208
s 25 137 -104
v 25 137 417
s 25 138 -168
v 25 138 -40
s 25 145 -106
v 25 145 187
s 25 155 44
v 25 155 -36
s 26 27 -333
v 26 27 -321
s 26 28 79
v 26 28 -334
s 26 29 -108
v 26 29 -556
s 26 30 -96
v 26 30 487
s 26 31 -90
v 26 31 -418
s 26 32 -78
v 26 32 78
s 26 33 282
v 26 33 283
s 26 34 76
v 26 34 91
s 26 35 264
v 26 35 -416
s 26 36 -162
v 26 36 -5
s 26 37 75
v 26 37 -164
s 26 38 -112
v 26 38 -152
s 26 39 -27
v 26 39 41
s 26 40 -83
v 26 40 -35
s 26 41 49
v 26 41 839
s 26 42 5
v 26 42 -616
s 26 43 -9
v 26 43 -145
s 26 44 -5
v 26 44 -557
s 26 45 -58
v 26 45 59
s 26 46 -8
v 26 46 -315
s 26 47 188
v 26 47 43
s 26 48 272
v 26 48 182
s 26 49 -364
v 26 49 -607
s 26 50 -173
v 26 50 -502
s 26 51 44
v 26 51 391
s 26 52 50
v 26 52 332
v 26 53 277
s 26 54 -65
v 26 54 776
s 26 55 49
v 26 55 -31
s 26 56 -10
v 26 56 -160
v 26 57 -431
s 26 58 61
v 26 58 -170
s 26 59 89
v 26 59 -12
s 26 60 -204
v 26 60 -125
s 26 61 -27
v 26 61 507
s 26 62 33
v 26 62 -76
v 26 63 400
s 26 64 135
v 26 64 -176
s 26 65 12
v 26 65 -121
s 26 66 -11
v 26 66 -84
s 26 67 52
v 26 67 -812
s 26 68 28
v 26 68 -272
s 26 69 -185
v 26 69 -257
s 26 70 185
v 26 70 339
s 26 71 -173
v 26 71 139
s 26 72 -43
v 26 72 58
s 26 73 41
v 26 73 -447
s 26 74 -89
v 26 74 -14
s 26 75 52
v 26 75 146
s 26 76 -151
v 26 76 -127
s 26 77 80
v 26 77 -213
s 26 78 75
v 26 78 323
s 26 79 -62
v 26 79 -117
s 26 80 -11
v 26 80 118
s 26 81 7
v 26 81 -262
s 26 82 -67
v 26 82 181
s 26 83 -12
v 26 83 -343
s 26 84 29
v 26 84 -403
s 26 85 87
v 26 85 508
s 26 86 21
v 26 86 -1170
s 26 87 -308
v 26 87 -92
s 26 88 -370
v 26 88 351
s 26 89 -49
v 26 89 -61
s 26 90 -21
v 26 90 -547
s 26 91 13
v 26 91 -30
s 26 92 28
v 26 92 -139
s 26 93 -100
v 26 93 432
s 26 94 -59
v 26 94 63
s 26 95 101
v 26 95 -55
s 26 96 -94
v 26 96 -259
s 26 97 -135
v 26 97 303
s 26 98 255
v 26 98 377
s 26 99 158
v 26 99 -63
s 26 100 31
v 26 100 -347
v 26 101 334
s 26 102 -149
v 26 102 -447
s 26 103 53
v 26 103 152
s 26 104 -355
v 26 104 764
s 26 105 -66
v 26 105 15
s 26 106 78
v 26 106 -744
s 26 107 -108
v 26 107 688
s 26 108 202
v 26 108 -78
s 26 109 425
v 26 109 274
s 26 110 262
v 26 110 489
s 26 111 -25
v 26 111 156
s 26 112 -88
v 26 112 -604
s 26 113 -162
v 26 113 -332
s 26 114 123
v 26 114 -44
s 26 119 79
v 26 119 28
s 26 120 -195
v 26 120 103
s 26 121 146
v 26 121 -186
s 26 123 -206
v 26 123 99
s 26 126 34
v 26 126 491
s 26 128 -66
v 26 128 159
s 26 129 -141
v 26 129 77
s 26 131 114
v 26 131 64
s 26 135 241
v 26 135 -234
s 26 136 -30
v 26 136 -30
s 26 137 126
v 26 137 312
s 26 138 81
v 26 138 263
s 26 145 27
v 26 145 668
s 26 155 -29
v 26 155 228
s 27 28 31
v 27 28 539
v 27 29 -205
s 27 30 26
v 27 30 193
s 27 31 -155
v 27 31 -198
s 27 32 93
v 27 32 673
s 27 33 -13
v 27 33 -318
s 27 34 87
v 27 34 300
s 27 35 407
v 27 35 68
s 27 36 59
v 27 36 -78
s 27 37 -141
v 27 37 -183
s 27 38 -97
v 27 38 -20
s 27 39 256
v 27 39 878
s 27 40 126
v 27 40 103
s 27 41 -136
v 27 41 514
s 27 42 89
v 27 42 -619
s 27 43 78
v 27 43 -164
s 27 44 134
v 27 44 -267
s 27 45 -25
v 27 45 -383
s 27 46 -157
v 27 46 688
s 27 47 -53
v 27 47 55
s 27 48 41
v 27 48 -646
s 27 49 -106
v 27 49 -178
v 27 50 -95
s 27 51 -12
v 27 51 -50
s 27 52 24
v 27 52 -98
s 27 53 135
v 27 53 -24
s 27 54 -110
v 27 54 -136
s 27 55 69
v 27 55 -1010
s 27 56 -85
v 27 56 -125
s 27 57 -70
v 27 57 -210
s 27 58 -35
v 27 58 -66
s 27 59 -90
v 27 59 346
s 27 60 -328
v 27 60 -222
s 27 61 58
v 27 61 172
s 27 62 13
v 27 62 238
s 27 63 43
v 27 63 -12
s 27 64 -68
v 27 64 37
s 27 65 -53
v 27 65 -6
v 27 66 112
s 27 67 -287
v 27 67 -627
s 27 68 9
v 27 68 124
v 27 69 -391
s 27 70 -107
v 27 70 868
s 27 71 -431
v 27 71 18
s 27 72 -120
v 27 72 281
s 27 73 25
v 27 73 -442
v 27 74 -32
s 27 75 104
v 27 75 -816
s 27 76 -143
v 27 76 75
s 27 77 78
v 27 77 22
s 27 78 64
v 27 78 -38
s 27 79 -50
v 27 79 203
s 27 80 -78
v 27 80 -263
s 27 81 54
v 27 81 33
s 27 82 -56
v 27 82 -379
s 27 83 -68
v 27 83 -377
s 27 84 -168
v 27 84 -407
s 27 85 133
v 27 85 626
s 27 86 -175
v 27 86 429
v 27 87 -245
s 27 88 -182
v 27 88 779
s 27 89 16
v 27 89 -282
s 27 90 79
v 27 90 201
s 27 91 -129
v 27 91 -48
s 27 92 6
v 27 92 -260
s 27 93 -326
v 27 93 79
s 27 94 24
v 27 94 -33
s 27 95 -69
v 27 95 273
s 27 96 138
v 27 96 512
s 27 97 366
v 27 97 -222
s 27 98 145
v 27 98 -95
s 27 99 -82
v 27 99 333
s 27 100 49
v 27 100 31
s 27 101 -121
v 27 101 -136
s 27 102 32
v 27 102 246
s 27 103 -14
v 27 103 -176
s 27 104 -331
v 27 104 -172
v 27 105 228
s 27 106 -20
v 27 106 -225
s 27 107 49
v 27 107 -152
s 27 108 113
v 27 108 77
s 27 109 308
v 27 109 -901
s 27 110 164
v 27 110 329
s 27 111 68
v 27 111 469
s 27 112 156
v 27 112 536
s 27 113 -33
v 27 113 -530
s 27 114 127
v 27 114 -249
s 27 119 62
v 27 119 81
s 27 120 -30
v 27 120 171
s 27 121 63
v 27 121 208
s 27 123 -134
s 27 126 93
v 27 126 51
s 27 128 180
v 27 128 -317
s 27 129 127
v 27 129 -157
s 27 131 13
v 27 131 -125
s 27 135 363
v 27 135 34
s 27 136 222
v 27 136 24
s 27 137 -11
v 27 137 201
s 27 138 -38
v 27 138 -106
s 27 145 73
v 27 145 425
s 27 155 23
v 27 155 113
s 28 29 84
v 28 29 -259
s 28 30 -57
v 28 30 -359
v 28 31 282
s 28 32 -9
v 28 32 -145
s 28 33 30
v 28 33 276
s 28 34 -124
v 28 34 -6
s 28 35 85
v 28 35 215
s 28 36 -15
v 28 36 -172
s 28 37 105
v 28 37 -47
s 28 38 7
v 28 38 -336
s 28 39 -132
v 28 39 -286
s 28 40 53
v 28 40 -149
s 28 41 -64
v 28 41 310
s 28 42 44
v 28 42 -22
s 28 43 26
v 28 43 -190
s 28 44 -15
v 28 44 215
s 28 45 -13
v 28 45 84
s 28 46 -46
v 28 46 145
s 28 47 -64
v 28 47 55
s 28 48 13
v 28 48 -644
s 28 49 -137
v 28 49 -248
s 28 50 142
v 28 50 -180
s 28 51 -32
v 28 51 172
s 28 52 -39
v 28 52 -91
s 28 53 81
v 28 53 -111
s 28 54 -295
v 28 54 605
s 28 55 35
v 28 55 -186
s 28 56 76
v 28 56 206
s 28 57 -17
v 28 57 -32
s 28 58 159
v 28 58 -365
s 28 59 -40
v 28 59 -77
s 28 60 -47
v 28 60 -20
s 28 61 5
v 28 61 -44
s 28 62 -41
v 28 62 -65
s 28 63 -10
v 28 63 89
s 28 64 118
v 28 64 228
v 28 65 -38
s 28 66 -18
v 28 66 106
s 28 67 -40
v 28 67 -28
s 28 68 -225
v 28 68 271
s 28 69 -37
v 28 69 -199
s 28 70 189
v 28 70 71
s 28 71 -92
v 28 71 138
s 28 72 -107
v 28 72 -185
s 28 73 31
v 28 73 8
s 28 74 -222
v 28 74 131
s 28 75 19
v 28 75 317
s 28 76 -49
v 28 76 -103
v 28 77 -53
s 28 78 -41
v 28 78 163
s 28 79 12
v 28 79 59
s 28 80 -69
v 28 80 151
s 28 81 -17
v 28 81 -254
s 28 82 -24
v 28 82 -29
s 28 83 -41
v 28 83 102
s 28 84 -32
v 28 84 -401
s 28 85 40
v 28 85 484
s 28 86 -118
v 28 86 589
s 28 87 96
v 28 87 203
s 28 88 296
v 28 88 74
s 28 89 29
s 28 90 -23
v 28 90 177
s 28 91 -93
v 28 91 109
s 28 92 -45
v 28 92 -76
s 28 93 -164
v 28 93 211
s 28 94 37
v 28 94 -72
s 28 95 -28
v 28 95 -121
v 28 96 -28
s 28 97 47
v 28 97 66
s 28 98 -10
v 28 98 87
s 28 99 -24
v 28 99 -38
s 28 100 -57
v 28 100 325
s 28 101 -29
v 28 101 -252
s 28 102 62
v 28 102 -38
s 28 103 -6
v 28 103 302
s 28 104 98
v 28 104 -337
s 28 105 38
v 28 105 205
s 28 106 32
v 28 106 -198
s 28 107 -14
v 28 107 205
s 28 108 -16
v 28 108 -258
s 28 109 -109
v 28 109 -164
v 28 110 61
s 28 111 -75
v 28 111 120
v 28 112 44
s 28 113 49
v 28 113 252
v 28 114 -324
s 28 119 129
v 28 119 138
s 28 120 60
v 28 120 150
s 28 121 58
v 28 121 40
s 28 123 198
v 28 123 -655
s 28 126 -19
v 28 126 -23
s 28 128 71
v 28 128 119
s 28 129 51
v 28 129 -325
s 28 131 42
v 28 131 204
s 28 135 49
v 28 135 229
s 28 136 -113
v 28 136 108
s 28 137 66
v 28 137 -70
s 28 138 12
v 28 138 -93
s 28 145 52
v 28 145 -157
s 28 155 -20
v 28 155 20
s 29 30 -142
v 29 30 -146
s 29 31 -330
v 29 31 -211
s 29 32 -152
v 29 32 81
s 29 33 -168
v 29 33 465
s 29 34 64
v 29 34 -299
s 29 35 101
v 29 35 -384
s 29 36 -273
v 29 36 -440
s 29 37 291
v 29 37 501
s 29 38 -39
v 29 38 -169
s 29 39 -131
v 29 39 -139
s 29 40 -20
v 29 40 94
s 29 41 33
v 29 41 672
s 29 42 -22
v 29 42 823
s 29 43 17
v 29 43 -830
s 29 44 -12
v 29 44 278
s 29 45 -127
v 29 45 -289
s 29 46 -128
v 29 46 660
s 29 47 41
v 29 47 -415
s 29 48 -246
v 29 48 797
s 29 49 -32
v 29 49 -471
s 29 50 372
v 29 50 -39
s 29 51 -12
v 29 51 -445
s 29 52 118
v 29 52 -357
s 29 53 -19
v 29 53 -213
s 29 54 76
v 29 54 -1353
s 29 55 -162
v 29 55 101
s 29 56 112
v 29 56 -315
s 29 57 32
v 29 57 -64
s 29 58 -65
v 29 58 -125
s 29 59 117
v 29 59 -273
v 29 60 -49
s 29 61 23
v 29 61 224
s 29 62 -27
v 29 62 519
s 29 63 108
v 29 63 -1009
s 29 64 -30
v 29 64 -64
s 29 65 10
v 29 65 189
v 29 66 16
s 29 67 -83
v 29 67 296
s 29 68 11
v 29 68 520
s 29 69 -78
s 29 70 277
v 29 70 -63
s 29 71 209
v 29 71 523
s 29 72 218
v 29 72 104
s 29 73 -58
v 29 73 -236
s 29 74 -12
v 29 74 169
s 29 75 -103
v 29 75 720
s 29 76 136
v 29 76 -403
v 29 77 253
s 29 78 41
v 29 78 -257
s 29 79 44
v 29 79 -306
s 29 80 34
v 29 80 -149
s 29 81 -102
v 29 81 419
s 29 82 -26
v 29 82 132
s 29 83 -93
v 29 83 46
s 29 84 -65
v 29 84 721
s 29 85 355
v 29 85 -359
s 29 86 336
v 29 86 -213
s 29 87 54
v 29 87 -362
s 29 88 105
v 29 88 -233
s 29 89 -50
v 29 89 119
s 29 90 140
v 29 90 756
s 29 91 42
v 29 91 -706
v 29 92 244
s 29 93 -115
v 29 93 -2083
s 29 94 -130
v 29 94 -32
s 29 95 -25
v 29 95 56
s 29 96 -92
v 29 96 204
s 29 97 -88
v 29 97 131
s 29 98 11
v 29 98 -703
s 29 99 -42
v 29 99 -228
s 29 100 179
v 29 100 68
s 29 101 -129
v 29 101 710
s 29 102 -84
v 29 102 -228
s 29 103 -9
v 29 103 96
s 29 104 -51
v 29 104 88
s 29 105 44
v 29 105 650
s 29 106 -31
v 29 106 852
s 29 107 35
v 29 107 823
s 29 108 -68
v 29 108 -307
s 29 109 90
v 29 109 217
s 29 110 22
v 29 110 -27
s 29 111 -10
v 29 111 -74
s 29 112 -210
v 29 112 223
s 29 113 -104
v 29 113 253
s 29 114 77
v 29 114 -129
s 29 119 -263
v 29 119 -587
s 29 120 84
v 29 120 -277
s 29 121 160
v 29 121 -713
s 29 123 182
v 29 123 -454
s 29 126 26
v 29 126 102
s 29 128 -32
v 29 128 -319
s 29 129 25
v 29 129 360
s 29 131 -48
v 29 135 -119
s 29 136 188
v 29 136 485
s 29 137 40
v 29 137 -955
s 29 138 -42
v 29 138 -320
s 29 145 38
v 29 145 498
s 29 155 89
v 29 155 -346
s 30 31 -115
v 30 31 -18
s 30 32 -81
v 30 32 -506
s 30 33 54
v 30 33 -346
s 30 34 -215
v 30 34 -389
s 30 35 -111
v 30 35 -163
s 30 36 -85
v 30 36 54
v 30 37 -88
s 30 38 72
v 30 38 -221
s 30 39 123
v 30 39 296
s 30 40 -34
v 30 40 -19
s 30 41 22
v 30 41 -127
s 30 42 351
v 30 42 -312
s 30 43 -82
v 30 43 61
s 30 44 30
v 30 44 420
v 30 45 39
s 30 46 -167
v 30 46 -286
s 30 47 -157
v 30 47 362
s 30 48 -64
v 30 48 -185
s 30 49 245
v 30 49 418
s 30 50 -38
v 30 50 -426
s 30 51 107
v 30 51 -378
s 30 52 52
v 30 52 56
s 30 53 -18
v 30 53 -463
s 30 54 157
v 30 54 724
s 30 55 63
v 30 55 162
s 30 56 223
v 30 56 -132
s 30 57 -81
v 30 57 340
v 30 58 28
s 30 59 -49
v 30 59 -7
s 30 60 146
v 30 60 -46
s 30 61 -87
v 30 61 -244
s 30 62 183
v 30 62 126
s 30 63 -57
v 30 63 -489
s 30 64 -54
v 30 64 62
s 30 65 7
v 30 65 -96
s 30 66 20
v 30 66 50
v 30 67 675
s 30 68 39
v 30 68 -366
s 30 69 91
v 30 69 308
s 30 70 58
v 30 70 -92
s 30 71 112
v 30 71 457
s 30 72 -150
v 30 72 39
s 30 73 74
v 30 73 -45
s 30 74 -44
v 30 74 -337
s 30 75 -318
v 30 75 -149
s 30 76 156
v 30 76 -117
s 30 77 -50
v 30 77 57
v 30 78 -601
s 30 79 56
v 30 79 241
s 30 80 -19
v 30 80 -40
s 30 81 -39
v 30 81 -63
s 30 82 32
v 30 82 -125
s 30 83 -49
v 30 83 -315
s 30 84 105
v 30 84 -50
s 30 85 -91
s 30 86 -65
v 30 86 182
s 30 87 32
v 30 87 -436
s 30 88 139
v 30 88 -196
v 30 89 187
s 30 90 -17
v 30 90 32
s 30 91 16
v 30 91 272
s 30 92 -79
v 30 92 -14
s 30 93 -18
v 30 93 86
v 30 94 -276
s 30 95 -31
v 30 95 -19
s 30 96 -104
v 30 96 653
s 30 97 22
v 30 97 101
s 30 98 -17
v 30 98 83
s 30 99 -106
v 30 99 71
s 30 100 -62
v 30 100 492
s 30 101 101
v 30 101 -399
s 30 102 -72
v 30 102 335
v 30 103 -119
s 30 104 159
v 30 104 13
s 30 105 -151
v 30 105 123
s 30 106 162
v 30 106 274
v 30 107 424
s 30 108 -32
v 30 108 76
s 30 109 -150
v 30 109 -592
s 30 110 -178
v 30 110 -159
s 30 111 10
v 30 111 497
s 30 112 -84
v 30 112 487
s 30 113 134
v 30 113 90
s 30 114 186
v 30 114 -47
v 30 119 31
s 30 120 -127
v 30 120 -20
s 30 121 -75
v 30 121 381
v 30 123 -410
s 30 126 80
v 30 126 -379
s 30 128 -113
v 30 128 489
s 30 129 92
v 30 129 -179
s 30 131 18
v 30 131 -353
s 30 135 -92
v 30 135 52
s 30 136 74
v 30 136 -236
s 30 137 56
v 30 137 -132
s 30 138 -80
v 30 138 -524
s 30 145 141
v 30 145 180
s 30 155 48
v 30 155 98
s 31 32 -80
v 31 32 -18
s 31 33 -62
v 31 33 -238
s 31 34 25
s 31 35 -55
v 31 35 -15
s 31 36 140
v 31 36 523
s 31 37 -33
v 31 37 320
s 31 38 32
v 31 38 -369
s 31 39 -143
v 31 39 -601
s 31 40 -18
v 31 40 -73
s 31 41 120
v 31 41 -193
s 31 42 -145
v 31 42 -33
s 31 43 -62
v 31 43 112
s 31 44 88
v 31 44 91
s 31 45 -42
s 31 46 28
v 31 46 190
s 31 47 -95
v 31 47 -165
s 31 48 287
v 31 48 -225
s 31 49 47
v 31 49 276
s 31 50 -42
v 31 50 8
s 31 51 -39
v 31 51 75
s 31 52 39
v 31 52 -74
s 31 53 120
v 31 53 60
s 31 54 196
v 31 54 453
s 31 55 217
v 31 55 -55
s 31 56 36
v 31 56 70
s 31 57 -43
v 31 57 496
s 31 58 79
v 31 58 -77
s 31 59 93
v 31 59 506
s 31 60 18
v 31 60 -274
s 31 61 5
v 31 61 -137
s 31 62 -68
v 31 62 -183
s 31 63 -42
v 31 63 -601
s 31 64 93
v 31 64 -180
s 31 65 73
v 31 65 -35
s 31 66 -18
v 31 66 82
s 31 67 -75
v 31 67 272
s 31 68 -42
v 31 68 -73
s 31 69 -176
v 31 69 19
s 31 70 -10
v 31 70 -464
s 31 71 -19
v 31 71 352
s 31 72 -42
v 31 72 76
s 31 73 67
v 31 73 -178
s 31 74 -98
v 31 74 -508
s 31 75 109
v 31 75 247
s 31 76 -120
v 31 76 -378
s 31 77 -19
v 31 77 65
s 31 78 -187
v 31 78 -180
s 31 79 32
v 31 79 -451
s 31 80 176
v 31 80 66
s 31 81 106
v 31 81 139
v 31 82 235
s 31 83 -67
v 31 83 58
s 31 84 -73
v 31 84 -120
s 31 85 -146
v 31 85 417
s 31 86 -160
v 31 86 -234
s 31 87 -141
v 31 87 -142
s 31 88 47
v 31 88 -112
s 31 89 78
v 31 89 92
s 31 90 -22
v 31 90 126
s 31 91 -78
v 31 91 318
v 31 92 26
s 31 93 107
v 31 93 223
s 31 94 45
v 31 94 -196
s 31 95 42
v 31 95 143
s 31 96 50
v 31 96 -268
s 31 97 78
v 31 97 169
s 31 98 -32
v 31 98 -675
s 31 99 9
v 31 99 -466
s 31 100 -85
v 31 100 202
s 31 101 6
v 31 101 -125
s 31 102 198
v 31 102 547
s 31 103 -9
v 31 103 -241
s 31 104 218
v 31 104 300
s 31 105 -50
v 31 105 17
s 31 106 -57
v 31 106 -485
s 31 107 -183
v 31 107 -56
s 31 108 -371
v 31 108 831
s 31 109 -86
v 31 109 376
s 31 110 89
v 31 110 -478
s 31 111 -64
s 31 112 -44
v 31 112 37
s 31 113 34
v 31 113 -165
s 31 114 -158
v 31 114 132
s 31 119 71
v 31 119 -206
s 31 120 64
v 31 120 -8
s 31 121 396
v 31 121 -45
s 31 123 199
v 31 123 -456
s 31 126 10
v 31 126 -229
s 31 128 29
v 31 128 -215
s 31 129 34
v 31 129 494
s 31 131 -132
v 31 131 -321
s 31 135 21
v 31 135 -78
s 31 136 304
v 31 136 243
s 31 137 115
v 31 137 18
s 31 138 11
v 31 138 -171
s 31 145 -25
v 31 145 -286
s 31 155 11
v 31 155 -64
s 32 33 -5
v 32 33 150
v 32 34 -102
s 32 35 145
v 32 35 197
s 32 36 93
v 32 36 -143
s 32 37 -42
v 32 37 174
v 32 38 -130
s 32 39 34
v 32 39 552
s 32 40 70
v 32 40 367
s 32 41 -25
v 32 41 348
s 32 42 122
v 32 42 14
s 32 43 74
v 32 43 -173
s 32 44 52
v 32 44 -362
s 32 45 -75
v 32 45 -151
s 32 46 -124
v 32 46 6
s 32 47 24
v 32 47 462
s 32 48 -195
v 32 48 -151
s 32 49 -139
v 32 49 -9
s 32 50 48
v 32 50 -8
s 32 51 -38
v 32 51 60
s 32 52 -38
v 32 52 -177
s 32 53 -68
v 32 53 -38
s 32 54 -43
v 32 54 259
s 32 55 143
v 32 55 -310
s 32 56 -97
v 32 56 -98
s 32 57 -29
v 32 57 -80
s 32 58 -51
v 32 58 120
s 32 59 -54
v 32 59 150
s 32 60 -90
v 32 60 138
s 32 61 -36
v 32 61 -160
s 32 62 -18
v 32 62 24
s 32 63 73
v 32 63 109
s 32 64 40
v 32 64 -145
s 32 65 -23
v 32 65 -105
v 32 66 -99
s 32 67 34
v 32 67 365
s 32 68 110
v 32 68 224
s 32 69 -72
v 32 69 -286
s 32 70 -67
v 32 70 226
s 32 71 -51
v 32 71 -43
s 32 72 58
v 32 72 -130
s 32 73 22
v 32 73 58
s 32 74 -129
v 32 74 902
s 32 75 135
v 32 75 -385
s 32 76 -73
v 32 76 306
v 32 77 85
s 32 78 67
v 32 78 -121
s 32 79 26
v 32 79 78
v 32 80 -94
s 32 81 -7
v 32 81 -110
v 32 82 -187
s 32 83 -67
v 32 83 80
s 32 84 108
v 32 84 -207
s 32 85 188
v 32 85 -8
s 32 86 -287
v 32 86 -225
s 32 87 24
v 32 87 -110
s 32 88 -49
v 32 88 441
s 32 89 -18
v 32 89 38
s 32 90 -8
v 32 90 186
s 32 91 8
v 32 91 -18
v 32 92 -78
s 32 93 -89
v 32 93 100
s 32 94 -16
v 32 94 13
s 32 95 53
v 32 95 -250
s 32 96 -12
v 32 96 -377
s 32 97 -57
v 32 97 -94
s 32 98 -38
v 32 98 55
s 32 99 -25
v 32 99 17
s 32 100 38
v 32 100 211
s 32 101 123
v 32 101 609
s 32 102 -6
v 32 102 290
s 32 103 -5
s 32 104 -80
v 32 104 449
s 32 105 80
v 32 105 -180
s 32 106 -24
s 32 107 -24
v 32 107 155
s 32 108 164
v 32 108 -335
s 32 109 42
v 32 109 -243
s 32 110 86
v 32 110 350
s 32 111 36
v 32 111 -101
s 32 112 80
v 32 112 -165
s 32 113 -20
v 32 113 102
s 32 114 -41
v 32 114 -90
s 32 119 103
v 32 119 -107
s 32 120 -36
v 32 120 -81
s 32 121 -11
v 32 121 52
s 32 123 12
v 32 123 -150
s 32 126 -130
v 32 126 -249
s 32 128 64
v 32 128 -193
s 32 129 -6
v 32 129 -87
s 32 131 -29
v 32 131 78
s 32 135 -117
v 32 135 -444
s 32 136 -64
v 32 136 110
v 32 137 -64
s 32 138 -24
s 32 145 -22
v 32 145 114
s 32 155 -54
s 33 34 32
v 33 34 -91
s 33 35 -74
v 33 35 -590
s 33 36 88
v 33 36 26
s 33 37 -28
v 33 37 66
s 33 38 -50
v 33 38 -86
s 33 39 11
v 33 39 232
s 33 40 -59
v 33 40 11
s 33 41 -43
v 33 41 -166
s 33 42 60
v 33 42 -249
s 33 43 10
v 33 43 42
s 33 44 -5
v 33 44 -150
s 33 45 -29
v 33 45 210
s 33 46 48
v 33 46 184
s 33 47 7
v 33 47 135
s 33 48 111
v 33 48 -284
s 33 49 39
v 33 49 670
v 33 50 -98
s 33 51 56
v 33 51 -94
s 33 52 -13
v 33 52 -111
s 33 53 171
v 33 53 -319
s 33 54 33
v 33 54 321
s 33 55 -68
v 33 55 -124
s 33 56 78
v 33 56 61
s 33 57 24
v 33 57 13
s 33 58 -15
v 33 58 11
s 33 59 15
v 33 59 -97
s 33 60 36
v 33 60 337
s 33 61 -42
v 33 61 9
s 33 62 -57
v 33 62 206
s 33 63 -33
v 33 63 87
s 33 64 64
v 33 64 -177
s 33 65 -25
v 33 65 -5
s 33 66 23
v 33 66 89
s 33 67 170
v 33 67 93
s 33 68 14
v 33 68 252
s 33 69 -18
v 33 69 39
s 33 70 42
v 33 70 163
s 33 71 18
v 33 71 180
s 33 72 24
v 33 72 -152
s 33 73 -74
v 33 73 -59
s 33 74 -68
v 33 74 34
s 33 75 72
v 33 75 -196
s 33 76 120
v 33 76 297
s 33 77 22
v 33 77 -116
s 33 78 -40
v 33 78 6
s 33 79 12
v 33 79 -248
s 33 80 -28
v 33 80 169
s 33 81 6
v 33 81 -129
s 33 82 -65
v 33 82 209
v 33 83 -152
v 33 84 518
s 33 86 -68
v 33 86 -1300
s 33 87 -63
v 33 87 85
s 33 88 75
v 33 88 91
s 33 89 17
v 33 89 99
s 33 90 -13
v 33 90 -123
s 33 91 -116
v 33 91 -64
s 33 92 20
v 33 92 105
s 33 93 -106
v 33 93 210
s 33 94 9
v 33 94 18
s 33 95 -75
v 33 95 -6
s 33 96 -74
v 33 96 -15
s 33 97 -224
v 33 97 283
s 33 98 -70
v 33 98 -176
s 33 99 -23
v 33 99 -105
s 33 100 -141
v 33 100 -262
s 33 101 23
v 33 101 176
s 33 102 -22
v 33 102 -12
s 33 103 -71
v 33 103 -151
s 33 104 -101
v 33 104 -570
s 33 105 73
v 33 105 266
s 33 106 -42
v 33 106 -85
s 33 107 -59
v 33 107 35
s 33 108 105
v 33 108 29
s 33 109 -81
v 33 109 -101
s 33 110 91
v 33 110 -126
s 33 111 16
v 33 111 44
s 33 112 -139
v 33 112 -513
s 33 113 77
v 33 113 -122
s 33 114 86
v 33 114 211
s 33 119 25
v 33 119 260
s 33 120 -17
v 33 120 216
s 33 121 -115
v 33 121 -217
s 33 123 12
v 33 123 -166
s 33 126 -37
v 33 126 109
s 33 128 133
v 33 128 361
v 33 129 338
s 33 131 41
v 33 131 -140
s 33 135 23
v 33 135 -603
s 33 136 126
v 33 136 376
s 33 137 16
v 33 137 149
s 33 138 -10
v 33 138 -159
s 33 145 22
v 33 145 -53
v 33 155 98
s 34 35 -147
v 34 35 -88
s 34 36 57
v 34 36 405
s 34 37 -49
v 34 37 -364
s 34 38 29
v 34 38 103
s 34 39 -25
v 34 39 33
s 34 40 12
v 34 40 78
s 34 41 25
v 34 41 233
s 34 42 -57
v 34 42 -294
s 34 43 -131
v 34 43 -61
s 34 44 20
v 34 44 -287
s 34 45 -88
v 34 45 174
s 34 46 82
v 34 46 450
v 34 47 50
s 34 48 57
v 34 48 196
s 34 49 94
v 34 49 139
s 34 50 45
s 34 51 45
v 34 51 -221
s 34 52 -16
v 34 52 -86
s 34 53 94
v 34 53 329
s 34 54 29
v 34 54 -99
s 34 55 -22
v 34 55 298
v 34 56 -234
s 34 57 -45
v 34 57 -228
s 34 58 63
v 34 58 68
s 34 59 69
v 34 59 -62
s 34 60 136
v 34 60 69
s 34 61 -23
v 34 61 -216
s 34 62 -22
v 34 62 316
s 34 63 45
v 34 63 389
s 34 64 13
v 34 64 -78
s 34 65 35
v 34 65 49
s 34 66 9
v 34 66 111
s 34 67 64
v 34 67 86
s 34 68 -38
v 34 68 -336
s 34 69 -15
v 34 69 52
s 34 70 -8
v 34 70 263
s 34 71 154
v 34 71 -166
s 34 72 34
v 34 72 125
s 34 73 24
v 34 73 -221
v 34 74 -640
s 34 75 -24
v 34 75 -196
s 34 76 6
v 34 76 114
s 34 77 -6
v 34 77 33
s 34 78 -91
v 34 78 -166
s 34 79 67
v 34 79 -16
s 34 80 -23
v 34 80 -170
s 34 81 -69
v 34 81 -24
s 34 82 -34
v 34 82 -61
s 34 83 -37
v 34 83 72
s 34 84 -8
v 34 84 219
s 34 85 236
v 34 85 -333
s 34 86 -33
v 34 86 -164
s 34 87 -118
v 34 87 117
s 34 88 29
v 34 88 -527
s 34 89 6
v 34 89 -21
s 34 90 42
v 34 90 -5
s 34 91 -47
v 34 91 -315
s 34 92 -25
v 34 92 -69
s 34 93 -145
v 34 93 -171
s 34 94 -41
s 34 95 43
v 34 95 -90
s 34 96 73
v 34 96 135
s 34 97 -143
v 34 97 92
s 34 98 -20
v 34 98 133
s 34 99 46
v 34 99 55
s 34 100 -67
v 34 100 -31
s 34 101 46
v 34 101 53
s 34 102 -53
v 34 102 -82
s 34 103 -54
v 34 103 42
s 34 104 116
v 34 104 253
s 34 105 220
v 34 105 323
s 34 106 6
v 34 106 316
s 34 107 40
v 34 107 -403
s 34 108 91
v 34 108 258
s 34 109 10
v 34 109 -51
s 34 110 -65
v 34 110 217
s 34 111 -51
v 34 111 -14
s 34 112 11
v 34 112 508
s 34 113 -68
v 34 113 -312
s 34 114 -50
v 34 114 -123
s 34 119 -53
v 34 119 107
v 34 120 -117
s 34 121 -192
v 34 121 -259
s 34 123 162
v 34 123 -430
s 34 126 8
v 34 126 180
s 34 128 -137
v 34 128 182
s 34 129 -10
v 34 129 -60
s 34 131 -26
v 34 131 302
s 34 135 -31
v 34 135 389
s 34 136 -83
v 34 136 -299
s 34 137 -36
v 34 137 -124
s 34 138 66
v 34 138 227
v 34 145 73
s 34 155 99
v 34 155 -51
s 35 36 69
v 35 36 787
s 35 37 -24
v 35 37 361
v 35 38 64
s 35 39 -46
v 35 39 374
s 35 40 17
v 35 40 562
s 35 41 -26
v 35 41 142
s 35 42 81
v 35 42 -193
s 35 43 29
v 35 43 876
s 35 44 124
v 35 44 -364
s 35 45 75
v 35 45 324
s 35 46 -56
v 35 46 593
s 35 47 24
v 35 47 101
s 35 48 345
v 35 48 -133
s 35 49 116
v 35 49 -238
s 35 50 -84
v 35 50 120
s 35 51 159
v 35 51 -129
s 35 52 53
v 35 52 298
s 35 53 -188
v 35 53 -549
s 35 54 10
v 35 54 -979
s 35 55 -80
v 35 55 -94
s 35 56 42
v 35 56 -27
s 35 57 101
v 35 57 -132
s 35 58 -60
v 35 58 -277
s 35 59 -74
v 35 59 190
s 35 60 87
v 35 60 78
s 35 61 8
v 35 61 -77
s 35 62 194
v 35 62 -412
s 35 63 15
v 35 63 -411
s 35 64 -37
v 35 64 326
s 35 65 26
v 35 65 -296
s 35 66 10
v 35 66 -228
s 35 67 56
v 35 67 -1307
s 35 68 -187
v 35 68 -599
s 35 69 56
v 35 69 -180
s 35 70 -215
v 35 70 -146
s 35 71 194
v 35 71 456
s 35 72 88
v 35 72 190
s 35 73 15
v 35 73 -44
s 35 74 -210
v 35 74 372
s 35 75 -31
v 35 75 329
s 35 76 -123
v 35 76 591
s 35 77 -113
v 35 77 -405
s 35 78 115
v 35 78 -761
s 35 79 -42
v 35 79 172
s 35 80 58
v 35 80 237
s 35 81 -20
v 35 81 -22
s 35 82 7
v 35 82 -106
s 35 83 -83
v 35 83 282
s 35 84 88
v 35 84 -606
s 35 85 96
v 35 85 417
s 35 86 -214
v 35 86 604
s 35 87 151
v 35 87 679
s 35 88 193
v 35 88 -11
s 35 89 -45
v 35 89 100
s 35 90 -53
v 35 90 255
s 35 91 48
v 35 91 -357
s 35 92 -34
v 35 92 181
s 35 93 -37
v 35 93 466
s 35 94 13
v 35 94 184
s 35 95 -90
v 35 95 -209
s 35 96 20
v 35 96 -627
s 35 97 -49
v 35 97 -253
s 35 98 85
v 35 98 288
s 35 99 -135
s 35 100 56
v 35 100 -384
s 35 101 237
v 35 101 533
s 35 102 -104
v 35 102 243
s 35 103 31
v 35 103 266
s 35 104 124
v 35 104 -749
s 35 105 -66
v 35 105 79
s 35 106 -78
v 35 106 -451
s 35 107 91
v 35 107 -219
s 35 108 -21
v 35 108 415
s 35 109 -219
v 35 109 518
s 35 110 79
v 35 110 244
s 35 111 149
v 35 111 300
s 35 112 -238
v 35 112 20
s 35 113 10
v 35 113 -287
s 35 114 -221
v 35 114 416
s 35 119 -15
s 35 120 -139
v 35 120 251
s 35 121 -162
v 35 121 177
s 35 123 98
v 35 123 537
s 35 126 44
v 35 126 -473
s 35 128 -26
v 35 128 -318
s 35 129 63
v 35 129 -88
s 35 131 -211
v 35 131 398
s 35 135 95
v 35 135 -304
s 35 136 -116
v 35 136 -951
s 35 137 -76
v 35 137 -346
s 35 138 -15
v 35 138 340
v 35 145 -228
s 35 155 -114
v 35 155 73
s 36 37 -64
v 36 37 299
s 36 38 90
v 36 38 -175
s 36 39 -26
v 36 39 -561
s 36 40 -65
v 36 40 -444
s 36 41 6
v 36 41 -87
s 36 42 -330
v 36 42 1024
s 36 43 -135
v 36 43 -465
v 36 44 -176
s 36 45 60
v 36 45 -536
s 36 46 21
v 36 46 234
s 36 47 23
v 36 47 -463
s 36 48 34
v 36 48 64
s 36 49 224
v 36 49 1080
s 36 50 -34
v 36 50 121
s 36 51 31
v 36 51 299
s 36 52 45
v 36 52 -404
s 36 53 -35
v 36 53 -204
s 36 54 -414
v 36 54 742
s 36 55 -174
v 36 55 -228
v 36 56 351
s 36 57 -53
v 36 57 38
v 36 58 597
s 36 59 -65
v 36 59 502
s 36 60 170
v 36 60 -167
s 36 61 -56
v 36 61 56
s 36 62 -140
v 36 62 -193
s 36 63 -26
v 36 63 167
s 36 64 -144
v 36 64 29
s 36 65 46
v 36 65 84
s 36 66 42
v 36 66 130
s 36 67 6
v 36 67 672
s 36 68 -171
v 36 68 -870
s 36 69 -83
v 36 69 -360
s 36 70 62
v 36 70 399
s 36 71 234
v 36 71 1093
s 36 72 -75
v 36 72 -322
s 36 73 -45
v 36 73 86
s 36 74 161
v 36 74 262
s 36 75 -153
v 36 75 -228
s 36 76 186
v 36 76 -67
s 36 77 -32
v 36 77 -105
v 36 78 23
s 36 79 103
v 36 79 -584
s 36 80 -35
v 36 80 -306
s 36 81 78
v 36 81 635
s 36 82 -67
v 36 82 -51
s 36 83 -68
v 36 83 416
s 36 84 -120
v 36 84 44
s 36 85 -73
v 36 85 -404
s 36 86 92
v 36 86 -225
s 36 87 496
v 36 87 -239
s 36 88 64
v 36 88 -192
s 36 89 -34
v 36 89 160
s 36 90 29
v 36 90 -593
s 36 91 70
v 36 91 450
s 36 92 -161
v 36 92 -313
s 36 93 53
v 36 93 896
s 36 94 -121
v 36 94 -374
s 36 95 -129
v 36 95 -163
s 36 96 -21
v 36 96 617
s 36 97 243
v 36 97 88
s 36 98 64
v 36 98 382
s 36 99 -52
v 36 99 238
s 36 100 174
v 36 100 72
s 36 101 -40
v 36 101 -506
s 36 102 74
v 36 102 -29
s 36 103 26
v 36 103 -56
s 36 104 212
v 36 104 329
s 36 105 24
v 36 105 403
s 36 106 -73
v 36 106 -19
s 36 107 -23
v 36 107 160
s 36 108 -9
v 36 108 278
s 36 109 -69
v 36 109 250
s 36 110 -72
v 36 110 36
s 36 111 128
v 36 111 -863
s 36 112 103
v 36 112 919
s 36 113 -49
v 36 113 -240
s 36 114 32
v 36 114 529
s 36 119 282
v 36 119 -454
s 36 120 33
s 36 121 -28
v 36 121 -658
s 36 123 151
v 36 123 -148
s 36 126 -44
v 36 126 -117
s 36 128 33
v 36 128 -118
s 36 129 146
v 36 129 433
s 36 131 55
v 36 131 95
s 36 135 -72
v 36 135 430
s 36 136 -41
v 36 136 -97
s 36 137 -48
v 36 137 -374
v 36 138 -870
s 36 145 19
v 36 145 173
s 36 155 203
v 36 155 -154
s 37 38 35
v 37 38 -66
s 37 39 71
v 37 39 127
s 37 40 45
v 37 40 114
s 37 41 97
v 37 41 -124
v 37 42 203
s 37 43 -81
s 37 44 21
v 37 44 -439
s 37 45 -62
s 37 46 -40
v 37 46 103
s 37 47 -107
v 37 47 163
s 37 48 -58
v 37 48 -392
v 37 49 617
s 37 50 -23
v 37 50 328
s 37 51 21
v 37 51 -106
v 37 52 129
v 37 53 178
s 37 54 -106
v 37 54 87
s 37 55 -47
v 37 55 -78
s 37 56 -91
v 37 56 -120
s 37 57 39
v 37 57 106
v 37 58 -59
s 37 59 -15
v 37 59 118
s 37 60 105
v 37 60 116
v 37 61 -32
s 37 62 -95
v 37 62 -6
s 37 63 -92
v 37 63 -372
s 37 64 -27
v 37 64 -88
s 37 65 -11
v 37 65 -46
s 37 66 22
v 37 66 -127
s 37 67 144
v 37 67 139
s 37 68 69
v 37 68 25
s 37 69 164
v 37 69 77
s 37 70 63
v 37 70 -118
s 37 71 52
v 37 71 -100
s 37 72 -8
v 37 72 161
s 37 73 12
v 37 73 246
s 37 74 9
v 37 74 296
s 37 75 72
v 37 75 -178
s 37 76 89
v 37 76 -290
v 37 77 40
s 37 78 -46
v 37 78 49
s 37 79 -11
v 37 79 38
s 37 80 -69
v 37 80 -68
s 37 81 -46
v 37 81 10
v 37 82 118
s 37 83 -48
v 37 83 177
s 37 84 19
v 37 84 256
s 37 85 -116
v 37 85 75
s 37 86 126
v 37 86 192
s 37 87 115
v 37 87 367
s 37 88 -47
v 37 88 36
s 37 89 16
v 37 89 40
s 37 90 -115
v 37 90 220
s 37 91 25
v 37 91 139
s 37 92 67
v 37 92 18
s 37 93 116
v 37 93 -605
s 37 94 8
v 37 94 47
s 37 95 -33
v 37 95 -351
s 37 96 20
v 37 96 317
s 37 97 -224
v 37 97 -269
s 37 98 34
v 37 98 54
s 37 99 -101
v 37 99 -197
s 37 100 89
v 37 100 73
s 37 101 116
v 37 101 424
s 37 102 -47
v 37 102 44
s 37 103 29
v 37 103 -129
s 37 104 -42
v 37 104 -77
s 37 105 170
v 37 105 -355
s 37 106 49
v 37 106 103
s 37 107 12
v 37 107 -230
s 37 108 -192
v 37 108 -254
s 37 109 29
v 37 109 623
s 37 110 -76
v 37 110 -676
s 37 111 -30
v 37 111 133
s 37 112 33
v 37 112 -371
s 37 113 19
v 37 113 184
s 37 114 15
v 37 114 -273
s 37 119 -38
s 37 120 42
v 37 120 -217
s 37 121 -179
v 37 121 -55
s 37 123 66
v 37 123 -119
s 37 126 47
v 37 126 602
s 37 128 -109
v 37 128 -168
s 37 129 6
v 37 129 -81
s 37 131 -19
v 37 131 204
s 37 135 -30
v 37 135 417
s 37 136 -46
v 37 136 -62
s 37 137 -144
v 37 137 -183
s 37 138 -81
v 37 138 109
s 37 145 -18
v 37 145 9
s 37 155 34
v 37 155 140
s 38 39 120
v 38 39 72
s 38 40 -29
v 38 40 -157
s 38 41 -47
v 38 41 84
s 38 42 -33
v 38 42 -199
s 38 43 -18
v 38 43 29
s 38 44 -152
v 38 44 -157
s 38 45 -15
v 38 45 -19
v 38 46 41
s 38 47 13
v 38 47 47
s 38 48 -64
v 38 48 -298
s 38 49 25
v 38 49 5
v 38 50 -97
s 38 51 -6
v 38 51 152
s 38 52 41
v 38 52 -192
s 38 53 30
v 38 53 -174
s 38 54 -53
v 38 54 115
s 38 55 12
v 38 55 37
s 38 56 32
v 38 56 29
s 38 57 18
v 38 57 106
s 38 58 -43
v 38 58 43
s 38 59 34
v 38 59 51
s 38 60 -7
v 38 60 127
s 38 61 16
v 38 61 88
s 38 62 75
v 38 62 168
s 38 63 16
v 38 63 -100
s 38 64 88
v 38 64 -239
v 38 65 -14
s 38 66 7
v 38 66 -53
s 38 67 30
v 38 67 427
v 38 68 -117
v 38 69 273
v 38 70 12
s 38 71 -116
v 38 71 19
s 38 72 -33
v 38 72 -183
s 38 73 -44
v 38 73 10
s 38 74 -72
v 38 74 372
s 38 75 40
v 38 75 132
s 38 76 71
v 38 76 31
s 38 78 -24
v 38 78 20
v 38 79 54
s 38 80 12
v 38 80 -63
s 38 81 -34
v 38 81 -97
s 38 82 6
v 38 82 -143
s 38 83 -24
v 38 83 -144
s 38 84 -79
v 38 84 -72
s 38 85 66
v 38 85 -131
s 38 86 -124
v 38 86 -580
s 38 87 -116
v 38 87 -329
s 38 88 -69
v 38 88 69
v 38 89 -37
s 38 90 -37
v 38 90 95
s 38 91 -51
v 38 91 -24
v 38 92 73
s 38 93 104
v 38 93 218
v 38 94 -56
s 38 95 -15
v 38 95 -82
s 38 96 23
v 38 96 73
s 38 97 -17
v 38 97 13
s 38 98 -21
v 38 98 174
s 38 99 -12
v 38 99 -68
s 38 100 -39
v 38 100 156
s 38 101 39
v 38 101 -59
s 38 102 32
v 38 102 -50
v 38 103 -34
s 38 104 -13
v 38 104 -283
s 38 105 47
v 38 105 79
s 38 106 -34
v 38 106 58
s 38 107 51
v 38 107 -89
s 38 108 -21
v 38 108 -429
s 38 109 44
v 38 109 218
s 38 110 12
v 38 110 26
s 38 111 54
v 38 111 -170
s 38 112 46
v 38 112 -57
s 38 113 16
v 38 113 142
s 38 114 41
v 38 114 191
s 38 119 21
v 38 119 201
s 38 120 72
v 38 120 -135
v 38 121 -85
s 38 123 -115
v 38 123 -182
s 38 126 -63
v 38 126 149
s 38 128 10
v 38 128 -215
s 38 129 -51
v 38 129 -197
s 38 131 57
v 38 131 216
s 38 135 -26
v 38 135 -94
s 38 136 -72
v 38 136 -110
s 38 137 -30
s 38 138 -39
v 38 138 185
s 38 145 -29
v 38 145 -218
s 38 155 30
v 38 155 37
s 39 40 -12
v 39 40 406
s 39 41 -136
v 39 41 -494
s 39 42 207
v 39 42 261
s 39 43 -19
v 39 43 12
s 39 44 -62
v 39 44 295
s 39 45 8
v 39 45 -459
s 39 46 42
v 39 46 -292
s 39 47 -14
v 39 47 141
v 39 48 -49
s 39 49 -129
v 39 49 779
s 39 50 -15
v 39 50 67
s 39 51 -51
v 39 51 -75
s 39 52 -87
v 39 52 246
s 39 53 14
v 39 53 203
s 39 54 -94
v 39 54 427
s 39 55 -226
v 39 55 116
v 39 56 -137
s 39 57 46
v 39 57 -104
s 39 58 14
v 39 58 199
s 39 59 -25
v 39 59 -343
s 39 60 84
v 39 60 -246
s 39 61 36
v 39 61 400
s 39 62 153
v 39 62 -360
s 39 63 41
v 39 63 -73
v 39 64 -102
s 39 65 13
v 39 65 136
s 39 66 -8
v 39 66 -120
s 39 67 11
v 39 67 -253
s 39 68 -82
v 39 68 -74
s 39 69 33
v 39 69 30
s 39 70 121
v 39 70 122
s 39 71 98
v 39 71 60
s 39 72 -60
v 39 72 -307
s 39 73 -29
v 39 73 -98
s 39 74 -233
v 39 74 224
s 39 75 -117
v 39 75 -7
s 39 76 101
v 39 76 -960
s 39 77 82
v 39 77 -6
s 39 78 -32
v 39 78 63
s 39 79 -66
v 39 79 501
s 39 80 -84
v 39 80 36
s 39 81 67
v 39 81 121
s 39 82 -27
v 39 82 192
s 39 83 45
v 39 83 -243
s 39 84 -6
v 39 84 -208
s 39 85 99
v 39 85 -31
s 39 86 -82
v 39 86 273
s 39 87 -252
v 39 87 41
s 39 88 149
v 39 88 167
s 39 89 18
v 39 89 29
s 39 90 -83
v 39 90 401
s 39 91 -52
v 39 91 315
s 39 92 38
v 39 92 91
s 39 93 158
v 39 93 29
s 39 94 47
v 39 94 -211
s 39 95 -89
s 39 96 -106
v 39 96 118
s 39 97 -97
v 39 97 -564
s 39 98 69
v 39 98 66
s 39 99 44
v 39 99 -204
s 39 100 96
v 39 100 20
s 39 101 -26
v 39 101 -258
s 39 102 74
v 39 102 -190
s 39 103 26
v 39 103 -67
s 39 104 211
v 39 104 -237
s 39 105 -283
v 39 105 45
v 39 106 -590
s 39 107 103
v 39 107 -179
s 39 108 -60
v 39 108 702
s 39 109 216
v 39 109 10
s 39 110 109
v 39 110 -231
s 39 111 -55
v 39 111 -135
s 39 112 22
v 39 112 -196
s 39 113 -55
v 39 113 203
s 39 114 8
v 39 114 237
s 39 119 -48
v 39 119 99
v 39 120 -352
s 39 121 31
v 39 121 193
s 39 123 49
v 39 123 218
s 39 126 -55
v 39 126 -41
s 39 128 103
v 39 128 250
s 39 129 76
v 39 129 123
s 39 131 -17
v 39 131 -189
s 39 135 -67
v 39 135 -43
s 39 136 -123
v 39 136 639
s 39 137 -101
v 39 137 746
s 39 138 -39
v 39 138 262
s 39 145 -116
v 39 145 255
s 39 155 101
v 39 155 146
s 40 41 25
v 40 41 74
s 40 42 124
v 40 42 544
s 40 43 67
v 40 43 -51
s 40 44 11
v 40 44 -416
s 40 45 -40
v 40 45 -309
s 40 46 -92
v 40 46 -105
s 40 47 -169
v 40 47 225
s 40 48 39
v 40 48 232
s 40 49 -124
v 40 49 175
s 40 50 -67
v 40 50 -236
s 40 51 -16
v 40 51 16
s 40 52 -82
v 40 52 -69
s 40 53 -13
v 40 53 -238
s 40 54 -64
v 40 54 292
s 40 55 -43
v 40 55 -166
s 40 56 -23
v 40 56 -335
s 40 57 35
v 40 57 -247
s 40 58 14
v 40 58 51
s 40 59 -12
v 40 59 -173
s 40 60 -9
v 40 60 -16
s 40 61 75
v 40 61 -135
s 40 62 -55
v 40 62 -81
s 40 63 68
v 40 63 394
s 40 64 -23
v 40 64 83
s 40 65 -24
s 40 66 -8
v 40 66 191
s 40 67 60
v 40 67 359
s 40 68 46
v 40 68 -8
s 40 69 -46
v 40 69 384
s 40 70 16
v 40 70 314
s 40 71 89
v 40 71 231
s 40 72 64
v 40 72 -206
s 40 73 -60
v 40 73 -93
s 40 74 -28
v 40 74 -266
s 40 75 -21
v 40 75 -110
s 40 76 -17
v 40 76 -85
s 40 77 14
v 40 77 8
s 40 78 24
v 40 78 -119
v 40 79 -150
s 40 80 -10
v 40 80 292
s 40 81 -13
v 40 81 -6
s 40 82 35
v 40 82 159
s 40 83 -51
v 40 83 135
s 40 84 132
v 40 84 214
s 40 85 -18
v 40 85 234
v 40 86 169
s 40 87 -13
v 40 87 16
s 40 88 -67
v 40 88 203
s 40 89 -10
v 40 89 -136
s 40 90 -20
v 40 90 181
s 40 91 -12
v 40 91 66
s 40 92 -48
v 40 92 131
v 40 93 -302
s 40 94 28
v 40 94 -151
s 40 95 -54
s 40 96 157
v 40 96 -248
s 40 97 -52
v 40 97 9
s 40 98 -21
v 40 98 -335
s 40 99 44
v 40 99 61
s 40 100 -50
v 40 100 230
s 40 101 -197
v 40 101 228
s 40 102 13
v 40 102 93
s 40 103 -53
v 40 103 113
s 40 104 196
v 40 104 -691
s 40 105 -11
s 40 106 9
v 40 106 -352
s 40 107 -26
v 40 107 -346
s 40 108 -8
v 40 108 326
s 40 109 33
v 40 109 90
s 40 110 -27
v 40 110 154
s 40 111 53
v 40 111 -211
s 40 112 -63
v 40 112 509
s 40 113 -53
v 40 113 -196
s 40 114 10
v 40 114 -66
s 40 119 210
v 40 119 -130
s 40 120 101
v 40 120 -95
s 40 121 -57
v 40 121 306
s 40 123 66
v 40 123 -95
s 40 126 71
v 40 126 -259
s 40 128 -35
v 40 128 511
s 40 129 31
v 40 129 151
s 40 131 61
v 40 131 244
s 40 135 -25
v 40 135 -180
s 40 136 -77
v 40 136 355
s 40 137 -32
v 40 137 78
s 40 138 97
s 40 145 -8
v 40 145 -97
s 40 155 -54
v 40 155 -95
s 41 42 72
v 41 42 -278
s 41 43 40
v 41 43 65
s 41 44 -59
v 41 44 -34
s 41 45 45
v 41 45 88
s 41 46 -53
v 41 46 87
s 41 47 154
v 41 47 -158
s 41 48 -19
v 41 48 -143
s 41 49 58
v 41 49 658
s 41 50 -5
v 41 50 -89
v 41 51 167
s 41 52 8
v 41 52 89
s 41 53 74
v 41 53 87
s 41 54 -42
v 41 54 533
s 41 55 34
v 41 55 287
v 41 56 -28
s 41 57 -33
s 41 58 -18
v 41 58 7
s 41 59 -47
v 41 59 23
s 41 60 -89
v 41 60 -270
s 41 61 -30
v 41 61 274
s 41 62 -90
v 41 62 326
s 41 63 6
v 41 63 65
s 41 64 -42
v 41 64 357
s 41 65 15
v 41 65 -164
v 41 66 7
s 41 67 -35
v 41 67 137
s 41 68 24
v 41 68 -133
s 41 69 43
v 41 69 -249
v 41 70 -452
s 41 71 -393
v 41 71 116
s 41 72 126
v 41 72 -28
s 41 73 -66
s 41 74 188
v 41 74 129
s 41 75 -76
v 41 75 55
s 41 76 263
v 41 76 -299
s 41 77 -20
v 41 77 -75
s 41 78 72
v 41 78 22
s 41 79 115
v 41 79 -167
v 41 80 -275
s 41 81 102
v 41 81 -196
s 41 82 -10
v 41 82 -172
s 41 83 -27
v 41 83 -178
s 41 84 44
v 41 84 -126
s 41 85 31
v 41 85 493
s 41 86 -185
v 41 86 -89
s 41 87 -211
v 41 87 -214
v 41 88 673
v 41 89 -5
s 41 90 45
v 41 90 466
s 41 91 -34
v 41 91 -34
s 41 92 41
v 41 92 201
s 41 93 63
v 41 93 -643
s 41 94 9
v 41 94 -202
s 41 95 -11
v 41 95 141
s 41 96 -81
v 41 96 57
s 41 97 -245
v 41 97 787
s 41 98 -42
v 41 98 113
s 41 99 53
v 41 99 142
s 41 100 93
v 41 100 127
s 41 101 136
v 41 101 -47
s 41 102 -5
v 41 102 209
s 41 103 13
v 41 103 113
s 41 104 -76
v 41 104 -723
s 41 105 63
v 41 105 57
s 41 106 -119
v 41 106 -343
s 41 107 -176
v 41 107 453
v 41 108 12
s 41 109 -11
v 41 109 170
s 41 110 12
v 41 110 -247
s 41 111 118
v 41 111 -102
s 41 112 -93
v 41 112 55
s 41 113 -34
v 41 113 -158
s 41 114 -29
v 41 114 -651
s 41 119 70
v 41 119 154
s 41 120 -19
v 41 120 -378
s 41 121 85
v 41 121 -89
s 41 123 -8
v 41 123 127
s 41 126 9
v 41 126 -148
s 41 128 -11
v 41 128 300
s 41 129 104
v 41 129 141
s 41 131 -8
v 41 131 -255
s 41 135 16
v 41 135 112
s 41 136 -136
v 41 136 -331
s 41 137 53
v 41 137 209
s 41 138 13
v 41 138 143
s 41 145 -39
v 41 145 -91
s 41 155 -40
v 41 155 249
s 42 43 58
v 42 43 21
s 42 44 -150
v 42 44 570
s 42 45 94
v 42 45 30
s 42 46 -112
v 42 46 210
s 42 47 -15
v 42 47 -285
s 42 48 -55
v 42 48 665
v 42 49 -232
s 42 50 -33
v 42 50 -613
s 42 51 -152
v 42 51 268
s 42 52 -43
s 42 53 -86
v 42 53 154
s 42 54 -183
v 42 54 -656
s 42 55 -143
v 42 55 -420
s 42 56 74
v 42 56 276
s 42 57 -102
v 42 57 -313
s 42 58 51
v 42 58 -304
s 42 59 -35
v 42 59 -76
s 42 60 61
v 42 60 476
s 42 61 8
v 42 61 -263
s 42 62 183
v 42 62 -284
s 42 63 12
v 42 63 -221
s 42 64 -105
v 42 64 140
s 42 65 -29
v 42 65 388
v 42 66 -98
s 42 67 -106
v 42 67 134
v 42 68 135
s 42 69 -92
v 42 69 476
s 42 70 125
v 42 70 439
s 42 71 -79
v 42 71 45
s 42 72 39
v 42 72 159
s 42 73 -118
v 42 73 -429
s 42 74 156
v 42 74 -654
s 42 75 -252
v 42 75 423
s 42 76 -91
v 42 76 250
s 42 77 16
v 42 77 -143
s 42 78 83
v 42 78 -162
s 42 79 101
v 42 79 250
s 42 80 79
v 42 80 -52
s 42 81 -38
v 42 81 -105
s 42 82 17
v 42 82 -91
s 42 83 -59
s 42 84 -215
v 42 84 579
s 42 85 173
v 42 85 -440
s 42 86 -56
v 42 86 158
s 42 87 245
v 42 87 383
v 42 88 713
s 42 89 14
v 42 89 -190
s 42 90 17
v 42 90 13
s 42 91 -150
v 42 91 13
s 42 92 19
v 42 92 141
s 42 93 -172
v 42 93 -547
s 42 94 25
v 42 94 203
s 42 95 -19
v 42 95 12
s 42 96 44
v 42 96 -247
s 42 97 44
v 42 97 400
s 42 98 -90
v 42 98 -355
v 42 99 -92
s 42 100 -209
v 42 100 169
s 42 101 -246
v 42 101 420
v 42 102 -326
v 42 103 109
v 42 104 494
s 42 105 88
v 42 105 43
s 42 106 -128
v 42 106 -297
s 42 107 -139
v 42 107 -67
s 42 108 -67
v 42 108 -604
s 42 109 -21
v 42 109 -410
s 42 110 -85
v 42 110 -724
s 42 111 -83
v 42 111 183
s 42 112 124
v 42 112 -269
s 42 113 -98
v 42 113 -142
s 42 114 83
v 42 114 92
s 42 119 151
v 42 119 -191
s 42 120 114
v 42 120 -339
s 42 121 353
v 42 121 -257
s 42 123 -71
v 42 123 197
s 42 126 36
v 42 126 796
s 42 128 112
v 42 128 -499
s 42 129 31
v 42 129 -109
s 42 131 58
v 42 131 261
s 42 135 -151
v 42 135 -468
s 42 136 134
v 42 136 290
s 42 137 68
v 42 137 762
s 42 138 27
v 42 138 -112
s 42 145 33
v 42 145 699
s 42 155 84
v 42 155 -386
s 43 44 124
v 43 44 8
v 43 45 112
s 43 46 196
v 43 46 -188
s 43 47 -42
v 43 47 409
s 43 48 -117
v 43 48 -373
s 43 49 144
v 43 49 142
s 43 50 -36
v 43 50 -98
s 43 51 -70
v 43 51 -208
s 43 52 -23
v 43 52 126
s 43 53 117
v 43 53 -446
s 43 54 -178
v 43 54 1254
s 43 55 68
v 43 55 -31
s 43 56 41
v 43 56 -122
v 43 57 -62
v 43 58 85
s 43 59 116
v 43 59 -115
s 43 60 -54
v 43 60 -333
s 43 61 -20
v 43 61 -22
s 43 62 172
v 43 62 -197
s 43 63 -5
v 43 63 -14
s 43 64 19
v 43 64 -26
s 43 65 27
v 43 65 138
s 43 66 8
v 43 66 16
s 43 67 -53
v 43 67 98
s 43 68 -101
v 43 68 -41
s 43 69 52
v 43 69 -18
s 43 70 -56
v 43 70 348
s 43 71 97
v 43 71 -461
s 43 72 -95
v 43 72 156
s 43 73 -9
v 43 73 61
s 43 74 220
v 43 74 -592
s 43 75 -196
v 43 75 91
s 43 76 -51
v 43 76 372
s 43 77 24
v 43 77 -97
s 43 78 -37
v 43 78 -111
s 43 79 49
v 43 79 32
s 43 80 74
v 43 80 -239
s 43 81 109
v 43 81 -292
s 43 82 31
v 43 82 65
s 43 83 42
v 43 83 -27
s 43 84 95
v 43 84 219
s 43 85 -58
v 43 85 -678
s 43 86 82
v 43 86 -35
s 43 87 244
v 43 87 40
s 43 88 158
v 43 88 19
s 43 89 27
v 43 89 -169
v 43 90 -416
s 43 91 -54
v 43 91 141
s 43 92 -13
v 43 92 -87
s 43 93 95
v 43 93 193
s 43 94 44
v 43 94 -118
s 43 95 -35
v 43 95 409
s 43 96 40
v 43 96 -185
s 43 97 7
v 43 97 52
s 43 98 13
v 43 98 416
s 43 99 -128
v 43 99 -252
s 43 100 83
v 43 100 -107
s 43 101 -96
v 43 101 201
s 43 102 89
v 43 102 35
s 43 103 47
v 43 103 123
s 43 104 -28
v 43 104 -177
s 43 105 45
s 43 106 -71
v 43 106 148
s 43 107 16
v 43 107 98
s 43 108 -27
v 43 108 35
s 43 109 -49
v 43 109 -433
s 43 110 -34
v 43 110 -131
s 43 111 -100
v 43 111 211
s 43 112 -117
v 43 112 222
s 43 113 -33
v 43 113 -23
s 43 114 -39
v 43 114 -111
s 43 119 -75
v 43 119 64
s 43 120 16
v 43 120 -67
s 43 121 -35
v 43 121 21
s 43 123 -33
v 43 123 84
v 43 126 429
s 43 128 -34
v 43 128 201
s 43 129 63
v 43 129 -128
s 43 131 -118
v 43 131 120
s 43 135 -44
v 43 135 73
s 43 136 42
v 43 136 -371
s 43 137 -33
v 43 137 -92
v 43 138 -135
s 43 145 -73
v 43 145 61
s 43 155 -21
v 43 155 22
s 44 45 11
v 44 45 -295
v 44 46 -163
s 44 47 246
v 44 47 -700
s 44 48 -26
v 44 48 -573
s 44 49 -184
v 44 49 -349
s 44 50 205
v 44 50 -722
s 44 51 59
v 44 51 319
s 44 52 -167
s 44 53 -103
v 44 53 500
s 44 54 -69
v 44 54 -153
s 44 55 36
v 44 55 -139
s 44 56 -54
v 44 56 155
s 44 57 15
v 44 57 -31
s 44 58 -76
v 44 58 90
s 44 59 -34
v 44 59 369
s 44 60 136
v 44 60 82
s 44 61 53
v 44 61 -117
s 44 62 -134
v 44 62 46
v 44 63 140
s 44 64 -77
v 44 64 141
s 44 65 27
v 44 65 -65
s 44 66 -48
v 44 66 281
s 44 67 -13
v 44 67 171
s 44 68 -100
v 44 68 -30
s 44 69 -194
v 44 69 263
v 44 70 -63
s 44 71 -8
v 44 71 -520
s 44 72 54
v 44 72 -57
s 44 73 -23
v 44 73 -11
s 44 74 -25
v 44 74 261
s 44 75 142
v 44 75 -396
s 44 76 -19
v 44 76 454
s 44 77 24
v 44 77 -5
s 44 78 -30
v 44 78 156
s 44 79 31
v 44 79 22
s 44 80 -41
v 44 80 71
s 44 81 58
v 44 81 43
v 44 82 -21
s 44 83 22
v 44 83 193
s 44 84 60
v 44 84 -245
s 44 85 47
v 44 85 392
s 44 86 186
v 44 86 725
s 44 87 80
v 44 87 153
s 44 88 26
v 44 88 70
v 44 89 11
s 44 90 -37
v 44 90 87
s 44 91 15
v 44 91 136
s 44 92 127
v 44 92 -109
s 44 93 40
v 44 93 -363
s 44 94 20
v 44 94 259
v 44 95 -48
s 44 96 19
v 44 96 -27
s 44 97 294
v 44 97 -147
s 44 98 -109
v 44 98 -336
s 44 99 21
v 44 99 73
s 44 100 -166
v 44 100 221
s 44 101 13
v 44 101 155
s 44 102 -88
v 44 102 147
s 44 103 -11
v 44 103 -272
s 44 104 -220
v 44 104 138
s 44 105 -246
v 44 105 -26
v 44 106 -573
s 44 107 118
v 44 107 -116
s 44 108 -36
v 44 108 233
s 44 109 -6
v 44 109 29
s 44 110 81
v 44 110 237
s 44 111 -130
v 44 111 64
s 44 112 -208
v 44 112 116
s 44 113 -65
v 44 113 382
s 44 114 -24
v 44 114 73
s 44 119 -86
v 44 119 -417
s 44 120 23
v 44 120 169
s 44 121 103
v 44 121 451
s 44 123 -120
v 44 123 43
s 44 126 27
v 44 126 -267
s 44 128 242
v 44 128 -374
s 44 129 -52
v 44 129 -132
s 44 131 -80
v 44 131 166
s 44 135 145
v 44 135 -646
s 44 136 64
v 44 136 488
s 44 137 -133
v 44 137 183
s 44 138 18
v 44 138 -80
s 44 145 -39
v 44 145 397
s 44 155 85
v 44 155 -54
s 45 46 -71
v 45 46 -481
s 45 47 35
v 45 47 76
s 45 48 31
v 45 48 55
s 45 49 243
v 45 49 282
s 45 50 22
v 45 50 114
s 45 51 -81
v 45 51 -347
s 45 52 -34
v 45 52 36
s 45 53 20
v 45 53 111
s 45 54 -67
v 45 54 159
s 45 55 -46
v 45 55 134
s 45 56 -8
v 45 56 -156
s 45 57 -8
v 45 57 151
s 45 58 12
v 45 58 -286
s 45 59 -10
v 45 59 -359
s 45 60 46
v 45 60 -175
s 45 61 -17
v 45 61 -290
s 45 62 33
v 45 62 -215
s 45 63 76
v 45 63 435
s 45 64 58
v 45 64 -115
v 45 65 -66
v 45 66 -11
s 45 67 -34
v 45 67 -499
s 45 68 36
v 45 68 -114
s 45 69 16
v 45 69 -81
s 45 70 98
v 45 70 -182
s 45 71 71
v 45 71 -361
s 45 72 51
v 45 72 329
s 45 73 -19
v 45 73 67
s 45 74 89
v 45 74 477
s 45 75 -76
v 45 75 -67
s 45 76 -41
v 45 76 -144
s 45 77 -11
v 45 77 112
s 45 78 22
v 45 78 -153
s 45 79 8
v 45 79 176
s 45 80 -78
v 45 80 -14
v 45 81 -90
s 45 82 7
v 45 82 126
s 45 83 24
v 45 83 -85
s 45 84 -10
v 45 84 -187
s 45 85 -46
v 45 85 109
s 45 86 90
v 45 86 -11
s 45 87 -98
v 45 87 41
s 45 88 -15
v 45 88 -34
s 45 89 19
v 45 89 88
s 45 90 -94
v 45 90 -83
s 45 91 -9
v 45 91 -352
s 45 92 17
v 45 92 -93
s 45 93 -40
v 45 93 112
s 45 94 19
v 45 94 53
s 45 95 -28
v 45 95 235
s 45 96 23
v 45 96 -192
s 45 97 129
v 45 97 -339
s 45 98 -188
v 45 98 493
s 45 99 -38
v 45 99 33
s 45 100 100
v 45 100 78
s 45 101 -104
v 45 101 112
s 45 102 8
v 45 102 196
s 45 103 -10
v 45 103 -28
s 45 104 121
v 45 104 323
s 45 105 -34
v 45 105 507
s 45 106 -73
v 45 106 -37
s 45 107 87
v 45 107 -391
s 45 108 21
v 45 108 256
s 45 109 9
v 45 109 136
s 45 110 48
v 45 110 16
s 45 111 -6
v 45 111 162
s 45 112 -10
v 45 112 178
s 45 113 -35
v 45 113 59
s 45 114 -27
v 45 114 76
s 45 119 28
v 45 119 21
s 45 120 -132
v 45 120 474
s 45 121 65
v 45 121 400
s 45 123 -50
v 45 123 81
s 45 126 -46
v 45 126 93
s 45 128 100
v 45 128 -374
s 45 129 32
v 45 129 -269
s 45 131 -68
v 45 131 7
s 45 135 67
v 45 135 -22
s 45 136 58
v 45 136 160
v 45 137 -196
s 45 138 -31
v 45 138 -271
s 45 145 -87
v 45 145 -326
s 45 155 -43
v 45 155 33
s 46 47 -47
v 46 47 103
s 46 48 61
v 46 48 -592
s 46 49 -7
v 46 49 -356
s 46 50 29
v 46 50 -40
s 46 51 30
v 46 51 -141
s 46 52 -20
v 46 52 113
s 46 53 109
v 46 53 143
s 46 54 14
v 46 54 -255
s 46 55 118
v 46 55 -156
s 46 56 -42
v 46 56 -244
s 46 57 -49
v 46 57 -92
s 46 58 -81
v 46 58 81
v 46 59 -143
s 46 60 10
v 46 60 807
s 46 61 -57
v 46 61 189
s 46 62 -54
v 46 62 -259
s 46 63 54
v 46 63 -15
s 46 64 98
v 46 64 -110
s 46 65 48
v 46 65 15
s 46 66 13
v 46 66 48
v 46 67 -655
s 46 68 72
v 46 68 -261
s 46 69 128
v 46 69 548
v 46 70 389
s 46 71 -119
v 46 71 500
s 46 72 -5
v 46 72 -234
s 46 73 -27
v 46 73 137
s 46 74 -160
v 46 74 513
s 46 75 -11
v 46 75 -314
s 46 76 16
v 46 76 693
s 46 77 -53
v 46 77 -7
s 46 78 38
v 46 78 -134
v 46 79 -144
s 46 80 11
v 46 80 -70
s 46 81 -29
v 46 81 -56
s 46 82 -47
v 46 82 -69
v 46 83 23
s 46 84 23
v 46 84 -7
v 46 85 286
s 46 86 -115
v 46 86 66
s 46 87 83
v 46 87 338
s 46 88 -6
v 46 88 80
s 46 89 -16
v 46 89 35
s 46 90 15
v 46 90 -70
s 46 91 -132
v 46 91 298
s 46 92 99
v 46 92 -81
s 46 93 48
v 46 93 -891
s 46 94 -8
v 46 94 24
s 46 95 61
v 46 95 -48
s 46 96 -86
v 46 96 -193
s 46 97 -172
v 46 97 -31
s 46 98 71
v 46 98 227
s 46 99 13
v 46 99 -10
s 46 100 62
v 46 100 -79
s 46 101 18
v 46 101 467
s 46 102 50
v 46 102 102
s 46 103 -47
v 46 103 140
s 46 104 132
v 46 104 -36
s 46 105 12
v 46 105 577
s 46 106 86
v 46 106 -148
s 46 107 -119
v 46 107 -49
v 46 108 -238
s 46 109 6
v 46 109 -362
s 46 110 -10
v 46 110 -8
s 46 111 -102
s 46 112 124
v 46 112 371
s 46 113 61
v 46 113 -105
s 46 114 18
v 46 114 -125
s 46 119 61
v 46 119 -599
s 46 120 79
s 46 121 -7
v 46 121 -207
s 46 123 13
v 46 123 -249
s 46 126 52
v 46 126 -309
s 46 128 -58
v 46 128 394
s 46 129 18
v 46 129 12
s 46 131 67
v 46 131 -528
s 46 135 63
v 46 135 -83
s 46 136 -7
v 46 136 8
s 46 137 -56
v 46 137 -169
s 46 138 -50
v 46 138 167
s 46 145 -9
v 46 145 -292
s 46 155 -86
v 46 155 -46
v 47 48 -70
s 47 49 6
v 47 49 1351
s 47 50 54
v 47 50 29
s 47 51 69
v 47 51 281
s 47 52 46
v 47 52 176
s 47 53 58
v 47 53 -75
s 47 54 13
v 47 54 121
s 47 55 -85
v 47 55 -187
s 47 56 -40
v 47 56 -450
s 47 57 -92
v 47 57 -14
s 47 58 63
v 47 58 82
s 47 59 -48
v 47 59 694
s 47 60 -43
v 47 60 325
s 47 61 9
v 47 61 -179
s 47 62 68
v 47 62 -372
s 47 63 28
v 47 63 -650
s 47 64 -20
v 47 64 -33
s 47 65 -8
v 47 65 -70
v 47 66 16
s 47 67 110
v 47 67 127
v 47 68 -398
s 47 69 31
v 47 69 442
s 47 70 53
v 47 70 13
v 47 71 589
s 47 72 32
v 47 72 45
s 47 73 -30
v 47 73 5
s 47 74 165
v 47 74 262
s 47 75 -50
v 47 75 374
s 47 76 -88
v 47 76 -69
s 47 77 -19
v 47 77 15
s 47 78 -8
v 47 78 76
s 47 79 -7
v 47 79 -145
s 47 80 -60
v 47 80 -136
s 47 81 -43
s 47 82 16
v 47 82 -174
v 47 83 162
s 47 84 90
v 47 84 175
s 47 85 113
v 47 85 79
s 47 86 -11
v 47 86 -265
s 47 87 -176
v 47 87 422
s 47 88 92
v 47 88 -24
s 47 89 33
v 47 89 90
s 47 90 -41
v 47 90 323
s 47 91 -11
v 47 91 44
s 47 92 -24
v 47 92 -91
s 47 93 -81
v 47 93 692
s 47 94 -66
v 47 94 87
s 47 95 14
v 47 95 74
s 47 96 -59
v 47 96 -189
s 47 97 104
v 47 97 376
s 47 98 -53
v 47 98 13
s 47 99 -78
v 47 99 230
s 47 100 215
v 47 100 105
s 47 101 40
v 47 101 126
s 47 102 -18
v 47 102 -305
s 47 103 27
v 47 103 5
s 47 104 38
v 47 104 -536
s 47 105 -110
v 47 105 -334
s 47 106 76
v 47 106 53
s 47 107 10
v 47 107 -218
s 47 108 -24
v 47 108 390
s 47 109 -49
v 47 109 -202
s 47 110 -84
v 47 110 114
s 47 111 11
v 47 111 -17
s 47 112 108
v 47 112 72
s 47 113 -34
v 47 113 -476
s 47 114 -119
v 47 114 -53
v 47 119 335
v 47 120 -179
s 47 121 -60
v 47 121 361
s 47 123 -215
v 47 123 -371
s 47 126 -55
v 47 126 -115
s 47 128 -23
v 47 128 120
s 47 129 -71
v 47 129 -58
s 47 131 -39
v 47 131 -192
s 47 135 16
v 47 135 33
s 47 136 95
v 47 136 -122
s 47 137 -23
v 47 137 -237
s 47 138 -24
v 47 138 36
s 47 145 -104
v 47 145 -366
s 47 155 -149
v 47 155 -36
s 48 49 24
v 48 49 -548
s 48 50 80
v 48 50 79
v 48 51 -66
s 48 52 -109
v 48 52 -13
s 48 53 39
v 48 53 -517
s 48 54 41
v 48 54 -787
s 48 55 -62
v 48 55 -127
s 48 56 -6
v 48 56 191
s 48 57 6
v 48 57 -29
s 48 58 -26
v 48 58 71
s 48 59 117
v 48 59 224
s 48 60 266
s 48 61 -34
v 48 61 -530
s 48 62 20
v 48 62 -590
s 48 63 145
v 48 63 166
s 48 64 -24
v 48 64 -130
s 48 65 -14
v 48 65 8
s 48 66 16
v 48 66 -124
s 48 67 -88
v 48 67 -349
s 48 68 -196
v 48 68 -150
s 48 69 -23
v 48 69 176
s 48 70 17
v 48 70 87
s 48 71 250
v 48 71 -428
s 48 72 -19
v 48 72 182
s 48 73 -89
v 48 73 580
s 48 74 -138
v 48 74 -660
s 48 75 -206
v 48 75 341
s 48 76 57
v 48 76 -321
s 48 77 72
v 48 77 -84
v 48 78 223
s 48 79 -55
v 48 79 -107
v 48 80 413
s 48 81 -108
v 48 81 -69
s 48 82 34
v 48 82 -360
s 48 83 -76
v 48 83 -162
s 48 84 -88
v 48 84 -750
s 48 85 -52
v 48 85 396
s 48 86 161
v 48 86 -364
s 48 87 85
v 48 87 151
s 48 88 -31
v 48 88 -302
v 48 89 -122
s 48 90 -46
v 48 90 -366
s 48 91 -137
v 48 91 45
s 48 92 93
v 48 92 18
s 48 93 -77
v 48 93 -303
s 48 94 -14
v 48 94 201
s 48 95 -20
v 48 95 -84
s 48 96 13
v 48 96 -22
v 48 97 567
s 48 98 79
v 48 98 -151
s 48 99 -72
v 48 99 361
s 48 100 229
v 48 100 282
s 48 101 -70
v 48 101 -71
s 48 102 156
v 48 102 324
s 48 103 92
v 48 103 270
s 48 104 200
v 48 104 75
s 48 105 67
v 48 105 -139
s 48 106 110
v 48 106 472
s 48 107 137
v 48 107 264
s 48 108 -57
v 48 108 464
s 48 109 -59
v 48 109 -183
s 48 110 -229
v 48 110 171
s 48 111 50
v 48 111 -357
s 48 112 -150
v 48 112 102
s 48 113 -12
s 48 114 107
v 48 114 -319
s 48 119 -225
v 48 119 -212
s 48 120 87
v 48 120 -24
s 48 121 126
v 48 121 778
s 48 123 27
v 48 123 -739
s 48 126 62
v 48 126 191
s 48 128 -212
v 48 128 145
s 48 129 49
v 48 129 -354
s 48 131 9
v 48 131 335
s 48 135 -234
v 48 135 491
s 48 136 93
v 48 136 231
s 48 137 82
v 48 137 -707
s 48 138 -7
v 48 138 -184
s 48 145 -41
v 48 145 280
s 48 155 45
s 49 50 25
v 49 50 -64
s 49 51 105
v 49 51 -172
s 49 52 100
s 49 53 106
v 49 53 -535
s 49 54 17
v 49 54 -110
s 49 55 -72
v 49 55 -425
s 49 56 5
v 49 56 219
s 49 57 -51
v 49 57 -23
s 49 58 -99
v 49 58 -239
s 49 59 -17
v 49 59 232
s 49 60 173
v 49 60 887
s 49 61 -10
v 49 61 645
s 49 62 -114
v 49 62 24
s 49 63 19
v 49 63 -41
s 49 64 -7
v 49 64 -345
s 49 65 -8
v 49 65 -14
v 49 66 234
s 49 67 124
v 49 67 -403
s 49 68 147
v 49 68 -393
s 49 69 -80
v 49 69 26
s 49 70 32
v 49 70 -23
s 49 71 -56
v 49 71 -515
v 49 72 -165
s 49 73 61
v 49 73 103
s 49 74 -107
v 49 74 126
s 49 75 -25
v 49 75 -304
s 49 76 141
v 49 76 -296
s 49 77 50
v 49 77 488
s 49 78 85
v 49 78 -111
s 49 79 -85
v 49 79 193
s 49 80 73
v 49 80 -272
s 49 81 47
v 49 81 327
s 49 82 -86
v 49 82 -201
s 49 83 -33
v 49 83 -214
s 49 84 -77
v 49 84 -87
s 49 85 244
v 49 85 -431
s 49 86 -178
v 49 86 -71
s 49 87 -134
v 49 87 109
s 49 88 -17
v 49 88 151
s 49 89 -30
v 49 89 156
s 49 90 49
v 49 90 -563
s 49 91 61
v 49 91 96
s 49 92 31
v 49 92 144
s 49 93 63
v 49 93 -246
s 49 94 15
v 49 94 -50
s 49 95 -76
v 49 95 -422
s 49 96 -56
v 49 96 40
s 49 97 162
v 49 97 -63
s 49 98 12
v 49 98 -244
s 49 99 -36
v 49 99 422
s 49 100 57
v 49 100 13
s 49 101 205
v 49 101 -218
s 49 102 11
v 49 102 -212
s 49 103 29
v 49 103 -53
s 49 104 82
v 49 104 484
s 49 105 43
v 49 105 535
s 49 106 -122
v 49 106 -381
s 49 107 115
v 49 107 89
s 49 108 -34
v 49 108 456
s 49 109 74
v 49 109 422
s 49 110 98
v 49 110 -399
s 49 111 66
v 49 111 -150
s 49 112 -150
v 49 112 57
s 49 113 -163
v 49 113 -260
s 49 114 -75
v 49 114 405
s 49 119 -12
v 49 119 231
s 49 120 -156
v 49 120 569
s 49 121 56
v 49 121 429
s 49 123 -154
v 49 123 -89
s 49 126 38
v 49 126 285
s 49 128 -67
v 49 128 86
s 49 129 -144
v 49 129 -98
s 49 131 73
v 49 131 137
s 49 135 110
v 49 135 12
s 49 136 -290
v 49 136 -13
s 49 137 209
v 49 137 59
s 49 138 -25
v 49 138 489
s 49 145 123
v 49 145 113
s 49 155 50
v 49 155 -226
s 50 51 -65
v 50 51 -138
s 50 52 49
v 50 52 -418
s 50 53 -48
v 50 53 -184
s 50 54 -195
v 50 54 33
s 50 55 80
v 50 55 -28
s 50 56 20
v 50 56 302
s 50 57 -41
v 50 57 -79
s 50 58 -41
v 50 58 97
s 50 59 26
v 50 59 -145
s 50 60 62
v 50 60 269
s 50 61 -28
v 50 61 -79
s 50 62 -12
v 50 62 234
s 50 63 95
v 50 63 -246
s 50 64 32
v 50 64 -202
s 50 65 -19
v 50 65 -12
v 50 66 81
s 50 67 -74
v 50 67 115
s 50 68 39
v 50 68 -124
s 50 69 -79
v 50 69 -472
s 50 70 -85
v 50 70 36
s 50 71 -207
v 50 71 -269
s 50 72 8
v 50 72 -86
s 50 73 -28
v 50 73 229
s 50 74 108
v 50 74 -406
s 50 75 25
v 50 75 -274
s 50 76 -90
v 50 76 -8
s 50 77 57
v 50 77 -218
s 50 78 -69
v 50 78 27
s 50 79 11
v 50 79 -55
s 50 80 -105
v 50 80 26
s 50 81 30
v 50 81 53
s 50 82 65
v 50 82 50
s 50 83 -18
v 50 83 169
s 50 84 -79
v 50 84 -51
s 50 85 57
v 50 85 -676
s 50 86 49
v 50 86 142
s 50 87 -28
v 50 87 225
s 50 88 113
v 50 88 175
v 50 89 110
s 50 90 -70
v 50 90 -237
s 50 91 23
v 50 91 -465
s 50 92 -7
v 50 92 26
s 50 93 96
v 50 93 -574
s 50 94 -30
v 50 94 -286
s 50 95 72
s 50 96 -54
v 50 96 -100
s 50 97 187
v 50 97 -150
s 50 98 -45
v 50 98 120
s 50 99 24
v 50 99 -83
s 50 100 -13
v 50 100 65
s 50 101 -42
v 50 101 -40
s 50 102 73
v 50 102 -30
s 50 103 -55
v 50 103 155
s 50 104 45
v 50 104 482
s 50 105 -81
v 50 105 149
s 50 106 -57
v 50 106 -55
s 50 107 101
v 50 107 -107
v 50 108 -121
s 50 109 -59
v 50 109 -299
s 50 110 -7
v 50 110 36
s 50 111 -50
v 50 111 83
s 50 112 -23
v 50 112 121
s 50 113 71
v 50 113 -13
s 50 114 -50
v 50 114 -234
s 50 119 -30
v 50 119 -111
s 50 120 163
v 50 120 163
s 50 121 35
v 50 121 291
s 50 123 -154
v 50 123 85
s 50 126 -68
v 50 126 -211
s 50 128 -130
v 50 128 -208
s 50 129 -128
v 50 129 -120
s 50 131 -35
v 50 131 122
s 50 135 -255
v 50 135 226
s 50 136 -29
v 50 136 -292
s 50 137 -89
v 50 137 212
s 50 138 32
v 50 138 262
s 50 145 39
v 50 145 -205
s 50 155 30
v 50 155 -11
s 51 52 -57
v 51 52 87
s 51 53 140
v 51 53 70
s 51 54 -48
v 51 54 -165
s 51 55 43
v 51 55 -448
v 51 56 79
s 51 57 65
v 51 57 -30
s 51 58 58
v 51 58 295
s 51 59 58
v 51 59 -273
s 51 60 -131
v 51 60 228
s 51 61 38
v 51 61 -284
s 51 62 -8
v 51 62 -295
s 51 63 -53
v 51 63 50
s 51 64 -9
v 51 64 267
v 51 65 44
s 51 66 16
v 51 66 28
s 51 67 -70
v 51 67 23
s 51 68 -74
v 51 68 -423
s 51 69 92
v 51 69 -97
s 51 70 103
v 51 70 343
s 51 71 -48
v 51 71 73
s 51 72 43
v 51 72 -238
s 51 73 -37
v 51 73 77
s 51 74 -34
v 51 74 -374
s 51 75 99
v 51 75 306
s 51 76 18
v 51 76 -124
s 51 77 18
v 51 77 -136
s 51 78 -12
v 51 78 168
s 51 79 29
v 51 79 17
s 51 80 -31
v 51 80 89
s 51 81 -36
v 51 81 -99
s 51 82 -7
v 51 82 -148
s 51 83 8
v 51 83 -121
v 51 84 263
s 51 85 54
v 51 85 -113
s 51 86 -148
s 51 87 114
v 51 87 263
s 51 88 17
v 51 88 56
s 51 90 -32
v 51 90 109
s 51 91 29
v 51 91 -147
s 51 92 -50
v 51 92 -93
s 51 93 -296
v 51 93 575
s 51 95 7
v 51 95 49
s 51 96 23
v 51 96 -388
s 51 97 -165
v 51 97 102
s 51 98 11
v 51 98 -269
s 51 99 -9
v 51 99 163
s 51 100 21
v 51 100 171
s 51 101 -79
v 51 101 -322
s 51 102 -12
v 51 102 -32
s 51 103 15
v 51 103 83
s 51 104 49
v 51 104 344
s 51 105 -22
v 51 105 -184
v 51 106 141
s 51 107 95
v 51 107 250
s 51 108 -68
v 51 108 209
s 51 109 -47
v 51 109 -339
s 51 110 67
v 51 110 -17
s 51 111 26
v 51 111 131
s 51 112 -53
v 51 112 -402
s 51 114 53
v 51 114 146
s 51 119 -104
v 51 119 185
s 51 120 33
v 51 120 -60
s 51 121 -124
v 51 121 -6
s 51 123 -29
v 51 123 287
s 51 126 42
v 51 126 -44
s 51 128 45
v 51 128 138
s 51 129 -22
v 51 129 -56
s 51 131 6
v 51 131 -7
s 51 135 63
v 51 135 55
s 51 136 -60
v 51 136 -33
s 51 137 24
v 51 137 114
s 51 138 -51
s 51 145 7
v 51 145 271
s 51 155 -18
v 51 155 -143
s 52 53 -11
v 52 53 -299
s 52 54 -22
v 52 54 71
s 52 55 51
v 52 55 16
v 52 56 -45
s 52 57 -20
v 52 57 -275
v 52 58 192
s 52 59 22
v 52 59 124
s 52 60 119
v 52 60 -317
s 52 61 -17
v 52 61 -195
s 52 62 -83
v 52 62 -385
s 52 63 25
v 52 63 173
s 52 64 -76
v 52 64 24
s 52 65 8
v 52 65 46
s 52 66 6
v 52 66 -46
s 52 67 -69
v 52 67 159
s 52 68 -6
v 52 68 -43
v 52 69 94
s 52 70 -65
v 52 70 -24
s 52 71 245
v 52 71 11
s 52 72 -58
v 52 72 14
s 52 73 -10
v 52 73 26
s 52 74 -87
v 52 74 298
s 52 75 39
v 52 75 -200
s 52 76 80
v 52 76 -272
s 52 77 -32
v 52 77 17
s 52 78 16
v 52 78 -149
s 52 79 59
v 52 79 6
v 52 80 178
s 52 81 -21
v 52 81 82
s 52 82 26
v 52 82 67
s 52 83 -29
v 52 83 5
s 52 84 -20
v 52 84 -104
s 52 85 -115
v 52 85 -59
v 52 86 -306
s 52 87 -129
v 52 87 -258
s 52 88 -52
v 52 88 -578
v 52 89 60
s 52 90 -28
v 52 90 -291
s 52 91 645
v 52 91 112
s 52 92 23
v 52 92 186
s 52 93 -83
v 52 93 335
s 52 94 27
v 52 94 -44
s 52 95 -18
v 52 95 -132
s 52 96 -8
v 52 96 135
s 52 97 -110
v 52 97 -54
s 52 98 -69
v 52 98 101
s 52 99 -22
v 52 99 -177
s 52 100 -12
v 52 100 100
v 52 101 -309
v 52 102 16
s 52 103 -17
v 52 103 62
s 52 104 -33
v 52 104 73
s 52 105 -53
v 52 105 398
s 52 106 -33
v 52 106 227
s 52 107 -24
v 52 107 448
s 52 108 70
v 52 108 -34
s 52 109 -61
v 52 109 -247
v 52 110 -65
s 52 111 10
s 52 112 -40
v 52 112 350
v 52 113 204
v 52 114 -33
s 52 119 57
v 52 119 27
s 52 120 -23
s 52 121 9
v 52 121 213
s 52 123 8
v 52 123 -31
s 52 126 -19
v 52 126 -77
s 52 128 -120
v 52 128 250
s 52 129 49
v 52 129 86
s 52 131 -31
v 52 131 -23
s 52 135 -128
v 52 135 -103
s 52 136 42
v 52 136 -74
s 52 137 -27
v 52 137 314
s 52 145 -12
v 52 145 89
s 52 155 -26
v 52 155 73
s 53 54 -370
v 53 54 382
s 53 55 -14
v 53 55 101
s 53 56 -8
v 53 56 -468
s 53 57 -44
v 53 57 -85
s 53 58 -27
v 53 58 -42
s 53 59 52
v 53 59 55
s 53 60 98
v 53 60 -419
s 53 61 -45
v 53 61 -160
s 53 62 156
v 53 62 -98
s 53 63 64
s 53 64 113
v 53 64 -46
s 53 65 72
v 53 65 -10
s 53 66 -16
v 53 66 -154
s 53 67 13
v 53 67 -356
s 53 68 166
v 53 68 29
s 53 69 -33
v 53 69 -268
s 53 70 6
v 53 70 -218
s 53 71 -131
v 53 71 -219
s 53 72 129
v 53 73 72
s 53 74 -155
v 53 74 -75
s 53 75 -11
v 53 75 437
s 53 76 -25
v 53 76 511
v 53 77 -243
s 53 78 -70
v 53 78 -277
s 53 79 -56
v 53 79 -23
s 53 80 -53
v 53 80 142
s 53 81 12
v 53 81 115
s 53 82 -32
v 53 82 49
s 53 83 -36
v 53 83 73
s 53 84 53
v 53 84 -507
s 53 85 -200
v 53 85 -529
s 53 86 309
v 53 86 452
s 53 87 178
v 53 87 265
s 53 88 118
v 53 88 -195
s 53 89 41
v 53 89 -38
s 53 90 -43
v 53 90 165
s 53 91 -87
v 53 91 377
s 53 92 -29
v 53 92 -121
s 53 93 131
v 53 93 -731
s 53 94 -91
v 53 94 201
s 53 95 70
v 53 95 201
v 53 96 -298
s 53 97 180
v 53 97 35
s 53 98 127
v 53 98 -242
s 53 99 -224
v 53 99 -13
s 53 100 186
v 53 100 -359
s 53 101 -38
v 53 101 71
s 53 102 -55
v 53 102 62
s 53 103 -11
v 53 103 -17
s 53 104 -182
v 53 104 -57
s 53 105 -103
v 53 105 -54
s 53 106 150
v 53 106 114
s 53 107 -10
v 53 107 -201
s 53 108 -63
v 53 108 -243
s 53 109 -15
v 53 109 -525
s 53 110 -151
v 53 110 287
s 53 111 24
v 53 111 -66
s 53 112 12
v 53 112 40
s 53 113 75
v 53 113 -208
s 53 114 19
v 53 114 29
s 53 119 183
v 53 119 212
s 53 120 103
v 53 120 -243
s 53 121 -170
v 53 121 664
s 53 123 182
v 53 123 125
s 53 126 -25
v 53 126 105
s 53 128 117
v 53 128 -322
s 53 129 44
v 53 129 -70
s 53 131 167
v 53 131 -116
s 53 135 -51
v 53 135 -795
s 53 136 -83
v 53 136 -55
s 53 137 -65
v 53 137 203
s 53 138 36
v 53 138 287
s 53 145 9
v 53 145 -214
s 53 155 -46
v 53 155 58
s 54 55 95
v 54 55 58
s 54 56 -43
v 54 56 106
s 54 57 -107
v 54 57 -358
s 54 58 21
v 54 58 118
s 54 59 -5
v 54 59 250
s 54 60 -8
v 54 60 -446
s 54 61 -49
v 54 61 -187
s 54 62 38
v 54 62 94
s 54 63 -6
v 54 63 -135
s 54 64 66
v 54 64 191
s 54 65 36
v 54 65 -44
s 54 66 9
v 54 66 -178
s 54 67 -27
v 54 67 283
s 54 68 50
v 54 68 -71
s 54 69 201
v 54 69 -887
s 54 70 26
v 54 70 104
s 54 71 120
v 54 71 -599
s 54 72 96
v 54 72 -69
s 54 73 -10
v 54 73 419
s 54 74 220
v 54 74 751
s 54 75 158
v 54 75 91
s 54 76 153
v 54 76 -232
s 54 77 36
v 54 77 100
s 54 78 -132
v 54 78 366
s 54 79 -47
v 54 79 -145
s 54 80 -124
v 54 80 24
s 54 81 -35
v 54 81 -382
s 54 82 -97
s 54 83 -13
v 54 83 -36
s 54 84 59
v 54 84 39
s 54 85 -155
v 54 85 133
s 54 86 227
v 54 86 91
s 54 87 108
v 54 87 14
s 54 88 85
v 54 88 403
s 54 89 -9
v 54 89 15
s 54 90 -26
v 54 90 246
s 54 91 -26
v 54 91 -133
s 54 92 -191
v 54 92 -184
s 54 93 -111
v 54 93 -461
s 54 94 -24
v 54 94 -478
s 54 95 15
v 54 95 -279
s 54 96 113
v 54 96 1078
s 54 97 111
v 54 97 -667
s 54 98 -21
v 54 98 75
s 54 99 -89
v 54 99 -220
s 54 100 -317
v 54 100 -494
s 54 101 89
v 54 101 -852
s 54 102 -26
v 54 102 -408
s 54 103 6
v 54 103 -305
s 54 104 81
v 54 104 151
s 54 105 211
v 54 105 768
s 54 106 -271
v 54 106 231
s 54 107 118
v 54 107 384
s 54 108 -29
v 54 108 672
s 54 109 -91
s 54 110 -166
v 54 110 224
s 54 111 -294
v 54 111 -422
s 54 112 173
v 54 112 77
s 54 113 -105
v 54 113 -300
s 54 114 31
v 54 114 -372
s 54 119 -22
v 54 119 112
s 54 120 -8
v 54 120 -425
s 54 121 113
v 54 121 -400
s 54 123 232
v 54 123 24
s 54 126 61
v 54 126 -9
s 54 128 287
v 54 128 961
s 54 129 -24
v 54 129 789
s 54 131 92
v 54 131 -137
s 54 135 -13
v 54 135 402
s 54 136 -97
v 54 136 185
s 54 137 109
v 54 137 378
s 54 138 38
s 54 145 -41
v 54 145 -236
s 54 155 106
v 54 155 290
v 55 56 -213
s 55 57 10
v 55 57 -29
s 55 58 -23
v 55 58 -119
s 55 59 25
v 55 59 161
s 55 60 -48
s 55 61 19
v 55 61 65
s 55 62 181
v 55 62 44
s 55 63 20
v 55 63 -194
s 55 64 -20
v 55 64 -462
s 55 65 -32
v 55 65 -128
s 55 66 -50
v 55 66 -6
s 55 67 32
s 55 68 -157
v 55 68 -287
s 55 69 -36
v 55 69 -160
s 55 70 116
v 55 70 -220
s 55 71 160
v 55 71 -50
s 55 72 -33
v 55 72 -140
s 55 73 19
v 55 73 69
s 55 74 -201
v 55 74 56
s 55 75 91
v 55 75 -116
s 55 76 27
v 55 76 196
s 55 77 -33
v 55 77 -13
s 55 78 -30
v 55 78 -217
s 55 79 41
v 55 79 -74
s 55 80 -33
v 55 80 -288
s 55 81 -107
v 55 81 323
v 55 82 -63
s 55 83 -45
v 55 83 -25
s 55 84 22
v 55 84 540
s 55 85 23
v 55 85 413
s 55 86 84
v 55 86 -177
s 55 87 80
v 55 87 -314
s 55 88 235
v 55 88 -220
s 55 89 -47
v 55 89 42
s 55 90 42
v 55 90 -71
s 55 91 29
v 55 91 62
v 55 92 42
s 55 93 225
v 55 93 457
s 55 94 9
v 55 94 222
s 55 95 -67
v 55 95 41
s 55 96 27
v 55 96 -338
v 55 97 -199
s 55 98 -54
v 55 98 -199
s 55 99 -12
v 55 99 -264
s 55 100 -117
v 55 100 581
s 55 101 19
v 55 101 -181
s 55 102 -16
v 55 102 206
s 55 103 8
v 55 103 -10
s 55 104 45
v 55 104 -125
s 55 105 11
v 55 105 150
s 55 106 116
v 55 106 -129
s 55 107 71
v 55 107 -271
s 55 108 -26
v 55 108 364
s 55 109 147
v 55 109 401
s 55 110 -6
v 55 110 -237
s 55 111 -52
v 55 111 -591
s 55 112 -85
v 55 112 365
s 55 113 81
v 55 113 232
s 55 114 -134
v 55 114 86
s 55 119 97
v 55 119 479
s 55 120 -22
v 55 120 -135
s 55 121 -15
v 55 121 213
s 55 123 -81
v 55 123 -172
s 55 126 240
s 55 128 -90
v 55 128 -306
s 55 129 -46
v 55 129 -161
s 55 131 -35
v 55 131 -658
s 55 135 -64
v 55 135 -294
s 55 136 -126
v 55 136 172
s 55 137 -39
v 55 137 -370
s 55 138 59
s 55 145 -42
v 55 145 -423
s 55 155 124
v 55 155 -144
s 56 57 91
v 56 57 -14
s 56 58 -38
v 56 58 168
s 56 59 47
v 56 59 -136
s 56 60 -56
v 56 60 465
s 56 61 -8
v 56 61 -152
s 56 62 -88
v 56 62 -530
s 56 63 -54
v 56 63 187
s 56 64 100
v 56 64 221
v 56 65 74
s 56 66 -19
v 56 66 -61
s 56 67 35
v 56 67 103
s 56 68 -104
v 56 68 149
s 56 69 -149
v 56 69 -23
s 56 70 -12
v 56 70 41
s 56 71 130
v 56 71 -29
s 56 72 16
v 56 72 -52
v 56 73 -247
s 56 74 -125
v 56 74 53
s 56 75 -87
v 56 75 -255
s 56 76 -69
v 56 76 390
s 56 77 -20
v 56 77 132
s 56 78 -15
v 56 78 -95
s 56 79 -46
v 56 79 -173
v 56 80 -193
s 56 81 36
v 56 81 -114
s 56 82 31
v 56 82 -146
s 56 83 28
v 56 83 33
s 56 84 85
v 56 84 -206
s 56 85 -120
v 56 85 827
s 56 86 -25
v 56 86 337
s 56 87 113
v 56 87 -109
s 56 88 48
v 56 88 -220
v 56 89 -7
s 56 90 -47
v 56 90 192
s 56 91 -23
v 56 91 -49
s 56 92 27
v 56 92 120
s 56 93 -77
v 56 93 -151
s 56 94 -22
v 56 95 56
s 56 96 -16
v 56 96 -11
s 56 97 -105
v 56 97 401
s 56 98 108
v 56 98 -101
s 56 99 17
v 56 99 -48
s 56 100 71
v 56 100 189
s 56 101 55
v 56 101 -51
v 56 102 -76
v 56 103 -238
s 56 104 -63
v 56 104 -158
s 56 105 76
v 56 105 207
s 56 106 -41
v 56 106 -79
v 56 107 -39
s 56 108 24
v 56 108 89
s 56 109 11
v 56 109 -258
s 56 110 86
v 56 110 -374
s 56 111 -100
v 56 111 9
s 56 112 8
v 56 112 19
s 56 113 -19
v 56 113 -290
s 56 114 -32
v 56 114 29
s 56 119 -17
v 56 119 91
s 56 120 -30
v 56 120 66
s 56 121 -45
v 56 121 18
s 56 123 84
v 56 123 -49
s 56 126 41
v 56 126 -553
s 56 128 20
v 56 128 232
v 56 129 -255
s 56 131 154
v 56 131 -173
s 56 135 -78
v 56 135 278
s 56 136 -50
v 56 136 -113
s 56 137 22
v 56 137 -101
s 56 138 10
v 56 138 -67
v 56 145 30
s 56 155 -40
v 56 155 50
v 57 58 -100
s 57 59 -61
v 57 59 -162
s 57 60 -13
v 57 60 272
v 57 61 -16
s 57 62 -24
v 57 62 49
s 57 63 -28
v 57 63 70
s 57 64 51
v 57 64 152
v 57 65 60
s 57 66 -16
s 57 67 57
v 57 67 -124
s 57 68 -37
v 57 68 -193
s 57 69 30
v 57 69 -45
v 57 70 264
s 57 71 -64
v 57 71 52
s 57 72 31
v 57 72 49
s 57 73 -9
s 57 74 12
v 57 74 -116
s 57 75 13
v 57 75 73
v 57 76 -61
v 57 77 45
s 57 78 -6
v 57 78 -181
s 57 79 -11
v 57 79 122
s 57 80 13
v 57 80 -168
s 57 81 8
v 57 81 36
s 57 82 -35
v 57 82 -69
s 57 83 -47
v 57 83 6
s 57 84 -62
v 57 84 -289
s 57 85 92
v 57 85 -125
s 57 86 35
v 57 86 -240
s 57 87 34
v 57 87 -29
s 57 88 -32
v 57 88 136
s 57 89 20
v 57 89 30
s 57 90 -38
v 57 90 -177
s 57 91 -30
v 57 91 -159
s 57 92 -21
v 57 92 154
s 57 93 -46
v 57 93 355
s 57 94 -17
v 57 94 10
s 57 95 -6
v 57 95 -18
s 57 96 21
v 57 96 -143
s 57 97 89
v 57 97 209
s 57 98 23
v 57 98 -31
s 57 99 -23
v 57 99 -279
s 57 100 -70
v 57 100 53
s 57 101 49
v 57 101 -427
s 57 102 -27
v 57 102 73
s 57 103 23
v 57 103 71
s 57 104 82
v 57 104 246
s 57 105 6
v 57 105 30
s 57 106 -22
v 57 106 37
s 57 107 -42
s 57 109 -65
v 57 109 -572
s 57 110 69
v 57 110 -81
s 57 111 -83
v 57 111 169
s 57 112 48
v 57 112 -269
s 57 113 34
v 57 113 36
s 57 114 80
v 57 114 -117
s 57 119 -46
v 57 119 -255
s 57 120 41
v 57 120 -239
s 57 121 39
v 57 121 -254
s 57 123 70
v 57 123 -223
s 57 126 -40
v 57 126 275
s 57 128 -18
v 57 128 -53
s 57 129 -18
s 57 131 -39
v 57 131 -112
s 57 135 -56
v 57 135 -21
s 57 136 18
v 57 136 467
s 57 137 71
v 57 137 148
s 57 138 -12
v 57 138 -37
s 57 145 50
v 57 145 -34
s 57 155 11
v 57 155 -122
s 58 59 26
v 58 59 -108
v 58 60 -30
s 58 61 25
v 58 61 108
s 58 62 -55
v 58 62 -91
s 58 63 10
v 58 63 -101
s 58 64 15
v 58 64 -77
s 58 65 11
v 58 65 67
s 58 66 -13
v 58 66 -45
s 58 67 -84
v 58 67 61
s 58 68 -19
v 58 68 108
s 58 69 31
v 58 69 -128
s 58 70 -18
v 58 70 15
v 58 71 -519
s 58 72 -28
v 58 72 193
s 58 73 -55
v 58 73 -175
s 58 74 138
v 58 74 461
s 58 75 115
v 58 75 104
s 58 76 -41
v 58 76 410
s 58 77 -19
v 58 77 88
s 58 78 -33
v 58 78 201
v 58 79 63
v 58 80 198
v 58 81 83
s 58 82 -19
v 58 82 23
s 58 83 -13
v 58 83 -106
s 58 84 103
v 58 84 12
s 58 85 51
v 58 85 200
v 58 86 173
s 58 87 82
v 58 87 164
s 58 88 36
v 58 88 -6
s 58 89 10
v 58 89 -43
s 58 90 14
v 58 90 33
s 58 91 -11
v 58 91 -103
s 58 92 6
v 58 92 181
s 58 93 -27
v 58 93 -90
s 58 94 14
v 58 94 8
s 58 95 37
v 58 95 14
s 58 96 5
v 58 96 -158
s 58 97 -56
v 58 97 168
s 58 98 -138
v 58 98 -320
s 58 99 22
v 58 99 159
s 58 100 -8
v 58 100 195
s 58 101 -60
v 58 101 9
s 58 102 -13
v 58 102 -47
v 58 103 -22
s 58 104 86
v 58 104 -64
s 58 105 10
v 58 105 -214
s 58 106 -25
v 58 106 267
s 58 107 -19
v 58 107 -140
s 58 108 -78
v 58 108 134
s 58 109 -30
v 58 109 -213
s 58 110 24
v 58 110 -122
s 58 111 15
v 58 111 113
s 58 112 -14
v 58 112 -76
s 58 113 -19
v 58 113 -115
s 58 114 -77
v 58 114 155
s 58 119 -21
v 58 119 -282
s 58 120 51
v 58 120 78
s 58 121 37
v 58 121 79
s 58 123 84
v 58 123 -63
s 58 126 -17
v 58 126 127
s 58 128 -16
v 58 128 -84
v 58 129 -378
s 58 131 15
v 58 131 17
v 58 135 -252
s 58 136 71
v 58 136 -151
s 58 137 -33
v 58 137 -164
s 58 138 19
v 58 138 104
s 58 145 -33
v 58 145 -206
s 58 155 -16
s 59 60 84
v 59 60 614
s 59 61 14
v 59 61 -56
s 59 62 111
v 59 62 -372
s 59 63 -49
v 59 63 26
s 59 64 -8
v 59 64 347
s 59 65 6
v 59 65 -79
s 59 66 -11
v 59 66 -10
s 59 67 -66
v 59 67 -198
s 59 68 56
v 59 68 -342
s 59 69 -46
v 59 69 -126
s 59 70 -64
v 59 70 -99
s 59 71 -61
s 59 72 24
v 59 72 86
s 59 73 -22
v 59 73 143
s 59 74 -148
v 59 74 -34
s 59 75 -92
v 59 75 267
s 59 76 -71
v 59 76 -21
s 59 77 -15
v 59 77 85
s 59 78 -103
v 59 78 42
s 59 79 33
v 59 79 297
s 59 80 -106
v 59 80 211
s 59 81 28
v 59 81 51
s 59 82 -26
v 59 82 -71
s 59 83 -22
v 59 83 -84
s 59 84 -73
v 59 84 26
s 59 85 -154
v 59 85 300
s 59 86 148
v 59 86 158
s 59 87 101
v 59 87 -61
s 59 88 72
v 59 88 172
v 59 89 -69
s 59 90 -15
v 59 90 72
s 59 91 83
v 59 91 101
s 59 92 48
v 59 92 -51
s 59 93 57
s 59 94 -41
v 59 94 -78
s 59 95 -69
v 59 95 -117
s 59 96 -23
v 59 96 12
s 59 97 69
v 59 97 159
s 59 98 87
v 59 98 -7
s 59 99 -29
v 59 99 -259
s 59 100 43
v 59 100 -384
s 59 101 -52
s 59 102 -21
v 59 102 -137
v 59 104 -368
s 59 105 187
v 59 105 -259
s 59 106 -46
v 59 106 339
s 59 107 -17
v 59 107 134
s 59 108 -8
v 59 108 17
s 59 109 -27
v 59 109 -383
s 59 110 -25
v 59 110 107
s 59 111 91
v 59 111 -74
s 59 112 93
v 59 112 -377
s 59 113 -38
v 59 113 -148
s 59 114 -129
v 59 114 -33
s 59 119 -13
v 59 119 121
s 59 120 -7
v 59 120 380
s 59 121 59
v 59 121 -75
s 59 123 -69
v 59 123 -191
s 59 126 30
s 59 128 12
v 59 128 446
s 59 129 34
v 59 129 -19
s 59 131 114
v 59 131 311
v 59 135 403
v 59 136 -196
s 59 137 -22
v 59 137 11
s 59 138 7
v 59 138 -44
s 59 145 77
v 59 145 -30
s 59 155 -32
v 59 155 50
s 60 61 82
v 60 61 -473
s 60 62 -159
v 60 62 -377
s 60 63 -17
v 60 63 -359
s 60 64 -43
v 60 64 332
v 60 65 -228
s 60 66 30
v 60 66 -62
s 60 67 87
v 60 67 -328
s 60 68 -130
v 60 68 652
s 60 69 -40
v 60 69 551
s 60 70 -246
v 60 70 230
s 60 71 59
v 60 71 -985
s 60 72 -75
v 60 72 66
s 60 73 118
v 60 73 -116
s 60 74 34
v 60 74 457
s 60 75 -146
v 60 75 -77
s 60 76 188
v 60 76 215
s 60 77 -10
v 60 77 -407
s 60 78 12
v 60 78 23
v 60 79 -8
s 60 80 -118
v 60 80 144
s 60 81 53
v 60 81 -138
s 60 82 19
v 60 82 -510
s 60 83 110
v 60 83 -304
s 60 84 -13
v 60 84 -38
s 60 85 50
v 60 85 11
s 60 86 -20
v 60 86 507
s 60 87 -60
v 60 87 -573
s 60 88 -154
v 60 88 377
s 60 89 -66
v 60 89 -202
s 60 90 68
v 60 90 249
s 60 91 188
v 60 91 -62
s 60 93 165
v 60 93 564
s 60 94 7
v 60 94 -121
s 60 95 71
v 60 95 -503
s 60 96 -31
v 60 96 20
s 60 97 10
v 60 97 233
s 60 98 -129
v 60 98 156
s 60 99 -51
v 60 99 -496
s 60 100 -9
v 60 100 -34
s 60 101 -97
v 60 101 137
s 60 102 22
v 60 102 67
s 60 103 42
v 60 103 -107
s 60 104 -142
v 60 104 272
s 60 105 -110
v 60 105 -259
s 60 106 -168
v 60 106 -46
s 60 107 108
v 60 107 -79
s 60 108 45
v 60 108 -350
s 60 109 76
v 60 109 -519
s 60 110 -90
v 60 110 -184
s 60 111 -197
v 60 111 893
s 60 112 338
v 60 112 86
s 60 113 -52
v 60 113 167
s 60 114 -30
v 60 114 156
s 60 119 157
v 60 119 -394
v 60 120 159
s 60 121 -52
v 60 121 160
s 60 123 177
v 60 123 308
s 60 126 -99
v 60 126 76
s 60 128 70
v 60 128 -39
s 60 129 37
v 60 129 -183
s 60 131 -47
v 60 131 -155
s 60 135 -21
v 60 135 -468
s 60 136 -133
v 60 136 -324
s 60 137 49
v 60 137 110
s 60 138 -35
v 60 138 -28
v 60 145 260
s 60 155 -5
v 60 155 54
s 61 62 -104
v 61 62 275
s 61 63 -43
v 61 63 8
s 61 64 133
v 61 64 152
v 61 65 17
s 61 66 -7
v 61 66 -76
s 61 67 -51
v 61 67 181
s 61 68 -14
v 61 68 173
v 61 69 339
s 61 70 40
v 61 70 -93
s 61 71 98
v 61 71 -446
s 61 72 9
v 61 72 51
s 61 73 -27
v 61 73 102
s 61 74 31
v 61 74 157
s 61 75 -56
v 61 75 -8
s 61 76 -37
v 61 76 -30
s 61 77 6
v 61 77 -19
s 61 78 42
v 61 78 -92
s 61 79 -49
v 61 79 22
v 61 80 97
s 61 81 78
v 61 81 320
s 61 82 10
v 61 82 -113
s 61 83 52
v 61 83 98
s 61 84 35
v 61 84 327
s 61 85 59
v 61 85 40
s 61 86 -32
v 61 86 -222
s 61 87 52
v 61 87 -20
s 61 88 68
v 61 88 -179
v 61 89 -54
s 61 90 -34
v 61 90 -190
s 61 91 -9
v 61 91 26
s 61 92 -13
v 61 92 10
s 61 93 -75
v 61 93 -158
s 61 94 7
v 61 94 120
s 61 95 22
v 61 95 -55
s 61 96 -43
v 61 96 -46
v 61 97 130
s 61 98 -9
v 61 98 150
s 61 99 12
v 61 99 123
s 61 100 -88
v 61 100 -29
s 61 101 57
v 61 101 -151
s 61 102 -7
v 61 102 83
s 61 103 -24
v 61 103 122
v 61 104 -137
s 61 105 -15
v 61 105 -195
v 61 106 -57
s 61 107 -48
v 61 107 -15
s 61 108 -12
v 61 108 -42
v 61 109 44
s 61 110 -15
v 61 110 -321
v 61 111 47
s 61 112 77
v 61 112 -37
s 61 113 -43
v 61 113 224
s 61 114 34
v 61 114 -10
s 61 119 -64
v 61 119 207
s 61 120 9
v 61 120 35
s 61 121 -12
v 61 121 -356
s 61 123 36
v 61 123 205
s 61 126 -13
v 61 126 -302
s 61 128 -72
v 61 128 -30
s 61 129 20
v 61 129 79
s 61 131 -9
v 61 131 -24
s 61 135 21
v 61 135 -358
v 61 136 142
s 61 137 -23
v 61 137 -59
s 61 138 6
v 61 138 -172
s 61 145 38
v 61 145 18
s 61 155 -7
v 61 155 -21
s 62 63 -110
v 62 63 432
v 62 64 38
s 62 65 6
v 62 65 -35
s 62 66 -9
v 62 66 -86
s 62 67 -165
v 62 67 526
s 62 68 44
v 62 68 -38
v 62 69 201
s 62 70 150
v 62 70 344
s 62 71 -259
v 62 71 -463
s 62 72 29
v 62 72 158
s 62 73 -46
v 62 73 -197
s 62 74 -141
v 62 74 631
s 62 75 -50
v 62 75 154
s 62 76 89
v 62 76 482
s 62 77 -83
v 62 77 -173
s 62 78 62
v 62 78 86
s 62 79 -67
v 62 79 89
s 62 80 -97
v 62 80 -36
s 62 81 60
v 62 81 -398
s 62 82 -71
v 62 82 -210
s 62 83 -10
v 62 83 -134
s 62 84 -94
v 62 84 -225
s 62 85 -26
v 62 85 184
s 62 86 168
v 62 86 437
s 62 87 235
v 62 87 -459
s 62 88 -226
v 62 88 175
s 62 89 -44
v 62 89 -154
s 62 90 -41
v 62 90 64
s 62 91 10
v 62 91 31
s 62 92 -12
v 62 92 -337
s 62 93 -245
v 62 93 -1209
v 62 94 -187
v 62 95 -245
s 62 96 -79
v 62 96 106
s 62 97 54
v 62 97 -412
s 62 98 -140
v 62 98 -41
s 62 99 27
v 62 99 -65
s 62 100 -117
v 62 100 62
s 62 101 48
v 62 101 181
s 62 102 -38
v 62 102 -6
s 62 103 9
v 62 103 113
s 62 104 42
v 62 104 -488
s 62 105 -17
v 62 105 -356
s 62 106 105
v 62 106 101
s 62 107 81
v 62 107 -213
s 62 108 58
v 62 108 -253
s 62 109 151
v 62 109 217
s 62 110 -22
v 62 110 406
s 62 111 30
v 62 111 71
s 62 112 295
v 62 112 -393
s 62 113 -99
v 62 113 52
s 62 114 -47
v 62 114 202
s 62 119 57
v 62 119 8
s 62 120 5
v 62 120 133
v 62 121 391
s 62 123 33
v 62 123 32
s 62 126 -128
v 62 126 -382
s 62 128 -149
v 62 128 -382
s 62 129 78
v 62 129 27
s 62 131 38
v 62 131 -83
s 62 135 155
v 62 135 -61
s 62 136 6
v 62 136 -232
s 62 137 20
v 62 137 -420
s 62 138 57
v 62 138 -76
v 62 145 -94
s 62 155 22
v 62 155 -97
s 63 64 -23
v 63 64 -261
s 63 65 -29
v 63 65 32
s 63 66 -25
v 63 66 -72
s 63 67 74
v 63 67 -40
s 63 68 22
v 63 68 -391
s 63 69 -6
v 63 69 -88
s 63 70 -48
v 63 70 97
s 63 71 -10
v 63 71 319
s 63 72 37
v 63 72 69
s 63 73 -32
v 63 73 -171
s 63 74 -20
v 63 74 560
s 63 75 -60
v 63 75 42
s 63 76 -74
v 63 76 -394
s 63 77 -60
v 63 77 89
s 63 78 13
v 63 78 -63
s 63 79 22
v 63 79 28
s 63 80 -72
v 63 80 28
s 63 81 37
v 63 81 -156
s 63 82 20
v 63 82 8
s 63 83 103
v 63 83 -99
s 63 84 47
v 63 84 -224
s 63 85 45
v 63 85 732
s 63 86 -110
v 63 86 -918
v 63 87 -24
s 63 88 -83
v 63 88 -56
s 63 89 13
v 63 89 -30
s 63 90 -38
v 63 90 25
s 63 91 -31
v 63 91 -115
s 63 92 39
v 63 92 -182
s 63 93 -19
v 63 93 176
s 63 94 6
v 63 94 43
s 63 95 -50
v 63 95 165
s 63 96 -56
v 63 96 97
s 63 97 -20
v 63 97 -99
s 63 98 -28
v 63 98 243
s 63 99 -97
v 63 99 189
v 63 100 208
s 63 101 -42
v 63 101 -379
s 63 102 -45
v 63 102 38
s 63 103 51
v 63 103 29
s 63 104 52
v 63 104 -458
s 63 105 -63
v 63 105 -299
s 63 106 -180
v 63 106 55
s 63 107 -60
v 63 107 -151
s 63 108 48
v 63 108 61
s 63 109 13
v 63 109 -117
s 63 110 54
v 63 110 -131
s 63 111 43
v 63 111 258
s 63 112 -32
v 63 112 310
s 63 113 -59
v 63 113 138
s 63 114 45
v 63 114 42
s 63 119 -16
v 63 119 8
s 63 120 31
v 63 120 86
s 63 121 11
v 63 121 -272
s 63 123 101
v 63 123 169
s 63 126 101
v 63 126 -247
s 63 128 -59
v 63 128 38
s 63 129 -177
v 63 129 -273
s 63 131 19
v 63 131 88
s 63 135 24
v 63 135 68
s 63 136 22
v 63 136 380
s 63 137 62
v 63 137 26
s 63 138 -19
s 63 145 35
v 63 145 -323
s 63 155 -55
v 63 155 -65
s 64 65 -21
v 64 65 -98
s 64 66 -16
v 64 66 14
s 64 67 -28
v 64 67 -219
s 64 68 -46
v 64 68 256
v 64 69 311
s 64 70 -93
v 64 70 -395
s 64 71 119
v 64 71 96
s 64 72 10
v 64 72 -261
s 64 73 88
v 64 73 143
s 64 74 82
v 64 74 -50
s 64 75 -119
v 64 75 -36
s 64 76 21
v 64 76 111
s 64 77 -59
v 64 77 -153
s 64 78 11
v 64 78 170
s 64 79 -46
v 64 79 -56
s 64 80 -16
v 64 80 -133
s 64 81 63
v 64 81 388
s 64 82 30
v 64 82 71
s 64 83 -12
v 64 83 76
s 64 84 -207
v 64 84 -391
s 64 85 52
v 64 85 601
s 64 86 58
v 64 86 -942
s 64 87 41
v 64 87 299
s 64 88 -109
v 64 88 500
v 64 89 22
s 64 90 30
v 64 90 90
s 64 91 -24
v 64 91 209
s 64 92 -48
v 64 92 87
s 64 93 161
v 64 93 -71
s 64 94 -40
v 64 94 -94
s 64 95 -57
v 64 95 -99
s 64 96 -11
v 64 96 92
s 64 97 -17
v 64 97 -389
s 64 98 -77
v 64 98 310
v 64 99 63
s 64 100 -53
v 64 100 -33
s 64 101 53
v 64 101 199
s 64 102 -114
v 64 102 -229
s 64 103 21
v 64 103 -100
s 64 104 172
v 64 104 -966
s 64 105 -26
v 64 105 -86
s 64 106 194
v 64 106 -315
s 64 107 -26
v 64 107 -178
s 64 108 49
v 64 108 -353
s 64 109 -116
v 64 109 106
s 64 110 -41
v 64 110 175
s 64 111 -44
v 64 111 -240
s 64 112 -49
v 64 112 236
s 64 113 124
v 64 113 240
s 64 114 -33
v 64 114 170
s 64 119 -139
v 64 119 218
s 64 120 -20
v 64 120 -380
s 64 121 -71
v 64 121 183
s 64 123 -21
v 64 123 615
s 64 126 144
v 64 126 111
s 64 128 37
v 64 128 314
s 64 129 -9
v 64 129 -176
s 64 131 -77
v 64 131 45
s 64 135 -112
v 64 135 245
s 64 136 -46
v 64 136 52
s 64 137 12
v 64 137 -225
s 64 138 -5
v 64 138 -149
s 64 145 -19
v 64 145 21
v 64 155 -24
s 65 66 12
v 65 66 6
s 65 67 -58
v 65 67 -139
s 65 68 -48
v 65 68 165
s 65 69 -13
v 65 69 73
s 65 70 -16
v 65 70 -15
s 65 71 -25
s 65 73 64
v 65 73 -36
s 65 74 53
v 65 74 -295
s 65 75 -14
v 65 75 -37
s 65 76 40
v 65 76 -71
s 65 77 14
v 65 77 30
s 65 78 -16
v 65 78 48
v 65 79 -107
s 65 80 40
v 65 80 -22
v 65 81 -94
s 65 82 -18
v 65 82 -22
s 65 83 16
v 65 83 96
s 65 84 -6
v 65 84 13
s 65 85 -16
v 65 85 12
s 65 86 -61
v 65 86 -24
s 65 87 -103
v 65 87 -44
s 65 88 -26
v 65 88 -72
s 65 89 -15
s 65 90 -7
v 65 90 -72
v 65 91 -117
v 65 92 20
s 65 93 -7
v 65 93 64
s 65 94 -7
v 65 94 -39
v 65 95 118
s 65 96 -23
v 65 96 78
s 65 97 -49
v 65 97 -79
s 65 98 -15
v 65 98 58
s 65 99 -31
v 65 99 -27
s 65 100 -38
v 65 100 38
s 65 101 -26
v 65 101 82
s 65 102 31
v 65 102 -13
v 65 103 45
s 65 104 -53
v 65 104 -62
s 65 105 29
v 65 105 -111
s 65 106 -41
v 65 106 -76
s 65 107 -20
v 65 107 -110
s 65 108 -12
v 65 108 -83
s 65 109 18
v 65 109 -18
s 65 110 52
v 65 110 132
v 65 111 -98
s 65 112 40
v 65 112 6
s 65 113 -8
v 65 113 -26
s 65 114 37
v 65 114 224
s 65 119 -22
v 65 119 -52
v 65 120 80
s 65 121 -28
v 65 121 -120
s 65 123 24
v 65 123 -156
s 65 126 -20
v 65 126 76
s 65 128 79
v 65 128 72
s 65 129 8
v 65 129 55
s 65 131 28
s 65 135 85
v 65 135 17
s 65 136 15
v 65 136 34
s 65 137 -18
v 65 137 78
v 65 138 -16
s 65 145 34
v 65 145 -79
s 65 155 42
v 65 155 96
s 66 67 40
v 66 67 -36
s 66 69 -23
v 66 69 111
s 66 70 -55
v 66 70 14
s 66 71 26
v 66 71 -228
s 66 72 -11
v 66 72 -27
s 66 73 -13
v 66 73 -18
s 66 74 29
v 66 74 71
s 66 75 -12
v 66 75 7
s 66 76 30
v 66 76 -71
v 66 78 87
v 66 79 47
s 66 80 -7
v 66 80 -66
s 66 81 -16
v 66 82 72
v 66 83 34
s 66 84 8
v 66 84 126
s 66 85 -48
v 66 85 -187
s 66 86 14
v 66 86 -24
s 66 87 -9
v 66 87 20
s 66 88 40
v 66 88 -18
s 66 89 -8
v 66 89 -13
s 66 90 -10
v 66 90 -41
v 66 91 11
s 66 92 9
v 66 92 75
s 66 93 36
v 66 93 -63
s 66 94 -8
v 66 94 -70
s 66 95 -6
v 66 95 -19
v 66 96 -16
s 66 97 79
v 66 97 -95
v 66 98 -27
s 66 99 -9
v 66 99 20
s 66 100 15
v 66 100 81
s 66 101 21
v 66 101 -20
v 66 102 40
v 66 103 67
s 66 104 79
v 66 104 -36
s 66 105 21
v 66 105 133
s 66 106 26
v 66 106 -30
s 66 107 16
v 66 107 40
s 66 108 -8
v 66 108 -14
s 66 109 5
v 66 109 84
v 66 110 97
v 66 111 118
s 66 112 15
v 66 112 128
v 66 113 62
s 66 114 35
v 66 114 -10
s 66 119 14
v 66 119 57
v 66 120 26
s 66 121 22
v 66 121 -117
s 66 123 -25
v 66 123 10
s 66 126 -24
v 66 126 -78
s 66 128 -80
v 66 128 9
s 66 129 -28
v 66 129 15
s 66 131 -16
v 66 131 12
s 66 135 -29
v 66 135 -37
s 66 136 26
v 66 136 -62
s 66 137 -14
v 66 137 83
s 66 138 -8
v 66 138 -42
s 66 145 -8
v 66 145 116
v 66 155 -58
s 67 68 -89
v 67 68 781
s 67 69 47
v 67 69 545
s 67 70 52
v 67 70 871
s 67 71 149
v 67 71 163
s 67 72 -22
v 67 72 -115
s 67 73 -6
v 67 73 69
v 67 74 -702
s 67 75 137
v 67 75 480
s 67 76 47
v 67 76 184
s 67 77 -25
v 67 77 -27
s 67 78 -28
v 67 78 -186
s 67 79 -6
s 67 80 9
v 67 80 -165
s 67 81 43
v 67 81 307
s 67 82 71
v 67 82 -428
s 67 83 -36
v 67 83 206
s 67 84 159
s 67 85 141
v 67 85 -1333
s 67 86 -17
v 67 86 749
s 67 87 61
v 67 87 67
s 67 88 -212
v 67 88 -379
s 67 89 -7
v 67 89 -77
s 67 90 123
v 67 90 65
s 67 91 -71
v 67 91 39
s 67 92 54
v 67 92 170
s 67 93 54
v 67 93 -145
s 67 94 -9
v 67 94 -234
s 67 95 -45
v 67 95 -268
s 67 96 79
v 67 96 -584
s 67 97 -146
v 67 97 237
s 67 98 -73
v 67 98 67
s 67 99 24
v 67 99 10
s 67 100 31
v 67 100 -18
s 67 101 21
v 67 101 -164
s 67 102 -19
v 67 102 -236
s 67 103 -33
v 67 103 108
s 67 104 -41
v 67 104 205
s 67 105 87
v 67 105 -13
s 67 106 -29
v 67 106 -495
s 67 107 -54
v 67 107 -426
s 67 108 -71
v 67 108 -559
s 67 109 6
v 67 109 -531
s 67 110 102
v 67 110 -396
s 67 111 67
v 67 111 68
s 67 112 136
v 67 112 246
s 67 113 -35
v 67 113 -252
s 67 114 -88
v 67 114 119
s 67 119 -141
v 67 119 33
s 67 120 -65
v 67 120 -125
s 67 121 -191
v 67 121 204
s 67 123 -105
v 67 123 16
s 67 126 -39
v 67 126 -47
s 67 128 209
v 67 128 227
s 67 129 -75
v 67 129 207
s 67 131 -84
v 67 131 59
s 67 135 -123
v 67 135 -203
s 67 136 -58
v 67 136 -539
s 67 137 14
v 67 137 -269
v 67 138 110
s 67 145 -32
v 67 145 -274
s 67 155 69
v 67 155 -226
s 68 69 -109
v 68 69 -125
s 68 70 14
v 68 70 -556
s 68 71 22
v 68 71 -429
s 68 72 -72
v 68 72 -28
s 68 73 17
v 68 73 -204
s 68 74 53
v 68 74 325
s 68 75 84
v 68 75 482
s 68 76 -5
v 68 76 172
s 68 77 34
v 68 77 -64
s 68 78 7
v 68 78 -237
s 68 79 79
v 68 79 10
s 68 80 87
v 68 80 -277
s 68 81 -120
s 68 82 23
v 68 82 -185
s 68 83 -28
v 68 83 27
s 68 84 78
v 68 84 895
s 68 85 -80
v 68 85 -210
s 68 86 -147
v 68 86 83
s 68 87 -54
v 68 87 184
v 68 88 548
s 68 89 -50
v 68 89 51
s 68 90 -43
v 68 90 290
s 68 91 -107
v 68 91 -33
s 68 92 -11
v 68 92 -112
s 68 93 221
v 68 93 621
s 68 94 -7
v 68 94 20
s 68 95 149
v 68 95 61
s 68 96 111
s 68 97 42
v 68 97 194
s 68 98 -44
v 68 98 -184
s 68 99 -30
v 68 99 -318
s 68 100 40
v 68 100 -33
s 68 101 -38
v 68 101 -293
s 68 102 16
v 68 102 -28
s 68 103 -25
v 68 103 -301
s 68 104 173
v 68 104 -122
s 68 105 152
v 68 105 -205
s 68 106 43
v 68 106 115
s 68 107 116
v 68 107 212
s 68 108 190
v 68 108 451
s 68 109 51
v 68 109 40
s 68 110 21
v 68 110 209
s 68 111 -105
v 68 111 -250
s 68 112 -82
v 68 112 623
s 68 113 11
v 68 113 -384
s 68 114 -98
v 68 114 352
s 68 119 37
v 68 119 -442
s 68 120 -11
v 68 120 -25
s 68 121 -77
v 68 121 136
s 68 123 -134
v 68 123 41
s 68 126 67
v 68 126 -684
s 68 128 53
v 68 128 -235
s 68 129 -56
v 68 129 -87
s 68 131 -79
v 68 131 -106
s 68 135 -51
v 68 135 -100
s 68 136 31
v 68 136 -229
s 68 137 -132
v 68 137 -58
s 68 138 15
v 68 138 103
s 68 145 -20
v 68 145 162
s 68 155 -22
v 68 155 42
s 69 70 -144
v 69 70 71
s 69 71 65
v 69 71 -197
v 69 72 -237
s 69 73 78
v 69 73 -230
s 69 74 -133
v 69 74 -363
s 69 75 75
v 69 75 353
s 69 76 -218
v 69 76 42
v 69 77 -336
s 69 78 14
v 69 78 -15
s 69 79 27
v 69 79 -169
s 69 80 43
v 69 80 334
s 69 81 8
v 69 81 -156
v 69 82 36
v 69 83 117
s 69 84 -62
v 69 84 280
s 69 85 136
v 69 85 159
s 69 86 173
v 69 86 128
s 69 87 173
v 69 87 244
s 69 88 -87
v 69 88 -10
s 69 89 12
v 69 89 -157
s 69 90 83
v 69 90 249
s 69 91 73
v 69 91 -116
s 69 92 -18
v 69 92 -189
s 69 93 114
v 69 93 372
s 69 94 12
v 69 94 -397
s 69 95 17
v 69 95 118
s 69 96 -28
v 69 96 43
s 69 97 -154
v 69 97 -299
s 69 98 -10
v 69 98 423
s 69 99 38
v 69 99 -244
s 69 100 15
v 69 100 -197
s 69 101 16
v 69 101 -200
s 69 102 -22
v 69 102 101
s 69 103 -58
v 69 103 -20
v 69 104 393
s 69 105 313
v 69 105 -106
s 69 106 95
v 69 106 8
s 69 107 26
v 69 107 65
v 69 108 380
v 69 109 -850
s 69 110 -70
v 69 110 18
s 69 111 -125
v 69 111 151
s 69 112 -16
v 69 112 -323
s 69 113 78
v 69 113 -166
s 69 114 -94
v 69 114 134
s 69 119 105
v 69 119 -430
s 69 120 63
v 69 120 -191
s 69 121 -18
v 69 121 268
s 69 123 -121
v 69 123 281
v 69 126 394
s 69 128 11
v 69 128 446
s 69 129 -46
v 69 129 138
s 69 131 -7
v 69 131 197
s 69 135 -46
v 69 135 99
s 69 136 -28
v 69 136 -542
s 69 137 82
v 69 137 -71
s 69 138 29
v 69 138 193
s 69 145 -63
v 69 145 -106
v 69 155 203
s 70 71 -8
v 70 71 -26
s 70 72 83
v 70 72 -74
s 70 73 71
v 70 73 156
s 70 74 -188
v 70 74 -56
s 70 75 106
v 70 75 -360
s 70 76 -145
v 70 76 147
s 70 77 72
v 70 77 98
s 70 78 63
v 70 78 -499
s 70 79 -70
v 70 79 154
s 70 80 -15
v 70 80 -74
s 70 81 -12
v 70 81 155
s 70 82 -56
v 70 82 -246
s 70 83 17
v 70 83 61
s 70 84 52
v 70 84 -460
s 70 85 -147
v 70 85 -716
s 70 86 -12
v 70 86 552
s 70 87 -148
v 70 87 -30
s 70 88 40
v 70 88 -18
v 70 89 -121
s 70 90 -53
v 70 90 197
s 70 91 87
v 70 91 -289
s 70 92 32
v 70 92 -168
v 70 93 43
s 70 94 17
v 70 94 83
s 70 95 -22
v 70 95 533
s 70 96 66
v 70 96 358
s 70 97 -342
v 70 97 74
s 70 98 63
v 70 98 420
s 70 99 -5
v 70 99 -10
s 70 100 21
v 70 100 -149
s 70 101 -136
v 70 101 49
s 70 102 -30
v 70 102 49
s 70 103 -16
v 70 103 89
s 70 104 64
v 70 104 321
s 70 105 95
v 70 105 -434
v 70 106 243
s 70 107 -45
v 70 107 483
s 70 108 141
v 70 108 154
v 70 109 -193
s 70 110 -42
v 70 110 340
s 70 111 206
v 70 111 -99
s 70 112 192
v 70 112 -47
s 70 113 39
v 70 113 333
s 70 114 29
v 70 114 40
s 70 119 -208
v 70 119 82
s 70 120 105
v 70 120 345
s 70 121 -103
v 70 121 147
s 70 123 12
v 70 123 -87
s 70 126 118
v 70 126 -95
s 70 128 -180
v 70 128 305
s 70 129 36
v 70 129 -158
s 70 131 31
v 70 131 -309
v 70 135 -76
s 70 136 -27
v 70 136 -45
s 70 137 -69
v 70 137 108
v 70 138 -52
s 70 145 25
v 70 145 -154
s 70 155 -7
v 70 155 -41
s 71 72 -28
v 71 72 -245
s 71 73 -85
v 71 73 300
s 71 74 35
v 71 74 -914
s 71 75 29
v 71 75 -83
s 71 76 108
v 71 76 -133
v 71 77 -17
s 71 78 12
v 71 78 73
s 71 79 -60
v 71 79 115
s 71 80 -159
v 71 80 199
v 71 81 -9
s 71 82 -54
v 71 82 -339
s 71 83 -7
v 71 83 259
s 71 84 -212
v 71 84 -692
s 71 85 99
v 71 85 -91
s 71 86 -89
v 71 86 -163
s 71 87 132
v 71 87 -379
s 71 88 -138
v 71 88 -87
s 71 89 -28
v 71 89 283
s 71 90 241
v 71 90 -425
s 71 91 132
v 71 91 -246
s 71 92 -42
v 71 92 -24
s 71 93 -355
v 71 93 -178
s 71 94 -55
v 71 94 160
s 71 95 -64
v 71 95 -12
s 71 96 24
v 71 96 71
s 71 97 -317
v 71 97 210
s 71 98 194
v 71 98 -604
s 71 99 -25
v 71 99 -113
s 71 100 -46
v 71 100 -409
s 71 101 26
v 71 101 406
v 71 102 -97
s 71 103 14
v 71 103 44
s 71 104 -50
v 71 104 947
s 71 105 -153
s 71 106 188
v 71 106 -515
s 71 107 -149
v 71 107 504
s 71 108 87
v 71 108 -700
s 71 109 46
v 71 109 -324
s 71 110 -78
v 71 110 -236
s 71 111 118
v 71 111 -479
s 71 112 252
v 71 112 -169
v 71 113 -69
s 71 114 121
v 71 114 61
s 71 119 129
v 71 119 -530
s 71 120 157
v 71 120 260
s 71 121 -20
v 71 121 136
s 71 123 -251
v 71 123 254
s 71 126 -9
v 71 126 -33
s 71 128 143
v 71 128 -433
s 71 129 -29
v 71 129 -303
s 71 131 108
v 71 131 205
s 71 135 355
v 71 135 -614
s 71 136 -77
v 71 136 649
s 71 137 96
v 71 137 493
s 71 138 -26
v 71 138 -17
s 71 145 110
v 71 145 119
s 71 155 42
v 71 155 -331
s 72 73 -24
v 72 73 -223
s 72 74 164
v 72 74 276
s 72 75 44
v 72 75 58
s 72 76 -146
v 72 76 264
s 72 77 35
v 72 77 -76
s 72 78 -49
v 72 78 -42
s 72 79 16
v 72 79 25
s 72 80 9
v 72 80 142
s 72 81 21
v 72 81 -86
s 72 82 -7
v 72 82 31
s 72 83 -21
v 72 83 240
s 72 84 21
v 72 84 -224
s 72 85 -61
v 72 85 -64
s 72 86 -95
v 72 86 -295
s 72 87 -103
v 72 87 -246
s 72 88 50
v 72 88 205
s 72 89 13
v 72 89 -27
s 72 90 53
v 72 90 47
s 72 91 -85
v 72 91 348
s 72 92 24
s 72 93 75
v 72 93 -430
s 72 94 8
v 72 94 326
s 72 95 36
v 72 95 9
s 72 96 -29
v 72 96 -111
s 72 97 -24
v 72 97 -41
s 72 98 -82
v 72 98 199
s 72 99 -30
v 72 99 -192
s 72 100 29
v 72 100 -14
s 72 101 -152
v 72 101 -84
s 72 102 46
v 72 102 -97
s 72 103 22
v 72 103 48
v 72 104 304
s 72 105 -150
v 72 105 60
v 72 106 -42
v 72 107 131
s 72 108 27
v 72 108 74
s 72 109 85
v 72 109 79
s 72 110 32
v 72 110 -221
s 72 111 47
v 72 111 -235
s 72 112 23
v 72 112 182
s 72 113 -46
v 72 113 -287
s 72 114 11
v 72 114 -73
s 72 119 11
v 72 119 -748
s 72 120 -26
v 72 120 43
s 72 121 -60
v 72 121 -35
v 72 123 206
s 72 126 39
v 72 126 -98
s 72 128 -107
v 72 128 -228
s 72 129 60
v 72 129 -19
s 72 131 -29
v 72 131 -237
s 72 135 44
v 72 135 124
s 72 136 -7
v 72 136 41
s 72 137 29
v 72 137 84
s 72 138 36
v 72 138 39
s 72 145 -54
v 72 145 78
s 72 155 -6
v 72 155 -126
s 73 74 -82
v 73 74 -10
s 73 75 -17
v 73 75 -23
s 73 76 96
v 73 76 -380
s 73 77 33
v 73 77 -33
v 73 78 -10
s 73 79 43
s 73 80 -51
v 73 80 60
s 73 81 -8
v 73 81 176
s 73 82 6
v 73 82 48
s 73 83 -45
v 73 83 95
s 73 84 49
v 73 84 164
s 73 85 -15
v 73 85 -9
s 73 86 -56
v 73 86 80
s 73 87 -11
v 73 87 -119
s 73 88 -23
v 73 88 197
s 73 89 -9
s 73 90 10
v 73 90 222
s 73 91 -78
v 73 91 -28
s 73 92 30
s 73 93 40
v 73 93 -317
s 73 94 -12
v 73 94 43
s 73 95 -19
v 73 95 -162
s 73 96 48
v 73 96 123
s 73 97 -47
v 73 97 -64
s 73 98 64
v 73 98 -259
s 73 99 34
v 73 99 -63
s 73 100 -54
v 73 100 115
s 73 101 -28
v 73 101 -160
s 73 102 6
v 73 102 -114
v 73 103 99
s 73 104 18
s 73 105 -54
v 73 105 -12
s 73 106 -43
v 73 106 73
s 73 107 -30
v 73 107 27
s 73 108 37
v 73 108 -187
s 73 109 22
v 73 109 -155
s 73 110 25
v 73 110 -115
s 73 111 6
v 73 111 180
s 73 112 -28
v 73 112 -218
s 73 113 -38
v 73 113 -21
s 73 114 -36
v 73 114 104
s 73 119 6
v 73 119 -219
v 73 120 -48
s 73 121 -56
v 73 121 42
s 73 123 118
v 73 123 -33
s 73 126 15
v 73 126 108
s 73 128 36
v 73 128 194
s 73 129 47
v 73 129 -55
s 73 131 -13
v 73 131 -99
s 73 135 85
v 73 135 169
s 73 136 99
v 73 136 -90
s 73 137 18
v 73 137 140
s 73 138 6
v 73 138 -113
s 73 145 57
v 73 145 -25
s 73 155 -42
v 73 155 82
s 74 75 463
v 74 75 -251
s 74 76 -35
v 74 76 -538
s 74 77 15
v 74 77 -173
v 74 78 61
s 74 79 66
v 74 79 -24
s 74 80 74
v 74 80 106
v 74 81 -95
s 74 82 88
v 74 82 110
s 74 83 48
v 74 83 -127
s 74 84 -82
v 74 84 306
s 74 85 157
v 74 85 -411
s 74 86 31
v 74 86 474
s 74 87 -66
v 74 87 290
s 74 88 -138
v 74 88 275
s 74 89 21
v 74 89 -132
s 74 90 89
v 74 90 -281
s 74 91 -23
v 74 91 -36
s 74 92 -69
v 74 92 -202
s 74 93 -54
v 74 93 857
s 74 94 217
v 74 94 -116
s 74 95 -51
v 74 95 313
s 74 96 -180
v 74 96 148
s 74 97 -232
v 74 97 230
s 74 98 -146
v 74 98 66
s 74 99 69
v 74 99 -336
s 74 100 28
v 74 100 -255
s 74 101 43
v 74 101 177
s 74 102 179
v 74 102 -147
s 74 103 -32
v 74 103 -191
s 74 104 86
v 74 104 54
s 74 105 155
v 74 105 613
s 74 106 -6
v 74 106 470
s 74 107 85
v 74 107 168
s 74 108 23
v 74 108 415
s 74 109 79
v 74 109 571
s 74 110 83
v 74 110 -318
v 74 111 -102
s 74 112 -14
v 74 112 400
s 74 113 -120
v 74 113 29
s 74 114 -206
v 74 114 464
s 74 119 -69
v 74 119 -59
s 74 120 -53
v 74 120 -206
s 74 121 -124
v 74 121 313
s 74 123 23
v 74 123 -46
v 74 126 -1371
s 74 128 91
v 74 128 90
s 74 129 115
v 74 129 -412
s 74 131 -108
v 74 131 256
s 74 135 252
v 74 135 -191
v 74 136 150
s 74 137 14
v 74 137 410
s 74 138 -78
v 74 138 564
s 74 145 -141
v 74 145 54
s 74 155 -57
v 74 155 398
s 75 76 46
v 75 76 353
s 75 77 -65
v 75 77 -80
s 75 78 -42
v 75 78 -408
v 75 79 222
s 75 80 114
v 75 80 -90
s 75 81 24
v 75 81 102
s 75 82 24
v 75 82 -89
s 75 83 -6
v 75 83 -48
s 75 84 -267
v 75 84 50
s 75 85 -171
v 75 85 405
s 75 86 -83
v 75 86 146
s 75 87 -42
v 75 87 382
s 75 88 -76
v 75 88 -301
s 75 89 -36
v 75 89 130
s 75 90 -18
v 75 90 33
s 75 91 -15
v 75 91 268
s 75 92 28
v 75 92 294
s 75 93 157
v 75 93 -837
s 75 94 87
v 75 94 -71
s 75 95 -53
v 75 95 95
s 75 96 15
v 75 96 264
s 75 97 129
v 75 97 -118
s 75 98 59
v 75 98 356
s 75 99 23
v 75 99 437
s 75 100 142
v 75 100 238
s 75 101 27
v 75 101 -104
s 75 102 -46
v 75 102 -55
v 75 103 -180
v 75 104 -450
s 75 105 -134
v 75 105 306
s 75 106 -44
v 75 106 109
s 75 107 -57
v 75 107 239
s 75 108 -156
v 75 108 -155
s 75 109 -136
v 75 109 -35
s 75 110 -24
v 75 110 -232
s 75 111 -53
v 75 111 -76
s 75 112 -24
v 75 112 -130
s 75 113 -50
v 75 113 -621
s 75 114 -51
v 75 114 -64
s 75 119 -42
v 75 119 -260
s 75 120 73
v 75 120 86
s 75 121 -148
v 75 121 609
s 75 123 -32
v 75 123 -99
s 75 126 10
v 75 126 -325
s 75 128 -11
v 75 128 610
s 75 129 42
v 75 129 342
s 75 131 -75
v 75 131 141
s 75 135 -110
v 75 135 658
s 75 136 209
v 75 136 -569
s 75 137 90
v 75 137 443
s 75 138 -85
v 75 138 -249
s 75 145 -71
v 75 145 249
s 75 155 70
v 75 155 -32
s 76 77 9
v 76 77 -253
s 76 78 -41
v 76 78 -142
s 76 79 -15
v 76 79 -25
s 76 80 53
v 76 80 298
s 76 81 116
v 76 81 -328
s 76 82 -43
v 76 82 -118
s 76 83 208
v 76 83 -189
s 76 84 -54
v 76 84 -240
v 76 85 -25
s 76 86 -65
v 76 86 -420
s 76 87 12
v 76 87 147
s 76 88 174
v 76 88 -1700
s 76 89 27
v 76 89 220
s 76 90 -110
v 76 90 -354
s 76 91 141
v 76 91 -397
v 76 92 -45
s 76 93 -46
v 76 93 920
s 76 94 43
v 76 94 -67
s 76 95 6
v 76 95 707
s 76 96 137
v 76 96 687
s 76 97 249
v 76 97 -138
s 76 98 178
v 76 98 1152
s 76 99 -57
v 76 99 -300
s 76 100 -35
v 76 100 -118
s 76 101 -93
v 76 101 -34
s 76 102 42
v 76 102 543
v 76 103 -156
s 76 104 -10
v 76 104 564
s 76 105 64
v 76 105 -68
s 76 106 20
v 76 106 471
s 76 107 -46
v 76 107 170
s 76 108 299
v 76 108 98
s 76 109 -136
v 76 109 -25
s 76 110 33
v 76 110 231
s 76 111 -160
v 76 111 507
s 76 112 32
v 76 112 167
s 76 113 -36
v 76 113 -738
s 76 114 -73
v 76 114 814
s 76 119 -63
v 76 119 -161
s 76 120 8
v 76 120 -287
s 76 121 -241
v 76 121 -888
s 76 123 -47
v 76 123 167
s 76 126 -100
v 76 126 219
s 76 128 -166
v 76 128 526
v 76 129 146
s 76 131 -32
v 76 131 -107
s 76 135 -339
v 76 135 20
s 76 136 -124
v 76 136 -526
s 76 137 30
v 76 137 395
s 76 138 -82
v 76 138 192
s 76 145 -76
v 76 145 -248
s 76 155 6
v 76 155 181
v 77 78 14
s 77 79 -21
v 77 79 70
s 77 80 6
v 77 80 -48
s 77 81 21
v 77 81 -69
s 77 82 -29
v 77 82 -113
s 77 83 46
s 77 84 -28
v 77 84 87
s 77 85 -6
v 77 85 100
s 77 86 76
v 77 86 -126
s 77 87 18
v 77 87 63
s 77 88 -95
v 77 88 32
s 77 89 7
v 77 89 -95
s 77 90 -63
v 77 90 -7
s 77 91 9
v 77 91 -28
s 77 92 -9
v 77 92 -41
s 77 93 -25
v 77 93 -151
s 77 94 -21
v 77 94 89
v 77 95 22
s 77 96 14
v 77 96 47
s 77 97 -8
v 77 97 -101
s 77 98 -10
v 77 98 170
s 77 99 -19
v 77 99 -27
s 77 100 14
v 77 100 -228
s 77 101 69
v 77 101 -64
v 77 102 -150
s 77 103 -19
v 77 103 82
s 77 104 -7
v 77 104 56
s 77 105 28
v 77 105 -28
s 77 106 17
v 77 106 -94
s 77 107 -10
v 77 107 99
s 77 108 -39
v 77 108 -111
s 77 109 33
v 77 109 -244
s 77 110 16
v 77 110 -175
v 77 111 -55
s 77 112 -66
v 77 112 -41
s 77 113 -29
v 77 113 227
s 77 114 47
v 77 114 -129
s 77 119 34
v 77 119 99
s 77 120 30
s 77 121 -7
v 77 121 -142
s 77 123 59
v 77 123 -119
s 77 126 -15
v 77 126 47
s 77 128 9
v 77 128 -63
v 77 129 -66
s 77 131 31
v 77 131 351
v 77 135 -39
v 77 136 111
s 77 137 24
v 77 137 203
s 77 138 -20
v 77 138 16
s 77 145 -43
v 77 145 72
s 77 155 -13
v 77 155 -98
s 78 79 -11
v 78 79 28
s 78 80 82
v 78 80 114
s 78 81 -5
v 78 81 35
s 78 82 37
v 78 82 -66
s 78 83 -13
v 78 83 28
s 78 84 -46
s 78 85 -17
v 78 85 -152
s 78 86 -142
v 78 86 -137
s 78 87 61
v 78 87 -315
s 78 88 75
v 78 88 34
v 78 89 -40
s 78 90 25
v 78 90 -220
s 78 91 -61
v 78 91 161
s 78 92 -20
v 78 92 -52
s 78 93 -17
v 78 93 -251
s 78 94 -18
v 78 94 -93
s 78 95 -39
v 78 95 -52
s 78 96 -26
v 78 96 -50
s 78 97 -29
v 78 97 300
s 78 98 37
v 78 98 -114
s 78 99 -7
v 78 99 119
s 78 100 53
v 78 100 -24
v 78 101 -43
s 78 102 78
v 78 102 -68
s 78 103 18
v 78 103 15
s 78 104 -69
v 78 104 21
s 78 105 67
v 78 105 182
s 78 106 -6
v 78 106 86
s 78 107 28
v 78 107 -333
s 78 108 14
v 78 108 52
s 78 109 78
v 78 109 -150
s 78 110 50
v 78 110 103
s 78 111 56
v 78 111 -143
s 78 112 -15
v 78 112 -165
s 78 113 50
v 78 113 176
s 78 114 -33
v 78 114 -30
s 78 119 12
v 78 119 -95
s 78 120 40
v 78 120 -68
s 78 121 -205
s 78 123 182
s 78 126 -122
v 78 126 -232
s 78 128 11
v 78 128 477
s 78 129 -19
v 78 129 -43
v 78 131 -64
s 78 135 -8
v 78 135 -161
v 78 136 118
s 78 137 -14
v 78 137 -53
s 78 138 -39
v 78 138 -63
s 78 145 117
v 78 145 -339
s 78 155 31
v 78 155 156
s 79 80 43
v 79 80 -24
s 79 81 17
v 79 81 15
s 79 82 56
v 79 82 60
s 79 83 25
v 79 83 52
v 79 84 84
s 79 85 -35
v 79 85 208
s 79 86 -88
v 79 86 -322
s 79 87 -12
v 79 87 -92
s 79 88 16
v 79 88 -75
s 79 89 -11
v 79 89 -48
s 79 90 43
v 79 90 60
s 79 91 10
v 79 91 42
v 79 92 83
s 79 93 -136
v 79 93 81
s 79 94 9
v 79 94 -75
s 79 95 36
v 79 95 -128
s 79 96 86
v 79 96 -369
s 79 97 -34
v 79 97 -126
s 79 98 18
v 79 98 -34
s 79 99 -28
v 79 99 24
s 79 100 -33
v 79 100 111
s 79 101 13
v 79 101 -87
v 79 102 19
s 79 103 -10
v 79 103 24
s 79 104 -33
v 79 104 314
s 79 105 -8
v 79 105 236
s 79 106 93
v 79 106 -161
s 79 107 -6
v 79 107 45
s 79 108 35
v 79 108 -366
s 79 109 10
v 79 109 -82
s 79 110 11
v 79 110 -51
s 79 111 -40
v 79 111 12
s 79 112 18
v 79 112 211
s 79 113 17
v 79 113 -10
s 79 114 -88
v 79 114 94
s 79 119 14
v 79 119 197
s 79 120 -44
v 79 120 143
s 79 121 15
v 79 121 148
s 79 123 -43
v 79 123 71
s 79 126 -87
v 79 126 308
s 79 128 -54
v 79 128 -18
s 79 129 94
v 79 129 -21
v 79 131 -492
s 79 135 -59
v 79 135 -293
s 79 136 -25
v 79 136 86
s 79 137 -18
v 79 137 -11
s 79 138 19
v 79 138 122
s 79 145 8
v 79 145 -45
s 79 155 18
s 80 81 -22
v 80 81 -225
s 80 82 18
v 80 82 166
v 80 83 -88
s 80 84 -10
v 80 84 -178
s 80 85 -118
v 80 85 -66
s 80 86 30
s 80 87 -13
v 80 87 371
s 80 88 26
v 80 88 356
s 80 89 7
v 80 89 68
s 80 90 -25
v 80 90 125
s 80 91 -16
v 80 91 -120
s 80 92 -8
v 80 92 -175
s 80 93 6
v 80 93 -326
s 80 94 -19
v 80 94 13
v 80 95 -109
s 80 96 -64
v 80 96 118
v 80 97 195
s 80 98 54
v 80 98 -241
s 80 99 74
v 80 99 -114
s 80 100 7
v 80 100 -208
s 80 101 192
v 80 101 -29
s 80 102 -48
v 80 102 171
s 80 103 -14
v 80 103 159
s 80 104 -67
v 80 104 403
s 80 105 137
s 80 106 -12
v 80 106 -328
s 80 107 -13
v 80 107 273
s 80 108 42
v 80 108 -538
v 80 109 9
s 80 110 62
v 80 110 7
s 80 111 -26
v 80 111 213
s 80 112 57
v 80 112 -187
v 80 113 -61
v 80 114 -192
s 80 119 17
v 80 119 67
s 80 120 -6
v 80 120 -163
s 80 121 -6
v 80 121 -108
s 80 123 -44
v 80 123 -66
s 80 126 78
v 80 126 161
s 80 128 108
v 80 128 -171
s 80 129 33
v 80 129 34
s 80 131 19
v 80 131 -146
s 80 135 -131
v 80 135 -140
s 80 136 72
v 80 136 191
s 80 137 -57
v 80 137 -71
v 80 138 -43
s 80 145 25
v 80 145 -248
s 80 155 -52
v 80 155 58
s 81 82 6
v 81 82 170
v 81 83 99
s 81 84 -73
v 81 84 354
s 81 85 69
v 81 85 108
s 81 86 64
v 81 86 256
s 81 87 64
v 81 87 -188
s 81 88 -39
v 81 88 204
v 81 89 -67
s 81 90 -72
v 81 90 41
s 81 91 19
v 81 91 -111
v 81 92 -37
s 81 93 -257
v 81 93 -453
s 81 94 -49
v 81 94 30
s 81 95 11
v 81 95 -29
s 81 96 -19
v 81 96 147
s 81 97 107
v 81 97 256
s 81 98 13
v 81 98 -425
s 81 99 -9
v 81 99 -97
s 81 100 -93
v 81 100 -181
s 81 101 71
v 81 101 354
s 81 102 -8
v 81 102 -187
v 81 103 -107
s 81 104 95
v 81 104 456
v 81 105 -339
s 81 106 64
v 81 106 13
s 81 107 65
v 81 107 -25
s 81 108 -29
v 81 108 225
s 81 109 -8
v 81 109 183
v 81 110 -20
s 81 111 -20
v 81 111 270
s 81 112 36
v 81 112 -79
s 81 113 21
v 81 113 113
s 81 114 13
v 81 114 142
s 81 119 -11
v 81 119 -93
s 81 120 9
v 81 120 170
s 81 121 101
v 81 121 414
s 81 123 115
v 81 123 -255
v 81 126 86
s 81 128 34
v 81 128 -248
s 81 129 -13
v 81 129 -29
s 81 131 -65
v 81 131 46
s 81 135 -21
v 81 135 -705
s 81 136 -10
v 81 136 -198
s 81 137 -34
v 81 137 -12
s 81 138 43
v 81 138 294
s 81 145 49
v 81 145 -15
s 81 155 10
v 81 155 283
s 82 83 6
v 82 83 -26
v 82 84 177
s 82 85 -9
v 82 85 -218
s 82 86 135
v 82 86 -132
v 82 87 -391
s 82 88 -73
v 82 88 120
v 82 89 -31
s 82 90 -77
v 82 90 50
s 82 91 -96
v 82 91 7
s 82 92 -13
v 82 92 -270
s 82 93 39
v 82 93 312
v 82 94 -128
s 82 95 -6
v 82 95 -247
s 82 96 -17
v 82 96 -185
s 82 97 25
v 82 97 121
s 82 98 93
v 82 98 37
s 82 99 32
v 82 99 -35
s 82 100 40
v 82 100 -194
s 82 101 65
v 82 101 106
v 82 102 6
v 82 103 -11
s 82 104 -79
v 82 104 -265
s 82 105 -187
v 82 105 -234
v 82 106 -118
s 82 107 94
v 82 107 -72
s 82 108 -7
v 82 108 -227
v 82 109 144
s 82 110 9
v 82 110 103
s 82 111 -6
v 82 111 340
s 82 112 62
s 82 113 -21
v 82 113 278
v 82 114 -132
s 82 119 39
v 82 119 -167
s 82 120 28
v 82 120 -200
s 82 121 -11
v 82 121 -217
s 82 123 30
v 82 123 9
s 82 126 19
v 82 126 199
s 82 128 -5
v 82 128 -209
s 82 129 9
v 82 129 107
s 82 131 -40
v 82 131 -28
s 82 135 21
v 82 135 -248
s 82 136 78
v 82 136 -57
s 82 137 16
v 82 137 -202
s 82 138 -7
v 82 138 -123
s 82 145 26
v 82 145 -40
s 82 155 25
v 82 155 -126
s 83 84 22
v 83 84 -230
s 83 85 33
v 83 85 10
s 83 86 123
v 83 86 -60
s 83 87 28
v 83 87 624
s 83 88 59
v 83 88 158
s 83 89 -30
v 83 89 -37
v 83 90 -155
s 83 91 -32
v 83 91 -39
s 83 92 -8
v 83 92 21
s 83 93 -61
v 83 93 91
s 83 94 -26
v 83 94 -41
s 83 95 -38
v 83 95 106
s 83 96 -20
v 83 96 6
s 83 97 -39
v 83 97 -247
s 83 98 94
v 83 98 26
s 83 99 122
v 83 99 -237
s 83 100 -58
v 83 100 -335
s 83 101 28
v 83 101 375
s 83 102 71
v 83 102 -198
s 83 103 13
v 83 103 -80
s 83 104 -77
v 83 104 191
s 83 105 -81
v 83 105 118
s 83 106 -50
v 83 106 137
s 83 107 74
v 83 107 50
s 83 108 -24
v 83 108 110
s 83 109 64
v 83 109 88
s 83 110 -25
v 83 110 -402
v 83 111 155
s 83 112 62
v 83 112 -248
s 83 113 161
v 83 113 192
s 83 114 -52
v 83 114 -150
s 83 119 -56
v 83 119 39
s 83 120 -48
v 83 120 -187
s 83 121 38
v 83 121 -60
s 83 123 115
v 83 123 -157
s 83 126 -91
v 83 126 -170
s 83 128 30
v 83 128 52
s 83 129 61
v 83 129 -471
v 83 131 -326
v 83 135 -142
s 83 136 37
v 83 136 128
s 83 137 -56
v 83 137 -117
s 83 138 -34
v 83 138 34
s 83 145 42
v 83 145 175
s 83 155 27
v 83 155 155
s 84 85 300
v 84 85 -78
s 84 86 162
v 84 86 -111
s 84 87 -38
v 84 87 105
s 84 88 -93
v 84 88 443
s 84 89 -19
v 84 89 -47
s 84 90 138
v 84 90 103
s 84 91 -119
v 84 91 -49
s 84 92 43
v 84 92 -194
s 84 93 32
v 84 93 -839
s 84 94 166
v 84 94 82
s 84 95 -46
v 84 95 158
s 84 96 -13
v 84 96 -157
s 84 97 61
v 84 97 222
s 84 98 -62
v 84 98 417
s 84 99 -62
v 84 99 -241
s 84 100 43
v 84 100 -300
v 84 101 83
s 84 102 112
v 84 102 -136
s 84 103 32
v 84 103 245
s 84 104 107
v 84 104 -332
s 84 105 -34
v 84 105 -193
s 84 106 -46
v 84 106 152
s 84 107 -119
v 84 107 -58
s 84 108 -58
v 84 108 -303
s 84 109 -207
v 84 109 -120
s 84 110 -107
v 84 110 -82
s 84 111 30
v 84 111 -284
s 84 112 -19
v 84 112 -181
s 84 113 -89
v 84 113 -79
s 84 114 123
v 84 114 27
s 84 119 -6
v 84 119 80
s 84 120 42
v 84 120 346
s 84 121 13
v 84 121 68
s 84 123 12
v 84 123 -244
s 84 126 143
v 84 126 207
s 84 128 -85
v 84 128 -43
s 84 129 16
v 84 129 662
s 84 131 18
v 84 131 21
s 84 135 153
v 84 135 -84
s 84 136 32
v 84 136 -382
s 84 137 -69
v 84 137 -118
s 84 138 37
v 84 138 -51
v 84 145 343
s 84 155 -30
v 84 155 -132
s 85 86 -141
v 85 86 -367
s 85 87 6
v 85 87 520
s 85 88 -262
v 85 88 132
s 85 89 61
v 85 89 -243
s 85 90 76
v 85 90 -78
v 85 91 151
s 85 92 28
v 85 92 168
s 85 93 -227
v 85 93 -275
s 85 94 -69
v 85 94 -605
s 85 95 69
v 85 95 -302
s 85 96 130
v 85 96 552
s 85 97 277
v 85 97 -838
s 85 98 -65
v 85 98 -381
s 85 99 34
v 85 99 135
s 85 100 -224
v 85 100 14
s 85 101 -226
v 85 101 255
v 85 102 218
s 85 103 9
v 85 103 -70
s 85 104 -87
v 85 104 14
s 85 105 -83
v 85 105 113
s 85 106 -341
v 85 106 -534
s 85 107 -87
v 85 107 503
s 85 108 -29
v 85 108 -130
s 85 109 -286
v 85 109 195
s 85 110 -84
v 85 110 624
s 85 111 18
v 85 111 294
s 85 112 -138
v 85 112 261
s 85 113 248
v 85 113 410
s 85 114 -7
v 85 114 -463
s 85 119 -141
v 85 119 66
s 85 120 7
v 85 120 -700
s 85 121 10
v 85 121 61
s 85 123 23
v 85 123 101
s 85 126 441
v 85 126 -81
s 85 128 -108
v 85 128 334
s 85 129 83
v 85 129 358
s 85 131 53
v 85 131 18
s 85 135 -71
v 85 135 313
s 85 136 33
v 85 136 -730
s 85 137 242
v 85 137 -269
s 85 138 -87
v 85 138 110
s 85 145 -338
v 85 145 -103
s 85 155 -96
v 85 155 435
s 86 87 -142
v 86 87 159
s 86 88 -183
v 86 88 335
v 86 89 -228
s 86 90 -109
v 86 90 -333
s 86 91 -74
v 86 91 -95
v 86 92 242
s 86 93 153
v 86 93 -206
s 86 94 70
v 86 94 379
s 86 95 -43
v 86 95 321
s 86 96 161
v 86 96 -76
s 86 97 161
v 86 97 841
s 86 98 340
v 86 98 564
s 86 99 -89
v 86 99 188
s 86 100 9
v 86 100 -1309
s 86 101 -48
v 86 101 272
s 86 102 -123
v 86 102 245
s 86 103 15
v 86 103 -208
s 86 104 -170
v 86 104 -780
s 86 105 -214
v 86 105 200
s 86 106 34
v 86 106 -196
s 86 107 -25
v 86 107 -472
s 86 108 99
v 86 108 1775
s 86 109 93
v 86 109 11
s 86 110 -55
v 86 110 -807
s 86 111 -64
v 86 111 207
s 86 112 146
v 86 112 -347
s 86 113 131
v 86 113 96
s 86 114 13
v 86 114 -355
s 86 119 205
v 86 119 -346
s 86 120 45
v 86 120 -450
s 86 121 159
v 86 121 -24
s 86 123 -15
v 86 123 -284
s 86 126 -51
v 86 126 55
s 86 128 -191
v 86 128 -160
s 86 129 316
v 86 129 331
s 86 131 -124
v 86 131 719
s 86 135 75
v 86 135 -410
s 86 136 9
v 86 136 -154
s 86 137 -112
v 86 137 -459
s 86 138 86
v 86 138 321
s 86 145 -46
v 86 145 -678
s 86 155 -26
v 86 155 -376
s 87 88 -133
v 87 88 88
s 87 89 -48
v 87 89 -104
s 87 90 104
v 87 90 209
s 87 91 -10
v 87 91 123
s 87 92 115
v 87 92 73
s 87 93 -24
v 87 93 1169
s 87 94 86
v 87 94 81
s 87 95 -130
v 87 95 -99
s 87 96 162
v 87 96 -469
s 87 97 -130
v 87 97 264
s 87 98 87
v 87 98 109
s 87 99 41
v 87 99 -53
s 87 100 42
v 87 100 -19
s 87 101 -106
v 87 101 210
s 87 102 -35
v 87 102 -160
s 87 103 -96
v 87 103 253
s 87 104 -253
v 87 104 -415
s 87 105 -22
v 87 105 507
s 87 106 -70
v 87 106 247
v 87 107 -240
s 87 108 22
v 87 108 -209
s 87 109 253
v 87 109 38
s 87 110 -60
v 87 110 222
s 87 111 -6
v 87 111 -265
s 87 112 -100
v 87 112 -455
s 87 113 39
v 87 113 199
s 87 114 189
v 87 114 142
s 87 119 -85
v 87 119 -712
s 87 120 97
v 87 120 44
s 87 121 -121
v 87 121 -226
s 87 123 -176
v 87 123 19
s 87 126 -18
v 87 126 197
s 87 128 89
v 87 128 -62
s 87 129 -89
v 87 129 522
s 87 131 41
v 87 131 266
s 87 135 -105
v 87 135 315
s 87 136 51
v 87 136 -422
s 87 137 8
v 87 137 36
s 87 138 33
v 87 138 -261
s 87 145 -15
v 87 145 10
s 87 155 -92
v 87 155 73
s 88 89 -42
v 88 89 55
v 88 90 351
s 88 91 -158
v 88 91 323
s 88 92 -58
v 88 92 25
s 88 93 -110
v 88 93 -209
s 88 94 12
v 88 94 347
s 88 95 32
v 88 95 -25
s 88 96 29
v 88 96 168
s 88 97 74
v 88 97 -313
s 88 98 65
v 88 98 276
s 88 99 41
v 88 99 223
s 88 100 -81
v 88 100 -269
s 88 101 -75
v 88 101 -114
s 88 102 -52
v 88 102 138
s 88 103 44
s 88 104 -13
v 88 104 -635
s 88 105 47
v 88 105 392
s 88 106 126
v 88 106 -362
s 88 107 68
v 88 107 -359
v 88 108 6
s 88 109 105
v 88 109 581
v 88 110 74
s 88 111 27
v 88 111 342
s 88 112 -73
v 88 112 48
s 88 113 -58
v 88 113 16
s 88 114 111
v 88 114 93
s 88 119 -41
v 88 119 65
s 88 120 -30
v 88 120 -592
s 88 121 -78
v 88 121 36
s 88 123 -6
v 88 123 -264
s 88 126 69
v 88 126 231
s 88 128 18
v 88 128 177
s 88 129 -80
v 88 129 319
s 88 131 111
v 88 131 -274
s 88 135 157
v 88 135 1109
s 88 136 214
v 88 136 -177
s 88 137 66
v 88 137 263
s 88 138 87
v 88 138 198
s 88 145 24
v 88 145 -152
s 88 155 -72
v 88 155 -135
s 89 90 7
v 89 90 25
s 89 91 -27
v 89 91 -92
s 89 92 14
v 89 92 -23
s 89 93 48
v 89 93 89
v 89 94 46
v 89 95 75
s 89 96 -7
v 89 96 -172
s 89 97 -60
v 89 97 259
s 89 98 37
v 89 98 -103
s 89 99 -7
v 89 99 115
s 89 100 13
v 89 100 232
s 89 101 21
v 89 101 42
v 89 102 -54
v 89 104 -239
s 89 105 36
v 89 105 -68
s 89 106 -97
v 89 106 88
s 89 107 -27
v 89 107 -55
s 89 108 16
v 89 108 46
s 89 109 15
v 89 109 -57
s 89 110 23
v 89 110 -160
s 89 111 -16
v 89 111 -15
s 89 112 51
v 89 112 18
s 89 113 11
v 89 113 191
s 89 114 29
v 89 114 44
s 89 119 59
v 89 119 220
s 89 120 14
v 89 120 105
s 89 121 -17
v 89 121 -207
s 89 123 19
v 89 123 -120
s 89 126 -9
v 89 126 -9
s 89 128 29
v 89 128 -178
s 89 129 -8
v 89 129 39
s 89 131 8
v 89 131 -29
s 89 135 -22
v 89 135 -263
s 89 136 9
v 89 136 42
s 89 137 6
v 89 137 207
v 89 138 -46
s 89 145 17
v 89 145 -47
s 89 155 9
v 89 155 -33
s 90 91 6
v 90 91 246
v 90 92 38
s 90 93 96
v 90 93 62
s 90 94 -15
v 90 94 -151
s 90 95 -53
v 90 95 231
v 90 96 109
s 90 97 29
v 90 97 54
s 90 98 152
v 90 98 -6
s 90 99 35
v 90 99 102
s 90 100 124
v 90 100 12
s 90 101 48
v 90 101 -347
s 90 102 -33
v 90 102 -26
s 90 103 -19
v 90 104 -459
s 90 105 -146
v 90 105 127
s 90 106 28
v 90 106 -315
s 90 107 39
v 90 107 153
s 90 108 44
v 90 108 -301
s 90 109 -89
v 90 109 11
s 90 110 26
v 90 110 370
s 90 111 -9
v 90 111 117
s 90 112 148
v 90 112 362
s 90 113 -67
v 90 113 -30
s 90 114 -15
v 90 114 -115
s 90 119 -20
v 90 119 -163
s 90 120 19
v 90 120 299
s 90 121 47
v 90 121 246
s 90 123 24
v 90 123 131
s 90 126 37
v 90 126 -197
s 90 128 -34
v 90 128 -549
s 90 129 -69
v 90 129 26
s 90 131 -24
v 90 131 -209
s 90 135 -71
v 90 135 422
s 90 136 148
v 90 136 15
s 90 137 -98
v 90 137 -152
s 90 138 -65
v 90 138 264
s 90 145 45
v 90 145 356
s 90 155 89
v 90 155 122
s 91 92 55
v 91 92 -161
s 91 93 175
v 91 93 -249
s 91 94 -56
v 91 94 98
s 91 95 25
v 91 95 -202
s 91 96 -41
v 91 96 506
s 91 97 21
v 91 97 -44
s 91 98 -45
v 91 98 186
s 91 99 -9
v 91 99 -81
s 91 100 -7
v 91 100 93
v 91 101 -69
v 91 102 -96
s 91 103 14
v 91 103 75
s 91 104 20
v 91 104 227
s 91 105 36
v 91 105 241
s 91 106 11
v 91 106 -93
s 91 107 -37
v 91 107 166
s 91 108 53
v 91 108 -240
s 91 109 -29
v 91 109 -102
s 91 110 49
v 91 110 134
s 91 111 84
s 91 112 -33
v 91 112 50
s 91 113 55
v 91 113 188
s 91 114 40
v 91 114 -161
s 91 119 112
v 91 119 79
s 91 120 79
v 91 120 -136
s 91 121 -45
v 91 121 85
s 91 123 129
v 91 123 84
s 91 126 33
v 91 126 -19
v 91 128 -52
s 91 129 -87
v 91 129 -259
s 91 131 -107
v 91 131 -117
s 91 135 35
v 91 135 -473
s 91 136 118
v 91 136 -236
s 91 137 92
v 91 137 -141
s 91 138 42
v 91 138 166
s 91 145 33
v 91 145 -146
s 91 155 -83
v 91 155 153
s 92 93 -45
v 92 93 206
s 92 94 25
v 92 94 90
s 92 95 -28
v 92 95 -116
s 92 96 22
v 92 96 104
s 92 97 -32
v 92 97 165
s 92 98 19
v 92 98 89
s 92 99 -11
v 92 99 -72
s 92 100 -18
v 92 100 -144
s 92 101 81
v 92 101 -211
s 92 102 -26
v 92 102 -8
s 92 103 -33
v 92 103 -38
s 92 104 18
v 92 104 -246
s 92 105 -15
v 92 105 -237
s 92 106 59
v 92 106 79
s 92 107 37
v 92 107 117
s 92 108 15
v 92 108 -48
v 92 109 -94
s 92 110 5
v 92 110 -26
s 92 111 -22
v 92 111 54
s 92 112 49
v 92 112 -135
s 92 113 -24
v 92 113 263
s 92 114 60
v 92 114 -217
v 92 119 -308
v 92 120 -124
s 92 121 -74
v 92 121 50
s 92 123 74
v 92 123 -306
s 92 126 -29
v 92 126 130
s 92 128 24
v 92 128 46
s 92 129 -13
v 92 129 -175
s 92 131 24
v 92 131 -242
s 92 135 -18
v 92 135 -318
s 92 136 -31
v 92 136 -167
v 92 137 58
s 92 138 -6
v 92 138 12
s 92 145 -54
v 92 145 -6
s 92 155 -15
v 92 155 17
s 93 94 37
v 93 94 474
s 93 95 5
v 93 95 63
s 93 96 -117
v 93 96 303
s 93 97 135
v 93 97 -278
s 93 98 -206
v 93 98 -300
s 93 99 103
v 93 99 1077
s 93 100 -273
v 93 100 80
s 93 101 51
v 93 101 -255
s 93 102 59
v 93 102 419
s 93 103 74
v 93 103 -261
s 93 104 30
v 93 104 -287
s 93 105 -9
v 93 105 -1630
s 93 106 66
v 93 106 1488
s 93 107 151
v 93 107 337
s 93 108 97
v 93 108 510
v 93 109 419
s 93 110 -153
v 93 110 -194
s 93 111 -112
v 93 111 -315
s 93 112 182
v 93 112 418
s 93 113 -82
v 93 113 242
s 93 114 -6
v 93 114 498
s 93 119 69
v 93 119 97
s 93 120 -153
v 93 120 -245
s 93 121 147
v 93 121 -1465
s 93 123 141
v 93 123 -168
s 93 126 96
v 93 126 269
s 93 128 -95
v 93 128 -673
s 93 129 -78
v 93 129 -320
s 93 131 -87
v 93 131 -15
s 93 135 207
v 93 135 -319
s 93 136 -117
v 93 136 -415
s 93 137 -248
v 93 137 -99
s 93 138 128
v 93 138 -412
s 93 145 236
v 93 145 253
s 93 155 -34
v 93 155 -135
s 94 95 -30
v 94 95 -94
s 94 96 19
v 94 96 -141
s 94 97 9
v 94 97 120
v 94 98 74
s 94 99 27
v 94 99 -115
s 94 100 -56
v 94 100 -80
s 94 101 63
v 94 101 450
s 94 102 -27
v 94 102 -61
v 94 103 -22
s 94 104 -50
v 94 104 -144
s 94 105 89
v 94 105 -162
s 94 106 -9
v 94 106 -50
s 94 107 57
v 94 107 81
v 94 108 -193
s 94 109 -8
v 94 109 -370
s 94 110 23
v 94 110 47
v 94 111 60
s 94 112 -149
v 94 112 -68
s 94 113 -36
v 94 113 -214
s 94 114 -23
v 94 114 -134
v 94 119 82
s 94 120 -19
v 94 120 -132
s 94 121 58
v 94 121 -66
s 94 123 66
v 94 123 -172
s 94 126 42
v 94 126 -78
s 94 128 30
v 94 128 253
s 94 129 42
v 94 129 -162
s 94 131 -23
v 94 131 -73
s 94 135 -108
s 94 136 16
v 94 136 -156
s 94 137 -74
v 94 137 65
s 94 145 10
v 94 145 -33
s 94 155 -20
v 94 155 42
s 95 96 85
v 95 96 -135
s 95 97 107
v 95 97 -227
s 95 98 24
v 95 98 30
s 95 99 41
v 95 100 -178
s 95 101 116
v 95 101 -137
s 95 102 10
v 95 102 -175
s 95 103 6
v 95 103 48
v 95 104 216
s 95 105 -14
v 95 105 -44
s 95 106 35
v 95 106 193
s 95 107 -21
v 95 107 172
s 95 108 25
v 95 108 201
s 95 109 -23
v 95 109 -259
s 95 110 -9
v 95 110 -70
s 95 111 16
v 95 111 -116
s 95 112 -40
v 95 112 52
s 95 113 83
v 95 113 -50
s 95 114 -17
v 95 114 108
s 95 119 31
s 95 120 44
v 95 120 174
s 95 121 -54
v 95 121 143
s 95 123 -18
v 95 123 -451
s 95 126 75
v 95 126 67
s 95 128 69
v 95 128 433
s 95 129 103
v 95 129 -207
s 95 131 12
v 95 131 -5
s 95 135 -176
v 95 135 -186
s 95 136 47
v 95 136 251
s 95 137 25
v 95 137 121
s 95 138 -18
v 95 138 -119
s 95 145 -16
v 95 145 63
s 95 155 -72
v 95 155 -107
s 96 97 43
v 96 97 -243
s 96 98 -30
v 96 98 -231
v 96 99 -295
s 96 100 -137
v 96 101 18
s 96 102 12
v 96 102 -183
s 96 103 27
v 96 103 45
s 96 104 -53
v 96 104 630
s 96 105 34
v 96 105 522
s 96 106 137
v 96 106 -37
s 96 107 15
v 96 107 -188
s 96 108 -59
v 96 108 -474
s 96 109 -97
v 96 109 -120
s 96 110 -145
v 96 110 -9
s 96 111 -23
v 96 111 -123
s 96 112 -27
v 96 112 -44
s 96 113 26
v 96 113 -41
s 96 114 -14
v 96 114 -87
s 96 119 -36
v 96 119 -245
s 96 120 -50
v 96 120 -20
s 96 121 36
v 96 121 -157
s 96 123 77
v 96 123 -441
v 96 126 66
s 96 128 -240
v 96 128 -157
s 96 129 42
v 96 129 56
v 96 131 -219
s 96 135 -8
v 96 135 321
s 96 136 -97
v 96 136 -162
s 96 137 -51
v 96 137 127
s 96 138 50
v 96 138 47
s 96 145 27
v 96 145 64
s 96 155 -6
v 96 155 -23
v 97 98 -117
s 97 99 72
v 97 99 -38
s 97 100 34
v 97 100 419
s 97 101 121
v 97 101 276
s 97 102 -94
v 97 102 330
s 97 103 -11
v 97 103 -276
s 97 104 -85
v 97 104 -37
s 97 105 250
v 97 105 -29
s 97 106 26
v 97 106 -687
s 97 107 -95
v 97 107 42
s 97 108 -88
v 97 108 -62
s 97 109 71
v 97 109 340
s 97 110 161
v 97 110 271
s 97 111 -141
v 97 111 536
s 97 112 -207
v 97 112 -264
s 97 113 -225
v 97 113 358
s 97 114 27
v 97 114 -135
s 97 119 80
v 97 119 -617
v 97 120 -65
s 97 121 182
v 97 121 -83
s 97 123 -312
v 97 123 694
s 97 126 -56
v 97 126 -73
s 97 128 -28
v 97 128 245
s 97 129 -15
v 97 129 -449
s 97 131 19
v 97 131 280
s 97 135 131
v 97 135 53
s 97 136 108
v 97 136 199
s 97 137 -37
v 97 137 -72
s 97 138 82
v 97 138 -20
s 97 145 -9
v 97 145 -384
s 97 155 124
v 97 155 -123
s 98 99 45
v 98 99 40
s 98 100 62
v 98 100 130
s 98 101 38
v 98 101 -218
s 98 102 -114
v 98 102 -160
s 98 103 24
v 98 103 78
s 98 104 -98
v 98 104 -135
s 98 105 -37
v 98 105 -118
s 98 106 37
v 98 106 133
s 98 107 21
v 98 107 154
s 98 108 -30
v 98 108 -128
s 98 109 118
v 98 109 202
v 98 110 -43
s 98 111 80
v 98 111 76
s 98 112 51
v 98 112 627
s 98 113 36
v 98 113 -171
s 98 114 -52
v 98 114 156
s 98 119 90
v 98 119 222
s 98 120 32
v 98 120 387
s 98 121 -117
v 98 121 -250
s 98 123 -131
v 98 123 795
s 98 126 -62
v 98 126 274
s 98 128 -52
v 98 128 -155
s 98 129 -12
v 98 129 -6
s 98 131 -52
v 98 131 -123
s 98 135 -21
v 98 135 447
s 98 136 -63
v 98 136 377
v 98 137 -156
s 98 138 -51
v 98 138 209
s 98 145 11
v 98 145 34
s 98 155 -12
v 98 155 14
s 99 100 29
v 99 100 -148
s 99 101 -6
v 99 101 441
s 99 102 29
v 99 102 -167
s 99 103 -11
v 99 103 -42
s 99 104 46
v 99 104 -108
s 99 105 -46
v 99 105 79
s 99 106 32
v 99 106 -76
s 99 107 65
v 99 107 -240
v 99 108 -169
s 99 109 -90
v 99 109 26
s 99 110 86
v 99 110 -28
s 99 111 10
v 99 111 -125
s 99 112 102
v 99 112 245
v 99 113 31
v 99 114 85
s 99 119 -70
v 99 119 -113
s 99 120 46
v 99 120 193
s 99 121 154
v 99 121 84
s 99 123 -49
v 99 123 -598
s 99 126 30
v 99 126 -109
s 99 128 39
v 99 128 -242
s 99 129 -12
v 99 129 -237
s 99 131 -60
v 99 131 -147
s 99 135 -59
v 99 135 165
s 99 136 41
v 99 136 -235
v 99 137 -95
s 99 138 -68
v 99 138 -155
s 99 145 36
v 99 145 391
s 99 155 17
v 99 155 70
v 100 101 34
s 100 102 46
v 100 102 57
v 100 103 56
v 100 104 1222
s 100 105 105
v 100 105 211
s 100 106 18
v 100 106 -24
s 100 107 -126
v 100 107 134
s 100 108 73
v 100 108 -345
s 100 109 296
v 100 109 -378
s 100 110 23
v 100 110 -346
s 100 111 40
v 100 111 73
s 100 112 30
v 100 112 -367
s 100 113 19
v 100 113 605
s 100 114 -143
v 100 114 -461
s 100 119 -184
v 100 119 -132
s 100 120 -35
v 100 120 70
s 100 121 -70
v 100 121 331
s 100 123 -89
v 100 123 -254
s 100 126 -103
v 100 126 364
s 100 128 -35
v 100 128 -244
s 100 129 27
v 100 129 293
s 100 131 20
v 100 131 54
s 100 135 231
v 100 135 229
s 100 136 15
v 100 136 -33
s 100 137 -44
v 100 137 219
v 100 138 -307
s 100 145 -99
v 100 145 -127
s 100 155 47
v 100 155 -470
s 101 102 -9
v 101 102 41
s 101 103 -32
v 101 103 79
s 101 104 329
v 101 104 -407
s 101 105 -45
v 101 105 -206
s 101 106 17
v 101 106 476
s 101 107 12
v 101 107 287
s 101 108 -9
v 101 108 394
s 101 109 -112
v 101 109 134
s 101 110 70
v 101 110 147
s 101 111 -6
v 101 111 -383
s 101 112 78
v 101 112 228
s 101 113 -116
v 101 113 247
s 101 114 45
v 101 114 -121
s 101 119 -145
v 101 119 47
s 101 120 -19
v 101 120 265
s 101 121 -143
v 101 121 -198
s 101 123 70
v 101 123 73
s 101 126 6
v 101 126 150
s 101 128 89
v 101 128 -203
s 101 129 -122
v 101 129 179
s 101 131 -53
v 101 131 -228
v 101 135 26
s 101 136 -95
v 101 136 -148
s 101 137 159
v 101 137 147
s 101 138 59
v 101 138 333
s 101 145 -31
s 101 155 52
v 101 155 -67
s 102 103 -23
v 102 103 88
s 102 104 87
v 102 104 -405
s 102 105 45
v 102 105 -307
v 102 106 213
s 102 107 38
v 102 107 23
s 102 108 -26
v 102 108 -96
s 102 109 27
v 102 109 -11
s 102 110 45
v 102 110 41
s 102 111 -77
v 102 111 77
s 102 112 8
v 102 112 77
s 102 113 -18
v 102 113 -21
v 102 114 -117
s 102 119 -107
v 102 119 170
s 102 120 -71
v 102 120 -10
s 102 121 20
v 102 121 107
s 102 123 22
v 102 123 121
s 102 126 -11
v 102 126 5
s 102 128 -33
v 102 128 -200
s 102 129 21
v 102 129 243
s 102 131 -36
v 102 131 542
v 102 135 -229
s 102 136 -65
v 102 136 64
s 102 137 44
v 102 137 -235
s 102 138 -49
v 102 138 129
s 102 145 -13
v 102 145 213
s 102 155 -22
v 102 155 33
s 103 104 25
v 103 104 -294
v 103 105 -63
s 103 106 -35
v 103 106 -20
s 103 107 -20
v 103 107 -59
s 103 108 -7
v 103 108 17
s 103 109 9
v 103 109 -132
s 103 110 9
v 103 110 29
s 103 111 7
v 103 111 -22
s 103 112 -32
v 103 112 -92
s 103 113 -10
v 103 113 41
s 103 114 -12
s 103 119 12
v 103 119 -166
s 103 120 24
v 103 120 -55
s 103 121 -17
v 103 121 51
s 103 123 48
v 103 123 40
s 103 126 20
v 103 126 68
s 103 128 -50
v 103 128 -13
s 103 129 -21
v 103 129 102
s 103 131 45
v 103 131 40
s 103 135 -20
v 103 135 395
s 103 136 -15
v 103 136 -56
s 103 137 20
v 103 137 -38
s 103 138 16
v 103 138 -35
v 103 145 32
s 103 155 10
v 103 155 19
s 104 105 -61
v 104 105 -366
s 104 106 59
v 104 106 564
s 104 107 96
v 104 107 650
s 104 108 71
v 104 108 341
s 104 109 -100
v 104 109 221
s 104 110 252
v 104 110 418
s 104 111 -60
v 104 111 -511
s 104 112 -117
v 104 112 -1195
s 104 113 214
v 104 113 80
s 104 114 -103
v 104 114 -503
s 104 119 -65
v 104 119 546
s 104 120 -62
v 104 120 236
s 104 121 -208
v 104 121 -176
s 104 123 20
v 104 123 182
s 104 126 -201
v 104 126 -369
s 104 128 -8
v 104 128 87
s 104 129 -77
v 104 129 244
s 104 131 -83
v 104 131 -541
s 104 135 -103
v 104 135 -1078
v 104 136 27
s 104 137 -14
v 104 137 36
s 104 138 -41
v 104 138 68
s 104 145 100
v 104 145 244
s 104 155 11
v 104 155 113
s 105 106 181
v 105 106 541
s 105 107 -60
v 105 107 89
s 105 108 -188
v 105 108 -233
s 105 109 -49
v 105 109 324
s 105 110 -92
v 105 110 -163
s 105 111 65
v 105 111 57
s 105 112 -53
v 105 112 225
v 105 113 312
s 105 114 -31
v 105 114 301
s 105 119 -50
v 105 119 529
s 105 120 71
v 105 120 16
s 105 121 -110
v 105 121 -905
s 105 123 84
v 105 123 58
s 105 126 190
v 105 126 438
s 105 128 -73
v 105 128 -211
s 105 129 -185
v 105 129 137
s 105 131 10
v 105 131 410
s 105 135 -109
v 105 135 297
s 105 136 -51
v 105 136 871
s 105 137 96
v 105 137 -469
s 105 138 -48
v 105 138 -33
s 105 145 -95
v 105 145 67
s 105 155 55
v 105 155 88
s 106 107 -111
v 106 107 104
s 106 108 -37
v 106 108 -64
s 106 109 156
v 106 109 219
s 106 110 -150
v 106 110 -142
s 106 111 -109
v 106 111 -1339
s 106 112 66
v 106 112 -378
s 106 113 34
v 106 113 -312
s 106 114 -51
v 106 114 -817
s 106 119 -235
v 106 119 -295
s 106 120 -52
v 106 120 -230
s 106 121 -52
v 106 121 -324
s 106 123 125
v 106 123 244
s 106 126 56
v 106 126 679
s 106 128 253
v 106 128 266
s 106 129 -151
v 106 129 299
s 106 131 -10
v 106 131 330
s 106 135 21
v 106 135 141
s 106 136 -146
v 106 136 259
v 106 137 -105
s 106 138 78
v 106 138 -170
s 106 145 -23
v 106 145 176
s 106 155 110
v 106 155 79
s 107 108 -40
v 107 108 -45
s 107 109 61
v 107 109 54
s 107 110 -118
v 107 110 145
s 107 111 -33
v 107 111 -224
v 107 112 -237
s 107 113 -36
v 107 113 13
s 107 114 -89
v 107 114 19
s 107 119 142
v 107 119 85
s 107 120 -95
v 107 120 -69
s 107 121 120
v 107 121 -24
s 107 123 -107
v 107 123 549
s 107 126 -11
v 107 126 267
s 107 128 100
v 107 128 -343
s 107 129 -50
v 107 129 353
s 107 131 53
v 107 131 149
s 107 135 -167
s 107 136 -188
v 107 136 68
s 107 137 143
v 107 137 -221
s 107 138 12
v 107 138 85
s 107 145 41
v 107 145 119
s 107 155 32
v 107 155 -60
s 108 109 -139
v 108 109 292
s 108 110 -7
v 108 110 -215
s 108 111 57
v 108 111 -155
s 108 112 -19
v 108 112 16
s 108 113 -34
v 108 113 149
s 108 114 158
v 108 114 -127
s 108 119 -26
v 108 119 -37
s 108 120 36
v 108 120 38
s 108 121 -148
v 108 121 -71
s 108 123 17
v 108 123 201
s 108 126 -75
v 108 126 319
s 108 128 -10
v 108 128 298
s 108 129 28
v 108 129 156
s 108 131 -22
v 108 131 -65
s 108 135 -55
v 108 135 154
s 108 136 89
v 108 136 -131
s 108 137 54
v 108 137 226
s 108 138 26
v 108 138 -8
s 108 145 -79
v 108 145 -55
s 108 155 -27
v 108 155 213
s 109 110 190
v 109 110 -606
s 109 111 163
v 109 111 20
s 109 112 134
v 109 112 -422
s 109 113 28
v 109 113 -53
s 109 114 35
v 109 114 771
s 109 119 -30
v 109 119 -168
s 109 120 134
v 109 120 133
s 109 121 -62
v 109 121 -547
s 109 123 -25
v 109 123 -365
s 109 126 94
v 109 126 253
s 109 128 -26
v 109 128 -360
s 109 129 -52
v 109 129 56
s 109 131 107
v 109 131 -207
s 109 135 13
v 109 135 493
v 109 136 -105
s 109 137 60
v 109 137 -145
s 109 138 8
v 109 138 -88
s 109 145 -25
v 109 145 290
s 109 155 -28
v 109 155 160
s 110 111 53
v 110 111 -406
s 110 112 74
v 110 112 288
s 110 113 51
v 110 113 147
s 110 114 81
v 110 114 260
s 110 119 -39
v 110 119 28
s 110 120 -17
v 110 120 27
s 110 121 -39
v 110 121 -14
s 110 123 -167
v 110 123 -51
s 110 126 -41
v 110 126 -375
s 110 128 -131
v 110 128 -798
s 110 129 75
v 110 129 313
s 110 131 -206
v 110 131 -697
v 110 135 721
s 110 136 16
v 110 136 -370
s 110 137 -23
v 110 137 -80
s 110 138 11
v 110 138 -33
s 110 145 -91
v 110 145 215
s 110 155 -11
v 110 155 197
s 111 112 -88
v 111 112 -422
s 111 113 157
v 111 113 65
s 111 114 -51
v 111 114 -19
s 111 119 42
v 111 119 391
s 111 120 -49
v 111 120 -500
s 111 121 112
v 111 121 -518
s 111 123 100
v 111 123 77
s 111 126 -28
v 111 126 231
s 111 128 -68
v 111 128 144
s 111 129 -34
v 111 129 -110
s 111 131 -125
v 111 131 72
v 111 135 -568
v 111 136 -288
s 111 137 113
v 111 137 455
v 111 138 116
s 111 145 188
v 111 145 -184
s 111 155 37
v 111 155 -96
s 112 113 -96
v 112 113 223
s 112 114 155
v 112 114 -417
s 112 119 96
v 112 119 -197
s 112 120 -103
v 112 120 150
s 112 121 80
v 112 121 198
s 112 123 -175
v 112 123 -767
s 112 126 -43
v 112 126 -447
s 112 128 -119
v 112 128 133
s 112 129 11
v 112 129 278
s 112 131 126
v 112 131 -55
s 112 135 -28
v 112 135 423
s 112 136 132
v 112 136 1050
s 112 137 -63
v 112 137 -226
s 112 138 -180
v 112 138 131
s 112 145 -117
v 112 145 -267
s 112 155 65
v 112 155 277
s 113 114 31
v 113 114 -145
s 113 119 92
v 113 119 -221
s 113 120 12
v 113 120 -97
s 113 121 57
v 113 121 266
s 113 123 -29
v 113 123 236
s 113 126 -48
v 113 126 -294
s 113 128 6
v 113 128 -131
s 113 129 -28
v 113 129 -291
s 113 131 -29
s 113 135 37
v 113 135 90
s 113 136 -92
v 113 136 -15
s 113 137 -43
v 113 137 155
s 113 138 -38
v 113 138 49
s 113 145 -8
v 113 145 76
s 113 155 -20
s 114 119 -72
v 114 119 -409
s 114 120 133
v 114 120 92
s 114 121 30
v 114 121 -178
s 114 123 167
v 114 123 -209
s 114 126 32
v 114 126 123
s 114 128 -38
v 114 128 -469
s 114 129 -87
v 114 129 146
s 114 131 -101
v 114 131 -154
s 114 135 6
v 114 135 58
s 114 136 -161
v 114 136 480
s 114 137 -55
v 114 137 77
s 114 138 16
s 114 145 11
v 114 145 66
s 114 155 7
v 114 155 -172
s 119 120 -99
v 119 120 -89
s 119 121 -94
v 119 121 -27
s 119 123 -51
v 119 123 -239
s 119 126 -50
v 119 126 -221
s 119 128 105
v 119 128 -170
s 119 129 -58
v 119 129 164
s 119 131 18
v 119 131 -389
s 119 135 163
v 119 135 325
s 119 136 229
v 119 136 371
s 119 137 77
v 119 137 -52
s 119 138 114
v 119 138 -157
s 119 145 132
v 119 145 -48
s 119 155 8
v 119 155 -356
s 120 121 90
v 120 121 -143
v 120 123 -55
s 120 126 -41
v 120 126 154
s 120 128 45
v 120 128 156
s 120 129 -43
v 120 129 -58
s 120 131 5
v 120 131 28
s 120 135 -100
v 120 135 207
s 120 136 -53
v 120 136 -19
s 120 137 -99
v 120 137 -376
s 120 138 83
v 120 138 -140
s 120 145 -26
v 120 145 256
s 120 155 48
v 120 155 -138
s 121 123 174
v 121 123 -448
s 121 126 63
v 121 126 613
s 121 128 102
v 121 128 -375
s 121 129 -60
v 121 129 -160
s 121 131 72
v 121 131 -591
s 121 135 28
v 121 135 -545
s 121 136 32
v 121 136 90
s 121 137 103
v 121 137 577
s 121 138 -21
v 121 138 -132
s 121 145 27
v 121 145 35
s 121 155 56
v 121 155 -137
s 123 126 71
v 123 126 -302
s 123 128 70
v 123 128 -234
s 123 129 -172
v 123 129 -903
s 123 131 -56
v 123 131 -130
s 123 135 -204
v 123 135 -151
s 123 136 28
v 123 136 -177
s 123 137 -18
v 123 137 -181
s 123 138 28
v 123 138 -102
s 123 145 57
v 123 145 -15
s 123 155 96
v 123 155 -83
s 126 128 32
v 126 128 342
v 126 129 316
s 126 131 80
v 126 131 26
s 126 135 -28
v 126 135 -527
s 126 136 -161
v 126 136 -27
s 126 137 88
v 126 137 234
s 126 138 29
v 126 138 -26
s 126 145 -40
v 126 145 31
s 126 155 -8
v 126 155 -8
s 128 129 64
v 128 129 -86
s 128 131 -80
v 128 131 22
s 128 135 -11
v 128 135 432
s 128 136 99
v 128 136 -418
s 128 137 -98
v 128 137 -278
s 128 138 30
v 128 138 119
s 128 145 -36
v 128 145 99
s 128 155 -56
v 128 155 152
s 129 131 13
v 129 131 -170
s 129 135 15
v 129 135 345
v 129 136 -105
s 129 137 80
v 129 137 173
s 129 138 -45
v 129 138 24
v 129 145 408
s 129 155 -26
v 129 155 -79
s 131 135 -56
v 131 135 407
s 131 136 95
v 131 136 46
s 131 137 -40
v 131 137 -131
s 131 138 94
v 131 138 91
s 131 145 51
v 131 145 -380
s 131 155 -59
v 131 155 149
s 135 136 24
v 135 136 51
s 135 137 36
v 135 137 -306
s 135 138 -111
v 135 138 -223
s 135 145 -143
v 135 145 -493
v 135 155 -86
s 136 137 -27
v 136 137 -198
s 136 138 73
v 136 138 282
s 136 145 -19
v 136 145 -252
s 136 155 18
v 136 155 -265
s 137 138 20
v 137 138 179
s 137 145 103
v 137 145 -200
s 137 155 21
v 137 155 -57
s 138 145 -31
v 138 145 105
s 138 155 42
v 138 155 101
s 145 155 23
v 145 155 136
