n 200000
q 0.67166 0.6095
c 1275
b 1 566
b 2 363
b 3 470
b 4 1320
b 5 838
b 6 -1711
b 7 627
b 8 1177
b 9 465
b 10 -302
b 11 -3114
b 12 1584
b 13 -1437
b 14 93
b 15 -227
b 16 -102
b 17 -1197
b 18 935
b 19 -2656
b 20 916
b 21 -498
b 22 -247
b 23 338
b 25 -1218
b 26 -252
b 27 984
b 28 -333
b 29 -492
b 30 792
b 31 827
b 32 1685
b 33 1390
b 34 -406
b 35 -742
b 36 -147
b 37 -285
b 38 -613
b 39 -1598
b 40 -255
b 41 -397
b 42 1889
b 43 -688
b 44 191
b 45 1134
b 46 -1144
b 47 -84
b 48 639
b 49 1731
b 50 1375
b 51 -635
b 52 1232
b 53 -2673
b 54 695
b 55 159
b 56 353
b 57 817
b 58 -809
b 59 -1971
b 60 1293
b 61 -220
b 62 1714
b 63 -1075
b 64 -860
b 65 -897
b 66 -266
b 67 924
b 68 426
b 69 -673
b 70 -41
b 71 1472
b 72 -1287
b 73 -1244
b 74 422
b 75 74
b 76 1417
b 77 416
b 78 1184
b 79 -1665
b 80 -534
b 81 688
b 82 2318
b 83 -2006
b 84 501
b 85 43
b 86 235
b 87 600
b 88 1632
b 89 397
b 90 111
b 91 346
b 92 2678
b 93 38
b 94 274
b 95 1587
b 96 -449
b 97 78
b 98 -990
b 99 -599
b 100 158
b 101 -106
b 102 747
b 103 2173
b 104 1705
b 105 788
b 106 -283
b 107 557
b 108 -465
b 109 -2477
b 110 1451
b 111 38
b 112 566
b 113 1310
b 114 -1342
b 119 247
b 120 -1198
b 121 1052
b 123 -1064
b 126 -223
b 128 -61
b 129 -360
b 131 132
b 135 1219
b 136 -842
b 137 -589
b 138 -951
b 145 -2208
b 155 -590
s 1 2 325
v 1 2 -1854
v 1 3 151
s 1 4 -92
v 1 4 -32
s 1 5 -70
v 1 5 -276
s 1 6 8
v 1 6 -256
s 1 7 312
v 1 7 -864
s 1 8 -153
v 1 8 303
s 1 9 49
v 1 9 -637
s 1 10 -9
v 1 10 338
s 1 11 171
v 1 11 -788
v 1 12 954
s 1 13 195
v 1 13 31
s 1 14 -376
v 1 14 146
s 1 15 235
v 1 15 437
s 1 16 -286
v 1 16 288
s 1 17 5
v 1 17 553
s 1 18 -228
v 1 18 -691
s 1 19 -342
v 1 19 412
s 1 20 -96
v 1 20 -85
s 1 21 -139
v 1 21 84
s 1 22 -152
v 1 22 325
s 1 23 161
v 1 23 -582
s 1 25 -122
v 1 25 213
s 1 26 175
v 1 26 -1013
s 1 27 -255
v 1 27 -42
s 1 28 -175
v 1 28 -174
s 1 29 114
v 1 29 591
s 1 30 390
v 1 30 182
s 1 31 151
v 1 31 64
s 1 32 40
v 1 32 153
s 1 33 145
v 1 33 -234
s 1 34 -275
v 1 34 803
s 1 35 -157
v 1 35 -147
s 1 36 -274
v 1 36 514
s 1 37 56
v 1 37 214
s 1 38 -34
v 1 38 -47
s 1 39 -33
v 1 39 -13
s 1 40 96
v 1 40 48
s 1 41 88
v 1 41 317
s 1 42 -96
v 1 42 735
s 1 43 85
v 1 43 191
s 1 44 20
v 1 44 -853
s 1 45 139
v 1 45 325
s 1 46 -64
v 1 46 -370
s 1 47 68
v 1 47 -765
s 1 48 -24
v 1 48 -437
s 1 49 -147
v 1 49 847
s 1 50 296
v 1 50 154
s 1 51 146
v 1 51 174
s 1 52 33
v 1 52 381
s 1 53 173
v 1 53 358
s 1 54 -108
v 1 54 757
s 1 55 46
v 1 55 -18
s 1 56 -62
v 1 56 -123
s 1 57 88
v 1 57 -469
s 1 58 -153
v 1 58 -187
s 1 59 89
v 1 59 -1272
s 1 60 -186
v 1 60 -542
s 1 61 251
v 1 61 -173
s 1 62 48
v 1 62 115
s 1 63 16
v 1 63 188
s 1 64 -40
v 1 64 -379
s 1 65 -65
v 1 65 100
s 1 66 -30
v 1 66 -99
s 1 67 -55
v 1 67 421
s 1 68 -75
v 1 68 361
s 1 69 111
v 1 69 -385
s 1 70 -133
v 1 70 -559
s 1 71 157
v 1 71 -426
s 1 72 -134
v 1 72 349
v 1 73 -161
s 1 74 112
v 1 74 699
s 1 75 156
v 1 75 340
s 1 76 -145
v 1 76 315
s 1 77 6
v 1 77 -115
s 1 78 -37
v 1 78 788
s 1 79 -49
v 1 79 42
s 1 80 161
v 1 80 -150
s 1 81 59
v 1 81 413
s 1 82 80
v 1 82 -169
s 1 83 69
v 1 83 -100
s 1 84 -366
v 1 84 961
v 1 85 171
s 1 86 225
v 1 86 384
s 1 87 -167
v 1 87 -684
s 1 88 139
v 1 88 -494
s 1 89 -24
v 1 89 23
s 1 90 230
v 1 90 450
s 1 91 118
v 1 91 271
s 1 92 -170
v 1 92 -118
s 1 93 8
v 1 93 -270
s 1 94 31
v 1 94 859
s 1 95 -11
v 1 95 -764
s 1 96 51
v 1 96 -546
s 1 97 -322
v 1 97 -712
s 1 98 -288
v 1 98 85
s 1 99 93
v 1 99 543
s 1 100 -403
v 1 100 132
s 1 101 -114
v 1 101 795
s 1 102 -19
v 1 102 472
s 1 103 13
v 1 103 -77
v 1 104 -1174
s 1 105 61
v 1 105 -286
s 1 106 10
v 1 106 227
s 1 107 -124
v 1 107 -260
s 1 108 187
v 1 108 -88
s 1 109 -107
v 1 109 653
s 1 110 -214
v 1 110 -283
s 1 111 46
v 1 111 298
s 1 112 235
v 1 112 220
s 1 113 -55
v 1 113 199
s 1 114 64
v 1 114 -819
s 1 119 85
v 1 119 287
s 1 120 226
v 1 120 245
s 1 121 171
v 1 121 70
s 1 123 134
v 1 123 -306
s 1 126 -337
v 1 126 155
s 1 128 31
v 1 128 -173
s 1 129 414
v 1 129 -95
s 1 131 -258
v 1 131 279
s 1 135 209
v 1 135 -249
s 1 136 165
v 1 136 -372
s 1 137 -101
v 1 137 149
s 1 138 -27
v 1 138 -41
s 1 145 -50
v 1 145 -170
s 1 155 -27
v 1 155 389
s 2 3 -253
v 2 3 -629
s 2 4 47
v 2 4 24
s 2 5 158
v 2 5 -278
s 2 6 77
v 2 6 73
s 2 7 -377
v 2 7 -202
s 2 8 211
v 2 8 679
s 2 9 219
v 2 9 320
s 2 10 126
v 2 10 602
s 2 11 -73
v 2 11 21
s 2 12 294
v 2 12 1236
s 2 13 -130
v 2 13 303
s 2 14 -127
v 2 14 -1131
s 2 15 -119
v 2 15 15
s 2 16 80
v 2 16 -148
s 2 17 -495
v 2 17 -37
s 2 18 107
v 2 18 -301
s 2 19 62
v 2 19 -330
s 2 20 -46
v 2 20 -314
s 2 21 -261
v 2 21 895
s 2 22 147
v 2 22 -167
s 2 23 -200
v 2 23 -86
s 2 25 -181
v 2 25 911
s 2 26 -456
v 2 26 210
s 2 27 -456
v 2 27 -147
v 2 28 -344
s 2 29 -190
v 2 29 -219
s 2 30 92
v 2 30 -447
s 2 31 204
v 2 31 -58
s 2 32 -200
v 2 32 -287
s 2 33 -25
v 2 33 -226
s 2 34 80
v 2 34 -62
s 2 35 141
v 2 35 1055
s 2 36 -73
v 2 36 -683
s 2 37 34
v 2 37 340
s 2 38 22
v 2 38 76
s 2 39 -187
v 2 39 -603
s 2 40 -42
v 2 40 -348
s 2 41 -580
v 2 41 535
s 2 42 -46
v 2 42 -312
v 2 43 140
s 2 44 103
v 2 44 1118
s 2 45 61
s 2 46 430
v 2 46 -127
s 2 47 8
v 2 47 -83
s 2 48 -159
v 2 48 -168
s 2 49 -75
v 2 49 -450
s 2 50 -37
v 2 50 219
s 2 51 112
v 2 51 -142
s 2 52 211
v 2 52 -45
s 2 53 241
v 2 53 316
s 2 54 356
v 2 54 -630
s 2 55 12
v 2 55 273
s 2 56 149
v 2 56 428
s 2 57 71
v 2 57 244
s 2 58 25
v 2 58 -392
s 2 59 19
v 2 59 172
s 2 60 -136
v 2 60 -281
s 2 61 9
v 2 61 384
s 2 62 -83
v 2 62 -333
s 2 63 -86
v 2 63 -228
s 2 64 206
v 2 64 -242
s 2 65 32
v 2 65 -90
s 2 66 -34
v 2 66 -56
s 2 67 383
v 2 67 -907
s 2 68 59
v 2 68 306
s 2 69 -133
v 2 69 -37
s 2 70 19
v 2 70 -173
s 2 71 -98
v 2 71 -329
s 2 72 32
v 2 72 191
s 2 73 167
v 2 73 119
s 2 74 139
v 2 74 -25
s 2 75 169
v 2 75 501
s 2 76 6
v 2 76 15
s 2 77 -49
v 2 77 159
s 2 78 -48
v 2 78 -249
s 2 79 169
v 2 79 -448
s 2 80 -190
v 2 80 -406
s 2 81 -49
v 2 81 15
s 2 82 54
v 2 82 -166
s 2 83 -181
v 2 83 178
s 2 84 336
v 2 84 -252
s 2 85 274
v 2 85 -278
s 2 86 -118
v 2 86 211
s 2 87 -135
v 2 87 534
s 2 88 -64
v 2 88 95
s 2 89 36
v 2 89 245
s 2 90 -13
v 2 90 -196
s 2 91 88
v 2 91 532
s 2 92 65
v 2 92 245
s 2 93 -206
v 2 93 -80
s 2 94 48
v 2 94 -112
s 2 95 -126
v 2 95 9
s 2 96 -51
v 2 96 -1009
s 2 97 -472
v 2 97 26
s 2 98 -153
v 2 98 -549
s 2 99 24
v 2 99 73
s 2 100 192
v 2 100 -209
s 2 101 509
v 2 101 -178
s 2 102 61
v 2 102 82
s 2 103 5
v 2 103 20
s 2 104 -72
v 2 104 -353
s 2 105 -467
v 2 105 -94
s 2 106 131
v 2 106 -421
s 2 107 167
v 2 107 -486
s 2 108 -9
v 2 108 -139
s 2 109 107
v 2 109 932
s 2 110 37
v 2 110 -541
s 2 111 220
v 2 111 -160
s 2 112 136
v 2 112 203
s 2 113 186
v 2 113 185
s 2 114 20
v 2 114 -48
s 2 119 -155
v 2 119 373
s 2 120 -459
v 2 120 -310
s 2 121 -225
v 2 121 440
v 2 123 -9
s 2 126 -178
v 2 126 293
s 2 128 -107
v 2 128 -14
s 2 129 -27
v 2 129 -414
s 2 131 261
v 2 131 99
s 2 135 62
v 2 135 -272
s 2 136 135
v 2 136 829
s 2 137 17
v 2 137 -123
s 2 138 199
v 2 138 619
s 2 145 -22
v 2 145 -482
s 2 155 -38
v 2 155 152
s 3 4 -20
v 3 4 95
s 3 5 173
v 3 5 -72
s 3 6 59
v 3 6 -123
s 3 7 -311
v 3 7 -11
s 3 8 -227
v 3 8 -205
s 3 9 -88
v 3 9 231
s 3 10 -26
v 3 10 109
s 3 11 44
v 3 11 -157
s 3 12 -31
v 3 12 -337
v 3 13 11
s 3 14 -45
v 3 14 -409
s 3 15 45
v 3 15 -116
s 3 16 48
v 3 16 141
s 3 17 92
v 3 17 162
s 3 18 -11
v 3 18 45
s 3 19 -164
v 3 19 -61
s 3 20 -41
v 3 20 -153
s 3 21 48
v 3 21 67
s 3 22 34
v 3 22 75
s 3 23 38
v 3 23 41
s 3 25 -239
v 3 25 -132
s 3 26 211
v 3 26 -203
s 3 27 -193
v 3 27 133
s 3 28 -59
v 3 28 123
s 3 29 53
v 3 29 -628
s 3 30 -45
v 3 30 -6
s 3 31 -69
v 3 31 -20
s 3 32 39
v 3 32 -252
s 3 33 142
v 3 33 -93
s 3 34 -96
v 3 34 -31
s 3 35 329
v 3 35 318
s 3 36 -150
v 3 36 18
s 3 37 -17
v 3 37 -150
s 3 38 -45
v 3 38 -200
s 3 39 178
v 3 39 89
s 3 40 -26
v 3 40 437
s 3 41 76
v 3 41 107
s 3 42 -20
v 3 42 -165
s 3 43 -33
v 3 43 163
s 3 44 58
v 3 44 208
s 3 45 17
v 3 45 -17
s 3 46 15
v 3 46 -56
s 3 47 34
v 3 47 204
s 3 48 128
v 3 48 260
s 3 49 -67
v 3 49 -328
s 3 50 -34
v 3 50 -43
s 3 51 123
s 3 52 43
v 3 52 -12
s 3 53 -115
v 3 53 -36
s 3 54 -11
v 3 54 646
s 3 55 195
v 3 55 107
s 3 56 86
v 3 56 244
s 3 57 -20
v 3 57 -194
s 3 58 -10
v 3 58 -115
s 3 59 27
v 3 59 -80
s 3 60 116
v 3 60 -77
s 3 61 -129
v 3 61 22
s 3 62 31
v 3 62 342
s 3 63 -107
v 3 63 11
s 3 64 -5
v 3 64 -108
s 3 65 -69
v 3 65 62
s 3 66 9
v 3 66 42
s 3 67 65
v 3 67 42
s 3 68 45
v 3 68 399
s 3 69 -53
v 3 69 290
s 3 70 55
v 3 70 -167
s 3 71 23
v 3 71 -396
s 3 72 11
v 3 72 131
s 3 73 -18
v 3 73 52
s 3 74 -28
v 3 74 -106
s 3 75 -55
v 3 75 -246
s 3 76 -96
v 3 76 350
s 3 77 67
v 3 77 -116
s 3 78 143
v 3 78 -124
s 3 79 -8
v 3 79 97
s 3 80 -53
v 3 80 -196
s 3 81 -28
v 3 81 -37
s 3 82 58
v 3 82 -86
s 3 83 -13
v 3 83 -31
s 3 84 43
v 3 84 -156
s 3 85 -119
v 3 85 -349
s 3 86 19
v 3 86 -213
s 3 87 -100
v 3 87 164
s 3 88 -140
v 3 88 50
s 3 89 -23
v 3 89 -82
s 3 90 22
v 3 90 -127
s 3 91 49
v 3 91 -22
s 3 92 113
v 3 92 -65
s 3 93 59
v 3 93 -454
s 3 94 9
v 3 94 -33
s 3 95 -46
v 3 95 -75
s 3 96 137
v 3 96 144
v 3 97 305
s 3 98 -87
v 3 98 -75
s 3 99 -52
s 3 100 58
v 3 100 -19
s 3 101 17
v 3 101 -191
s 3 102 16
v 3 102 -152
s 3 103 8
v 3 103 7
s 3 104 65
v 3 104 -68
s 3 105 -122
v 3 105 287
s 3 106 -19
v 3 106 -283
s 3 107 24
v 3 107 6
s 3 108 84
v 3 108 -386
s 3 109 20
v 3 109 60
s 3 110 23
v 3 110 410
s 3 111 -21
v 3 111 215
s 3 112 -27
v 3 112 -330
s 3 113 -124
v 3 113 159
s 3 114 44
v 3 114 -115
s 3 119 75
v 3 119 -147
s 3 120 45
v 3 120 125
s 3 121 -72
v 3 121 161
s 3 123 121
v 3 123 -162
s 3 126 -65
v 3 126 231
s 3 128 43
v 3 128 106
s 3 129 -75
v 3 129 233
s 3 131 79
v 3 131 -125
s 3 135 47
v 3 135 420
s 3 136 49
v 3 136 27
s 3 137 10
v 3 137 122
s 3 138 -82
v 3 138 118
s 3 145 118
v 3 145 19
s 3 155 -50
v 3 155 30
s 4 5 454
v 4 5 -63
s 4 6 49
v 4 6 148
s 4 7 -33
v 4 7 119
s 4 8 21
v 4 8 -541
s 4 9 -149
v 4 9 65
v 4 10 207
s 4 11 48
v 4 11 -141
s 4 12 66
v 4 12 -41
s 4 13 -37
v 4 13 279
s 4 14 95
v 4 14 -130
s 4 15 -103
v 4 15 205
s 4 16 57
v 4 16 -87
s 4 17 -148
v 4 17 -53
s 4 18 83
v 4 18 192
s 4 19 6
v 4 19 -65
s 4 20 -25
v 4 20 12
s 4 21 -309
v 4 21 -232
s 4 22 137
v 4 22 214
v 4 23 -233
s 4 25 -282
v 4 25 -53
s 4 26 200
v 4 26 -15
s 4 27 188
v 4 27 230
s 4 28 -18
v 4 28 -59
s 4 29 -364
v 4 29 214
s 4 30 24
v 4 30 -71
s 4 31 107
v 4 31 -167
s 4 32 -19
v 4 32 54
s 4 33 -22
v 4 33 -183
s 4 34 107
v 4 34 -79
s 4 35 22
v 4 35 -284
s 4 36 15
v 4 36 363
s 4 37 -32
v 4 37 71
s 4 38 -13
v 4 38 64
s 4 39 -146
v 4 39 215
s 4 40 43
v 4 40 -164
s 4 41 -78
v 4 41 98
s 4 42 22
v 4 42 114
s 4 43 21
v 4 43 -173
v 4 44 -150
s 4 45 -7
v 4 45 -174
s 4 46 -15
v 4 46 -226
s 4 47 -38
v 4 47 -167
s 4 48 11
v 4 48 -365
s 4 49 149
v 4 49 495
s 4 50 61
v 4 50 -83
s 4 51 -83
v 4 51 -53
s 4 52 36
v 4 52 49
s 4 53 31
v 4 53 -411
s 4 54 12
v 4 54 390
s 4 55 57
v 4 55 127
s 4 56 -35
v 4 56 -145
s 4 57 72
v 4 57 -80
s 4 58 16
v 4 58 -218
s 4 59 16
v 4 59 148
s 4 60 -36
v 4 60 -8
v 4 61 59
s 4 62 -204
v 4 62 17
s 4 63 -5
v 4 63 84
s 4 64 136
v 4 64 -130
s 4 65 -32
v 4 65 115
s 4 66 -23
v 4 66 -29
s 4 67 89
v 4 67 379
s 4 68 172
v 4 68 -98
s 4 69 35
v 4 69 -177
v 4 70 33
s 4 71 221
v 4 71 -428
s 4 72 -43
v 4 72 162
s 4 73 -23
v 4 73 -52
s 4 74 28
v 4 74 -522
s 4 75 -236
v 4 75 76
s 4 76 -66
s 4 77 -58
v 4 77 56
s 4 78 27
v 4 78 68
s 4 79 44
v 4 79 -52
s 4 80 19
v 4 80 -33
s 4 81 -59
v 4 81 -151
v 4 82 114
s 4 83 -45
v 4 83 173
s 4 84 -63
v 4 84 -204
s 4 85 106
v 4 85 -62
s 4 86 -244
v 4 86 358
s 4 87 -59
v 4 87 115
s 4 88 -71
v 4 88 -433
v 4 89 -19
s 4 90 -28
v 4 90 -30
s 4 91 17
v 4 91 -74
v 4 92 -18
s 4 93 95
v 4 93 271
s 4 94 10
v 4 94 -161
s 4 95 31
v 4 95 -48
s 4 96 -81
v 4 96 76
s 4 97 354
v 4 97 -174
s 4 98 -88
v 4 98 162
s 4 99 16
v 4 99 -45
s 4 100 -38
v 4 100 288
s 4 101 -36
v 4 101 296
s 4 102 -13
v 4 102 84
s 4 103 -22
v 4 103 40
s 4 104 25
v 4 104 -38
s 4 105 -89
v 4 105 -10
v 4 106 284
s 4 107 -148
v 4 107 144
s 4 108 176
v 4 108 87
s 4 109 40
v 4 109 158
s 4 110 -57
v 4 110 512
s 4 111 -26
v 4 111 -22
s 4 112 -131
v 4 112 -88
s 4 113 101
v 4 113 45
s 4 114 23
v 4 114 -401
s 4 119 108
v 4 119 -46
s 4 120 -66
v 4 120 257
s 4 121 116
v 4 121 186
s 4 123 -108
v 4 123 -333
s 4 126 23
v 4 126 -118
s 4 128 -71
v 4 128 95
s 4 129 39
v 4 129 -87
s 4 131 37
v 4 131 448
s 4 135 -102
v 4 135 -90
s 4 136 75
v 4 136 -95
s 4 137 34
v 4 137 61
s 4 138 -21
v 4 138 -30
s 4 145 -7
v 4 145 -46
s 4 155 9
s 5 6 -31
v 5 6 -178
s 5 7 188
v 5 7 -221
s 5 8 497
v 5 8 -634
s 5 9 20
v 5 9 183
s 5 10 17
v 5 10 36
s 5 11 35
v 5 11 -537
v 5 12 892
s 5 13 -31
v 5 13 56
s 5 14 156
v 5 14 -1062
s 5 15 93
v 5 15 -117
s 5 16 41
v 5 16 28
s 5 17 179
v 5 17 165
s 5 18 -141
v 5 18 255
s 5 19 75
v 5 19 -212
s 5 20 -20
v 5 20 -291
s 5 21 188
s 5 22 -210
v 5 22 151
s 5 23 25
v 5 23 121
s 5 25 185
v 5 25 -444
s 5 26 -107
v 5 26 30
s 5 27 -255
v 5 27 24
s 5 28 135
v 5 28 166
s 5 29 -36
v 5 29 -368
s 5 30 53
v 5 30 -490
s 5 31 -191
v 5 31 25
s 5 32 432
v 5 32 -32
s 5 33 -146
v 5 33 -690
s 5 34 -385
v 5 34 -179
s 5 35 274
v 5 35 -168
s 5 36 95
v 5 36 152
s 5 37 -16
v 5 37 211
s 5 38 64
v 5 38 257
s 5 39 272
v 5 39 -11
s 5 40 -235
v 5 40 28
s 5 41 -155
v 5 41 -292
s 5 42 136
v 5 42 64
s 5 43 327
v 5 43 103
s 5 44 -154
v 5 44 153
s 5 45 -11
v 5 45 50
s 5 46 -168
v 5 46 429
s 5 47 -198
v 5 47 501
s 5 48 -67
v 5 48 -583
s 5 49 -143
v 5 49 166
s 5 50 -87
v 5 50 -46
s 5 51 68
v 5 51 86
s 5 52 55
v 5 52 -287
s 5 53 -383
v 5 53 -188
s 5 54 -159
s 5 55 228
v 5 55 813
s 5 56 70
v 5 56 69
s 5 57 -153
v 5 57 93
s 5 58 187
v 5 58 -65
s 5 59 -114
v 5 59 169
s 5 60 51
v 5 60 31
s 5 61 -59
v 5 61 19
s 5 62 -203
v 5 62 319
s 5 63 -189
v 5 63 50
s 5 64 -17
v 5 64 27
s 5 65 30
v 5 65 -44
s 5 66 21
v 5 66 -55
s 5 67 202
v 5 67 273
s 5 68 -128
v 5 68 -260
s 5 69 292
v 5 69 336
s 5 70 232
v 5 70 -255
s 5 71 174
v 5 71 32
s 5 72 -180
v 5 72 280
s 5 73 -78
v 5 73 -221
s 5 74 30
v 5 74 -238
s 5 75 290
v 5 75 -344
s 5 76 79
v 5 76 739
v 5 77 -244
s 5 78 -59
v 5 78 -301
s 5 79 -60
v 5 79 -201
s 5 80 92
v 5 80 -547
s 5 81 63
v 5 81 213
s 5 82 34
v 5 82 259
s 5 83 -32
v 5 83 -10
s 5 84 -167
v 5 84 -38
s 5 85 63
v 5 85 -43
s 5 86 225
v 5 86 -650
s 5 87 114
v 5 87 -268
s 5 88 -402
v 5 88 -128
s 5 89 -50
v 5 89 -66
s 5 90 -106
v 5 90 100
s 5 91 -85
v 5 91 363
s 5 92 -47
v 5 92 28
s 5 93 108
v 5 93 277
s 5 94 -95
v 5 94 369
s 5 95 84
v 5 95 386
s 5 96 -59
v 5 96 399
s 5 97 261
v 5 97 229
s 5 98 76
v 5 98 796
s 5 99 -47
v 5 99 -328
s 5 100 185
v 5 100 15
s 5 101 -187
v 5 101 295
s 5 102 148
v 5 102 -472
s 5 103 7
v 5 103 -29
s 5 104 199
v 5 104 -315
s 5 105 -14
v 5 105 230
s 5 106 160
v 5 106 66
s 5 107 -63
v 5 107 -447
s 5 108 -128
v 5 108 -117
s 5 109 -262
v 5 109 498
s 5 110 -243
v 5 110 -315
s 5 111 -289
v 5 111 526
s 5 112 -246
v 5 112 539
s 5 113 -193
v 5 113 285
s 5 114 -201
v 5 114 -282
s 5 119 -117
v 5 119 -84
s 5 120 -57
v 5 120 15
s 5 121 44
v 5 121 -776
s 5 123 -71
v 5 123 293
s 5 126 -53
v 5 126 108
s 5 128 -9
v 5 128 330
s 5 129 -212
v 5 129 645
s 5 131 -148
v 5 131 -310
s 5 135 528
v 5 135 -672
s 5 136 -90
v 5 136 -153
s 5 137 -44
v 5 137 121
s 5 138 -129
v 5 138 -184
s 5 145 -68
v 5 145 -137
s 5 155 -119
s 6 7 -108
v 6 7 66
s 6 8 -82
v 6 8 369
s 6 9 256
v 6 9 -79
s 6 10 -51
v 6 10 501
s 6 11 20
v 6 11 -25
s 6 12 50
v 6 12 -284
s 6 13 52
v 6 13 84
s 6 14 583
v 6 14 -815
s 6 15 31
v 6 15 -55
s 6 16 15
v 6 16 -64
s 6 17 -51
v 6 17 -202
s 6 18 -33
v 6 18 -452
s 6 19 -221
v 6 19 5
s 6 20 275
v 6 20 93
s 6 21 -121
v 6 21 205
s 6 22 -97
v 6 22 -763
s 6 23 -104
v 6 23 -44
s 6 25 -521
v 6 25 24
s 6 26 -303
v 6 26 366
s 6 27 192
v 6 27 295
s 6 28 -237
v 6 28 166
s 6 29 229
v 6 29 -623
s 6 30 25
v 6 30 -157
s 6 31 -88
v 6 31 -702
s 6 32 73
v 6 32 280
s 6 33 -190
v 6 33 -258
s 6 34 11
v 6 34 267
s 6 35 -180
v 6 35 -622
s 6 36 184
v 6 36 722
s 6 37 175
v 6 37 -219
s 6 38 24
v 6 38 157
s 6 39 11
v 6 39 -120
s 6 40 299
v 6 40 -254
s 6 41 -56
v 6 41 -356
s 6 42 174
v 6 42 124
s 6 43 -233
v 6 43 594
s 6 44 -232
v 6 44 843
s 6 45 83
v 6 45 244
s 6 46 -49
v 6 46 392
s 6 47 -285
v 6 47 160
s 6 48 -149
v 6 48 57
s 6 49 407
v 6 49 -576
s 6 50 282
v 6 50 509
s 6 51 113
v 6 51 -120
s 6 52 -19
v 6 52 -389
s 6 53 13
v 6 53 -544
s 6 54 -127
v 6 54 89
s 6 55 155
v 6 55 -976
v 6 56 -180
s 6 57 256
v 6 57 -65
s 6 58 61
v 6 58 304
s 6 59 -61
v 6 59 32
s 6 60 -264
v 6 60 -402
s 6 61 -25
v 6 61 321
s 6 62 133
v 6 62 311
s 6 63 225
v 6 63 174
s 6 64 -93
v 6 64 -156
s 6 65 171
v 6 65 -52
v 6 66 143
s 6 67 -23
v 6 67 -813
v 6 68 -377
s 6 69 178
v 6 69 578
s 6 70 -17
v 6 70 202
s 6 71 228
v 6 71 432
s 6 72 407
v 6 72 54
s 6 73 108
v 6 73 38
s 6 74 16
v 6 74 -452
s 6 75 -225
v 6 75 -33
s 6 76 -84
v 6 76 -605
s 6 77 43
v 6 77 158
s 6 78 123
v 6 78 -266
s 6 79 -86
v 6 79 -220
s 6 80 -76
v 6 80 293
s 6 81 188
v 6 81 -26
s 6 82 -17
v 6 82 -30
s 6 83 385
v 6 83 59
s 6 84 -142
v 6 84 63
s 6 85 129
v 6 85 -567
s 6 86 -215
v 6 86 614
s 6 87 -414
v 6 87 254
s 6 88 -235
v 6 88 325
s 6 89 -50
v 6 89 155
s 6 90 -212
v 6 90 -123
s 6 91 55
v 6 91 752
s 6 92 -119
v 6 92 207
s 6 93 315
v 6 93 1051
s 6 94 18
v 6 94 -147
v 6 95 281
s 6 96 -38
v 6 96 -766
s 6 97 -366
v 6 97 -620
s 6 98 66
v 6 98 196
s 6 99 37
v 6 99 498
s 6 100 -285
v 6 100 -306
s 6 101 -248
v 6 101 -321
s 6 102 40
v 6 102 407
s 6 103 -94
v 6 103 -24
s 6 104 93
v 6 104 235
s 6 105 176
v 6 105 396
s 6 106 140
s 6 107 -226
v 6 107 -820
s 6 108 133
v 6 108 169
v 6 109 192
s 6 110 -77
v 6 110 25
s 6 111 291
v 6 111 302
s 6 112 -64
v 6 112 -72
s 6 113 30
v 6 113 -321
s 6 114 112
v 6 114 172
s 6 119 -79
v 6 119 -94
s 6 120 73
v 6 120 591
s 6 121 -71
v 6 121 104
s 6 123 -619
v 6 123 -22
s 6 126 48
v 6 126 10
s 6 128 -178
s 6 129 61
v 6 129 -482
s 6 131 -463
v 6 131 -76
s 6 135 163
v 6 135 -6
s 6 136 183
v 6 136 35
s 6 137 -22
v 6 137 -730
s 6 138 -11
v 6 138 230
s 6 145 89
v 6 145 526
s 6 155 61
v 6 155 -6
s 7 8 103
v 7 8 -766
s 7 9 -9
v 7 9 -277
s 7 10 474
v 7 10 -265
s 7 11 -116
v 7 11 368
s 7 12 -42
v 7 12 1100
v 7 13 397
s 7 14 -58
v 7 14 404
s 7 15 177
v 7 15 -74
s 7 16 -203
v 7 16 -247
s 7 17 157
v 7 17 394
s 7 18 -68
v 7 18 -156
s 7 19 21
v 7 19 -522
s 7 20 65
v 7 20 143
s 7 21 83
v 7 21 360
s 7 22 -162
v 7 22 -680
s 7 23 -17
v 7 23 169
s 7 25 22
v 7 25 82
s 7 26 -323
v 7 26 -46
s 7 27 -128
v 7 27 -396
s 7 28 12
v 7 28 225
s 7 29 -234
v 7 29 -355
s 7 30 179
v 7 30 638
s 7 31 -505
v 7 31 -113
s 7 32 185
v 7 32 723
s 7 33 -116
v 7 33 296
s 7 34 -324
v 7 34 292
s 7 35 119
v 7 35 -654
s 7 36 43
s 7 37 -187
v 7 37 -195
s 7 38 -9
v 7 38 462
s 7 39 41
v 7 39 -217
s 7 40 -160
v 7 40 250
s 7 41 -409
v 7 41 136
s 7 42 174
v 7 42 43
s 7 43 315
v 7 43 -162
s 7 44 320
v 7 44 -223
s 7 45 112
v 7 45 -8
s 7 46 124
v 7 46 -126
s 7 47 146
v 7 47 -375
s 7 48 -90
v 7 48 -431
s 7 49 -137
v 7 49 -54
s 7 50 99
v 7 50 13
s 7 51 123
v 7 51 -443
s 7 52 -60
v 7 52 -102
s 7 53 217
v 7 53 -162
s 7 54 48
v 7 54 -775
s 7 55 147
v 7 55 589
s 7 56 85
v 7 56 -95
s 7 57 325
v 7 57 -205
s 7 58 -97
v 7 58 -20
s 7 59 -63
v 7 59 -463
s 7 60 248
v 7 60 -120
s 7 61 73
v 7 61 767
s 7 62 90
v 7 62 318
s 7 63 78
v 7 63 189
s 7 64 -389
v 7 64 -212
s 7 65 -12
v 7 65 29
s 7 66 30
v 7 66 117
s 7 67 -138
v 7 67 -212
s 7 68 -424
s 7 69 162
v 7 69 342
s 7 70 -44
v 7 70 -405
s 7 71 387
v 7 71 -194
s 7 72 199
v 7 72 -11
s 7 73 69
v 7 73 6
s 7 74 -138
v 7 74 -28
s 7 75 -102
v 7 75 -342
s 7 76 275
v 7 76 -193
v 7 77 31
s 7 78 122
v 7 78 60
s 7 79 95
v 7 79 -408
s 7 80 67
v 7 80 330
s 7 81 -88
v 7 81 27
s 7 82 134
v 7 82 389
s 7 83 182
v 7 83 -385
s 7 84 266
v 7 84 324
s 7 85 13
v 7 85 311
s 7 86 -86
v 7 86 -132
s 7 87 -196
v 7 87 -171
s 7 88 118
v 7 88 316
s 7 89 155
v 7 89 32
s 7 90 -319
v 7 90 144
s 7 91 -206
v 7 91 53
v 7 92 285
s 7 93 -184
v 7 93 53
s 7 94 102
v 7 94 -258
s 7 95 198
v 7 95 387
s 7 96 30
s 7 97 -327
v 7 97 283
s 7 98 -59
v 7 98 -161
s 7 99 151
v 7 99 25
s 7 100 39
v 7 100 975
s 7 101 -67
v 7 101 -636
s 7 102 -28
v 7 102 326
s 7 103 74
v 7 103 -106
s 7 104 108
v 7 104 400
s 7 105 -395
v 7 105 -133
s 7 106 -77
v 7 106 -325
s 7 107 27
v 7 107 373
s 7 108 -77
v 7 108 78
s 7 109 -76
v 7 109 -23
s 7 110 240
v 7 110 -317
s 7 111 122
v 7 111 229
s 7 112 -148
v 7 112 -308
s 7 113 28
v 7 113 -39
s 7 114 100
v 7 114 5
s 7 119 -118
v 7 119 270
s 7 120 -48
v 7 120 -202
s 7 121 -105
v 7 121 -318
s 7 123 92
v 7 123 -484
s 7 126 74
v 7 126 37
s 7 128 -19
v 7 128 -165
s 7 129 -178
v 7 129 -111
s 7 131 -130
v 7 131 -105
s 7 135 -88
v 7 135 -384
s 7 136 80
v 7 136 490
s 7 137 -178
v 7 137 165
s 7 138 -89
v 7 138 -158
s 7 145 255
v 7 145 -480
s 7 155 -9
v 7 155 -205
s 8 9 -67
v 8 9 -279
s 8 10 -69
v 8 10 -443
s 8 11 175
v 8 11 487
s 8 12 -29
v 8 12 -265
s 8 13 208
v 8 13 -134
s 8 14 -23
v 8 14 -207
s 8 15 139
v 8 15 -508
s 8 16 116
v 8 16 242
s 8 17 207
v 8 17 53
s 8 18 -339
v 8 18 90
s 8 19 -113
v 8 19 -252
s 8 20 202
v 8 20 -298
s 8 21 -172
v 8 21 179
s 8 22 156
v 8 22 -44
s 8 23 139
v 8 23 513
s 8 25 254
v 8 25 -473
s 8 26 134
v 8 26 -217
s 8 27 -103
v 8 27 -734
s 8 28 -199
v 8 28 467
s 8 29 297
v 8 29 1306
s 8 30 14
v 8 30 -74
s 8 31 371
v 8 31 166
s 8 32 121
v 8 32 -486
s 8 33 -94
v 8 33 -81
s 8 34 52
v 8 34 440
s 8 35 -127
v 8 35 583
s 8 36 -519
v 8 36 -449
s 8 37 -229
v 8 37 -538
s 8 38 75
v 8 38 -227
s 8 39 139
v 8 39 -25
s 8 40 31
v 8 40 888
s 8 41 -251
v 8 41 -512
s 8 42 -402
v 8 42 -289
s 8 43 21
v 8 43 -912
s 8 44 -65
v 8 44 183
s 8 45 -55
v 8 45 -35
s 8 46 -23
v 8 46 -625
s 8 47 357
v 8 47 303
s 8 48 -51
v 8 48 215
s 8 49 -413
v 8 49 497
s 8 50 -349
v 8 50 -85
s 8 51 100
v 8 51 7
s 8 52 -155
v 8 52 86
s 8 53 -388
v 8 53 317
s 8 54 -95
v 8 54 10
s 8 55 105
v 8 55 -277
s 8 56 -16
v 8 56 -384
s 8 57 -105
v 8 57 -187
s 8 58 294
v 8 58 265
s 8 59 -123
v 8 59 -349
s 8 60 -353
v 8 60 -744
s 8 61 -127
v 8 61 58
s 8 62 48
v 8 62 -29
s 8 63 91
v 8 63 99
v 8 64 274
s 8 65 63
v 8 65 -369
s 8 66 -33
v 8 66 -86
s 8 67 -111
v 8 67 -145
s 8 68 -31
v 8 68 -192
s 8 69 285
v 8 69 -79
s 8 70 -146
v 8 70 -426
s 8 71 -116
v 8 71 -1044
s 8 72 189
v 8 72 539
s 8 73 120
v 8 73 -38
s 8 74 42
v 8 74 459
s 8 75 -131
v 8 75 364
s 8 76 568
v 8 76 -384
s 8 77 -146
v 8 77 155
s 8 78 6
v 8 78 461
s 8 79 -98
v 8 79 205
s 8 80 -144
v 8 80 -450
s 8 81 -100
v 8 81 349
s 8 82 -76
v 8 82 205
s 8 83 -10
v 8 83 32
s 8 84 108
v 8 84 507
s 8 85 262
v 8 85 -383
s 8 86 502
v 8 86 118
s 8 87 105
v 8 87 96
s 8 88 223
v 8 88 263
s 8 89 -79
v 8 89 174
s 8 90 68
v 8 90 -125
s 8 91 40
v 8 91 -238
s 8 92 70
v 8 92 -329
s 8 93 -257
v 8 93 -362
s 8 94 -67
v 8 94 270
s 8 95 -56
v 8 95 99
s 8 96 277
v 8 96 428
s 8 97 622
v 8 97 733
s 8 98 79
v 8 98 -32
s 8 99 -39
v 8 99 548
s 8 100 198
v 8 100 -57
s 8 101 -325
v 8 101 139
s 8 102 38
v 8 102 -432
s 8 103 -85
v 8 103 37
s 8 104 -6
v 8 104 -575
s 8 105 15
v 8 105 430
s 8 106 -58
v 8 106 33
s 8 107 258
v 8 107 309
s 8 108 -178
v 8 108 769
s 8 109 -59
v 8 109 -71
s 8 110 -98
v 8 110 84
s 8 111 -248
v 8 111 -132
s 8 112 -102
v 8 112 -543
s 8 113 88
v 8 113 620
s 8 114 -227
s 8 119 388
v 8 119 302
s 8 120 -56
v 8 120 104
s 8 121 -358
v 8 121 233
s 8 123 474
v 8 123 233
s 8 126 99
v 8 126 -485
s 8 128 -69
v 8 128 -220
s 8 129 -298
v 8 129 45
s 8 131 86
v 8 131 -46
s 8 135 -287
v 8 135 -249
s 8 136 -85
v 8 136 134
s 8 137 -133
v 8 137 -396
s 8 138 -104
v 8 138 144
s 8 145 33
v 8 145 -49
s 8 155 -30
v 8 155 -16
s 9 10 -172
v 9 10 179
s 9 11 -31
v 9 11 442
s 9 12 322
v 9 12 -611
s 9 13 82
v 9 13 -35
s 9 14 62
v 9 14 -221
s 9 15 -239
v 9 15 511
s 9 16 -50
v 9 16 38
s 9 17 356
v 9 17 95
s 9 18 308
v 9 18 -117
s 9 19 -64
v 9 19 -127
s 9 20 -238
v 9 20 43
s 9 21 -151
v 9 21 37
s 9 22 -176
v 9 22 -823
s 9 23 56
v 9 23 -226
s 9 25 -208
v 9 25 384
s 9 26 465
v 9 26 128
s 9 27 71
v 9 27 465
s 9 28 -61
v 9 28 154
s 9 29 -31
v 9 29 -534
s 9 30 -186
v 9 30 -191
s 9 31 -43
v 9 31 150
s 9 32 -147
v 9 32 256
s 9 33 183
v 9 33 -95
s 9 34 177
v 9 34 -309
s 9 35 -212
v 9 35 303
s 9 36 266
v 9 36 -531
s 9 37 -60
v 9 37 -322
s 9 38 68
v 9 38 -177
s 9 39 -54
v 9 39 -82
s 9 40 -86
v 9 40 145
s 9 41 81
v 9 41 109
s 9 42 124
v 9 42 -498
s 9 43 -23
v 9 43 409
s 9 44 312
v 9 44 228
s 9 45 -233
v 9 45 28
s 9 46 -84
v 9 46 182
s 9 47 -48
v 9 47 241
s 9 48 78
v 9 48 625
s 9 49 82
v 9 49 292
s 9 50 -38
v 9 50 234
v 9 51 -22
s 9 52 130
v 9 52 -220
s 9 53 21
v 9 53 -175
s 9 54 258
v 9 54 48
s 9 55 123
v 9 55 -83
s 9 56 -34
v 9 56 -95
s 9 57 -157
v 9 57 45
s 9 58 -70
v 9 58 155
s 9 59 -108
v 9 59 139
s 9 60 119
v 9 60 -197
s 9 61 -118
v 9 61 26
s 9 62 -129
v 9 62 -480
s 9 63 27
v 9 63 -228
s 9 64 19
v 9 64 156
s 9 65 120
v 9 65 -14
s 9 66 -61
v 9 66 -66
s 9 67 -71
v 9 67 396
s 9 68 -240
v 9 68 173
s 9 69 146
v 9 69 -282
s 9 70 -110
v 9 70 -302
s 9 71 -225
v 9 71 -917
s 9 72 -65
v 9 72 -57
v 9 73 110
s 9 74 -108
v 9 74 205
s 9 75 -104
v 9 75 477
s 9 76 59
v 9 76 127
s 9 77 -52
v 9 77 -201
s 9 78 -55
v 9 78 153
s 9 79 121
v 9 79 204
v 9 80 -279
s 9 81 -17
v 9 81 257
s 9 82 -24
v 9 82 -74
s 9 83 -96
v 9 83 -377
s 9 84 125
v 9 84 -126
s 9 85 -435
v 9 85 -140
s 9 86 49
v 9 86 -251
s 9 87 48
v 9 87 -21
s 9 88 -335
v 9 88 -233
s 9 89 -26
v 9 89 -232
s 9 90 188
v 9 90 -107
v 9 91 -527
s 9 92 -89
v 9 92 -151
s 9 93 149
v 9 93 612
v 9 94 -331
s 9 95 -46
v 9 95 102
s 9 96 50
v 9 96 -139
s 9 97 64
v 9 97 76
s 9 98 31
v 9 98 306
s 9 99 -38
v 9 99 326
s 9 100 220
v 9 100 300
s 9 101 -113
v 9 101 -431
s 9 102 99
v 9 102 -183
s 9 103 98
v 9 103 15
v 9 104 -440
s 9 105 -128
v 9 105 99
s 9 106 79
v 9 106 108
s 9 107 244
v 9 107 285
s 9 108 287
v 9 108 -152
s 9 109 -76
v 9 109 -451
s 9 110 -40
v 9 110 253
s 9 111 -170
v 9 111 -215
s 9 112 277
v 9 112 196
s 9 113 -55
v 9 113 124
s 9 114 -145
v 9 114 325
s 9 119 -232
v 9 119 319
s 9 120 52
v 9 120 275
s 9 121 -81
v 9 121 -252
s 9 123 -135
v 9 123 298
s 9 126 60
v 9 126 101
s 9 128 12
v 9 128 130
s 9 129 -82
v 9 129 7
s 9 131 82
v 9 131 277
s 9 135 -434
v 9 135 19
s 9 136 164
v 9 136 -76
s 9 137 160
v 9 137 -139
s 9 138 -109
v 9 138 -152
s 9 145 289
v 9 145 361
s 9 155 -37
v 9 155 -8
s 10 11 -9
v 10 11 -90
v 10 12 -328
s 10 13 -8
v 10 13 42
s 10 14 -41
v 10 14 -35
s 10 15 -45
v 10 15 614
s 10 16 67
v 10 16 -27
s 10 17 26
v 10 17 -153
v 10 18 244
s 10 19 47
v 10 19 446
s 10 20 19
v 10 20 337
s 10 21 -137
v 10 21 -126
s 10 22 -229
v 10 22 488
s 10 23 59
v 10 23 351
v 10 25 -449
s 10 26 -120
v 10 26 -448
s 10 27 105
v 10 27 -45
v 10 28 -66
v 10 29 154
s 10 30 -57
v 10 30 -263
s 10 31 116
v 10 31 -120
v 10 32 -62
s 10 33 155
v 10 33 -177
s 10 34 52
v 10 34 -53
s 10 35 -146
v 10 35 488
s 10 36 -229
v 10 36 495
s 10 37 78
v 10 37 10
s 10 38 49
v 10 38 -86
s 10 39 -40
v 10 39 116
s 10 40 10
v 10 40 -29
s 10 41 -59
v 10 41 -142
s 10 42 -80
v 10 42 -157
s 10 43 84
v 10 43 48
s 10 44 -96
v 10 44 -32
s 10 45 -161
v 10 45 257
s 10 46 105
v 10 46 69
s 10 47 -167
v 10 47 363
s 10 48 -89
v 10 48 35
s 10 49 -125
v 10 49 -33
s 10 50 -21
v 10 50 -230
s 10 51 92
v 10 51 -7
s 10 52 -109
v 10 52 -160
s 10 53 -221
v 10 53 465
s 10 54 -99
v 10 54 573
s 10 55 -36
v 10 55 107
s 10 56 -20
v 10 56 262
s 10 57 -91
v 10 57 34
s 10 58 -37
v 10 58 -13
s 10 59 162
v 10 59 -133
s 10 60 212
v 10 60 -104
s 10 61 57
v 10 61 -209
s 10 62 215
v 10 62 -349
v 10 63 -187
s 10 64 25
v 10 64 -99
s 10 65 43
v 10 65 115
s 10 66 -32
v 10 66 81
s 10 67 -7
v 10 67 58
s 10 68 258
v 10 68 -187
s 10 69 101
v 10 69 -399
s 10 70 21
v 10 70 87
s 10 71 107
v 10 71 49
v 10 72 221
s 10 73 -22
v 10 73 -33
s 10 74 -42
v 10 74 196
s 10 75 -46
v 10 75 250
s 10 76 -55
v 10 76 -442
s 10 77 -30
v 10 77 -121
s 10 78 -122
v 10 78 -105
s 10 79 20
v 10 79 156
s 10 80 -61
v 10 80 213
s 10 81 -10
v 10 81 -165
s 10 82 81
v 10 82 -120
s 10 83 -92
v 10 83 150
s 10 84 254
v 10 84 -326
s 10 85 -72
v 10 85 575
s 10 86 113
v 10 86 -359
s 10 87 -25
v 10 87 -353
s 10 88 105
v 10 88 -353
s 10 89 -7
v 10 89 -199
s 10 90 -39
v 10 90 -177
s 10 91 -106
v 10 91 42
s 10 92 -13
v 10 92 -9
s 10 93 114
v 10 93 -479
s 10 94 -61
v 10 94 27
s 10 95 -37
s 10 96 -85
v 10 96 -61
s 10 97 -7
v 10 97 343
s 10 98 71
v 10 98 350
v 10 99 198
s 10 100 243
v 10 100 205
s 10 101 13
v 10 101 -390
s 10 102 35
v 10 102 -37
s 10 103 -44
s 10 104 177
v 10 104 -323
s 10 105 104
v 10 105 -490
s 10 106 -98
v 10 106 307
s 10 107 -70
v 10 107 119
s 10 108 63
v 10 108 308
s 10 109 -16
v 10 109 -152
s 10 110 -14
v 10 110 454
s 10 111 -230
v 10 111 -114
s 10 112 118
v 10 112 -32
s 10 113 9
v 10 113 -316
s 10 114 -12
v 10 114 -286
s 10 119 -70
v 10 119 136
s 10 120 -121
v 10 120 289
s 10 121 -82
v 10 121 -95
s 10 123 24
v 10 123 190
s 10 126 -12
v 10 126 279
s 10 128 138
v 10 128 -71
v 10 129 178
s 10 131 -47
v 10 131 104
s 10 135 13
v 10 135 54
s 10 136 35
v 10 136 -57
s 10 137 -149
v 10 137 192
s 10 138 -26
v 10 138 79
s 10 145 90
v 10 145 80
s 10 155 65
v 10 155 -162
s 11 12 -37
v 11 12 -553
s 11 13 -50
v 11 13 -203
s 11 14 406
v 11 14 242
s 11 15 149
v 11 15 -224
s 11 16 -78
v 11 16 275
s 11 17 57
v 11 17 23
s 11 18 62
v 11 18 357
s 11 19 -194
v 11 19 325
s 11 20 224
v 11 20 72
s 11 21 99
v 11 21 -269
s 11 22 -209
v 11 22 -424
s 11 23 175
v 11 23 -84
s 11 25 -70
v 11 25 242
s 11 26 211
v 11 26 -147
s 11 27 602
v 11 27 -321
s 11 28 174
v 11 28 110
s 11 29 -41
v 11 29 -60
s 11 30 -178
v 11 30 255
s 11 31 -91
v 11 31 -461
s 11 32 -92
v 11 32 157
s 11 33 -152
v 11 33 -11
s 11 34 65
v 11 34 494
s 11 35 18
v 11 35 -146
s 11 36 -128
v 11 36 469
s 11 37 -68
v 11 37 223
s 11 38 -65
v 11 38 373
s 11 39 -190
v 11 39 67
s 11 40 -109
v 11 40 -402
s 11 41 162
v 11 41 -179
s 11 42 121
v 11 42 -41
s 11 43 49
v 11 43 -280
v 11 44 -195
s 11 45 79
v 11 45 -99
s 11 46 29
v 11 46 -570
s 11 47 -205
v 11 47 -78
s 11 48 -344
v 11 48 35
s 11 49 -254
v 11 49 -152
s 11 50 108
v 11 50 56
s 11 51 -118
v 11 51 -7
s 11 52 34
v 11 52 125
s 11 53 -461
v 11 53 642
s 11 54 648
v 11 54 -302
s 11 55 146
v 11 55 328
s 11 56 -82
v 11 56 -118
s 11 57 -92
v 11 57 -17
s 11 58 94
v 11 58 207
s 11 59 -71
v 11 59 150
s 11 60 84
v 11 60 -506
s 11 61 -81
v 11 61 -23
s 11 62 177
v 11 62 -348
s 11 63 118
v 11 63 30
s 11 64 125
v 11 64 69
s 11 65 -19
v 11 65 -153
s 11 66 -46
v 11 66 103
s 11 67 -169
v 11 67 197
s 11 68 103
v 11 68 -108
s 11 69 62
v 11 69 477
s 11 70 51
v 11 70 80
s 11 71 86
v 11 71 -151
s 11 72 -12
v 11 72 278
s 11 73 -84
v 11 73 -67
s 11 74 -517
v 11 74 -477
s 11 75 37
v 11 75 23
s 11 76 -29
v 11 76 -451
s 11 77 -59
v 11 77 -203
s 11 78 151
v 11 78 -131
s 11 79 13
v 11 79 -343
s 11 80 86
v 11 80 88
s 11 81 -146
v 11 81 -33
s 11 82 -33
v 11 82 -103
s 11 83 -110
v 11 83 -10
s 11 84 57
v 11 84 -275
s 11 85 -414
v 11 85 -247
s 11 86 8
v 11 86 469
s 11 87 -214
v 11 87 250
s 11 88 111
v 11 88 81
s 11 89 -42
v 11 89 107
s 11 90 -57
v 11 90 293
s 11 91 -230
v 11 91 -150
s 11 92 40
v 11 92 -199
s 11 93 275
v 11 93 225
s 11 94 -16
v 11 94 -156
s 11 95 44
v 11 95 55
s 11 96 261
v 11 96 472
s 11 97 48
v 11 97 -100
s 11 98 -104
v 11 98 281
s 11 99 276
v 11 99 -106
s 11 100 480
v 11 100 336
s 11 101 57
v 11 101 -54
v 11 102 79
s 11 103 116
v 11 103 -38
s 11 104 315
v 11 104 123
s 11 105 -315
v 11 105 -204
s 11 106 -95
v 11 106 90
s 11 107 -26
v 11 107 -65
s 11 108 -461
v 11 108 -204
s 11 109 55
v 11 109 370
s 11 110 94
v 11 110 81
s 11 111 231
s 11 112 -313
v 11 112 -304
s 11 113 -62
v 11 113 151
s 11 114 28
v 11 114 90
s 11 119 -54
v 11 119 217
s 11 120 56
v 11 120 304
s 11 121 -104
v 11 121 61
s 11 123 159
v 11 123 -174
s 11 126 -51
v 11 126 -274
s 11 128 -253
v 11 128 -588
s 11 129 28
v 11 129 8
s 11 131 -108
s 11 135 -63
v 11 135 -54
s 11 136 -268
v 11 136 -99
s 11 137 75
v 11 137 -595
s 11 138 22
v 11 138 59
s 11 145 -63
v 11 145 431
s 11 155 49
v 11 155 583
s 12 13 186
v 12 13 -432
s 12 14 -553
v 12 14 -853
s 12 15 -35
v 12 15 403
s 12 16 141
v 12 16 -535
s 12 17 46
v 12 17 -219
s 12 18 -54
v 12 18 -1336
s 12 19 34
v 12 19 -628
s 12 20 -425
v 12 20 946
s 12 21 -129
v 12 21 531
s 12 22 310
v 12 22 316
s 12 23 -255
v 12 23 -35
s 12 25 572
v 12 25 229
s 12 26 157
v 12 26 -103
s 12 27 246
v 12 27 947
v 12 28 542
s 12 29 9
v 12 29 -1263
s 12 30 136
v 12 30 396
s 12 31 180
v 12 31 282
s 12 32 31
v 12 32 -429
s 12 33 295
v 12 33 287
s 12 34 -261
v 12 34 244
s 12 35 -30
v 12 35 1170
s 12 36 -15
v 12 36 -824
s 12 37 60
v 12 37 -68
s 12 38 -141
v 12 38 -85
s 12 39 -197
v 12 39 449
s 12 40 -57
v 12 40 342
s 12 41 55
v 12 41 -500
s 12 42 -199
v 12 42 1345
s 12 43 -16
v 12 43 -58
s 12 44 -77
v 12 44 37
s 12 45 -81
v 12 45 -264
s 12 46 -54
v 12 46 109
s 12 47 115
v 12 47 680
s 12 48 -142
v 12 48 -115
s 12 49 160
v 12 49 -145
s 12 50 -266
v 12 50 -403
s 12 51 29
v 12 51 -165
s 12 52 -201
v 12 52 -219
s 12 53 -276
v 12 53 -254
s 12 54 -171
v 12 54 629
s 12 55 -430
v 12 55 -536
s 12 56 -35
v 12 56 670
s 12 57 -144
v 12 57 -231
s 12 58 -32
v 12 58 -83
s 12 59 51
v 12 59 -150
s 12 60 91
v 12 60 493
s 12 61 -62
v 12 61 72
s 12 62 -70
v 12 62 -163
s 12 63 -19
v 12 63 346
s 12 64 8
v 12 64 7
s 12 65 -139
v 12 65 93
s 12 66 111
v 12 66 -53
s 12 67 -96
v 12 67 484
s 12 68 592
v 12 68 1214
s 12 69 178
v 12 69 -525
v 12 70 66
s 12 71 -105
v 12 71 -433
s 12 72 110
v 12 72 -118
s 12 73 275
v 12 73 -321
s 12 74 194
v 12 74 444
s 12 75 -200
v 12 75 1309
s 12 76 -203
v 12 76 754
s 12 77 -130
v 12 77 616
s 12 78 -182
v 12 78 449
s 12 79 44
v 12 79 251
s 12 80 150
v 12 80 -820
s 12 81 -73
v 12 81 -11
s 12 82 -236
v 12 82 -459
s 12 83 -208
v 12 83 20
s 12 84 -339
v 12 84 1128
s 12 85 216
v 12 85 416
s 12 86 232
v 12 86 -727
s 12 87 -160
v 12 87 -241
s 12 88 -78
v 12 88 -40
s 12 89 30
v 12 89 110
s 12 90 274
v 12 90 -171
s 12 91 -228
v 12 91 -296
s 12 92 35
v 12 92 -13
s 12 93 -189
v 12 93 -92
s 12 94 -19
v 12 94 -238
s 12 95 -7
v 12 95 147
s 12 96 -255
v 12 96 -609
s 12 97 -214
v 12 97 -586
s 12 98 89
v 12 98 -615
s 12 99 86
v 12 99 -260
s 12 100 -322
v 12 100 -79
s 12 101 610
v 12 101 -426
s 12 102 -91
v 12 102 -117
s 12 103 48
v 12 103 171
s 12 104 -274
v 12 104 -394
s 12 105 469
v 12 105 46
s 12 106 363
v 12 106 -73
s 12 107 -59
v 12 107 -167
s 12 108 123
v 12 108 -691
s 12 109 -28
v 12 109 1350
s 12 110 348
v 12 110 -325
s 12 111 -24
v 12 111 241
s 12 112 564
v 12 112 -111
s 12 113 176
v 12 113 372
s 12 114 -115
v 12 114 152
s 12 119 20
v 12 119 321
s 12 120 76
v 12 120 -8
s 12 121 -202
v 12 121 551
s 12 123 -383
v 12 123 444
s 12 126 -127
v 12 126 -294
s 12 128 332
v 12 128 -544
s 12 129 120
v 12 129 626
s 12 131 279
v 12 131 210
s 12 135 -159
v 12 135 -471
s 12 136 -174
v 12 136 -667
s 12 137 36
v 12 137 -190
s 12 138 49
v 12 138 -40
s 12 145 -100
v 12 145 -71
s 12 155 -177
v 12 155 -273
s 13 14 -31
v 13 14 302
s 13 15 15
v 13 15 -146
v 13 16 -118
s 13 17 -22
v 13 17 60
s 13 18 64
v 13 18 -140
s 13 19 -136
v 13 19 20
s 13 20 -48
v 13 20 137
s 13 21 -159
v 13 21 281
s 13 22 191
v 13 22 -47
s 13 25 55
v 13 25 -351
s 13 26 -202
v 13 26 -377
s 13 27 -63
v 13 27 106
s 13 28 146
v 13 28 62
s 13 29 18
v 13 29 -58
s 13 30 -169
v 13 30 425
s 13 31 -138
v 13 31 99
s 13 32 13
v 13 32 -278
s 13 33 42
v 13 33 -151
s 13 34 -7
v 13 34 -35
s 13 35 -58
v 13 35 75
s 13 36 -105
v 13 36 335
s 13 37 241
v 13 37 -89
s 13 38 -33
v 13 38 -166
s 13 39 -41
v 13 39 142
s 13 40 89
v 13 40 115
s 13 41 -98
v 13 41 310
s 13 42 -81
v 13 42 -92
v 13 43 161
s 13 44 -17
v 13 44 252
s 13 45 28
v 13 45 -94
s 13 46 -6
v 13 46 -47
s 13 47 -95
v 13 47 -361
s 13 48 -87
v 13 48 149
s 13 49 49
v 13 49 -337
s 13 50 -112
v 13 50 196
s 13 51 74
v 13 51 -88
s 13 52 49
v 13 52 8
s 13 53 82
v 13 53 -275
s 13 54 -79
v 13 54 66
s 13 55 56
v 13 55 115
s 13 56 60
v 13 56 -66
s 13 57 -10
v 13 57 281
s 13 58 51
v 13 58 -18
s 13 59 -14
s 13 60 14
v 13 60 -365
s 13 61 27
v 13 61 47
s 13 62 32
v 13 62 355
s 13 63 -9
v 13 63 108
s 13 64 179
v 13 64 -322
s 13 65 16
v 13 65 52
s 13 66 21
v 13 66 -16
s 13 67 -97
v 13 67 -434
s 13 68 40
v 13 68 719
s 13 69 -7
v 13 69 -40
s 13 70 176
v 13 70 16
s 13 71 -129
v 13 71 -296
s 13 72 -112
v 13 72 -125
s 13 73 34
v 13 73 -246
s 13 74 -41
v 13 74 263
s 13 75 -23
v 13 75 117
s 13 76 -61
v 13 76 74
s 13 77 -39
v 13 77 78
s 13 78 -24
v 13 78 240
s 13 79 12
v 13 79 -212
s 13 80 -45
v 13 80 220
s 13 81 51
v 13 81 15
s 13 82 16
v 13 82 -62
s 13 83 21
v 13 83 254
s 13 84 -228
v 13 84 315
s 13 85 -120
v 13 85 -336
s 13 86 -65
v 13 86 -274
s 13 87 -75
v 13 87 -160
s 13 88 -83
v 13 88 -38
v 13 89 -15
s 13 90 22
v 13 90 -255
s 13 91 -100
v 13 91 109
s 13 92 43
v 13 92 71
s 13 93 89
v 13 93 152
s 13 94 -29
v 13 94 -25
s 13 95 -27
v 13 95 147
s 13 96 -21
v 13 96 417
s 13 97 11
v 13 97 -137
s 13 98 -14
v 13 98 373
s 13 99 -101
v 13 99 323
s 13 100 26
v 13 100 124
s 13 101 46
v 13 101 -99
s 13 102 80
v 13 102 -51
s 13 103 27
v 13 103 -25
s 13 104 -39
v 13 104 -204
s 13 105 377
v 13 105 427
s 13 106 -28
v 13 106 88
s 13 107 63
v 13 107 -305
s 13 108 -258
v 13 108 141
s 13 109 82
v 13 109 38
s 13 110 102
v 13 110 132
s 13 111 34
v 13 111 -530
s 13 112 -119
v 13 112 -100
s 13 113 -61
v 13 113 29
s 13 114 34
v 13 114 -171
s 13 119 69
v 13 119 -78
v 13 120 -242
s 13 121 -282
v 13 121 -7
s 13 123 289
v 13 123 -200
s 13 126 -34
v 13 126 185
s 13 128 14
v 13 128 136
s 13 129 76
v 13 129 -145
s 13 131 128
v 13 131 104
s 13 135 76
v 13 135 -89
s 13 136 -67
v 13 136 298
v 13 137 -142
s 13 138 -86
v 13 138 -161
s 13 145 -23
v 13 145 -210
s 13 155 110
v 13 155 -52
s 14 15 -157
v 14 15 179
s 14 16 -92
v 14 16 151
s 14 17 -297
v 14 17 -172
s 14 18 93
v 14 18 -591
s 14 19 -294
v 14 19 -375
s 14 20 -240
v 14 20 -130
s 14 21 526
v 14 21 170
s 14 22 38
v 14 22 168
s 14 23 83
v 14 23 -307
s 14 25 271
v 14 25 249
s 14 26 -321
v 14 26 -94
s 14 27 450
v 14 27 222
s 14 28 -112
v 14 28 -919
s 14 29 -60
v 14 29 -160
s 14 30 -141
v 14 30 -143
s 14 31 444
v 14 31 95
s 14 32 -169
v 14 32 636
s 14 33 257
v 14 33 106
s 14 34 -110
v 14 34 444
s 14 35 570
v 14 35 643
s 14 36 313
v 14 36 786
s 14 37 286
v 14 37 -24
s 14 38 110
v 14 38 -340
s 14 39 -264
v 14 39 -576
s 14 40 244
v 14 40 227
s 14 41 -47
v 14 41 400
s 14 42 -135
v 14 42 -1102
s 14 43 31
v 14 43 83
s 14 44 -245
v 14 44 769
s 14 45 184
v 14 45 647
s 14 46 54
v 14 46 -37
s 14 47 295
v 14 47 379
s 14 48 15
v 14 48 506
s 14 49 -315
v 14 49 824
s 14 50 40
v 14 50 -71
s 14 51 -108
v 14 51 -212
s 14 52 17
v 14 52 -459
s 14 53 49
v 14 53 70
s 14 54 77
v 14 54 -124
s 14 55 -190
v 14 55 -7
s 14 56 -230
v 14 56 -20
s 14 57 179
v 14 57 -30
s 14 58 -300
v 14 58 12
s 14 59 17
v 14 59 83
s 14 60 -490
v 14 60 -234
s 14 61 -206
v 14 61 320
s 14 62 -212
v 14 62 24
s 14 63 -199
v 14 63 -498
s 14 64 443
v 14 64 149
s 14 65 -96
v 14 65 -25
s 14 66 -17
v 14 66 -143
s 14 67 -189
v 14 67 709
s 14 68 533
v 14 68 -268
s 14 69 -445
v 14 69 -585
s 14 70 -115
v 14 70 -1003
s 14 71 -604
v 14 71 538
s 14 72 215
v 14 72 92
s 14 73 -13
v 14 73 552
s 14 74 505
v 14 74 -172
s 14 75 494
v 14 75 -657
s 14 76 225
v 14 76 25
s 14 77 -29
v 14 77 51
s 14 78 19
v 14 78 53
s 14 79 56
v 14 79 219
s 14 80 -246
v 14 80 -223
s 14 81 -68
v 14 81 415
s 14 82 -81
v 14 82 -528
s 14 83 -58
v 14 83 -32
s 14 84 105
v 14 84 -73
s 14 85 -351
v 14 85 -312
s 14 86 260
v 14 86 37
s 14 87 128
v 14 87 -50
s 14 88 -211
v 14 88 273
s 14 89 42
v 14 89 -328
s 14 90 332
v 14 90 -336
s 14 91 -165
v 14 91 -259
s 14 92 -59
v 14 92 156
s 14 93 -234
v 14 93 -179
s 14 94 229
v 14 94 124
s 14 95 97
v 14 95 -311
s 14 96 -337
v 14 96 170
s 14 97 -185
v 14 97 -511
s 14 98 -119
v 14 98 213
s 14 99 -192
s 14 100 -319
v 14 100 168
s 14 101 449
v 14 101 -270
s 14 102 -28
v 14 102 -250
s 14 103 -63
v 14 103 -298
s 14 104 -802
v 14 104 913
s 14 105 200
v 14 105 50
s 14 106 -125
v 14 106 105
s 14 107 35
v 14 107 -89
s 14 108 157
v 14 108 457
s 14 109 -39
v 14 109 -514
s 14 110 474
v 14 110 292
s 14 111 -66
v 14 111 -45
s 14 112 -27
v 14 112 92
s 14 113 253
v 14 113 -206
v 14 114 -276
s 14 119 -41
v 14 119 542
s 14 120 -147
v 14 120 -333
s 14 121 374
v 14 121 -955
s 14 123 54
v 14 123 -386
s 14 126 -313
v 14 126 -365
s 14 128 308
v 14 128 -64
v 14 129 -14
s 14 131 242
v 14 131 -351
s 14 135 -301
v 14 135 -581
s 14 136 -158
v 14 136 -23
s 14 137 -85
v 14 137 -604
s 14 138 607
v 14 138 108
s 14 145 -263
v 14 145 25
s 14 155 5
v 14 155 -232
v 15 16 -225
s 15 17 60
v 15 17 -38
s 15 18 -49
v 15 18 310
s 15 19 181
v 15 19 183
s 15 20 32
v 15 20 383
s 15 21 232
v 15 21 373
s 15 22 36
v 15 22 123
s 15 23 -13
v 15 23 -16
s 15 25 -343
v 15 25 272
s 15 26 435
v 15 26 285
s 15 27 -186
v 15 27 -524
s 15 28 -30
v 15 28 22
s 15 29 -144
v 15 29 397
s 15 30 -124
v 15 30 10
s 15 31 -184
v 15 31 418
s 15 32 133
v 15 32 -137
s 15 33 -58
v 15 33 -43
s 15 34 6
v 15 34 10
s 15 35 -283
v 15 35 -416
s 15 36 -382
v 15 36 -145
s 15 37 -156
v 15 37 -291
s 15 38 -31
v 15 38 78
v 15 39 -524
s 15 40 -93
v 15 40 -122
s 15 41 198
v 15 41 -227
s 15 42 -53
v 15 42 -354
s 15 43 -101
v 15 43 -341
s 15 44 292
v 15 44 184
s 15 45 113
v 15 45 -91
s 15 46 -132
v 15 46 139
s 15 47 -5
v 15 47 -130
s 15 48 -147
v 15 48 390
s 15 49 143
v 15 49 -456
s 15 50 -115
v 15 50 143
s 15 51 -120
v 15 51 142
s 15 52 -58
v 15 52 49
s 15 53 22
v 15 53 -906
s 15 54 55
v 15 54 496
s 15 55 -14
v 15 55 -253
s 15 56 -75
v 15 56 145
s 15 57 56
v 15 57 130
s 15 58 -54
v 15 58 67
v 15 59 432
s 15 60 -33
v 15 60 -107
s 15 61 -121
v 15 61 -194
s 15 63 52
v 15 63 -196
s 15 64 -157
v 15 64 -49
s 15 65 -14
v 15 65 38
s 15 66 -19
v 15 66 45
s 15 67 -16
v 15 67 -231
s 15 68 -29
v 15 68 217
s 15 69 -20
v 15 69 95
s 15 70 -295
v 15 70 594
s 15 71 -78
v 15 71 296
s 15 72 -147
v 15 72 -68
s 15 73 34
v 15 73 -98
s 15 74 176
v 15 74 81
s 15 75 266
v 15 75 169
s 15 76 70
v 15 76 -57
v 15 77 41
s 15 78 100
v 15 78 -24
s 15 79 -51
v 15 79 -188
s 15 80 114
v 15 80 238
s 15 81 -72
v 15 81 -192
s 15 82 50
v 15 82 -62
s 15 83 -46
v 15 83 72
s 15 84 154
v 15 84 140
s 15 85 -98
v 15 85 293
s 15 86 126
v 15 86 763
s 15 87 274
v 15 87 -69
s 15 88 268
v 15 88 -71
s 15 89 -31
v 15 89 -160
s 15 90 -5
v 15 90 -241
s 15 91 161
v 15 91 102
s 15 92 8
v 15 92 80
s 15 93 249
v 15 93 198
s 15 94 -144
v 15 94 80
s 15 95 13
v 15 95 57
s 15 96 -85
v 15 96 367
s 15 97 -85
v 15 97 -333
s 15 98 -118
v 15 98 -267
s 15 99 43
v 15 99 -583
s 15 100 94
v 15 100 167
s 15 101 -102
v 15 101 399
s 15 102 146
v 15 102 207
s 15 103 45
v 15 103 -41
s 15 104 -42
v 15 104 403
s 15 105 -60
v 15 105 -478
s 15 106 11
v 15 106 -221
s 15 107 105
v 15 107 -117
s 15 108 128
v 15 108 149
s 15 109 62
v 15 109 -285
s 15 110 37
v 15 110 -241
s 15 111 -27
v 15 111 808
s 15 112 155
v 15 112 16
s 15 113 83
v 15 113 -106
v 15 114 -231
s 15 119 29
v 15 119 -308
s 15 120 96
v 15 120 192
s 15 121 -153
v 15 121 17
s 15 123 -65
v 15 123 -22
s 15 126 87
v 15 126 -551
s 15 128 -59
v 15 128 132
s 15 129 -60
v 15 129 256
v 15 131 -126
s 15 135 77
v 15 135 -140
s 15 136 -300
v 15 136 52
s 15 137 57
v 15 137 -76
s 15 138 -22
v 15 138 244
s 15 145 -43
v 15 145 148
s 15 155 -5
v 15 155 149
s 16 17 85
v 16 17 -51
s 16 18 81
v 16 18 114
s 16 19 -88
v 16 19 222
s 16 20 42
s 16 21 -149
v 16 21 292
s 16 22 121
v 16 22 77
s 16 23 51
v 16 23 -215
s 16 25 69
v 16 25 -361
s 16 26 -9
v 16 26 430
s 16 27 187
v 16 27 475
s 16 28 -79
v 16 28 -132
s 16 29 14
v 16 29 -25
s 16 30 158
v 16 30 -316
s 16 31 18
v 16 31 -28
v 16 32 123
s 16 33 -134
v 16 33 236
s 16 34 -37
s 16 35 -23
v 16 35 -47
s 16 36 -20
v 16 36 -13
s 16 37 -45
v 16 37 138
s 16 38 61
v 16 38 28
s 16 39 -26
v 16 39 -312
s 16 40 -44
v 16 40 63
s 16 41 -45
v 16 41 124
s 16 42 153
v 16 42 -116
s 16 43 -102
v 16 43 -415
s 16 44 51
v 16 44 -84
s 16 45 40
v 16 45 -380
s 16 46 41
v 16 46 138
s 16 47 42
v 16 47 221
v 16 48 214
s 16 49 30
v 16 49 -41
s 16 50 109
v 16 50 175
s 16 51 -57
v 16 51 414
s 16 52 29
v 16 52 82
s 16 53 44
v 16 53 35
s 16 54 71
v 16 54 -135
s 16 55 11
v 16 55 -60
s 16 56 -9
v 16 56 -43
s 16 57 -28
v 16 57 41
s 16 58 -39
v 16 58 -260
s 16 59 38
v 16 59 -84
s 16 60 62
v 16 60 -138
s 16 61 81
v 16 61 -17
s 16 62 -148
v 16 62 -53
s 16 63 121
v 16 63 -153
s 16 64 73
v 16 64 117
s 16 65 20
v 16 65 -33
s 16 66 -13
v 16 66 -11
s 16 67 -117
v 16 67 -232
s 16 68 -26
v 16 68 104
s 16 69 -8
v 16 69 -253
s 16 70 74
v 16 70 56
s 16 71 -12
v 16 71 468
s 16 72 -72
v 16 72 293
s 16 73 32
v 16 73 -108
s 16 74 -173
v 16 74 357
s 16 75 -105
v 16 75 31
s 16 76 -63
v 16 76 495
v 16 77 121
s 16 78 35
v 16 78 -23
s 16 79 -55
v 16 79 55
s 16 80 -45
v 16 80 -166
s 16 81 68
v 16 81 366
v 16 82 -50
s 16 83 -122
v 16 83 42
s 16 84 -134
s 16 85 20
v 16 85 -153
s 16 86 102
v 16 86 -259
s 16 87 183
v 16 87 188
s 16 88 -77
v 16 88 82
s 16 89 22
s 16 90 -85
v 16 90 -13
s 16 91 -48
v 16 91 44
v 16 92 59
s 16 93 223
v 16 93 -117
s 16 94 126
v 16 94 121
s 16 95 -130
v 16 95 -295
s 16 96 32
v 16 96 -204
s 16 97 -69
v 16 97 -77
s 16 98 -23
v 16 98 -335
s 16 99 16
v 16 99 178
s 16 100 -40
v 16 100 40
s 16 101 -48
v 16 101 307
s 16 102 14
v 16 102 -22
v 16 103 -6
s 16 104 -23
v 16 104 91
s 16 105 125
v 16 105 -132
s 16 106 -94
v 16 106 -41
s 16 107 -86
v 16 107 22
s 16 108 74
v 16 108 -191
s 16 109 57
v 16 109 180
s 16 110 -105
v 16 110 -166
s 16 111 93
v 16 111 -148
s 16 112 -245
v 16 112 65
s 16 113 119
v 16 113 17
s 16 114 -79
v 16 114 35
s 16 119 -42
v 16 119 63
s 16 120 -68
v 16 120 11
s 16 121 -18
v 16 121 22
s 16 123 121
v 16 123 -483
s 16 126 45
v 16 126 -56
s 16 128 -88
v 16 128 36
s 16 129 -121
v 16 129 11
s 16 131 -20
v 16 131 -322
v 16 135 -447
s 16 136 -51
v 16 136 57
s 16 137 57
v 16 137 34
s 16 138 106
v 16 138 -67
s 16 145 14
v 16 145 -113
s 16 155 50
v 16 155 -97
s 17 18 12
v 17 18 69
s 17 19 -165
v 17 19 -250
s 17 20 -52
v 17 20 217
s 17 21 69
v 17 21 -325
v 17 22 76
s 17 23 -59
v 17 23 -439
s 17 25 40
v 17 25 -206
s 17 26 157
v 17 26 -193
s 17 27 -138
v 17 27 -250
s 17 28 52
v 17 28 6
s 17 29 116
v 17 29 88
s 17 30 -140
v 17 30 -325
s 17 31 -88
v 17 31 21
s 17 32 -36
v 17 32 -78
s 17 33 108
v 17 33 121
s 17 34 -21
v 17 34 -91
s 17 35 -15
v 17 35 965
s 17 36 -154
v 17 36 43
s 17 37 -243
v 17 37 -15
s 17 38 20
v 17 38 147
s 17 39 -58
v 17 39 123
s 17 40 158
v 17 40 330
s 17 41 -152
v 17 41 -39
s 17 42 21
v 17 42 -292
s 17 43 -10
v 17 43 -413
s 17 44 94
v 17 44 246
s 17 45 109
v 17 45 395
s 17 46 189
v 17 46 -165
s 17 47 221
v 17 47 30
s 17 48 -142
v 17 48 -45
s 17 49 165
v 17 49 -79
s 17 50 -109
v 17 50 58
s 17 51 104
v 17 51 327
s 17 52 20
v 17 52 -50
s 17 53 50
v 17 53 406
s 17 54 45
v 17 54 -133
v 17 55 -18
s 17 56 124
v 17 56 281
s 17 57 12
v 17 57 -316
s 17 58 -34
v 17 58 -81
s 17 59 -57
v 17 59 258
s 17 60 -82
v 17 60 -211
v 17 61 -66
s 17 62 159
v 17 62 287
s 17 63 -109
v 17 63 -6
v 17 64 180
s 17 65 83
v 17 65 -74
s 17 66 58
v 17 66 33
s 17 67 -170
v 17 67 -129
s 17 68 85
v 17 68 107
s 17 69 -171
v 17 69 -262
s 17 70 -167
v 17 70 396
s 17 71 -24
v 17 71 -74
s 17 72 -46
v 17 72 263
s 17 73 -13
v 17 73 58
s 17 74 -12
v 17 74 375
s 17 75 32
v 17 75 -312
s 17 76 -110
v 17 76 -65
s 17 77 -34
v 17 77 -36
s 17 78 37
v 17 78 184
s 17 79 -31
v 17 79 204
s 17 80 -61
v 17 80 202
s 17 81 -13
v 17 81 -57
s 17 82 20
v 17 82 -134
s 17 83 18
v 17 83 -339
s 17 84 -142
v 17 84 -403
s 17 85 223
v 17 85 -508
s 17 86 125
v 17 86 301
v 17 87 149
s 17 88 -100
v 17 88 -155
s 17 89 23
v 17 89 -57
s 17 90 15
v 17 90 319
v 17 91 -90
s 17 92 -25
v 17 92 -121
s 17 93 -207
v 17 93 -64
v 17 94 -64
s 17 95 87
v 17 95 7
s 17 96 64
v 17 96 -178
s 17 97 345
v 17 97 -207
s 17 98 -81
v 17 98 -281
s 17 99 -139
v 17 99 221
s 17 100 152
v 17 100 226
s 17 101 -138
v 17 101 280
s 17 102 52
v 17 102 57
s 17 103 27
v 17 103 203
s 17 104 -53
v 17 104 -66
s 17 105 -222
v 17 105 12
v 17 106 -159
s 17 107 -60
v 17 107 -52
s 17 108 -156
v 17 108 23
s 17 109 -164
v 17 109 -217
s 17 110 -19
v 17 110 -116
s 17 111 -98
v 17 111 -143
s 17 112 -250
v 17 112 -63
s 17 113 -106
v 17 113 -108
s 17 114 32
v 17 114 -19
s 17 119 29
v 17 119 471
s 17 120 22
v 17 120 -46
s 17 121 -21
v 17 121 -78
s 17 123 187
v 17 123 75
s 17 126 34
v 17 126 -182
s 17 128 -138
v 17 128 367
s 17 129 125
v 17 129 -17
s 17 131 240
v 17 131 189
s 17 135 517
v 17 135 395
s 17 136 -149
v 17 136 -256
v 17 137 263
s 17 138 129
v 17 138 -132
s 17 145 17
v 17 145 -280
s 17 155 -101
v 17 155 114
s 18 19 44
v 18 19 -98
s 18 20 -182
v 18 20 -350
s 18 21 177
v 18 21 -32
s 18 22 -75
v 18 22 42
s 18 23 -174
v 18 23 -46
s 18 25 -181
v 18 25 -39
s 18 26 -127
v 18 26 -255
s 18 27 -43
v 18 27 -418
s 18 28 -31
v 18 28 -1015
s 18 29 -276
v 18 29 389
s 18 30 -262
v 18 30 292
s 18 31 59
v 18 31 -25
s 18 32 258
v 18 32 109
v 18 33 303
s 18 34 -257
v 18 34 -65
s 18 35 -203
v 18 35 168
s 18 36 327
v 18 36 259
s 18 37 -235
v 18 37 154
s 18 38 74
v 18 38 97
s 18 39 96
v 18 39 77
s 18 40 149
v 18 40 157
s 18 41 -80
v 18 41 373
s 18 42 80
v 18 42 -308
s 18 43 -153
v 18 43 136
s 18 44 -88
v 18 44 7
s 18 45 -111
v 18 45 -223
s 18 46 -186
v 18 46 -236
s 18 47 92
v 18 47 50
s 18 48 -256
v 18 48 -123
s 18 49 -42
v 18 49 -224
s 18 50 146
v 18 50 -29
s 18 51 142
v 18 51 245
s 18 52 -104
v 18 52 538
s 18 53 -268
v 18 53 349
s 18 54 -177
v 18 54 -269
s 18 55 -237
v 18 55 752
s 18 56 -50
v 18 56 -192
s 18 57 102
v 18 57 -111
s 18 58 -142
v 18 58 -62
s 18 59 18
v 18 59 -176
s 18 60 80
v 18 60 -73
s 18 61 -103
v 18 61 90
s 18 62 179
v 18 62 -53
s 18 63 36
v 18 63 -426
s 18 64 224
v 18 64 -264
s 18 65 -31
v 18 65 74
s 18 66 40
v 18 66 49
s 18 67 -95
v 18 67 -96
v 18 68 -176
s 18 69 39
v 18 69 -460
s 18 70 -57
v 18 70 -583
s 18 71 -10
v 18 71 -368
s 18 72 -191
v 18 72 -204
s 18 73 -24
v 18 73 -311
s 18 74 -210
v 18 74 5
s 18 75 205
v 18 75 -309
s 18 76 235
v 18 76 -304
s 18 77 146
v 18 77 -86
s 18 78 -104
v 18 78 -101
s 18 79 49
v 18 79 -197
s 18 80 -96
v 18 80 -322
s 18 81 -44
v 18 81 442
s 18 82 110
v 18 82 294
s 18 83 14
v 18 83 -199
s 18 84 131
v 18 84 -857
s 18 85 35
v 18 85 237
s 18 86 244
v 18 86 -277
s 18 87 225
v 18 87 41
s 18 88 159
v 18 88 271
s 18 89 -11
v 18 89 71
s 18 90 -36
v 18 90 -84
s 18 91 -44
v 18 91 -333
v 18 92 -220
s 18 93 -45
v 18 93 237
s 18 94 -26
v 18 94 93
s 18 95 -73
v 18 95 -438
s 18 96 160
v 18 96 491
s 18 97 -18
v 18 97 35
s 18 98 51
v 18 98 -469
s 18 99 -37
v 18 99 -105
s 18 100 74
v 18 100 -146
s 18 101 256
v 18 101 682
s 18 102 144
v 18 102 297
s 18 103 116
v 18 103 -330
s 18 104 187
s 18 105 -81
v 18 105 -323
s 18 106 256
v 18 106 -169
s 18 107 -173
v 18 107 614
s 18 108 -65
v 18 108 393
s 18 109 -112
v 18 109 -473
s 18 110 27
v 18 110 -321
s 18 111 164
v 18 111 189
s 18 112 135
v 18 112 -394
s 18 113 79
v 18 113 -260
s 18 114 -12
v 18 114 -440
s 18 119 -156
v 18 119 54
s 18 120 -126
v 18 120 -433
s 18 121 245
v 18 121 687
s 18 123 135
v 18 123 262
s 18 126 -209
v 18 126 544
s 18 128 -111
v 18 128 433
s 18 129 48
v 18 129 402
s 18 131 181
v 18 131 285
s 18 135 344
v 18 135 253
s 18 136 -12
v 18 136 279
s 18 137 -27
v 18 137 405
s 18 138 -122
v 18 138 -103
s 18 145 77
v 18 145 166
s 18 155 -74
v 18 155 46
s 19 20 56
v 19 20 -102
s 19 21 -388
s 19 22 -272
v 19 22 28
s 19 23 -48
v 19 23 -28
s 19 25 35
v 19 25 -126
s 19 26 -335
v 19 26 -150
s 19 27 -218
v 19 27 -326
s 19 28 -140
v 19 28 -151
s 19 29 214
v 19 29 12
s 19 30 109
v 19 30 182
s 19 31 -170
v 19 31 -279
s 19 32 87
v 19 32 -96
s 19 33 -43
v 19 33 35
s 19 34 208
v 19 34 -551
s 19 35 149
v 19 35 35
s 19 36 761
v 19 36 -358
s 19 37 -46
v 19 37 -107
s 19 38 18
v 19 38 126
v 19 39 -190
s 19 40 -23
v 19 40 -418
s 19 41 111
v 19 41 395
s 19 42 308
v 19 42 -57
s 19 43 -21
v 19 43 -168
s 19 44 136
v 19 44 66
s 19 45 -58
v 19 45 13
s 19 46 191
v 19 46 -338
s 19 47 -74
v 19 47 -91
v 19 48 -125
s 19 49 170
v 19 49 -421
s 19 50 -104
v 19 50 -172
s 19 51 -14
v 19 51 97
s 19 53 219
v 19 53 -705
s 19 54 114
v 19 54 -630
s 19 55 21
v 19 55 25
s 19 56 118
v 19 56 135
s 19 57 -54
v 19 57 90
s 19 58 24
s 19 59 43
v 19 59 125
s 19 60 49
v 19 60 231
s 19 61 -49
v 19 61 81
s 19 62 90
v 19 62 -192
s 19 63 52
v 19 63 79
s 19 64 16
v 19 64 420
s 19 65 -47
v 19 65 149
s 19 66 13
v 19 66 -82
s 19 67 -137
v 19 67 -47
s 19 68 18
v 19 68 94
s 19 69 73
v 19 69 7
s 19 70 100
v 19 70 113
s 19 71 28
v 19 71 228
s 19 72 62
v 19 72 -534
s 19 73 -14
v 19 73 -41
s 19 74 -107
v 19 74 -180
s 19 75 233
v 19 75 -133
s 19 76 45
v 19 76 269
s 19 77 39
s 19 78 -29
v 19 78 87
s 19 79 -195
v 19 79 -12
s 19 80 -26
s 19 81 -14
v 19 81 -43
s 19 82 -23
v 19 82 120
s 19 83 56
v 19 83 26
s 19 84 407
v 19 84 374
s 19 85 -65
v 19 85 -306
s 19 86 -134
v 19 86 86
s 19 87 -37
v 19 87 -158
s 19 88 -410
v 19 88 -100
s 19 89 27
v 19 89 -116
s 19 90 -73
v 19 90 -76
s 19 91 51
v 19 91 142
s 19 92 -53
v 19 92 385
s 19 93 79
v 19 93 288
s 19 94 24
v 19 94 135
s 19 95 8
v 19 95 153
s 19 96 -83
v 19 96 -369
s 19 97 120
v 19 97 664
s 19 98 -17
v 19 98 -169
s 19 99 -44
v 19 99 298
s 19 100 179
v 19 100 -12
s 19 101 -76
v 19 101 373
s 19 102 128
v 19 102 157
s 19 103 -9
v 19 103 -160
s 19 104 -37
v 19 104 46
s 19 105 -84
v 19 105 171
s 19 106 36
v 19 106 -76
s 19 107 -126
v 19 107 -446
s 19 108 -23
v 19 108 -211
s 19 109 125
v 19 109 149
s 19 110 -44
v 19 110 161
s 19 111 -106
v 19 111 348
s 19 112 68
v 19 112 -369
s 19 113 56
v 19 113 -161
s 19 114 116
v 19 114 -46
s 19 119 17
v 19 119 310
s 19 120 302
v 19 120 -184
s 19 121 -232
v 19 121 -352
s 19 123 -179
v 19 123 251
s 19 126 -29
v 19 126 197
s 19 128 -39
v 19 128 359
s 19 129 -236
v 19 129 170
s 19 131 -105
v 19 131 132
s 19 135 85
v 19 135 469
s 19 136 31
v 19 136 22
s 19 137 52
v 19 137 169
s 19 138 116
v 19 138 -57
s 19 145 121
v 19 145 -191
s 19 155 79
v 19 155 -219
s 20 21 88
s 20 22 -230
v 20 22 -72
s 20 23 116
v 20 23 153
s 20 25 66
v 20 25 519
s 20 26 -48
v 20 26 377
s 20 27 -304
v 20 27 -763
s 20 28 54
v 20 28 612
s 20 29 122
v 20 29 -680
s 20 30 -193
v 20 30 -86
s 20 31 223
v 20 31 53
v 20 32 93
s 20 33 -88
v 20 33 -486
s 20 34 -115
v 20 34 517
s 20 35 602
v 20 35 129
s 20 36 -239
v 20 36 -329
s 20 37 264
v 20 37 119
s 20 38 203
v 20 38 -165
s 20 39 130
v 20 39 405
s 20 40 -173
v 20 40 -483
s 20 41 -227
v 20 41 207
s 20 42 363
v 20 42 -374
s 20 43 11
v 20 43 -226
s 20 44 -82
v 20 44 -13
s 20 45 -62
v 20 45 273
s 20 46 238
v 20 46 20
s 20 47 -78
v 20 47 -470
s 20 48 124
v 20 48 37
s 20 49 270
v 20 49 -838
s 20 50 215
v 20 50 54
s 20 51 -20
v 20 51 295
s 20 52 25
v 20 52 13
s 20 53 85
v 20 53 93
s 20 54 -332
v 20 54 -624
s 20 55 -150
v 20 55 9
s 20 56 196
v 20 56 656
s 20 57 207
v 20 57 -195
s 20 58 -7
s 20 59 -34
v 20 59 500
s 20 60 41
v 20 60 260
s 20 61 -17
v 20 61 -237
s 20 62 -217
v 20 62 364
s 20 63 86
v 20 63 -16
s 20 64 -121
v 20 64 -313
s 20 65 24
v 20 65 -92
s 20 66 -33
v 20 66 39
s 20 67 -122
v 20 67 -557
s 20 68 33
v 20 68 -20
s 20 69 -327
v 20 69 -29
s 20 70 -221
v 20 70 127
s 20 71 -252
v 20 71 380
s 20 72 135
v 20 72 -146
s 20 73 -14
v 20 73 -81
s 20 74 -51
v 20 74 211
s 20 75 187
v 20 75 134
s 20 76 -160
v 20 76 648
s 20 77 -14
v 20 77 65
s 20 78 -22
v 20 78 -113
s 20 79 65
v 20 79 321
s 20 80 42
v 20 80 290
s 20 81 68
v 20 81 -235
s 20 82 -56
v 20 82 11
s 20 83 7
v 20 83 -39
s 20 84 70
v 20 84 168
s 20 85 82
v 20 85 -228
s 20 86 201
v 20 86 -640
s 20 87 32
v 20 87 -67
s 20 88 -90
v 20 88 150
s 20 89 84
v 20 89 25
s 20 90 -115
s 20 91 -185
v 20 91 367
s 20 92 -40
v 20 92 54
v 20 93 -62
s 20 94 46
v 20 94 16
s 20 95 -144
v 20 95 192
s 20 96 -92
v 20 96 96
s 20 97 156
v 20 97 193
s 20 98 -138
v 20 98 -188
s 20 99 27
v 20 99 -230
s 20 100 72
v 20 100 312
s 20 101 -124
v 20 101 230
s 20 102 18
v 20 102 177
v 20 103 20
s 20 104 287
v 20 104 288
s 20 105 179
v 20 105 -35
s 20 106 -44
v 20 106 463
s 20 107 185
v 20 107 -368
s 20 108 -72
v 20 108 -237
s 20 109 20
v 20 109 -147
s 20 110 -115
v 20 110 -99
s 20 111 -151
v 20 111 513
s 20 112 -198
v 20 112 -316
s 20 113 81
v 20 113 -275
s 20 114 -107
v 20 114 -192
s 20 119 107
v 20 119 -42
s 20 120 60
v 20 120 80
s 20 121 139
v 20 121 167
s 20 123 -193
v 20 123 340
s 20 126 -90
v 20 126 -241
s 20 128 220
v 20 128 -523
s 20 129 15
v 20 129 -197
s 20 131 83
v 20 131 173
s 20 135 131
v 20 135 -134
s 20 136 -15
v 20 136 37
s 20 137 -211
v 20 137 171
s 20 138 111
v 20 138 215
v 20 145 -15
s 20 155 -59
v 20 155 176
s 21 22 -151
v 21 22 -472
s 21 23 -46
v 21 23 -28
s 21 25 119
v 21 25 749
s 21 26 -204
v 21 26 -447
s 21 27 -258
v 21 27 -288
s 21 28 41
v 21 28 28
s 21 29 358
v 21 29 -419
s 21 30 367
v 21 30 71
s 21 31 227
v 21 31 -580
s 21 32 135
v 21 32 -268
s 21 33 71
v 21 33 -345
s 21 34 46
v 21 34 113
s 21 35 -68
v 21 35 -107
s 21 36 86
v 21 36 -172
s 21 37 126
v 21 37 78
s 21 38 -17
v 21 38 -75
s 21 39 -145
v 21 39 -534
s 21 40 -180
v 21 40 57
s 21 41 294
v 21 41 -396
s 21 42 -78
v 21 42 269
s 21 43 89
v 21 43 828
s 21 44 -458
v 21 44 -496
s 21 45 -23
v 21 45 182
s 21 46 87
v 21 46 154
s 21 47 -194
v 21 47 932
s 21 48 -47
v 21 48 -295
s 21 49 -104
v 21 49 -307
s 21 50 387
v 21 50 87
s 21 51 -22
v 21 51 -180
s 21 52 12
v 21 52 497
s 21 53 -336
v 21 53 -324
s 21 54 -42
v 21 54 -171
s 21 55 117
v 21 55 442
s 21 56 -143
v 21 56 200
s 21 57 63
v 21 57 50
s 21 58 46
v 21 58 335
s 21 59 -324
v 21 59 -130
s 21 60 80
v 21 60 -138
s 21 61 26
v 21 61 -146
s 21 62 136
v 21 62 166
s 21 63 -137
v 21 63 139
s 21 64 -192
v 21 64 600
s 21 65 30
v 21 65 -36
s 21 66 24
v 21 66 -147
s 21 67 238
v 21 67 -227
s 21 68 429
v 21 68 651
s 21 69 303
v 21 69 -131
s 21 70 -18
v 21 70 116
s 21 71 -326
v 21 71 -250
s 21 72 -181
v 21 72 463
s 21 73 52
v 21 73 461
s 21 74 -275
v 21 74 82
s 21 75 -46
v 21 75 608
s 21 76 -27
v 21 76 -304
s 21 77 -59
v 21 77 -135
s 21 78 108
v 21 78 -65
s 21 79 117
v 21 79 -146
s 21 80 234
v 21 80 -30
s 21 81 187
v 21 81 282
s 21 82 64
v 21 82 -133
s 21 83 110
v 21 83 432
s 21 84 -19
v 21 84 -445
s 21 85 148
v 21 85 845
s 21 86 7
v 21 86 6
s 21 87 433
v 21 87 117
s 21 88 -23
v 21 88 -495
s 21 89 144
v 21 89 332
s 21 90 141
v 21 90 325
s 21 91 105
v 21 91 21
s 21 92 -139
v 21 92 -79
s 21 93 357
v 21 93 235
s 21 94 -101
v 21 94 12
s 21 95 5
v 21 95 89
s 21 96 121
v 21 96 -92
s 21 97 -172
v 21 97 376
s 21 98 -46
v 21 98 296
s 21 99 -119
v 21 99 -38
s 21 100 192
v 21 100 82
s 21 101 -118
v 21 101 277
s 21 102 162
v 21 102 -29
s 21 103 11
v 21 103 -29
s 21 104 -8
v 21 104 -302
s 21 105 68
v 21 105 -351
s 21 106 279
v 21 106 -351
s 21 107 -31
v 21 107 -73
s 21 108 -118
v 21 108 279
s 21 109 -427
v 21 109 -426
s 21 110 36
v 21 110 37
s 21 111 203
v 21 111 -279
s 21 112 -221
v 21 112 223
s 21 113 -35
v 21 113 -222
s 21 114 -57
v 21 114 196
s 21 119 172
v 21 119 -297
s 21 120 -272
v 21 120 206
s 21 121 -21
v 21 121 -217
s 21 123 -101
v 21 123 532
s 21 126 -259
v 21 126 -234
s 21 128 -132
v 21 128 240
s 21 129 -103
v 21 129 -721
s 21 131 -568
v 21 131 476
s 21 135 359
v 21 135 296
s 21 136 72
v 21 136 155
s 21 137 -23
v 21 137 -219
s 21 138 48
v 21 138 621
s 21 145 -29
v 21 145 -236
s 21 155 -38
v 21 155 182
s 22 23 50
v 22 23 -162
s 22 25 561
v 22 25 -189
s 22 26 345
v 22 26 -153
s 22 27 -392
v 22 27 186
s 22 28 5
v 22 28 385
s 22 29 -101
v 22 29 -371
s 22 30 292
v 22 30 -406
s 22 31 -70
v 22 31 -194
s 22 32 236
v 22 32 708
s 22 33 145
v 22 33 32
s 22 34 -10
v 22 34 -296
s 22 35 14
v 22 35 562
s 22 36 -263
v 22 36 -132
s 22 37 -238
v 22 37 -262
s 22 38 -49
v 22 38 -319
s 22 39 657
v 22 39 120
s 22 40 -346
v 22 40 392
s 22 41 202
v 22 41 -387
s 22 42 196
v 22 42 -555
s 22 43 12
v 22 43 -115
s 22 44 279
v 22 44 -339
s 22 45 40
v 22 45 -12
s 22 46 83
v 22 46 -218
s 22 47 220
v 22 47 -308
s 22 48 57
v 22 48 431
s 22 49 -107
v 22 49 200
s 22 50 24
v 22 50 -186
s 22 51 15
v 22 51 -86
s 22 52 -176
v 22 52 81
s 22 53 392
v 22 53 502
s 22 54 63
v 22 54 -733
s 22 55 -20
v 22 55 70
v 22 56 386
s 22 57 -52
v 22 57 -467
s 22 58 37
v 22 58 -359
s 22 59 68
s 22 60 -18
v 22 60 -44
s 22 61 -89
v 22 61 -140
s 22 62 -15
v 22 62 -93
s 22 63 139
v 22 63 140
s 22 64 -153
v 22 64 -264
s 22 65 36
v 22 65 -223
s 22 66 23
v 22 66 37
s 22 67 256
v 22 67 117
s 22 68 -18
v 22 68 218
s 22 69 -34
v 22 69 13
s 22 70 -228
v 22 70 524
s 22 71 95
v 22 71 -264
s 22 72 -80
v 22 72 -63
s 22 73 -45
v 22 73 109
s 22 74 223
v 22 74 -20
s 22 75 -226
v 22 75 -409
s 22 76 392
s 22 77 159
v 22 77 106
s 22 78 -80
v 22 78 86
s 22 79 109
v 22 79 -204
s 22 80 -9
v 22 80 56
s 22 81 -76
v 22 81 -71
s 22 82 -57
v 22 82 -27
s 22 83 163
v 22 83 -61
s 22 84 -6
v 22 84 -8
s 22 85 -371
v 22 85 -52
s 22 86 123
v 22 86 424
s 22 87 -62
v 22 87 -176
s 22 88 -14
v 22 88 136
s 22 89 -37
v 22 89 23
s 22 90 -24
v 22 90 203
s 22 91 -33
v 22 91 -280
s 22 92 -17
v 22 92 -6
s 22 93 -315
v 22 93 336
s 22 94 52
v 22 94 -376
s 22 95 135
v 22 95 226
s 22 96 -182
v 22 96 -360
s 22 97 235
v 22 97 -42
s 22 98 264
v 22 98 337
s 22 99 136
v 22 99 -84
s 22 100 -135
v 22 100 -74
s 22 101 -63
v 22 101 -159
s 22 102 -136
v 22 102 -383
s 22 103 -33
v 22 103 116
s 22 104 267
v 22 104 377
s 22 105 122
v 22 105 309
s 22 106 6
v 22 106 -126
s 22 107 -171
v 22 107 -461
s 22 108 26
v 22 108 454
s 22 109 -298
v 22 109 197
s 22 110 -12
v 22 110 381
s 22 111 -5
v 22 111 -231
s 22 112 -210
v 22 112 18
s 22 113 72
v 22 113 -115
s 22 114 -182
v 22 114 12
v 22 119 -194
s 22 120 -172
v 22 120 -109
s 22 121 102
v 22 121 97
s 22 123 -603
v 22 123 790
s 22 126 -46
v 22 126 -404
s 22 128 -273
v 22 128 241
s 22 129 -89
v 22 129 -261
s 22 131 -102
v 22 131 301
s 22 135 170
v 22 135 -240
s 22 136 -23
v 22 136 -317
s 22 137 53
v 22 137 369
s 22 138 237
v 22 138 307
s 22 145 83
v 22 145 183
s 22 155 -301
v 22 155 -139
s 23 25 -20
v 23 25 189
s 23 26 127
v 23 26 269
s 23 27 71
v 23 27 615
s 23 28 -117
v 23 28 14
s 23 29 78
v 23 29 147
s 23 30 84
v 23 30 82
s 23 31 -178
v 23 31 -284
s 23 32 96
v 23 32 6
s 23 33 -98
v 23 33 -33
s 23 34 23
v 23 34 45
s 23 35 44
v 23 35 -336
s 23 36 -36
v 23 36 -363
s 23 37 -105
v 23 37 -53
s 23 38 21
v 23 38 129
s 23 39 -9
v 23 39 -197
s 23 40 144
v 23 40 -338
s 23 41 -12
v 23 41 -45
s 23 42 8
v 23 42 385
s 23 43 -25
v 23 43 -90
s 23 44 284
v 23 44 255
s 23 45 -11
v 23 45 174
s 23 46 -161
v 23 46 291
s 23 47 78
v 23 47 -261
s 23 48 -7
v 23 48 39
s 23 49 -207
v 23 49 -164
s 23 50 206
v 23 50 -142
s 23 51 26
v 23 51 339
s 23 52 -15
v 23 52 193
s 23 53 185
v 23 53 278
s 23 54 144
v 23 54 -561
s 23 55 20
v 23 55 -23
s 23 56 112
v 23 56 -112
s 23 57 62
v 23 57 -100
s 23 58 108
v 23 58 264
s 23 59 -11
v 23 59 -137
s 23 60 -41
v 23 60 35
s 23 61 -14
v 23 61 88
s 23 62 -202
v 23 62 -56
s 23 63 166
v 23 63 134
s 23 64 189
v 23 64 -69
s 23 65 -27
v 23 65 -79
s 23 66 8
v 23 66 -90
s 23 67 228
v 23 67 249
s 23 68 294
v 23 68 -254
s 23 69 -22
v 23 69 -203
s 23 70 -130
v 23 70 -50
s 23 71 209
v 23 71 -721
s 23 72 103
v 23 72 -109
s 23 73 -62
v 23 73 224
s 23 74 -151
v 23 74 61
s 23 75 139
v 23 75 572
s 23 76 -128
v 23 76 -564
s 23 77 -40
v 23 77 114
s 23 78 -21
v 23 78 15
s 23 79 -13
v 23 79 56
s 23 80 -132
s 23 81 91
v 23 81 167
s 23 82 -76
v 23 82 196
s 23 83 -90
v 23 83 47
s 23 84 345
v 23 84 78
s 23 85 135
v 23 85 -30
s 23 86 -377
v 23 86 -155
s 23 87 -99
v 23 87 190
s 23 88 164
v 23 88 62
s 23 89 -58
v 23 89 -18
s 23 90 -61
v 23 90 -265
s 23 91 18
v 23 91 386
s 23 92 11
v 23 92 125
s 23 93 268
v 23 93 -129
s 23 94 70
v 23 94 -73
v 23 95 6
s 23 96 -88
v 23 96 -211
s 23 97 -186
v 23 97 -102
s 23 98 -28
v 23 98 -365
s 23 99 -134
v 23 99 -124
s 23 100 -74
v 23 100 156
s 23 101 12
v 23 101 348
s 23 102 129
v 23 102 15
s 23 103 -44
s 23 104 -73
v 23 104 170
s 23 105 -304
v 23 105 -181
s 23 106 -132
v 23 106 -302
s 23 107 30
v 23 107 -109
s 23 108 -49
v 23 108 -350
s 23 109 -29
v 23 109 259
s 23 110 -94
v 23 110 -243
s 23 111 131
v 23 111 -462
s 23 112 -72
v 23 112 194
v 23 113 125
s 23 114 -178
v 23 114 220
s 23 119 103
v 23 119 -19
s 23 120 -69
v 23 120 189
s 23 121 -114
v 23 121 -455
s 23 123 -330
v 23 123 -310
s 23 126 -83
v 23 126 -381
s 23 128 67
v 23 128 -25
s 23 129 97
v 23 129 143
s 23 131 48
v 23 131 -383
s 23 135 -119
v 23 135 160
s 23 136 24
v 23 136 -44
s 23 137 -75
v 23 137 160
s 23 138 -28
v 23 138 48
s 23 145 57
v 23 145 170
s 23 155 -37
v 23 155 135
s 25 26 307
v 25 26 -465
s 25 27 69
v 25 27 726
s 25 28 -56
v 25 28 108
v 25 29 -426
s 25 30 -50
v 25 30 -237
s 25 31 -282
v 25 31 -255
s 25 32 39
v 25 32 207
s 25 33 126
v 25 33 -496
s 25 34 43
v 25 34 -186
s 25 35 -389
v 25 35 -695
s 25 36 -54
v 25 36 337
s 25 37 257
v 25 37 97
s 25 38 -88
v 25 38 -40
s 25 39 -98
v 25 39 -202
s 25 40 418
v 25 40 -22
s 25 41 526
v 25 41 -240
s 25 42 326
v 25 42 -68
s 25 43 -73
v 25 43 628
s 25 44 26
v 25 44 -163
s 25 45 72
v 25 45 -55
s 25 46 -29
v 25 46 142
v 25 47 279
s 25 48 309
v 25 48 -29
s 25 49 52
v 25 49 -366
s 25 50 -101
v 25 50 -556
s 25 51 -86
v 25 51 273
s 25 52 98
v 25 52 69
s 25 53 232
v 25 53 89
s 25 54 600
v 25 54 -417
s 25 55 93
v 25 55 160
s 25 56 -28
v 25 56 -458
s 25 57 -6
v 25 57 -439
s 25 58 -98
v 25 58 -382
s 25 59 -134
v 25 59 19
s 25 60 -54
v 25 60 -54
s 25 61 135
v 25 61 51
s 25 62 237
v 25 62 80
s 25 63 33
v 25 63 -122
s 25 64 -210
s 25 65 -80
v 25 65 -218
v 25 66 153
s 25 67 266
v 25 67 158
s 25 68 -106
v 25 68 -17
v 25 69 974
s 25 70 -85
v 25 70 -111
s 25 71 421
v 25 71 -265
s 25 72 -20
v 25 72 -231
s 25 73 -167
v 25 73 -24
s 25 74 -128
v 25 74 -964
s 25 75 -81
v 25 75 -34
s 25 76 -200
v 25 76 -453
s 25 77 5
v 25 77 30
s 25 78 -56
v 25 78 339
s 25 79 -12
v 25 79 90
v 25 80 217
s 25 81 -86
v 25 81 -178
s 25 82 14
v 25 82 -15
s 25 83 -35
v 25 83 -237
v 25 84 -101
s 25 85 23
v 25 85 288
s 25 86 -96
v 25 86 487
s 25 87 51
v 25 87 198
s 25 88 -69
v 25 88 257
s 25 89 63
v 25 89 84
s 25 90 -115
v 25 90 369
s 25 91 19
v 25 91 55
s 25 92 85
v 25 92 220
s 25 93 260
v 25 93 324
s 25 94 -254
v 25 94 -60
s 25 95 81
v 25 95 -17
s 25 96 118
v 25 96 37
s 25 97 -132
v 25 97 -87
s 25 98 -24
v 25 98 128
s 25 99 182
v 25 99 158
s 25 100 29
v 25 100 -89
s 25 101 -254
v 25 101 -298
s 25 102 -387
v 25 102 288
s 25 103 -83
v 25 103 -131
s 25 104 97
v 25 104 120
s 25 105 77
v 25 105 821
s 25 106 -274
v 25 106 502
s 25 107 -169
s 25 108 -153
v 25 108 24
s 25 109 -79
v 25 109 -175
s 25 110 -217
v 25 110 783
s 25 111 184
v 25 111 123
s 25 112 34
v 25 112 -10
s 25 113 -121
v 25 113 -439
s 25 114 -135
v 25 114 222
s 25 119 -12
v 25 119 178
s 25 120 -16
v 25 120 74
s 25 121 -423
v 25 121 144
s 25 123 194
v 25 123 521
s 25 126 51
v 25 126 -672
s 25 128 5
v 25 128 -121
s 25 129 19
v 25 129 -280
s 25 131 -183
v 25 131 131
s 25 135 50
v 25 135 370
s 25 136 115
v 25 136 -268
s 25 137 -103
v 25 137 312
s 25 138 -221
v 25 138 444
s 25 145 -267
v 25 145 -56
s 25 155 152
v 25 155 244
s 26 27 -547
v 26 27 -67
s 26 28 258
v 26 28 -252
s 26 29 -77
v 26 29 -673
s 26 30 -23
v 26 30 383
s 26 31 -223
v 26 31 -215
s 26 32 -484
v 26 32 -245
s 26 33 207
v 26 33 609
s 26 34 -365
v 26 34 -348
s 26 35 341
v 26 35 -393
s 26 36 -85
v 26 36 49
s 26 37 -39
v 26 37 98
s 26 38 -218
v 26 38 94
s 26 39 -88
v 26 39 69
s 26 40 -114
v 26 40 8
v 26 41 486
s 26 42 -89
v 26 42 -541
s 26 43 -252
v 26 43 -109
s 26 44 205
v 26 44 -417
s 26 45 -111
v 26 45 235
s 26 46 52
v 26 46 -386
s 26 47 313
v 26 47 -49
s 26 48 554
v 26 48 139
s 26 49 -486
v 26 49 -390
s 26 50 -209
v 26 50 -258
s 26 51 89
v 26 51 29
s 26 52 -42
v 26 52 573
v 26 53 255
s 26 54 -288
v 26 54 144
s 26 55 60
v 26 55 -170
s 26 56 -76
v 26 56 -76
s 26 57 6
v 26 57 -391
s 26 58 69
v 26 58 -504
s 26 59 44
v 26 59 196
s 26 60 -217
v 26 60 -115
s 26 61 37
v 26 61 510
s 26 62 -14
v 26 62 453
s 26 63 313
v 26 63 358
s 26 64 -22
v 26 64 112
s 26 65 -50
v 26 65 -208
s 26 66 28
v 26 66 7
s 26 67 103
v 26 67 -1109
s 26 68 -41
v 26 68 -205
s 26 69 -90
v 26 69 -177
s 26 70 403
v 26 70 -33
s 26 71 -171
v 26 71 322
v 26 72 111
s 26 73 71
v 26 73 -108
s 26 74 -279
v 26 74 227
s 26 75 79
v 26 75 -151
s 26 76 29
v 26 76 -531
s 26 77 205
v 26 77 28
s 26 78 194
v 26 78 268
s 26 79 -86
v 26 79 -475
s 26 80 134
v 26 80 -47
s 26 81 -45
v 26 81 -367
s 26 82 -94
v 26 82 32
s 26 83 -100
v 26 83 -612
s 26 84 -19
v 26 84 -514
s 26 85 -116
v 26 85 311
s 26 86 170
v 26 86 -783
s 26 87 -28
v 26 87 76
s 26 88 -192
v 26 88 505
s 26 89 104
v 26 89 162
s 26 90 163
v 26 90 100
s 26 91 85
v 26 91 305
s 26 92 -69
v 26 92 -268
s 26 93 101
v 26 93 274
s 26 94 -91
v 26 94 105
s 26 95 335
v 26 95 -100
s 26 96 -22
v 26 96 -439
s 26 97 -233
v 26 97 234
s 26 98 189
v 26 98 683
s 26 99 232
v 26 99 -13
s 26 100 -190
v 26 100 199
s 26 101 -44
v 26 101 202
s 26 102 -129
v 26 102 -224
s 26 103 137
v 26 103 246
s 26 104 -389
v 26 104 1229
s 26 105 -156
v 26 105 248
s 26 106 -132
v 26 106 -837
s 26 107 -205
v 26 107 448
s 26 108 78
v 26 108 -421
s 26 109 178
v 26 109 -18
s 26 110 457
v 26 110 -295
s 26 111 287
v 26 111 -91
s 26 112 -241
v 26 112 -467
s 26 113 59
v 26 113 -419
s 26 114 70
v 26 114 -344
s 26 119 -351
v 26 119 305
s 26 120 229
v 26 120 -184
s 26 121 -50
v 26 121 302
s 26 123 52
v 26 123 26
s 26 126 -90
v 26 126 493
s 26 128 181
v 26 128 270
s 26 129 -115
v 26 129 -310
s 26 131 456
v 26 131 43
s 26 135 76
v 26 135 -301
s 26 136 201
v 26 136 -319
s 26 137 25
v 26 137 300
s 26 138 -50
v 26 138 284
s 26 145 -68
v 26 145 543
s 26 155 -36
v 26 155 38
s 27 28 72
v 27 28 449
s 27 29 -297
v 27 29 -412
s 27 30 -56
v 27 30 -79
s 27 31 -77
v 27 31 -266
s 27 32 165
v 27 32 395
s 27 33 33
v 27 33 -227
s 27 34 254
v 27 34 497
s 27 35 777
v 27 35 -607
s 27 36 -180
v 27 36 -142
s 27 37 -198
v 27 37 -460
s 27 38 -33
v 27 38 -13
s 27 39 242
v 27 39 286
s 27 40 34
v 27 40 279
s 27 41 -90
v 27 41 807
s 27 42 301
v 27 42 -321
s 27 43 122
v 27 43 -226
s 27 44 36
v 27 44 76
s 27 45 178
v 27 45 -402
s 27 46 -194
v 27 46 633
s 27 47 -162
v 27 47 -89
s 27 48 529
v 27 48 -737
s 27 49 -267
v 27 49 -262
s 27 50 -147
v 27 50 290
s 27 51 -46
v 27 51 -158
s 27 52 59
v 27 52 -43
s 27 53 15
v 27 53 15
s 27 54 -176
v 27 54 -128
s 27 55 37
v 27 55 -985
s 27 56 26
v 27 56 73
s 27 57 -135
v 27 57 -318
s 27 58 -20
v 27 58 -21
s 27 59 102
v 27 59 -117
s 27 60 -231
v 27 60 -390
s 27 61 44
s 27 62 89
v 27 62 375
s 27 63 -37
v 27 63 69
s 27 64 186
v 27 64 -239
s 27 65 34
v 27 65 215
s 27 66 -11
v 27 66 163
s 27 67 -441
v 27 67 -317
s 27 68 -129
v 27 68 127
s 27 69 8
v 27 69 -658
s 27 70 110
v 27 70 879
s 27 71 -481
v 27 71 -79
s 27 72 -121
v 27 72 201
s 27 73 -64
v 27 73 -42
s 27 74 261
v 27 74 -326
s 27 75 10
v 27 75 -886
s 27 76 -21
v 27 76 471
s 27 77 55
v 27 77 -33
s 27 78 30
v 27 78 174
s 27 79 -49
v 27 79 -12
s 27 80 -177
v 27 80 -192
s 27 81 -100
v 27 81 -91
s 27 82 137
v 27 82 -98
s 27 83 -50
v 27 83 -207
s 27 84 -562
v 27 84 -127
s 27 85 250
v 27 85 296
s 27 86 100
v 27 86 174
s 27 87 -178
v 27 87 -280
s 27 88 -68
v 27 88 464
s 27 89 70
v 27 89 80
s 27 90 89
v 27 90 -98
s 27 91 -145
v 27 91 266
s 27 92 144
v 27 92 -66
s 27 93 -126
v 27 93 243
s 27 94 -69
v 27 94 -381
s 27 95 -32
v 27 95 88
s 27 96 94
v 27 96 497
s 27 97 463
v 27 97 212
s 27 98 20
v 27 98 -64
s 27 99 -220
v 27 99 255
s 27 100 180
v 27 100 319
s 27 101 248
v 27 101 197
s 27 102 -39
v 27 102 -87
s 27 103 -68
v 27 103 56
s 27 104 -312
v 27 104 219
s 27 105 -171
v 27 105 794
s 27 106 32
v 27 106 199
s 27 107 -158
v 27 107 211
s 27 108 438
v 27 108 79
s 27 109 285
v 27 109 -762
s 27 110 145
v 27 110 628
s 27 111 155
v 27 111 172
s 27 112 316
v 27 112 307
s 27 113 100
v 27 113 129
s 27 114 261
v 27 114 -322
s 27 119 -26
v 27 119 -138
s 27 120 -11
v 27 120 53
s 27 121 280
v 27 121 40
s 27 123 -66
v 27 123 -141
s 27 126 -151
v 27 126 -225
s 27 128 8
v 27 128 -161
s 27 129 -50
v 27 129 -304
s 27 131 15
v 27 131 50
s 27 135 -15
v 27 135 -155
s 27 136 31
v 27 136 -656
s 27 137 151
v 27 137 502
s 27 138 -73
v 27 138 -61
s 27 145 28
v 27 145 664
s 27 155 45
v 27 155 74
s 28 29 -133
v 28 29 -356
s 28 30 -188
v 28 30 -144
v 28 31 163
s 28 32 65
v 28 32 -197
s 28 33 -19
v 28 33 139
s 28 34 -197
v 28 34 130
s 28 35 126
v 28 35 141
s 28 36 -45
v 28 36 -110
s 28 37 -30
v 28 37 283
s 28 38 52
v 28 38 -261
s 28 39 -151
v 28 39 227
s 28 40 12
v 28 40 -274
s 28 41 -255
v 28 41 372
s 28 42 98
v 28 42 -52
s 28 43 72
v 28 43 -420
s 28 44 -104
v 28 44 39
s 28 45 -147
v 28 45 79
s 28 46 -7
v 28 46 297
s 28 47 24
v 28 47 262
s 28 48 157
v 28 48 -393
s 28 49 -22
v 28 49 -516
s 28 50 157
v 28 50 -150
s 28 51 -11
v 28 51 -62
s 28 52 -48
v 28 52 -150
s 28 53 235
v 28 53 149
s 28 54 -147
v 28 54 629
s 28 55 82
v 28 55 31
s 28 56 55
v 28 56 216
s 28 57 -29
v 28 57 -74
s 28 58 173
v 28 58 -234
s 28 59 -38
v 28 59 34
s 28 60 -101
v 28 60 422
s 28 61 -167
v 28 61 -181
s 28 62 -74
v 28 62 -73
s 28 63 -154
v 28 63 136
s 28 64 -11
v 28 64 174
s 28 65 66
v 28 65 102
s 28 66 -62
v 28 66 6
s 28 67 -82
v 28 67 423
s 28 68 -294
v 28 68 -23
s 28 69 -32
v 28 69 -457
s 28 70 232
v 28 70 -9
s 28 71 -40
v 28 71 -209
s 28 72 -56
v 28 72 -85
s 28 73 142
v 28 73 -34
s 28 74 -176
v 28 74 291
s 28 75 6
v 28 75 -152
s 28 76 150
v 28 76 54
s 28 77 -32
v 28 77 24
s 28 78 -92
v 28 78 108
s 28 79 170
v 28 79 135
s 28 80 -98
v 28 80 -56
s 28 81 38
v 28 81 -247
s 28 82 -23
v 28 82 42
s 28 83 -125
v 28 83 -23
s 28 84 275
v 28 84 -119
s 28 85 -88
v 28 85 834
s 28 86 280
v 28 86 522
s 28 87 247
v 28 87 -162
s 28 88 260
v 28 88 283
s 28 89 37
v 28 89 -110
s 28 90 -100
v 28 90 442
v 28 91 78
v 28 92 14
s 28 93 -285
v 28 93 -116
s 28 94 174
v 28 94 -160
s 28 95 -39
v 28 95 -122
s 28 96 104
v 28 96 -155
s 28 97 94
v 28 97 -417
s 28 98 -47
v 28 98 391
s 28 99 -54
v 28 99 65
s 28 100 41
v 28 100 252
s 28 101 -89
v 28 101 -19
s 28 102 74
v 28 102 -168
s 28 103 -8
v 28 103 150
s 28 104 171
v 28 104 110
s 28 105 7
v 28 105 -239
s 28 106 9
v 28 106 -327
s 28 107 -83
v 28 107 48
s 28 108 -57
v 28 108 -103
s 28 109 -250
v 28 109 -428
s 28 110 51
v 28 110 -88
s 28 111 68
v 28 111 67
s 28 112 -121
v 28 112 -230
s 28 113 -29
v 28 113 -83
s 28 114 127
v 28 114 -98
s 28 119 93
v 28 119 61
s 28 120 50
v 28 120 347
v 28 121 22
s 28 123 231
v 28 123 -389
s 28 126 -155
v 28 126 334
s 28 128 152
v 28 128 370
s 28 129 64
v 28 129 -262
s 28 131 33
v 28 131 180
s 28 135 218
v 28 135 -196
s 28 136 23
v 28 136 324
s 28 137 -36
v 28 137 -192
s 28 138 -14
v 28 138 -132
s 28 145 61
v 28 145 -316
s 28 155 -47
v 28 155 86
s 29 30 214
v 29 30 -211
s 29 31 -606
v 29 31 -608
s 29 32 -32
v 29 32 -339
s 29 33 -265
v 29 33 14
s 29 34 8
v 29 34 -451
s 29 35 44
v 29 35 71
s 29 36 -224
v 29 36 -694
s 29 37 81
v 29 37 745
s 29 38 66
v 29 38 -27
s 29 39 -46
v 29 39 303
s 29 40 122
v 29 40 30
s 29 41 42
v 29 41 189
s 29 42 77
v 29 42 820
s 29 43 61
v 29 43 -357
s 29 44 -65
v 29 44 476
s 29 45 -68
v 29 45 -317
s 29 46 -175
v 29 46 490
s 29 47 -151
v 29 47 -791
s 29 48 -19
v 29 48 541
s 29 49 179
v 29 49 -26
s 29 50 309
s 29 51 -111
v 29 51 -319
v 29 52 -463
s 29 53 -7
v 29 53 -297
s 29 54 196
v 29 54 -1546
s 29 55 -209
v 29 55 -490
s 29 56 412
v 29 56 27
s 29 57 -65
v 29 57 -236
v 29 58 -64
s 29 59 92
v 29 59 -261
s 29 60 41
v 29 60 -293
s 29 61 45
v 29 61 438
s 29 62 -112
v 29 62 751
s 29 63 23
v 29 63 -710
s 29 64 -60
v 29 64 44
s 29 65 79
v 29 65 -29
s 29 66 85
v 29 66 -129
s 29 67 -154
v 29 67 708
s 29 68 -123
v 29 68 314
s 29 69 -84
v 29 69 -16
s 29 70 343
v 29 70 -355
s 29 71 232
v 29 71 238
s 29 72 68
s 29 73 -279
v 29 73 -396
s 29 74 -221
v 29 74 -202
s 29 75 121
v 29 75 933
s 29 76 -61
v 29 76 -401
s 29 77 -60
v 29 77 107
s 29 78 17
v 29 78 -88
s 29 79 -143
v 29 79 -445
s 29 80 24
v 29 80 -572
s 29 81 -111
v 29 81 584
s 29 82 -50
v 29 82 153
s 29 83 -150
v 29 83 -178
s 29 84 81
v 29 84 180
s 29 85 448
v 29 85 -254
s 29 86 -7
v 29 86 203
s 29 87 75
v 29 87 -150
s 29 88 102
v 29 88 59
s 29 89 -15
v 29 89 182
s 29 90 485
v 29 90 473
s 29 91 -91
v 29 91 -616
s 29 92 27
v 29 92 199
s 29 93 -22
v 29 93 -1265
s 29 94 -131
v 29 94 167
s 29 95 -30
v 29 95 18
s 29 96 -135
s 29 97 -187
v 29 97 23
s 29 98 -214
v 29 98 -235
s 29 99 -69
v 29 99 16
s 29 100 296
v 29 100 34
s 29 101 -251
v 29 101 531
s 29 102 -132
v 29 102 -470
s 29 103 -41
v 29 103 -12
s 29 104 -63
v 29 104 374
s 29 105 123
v 29 105 179
s 29 106 -72
v 29 106 518
s 29 107 91
v 29 107 329
s 29 108 -209
v 29 108 -146
s 29 109 333
v 29 109 234
s 29 110 306
v 29 110 48
s 29 111 55
v 29 111 25
s 29 112 -235
v 29 112 268
s 29 113 -114
v 29 113 387
s 29 114 209
v 29 114 -277
s 29 119 -226
v 29 119 -107
s 29 120 142
v 29 120 -146
s 29 121 108
v 29 121 -916
s 29 123 358
v 29 123 -516
s 29 126 -104
v 29 126 124
s 29 128 -55
v 29 128 152
s 29 129 36
v 29 129 -178
s 29 131 -84
v 29 131 207
s 29 135 -181
v 29 135 10
s 29 136 292
v 29 136 198
s 29 137 -138
v 29 137 -493
s 29 138 116
v 29 138 -422
s 29 145 156
v 29 145 284
s 29 155 -7
v 29 155 -243
s 30 31 11
v 30 31 -68
s 30 32 53
v 30 32 18
s 30 33 -21
v 30 33 -393
s 30 34 -214
v 30 34 -146
s 30 35 -132
v 30 35 -617
s 30 36 -186
v 30 36 268
s 30 37 -108
v 30 37 31
s 30 38 207
v 30 38 -263
s 30 39 370
v 30 39 190
s 30 40 37
v 30 40 -203
s 30 41 27
v 30 41 -166
s 30 42 311
v 30 42 48
s 30 43 -19
v 30 43 183
s 30 44 218
v 30 44 414
s 30 45 162
v 30 45 -34
s 30 46 -10
v 30 46 -264
s 30 47 15
v 30 47 536
s 30 48 -387
v 30 48 -159
s 30 49 403
v 30 49 644
s 30 50 19
v 30 50 -544
s 30 51 17
v 30 51 150
s 30 52 -22
v 30 52 -58
s 30 53 -140
v 30 53 -393
s 30 54 69
v 30 54 380
s 30 55 -164
v 30 55 288
s 30 56 327
v 30 56 -441
s 30 57 -251
v 30 57 422
s 30 58 30
v 30 58 328
s 30 59 -52
v 30 59 -186
s 30 60 422
v 30 60 290
s 30 61 -244
v 30 61 -123
s 30 62 380
v 30 62 -96
s 30 63 -78
v 30 63 -44
s 30 64 -171
v 30 64 -98
s 30 65 -89
v 30 65 156
s 30 66 78
v 30 66 -13
s 30 67 135
v 30 67 6
s 30 68 -94
v 30 68 -896
s 30 69 306
v 30 69 390
s 30 70 -337
v 30 70 -379
s 30 71 -30
v 30 71 380
s 30 72 -202
v 30 72 11
s 30 73 51
v 30 73 -80
s 30 74 -46
v 30 74 -111
s 30 75 -260
v 30 75 -500
s 30 76 -187
v 30 76 -83
s 30 77 -32
v 30 77 136
s 30 78 -36
v 30 78 -434
s 30 79 101
v 30 79 40
s 30 80 -193
v 30 80 119
s 30 81 10
s 30 82 8
v 30 82 -271
s 30 83 -265
v 30 83 -9
s 30 84 312
v 30 84 171
s 30 85 188
v 30 85 46
s 30 86 -102
v 30 86 289
s 30 87 -149
v 30 87 -260
s 30 88 96
v 30 88 -292
v 30 89 149
s 30 90 45
v 30 90 135
s 30 91 -92
v 30 91 80
s 30 92 -15
v 30 92 -44
s 30 93 60
v 30 93 267
s 30 94 -49
v 30 94 -260
s 30 95 -134
v 30 95 -122
s 30 96 14
v 30 96 814
s 30 97 -205
v 30 97 -67
v 30 98 -325
s 30 99 -262
v 30 99 -133
s 30 100 -197
v 30 100 407
s 30 101 139
v 30 101 -638
s 30 102 -215
v 30 102 182
s 30 103 -73
v 30 103 -268
s 30 104 -113
v 30 104 147
s 30 105 -530
v 30 105 124
s 30 106 303
v 30 106 288
s 30 107 190
v 30 107 230
s 30 108 54
v 30 108 -492
s 30 109 108
v 30 109 -188
s 30 110 -164
v 30 110 236
s 30 111 -144
v 30 111 362
s 30 112 148
v 30 112 18
s 30 113 180
v 30 113 135
s 30 114 171
v 30 114 276
s 30 119 -173
v 30 119 243
s 30 120 -206
v 30 120 -183
s 30 121 -79
v 30 121 160
s 30 123 83
v 30 123 -612
s 30 126 358
v 30 126 78
s 30 128 -25
v 30 128 246
s 30 129 -240
v 30 129 -10
s 30 131 144
v 30 131 -84
s 30 135 141
v 30 135 93
s 30 136 -33
v 30 136 202
s 30 137 217
v 30 137 333
s 30 138 109
v 30 138 -377
s 30 145 -10
v 30 145 -417
s 30 155 42
v 30 155 -7
s 31 32 -212
v 31 32 257
s 31 33 -29
v 31 33 -167
s 31 34 -104
v 31 34 -121
s 31 35 -122
v 31 35 10
s 31 36 -188
v 31 36 147
s 31 37 31
v 31 37 61
s 31 38 22
v 31 38 -455
s 31 39 -116
v 31 39 -197
s 31 40 74
v 31 40 -55
s 31 41 20
v 31 41 89
s 31 42 290
s 31 43 -219
v 31 43 23
s 31 44 201
v 31 44 -213
s 31 45 20
v 31 45 -428
s 31 46 -112
v 31 46 185
s 31 47 -295
v 31 47 -68
s 31 48 157
v 31 48 -87
s 31 49 128
v 31 49 162
s 31 50 -249
v 31 50 -194
s 31 51 10
v 31 51 -112
s 31 52 40
v 31 52 -253
s 31 53 252
v 31 53 -187
s 31 54 170
v 31 54 22
v 31 55 295
s 31 56 42
v 31 56 -303
s 31 57 85
v 31 57 201
s 31 58 124
v 31 58 -48
s 31 59 251
v 31 59 504
s 31 60 128
v 31 60 -42
s 31 61 144
v 31 61 -302
s 31 62 -136
v 31 62 -179
v 31 63 -382
s 31 64 51
v 31 64 -13
s 31 65 -43
v 31 65 -149
s 31 66 -10
v 31 66 113
s 31 67 -202
v 31 67 40
s 31 68 -278
v 31 68 -333
s 31 69 138
v 31 69 -270
s 31 70 286
v 31 70 -268
s 31 71 162
v 31 71 1059
s 31 72 -327
v 31 72 -170
s 31 73 -33
v 31 73 -175
s 31 74 -141
v 31 74 -168
s 31 75 -27
v 31 75 -10
s 31 76 -285
v 31 76 -425
s 31 77 -79
v 31 77 -8
s 31 78 -38
v 31 78 -221
s 31 79 34
v 31 79 -311
s 31 80 98
v 31 80 -27
s 31 81 128
v 31 81 212
s 31 82 -50
v 31 82 -122
s 31 83 -97
v 31 83 97
s 31 84 -396
v 31 84 -300
s 31 85 181
v 31 85 183
s 31 86 -348
v 31 86 -242
s 31 87 62
v 31 87 151
s 31 88 -84
v 31 88 260
s 31 89 123
v 31 89 -8
s 31 90 27
v 31 90 139
s 31 91 -180
v 31 91 206
s 31 92 37
v 31 92 -20
s 31 93 117
v 31 93 114
s 31 94 -34
v 31 94 -45
s 31 95 206
v 31 95 154
s 31 96 -161
v 31 96 -14
s 31 97 70
v 31 97 368
s 31 98 -137
v 31 98 -266
s 31 99 49
v 31 99 -536
v 31 100 306
s 31 101 -162
v 31 101 -44
s 31 102 171
v 31 102 289
s 31 103 -21
v 31 103 -86
s 31 104 -67
v 31 104 880
s 31 105 283
v 31 105 149
s 31 106 -131
v 31 106 -525
s 31 107 -195
v 31 107 -131
s 31 108 -181
v 31 108 508
s 31 109 24
v 31 109 225
s 31 110 201
v 31 110 -257
s 31 111 -292
v 31 111 -284
s 31 112 -194
v 31 112 -60
s 31 113 -35
v 31 113 -232
s 31 114 13
v 31 114 -11
s 31 119 114
v 31 119 -273
s 31 120 114
v 31 120 -87
s 31 121 598
v 31 121 -303
s 31 123 335
v 31 123 -37
s 31 126 98
v 31 126 -37
s 31 128 100
v 31 128 11
s 31 129 45
v 31 129 290
s 31 131 22
v 31 131 -77
s 31 135 45
v 31 135 -126
s 31 136 315
v 31 136 578
s 31 137 325
s 31 138 100
v 31 138 39
s 31 145 54
v 31 145 -671
s 31 155 -10
v 31 155 -83
s 32 33 19
v 32 33 194
s 32 34 -134
v 32 34 -259
s 32 35 251
v 32 35 350
s 32 36 -70
v 32 36 -375
s 32 37 20
v 32 37 -36
s 32 38 -63
v 32 38 16
s 32 39 -74
v 32 39 298
s 32 40 181
v 32 40 61
s 32 41 197
v 32 41 261
s 32 42 114
v 32 42 -120
s 32 43 26
v 32 43 -77
s 32 44 27
v 32 44 -323
v 32 45 -23
s 32 46 -136
v 32 46 326
s 32 47 49
v 32 47 565
s 32 48 -56
v 32 48 -135
s 32 49 -130
v 32 49 -48
s 32 50 294
v 32 50 262
s 32 51 -49
v 32 51 286
s 32 52 -81
v 32 52 65
s 32 53 -25
v 32 53 182
s 32 54 -99
v 32 54 -118
s 32 55 188
v 32 55 -95
s 32 56 -197
v 32 56 320
s 32 57 -28
v 32 57 -116
s 32 58 -145
v 32 58 366
s 32 59 -82
v 32 59 -46
s 32 60 -65
v 32 60 -34
s 32 61 -21
v 32 61 -140
s 32 62 -138
v 32 62 40
v 32 63 103
s 32 64 239
v 32 64 -322
s 32 65 -53
v 32 65 53
v 32 66 -50
v 32 67 -97
s 32 68 12
v 32 68 162
s 32 69 -111
v 32 69 -407
s 32 70 -111
v 32 70 210
s 32 71 -77
v 32 71 -6
s 32 72 53
v 32 72 -25
s 32 73 -24
v 32 73 -19
s 32 74 -188
v 32 74 710
s 32 75 83
v 32 75 -365
s 32 76 -148
v 32 76 166
s 32 77 5
v 32 77 25
s 32 78 121
v 32 78 -102
s 32 79 29
v 32 79 105
s 32 80 -31
v 32 80 -71
s 32 81 82
v 32 81 13
s 32 82 -52
v 32 82 21
s 32 83 -138
v 32 83 196
s 32 84 27
v 32 84 -114
s 32 85 165
v 32 85 162
s 32 86 -263
v 32 86 -411
s 32 87 161
v 32 87 -299
s 32 88 -327
v 32 88 357
s 32 89 23
v 32 89 -108
s 32 90 -56
v 32 90 209
s 32 91 -35
v 32 91 -262
s 32 92 -9
v 32 92 149
s 32 93 -248
v 32 93 175
s 32 94 16
v 32 94 84
v 32 95 -200
s 32 96 28
v 32 96 -202
s 32 97 27
v 32 97 -356
v 32 98 -9
s 32 99 70
v 32 99 -195
s 32 100 -79
v 32 100 258
s 32 101 120
v 32 101 379
s 32 102 -50
v 32 102 306
s 32 103 -26
v 32 103 75
s 32 104 -40
v 32 104 519
s 32 105 -42
v 32 105 -448
s 32 106 -120
v 32 106 143
s 32 107 26
v 32 107 -155
s 32 108 249
v 32 108 -445
s 32 109 108
v 32 109 -344
s 32 110 117
v 32 110 -15
s 32 111 156
v 32 111 169
s 32 112 144
v 32 112 19
s 32 113 68
v 32 113 -37
s 32 114 -22
v 32 114 79
s 32 119 25
v 32 119 -7
s 32 120 7
v 32 120 -99
s 32 121 86
v 32 121 153
s 32 123 -27
v 32 123 -157
s 32 126 -160
v 32 126 -82
s 32 128 -17
v 32 128 37
s 32 129 -102
v 32 129 -176
s 32 131 -23
v 32 131 -87
s 32 135 -167
v 32 135 -54
s 32 136 -27
v 32 136 -8
s 32 137 33
v 32 137 -17
s 32 138 -156
v 32 138 -113
s 32 145 74
v 32 145 256
s 32 155 8
v 32 155 -27
s 33 34 80
v 33 34 -183
s 33 35 -40
v 33 35 -717
s 33 36 99
v 33 36 41
s 33 37 -122
v 33 37 -121
s 33 38 -40
v 33 38 19
s 33 39 18
v 33 39 105
s 33 40 17
v 33 40 207
s 33 41 -31
v 33 41 -9
s 33 42 25
v 33 42 -656
s 33 43 -103
v 33 43 248
s 33 44 -135
v 33 44 -347
s 33 45 20
v 33 45 102
s 33 46 -41
v 33 46 -15
s 33 47 29
v 33 47 -325
s 33 48 54
v 33 48 114
s 33 49 -106
v 33 49 841
s 33 50 -80
v 33 50 -87
s 33 51 -5
v 33 51 -206
s 33 52 -44
v 33 52 106
s 33 53 119
v 33 53 -198
s 33 54 -212
v 33 54 384
s 33 55 -109
v 33 55 36
s 33 56 150
v 33 56 -63
s 33 57 29
v 33 57 -135
s 33 58 60
v 33 58 -136
s 33 59 25
v 33 59 5
s 33 60 39
v 33 60 153
s 33 61 -20
v 33 61 45
s 33 62 -7
v 33 62 450
s 33 63 -136
v 33 63 195
s 33 64 -61
v 33 64 -417
s 33 65 -10
s 33 66 27
v 33 66 184
s 33 67 19
v 33 67 -463
s 33 68 102
v 33 68 260
s 33 69 -38
v 33 69 86
s 33 70 85
v 33 70 29
s 33 71 205
v 33 71 -7
s 33 72 163
v 33 72 -15
s 33 73 -114
v 33 73 -30
s 33 74 66
v 33 74 -100
s 33 75 185
s 33 76 181
v 33 76 45
s 33 77 6
v 33 77 91
s 33 78 -42
v 33 78 -17
s 33 79 34
v 33 79 -32
s 33 80 -23
s 33 81 -141
v 33 81 26
s 33 82 -110
v 33 82 147
s 33 83 -33
v 33 83 -321
s 33 84 -64
v 33 84 62
s 33 85 130
v 33 85 -323
s 33 86 49
v 33 86 -796
s 33 87 215
v 33 87 44
s 33 88 -55
v 33 88 93
s 33 89 37
v 33 89 -19
s 33 90 -82
v 33 90 -79
s 33 91 -129
v 33 91 -53
s 33 92 -13
v 33 92 149
s 33 93 -95
v 33 93 186
s 33 94 104
v 33 94 -153
s 33 95 -88
v 33 95 -52
s 33 96 -90
v 33 96 -76
s 33 97 -360
v 33 97 262
v 33 98 -304
s 33 99 -71
v 33 99 -326
s 33 100 -94
v 33 100 25
s 33 101 43
v 33 101 -262
s 33 102 76
v 33 102 -76
s 33 103 -99
v 33 103 -31
s 33 104 16
v 33 104 -416
s 33 105 140
v 33 105 707
s 33 106 36
v 33 106 -98
s 33 107 60
v 33 107 9
s 33 108 45
v 33 108 131
s 33 109 -85
v 33 109 -352
s 33 110 -11
v 33 110 -146
s 33 111 -9
v 33 111 -80
s 33 112 -140
v 33 112 -89
s 33 113 -20
v 33 113 -16
s 33 114 95
v 33 114 229
s 33 119 -92
v 33 119 439
s 33 120 -69
v 33 120 25
s 33 121 13
v 33 121 55
s 33 123 -70
v 33 123 -223
s 33 126 11
v 33 126 232
s 33 128 231
v 33 128 139
s 33 129 72
v 33 129 368
s 33 131 -66
v 33 131 -48
s 33 135 -60
v 33 135 -488
s 33 136 178
v 33 136 -8
s 33 137 48
v 33 137 140
s 33 138 -107
v 33 138 -173
s 33 145 -66
v 33 145 69
s 33 155 -11
v 33 155 25
s 34 35 -49
v 34 35 -150
s 34 36 85
v 34 36 597
s 34 37 75
v 34 37 -265
s 34 38 -23
v 34 38 85
s 34 39 -103
v 34 39 6
s 34 40 37
v 34 40 291
v 34 41 -193
s 34 42 -148
v 34 42 -517
s 34 43 -209
v 34 43 -122
s 34 44 139
v 34 44 -350
s 34 45 27
v 34 45 -46
s 34 46 183
v 34 46 457
s 34 47 -66
v 34 47 -132
s 34 48 416
v 34 48 287
s 34 49 155
v 34 49 258
s 34 50 82
v 34 50 194
s 34 51 151
v 34 51 -317
s 34 52 31
v 34 52 -281
s 34 53 -230
v 34 53 -213
s 34 54 -75
v 34 54 -162
s 34 55 -163
v 34 55 257
s 34 56 15
v 34 56 -365
s 34 57 -33
v 34 57 -195
s 34 58 21
v 34 58 -33
v 34 59 -95
s 34 60 -25
v 34 60 281
s 34 61 -82
v 34 61 -147
s 34 62 -82
v 34 62 463
s 34 63 56
v 34 63 136
s 34 64 132
v 34 64 -64
s 34 65 26
v 34 65 49
s 34 66 23
v 34 66 144
s 34 67 -17
v 34 67 609
s 34 68 -104
v 34 68 -123
s 34 69 -114
v 34 69 -123
s 34 70 91
v 34 70 -113
s 34 71 227
v 34 71 -384
s 34 72 122
v 34 72 -41
s 34 73 47
v 34 73 -54
s 34 74 108
v 34 74 -483
s 34 75 -47
v 34 75 -132
s 34 76 79
v 34 76 444
s 34 77 53
s 34 78 -123
v 34 78 6
s 34 79 120
v 34 79 249
s 34 80 -45
v 34 80 -61
s 34 81 -117
v 34 81 -70
s 34 82 -15
v 34 82 152
s 34 83 70
v 34 83 -14
s 34 84 -84
v 34 84 -56
s 34 85 279
v 34 85 -178
s 34 86 -203
v 34 86 -69
s 34 87 61
v 34 87 -43
s 34 88 -91
v 34 88 -378
s 34 89 -32
v 34 89 -95
s 34 90 70
v 34 90 99
s 34 91 -106
v 34 91 -310
s 34 92 39
v 34 92 209
s 34 93 -112
s 34 94 -6
v 34 94 110
s 34 95 75
v 34 95 94
v 34 96 171
s 34 97 -95
v 34 97 -37
s 34 98 -60
v 34 98 381
s 34 99 260
v 34 99 31
s 34 100 -198
v 34 100 106
s 34 101 166
v 34 101 142
s 34 102 -39
v 34 102 56
s 34 103 -78
v 34 103 -60
s 34 104 219
v 34 104 533
s 34 105 479
v 34 105 331
s 34 106 58
v 34 106 26
s 34 107 88
v 34 107 -413
s 34 108 231
v 34 108 173
s 34 109 28
v 34 109 229
s 34 110 94
v 34 110 350
s 34 111 -31
v 34 111 -394
s 34 112 94
v 34 112 339
s 34 113 -38
v 34 113 -128
s 34 114 -80
v 34 114 -243
s 34 119 18
v 34 119 -70
s 34 120 95
v 34 120 -176
s 34 121 -240
v 34 121 -70
s 34 123 214
v 34 123 -282
s 34 126 42
v 34 126 343
s 34 128 -261
v 34 128 506
s 34 129 35
v 34 129 -127
s 34 131 87
v 34 131 116
s 34 135 133
v 34 135 -61
s 34 136 -114
v 34 136 -137
s 34 137 22
v 34 137 69
s 34 138 55
v 34 138 40
s 34 145 -178
v 34 145 41
s 34 155 97
v 34 155 -63
s 35 36 -71
v 35 36 1228
s 35 37 -409
v 35 37 482
s 35 38 75
v 35 38 169
s 35 39 -159
v 35 39 -174
s 35 40 97
v 35 40 674
s 35 41 -352
v 35 41 -33
s 35 42 357
v 35 42 367
s 35 43 158
v 35 43 357
s 35 44 358
v 35 44 -609
s 35 45 -24
v 35 45 489
s 35 46 -138
v 35 46 631
s 35 47 -143
v 35 47 354
s 35 48 160
v 35 48 -262
s 35 49 93
v 35 49 324
s 35 50 -289
v 35 50 250
s 35 51 370
v 35 51 -211
s 35 52 64
v 35 52 386
s 35 53 -39
v 35 53 -473
s 35 54 72
v 35 54 -447
s 35 55 -159
v 35 55 -306
s 35 56 -29
v 35 56 42
s 35 57 150
v 35 57 186
s 35 58 -158
v 35 58 -535
s 35 59 9
v 35 59 317
s 35 60 223
v 35 60 -37
s 35 61 87
v 35 61 -127
s 35 62 227
v 35 62 -381
s 35 63 44
v 35 63 -400
s 35 64 14
v 35 64 210
s 35 65 60
v 35 65 -40
s 35 66 -6
v 35 66 -126
s 35 67 224
v 35 67 -1561
s 35 68 -259
v 35 68 -309
s 35 69 58
v 35 69 -51
s 35 70 -227
v 35 70 -293
s 35 71 -23
v 35 71 380
s 35 72 -7
v 35 72 258
s 35 73 -52
v 35 73 -337
s 35 74 -546
v 35 74 159
s 35 75 -19
v 35 75 424
s 35 76 -131
s 35 77 -154
v 35 77 -408
s 35 78 51
v 35 78 -826
s 35 79 15
v 35 79 205
s 35 80 95
v 35 80 214
s 35 81 178
v 35 81 -57
s 35 82 52
v 35 82 -440
s 35 83 -100
v 35 83 242
s 35 84 134
v 35 84 -203
s 35 85 369
v 35 85 319
s 35 86 -81
v 35 86 519
s 35 87 228
v 35 87 521
s 35 88 167
v 35 88 -567
s 35 89 -68
v 35 89 263
s 35 90 -304
v 35 90 301
s 35 91 72
v 35 91 -263
s 35 92 -36
v 35 92 -130
s 35 93 512
v 35 93 200
s 35 94 56
v 35 94 193
s 35 95 29
v 35 95 60
s 35 96 76
v 35 96 -756
s 35 97 -123
v 35 97 312
s 35 98 -10
v 35 98 96
s 35 99 -12
v 35 99 -96
v 35 100 -217
s 35 101 198
v 35 101 213
s 35 102 108
v 35 102 44
s 35 103 -34
v 35 103 297
s 35 104 -262
v 35 104 -751
s 35 105 -25
v 35 105 73
s 35 106 -209
v 35 106 16
s 35 107 110
v 35 107 -261
s 35 108 -104
v 35 108 461
s 35 109 -373
v 35 109 734
s 35 110 -41
v 35 110 446
s 35 111 205
v 35 111 614
s 35 112 -97
v 35 112 -107
s 35 113 -70
v 35 113 -179
s 35 114 -380
v 35 114 -136
s 35 119 -274
v 35 119 389
s 35 120 -213
v 35 120 88
s 35 121 -261
v 35 121 170
s 35 123 187
v 35 123 230
s 35 126 108
v 35 126 -408
s 35 128 193
v 35 128 -157
s 35 129 -331
v 35 129 -73
s 35 131 -267
v 35 131 90
s 35 135 -87
v 35 135 23
s 35 136 -131
v 35 136 -705
s 35 137 -138
v 35 137 -484
v 35 138 90
s 35 145 -78
v 35 145 29
s 35 155 -127
v 35 155 -264
s 36 37 -144
v 36 37 -417
s 36 38 140
v 36 38 -158
s 36 39 318
v 36 39 -311
s 36 40 -102
v 36 40 -382
s 36 41 187
v 36 41 51
s 36 42 -602
v 36 42 892
s 36 43 -199
v 36 43 -365
s 36 44 -112
v 36 44 -197
s 36 45 -157
v 36 45 -793
s 36 46 272
v 36 46 28
s 36 47 -187
v 36 47 -954
s 36 48 -209
v 36 48 212
s 36 49 11
v 36 49 1325
s 36 50 -107
v 36 50 610
s 36 51 -11
v 36 51 337
s 36 52 92
v 36 52 -406
s 36 53 20
v 36 53 -61
s 36 54 -471
v 36 54 789
s 36 55 -301
v 36 55 -603
s 36 56 -22
v 36 56 407
s 36 57 175
v 36 57 453
s 36 58 -49
v 36 58 488
v 36 59 106
s 36 60 164
v 36 60 224
s 36 61 -11
v 36 61 99
s 36 62 -93
v 36 62 -202
s 36 63 -10
v 36 63 129
s 36 64 -135
v 36 64 -103
s 36 65 27
v 36 65 189
s 36 66 40
v 36 66 -15
s 36 67 22
v 36 67 558
s 36 68 85
v 36 68 -1005
s 36 69 -144
v 36 69 -412
s 36 70 -64
v 36 70 576
s 36 71 626
v 36 71 952
s 36 72 -15
v 36 72 -308
v 36 73 24
s 36 74 469
v 36 74 633
s 36 75 186
v 36 75 -631
s 36 76 386
v 36 76 15
s 36 77 -43
v 36 77 146
s 36 78 124
v 36 78 -132
s 36 79 57
v 36 79 -205
s 36 80 120
v 36 80 -72
s 36 81 27
v 36 81 544
s 36 82 73
v 36 82 -28
s 36 83 -126
v 36 83 -41
s 36 84 17
v 36 84 -223
s 36 85 -269
v 36 85 267
s 36 86 275
v 36 86 -749
s 36 87 462
v 36 87 -122
s 36 88 -180
v 36 88 -400
s 36 89 96
v 36 89 414
s 36 90 -72
v 36 90 -314
s 36 91 -159
v 36 91 246
s 36 92 -64
v 36 92 -281
s 36 93 412
v 36 93 926
s 36 94 -110
v 36 94 -631
s 36 95 -137
v 36 95 21
s 36 96 -366
v 36 96 116
s 36 97 367
v 36 97 253
s 36 98 -56
v 36 98 747
s 36 99 60
v 36 99 11
s 36 100 -108
v 36 100 -114
s 36 101 -21
v 36 101 -1128
s 36 102 -15
v 36 102 -145
s 36 103 -50
v 36 103 76
s 36 104 115
v 36 104 152
s 36 105 -12
v 36 105 724
s 36 106 -167
v 36 106 50
s 36 107 -107
v 36 107 356
s 36 108 -192
v 36 108 -122
s 36 109 41
v 36 109 -210
s 36 110 -56
v 36 110 36
s 36 111 179
v 36 111 -335
s 36 112 222
v 36 112 1088
s 36 113 -89
v 36 113 -253
s 36 114 -60
v 36 114 604
s 36 119 327
v 36 119 -234
s 36 120 -94
v 36 120 -170
s 36 121 -59
v 36 121 -796
s 36 123 143
v 36 123 15
s 36 126 198
v 36 126 -193
s 36 128 21
v 36 128 -163
s 36 129 129
v 36 129 461
s 36 131 297
v 36 131 -294
s 36 135 84
v 36 135 441
s 36 136 -302
v 36 136 -77
s 36 137 -68
v 36 137 -200
s 36 138 5
v 36 138 -449
s 36 145 108
v 36 145 -47
s 36 155 291
s 37 38 8
v 37 38 56
s 37 39 198
v 37 39 -88
s 37 40 -107
s 37 41 137
v 37 41 100
s 37 42 183
v 37 42 441
s 37 43 51
v 37 43 -32
s 37 44 -49
v 37 44 -318
v 37 45 -127
s 37 46 50
v 37 46 -144
s 37 47 -88
v 37 47 -100
s 37 48 -290
v 37 48 -152
s 37 49 194
v 37 49 31
s 37 50 44
v 37 50 229
s 37 51 -199
v 37 51 133
s 37 52 -57
v 37 52 175
s 37 53 135
v 37 53 -184
s 37 54 -19
v 37 54 100
s 37 55 -10
v 37 55 -43
s 37 56 -44
v 37 56 -198
s 37 57 77
v 37 57 13
s 37 58 49
v 37 58 -13
v 37 59 36
s 37 60 175
v 37 60 -163
s 37 61 9
v 37 61 97
s 37 62 24
v 37 62 66
s 37 63 66
v 37 63 -456
s 37 64 -26
v 37 64 -176
s 37 65 18
v 37 65 -114
s 37 66 40
v 37 66 -50
s 37 67 395
v 37 67 369
s 37 68 192
v 37 68 -81
s 37 69 159
v 37 69 88
s 37 70 -44
v 37 70 -23
s 37 71 193
v 37 71 -92
s 37 72 -157
v 37 72 142
s 37 73 45
v 37 73 131
s 37 74 -83
v 37 74 309
s 37 75 65
v 37 75 110
s 37 76 157
v 37 76 -636
s 37 77 26
v 37 77 161
s 37 78 -101
v 37 78 117
s 37 79 -42
v 37 79 -57
s 37 80 -124
v 37 80 -251
s 37 81 -13
v 37 81 240
s 37 82 -14
v 37 82 -54
s 37 83 -26
v 37 83 81
s 37 84 38
v 37 84 297
s 37 85 -16
v 37 85 340
s 37 86 242
v 37 86 153
s 37 87 166
v 37 87 45
s 37 88 -94
v 37 88 -141
s 37 89 9
v 37 89 35
s 37 90 -125
v 37 90 30
s 37 91 -65
v 37 91 -25
s 37 92 116
v 37 92 118
s 37 93 20
v 37 93 -615
s 37 94 139
v 37 94 57
v 37 95 -46
s 37 96 43
v 37 96 204
s 37 97 -273
v 37 97 68
v 37 98 -303
s 37 99 -149
v 37 99 -175
s 37 100 79
v 37 100 -29
s 37 101 -13
v 37 101 665
s 37 102 -90
v 37 102 -124
s 37 103 18
v 37 103 54
s 37 104 48
v 37 104 191
s 37 105 -5
v 37 105 -125
s 37 106 201
v 37 106 15
s 37 107 137
v 37 107 -195
s 37 108 -113
v 37 108 -260
s 37 109 62
v 37 109 594
v 37 110 -609
s 37 111 -61
v 37 111 -175
v 37 112 -150
s 37 113 15
v 37 113 176
s 37 114 -110
v 37 114 -397
s 37 119 42
v 37 119 11
s 37 120 -20
v 37 120 45
s 37 121 -173
v 37 121 87
s 37 123 -32
v 37 123 31
s 37 126 -22
v 37 126 329
s 37 128 -303
v 37 128 7
s 37 129 141
v 37 129 87
s 37 131 94
v 37 131 213
s 37 135 -27
v 37 135 86
s 37 136 -250
v 37 136 -333
s 37 137 -59
v 37 137 -22
s 37 138 -54
v 37 138 -89
s 37 145 66
v 37 145 -129
s 37 155 118
v 37 155 51
s 38 39 -59
v 38 39 316
s 38 40 -61
v 38 40 -168
s 38 41 69
v 38 41 54
s 38 42 -125
v 38 42 -81
v 38 43 -36
s 38 44 -121
v 38 44 92
s 38 45 -67
v 38 45 -223
s 38 46 13
v 38 46 236
v 38 47 -62
s 38 48 -53
v 38 48 -212
s 38 49 107
v 38 49 -50
s 38 50 33
v 38 50 65
s 38 51 -31
v 38 51 98
s 38 52 56
v 38 52 -81
s 38 53 -21
v 38 53 -22
s 38 54 20
v 38 54 -385
s 38 55 11
v 38 55 95
s 38 56 88
v 38 56 -136
s 38 57 -22
s 38 58 34
s 38 59 37
v 38 59 46
s 38 60 -5
v 38 60 147
s 38 61 11
v 38 61 138
v 38 62 212
s 38 63 -20
v 38 63 64
s 38 64 -82
v 38 64 -228
v 38 65 -27
s 38 66 61
v 38 66 -25
s 38 67 13
v 38 67 105
v 38 68 -302
s 38 69 -31
v 38 69 344
s 38 70 -17
v 38 70 37
s 38 71 -64
v 38 71 -86
s 38 72 33
v 38 72 -141
s 38 73 -50
v 38 73 48
s 38 74 -120
v 38 74 31
s 38 75 32
v 38 75 17
s 38 76 -38
v 38 76 235
v 38 77 42
s 38 78 -41
v 38 78 16
s 38 79 -19
v 38 79 83
s 38 80 25
v 38 80 135
s 38 81 -29
v 38 81 -181
s 38 83 -38
v 38 83 -28
s 38 84 -89
v 38 84 266
s 38 85 -8
v 38 85 -181
s 38 86 -110
v 38 86 -518
s 38 87 42
v 38 87 -231
s 38 88 44
v 38 88 94
s 38 89 14
v 38 89 -23
s 38 90 -36
v 38 90 54
s 38 91 -66
v 38 91 -33
s 38 92 10
v 38 92 33
s 38 93 67
v 38 93 79
s 38 94 56
v 38 94 -246
s 38 95 -52
v 38 95 -69
s 38 96 22
s 38 97 26
v 38 97 42
v 38 98 226
v 38 99 32
s 38 100 -109
v 38 100 -96
s 38 102 24
v 38 102 -49
s 38 103 8
v 38 103 39
s 38 104 90
v 38 104 9
s 38 105 146
v 38 105 265
s 38 106 18
v 38 106 36
s 38 107 109
v 38 107 -121
s 38 108 -30
v 38 108 -272
s 38 109 -83
v 38 109 179
s 38 110 -81
v 38 110 -202
s 38 111 44
v 38 111 -233
s 38 112 -73
v 38 112 -164
s 38 113 -50
v 38 113 105
s 38 114 104
v 38 114 140
s 38 119 -61
v 38 119 263
s 38 120 114
v 38 120 16
s 38 121 136
v 38 121 -69
s 38 123 -279
v 38 123 -97
s 38 126 -144
v 38 126 -8
s 38 128 117
v 38 128 -8
s 38 129 -59
v 38 129 -128
s 38 131 138
v 38 131 64
s 38 135 -47
v 38 135 -138
s 38 136 -84
v 38 136 23
s 38 137 -22
v 38 137 85
s 38 138 46
v 38 138 40
s 38 145 54
s 38 155 47
v 38 155 -74
s 39 40 -24
v 39 40 107
s 39 41 -153
v 39 41 156
s 39 42 16
v 39 42 389
s 39 43 34
v 39 43 149
s 39 44 36
v 39 44 203
s 39 45 59
v 39 45 -553
s 39 46 -133
v 39 46 -215
s 39 47 234
v 39 47 -237
s 39 48 149
v 39 48 -166
s 39 49 -27
v 39 49 404
s 39 50 -167
v 39 50 -249
s 39 51 54
v 39 51 -593
s 39 52 -184
v 39 52 188
s 39 53 207
v 39 53 404
s 39 54 119
v 39 54 -62
s 39 55 -263
v 39 55 -9
s 39 56 23
v 39 56 183
s 39 57 89
v 39 57 247
s 39 58 -10
v 39 58 169
s 39 59 -48
v 39 59 -209
s 39 60 290
v 39 60 -305
s 39 61 84
v 39 61 189
s 39 62 54
v 39 62 -181
s 39 63 74
v 39 63 -49
s 39 64 203
v 39 64 23
s 39 65 -28
v 39 65 -22
s 39 66 -39
v 39 66 -11
s 39 67 196
v 39 67 -155
s 39 68 -328
v 39 68 129
s 39 69 143
v 39 69 -239
s 39 70 128
v 39 70 -234
s 39 71 168
v 39 71 282
s 39 72 -233
v 39 72 70
s 39 73 -118
v 39 73 -322
s 39 74 -406
v 39 74 -351
s 39 75 -203
v 39 75 -193
s 39 76 -56
v 39 76 -574
s 39 77 -20
s 39 78 46
v 39 78 97
s 39 79 -65
v 39 79 380
s 39 80 72
v 39 80 279
s 39 81 54
v 39 81 196
v 39 82 -121
s 39 83 24
v 39 83 -238
s 39 84 -255
v 39 84 -142
s 39 85 6
v 39 85 -423
s 39 86 -113
v 39 86 626
s 39 87 -365
v 39 87 -125
s 39 88 327
v 39 88 -370
s 39 89 7
v 39 89 141
s 39 90 -36
v 39 90 429
v 39 91 278
s 39 92 -33
v 39 92 62
s 39 93 -85
v 39 93 -192
s 39 94 63
v 39 94 -557
s 39 95 -201
v 39 95 -209
s 39 96 -164
v 39 96 446
v 39 97 7
s 39 98 164
v 39 98 105
s 39 99 -76
v 39 99 -314
s 39 100 261
v 39 100 -281
s 39 101 121
v 39 101 134
s 39 102 105
v 39 102 73
s 39 103 30
v 39 103 -119
s 39 104 253
v 39 104 -490
s 39 105 -411
v 39 105 -322
s 39 106 -33
v 39 106 -766
s 39 107 11
v 39 107 -329
s 39 108 -20
v 39 108 448
s 39 109 10
v 39 109 -58
s 39 110 362
v 39 110 -6
s 39 111 -78
v 39 111 -80
s 39 112 -165
v 39 112 260
s 39 113 -150
v 39 113 213
s 39 114 -8
v 39 114 364
s 39 119 86
s 39 120 104
v 39 120 -51
s 39 121 -53
v 39 121 426
s 39 123 47
v 39 123 413
s 39 126 -57
v 39 126 -326
s 39 128 -35
v 39 128 358
s 39 129 140
v 39 129 138
s 39 131 -28
v 39 131 -9
s 39 135 134
v 39 135 -248
s 39 136 -72
v 39 136 -19
s 39 137 -47
v 39 137 503
s 39 138 -93
v 39 138 192
s 39 145 -31
v 39 145 82
s 39 155 -76
v 39 155 -56
s 40 41 -19
v 40 41 -29
s 40 42 73
v 40 42 -18
s 40 43 275
v 40 43 -90
s 40 44 -173
v 40 44 164
s 40 45 -150
v 40 45 -239
s 40 46 -60
v 40 46 140
s 40 47 -341
v 40 47 56
s 40 48 129
v 40 48 187
s 40 49 -88
v 40 49 386
s 40 50 -50
v 40 50 -40
s 40 51 165
v 40 51 438
s 40 52 14
v 40 52 -38
s 40 53 -147
v 40 53 95
s 40 54 -354
v 40 54 308
s 40 55 84
v 40 55 -114
s 40 56 115
v 40 56 -177
s 40 57 36
v 40 57 99
s 40 58 -5
v 40 58 100
s 40 59 -97
v 40 59 -290
s 40 60 -70
v 40 60 -56
s 40 61 33
v 40 61 -238
s 40 62 -89
v 40 62 -60
s 40 63 65
v 40 63 -127
s 40 64 -9
v 40 64 157
s 40 65 -8
v 40 65 8
s 40 66 -15
v 40 66 25
s 40 67 57
v 40 67 162
s 40 68 11
v 40 68 -57
s 40 69 -132
v 40 69 286
s 40 70 14
v 40 70 176
s 40 71 78
v 40 71 603
s 40 72 82
v 40 72 240
s 40 73 -127
v 40 73 65
s 40 74 200
v 40 74 -83
s 40 75 -62
v 40 75 194
s 40 76 -107
v 40 76 46
s 40 77 -16
v 40 77 189
s 40 78 6
v 40 78 111
s 40 79 -72
s 40 80 7
v 40 80 97
s 40 81 106
v 40 81 211
s 40 82 109
v 40 82 156
s 40 83 111
v 40 83 -229
s 40 84 -142
v 40 84 -292
s 40 85 241
v 40 85 532
s 40 86 9
v 40 86 -256
s 40 87 27
v 40 87 75
s 40 88 -6
v 40 88 101
s 40 89 14
v 40 89 -121
s 40 90 -121
v 40 90 82
s 40 91 12
v 40 91 -154
s 40 92 -41
v 40 92 315
s 40 93 163
v 40 93 -687
s 40 94 103
v 40 94 -233
s 40 95 -81
v 40 95 6
s 40 96 135
v 40 96 -98
s 40 97 106
v 40 97 -506
s 40 98 -21
v 40 98 -175
s 40 99 -113
v 40 99 231
s 40 100 -74
v 40 100 445
s 40 101 -181
v 40 101 -285
s 40 102 -28
v 40 102 -321
s 40 103 -11
v 40 103 47
s 40 104 384
v 40 104 -545
s 40 105 -194
v 40 105 -256
s 40 106 -105
v 40 106 19
s 40 107 -20
v 40 107 -124
s 40 108 -174
v 40 108 13
s 40 109 -20
s 40 110 5
v 40 110 124
s 40 111 27
v 40 111 -87
s 40 112 146
v 40 112 152
s 40 113 -209
v 40 113 22
s 40 114 77
v 40 114 -17
s 40 119 236
v 40 119 66
s 40 120 86
v 40 120 -164
s 40 121 -98
v 40 121 111
s 40 123 90
v 40 123 318
s 40 126 16
v 40 126 -182
s 40 128 130
v 40 128 250
s 40 129 72
v 40 129 -40
s 40 131 78
v 40 131 81
s 40 135 36
v 40 135 121
s 40 136 -159
v 40 136 85
s 40 137 -202
v 40 137 58
s 40 138 5
v 40 138 -35
s 40 145 -10
v 40 145 110
s 40 155 -87
v 40 155 -141
s 41 42 6
v 41 42 -241
s 41 43 123
v 41 43 159
s 41 44 -102
v 41 44 9
s 41 45 164
v 41 45 173
s 41 46 -127
v 41 46 147
s 41 47 403
v 41 47 -90
s 41 48 -96
v 41 48 247
s 41 49 -75
v 41 49 521
s 41 50 -59
v 41 50 113
s 41 51 -55
v 41 51 40
s 41 52 -21
v 41 52 175
s 41 53 24
v 41 53 -290
s 41 54 86
v 41 54 535
s 41 55 -17
v 41 55 304
s 41 56 99
v 41 56 487
s 41 57 68
v 41 57 14
s 41 58 69
v 41 58 -88
s 41 59 11
v 41 59 -17
s 41 60 -206
v 41 60 -468
s 41 61 13
v 41 61 306
s 41 62 -25
v 41 62 264
s 41 63 152
v 41 63 140
s 41 64 -200
v 41 64 179
s 41 65 -38
v 41 65 -263
s 41 66 -42
v 41 66 20
s 41 67 -40
v 41 67 -104
s 41 68 -96
v 41 68 128
s 41 69 30
v 41 69 -298
s 41 70 -37
v 41 70 -369
s 41 71 -370
v 41 71 -58
v 41 72 -180
s 41 73 -133
v 41 73 -73
s 41 74 342
v 41 74 375
s 41 75 -78
v 41 75 -20
s 41 76 346
v 41 76 31
s 41 77 96
v 41 77 -200
s 41 78 24
v 41 78 164
s 41 79 107
v 41 79 -10
s 41 80 8
v 41 80 -350
s 41 81 53
v 41 81 -220
s 41 82 39
v 41 82 -130
s 41 83 -122
v 41 83 -53
s 41 84 17
v 41 84 -434
s 41 85 180
v 41 85 388
s 41 86 -6
v 41 86 -281
s 41 87 -280
v 41 87 203
s 41 88 -197
v 41 88 690
s 41 89 -7
v 41 89 -51
s 41 90 -156
v 41 90 222
s 41 91 -98
v 41 91 242
s 41 92 117
v 41 92 81
s 41 93 146
v 41 93 -717
v 41 94 -97
s 41 95 -89
v 41 95 18
s 41 96 -19
v 41 96 -50
s 41 97 -306
v 41 97 595
s 41 98 68
v 41 98 38
s 41 99 -105
v 41 99 -140
s 41 100 196
v 41 100 183
s 41 101 250
v 41 101 -491
s 41 102 -15
v 41 102 311
s 41 103 94
v 41 103 110
s 41 104 -14
s 41 105 449
v 41 105 365
s 41 106 -146
v 41 106 -273
s 41 107 -54
v 41 107 290
s 41 108 -89
v 41 108 242
s 41 109 27
v 41 109 -50
s 41 110 138
v 41 110 97
s 41 111 54
v 41 111 -106
s 41 112 -92
v 41 112 -396
s 41 113 70
v 41 113 -250
s 41 114 -16
v 41 114 -330
s 41 119 74
v 41 119 275
s 41 120 -29
v 41 120 -652
s 41 121 335
v 41 121 -221
s 41 123 45
v 41 123 562
s 41 126 -8
v 41 126 114
s 41 128 29
v 41 128 82
s 41 129 31
v 41 129 278
s 41 131 -19
v 41 131 -150
s 41 135 73
v 41 135 54
s 41 136 -240
v 41 136 175
s 41 137 56
v 41 137 369
s 41 138 -46
v 41 138 -68
s 41 145 -29
v 41 145 -465
s 41 155 -39
v 41 155 145
s 42 43 -57
v 42 43 -98
s 42 44 -227
v 42 44 -42
s 42 45 282
v 42 45 379
s 42 46 -258
v 42 46 227
s 42 47 -152
v 42 47 -207
s 42 48 -111
v 42 48 445
s 42 49 -183
v 42 49 -88
s 42 50 15
v 42 50 -221
s 42 51 -92
v 42 51 -120
s 42 52 31
v 42 52 -151
s 42 53 -230
v 42 53 -300
s 42 54 -201
v 42 54 -764
s 42 55 -136
v 42 55 -714
s 42 56 338
v 42 56 162
s 42 57 -162
v 42 57 -236
s 42 58 -106
v 42 58 -62
s 42 59 71
v 42 59 354
s 42 60 81
v 42 60 390
s 42 61 16
v 42 61 -316
s 42 62 128
v 42 62 -291
s 42 63 -232
v 42 63 -97
s 42 64 -44
v 42 64 -574
s 42 65 -85
v 42 65 169
s 42 66 -22
v 42 66 -168
s 42 67 -229
v 42 67 7
s 42 68 70
v 42 68 149
s 42 69 -36
v 42 69 610
s 42 70 242
v 42 70 698
s 42 71 -28
v 42 71 309
s 42 72 171
v 42 72 -82
s 42 73 -201
v 42 73 -495
s 42 74 355
v 42 74 -171
s 42 75 -225
v 42 75 370
s 42 76 -87
v 42 76 639
s 42 77 -61
v 42 77 -21
s 42 78 -11
v 42 78 -146
s 42 79 17
v 42 79 346
s 42 80 31
v 42 80 -100
s 42 81 -25
v 42 81 -351
s 42 82 -9
v 42 82 -555
s 42 83 -115
v 42 83 292
s 42 84 -85
v 42 84 97
s 42 85 -186
v 42 85 -1030
s 42 86 -40
v 42 86 -28
s 42 87 171
v 42 87 340
s 42 88 332
v 42 88 1057
s 42 89 -53
v 42 89 -254
s 42 90 -91
v 42 90 -397
s 42 91 -251
v 42 91 17
s 42 92 38
v 42 92 163
s 42 93 -250
v 42 93 -747
s 42 94 -164
v 42 94 277
s 42 95 43
v 42 95 418
s 42 96 160
v 42 96 20
s 42 97 14
v 42 97 546
s 42 98 -84
v 42 98 -539
s 42 99 -17
v 42 99 -834
s 42 100 -182
v 42 100 212
s 42 101 -95
v 42 101 425
s 42 102 -68
v 42 102 -217
s 42 103 21
v 42 103 146
s 42 104 -147
v 42 104 716
s 42 105 154
v 42 105 208
s 42 106 -395
v 42 106 -394
s 42 107 -206
v 42 107 183
s 42 108 42
v 42 108 -436
s 42 109 67
v 42 109 -123
s 42 110 -40
v 42 110 -610
s 42 111 -238
v 42 111 -141
s 42 112 241
v 42 112 -272
s 42 113 -237
v 42 113 -180
s 42 114 -39
v 42 114 325
s 42 119 110
v 42 119 11
s 42 120 143
v 42 120 -327
s 42 121 344
v 42 121 447
s 42 123 -192
v 42 123 62
s 42 126 341
v 42 126 562
s 42 128 -119
v 42 128 -482
s 42 129 77
v 42 129 93
s 42 131 237
v 42 131 -13
s 42 135 -87
v 42 135 -179
s 42 136 130
v 42 136 493
s 42 137 112
v 42 137 -7
s 42 138 -23
v 42 138 -245
s 42 145 130
v 42 145 460
s 42 155 -28
v 42 155 -243
s 43 44 254
v 43 44 143
s 43 45 9
v 43 45 -58
s 43 46 223
v 43 46 -339
s 43 47 -87
v 43 47 413
s 43 48 -122
v 43 48 -308
s 43 49 234
v 43 49 253
s 43 50 162
v 43 50 -77
s 43 51 72
v 43 51 10
s 43 52 50
v 43 52 42
s 43 53 121
v 43 53 -63
s 43 54 -336
v 43 54 896
s 43 55 60
v 43 55 116
s 43 56 -66
v 43 56 -307
s 43 57 -64
v 43 57 26
s 43 58 123
v 43 58 179
s 43 59 82
v 43 59 252
s 43 60 -214
v 43 60 -380
s 43 61 -9
v 43 61 16
s 43 62 85
v 43 62 -86
s 43 63 93
v 43 63 172
s 43 64 -160
v 43 64 119
s 43 65 13
v 43 65 30
s 43 66 -8
v 43 66 -21
s 43 67 -55
v 43 67 -169
s 43 68 30
v 43 68 -404
s 43 69 17
v 43 69 143
s 43 70 -146
s 43 71 197
v 43 71 -328
s 43 72 -226
v 43 72 74
s 43 73 22
v 43 73 112
s 43 74 -19
v 43 74 -489
s 43 75 -9
v 43 75 147
s 43 76 74
v 43 76 294
s 43 77 99
v 43 77 -126
s 43 78 -11
v 43 78 -125
s 43 79 9
v 43 79 -71
s 43 80 -32
v 43 80 195
s 43 81 138
v 43 81 -83
s 43 82 71
v 43 82 266
s 43 83 24
v 43 83 -103
s 43 84 404
v 43 84 513
s 43 85 -249
v 43 85 -285
s 43 86 -95
v 43 86 -125
s 43 87 216
v 43 87 25
s 43 88 170
v 43 88 -135
s 43 89 16
v 43 89 -13
v 43 90 -316
s 43 91 -86
v 43 91 -136
s 43 92 -87
v 43 92 -124
s 43 93 -109
v 43 93 166
s 43 94 84
v 43 94 96
s 43 95 -14
v 43 95 62
s 43 96 -36
v 43 96 141
s 43 97 152
v 43 97 -293
s 43 98 -23
v 43 98 316
s 43 99 -59
v 43 99 -399
s 43 100 47
v 43 100 -338
s 43 101 -300
v 43 101 398
s 43 102 30
v 43 102 257
s 43 103 38
v 43 103 144
s 43 104 -144
v 43 104 -152
s 43 105 -23
v 43 105 175
s 43 106 -11
v 43 106 277
s 43 107 52
v 43 107 317
s 43 108 -124
v 43 108 -89
s 43 109 6
v 43 109 -597
s 43 110 -75
v 43 110 -109
s 43 111 -169
v 43 111 -391
s 43 112 -239
v 43 112 216
s 43 113 -12
v 43 113 -151
s 43 114 25
v 43 114 -274
s 43 119 75
v 43 119 68
v 43 120 365
s 43 121 -170
v 43 121 157
s 43 123 -94
v 43 123 62
s 43 126 110
v 43 126 94
v 43 128 -311
s 43 129 167
v 43 129 -163
s 43 131 -203
v 43 131 420
s 43 135 -147
v 43 135 -48
s 43 136 126
v 43 136 -574
s 43 137 9
v 43 138 -450
s 43 145 -72
v 43 145 146
v 43 155 5
s 44 45 -31
v 44 45 -144
s 44 46 -97
v 44 46 -96
s 44 47 393
v 44 47 -670
s 44 48 -19
v 44 48 -394
s 44 49 -370
v 44 49 -89
s 44 50 100
v 44 50 -469
s 44 51 -46
v 44 51 153
s 44 52 -64
v 44 52 10
s 44 53 -549
v 44 53 337
s 44 54 -194
v 44 54 56
s 44 55 -80
v 44 55 -56
s 44 56 -153
v 44 56 143
s 44 57 -21
v 44 57 -47
s 44 58 -125
v 44 58 106
s 44 59 -23
v 44 59 1097
s 44 60 46
v 44 60 277
s 44 61 45
v 44 61 -59
s 44 62 -102
v 44 62 -244
s 44 63 186
v 44 63 -195
v 44 64 146
s 44 65 -34
v 44 65 -79
s 44 66 -35
v 44 66 70
s 44 67 -105
v 44 67 659
v 44 68 331
s 44 69 -305
v 44 69 -199
v 44 70 -170
s 44 71 25
v 44 71 -534
s 44 72 60
v 44 72 120
s 44 73 -40
v 44 73 266
s 44 74 475
v 44 74 550
s 44 75 321
v 44 75 -305
s 44 76 -263
v 44 76 224
s 44 77 65
v 44 77 -182
s 44 78 26
v 44 78 185
s 44 79 -38
v 44 79 -303
s 44 80 -190
v 44 80 9
s 44 81 7
v 44 81 175
s 44 82 -78
s 44 83 -64
v 44 83 -154
s 44 84 28
v 44 84 -495
s 44 85 154
v 44 85 858
s 44 86 -29
v 44 86 541
s 44 87 177
v 44 87 406
s 44 88 -139
v 44 88 -223
s 44 89 -8
v 44 89 46
s 44 90 -399
v 44 90 256
s 44 91 -148
v 44 91 132
s 44 92 152
v 44 92 169
s 44 93 83
v 44 93 -372
s 44 94 9
v 44 94 -182
s 44 95 -64
v 44 95 -50
s 44 96 -50
v 44 96 -225
s 44 97 434
v 44 97 187
s 44 98 -35
v 44 98 -79
s 44 99 73
v 44 99 -149
s 44 100 -252
v 44 100 163
s 44 101 373
v 44 101 136
s 44 102 -231
v 44 102 -22
s 44 103 46
v 44 103 7
s 44 104 -130
v 44 104 -360
s 44 105 132
v 44 105 -246
s 44 106 -8
v 44 106 -339
s 44 107 -116
v 44 107 -216
s 44 108 90
v 44 108 364
s 44 109 -88
v 44 109 39
s 44 110 92
v 44 110 -183
s 44 111 53
v 44 111 181
s 44 112 -129
v 44 112 12
s 44 113 -145
v 44 113 243
s 44 114 24
v 44 114 254
s 44 119 -104
v 44 119 -171
s 44 120 88
v 44 120 -155
s 44 121 231
v 44 121 431
s 44 123 -94
v 44 123 -508
s 44 126 195
v 44 126 69
s 44 128 89
v 44 128 532
s 44 129 -7
v 44 129 -34
s 44 131 42
v 44 131 -94
s 44 135 95
v 44 135 -973
s 44 136 13
v 44 136 188
s 44 137 -145
v 44 137 -287
s 44 138 85
v 44 138 80
s 44 145 7
v 44 145 416
s 44 155 -18
v 44 155 -60
s 45 46 -50
v 45 46 -279
s 45 47 57
v 45 47 258
s 45 48 -18
v 45 48 148
s 45 49 370
v 45 49 542
s 45 50 -37
v 45 50 365
s 45 51 -182
v 45 51 -330
s 45 52 45
v 45 52 324
s 45 53 -16
v 45 53 149
s 45 54 222
v 45 54 41
s 45 55 57
v 45 55 -380
s 45 56 74
v 45 56 103
s 45 57 -8
v 45 57 149
s 45 58 20
v 45 58 7
s 45 59 -64
v 45 59 -313
s 45 60 -87
v 45 60 -267
s 45 61 7
v 45 61 -124
s 45 62 -52
v 45 62 -26
s 45 63 102
v 45 63 207
s 45 64 40
v 45 64 -161
s 45 65 -19
v 45 65 -84
s 45 66 6
v 45 66 -34
s 45 67 -189
v 45 67 -227
s 45 68 143
v 45 68 170
s 45 69 -117
v 45 69 -306
s 45 70 126
v 45 70 -474
s 45 71 72
v 45 71 -589
s 45 72 -20
v 45 72 109
s 45 73 32
v 45 73 39
s 45 74 23
v 45 74 -303
s 45 75 -177
v 45 75 -6
v 45 76 -81
s 45 77 -83
v 45 77 143
s 45 78 -100
v 45 78 45
v 45 79 356
s 45 80 42
v 45 80 98
s 45 81 102
v 45 81 39
s 45 82 113
v 45 82 -40
s 45 83 75
v 45 83 -219
s 45 84 -37
v 45 84 220
s 45 85 -110
v 45 85 237
s 45 86 187
v 45 86 -27
s 45 87 -201
v 45 87 653
v 45 88 -367
s 45 89 8
v 45 89 80
s 45 90 -102
v 45 90 -105
s 45 91 61
v 45 91 -231
s 45 92 38
v 45 92 -251
s 45 93 -284
v 45 93 281
s 45 94 94
v 45 94 128
v 45 95 61
v 45 96 104
s 45 97 254
v 45 97 -353
s 45 98 85
v 45 98 306
s 45 99 -125
v 45 99 182
s 45 100 -46
v 45 100 -284
s 45 101 -253
v 45 101 -309
s 45 102 26
v 45 102 -67
s 45 103 -37
v 45 103 -29
s 45 104 96
v 45 104 791
s 45 105 -155
v 45 105 130
s 45 106 -143
v 45 106 -195
s 45 107 81
v 45 107 105
s 45 108 156
s 45 109 62
v 45 109 35
s 45 110 -15
v 45 110 -264
s 45 111 -118
v 45 111 -76
s 45 112 -21
v 45 112 203
s 45 113 -12
v 45 113 -146
s 45 114 -38
v 45 114 -135
s 45 119 23
v 45 119 319
s 45 120 -276
v 45 120 67
s 45 121 73
v 45 121 313
s 45 123 -163
v 45 123 160
s 45 126 -31
v 45 126 27
s 45 128 158
v 45 128 -141
s 45 129 257
v 45 129 -144
s 45 131 -175
v 45 131 -177
v 45 135 -557
s 45 136 -69
v 45 136 72
s 45 137 -20
v 45 137 -378
s 45 138 32
v 45 138 -42
s 45 145 -189
v 45 145 16
s 45 155 13
v 45 155 -18
s 46 47 -93
v 46 47 136
s 46 48 -127
v 46 48 -396
s 46 49 184
v 46 49 -135
s 46 50 -19
v 46 50 9
s 46 51 -32
v 46 51 101
s 46 52 24
v 46 52 331
s 46 53 -70
v 46 53 117
s 46 54 -22
v 46 54 45
s 46 55 111
v 46 55 -151
v 46 56 -399
s 46 57 -6
v 46 57 -121
s 46 58 -78
v 46 58 86
s 46 59 -86
v 46 59 75
s 46 60 -34
v 46 60 577
s 46 61 -33
v 46 61 279
v 46 62 21
s 46 63 -49
v 46 63 11
s 46 64 -14
v 46 64 99
s 46 65 60
v 46 65 -60
s 46 66 -11
v 46 66 76
s 46 67 -37
v 46 67 -636
s 46 68 33
v 46 68 -338
s 46 69 69
v 46 69 281
s 46 70 9
v 46 70 199
s 46 71 189
v 46 71 29
s 46 72 139
v 46 72 -44
s 46 73 -44
v 46 73 17
s 46 74 -248
v 46 74 503
s 46 75 75
v 46 75 -81
s 46 76 -89
v 46 76 255
s 46 77 -17
v 46 77 -53
s 46 78 159
v 46 78 -18
s 46 79 -26
v 46 79 -31
s 46 80 51
v 46 80 57
s 46 81 57
v 46 81 -205
s 46 82 -101
v 46 82 -32
s 46 83 104
v 46 83 -42
s 46 84 154
v 46 84 107
s 46 85 81
v 46 85 23
s 46 86 -164
v 46 86 463
s 46 87 104
v 46 87 166
s 46 88 -122
v 46 88 396
s 46 89 -14
v 46 89 -16
s 46 90 122
v 46 90 171
s 46 91 -70
v 46 91 265
s 46 92 113
v 46 92 34
s 46 93 -10
v 46 93 -952
s 46 94 15
s 46 95 81
v 46 95 7
s 46 96 -154
v 46 96 -51
s 46 97 -199
v 46 97 173
s 46 98 96
v 46 98 199
s 46 99 -7
v 46 99 -162
s 46 100 263
v 46 100 -78
s 46 101 -7
v 46 101 259
s 46 102 49
v 46 102 56
s 46 103 -45
v 46 103 -26
s 46 104 83
v 46 104 283
s 46 105 134
v 46 105 322
s 46 106 -45
v 46 106 -166
s 46 107 -38
v 46 107 74
s 46 108 56
v 46 108 -273
s 46 109 -87
v 46 109 -614
s 46 110 -73
v 46 110 -109
s 46 111 -92
v 46 111 -60
s 46 112 18
v 46 112 62
s 46 113 75
v 46 113 -21
s 46 114 -120
v 46 114 -55
s 46 119 -78
v 46 119 -347
s 46 120 21
s 46 121 16
v 46 121 65
s 46 123 -145
v 46 123 -52
s 46 126 -29
v 46 126 -21
s 46 128 70
v 46 128 -166
s 46 129 -63
v 46 129 130
s 46 131 110
v 46 131 -123
s 46 135 -97
v 46 135 108
s 46 136 146
v 46 136 25
s 46 137 -7
v 46 137 -38
s 46 138 -25
v 46 138 213
s 46 145 80
v 46 145 130
s 46 155 -105
v 46 155 -8
s 47 48 -57
v 47 48 -734
s 47 49 -35
v 47 49 718
s 47 50 -146
v 47 50 -29
s 47 51 32
v 47 51 258
s 47 52 105
v 47 52 41
v 47 53 -474
s 47 54 -118
v 47 54 471
s 47 55 -132
v 47 55 -270
s 47 56 -64
v 47 56 -635
s 47 57 -198
v 47 57 163
s 47 58 176
v 47 58 119
s 47 59 -83
v 47 59 251
s 47 60 -86
v 47 60 230
s 47 61 53
v 47 61 -95
v 47 62 -530
s 47 63 15
v 47 63 -316
s 47 64 -90
v 47 64 405
s 47 65 -46
v 47 65 -94
s 47 66 14
v 47 66 -18
s 47 67 200
v 47 67 77
s 47 68 -61
v 47 68 -278
s 47 69 16
v 47 69 -65
s 47 70 100
v 47 70 136
s 47 71 -233
v 47 71 203
s 47 72 9
v 47 72 43
s 47 73 116
v 47 73 289
s 47 74 477
v 47 74 -212
s 47 75 -106
v 47 75 372
s 47 76 -307
v 47 76 -92
s 47 77 86
v 47 77 93
s 47 78 -81
v 47 78 -31
s 47 79 -10
v 47 79 -177
s 47 80 -46
v 47 80 84
s 47 81 -54
v 47 81 -129
s 47 82 43
v 47 82 108
s 47 83 110
v 47 83 15
s 47 84 40
v 47 84 355
s 47 85 221
v 47 85 -104
s 47 86 17
v 47 86 -15
s 47 87 -314
v 47 87 563
s 47 88 -73
v 47 88 -221
s 47 89 -57
v 47 89 -137
s 47 90 -117
v 47 90 142
s 47 91 92
v 47 91 233
s 47 92 82
s 47 93 -125
v 47 93 625
s 47 94 -26
v 47 94 -268
s 47 95 28
v 47 95 61
s 47 96 186
v 47 96 -226
s 47 97 66
v 47 97 272
s 47 98 55
v 47 98 246
s 47 99 -28
v 47 99 274
s 47 100 63
v 47 100 406
s 47 101 156
v 47 101 -335
s 47 102 -34
v 47 102 -338
s 47 103 52
v 47 103 38
s 47 104 -10
v 47 104 -46
s 47 105 142
v 47 105 67
s 47 106 132
v 47 106 29
s 47 107 94
v 47 107 -241
s 47 108 -69
v 47 108 49
s 47 109 220
v 47 109 -279
s 47 110 -76
v 47 110 -253
s 47 111 217
v 47 111 128
s 47 112 133
v 47 112 -130
s 47 113 -78
v 47 113 -323
s 47 114 -113
v 47 114 158
v 47 119 301
s 47 120 -93
v 47 120 -355
s 47 121 -179
v 47 121 351
s 47 123 -137
v 47 123 -356
s 47 126 -62
v 47 126 -276
s 47 128 32
v 47 128 -209
s 47 129 -118
s 47 131 -20
v 47 131 -104
s 47 135 88
v 47 135 -130
s 47 136 247
v 47 136 264
s 47 137 35
v 47 137 -159
s 47 138 -63
v 47 138 179
s 47 145 -91
v 47 145 -258
s 47 155 -146
v 47 155 189
s 48 49 55
v 48 49 -470
s 48 50 -194
v 48 50 150
s 48 51 192
v 48 51 -5
s 48 52 -47
v 48 52 66
s 48 53 184
v 48 53 -312
s 48 54 -53
v 48 54 -890
s 48 55 63
v 48 55 -251
s 48 56 192
v 48 56 -38
s 48 57 103
v 48 57 169
s 48 58 38
v 48 58 -260
s 48 59 168
v 48 59 142
s 48 60 417
v 48 60 -52
s 48 61 8
v 48 61 -213
s 48 62 11
v 48 62 -235
s 48 63 105
v 48 63 -7
s 48 64 -133
v 48 64 -323
v 48 65 -12
s 48 66 35
v 48 66 -23
s 48 67 -156
v 48 67 106
s 48 68 -324
v 48 68 -317
s 48 69 -118
v 48 69 238
s 48 70 20
v 48 70 -70
s 48 71 320
v 48 71 -799
s 48 72 -31
v 48 72 -98
s 48 73 -61
v 48 73 522
s 48 74 -312
v 48 74 -360
s 48 75 -382
v 48 75 368
s 48 76 68
v 48 76 76
s 48 77 86
v 48 77 52
s 48 78 32
v 48 78 -326
s 48 79 24
v 48 79 55
s 48 80 63
v 48 80 496
s 48 81 83
v 48 81 173
s 48 82 -38
v 48 82 275
s 48 83 -168
v 48 83 77
v 48 84 -266
s 48 85 -359
v 48 85 639
s 48 86 -51
v 48 86 -176
s 48 87 141
v 48 87 -244
s 48 88 83
v 48 88 -661
s 48 89 -55
v 48 89 -284
s 48 90 -205
v 48 90 -286
s 48 91 -68
v 48 91 343
s 48 92 170
v 48 92 240
s 48 93 -67
v 48 93 -433
s 48 94 -8
v 48 94 -89
s 48 95 -19
v 48 95 -178
s 48 96 -228
v 48 96 -160
s 48 97 -41
v 48 97 382
s 48 98 109
v 48 98 471
s 48 99 -215
v 48 99 382
s 48 100 254
v 48 100 200
s 48 101 -218
v 48 101 -155
s 48 102 31
v 48 102 66
s 48 103 130
v 48 103 207
s 48 104 20
v 48 104 -172
s 48 105 20
v 48 105 -571
s 48 106 134
v 48 106 -157
s 48 107 449
v 48 107 291
s 48 108 -33
v 48 108 306
s 48 109 -38
v 48 109 -111
s 48 110 -245
v 48 110 323
s 48 111 -37
v 48 111 -165
s 48 112 -274
v 48 112 191
s 48 113 139
v 48 113 163
v 48 114 -171
s 48 119 -181
v 48 119 -168
s 48 120 -51
v 48 120 201
s 48 121 -6
v 48 121 648
s 48 123 151
v 48 123 -108
s 48 126 101
v 48 126 105
s 48 128 -52
v 48 128 44
s 48 129 18
v 48 129 -216
s 48 131 24
v 48 131 150
s 48 135 -176
v 48 135 236
s 48 136 381
v 48 136 403
s 48 137 141
v 48 137 -603
s 48 138 11
v 48 138 53
s 48 145 148
v 48 145 -51
s 48 155 71
v 48 155 -38
s 49 50 -44
v 49 50 -174
s 49 51 148
v 49 51 -128
s 49 52 -100
v 49 52 -159
s 49 53 27
v 49 53 -193
s 49 54 38
v 49 54 -518
s 49 55 -134
v 49 55 -389
s 49 56 -111
v 49 56 317
s 49 57 -230
v 49 57 181
s 49 58 -96
v 49 58 -86
s 49 59 47
v 49 59 248
s 49 60 53
v 49 60 663
s 49 61 41
v 49 61 518
s 49 62 -216
v 49 62 174
s 49 63 300
v 49 63 320
s 49 64 -126
v 49 64 -97
s 49 65 58
v 49 65 40
s 49 66 -5
v 49 66 244
s 49 67 605
v 49 67 -438
s 49 68 -122
v 49 68 -11
s 49 69 -145
v 49 69 -27
s 49 70 137
v 49 70 248
s 49 71 -225
v 49 71 -580
s 49 72 -17
v 49 72 -468
s 49 73 -12
v 49 73 161
s 49 74 -266
v 49 74 189
s 49 75 -150
v 49 75 7
s 49 76 32
v 49 76 -297
s 49 77 43
v 49 77 241
s 49 78 105
v 49 78 173
s 49 79 49
v 49 79 129
s 49 80 40
v 49 80 -18
s 49 81 73
v 49 81 193
s 49 82 -191
v 49 82 -15
s 49 83 -257
v 49 83 35
s 49 84 -252
v 49 84 -246
s 49 85 132
v 49 85 -582
s 49 86 -347
v 49 86 -371
s 49 87 -273
v 49 87 204
s 49 88 102
v 49 88 218
s 49 89 -51
v 49 89 19
s 49 90 249
v 49 90 -398
s 49 91 131
v 49 91 289
s 49 92 16
v 49 92 -48
s 49 93 204
v 49 93 113
s 49 94 59
v 49 94 246
s 49 95 -38
v 49 95 -139
s 49 96 218
v 49 96 20
s 49 97 221
v 49 97 -21
s 49 98 87
v 49 98 -289
s 49 99 -208
v 49 99 150
s 49 100 -187
v 49 100 190
s 49 101 -45
v 49 101 388
v 49 102 -468
s 49 103 -13
v 49 103 -112
s 49 104 21
v 49 104 225
s 49 105 223
v 49 105 758
s 49 106 -78
v 49 106 345
s 49 107 125
v 49 107 219
s 49 108 -140
v 49 108 229
s 49 109 44
v 49 109 79
s 49 110 388
v 49 110 -352
s 49 111 54
v 49 111 -32
s 49 112 129
v 49 112 -29
s 49 113 -112
v 49 113 -302
s 49 114 -88
v 49 114 101
s 49 119 27
v 49 119 241
s 49 120 -100
v 49 120 142
s 49 121 -283
v 49 121 108
s 49 123 -144
v 49 123 -83
s 49 126 15
v 49 126 181
s 49 128 21
v 49 128 144
s 49 129 -9
v 49 129 104
s 49 131 255
v 49 131 497
s 49 135 181
v 49 135 161
s 49 136 -222
v 49 136 -142
s 49 137 234
v 49 137 313
s 49 138 -81
v 49 138 250
s 49 145 206
v 49 145 204
s 49 155 127
v 49 155 -271
s 50 51 -139
v 50 51 -100
s 50 52 24
v 50 52 -308
s 50 53 -137
v 50 53 -116
s 50 54 87
v 50 54 362
s 50 55 56
v 50 55 -92
s 50 56 20
v 50 56 531
s 50 57 -57
v 50 57 6
s 50 58 -8
v 50 58 150
s 50 59 148
v 50 59 -382
s 50 60 86
v 50 60 182
s 50 61 32
v 50 61 -46
s 50 62 -49
v 50 62 -106
s 50 63 -93
v 50 63 -29
s 50 64 10
v 50 64 -384
v 50 65 -15
s 50 66 6
v 50 66 -13
s 50 67 32
v 50 67 -38
s 50 68 -24
v 50 68 -233
s 50 69 -129
v 50 69 -457
s 50 70 -19
v 50 70 -121
s 50 71 -335
v 50 71 273
s 50 72 108
v 50 72 -173
s 50 73 -26
v 50 73 212
s 50 74 124
v 50 74 97
s 50 75 151
v 50 75 -225
s 50 76 -21
v 50 76 -66
s 50 77 104
v 50 77 -174
s 50 78 -93
v 50 78 -78
s 50 79 30
v 50 79 -191
s 50 80 -55
v 50 80 35
v 50 81 -45
s 50 82 97
v 50 82 54
s 50 83 -11
v 50 83 254
s 50 84 -9
v 50 84 -305
s 50 85 132
v 50 85 -222
s 50 86 127
v 50 86 547
s 50 87 -185
v 50 87 101
s 50 88 127
v 50 88 370
s 50 89 -28
v 50 89 256
s 50 90 13
v 50 90 -354
s 50 91 59
v 50 91 -388
s 50 92 -36
v 50 92 -43
s 50 93 30
v 50 93 -486
s 50 94 -163
v 50 94 -62
s 50 95 117
v 50 95 45
s 50 96 -195
v 50 96 41
s 50 97 220
v 50 97 227
s 50 98 -79
v 50 98 327
s 50 99 89
v 50 99 -64
s 50 100 76
v 50 100 53
s 50 101 70
v 50 101 240
s 50 102 27
v 50 102 109
s 50 103 -86
v 50 103 175
s 50 104 20
v 50 104 490
s 50 105 78
v 50 105 132
s 50 106 -88
v 50 106 242
s 50 107 89
v 50 107 -123
v 50 108 -241
s 50 109 189
v 50 109 286
s 50 110 -114
v 50 110 9
s 50 111 -102
v 50 111 168
s 50 112 97
v 50 112 -140
s 50 113 110
v 50 113 -201
s 50 114 8
v 50 114 -222
s 50 119 -118
v 50 119 -254
s 50 120 175
v 50 120 260
s 50 121 128
v 50 121 55
s 50 123 -9
v 50 123 333
s 50 126 -6
v 50 126 -191
s 50 128 -298
v 50 128 -205
s 50 129 -200
v 50 129 56
s 50 131 -133
v 50 131 35
s 50 135 -133
v 50 135 8
s 50 136 29
v 50 136 -20
s 50 137 83
v 50 137 130
s 50 138 -26
v 50 138 176
s 50 145 -93
v 50 145 -140
s 50 155 89
v 50 155 -34
s 51 52 -29
v 51 52 -111
s 51 53 5
v 51 53 238
s 51 54 -29
v 51 54 43
s 51 55 43
v 51 55 148
s 51 56 70
v 51 56 44
s 51 57 68
v 51 57 -6
s 51 58 80
v 51 58 7
s 51 59 106
v 51 59 -187
s 51 60 -150
v 51 60 -12
s 51 61 57
v 51 61 -19
s 51 62 69
v 51 62 87
s 51 63 -117
v 51 63 -147
s 51 64 -136
v 51 64 156
s 51 65 29
v 51 65 -63
s 51 66 43
v 51 66 39
s 51 67 -140
v 51 67 -184
s 51 68 -17
v 51 68 -267
s 51 69 21
v 51 69 -7
s 51 70 65
v 51 70 52
s 51 71 -232
v 51 71 171
s 51 72 38
v 51 72 -219
s 51 73 -43
v 51 73 -59
s 51 74 -48
v 51 74 128
s 51 75 97
v 51 75 12
s 51 76 -261
v 51 76 -324
s 51 77 10
v 51 77 -109
s 51 78 -36
v 51 78 184
s 51 79 -6
v 51 79 -13
s 51 80 -53
v 51 80 51
s 51 81 38
v 51 81 -297
s 51 82 -35
v 51 82 -113
s 51 83 -19
v 51 83 -137
s 51 84 116
v 51 84 -16
s 51 85 -43
v 51 85 -288
s 51 86 -296
v 51 86 270
s 51 87 152
v 51 87 -31
s 51 88 8
v 51 88 -141
s 51 89 -45
v 51 89 -20
s 51 90 6
v 51 90 324
s 51 91 18
v 51 91 -204
s 51 92 5
v 51 92 -147
s 51 93 -182
v 51 93 375
s 51 94 96
v 51 94 -80
s 51 95 -13
v 51 95 133
s 51 96 38
v 51 96 -103
s 51 97 -132
v 51 97 206
s 51 98 19
v 51 98 -190
v 51 99 127
s 51 100 82
v 51 100 283
s 51 101 -22
v 51 101 -115
s 51 102 8
v 51 102 -72
s 51 103 34
v 51 103 -35
s 51 104 -65
v 51 104 -23
s 51 105 -17
v 51 105 -265
s 51 106 -22
v 51 106 105
s 51 107 120
v 51 107 12
s 51 108 5
v 51 108 64
s 51 109 -175
v 51 109 46
s 51 110 166
v 51 110 60
s 51 111 42
s 51 112 -123
v 51 112 -341
s 51 113 -100
v 51 113 -68
s 51 114 75
v 51 114 -99
s 51 119 -108
v 51 119 -115
s 51 120 73
v 51 120 230
s 51 121 -74
v 51 121 -103
s 51 123 68
v 51 123 493
s 51 126 45
v 51 126 -79
s 51 128 75
v 51 128 292
s 51 129 -14
s 51 131 59
v 51 131 16
s 51 135 167
v 51 135 180
s 51 136 -183
v 51 136 151
s 51 137 31
v 51 137 169
s 51 138 -188
v 51 138 -45
s 51 145 -47
v 51 145 131
s 51 155 -97
v 51 155 51
s 52 53 81
v 52 53 -155
s 52 54 159
v 52 54 153
s 52 55 91
v 52 55 111
s 52 56 -25
v 52 56 70
s 52 57 -69
v 52 57 -117
s 52 58 58
v 52 58 10
s 52 59 110
v 52 59 7
v 52 60 -31
s 52 61 -42
v 52 61 6
s 52 62 -29
v 52 62 -371
s 52 63 -29
v 52 63 54
s 52 64 -58
v 52 64 -128
s 52 65 35
v 52 65 -12
s 52 66 12
v 52 66 -23
s 52 67 -46
v 52 67 162
s 52 68 -16
v 52 68 80
s 52 69 52
v 52 69 -153
s 52 70 -120
v 52 70 147
s 52 71 -64
v 52 71 12
s 52 72 -115
s 52 73 -20
s 52 74 -7
v 52 74 279
s 52 75 24
v 52 75 -55
s 52 76 56
v 52 76 -282
v 52 77 34
s 52 78 11
v 52 78 17
s 52 79 58
v 52 79 57
s 52 80 -19
v 52 80 9
s 52 81 -91
v 52 81 183
s 52 82 64
v 52 82 121
s 52 83 -82
v 52 83 210
s 52 84 72
v 52 84 -72
s 52 85 -177
v 52 85 -180
s 52 86 59
v 52 86 227
s 52 87 -97
v 52 87 -313
s 52 88 -39
v 52 88 -210
v 52 89 78
s 52 90 64
v 52 90 -241
s 52 91 869
v 52 91 156
s 52 92 43
v 52 92 97
s 52 93 -164
v 52 93 107
s 52 94 15
v 52 94 -108
v 52 95 -93
s 52 96 43
v 52 96 149
s 52 97 10
v 52 97 -233
s 52 98 -103
v 52 98 150
s 52 99 -11
v 52 99 -247
s 52 100 39
v 52 100 148
s 52 101 -45
v 52 101 -568
s 52 102 19
v 52 102 68
s 52 103 9
v 52 103 -53
s 52 104 -225
v 52 104 8
s 52 105 109
v 52 105 102
s 52 106 37
v 52 106 -7
s 52 107 -16
v 52 107 449
s 52 108 11
v 52 108 -47
s 52 109 -68
v 52 109 -272
s 52 110 -12
v 52 110 -41
s 52 111 86
v 52 111 -8
s 52 112 57
v 52 112 227
s 52 113 56
v 52 113 103
s 52 114 -21
s 52 119 -132
v 52 119 -188
s 52 120 -60
v 52 120 52
s 52 121 -103
v 52 121 368
s 52 123 45
s 52 126 -92
v 52 126 -199
s 52 128 -130
v 52 128 201
s 52 129 88
v 52 129 -30
s 52 131 69
v 52 131 -233
s 52 135 -13
v 52 135 -44
s 52 136 -18
v 52 136 -89
v 52 137 461
v 52 138 95
s 52 145 -42
v 52 145 77
s 52 155 34
v 52 155 23
s 53 54 -298
v 53 54 293
s 53 55 106
v 53 55 -65
s 53 56 28
v 53 56 38
s 53 57 -41
v 53 57 136
s 53 58 -53
v 53 58 61
s 53 59 -52
v 53 59 164
s 53 60 155
v 53 60 -586
v 53 61 -170
s 53 62 -49
v 53 62 -263
s 53 63 66
v 53 63 -194
s 53 64 256
v 53 64 87
s 53 65 19
v 53 65 -122
s 53 66 -8
v 53 66 -38
s 53 67 148
v 53 67 -313
s 53 68 147
v 53 68 -28
s 53 69 -142
v 53 69 192
s 53 70 220
v 53 70 244
s 53 71 192
v 53 71 205
s 53 72 131
v 53 72 -11
s 53 73 -111
v 53 73 31
s 53 74 103
v 53 74 171
s 53 75 -169
v 53 75 529
s 53 76 50
v 53 76 284
s 53 77 -56
v 53 77 -139
s 53 78 49
v 53 78 -198
s 53 79 78
v 53 79 -219
s 53 80 -156
v 53 80 55
s 53 81 -12
v 53 81 -97
s 53 82 69
v 53 82 169
s 53 83 23
v 53 83 82
s 53 84 96
v 53 84 -496
s 53 85 -457
v 53 85 -847
s 53 86 -71
v 53 86 -72
s 53 87 90
v 53 87 954
s 53 88 112
v 53 88 -28
s 53 89 -16
v 53 89 -76
s 53 90 -34
v 53 90 164
s 53 91 45
v 53 91 -35
s 53 92 -63
v 53 92 24
s 53 93 88
v 53 93 -415
s 53 94 11
v 53 94 37
s 53 95 33
v 53 95 -243
s 53 96 -140
v 53 96 164
s 53 97 -42
v 53 97 -203
s 53 98 150
v 53 98 -418
s 53 99 -176
v 53 99 -145
s 53 100 133
v 53 100 -342
s 53 101 -112
v 53 101 499
s 53 102 -127
v 53 102 374
s 53 103 -65
v 53 103 -141
s 53 104 100
v 53 104 104
s 53 105 -70
v 53 105 40
s 53 106 67
v 53 106 -225
s 53 107 118
v 53 107 -397
s 53 108 -152
v 53 108 230
s 53 109 112
v 53 109 -552
s 53 110 -14
v 53 110 101
s 53 111 68
v 53 111 276
s 53 112 -142
v 53 112 139
s 53 113 -100
v 53 113 -17
s 53 114 29
v 53 114 48
s 53 119 319
v 53 119 180
s 53 120 57
v 53 120 -506
s 53 121 80
v 53 121 613
s 53 123 -30
v 53 123 -215
s 53 126 114
v 53 126 -113
s 53 128 -81
v 53 128 364
s 53 129 281
v 53 129 -235
s 53 131 -57
v 53 131 -84
s 53 135 -267
v 53 135 -641
s 53 136 135
v 53 136 -346
s 53 137 -11
v 53 137 22
s 53 138 33
v 53 138 375
s 53 145 -69
v 53 145 -59
s 53 155 -114
v 53 155 -274
s 54 55 -42
v 54 55 413
s 54 56 -288
v 54 56 -92
s 54 57 -248
v 54 57 -427
s 54 58 175
v 54 58 321
s 54 59 -77
v 54 59 111
s 54 60 -198
v 54 60 -625
s 54 61 -73
v 54 61 -334
s 54 62 263
v 54 62 64
s 54 63 -227
v 54 63 206
s 54 64 -42
v 54 64 57
s 54 65 98
v 54 65 -201
s 54 66 -15
v 54 66 -167
s 54 67 -61
v 54 67 409
s 54 68 265
v 54 68 -334
s 54 69 64
v 54 69 -882
s 54 70 -74
v 54 70 -144
s 54 71 94
v 54 71 -334
s 54 72 -14
v 54 72 -210
s 54 73 22
v 54 73 374
s 54 74 206
v 54 74 542
s 54 75 11
v 54 75 -419
s 54 76 248
v 54 76 37
s 54 77 16
v 54 77 179
s 54 78 -88
v 54 78 304
s 54 79 -187
v 54 79 -23
s 54 80 -63
v 54 80 -411
s 54 81 64
v 54 81 -362
s 54 82 -96
v 54 82 -89
s 54 83 -22
v 54 83 -305
s 54 84 -173
v 54 84 241
s 54 85 -45
v 54 85 -307
s 54 86 143
v 54 86 335
s 54 87 229
v 54 87 -198
s 54 88 238
v 54 88 308
s 54 89 15
v 54 89 110
s 54 90 9
v 54 90 -84
s 54 91 58
v 54 91 -130
s 54 92 -149
v 54 92 -52
s 54 93 -58
v 54 93 -49
s 54 94 -16
v 54 94 -437
v 54 95 -203
s 54 96 33
v 54 96 1461
s 54 97 60
v 54 97 -914
s 54 98 -48
v 54 98 138
s 54 99 -70
v 54 99 -65
s 54 100 -114
v 54 100 -762
v 54 101 -691
s 54 102 297
v 54 102 96
s 54 103 -63
v 54 103 -81
s 54 104 267
v 54 104 563
s 54 105 382
v 54 105 882
s 54 106 -502
v 54 106 573
s 54 107 235
s 54 108 55
v 54 108 13
s 54 109 -32
v 54 109 336
s 54 110 -181
v 54 110 281
s 54 111 -301
v 54 111 -238
s 54 112 116
v 54 112 -284
s 54 113 -15
v 54 113 -264
s 54 114 38
v 54 114 -234
s 54 119 -18
v 54 119 364
s 54 120 -52
v 54 120 -61
s 54 121 -80
v 54 121 -303
s 54 123 211
v 54 123 369
s 54 126 121
v 54 126 -422
s 54 128 362
v 54 128 679
s 54 129 47
v 54 129 70
s 54 131 308
v 54 131 -198
s 54 135 -138
v 54 135 495
s 54 136 -16
v 54 136 -291
s 54 137 74
v 54 137 174
s 54 138 -104
s 54 145 -130
v 54 145 -559
s 54 155 68
v 54 155 519
s 55 56 -9
v 55 56 -218
s 55 57 -70
v 55 57 -74
s 55 58 -74
v 55 58 -97
s 55 59 13
v 55 59 140
s 55 60 44
v 55 60 -147
s 55 61 100
v 55 61 -50
s 55 62 575
v 55 62 116
s 55 63 17
v 55 63 -357
s 55 64 51
v 55 64 -19
s 55 65 -43
v 55 65 -67
s 55 66 -56
v 55 66 97
s 55 67 -31
v 55 67 125
s 55 68 -295
v 55 68 -248
s 55 69 -142
v 55 69 -47
s 55 70 150
v 55 70 82
s 55 71 123
v 55 71 277
s 55 72 -37
v 55 72 25
s 55 73 19
v 55 73 59
s 55 74 -239
v 55 74 -526
s 55 75 -12
v 55 75 -23
s 55 76 79
v 55 76 -394
s 55 77 -68
v 55 77 -33
s 55 78 -81
v 55 78 -205
s 55 79 -65
v 55 79 -181
s 55 80 21
v 55 80 -184
s 55 81 -184
v 55 81 131
s 55 82 20
v 55 82 -55
s 55 83 -7
v 55 83 72
s 55 84 -207
v 55 84 125
s 55 85 -108
v 55 85 130
s 55 86 170
v 55 86 -96
s 55 87 293
v 55 87 -144
s 55 88 431
v 55 88 -352
s 55 89 -130
v 55 89 41
s 55 90 37
v 55 90 96
s 55 91 39
v 55 91 -53
s 55 92 71
v 55 92 52
s 55 93 190
v 55 93 527
s 55 94 41
v 55 94 155
s 55 95 -46
v 55 95 -65
s 55 96 -9
v 55 96 -195
s 55 97 -36
v 55 97 100
s 55 98 -93
v 55 98 -252
s 55 99 -29
v 55 99 -400
s 55 100 -70
v 55 100 162
s 55 101 207
v 55 101 -162
s 55 102 -111
v 55 102 193
s 55 103 -30
v 55 103 -73
s 55 104 126
v 55 104 209
s 55 105 126
v 55 105 232
s 55 106 -25
v 55 106 -66
s 55 107 181
s 55 108 -13
v 55 108 434
s 55 109 60
v 55 109 59
s 55 110 -48
v 55 110 114
s 55 111 -33
v 55 111 -434
s 55 112 -325
v 55 112 200
s 55 113 27
v 55 113 135
s 55 114 -131
v 55 114 294
s 55 119 -5
v 55 119 315
s 55 120 -30
v 55 120 40
s 55 121 -60
v 55 121 163
s 55 123 -49
v 55 123 -220
s 55 126 246
v 55 126 171
s 55 128 -37
v 55 128 -129
s 55 129 10
v 55 129 -207
s 55 131 17
v 55 131 -321
s 55 135 -122
v 55 135 -509
s 55 136 -102
v 55 136 28
s 55 137 -78
v 55 137 74
s 55 138 22
v 55 138 249
s 55 145 24
v 55 145 -267
s 55 155 224
v 55 155 32
s 56 57 63
v 56 57 -26
s 56 58 -49
v 56 58 69
s 56 59 -27
s 56 60 -12
v 56 60 292
s 56 61 -49
v 56 61 -225
s 56 62 -203
v 56 62 -477
s 56 63 -88
v 56 63 50
s 56 64 -38
v 56 64 -25
v 56 65 87
s 56 66 -18
v 56 66 -37
s 56 67 -50
v 56 67 -30
s 56 68 -116
v 56 68 365
s 56 69 -262
v 56 69 106
s 56 70 -146
v 56 70 -183
s 56 71 -47
v 56 71 -211
s 56 72 -116
v 56 72 62
s 56 73 36
v 56 73 -43
s 56 74 -98
v 56 74 -51
s 56 75 39
v 56 75 -96
s 56 76 78
v 56 76 439
s 56 77 29
v 56 77 115
v 56 78 -146
s 56 79 19
v 56 79 -326
s 56 80 87
v 56 80 -19
s 56 81 -111
v 56 81 -23
s 56 82 17
v 56 82 69
s 56 83 105
v 56 83 -113
s 56 84 208
v 56 84 -146
s 56 85 -118
v 56 85 387
s 56 86 -64
v 56 86 162
s 56 87 222
v 56 87 88
s 56 88 57
v 56 88 -99
v 56 89 46
s 56 90 -153
v 56 90 44
s 56 91 -74
v 56 91 -38
s 56 92 9
v 56 92 97
s 56 93 -144
v 56 93 -440
s 56 94 -92
v 56 94 -58
v 56 95 -97
s 56 96 -215
v 56 96 181
s 56 97 143
v 56 97 465
s 56 98 85
v 56 98 -111
s 56 99 -60
v 56 99 -219
s 56 100 152
v 56 100 82
s 56 101 310
v 56 101 264
s 56 102 28
v 56 102 103
s 56 103 20
v 56 103 -57
s 56 104 32
v 56 104 14
s 56 105 9
v 56 105 84
s 56 106 -44
v 56 106 -197
s 56 107 36
v 56 107 57
s 56 108 -217
v 56 108 43
s 56 109 21
v 56 109 -196
s 56 110 -17
v 56 110 -98
s 56 111 85
v 56 111 118
s 56 112 -27
v 56 112 114
s 56 113 -153
v 56 113 -154
s 56 114 -31
v 56 114 -83
s 56 119 -182
v 56 119 246
s 56 120 -45
v 56 120 384
s 56 121 -7
v 56 121 -274
s 56 123 81
v 56 123 120
s 56 126 11
v 56 126 -182
s 56 128 -35
v 56 128 269
s 56 129 58
v 56 129 -40
s 56 131 -34
v 56 131 91
s 56 135 -109
v 56 135 340
s 56 136 69
v 56 136 84
s 56 137 -77
v 56 137 17
s 56 138 53
v 56 138 -69
s 56 145 55
v 56 145 369
s 56 155 -42
v 56 155 -158
s 57 58 5
v 57 58 -132
s 57 59 -84
v 57 59 -155
v 57 60 124
s 57 61 -27
v 57 61 -90
s 57 62 -167
v 57 62 94
s 57 63 41
v 57 63 297
s 57 64 132
v 57 64 130
s 57 65 35
v 57 65 57
s 57 66 -9
v 57 66 -8
s 57 67 117
v 57 67 -235
s 57 68 22
v 57 68 -43
s 57 69 60
v 57 69 -282
s 57 70 16
v 57 70 72
s 57 71 -111
v 57 71 -45
s 57 72 67
v 57 72 92
s 57 73 -30
v 57 73 -41
s 57 74 195
v 57 74 64
s 57 75 14
v 57 75 129
s 57 76 -15
v 57 76 -205
v 57 77 -29
s 57 78 11
v 57 78 -21
s 57 79 -29
v 57 79 180
s 57 80 30
v 57 80 -288
s 57 81 45
v 57 81 85
s 57 82 -17
v 57 82 -111
s 57 83 -107
v 57 83 -42
s 57 84 -11
v 57 84 -402
s 57 85 190
v 57 85 -94
s 57 86 203
v 57 86 -432
s 57 87 -9
v 57 87 -20
s 57 88 -18
v 57 88 263
s 57 89 -36
v 57 89 7
v 57 90 160
s 57 91 -52
v 57 91 -212
s 57 92 -54
v 57 92 -29
s 57 93 -197
v 57 93 -302
s 57 94 6
v 57 94 66
s 57 95 70
v 57 95 46
s 57 96 54
v 57 96 -73
s 57 97 11
v 57 97 191
s 57 98 -41
v 57 98 -148
s 57 99 -39
v 57 99 -131
s 57 100 -197
v 57 100 -107
s 57 101 96
v 57 101 -332
s 57 102 -40
v 57 102 -8
s 57 103 26
v 57 103 33
s 57 104 173
v 57 104 101
s 57 105 -20
v 57 105 -23
s 57 106 -93
v 57 106 -84
s 57 107 -80
v 57 107 -125
s 57 108 52
v 57 108 -147
s 57 109 -95
v 57 109 -467
s 57 110 36
v 57 110 43
s 57 111 -206
v 57 111 267
s 57 112 108
v 57 112 -173
s 57 113 13
v 57 113 225
s 57 114 139
v 57 114 -14
s 57 119 27
s 57 120 21
v 57 120 -171
s 57 121 74
v 57 121 -248
s 57 123 -178
v 57 123 -30
s 57 126 -75
v 57 126 27
s 57 128 125
v 57 128 -67
s 57 129 -40
v 57 129 66
s 57 131 123
v 57 131 138
s 57 135 -152
v 57 135 -61
s 57 136 46
v 57 136 484
s 57 137 39
v 57 137 239
s 57 138 -22
v 57 138 84
s 57 145 37
v 57 145 -163
s 57 155 5
v 57 155 -108
s 58 59 -28
v 58 59 81
s 58 60 -144
v 58 60 -83
s 58 61 56
v 58 61 22
s 58 62 -11
v 58 62 -200
s 58 63 22
v 58 63 -125
s 58 64 16
v 58 64 -81
s 58 65 35
v 58 65 29
s 58 66 8
v 58 66 -29
s 58 67 -108
v 58 67 -8
v 58 68 -93
s 58 69 20
v 58 69 -155
s 58 70 20
v 58 70 59
s 58 71 -9
v 58 71 221
s 58 72 -68
v 58 72 102
s 58 73 -19
v 58 73 -118
s 58 74 93
v 58 74 111
s 58 75 45
v 58 75 259
s 58 76 14
v 58 76 -173
s 58 77 26
v 58 77 139
s 58 78 28
v 58 78 -73
v 58 79 145
s 58 80 59
v 58 80 100
s 58 81 15
v 58 81 81
s 58 82 38
v 58 82 12
s 58 83 -67
v 58 83 -108
s 58 84 16
v 58 84 -163
s 58 85 181
v 58 85 184
s 58 86 131
v 58 86 -13
s 58 87 -14
v 58 87 66
s 58 88 -46
v 58 88 -124
s 58 89 72
v 58 89 -62
s 58 90 41
v 58 90 24
s 58 91 13
v 58 91 -63
s 58 92 -32
v 58 92 91
s 58 93 -102
v 58 93 77
s 58 94 -45
v 58 94 -15
s 58 95 11
v 58 95 -203
s 58 96 43
v 58 96 -48
s 58 97 61
v 58 97 397
s 58 98 -123
v 58 98 -85
s 58 99 15
v 58 99 -151
s 58 100 37
v 58 100 239
s 58 101 -74
v 58 101 -129
s 58 102 -70
v 58 102 -25
s 58 103 34
v 58 103 -62
s 58 104 62
v 58 104 55
s 58 105 56
v 58 105 -213
s 58 106 -59
v 58 106 168
s 58 107 31
v 58 107 -112
s 58 108 -79
v 58 108 -169
s 58 109 -13
v 58 109 268
s 58 110 55
v 58 110 -14
s 58 111 -45
v 58 111 55
s 58 112 -48
v 58 112 -34
s 58 113 -71
v 58 113 -261
s 58 114 -22
v 58 114 -32
s 58 119 -71
v 58 119 -43
s 58 120 47
v 58 120 67
s 58 121 37
v 58 121 146
s 58 123 50
v 58 123 88
s 58 126 -65
v 58 126 20
s 58 128 8
v 58 128 64
s 58 129 62
v 58 129 -193
s 58 131 8
v 58 131 -86
s 58 135 -185
v 58 135 -163
s 58 136 -7
v 58 136 -156
s 58 137 -46
s 58 138 -23
v 58 138 -65
s 58 145 -52
v 58 145 73
s 58 155 -29
v 58 155 80
s 59 60 29
v 59 60 342
v 59 61 5
s 59 62 101
v 59 62 -9
s 59 63 -45
v 59 63 -185
s 59 64 -85
v 59 64 198
s 59 65 -9
v 59 65 11
s 59 66 18
v 59 66 -77
s 59 67 -158
v 59 67 -64
s 59 68 133
v 59 68 -413
s 59 69 14
v 59 69 -46
s 59 70 81
v 59 70 185
s 59 71 -326
v 59 71 82
s 59 72 31
v 59 72 -161
s 59 73 -13
v 59 73 -7
s 59 74 -84
v 59 74 -373
s 59 75 -38
v 59 75 122
s 59 76 -220
v 59 76 -192
s 59 77 -50
v 59 77 122
s 59 78 -23
v 59 78 -60
s 59 79 87
v 59 79 157
s 59 80 -16
v 59 81 -137
s 59 82 -32
v 59 82 34
s 59 83 90
v 59 83 60
s 59 84 65
v 59 84 130
s 59 85 -132
v 59 85 604
s 59 86 198
v 59 86 273
s 59 87 163
v 59 87 -74
s 59 88 34
v 59 88 24
s 59 89 6
v 59 89 -23
v 59 90 334
s 59 91 60
v 59 91 -24
s 59 92 20
v 59 92 -74
s 59 93 19
v 59 93 214
s 59 94 -32
v 59 94 -28
v 59 95 -41
s 59 96 58
v 59 96 -16
s 59 97 163
v 59 97 115
v 59 98 -62
s 59 99 -90
v 59 99 35
s 59 100 -86
v 59 100 -397
s 59 101 -28
v 59 101 92
s 59 102 -7
v 59 102 -157
v 59 103 61
s 59 104 -94
v 59 104 31
s 59 105 201
v 59 105 -202
s 59 106 -20
v 59 106 269
s 59 107 -21
v 59 107 136
s 59 108 33
v 59 108 233
s 59 109 -42
v 59 109 -453
s 59 110 -164
v 59 110 387
s 59 111 23
v 59 111 -343
s 59 112 197
v 59 112 -160
s 59 113 24
v 59 113 -277
v 59 114 59
s 59 119 -134
v 59 119 -11
s 59 120 -43
v 59 120 259
s 59 121 58
v 59 121 -178
s 59 123 -251
v 59 123 -23
s 59 126 44
v 59 126 -56
s 59 128 108
v 59 128 330
s 59 129 141
v 59 129 244
s 59 131 172
v 59 131 112
s 59 135 80
v 59 135 390
s 59 136 14
v 59 136 -215
s 59 137 13
v 59 137 -197
s 59 138 -81
v 59 138 45
s 59 145 -65
v 59 145 17
s 59 155 -32
v 59 155 87
s 60 61 132
v 60 61 -728
s 60 62 -21
v 60 62 -362
s 60 63 48
v 60 63 -380
s 60 64 -103
v 60 64 134
s 60 65 -40
v 60 65 179
s 60 66 20
v 60 66 64
s 60 67 96
v 60 67 -388
s 60 68 -32
v 60 68 411
s 60 69 -61
v 60 69 672
s 60 70 -273
v 60 70 -83
s 60 71 360
v 60 71 -978
s 60 72 7
v 60 72 -277
s 60 73 44
v 60 73 -91
s 60 74 69
v 60 74 -189
s 60 75 -407
v 60 75 110
s 60 76 227
v 60 76 529
s 60 77 -10
v 60 77 -167
s 60 78 -37
v 60 78 -30
s 60 79 101
v 60 79 180
s 60 80 -117
v 60 80 153
s 60 81 142
v 60 81 -179
s 60 82 74
v 60 82 -383
s 60 83 7
v 60 83 -40
s 60 84 -66
v 60 84 248
s 60 85 65
v 60 85 37
s 60 86 -102
v 60 86 492
s 60 87 37
v 60 87 -183
s 60 88 -155
v 60 88 30
s 60 89 68
v 60 89 -234
s 60 90 210
v 60 90 47
s 60 91 202
v 60 91 -289
s 60 92 -64
v 60 92 -96
s 60 93 -28
v 60 93 613
s 60 94 83
v 60 94 253
s 60 95 90
v 60 95 -278
v 60 96 -93
s 60 97 -102
v 60 97 -194
s 60 98 -136
v 60 98 -136
s 60 99 -53
v 60 99 -383
s 60 100 -33
v 60 100 58
s 60 101 229
v 60 101 324
v 60 102 16
s 60 103 91
v 60 103 -249
s 60 104 -189
v 60 104 255
v 60 105 25
s 60 106 -70
v 60 106 -20
s 60 107 44
v 60 107 -229
s 60 108 -9
v 60 108 -205
s 60 109 126
v 60 109 -918
s 60 110 -88
v 60 110 -66
s 60 111 -115
v 60 111 472
s 60 112 317
v 60 112 366
s 60 113 -170
v 60 113 9
s 60 114 -135
v 60 114 95
s 60 119 96
v 60 119 -554
s 60 120 106
v 60 120 296
s 60 121 -111
v 60 121 441
s 60 123 9
v 60 123 191
s 60 126 -147
v 60 126 370
s 60 128 -32
v 60 128 -80
s 60 129 84
v 60 129 -33
s 60 131 -80
v 60 131 -84
s 60 135 -89
v 60 135 -816
s 60 136 -207
v 60 136 -297
s 60 137 6
v 60 137 -265
s 60 138 -26
v 60 138 -109
s 60 145 37
v 60 145 257
s 60 155 6
s 61 62 -67
v 61 62 63
s 61 63 -18
v 61 63 83
s 61 64 170
v 61 64 -42
s 61 65 -16
v 61 65 29
s 61 66 -26
v 61 66 -87
s 61 67 -226
v 61 67 9
s 61 68 -63
v 61 68 191
s 61 69 95
v 61 69 197
s 61 70 149
v 61 70 70
s 61 71 347
v 61 71 -343
s 61 72 17
v 61 72 -17
s 61 73 -36
v 61 73 83
s 61 74 31
v 61 74 -108
s 61 75 -162
v 61 75 55
s 61 76 -159
v 61 76 6
s 61 77 29
v 61 77 67
s 61 78 26
v 61 78 32
s 61 79 -67
v 61 79 -8
v 61 80 239
s 61 81 78
v 61 81 201
s 61 82 -15
v 61 82 -64
s 61 83 79
v 61 83 145
s 61 84 -143
v 61 84 251
s 61 85 58
v 61 85 -229
s 61 86 -88
v 61 86 -121
s 61 87 60
v 61 87 -39
s 61 88 161
v 61 88 -55
s 61 89 -13
v 61 89 -12
s 61 90 -37
v 61 90 -116
s 61 91 41
v 61 91 21
s 61 92 -19
v 61 92 74
s 61 93 58
v 61 93 -175
v 61 94 84
s 61 95 47
v 61 95 -55
s 61 96 23
v 61 96 -134
v 61 97 121
s 61 98 76
v 61 98 86
s 61 99 -116
v 61 99 28
s 61 100 -66
v 61 100 -107
s 61 101 47
v 61 101 181
s 61 102 52
v 61 102 94
v 61 103 81
s 61 104 -82
v 61 104 -352
v 61 105 -130
s 61 106 16
v 61 106 -103
s 61 107 -24
v 61 107 94
s 61 108 79
v 61 108 60
s 61 109 -30
v 61 109 43
s 61 110 -7
v 61 110 -116
s 61 111 40
v 61 111 219
s 61 112 66
v 61 112 -50
s 61 113 -77
v 61 113 436
s 61 114 23
v 61 114 66
s 61 119 -94
v 61 119 79
s 61 120 44
v 61 120 -83
s 61 121 31
v 61 121 -92
s 61 123 108
v 61 123 -212
s 61 126 -22
v 61 126 -298
s 61 128 -102
v 61 128 10
s 61 129 -55
v 61 129 -97
s 61 131 -38
v 61 131 -152
s 61 135 102
v 61 135 -44
s 61 136 -86
v 61 136 305
s 61 137 11
v 61 137 -46
v 61 138 -196
s 61 145 65
v 61 145 -53
s 61 155 -21
v 61 155 70
s 62 63 -219
v 62 63 235
s 62 64 -147
v 62 64 118
s 62 65 67
v 62 65 -48
s 62 66 -9
v 62 66 -25
s 62 67 -144
v 62 67 578
s 62 68 111
v 62 68 192
s 62 69 108
v 62 69 287
s 62 70 -73
v 62 70 -194
s 62 71 -330
v 62 71 -373
s 62 72 -92
v 62 72 -137
s 62 73 28
v 62 73 -436
s 62 74 289
v 62 74 191
s 62 75 -38
v 62 75 -176
s 62 76 21
v 62 76 348
s 62 77 -50
v 62 77 -295
s 62 78 84
v 62 78 252
s 62 79 -72
v 62 79 -40
s 62 80 46
v 62 80 182
s 62 81 6
v 62 81 -357
s 62 82 -190
v 62 82 -303
s 62 83 -189
v 62 83 -8
s 62 84 -313
v 62 84 -291
s 62 85 -135
v 62 85 -11
s 62 86 58
v 62 86 -72
s 62 87 210
v 62 87 -437
s 62 88 -128
v 62 88 373
s 62 89 12
v 62 89 -41
s 62 90 15
v 62 90 253
s 62 91 49
v 62 91 -269
s 62 92 38
v 62 92 -142
s 62 93 -280
v 62 93 -920
s 62 94 -21
v 62 94 -116
s 62 95 38
v 62 95 -362
s 62 96 -79
v 62 96 63
s 62 97 28
v 62 97 -104
s 62 98 -277
v 62 98 16
s 62 99 62
v 62 99 129
s 62 100 -108
v 62 100 41
s 62 101 -103
s 62 102 14
v 62 102 20
v 62 103 17
s 62 104 199
v 62 104 -144
s 62 105 -119
v 62 105 98
v 62 106 584
s 62 107 18
v 62 107 50
s 62 108 -82
v 62 108 186
s 62 109 93
v 62 109 337
s 62 110 73
v 62 110 677
s 62 111 -35
v 62 111 340
s 62 112 327
v 62 112 21
s 62 113 -41
v 62 113 -180
s 62 114 10
v 62 114 -34
s 62 119 130
v 62 119 -95
s 62 120 125
v 62 120 303
s 62 121 260
v 62 121 362
s 62 123 85
v 62 123 -160
s 62 126 -199
v 62 126 -334
s 62 128 -86
v 62 128 -51
s 62 129 161
v 62 129 131
s 62 131 36
v 62 131 86
s 62 135 182
v 62 135 234
s 62 136 30
v 62 136 -356
s 62 137 111
v 62 137 -243
s 62 138 -21
v 62 138 87
s 62 145 52
v 62 145 -86
s 62 155 65
v 62 155 -38
s 63 64 -49
v 63 64 -80
s 63 65 8
v 63 65 5
s 63 66 -14
v 63 66 -47
s 63 67 122
v 63 67 -92
s 63 68 -103
v 63 68 -229
s 63 69 -69
v 63 69 -37
s 63 70 -187
v 63 70 120
v 63 71 68
s 63 72 12
v 63 72 91
s 63 73 -81
v 63 73 -127
s 63 74 -7
v 63 74 352
s 63 75 163
v 63 75 -84
v 63 76 -112
s 63 77 -65
v 63 77 70
s 63 78 174
v 63 78 -67
s 63 79 30
v 63 79 126
s 63 80 -79
v 63 80 -54
s 63 81 106
v 63 81 -204
s 63 82 -21
v 63 82 -161
s 63 83 14
v 63 83 77
s 63 84 94
v 63 84 -234
s 63 85 81
v 63 85 537
s 63 86 65
v 63 86 -891
s 63 87 -170
v 63 87 -61
s 63 88 -116
v 63 88 -69
s 63 89 27
v 63 89 -190
s 63 90 -117
v 63 90 223
s 63 91 46
v 63 91 -65
s 63 92 50
v 63 92 -126
s 63 93 -85
v 63 93 202
s 63 94 -8
v 63 94 186
s 63 95 47
v 63 95 173
s 63 96 -154
s 63 97 6
v 63 97 42
s 63 98 106
v 63 98 14
s 63 99 -111
v 63 99 -76
s 63 100 -41
v 63 100 145
s 63 101 22
v 63 101 178
s 63 102 -30
v 63 102 -11
s 63 103 28
v 63 103 -29
s 63 104 31
v 63 104 -645
s 63 105 -328
v 63 105 -564
s 63 106 -92
v 63 106 146
s 63 107 -63
v 63 107 -127
s 63 108 43
v 63 108 -12
s 63 109 -87
v 63 109 -183
s 63 110 -74
v 63 110 90
s 63 111 106
v 63 111 321
s 63 112 45
v 63 112 290
s 63 113 -65
v 63 113 -18
s 63 114 52
v 63 114 -183
s 63 119 133
v 63 119 -449
s 63 120 67
v 63 120 -78
s 63 121 -52
v 63 121 69
s 63 123 -54
v 63 123 146
s 63 126 29
v 63 126 -327
s 63 128 -27
v 63 128 281
s 63 129 -187
s 63 131 88
v 63 131 63
s 63 135 36
v 63 135 64
s 63 136 10
v 63 136 212
s 63 137 87
v 63 137 11
s 63 138 -39
v 63 138 106
s 63 145 62
v 63 145 -400
s 63 155 -56
v 63 155 64
s 64 65 88
v 64 65 45
s 64 66 -15
s 64 67 -53
v 64 67 -142
s 64 68 125
v 64 68 -240
s 64 69 21
v 64 69 49
s 64 70 -17
s 64 71 233
v 64 71 26
s 64 72 21
v 64 72 -489
s 64 73 77
v 64 73 20
s 64 74 -82
v 64 74 135
s 64 75 20
v 64 75 -253
s 64 76 74
v 64 76 378
s 64 77 -30
v 64 77 -129
s 64 78 -119
v 64 78 153
s 64 79 12
v 64 79 -41
s 64 80 176
v 64 80 -210
s 64 81 6
v 64 81 434
s 64 82 24
v 64 82 11
s 64 83 -62
v 64 83 87
s 64 84 -256
v 64 84 222
s 64 85 206
v 64 85 44
s 64 86 101
v 64 86 -1103
s 64 87 63
v 64 87 267
s 64 88 -26
v 64 88 95
s 64 89 -61
v 64 89 -33
s 64 90 38
v 64 90 -36
s 64 91 42
v 64 91 185
s 64 92 -43
v 64 92 103
s 64 93 246
v 64 93 82
s 64 94 -28
v 64 94 -144
s 64 95 44
v 64 95 -221
s 64 96 -44
v 64 96 -82
s 64 97 -99
v 64 97 76
s 64 98 44
v 64 98 369
s 64 99 184
v 64 99 110
s 64 100 -27
v 64 100 388
s 64 101 122
v 64 101 165
s 64 102 -147
v 64 102 -324
s 64 103 30
v 64 103 -94
s 64 104 -60
v 64 104 -657
s 64 105 238
v 64 105 -298
s 64 106 -153
v 64 106 -188
s 64 107 88
v 64 107 -244
s 64 108 -59
v 64 108 -517
s 64 109 -104
v 64 109 70
s 64 110 -61
v 64 110 -187
s 64 111 -6
v 64 111 86
s 64 112 -74
v 64 112 308
s 64 113 -162
v 64 113 -135
s 64 114 -10
v 64 114 -46
s 64 119 -6
v 64 119 149
s 64 120 58
v 64 120 -60
s 64 121 -30
v 64 121 -484
s 64 123 -256
v 64 123 479
s 64 126 319
v 64 126 385
s 64 128 -25
v 64 128 245
s 64 129 100
v 64 129 -296
s 64 131 -93
v 64 131 -201
s 64 135 -161
v 64 135 298
s 64 136 -68
v 64 136 241
s 64 137 -67
v 64 137 -128
s 64 138 -26
v 64 138 -157
s 64 145 -68
v 64 145 -178
s 64 155 26
v 64 155 -40
s 65 66 13
v 65 66 -14
s 65 67 -29
v 65 67 -96
s 65 68 -30
v 65 68 22
s 65 69 15
v 65 69 159
s 65 70 30
v 65 70 -97
s 65 71 125
v 65 71 -17
s 65 72 -23
v 65 72 30
s 65 73 46
v 65 73 66
s 65 74 139
v 65 74 -466
s 65 75 -32
v 65 75 -167
s 65 76 -38
v 65 76 203
s 65 77 -20
v 65 77 20
s 65 78 -18
v 65 78 148
v 65 79 -117
s 65 80 23
v 65 80 -6
s 65 81 -17
v 65 81 75
s 65 82 -22
v 65 82 18
s 65 83 -19
v 65 83 81
s 65 84 -65
v 65 84 139
s 65 85 53
v 65 85 -160
s 65 86 -52
v 65 86 224
s 65 87 -118
v 65 87 -245
s 65 88 -34
v 65 88 -34
s 65 90 50
v 65 90 -50
s 65 91 -21
v 65 91 -29
v 65 92 8
s 65 93 -48
v 65 93 -33
s 65 94 -13
v 65 94 -66
v 65 95 26
s 65 96 -62
v 65 96 29
s 65 97 -98
v 65 97 -207
s 65 98 -67
v 65 98 -39
s 65 99 9
v 65 99 71
s 65 100 -67
v 65 100 11
s 65 101 -18
v 65 101 86
s 65 102 48
v 65 102 -40
s 65 103 15
v 65 103 -67
s 65 104 -6
v 65 104 -106
s 65 105 -63
v 65 105 99
s 65 106 33
v 65 106 -117
s 65 107 -33
v 65 107 -94
s 65 108 -6
v 65 108 -103
s 65 109 -43
s 65 110 34
v 65 110 50
v 65 111 -16
s 65 112 -17
v 65 112 -41
s 65 113 -18
v 65 113 -21
s 65 114 58
v 65 114 211
s 65 119 -77
v 65 119 -38
s 65 120 -18
v 65 120 -40
s 65 121 -51
v 65 121 -154
s 65 123 78
v 65 123 -52
s 65 126 12
s 65 128 32
v 65 128 141
s 65 129 20
v 65 129 81
s 65 131 -46
v 65 131 -95
v 65 135 -14
s 65 136 75
v 65 136 -37
s 65 137 -10
v 65 137 98
s 65 138 32
v 65 138 -61
s 65 145 66
v 65 145 -113
s 65 155 19
v 65 155 -6
s 66 67 -17
v 66 67 6
s 66 68 -24
v 66 68 -141
s 66 69 -73
v 66 69 132
s 66 70 14
v 66 70 52
s 66 71 -51
v 66 71 49
s 66 72 -15
v 66 72 38
s 66 73 -19
v 66 73 22
s 66 74 -55
v 66 74 180
s 66 75 -11
v 66 75 -77
v 66 76 -114
s 66 77 13
s 66 78 -19
v 66 78 43
s 66 80 -39
v 66 80 -30
s 66 81 -12
v 66 81 -22
v 66 82 76
s 66 83 9
v 66 83 -8
s 66 84 78
v 66 84 58
s 66 85 -101
v 66 85 -35
s 66 86 -25
v 66 86 -74
s 66 87 -23
v 66 87 44
s 66 88 30
v 66 88 50
s 66 89 9
v 66 89 -12
s 66 90 -5
v 66 90 -135
v 66 91 43
s 66 92 13
v 66 92 -34
s 66 93 51
s 66 94 19
v 66 94 -53
s 66 95 -12
v 66 95 -17
v 66 96 -19
s 66 97 77
v 66 97 -46
s 66 98 46
v 66 98 -41
s 66 99 -9
s 66 100 19
v 66 100 -33
s 66 101 52
v 66 101 -137
s 66 102 15
v 66 102 43
s 66 103 -12
v 66 103 12
s 66 104 123
v 66 104 -53
s 66 105 -16
v 66 105 124
s 66 106 55
v 66 106 52
s 66 107 7
v 66 107 -48
s 66 108 -40
v 66 108 -16
s 66 109 16
v 66 109 -39
s 66 110 15
v 66 110 121
s 66 111 13
v 66 111 111
v 66 112 119
s 66 113 -16
v 66 113 -46
s 66 114 -28
v 66 114 -78
s 66 119 21
v 66 119 34
s 66 120 -18
v 66 120 74
s 66 121 -7
v 66 121 -86
s 66 123 -9
v 66 123 -67
s 66 126 -32
v 66 126 -76
s 66 128 -55
v 66 128 86
v 66 129 31
s 66 131 -51
s 66 135 -71
v 66 135 -70
s 66 136 12
v 66 136 -21
s 66 137 -21
v 66 137 -41
s 66 138 24
v 66 138 -7
s 66 145 17
v 66 145 24
v 66 155 -57
v 67 68 834
s 67 69 58
v 67 69 427
s 67 70 15
v 67 70 746
s 67 71 -20
v 67 71 99
s 67 72 91
v 67 72 -66
s 67 73 -90
v 67 73 418
s 67 74 -74
v 67 74 -1015
s 67 75 499
v 67 75 641
s 67 76 -298
v 67 76 387
s 67 77 -107
v 67 77 -137
s 67 78 68
v 67 78 -129
s 67 79 -147
v 67 79 -191
s 67 80 -74
v 67 80 -244
v 67 81 -11
s 67 82 -94
v 67 82 -472
s 67 83 -194
v 67 83 -70
s 67 84 30
v 67 84 219
s 67 85 -51
v 67 85 -1085
s 67 86 5
v 67 86 203
s 67 87 -60
v 67 87 61
s 67 88 -76
v 67 88 19
s 67 89 -39
v 67 89 -18
s 67 90 111
v 67 90 -110
s 67 91 -63
v 67 91 -475
s 67 92 49
v 67 92 -195
s 67 93 -28
v 67 93 -531
s 67 94 9
v 67 94 61
s 67 95 -72
v 67 95 115
s 67 96 143
v 67 96 -304
s 67 97 68
v 67 97 50
s 67 98 65
v 67 98 88
s 67 99 -120
v 67 99 -217
s 67 100 -50
v 67 100 198
s 67 101 206
v 67 101 -382
s 67 102 -135
v 67 102 -402
s 67 103 98
v 67 103 254
s 67 104 60
v 67 104 432
s 67 105 201
v 67 105 -205
s 67 106 79
v 67 106 -134
s 67 107 11
v 67 107 -186
s 67 108 54
v 67 108 -484
s 67 109 -29
v 67 109 -271
s 67 110 137
v 67 110 -325
s 67 111 66
v 67 111 -27
s 67 112 191
v 67 112 350
s 67 113 -109
v 67 113 44
s 67 114 -70
v 67 114 63
s 67 119 -92
v 67 119 -50
s 67 120 -40
v 67 120 -293
s 67 121 -132
v 67 121 -128
s 67 123 122
v 67 123 80
v 67 126 350
s 67 128 61
v 67 128 155
s 67 129 -113
v 67 129 422
s 67 131 -26
s 67 135 -73
v 67 135 -174
s 67 136 -46
v 67 136 -361
s 67 137 76
v 67 137 -368
v 67 138 -16
s 67 145 44
v 67 145 -47
s 67 155 87
v 67 155 136
s 68 69 57
v 68 69 -187
s 68 70 -236
v 68 70 -604
s 68 71 -55
v 68 71 -481
s 68 72 -152
v 68 72 -123
s 68 73 28
v 68 73 70
s 68 74 17
v 68 74 -364
s 68 75 8
v 68 75 164
s 68 76 -242
v 68 76 137
s 68 77 104
v 68 77 69
s 68 78 47
v 68 78 12
s 68 79 -7
v 68 79 -136
s 68 80 84
v 68 80 -154
s 68 81 -89
v 68 81 223
s 68 82 51
v 68 82 79
s 68 83 -36
v 68 83 257
s 68 84 262
v 68 84 179
s 68 85 -87
v 68 85 558
s 68 86 -62
v 68 86 63
s 68 87 -121
v 68 87 -79
s 68 88 80
v 68 88 540
s 68 89 -43
v 68 89 -148
s 68 90 -25
v 68 90 -185
s 68 91 -236
v 68 91 -220
s 68 92 -34
v 68 92 333
s 68 93 169
v 68 93 428
s 68 94 -53
v 68 94 -134
s 68 95 72
v 68 95 134
s 68 96 171
v 68 96 51
s 68 97 -127
v 68 97 91
s 68 98 -101
v 68 98 -30
s 68 99 140
v 68 99 -24
s 68 100 -198
v 68 100 -35
s 68 101 27
v 68 101 -263
s 68 102 100
v 68 102 106
s 68 103 -163
v 68 103 112
s 68 104 307
v 68 104 -307
s 68 105 -37
v 68 105 -199
s 68 106 216
v 68 106 542
s 68 107 137
v 68 107 222
s 68 108 263
v 68 108 -20
s 68 109 102
v 68 109 166
s 68 110 -62
v 68 110 62
s 68 111 51
v 68 111 -428
s 68 112 77
v 68 112 264
s 68 113 131
v 68 113 -34
s 68 114 -6
v 68 114 209
s 68 119 7
v 68 119 -250
s 68 120 -41
v 68 120 159
s 68 121 -44
v 68 121 -56
s 68 123 -159
v 68 123 -146
s 68 126 89
v 68 126 -72
s 68 128 36
v 68 128 -686
s 68 129 -202
v 68 129 -61
s 68 131 -163
v 68 131 -374
s 68 135 -181
v 68 135 71
s 68 136 48
v 68 136 24
s 68 137 -78
v 68 137 -347
s 68 138 80
v 68 138 31
s 68 145 59
v 68 145 295
s 68 155 -82
v 68 155 15
s 69 70 -83
v 69 70 302
s 69 71 -103
v 69 71 -7
s 69 72 10
v 69 72 -135
s 69 73 -49
v 69 73 -106
s 69 74 -131
v 69 74 -100
s 69 75 102
v 69 75 122
s 69 76 -30
v 69 76 -111
v 69 77 -278
s 69 78 -37
v 69 78 18
s 69 79 -43
v 69 79 -174
s 69 80 26
v 69 80 -168
s 69 81 58
v 69 81 -147
s 69 82 13
v 69 82 -93
s 69 83 173
v 69 83 174
s 69 84 133
v 69 84 91
s 69 85 107
v 69 85 302
s 69 86 297
v 69 86 246
s 69 87 48
v 69 87 30
s 69 88 -156
v 69 88 159
s 69 89 42
v 69 89 -198
s 69 90 -121
v 69 90 10
s 69 91 175
v 69 91 105
s 69 92 -60
v 69 92 -235
s 69 93 208
v 69 93 -22
s 69 94 17
v 69 94 -260
s 69 95 -64
v 69 95 158
s 69 96 13
v 69 96 93
s 69 97 -15
v 69 97 -179
s 69 98 -79
v 69 98 314
s 69 99 89
v 69 99 -175
s 69 100 -96
v 69 100 -203
s 69 101 -456
v 69 101 360
s 69 102 22
v 69 102 280
s 69 103 -65
v 69 103 -164
s 69 104 -75
v 69 104 263
s 69 105 349
v 69 105 83
s 69 106 270
v 69 106 251
s 69 107 -7
v 69 107 -41
s 69 108 -47
s 69 109 87
v 69 109 -522
s 69 110 -47
v 69 110 -249
s 69 111 -33
v 69 111 -56
s 69 112 -93
v 69 112 -492
s 69 113 169
v 69 113 -232
s 69 114 -109
v 69 114 14
v 69 119 -553
s 69 120 -68
v 69 120 -198
s 69 121 48
v 69 121 34
s 69 123 16
v 69 123 45
s 69 126 145
v 69 126 179
v 69 128 -108
s 69 129 -84
s 69 131 -77
v 69 131 -142
s 69 135 -40
s 69 136 -43
v 69 136 -310
s 69 137 40
v 69 137 -45
v 69 138 -87
s 69 145 -196
v 69 145 -71
s 69 155 -62
v 69 155 195
s 70 71 -23
v 70 71 147
s 70 72 122
v 70 72 -49
s 70 73 202
v 70 73 351
s 70 74 45
v 70 74 -303
s 70 75 -220
v 70 75 -534
s 70 76 66
v 70 76 70
s 70 77 127
v 70 77 25
s 70 78 116
v 70 78 -296
v 70 79 34
s 70 80 -103
v 70 80 332
s 70 81 -39
v 70 81 -87
s 70 82 -56
v 70 82 -142
s 70 83 142
v 70 83 94
s 70 84 55
v 70 84 -342
s 70 85 -110
v 70 85 -274
s 70 86 -269
v 70 86 336
s 70 87 -304
v 70 87 -254
s 70 88 53
v 70 88 171
s 70 89 13
v 70 89 15
s 70 90 -40
v 70 90 171
s 70 91 39
v 70 91 -208
s 70 92 100
v 70 92 -81
s 70 93 -226
v 70 93 -110
s 70 94 11
v 70 94 29
s 70 95 -47
v 70 95 288
s 70 96 88
v 70 96 571
s 70 97 -74
v 70 97 46
s 70 98 -209
v 70 98 794
s 70 99 17
v 70 99 -328
s 70 100 49
v 70 100 -295
s 70 101 -255
v 70 101 155
s 70 102 -16
v 70 102 -129
s 70 103 -63
v 70 103 -42
s 70 104 230
v 70 104 279
v 70 105 -666
s 70 106 -22
v 70 106 -102
s 70 107 -148
v 70 107 372
s 70 108 125
v 70 108 210
s 70 109 -24
v 70 109 -264
s 70 110 125
v 70 110 109
s 70 111 436
v 70 111 -353
s 70 112 264
v 70 112 297
s 70 113 97
v 70 113 247
s 70 114 -51
v 70 114 -287
s 70 119 -80
v 70 119 158
s 70 120 154
v 70 120 203
s 70 121 22
v 70 121 -245
s 70 123 126
v 70 123 -229
s 70 126 129
v 70 126 -87
s 70 128 132
v 70 128 160
s 70 129 -162
v 70 129 -362
s 70 131 -182
v 70 131 131
s 70 135 -49
v 70 135 -180
s 70 136 -100
v 70 136 259
s 70 137 43
v 70 137 -61
s 70 138 -46
v 70 138 -13
s 70 145 -124
v 70 145 -310
s 70 155 71
v 70 155 53
s 71 72 -29
v 71 72 -294
s 71 73 -51
v 71 73 -85
s 71 74 218
v 71 74 -637
s 71 75 -112
v 71 75 416
s 71 76 332
v 71 76 -234
s 71 77 11
v 71 77 -209
s 71 78 8
v 71 78 277
s 71 79 -85
v 71 79 256
s 71 80 -176
v 71 80 262
s 71 81 28
v 71 81 123
v 71 82 114
s 71 83 -208
v 71 83 65
s 71 84 269
v 71 84 -283
s 71 85 34
v 71 85 -23
s 71 86 16
v 71 86 -67
s 71 87 24
v 71 87 -427
s 71 88 -366
v 71 88 -477
s 71 89 23
v 71 89 197
s 71 90 189
v 71 90 -15
s 71 91 132
v 71 91 -228
s 71 92 -71
v 71 92 -70
s 71 93 -338
v 71 93 -146
s 71 94 82
v 71 94 155
s 71 95 -42
v 71 95 -165
s 71 96 -8
v 71 96 -27
s 71 97 -454
v 71 97 34
s 71 98 210
v 71 98 -344
s 71 99 -285
v 71 99 284
s 71 100 -168
v 71 100 -258
s 71 101 108
v 71 101 293
s 71 102 57
v 71 102 -69
s 71 103 37
v 71 103 -49
s 71 104 -384
v 71 104 147
s 71 105 -133
v 71 105 118
v 71 106 -499
s 71 107 -41
v 71 107 -112
s 71 108 88
v 71 108 -726
s 71 109 -257
v 71 109 -580
v 71 110 30
s 71 111 -136
v 71 111 -40
s 71 112 -12
v 71 112 -646
s 71 113 -175
v 71 113 21
s 71 114 109
v 71 114 89
s 71 119 133
v 71 119 -335
s 71 120 30
v 71 120 494
s 71 121 39
v 71 121 172
s 71 123 -487
v 71 123 141
s 71 126 110
v 71 126 65
s 71 128 145
v 71 128 -328
s 71 129 45
v 71 129 -218
s 71 131 173
v 71 131 -29
s 71 135 541
v 71 135 -670
s 71 136 -55
v 71 136 496
s 71 137 108
v 71 137 263
s 71 138 8
v 71 138 -143
s 71 145 -21
v 71 145 110
s 71 155 -68
v 71 155 -446
s 72 73 -109
v 72 73 -164
s 72 74 120
v 72 74 170
s 72 75 18
v 72 75 -130
s 72 76 114
v 72 76 94
v 72 77 45
s 72 78 33
v 72 78 -5
s 72 79 72
v 72 79 -133
s 72 80 44
v 72 80 121
s 72 81 77
v 72 81 8
s 72 82 7
v 72 82 -6
s 72 83 42
v 72 83 192
s 72 84 -186
v 72 84 121
s 72 85 -17
v 72 85 379
s 72 86 43
v 72 86 -334
v 72 87 -181
s 72 88 128
v 72 88 -132
s 72 89 -36
v 72 89 -63
s 72 90 16
v 72 90 103
s 72 91 -54
v 72 91 341
s 72 92 30
v 72 92 -115
s 72 93 205
v 72 93 -718
s 72 94 -8
v 72 94 304
s 72 95 30
v 72 95 70
s 72 96 -158
v 72 96 -217
s 72 97 -204
v 72 97 60
s 72 98 -151
v 72 98 78
s 72 99 8
v 72 99 -184
s 72 100 71
v 72 100 -75
s 72 101 -23
v 72 101 -197
s 72 102 13
v 72 102 -22
v 72 103 -64
s 72 104 264
v 72 104 -375
s 72 105 -127
v 72 105 53
s 72 106 -136
v 72 106 -216
s 72 107 -194
v 72 107 139
s 72 108 -79
v 72 108 213
s 72 109 256
v 72 109 -127
s 72 110 126
v 72 110 -122
s 72 111 62
v 72 111 -326
s 72 112 26
v 72 112 351
s 72 113 -11
v 72 113 -100
s 72 114 199
v 72 114 69
s 72 119 -189
v 72 119 -343
v 72 120 -107
s 72 121 -63
v 72 121 473
s 72 123 -97
v 72 123 381
s 72 126 163
v 72 126 75
s 72 128 -302
v 72 128 164
s 72 129 180
v 72 129 60
v 72 131 -314
s 72 135 299
v 72 135 199
s 72 136 -100
v 72 136 -203
s 72 137 61
v 72 137 225
v 72 138 -155
s 72 145 -78
v 72 145 -20
s 72 155 -49
v 72 155 63
s 73 74 -70
v 73 74 6
s 73 75 -61
v 73 75 56
s 73 76 181
v 73 76 -122
s 73 77 -22
v 73 77 86
s 73 78 41
v 73 78 25
s 73 79 72
v 73 79 27
s 73 80 -56
v 73 80 37
s 73 81 -35
v 73 81 279
s 73 82 12
v 73 82 -93
s 73 83 -17
v 73 83 106
s 73 84 33
v 73 84 -154
s 73 85 114
v 73 85 -74
s 73 86 -203
v 73 86 195
s 73 87 -86
v 73 87 -86
s 73 88 -17
v 73 88 49
s 73 89 -12
v 73 89 -14
s 73 90 -51
v 73 90 278
s 73 91 -44
v 73 91 -143
s 73 92 40
v 73 92 -197
v 73 93 -148
s 73 94 -60
v 73 94 145
s 73 95 21
v 73 95 -159
s 73 96 105
v 73 96 158
s 73 97 -18
v 73 97 203
s 73 98 154
v 73 98 -137
s 73 99 75
v 73 99 -182
s 73 100 -108
v 73 100 -41
s 73 101 63
v 73 101 -173
s 73 102 -34
v 73 102 76
s 73 103 -15
v 73 103 86
s 73 104 143
v 73 104 98
s 73 105 54
v 73 105 -283
s 73 106 -92
v 73 106 -31
s 73 107 -11
v 73 107 26
s 73 108 -88
v 73 108 -140
s 73 109 37
v 73 109 -324
s 73 110 49
v 73 110 10
s 73 111 107
v 73 111 150
s 73 112 -69
v 73 112 -214
s 73 113 -13
v 73 113 237
s 73 114 51
v 73 114 84
s 73 119 41
v 73 119 54
s 73 120 -5
v 73 120 -14
s 73 121 44
v 73 121 -53
s 73 123 118
v 73 123 -26
s 73 126 43
v 73 126 313
s 73 128 52
v 73 128 27
s 73 129 65
v 73 129 135
s 73 131 -35
v 73 131 -240
s 73 135 57
v 73 135 -106
s 73 136 72
v 73 136 -25
s 73 137 28
v 73 137 61
s 73 138 11
v 73 138 -77
s 73 145 46
v 73 145 129
s 73 155 -5
v 73 155 -40
s 74 75 471
v 74 75 151
s 74 76 -92
v 74 76 -265
s 74 77 161
v 74 77 -16
s 74 78 -80
v 74 78 51
s 74 79 -82
v 74 79 -170
s 74 80 122
v 74 80 208
s 74 81 -145
v 74 81 268
s 74 82 222
v 74 82 -215
s 74 83 8
v 74 83 -87
s 74 84 -389
v 74 84 -66
s 74 85 357
v 74 85 -731
s 74 86 -88
v 74 86 201
s 74 87 -255
v 74 87 164
s 74 88 20
v 74 88 413
s 74 89 123
v 74 89 -124
s 74 90 97
v 74 90 -329
s 74 91 -88
v 74 91 -343
s 74 92 -68
v 74 92 -85
s 74 93 -211
v 74 93 730
s 74 94 311
v 74 94 212
s 74 95 36
v 74 95 624
s 74 96 -344
v 74 96 669
s 74 97 -479
v 74 97 27
s 74 98 -11
v 74 98 -196
s 74 99 47
v 74 99 -349
s 74 100 149
v 74 100 -609
s 74 101 168
v 74 101 -379
s 74 102 326
v 74 102 -280
s 74 103 -158
v 74 103 -229
s 74 104 293
v 74 104 -133
s 74 105 493
v 74 105 594
s 74 106 -188
v 74 106 172
s 74 107 112
s 74 108 -19
v 74 108 11
s 74 109 82
v 74 109 795
s 74 110 163
v 74 110 -676
s 74 111 -335
v 74 111 -572
s 74 112 -305
v 74 112 -26
s 74 113 -338
v 74 113 315
s 74 114 -43
v 74 114 463
s 74 119 233
v 74 119 101
s 74 120 -218
v 74 120 -699
s 74 121 -67
v 74 121 54
s 74 123 -50
v 74 123 -297
s 74 126 93
v 74 126 -1107
s 74 128 285
v 74 128 -81
s 74 129 111
v 74 129 -135
s 74 131 16
v 74 131 574
s 74 135 -19
v 74 135 -356
s 74 136 -102
v 74 136 327
s 74 137 75
v 74 137 443
s 74 138 -70
v 74 138 425
s 74 145 -216
v 74 145 -164
s 74 155 -78
v 74 155 -98
s 75 76 -44
v 75 76 579
v 75 77 -151
s 75 78 -121
v 75 78 -158
s 75 79 -30
v 75 79 -215
s 75 80 -32
v 75 80 -36
s 75 81 37
v 75 81 114
s 75 82 33
v 75 82 174
s 75 83 -13
v 75 83 167
s 75 84 -237
v 75 84 -226
s 75 85 -161
v 75 85 137
s 75 86 -417
v 75 86 458
s 75 87 -8
v 75 87 -190
s 75 88 50
v 75 88 -449
s 75 89 -51
v 75 89 89
s 75 90 -157
v 75 90 28
s 75 91 19
v 75 91 261
s 75 92 28
v 75 92 -7
s 75 93 207
v 75 93 -842
v 75 94 -153
s 75 95 93
v 75 95 -6
s 75 96 61
v 75 96 -37
s 75 97 302
v 75 97 -248
s 75 98 -110
v 75 98 549
s 75 99 -131
v 75 99 506
s 75 100 151
v 75 100 395
s 75 101 -133
v 75 101 -37
s 75 102 65
v 75 102 147
s 75 103 85
v 75 103 -126
s 75 104 226
v 75 104 -748
v 75 105 -294
s 75 106 -7
v 75 106 -69
s 75 107 7
v 75 107 182
s 75 108 -99
v 75 108 223
s 75 109 -11
v 75 109 -58
s 75 110 -54
v 75 110 33
s 75 111 -27
v 75 111 -499
s 75 112 -73
v 75 112 210
s 75 113 -7
v 75 113 -346
s 75 114 -27
v 75 114 196
s 75 119 -129
v 75 119 -127
s 75 120 118
v 75 120 87
s 75 121 29
v 75 121 793
s 75 123 -130
v 75 123 -20
s 75 126 52
v 75 126 -436
s 75 128 82
v 75 128 574
s 75 129 73
v 75 129 195
s 75 131 17
v 75 131 176
s 75 135 -50
v 75 135 657
s 75 136 282
v 75 136 455
s 75 137 -95
v 75 137 268
s 75 138 -122
v 75 138 -109
s 75 145 -6
v 75 145 89
s 75 155 18
v 75 155 32
s 76 77 -82
v 76 77 -189
s 76 78 -73
v 76 78 109
s 76 79 -36
v 76 79 55
v 76 80 137
s 76 81 127
v 76 81 -705
s 76 82 42
v 76 82 56
s 76 83 466
v 76 83 302
s 76 84 225
v 76 84 -525
s 76 85 -176
v 76 85 -319
s 76 86 -45
v 76 86 -582
s 76 87 121
v 76 87 456
s 76 88 366
v 76 88 -1514
s 76 89 -7
v 76 89 -27
s 76 90 -163
v 76 90 -403
s 76 91 351
v 76 91 -447
s 76 92 17
v 76 92 -164
s 76 93 -83
v 76 93 990
s 76 94 178
v 76 94 68
s 76 95 139
v 76 95 742
s 76 96 93
v 76 96 463
s 76 97 264
v 76 97 -22
s 76 98 302
v 76 98 675
s 76 99 -166
v 76 99 212
s 76 100 -197
v 76 100 -7
s 76 101 -93
v 76 101 396
s 76 102 183
v 76 102 568
s 76 103 9
v 76 103 -67
s 76 104 -279
v 76 104 589
s 76 105 160
v 76 105 -218
s 76 106 -51
v 76 106 423
s 76 107 -61
v 76 107 -89
s 76 108 341
v 76 108 436
s 76 109 -310
v 76 109 -183
s 76 110 -112
v 76 110 -36
s 76 111 -357
v 76 111 65
s 76 112 121
v 76 112 89
s 76 113 -83
v 76 113 -554
s 76 114 -24
v 76 114 691
s 76 119 185
v 76 119 -151
s 76 120 -55
v 76 120 -749
s 76 121 -233
v 76 121 -630
s 76 123 64
v 76 123 251
s 76 126 -143
v 76 126 433
s 76 128 -209
v 76 128 465
s 76 129 29
v 76 129 419
s 76 131 -98
v 76 131 -124
s 76 135 -221
v 76 135 -103
s 76 136 -400
v 76 136 -554
s 76 137 -78
v 76 137 135
s 76 138 -213
v 76 138 119
s 76 145 -41
v 76 145 -276
s 76 155 -42
v 76 155 108
s 77 78 12
v 77 78 112
s 77 79 -22
v 77 79 20
s 77 80 -111
v 77 80 -24
s 77 81 58
v 77 81 130
s 77 82 -38
v 77 82 95
s 77 83 14
v 77 83 -58
s 77 84 -112
v 77 84 56
s 77 85 -66
v 77 85 228
s 77 86 27
v 77 86 100
s 77 87 -46
v 77 87 -26
s 77 88 57
v 77 88 -20
v 77 89 -85
s 77 90 -56
v 77 91 -76
s 77 92 11
v 77 92 -91
s 77 93 69
v 77 93 -215
s 77 94 -66
v 77 94 43
s 77 95 -25
v 77 95 152
s 77 96 55
v 77 96 -184
s 77 97 -71
v 77 97 33
s 77 98 -13
v 77 98 40
v 77 99 -24
s 77 100 -22
v 77 100 -314
s 77 101 -7
v 77 101 55
s 77 102 -30
v 77 102 -91
s 77 103 -43
s 77 104 -62
v 77 104 98
s 77 105 41
v 77 105 -344
s 77 106 99
v 77 106 -188
s 77 107 -21
v 77 107 155
s 77 108 -20
s 77 109 72
v 77 109 -121
s 77 110 142
s 77 111 -29
v 77 111 46
s 77 112 5
v 77 112 88
s 77 113 9
v 77 113 265
s 77 114 89
v 77 114 -44
v 77 119 109
s 77 120 23
v 77 120 33
s 77 121 53
v 77 121 -105
s 77 123 69
v 77 123 -246
s 77 126 -102
v 77 126 -31
s 77 128 -46
v 77 128 -47
s 77 129 40
v 77 129 -82
s 77 131 63
v 77 131 322
v 77 135 -51
s 77 136 -42
v 77 136 169
s 77 137 -14
v 77 137 20
s 77 138 -39
v 77 138 -36
s 77 145 78
v 77 145 67
v 77 155 -53
s 78 79 10
v 78 79 107
s 78 80 13
v 78 80 190
s 78 81 -78
v 78 81 109
s 78 82 28
v 78 82 71
s 78 83 -14
v 78 83 28
s 78 84 -39
v 78 84 389
s 78 85 61
v 78 85 -6
s 78 86 -313
v 78 86 393
s 78 87 66
v 78 87 54
s 78 88 99
v 78 88 -19
s 78 89 -19
v 78 89 70
s 78 90 16
v 78 90 -181
s 78 91 10
v 78 91 118
s 78 92 51
v 78 92 -95
s 78 93 17
v 78 93 -138
s 78 94 -28
v 78 94 -34
s 78 95 -30
v 78 95 -120
s 78 96 16
v 78 96 -354
s 78 97 100
v 78 97 218
s 78 98 67
v 78 98 -40
s 78 99 41
v 78 99 22
s 78 100 126
v 78 100 33
s 78 101 22
v 78 101 32
s 78 102 41
v 78 102 -14
s 78 103 -14
v 78 103 69
s 78 104 -42
v 78 104 199
s 78 105 -95
v 78 105 149
s 78 106 -10
v 78 106 -141
s 78 107 123
v 78 107 -125
s 78 108 11
v 78 108 -110
s 78 109 149
v 78 109 -307
s 78 110 14
v 78 110 79
s 78 111 -257
v 78 111 -184
s 78 112 -66
v 78 112 -90
s 78 113 -18
v 78 113 113
s 78 114 -108
v 78 114 -97
s 78 119 55
v 78 119 -14
s 78 120 -59
v 78 120 -26
s 78 121 -112
v 78 121 128
s 78 123 -19
v 78 123 72
s 78 126 -115
v 78 126 -382
s 78 128 -51
v 78 128 186
s 78 129 -54
v 78 129 147
s 78 131 88
v 78 131 -49
s 78 135 25
v 78 135 349
s 78 136 14
v 78 136 61
s 78 137 29
v 78 137 38
s 78 138 -5
v 78 138 -89
s 78 145 121
v 78 145 -28
s 78 155 -20
v 78 155 11
s 79 80 25
v 79 80 -69
s 79 81 -37
v 79 81 -56
s 79 82 57
v 79 82 76
s 79 83 125
v 79 83 -23
s 79 84 18
v 79 84 -279
s 79 85 19
v 79 85 -112
s 79 86 -49
v 79 86 -182
s 79 87 -45
v 79 87 11
s 79 88 -75
v 79 88 -87
s 79 90 36
v 79 90 -44
s 79 91 -12
v 79 91 36
s 79 92 -38
v 79 92 -21
s 79 93 35
v 79 93 15
s 79 94 32
v 79 94 -166
s 79 95 -27
v 79 95 -108
s 79 96 62
v 79 96 -302
s 79 97 -132
v 79 97 57
s 79 98 -76
v 79 98 -232
s 79 99 -66
v 79 99 157
s 79 100 -233
v 79 100 -143
v 79 101 -5
s 79 102 -44
v 79 102 139
s 79 103 12
v 79 103 20
s 79 104 -148
v 79 104 110
s 79 105 13
v 79 105 290
s 79 106 79
v 79 106 -163
s 79 107 97
v 79 107 -66
s 79 108 137
v 79 108 -71
s 79 109 101
v 79 109 -230
s 79 110 -44
v 79 110 -40
s 79 111 -36
v 79 111 213
s 79 112 -24
v 79 112 69
s 79 113 -15
v 79 113 20
s 79 114 -51
v 79 114 -47
s 79 119 75
v 79 119 84
s 79 120 17
v 79 120 63
v 79 121 -65
s 79 123 -39
v 79 123 138
s 79 126 -125
v 79 126 57
s 79 128 45
v 79 128 -249
s 79 129 93
v 79 129 99
s 79 131 -10
v 79 131 -298
s 79 135 -101
v 79 135 -221
s 79 136 -12
v 79 136 68
s 79 137 76
v 79 137 -96
s 79 138 69
v 79 138 9
s 79 145 -7
v 79 145 -91
s 79 155 47
v 79 155 70
s 80 81 -130
v 80 81 -263
s 80 82 -9
v 80 82 29
s 80 83 22
v 80 83 -50
s 80 84 110
v 80 84 -339
s 80 85 -166
v 80 85 15
s 80 86 96
v 80 86 189
s 80 87 -43
v 80 87 183
s 80 88 175
v 80 88 129
s 80 89 -9
v 80 89 109
s 80 90 -36
v 80 90 44
s 80 91 -80
v 80 91 -230
s 80 92 -13
v 80 92 -178
s 80 93 32
v 80 93 -128
s 80 94 -15
v 80 94 -65
s 80 95 -5
v 80 95 8
s 80 96 -67
v 80 96 56
s 80 97 -147
v 80 97 355
s 80 98 -76
v 80 98 -251
s 80 99 231
v 80 99 -105
s 80 100 -92
v 80 100 -222
s 80 101 42
v 80 101 152
s 80 102 -43
v 80 102 28
s 80 103 23
v 80 103 56
s 80 104 -151
v 80 104 196
s 80 105 156
v 80 105 -30
s 80 106 103
v 80 106 -90
s 80 107 -71
v 80 107 82
v 80 108 -231
v 80 109 -332
s 80 110 72
v 80 110 35
s 80 111 54
v 80 111 165
s 80 112 133
v 80 112 -283
s 80 113 36
v 80 113 61
s 80 114 21
v 80 114 -20
s 80 119 128
v 80 119 47
s 80 120 54
v 80 120 -152
s 80 121 69
v 80 121 33
s 80 123 -5
v 80 123 -425
s 80 126 124
v 80 126 197
s 80 128 61
v 80 128 -84
s 80 129 8
v 80 129 94
v 80 131 31
s 80 135 -7
v 80 135 -318
s 80 136 126
v 80 136 240
s 80 137 -79
v 80 137 240
s 80 138 -17
v 80 138 -41
s 80 145 111
v 80 145 -112
s 80 155 34
v 80 155 -132
s 81 82 60
v 81 82 27
s 81 83 -5
v 81 83 -111
s 81 84 -264
v 81 84 934
s 81 85 10
v 81 85 280
s 81 86 184
v 81 86 1010
s 81 87 105
v 81 87 -198
s 81 88 -76
v 81 88 -36
s 81 89 -47
v 81 89 -116
s 81 90 -112
v 81 90 -353
s 81 91 -69
v 81 91 -46
v 81 92 -25
s 81 93 -205
v 81 93 -505
s 81 94 -45
v 81 94 18
v 81 95 -35
s 81 96 -26
v 81 96 72
s 81 97 122
v 81 97 371
s 81 98 144
v 81 98 -578
s 81 99 57
v 81 99 95
s 81 100 -89
v 81 100 -76
s 81 101 32
v 81 101 109
v 81 102 78
s 81 103 38
v 81 103 48
s 81 104 28
v 81 104 459
s 81 105 -89
v 81 105 -200
s 81 106 41
v 81 106 -132
s 81 107 -24
v 81 107 86
s 81 108 -26
v 81 108 -120
s 81 109 -37
v 81 109 -243
s 81 110 -81
v 81 110 -42
s 81 111 13
v 81 111 685
s 81 112 -18
v 81 112 -13
s 81 113 112
v 81 113 95
s 81 114 181
v 81 114 17
s 81 119 31
v 81 119 -92
s 81 120 -80
v 81 120 21
s 81 121 194
v 81 121 382
s 81 123 -66
v 81 123 -198
s 81 126 -108
v 81 126 402
s 81 128 137
v 81 128 -225
s 81 129 -56
v 81 129 -119
s 81 131 -12
v 81 131 -171
s 81 135 -112
v 81 135 -341
s 81 136 -22
v 81 136 -72
s 81 137 -90
v 81 137 143
s 81 138 -22
v 81 138 204
s 81 145 40
v 81 145 123
s 81 155 41
v 81 155 231
s 82 83 92
v 82 83 -108
s 82 84 -18
v 82 84 192
s 82 85 -130
v 82 85 103
s 82 86 141
v 82 86 -25
s 82 87 16
v 82 87 -453
s 82 88 7
v 82 88 79
s 82 89 -41
v 82 89 77
s 82 90 -99
v 82 90 -138
s 82 91 -115
v 82 91 43
s 82 92 -12
v 82 92 -89
s 82 93 20
v 82 93 228
s 82 94 35
v 82 94 -184
s 82 95 -36
v 82 95 -201
v 82 96 -139
s 82 97 -77
v 82 97 42
v 82 98 -177
s 82 99 68
v 82 99 -62
s 82 100 29
v 82 100 -82
s 82 101 123
v 82 101 224
s 82 102 -33
v 82 102 71
s 82 103 30
v 82 103 -105
s 82 104 -113
v 82 104 -80
s 82 105 -277
v 82 105 130
s 82 106 23
v 82 106 12
s 82 107 54
v 82 107 -47
s 82 108 23
v 82 108 -255
s 82 109 54
v 82 109 7
s 82 110 -47
v 82 110 -171
s 82 111 15
v 82 111 21
s 82 112 41
v 82 112 -197
s 82 113 -28
v 82 113 273
s 82 114 -39
v 82 114 -71
s 82 119 76
v 82 119 -28
s 82 120 -13
v 82 120 112
s 82 121 36
v 82 121 -95
s 82 123 173
v 82 123 -263
s 82 126 26
v 82 126 167
s 82 128 -54
v 82 128 -9
s 82 129 -43
v 82 129 45
s 82 131 -36
v 82 131 -69
s 82 135 72
v 82 135 -178
s 82 136 -68
v 82 136 -164
s 82 137 45
v 82 137 -178
v 82 138 -267
s 82 145 -49
v 82 145 -42
s 82 155 27
v 82 155 -86
s 83 84 268
v 83 84 64
s 83 85 -53
v 83 85 97
s 83 86 47
v 83 86 -209
s 83 87 97
v 83 87 170
s 83 88 200
v 83 88 253
s 83 89 -16
s 83 90 -29
v 83 90 -352
s 83 91 -66
v 83 91 -180
s 83 92 16
v 83 92 63
s 83 93 -87
v 83 93 381
s 83 94 -82
v 83 94 187
s 83 95 -19
v 83 95 -22
s 83 96 126
v 83 96 149
s 83 97 -137
v 83 97 43
s 83 98 90
v 83 98 -117
s 83 99 73
v 83 99 -139
s 83 100 44
v 83 100 -51
s 83 101 -9
v 83 101 340
s 83 102 91
v 83 102 54
s 83 103 27
v 83 103 -110
s 83 104 -140
v 83 104 -213
s 83 105 -153
v 83 105 167
s 83 106 44
v 83 106 229
s 83 107 140
v 83 107 136
s 83 108 90
v 83 108 254
s 83 109 -10
v 83 109 -165
s 83 110 -47
v 83 110 -116
s 83 111 85
v 83 111 178
s 83 112 -58
v 83 112 -448
s 83 113 160
v 83 113 47
s 83 114 -58
v 83 114 -109
s 83 119 52
v 83 119 -137
s 83 120 72
v 83 120 -222
s 83 121 20
v 83 121 9
s 83 123 224
s 83 126 -76
v 83 126 -173
s 83 128 114
v 83 128 -18
s 83 129 94
v 83 129 -524
s 83 131 11
v 83 131 -305
s 83 135 -52
v 83 135 -127
s 83 136 237
v 83 136 56
s 83 137 -57
v 83 137 -116
s 83 138 -19
v 83 138 126
s 83 145 -25
v 83 145 8
s 83 155 -32
v 83 155 182
s 84 85 318
v 84 85 -245
s 84 86 -250
v 84 86 -141
s 84 87 -123
v 84 87 369
s 84 88 -38
v 84 88 210
s 84 89 -89
v 84 89 -14
s 84 90 180
s 84 91 -279
v 84 91 226
s 84 92 8
v 84 92 31
s 84 93 52
v 84 93 -375
s 84 94 84
v 84 94 412
s 84 95 -46
v 84 95 587
s 84 96 174
v 84 96 -242
s 84 97 334
v 84 97 144
s 84 98 -136
v 84 98 259
s 84 99 38
v 84 99 -57
s 84 100 -39
v 84 100 -364
s 84 101 -81
v 84 101 131
s 84 102 161
v 84 102 9
s 84 103 43
v 84 103 164
s 84 104 -406
v 84 104 -478
s 84 105 -172
v 84 105 -325
s 84 106 -207
v 84 106 303
s 84 107 -11
v 84 107 -103
s 84 108 32
v 84 108 -118
s 84 109 -182
v 84 109 -351
s 84 110 -63
v 84 110 287
s 84 111 -114
v 84 111 -242
s 84 112 -50
v 84 112 -291
s 84 113 277
v 84 113 -173
s 84 114 85
v 84 114 122
s 84 119 -23
v 84 119 -98
s 84 120 -191
v 84 120 185
s 84 121 22
v 84 121 -450
s 84 123 221
v 84 123 126
s 84 126 -103
v 84 126 -436
s 84 128 -41
v 84 128 -329
s 84 129 129
v 84 129 400
s 84 131 128
v 84 131 -63
s 84 135 365
v 84 135 218
s 84 136 -104
v 84 136 -177
s 84 137 -73
v 84 137 -26
s 84 138 156
s 84 145 74
v 84 145 36
s 84 155 -39
v 84 155 -249
s 85 86 -313
v 85 86 -436
s 85 87 251
v 85 87 726
s 85 88 -133
v 85 88 -193
s 85 89 -42
v 85 89 -25
s 85 90 204
v 85 90 139
s 85 91 -103
s 85 92 -28
v 85 92 64
s 85 93 -352
v 85 93 -405
s 85 94 -99
v 85 94 -694
v 85 95 -65
v 85 96 375
s 85 97 -158
v 85 97 -659
s 85 98 -86
v 85 98 -151
s 85 99 59
v 85 99 129
s 85 100 -198
v 85 100 -90
s 85 101 -197
v 85 101 206
s 85 102 83
v 85 102 560
s 85 103 -10
v 85 103 56
s 85 104 -161
v 85 104 -419
s 85 105 -206
v 85 105 475
s 85 106 85
v 85 106 -618
s 85 107 -188
v 85 107 504
s 85 108 15
v 85 108 340
s 85 109 -178
v 85 109 85
s 85 110 -146
v 85 110 274
s 85 111 -177
v 85 111 567
s 85 112 244
v 85 112 174
s 85 113 280
v 85 113 190
s 85 114 -73
v 85 114 -422
s 85 119 -238
v 85 119 -408
s 85 120 -49
v 85 120 -177
s 85 121 146
v 85 121 170
s 85 123 128
v 85 123 361
s 85 126 524
v 85 126 -53
s 85 128 7
v 85 128 285
s 85 129 289
v 85 129 -186
s 85 131 -324
v 85 131 71
s 85 135 -264
v 85 135 144
s 85 136 171
v 85 136 -366
s 85 137 441
v 85 137 -647
s 85 138 47
v 85 138 -161
s 85 145 -231
v 85 145 -138
s 85 155 22
v 85 155 405
s 86 87 -141
v 86 87 273
s 86 88 -221
v 86 88 18
s 86 89 51
v 86 89 186
s 86 90 48
v 86 90 -599
s 86 91 35
v 86 91 -77
s 86 92 82
v 86 92 56
s 86 93 -172
v 86 93 -503
s 86 94 100
v 86 94 586
s 86 95 -247
v 86 95 -20
s 86 96 154
v 86 96 -212
s 86 97 325
v 86 97 653
s 86 98 568
v 86 98 630
s 86 99 174
v 86 99 186
s 86 100 -239
v 86 100 -972
s 86 101 -301
v 86 101 -27
s 86 102 -171
v 86 102 118
s 86 103 -18
v 86 103 130
s 86 104 -104
v 86 104 -626
s 86 105 -9
v 86 105 582
s 86 106 133
v 86 106 -383
s 86 107 -64
v 86 107 -239
s 86 108 90
v 86 108 1963
s 86 109 161
v 86 109 -101
s 86 110 -138
v 86 110 -189
s 86 111 66
v 86 111 303
s 86 112 -84
v 86 112 -341
s 86 113 -18
v 86 113 269
s 86 114 -14
v 86 114 183
s 86 119 150
v 86 119 -206
s 86 120 201
v 86 120 -208
s 86 121 195
v 86 121 194
s 86 123 -250
v 86 123 -370
s 86 126 -19
v 86 126 -426
s 86 128 -313
v 86 128 83
s 86 129 321
v 86 129 355
s 86 131 -131
v 86 131 705
s 86 135 104
v 86 135 -554
s 86 136 -43
v 86 136 -429
s 86 137 -86
v 86 137 -291
s 86 138 -56
v 86 138 193
s 86 145 -114
v 86 145 -643
v 86 155 -203
s 87 88 65
v 87 88 178
s 87 89 -90
v 87 89 -257
s 87 90 165
v 87 90 235
s 87 91 70
v 87 91 272
s 87 92 152
v 87 92 -103
s 87 93 23
v 87 93 1241
s 87 94 -72
v 87 94 10
s 87 95 -331
v 87 95 -177
s 87 96 196
v 87 96 -458
s 87 97 -146
v 87 97 210
s 87 98 18
v 87 98 199
s 87 99 133
v 87 99 136
s 87 100 131
v 87 100 18
s 87 101 -14
v 87 101 82
s 87 102 -117
v 87 102 -70
s 87 103 -84
v 87 103 314
s 87 104 -74
v 87 104 -432
s 87 105 -145
v 87 105 579
s 87 106 -97
v 87 106 340
s 87 107 -25
v 87 107 171
s 87 108 -109
v 87 108 -301
s 87 109 387
v 87 109 27
s 87 110 -367
s 87 111 -74
v 87 111 -298
s 87 112 -70
v 87 112 -292
s 87 113 -25
v 87 113 -71
s 87 114 140
v 87 114 7
s 87 119 25
v 87 119 -714
s 87 120 90
v 87 120 7
s 87 121 -55
v 87 121 74
s 87 123 -258
v 87 123 -46
s 87 126 -97
v 87 126 133
s 87 128 64
v 87 128 -162
s 87 129 -293
v 87 129 521
s 87 131 -11
v 87 131 67
s 87 135 -196
v 87 135 784
s 87 136 137
v 87 136 -467
s 87 137 8
v 87 137 489
s 87 138 -108
v 87 138 -415
v 87 145 -53
s 87 155 39
v 87 155 44
s 88 89 -13
v 88 89 175
s 88 90 85
v 88 90 315
s 88 91 -20
v 88 91 -71
s 88 92 -113
v 88 92 402
s 88 93 -137
v 88 93 -33
s 88 94 -7
v 88 94 323
s 88 95 -35
v 88 95 -279
s 88 96 123
v 88 96 -422
s 88 97 372
v 88 97 -846
s 88 98 -55
v 88 98 355
s 88 99 110
v 88 99 192
s 88 100 43
v 88 100 165
s 88 101 -417
v 88 101 -99
s 88 102 -25
v 88 102 -36
s 88 103 -56
v 88 103 181
s 88 104 -250
v 88 104 -326
s 88 105 177
v 88 105 629
s 88 106 337
v 88 106 -466
s 88 107 95
v 88 107 -33
s 88 108 46
v 88 108 301
s 88 109 50
v 88 109 238
s 88 110 217
v 88 110 -298
s 88 111 -128
v 88 111 259
s 88 112 -273
v 88 112 96
s 88 113 137
v 88 113 -26
s 88 114 191
v 88 114 183
s 88 119 -138
v 88 119 -23
s 88 120 150
v 88 120 -863
s 88 121 -50
v 88 121 28
s 88 123 -73
v 88 123 -254
s 88 126 33
v 88 126 220
s 88 128 -86
v 88 128 -230
s 88 129 -166
v 88 129 115
s 88 131 155
v 88 131 -519
s 88 135 57
v 88 135 723
s 88 136 105
v 88 136 160
s 88 137 -201
v 88 137 337
s 88 138 135
v 88 138 162
s 88 145 -97
v 88 145 -139
s 88 155 32
v 88 155 -204
s 89 90 -14
v 89 90 27
v 89 91 43
s 89 92 14
v 89 92 -8
v 89 93 40
s 89 94 -7
v 89 94 63
s 89 95 9
v 89 95 -39
s 89 96 -88
v 89 96 -95
s 89 97 -99
v 89 97 33
s 89 98 77
v 89 98 -39
s 89 99 7
v 89 99 82
s 89 100 -22
v 89 100 183
s 89 101 76
v 89 101 23
s 89 102 -26
v 89 102 -41
s 89 103 -29
v 89 103 5
s 89 104 -105
v 89 104 -194
s 89 105 -86
v 89 105 129
s 89 106 -113
v 89 106 89
s 89 107 -29
v 89 107 -20
s 89 108 38
v 89 108 57
s 89 109 12
v 89 109 112
s 89 110 43
v 89 110 -223
s 89 111 -23
v 89 111 31
s 89 112 113
v 89 112 123
s 89 113 36
v 89 113 -53
s 89 114 13
v 89 114 205
s 89 119 70
v 89 119 95
s 89 120 56
v 89 120 102
s 89 121 -83
v 89 121 38
s 89 123 -9
v 89 123 -195
v 89 126 45
s 89 128 63
v 89 128 -133
v 89 129 -9
v 89 131 24
s 89 135 118
v 89 135 -176
s 89 136 36
v 89 136 21
s 89 137 9
v 89 137 35
s 89 138 -22
v 89 138 -80
s 89 145 29
v 89 145 -217
s 89 155 -12
v 89 155 10
s 90 91 50
v 90 91 -71
s 90 92 8
v 90 92 -127
s 90 93 111
v 90 93 -243
v 90 94 -116
s 90 95 9
v 90 95 170
s 90 96 -108
v 90 96 91
s 90 97 -59
v 90 97 -356
s 90 98 128
v 90 98 103
s 90 99 129
v 90 99 -17
s 90 100 123
v 90 100 -389
s 90 101 -129
v 90 101 -379
s 90 102 -121
v 90 102 -60
v 90 103 -17
s 90 104 -32
v 90 104 -84
s 90 105 -326
v 90 105 274
s 90 106 24
v 90 106 111
s 90 107 64
v 90 107 102
s 90 108 32
v 90 108 -103
s 90 109 65
v 90 109 -16
s 90 110 -73
v 90 110 63
s 90 111 111
v 90 111 236
s 90 112 135
v 90 112 7
s 90 113 -68
v 90 113 55
s 90 114 13
v 90 114 -28
s 90 119 -234
v 90 119 327
s 90 120 121
v 90 120 82
s 90 121 68
v 90 121 226
s 90 123 130
v 90 123 -116
s 90 126 74
v 90 126 -136
s 90 128 -108
v 90 128 -378
s 90 129 -116
v 90 129 76
s 90 131 -114
v 90 131 64
s 90 135 66
v 90 135 585
s 90 136 168
v 90 136 -120
s 90 137 62
v 90 137 -45
s 90 138 -20
v 90 138 245
s 90 145 114
v 90 145 256
s 90 155 77
v 90 155 203
s 91 92 70
v 91 92 70
s 91 93 298
v 91 93 -50
s 91 94 -203
v 91 94 196
s 91 95 54
v 91 95 -76
s 91 96 -19
v 91 96 256
s 91 97 7
v 91 97 -220
s 91 98 60
v 91 98 199
s 91 99 113
v 91 99 76
s 91 100 -44
v 91 100 -26
s 91 101 165
v 91 101 -98
v 91 102 47
s 91 103 58
v 91 103 93
s 91 104 -234
v 91 104 72
s 91 105 77
v 91 105 -12
s 91 106 109
v 91 106 13
s 91 107 -89
v 91 107 223
s 91 108 229
v 91 108 -294
v 91 109 -141
s 91 110 -38
s 91 111 27
v 91 111 67
s 91 112 27
v 91 112 116
s 91 113 115
v 91 113 -36
s 91 114 48
v 91 114 108
s 91 119 98
v 91 119 90
s 91 120 43
v 91 120 -201
s 91 121 58
v 91 121 -183
s 91 123 -22
v 91 123 -285
s 91 126 -29
v 91 126 -39
s 91 128 -171
v 91 128 -72
s 91 129 -262
v 91 129 -210
s 91 131 -184
v 91 131 -267
s 91 135 177
v 91 135 -264
s 91 136 296
v 91 136 -211
s 91 137 -17
v 91 137 -66
s 91 138 137
v 91 138 133
s 91 145 61
v 91 145 -213
s 91 155 -12
v 91 155 321
s 92 93 -47
s 92 94 -15
v 92 94 -195
s 92 95 8
v 92 95 -49
s 92 96 -29
v 92 96 140
s 92 97 -65
v 92 97 93
s 92 98 6
v 92 98 109
s 92 99 -23
v 92 99 121
s 92 100 -62
v 92 100 -219
s 92 101 270
v 92 101 16
s 92 102 -83
v 92 102 71
s 92 103 -28
v 92 103 5
s 92 104 -38
v 92 104 -204
s 92 105 -58
v 92 105 -96
s 92 106 46
v 92 106 -13
s 92 107 89
v 92 107 66
s 92 108 -36
v 92 108 -24
s 92 109 -175
v 92 109 15
s 92 110 -64
v 92 110 152
s 92 111 -39
v 92 111 30
s 92 112 -37
v 92 112 128
s 92 113 -68
v 92 113 356
s 92 114 82
v 92 114 -184
s 92 119 51
v 92 119 -97
s 92 120 -71
v 92 120 -37
s 92 121 -147
v 92 121 -37
s 92 123 218
v 92 123 -37
s 92 126 -55
v 92 126 118
s 92 128 91
v 92 128 460
s 92 129 -60
v 92 129 -220
s 92 131 45
v 92 131 -90
s 92 135 -39
v 92 135 34
s 92 136 -11
v 92 136 -273
s 92 137 71
v 92 137 108
s 92 138 -47
v 92 138 93
s 92 145 -81
v 92 145 -11
s 92 155 -13
v 92 155 -8
s 93 94 101
v 93 94 502
s 93 95 8
v 93 95 -89
s 93 96 37
v 93 96 97
s 93 97 -130
v 93 97 -200
s 93 98 -351
v 93 98 -380
s 93 99 114
v 93 99 1574
s 93 100 -289
v 93 100 -144
s 93 101 201
v 93 101 -313
s 93 102 -25
v 93 102 311
s 93 103 71
v 93 103 -286
s 93 104 -56
v 93 104 -65
s 93 105 -311
v 93 105 -1386
s 93 106 193
v 93 106 1125
s 93 107 112
v 93 107 480
s 93 108 -21
v 93 108 -50
s 93 109 96
v 93 109 377
s 93 110 -125
v 93 110 16
s 93 111 -292
v 93 111 -72
s 93 112 372
v 93 112 15
s 93 113 -99
v 93 113 303
s 93 114 201
v 93 114 504
s 93 119 236
v 93 119 -410
s 93 120 -54
v 93 120 24
s 93 121 -39
v 93 121 -1390
s 93 123 110
v 93 123 -139
s 93 126 190
v 93 126 542
s 93 128 71
v 93 128 -491
s 93 129 30
v 93 129 -347
s 93 131 -62
v 93 131 -232
s 93 135 -38
v 93 135 -872
s 93 136 -271
v 93 136 -286
s 93 137 -303
v 93 137 -85
s 93 138 41
v 93 138 -514
s 93 145 196
s 93 155 55
v 93 155 -267
s 94 95 -27
v 94 95 -109
v 94 96 -169
s 94 97 -53
v 94 97 70
s 94 98 -8
v 94 98 74
s 94 99 -25
v 94 99 -122
s 94 100 84
v 94 100 -104
s 94 101 106
v 94 101 516
s 94 102 -12
v 94 102 -67
s 94 103 7
v 94 103 72
s 94 104 -144
v 94 104 -150
s 94 105 173
v 94 105 309
s 94 106 -114
v 94 106 -190
s 94 107 -10
v 94 107 9
s 94 108 58
v 94 108 -38
s 94 109 -24
v 94 109 -90
s 94 110 -38
v 94 110 17
s 94 111 80
v 94 111 220
s 94 112 -178
v 94 112 -65
s 94 113 -91
v 94 113 -241
s 94 114 -25
v 94 114 -253
s 94 119 -112
v 94 119 -88
s 94 120 41
v 94 120 20
v 94 121 -248
s 94 123 93
v 94 123 42
s 94 126 -39
v 94 126 81
s 94 128 -9
v 94 128 -76
s 94 129 149
v 94 129 -32
s 94 131 80
v 94 131 12
s 94 135 -144
v 94 135 -75
s 94 136 27
v 94 136 -182
s 94 137 -122
v 94 137 -39
s 94 138 -16
v 94 138 -11
s 94 145 7
v 94 145 69
s 94 155 -6
s 95 96 213
v 95 96 -284
s 95 97 111
v 95 97 -207
s 95 98 -11
v 95 98 36
s 95 99 -12
v 95 99 -9
s 95 100 -37
v 95 100 37
s 95 101 32
v 95 101 -255
s 95 102 28
v 95 102 -158
s 95 103 -9
v 95 103 -13
s 95 104 85
v 95 104 319
s 95 105 -43
v 95 105 96
s 95 106 11
v 95 106 82
s 95 107 26
v 95 107 239
s 95 108 51
v 95 108 -20
s 95 109 -45
v 95 109 78
s 95 110 119
v 95 110 151
s 95 111 11
v 95 111 -61
s 95 112 -30
v 95 112 -57
s 95 113 100
v 95 113 -89
s 95 114 47
v 95 114 110
s 95 119 -44
v 95 119 -9
s 95 120 -85
v 95 120 31
s 95 121 -161
v 95 121 15
s 95 123 -85
v 95 123 -248
s 95 126 143
v 95 126 41
s 95 128 16
v 95 128 -26
s 95 129 43
v 95 129 -112
s 95 131 165
v 95 131 -10
s 95 135 -68
v 95 135 -39
s 95 136 -99
v 95 136 110
s 95 137 19
v 95 137 137
s 95 138 -15
v 95 138 -83
s 95 145 -38
v 95 145 313
s 95 155 -109
v 95 155 -25
s 96 97 32
v 96 97 -121
s 96 98 -12
v 96 98 49
s 96 99 -27
v 96 99 -240
s 96 100 -153
v 96 100 216
s 96 101 -6
v 96 101 99
s 96 102 112
v 96 102 -322
s 96 103 7
v 96 103 -58
s 96 104 -55
v 96 104 305
s 96 105 270
v 96 105 285
s 96 106 -11
v 96 106 -50
s 96 107 121
v 96 107 -129
s 96 108 -20
v 96 108 -554
s 96 109 49
v 96 109 115
s 96 110 -206
v 96 110 168
s 96 111 49
v 96 111 -157
s 96 112 44
v 96 112 43
s 96 113 183
v 96 113 29
s 96 114 -112
v 96 114 -46
s 96 119 190
v 96 119 -186
s 96 120 -104
v 96 120 100
s 96 121 279
v 96 121 -404
s 96 123 76
v 96 123 303
s 96 126 -84
v 96 126 -193
s 96 128 -171
v 96 128 -41
s 96 129 38
v 96 129 225
s 96 131 89
v 96 131 434
s 96 135 -75
v 96 135 264
s 96 136 -195
v 96 136 -209
s 96 137 -138
v 96 137 -139
s 96 138 24
v 96 138 -121
v 96 145 131
s 96 155 -64
v 96 155 -50
s 97 98 -24
v 97 98 -208
s 97 99 -23
v 97 99 -149
v 97 100 206
s 97 101 199
v 97 101 14
s 97 102 -202
v 97 102 -38
s 97 103 25
v 97 103 -147
s 97 104 149
v 97 104 266
s 97 105 146
v 97 105 -60
s 97 106 -152
v 97 106 -555
s 97 107 -314
v 97 107 -130
v 97 108 456
s 97 109 -66
v 97 109 368
s 97 110 122
v 97 110 548
s 97 111 139
v 97 111 781
s 97 112 -207
v 97 112 -225
s 97 113 -155
v 97 113 368
s 97 114 221
s 97 119 93
v 97 119 -378
s 97 120 34
v 97 120 -334
s 97 121 484
v 97 121 -36
s 97 123 -288
v 97 123 436
v 97 126 -46
s 97 128 84
v 97 128 96
s 97 129 16
v 97 129 -235
s 97 131 -78
v 97 131 244
s 97 135 228
v 97 135 -163
s 97 136 -97
v 97 136 411
s 97 137 113
v 97 137 114
s 97 138 98
v 97 138 -47
s 97 145 -158
v 97 145 -196
s 97 155 25
v 97 155 -85
s 98 99 -19
v 98 99 137
s 98 100 170
v 98 100 357
s 98 101 -178
v 98 101 113
s 98 102 -36
v 98 102 -220
s 98 103 58
v 98 103 -27
s 98 104 85
v 98 104 -28
s 98 105 98
v 98 105 -593
s 98 106 122
v 98 106 -482
s 98 107 116
v 98 107 341
s 98 108 -13
v 98 108 -332
s 98 109 138
v 98 109 482
s 98 110 112
v 98 110 108
s 98 111 151
v 98 111 229
s 98 112 93
v 98 112 531
s 98 113 65
v 98 113 -83
s 98 114 -69
v 98 114 448
s 98 119 -38
v 98 119 299
s 98 120 13
v 98 120 425
s 98 121 -118
v 98 121 -233
s 98 123 -107
v 98 123 700
s 98 126 -58
v 98 126 31
s 98 128 14
v 98 128 270
s 98 129 -7
v 98 129 -64
s 98 131 -31
s 98 135 34
v 98 135 406
s 98 136 61
v 98 136 107
s 98 137 -93
v 98 137 -107
s 98 138 -67
v 98 138 140
v 98 145 -183
s 98 155 31
v 98 155 109
s 99 100 64
v 99 100 -219
s 99 101 -7
v 99 101 263
s 99 102 -24
v 99 102 132
s 99 103 11
s 99 104 8
v 99 104 -665
s 99 105 -71
v 99 105 485
s 99 106 -14
v 99 106 102
s 99 107 47
v 99 107 -117
s 99 108 -27
v 99 108 -78
s 99 109 -70
v 99 109 296
s 99 110 46
v 99 110 34
s 99 111 -55
v 99 111 -209
s 99 112 327
v 99 112 192
s 99 113 -12
v 99 113 20
s 99 114 -41
v 99 114 -150
s 99 119 36
v 99 119 -527
s 99 120 66
v 99 120 178
s 99 121 264
v 99 121 367
s 99 123 36
v 99 123 -777
s 99 126 16
v 99 126 111
s 99 128 47
v 99 128 332
s 99 129 -7
v 99 129 129
s 99 131 -126
v 99 131 -219
s 99 135 -148
v 99 135 326
s 99 136 30
v 99 136 -50
s 99 137 -8
v 99 137 -332
s 99 138 -27
v 99 138 -82
s 99 145 38
v 99 145 237
s 99 155 74
v 99 155 14
s 100 101 -58
v 100 101 273
s 100 102 33
v 100 102 212
s 100 103 -30
v 100 103 60
s 100 104 -197
v 100 104 779
s 100 105 -59
v 100 105 -69
s 100 106 -88
v 100 106 -174
s 100 107 -231
v 100 107 29
s 100 108 128
v 100 108 -76
s 100 109 125
v 100 109 -196
s 100 110 105
v 100 110 -429
s 100 111 52
v 100 111 307
s 100 112 71
v 100 112 -14
s 100 113 60
v 100 113 317
s 100 114 106
v 100 114 -386
s 100 119 -167
v 100 119 -93
s 100 120 38
v 100 120 32
s 100 121 -43
v 100 121 265
s 100 123 33
v 100 123 33
v 100 126 172
s 100 128 77
v 100 128 -204
s 100 129 272
v 100 129 124
s 100 131 153
v 100 131 234
s 100 135 250
v 100 135 -88
s 100 136 -102
v 100 136 510
v 100 137 155
s 100 138 48
v 100 138 29
s 100 145 -73
v 100 145 103
s 100 155 82
v 100 155 -359
s 101 102 16
v 101 102 153
s 101 103 12
v 101 103 130
s 101 104 283
v 101 104 -280
s 101 105 -126
v 101 105 192
s 101 106 123
v 101 106 445
s 101 107 229
v 101 107 333
s 101 108 60
v 101 108 273
s 101 109 -43
v 101 109 265
s 101 110 -43
v 101 110 57
s 101 111 12
v 101 111 -419
s 101 112 36
v 101 112 145
s 101 113 -358
v 101 113 457
s 101 114 -180
v 101 114 148
s 101 119 34
v 101 119 41
s 101 120 -173
v 101 120 24
s 101 121 -405
v 101 121 -504
s 101 123 272
v 101 123 106
s 101 126 -37
v 101 126 -92
s 101 128 79
v 101 128 436
s 101 129 84
v 101 129 -204
s 101 131 94
v 101 131 -110
s 101 135 -366
v 101 135 92
s 101 136 72
v 101 136 41
s 101 137 125
v 101 137 569
s 101 138 -133
v 101 138 136
s 101 145 -33
v 101 145 13
s 101 155 47
v 101 155 62
s 102 103 -12
v 102 103 64
s 102 104 -31
v 102 104 -267
s 102 105 70
v 102 105 -387
s 102 106 -66
v 102 106 94
s 102 107 -31
v 102 107 117
s 102 108 -154
v 102 108 -60
s 102 109 60
v 102 109 344
s 102 110 -26
v 102 110 28
s 102 111 -89
v 102 111 48
s 102 112 43
v 102 112 -19
s 102 113 -36
v 102 113 16
s 102 114 53
v 102 114 41
s 102 119 202
v 102 119 69
s 102 120 -98
v 102 120 -132
s 102 121 -17
v 102 121 128
s 102 123 -115
v 102 123 -325
s 102 126 -54
v 102 126 144
s 102 128 -76
v 102 128 -226
s 102 129 117
v 102 129 422
s 102 131 -67
v 102 131 607
s 102 135 -47
v 102 135 -76
s 102 136 11
v 102 136 333
s 102 137 -10
v 102 137 -382
s 102 138 32
v 102 138 87
s 102 145 11
v 102 145 228
s 102 155 -7
v 102 155 133
s 103 104 18
v 103 104 -291
s 103 105 -48
v 103 105 73
s 103 106 71
v 103 106 32
s 103 107 -11
v 103 107 -71
s 103 108 -16
v 103 108 -24
s 103 109 50
v 103 109 -135
s 103 110 37
v 103 110 93
s 103 111 14
v 103 111 32
s 103 112 -51
v 103 112 43
v 103 113 -17
s 103 114 -29
v 103 114 -38
s 103 119 23
v 103 119 49
s 103 120 31
v 103 120 -66
s 103 121 -53
v 103 121 166
s 103 123 66
v 103 123 133
s 103 126 42
v 103 126 86
s 103 128 -62
v 103 128 32
s 103 129 -37
v 103 131 81
s 103 135 40
v 103 135 222
s 103 136 -52
v 103 136 51
s 103 137 -20
s 103 138 6
v 103 138 -63
s 103 145 23
v 103 145 -96
s 103 155 15
v 103 155 -82
s 104 105 128
v 104 105 -858
s 104 106 122
v 104 106 543
s 104 107 -122
v 104 107 -19
s 104 108 50
v 104 108 687
s 104 109 18
v 104 109 561
s 104 110 182
v 104 110 69
v 104 111 -541
s 104 112 -33
v 104 112 -634
s 104 113 375
v 104 113 879
s 104 114 -284
v 104 114 -129
s 104 119 -231
v 104 119 847
s 104 120 32
v 104 120 569
s 104 121 -81
v 104 121 31
s 104 123 611
v 104 123 -263
s 104 126 -247
v 104 126 88
s 104 128 280
v 104 128 -482
s 104 129 -178
v 104 129 -27
s 104 131 -49
v 104 131 -394
s 104 135 -224
v 104 135 -695
s 104 136 27
v 104 136 -82
s 104 137 34
v 104 137 13
s 104 138 -56
v 104 138 -176
s 104 145 -69
v 104 145 304
s 104 155 198
v 104 155 196
s 105 106 145
v 105 106 318
s 105 107 -345
v 105 107 -191
s 105 108 -36
v 105 108 17
s 105 109 -297
v 105 109 573
s 105 110 -49
v 105 110 -271
s 105 111 180
v 105 111 -265
v 105 112 325
s 105 113 177
v 105 113 -17
s 105 114 -198
v 105 114 149
s 105 119 11
v 105 119 262
s 105 120 7
v 105 120 -43
s 105 121 -130
v 105 121 -565
s 105 123 -120
v 105 123 27
s 105 126 184
v 105 126 479
s 105 128 82
v 105 128 208
s 105 129 -457
v 105 129 359
s 105 131 -139
v 105 131 251
s 105 135 -210
v 105 135 879
s 105 136 -130
v 105 136 557
s 105 137 163
v 105 137 -196
s 105 138 44
v 105 138 112
s 105 145 11
v 105 145 583
s 105 155 110
v 105 155 30
s 106 107 55
v 106 107 608
s 106 108 -87
v 106 108 -48
s 106 109 282
v 106 109 430
s 106 110 -185
v 106 110 -24
s 106 111 -36
v 106 111 -1215
s 106 112 18
v 106 112 -435
s 106 113 -76
v 106 113 -437
s 106 114 146
v 106 114 -767
s 106 119 -242
v 106 119 -92
s 106 120 51
v 106 120 85
s 106 121 106
v 106 121 -190
s 106 123 387
v 106 123 300
v 106 126 131
s 106 128 151
v 106 128 -90
s 106 129 -252
v 106 129 177
s 106 131 -115
v 106 131 399
s 106 135 -105
v 106 135 360
s 106 136 -35
v 106 136 87
s 106 137 -159
v 106 137 -94
s 106 138 128
v 106 138 -86
s 106 145 63
v 106 145 64
s 106 155 218
v 106 155 118
s 107 108 -26
v 107 108 18
s 107 109 86
v 107 109 -53
s 107 110 -75
v 107 110 125
s 107 111 -42
v 107 111 -355
s 107 112 -56
v 107 112 -250
s 107 113 -52
v 107 113 210
s 107 114 -139
v 107 114 108
s 107 119 -29
v 107 119 -171
s 107 120 -42
v 107 120 -42
s 107 121 266
v 107 121 63
s 107 123 -310
v 107 123 338
s 107 126 -80
v 107 126 124
s 107 128 126
v 107 128 53
s 107 129 -105
v 107 129 255
s 107 131 208
v 107 131 -191
s 107 135 -127
v 107 135 -71
s 107 136 -167
v 107 136 262
s 107 137 104
v 107 137 24
s 107 138 76
v 107 138 205
s 107 145 35
v 107 145 216
v 107 155 -109
s 108 109 -131
v 108 109 320
s 108 110 -28
v 108 110 -5
s 108 111 187
v 108 111 167
s 108 112 -46
v 108 112 -70
s 108 113 -87
v 108 113 199
s 108 114 13
v 108 114 206
s 108 119 -23
v 108 119 -428
s 108 120 136
v 108 120 349
s 108 121 -143
v 108 121 -89
s 108 123 -109
v 108 123 91
s 108 126 -168
v 108 126 237
s 108 128 8
v 108 128 256
s 108 129 61
v 108 129 112
s 108 131 -41
v 108 131 140
s 108 135 -27
v 108 135 209
s 108 136 76
v 108 136 -154
v 108 137 310
s 108 138 140
v 108 138 -133
s 108 145 -43
v 108 145 -123
s 108 155 -34
v 108 155 -108
s 109 110 -117
v 109 110 -560
s 109 111 275
v 109 111 -36
s 109 112 -230
v 109 112 -260
s 109 113 54
v 109 113 -302
s 109 114 101
v 109 114 553
s 109 119 30
v 109 119 -363
s 109 120 21
v 109 120 205
s 109 121 -91
v 109 121 -466
s 109 123 131
v 109 123 -251
s 109 126 -117
v 109 126 194
s 109 128 49
v 109 128 326
s 109 129 43
v 109 129 -195
s 109 131 76
v 109 131 -345
s 109 135 -78
v 109 135 776
s 109 136 -86
v 109 136 262
s 109 137 -35
v 109 137 52
s 109 138 24
v 109 138 -114
s 109 145 68
v 109 145 -119
s 109 155 -93
v 109 155 79
s 110 111 -39
v 110 111 -139
s 110 112 139
v 110 112 635
s 110 113 180
v 110 113 -73
s 110 114 42
v 110 114 355
s 110 119 -45
v 110 119 98
s 110 120 -67
v 110 120 36
s 110 121 -115
v 110 121 -372
s 110 123 -268
v 110 123 -353
s 110 126 -26
v 110 126 -425
s 110 128 -189
v 110 128 -553
s 110 129 128
v 110 129 203
s 110 131 -238
v 110 131 -458
s 110 135 31
v 110 135 658
s 110 136 89
v 110 136 -305
s 110 137 -143
v 110 137 241
s 110 138 -36
v 110 138 -174
s 110 145 -75
v 110 145 142
s 110 155 -29
v 110 155 137
s 111 112 -189
v 111 112 -112
s 111 113 -30
v 111 113 422
s 111 114 106
v 111 114 48
s 111 119 -150
v 111 119 404
s 111 120 -80
v 111 120 -443
s 111 121 -48
v 111 121 -88
s 111 123 187
v 111 123 322
s 111 126 -18
v 111 126 457
s 111 128 -49
v 111 128 29
s 111 129 -58
v 111 129 -336
s 111 131 -19
v 111 131 -187
s 111 135 68
v 111 135 -87
s 111 136 -39
v 111 136 -520
s 111 137 111
v 111 137 326
s 111 138 -192
v 111 138 23
s 111 145 291
v 111 145 -357
s 111 155 17
v 111 155 90
s 112 113 71
v 112 113 254
s 112 114 468
v 112 114 -254
s 112 119 56
v 112 119 -187
s 112 120 -99
v 112 120 87
s 112 121 23
v 112 121 78
s 112 123 -126
v 112 123 -717
s 112 126 6
v 112 126 -428
s 112 128 -40
v 112 128 -307
s 112 129 151
v 112 129 -103
s 112 131 138
v 112 131 -117
v 112 135 586
s 112 136 54
v 112 136 852
s 112 137 -54
v 112 137 -395
s 112 138 -205
v 112 138 18
s 112 145 -211
v 112 145 -219
s 112 155 6
v 112 155 14
s 113 114 51
v 113 114 237
s 113 119 33
v 113 119 -79
s 113 120 65
v 113 120 139
s 113 121 -35
v 113 121 301
s 113 123 197
v 113 123 416
s 113 126 17
v 113 126 -315
s 113 128 145
v 113 128 -138
s 113 129 -182
v 113 129 20
s 113 131 -99
v 113 131 229
s 113 135 33
v 113 135 335
s 113 136 -65
v 113 136 -218
s 113 137 10
v 113 137 271
s 113 138 -20
v 113 138 26
s 113 145 43
v 113 145 59
s 113 155 -121
v 113 155 -173
s 114 119 -88
v 114 119 -493
s 114 120 153
v 114 120 504
s 114 121 -186
v 114 121 87
s 114 123 99
v 114 123 -240
s 114 126 75
v 114 126 149
s 114 128 -96
v 114 128 -580
s 114 129 -31
v 114 129 142
s 114 131 -174
v 114 131 -153
s 114 135 91
v 114 135 111
s 114 136 -194
v 114 136 289
s 114 137 13
v 114 137 69
s 114 138 -19
v 114 138 -137
s 114 145 83
v 114 145 119
s 114 155 -51
v 114 155 -54
s 119 120 5
v 119 120 228
s 119 121 71
v 119 121 161
s 119 123 -291
v 119 123 -51
s 119 126 -61
v 119 126 215
s 119 128 72
v 119 128 -237
s 119 129 77
v 119 129 13
s 119 131 60
v 119 131 -261
s 119 135 173
v 119 135 -138
s 119 136 172
v 119 136 290
s 119 137 105
v 119 137 -9
s 119 138 -6
v 119 138 -259
s 119 145 -10
v 119 145 -114
s 119 155 -14
v 119 155 -189
s 120 121 163
v 120 121 -74
s 120 123 24
v 120 123 6
s 120 126 -19
v 120 126 374
s 120 128 -119
v 120 128 -288
s 120 129 -56
v 120 129 -79
s 120 131 -11
v 120 131 268
s 120 135 -178
v 120 135 198
s 120 136 104
v 120 136 -70
s 120 137 -101
v 120 137 -184
s 120 138 183
v 120 138 -79
s 120 145 -64
v 120 145 230
s 120 155 55
v 120 155 -121
s 121 123 6
v 121 123 -369
s 121 126 185
v 121 126 523
s 121 128 135
v 121 128 -540
s 121 129 64
v 121 129 75
s 121 131 -35
v 121 131 -538
s 121 135 -31
v 121 135 -338
s 121 136 128
v 121 136 -293
s 121 137 242
v 121 137 600
s 121 138 8
v 121 138 -250
s 121 145 80
v 121 145 176
s 121 155 -102
v 121 155 151
s 123 126 148
v 123 126 -189
s 123 128 90
v 123 128 62
s 123 129 -132
v 123 129 -532
s 123 131 -12
v 123 131 -290
s 123 135 39
v 123 135 -112
s 123 136 91
v 123 136 28
s 123 137 -232
v 123 137 -619
s 123 138 -41
v 123 138 78
s 123 145 -99
v 123 145 235
s 123 155 94
v 123 155 160
s 126 128 39
s 126 129 17
v 126 129 316
s 126 131 89
v 126 131 -143
s 126 135 -119
v 126 135 -143
s 126 136 -180
v 126 136 -262
s 126 137 72
v 126 137 -190
s 126 138 147
v 126 138 -69
s 126 145 -103
v 126 145 215
s 126 155 -101
v 126 155 54
v 128 129 -61
s 128 131 -155
v 128 131 244
s 128 135 -232
v 128 135 882
s 128 136 -73
v 128 136 -40
s 128 137 -217
v 128 137 -340
s 128 138 -113
v 128 138 123
s 128 145 105
v 128 145 267
s 128 155 -152
v 128 155 46
s 129 131 -75
v 129 131 -193
s 129 135 74
v 129 135 104
s 129 136 -31
v 129 136 204
s 129 137 102
v 129 137 227
s 129 138 109
v 129 138 -82
s 129 145 -125
v 129 145 311
s 129 155 -17
v 129 155 -143
s 131 135 -132
v 131 135 408
s 131 136 346
v 131 136 -326
s 131 137 -177
v 131 137 -184
s 131 138 -39
v 131 138 5
s 131 145 34
v 131 145 -68
s 131 155 -50
v 131 155 -104
s 135 136 59
v 135 136 148
s 135 137 157
v 135 137 105
v 135 138 -212
s 135 145 -127
v 135 145 -351
s 135 155 119
v 135 155 -113
s 136 137 -57
v 136 137 -104
s 136 138 95
v 136 138 63
s 136 145 85
v 136 145 -212
s 136 155 -59
v 136 155 88
s 137 138 -20
v 137 138 294
s 137 145 73
v 137 145 -199
s 137 155 54
v 137 155 -30
s 138 145 -47
v 138 145 93
s 138 155 77
v 145 155 -44
